timestamp,symbol,session,split,regime,spike_direction,fade_direction,range_pctile,spike_range,atr_stage8,spike_over_atr,L,reclaim_dist_spk,reclaim_dist_atr2,time_to_reclaim,reaction_opp,acc1,acc2,reclaim2,fade_entry_x0.6,fade_sl_spike,fade_R_pts,fade_MFE_R,fade_MAE_R,fade_r1,fade_r2,fade_r3
2026-07-13T10:25:00,NIFTY,2026-07-13,train,TREND_UP,LONG,SHORT,0.9286,35.05,20.8893,1.678,24126.1,0.0,0.0,5,False,True,True,False,,24152.85,,,,,,
2026-07-13T12:10:00,NIFTY,2026-07-13,train,TREND_UP,LONG,SHORT,1.0,41.95,16.6821,2.515,24161.0,0.0,0.0,,False,True,True,False,,24194.0,,,,,,
2026-07-13T12:50:00,NIFTY,2026-07-13,train,TREND_UP,LONG,SHORT,1.0,45.85,19.275,2.379,24219.6,0.193,0.459,2,True,True,False,True,,24257.85,,,,,,
2026-07-13T13:25:00,NIFTY,2026-07-13,train,TREND_UP,SHORT,LONG,0.96,38.5,18.525,2.078,24197.75,0.006,0.013,2,True,True,False,True,,24164.4,,,,,,
2026-07-14T14:55:00,NIFTY,2026-07-14,train,CHOP,LONG,SHORT,0.9118,26.85,15.7893,1.701,24039.6,0.0,0.0,,False,True,True,False,,24051.9,,,,,,
2026-07-15T14:35:00,NIFTY,2026-07-15,train,CHOP,LONG,SHORT,0.9375,28.7,18.3643,1.563,24099.35,0.587,0.918,2,True,True,False,True,,24104.7,,,,,,
2026-07-16T15:00:00,NIFTY,2026-07-16,train,TREND_DOWN,SHORT,LONG,1.0,55.6,17.3964,3.196,24092.3,0.0,0.0,,True,True,True,False,,24067.0,,,,,,
2026-07-17T10:15:00,NIFTY,2026-07-17,train,TREND_UP,LONG,SHORT,0.9167,39.45,20.6846,1.907,24248.35,0.0,0.0,,True,True,True,False,,24278.8,,,,,,
2026-07-17T11:05:00,NIFTY,2026-07-17,train,TREND_UP,SHORT,LONG,0.9091,27.95,19.7393,1.416,24247.0,0.0,0.0,5,False,True,True,False,,24235.6,,,,,,
2026-07-17T14:10:00,NIFTY,2026-07-17,train,TREND_UP,LONG,SHORT,0.9661,28.95,15.3393,1.887,24273.1,0.0,0.0,,False,True,True,False,,24282.7,,,,,,
2026-07-20T12:55:00,NIFTY,2026-07-20,train,CHOP,LONG,SHORT,0.9535,25.25,15.2929,1.651,24163.35,0.0,0.0,,False,True,True,False,,24189.25,,,,,,
2026-07-20T13:10:00,NIFTY,2026-07-20,train,CHOP,LONG,SHORT,1.0,46.1,16.6893,2.762,24217.76,0.0,0.0,,True,True,True,False,,24224.55,,,,,,
2026-07-21T12:55:00,NIFTY,2026-07-21,train,TREND_DOWN,SHORT,LONG,0.9302,22.15,10.5214,2.105,24158.35,0.0,0.0,5,False,True,True,False,,24150.25,,,,,,
2026-07-21T13:55:00,NIFTY,2026-07-21,train,TREND_DOWN,SHORT,LONG,0.9273,21.3,12.4464,1.711,24177.4,0.0,0.0,,True,True,True,False,,24159.45,,,,,,
2026-07-23T12:10:00,NIFTY,2026-07-23,train,CHOP,SHORT,LONG,0.9714,26.8,13.5964,1.971,23939.41,0.0,0.0,,True,True,True,False,,23933.2,,,,,,
2026-07-23T12:40:00,NIFTY,2026-07-23,train,CHOP,SHORT,LONG,0.9756,29.95,16.3643,1.83,23880.75,0.0,0.0,,False,True,True,False,,23855.4,,,,,,
2026-07-23T13:35:00,NIFTY,2026-07-23,train,CHOP,LONG,SHORT,0.9423,27.85,15.1036,1.844,23841.35,0.0,0.0,,True,True,True,False,,23856.55,,,,,,
2026-07-23T14:35:00,NIFTY,2026-07-23,train,CHOP,SHORT,LONG,1.0,39.5,16.9607,2.329,23853.65,0.0,0.0,,False,True,True,False,,23851.6,,,,,,
2026-07-24T11:15:00,NIFTY,2026-07-24,train,CHOP,LONG,SHORT,0.9167,28.8,12.8964,2.233,23633.75,0.0,0.0,,False,True,True,False,,23653.65,,,,,,
2026-07-24T12:25:00,NIFTY,2026-07-24,train,CHOP,LONG,SHORT,0.9737,44.05,16.1643,2.725,23755.2,0.0,0.0,,True,True,True,False,,23782.5,,,,,,
2026-07-24T13:00:00,NIFTY,2026-07-24,train,CHOP,SHORT,LONG,0.9111,27.25,18.8607,1.445,23791.4,0.035,0.05,3,False,True,True,False,,23772.4,,,,,,
2026-07-24T15:00:00,NIFTY,2026-07-24,train,CHOP,SHORT,LONG,0.942,30.25,18.1679,1.665,23761.35,0.398,0.663,2,True,True,False,True,,23747.65,,,,,,
2026-07-27T10:55:00,NIFTY,2026-07-27,train,TREND_UP,LONG,SHORT,0.9,25.45,18.3,1.391,23927.25,0.128,0.178,3,True,True,True,False,,23938.1,,,,,,
2026-07-28T13:50:00,NIFTY,2026-07-28,train,CHOP,LONG,SHORT,0.9636,26.95,11.9821,2.249,23992.05,0.0,0.0,5,True,True,True,False,,24008.5,,,,,,
2026-07-30T12:30:00,NIFTY,2026-07-30,train,TREND_UP,LONG,SHORT,1.0,63.9,12.5357,5.097,24284.15,0.0,0.0,,True,True,True,False,,24326.85,,,,,,
2026-07-30T13:10:00,NIFTY,2026-07-30,train,TREND_UP,SHORT,LONG,0.9574,30.15,16.3964,1.839,24279.2,0.068,0.125,2,False,True,False,True,,24252.2,,,,,,
2026-07-30T14:30:00,NIFTY,2026-07-30,train,TREND_UP,LONG,SHORT,0.9524,24.8,13.9179,1.782,24241.05,0.0,0.0,,False,True,True,False,,24253.55,,,,,,
2026-07-30T15:00:00,NIFTY,2026-07-30,train,TREND_UP,LONG,SHORT,0.9565,28.35,15.9393,1.779,24282.3,0.0,0.0,,False,True,True,False,,24298.6,,,,,,
2026-07-31T13:30:00,NIFTY,2026-07-31,train,CHOP,SHORT,LONG,0.9216,21.75,10.9964,1.978,24413.1,0.0,0.0,,True,True,True,False,,24398.05,,,,,,
2026-07-31T14:30:00,NIFTY,2026-07-31,train,CHOP,SHORT,LONG,0.9683,26.3,12.9464,2.031,24390.4,0.0,0.0,,True,True,True,False,,24374.4,,,,,,
2026-07-31T15:00:00,NIFTY,2026-07-31,train,CHOP,LONG,SHORT,0.9275,21.85,13.9679,1.564,24374.15,0.0,0.0,5,False,True,True,False,,24385.3,,,,,,
2026-08-04T10:20:00,NIFTY,2026-08-04,train,CHOP,SHORT,LONG,1.0,20.5,13.5679,1.511,24609.2,0.0,0.0,,True,True,True,False,,24597.05,,,,,,
2026-08-04T11:45:00,NIFTY,2026-08-04,train,CHOP,SHORT,LONG,1.0,21.75,8.9393,2.433,24555.3,0.0,0.0,,True,True,True,False,,24531.0,,,,,,
2026-08-04T13:25:00,NIFTY,2026-08-04,train,CHOP,SHORT,LONG,0.96,19.9,10.7643,1.849,24475.75,0.0,0.0,,False,True,True,False,,24470.1,,,,,,
2026-08-04T13:50:00,NIFTY,2026-08-04,train,CHOP,SHORT,LONG,1.0,24.6,12.1643,2.022,24453.4,0.0,0.0,4,True,True,True,False,,24442.5,,,,,,
2026-08-04T14:20:00,NIFTY,2026-08-04,train,CHOP,SHORT,LONG,0.9836,23.6,14.2429,1.657,24500.68,0.0,0.0,,False,True,True,False,,24468.35,,,,,,
2026-08-05T10:55:00,NIFTY,2026-08-05,val,CHOP,LONG,SHORT,0.95,27.5,20.4786,1.343,24633.22,0.143,0.191,2,False,True,False,True,,24644.65,,,,,,
2026-08-05T11:05:00,NIFTY,2026-08-05,val,CHOP,SHORT,LONG,0.9545,29.55,20.1393,1.467,24643.05,0.0,0.0,,True,True,True,False,,24629.3,,,,,,
2026-08-05T13:20:00,NIFTY,2026-08-05,val,CHOP,SHORT,LONG,0.9388,25.05,14.2893,1.753,24535.8,0.0,0.0,,True,True,True,False,,24523.8,,,,,,
2026-08-06T11:40:00,NIFTY,2026-08-06,val,CHOP,SHORT,LONG,1.0,21.8,11.4107,1.91,24653.5,0.498,0.951,3,True,True,True,False,,24631.35,,,,,,
2026-08-06T11:55:00,NIFTY,2026-08-06,val,CHOP,LONG,SHORT,0.9062,18.9,12.2179,1.547,24649.43,0.269,0.416,3,True,True,True,False,,24664.35,,,,,,
2026-08-06T13:55:00,NIFTY,2026-08-06,val,CHOP,LONG,SHORT,0.9643,24.85,18.5857,1.337,24631.8,0.0,0.0,,False,True,True,False,,24649.0,,,,,,
2026-08-06T14:30:00,NIFTY,2026-08-06,val,CHOP,SHORT,LONG,0.9365,21.95,13.7357,1.598,24655.0,0.0,0.0,,False,True,True,False,,24636.0,,,,,,
2026-08-07T10:15:00,NIFTY,2026-08-07,val,CHOP,SHORT,LONG,0.9167,24.25,14.5538,1.666,24580.45,0.0,0.0,,False,True,True,False,,24572.8,,,,,,
2026-08-07T12:25:00,NIFTY,2026-08-07,val,CHOP,LONG,SHORT,0.9211,20.25,10.7321,1.887,24545.8,0.0,0.0,,False,True,True,False,,24556.55,,,,,,
2026-08-07T13:20:00,NIFTY,2026-08-07,val,CHOP,LONG,SHORT,0.9184,19.65,12.0643,1.629,24565.9,0.916,1.492,2,False,True,False,True,2,24566.0,18.689,0.102,-1.255,-1.257,-1.257,-1.257
2026-08-07T13:45:00,NIFTY,2026-08-07,val,CHOP,LONG,SHORT,0.963,23.4,12.5036,1.871,24549.7,0.0,0.0,4,True,True,True,False,,24571.35,,,,,,
2026-08-07T13:55:00,NIFTY,2026-08-07,val,CHOP,SHORT,LONG,0.9464,22.65,13.8821,1.632,24571.35,0.0,0.0,,False,True,True,False,,24550.2,,,,,,
2026-08-10T10:15:00,NIFTY,2026-08-10,val,CHOP,LONG,SHORT,0.9167,24.0,16.4192,1.462,24547.75,0.0,0.0,,False,True,True,False,,24571.8,,,,,,
2026-08-10T15:05:00,NIFTY,2026-08-10,val,CHOP,SHORT,LONG,0.9143,17.45,10.6429,1.64,24583.0,0.0,0.0,4,True,True,True,False,,24554.45,,,,,,
2026-08-11T12:40:00,NIFTY,2026-08-11,val,TREND_DOWN,LONG,SHORT,0.9512,16.95,8.3679,2.026,24444.9,0.23,0.466,3,False,True,True,False,,24451.75,,,,,,
2026-08-11T14:05:00,NIFTY,2026-08-11,val,TREND_DOWN,LONG,SHORT,0.9655,18.35,12.3036,1.491,24454.9,0.0,0.0,4,False,True,True,False,,24465.35,,,,,,
2026-08-11T14:25:00,NIFTY,2026-08-11,val,TREND_DOWN,SHORT,LONG,0.9032,14.5,12.3143,1.177,24451.1,0.0,0.0,4,False,True,True,False,,24448.15,,,,,,
2026-08-11T15:05:00,NIFTY,2026-08-11,val,TREND_DOWN,SHORT,LONG,0.9714,18.8,10.4929,1.792,24460.85,0.0,0.0,5,True,True,True,False,,24453.55,,,,,,
2026-08-12T10:30:00,NIFTY,2026-08-12,val,CHOP,LONG,SHORT,1.0,25.65,17.0786,1.502,24380.05,0.99,1.487,2,True,True,False,True,3,24397.25,43.369,2.024,-1.875,0.999,1.999,-1.876
2026-08-12T10:55:00,NIFTY,2026-08-12,val,CHOP,SHORT,LONG,1.0,42.5,15.6643,2.713,24354.65,0.0,0.0,,False,True,True,False,,24316.7,,,,,,
2026-08-12T14:30:00,NIFTY,2026-08-12,val,CHOP,LONG,SHORT,0.9841,28.7,9.2929,3.088,24298.95,0.0,0.0,,True,True,True,False,,24327.65,,,,,,
2026-08-12T14:50:00,NIFTY,2026-08-12,val,CHOP,LONG,SHORT,0.9851,38.5,11.8643,3.245,24358.35,0.194,0.628,3,True,True,True,False,,24359.2,,,,,,
2026-08-13T11:55:00,NIFTY,2026-08-13,val,CHOP,LONG,SHORT,0.9688,20.65,9.7071,2.127,24360.55,0.0,0.0,,False,True,True,False,,24376.9,,,,,,
2026-08-13T12:00:00,NIFTY,2026-08-13,val,CHOP,LONG,SHORT,1.0,26.35,11.8571,2.222,24376.9,0.0,0.0,,True,True,True,False,,24413.45,,,,,,
2026-08-13T13:40:00,NIFTY,2026-08-13,val,CHOP,LONG,SHORT,0.9434,20.05,11.9857,1.673,24369.85,0.0,0.0,5,True,True,True,False,,24384.05,,,,,,
2026-08-13T14:05:00,NIFTY,2026-08-13,val,CHOP,SHORT,LONG,0.931,19.6,12.9857,1.509,24374.45,0.145,0.219,3,False,True,True,False,,24359.0,,,,,,
2026-08-14T10:55:00,NIFTY,2026-08-14,val,CHOP,SHORT,LONG,0.9,21.7,11.9036,1.823,24322.84,0.0,0.0,4,True,True,True,False,,24312.45,,,,,,
2026-08-14T13:35:00,NIFTY,2026-08-14,val,CHOP,LONG,SHORT,0.9423,20.25,7.1964,2.814,24348.0,0.0,0.0,,False,True,True,False,,24348.55,,,,,,
2026-08-14T13:45:00,NIFTY,2026-08-14,val,CHOP,LONG,SHORT,1.0,29.85,9.2107,3.241,24358.2,0.0,0.0,,False,True,True,False,,24386.85,,,,,,
2026-08-17T11:50:00,NIFTY,2026-08-17,oos,CHOP,LONG,SHORT,0.9,14.45,7.7286,1.87,24254.5,0.0,0.0,,False,True,True,False,,24270.65,,,,,,
2026-08-17T12:15:00,NIFTY,2026-08-17,oos,CHOP,LONG,SHORT,0.9118,15.2,8.0357,1.892,24286.46,0.0,0.0,,False,True,True,False,,24286.6,,,,,,
2026-08-17T12:45:00,NIFTY,2026-08-17,oos,CHOP,LONG,SHORT,0.95,20.05,9.5214,2.106,24311.0,0.0,0.0,,False,True,True,False,,24326.3,,,,,,
2026-08-17T15:00:00,NIFTY,2026-08-17,oos,CHOP,LONG,SHORT,0.9552,16.6,8.1893,2.027,24343.9,0.247,0.501,3,False,True,True,False,,24352.5,,,,,,
2026-08-18T14:25:00,NIFTY,2026-08-18,oos,TREND_DOWN,LONG,SHORT,0.9839,16.4,8.4786,1.934,24196.75,0.0,0.0,,True,True,True,False,,24199.3,,,,,,
2026-08-18T15:00:00,NIFTY,2026-08-18,oos,TREND_DOWN,SHORT,LONG,0.9855,18.8,9.8107,1.916,24210.35,0.0,0.0,,False,True,True,False,,24207.2,,,,,,
2026-08-19T10:15:00,NIFTY,2026-08-19,oos,CHOP,SHORT,LONG,0.9167,16.2,11.9038,1.361,24085.8,0.0,0.0,,False,True,True,False,,24073.7,,,,,,
2026-08-19T11:45:00,NIFTY,2026-08-19,oos,CHOP,LONG,SHORT,0.9,15.5,9.6929,1.599,24056.85,0.0,0.0,4,False,True,True,False,,24066.7,,,,,,
2026-08-19T12:00:00,NIFTY,2026-08-19,oos,CHOP,SHORT,LONG,0.9697,17.4,9.8357,1.769,24076.85,0.0,0.0,,False,True,True,False,,24063.75,,,,,,
2026-08-20T12:45:00,NIFTY,2026-08-20,oos,CHOP,LONG,SHORT,1.0,27.05,6.8786,3.932,24225.4,0.0,0.0,,False,True,True,False,,24245.2,,,,,,
2026-08-20T14:15:00,NIFTY,2026-08-20,oos,CHOP,LONG,SHORT,0.95,14.4,6.9857,2.061,24224.65,0.0,0.0,,True,True,True,False,,24237.7,,,,,,
2026-08-24T11:00:00,NIFTY,2026-08-24,oos,TREND_DOWN,SHORT,LONG,1.0,23.2,7.8214,2.966,24260.6,0.0,0.0,,False,True,True,False,,24229.65,,,,,,
2026-08-24T11:20:00,NIFTY,2026-08-24,oos,TREND_DOWN,SHORT,LONG,0.96,19.35,9.3179,2.077,24211.4,0.0,0.0,,False,True,True,False,,24200.7,,,,,,
2026-08-24T11:30:00,NIFTY,2026-08-24,oos,TREND_DOWN,SHORT,LONG,0.9259,19.1,10.5464,1.811,24198.1,0.0,0.0,,True,True,True,False,,24180.15,,,,,,
2026-08-24T13:05:00,NIFTY,2026-08-24,oos,TREND_DOWN,SHORT,LONG,0.9333,15.4,7.2429,2.126,24167.8,0.542,1.153,2,True,True,False,True,,24154.5,,,,,,
2026-08-24T13:30:00,NIFTY,2026-08-24,oos,TREND_DOWN,SHORT,LONG,0.94,16.55,8.1536,2.03,24174.65,0.0,0.0,,True,True,True,False,,24164.4,,,,,,
2026-08-25T11:55:00,NIFTY,2026-08-25,HOLDOUT,TREND_UP,LONG,SHORT,0.9062,19.6,9.6214,2.037,24161.3,0.0,0.0,,False,True,True,False,,24187.95,,,,,,
2026-08-25T14:25:00,NIFTY,2026-08-25,HOLDOUT,TREND_UP,LONG,SHORT,0.9677,23.55,11.9321,1.974,24169.05,0.0,0.0,,False,True,True,False,,24185.2,,,,,,
2026-08-25T14:30:00,NIFTY,2026-08-25,HOLDOUT,TREND_UP,LONG,SHORT,0.9683,33.5,13.9821,2.396,24197.15,0.0,0.0,,True,True,True,False,,24209.65,,,,,,
2026-08-25T14:50:00,NIFTY,2026-08-25,HOLDOUT,TREND_UP,LONG,SHORT,0.9254,22.4,16.9286,1.323,24217.15,0.0,0.0,,False,True,True,False,,24242.25,,,,,,
2026-08-26T10:15:00,NIFTY,2026-08-26,HOLDOUT,TREND_DOWN,SHORT,LONG,0.9167,29.0,16.4538,1.763,24337.55,0.0,0.0,,False,True,True,False,,24316.75,,,,,,
2026-08-27T12:35:00,NIFTY,2026-08-27,HOLDOUT,TREND_DOWN,LONG,SHORT,0.925,18.3,10.3214,1.773,24159.6,0.0,0.0,,True,True,True,False,,24172.95,,,,,,
2026-08-27T13:45:00,NIFTY,2026-08-27,HOLDOUT,TREND_DOWN,SHORT,LONG,0.963,23.45,11.8893,1.972,24150.1,0.0,0.0,,False,True,True,False,,24139.45,,,,,,
2026-08-28T11:25:00,NIFTY,2026-08-28,HOLDOUT,CHOP,SHORT,LONG,0.9615,20.3,11.4107,1.779,24139.3,0.0,0.0,,False,True,True,False,,24118.1,,,,,,
2026-08-28T11:55:00,NIFTY,2026-08-28,HOLDOUT,CHOP,SHORT,LONG,0.9375,19.6,13.1893,1.486,24094.85,0.0,0.0,,False,True,True,False,,24077.75,,,,,,
2026-09-03T05:45:00Z,NIFTY,2026-09-03,HOLDOUT,TREND_DOWN,LONG,SHORT,0.9583,31.8,19.1286,1.662,24056.0,0.0,0.0,,True,True,True,False,,24067.1,,,,,,
2026-09-03T06:30:00Z,NIFTY,2026-09-03,HOLDOUT,TREND_DOWN,SHORT,LONG,0.9394,29.0,18.7857,1.544,24061.1,0.0,0.0,,False,True,True,False,,24045.0,,,,,,
2026-09-04T06:30:00Z,NIFTY,2026-09-04,HOLDOUT,CHOP,SHORT,LONG,1.0,32.4,10.8714,2.98,24108.0,0.0,0.0,,False,True,True,False,,24075.6,,,,,,
2026-07-13T11:30:00,NATURALGAS,2026-07-13,train,CHOP,LONG,SHORT,0.9259,0.6,0.3,2.0,279.7,0.0,0.0,,False,True,True,False,,279.9,,,,,,
2026-07-13T11:35:00,NATURALGAS,2026-07-13,train,CHOP,LONG,SHORT,1.0,0.8,0.3357,2.383,279.9,0.125,0.298,3,False,True,True,False,,280.5,,,,,,
2026-07-13T11:50:00,NATURALGAS,2026-07-13,train,CHOP,SHORT,LONG,1.0,0.8,0.3929,2.036,280.5,0.0,0.0,,True,True,True,False,,279.8,,,,,,
2026-07-13T12:00:00,NATURALGAS,2026-07-13,train,CHOP,SHORT,LONG,1.0,1.0,0.4571,2.188,279.8,0.0,0.0,,True,True,True,False,,279.1,,,,,,
2026-07-13T13:05:00,NATURALGAS,2026-07-13,train,CHOP,SHORT,LONG,0.9783,0.8,0.3857,2.074,278.6,0.0,0.0,,True,True,True,False,,278.3,,,,,,
2026-07-13T13:50:00,NATURALGAS,2026-07-13,train,CHOP,LONG,SHORT,1.0,1.0,0.4357,2.295,277.5,0.0,0.0,,True,True,True,False,,278.2,,,,,,
2026-07-13T14:00:00,NATURALGAS,2026-07-13,train,CHOP,LONG,SHORT,0.9649,0.8,0.5,1.6,278.2,0.0,0.0,4,False,True,True,False,,278.7,,,,,,
2026-07-13T16:05:00,NATURALGAS,2026-07-13,train,CHOP,LONG,SHORT,0.9146,0.7,0.45,1.556,278.5,0.0,0.0,5,True,True,True,False,,278.8,,,,,,
2026-07-13T16:45:00,NATURALGAS,2026-07-13,train,CHOP,SHORT,LONG,0.9778,1.0,0.6214,1.609,278.1,0.0,0.0,4,False,True,True,False,,277.5,,,,,,
2026-07-13T17:30:00,NATURALGAS,2026-07-13,train,CHOP,LONG,SHORT,0.9898,1.2,0.7571,1.585,278.4,0.333,0.528,2,False,True,False,True,,279.3,,,,,,
2026-07-13T18:15:00,NATURALGAS,2026-07-13,train,CHOP,SHORT,LONG,0.972,1.1,0.9429,1.167,277.8,0.182,0.212,3,True,True,True,False,,277.2,,,,,,
2026-07-13T18:35:00,NATURALGAS,2026-07-13,train,CHOP,SHORT,LONG,1.0,1.5,1.0286,1.458,276.8,0.0,0.0,,True,True,True,False,,276.4,,,,,,
2026-07-13T18:50:00,NATURALGAS,2026-07-13,train,CHOP,SHORT,LONG,1.0,2.3,1.0214,2.252,276.0,0.0,0.0,,False,True,True,False,,273.9,,,,,,
2026-07-13T20:30:00,NATURALGAS,2026-07-13,train,CHOP,LONG,SHORT,0.9478,1.1,0.7357,1.495,275.4,0.0,0.0,,False,True,True,False,,276.0,,,,,,
2026-07-13T21:00:00,NATURALGAS,2026-07-13,train,CHOP,LONG,SHORT,0.95,1.2,0.7286,1.647,277.6,0.0,0.0,,True,True,True,False,,278.2,,,,,,
2026-07-14T10:00:00,NATURALGAS,2026-07-14,train,CHOP,SHORT,LONG,1.0,0.6,0.3462,1.733,278.4,0.0,0.0,4,False,True,True,False,,278.1,,,,,,
2026-07-14T10:20:00,NATURALGAS,2026-07-14,train,CHOP,LONG,SHORT,1.0,0.6,0.4071,1.474,278.0,0.0,0.0,,True,True,True,False,,278.6,,,,,,
2026-07-14T11:40:00,NATURALGAS,2026-07-14,train,CHOP,LONG,SHORT,0.9062,0.6,0.3643,1.647,277.5,0.0,0.0,,False,True,True,False,,277.7,,,,,,
2026-07-14T13:00:00,NATURALGAS,2026-07-14,train,CHOP,LONG,SHORT,1.0,0.6,0.3643,1.647,277.7,0.0,0.0,,False,True,True,False,,278.3,,,,,,
2026-07-14T13:05:00,NATURALGAS,2026-07-14,train,CHOP,LONG,SHORT,1.0,1.2,0.4286,2.8,278.57,0.142,0.397,3,False,True,True,False,,279.4,,,,,,
2026-07-14T13:20:00,NATURALGAS,2026-07-14,train,CHOP,SHORT,LONG,0.9808,0.9,0.5214,1.726,279.2,0.0,0.0,,True,True,True,False,,278.4,,,,,,
2026-07-14T14:35:00,NATURALGAS,2026-07-14,train,CHOP,LONG,SHORT,0.9552,0.6,0.3714,1.616,278.3,0.0,0.0,,True,True,True,False,,278.6,,,,,,
2026-07-14T15:45:00,NATURALGAS,2026-07-14,train,CHOP,SHORT,LONG,0.963,0.6,0.3857,1.556,280.0,0.0,0.0,,True,True,True,False,,279.5,,,,,,
2026-07-14T16:15:00,NATURALGAS,2026-07-14,train,CHOP,LONG,SHORT,0.954,0.6,0.4786,1.254,279.01,0.0,0.0,,False,True,True,False,,279.3,,,,,,
2026-07-14T16:45:00,NATURALGAS,2026-07-14,train,CHOP,SHORT,LONG,0.9892,1.0,0.5214,1.918,279.0,0.0,0.0,,True,True,True,False,,278.1,,,,,,
2026-07-14T18:40:00,NATURALGAS,2026-07-14,train,CHOP,LONG,SHORT,1.0,2.2,0.9071,2.425,276.4,0.0,0.0,,True,True,True,False,,278.5,,,,,,
2026-07-14T19:05:00,NATURALGAS,2026-07-14,train,CHOP,SHORT,LONG,0.9907,1.4,1.1214,1.248,277.5,0.357,0.446,2,True,True,False,True,,276.6,,,,,,
2026-07-14T19:15:00,NATURALGAS,2026-07-14,train,CHOP,LONG,SHORT,0.9909,1.4,1.1714,1.195,277.0,0.0,0.0,,True,True,True,False,,278.0,,,,,,
2026-07-14T20:00:00,NATURALGAS,2026-07-14,train,CHOP,SHORT,LONG,0.916,1.0,0.8143,1.228,277.69,0.21,0.258,2,True,True,False,True,,277.0,,,,,,
2026-07-14T20:20:00,NATURALGAS,2026-07-14,train,CHOP,LONG,SHORT,0.935,1.1,0.7214,1.525,278.1,0.818,1.248,2,False,True,False,False,3,278.7,1.533,0.0,-1.109,-1.174,-1.174,-1.174
2026-07-14T21:05:00,NATURALGAS,2026-07-14,train,CHOP,LONG,SHORT,0.9015,1.0,0.8357,1.197,279.5,0.0,0.0,,False,True,True,False,,280.3,,,,,,
2026-07-15T14:30:00,NATURALGAS,2026-07-15,train,CHOP,LONG,SHORT,0.9286,0.5,0.35,1.429,281.2,0.0,0.0,,False,True,True,False,,281.5,,,,,,
2026-07-15T14:40:00,NATURALGAS,2026-07-15,train,CHOP,LONG,SHORT,0.9375,0.6,0.4071,1.474,281.8,0.0,0.0,,True,True,True,False,,282.6,,,,,,
2026-07-15T14:50:00,NATURALGAS,2026-07-15,train,CHOP,LONG,SHORT,0.9444,0.7,0.45,1.556,282.9,0.143,0.222,3,False,True,True,False,,283.5,,,,,,
2026-07-15T15:20:00,NATURALGAS,2026-07-15,train,CHOP,LONG,SHORT,0.9583,0.8,0.5214,1.534,282.7,0.5,0.767,2,False,True,False,True,,282.9,,,,,,
2026-07-15T16:05:00,NATURALGAS,2026-07-15,train,CHOP,SHORT,LONG,1.0,1.0,0.4857,2.059,282.2,0.0,0.0,,True,True,True,False,,281.7,,,,,,
2026-07-15T16:45:00,NATURALGAS,2026-07-15,train,CHOP,LONG,SHORT,1.0,1.1,0.5071,2.169,280.4,0.0,0.0,,True,True,True,False,,280.8,,,,,,
2026-07-15T17:35:00,NATURALGAS,2026-07-15,train,CHOP,SHORT,LONG,1.0,1.4,0.7571,1.849,280.9,0.0,0.0,,False,True,True,False,,280.5,,,,,,
2026-07-15T18:25:00,NATURALGAS,2026-07-15,train,CHOP,SHORT,LONG,1.0,1.7,0.9214,1.845,278.8,0.0,0.0,5,False,True,True,False,,278.5,,,,,,
2026-07-15T18:50:00,NATURALGAS,2026-07-15,train,CHOP,LONG,SHORT,0.9848,1.5,0.9214,1.628,278.4,0.2,0.326,2,False,True,False,True,,279.0,,,,,,
2026-07-15T19:50:00,NATURALGAS,2026-07-15,train,CHOP,LONG,SHORT,0.9872,1.6,0.8643,1.851,279.8,0.0,0.0,,False,True,True,False,,281.2,,,,,,
2026-07-15T20:00:00,NATURALGAS,2026-07-15,train,CHOP,LONG,SHORT,0.9625,1.4,0.8143,1.719,281.4,0.0,0.0,,True,True,True,False,,282.6,,,,,,
2026-07-15T20:50:00,NATURALGAS,2026-07-15,train,CHOP,SHORT,LONG,0.9222,1.2,0.8643,1.388,280.6,0.25,0.347,3,False,True,True,False,,280.2,,,,,,
2026-07-15T21:05:00,NATURALGAS,2026-07-15,train,CHOP,LONG,SHORT,0.9462,1.3,0.8357,1.556,280.2,0.0,0.0,,False,True,True,False,,281.0,,,,,,
2026-07-15T22:05:00,NATURALGAS,2026-07-15,train,CHOP,LONG,SHORT,0.9143,1.2,0.6214,1.931,281.2,0.0,0.0,,False,True,True,False,,282.0,,,,,,
2026-07-16T12:25:00,NATURALGAS,2026-07-16,train,CHOP,SHORT,LONG,0.925,0.5,0.3786,1.321,279.0,0.0,0.0,,True,True,True,False,,278.8,,,,,,
2026-07-16T13:20:00,NATURALGAS,2026-07-16,train,CHOP,LONG,SHORT,1.0,0.6,0.4429,1.355,278.9,0.0,0.0,,False,True,True,False,,279.5,,,,,,
2026-07-16T13:30:00,NATURALGAS,2026-07-16,train,CHOP,LONG,SHORT,1.0,1.0,0.4929,2.029,279.7,0.0,0.0,,False,True,True,False,,280.5,,,,,,
2026-07-16T14:05:00,NATURALGAS,2026-07-16,train,CHOP,SHORT,LONG,0.9167,0.6,0.5,1.2,280.3,0.167,0.2,2,True,True,False,False,,280.1,,,,,,
2026-07-16T14:35:00,NATURALGAS,2026-07-16,train,CHOP,SHORT,LONG,0.9242,0.6,0.4429,1.355,279.98,0.867,1.174,3,True,True,True,False,3,279.8,0.718,4.457,-0.279,0.861,1.861,2.861
2026-07-16T16:45:00,NATURALGAS,2026-07-16,train,CHOP,SHORT,LONG,0.9783,0.8,0.5214,1.534,281.2,0.625,0.959,2,True,True,False,True,2,280.8,0.924,0.433,-1.407,-1.515,-1.515,-1.515
2026-07-16T17:35:00,NATURALGAS,2026-07-16,train,CHOP,LONG,SHORT,1.0,1.4,0.8071,1.735,282.6,0.0,0.0,,False,True,True,False,,283.7,,,,,,
2026-07-16T17:40:00,NATURALGAS,2026-07-16,train,CHOP,LONG,SHORT,0.9903,1.3,0.8143,1.596,283.7,0.0,0.0,,False,True,True,False,,284.6,,,,,,
2026-07-16T18:30:00,NATURALGAS,2026-07-16,train,CHOP,SHORT,LONG,0.9558,1.1,0.9714,1.132,284.3,0.0,0.0,4,False,True,True,False,,283.3,,,,,,
2026-07-16T18:50:00,NATURALGAS,2026-07-16,train,CHOP,LONG,SHORT,1.0,1.5,0.9,1.667,283.8,0.0,0.0,,True,True,True,False,,284.8,,,,,,
2026-07-16T19:45:00,NATURALGAS,2026-07-16,train,CHOP,LONG,SHORT,0.9062,0.9,0.6786,1.326,284.3,5.667,7.515,3,False,True,True,False,3,284.7,5.527,1.086,-0.09,0.982,0.796,0.796
2026-07-16T19:50:00,NATURALGAS,2026-07-16,train,CHOP,LONG,SHORT,0.9535,1.1,0.7071,1.556,284.9,5.182,8.061,2,False,True,False,True,2,285.4,6.233,0.963,-0.08,0.706,0.706,0.706
2026-07-16T20:10:00,NATURALGAS,2026-07-16,train,CHOP,SHORT,LONG,0.9925,1.7,1.2643,1.345,278.6,0.0,0.0,,False,True,True,False,,277.9,,,,,,
2026-07-16T20:15:00,NATURALGAS,2026-07-16,train,CHOP,SHORT,LONG,0.9925,1.8,1.3714,1.313,277.8,0.0,0.0,,False,True,True,False,,276.4,,,,,,
2026-07-16T20:20:00,NATURALGAS,2026-07-16,train,CHOP,SHORT,LONG,0.9481,1.3,1.4143,0.919,276.4,0.0,0.0,,False,True,True,False,,275.3,,,,,,
2026-07-16T20:25:00,NATURALGAS,2026-07-16,train,CHOP,SHORT,LONG,0.9632,1.4,1.4714,0.951,275.3,0.0,0.0,4,False,True,True,False,,274.1,,,,,,
2026-07-16T20:30:00,NATURALGAS,2026-07-16,train,CHOP,SHORT,LONG,0.9927,1.9,1.5571,1.22,274.1,0.842,1.028,2,True,True,False,True,3,273.3,2.457,0.204,-0.611,-0.366,-0.366,-0.366
2026-07-16T20:45:00,NATURALGAS,2026-07-16,train,CHOP,LONG,SHORT,0.9929,1.9,1.7071,1.113,274.6,0.0,0.0,,True,True,True,False,,276.4,,,,,,
2026-07-16T20:50:00,NATURALGAS,2026-07-16,train,CHOP,SHORT,LONG,0.9007,1.1,1.7357,0.634,278.56,0.0,0.0,,True,True,True,False,,274.6,,,,,,
2026-07-16T21:50:00,NATURALGAS,2026-07-16,train,CHOP,SHORT,LONG,0.9673,1.5,0.7929,1.892,275.0,0.133,0.252,2,False,True,False,True,,274.6,,,,,,
2026-07-16T22:55:00,NATURALGAS,2026-07-16,train,CHOP,SHORT,LONG,0.9096,1.1,0.6429,1.711,274.7,0.364,0.622,2,False,True,False,True,,274.2,,,,,,
2026-07-17T11:20:00,NATURALGAS,2026-07-17,train,TREND_UP,LONG,SHORT,0.9643,0.5,0.2786,1.795,276.5,0.2,0.359,3,False,True,True,False,,276.8,,,,,,
2026-07-17T12:05:00,NATURALGAS,2026-07-17,train,TREND_UP,SHORT,LONG,1.0,0.7,0.35,2.0,275.9,0.0,0.0,,True,True,True,False,,275.2,,,,,,
2026-07-17T13:20:00,NATURALGAS,2026-07-17,train,TREND_UP,LONG,SHORT,0.9615,0.5,0.3714,1.346,276.1,0.0,0.0,,False,True,True,False,,276.4,,,,,,
2026-07-17T14:25:00,NATURALGAS,2026-07-17,train,TREND_UP,LONG,SHORT,1.0,0.7,0.3214,2.178,276.8,0.0,0.0,,False,True,True,False,,277.0,,,,,,
2026-07-17T15:40:00,NATURALGAS,2026-07-17,train,TREND_UP,LONG,SHORT,0.9625,0.5,0.3143,1.591,277.6,0.0,0.0,4,False,True,True,False,,277.7,,,,,,
2026-07-17T15:45:00,NATURALGAS,2026-07-17,train,TREND_UP,LONG,SHORT,1.0,0.9,0.3643,2.47,277.7,0.333,0.823,3,True,True,True,False,,278.4,,,,,,
2026-07-17T16:05:00,NATURALGAS,2026-07-17,train,TREND_UP,LONG,SHORT,0.9412,0.6,0.45,1.333,277.3,0.0,0.0,4,True,True,True,False,,277.9,,,,,,
2026-07-17T16:30:00,NATURALGAS,2026-07-17,train,TREND_UP,SHORT,LONG,0.9333,0.5,0.4857,1.029,277.1,0.0,0.0,5,True,True,True,False,,276.7,,,,,,
2026-07-17T16:40:00,NATURALGAS,2026-07-17,train,TREND_UP,SHORT,LONG,0.9565,0.6,0.5143,1.167,277.1,0.167,0.194,3,True,True,True,False,,276.7,,,,,,
2026-07-17T17:00:00,NATURALGAS,2026-07-17,train,TREND_UP,LONG,SHORT,1.0,0.9,0.5071,1.775,277.3,0.0,0.0,,False,True,True,False,,277.9,,,,,,
2026-07-17T17:15:00,NATURALGAS,2026-07-17,train,TREND_UP,LONG,SHORT,0.9596,0.7,0.5714,1.225,277.3,0.0,0.0,,False,True,True,False,,277.8,,,,,,
2026-07-17T17:55:00,NATURALGAS,2026-07-17,train,TREND_UP,LONG,SHORT,0.9346,0.8,0.85,0.941,276.0,0.0,0.0,,False,True,True,False,,276.4,,,,,,
2026-07-17T18:30:00,NATURALGAS,2026-07-17,train,TREND_UP,LONG,SHORT,0.9825,1.5,1.0929,1.372,278.5,0.0,0.0,,False,True,True,False,,279.5,,,,,,
2026-07-17T18:40:00,NATURALGAS,2026-07-17,train,TREND_UP,LONG,SHORT,0.9741,1.4,1.1643,1.202,279.5,0.0,0.0,,True,True,True,False,,280.8,,,,,,
2026-07-17T21:55:00,NATURALGAS,2026-07-17,train,TREND_UP,LONG,SHORT,0.9161,1.0,0.5714,1.75,280.1,0.0,0.0,3,True,True,True,False,,280.9,,,,,,
2026-07-17T22:40:00,NATURALGAS,2026-07-17,train,TREND_UP,LONG,SHORT,0.9024,0.9,0.6,1.5,281.1,0.0,0.0,,True,True,True,False,,281.8,,,,,,
2026-07-20T10:40:00,NATURALGAS,2026-07-20,train,TREND_DOWN,LONG,SHORT,0.95,0.6,0.2571,2.334,278.2,0.0,0.0,,False,True,True,False,,278.7,,,,,,
2026-07-20T12:15:00,NATURALGAS,2026-07-20,train,TREND_DOWN,SHORT,LONG,0.9474,0.5,0.2643,1.892,278.5,0.0,0.0,,True,True,True,False,,278.2,,,,,,
2026-07-20T12:35:00,NATURALGAS,2026-07-20,train,TREND_DOWN,LONG,SHORT,1.0,0.6,0.3,2.0,278.0,0.333,0.667,3,True,True,True,False,,278.5,,,,,,
2026-07-20T13:05:00,NATURALGAS,2026-07-20,train,TREND_DOWN,SHORT,LONG,1.0,0.6,0.3571,1.68,277.4,0.0,0.0,,True,True,True,False,,276.9,,,,,,
2026-07-20T13:25:00,NATURALGAS,2026-07-20,train,TREND_DOWN,SHORT,LONG,0.9423,0.6,0.4,1.5,276.7,0.0,0.0,,False,True,True,False,,276.1,,,,,,
2026-07-20T13:30:00,NATURALGAS,2026-07-20,train,TREND_DOWN,SHORT,LONG,0.9057,0.5,0.4357,1.148,276.1,0.0,0.0,,False,True,True,False,,275.7,,,,,,
2026-07-20T13:40:00,NATURALGAS,2026-07-20,train,TREND_DOWN,SHORT,LONG,1.0,0.9,0.4857,1.853,275.5,0.0,0.0,5,False,True,True,False,,274.7,,,,,,
2026-07-20T13:50:00,NATURALGAS,2026-07-20,train,TREND_DOWN,LONG,SHORT,0.9825,0.8,0.5214,1.534,275.1,0.0,0.0,2,True,True,False,False,,275.6,,,,,,
2026-07-20T15:05:00,NATURALGAS,2026-07-20,train,TREND_DOWN,SHORT,LONG,0.9722,0.7,0.3643,1.921,275.4,0.429,0.823,2,False,True,False,True,,275.0,,,,,,
2026-07-20T15:15:00,NATURALGAS,2026-07-20,train,TREND_DOWN,LONG,SHORT,0.9595,0.6,0.3429,1.75,275.1,0.0,0.0,,False,True,True,False,,275.5,,,,,,
2026-07-20T16:05:00,NATURALGAS,2026-07-20,train,TREND_DOWN,SHORT,LONG,0.9881,0.8,0.4357,1.836,275.7,0.0,0.0,2,False,True,False,False,,275.3,,,,,,
2026-07-20T17:15:00,NATURALGAS,2026-07-20,train,TREND_DOWN,LONG,SHORT,0.9592,0.7,0.6214,1.126,274.8,0.0,0.0,,False,True,True,False,,275.5,,,,,,
2026-07-20T17:20:00,NATURALGAS,2026-07-20,train,TREND_DOWN,LONG,SHORT,1.0,1.2,0.6714,1.787,276.0,0.0,0.0,,False,True,True,False,,276.5,,,,,,
2026-07-20T17:30:00,NATURALGAS,2026-07-20,train,TREND_DOWN,LONG,SHORT,1.0,1.8,0.7643,2.355,276.5,0.0,0.0,,False,True,True,False,,278.2,,,,,,
2026-07-20T17:50:00,NATURALGAS,2026-07-20,train,TREND_DOWN,SHORT,LONG,0.9619,0.9,0.9143,0.984,277.8,1.111,1.094,3,False,True,True,False,3,277.4,1.427,0.491,-1.331,-1.402,-1.402,-1.402
2026-07-20T18:45:00,NATURALGAS,2026-07-20,train,TREND_DOWN,LONG,SHORT,0.9569,1.0,0.7714,1.296,278.6,1.1,1.426,2,True,True,False,True,2,279.3,1.43,2.727,0.0,0.93,1.93,2.517
2026-07-20T18:55:00,NATURALGAS,2026-07-20,train,TREND_DOWN,SHORT,LONG,0.9576,1.0,0.7857,1.273,278.2,0.0,0.0,,True,True,True,False,,277.7,,,,,,
2026-07-21T10:25:00,NATURALGAS,2026-07-21,train,CHOP,LONG,SHORT,0.9375,0.5,0.2,2.5,275.57,0.0,0.0,,False,True,True,False,,275.7,,,,,,
2026-07-21T10:35:00,NATURALGAS,2026-07-21,train,CHOP,LONG,SHORT,0.9444,0.6,0.2429,2.47,276.0,0.0,0.0,,False,True,True,False,,276.5,,,,,,
2026-07-21T11:20:00,NATURALGAS,2026-07-21,train,CHOP,LONG,SHORT,0.963,0.8,0.3643,2.196,276.8,0.25,0.549,2,True,True,False,True,,276.9,,,,,,
2026-07-21T12:40:00,NATURALGAS,2026-07-21,train,CHOP,SHORT,LONG,0.907,0.5,0.3571,1.4,277.7,0.0,0.0,,True,True,True,False,,277.2,,,,,,
2026-07-21T13:00:00,NATURALGAS,2026-07-21,train,CHOP,SHORT,LONG,0.9149,0.5,0.3357,1.489,277.1,0.0,0.0,,False,True,True,False,,276.9,,,,,,
2026-07-21T14:45:00,NATURALGAS,2026-07-21,train,CHOP,LONG,SHORT,0.9412,0.5,0.3286,1.522,277.1,0.0,0.0,,False,True,True,False,,277.5,,,,,,
2026-07-21T15:05:00,NATURALGAS,2026-07-21,train,CHOP,LONG,SHORT,0.9722,0.7,0.35,2.0,277.9,0.0,0.0,2,False,True,False,False,,278.3,,,,,,
2026-07-21T15:35:00,NATURALGAS,2026-07-21,train,CHOP,SHORT,LONG,0.9231,0.5,0.4071,1.228,278.2,0.0,0.0,,False,True,True,False,,277.9,,,,,,
2026-07-21T16:40:00,NATURALGAS,2026-07-21,train,CHOP,SHORT,LONG,0.989,0.9,0.4571,1.969,277.5,0.0,0.0,5,False,True,True,False,,277.0,,,,,,
2026-07-21T17:05:00,NATURALGAS,2026-07-21,train,CHOP,LONG,SHORT,0.9792,0.8,0.5357,1.493,277.5,0.5,0.747,2,False,True,False,True,,278.0,,,,,,
2026-07-21T18:00:00,NATURALGAS,2026-07-21,train,CHOP,SHORT,LONG,0.9813,0.9,0.6857,1.313,276.01,0.322,0.423,2,True,True,False,True,,275.9,,,,,,
2026-07-21T18:50:00,NATURALGAS,2026-07-21,train,CHOP,SHORT,LONG,0.9487,0.8,0.8,1.0,276.2,0.0,0.0,5,False,True,True,False,,276.0,,,,,,
2026-07-21T19:10:00,NATURALGAS,2026-07-21,train,CHOP,LONG,SHORT,0.9504,0.8,0.7357,1.087,275.9,0.0,0.0,4,False,True,True,False,,276.1,,,,,,
2026-07-21T20:15:00,NATURALGAS,2026-07-21,train,CHOP,SHORT,LONG,0.9851,1.0,0.5429,1.842,276.6,0.0,0.0,,True,True,True,False,,275.9,,,,,,
2026-07-21T21:45:00,NATURALGAS,2026-07-21,train,CHOP,SHORT,LONG,0.9013,0.8,0.4,2.0,277.0,0.0,0.0,,True,True,True,False,,276.6,,,,,,
2026-07-22T12:25:00,NATURALGAS,2026-07-22,train,TREND_UP,SHORT,LONG,0.9512,0.5,0.3429,1.458,278.5,0.0,0.0,,False,True,True,False,,278.4,,,,,,
2026-07-22T13:00:00,NATURALGAS,2026-07-22,train,TREND_UP,LONG,SHORT,0.9792,0.6,0.3286,1.826,278.4,0.0,0.0,,False,True,True,False,,278.9,,,,,,
2026-07-22T15:20:00,NATURALGAS,2026-07-22,train,TREND_UP,LONG,SHORT,0.9605,0.5,0.2286,2.187,278.5,0.0,0.0,,False,True,True,False,,278.9,,,,,,
2026-07-22T16:15:00,NATURALGAS,2026-07-22,train,TREND_UP,LONG,SHORT,0.9885,0.7,0.3571,1.96,279.3,0.0,0.0,4,True,True,True,False,,280.0,,,,,,
2026-07-22T16:40:00,NATURALGAS,2026-07-22,train,TREND_UP,LONG,SHORT,0.9565,0.5,0.4,1.25,279.4,0.8,1.0,3,False,True,True,False,3,279.7,0.715,0.14,-1.399,-1.538,-1.538,-1.538
2026-07-22T17:00:00,NATURALGAS,2026-07-22,train,TREND_UP,LONG,SHORT,0.9688,0.6,0.4643,1.292,278.88,0.0,0.0,,True,True,True,False,,279.6,,,,,,
2026-07-22T17:10:00,NATURALGAS,2026-07-22,train,TREND_UP,LONG,SHORT,1.0,0.9,0.5214,1.726,279.9,0.0,0.0,,False,True,True,False,,280.0,,,,,,
2026-07-22T17:20:00,NATURALGAS,2026-07-22,train,TREND_UP,LONG,SHORT,1.0,1.2,0.6214,1.931,280.8,0.0,0.0,5,True,True,True,False,,281.6,,,,,,
2026-07-22T17:55:00,NATURALGAS,2026-07-22,train,TREND_UP,LONG,SHORT,1.0,1.9,0.7143,2.66,281.9,0.211,0.56,2,True,True,False,True,,283.2,,,,,,
2026-07-22T18:05:00,NATURALGAS,2026-07-22,train,TREND_UP,SHORT,LONG,0.9908,1.3,0.7643,1.701,282.3,0.0,0.0,,False,True,True,False,,281.1,,,,,,
2026-07-22T18:30:00,NATURALGAS,2026-07-22,train,TREND_UP,LONG,SHORT,0.9035,0.6,0.7357,0.816,278.94,0.0,0.0,,False,True,True,False,,281.3,,,,,,
2026-07-22T18:35:00,NATURALGAS,2026-07-22,train,TREND_UP,LONG,SHORT,0.9304,0.7,0.7643,0.916,278.94,0.0,0.0,,True,True,True,False,,281.2,,,,,,
2026-07-22T18:45:00,NATURALGAS,2026-07-22,train,TREND_UP,LONG,SHORT,0.9316,0.7,0.7929,0.883,278.94,0.0,0.0,,True,True,True,False,,280.8,,,,,,
2026-07-22T18:50:00,NATURALGAS,2026-07-22,train,TREND_UP,SHORT,LONG,0.9322,0.7,0.8214,0.852,280.5,2.0,1.704,2,True,True,False,True,2,280.2,1.021,2.449,-0.098,0.902,1.902,2.351
2026-07-22T19:00:00,NATURALGAS,2026-07-22,train,TREND_UP,LONG,SHORT,0.9333,0.7,0.8,0.875,280.9,0.0,0.0,,False,True,True,False,,281.2,,,,,,
2026-07-22T19:05:00,NATURALGAS,2026-07-22,train,TREND_UP,LONG,SHORT,0.9339,0.7,0.7143,0.98,281.2,0.0,0.0,,False,True,True,False,,282.0,,,,,,
2026-07-22T19:10:00,NATURALGAS,2026-07-22,train,TREND_UP,LONG,SHORT,0.9344,0.8,0.7714,1.037,282.0,0.0,0.0,,False,True,True,False,,283.1,,,,,,
2026-07-22T19:35:00,NATURALGAS,2026-07-22,train,TREND_UP,SHORT,LONG,0.9213,0.7,0.65,1.077,282.7,0.0,0.0,,False,True,True,False,,282.2,,,,,,
2026-07-22T22:00:00,NATURALGAS,2026-07-22,train,TREND_UP,LONG,SHORT,0.9295,0.7,0.4,1.75,281.9,0.0,0.0,,False,True,True,False,,282.3,,,,,,
2026-07-23T11:05:00,NATURALGAS,2026-07-23,train,CHOP,LONG,SHORT,0.92,0.4,0.2357,1.697,286.1,0.0,0.0,,False,True,True,False,,286.4,,,,,,
2026-07-23T11:10:00,NATURALGAS,2026-07-23,train,CHOP,LONG,SHORT,0.9231,0.4,0.2571,1.556,286.4,0.0,0.0,,True,True,True,False,,286.9,,,,,,
2026-07-23T11:20:00,NATURALGAS,2026-07-23,train,CHOP,LONG,SHORT,1.0,0.5,0.2643,1.892,287.0,0.0,0.0,,False,True,True,False,,287.4,,,,,,
2026-07-23T11:30:00,NATURALGAS,2026-07-23,train,CHOP,LONG,SHORT,1.0,0.5,0.3,1.667,286.1,0.0,0.0,,False,True,True,False,,287.7,,,,,,
2026-07-23T13:35:00,NATURALGAS,2026-07-23,train,CHOP,SHORT,LONG,1.0,0.5,0.3143,1.591,286.7,0.0,0.0,2,True,True,False,False,,286.5,,,,,,
2026-07-23T14:15:00,NATURALGAS,2026-07-23,train,CHOP,SHORT,LONG,1.0,0.5,0.3214,1.556,285.4,0.0,0.0,,False,True,True,False,,285.3,,,,,,
2026-07-23T14:20:00,NATURALGAS,2026-07-23,train,CHOP,SHORT,LONG,1.0,0.7,0.3571,1.96,285.3,0.0,0.0,,True,True,True,False,,284.6,,,,,,
2026-07-23T15:45:00,NATURALGAS,2026-07-23,train,CHOP,LONG,SHORT,1.0,0.7,0.4071,1.719,285.2,0.0,0.0,,False,True,True,False,,285.4,,,,,,
2026-07-23T16:35:00,NATURALGAS,2026-07-23,train,CHOP,SHORT,LONG,1.0,0.7,0.4714,1.485,286.4,0.0,0.0,,True,True,True,False,,286.0,,,,,,
2026-07-23T17:30:00,NATURALGAS,2026-07-23,train,CHOP,LONG,SHORT,0.9608,0.6,0.5071,1.183,285.7,0.5,0.592,3,False,True,True,False,,285.8,,,,,,
2026-07-23T17:50:00,NATURALGAS,2026-07-23,train,CHOP,LONG,SHORT,1.0,2.6,0.7786,3.339,286.8,0.0,0.0,,False,True,True,False,,287.9,,,,,,
2026-07-23T17:55:00,NATURALGAS,2026-07-23,train,CHOP,LONG,SHORT,0.9813,0.7,0.8357,0.838,288.0,0.0,0.0,,False,True,True,False,,288.6,,,,,,
2026-07-23T18:00:00,NATURALGAS,2026-07-23,train,CHOP,LONG,SHORT,0.9815,1.2,0.9,1.333,288.6,0.083,0.111,2,False,True,False,True,,289.2,,,,,,
2026-07-23T18:30:00,NATURALGAS,2026-07-23,train,CHOP,LONG,SHORT,0.9825,1.2,0.9857,1.217,287.33,0.858,1.045,2,True,True,False,True,3,288.1,1.836,2.233,-0.163,0.946,1.946,1.035
2026-07-23T18:45:00,NATURALGAS,2026-07-23,train,CHOP,SHORT,LONG,0.9829,1.3,1.0643,1.221,286.9,0.0,0.0,,False,True,True,False,,285.9,,,,,,
2026-07-23T20:25:00,NATURALGAS,2026-07-23,train,CHOP,LONG,SHORT,0.9343,0.8,0.6571,1.217,285.6,1.125,1.37,2,False,True,False,True,2,286.0,1.324,0.0,-1.133,-1.208,-1.208,-1.208
2026-07-23T21:15:00,NATURALGAS,2026-07-23,train,CHOP,SHORT,LONG,0.932,1.1,0.7,1.571,285.4,0.182,0.286,3,False,True,True,False,,285.1,,,,,,
2026-07-23T21:45:00,NATURALGAS,2026-07-23,train,CHOP,SHORT,LONG,0.9281,1.0,0.6286,1.591,284.57,0.0,0.0,,False,True,True,False,,284.3,,,,,,
2026-07-23T22:50:00,NATURALGAS,2026-07-23,train,CHOP,SHORT,LONG,0.9157,0.8,0.5714,1.4,283.2,0.125,0.175,2,False,True,False,True,,283.0,,,,,,
2026-07-24T10:20:00,NATURALGAS,2026-07-24,train,TREND_DOWN,SHORT,LONG,1.0,1.2,0.3643,3.294,282.3,0.0,0.0,,True,True,True,False,,281.6,,,,,,
2026-07-24T11:10:00,NATURALGAS,2026-07-24,train,TREND_DOWN,SHORT,LONG,0.9231,0.6,0.4,1.5,280.8,0.0,0.0,,False,True,True,False,,280.7,,,,,,
2026-07-24T12:35:00,NATURALGAS,2026-07-24,train,TREND_DOWN,SHORT,LONG,0.9302,0.6,0.4071,1.474,278.9,0.833,1.228,2,True,True,False,False,3,278.7,0.718,0.975,-1.532,-1.671,-1.671,-1.671
2026-07-24T16:45:00,NATURALGAS,2026-07-24,train,TREND_DOWN,LONG,SHORT,0.9565,0.6,0.4286,1.4,279.3,0.0,0.0,,False,True,True,False,,279.5,,,,,,
2026-07-24T17:15:00,NATURALGAS,2026-07-24,train,TREND_DOWN,LONG,SHORT,0.9898,0.8,0.4571,1.75,280.33,0.0,0.0,,False,True,True,False,,280.8,,,,,,
2026-07-24T17:30:00,NATURALGAS,2026-07-24,train,TREND_DOWN,LONG,SHORT,1.0,1.2,0.5786,2.074,281.4,0.0,0.0,,False,True,True,False,,282.0,,,,,,
2026-07-24T17:35:00,NATURALGAS,2026-07-24,train,TREND_DOWN,LONG,SHORT,1.0,1.5,0.6643,2.258,282.0,0.0,0.0,,True,True,True,False,,283.2,,,,,,
2026-07-24T17:50:00,NATURALGAS,2026-07-24,train,TREND_DOWN,LONG,SHORT,0.9429,0.7,0.7071,0.99,282.4,0.0,0.0,,True,True,True,False,,282.9,,,,,,
2026-07-24T18:00:00,NATURALGAS,2026-07-24,train,TREND_DOWN,LONG,SHORT,0.972,1.1,0.7714,1.426,283.3,0.0,0.0,,False,True,True,False,,284.2,,,,,,
2026-07-24T18:10:00,NATURALGAS,2026-07-24,train,TREND_DOWN,LONG,SHORT,0.9358,0.7,0.8143,0.86,284.4,0.0,0.0,,False,True,True,False,,285.2,,,,,,
2026-07-24T18:15:00,NATURALGAS,2026-07-24,train,TREND_DOWN,LONG,SHORT,0.9636,0.9,0.8429,1.068,282.9,0.0,0.0,,False,True,True,False,,285.1,,,,,,
2026-07-24T18:45:00,NATURALGAS,2026-07-24,train,TREND_DOWN,LONG,SHORT,0.9224,0.7,0.7643,0.916,281.53,0.0,0.0,,True,True,True,False,,284.6,,,,,,
2026-07-24T19:05:00,NATURALGAS,2026-07-24,train,TREND_DOWN,SHORT,LONG,0.9167,0.7,0.75,0.933,283.9,0.0,0.0,,False,True,True,False,,283.2,,,,,,
2026-07-24T19:10:00,NATURALGAS,2026-07-24,train,TREND_DOWN,SHORT,LONG,0.9587,1.0,0.7071,1.414,283.2,0.0,0.0,,False,True,True,False,,282.4,,,,,,
2026-07-24T19:15:00,NATURALGAS,2026-07-24,train,TREND_DOWN,SHORT,LONG,0.959,1.0,0.7857,1.273,282.4,0.0,0.0,5,False,True,True,False,,281.0,,,,,,
2026-07-24T19:20:00,NATURALGAS,2026-07-24,train,TREND_DOWN,SHORT,LONG,0.9675,1.1,0.8071,1.363,281.0,0.818,1.115,2,False,True,False,True,3,280.7,1.233,1.622,-2.271,0.919,-2.352,-2.352
2026-07-24T19:30:00,NATURALGAS,2026-07-24,train,TREND_DOWN,LONG,SHORT,0.984,1.2,0.8357,1.436,281.1,0.0,0.0,,False,True,True,False,,281.6,,,,,,
2026-07-24T20:15:00,NATURALGAS,2026-07-24,train,TREND_DOWN,LONG,SHORT,0.903,0.8,0.9,0.889,282.54,0.0,0.0,,False,True,True,False,,283.0,,,,,,
2026-07-24T20:35:00,NATURALGAS,2026-07-24,train,TREND_DOWN,SHORT,LONG,0.9493,1.0,0.7786,1.284,283.5,0.0,0.0,,False,True,True,False,,282.9,,,,,,
2026-07-24T21:10:00,NATURALGAS,2026-07-24,train,TREND_DOWN,LONG,SHORT,0.9517,1.0,0.6643,1.505,281.9,0.2,0.301,3,False,True,True,False,,282.3,,,,,,
2026-07-24T22:05:00,NATURALGAS,2026-07-24,train,TREND_DOWN,SHORT,LONG,0.9872,1.4,0.65,2.154,280.8,0.0,0.0,,True,True,True,False,,279.1,,,,,,
2026-07-27T10:20:00,NATURALGAS,2026-07-27,train,TREND_DOWN,LONG,SHORT,0.9375,0.7,0.2643,2.649,268.3,0.0,0.0,,False,True,True,False,,268.7,,,,,,
2026-07-27T11:45:00,NATURALGAS,2026-07-27,train,TREND_DOWN,SHORT,LONG,1.0,1.0,0.3286,3.043,267.9,0.0,0.0,,True,True,True,False,,267.5,,,,,,
2026-07-27T12:00:00,NATURALGAS,2026-07-27,train,TREND_DOWN,SHORT,LONG,1.0,2.6,0.5214,4.987,267.4,0.0,0.0,,False,True,True,False,,265.0,,,,,,
2026-07-27T12:35:00,NATURALGAS,2026-07-27,train,TREND_DOWN,SHORT,LONG,0.907,0.8,0.6429,1.244,267.96,0.0,0.0,,False,True,True,False,,265.1,,,,,,
2026-07-27T12:50:00,NATURALGAS,2026-07-27,train,TREND_DOWN,SHORT,LONG,0.9783,1.0,0.7714,1.296,263.5,0.0,0.0,,False,True,True,False,,262.8,,,,,,
2026-07-27T14:15:00,NATURALGAS,2026-07-27,train,TREND_DOWN,LONG,SHORT,0.9365,0.8,0.4357,1.836,262.9,0.0,0.0,,False,True,True,False,,263.1,,,,,,
2026-07-27T16:00:00,NATURALGAS,2026-07-27,train,TREND_DOWN,LONG,SHORT,0.9518,0.8,0.3929,2.036,263.1,0.0,0.0,,True,True,True,False,,263.8,,,,,,
2026-07-27T16:15:00,NATURALGAS,2026-07-27,train,TREND_DOWN,LONG,SHORT,0.907,0.7,0.4071,1.719,264.1,0.0,0.0,,True,True,True,False,,264.5,,,,,,
2026-07-27T16:30:00,NATURALGAS,2026-07-27,train,TREND_DOWN,LONG,SHORT,0.9888,1.2,0.5071,2.366,264.9,0.167,0.394,2,False,True,False,True,,265.5,,,,,,
2026-07-27T16:45:00,NATURALGAS,2026-07-27,train,TREND_DOWN,LONG,SHORT,0.9891,1.6,0.6214,2.575,265.5,0.312,0.805,3,True,True,True,False,,266.3,,,,,,
2026-07-27T17:00:00,NATURALGAS,2026-07-27,train,TREND_DOWN,SHORT,LONG,0.9684,1.1,0.7143,1.54,265.6,0.0,0.0,,True,True,True,False,,265.0,,,,,,
2026-07-27T17:30:00,NATURALGAS,2026-07-27,train,TREND_DOWN,LONG,SHORT,0.9802,1.2,0.8357,1.436,265.5,0.25,0.359,3,False,True,True,False,,266.8,,,,,,
2026-07-27T17:40:00,NATURALGAS,2026-07-27,train,TREND_DOWN,SHORT,LONG,0.9515,1.0,0.8786,1.138,266.8,0.0,0.0,,False,True,True,False,,265.8,,,,,,
2026-07-27T18:00:00,NATURALGAS,2026-07-27,train,TREND_DOWN,LONG,SHORT,0.9813,1.2,0.7857,1.527,265.5,0.0,0.0,,False,True,True,False,,266.4,,,,,,
2026-07-27T18:15:00,NATURALGAS,2026-07-27,train,TREND_DOWN,LONG,SHORT,0.9455,1.0,0.7857,1.273,266.4,0.0,0.0,,False,True,True,False,,267.4,,,,,,
2026-07-27T18:30:00,NATURALGAS,2026-07-27,train,TREND_DOWN,LONG,SHORT,0.9292,1.0,0.9071,1.102,266.4,0.0,0.0,,True,True,True,False,,267.6,,,,,,
2026-07-27T18:55:00,NATURALGAS,2026-07-27,train,TREND_DOWN,SHORT,LONG,0.9322,1.0,0.8643,1.157,267.6,0.0,0.0,,False,True,True,False,,267.2,,,,,,
2026-07-27T21:50:00,NATURALGAS,2026-07-27,train,TREND_DOWN,SHORT,LONG,0.9477,1.0,0.45,2.222,266.9,0.0,0.0,,False,True,True,False,,266.1,,,,,,
2026-07-28T14:20:00,NATURALGAS,2026-07-28,train,TREND_DOWN,LONG,SHORT,0.9836,0.8,0.4,2.0,261.6,0.0,0.0,,False,True,True,False,,262.0,,,,,,
2026-07-28T15:30:00,NATURALGAS,2026-07-28,train,TREND_DOWN,SHORT,LONG,0.9054,0.5,0.35,1.429,261.3,4.6,6.571,3,True,True,True,False,3,260.5,3.115,0.353,-1.027,-1.059,-1.059,-1.059
2026-07-28T15:45:00,NATURALGAS,2026-07-28,train,TREND_DOWN,LONG,SHORT,1.0,2.3,0.5929,3.879,262.8,0.0,0.0,,True,True,True,False,,264.1,,,,,,
2026-07-28T16:05:00,NATURALGAS,2026-07-28,train,TREND_DOWN,SHORT,LONG,0.9877,1.3,0.8143,1.596,263.8,0.0,0.0,,True,True,True,False,,263.3,,,,,,
2026-07-28T16:15:00,NATURALGAS,2026-07-28,train,TREND_DOWN,SHORT,LONG,0.9639,0.9,0.8571,1.05,263.3,0.0,0.0,,False,True,True,False,,262.8,,,,,,
2026-07-28T16:25:00,NATURALGAS,2026-07-28,train,TREND_DOWN,SHORT,LONG,0.9765,1.0,0.9071,1.102,262.6,0.0,0.0,,True,True,True,False,,261.6,,,,,,
2026-07-28T16:45:00,NATURALGAS,2026-07-28,train,TREND_DOWN,SHORT,LONG,0.9551,0.9,0.9143,0.984,261.34,0.0,0.0,,False,True,True,False,,261.1,,,,,,
2026-07-28T17:30:00,NATURALGAS,2026-07-28,train,TREND_DOWN,LONG,SHORT,0.9082,0.8,0.6714,1.192,260.9,0.25,0.298,3,False,True,True,False,,261.6,,,,,,
2026-07-28T17:40:00,NATURALGAS,2026-07-28,train,TREND_DOWN,SHORT,LONG,0.97,1.0,0.6786,1.474,261.13,0.0,0.0,4,False,True,True,False,,260.6,,,,,,
2026-07-28T19:25:00,NATURALGAS,2026-07-28,train,TREND_DOWN,SHORT,LONG,0.9835,1.3,0.7714,1.685,259.6,0.0,0.0,,False,True,True,False,,258.7,,,,,,
2026-07-28T19:30:00,NATURALGAS,2026-07-28,train,TREND_DOWN,SHORT,LONG,0.9508,1.0,0.8214,1.217,258.7,0.0,0.0,,False,True,True,False,,258.0,,,,,,
2026-07-28T19:35:00,NATURALGAS,2026-07-28,train,TREND_DOWN,SHORT,LONG,0.9106,0.9,0.8643,1.041,258.0,0.0,0.0,,False,True,True,False,,257.2,,,,,,
2026-07-28T22:40:00,NATURALGAS,2026-07-28,train,TREND_DOWN,LONG,SHORT,0.95,1.0,0.5,2.0,256.3,0.0,0.0,,False,True,True,False,,256.6,,,,,,
2026-07-30T12:30:00,NATURALGAS,2026-07-30,train,CHOP,SHORT,LONG,1.0,1.0,0.3357,2.979,262.8,0.0,0.0,,False,True,True,False,,262.2,,,,,,
2026-07-30T12:40:00,NATURALGAS,2026-07-30,train,CHOP,SHORT,LONG,0.9643,0.5,0.3571,1.4,262.2,0.0,0.0,4,False,True,True,False,,262.0,,,,,,
2026-07-30T13:00:00,NATURALGAS,2026-07-30,train,CHOP,LONG,SHORT,0.9375,0.5,0.4286,1.167,262.1,0.0,0.0,4,False,True,True,False,,262.2,,,,,,
2026-07-30T13:35:00,NATURALGAS,2026-07-30,train,CHOP,SHORT,LONG,0.9231,0.5,0.4643,1.077,262.49,0.02,0.022,2,True,True,False,True,,261.9,,,,,,
2026-07-30T13:50:00,NATURALGAS,2026-07-30,train,CHOP,SHORT,LONG,0.9286,0.5,0.4071,1.228,262.2,0.0,0.0,5,False,True,True,False,,262.1,,,,,,
2026-07-30T14:30:00,NATURALGAS,2026-07-30,train,CHOP,LONG,SHORT,0.98,0.8,0.4,2.0,262.7,0.0,0.0,,True,True,True,False,,263.1,,,,,,
2026-07-30T15:50:00,NATURALGAS,2026-07-30,train,CHOP,SHORT,LONG,1.0,1.7,0.4,4.25,261.6,0.0,0.0,,False,True,True,False,,260.9,,,,,,
2026-07-30T16:30:00,NATURALGAS,2026-07-30,train,CHOP,SHORT,LONG,0.973,0.9,0.55,1.636,261.0,0.0,0.0,,False,True,True,False,,260.8,,,,,,
2026-07-30T16:55:00,NATURALGAS,2026-07-30,train,CHOP,SHORT,LONG,0.9367,0.8,0.65,1.231,259.9,0.125,0.154,2,False,True,False,True,,259.6,,,,,,
2026-07-30T17:20:00,NATURALGAS,2026-07-30,train,CHOP,LONG,SHORT,0.9762,0.9,0.5929,1.518,260.0,0.556,0.843,2,True,True,False,False,,260.8,,,,,,
2026-07-30T17:50:00,NATURALGAS,2026-07-30,train,CHOP,SHORT,LONG,0.9778,0.9,0.6357,1.416,259.2,0.0,0.0,2,True,True,False,False,,258.7,,,,,,
2026-07-30T18:55:00,NATURALGAS,2026-07-30,train,CHOP,LONG,SHORT,0.9903,1.4,0.7286,1.921,259.7,0.357,0.686,2,True,True,False,True,,261.0,,,,,,
2026-07-30T19:05:00,NATURALGAS,2026-07-30,train,CHOP,SHORT,LONG,0.981,1.0,0.7857,1.273,260.0,0.0,0.0,,False,True,True,False,,259.5,,,,,,
2026-07-30T19:35:00,NATURALGAS,2026-07-30,train,CHOP,LONG,SHORT,0.982,1.1,0.75,1.467,259.5,0.0,0.0,,True,True,True,False,,260.4,,,,,,
2026-07-30T20:10:00,NATURALGAS,2026-07-30,train,CHOP,SHORT,LONG,0.9746,1.1,1.0214,1.077,263.5,0.0,0.0,4,False,True,True,False,,263.2,,,,,,
2026-07-30T20:40:00,NATURALGAS,2026-07-30,train,CHOP,LONG,SHORT,0.9839,1.6,1.15,1.391,264.8,0.0,0.0,4,True,True,True,False,,266.0,,,,,,
2026-07-30T21:20:00,NATURALGAS,2026-07-30,train,CHOP,LONG,SHORT,0.9621,1.1,0.7714,1.426,265.7,0.273,0.389,2,True,True,False,True,,265.9,,,,,,
2026-07-30T21:50:00,NATURALGAS,2026-07-30,train,CHOP,SHORT,LONG,0.9783,1.4,0.6714,2.085,264.9,0.0,0.0,,False,True,True,False,,263.7,,,,,,
2026-07-30T22:00:00,NATURALGAS,2026-07-30,train,CHOP,LONG,SHORT,0.9,0.9,0.7143,1.26,264.27,0.0,0.0,,False,True,True,False,,264.4,,,,,,
2026-07-31T11:10:00,NATURALGAS,2026-07-31,train,CHOP,LONG,SHORT,1.0,0.4,0.1929,2.074,265.6,0.0,0.0,,False,True,True,False,,265.7,,,,,,
2026-07-31T12:05:00,NATURALGAS,2026-07-31,train,CHOP,LONG,SHORT,1.0,0.6,0.2786,2.154,266.3,0.0,0.0,,False,True,True,False,,266.7,,,,,,
2026-07-31T12:20:00,NATURALGAS,2026-07-31,train,CHOP,LONG,SHORT,1.0,1.1,0.3357,3.277,266.8,0.0,0.0,4,True,True,True,False,,267.8,,,,,,
2026-07-31T12:30:00,NATURALGAS,2026-07-31,train,CHOP,SHORT,LONG,0.9762,0.7,0.35,2.0,267.7,0.0,0.0,,False,True,True,False,,267.3,,,,,,
2026-07-31T12:35:00,NATURALGAS,2026-07-31,train,CHOP,SHORT,LONG,0.9767,0.7,0.3857,1.815,267.3,0.0,0.0,,False,True,True,False,,266.8,,,,,,
2026-07-31T12:40:00,NATURALGAS,2026-07-31,train,CHOP,SHORT,LONG,0.9773,1.0,0.4357,2.295,266.8,0.0,0.0,,True,True,True,False,,266.0,,,,,,
2026-07-31T15:15:00,NATURALGAS,2026-07-31,train,CHOP,LONG,SHORT,0.9333,0.6,0.2929,2.048,266.1,0.333,0.683,3,False,True,True,False,,266.7,,,,,,
2026-07-31T15:25:00,NATURALGAS,2026-07-31,train,CHOP,SHORT,LONG,0.9091,0.5,0.3286,1.522,266.4,0.0,0.0,5,False,True,True,False,,266.2,,,,,,
2026-07-31T15:30:00,NATURALGAS,2026-07-31,train,CHOP,SHORT,LONG,0.9359,0.6,0.3571,1.68,266.2,0.167,0.28,3,False,True,True,False,,265.8,,,,,,
2026-07-31T15:40:00,NATURALGAS,2026-07-31,train,CHOP,LONG,SHORT,0.9,0.5,0.3786,1.321,266.0,0.0,0.0,4,False,True,True,False,,266.2,,,,,,
2026-07-31T17:15:00,NATURALGAS,2026-07-31,train,CHOP,LONG,SHORT,0.9192,0.8,0.7286,1.098,266.4,0.0,0.0,,False,True,True,False,,266.9,,,,,,
2026-07-31T17:30:00,NATURALGAS,2026-07-31,train,CHOP,LONG,SHORT,0.9608,1.0,0.7643,1.308,268.0,0.1,0.131,3,False,True,True,False,,268.4,,,,,,
2026-07-31T18:00:00,NATURALGAS,2026-07-31,train,CHOP,SHORT,LONG,0.9907,1.5,0.7143,2.1,267.0,0.0,0.0,,False,True,True,False,,265.9,,,,,,
2026-07-31T18:05:00,NATURALGAS,2026-07-31,train,CHOP,SHORT,LONG,0.9083,0.9,0.7286,1.235,265.9,0.0,0.0,,True,True,True,False,,265.1,,,,,,
2026-07-31T18:20:00,NATURALGAS,2026-07-31,train,CHOP,LONG,SHORT,0.9732,1.2,0.8071,1.487,265.0,0.583,0.867,2,True,True,False,True,,265.1,,,,,,
2026-07-31T18:45:00,NATURALGAS,2026-07-31,train,CHOP,SHORT,LONG,0.9829,1.3,0.8929,1.456,263.9,0.0,0.0,,True,True,True,False,,263.3,,,,,,
2026-07-31T19:45:00,NATURALGAS,2026-07-31,train,CHOP,SHORT,LONG,0.9302,1.0,0.7429,1.346,264.74,0.0,0.0,,False,True,True,False,,263.2,,,,,,
2026-07-31T22:20:00,NATURALGAS,2026-07-31,train,CHOP,LONG,SHORT,0.9062,0.9,0.4,2.25,262.0,0.0,0.0,4,True,True,True,False,,262.3,,,,,,
2026-08-03T10:05:00,NATURALGAS,2026-08-03,train,CHOP,LONG,SHORT,0.9231,0.4,0.3286,1.217,264.2,0.0,0.0,2,False,True,False,False,,264.3,,,,,,
2026-08-03T11:30:00,NATURALGAS,2026-08-03,train,CHOP,LONG,SHORT,0.9655,0.5,0.3143,1.591,264.6,0.0,0.0,,False,True,True,False,,264.9,,,,,,
2026-08-03T12:10:00,NATURALGAS,2026-08-03,train,CHOP,SHORT,LONG,0.973,0.6,0.3429,1.75,264.5,0.0,0.0,,True,True,True,False,,264.1,,,,,,
2026-08-03T13:25:00,NATURALGAS,2026-08-03,train,CHOP,LONG,SHORT,0.9615,0.6,0.4,1.5,263.6,0.0,0.0,,False,True,True,False,,263.7,,,,,,
2026-08-03T13:30:00,NATURALGAS,2026-08-03,train,CHOP,LONG,SHORT,0.9057,0.5,0.3786,1.321,263.9,0.0,0.0,,False,True,True,False,,264.0,,,,,,
2026-08-03T13:35:00,NATURALGAS,2026-08-03,train,CHOP,LONG,SHORT,0.9815,0.7,0.4,1.75,264.31,0.0,0.0,,False,True,True,False,,264.5,,,,,,
2026-08-03T13:45:00,NATURALGAS,2026-08-03,train,CHOP,LONG,SHORT,0.9821,0.7,0.45,1.556,265.0,0.0,0.0,,True,True,True,False,,265.6,,,,,,
2026-08-03T15:30:00,NATURALGAS,2026-08-03,train,CHOP,SHORT,LONG,0.961,0.6,0.2929,2.048,265.1,0.0,0.0,,True,True,True,False,,264.5,,,,,,
2026-08-03T16:05:00,NATURALGAS,2026-08-03,train,CHOP,SHORT,LONG,0.9036,0.5,0.2786,1.795,264.5,0.0,0.0,,False,True,True,False,,264.2,,,,,,
2026-08-03T16:40:00,NATURALGAS,2026-08-03,train,CHOP,LONG,SHORT,0.9556,0.6,0.3643,1.647,263.7,0.833,1.372,3,True,True,True,False,3,264.3,1.118,0.089,-1.878,-1.968,-1.968,-1.968
2026-08-03T16:55:00,NATURALGAS,2026-08-03,train,CHOP,SHORT,LONG,0.9892,0.8,0.4286,1.867,263.38,1.025,1.913,2,False,True,False,True,3,263.2,1.024,3.711,-0.293,0.902,1.902,2.902
2026-08-03T17:10:00,NATURALGAS,2026-08-03,train,CHOP,LONG,SHORT,0.9896,0.8,0.5214,1.534,263.5,0.0,0.0,,True,True,True,False,,264.2,,,,,,
2026-08-03T17:25:00,NATURALGAS,2026-08-03,train,CHOP,LONG,SHORT,1.0,1.0,0.55,1.818,264.72,0.12,0.218,2,True,True,False,True,,265.3,,,,,,
2026-08-03T17:35:00,NATURALGAS,2026-08-03,train,CHOP,SHORT,LONG,0.901,0.6,0.5214,1.151,265.0,2.167,2.493,2,True,True,False,False,3,264.6,1.718,1.281,-1.164,0.942,-1.222,-1.222
2026-08-03T17:50:00,NATURALGAS,2026-08-03,train,CHOP,LONG,SHORT,1.0,1.3,0.5857,2.22,265.8,0.0,0.0,,False,True,True,False,,266.3,,,,,,
2026-08-03T18:00:00,NATURALGAS,2026-08-03,train,CHOP,LONG,SHORT,0.9811,0.9,0.6571,1.37,266.6,0.0,0.0,4,False,True,True,False,,267.1,,,,,,
2026-08-03T18:05:00,NATURALGAS,2026-08-03,train,CHOP,LONG,SHORT,0.9626,0.8,0.65,1.231,267.1,1.625,2.0,3,False,True,True,False,3,268.0,2.224,1.394,-0.18,0.955,0.585,0.585
2026-08-03T18:20:00,NATURALGAS,2026-08-03,train,CHOP,SHORT,LONG,1.0,1.3,0.7786,1.67,267.3,0.0,0.0,,True,True,True,False,,265.7,,,,,,
2026-08-03T18:25:00,NATURALGAS,2026-08-03,train,CHOP,LONG,SHORT,0.9099,0.7,0.8,0.875,264.89,0.0,0.0,,True,True,True,False,,266.1,,,,,,
2026-08-03T19:40:00,NATURALGAS,2026-08-03,train,CHOP,LONG,SHORT,0.9286,0.8,0.65,1.231,263.3,0.0,0.0,2,True,True,False,False,,263.5,,,,,,
2026-08-04T10:40:00,NATURALGAS,2026-08-04,train,TREND_DOWN,LONG,SHORT,1.0,0.6,0.2143,2.8,265.4,0.0,0.0,,True,True,True,False,,265.9,,,,,,
2026-08-04T11:30:00,NATURALGAS,2026-08-04,train,TREND_DOWN,LONG,SHORT,0.9,0.3,0.2357,1.273,265.5,0.0,0.0,,False,True,True,False,,265.8,,,,,,
2026-08-04T12:15:00,NATURALGAS,2026-08-04,train,TREND_DOWN,SHORT,LONG,1.0,0.6,0.3143,1.909,265.8,0.0,0.0,,False,True,True,False,,265.0,,,,,,
2026-08-04T12:30:00,NATURALGAS,2026-08-04,train,TREND_DOWN,SHORT,LONG,0.9286,0.4,0.3214,1.245,264.6,0.0,0.0,2,True,True,False,False,,264.4,,,,,,
2026-08-04T13:25:00,NATURALGAS,2026-08-04,train,TREND_DOWN,SHORT,LONG,0.9808,0.6,0.2929,2.048,264.3,0.0,0.0,,False,True,True,False,,263.8,,,,,,
2026-08-04T14:35:00,NATURALGAS,2026-08-04,train,TREND_DOWN,SHORT,LONG,0.9848,0.6,0.2786,2.154,264.0,0.0,0.0,,True,True,True,False,,263.8,,,,,,
2026-08-04T15:15:00,NATURALGAS,2026-08-04,train,TREND_DOWN,LONG,SHORT,0.9459,0.5,0.2929,1.707,263.8,0.0,0.0,3,False,True,True,False,,263.9,,,,,,
2026-08-04T15:50:00,NATURALGAS,2026-08-04,train,TREND_DOWN,SHORT,LONG,0.9506,0.5,0.3143,1.591,263.2,0.0,0.0,,True,True,True,False,,262.9,,,,,,
2026-08-04T16:00:00,NATURALGAS,2026-08-04,train,TREND_DOWN,SHORT,LONG,0.988,0.6,0.35,1.714,262.6,0.0,0.0,5,False,True,True,False,,262.1,,,,,,
2026-08-04T16:10:00,NATURALGAS,2026-08-04,train,TREND_DOWN,SHORT,LONG,0.9882,0.6,0.3429,1.75,262.0,1.5,2.625,2,True,True,False,True,2,261.6,0.818,1.1,-1.345,0.878,-1.467,-1.467
2026-08-04T16:20:00,NATURALGAS,2026-08-04,train,TREND_DOWN,LONG,SHORT,0.9885,0.6,0.4071,1.474,262.2,0.0,0.0,4,False,True,True,False,,262.4,,,,,,
2026-08-04T16:25:00,NATURALGAS,2026-08-04,train,TREND_DOWN,LONG,SHORT,0.9205,0.5,0.4,1.25,262.4,0.4,0.5,2,True,True,False,False,,262.9,,,,,,
2026-08-04T16:30:00,NATURALGAS,2026-08-04,train,TREND_DOWN,SHORT,LONG,1.0,0.7,0.4357,1.607,264.02,0.0,0.0,,False,True,True,False,,262.6,,,,,,
2026-08-04T17:05:00,NATURALGAS,2026-08-04,train,TREND_DOWN,SHORT,LONG,1.0,0.7,0.45,1.556,261.6,0.0,0.0,,False,True,True,False,,261.3,,,,,,
2026-08-04T17:10:00,NATURALGAS,2026-08-04,train,TREND_DOWN,SHORT,LONG,1.0,1.0,0.4786,2.089,261.2,0.0,0.0,,False,True,True,False,,260.5,,,,,,
2026-08-04T17:15:00,NATURALGAS,2026-08-04,train,TREND_DOWN,SHORT,LONG,1.0,1.4,0.5714,2.45,260.5,0.0,0.0,,False,True,True,False,,259.4,,,,,,
2026-08-04T17:20:00,NATURALGAS,2026-08-04,train,TREND_DOWN,SHORT,LONG,0.9899,1.2,0.6143,1.953,259.4,0.167,0.326,2,False,True,False,False,,258.6,,,,,,
2026-08-04T18:05:00,NATURALGAS,2026-08-04,train,TREND_DOWN,SHORT,LONG,0.9537,0.7,0.7857,0.891,263.58,0.0,0.0,,False,True,True,False,,258.7,,,,,,
2026-08-04T18:40:00,NATURALGAS,2026-08-04,train,TREND_DOWN,SHORT,LONG,0.9565,0.7,0.6643,1.054,263.24,0.0,0.0,,False,True,True,False,,258.4,,,,,,
2026-08-04T18:45:00,NATURALGAS,2026-08-04,train,TREND_DOWN,SHORT,LONG,0.9741,1.0,0.7286,1.372,258.4,0.0,0.0,,False,True,True,False,,257.1,,,,,,
2026-08-04T18:50:00,NATURALGAS,2026-08-04,train,TREND_DOWN,SHORT,LONG,0.9744,1.1,0.7429,1.481,257.0,0.0,0.0,,True,True,True,False,,256.0,,,,,,
2026-08-04T19:05:00,NATURALGAS,2026-08-04,train,TREND_DOWN,SHORT,LONG,0.925,0.7,0.75,0.933,256.0,0.0,0.0,,True,True,True,False,,255.7,,,,,,
2026-08-04T19:15:00,NATURALGAS,2026-08-04,train,TREND_DOWN,SHORT,LONG,0.9262,0.7,0.6571,1.065,255.5,0.0,0.0,,False,True,True,False,,255.0,,,,,,
2026-08-04T21:30:00,NATURALGAS,2026-08-04,train,TREND_DOWN,LONG,SHORT,0.9262,0.7,0.4,1.75,255.3,0.0,0.0,4,True,True,True,False,,255.8,,,,,,
2026-08-05T10:10:00,NATURALGAS,2026-08-05,val,CHOP,SHORT,LONG,1.0,0.9,0.25,3.6,257.5,0.0,0.0,,True,True,True,False,,256.9,,,,,,
2026-08-05T11:25:00,NATURALGAS,2026-08-05,val,CHOP,LONG,SHORT,0.9655,0.5,0.2357,2.121,257.5,0.0,0.0,3,False,True,True,False,,257.7,,,,,,
2026-08-05T12:35:00,NATURALGAS,2026-08-05,val,CHOP,LONG,SHORT,0.9767,0.5,0.3071,1.628,258.2,0.4,0.651,2,True,True,False,True,,258.5,,,,,,
2026-08-05T13:05:00,NATURALGAS,2026-08-05,val,CHOP,SHORT,LONG,0.9796,0.5,0.2929,1.707,258.5,0.0,0.0,,False,True,True,False,,258.1,,,,,,
2026-08-05T13:10:00,NATURALGAS,2026-08-05,val,CHOP,SHORT,LONG,0.9,0.4,0.3071,1.303,257.9,0.0,0.0,,False,True,True,False,,257.7,,,,,,
2026-08-05T13:15:00,NATURALGAS,2026-08-05,val,CHOP,SHORT,LONG,0.9804,0.6,0.3357,1.787,257.7,0.0,0.0,,True,True,True,False,,257.1,,,,,,
2026-08-05T14:05:00,NATURALGAS,2026-08-05,val,CHOP,LONG,SHORT,0.9836,0.6,0.35,1.714,257.87,0.0,0.0,4,True,True,True,False,,258.1,,,,,,
2026-08-05T15:45:00,NATURALGAS,2026-08-05,val,CHOP,SHORT,LONG,1.0,1.1,0.3571,3.08,256.7,0.0,0.0,2,True,True,False,False,,256.5,,,,,,
2026-08-05T16:15:00,NATURALGAS,2026-08-05,val,CHOP,LONG,SHORT,0.977,0.6,0.3571,1.68,256.7,0.0,0.0,,False,True,True,False,,257.3,,,,,,
2026-08-05T17:05:00,NATURALGAS,2026-08-05,val,CHOP,SHORT,LONG,0.9794,0.7,0.4214,1.661,257.5,0.0,0.0,,True,True,True,False,,257.3,,,,,,
2026-08-05T17:15:00,NATURALGAS,2026-08-05,val,CHOP,SHORT,LONG,0.9192,0.5,0.4786,1.045,257.0,0.4,0.418,2,False,True,False,True,,256.8,,,,,,
2026-08-05T17:30:00,NATURALGAS,2026-08-05,val,CHOP,SHORT,LONG,1.0,1.2,0.5,2.4,256.5,0.0,0.0,,True,True,True,False,,256.1,,,,,,
2026-08-05T17:50:00,NATURALGAS,2026-08-05,val,CHOP,SHORT,LONG,0.9811,1.0,0.5929,1.687,256.8,0.1,0.169,3,False,True,True,False,,256.0,,,,,,
2026-08-05T18:30:00,NATURALGAS,2026-08-05,val,CHOP,SHORT,LONG,0.9649,1.0,0.8786,1.138,256.1,0.6,0.683,2,True,True,False,True,,255.7,,,,,,
2026-08-05T19:35:00,NATURALGAS,2026-08-05,val,CHOP,SHORT,LONG,0.9449,0.9,0.5714,1.575,256.1,0.0,0.0,,False,True,True,False,,255.4,,,,,,
2026-08-05T20:00:00,NATURALGAS,2026-08-05,val,CHOP,SHORT,LONG,0.9242,0.8,0.5643,1.418,255.1,0.0,0.0,4,True,True,True,False,,254.8,,,,,,
2026-08-05T21:45:00,NATURALGAS,2026-08-05,val,CHOP,LONG,SHORT,0.9542,0.9,0.3857,2.333,255.7,0.0,0.0,,False,True,True,False,,256.5,,,,,,
2026-08-06T11:30:00,NATURALGAS,2026-08-06,val,CHOP,LONG,SHORT,1.0,1.2,0.25,4.8,256.1,0.0,0.0,,False,True,True,False,,256.6,,,,,,
2026-08-06T11:35:00,NATURALGAS,2026-08-06,val,CHOP,LONG,SHORT,0.9677,0.5,0.2714,1.842,256.6,0.0,0.0,,False,True,True,False,,256.8,,,,,,
2026-08-06T12:00:00,NATURALGAS,2026-08-06,val,CHOP,LONG,SHORT,0.9444,0.4,0.3286,1.217,257.5,0.0,0.0,,False,True,True,False,,257.6,,,,,,
2026-08-06T12:05:00,NATURALGAS,2026-08-06,val,CHOP,LONG,SHORT,0.9459,0.4,0.35,1.143,257.6,0.0,0.0,,False,True,True,False,,257.8,,,,,,
2026-08-06T13:20:00,NATURALGAS,2026-08-06,val,CHOP,SHORT,LONG,0.9423,0.4,0.2714,1.474,257.0,0.0,0.0,3,False,True,True,False,,256.7,,,,,,
2026-08-06T13:55:00,NATURALGAS,2026-08-06,val,CHOP,SHORT,LONG,0.9828,0.7,0.2929,2.39,256.6,0.286,0.683,2,True,True,False,False,,256.5,,,,,,
2026-08-06T15:05:00,NATURALGAS,2026-08-06,val,CHOP,SHORT,LONG,0.9861,0.8,0.2571,3.112,256.5,0.0,0.0,,True,True,True,False,,255.9,,,,,,
2026-08-06T15:25:00,NATURALGAS,2026-08-06,val,CHOP,SHORT,LONG,0.9868,0.8,0.3143,2.545,255.1,0.25,0.636,2,True,True,False,True,,255.0,,,,,,
2026-08-06T16:05:00,NATURALGAS,2026-08-06,val,CHOP,LONG,SHORT,0.9643,0.7,0.4214,1.661,255.4,0.0,0.0,5,False,True,True,False,,255.6,,,,,,
2026-08-06T16:10:00,NATURALGAS,2026-08-06,val,CHOP,LONG,SHORT,0.9412,0.6,0.45,1.333,255.6,0.0,0.0,3,False,True,True,False,,255.9,,,,,,
2026-08-06T17:15:00,NATURALGAS,2026-08-06,val,CHOP,SHORT,LONG,0.949,0.6,0.3571,1.68,254.7,0.0,0.0,,True,True,True,False,,253.9,,,,,,
2026-08-06T17:20:00,NATURALGAS,2026-08-06,val,CHOP,SHORT,LONG,0.9192,0.5,0.3571,1.4,253.9,0.8,1.12,3,True,True,True,False,3,253.4,0.915,1.53,-1.421,0.891,-1.53,-1.53
2026-08-06T17:40:00,NATURALGAS,2026-08-06,val,CHOP,SHORT,LONG,0.9806,1.0,0.4929,2.029,254.92,0.28,0.568,3,True,True,True,False,,253.7,,,,,,
2026-08-06T17:45:00,NATURALGAS,2026-08-06,val,CHOP,LONG,SHORT,0.9615,0.8,0.5429,1.474,253.9,0.0,0.0,,True,True,True,False,,254.6,,,,,,
2026-08-06T17:55:00,NATURALGAS,2026-08-06,val,CHOP,LONG,SHORT,0.9906,1.3,0.65,2.0,254.8,0.615,1.231,2,True,True,False,True,2,255.2,1.239,0.323,-1.13,-1.211,-1.211,-1.211
2026-08-06T19:00:00,NATURALGAS,2026-08-06,val,CHOP,SHORT,LONG,0.9748,1.2,0.7929,1.513,254.7,0.0,0.0,,False,True,True,False,,253.8,,,,,,
2026-08-06T20:00:00,NATURALGAS,2026-08-06,val,CHOP,SHORT,LONG,0.916,0.7,0.6357,1.101,252.3,0.0,0.0,,False,True,True,False,,251.3,,,,,,
2026-08-06T20:05:00,NATURALGAS,2026-08-06,val,CHOP,SHORT,LONG,0.9167,0.7,0.65,1.077,251.3,0.0,0.0,5,False,True,True,False,,250.9,,,,,,
2026-08-06T22:15:00,NATURALGAS,2026-08-06,val,CHOP,LONG,SHORT,0.9684,1.0,0.4714,2.121,254.0,0.0,0.0,,False,True,True,False,,254.5,,,,,,
2026-08-07T10:00:00,NATURALGAS,2026-08-07,val,TREND_UP,SHORT,LONG,0.9167,0.4,0.3,1.333,252.5,0.0,0.0,5,False,True,True,False,,252.3,,,,,,
2026-08-07T10:35:00,NATURALGAS,2026-08-07,val,TREND_UP,LONG,SHORT,1.0,0.5,0.2786,1.795,252.9,0.2,0.359,2,False,True,False,True,,253.1,,,,,,
2026-08-07T11:40:00,NATURALGAS,2026-08-07,val,TREND_UP,LONG,SHORT,0.9032,0.4,0.2643,1.513,253.4,0.0,0.0,,False,True,True,False,,253.7,,,,,,
2026-08-07T11:45:00,NATURALGAS,2026-08-07,val,TREND_UP,LONG,SHORT,1.0,0.5,0.2643,1.892,253.7,0.0,0.0,,False,True,True,False,,254.1,,,,,,
2026-08-07T12:10:00,NATURALGAS,2026-08-07,val,TREND_UP,LONG,SHORT,1.0,0.9,0.3214,2.8,254.3,0.0,0.0,,True,True,True,False,,254.7,,,,,,
2026-08-07T12:40:00,NATURALGAS,2026-08-07,val,TREND_UP,SHORT,LONG,0.907,0.4,0.3429,1.167,254.7,0.0,0.0,4,True,True,True,False,,254.5,,,,,,
2026-08-07T13:45:00,NATURALGAS,2026-08-07,val,TREND_UP,SHORT,LONG,0.9636,0.5,0.2857,1.75,254.1,0.0,0.0,,True,True,True,False,,253.8,,,,,,
2026-08-07T14:05:00,NATURALGAS,2026-08-07,val,TREND_UP,SHORT,LONG,0.9661,0.6,0.2929,2.048,253.8,0.0,0.0,,True,True,True,False,,253.4,,,,,,
2026-08-07T14:20:00,NATURALGAS,2026-08-07,val,TREND_UP,SHORT,LONG,0.9516,0.5,0.2857,1.75,253.3,0.0,0.0,4,False,True,True,False,,253.2,,,,,,
2026-08-07T16:30:00,NATURALGAS,2026-08-07,val,TREND_UP,SHORT,LONG,0.9886,0.6,0.3286,1.826,252.1,0.5,0.913,2,True,True,False,False,,251.7,,,,,,
2026-08-07T17:35:00,NATURALGAS,2026-08-07,val,TREND_UP,LONG,SHORT,0.9406,0.5,0.4214,1.187,252.9,0.0,0.0,4,False,True,True,False,,253.0,,,,,,
2026-08-07T17:50:00,NATURALGAS,2026-08-07,val,TREND_UP,SHORT,LONG,1.0,1.1,0.4714,2.333,253.4,0.182,0.424,3,False,True,True,False,,253.0,,,,,,
2026-08-07T18:00:00,NATURALGAS,2026-08-07,val,TREND_UP,LONG,SHORT,0.9623,0.6,0.5071,1.183,253.0,0.167,0.197,2,False,True,False,True,,253.2,,,,,,
2026-08-07T18:30:00,NATURALGAS,2026-08-07,val,TREND_UP,LONG,SHORT,0.9911,1.2,0.6429,1.867,253.58,0.0,0.0,,True,True,True,False,,254.3,,,,,,
2026-08-07T18:40:00,NATURALGAS,2026-08-07,val,TREND_UP,LONG,SHORT,0.9825,1.1,0.7429,1.481,255.0,0.0,0.0,,False,True,True,False,,255.3,,,,,,
2026-08-07T20:20:00,NATURALGAS,2026-08-07,val,TREND_UP,SHORT,LONG,0.9627,0.7,0.4214,1.661,256.0,0.0,0.0,,True,True,True,False,,255.7,,,,,,
2026-08-07T20:55:00,NATURALGAS,2026-08-07,val,TREND_UP,SHORT,LONG,0.9645,0.7,0.3643,1.921,255.0,0.0,0.0,,True,True,True,False,,254.8,,,,,,
2026-08-07T21:15:00,NATURALGAS,2026-08-07,val,TREND_UP,LONG,SHORT,0.9103,0.6,0.3857,1.556,254.37,0.0,0.0,,False,True,True,False,,254.5,,,,,,
2026-08-07T21:20:00,NATURALGAS,2026-08-07,val,TREND_UP,LONG,SHORT,0.9658,0.7,0.4214,1.661,254.7,0.0,0.0,,False,True,True,False,,255.0,,,,,,
2026-08-07T21:55:00,NATURALGAS,2026-08-07,val,TREND_UP,LONG,SHORT,0.9673,0.7,0.4357,1.607,255.3,0.143,0.23,2,False,True,False,True,,255.5,,,,,,
2026-08-10T11:40:00,NATURALGAS,2026-08-10,val,TREND_UP,LONG,SHORT,1.0,0.5,0.25,2.0,261.7,0.0,0.0,,False,True,True,False,,262.0,,,,,,
2026-08-10T11:45:00,NATURALGAS,2026-08-10,val,TREND_UP,LONG,SHORT,1.0,0.6,0.2714,2.211,262.0,0.0,0.0,,True,True,True,False,,262.6,,,,,,
2026-08-10T13:25:00,NATURALGAS,2026-08-10,val,TREND_UP,LONG,SHORT,0.9608,0.5,0.4,1.25,262.6,0.0,0.0,,False,True,True,False,,262.8,,,,,,
2026-08-10T14:25:00,NATURALGAS,2026-08-10,val,TREND_UP,SHORT,LONG,0.9048,0.4,0.3071,1.303,263.8,0.0,0.0,,False,True,True,False,,263.4,,,,,,
2026-08-10T14:35:00,NATURALGAS,2026-08-10,val,TREND_UP,LONG,SHORT,0.9077,0.4,0.2857,1.4,263.5,0.0,0.0,,False,True,True,False,,263.6,,,,,,
2026-08-10T14:55:00,NATURALGAS,2026-08-10,val,TREND_UP,LONG,SHORT,1.0,0.6,0.3143,1.909,263.9,0.333,0.636,2,False,True,False,True,,264.1,,,,,,
2026-08-10T15:45:00,NATURALGAS,2026-08-10,val,TREND_UP,SHORT,LONG,0.9615,0.5,0.2714,1.842,263.8,0.0,0.0,4,False,True,True,False,,263.7,,,,,,
2026-08-10T17:00:00,NATURALGAS,2026-08-10,val,TREND_UP,LONG,SHORT,0.9677,0.5,0.3214,1.556,263.9,0.0,0.0,5,True,True,True,False,,264.2,,,,,,
2026-08-10T17:10:00,NATURALGAS,2026-08-10,val,TREND_UP,LONG,SHORT,1.0,0.7,0.35,2.0,264.3,1.0,2.0,3,False,True,True,False,3,264.7,1.121,0.535,-1.16,-1.249,-1.249,-1.249
2026-08-10T17:15:00,NATURALGAS,2026-08-10,val,TREND_UP,LONG,SHORT,0.9583,0.5,0.3571,1.4,264.31,1.42,1.988,2,False,True,False,True,2,264.5,0.915,0.656,-1.202,-1.311,-1.311,-1.311
2026-08-10T17:25:00,NATURALGAS,2026-08-10,val,TREND_UP,SHORT,LONG,1.0,0.7,0.3786,1.849,264.0,0.0,0.0,5,True,True,True,False,,263.6,,,,,,
2026-08-10T17:50:00,NATURALGAS,2026-08-10,val,TREND_UP,LONG,SHORT,0.9903,0.9,0.6214,1.448,264.7,0.0,0.0,5,True,True,True,False,,264.9,,,,,,
2026-08-10T18:05:00,NATURALGAS,2026-08-10,val,TREND_UP,LONG,SHORT,0.9434,0.6,0.6643,0.903,265.3,2.667,2.409,2,False,True,False,True,2,265.7,1.818,0.385,-1.1,-1.155,-1.155,-1.155
2026-08-10T18:15:00,NATURALGAS,2026-08-10,val,TREND_UP,SHORT,LONG,0.9907,1.5,0.7643,1.963,265.5,0.0,0.0,,True,True,True,False,,263.8,,,,,,
2026-08-10T18:30:00,NATURALGAS,2026-08-10,val,TREND_UP,LONG,SHORT,0.9099,0.5,0.8,0.625,264.0,0.0,0.0,,False,True,True,False,,264.3,,,,,,
2026-08-10T18:45:00,NATURALGAS,2026-08-10,val,TREND_UP,LONG,SHORT,0.9825,1.0,0.8643,1.157,265.8,0.0,0.0,,False,True,True,False,,265.9,,,,,,
2026-08-10T18:55:00,NATURALGAS,2026-08-10,val,TREND_UP,LONG,SHORT,0.9569,0.7,0.75,0.933,266.1,0.0,0.0,,False,True,True,False,,266.6,,,,,,
2026-08-10T20:25:00,NATURALGAS,2026-08-10,val,TREND_UP,SHORT,LONG,0.903,0.6,0.4857,1.235,267.2,0.0,0.0,5,False,True,True,False,,266.8,,,,,,
2026-08-10T22:05:00,NATURALGAS,2026-08-10,val,TREND_UP,SHORT,LONG,0.9805,0.9,0.3857,2.333,266.8,0.0,0.0,4,False,True,True,False,,266.3,,,,,,
2026-08-10T22:25:00,NATURALGAS,2026-08-10,val,TREND_UP,LONG,SHORT,0.962,0.7,0.3786,1.849,266.2,0.0,0.0,,False,True,True,False,,267.1,,,,,,
2026-08-11T10:30:00,NATURALGAS,2026-08-11,val,CHOP,LONG,SHORT,0.9412,0.5,0.2571,1.945,265.5,0.0,0.0,5,False,True,True,False,,265.8,,,,,,
2026-08-11T10:55:00,NATURALGAS,2026-08-11,val,CHOP,SHORT,LONG,0.9091,0.3,0.2286,1.312,265.6,0.333,0.437,2,False,True,False,True,,265.5,,,,,,
2026-08-11T11:20:00,NATURALGAS,2026-08-11,val,CHOP,LONG,SHORT,1.0,1.5,0.3286,4.565,265.9,0.0,0.0,,True,True,True,False,,266.9,,,,,,
2026-08-11T11:40:00,NATURALGAS,2026-08-11,val,CHOP,LONG,SHORT,0.9677,0.7,0.3857,1.815,266.6,0.0,0.0,,False,True,True,False,,266.9,,,,,,
2026-08-11T12:25:00,NATURALGAS,2026-08-11,val,CHOP,SHORT,LONG,0.975,0.7,0.5143,1.361,266.5,0.0,0.0,,True,True,True,False,,265.7,,,,,,
2026-08-11T13:00:00,NATURALGAS,2026-08-11,val,CHOP,LONG,SHORT,0.9149,0.6,0.4214,1.424,266.4,0.0,0.0,4,False,True,True,False,,266.5,,,,,,
2026-08-11T13:05:00,NATURALGAS,2026-08-11,val,CHOP,LONG,SHORT,0.9167,0.6,0.45,1.333,266.5,0.5,0.667,2,False,True,False,False,,266.8,,,,,,
2026-08-11T15:40:00,NATURALGAS,2026-08-11,val,CHOP,SHORT,LONG,0.9494,0.6,0.3,2.0,265.0,0.0,0.0,,False,True,True,False,,264.7,,,,,,
2026-08-11T16:00:00,NATURALGAS,2026-08-11,val,CHOP,SHORT,LONG,0.988,0.9,0.3786,2.377,264.0,0.0,0.0,5,True,True,True,False,,263.3,,,,,,
2026-08-11T16:40:00,NATURALGAS,2026-08-11,val,CHOP,LONG,SHORT,0.9341,0.6,0.4714,1.273,263.4,0.0,0.0,2,True,True,False,False,,263.8,,,,,,
2026-08-11T17:30:00,NATURALGAS,2026-08-11,val,CHOP,SHORT,LONG,0.9703,0.7,0.5429,1.289,265.1,0.0,0.0,4,False,True,True,False,,263.9,,,,,,
2026-08-11T17:45:00,NATURALGAS,2026-08-11,val,CHOP,LONG,SHORT,0.9808,0.9,0.5143,1.75,264.6,0.0,0.0,,False,True,True,False,,264.9,,,,,,
2026-08-11T17:50:00,NATURALGAS,2026-08-11,val,CHOP,LONG,SHORT,1.0,2.0,0.6143,3.256,264.9,0.0,0.0,,False,True,True,False,,266.8,,,,,,
2026-08-11T18:05:00,NATURALGAS,2026-08-11,val,CHOP,LONG,SHORT,0.9537,0.9,0.8071,1.115,267.01,0.0,0.0,,False,True,True,False,,267.2,,,,,,
2026-08-11T18:30:00,NATURALGAS,2026-08-11,val,CHOP,SHORT,LONG,0.9115,0.8,1.0214,0.783,267.9,0.0,0.0,,False,True,True,False,,267.2,,,,,,
2026-08-12T11:20:00,NATURALGAS,2026-08-12,val,TREND_UP,LONG,SHORT,1.0,0.8,0.25,3.2,266.2,0.125,0.4,2,True,True,False,True,,266.5,,,,,,
2026-08-12T11:30:00,NATURALGAS,2026-08-12,val,TREND_UP,SHORT,LONG,0.9667,0.8,0.3214,2.489,266.5,0.0,0.0,,True,True,True,False,,266.1,,,,,,
2026-08-12T12:00:00,NATURALGAS,2026-08-12,val,TREND_UP,SHORT,LONG,0.9167,0.5,0.3643,1.372,265.7,0.0,0.0,,False,True,True,False,,265.5,,,,,,
2026-08-12T12:05:00,NATURALGAS,2026-08-12,val,TREND_UP,SHORT,LONG,0.9459,0.6,0.4071,1.474,264.91,0.0,0.0,,False,True,True,False,,264.8,,,,,,
2026-08-12T12:30:00,NATURALGAS,2026-08-12,val,TREND_UP,LONG,SHORT,0.9524,0.6,0.4071,1.474,264.8,0.0,0.0,,False,True,True,False,,265.2,,,,,,
2026-08-12T12:35:00,NATURALGAS,2026-08-12,val,TREND_UP,LONG,SHORT,0.9535,0.6,0.4214,1.424,265.2,0.0,0.0,,True,True,True,False,,265.5,,,,,,
2026-08-12T12:55:00,NATURALGAS,2026-08-12,val,TREND_UP,LONG,SHORT,0.9362,0.6,0.4071,1.474,265.86,0.0,0.0,,False,True,True,False,,266.2,,,,,,
2026-08-12T14:05:00,NATURALGAS,2026-08-12,val,TREND_UP,SHORT,LONG,0.9672,0.6,0.3857,1.556,267.2,0.0,0.0,2,False,True,False,False,,266.9,,,,,,
2026-08-12T15:00:00,NATURALGAS,2026-08-12,val,TREND_UP,LONG,SHORT,0.9722,0.6,0.35,1.714,266.8,0.333,0.571,2,False,True,False,True,,267.1,,,,,,
2026-08-12T16:35:00,NATURALGAS,2026-08-12,val,TREND_UP,SHORT,LONG,0.9121,0.6,0.4429,1.355,266.2,0.0,0.0,5,True,True,True,False,,265.8,,,,,,
2026-08-12T17:00:00,NATURALGAS,2026-08-12,val,TREND_UP,LONG,SHORT,0.9896,0.9,0.4714,1.909,267.33,1.033,1.973,3,False,True,True,False,3,267.4,1.027,0.0,-1.363,-1.461,-1.461,-1.461
2026-08-12T17:20:00,NATURALGAS,2026-08-12,val,TREND_UP,LONG,SHORT,1.0,1.4,0.6143,2.279,267.48,0.057,0.13,2,True,True,False,True,,267.8,,,,,,
2026-08-12T17:35:00,NATURALGAS,2026-08-12,val,TREND_UP,LONG,SHORT,0.9709,0.9,0.6286,1.432,267.9,0.0,0.0,,False,True,True,False,,268.2,,,,,,
2026-08-12T17:45:00,NATURALGAS,2026-08-12,val,TREND_UP,LONG,SHORT,0.9905,1.3,0.6714,1.936,268.5,0.0,0.0,,True,True,True,False,,269.6,,,,,,
2026-08-12T18:20:00,NATURALGAS,2026-08-12,val,TREND_UP,LONG,SHORT,0.9107,0.7,0.8071,0.867,267.11,0.0,0.0,,True,True,True,False,,269.0,,,,,,
2026-08-12T18:40:00,NATURALGAS,2026-08-12,val,TREND_UP,SHORT,LONG,0.9052,0.7,0.7357,0.951,268.1,1.429,1.359,3,True,True,True,False,3,267.5,1.621,0.432,-1.11,-1.172,-1.172,-1.172
2026-08-12T18:55:00,NATURALGAS,2026-08-12,val,TREND_UP,LONG,SHORT,1.0,1.5,0.7071,2.121,267.6,0.0,0.0,,True,True,True,False,,269.1,,,,,,
2026-08-12T19:30:00,NATURALGAS,2026-08-12,val,TREND_UP,LONG,SHORT,0.9127,0.8,0.6786,1.179,268.4,0.0,0.0,4,False,True,True,False,,268.9,,,,,,
2026-08-13T22:40:00,NATURALGAS,2026-08-13,val,CHOP,SHORT,LONG,0.9167,0.8,0.4929,1.623,262.0,0.0,0.0,,True,True,True,False,,261.6,,,,,,
2026-08-14T10:30:00,NATURALGAS,2026-08-14,oos,CHOP,SHORT,LONG,0.9444,0.3,0.2286,1.312,262.6,0.333,0.437,2,True,True,False,True,,262.5,,,,,,
2026-08-14T12:10:00,NATURALGAS,2026-08-14,oos,CHOP,SHORT,LONG,0.9474,0.3,0.2643,1.135,263.1,0.0,0.0,3,True,True,True,False,,262.8,,,,,,
2026-08-14T12:25:00,NATURALGAS,2026-08-14,oos,CHOP,LONG,SHORT,0.9268,0.3,0.2429,1.235,263.01,1.367,1.688,2,False,True,False,True,2,263.1,0.409,0.978,-1.467,-1.711,-1.711,-1.711
2026-08-14T12:35:00,NATURALGAS,2026-08-14,oos,CHOP,SHORT,LONG,1.0,0.9,0.3214,2.8,262.8,0.0,0.0,,False,True,True,False,,262.5,,,,,,
2026-08-14T12:40:00,NATURALGAS,2026-08-14,oos,CHOP,SHORT,LONG,0.9318,0.4,0.3286,1.217,262.8,0.0,0.0,,False,True,True,False,,262.6,,,,,,
2026-08-14T13:30:00,NATURALGAS,2026-08-14,oos,CHOP,LONG,SHORT,0.9444,0.4,0.4,1.0,263.3,0.0,0.0,,False,True,True,False,,263.6,,,,,,
2026-08-14T15:15:00,NATURALGAS,2026-08-14,oos,CHOP,LONG,SHORT,1.0,0.9,0.2857,3.15,263.8,0.222,0.7,2,True,True,False,True,,264.0,,,,,,
2026-08-14T15:25:00,NATURALGAS,2026-08-14,oos,CHOP,SHORT,LONG,0.9333,0.4,0.3,1.333,263.9,0.0,0.0,4,True,True,True,False,,263.5,,,,,,
2026-08-14T16:00:00,NATURALGAS,2026-08-14,oos,CHOP,SHORT,LONG,0.939,0.4,0.3214,1.245,263.6,0.0,0.0,,True,True,True,False,,263.3,,,,,,
2026-08-14T16:10:00,NATURALGAS,2026-08-14,oos,CHOP,SHORT,LONG,0.9405,0.4,0.3214,1.245,263.3,0.0,0.0,,True,True,True,False,,263.0,,,,,,
2026-08-14T16:30:00,NATURALGAS,2026-08-14,oos,CHOP,SHORT,LONG,0.9651,0.5,0.3143,1.591,262.65,0.3,0.477,2,True,True,False,True,,262.2,,,,,,
2026-08-14T17:30:00,NATURALGAS,2026-08-14,oos,CHOP,LONG,SHORT,0.9184,0.5,0.55,0.909,264.0,0.0,0.0,2,False,True,False,False,,264.1,,,,,,
2026-08-14T17:45:00,NATURALGAS,2026-08-14,oos,CHOP,LONG,SHORT,0.9703,0.7,0.5929,1.181,264.6,0.429,0.506,2,False,True,False,False,,264.7,,,,,,
2026-08-14T17:55:00,NATURALGAS,2026-08-14,oos,CHOP,SHORT,LONG,0.9903,0.9,0.6643,1.355,264.7,0.0,0.0,,False,True,True,False,,264.6,,,,,,
2026-08-14T18:00:00,NATURALGAS,2026-08-14,oos,CHOP,SHORT,LONG,0.9519,0.8,0.6786,1.179,264.6,0.0,0.0,5,False,True,True,False,,264.2,,,,,,
2026-08-14T18:20:00,NATURALGAS,2026-08-14,oos,CHOP,LONG,SHORT,0.9074,0.6,0.7,0.857,264.2,0.833,0.714,2,False,True,False,True,2,264.5,0.818,1.467,-1.467,0.878,-1.589,-1.589
2026-08-14T19:05:00,NATURALGAS,2026-08-14,oos,CHOP,LONG,SHORT,1.0,1.3,0.6643,1.957,263.62,0.0,0.0,,False,True,True,False,,263.8,,,,,,
2026-08-14T19:10:00,NATURALGAS,2026-08-14,oos,CHOP,LONG,SHORT,0.9492,0.8,0.6643,1.204,263.9,0.0,0.0,,False,True,True,False,,264.5,,,,,,
2026-08-14T19:25:00,NATURALGAS,2026-08-14,oos,CHOP,LONG,SHORT,0.9504,0.8,0.6714,1.192,264.9,0.0,0.0,,False,True,True,False,,265.5,,,,,,
2026-08-14T20:05:00,NATURALGAS,2026-08-14,oos,CHOP,SHORT,LONG,0.9225,0.7,0.6286,1.114,265.2,1.0,1.114,3,False,True,True,False,3,264.8,1.121,0.268,-1.16,-1.249,-1.249,-1.249
2026-08-17T11:00:00,NATURALGAS,2026-08-17,oos,CHOP,SHORT,LONG,1.0,0.4,0.2,2.0,255.3,0.0,0.0,,True,True,True,False,,255.0,,,,,,
2026-08-17T11:10:00,NATURALGAS,2026-08-17,oos,CHOP,SHORT,LONG,1.0,0.4,0.2,2.0,255.0,0.0,0.0,2,True,True,False,False,,254.7,,,,,,
2026-08-17T11:30:00,NATURALGAS,2026-08-17,oos,CHOP,SHORT,LONG,1.0,0.4,0.2429,1.647,254.7,0.5,0.823,2,True,True,False,True,,254.4,,,,,,
2026-08-17T12:20:00,NATURALGAS,2026-08-17,oos,CHOP,SHORT,LONG,0.9737,0.4,0.3357,1.192,254.0,0.0,0.0,5,False,True,True,False,,253.6,,,,,,
2026-08-17T13:30:00,NATURALGAS,2026-08-17,oos,CHOP,LONG,SHORT,0.9808,0.4,0.2786,1.436,253.7,0.0,0.0,2,False,True,False,False,,254.0,,,,,,
2026-08-17T14:05:00,NATURALGAS,2026-08-17,oos,CHOP,LONG,SHORT,0.9831,0.5,0.3,1.667,254.2,0.4,0.667,3,False,True,True,False,,254.5,,,,,,
2026-08-17T15:35:00,NATURALGAS,2026-08-17,oos,CHOP,LONG,SHORT,0.9733,0.4,0.2714,1.474,254.9,0.0,0.0,3,False,True,True,False,,255.3,,,,,,
2026-08-17T16:45:00,NATURALGAS,2026-08-17,oos,CHOP,LONG,SHORT,0.9775,0.5,0.35,1.429,254.8,1.4,2.0,2,False,True,False,True,3,254.9,0.815,0.859,-1.227,-1.35,-1.35,-1.35
2026-08-17T17:15:00,NATURALGAS,2026-08-17,oos,CHOP,LONG,SHORT,0.9684,0.6,0.3929,1.527,253.9,0.0,0.0,,False,True,True,False,,254.0,,,,,,
2026-08-17T17:20:00,NATURALGAS,2026-08-17,oos,CHOP,LONG,SHORT,0.9583,0.5,0.4071,1.228,254.3,0.0,0.0,,False,True,True,False,,254.6,,,,,,
2026-08-17T17:25:00,NATURALGAS,2026-08-17,oos,CHOP,LONG,SHORT,0.9691,0.6,0.4286,1.4,254.6,0.0,0.0,,True,True,True,False,,255.1,,,,,,
2026-08-17T17:50:00,NATURALGAS,2026-08-17,oos,CHOP,LONG,SHORT,0.9706,0.6,0.5643,1.063,255.31,0.0,0.0,,False,True,True,False,,256.1,,,,,,
2026-08-17T18:00:00,NATURALGAS,2026-08-17,oos,CHOP,SHORT,LONG,0.9904,0.8,0.5929,1.349,256.3,0.25,0.337,2,True,True,False,False,,255.8,,,,,,
2026-08-17T18:10:00,NATURALGAS,2026-08-17,oos,CHOP,LONG,SHORT,0.9623,0.6,0.5786,1.037,256.0,0.0,0.0,4,False,True,True,False,,256.3,,,,,,
2026-08-17T18:30:00,NATURALGAS,2026-08-17,oos,CHOP,SHORT,LONG,0.9909,0.9,0.5786,1.555,256.2,1.0,1.555,2,True,True,False,True,3,255.8,1.327,1.884,-0.678,0.925,0.754,0.754
2026-08-17T18:45:00,NATURALGAS,2026-08-17,oos,CHOP,LONG,SHORT,0.9558,0.6,0.5643,1.063,256.8,0.0,0.0,,False,True,True,False,,257.3,,,,,,
2026-08-17T19:25:00,NATURALGAS,2026-08-17,oos,CHOP,SHORT,LONG,0.9587,0.7,0.55,1.273,258.5,0.0,0.0,4,False,True,True,False,,258.1,,,,,,
2026-08-17T19:35:00,NATURALGAS,2026-08-17,oos,CHOP,LONG,SHORT,0.9512,0.6,0.5857,1.024,258.2,0.0,0.0,,False,True,True,False,,258.3,,,,,,
2026-08-17T20:00:00,NATURALGAS,2026-08-17,oos,CHOP,SHORT,LONG,0.9609,0.7,0.5286,1.324,259.2,0.0,0.0,,False,True,True,False,,258.9,,,,,,
2026-08-17T20:45:00,NATURALGAS,2026-08-17,oos,CHOP,SHORT,LONG,0.9489,0.6,0.4714,1.273,256.8,0.333,0.424,2,True,True,False,False,,256.2,,,,,,
2026-08-17T21:40:00,NATURALGAS,2026-08-17,oos,CHOP,LONG,SHORT,0.9521,0.6,0.4,1.5,257.6,0.0,0.0,,False,True,True,False,,258.0,,,,,,
2026-08-18T10:50:00,NATURALGAS,2026-08-18,oos,TREND_UP,SHORT,LONG,0.9048,0.3,0.2357,1.273,259.4,0.0,0.0,,False,True,True,False,,259.3,,,,,,
2026-08-18T10:55:00,NATURALGAS,2026-08-18,oos,TREND_UP,SHORT,LONG,1.0,0.4,0.25,1.6,259.3,0.0,0.0,,False,True,True,False,,259.0,,,,,,
2026-08-18T11:00:00,NATURALGAS,2026-08-18,oos,TREND_UP,SHORT,LONG,1.0,0.7,0.2857,2.45,258.8,0.0,0.0,5,False,True,True,False,,258.5,,,,,,
2026-08-18T11:25:00,NATURALGAS,2026-08-18,oos,TREND_UP,LONG,SHORT,1.0,0.8,0.35,2.286,258.7,0.0,0.0,,True,True,True,False,,259.2,,,,,,
2026-08-18T11:35:00,NATURALGAS,2026-08-18,oos,TREND_UP,LONG,SHORT,0.9,0.4,0.3929,1.018,259.41,0.525,0.534,2,False,True,False,True,,259.8,,,,,,
2026-08-18T11:55:00,NATURALGAS,2026-08-18,oos,TREND_UP,LONG,SHORT,0.9118,0.4,0.4214,0.949,259.52,0.0,0.0,,False,True,True,False,,259.6,,,,,,
2026-08-18T12:45:00,NATURALGAS,2026-08-18,oos,TREND_UP,SHORT,LONG,0.9545,0.5,0.35,1.429,259.4,0.2,0.286,3,False,True,True,False,,259.1,,,,,,
2026-08-18T13:00:00,NATURALGAS,2026-08-18,oos,TREND_UP,LONG,SHORT,0.9787,0.7,0.3714,1.885,258.9,0.0,0.0,,False,True,True,False,,259.5,,,,,,
2026-08-18T14:15:00,NATURALGAS,2026-08-18,oos,TREND_UP,LONG,SHORT,0.9839,0.7,0.35,2.0,259.3,0.0,0.0,,False,True,True,False,,259.7,,,,,,
2026-08-18T14:40:00,NATURALGAS,2026-08-18,oos,TREND_UP,SHORT,LONG,0.9403,0.5,0.3571,1.4,259.9,0.0,0.0,,True,True,True,False,,259.5,,,,,,
2026-08-18T16:50:00,NATURALGAS,2026-08-18,oos,TREND_UP,LONG,SHORT,0.9462,0.5,0.2714,1.842,258.9,0.0,0.0,,False,True,True,False,,259.1,,,,,,
2026-08-18T16:55:00,NATURALGAS,2026-08-18,oos,TREND_UP,LONG,SHORT,0.9894,0.7,0.3214,2.178,259.68,0.0,0.0,,False,True,True,False,,260.0,,,,,,
2026-08-18T17:10:00,NATURALGAS,2026-08-18,oos,TREND_UP,LONG,SHORT,0.9485,0.6,0.4071,1.474,260.5,0.0,0.0,4,True,True,True,False,,261.0,,,,,,
2026-08-18T17:25:00,NATURALGAS,2026-08-18,oos,TREND_UP,SHORT,LONG,0.95,0.6,0.4429,1.355,261.1,0.0,0.0,,False,True,True,False,,260.7,,,,,,
2026-08-18T17:35:00,NATURALGAS,2026-08-18,oos,TREND_UP,LONG,SHORT,0.9216,0.6,0.4857,1.235,259.77,0.617,0.762,2,False,True,False,True,3,260.4,1.018,0.0,-1.081,-1.179,-1.179,-1.179
2026-08-18T17:50:00,NATURALGAS,2026-08-18,oos,TREND_UP,SHORT,LONG,1.0,1.1,0.5857,1.878,259.8,0.364,0.683,2,False,True,False,True,,259.6,,,,,,
2026-08-18T18:35:00,NATURALGAS,2026-08-18,oos,TREND_UP,LONG,SHORT,0.9912,0.8,0.6214,1.287,259.89,0.0,0.0,,False,True,True,False,,260.3,,,,,,
2026-08-18T19:50:00,NATURALGAS,2026-08-18,oos,TREND_UP,SHORT,LONG,0.9922,1.0,0.4929,2.029,260.8,0.1,0.203,3,False,True,True,False,,260.4,,,,,,
2026-08-18T20:10:00,NATURALGAS,2026-08-18,oos,TREND_UP,LONG,SHORT,0.9618,0.7,0.5,1.4,260.6,0.0,0.0,,False,True,True,False,,260.9,,,,,,
2026-08-18T20:40:00,NATURALGAS,2026-08-18,oos,TREND_UP,SHORT,LONG,0.9197,0.6,0.5357,1.12,262.0,0.0,0.0,4,True,True,True,False,,261.5,,,,,,
2026-08-18T21:00:00,NATURALGAS,2026-08-18,oos,TREND_UP,LONG,SHORT,0.9645,0.7,0.5357,1.307,262.1,0.0,0.0,,False,True,True,False,,262.4,,,,,,
2026-08-18T21:40:00,NATURALGAS,2026-08-18,oos,TREND_UP,LONG,SHORT,1.0,1.4,0.4857,2.882,262.7,0.0,0.0,,False,True,True,False,,264.5,,,,,,
2026-08-18T21:50:00,NATURALGAS,2026-08-18,oos,TREND_UP,LONG,SHORT,0.9139,0.6,0.5,1.2,262.7,0.0,0.0,,True,True,True,False,,264.5,,,,,,
2026-08-18T22:25:00,NATURALGAS,2026-08-18,oos,TREND_UP,LONG,SHORT,0.962,0.7,0.5286,1.324,264.3,0.0,0.0,,False,True,True,False,,264.7,,,,,,
2026-08-19T10:00:00,NATURALGAS,2026-08-19,oos,CHOP,LONG,SHORT,1.0,0.5,0.2,2.5,266.7,0.0,0.0,,False,True,True,False,,267.0,,,,,,
2026-08-19T10:05:00,NATURALGAS,2026-08-19,oos,CHOP,LONG,SHORT,0.9231,0.3,0.2071,1.449,267.0,0.0,0.0,4,False,True,True,False,,267.2,,,,,,
2026-08-19T10:25:00,NATURALGAS,2026-08-19,oos,CHOP,SHORT,LONG,0.9412,0.4,0.2357,1.697,267.1,0.0,0.0,,True,True,True,False,,266.8,,,,,,
2026-08-19T11:40:00,NATURALGAS,2026-08-19,oos,CHOP,SHORT,LONG,0.9333,0.3,0.1571,1.91,267.0,0.0,0.0,,True,True,True,False,,266.9,,,,,,
2026-08-19T14:30:00,NATURALGAS,2026-08-19,oos,CHOP,LONG,SHORT,0.9524,0.4,0.2286,1.75,266.8,0.0,0.0,,False,True,True,False,,267.1,,,,,,
2026-08-19T16:00:00,NATURALGAS,2026-08-19,oos,CHOP,LONG,SHORT,0.9753,0.6,0.3714,1.616,267.8,0.0,0.0,,False,True,True,False,,268.2,,,,,,
2026-08-19T17:05:00,NATURALGAS,2026-08-19,oos,CHOP,LONG,SHORT,0.9574,0.5,0.3929,1.273,268.6,0.0,0.0,,False,True,True,False,,269.5,,,,,,
2026-08-19T17:10:00,NATURALGAS,2026-08-19,oos,CHOP,LONG,SHORT,0.9684,0.6,0.3929,1.527,269.5,0.0,0.0,,False,True,True,False,,269.7,,,,,,
2026-08-19T17:15:00,NATURALGAS,2026-08-19,oos,CHOP,LONG,SHORT,0.9479,0.5,0.4143,1.207,269.7,0.0,0.0,,False,True,True,False,,269.9,,,,,,
2026-08-19T17:20:00,NATURALGAS,2026-08-19,oos,CHOP,LONG,SHORT,0.9794,0.7,0.4643,1.508,269.9,0.0,0.0,,False,True,True,False,,271.0,,,,,,
2026-08-19T17:40:00,NATURALGAS,2026-08-19,oos,CHOP,LONG,SHORT,0.9604,0.6,0.5643,1.063,272.0,0.0,0.0,,True,True,True,False,,272.8,,,,,,
2026-08-19T18:10:00,NATURALGAS,2026-08-19,oos,CHOP,LONG,SHORT,0.9065,0.5,0.6429,0.778,267.34,0.0,0.0,,False,True,True,False,,272.6,,,,,,
2026-08-19T19:00:00,NATURALGAS,2026-08-19,oos,CHOP,LONG,SHORT,1.0,1.5,0.6286,2.386,273.2,0.0,0.0,,False,True,True,False,,274.4,,,,,,
2026-08-19T19:20:00,NATURALGAS,2026-08-19,oos,CHOP,SHORT,LONG,0.9421,0.6,0.5929,1.012,274.4,0.0,0.0,,False,True,True,False,,274.0,,,,,,
2026-08-19T19:25:00,NATURALGAS,2026-08-19,oos,CHOP,SHORT,LONG,0.9672,0.8,0.6286,1.273,274.0,0.0,0.0,,False,True,True,False,,273.2,,,,,,
2026-08-19T19:30:00,NATURALGAS,2026-08-19,oos,CHOP,SHORT,LONG,1.0,1.8,0.7143,2.52,272.6,0.0,0.0,,True,True,True,False,,271.8,,,,,,
2026-08-19T19:35:00,NATURALGAS,2026-08-19,oos,CHOP,LONG,SHORT,0.9597,0.8,0.6929,1.155,268.06,0.0,0.0,,True,True,True,False,,271.7,,,,,,
2026-08-19T19:40:00,NATURALGAS,2026-08-19,oos,CHOP,SHORT,LONG,0.96,0.8,0.75,1.067,270.9,0.5,0.533,2,True,True,False,True,,270.4,,,,,,
2026-08-19T19:50:00,NATURALGAS,2026-08-19,oos,CHOP,LONG,SHORT,0.9134,0.6,0.7571,0.792,270.8,0.0,0.0,,False,True,True,False,,271.3,,,,,,
2026-08-19T20:50:00,NATURALGAS,2026-08-19,oos,CHOP,LONG,SHORT,0.964,0.8,0.4643,1.723,271.2,0.25,0.431,2,True,True,False,True,,271.7,,,,,,
2026-08-19T21:55:00,NATURALGAS,2026-08-19,oos,CHOP,LONG,SHORT,0.9079,0.6,0.5643,1.063,271.7,0.667,0.709,2,False,True,False,True,2,272.0,0.718,1.114,-0.836,0.861,0.557,0.557
2026-08-19T22:50:00,NATURALGAS,2026-08-19,oos,CHOP,SHORT,LONG,0.9136,0.6,0.4,1.5,271.5,0.0,0.0,,False,True,True,False,,270.9,,,,,,
2026-08-20T12:35:00,NATURALGAS,2026-08-20,oos,TREND_DOWN,SHORT,LONG,1.0,0.9,0.4071,2.211,266.7,0.0,0.0,,True,True,True,False,,265.9,,,,,,
2026-08-20T12:55:00,NATURALGAS,2026-08-20,oos,TREND_DOWN,SHORT,LONG,0.9574,0.6,0.4214,1.424,265.5,0.0,0.0,,False,True,True,False,,265.0,,,,,,
2026-08-20T13:00:00,NATURALGAS,2026-08-20,oos,TREND_DOWN,SHORT,LONG,0.9167,0.6,0.4571,1.313,265.0,0.0,0.0,,True,True,True,False,,264.3,,,,,,
2026-08-20T13:10:00,NATURALGAS,2026-08-20,oos,TREND_DOWN,SHORT,LONG,0.96,0.6,0.4357,1.377,264.3,0.0,0.0,,True,True,True,False,,263.9,,,,,,
2026-08-20T13:30:00,NATURALGAS,2026-08-20,oos,TREND_DOWN,SHORT,LONG,1.0,1.1,0.4571,2.406,263.7,0.0,0.0,4,True,True,True,False,,262.6,,,,,,
2026-08-20T15:50:00,NATURALGAS,2026-08-20,oos,TREND_DOWN,SHORT,LONG,0.9634,0.6,0.3,2.0,264.1,0.0,0.0,,True,True,True,False,,263.7,,,,,,
2026-08-20T16:20:00,NATURALGAS,2026-08-20,oos,TREND_DOWN,LONG,SHORT,0.9659,0.6,0.35,1.714,264.1,0.0,0.0,4,False,True,True,False,,264.5,,,,,,
2026-08-20T17:05:00,NATURALGAS,2026-08-20,oos,TREND_DOWN,LONG,SHORT,0.9794,0.8,0.4429,1.806,264.6,0.625,1.129,2,True,True,False,True,2,265.1,1.024,0.0,-1.367,-1.465,-1.465,-1.465
2026-08-20T18:10:00,NATURALGAS,2026-08-20,oos,TREND_DOWN,LONG,SHORT,0.9633,0.8,0.7643,1.047,264.4,1.5,1.57,2,False,True,False,True,2,264.5,0.624,1.442,-1.282,0.84,-1.442,-1.442
2026-08-20T18:20:00,NATURALGAS,2026-08-20,oos,TREND_DOWN,SHORT,LONG,0.982,1.1,0.7714,1.426,264.5,0.0,0.0,5,False,True,True,False,,263.9,,,,,,
2026-08-20T18:30:00,NATURALGAS,2026-08-20,oos,TREND_DOWN,LONG,SHORT,0.9912,1.4,0.7714,1.815,264.0,0.071,0.13,2,True,True,False,True,,264.4,,,,,,
2026-08-20T20:05:00,NATURALGAS,2026-08-20,oos,TREND_DOWN,SHORT,LONG,0.9773,1.1,0.5143,2.139,262.5,0.0,0.0,,False,True,True,False,,262.0,,,,,,
2026-08-20T20:10:00,NATURALGAS,2026-08-20,oos,TREND_DOWN,SHORT,LONG,0.9023,0.7,0.5214,1.343,262.0,0.0,0.0,,False,True,True,False,,261.6,,,,,,
2026-08-21T10:15:00,NATURALGAS,2026-08-21,oos,CHOP,SHORT,LONG,1.0,0.4,0.2571,1.556,263.0,0.0,0.0,3,False,True,True,False,,262.8,,,,,,
2026-08-21T10:30:00,NATURALGAS,2026-08-21,oos,CHOP,LONG,SHORT,0.9444,0.3,0.2714,1.105,262.9,0.0,0.0,,False,True,True,False,,263.1,,,,,,
2026-08-21T10:45:00,NATURALGAS,2026-08-21,oos,CHOP,LONG,SHORT,0.95,0.3,0.2429,1.235,263.1,0.0,0.0,,True,True,True,False,,263.2,,,,,,
2026-08-21T10:55:00,NATURALGAS,2026-08-21,oos,CHOP,LONG,SHORT,0.9545,0.3,0.2429,1.235,263.3,0.0,0.0,2,False,True,False,False,,263.5,,,,,,
2026-08-21T11:25:00,NATURALGAS,2026-08-21,oos,CHOP,LONG,SHORT,1.0,1.2,0.2786,4.307,263.9,0.0,0.0,,True,True,True,False,,264.7,,,,,,
2026-08-21T11:50:00,NATURALGAS,2026-08-21,oos,CHOP,LONG,SHORT,0.9394,0.4,0.3643,1.098,264.7,0.0,0.0,,False,True,True,False,,264.8,,,,,,
2026-08-21T12:35:00,NATURALGAS,2026-08-21,oos,CHOP,LONG,SHORT,0.9762,0.8,0.3643,2.196,265.1,0.0,0.0,,False,True,True,False,,265.2,,,,,,
2026-08-21T12:55:00,NATURALGAS,2026-08-21,oos,CHOP,LONG,SHORT,0.9348,0.5,0.3429,1.458,265.5,0.0,0.0,,False,True,True,False,,265.8,,,,,,
2026-08-21T14:35:00,NATURALGAS,2026-08-21,oos,CHOP,LONG,SHORT,0.9545,0.5,0.3,1.667,265.9,0.0,0.0,,False,True,True,False,,266.4,,,,,,
2026-08-21T16:30:00,NATURALGAS,2026-08-21,oos,CHOP,LONG,SHORT,0.9886,0.8,0.3857,2.074,266.7,0.0,0.0,5,False,True,True,False,,267.5,,,,,,
2026-08-21T16:45:00,NATURALGAS,2026-08-21,oos,CHOP,SHORT,LONG,0.9451,0.5,0.4286,1.167,267.5,0.0,0.0,,False,True,True,False,,267.3,,,,,,
2026-08-21T17:55:00,NATURALGAS,2026-08-21,oos,CHOP,SHORT,LONG,0.981,1.0,0.6214,1.609,265.4,0.0,0.0,5,True,True,True,False,,264.6,,,,,,
2026-08-21T18:00:00,NATURALGAS,2026-08-21,oos,CHOP,SHORT,LONG,0.934,0.6,0.6357,0.944,264.6,1.167,1.101,2,True,True,False,True,3,264.4,0.918,1.852,-1.198,0.891,-1.307,-1.307
2026-08-21T19:05:00,NATURALGAS,2026-08-21,oos,CHOP,LONG,SHORT,0.9748,0.8,0.4786,1.672,266.2,0.75,1.254,2,True,True,False,True,2,266.5,0.824,0.243,-1.214,-1.335,-1.335,-1.335
2026-08-21T20:30:00,NATURALGAS,2026-08-21,oos,CHOP,SHORT,LONG,0.9044,0.5,0.3643,1.372,266.7,0.0,0.0,,False,True,True,False,,266.5,,,,,,
2026-08-21T20:35:00,NATURALGAS,2026-08-21,oos,CHOP,SHORT,LONG,0.9343,0.6,0.3929,1.527,266.3,0.167,0.255,2,True,True,False,True,,265.7,,,,,,
2026-08-21T22:00:00,NATURALGAS,2026-08-21,oos,CHOP,LONG,SHORT,0.9091,0.5,0.2857,1.75,265.2,0.0,0.0,4,False,True,True,False,,265.4,,,,,,
2026-08-21T23:05:00,NATURALGAS,2026-08-21,oos,CHOP,SHORT,LONG,0.9162,0.5,0.4143,1.207,264.75,0.0,0.0,,True,True,True,False,,264.5,,,,,,
2026-08-24T11:35:00,NATURALGAS,2026-08-24,HOLDOUT,CHOP,SHORT,LONG,1.0,0.5,0.2071,2.414,262.2,0.0,0.0,,False,True,True,False,,261.6,,,,,,
2026-08-24T11:40:00,NATURALGAS,2026-08-24,HOLDOUT,CHOP,SHORT,LONG,1.0,0.5,0.2357,2.121,261.52,0.16,0.339,2,False,True,False,True,,261.5,,,,,,
2026-08-24T12:05:00,NATURALGAS,2026-08-24,HOLDOUT,CHOP,SHORT,LONG,0.9143,0.4,0.2929,1.366,261.47,0.0,0.0,,False,True,True,False,,261.4,,,,,,
2026-08-24T12:15:00,NATURALGAS,2026-08-24,HOLDOUT,CHOP,SHORT,LONG,1.0,0.6,0.3429,1.75,261.1,0.0,0.0,2,True,True,False,False,,260.6,,,,,,
2026-08-24T12:50:00,NATURALGAS,2026-08-24,HOLDOUT,CHOP,LONG,SHORT,1.0,0.6,0.3714,1.616,260.7,0.0,0.0,,False,True,True,False,,261.2,,,,,,
2026-08-24T13:35:00,NATURALGAS,2026-08-24,HOLDOUT,CHOP,LONG,SHORT,1.0,0.6,0.45,1.333,262.6,0.0,0.0,2,False,True,False,False,,263.1,,,,,,
2026-08-24T14:00:00,NATURALGAS,2026-08-24,HOLDOUT,CHOP,SHORT,LONG,0.9298,0.5,0.4071,1.228,262.5,0.2,0.246,3,True,True,True,False,,262.3,,,,,,
2026-08-24T14:45:00,NATURALGAS,2026-08-24,HOLDOUT,CHOP,LONG,SHORT,0.9697,0.6,0.3143,1.909,263.9,0.0,0.0,,True,True,True,False,,264.4,,,,,,
2026-08-24T15:05:00,NATURALGAS,2026-08-24,HOLDOUT,CHOP,LONG,SHORT,0.9714,0.6,0.3786,1.585,264.7,0.0,0.0,,True,True,True,False,,265.2,,,,,,
2026-08-24T15:40:00,NATURALGAS,2026-08-24,HOLDOUT,CHOP,SHORT,LONG,0.9221,0.5,0.3857,1.296,264.6,0.6,0.778,2,False,True,False,True,,264.4,,,,,,
2026-08-24T15:50:00,NATURALGAS,2026-08-24,HOLDOUT,CHOP,LONG,SHORT,0.9241,0.5,0.4143,1.207,264.6,0.0,0.0,,True,True,True,False,,264.9,,,,,,
2026-08-24T16:50:00,NATURALGAS,2026-08-24,HOLDOUT,CHOP,LONG,SHORT,0.9231,0.5,0.4,1.25,266.6,0.0,0.0,,False,True,True,False,,267.3,,,,,,
2026-08-24T16:55:00,NATURALGAS,2026-08-24,HOLDOUT,CHOP,LONG,SHORT,1.0,1.2,0.4786,2.507,267.3,0.0,0.0,,True,True,True,False,,268.7,,,,,,
2026-08-24T17:10:00,NATURALGAS,2026-08-24,HOLDOUT,CHOP,LONG,SHORT,0.9895,0.8,0.55,1.455,268.8,0.0,0.0,,False,True,True,False,,269.3,,,,,,
2026-08-24T17:40:00,NATURALGAS,2026-08-24,HOLDOUT,CHOP,LONG,SHORT,0.9703,0.7,0.6286,1.114,269.7,0.143,0.159,2,True,True,False,True,,269.8,,,,,,
2026-08-24T18:40:00,NATURALGAS,2026-08-24,HOLDOUT,CHOP,SHORT,LONG,0.9912,0.9,0.5571,1.616,270.7,0.0,0.0,,True,True,True,False,,270.2,,,,,,
2026-08-24T18:45:00,NATURALGAS,2026-08-24,HOLDOUT,CHOP,LONG,SHORT,0.9825,0.9,0.5857,1.537,264.85,0.0,0.0,,True,True,True,False,,270.5,,,,,,
2026-08-24T19:15:00,NATURALGAS,2026-08-24,HOLDOUT,CHOP,SHORT,LONG,0.95,0.7,0.6,1.167,268.8,0.571,0.667,2,False,True,False,False,,268.6,,,,,,
2026-08-24T20:10:00,NATURALGAS,2026-08-24,HOLDOUT,CHOP,SHORT,LONG,0.9542,0.7,0.55,1.273,268.2,0.0,0.0,,True,True,True,False,,267.6,,,,,,
2026-08-24T20:35:00,NATURALGAS,2026-08-24,HOLDOUT,CHOP,SHORT,LONG,0.9706,0.8,0.5643,1.418,267.6,0.0,0.0,2,True,True,False,False,,267.0,,,,,,
2026-08-24T20:55:00,NATURALGAS,2026-08-24,HOLDOUT,CHOP,SHORT,LONG,0.9137,0.6,0.5571,1.077,267.4,0.0,0.0,,True,True,True,False,,266.9,,,,,,
2026-08-24T21:15:00,NATURALGAS,2026-08-24,HOLDOUT,CHOP,SHORT,LONG,0.972,0.8,0.4929,1.623,266.5,0.0,0.0,,True,True,True,False,,265.8,,,,,,
2026-08-24T21:55:00,NATURALGAS,2026-08-24,HOLDOUT,CHOP,LONG,SHORT,0.9073,0.6,0.5143,1.167,266.4,0.0,0.0,3,False,True,True,False,,266.5,,,,,,
2026-08-24T22:45:00,NATURALGAS,2026-08-24,HOLDOUT,CHOP,SHORT,LONG,0.9938,1.3,0.6357,2.045,265.6,0.538,1.101,2,True,True,False,True,,265.1,,,,,,
2026-08-25T10:40:00,NATURALGAS,2026-08-25,HOLDOUT,CHOP,SHORT,LONG,0.9,0.4,0.3214,1.245,262.2,0.25,0.311,2,False,True,False,False,,262.0,,,,,,
2026-08-25T11:20:00,NATURALGAS,2026-08-25,HOLDOUT,CHOP,SHORT,LONG,1.0,0.6,0.25,2.4,262.0,0.0,0.0,,True,True,True,False,,261.5,,,,,,
2026-08-25T11:30:00,NATURALGAS,2026-08-25,HOLDOUT,CHOP,SHORT,LONG,0.931,0.5,0.2786,1.795,261.4,1.0,1.795,3,True,True,True,False,3,261.1,0.815,3.067,-0.859,0.877,1.877,2.877
2026-08-25T11:45:00,NATURALGAS,2026-08-25,HOLDOUT,CHOP,LONG,SHORT,1.0,1.0,0.3357,2.979,261.6,0.2,0.596,2,False,True,False,True,,261.9,,,,,,
2026-08-25T11:55:00,NATURALGAS,2026-08-25,HOLDOUT,CHOP,SHORT,LONG,0.9706,0.7,0.3429,2.041,261.9,1.0,2.041,2,True,True,False,True,2,261.3,1.321,0.833,-1.06,-1.136,-1.136,-1.136
2026-08-25T12:05:00,NATURALGAS,2026-08-25,HOLDOUT,CHOP,LONG,SHORT,1.0,1.1,0.4071,2.702,262.0,0.0,0.0,4,False,True,True,False,,262.6,,,,,,
2026-08-25T12:25:00,NATURALGAS,2026-08-25,HOLDOUT,CHOP,SHORT,LONG,0.95,0.7,0.4714,1.485,262.5,0.0,0.0,2,True,True,False,False,,261.8,,,,,,
2026-08-25T13:20:00,NATURALGAS,2026-08-25,HOLDOUT,CHOP,LONG,SHORT,0.9608,0.9,0.3857,2.333,262.87,0.3,0.7,2,True,True,False,True,,263.7,,,,,,
2026-08-25T13:40:00,NATURALGAS,2026-08-25,HOLDOUT,CHOP,LONG,SHORT,0.9636,0.9,0.4214,2.136,262.87,0.633,1.353,2,True,True,False,True,2,263.3,1.027,1.071,-1.071,0.903,-1.168,-1.168
2026-08-25T13:50:00,NATURALGAS,2026-08-25,HOLDOUT,CHOP,SHORT,LONG,0.9825,1.0,0.45,2.222,262.4,0.5,1.111,2,True,True,False,False,,262.3,,,,,,
2026-08-25T14:05:00,NATURALGAS,2026-08-25,HOLDOUT,CHOP,LONG,SHORT,0.9167,0.8,0.4857,1.647,262.4,0.375,0.618,3,False,True,True,False,,262.9,,,,,,
2026-08-25T15:15:00,NATURALGAS,2026-08-25,HOLDOUT,CHOP,LONG,SHORT,0.9054,0.7,0.4643,1.508,261.9,0.571,0.862,2,False,True,False,True,,262.2,,,,,,
2026-08-25T15:30:00,NATURALGAS,2026-08-25,HOLDOUT,CHOP,LONG,SHORT,0.9091,0.8,0.5286,1.513,261.9,0.0,0.0,,False,True,True,False,,262.4,,,,,,
2026-08-25T16:35:00,NATURALGAS,2026-08-25,HOLDOUT,CHOP,SHORT,LONG,0.9,0.7,0.4929,1.42,262.8,0.429,0.609,2,True,True,False,True,,262.3,,,,,,
2026-08-25T17:25:00,NATURALGAS,2026-08-25,HOLDOUT,CHOP,SHORT,LONG,0.99,1.1,0.7,1.571,262.02,0.0,0.0,,True,True,True,False,,261.8,,,,,,
2026-08-25T17:35:00,NATURALGAS,2026-08-25,HOLDOUT,CHOP,SHORT,LONG,1.0,1.5,0.7786,1.927,262.02,0.0,0.0,,True,True,True,False,,261.4,,,,,,
2026-08-25T17:55:00,NATURALGAS,2026-08-25,HOLDOUT,CHOP,SHORT,LONG,0.9057,0.9,0.8429,1.068,260.9,0.0,0.0,,False,True,True,False,,260.8,,,,,,
2026-08-25T18:00:00,NATURALGAS,2026-08-25,HOLDOUT,CHOP,SHORT,LONG,1.0,2.0,0.95,2.105,260.3,0.0,0.0,,True,True,True,False,,258.7,,,,,,
2026-08-25T18:35:00,NATURALGAS,2026-08-25,HOLDOUT,CHOP,LONG,SHORT,0.9825,1.2,0.9071,1.323,259.6,0.167,0.22,2,False,True,False,True,,260.2,,,,,,
2026-08-25T18:55:00,NATURALGAS,2026-08-25,HOLDOUT,CHOP,SHORT,LONG,0.9576,1.0,0.8786,1.138,259.6,0.0,0.0,,False,True,True,False,,259.5,,,,,,
2026-08-25T22:15:00,NATURALGAS,2026-08-25,HOLDOUT,CHOP,SHORT,LONG,0.9241,0.9,0.5571,1.616,265.4,0.0,0.0,4,False,True,True,False,,264.9,,,,,,
2026-08-26T10:05:00,NATURALGAS,2026-08-26,HOLDOUT,TREND_UP,LONG,SHORT,0.9231,0.4,0.35,1.143,268.9,1.75,2.0,3,False,True,True,False,3,269.1,0.912,1.206,-1.206,0.89,-1.316,-1.316
2026-08-26T10:20:00,NATURALGAS,2026-08-26,HOLDOUT,TREND_UP,SHORT,LONG,1.0,0.8,0.3714,2.154,268.6,0.0,0.0,,True,True,True,False,,268.1,,,,,,
2026-08-26T11:10:00,NATURALGAS,2026-08-26,HOLDOUT,TREND_UP,SHORT,LONG,0.9615,0.6,0.3286,1.826,268.38,0.0,0.0,,True,True,True,False,,268.1,,,,,,
2026-08-26T12:00:00,NATURALGAS,2026-08-26,HOLDOUT,TREND_UP,LONG,SHORT,0.9444,0.5,0.3643,1.372,268.0,0.0,0.0,5,False,True,True,False,,268.1,,,,,,
2026-08-26T13:35:00,NATURALGAS,2026-08-26,HOLDOUT,TREND_UP,LONG,SHORT,0.9811,0.7,0.25,2.8,267.6,0.0,0.0,,False,True,True,False,,268.1,,,,,,
2026-08-26T13:50:00,NATURALGAS,2026-08-26,HOLDOUT,TREND_UP,LONG,SHORT,0.9636,0.6,0.2429,2.47,268.1,0.5,1.235,3,True,True,True,False,,268.7,,,,,,
2026-08-26T14:05:00,NATURALGAS,2026-08-26,HOLDOUT,TREND_UP,SHORT,LONG,0.9123,0.5,0.2714,1.842,268.2,0.0,0.0,5,False,True,True,False,,267.7,,,,,,
2026-08-26T16:30:00,NATURALGAS,2026-08-26,HOLDOUT,TREND_UP,LONG,SHORT,1.0,0.8,0.2929,2.731,270.1,0.0,0.0,,False,True,True,False,,270.9,,,,,,
2026-08-26T16:45:00,NATURALGAS,2026-08-26,HOLDOUT,TREND_UP,LONG,SHORT,0.9326,0.5,0.3571,1.4,271.4,0.0,0.0,,True,True,True,False,,271.9,,,,,,
2026-08-26T16:55:00,NATURALGAS,2026-08-26,HOLDOUT,TREND_UP,LONG,SHORT,0.9341,0.5,0.3857,1.296,272.0,0.0,0.0,4,False,True,True,False,,272.1,,,,,,
2026-08-26T17:15:00,NATURALGAS,2026-08-26,HOLDOUT,TREND_UP,SHORT,LONG,1.0,1.7,0.5286,3.216,272.7,0.0,0.0,,False,True,True,False,,271.3,,,,,,
2026-08-26T17:35:00,NATURALGAS,2026-08-26,HOLDOUT,TREND_UP,LONG,SHORT,0.9899,0.9,0.6429,1.4,269.07,0.0,0.0,,False,True,True,False,,271.4,,,,,,
2026-08-26T17:50:00,NATURALGAS,2026-08-26,HOLDOUT,TREND_UP,SHORT,LONG,0.9412,0.6,0.6429,0.933,271.6,0.0,0.0,,True,True,True,False,,270.8,,,,,,
2026-08-26T18:10:00,NATURALGAS,2026-08-26,HOLDOUT,TREND_UP,SHORT,LONG,0.9811,0.8,0.6929,1.155,270.5,0.375,0.433,3,False,True,True,False,,269.7,,,,,,
2026-08-26T18:30:00,NATURALGAS,2026-08-26,HOLDOUT,TREND_UP,LONG,SHORT,0.9455,0.7,0.6429,1.089,270.8,0.0,0.0,2,True,True,False,False,,271.3,,,,,,
2026-08-26T19:10:00,NATURALGAS,2026-08-26,HOLDOUT,TREND_UP,LONG,SHORT,0.9915,0.9,0.6643,1.355,271.6,0.889,1.204,3,False,True,True,False,3,271.8,1.027,0.195,-1.753,-1.85,-1.85,-1.85
2026-08-26T19:25:00,NATURALGAS,2026-08-26,HOLDOUT,TREND_UP,SHORT,LONG,0.9421,0.7,0.6143,1.14,271.5,0.286,0.326,2,False,True,False,False,,270.8,,,,,,
2026-08-26T19:35:00,NATURALGAS,2026-08-26,HOLDOUT,TREND_UP,LONG,SHORT,0.9837,0.9,0.6071,1.482,271.0,0.0,0.0,,False,True,True,False,,271.5,,,,,,
2026-08-26T19:45:00,NATURALGAS,2026-08-26,HOLDOUT,TREND_UP,LONG,SHORT,0.968,0.8,0.5929,1.349,272.0,0.0,0.0,,False,True,True,False,,272.6,,,,,,
2026-08-26T19:50:00,NATURALGAS,2026-08-26,HOLDOUT,TREND_UP,LONG,SHORT,0.9841,0.9,0.6143,1.465,273.2,0.0,0.0,,False,True,True,False,,273.4,,,,,,
2026-08-26T20:10:00,NATURALGAS,2026-08-26,HOLDOUT,TREND_UP,LONG,SHORT,0.9154,0.7,0.65,1.077,270.29,0.0,0.0,,True,True,True,False,,274.2,,,,,,
2026-08-26T20:55:00,NATURALGAS,2026-08-26,HOLDOUT,TREND_UP,LONG,SHORT,0.9784,0.9,0.7071,1.273,270.77,0.0,0.0,,True,True,True,False,,274.4,,,,,,
2026-08-26T22:00:00,NATURALGAS,2026-08-26,HOLDOUT,TREND_UP,LONG,SHORT,0.9934,1.1,0.5643,1.949,273.7,0.0,0.0,,True,True,True,False,,274.4,,,,,,
2026-08-26T22:30:00,NATURALGAS,2026-08-26,HOLDOUT,TREND_UP,LONG,SHORT,0.9937,1.3,0.5286,2.459,275.0,0.0,0.0,,False,True,True,False,,276.1,,,,,,
2026-08-26T22:35:00,NATURALGAS,2026-08-26,HOLDOUT,TREND_UP,LONG,SHORT,0.9371,0.8,0.5571,1.436,276.1,0.125,0.18,2,False,True,False,True,,277.0,,,,,,
2026-08-26T22:55:00,NATURALGAS,2026-08-26,HOLDOUT,TREND_UP,LONG,SHORT,0.9693,1.0,0.7071,1.414,277.3,0.0,0.0,4,True,True,True,False,,277.9,,,,,,
2026-08-26T23:20:00,NATURALGAS,2026-08-26,HOLDOUT,TREND_UP,SHORT,LONG,0.994,1.5,0.8357,1.795,277.1,0.0,0.0,,False,True,True,False,,275.5,,,,,,
2026-09-02T04:30:00Z,NATURALGAS,2026-09-02,HOLDOUT,CHOP,SHORT,LONG,0.9167,0.5,0.5154,0.97,280.3,0.4,0.388,2,True,True,False,True,,280.0,,,,,,
2026-09-02T04:40:00Z,NATURALGAS,2026-09-02,HOLDOUT,CHOP,LONG,SHORT,0.9286,0.5,0.3429,1.458,280.2,0.0,0.0,,True,True,True,False,,280.6,,,,,,
2026-09-02T05:05:00Z,NATURALGAS,2026-09-02,HOLDOUT,CHOP,LONG,SHORT,0.9474,0.5,0.3429,1.458,280.7,0.0,0.0,2,True,True,False,False,,280.9,,,,,,
2026-09-02T05:40:00Z,NATURALGAS,2026-09-02,HOLDOUT,CHOP,SHORT,LONG,0.9615,0.6,0.3,2.0,280.9,0.0,0.0,,True,True,True,False,,280.5,,,,,,
2026-09-02T06:55:00Z,NATURALGAS,2026-09-02,HOLDOUT,CHOP,SHORT,LONG,0.9512,0.6,0.4,1.5,280.53,0.0,0.0,,True,True,True,False,,280.4,,,,,,
2026-09-02T07:55:00Z,NATURALGAS,2026-09-02,HOLDOUT,CHOP,SHORT,LONG,0.9057,0.6,0.3571,1.68,280.3,0.0,0.0,5,False,True,True,False,,280.1,,,,,,
2026-09-02T08:20:00Z,NATURALGAS,2026-09-02,HOLDOUT,CHOP,LONG,SHORT,0.9655,0.6,0.3571,1.68,280.4,0.0,0.0,3,False,True,True,False,,280.8,,,,,,
2026-09-02T10:20:00Z,NATURALGAS,2026-09-02,HOLDOUT,CHOP,SHORT,LONG,0.9024,0.6,0.3357,1.787,280.32,0.633,1.132,2,True,True,False,True,2,280.1,0.618,1.456,-2.589,0.838,-2.751,-2.751
2026-09-02T10:45:00Z,NATURALGAS,2026-09-02,HOLDOUT,CHOP,LONG,SHORT,0.9885,1.2,0.4786,2.507,280.9,0.667,1.672,2,True,True,False,True,3,281.5,1.436,2.019,-1.114,0.93,1.93,-1.184
2026-09-02T11:10:00Z,NATURALGAS,2026-09-02,HOLDOUT,CHOP,SHORT,LONG,0.9891,1.5,0.6429,2.333,280.1,0.0,0.0,,True,True,True,False,,279.1,,,,,,
2026-09-02T11:20:00Z,NATURALGAS,2026-09-02,HOLDOUT,CHOP,SHORT,LONG,0.9362,0.9,0.7,1.286,280.1,0.0,0.0,,False,True,True,False,,278.9,,,,,,
2026-09-02T11:35:00Z,NATURALGAS,2026-09-02,HOLDOUT,CHOP,LONG,SHORT,0.9588,1.0,0.8,1.25,279.2,0.9,1.125,2,False,True,False,False,3,279.4,1.13,0.973,-1.239,-1.327,-1.327,-1.327
2026-09-02T12:10:00Z,NATURALGAS,2026-09-02,HOLDOUT,CHOP,LONG,SHORT,0.9904,1.9,1.0929,1.738,278.2,0.0,0.0,,True,True,True,False,,279.7,,,,,,
2026-09-02T12:45:00Z,NATURALGAS,2026-09-02,HOLDOUT,CHOP,SHORT,LONG,0.973,1.5,1.05,1.429,279.1,0.0,0.0,,False,True,True,False,,278.5,,,,,,
2026-09-02T12:50:00Z,NATURALGAS,2026-09-02,HOLDOUT,CHOP,SHORT,LONG,0.9196,1.0,1.0571,0.946,278.5,0.0,0.0,4,False,True,True,False,,278.1,,,,,,
2026-09-02T13:15:00Z,NATURALGAS,2026-09-02,HOLDOUT,CHOP,SHORT,LONG,0.9145,1.0,0.95,1.053,280.12,0.0,0.0,,True,True,True,False,,278.6,,,,,,
2026-09-02T14:10:00Z,NATURALGAS,2026-09-02,HOLDOUT,CHOP,LONG,SHORT,0.9531,1.3,0.9,1.444,279.6,0.077,0.111,2,True,True,False,True,,280.8,,,,,,
2026-09-02T14:20:00Z,NATURALGAS,2026-09-02,HOLDOUT,CHOP,SHORT,LONG,0.9231,1.1,0.9143,1.203,279.93,0.245,0.295,3,True,True,True,False,,279.2,,,,,,
2026-09-02T14:35:00Z,NATURALGAS,2026-09-02,HOLDOUT,CHOP,LONG,SHORT,0.9549,1.3,0.8929,1.456,279.5,0.0,0.0,,True,True,True,False,,280.3,,,,,,
2026-09-02T16:50:00Z,NATURALGAS,2026-09-02,HOLDOUT,CHOP,SHORT,LONG,0.9625,1.4,0.5929,2.361,281.3,0.0,0.0,,False,True,True,False,,280.1,,,,,,
2026-09-03T05:40:00Z,NATURALGAS,2026-09-03,HOLDOUT,TREND_DOWN,LONG,SHORT,0.9615,0.6,0.3357,1.787,284.8,0.167,0.298,2,True,True,False,False,,285.1,,,,,,
2026-09-03T06:10:00Z,NATURALGAS,2026-09-03,HOLDOUT,TREND_DOWN,LONG,SHORT,0.9375,0.5,0.3571,1.4,285.0,0.0,0.0,4,True,True,True,False,,285.2,,,,,,
2026-09-03T06:30:00Z,NATURALGAS,2026-09-03,HOLDOUT,TREND_DOWN,SHORT,LONG,0.9722,0.8,0.3714,2.154,285.2,0.0,0.0,,False,True,True,False,,284.7,,,,,,
2026-09-03T06:40:00Z,NATURALGAS,2026-09-03,HOLDOUT,TREND_DOWN,SHORT,LONG,0.9211,0.5,0.4071,1.228,284.62,0.0,0.0,,True,True,True,False,,284.3,,,,,,
2026-09-03T07:00:00Z,NATURALGAS,2026-09-03,HOLDOUT,TREND_DOWN,SHORT,LONG,0.9524,0.8,0.4071,1.965,284.1,0.0,0.0,,False,True,True,False,,283.6,,,,,,
2026-09-03T07:20:00Z,NATURALGAS,2026-09-03,HOLDOUT,TREND_DOWN,SHORT,LONG,0.9783,0.8,0.4929,1.623,284.1,0.0,0.0,,True,True,True,False,,283.0,,,,,,
2026-09-03T07:45:00Z,NATURALGAS,2026-09-03,HOLDOUT,TREND_DOWN,SHORT,LONG,0.902,0.7,0.5286,1.324,282.8,0.143,0.189,3,True,True,True,False,,282.5,,,,,,
2026-09-03T10:35:00Z,NATURALGAS,2026-09-03,HOLDOUT,TREND_DOWN,LONG,SHORT,0.9294,0.7,0.4286,1.633,283.5,0.0,0.0,,False,True,True,False,,283.7,,,,,,
2026-09-03T10:40:00Z,NATURALGAS,2026-09-03,HOLDOUT,TREND_DOWN,LONG,SHORT,0.9302,0.7,0.4643,1.508,283.7,0.0,0.0,,True,True,True,False,,284.2,,,,,,
2026-09-03T11:00:00Z,NATURALGAS,2026-09-03,HOLDOUT,TREND_DOWN,SHORT,LONG,0.9889,1.3,0.5286,2.459,284.6,0.0,0.0,,False,True,True,False,,284.2,,,,,,
2026-09-03T11:05:00Z,NATURALGAS,2026-09-03,HOLDOUT,TREND_DOWN,SHORT,LONG,0.978,1.0,0.5643,1.772,284.2,0.0,0.0,,False,True,True,False,,283.6,,,,,,
2026-09-03T12:10:00Z,NATURALGAS,2026-09-03,HOLDOUT,TREND_DOWN,SHORT,LONG,0.9808,1.4,0.8786,1.593,284.5,0.0,0.0,,True,True,True,False,,283.5,,,,,,
2026-09-03T12:50:00Z,NATURALGAS,2026-09-03,HOLDOUT,TREND_DOWN,SHORT,LONG,0.9107,0.9,0.9714,0.926,282.59,0.678,0.628,2,False,True,False,True,2,282.3,0.927,1.079,-1.51,-1.618,-1.618,-1.618
2026-09-03T13:00:00Z,NATURALGAS,2026-09-03,HOLDOUT,TREND_DOWN,LONG,SHORT,0.9825,1.5,1.0429,1.438,282.4,0.0,0.0,,True,True,True,False,,283.4,,,,,,
2026-09-03T13:15:00Z,NATURALGAS,2026-09-03,HOLDOUT,TREND_DOWN,LONG,SHORT,0.906,0.9,0.9214,0.977,283.0,0.333,0.326,2,False,True,False,True,,283.4,,,,,,
2026-09-03T14:35:00Z,NATURALGAS,2026-09-03,HOLDOUT,TREND_DOWN,SHORT,LONG,1.0,2.8,1.0286,2.722,281.6,0.0,0.0,,False,True,True,False,,280.7,,,,,,
2026-09-03T14:45:00Z,NATURALGAS,2026-09-03,HOLDOUT,TREND_DOWN,SHORT,LONG,0.9481,1.3,1.0786,1.205,280.4,0.0,0.0,,False,True,True,False,,279.5,,,,,,
2026-09-03T14:55:00Z,NATURALGAS,2026-09-03,HOLDOUT,TREND_DOWN,SHORT,LONG,0.9854,2.0,1.1643,1.718,279.2,0.0,0.0,,False,True,True,False,,277.4,,,,,,
2026-09-03T15:00:00Z,NATURALGAS,2026-09-03,HOLDOUT,TREND_DOWN,SHORT,LONG,0.913,1.1,1.1929,0.922,277.4,0.0,0.0,,False,True,True,False,,276.6,,,,,,
2026-09-03T15:05:00Z,NATURALGAS,2026-09-03,HOLDOUT,TREND_DOWN,SHORT,LONG,0.964,1.5,1.2643,1.186,276.6,0.0,0.0,,True,True,True,False,,275.6,,,,,,
2026-09-03T16:50:00Z,NATURALGAS,2026-09-03,HOLDOUT,TREND_DOWN,LONG,SHORT,0.9125,1.0,0.6929,1.443,276.5,0.0,0.0,,False,True,True,False,,277.2,,,,,,
2026-09-03T16:55:00Z,NATURALGAS,2026-09-03,HOLDOUT,TREND_DOWN,LONG,SHORT,0.9689,1.5,0.7571,1.981,277.2,0.0,0.0,,False,True,True,False,,278.6,,,,,,
2026-09-03T17:00:00Z,NATURALGAS,2026-09-03,HOLDOUT,TREND_DOWN,LONG,SHORT,0.9074,1.0,0.7929,1.261,278.6,0.0,0.0,,False,True,True,False,,279.3,,,,,,
2026-09-03T17:05:00Z,NATURALGAS,2026-09-03,HOLDOUT,TREND_DOWN,LONG,SHORT,0.9141,1.1,0.8286,1.328,279.3,0.0,0.0,,True,True,True,False,,280.3,,,,,,
2026-09-03T17:10:00Z,NATURALGAS,2026-09-03,HOLDOUT,TREND_DOWN,SHORT,LONG,0.9451,1.4,0.8857,1.581,282.65,0.0,0.0,,True,True,True,False,,279.3,,,,,,
2026-09-03T17:25:00Z,NATURALGAS,2026-09-03,HOLDOUT,TREND_DOWN,SHORT,LONG,0.9162,1.2,0.9571,1.254,279.7,0.0,0.0,,True,True,True,False,,279.5,,,,,,
2026-09-04T06:25:00Z,NATURALGAS,2026-09-04,HOLDOUT,TREND_UP,SHORT,LONG,0.9143,0.5,0.3786,1.321,276.0,0.0,0.0,5,False,True,True,False,,275.7,,,,,,
2026-09-04T06:50:00Z,NATURALGAS,2026-09-04,HOLDOUT,TREND_UP,LONG,SHORT,0.975,0.7,0.4143,1.69,275.9,0.0,0.0,,False,True,True,False,,276.5,,,,,,
2026-09-04T06:55:00Z,NATURALGAS,2026-09-04,HOLDOUT,TREND_UP,LONG,SHORT,0.9512,0.6,0.4429,1.355,276.5,0.0,0.0,,False,True,True,False,,277.0,,,,,,
2026-09-04T11:55:00Z,NATURALGAS,2026-09-04,HOLDOUT,TREND_UP,SHORT,LONG,1.0,1.7,0.7357,2.311,277.2,0.0,0.0,3,False,True,True,False,,277.0,,,,,,
2026-09-04T12:10:00Z,NATURALGAS,2026-09-04,HOLDOUT,TREND_UP,LONG,SHORT,0.9904,1.4,0.8357,1.675,277.0,0.0,0.0,,False,True,True,False,,277.4,,,,,,
2026-09-04T12:15:00Z,NATURALGAS,2026-09-04,HOLDOUT,TREND_UP,LONG,SHORT,1.0,2.1,0.9643,2.178,279.0,0.0,0.0,,False,True,True,False,,279.3,,,,,,
2026-09-04T12:20:00Z,NATURALGAS,2026-09-04,HOLDOUT,TREND_UP,LONG,SHORT,0.9434,0.9,0.9929,0.906,279.3,0.0,0.0,,False,True,True,False,,280.0,,,,,,
2026-09-04T12:25:00Z,NATURALGAS,2026-09-04,HOLDOUT,TREND_UP,LONG,SHORT,0.9439,1.1,1.05,1.048,280.0,0.182,0.19,2,False,True,False,True,,280.7,,,,,,
2026-09-04T12:35:00Z,NATURALGAS,2026-09-04,HOLDOUT,TREND_UP,SHORT,LONG,1.0,2.3,1.2643,1.819,280.4,0.0,0.0,,True,True,True,False,,279.7,,,,,,
2026-09-04T12:40:00Z,NATURALGAS,2026-09-04,HOLDOUT,TREND_UP,LONG,SHORT,0.9182,1.0,1.3071,0.765,277.66,0.0,0.0,,False,True,True,False,,280.4,,,,,,
2026-09-04T13:15:00Z,NATURALGAS,2026-09-04,HOLDOUT,TREND_UP,LONG,SHORT,0.9402,1.2,1.2071,0.994,280.0,0.0,0.0,4,False,True,True,False,,280.4,,,,,,
2026-09-04T13:35:00Z,NATURALGAS,2026-09-04,HOLDOUT,TREND_UP,SHORT,LONG,0.9669,1.5,1.0714,1.4,279.6,0.0,0.0,5,False,True,True,False,,278.8,,,,,,
2026-09-04T14:25:00Z,NATURALGAS,2026-09-04,HOLDOUT,TREND_UP,LONG,SHORT,0.9771,1.7,0.8786,1.935,280.1,0.0,0.0,,False,True,True,False,,281.6,,,,,,
2026-09-04T16:20:00Z,NATURALGAS,2026-09-04,HOLDOUT,TREND_UP,SHORT,LONG,0.9091,1.0,0.65,1.538,279.8,0.0,0.0,,False,True,True,False,,279.3,,,,,,
2026-07-13T10:10:00,CRUDEOIL,2026-07-13,train,TREND_UP,LONG,SHORT,0.9167,12.0,6.9231,1.733,7141.0,0.0,0.0,,False,True,True,False,,7148.0,,,,,,
2026-07-13T11:10:00,CRUDEOIL,2026-07-13,train,TREND_UP,LONG,SHORT,1.0,20.0,8.3571,2.393,7177.0,0.5,1.197,2,True,True,False,False,,7183.0,,,,,,
2026-07-13T11:45:00,CRUDEOIL,2026-07-13,train,TREND_UP,SHORT,LONG,0.9355,14.0,11.3571,1.233,7151.0,0.0,0.0,,True,True,True,False,,7136.0,,,,,,
2026-07-13T13:00:00,CRUDEOIL,2026-07-13,train,TREND_UP,SHORT,LONG,0.9348,14.0,11.1429,1.256,7122.65,0.0,0.0,,False,True,True,False,,7111.0,,,,,,
2026-07-13T13:30:00,CRUDEOIL,2026-07-13,train,TREND_UP,SHORT,LONG,1.0,36.0,14.6429,2.459,7073.0,0.0,0.0,,False,True,True,False,,7065.0,,,,,,
2026-07-13T13:35:00,CRUDEOIL,2026-07-13,train,TREND_UP,SHORT,LONG,0.9057,14.0,15.6429,0.895,7065.0,0.0,0.0,,False,True,True,False,,7055.0,,,,,,
2026-07-13T13:40:00,CRUDEOIL,2026-07-13,train,TREND_UP,SHORT,LONG,0.9444,19.0,16.0,1.188,7055.0,0.0,0.0,,False,True,True,False,,7037.0,,,,,,
2026-07-13T13:45:00,CRUDEOIL,2026-07-13,train,TREND_UP,SHORT,LONG,0.9455,19.0,17.0,1.118,7037.0,0.0,0.0,4,True,True,True,False,,7016.0,,,,,,
2026-07-13T14:15:00,CRUDEOIL,2026-07-13,train,TREND_UP,SHORT,LONG,0.9508,20.0,19.7143,1.014,7011.0,0.0,0.0,,False,True,True,False,,7010.0,,,,,,
2026-07-13T14:45:00,CRUDEOIL,2026-07-13,train,TREND_UP,SHORT,LONG,0.9552,25.0,21.0,1.19,6975.0,0.0,0.0,3,False,True,True,False,,6969.0,,,,,,
2026-07-13T15:30:00,CRUDEOIL,2026-07-13,train,TREND_UP,LONG,SHORT,0.9474,22.0,16.4286,1.339,7012.0,0.0,0.0,,True,True,True,False,,7033.0,,,,,,
2026-07-13T15:40:00,CRUDEOIL,2026-07-13,train,TREND_UP,LONG,SHORT,0.9359,21.0,16.3571,1.284,7033.0,0.0,0.0,,True,True,True,False,,7051.0,,,,,,
2026-07-13T17:40:00,CRUDEOIL,2026-07-13,train,TREND_UP,LONG,SHORT,1.0,37.0,15.7857,2.344,7088.0,0.0,0.0,,True,True,True,False,,7099.0,,,,,,
2026-07-13T18:20:00,CRUDEOIL,2026-07-13,train,TREND_UP,SHORT,LONG,0.9725,29.0,15.5714,1.862,7095.0,0.0,0.0,,False,True,True,False,,7086.0,,,,,,
2026-07-13T19:05:00,CRUDEOIL,2026-07-13,train,TREND_UP,LONG,SHORT,0.9407,25.0,17.7143,1.411,7090.0,0.16,0.226,3,False,True,True,False,,7100.0,,,,,,
2026-07-13T19:20:00,CRUDEOIL,2026-07-13,train,TREND_UP,SHORT,LONG,0.9421,25.0,17.6429,1.417,7097.0,0.0,0.0,5,False,True,True,False,,7075.0,,,,,,
2026-07-13T19:35:00,CRUDEOIL,2026-07-13,train,TREND_UP,LONG,SHORT,0.9516,26.0,17.9286,1.45,7061.0,0.0,0.0,,False,True,True,False,,7085.0,,,,,,
2026-07-13T19:55:00,CRUDEOIL,2026-07-13,train,TREND_UP,LONG,SHORT,0.9609,33.0,26.4286,1.249,7156.7,0.355,0.443,3,True,True,True,False,,7172.0,,,,,,
2026-07-13T22:15:00,CRUDEOIL,2026-07-13,train,TREND_UP,LONG,SHORT,0.9615,32.0,13.7143,2.333,7212.0,0.0,0.0,,False,True,True,False,,7234.0,,,,,,
2026-07-13T22:40:00,CRUDEOIL,2026-07-13,train,TREND_UP,LONG,SHORT,0.9379,27.0,19.0,1.421,7252.0,0.0,0.0,,False,True,True,False,,7269.0,,,,,,
2026-07-14T11:05:00,CRUDEOIL,2026-07-14,train,CHOP,SHORT,LONG,0.96,34.0,14.3571,2.368,7627.0,0.0,0.0,4,False,True,True,False,,7598.0,,,,,,
2026-07-14T11:20:00,CRUDEOIL,2026-07-14,train,CHOP,LONG,SHORT,0.9286,24.0,16.1429,1.487,7596.0,0.0,0.0,,False,True,True,False,,7620.0,,,,,,
2026-07-14T11:50:00,CRUDEOIL,2026-07-14,train,CHOP,LONG,SHORT,1.0,38.0,19.5,1.949,7669.0,0.0,0.0,,False,True,True,False,,7681.0,,,,,,
2026-07-14T11:55:00,CRUDEOIL,2026-07-14,train,CHOP,LONG,SHORT,0.9429,34.0,21.7857,1.561,7687.0,0.0,0.0,,True,True,True,False,,7715.0,,,,,,
2026-07-14T12:30:00,CRUDEOIL,2026-07-14,train,CHOP,SHORT,LONG,0.9048,28.0,22.8571,1.225,7726.0,0.143,0.175,3,True,True,True,False,,7725.0,,,,,,
2026-07-14T13:00:00,CRUDEOIL,2026-07-14,train,CHOP,LONG,SHORT,1.0,40.0,25.5,1.569,7753.0,0.0,0.0,4,True,True,True,False,,7792.0,,,,,,
2026-07-14T13:15:00,CRUDEOIL,2026-07-14,train,CHOP,SHORT,LONG,0.902,30.0,25.5714,1.173,7765.0,0.433,0.508,3,False,True,True,False,,7756.0,,,,,,
2026-07-14T13:30:00,CRUDEOIL,2026-07-14,train,CHOP,LONG,SHORT,0.9815,39.0,28.6429,1.362,7758.0,0.846,1.152,3,False,True,True,False,3,7784.0,60.17,0.332,-1.28,-1.296,-1.296,-1.296
2026-07-14T13:40:00,CRUDEOIL,2026-07-14,train,CHOP,SHORT,LONG,1.0,42.0,29.7143,1.413,7789.0,0.0,0.0,,False,True,True,False,,7754.0,,,,,,
2026-07-14T14:35:00,CRUDEOIL,2026-07-14,train,CHOP,SHORT,LONG,0.9851,48.0,28.3571,1.693,7803.0,0.0,0.0,,False,True,True,False,,7767.0,,,,,,
2026-07-14T14:40:00,CRUDEOIL,2026-07-14,train,CHOP,SHORT,LONG,0.9706,45.0,28.7857,1.563,7746.0,0.489,0.764,2,True,True,False,True,,7726.0,,,,,,
2026-07-14T18:50:00,CRUDEOIL,2026-07-14,train,CHOP,SHORT,LONG,0.9905,51.0,32.6429,1.562,7746.0,0.0,0.0,,True,True,True,False,,7692.0,,,,,,
2026-07-14T19:05:00,CRUDEOIL,2026-07-14,train,CHOP,SHORT,LONG,0.9907,52.0,33.3571,1.559,7692.0,0.288,0.45,2,False,True,False,True,,7688.0,,,,,,
2026-07-14T20:00:00,CRUDEOIL,2026-07-14,train,CHOP,SHORT,LONG,0.9496,42.0,30.3571,1.384,7643.0,0.0,0.0,,False,True,True,False,,7609.0,,,,,,
2026-07-14T20:20:00,CRUDEOIL,2026-07-14,train,CHOP,SHORT,LONG,0.935,40.0,26.7143,1.497,7583.0,0.0,0.0,,True,True,True,False,,7580.0,,,,,,
2026-07-14T20:30:00,CRUDEOIL,2026-07-14,train,CHOP,SHORT,LONG,1.0,57.0,28.8571,1.975,7565.0,0.035,0.069,3,False,True,True,False,,7549.0,,,,,,
2026-07-14T20:40:00,CRUDEOIL,2026-07-14,train,CHOP,LONG,SHORT,0.9843,52.0,32.6429,1.593,7535.0,0.0,0.0,,True,True,True,False,,7552.0,,,,,,
2026-07-14T21:00:00,CRUDEOIL,2026-07-14,train,CHOP,LONG,SHORT,1.0,63.0,36.0714,1.747,7590.0,0.0,0.0,,False,True,True,False,,7636.0,,,,,,
2026-07-15T19:25:00,CRUDEOIL,2026-07-15,train,CHOP,SHORT,LONG,1.0,44.0,20.0714,2.192,7702.0,0.0,0.0,,True,True,True,False,,7686.0,,,,,,
2026-07-15T20:15:00,CRUDEOIL,2026-07-15,train,CHOP,SHORT,LONG,0.9518,27.0,18.5,1.459,7630.0,0.0,0.0,,False,True,True,False,,7617.0,,,,,,
2026-07-15T20:50:00,CRUDEOIL,2026-07-15,train,CHOP,SHORT,LONG,0.9222,25.0,21.0,1.19,7579.0,0.24,0.286,3,False,True,True,False,,7575.0,,,,,,
2026-07-15T21:50:00,CRUDEOIL,2026-07-15,train,CHOP,LONG,SHORT,0.951,28.0,19.0714,1.468,7634.0,0.0,0.0,,True,True,True,False,,7653.0,,,,,,
2026-07-15T22:20:00,CRUDEOIL,2026-07-15,train,CHOP,LONG,SHORT,0.9259,26.0,16.5,1.576,7665.0,1.346,2.121,2,True,True,False,True,2,7674.0,33.78,1.214,-0.296,0.97,0.681,0.681
2026-07-15T22:55:00,CRUDEOIL,2026-07-15,train,CHOP,SHORT,LONG,0.913,25.0,18.2143,1.373,7624.0,0.08,0.11,2,True,True,False,True,,7618.0,,,,,,
2026-07-16T10:25:00,CRUDEOIL,2026-07-16,train,CHOP,LONG,SHORT,1.0,14.0,7.4286,1.885,7650.0,0.0,0.0,2,True,True,False,False,,7661.0,,,,,,
2026-07-16T10:45:00,CRUDEOIL,2026-07-16,train,CHOP,LONG,SHORT,0.9,12.0,7.4286,1.615,7652.0,1.333,2.154,2,True,True,False,True,2,7657.0,13.36,1.048,-1.272,0.925,-1.347,-1.347
2026-07-16T11:05:00,CRUDEOIL,2026-07-16,train,CHOP,LONG,SHORT,1.0,14.0,8.7857,1.593,7641.0,0.0,0.0,,True,True,True,False,,7653.0,,,,,,
2026-07-16T11:50:00,CRUDEOIL,2026-07-16,train,CHOP,LONG,SHORT,0.9091,15.0,12.2143,1.228,7664.53,0.502,0.616,3,True,True,True,False,,7678.0,,,,,,
2026-07-16T12:35:00,CRUDEOIL,2026-07-16,train,CHOP,SHORT,LONG,0.9286,15.0,13.7857,1.088,7665.0,0.0,0.0,4,False,True,True,False,,7656.0,,,,,,
2026-07-16T14:00:00,CRUDEOIL,2026-07-16,train,CHOP,LONG,SHORT,0.9153,15.0,12.5,1.2,7669.2,0.48,0.576,3,False,True,True,False,,7672.0,,,,,,
2026-07-16T14:25:00,CRUDEOIL,2026-07-16,train,CHOP,SHORT,LONG,0.9844,22.0,12.0714,1.822,7649.32,0.0,0.0,,False,True,True,False,,7649.0,,,,,,
2026-07-16T14:30:00,CRUDEOIL,2026-07-16,train,CHOP,SHORT,LONG,0.9385,17.0,12.7857,1.33,7649.0,0.0,0.0,,True,True,True,False,,7634.0,,,,,,
2026-07-16T15:05:00,CRUDEOIL,2026-07-16,train,CHOP,LONG,SHORT,0.9028,18.0,17.0714,1.054,7650.0,0.0,0.0,,False,True,True,False,,7662.0,,,,,,
2026-07-16T17:20:00,CRUDEOIL,2026-07-16,train,CHOP,LONG,SHORT,0.9293,18.0,12.2857,1.465,7683.0,0.0,0.0,,True,True,True,False,,7702.0,,,,,,
2026-07-16T18:00:00,CRUDEOIL,2026-07-16,train,CHOP,LONG,SHORT,1.0,27.0,17.3571,1.556,7702.0,0.0,0.0,,False,True,True,False,,7771.0,,,,,,
2026-07-16T18:15:00,CRUDEOIL,2026-07-16,train,CHOP,SHORT,LONG,1.0,35.0,18.7857,1.863,7769.0,0.514,0.958,2,True,True,False,True,,7745.0,,,,,,
2026-07-16T18:55:00,CRUDEOIL,2026-07-16,train,CHOP,SHORT,LONG,0.9492,20.0,19.3571,1.033,7752.0,0.0,0.0,,True,True,True,False,,7732.0,,,,,,
2026-07-16T19:00:00,CRUDEOIL,2026-07-16,train,CHOP,LONG,SHORT,0.9832,27.0,20.2143,1.336,7672.74,0.0,0.0,,True,True,True,False,,7749.0,,,,,,
2026-07-16T19:05:00,CRUDEOIL,2026-07-16,train,CHOP,SHORT,LONG,0.95,22.0,19.6429,1.12,7752.0,0.0,0.0,,False,True,True,False,,7729.0,,,,,,
2026-07-16T19:30:00,CRUDEOIL,2026-07-16,train,CHOP,SHORT,LONG,0.96,26.0,19.4286,1.338,7709.0,0.192,0.257,2,True,True,False,True,,7702.0,,,,,,
2026-07-16T21:30:00,CRUDEOIL,2026-07-16,train,CHOP,LONG,SHORT,0.9463,24.0,14.0,1.714,7665.0,0.208,0.357,2,True,True,False,True,,7680.0,,,,,,
2026-07-16T22:45:00,CRUDEOIL,2026-07-16,train,CHOP,SHORT,LONG,0.939,24.0,18.5,1.297,7628.0,0.125,0.162,3,False,True,True,False,,7620.0,,,,,,
2026-07-16T23:00:00,CRUDEOIL,2026-07-16,train,CHOP,LONG,SHORT,0.9042,21.0,15.2143,1.38,7618.0,0.143,0.197,2,True,True,False,True,,7635.0,,,,,,
2026-07-17T10:40:00,CRUDEOIL,2026-07-17,train,TREND_UP,SHORT,LONG,0.9,7.0,6.3571,1.101,7682.03,0.0,0.0,,True,True,True,False,,7677.0,,,,,,
2026-07-17T11:00:00,CRUDEOIL,2026-07-17,train,TREND_UP,SHORT,LONG,0.9583,10.0,7.3571,1.359,7677.0,0.0,0.0,,False,True,True,False,,7672.0,,,,,,
2026-07-17T11:10:00,CRUDEOIL,2026-07-17,train,TREND_UP,SHORT,LONG,1.0,54.0,11.6429,4.638,7657.0,0.0,0.0,,False,True,True,False,,7600.0,,,,,,
2026-07-17T11:20:00,CRUDEOIL,2026-07-17,train,TREND_UP,LONG,SHORT,0.9643,23.0,14.0,1.643,7613.0,1.522,2.5,2,True,True,False,True,2,7631.0,37.69,0.451,-1.672,-1.698,-1.698,-1.698
2026-07-17T11:30:00,CRUDEOIL,2026-07-17,train,TREND_UP,SHORT,LONG,0.9667,28.0,16.5,1.697,7599.0,0.357,0.606,3,True,True,True,False,,7590.0,,,,,,
2026-07-17T11:45:00,CRUDEOIL,2026-07-17,train,TREND_UP,LONG,SHORT,0.9394,23.0,19.0,1.211,7585.0,0.0,0.0,,True,True,True,False,,7609.0,,,,,,
2026-07-17T11:55:00,CRUDEOIL,2026-07-17,train,TREND_UP,LONG,SHORT,0.9429,27.0,20.5714,1.313,7612.0,0.0,0.0,,True,True,True,False,,7628.0,,,,,,
2026-07-17T12:05:00,CRUDEOIL,2026-07-17,train,TREND_UP,LONG,SHORT,0.973,28.0,22.5714,1.241,7628.0,0.0,0.0,,True,True,True,False,,7657.0,,,,,,
2026-07-17T13:50:00,CRUDEOIL,2026-07-17,train,TREND_UP,LONG,SHORT,0.9828,30.0,16.0714,1.867,7667.0,0.0,0.0,,False,True,True,False,,7670.0,,,,,,
2026-07-17T17:05:00,CRUDEOIL,2026-07-17,train,TREND_UP,SHORT,LONG,0.9485,24.0,11.5714,2.074,7766.0,0.625,1.296,2,False,True,False,False,3,7764.0,17.72,4.12,-0.677,0.944,1.944,2.944
2026-07-17T18:30:00,CRUDEOIL,2026-07-17,train,TREND_UP,LONG,SHORT,1.0,54.0,16.3571,3.301,7808.0,0.0,0.0,,True,True,True,False,,7854.0,,,,,,
2026-07-17T18:40:00,CRUDEOIL,2026-07-17,train,TREND_UP,LONG,SHORT,0.9138,22.0,18.5,1.189,7752.66,0.0,0.0,,False,True,True,False,,7850.0,,,,,,
2026-07-17T20:30:00,CRUDEOIL,2026-07-17,train,TREND_UP,SHORT,LONG,0.9203,23.0,17.7143,1.298,7791.0,0.13,0.169,3,True,True,True,False,,7772.0,,,,,,
2026-07-17T20:50:00,CRUDEOIL,2026-07-17,train,TREND_UP,LONG,SHORT,0.9648,28.0,19.0714,1.468,7805.0,0.0,0.0,,False,True,True,False,,7809.0,,,,,,
2026-07-17T21:00:00,CRUDEOIL,2026-07-17,train,TREND_UP,LONG,SHORT,0.9861,36.0,20.3571,1.768,7845.0,0.167,0.295,2,False,True,False,True,,7848.0,,,,,,
2026-07-17T21:30:00,CRUDEOIL,2026-07-17,train,TREND_UP,LONG,SHORT,1.0,58.0,24.1429,2.402,7888.0,0.0,0.0,,False,True,True,False,,7903.0,,,,,,
2026-07-17T21:35:00,CRUDEOIL,2026-07-17,train,TREND_UP,LONG,SHORT,0.9536,29.0,24.3571,1.191,7903.0,0.069,0.082,2,True,True,False,True,,7915.0,,,,,,
2026-07-17T22:20:00,CRUDEOIL,2026-07-17,train,TREND_UP,LONG,SHORT,0.925,27.0,18.8571,1.432,7920.0,0.37,0.53,2,True,True,False,True,,7921.0,,,,,,
2026-07-20T11:10:00,CRUDEOIL,2026-07-20,train,CHOP,LONG,SHORT,1.0,21.0,11.0714,1.897,8133.0,0.0,0.0,,False,True,True,False,,8142.0,,,,,,
2026-07-20T11:50:00,CRUDEOIL,2026-07-20,train,CHOP,SHORT,LONG,1.0,30.0,14.7857,2.029,8173.0,0.367,0.744,3,False,True,True,False,,8166.0,,,,,,
2026-07-20T12:35:00,CRUDEOIL,2026-07-20,train,CHOP,LONG,SHORT,1.0,39.0,18.7857,2.076,8172.0,1.256,2.608,2,True,True,False,True,3,8190.0,68.17,3.037,0.0,0.985,1.985,2.985
2026-07-20T12:50:00,CRUDEOIL,2026-07-20,train,CHOP,SHORT,LONG,0.9348,29.0,21.0,1.381,8150.0,0.0,0.0,,False,True,True,False,,8123.0,,,,,,
2026-07-20T12:55:00,CRUDEOIL,2026-07-20,train,CHOP,SHORT,LONG,0.9149,23.0,22.0714,1.042,8118.0,0.0,0.0,,False,True,True,False,,8089.0,,,,,,
2026-07-20T13:10:00,CRUDEOIL,2026-07-20,train,CHOP,SHORT,LONG,0.98,31.0,25.0714,1.236,8052.0,0.0,0.0,,True,True,True,False,,8004.0,,,,,,
2026-07-20T13:40:00,CRUDEOIL,2026-07-20,train,CHOP,SHORT,LONG,0.9643,33.0,27.7857,1.188,7954.0,0.0,0.0,,False,True,True,False,,7941.0,,,,,,
2026-07-20T16:30:00,CRUDEOIL,2026-07-20,train,CHOP,SHORT,LONG,0.9111,28.0,14.4286,1.941,7931.84,0.291,0.566,2,True,True,False,True,,7915.0,,,,,,
2026-07-20T17:00:00,CRUDEOIL,2026-07-20,train,CHOP,SHORT,LONG,1.0,70.0,21.9286,3.192,7875.0,0.0,0.0,,False,True,True,False,,7787.0,,,,,,
2026-07-20T17:05:00,CRUDEOIL,2026-07-20,train,CHOP,SHORT,LONG,0.9588,32.0,23.7857,1.345,7787.0,0.875,1.177,2,True,True,False,True,2,7762.0,53.96,3.039,-0.185,0.981,1.981,2.981
2026-07-20T17:15:00,CRUDEOIL,2026-07-20,train,CHOP,LONG,SHORT,0.9899,46.0,26.9286,1.708,7768.0,0.0,0.0,,True,True,True,False,,7815.0,,,,,,
2026-07-20T17:30:00,CRUDEOIL,2026-07-20,train,CHOP,LONG,SHORT,1.0,98.0,34.5714,2.835,7825.0,0.0,0.0,,False,True,True,False,,7922.0,,,,,,
2026-07-20T18:30:00,CRUDEOIL,2026-07-20,train,CHOP,SHORT,LONG,0.9211,31.0,34.4286,0.9,7963.0,0.0,0.0,,True,True,True,False,,7933.0,,,,,,
2026-07-20T20:30:00,CRUDEOIL,2026-07-20,train,CHOP,SHORT,LONG,0.9058,30.0,21.7857,1.377,7957.0,0.0,0.0,,False,True,True,False,,7945.0,,,,,,
2026-07-20T20:35:00,CRUDEOIL,2026-07-20,train,CHOP,SHORT,LONG,0.964,39.0,24.4286,1.596,7945.0,0.0,0.0,,True,True,True,False,,7913.0,,,,,,
2026-07-21T11:10:00,CRUDEOIL,2026-07-21,train,TREND_UP,SHORT,LONG,1.0,15.0,8.2857,1.81,7938.04,0.0,0.0,,False,True,True,False,,7930.0,,,,,,
2026-07-21T11:15:00,CRUDEOIL,2026-07-21,train,TREND_UP,SHORT,LONG,1.0,22.0,8.9286,2.464,7922.0,0.409,1.008,2,True,True,False,True,,7918.0,,,,,,
2026-07-21T11:25:00,CRUDEOIL,2026-07-21,train,TREND_UP,LONG,SHORT,0.9643,17.0,9.9286,1.712,7922.0,0.0,0.0,,True,True,True,False,,7931.0,,,,,,
2026-07-21T12:40:00,CRUDEOIL,2026-07-21,train,TREND_UP,LONG,SHORT,1.0,22.0,12.0714,1.822,7966.0,0.0,0.0,5,False,True,True,False,,7981.0,,,,,,
2026-07-21T13:00:00,CRUDEOIL,2026-07-21,train,TREND_UP,SHORT,LONG,1.0,47.0,14.5714,3.225,7990.0,0.0,0.0,,False,True,True,False,,7969.0,,,,,,
2026-07-21T13:20:00,CRUDEOIL,2026-07-21,train,TREND_UP,SHORT,LONG,0.9804,22.0,18.3571,1.198,7919.0,0.0,0.0,,False,True,True,False,,7918.0,,,,,,
2026-07-21T13:30:00,CRUDEOIL,2026-07-21,train,TREND_UP,SHORT,LONG,0.9811,27.0,19.7143,1.37,7909.0,0.0,0.0,5,False,True,True,False,,7888.0,,,,,,
2026-07-21T13:35:00,CRUDEOIL,2026-07-21,train,TREND_UP,SHORT,LONG,0.9074,20.0,20.1429,0.993,7888.0,0.0,0.0,4,False,True,True,False,,7868.0,,,,,,
2026-07-21T13:55:00,CRUDEOIL,2026-07-21,train,TREND_UP,LONG,SHORT,0.9828,27.0,21.1429,1.277,7898.0,0.0,0.0,,False,True,True,False,,7912.0,,,,,,
2026-07-21T14:15:00,CRUDEOIL,2026-07-21,train,TREND_UP,LONG,SHORT,0.9032,21.0,19.3571,1.085,7925.0,0.095,0.103,3,False,True,True,False,,7937.0,,,,,,
2026-07-21T14:55:00,CRUDEOIL,2026-07-21,train,TREND_UP,LONG,SHORT,0.9857,39.0,20.1429,1.936,7954.25,0.0,0.0,,True,True,True,False,,8004.0,,,,,,
2026-07-21T15:05:00,CRUDEOIL,2026-07-21,train,TREND_UP,LONG,SHORT,0.9583,30.0,21.2143,1.414,7954.25,0.0,0.0,,True,True,True,False,,8011.0,,,,,,
2026-07-21T15:20:00,CRUDEOIL,2026-07-21,train,TREND_UP,LONG,SHORT,0.9733,33.0,22.6429,1.457,8016.0,0.0,0.0,4,False,True,True,False,,8031.0,,,,,,
2026-07-21T15:40:00,CRUDEOIL,2026-07-21,train,TREND_UP,SHORT,LONG,1.0,74.0,25.2857,2.927,8015.0,0.0,0.0,,True,True,True,False,,7956.0,,,,,,
2026-07-21T17:45:00,CRUDEOIL,2026-07-21,train,TREND_UP,LONG,SHORT,0.9712,33.0,17.7143,1.863,8072.0,0.0,0.0,,True,True,True,False,,8099.0,,,,,,
2026-07-21T18:30:00,CRUDEOIL,2026-07-21,train,TREND_UP,LONG,SHORT,0.9027,23.0,19.6429,1.171,8134.0,0.0,0.0,,False,True,True,False,,8146.0,,,,,,
2026-07-21T19:05:00,CRUDEOIL,2026-07-21,train,TREND_UP,LONG,SHORT,0.9417,32.0,19.2143,1.665,8157.0,0.062,0.104,3,False,True,True,False,,8172.0,,,,,,
2026-07-21T20:10:00,CRUDEOIL,2026-07-21,train,TREND_UP,SHORT,LONG,0.9098,26.0,23.0,1.13,8187.0,0.0,0.0,,False,True,True,False,,8167.0,,,,,,
2026-07-21T20:25:00,CRUDEOIL,2026-07-21,train,TREND_UP,LONG,SHORT,0.9779,36.0,23.3571,1.541,8168.0,0.833,1.284,2,False,True,False,False,3,8179.0,42.08,0.523,-1.069,-1.093,-1.093,-1.093
2026-07-21T20:40:00,CRUDEOIL,2026-07-21,train,TREND_UP,SHORT,LONG,0.9209,27.0,23.7857,1.135,8143.0,0.667,0.757,3,False,True,True,False,3,8138.0,23.81,0.924,-1.26,-1.302,-1.302,-1.302
2026-07-21T22:40:00,CRUDEOIL,2026-07-21,train,TREND_UP,SHORT,LONG,0.9387,31.0,14.3571,2.159,8147.0,0.0,0.0,4,True,True,True,False,,8125.0,,,,,,
2026-07-22T11:05:00,CRUDEOIL,2026-07-22,train,TREND_UP,SHORT,LONG,1.0,23.0,9.5,2.421,8251.0,0.0,0.0,,False,True,True,False,,8237.0,,,,,,
2026-07-22T11:45:00,CRUDEOIL,2026-07-22,train,TREND_UP,LONG,SHORT,1.0,56.0,14.5,3.862,8272.0,0.0,0.0,,False,True,True,False,,8306.0,,,,,,
2026-07-22T11:50:00,CRUDEOIL,2026-07-22,train,TREND_UP,LONG,SHORT,0.9412,16.0,15.1429,1.057,8306.0,0.0,0.0,,False,True,True,False,,8321.0,,,,,,
2026-07-22T12:15:00,CRUDEOIL,2026-07-22,train,TREND_UP,LONG,SHORT,0.9744,31.0,15.1429,2.047,8329.0,0.0,0.0,,True,True,True,False,,8353.0,,,,,,
2026-07-22T12:30:00,CRUDEOIL,2026-07-22,train,TREND_UP,LONG,SHORT,0.9524,30.0,18.9286,1.585,8354.0,0.0,0.0,,False,True,True,False,,8380.0,,,,,,
2026-07-22T13:00:00,CRUDEOIL,2026-07-22,train,TREND_UP,LONG,SHORT,0.9375,24.0,18.5,1.297,8395.0,0.0,0.0,,False,True,True,False,,8416.0,,,,,,
2026-07-22T13:05:00,CRUDEOIL,2026-07-22,train,TREND_UP,LONG,SHORT,1.0,59.0,22.4286,2.631,8416.0,0.0,0.0,,True,True,True,False,,8475.0,,,,,,
2026-07-22T13:25:00,CRUDEOIL,2026-07-22,train,TREND_UP,LONG,SHORT,0.9434,30.0,24.7857,1.21,8318.56,0.0,0.0,,True,True,True,False,,8494.0,,,,,,
2026-07-22T15:05:00,CRUDEOIL,2026-07-22,train,TREND_UP,SHORT,LONG,0.9178,27.0,17.8571,1.512,8527.0,1.741,2.632,2,False,True,False,True,3,8513.0,61.81,0.0,-1.084,-1.1,-1.1,-1.1
2026-07-22T15:15:00,CRUDEOIL,2026-07-22,train,TREND_UP,LONG,SHORT,0.9067,26.0,19.3571,1.343,8540.0,0.0,0.0,4,False,True,True,False,,8542.0,,,,,,
2026-07-22T15:20:00,CRUDEOIL,2026-07-22,train,TREND_UP,LONG,SHORT,0.9737,37.0,19.2857,1.919,8542.0,0.27,0.519,2,True,True,False,True,,8575.0,,,,,,
2026-07-22T15:45:00,CRUDEOIL,2026-07-22,train,TREND_UP,SHORT,LONG,0.9259,29.0,22.2857,1.301,8506.0,0.0,0.0,,False,True,True,False,,8468.0,,,,,,
2026-07-22T15:50:00,CRUDEOIL,2026-07-22,train,TREND_UP,SHORT,LONG,0.9756,43.0,23.5714,1.824,8468.0,0.0,0.0,,False,True,True,False,,8435.0,,,,,,
2026-07-22T17:15:00,CRUDEOIL,2026-07-22,train,TREND_UP,SHORT,LONG,0.9495,31.0,21.5,1.442,8455.0,0.29,0.419,3,False,True,True,False,,8453.0,,,,,,
2026-07-22T17:55:00,CRUDEOIL,2026-07-22,train,TREND_UP,SHORT,LONG,0.9533,33.0,22.8571,1.444,8424.0,0.0,0.0,4,True,True,True,False,,8395.0,,,,,,
2026-07-22T18:25:00,CRUDEOIL,2026-07-22,train,TREND_UP,LONG,SHORT,0.9823,54.0,23.8571,2.263,8430.0,0.0,0.0,4,False,True,True,False,,8465.0,,,,,,
2026-07-22T18:45:00,CRUDEOIL,2026-07-22,train,TREND_UP,SHORT,LONG,0.9573,37.0,24.3571,1.519,8436.0,0.0,0.0,,False,True,True,False,,8396.0,,,,,,
2026-07-22T19:10:00,CRUDEOIL,2026-07-22,train,TREND_UP,LONG,SHORT,0.9426,35.0,28.9286,1.21,8357.0,0.0,0.0,,True,True,True,False,,8397.0,,,,,,
2026-07-22T19:25:00,CRUDEOIL,2026-07-22,train,TREND_UP,LONG,SHORT,0.936,33.0,28.6429,1.152,8397.0,0.03,0.035,2,False,True,False,True,,8413.0,,,,,,
2026-07-22T20:05:00,CRUDEOIL,2026-07-22,train,TREND_UP,SHORT,LONG,0.9098,32.0,20.7857,1.54,8413.0,0.0,0.0,,False,True,True,False,,8395.0,,,,,,
2026-07-22T20:35:00,CRUDEOIL,2026-07-22,train,TREND_UP,LONG,SHORT,0.964,39.0,20.2143,1.929,8414.0,0.744,1.435,2,True,True,False,True,3,8429.0,45.17,1.749,-0.708,0.978,-0.598,-0.598
2026-07-23T10:00:00,CRUDEOIL,2026-07-23,train,TREND_UP,SHORT,LONG,0.9167,14.0,11.0,1.273,8546.0,0.0,0.0,,False,True,True,False,,8529.0,,,,,,
2026-07-23T10:55:00,CRUDEOIL,2026-07-23,train,TREND_UP,SHORT,LONG,0.913,17.0,12.7857,1.33,8525.0,0.0,0.0,4,False,True,True,False,,8519.0,,,,,,
2026-07-23T11:05:00,CRUDEOIL,2026-07-23,train,TREND_UP,LONG,SHORT,1.0,26.0,15.1429,1.717,8504.0,0.0,0.0,,False,True,True,False,,8515.0,,,,,,
2026-07-23T12:20:00,CRUDEOIL,2026-07-23,train,TREND_UP,LONG,SHORT,0.975,24.0,14.4286,1.663,8571.0,0.0,0.0,,True,True,True,False,,8590.0,,,,,,
2026-07-23T12:35:00,CRUDEOIL,2026-07-23,train,TREND_UP,LONG,SHORT,1.0,27.0,16.8571,1.602,8616.0,0.0,0.0,,True,True,True,False,,8635.0,,,,,,
2026-07-23T12:45:00,CRUDEOIL,2026-07-23,train,TREND_UP,LONG,SHORT,1.0,31.0,18.0714,1.715,8646.0,0.452,0.775,2,True,True,False,True,,8670.0,,,,,,
2026-07-23T13:20:00,CRUDEOIL,2026-07-23,train,TREND_UP,SHORT,LONG,1.0,37.0,24.0,1.542,8672.0,0.0,0.0,,False,True,True,False,,8638.0,,,,,,
2026-07-23T13:40:00,CRUDEOIL,2026-07-23,train,TREND_UP,LONG,SHORT,0.9821,31.0,25.5714,1.212,8566.09,0.0,0.0,,True,True,True,False,,8643.0,,,,,,
2026-07-23T14:15:00,CRUDEOIL,2026-07-23,train,TREND_UP,SHORT,LONG,0.9524,28.0,23.2143,1.206,8671.0,0.0,0.0,4,True,True,True,False,,8645.0,,,,,,
2026-07-23T14:35:00,CRUDEOIL,2026-07-23,train,TREND_UP,LONG,SHORT,0.9851,35.0,24.2857,1.441,8675.0,0.0,0.0,,False,True,True,False,,8684.0,,,,,,
2026-07-23T14:40:00,CRUDEOIL,2026-07-23,train,TREND_UP,LONG,SHORT,0.9265,28.0,24.2143,1.156,8697.0,0.0,0.0,,False,True,True,False,,8708.0,,,,,,
2026-07-23T14:50:00,CRUDEOIL,2026-07-23,train,TREND_UP,LONG,SHORT,0.9286,29.0,21.7857,1.331,8715.0,0.0,0.0,4,True,True,True,False,,8742.0,,,,,,
2026-07-23T15:45:00,CRUDEOIL,2026-07-23,train,TREND_UP,LONG,SHORT,0.9753,34.0,21.7857,1.561,8744.0,0.0,0.0,5,False,True,True,False,,8752.0,,,,,,
2026-07-23T16:10:00,CRUDEOIL,2026-07-23,train,TREND_UP,SHORT,LONG,1.0,37.0,22.7857,1.624,8755.0,0.0,0.0,5,True,True,True,False,,8739.0,,,,,,
2026-07-23T16:35:00,CRUDEOIL,2026-07-23,train,TREND_UP,LONG,SHORT,0.9011,29.0,21.0,1.381,8744.0,0.0,0.0,,True,True,True,False,,8772.0,,,,,,
2026-07-23T16:45:00,CRUDEOIL,2026-07-23,train,TREND_UP,LONG,SHORT,0.957,33.0,21.7857,1.515,8778.0,0.0,0.0,,True,True,True,False,,8788.0,,,,,,
2026-07-23T17:40:00,CRUDEOIL,2026-07-23,train,TREND_UP,LONG,SHORT,0.9423,32.0,21.0714,1.519,8792.0,0.0,0.0,5,True,True,True,False,,8812.0,,,,,,
2026-07-23T18:45:00,CRUDEOIL,2026-07-23,train,TREND_UP,SHORT,LONG,1.0,62.0,29.9286,2.072,8845.0,0.0,0.0,4,True,True,True,False,,8816.0,,,,,,
2026-07-23T18:50:00,CRUDEOIL,2026-07-23,train,TREND_UP,LONG,SHORT,0.9576,34.0,30.0714,1.131,8735.34,0.0,0.0,,True,True,True,False,,8837.0,,,,,,
2026-07-23T19:05:00,CRUDEOIL,2026-07-23,train,TREND_UP,LONG,SHORT,0.9835,40.0,30.5,1.311,8841.0,0.0,0.0,,False,True,True,False,,8845.0,,,,,,
2026-07-23T20:05:00,CRUDEOIL,2026-07-23,train,TREND_UP,SHORT,LONG,0.985,40.0,28.2857,1.414,8899.0,0.75,1.061,2,True,True,False,True,2,8875.0,51.2,2.5,-0.684,0.98,1.98,2.5
2026-07-23T20:15:00,CRUDEOIL,2026-07-23,train,TREND_UP,LONG,SHORT,0.9407,34.0,27.5714,1.233,8916.0,0.0,0.0,,True,True,True,False,,8925.0,,,,,,
2026-07-23T21:30:00,CRUDEOIL,2026-07-23,train,TREND_UP,LONG,SHORT,0.9733,37.0,23.5,1.574,8800.51,0.0,0.0,,False,True,True,False,,8927.0,,,,,,
2026-07-23T22:00:00,CRUDEOIL,2026-07-23,train,TREND_UP,LONG,SHORT,0.9872,40.0,25.6429,1.56,8926.0,0.0,0.0,,False,True,True,False,,8954.0,,,,,,
2026-07-24T11:05:00,CRUDEOIL,2026-07-24,train,TREND_DOWN,SHORT,LONG,0.96,20.0,11.2857,1.772,8871.0,0.0,0.0,,False,True,True,False,,8869.0,,,,,,
2026-07-24T11:10:00,CRUDEOIL,2026-07-24,train,TREND_DOWN,SHORT,LONG,0.9231,19.0,11.5,1.652,8856.0,0.0,0.0,2,False,True,False,False,,8850.0,,,,,,
2026-07-24T11:20:00,CRUDEOIL,2026-07-24,train,TREND_DOWN,LONG,SHORT,1.0,31.0,15.3571,2.019,8849.0,0.226,0.456,3,True,True,True,False,,8858.0,,,,,,
2026-07-24T12:25:00,CRUDEOIL,2026-07-24,train,TREND_DOWN,SHORT,LONG,0.9512,26.0,19.5714,1.328,8785.0,0.0,0.0,,False,True,True,False,,8764.0,,,,,,
2026-07-24T13:00:00,CRUDEOIL,2026-07-24,train,TREND_DOWN,LONG,SHORT,0.9583,29.0,20.0714,1.445,8737.0,0.0,0.0,4,False,True,True,False,,8739.0,,,,,,
2026-07-24T13:05:00,CRUDEOIL,2026-07-24,train,TREND_DOWN,LONG,SHORT,0.9388,28.0,20.9286,1.338,8739.0,0.357,0.478,3,True,True,True,False,,8758.0,,,,,,
2026-07-24T13:35:00,CRUDEOIL,2026-07-24,train,TREND_DOWN,SHORT,LONG,0.9091,24.0,20.7143,1.159,8811.65,0.0,0.0,,False,True,True,False,,8755.0,,,,,,
2026-07-24T13:55:00,CRUDEOIL,2026-07-24,train,TREND_DOWN,SHORT,LONG,1.0,46.0,22.3571,2.058,8750.0,0.0,0.0,,False,True,True,False,,8716.0,,,,,,
2026-07-24T14:00:00,CRUDEOIL,2026-07-24,train,TREND_DOWN,SHORT,LONG,0.95,29.0,23.2143,1.249,8710.0,0.0,0.0,,False,True,True,False,,8698.0,,,,,,
2026-07-24T14:05:00,CRUDEOIL,2026-07-24,train,TREND_DOWN,SHORT,LONG,0.918,28.0,23.2857,1.202,8698.0,0.0,0.0,,False,True,True,False,,8688.0,,,,,,
2026-07-24T14:30:00,CRUDEOIL,2026-07-24,train,TREND_DOWN,SHORT,LONG,0.9848,35.0,24.1429,1.45,8660.0,0.0,0.0,,False,True,True,False,,8635.0,,,,,,
2026-07-24T15:30:00,CRUDEOIL,2026-07-24,train,TREND_DOWN,LONG,SHORT,0.9872,42.0,24.0,1.75,8628.0,0.0,0.0,,False,True,True,False,,8640.0,,,,,,
2026-07-24T16:00:00,CRUDEOIL,2026-07-24,train,TREND_DOWN,LONG,SHORT,0.9286,29.0,23.5,1.234,8690.0,0.207,0.255,3,True,True,True,False,,8702.0,,,,,,
2026-07-24T16:20:00,CRUDEOIL,2026-07-24,train,TREND_DOWN,LONG,SHORT,0.9773,36.0,24.5,1.469,8710.0,0.583,0.857,2,True,True,False,True,,8725.0,,,,,,
2026-07-24T18:30:00,CRUDEOIL,2026-07-24,train,TREND_DOWN,LONG,SHORT,0.9737,43.0,29.5,1.458,8655.0,0.0,0.0,,False,True,True,False,,8664.0,,,,,,
2026-07-24T18:50:00,CRUDEOIL,2026-07-24,train,TREND_DOWN,LONG,SHORT,0.9746,43.0,24.0,1.792,8711.0,0.0,0.0,5,True,True,True,False,,8751.0,,,,,,
2026-07-24T19:25:00,CRUDEOIL,2026-07-24,train,TREND_DOWN,SHORT,LONG,0.912,30.0,27.7143,1.082,8683.97,0.068,0.073,3,False,True,True,False,,8682.0,,,,,,
2026-07-24T19:55:00,CRUDEOIL,2026-07-24,train,TREND_DOWN,SHORT,LONG,0.9542,42.0,27.3571,1.535,8656.0,0.429,0.658,2,False,True,False,True,,8638.0,,,,,,
2026-07-24T20:40:00,CRUDEOIL,2026-07-24,train,TREND_DOWN,SHORT,LONG,1.0,87.0,24.9286,3.49,8642.0,0.0,0.0,,False,True,True,False,,8600.0,,,,,,
2026-07-24T20:45:00,CRUDEOIL,2026-07-24,train,TREND_DOWN,SHORT,LONG,0.9858,60.0,30.0714,1.995,8591.0,0.0,0.0,,False,True,True,False,,8530.0,,,,,,
2026-07-27T10:10:00,CRUDEOIL,2026-07-27,train,TREND_DOWN,SHORT,LONG,0.9286,17.0,14.2857,1.19,8178.0,0.412,0.49,3,True,True,True,False,,8160.0,,,,,,
2026-07-27T10:50:00,CRUDEOIL,2026-07-27,train,TREND_DOWN,SHORT,LONG,1.0,26.0,13.1429,1.978,8174.0,0.5,0.989,2,True,True,False,True,,8164.0,,,,,,
2026-07-27T11:00:00,CRUDEOIL,2026-07-27,train,TREND_DOWN,LONG,SHORT,0.9583,21.0,14.2857,1.47,8175.0,0.571,0.84,2,True,True,False,True,,8187.0,,,,,,
2026-07-27T11:30:00,CRUDEOIL,2026-07-27,train,TREND_DOWN,SHORT,LONG,1.0,37.0,16.3571,2.262,8142.0,0.0,0.0,,False,True,True,False,,8121.0,,,,,,
2026-07-27T12:10:00,CRUDEOIL,2026-07-27,train,TREND_DOWN,SHORT,LONG,0.9189,18.0,15.1429,1.189,8076.0,0.0,0.0,4,False,True,True,False,,8071.0,,,,,,
2026-07-27T12:20:00,CRUDEOIL,2026-07-27,train,TREND_DOWN,SHORT,LONG,0.9487,24.0,16.4286,1.461,8066.0,0.875,1.278,2,False,True,False,True,2,8052.0,35.72,0.196,-1.148,-1.176,-1.176,-1.176
2026-07-27T12:30:00,CRUDEOIL,2026-07-27,train,TREND_DOWN,LONG,SHORT,1.0,54.0,19.3571,2.79,8062.0,0.333,0.93,2,True,True,False,True,,8087.0,,,,,,
2026-07-27T12:40:00,CRUDEOIL,2026-07-27,train,TREND_DOWN,SHORT,LONG,0.9535,29.0,18.8571,1.538,8080.0,0.0,0.0,3,False,True,True,False,,8046.0,,,,,,
2026-07-27T13:25:00,CRUDEOIL,2026-07-27,train,TREND_DOWN,LONG,SHORT,1.0,56.0,27.8571,2.01,8114.0,0.232,0.467,2,False,True,False,True,,8119.0,,,,,,
2026-07-27T13:35:00,CRUDEOIL,2026-07-27,train,TREND_DOWN,SHORT,LONG,1.0,59.0,31.9286,1.848,8123.0,0.0,0.0,,True,True,True,False,,8090.0,,,,,,
2026-07-27T13:45:00,CRUDEOIL,2026-07-27,train,TREND_DOWN,SHORT,LONG,0.9286,31.0,30.8571,1.005,8090.0,0.0,0.0,,False,True,True,False,,8073.0,,,,,,
2026-07-27T13:55:00,CRUDEOIL,2026-07-27,train,TREND_DOWN,SHORT,LONG,0.9483,37.0,31.1429,1.188,8065.0,0.0,0.0,,False,True,True,False,,8040.0,,,,,,
2026-07-27T14:10:00,CRUDEOIL,2026-07-27,train,TREND_DOWN,SHORT,LONG,0.918,31.0,32.5,0.954,8033.0,0.0,0.0,,True,True,True,False,,8019.0,,,,,,
2026-07-27T14:20:00,CRUDEOIL,2026-07-27,train,TREND_DOWN,SHORT,LONG,0.9524,39.0,33.1429,1.177,8019.0,0.0,0.0,,False,True,True,False,,7982.0,,,,,,
2026-07-27T15:35:00,CRUDEOIL,2026-07-27,train,TREND_DOWN,LONG,SHORT,0.9231,34.0,22.8571,1.488,7925.0,0.0,0.0,,False,True,True,False,,7960.0,,,,,,
2026-07-27T15:40:00,CRUDEOIL,2026-07-27,train,TREND_DOWN,LONG,SHORT,0.962,44.0,25.3571,1.735,7969.0,0.0,0.0,,True,True,True,False,,8026.0,,,,,,
2026-07-27T17:40:00,CRUDEOIL,2026-07-27,train,TREND_DOWN,LONG,SHORT,0.932,35.0,16.2143,2.159,8053.0,0.0,0.0,,False,True,True,False,,8085.0,,,,,,
2026-07-27T18:00:00,CRUDEOIL,2026-07-27,train,TREND_DOWN,SHORT,LONG,0.9065,33.0,18.1429,1.819,8080.0,0.0,0.0,4,True,True,True,False,,8072.0,,,,,,
2026-07-27T18:20:00,CRUDEOIL,2026-07-27,train,TREND_DOWN,LONG,SHORT,0.9189,34.0,19.2857,1.763,8088.0,0.0,0.0,,False,True,True,False,,8108.0,,,,,,
2026-07-27T19:00:00,CRUDEOIL,2026-07-27,train,TREND_DOWN,SHORT,LONG,0.9664,42.0,22.3571,1.879,8110.0,0.0,0.0,,False,True,True,False,,8086.0,,,,,,
2026-07-27T19:05:00,CRUDEOIL,2026-07-27,train,TREND_DOWN,SHORT,LONG,0.9,33.0,24.1429,1.367,8084.0,0.364,0.497,3,True,True,True,False,,8053.0,,,,,,
2026-07-27T19:20:00,CRUDEOIL,2026-07-27,train,TREND_DOWN,LONG,SHORT,0.935,36.0,25.2143,1.428,8077.0,0.556,0.793,2,False,True,False,True,,8102.0,,,,,,
2026-07-27T19:30:00,CRUDEOIL,2026-07-27,train,TREND_DOWN,SHORT,LONG,0.96,40.0,25.5,1.569,8108.0,0.0,0.0,,False,True,True,False,,8069.0,,,,,,
2026-07-27T20:30:00,CRUDEOIL,2026-07-27,train,TREND_DOWN,SHORT,LONG,0.9781,47.0,20.8571,2.253,8035.0,0.0,0.0,,False,True,True,False,,8014.0,,,,,,
2026-07-27T21:45:00,CRUDEOIL,2026-07-27,train,TREND_DOWN,LONG,SHORT,0.9474,38.0,17.1429,2.217,8017.0,2.421,5.367,2,False,True,False,True,3,8039.0,115.14,0.0,-0.617,-0.191,-0.191,-0.191
2026-07-27T22:00:00,CRUDEOIL,2026-07-27,train,TREND_DOWN,SHORT,LONG,0.9871,56.0,23.7143,2.361,7976.0,0.018,0.042,3,False,True,True,False,,7925.0,,,,,,
2026-07-28T11:00:00,CRUDEOIL,2026-07-28,train,CHOP,LONG,SHORT,1.0,27.0,10.5714,2.554,7872.0,0.0,0.0,,False,True,True,False,,7876.0,,,,,,
2026-07-28T11:05:00,CRUDEOIL,2026-07-28,train,CHOP,LONG,SHORT,1.0,37.0,13.0,2.846,7876.0,0.0,0.0,,True,True,True,False,,7914.0,,,,,,
2026-07-28T11:30:00,CRUDEOIL,2026-07-28,train,CHOP,LONG,SHORT,0.9,23.0,16.9286,1.359,7847.65,0.0,0.0,,True,True,True,False,,7900.0,,,,,,
2026-07-28T12:00:00,CRUDEOIL,2026-07-28,train,CHOP,SHORT,LONG,0.9722,33.0,21.2857,1.55,7861.0,0.0,0.0,,False,True,True,False,,7833.0,,,,,,
2026-07-28T12:10:00,CRUDEOIL,2026-07-28,train,CHOP,SHORT,LONG,0.9474,32.0,21.6429,1.479,7807.0,0.0,0.0,,True,True,True,False,,7776.0,,,,,,
2026-07-28T12:20:00,CRUDEOIL,2026-07-28,train,CHOP,SHORT,LONG,0.925,31.0,20.2857,1.528,7773.0,0.452,0.69,2,True,True,False,True,,7754.0,,,,,,
2026-07-28T12:30:00,CRUDEOIL,2026-07-28,train,CHOP,LONG,SHORT,0.9762,34.0,21.8571,1.556,7768.0,0.0,0.0,,True,True,True,False,,7787.0,,,,,,
2026-07-28T18:05:00,CRUDEOIL,2026-07-28,train,CHOP,SHORT,LONG,0.9908,40.0,19.5,2.051,7814.0,0.0,0.0,,True,True,True,False,,7787.0,,,,,,
2026-07-28T19:15:00,CRUDEOIL,2026-07-28,train,CHOP,LONG,SHORT,0.9756,35.0,23.3571,1.498,7809.0,0.0,0.0,5,True,True,True,False,,7819.0,,,,,,
2026-07-28T20:40:00,CRUDEOIL,2026-07-28,train,CHOP,SHORT,LONG,1.0,76.0,22.7857,3.335,7759.78,0.0,0.0,,False,True,True,False,,7726.0,,,,,,
2026-07-28T20:45:00,CRUDEOIL,2026-07-28,train,CHOP,SHORT,LONG,0.9858,60.0,25.5,2.353,7679.0,0.0,0.0,,True,True,True,False,,7664.0,,,,,,
2026-07-28T20:55:00,CRUDEOIL,2026-07-28,train,CHOP,SHORT,LONG,0.972,44.0,29.5714,1.488,7626.0,0.0,0.0,,False,True,True,False,,7606.0,,,,,,
2026-07-28T21:10:00,CRUDEOIL,2026-07-28,train,CHOP,SHORT,LONG,0.9452,35.0,32.2857,1.084,7756.79,0.0,0.0,,True,True,True,False,,7587.0,,,,,,
2026-07-28T21:20:00,CRUDEOIL,2026-07-28,train,CHOP,SHORT,LONG,0.9797,52.0,35.7143,1.456,7583.0,0.0,0.0,,False,True,True,False,,7566.0,,,,,,
2026-07-28T21:25:00,CRUDEOIL,2026-07-28,train,CHOP,SHORT,LONG,0.9396,36.0,38.7857,0.928,7566.0,0.0,0.0,,False,True,True,False,,7514.0,,,,,,
2026-07-28T22:00:00,CRUDEOIL,2026-07-28,train,CHOP,SHORT,LONG,0.9038,32.0,31.2857,1.023,7488.0,1.969,2.014,2,False,True,False,True,3,7480.0,71.96,1.098,-0.417,0.986,0.987,0.987
2026-07-28T22:15:00,CRUDEOIL,2026-07-28,train,CHOP,LONG,SHORT,0.9748,48.0,30.6429,1.566,7512.0,0.0,0.0,,True,True,True,False,,7551.0,,,,,,
2026-07-28T22:40:00,CRUDEOIL,2026-07-28,train,CHOP,LONG,SHORT,0.9329,35.0,26.4286,1.324,7559.0,0.0,0.0,,True,True,True,False,,7583.0,,,,,,
2026-07-28T22:50:00,CRUDEOIL,2026-07-28,train,CHOP,LONG,SHORT,0.9157,34.0,26.8571,1.266,7559.0,0.0,0.0,,False,True,True,False,,7580.0,,,,,,
2026-07-29T12:05:00,CRUDEOIL,2026-07-29,train,TREND_UP,SHORT,LONG,0.973,26.0,18.2143,1.427,7881.0,0.0,0.0,,False,True,True,False,,7869.0,,,,,,
2026-07-29T13:00:00,CRUDEOIL,2026-07-29,train,TREND_UP,SHORT,LONG,0.9583,24.0,17.8571,1.344,7866.0,0.0,0.0,4,False,True,True,False,,7857.0,,,,,,
2026-07-29T14:05:00,CRUDEOIL,2026-07-29,train,TREND_UP,SHORT,LONG,0.9508,26.0,22.7857,1.141,7847.25,0.0,0.0,4,False,True,True,False,,7842.0,,,,,,
2026-07-29T14:20:00,CRUDEOIL,2026-07-29,train,TREND_UP,LONG,SHORT,0.9531,28.0,22.5714,1.241,7839.0,0.0,0.0,,False,True,True,False,,7840.0,,,,,,
2026-07-29T15:35:00,CRUDEOIL,2026-07-29,train,TREND_UP,LONG,SHORT,1.0,53.0,16.3571,3.24,7891.56,0.0,0.0,,False,True,True,False,,7913.0,,,,,,
2026-07-29T17:15:00,CRUDEOIL,2026-07-29,train,TREND_UP,SHORT,LONG,1.0,57.0,20.7857,2.742,7935.0,0.0,0.0,4,True,True,True,False,,7904.0,,,,,,
2026-07-29T17:45:00,CRUDEOIL,2026-07-29,train,TREND_UP,LONG,SHORT,1.0,66.0,26.5714,2.484,7988.0,0.0,0.0,,False,True,True,False,,8059.0,,,,,,
2026-07-29T18:00:00,CRUDEOIL,2026-07-29,train,TREND_UP,LONG,SHORT,0.9906,61.0,27.7143,2.201,8059.0,0.0,0.0,,True,True,True,False,,8120.0,,,,,,
2026-07-29T18:20:00,CRUDEOIL,2026-07-29,train,TREND_UP,LONG,SHORT,0.9182,26.0,29.5,0.881,8083.0,0.0,0.0,,True,True,True,False,,8114.0,,,,,,
2026-07-29T21:00:00,CRUDEOIL,2026-07-29,train,TREND_UP,SHORT,LONG,0.9085,27.0,22.2857,1.212,8148.0,0.0,0.0,5,False,True,True,False,,8118.0,,,,,,
2026-07-29T21:25:00,CRUDEOIL,2026-07-29,train,TREND_UP,LONG,SHORT,0.9524,30.0,21.7857,1.377,8134.0,0.0,0.0,4,False,True,True,False,,8165.0,,,,,,
2026-07-29T21:50:00,CRUDEOIL,2026-07-29,train,TREND_UP,SHORT,LONG,0.9539,31.0,21.7857,1.423,8134.0,0.0,0.0,,False,True,True,False,,8107.0,,,,,,
2026-07-30T10:20:00,CRUDEOIL,2026-07-30,train,CHOP,LONG,SHORT,1.0,25.0,11.5714,2.16,8039.0,0.0,0.0,,False,True,True,False,,8047.0,,,,,,
2026-07-30T10:35:00,CRUDEOIL,2026-07-30,train,CHOP,LONG,SHORT,0.9474,21.0,12.9286,1.624,8069.0,0.0,0.0,,False,True,True,False,,8075.0,,,,,,
2026-07-30T10:40:00,CRUDEOIL,2026-07-30,train,CHOP,LONG,SHORT,0.95,22.0,14.1429,1.556,8075.0,0.0,0.0,,False,True,True,False,,8098.0,,,,,,
2026-07-30T11:00:00,CRUDEOIL,2026-07-30,train,CHOP,LONG,SHORT,1.0,28.0,16.8571,1.661,8129.0,0.0,0.0,,False,True,True,False,,8144.0,,,,,,
2026-07-30T11:20:00,CRUDEOIL,2026-07-30,train,CHOP,LONG,SHORT,1.0,46.0,21.7143,2.118,8164.0,0.022,0.046,2,True,True,False,True,,8177.0,,,,,,
2026-07-30T11:35:00,CRUDEOIL,2026-07-30,train,CHOP,LONG,SHORT,0.9355,30.0,24.2143,1.239,8190.0,0.0,0.0,,False,True,True,False,,8200.0,,,,,,
2026-07-30T12:30:00,CRUDEOIL,2026-07-30,train,CHOP,SHORT,LONG,1.0,56.0,26.3571,2.125,8185.0,0.0,0.0,5,True,True,True,False,,8115.0,,,,,,
2026-07-30T13:00:00,CRUDEOIL,2026-07-30,train,CHOP,LONG,SHORT,0.9375,33.0,28.0714,1.176,8189.0,0.182,0.214,3,False,True,True,False,,8215.0,,,,,,
2026-07-30T13:30:00,CRUDEOIL,2026-07-30,train,CHOP,SHORT,LONG,0.963,43.0,31.8571,1.35,8164.0,0.07,0.094,3,False,True,True,False,,8146.0,,,,,,
2026-07-30T13:45:00,CRUDEOIL,2026-07-30,train,CHOP,LONG,SHORT,0.9474,37.0,27.5714,1.342,8136.0,1.162,1.56,3,False,True,True,False,3,8167.0,75.11,1.891,-0.879,0.987,0.719,0.719
2026-07-30T14:00:00,CRUDEOIL,2026-07-30,train,CHOP,SHORT,LONG,1.0,64.0,29.6429,2.159,8123.0,0.172,0.371,3,True,True,True,False,,8089.0,,,,,,
2026-07-30T14:45:00,CRUDEOIL,2026-07-30,train,CHOP,SHORT,LONG,0.942,38.0,28.3571,1.34,8080.0,0.0,0.0,,True,True,True,False,,8055.0,,,,,,
2026-07-30T15:45:00,CRUDEOIL,2026-07-30,train,CHOP,SHORT,LONG,0.9259,35.0,22.1429,1.581,8088.0,0.0,0.0,,False,True,True,False,,8070.0,,,,,,
2026-07-30T17:55:00,CRUDEOIL,2026-07-30,train,CHOP,LONG,SHORT,0.9439,37.0,20.6429,1.792,8035.0,0.432,0.775,2,True,True,False,True,,8072.0,,,,,,
2026-07-30T21:10:00,CRUDEOIL,2026-07-30,train,CHOP,SHORT,LONG,0.9452,37.0,25.5714,1.447,8043.0,0.0,0.0,5,True,True,True,False,,8001.0,,,,,,
2026-07-31T10:25:00,CRUDEOIL,2026-07-31,train,TREND_UP,SHORT,LONG,0.9412,16.0,10.2143,1.566,7824.0,0.25,0.392,2,True,True,False,True,,7805.0,,,,,,
2026-07-31T10:35:00,CRUDEOIL,2026-07-31,train,TREND_UP,LONG,SHORT,0.9474,21.0,12.0714,1.74,7820.0,0.667,1.16,3,False,True,True,False,3,7827.0,21.63,1.803,-1.202,0.954,-1.248,-1.248
2026-07-31T11:20:00,CRUDEOIL,2026-07-31,train,TREND_UP,LONG,SHORT,0.9286,24.0,17.8571,1.344,7795.0,0.0,0.0,,False,True,True,False,,7810.0,,,,,,
2026-07-31T13:00:00,CRUDEOIL,2026-07-31,train,TREND_UP,LONG,SHORT,0.9792,26.0,17.2857,1.504,7893.0,0.269,0.405,3,True,True,True,False,,7901.0,,,,,,
2026-07-31T13:20:00,CRUDEOIL,2026-07-31,train,TREND_UP,SHORT,LONG,0.9808,26.0,17.8571,1.456,7873.0,0.0,0.0,,False,True,True,False,,7860.0,,,,,,
2026-07-31T15:00:00,CRUDEOIL,2026-07-31,train,TREND_UP,LONG,SHORT,1.0,50.0,22.8571,2.188,7953.0,0.0,0.0,,False,True,True,False,,7975.0,,,,,,
2026-07-31T16:45:00,CRUDEOIL,2026-07-31,train,TREND_UP,LONG,SHORT,1.0,68.0,21.0,3.238,8069.0,0.0,0.0,,False,True,True,False,,8105.0,,,,,,
2026-07-31T17:30:00,CRUDEOIL,2026-07-31,train,TREND_UP,LONG,SHORT,0.9902,50.0,24.3571,2.053,8130.0,0.0,0.0,,False,True,True,False,,8166.0,,,,,,
2026-07-31T19:20:00,CRUDEOIL,2026-07-31,train,TREND_UP,SHORT,LONG,0.9194,28.0,26.3571,1.062,8195.0,0.0,0.0,,True,True,True,False,,8175.0,,,,,,
2026-07-31T19:35:00,CRUDEOIL,2026-07-31,train,TREND_UP,SHORT,LONG,0.9528,32.0,25.0,1.28,8164.0,0.0,0.0,5,True,True,True,False,,8137.0,,,,,,
2026-07-31T19:40:00,CRUDEOIL,2026-07-31,train,TREND_UP,LONG,SHORT,0.9531,37.0,24.1429,1.533,8047.25,0.0,0.0,,True,True,True,False,,8153.0,,,,,,
2026-07-31T20:15:00,CRUDEOIL,2026-07-31,train,TREND_UP,LONG,SHORT,0.9185,29.0,21.4286,1.353,8178.0,0.0,0.0,,True,True,True,False,,8200.0,,,,,,
2026-07-31T20:55:00,CRUDEOIL,2026-07-31,train,TREND_UP,SHORT,LONG,0.9231,29.0,16.7143,1.735,8184.0,0.0,0.0,,False,True,True,False,,8168.0,,,,,,
2026-07-31T21:00:00,CRUDEOIL,2026-07-31,train,TREND_UP,SHORT,LONG,0.9722,45.0,18.7143,2.405,8168.0,0.0,0.0,,True,True,True,False,,8134.0,,,,,,
2026-07-31T21:15:00,CRUDEOIL,2026-07-31,train,TREND_UP,SHORT,LONG,0.9524,38.0,21.6429,1.756,8120.0,0.0,0.0,,False,True,True,False,,8078.0,,,,,,
2026-07-31T21:20:00,CRUDEOIL,2026-07-31,train,TREND_UP,SHORT,LONG,0.973,46.0,24.5714,1.872,8078.0,0.0,0.0,4,True,True,True,False,,8032.0,,,,,,
2026-08-03T10:15:00,CRUDEOIL,2026-08-03,train,CHOP,SHORT,LONG,1.0,20.0,10.7857,1.854,7592.0,0.0,0.0,,False,True,True,False,,7585.0,,,,,,
2026-08-03T11:10:00,CRUDEOIL,2026-08-03,train,CHOP,LONG,SHORT,0.9231,13.0,11.0,1.182,7584.0,0.0,0.0,,False,True,True,False,,7596.0,,,,,,
2026-08-03T11:25:00,CRUDEOIL,2026-08-03,train,CHOP,SHORT,LONG,0.9655,17.0,11.5714,1.469,7609.0,0.0,0.0,,False,True,True,False,,7600.0,,,,,,
2026-08-03T11:30:00,CRUDEOIL,2026-08-03,train,CHOP,SHORT,LONG,0.9333,14.0,12.2143,1.146,7600.0,0.0,0.0,,False,True,True,False,,7590.0,,,,,,
2026-08-03T12:10:00,CRUDEOIL,2026-08-03,train,CHOP,SHORT,LONG,1.0,27.0,15.5714,1.734,7557.0,0.0,0.0,4,True,True,True,False,,7539.0,,,,,,
2026-08-03T12:30:00,CRUDEOIL,2026-08-03,train,CHOP,LONG,SHORT,1.0,34.0,18.2857,1.859,7574.0,0.0,0.0,,False,True,True,False,,7589.0,,,,,,
2026-08-03T13:05:00,CRUDEOIL,2026-08-03,train,CHOP,LONG,SHORT,0.9184,25.0,24.7857,1.009,7614.09,1.044,1.053,2,True,True,False,True,3,7645.0,57.75,0.0,-1.022,-1.039,-1.039,-1.039
2026-08-03T13:15:00,CRUDEOIL,2026-08-03,train,CHOP,SHORT,LONG,0.9216,25.0,26.5714,0.941,7617.0,0.04,0.038,3,False,True,True,False,,7603.0,,,,,,
2026-08-03T14:05:00,CRUDEOIL,2026-08-03,train,CHOP,LONG,SHORT,0.9508,33.0,20.5,1.61,7655.0,0.0,0.0,4,False,True,True,False,,7658.0,,,,,,
2026-08-03T14:10:00,CRUDEOIL,2026-08-03,train,CHOP,LONG,SHORT,0.9355,27.0,21.3571,1.264,7658.0,0.185,0.234,3,False,True,True,False,,7670.0,,,,,,
2026-08-03T14:40:00,CRUDEOIL,2026-08-03,train,CHOP,SHORT,LONG,0.9412,32.0,21.5714,1.483,7650.0,0.0,0.0,,False,True,True,False,,7616.0,,,,,,
2026-08-03T18:15:00,CRUDEOIL,2026-08-03,train,CHOP,LONG,SHORT,0.982,41.0,17.0714,2.402,7557.0,0.634,1.523,2,True,True,False,True,3,7579.0,49.23,0.67,-1.077,-1.097,-1.097,-1.097
2026-08-03T18:30:00,CRUDEOIL,2026-08-03,train,CHOP,SHORT,LONG,0.9474,29.0,17.5714,1.65,7535.0,1.172,1.935,2,True,True,False,True,2,7515.0,54.87,0.128,-1.075,-1.093,-1.093,-1.093
2026-08-03T18:40:00,CRUDEOIL,2026-08-03,train,CHOP,LONG,SHORT,0.9828,42.0,19.9286,2.108,7548.0,0.0,0.0,4,True,True,True,False,,7569.0,,,,,,
2026-08-03T19:00:00,CRUDEOIL,2026-08-03,train,CHOP,SHORT,LONG,0.9833,52.0,22.5,2.311,7515.0,0.096,0.222,2,False,True,False,True,,7510.0,,,,,,
2026-08-03T19:20:00,CRUDEOIL,2026-08-03,train,CHOP,LONG,SHORT,0.9355,29.0,24.9286,1.163,7520.0,0.0,0.0,,False,True,True,False,,7535.0,,,,,,
2026-08-03T20:00:00,CRUDEOIL,2026-08-03,train,CHOP,LONG,SHORT,0.9394,31.0,22.0714,1.405,7584.0,0.194,0.272,2,False,True,False,True,,7601.0,,,,,,
2026-08-03T20:35:00,CRUDEOIL,2026-08-03,train,CHOP,SHORT,LONG,0.9496,32.0,18.8571,1.697,7609.0,0.0,0.0,4,True,True,True,False,,7582.0,,,,,,
2026-08-03T22:30:00,CRUDEOIL,2026-08-03,train,CHOP,LONG,SHORT,0.9198,27.0,14.9286,1.809,7629.35,0.0,0.0,,False,True,True,False,,7633.0,,,,,,
2026-08-04T11:20:00,CRUDEOIL,2026-08-04,train,TREND_DOWN,SHORT,LONG,1.0,22.0,10.2143,2.154,7741.4,0.0,0.0,,False,True,True,False,,7729.0,,,,,,
2026-08-04T11:45:00,CRUDEOIL,2026-08-04,train,TREND_DOWN,LONG,SHORT,0.9697,21.0,12.7857,1.642,7728.0,0.286,0.469,2,False,True,False,True,,7730.0,,,,,,
2026-08-04T12:10:00,CRUDEOIL,2026-08-04,train,TREND_DOWN,SHORT,LONG,0.9474,19.0,14.7857,1.285,7709.0,0.0,0.0,,False,True,True,False,,7707.0,,,,,,
2026-08-04T12:25:00,CRUDEOIL,2026-08-04,train,TREND_DOWN,SHORT,LONG,0.9756,21.0,14.7857,1.42,7702.0,0.238,0.338,3,False,True,True,False,,7682.0,,,,,,
2026-08-04T12:40:00,CRUDEOIL,2026-08-04,train,TREND_DOWN,LONG,SHORT,0.9773,23.0,15.5,1.484,7684.0,0.0,0.0,,True,True,True,False,,7707.0,,,,,,
2026-08-04T12:50:00,CRUDEOIL,2026-08-04,train,TREND_DOWN,LONG,SHORT,1.0,27.0,17.2143,1.568,7707.0,0.0,0.0,,False,True,True,False,,7714.0,,,,,,
2026-08-04T13:35:00,CRUDEOIL,2026-08-04,train,TREND_DOWN,LONG,SHORT,0.9818,26.0,18.0,1.444,7701.0,0.0,0.0,,True,True,True,False,,7722.0,,,,,,
2026-08-04T14:00:00,CRUDEOIL,2026-08-04,train,TREND_DOWN,LONG,SHORT,1.0,46.0,17.3571,2.65,7758.97,0.0,0.0,,False,True,True,False,,7763.0,,,,,,
2026-08-04T14:10:00,CRUDEOIL,2026-08-04,train,TREND_DOWN,LONG,SHORT,0.9839,36.0,19.0714,1.888,7776.0,0.0,0.0,,False,True,True,False,,7795.0,,,,,,
2026-08-04T14:20:00,CRUDEOIL,2026-08-04,train,TREND_DOWN,LONG,SHORT,0.9844,36.0,21.5714,1.669,7815.0,0.0,0.0,,True,True,True,False,,7847.0,,,,,,
2026-08-04T14:55:00,CRUDEOIL,2026-08-04,train,TREND_DOWN,SHORT,LONG,0.9014,22.0,21.4286,1.027,7839.0,0.0,0.0,5,False,True,True,False,,7831.0,,,,,,
2026-08-04T15:25:00,CRUDEOIL,2026-08-04,train,TREND_DOWN,SHORT,LONG,0.961,27.0,19.4286,1.39,7846.0,0.0,0.0,,False,True,True,False,,7826.0,,,,,,
2026-08-04T16:15:00,CRUDEOIL,2026-08-04,train,TREND_DOWN,SHORT,LONG,1.0,67.0,25.5,2.627,7804.0,0.0,0.0,,False,True,True,False,,7701.0,,,,,,
2026-08-04T16:20:00,CRUDEOIL,2026-08-04,train,TREND_DOWN,SHORT,LONG,0.9545,32.0,25.6429,1.248,7804.0,0.0,0.0,,False,True,True,False,,7710.0,,,,,,
2026-08-04T16:35:00,CRUDEOIL,2026-08-04,train,TREND_DOWN,SHORT,LONG,0.956,33.0,27.7143,1.191,7680.47,0.0,0.0,,False,True,True,False,,7673.0,,,,,,
2026-08-04T16:45:00,CRUDEOIL,2026-08-04,train,TREND_DOWN,SHORT,LONG,0.957,35.0,29.3571,1.192,7649.0,0.0,0.0,,True,True,True,False,,7629.0,,,,,,
2026-08-04T17:05:00,CRUDEOIL,2026-08-04,train,TREND_DOWN,SHORT,LONG,0.9794,45.0,32.0714,1.403,7608.0,0.0,0.0,,False,True,True,False,,7590.0,,,,,,
2026-08-04T17:10:00,CRUDEOIL,2026-08-04,train,TREND_DOWN,SHORT,LONG,0.9898,60.0,34.5,1.739,7590.0,0.0,0.0,,False,True,True,False,,7540.0,,,,,,
2026-08-04T17:15:00,CRUDEOIL,2026-08-04,train,TREND_DOWN,SHORT,LONG,1.0,67.0,39.3571,1.702,7540.0,0.0,0.0,,False,True,True,False,,7458.0,,,,,,
2026-08-04T17:20:00,CRUDEOIL,2026-08-04,train,TREND_DOWN,SHORT,LONG,1.0,96.0,45.5,2.11,7458.0,0.0,0.0,,False,True,True,False,,7365.0,,,,,,
2026-08-04T17:30:00,CRUDEOIL,2026-08-04,train,TREND_DOWN,LONG,SHORT,0.9314,37.0,44.2143,0.837,7376.0,0.0,0.0,,False,True,True,False,,7377.0,,,,,,
2026-08-04T17:35:00,CRUDEOIL,2026-08-04,train,TREND_DOWN,LONG,SHORT,0.9029,35.0,46.2857,0.756,7377.0,0.0,0.0,,False,True,True,False,,7425.0,,,,,,
2026-08-04T18:50:00,CRUDEOIL,2026-08-04,train,TREND_DOWN,SHORT,LONG,1.0,99.0,27.1429,3.647,7313.0,0.0,0.0,,False,True,True,False,,7300.0,,,,,,
2026-08-04T21:05:00,CRUDEOIL,2026-08-04,train,TREND_DOWN,SHORT,LONG,0.9586,49.0,24.3571,2.012,7221.0,0.0,0.0,5,False,True,True,False,,7201.0,,,,,,
2026-08-05T11:00:00,CRUDEOIL,2026-08-05,val,CHOP,SHORT,LONG,1.0,33.0,12.8571,2.567,7147.0,0.0,0.0,,True,True,True,False,,7127.0,,,,,,
2026-08-05T12:30:00,CRUDEOIL,2026-08-05,val,CHOP,LONG,SHORT,0.9524,26.0,19.3571,1.343,7153.0,0.0,0.0,,False,True,True,False,,7164.0,,,,,,
2026-08-05T12:40:00,CRUDEOIL,2026-08-05,val,CHOP,LONG,SHORT,0.9545,26.0,22.4286,1.159,7191.0,0.0,0.0,,False,True,True,False,,7229.0,,,,,,
2026-08-05T12:45:00,CRUDEOIL,2026-08-05,val,CHOP,LONG,SHORT,0.9111,25.0,22.4286,1.115,7229.0,0.0,0.0,,False,True,True,False,,7235.0,,,,,,
2026-08-05T14:00:00,CRUDEOIL,2026-08-05,val,CHOP,LONG,SHORT,0.9833,30.0,19.7143,1.522,7256.0,0.0,0.0,,False,True,True,False,,7263.0,,,,,,
2026-08-05T16:25:00,CRUDEOIL,2026-08-05,val,CHOP,SHORT,LONG,0.9663,28.0,14.5,1.931,7272.0,0.0,0.0,,True,True,True,False,,7262.0,,,,,,
2026-08-05T17:55:00,CRUDEOIL,2026-08-05,val,CHOP,LONG,SHORT,1.0,35.0,19.9286,1.756,7258.0,0.029,0.05,3,True,True,True,False,,7266.0,,,,,,
2026-08-05T18:30:00,CRUDEOIL,2026-08-05,val,CHOP,SHORT,LONG,0.9825,32.0,22.4286,1.427,7247.0,0.0,0.0,,False,True,True,False,,7226.0,,,,,,
2026-08-05T19:05:00,CRUDEOIL,2026-08-05,val,CHOP,SHORT,LONG,1.0,42.0,22.0714,1.903,7196.0,0.0,0.0,,True,True,True,False,,7167.0,,,,,,
2026-08-05T19:35:00,CRUDEOIL,2026-08-05,val,CHOP,SHORT,LONG,0.9921,35.0,25.5714,1.369,7155.0,0.0,0.0,,False,True,True,False,,7113.0,,,,,,
2026-08-06T10:30:00,CRUDEOIL,2026-08-06,val,TREND_UP,LONG,SHORT,0.9444,15.0,9.0714,1.654,7133.0,0.733,1.213,2,True,True,False,True,3,7145.0,23.45,0.171,-1.791,-1.834,-1.834,-1.834
2026-08-06T10:40:00,CRUDEOIL,2026-08-06,val,TREND_UP,SHORT,LONG,0.9,14.0,8.5,1.647,7138.0,0.0,0.0,,False,True,True,False,,7127.0,,,,,,
2026-08-06T11:30:00,CRUDEOIL,2026-08-06,val,TREND_UP,LONG,SHORT,1.0,28.0,10.6429,2.631,7140.0,0.0,0.0,,False,True,True,False,,7164.0,,,,,,
2026-08-06T11:40:00,CRUDEOIL,2026-08-06,val,TREND_UP,LONG,SHORT,1.0,28.0,12.5,2.24,7166.0,0.0,0.0,,True,True,True,False,,7193.0,,,,,,
2026-08-06T11:50:00,CRUDEOIL,2026-08-06,val,TREND_UP,LONG,SHORT,0.9118,18.0,13.6429,1.319,7141.54,0.0,0.0,,True,True,True,False,,7190.0,,,,,,
2026-08-06T12:05:00,CRUDEOIL,2026-08-06,val,TREND_UP,LONG,SHORT,0.9189,21.0,15.3571,1.367,7195.0,0.0,0.0,3,True,True,True,False,,7208.0,,,,,,
2026-08-06T13:40:00,CRUDEOIL,2026-08-06,val,TREND_UP,LONG,SHORT,0.9464,22.0,16.0,1.375,7205.0,1.273,1.75,3,False,True,True,False,3,7211.0,34.66,0.952,-1.818,-1.847,-1.847,-1.847
2026-08-06T13:55:00,CRUDEOIL,2026-08-06,val,TREND_UP,SHORT,LONG,1.0,32.0,18.0,1.778,7189.0,0.0,0.0,,False,True,True,False,,7176.0,,,,,,
2026-08-06T14:30:00,CRUDEOIL,2026-08-06,val,TREND_UP,LONG,SHORT,0.9394,22.0,18.8571,1.167,7178.88,0.313,0.365,3,False,True,True,False,,7183.0,,,,,,
2026-08-06T17:25:00,CRUDEOIL,2026-08-06,val,TREND_UP,SHORT,LONG,1.0,45.0,13.0,3.462,7224.0,0.533,1.846,2,True,True,False,True,,7221.0,,,,,,
2026-08-06T17:35:00,CRUDEOIL,2026-08-06,val,TREND_UP,LONG,SHORT,0.9903,32.0,15.1429,2.113,7232.0,0.0,0.0,,True,True,True,False,,7250.0,,,,,,
2026-08-06T18:35:00,CRUDEOIL,2026-08-06,val,TREND_UP,LONG,SHORT,1.0,51.0,18.0,2.833,7283.0,0.333,0.944,3,True,True,True,False,,7323.0,,,,,,
2026-08-06T20:15:00,CRUDEOIL,2026-08-06,val,TREND_UP,LONG,SHORT,0.9037,21.0,16.7143,1.256,7289.0,0.0,0.0,,False,True,True,False,,7308.0,,,,,,
2026-08-06T20:45:00,CRUDEOIL,2026-08-06,val,TREND_UP,LONG,SHORT,0.9645,30.0,15.2143,1.972,7323.0,0.0,0.0,,False,True,True,False,,7353.0,,,,,,
2026-08-06T20:55:00,CRUDEOIL,2026-08-06,val,TREND_UP,SHORT,LONG,0.958,28.0,16.1429,1.735,7351.0,0.0,0.0,5,True,True,True,False,,7327.0,,,,,,
2026-08-06T21:20:00,CRUDEOIL,2026-08-06,val,TREND_UP,LONG,SHORT,1.0,87.0,22.5714,3.854,7359.0,0.0,0.0,,True,True,True,False,,7426.0,,,,,,
2026-08-06T21:50:00,CRUDEOIL,2026-08-06,val,TREND_UP,SHORT,LONG,0.9286,25.0,24.5714,1.017,7435.0,0.0,0.0,4,False,True,True,False,,7418.0,,,,,,
2026-08-06T23:00:00,CRUDEOIL,2026-08-06,val,TREND_UP,SHORT,LONG,0.9821,40.0,16.1429,2.478,7403.0,0.0,0.0,,True,True,True,False,,7370.0,,,,,,
2026-08-07T10:00:00,CRUDEOIL,2026-08-07,val,CHOP,SHORT,LONG,1.0,35.0,13.9231,2.514,7488.0,0.0,0.0,,False,True,True,False,,7469.0,,,,,,
2026-08-07T11:30:00,CRUDEOIL,2026-08-07,val,CHOP,SHORT,LONG,0.9333,23.0,9.4286,2.439,7434.0,0.0,0.0,,True,True,True,False,,7424.0,,,,,,
2026-08-07T11:50:00,CRUDEOIL,2026-08-07,val,CHOP,SHORT,LONG,0.9412,23.0,12.0714,1.905,7413.0,0.522,0.994,2,False,True,False,False,,7396.0,,,,,,
2026-08-07T12:00:00,CRUDEOIL,2026-08-07,val,CHOP,LONG,SHORT,0.9444,23.0,13.2143,1.741,7400.0,0.0,0.0,,False,True,True,False,,7413.0,,,,,,
2026-08-07T13:00:00,CRUDEOIL,2026-08-07,val,CHOP,LONG,SHORT,0.9583,25.0,13.7857,1.813,7404.0,0.0,0.0,,False,True,True,False,,7414.0,,,,,,
2026-08-07T15:05:00,CRUDEOIL,2026-08-07,val,CHOP,SHORT,LONG,0.9452,24.0,15.5,1.548,7378.0,0.0,0.0,,False,True,True,False,,7358.0,,,,,,
2026-08-07T18:05:00,CRUDEOIL,2026-08-07,val,CHOP,SHORT,LONG,0.9817,27.0,14.5,1.862,7320.0,0.0,0.0,,False,True,True,False,,7302.0,,,,,,
2026-08-07T18:50:00,CRUDEOIL,2026-08-07,val,CHOP,LONG,SHORT,0.9831,29.0,19.5714,1.482,7324.0,0.0,0.0,3,True,True,True,False,,7332.0,,,,,,
2026-08-07T19:30:00,CRUDEOIL,2026-08-07,val,CHOP,LONG,SHORT,0.9841,29.0,16.5714,1.75,7355.0,0.0,0.0,,False,True,True,False,,7378.0,,,,,,
2026-08-07T19:35:00,CRUDEOIL,2026-08-07,val,CHOP,LONG,SHORT,0.9449,26.0,18.5,1.405,7378.0,0.077,0.108,2,True,True,False,True,,7417.0,,,,,,
2026-08-07T19:45:00,CRUDEOIL,2026-08-07,val,CHOP,SHORT,LONG,0.938,26.0,19.1429,1.358,7393.0,0.0,0.0,,True,True,True,False,,7376.0,,,,,,
2026-08-10T10:20:00,CRUDEOIL,2026-08-10,val,TREND_UP,SHORT,LONG,0.9375,12.0,9.6429,1.244,7485.0,0.0,0.0,,False,True,True,False,,7463.0,,,,,,
2026-08-10T11:20:00,CRUDEOIL,2026-08-10,val,TREND_UP,SHORT,LONG,1.0,17.0,12.0714,1.408,7456.0,0.0,0.0,,False,True,True,False,,7428.0,,,,,,
2026-08-10T11:30:00,CRUDEOIL,2026-08-10,val,TREND_UP,LONG,SHORT,1.0,36.0,13.4286,2.681,7424.0,0.0,0.0,,True,True,True,False,,7454.0,,,,,,
2026-08-10T11:45:00,CRUDEOIL,2026-08-10,val,TREND_UP,SHORT,LONG,0.9091,14.0,13.9286,1.005,7441.0,0.0,0.0,,False,True,True,False,,7436.0,,,,,,
2026-08-10T12:10:00,CRUDEOIL,2026-08-10,val,TREND_UP,LONG,SHORT,0.9211,14.0,14.2857,0.98,7423.0,0.0,0.0,,True,True,True,False,,7432.0,,,,,,
2026-08-10T12:30:00,CRUDEOIL,2026-08-10,val,TREND_UP,LONG,SHORT,1.0,36.0,16.0714,2.24,7446.0,0.0,0.0,5,False,True,True,False,,7459.0,,,,,,
2026-08-10T13:50:00,CRUDEOIL,2026-08-10,val,TREND_UP,LONG,SHORT,0.9138,22.0,17.1429,1.283,7472.0,0.0,0.0,,False,True,True,False,,7481.0,,,,,,
2026-08-10T13:55:00,CRUDEOIL,2026-08-10,val,TREND_UP,LONG,SHORT,0.9153,24.0,17.8571,1.344,7481.0,0.0,0.0,,False,True,True,False,,7484.0,,,,,,
2026-08-10T14:00:00,CRUDEOIL,2026-08-10,val,TREND_UP,LONG,SHORT,0.9667,32.0,17.7143,1.806,7484.06,0.0,0.0,,False,True,True,False,,7514.0,,,,,,
2026-08-10T14:50:00,CRUDEOIL,2026-08-10,val,TREND_UP,SHORT,LONG,0.9429,25.0,20.0,1.25,7521.0,0.12,0.15,3,True,True,True,False,,7501.0,,,,,,
2026-08-10T16:05:00,CRUDEOIL,2026-08-10,val,TREND_UP,LONG,SHORT,0.9059,23.0,15.3571,1.498,7533.5,0.0,0.0,,False,True,True,False,,7550.0,,,,,,
2026-08-10T19:00:00,CRUDEOIL,2026-08-10,val,TREND_UP,LONG,SHORT,0.9083,22.0,19.3571,1.137,7591.0,0.0,0.0,,False,True,True,False,,7609.0,,,,,,
2026-08-10T19:20:00,CRUDEOIL,2026-08-10,val,TREND_UP,LONG,SHORT,0.9839,34.0,21.3571,1.592,7663.0,0.0,0.0,,False,True,True,False,,7698.0,,,,,,
2026-08-10T19:45:00,CRUDEOIL,2026-08-10,val,TREND_UP,SHORT,LONG,0.9225,24.0,22.2857,1.077,7685.0,0.0,0.0,5,False,True,True,False,,7664.0,,,,,,
2026-08-10T22:00:00,CRUDEOIL,2026-08-10,val,TREND_UP,LONG,SHORT,0.9231,23.0,14.5714,1.578,7742.0,0.0,0.0,,False,True,True,False,,7752.0,,,,,,
2026-08-11T10:05:00,CRUDEOIL,2026-08-11,val,CHOP,LONG,SHORT,1.0,17.0,7.2143,2.356,7828.0,0.0,0.0,,False,True,True,False,,7843.0,,,,,,
2026-08-11T11:05:00,CRUDEOIL,2026-08-11,val,CHOP,SHORT,LONG,1.0,19.0,11.0,1.727,7861.0,0.684,1.182,2,True,True,False,False,3,7852.0,22.57,3.81,-0.709,0.956,1.956,2.956
2026-08-11T11:30:00,CRUDEOIL,2026-08-11,val,CHOP,SHORT,LONG,0.9667,18.0,11.5714,1.556,7868.0,1.556,2.42,2,True,True,False,True,3,7858.0,38.54,3.062,-0.415,0.974,1.974,2.974
2026-08-11T11:45:00,CRUDEOIL,2026-08-11,val,CHOP,LONG,SHORT,1.0,21.0,13.2857,1.581,7881.0,0.0,0.0,,True,True,True,False,,7896.0,,,,,,
2026-08-11T12:00:00,CRUDEOIL,2026-08-11,val,CHOP,LONG,SHORT,1.0,60.0,17.3571,3.457,7896.0,0.0,0.0,,True,True,True,False,,7960.0,,,,,,
2026-08-11T12:10:00,CRUDEOIL,2026-08-11,val,CHOP,LONG,SHORT,0.9737,24.0,18.5714,1.292,7968.0,0.0,0.0,4,False,True,True,False,,7975.0,,,,,,
2026-08-11T12:35:00,CRUDEOIL,2026-08-11,val,CHOP,LONG,SHORT,0.9767,26.0,19.9286,1.305,7870.96,0.0,0.0,,False,True,True,False,,7978.0,,,,,,
2026-08-11T13:15:00,CRUDEOIL,2026-08-11,val,CHOP,LONG,SHORT,0.902,20.0,18.5,1.081,7997.0,0.0,0.0,,False,True,True,False,,8005.0,,,,,,
2026-08-11T15:00:00,CRUDEOIL,2026-08-11,val,CHOP,SHORT,LONG,0.9444,22.0,15.5,1.419,8045.0,0.0,0.0,,True,True,True,False,,8016.0,,,,,,
2026-08-11T15:50:00,CRUDEOIL,2026-08-11,val,CHOP,SHORT,LONG,0.9878,29.0,16.8571,1.72,8014.0,0.0,0.0,,False,True,True,False,,8000.0,,,,,,
2026-08-11T15:55:00,CRUDEOIL,2026-08-11,val,CHOP,SHORT,LONG,0.988,44.0,19.6429,2.24,8000.0,0.0,0.0,,False,True,True,False,,7955.0,,,,,,
2026-08-11T16:15:00,CRUDEOIL,2026-08-11,val,CHOP,SHORT,LONG,0.954,24.0,18.1429,1.323,7974.0,0.0,0.0,,True,True,True,False,,7961.0,,,,,,
2026-08-11T16:30:00,CRUDEOIL,2026-08-11,val,CHOP,SHORT,LONG,1.0,139.0,27.2143,5.108,7946.0,0.0,0.0,,True,True,True,False,,7823.0,,,,,,
2026-08-11T16:50:00,CRUDEOIL,2026-08-11,val,CHOP,LONG,SHORT,0.9681,38.0,29.8571,1.273,7819.0,0.237,0.301,3,False,True,True,False,,7842.0,,,,,,
2026-08-11T17:05:00,CRUDEOIL,2026-08-11,val,CHOP,SHORT,LONG,0.9588,37.0,28.7857,1.285,7840.0,0.027,0.035,2,True,True,False,True,,7810.0,,,,,,
2026-08-11T17:35:00,CRUDEOIL,2026-08-11,val,CHOP,SHORT,LONG,0.932,24.0,30.0714,0.798,7835.0,2.083,1.663,2,True,True,False,True,3,7829.0,56.72,0.018,-1.463,-1.481,-1.481,-1.481
2026-08-11T17:50:00,CRUDEOIL,2026-08-11,val,CHOP,LONG,SHORT,0.9717,43.0,23.2857,1.847,7855.0,0.116,0.215,3,True,True,True,False,,7885.0,,,,,,
2026-08-11T18:30:00,CRUDEOIL,2026-08-11,val,CHOP,SHORT,LONG,0.9912,70.0,21.4286,3.267,7848.0,0.0,0.0,,True,True,True,False,,7802.0,,,,,,
2026-08-11T21:00:00,CRUDEOIL,2026-08-11,val,CHOP,LONG,SHORT,0.9653,40.0,19.1429,2.09,7879.0,0.0,0.0,,True,True,True,False,,7919.0,,,,,,
2026-08-11T21:30:00,CRUDEOIL,2026-08-11,val,CHOP,SHORT,LONG,0.9067,24.0,19.7857,1.213,7930.0,0.0,0.0,,False,True,True,False,,7918.0,,,,,,
2026-08-12T10:10:00,CRUDEOIL,2026-08-12,val,CHOP,SHORT,LONG,1.0,17.0,10.2857,1.653,8008.0,0.0,0.0,,True,True,True,False,,7991.0,,,,,,
2026-08-12T10:50:00,CRUDEOIL,2026-08-12,val,CHOP,SHORT,LONG,0.9545,14.0,10.0,1.4,8003.0,0.0,0.0,5,True,True,True,False,,7997.0,,,,,,
2026-08-12T11:15:00,CRUDEOIL,2026-08-12,val,CHOP,LONG,SHORT,1.0,21.0,12.0,1.75,7990.0,0.0,0.0,,False,True,True,False,,8003.0,,,,,,
2026-08-12T11:45:00,CRUDEOIL,2026-08-12,val,CHOP,SHORT,LONG,0.9091,15.0,13.5,1.111,8003.0,0.0,0.0,,True,True,True,False,,7997.0,,,,,,
2026-08-12T12:00:00,CRUDEOIL,2026-08-12,val,CHOP,SHORT,LONG,1.0,26.0,15.0,1.733,7990.97,0.27,0.469,2,False,True,False,True,,7981.0,,,,,,
2026-08-12T12:25:00,CRUDEOIL,2026-08-12,val,CHOP,LONG,SHORT,0.9024,19.0,17.8571,1.064,7974.0,0.0,0.0,,False,True,True,False,,7992.0,,,,,,
2026-08-12T12:30:00,CRUDEOIL,2026-08-12,val,CHOP,LONG,SHORT,0.9048,19.0,18.4286,1.031,7998.0,0.0,0.0,4,False,True,True,False,,8014.0,,,,,,
2026-08-12T14:05:00,CRUDEOIL,2026-08-12,val,CHOP,SHORT,LONG,0.9508,25.0,15.2857,1.636,7983.09,0.0,0.0,,True,True,True,False,,7965.0,,,,,,
2026-08-12T14:50:00,CRUDEOIL,2026-08-12,val,CHOP,SHORT,LONG,1.0,59.0,20.2143,2.919,7943.0,0.0,0.0,,False,True,True,False,,7894.0,,,,,,
2026-08-12T15:20:00,CRUDEOIL,2026-08-12,val,CHOP,LONG,SHORT,0.9868,49.0,22.1429,2.213,7892.0,0.0,0.0,,True,True,True,False,,7918.0,,,,,,
2026-08-12T16:15:00,CRUDEOIL,2026-08-12,val,CHOP,LONG,SHORT,0.9885,54.0,19.5714,2.759,7932.0,0.0,0.0,,False,True,True,False,,7965.0,,,,,,
2026-08-12T18:05:00,CRUDEOIL,2026-08-12,val,CHOP,SHORT,LONG,0.9541,27.0,14.4286,1.871,7972.0,0.0,0.0,,False,True,True,False,,7956.0,,,,,,
2026-08-12T19:00:00,CRUDEOIL,2026-08-12,val,CHOP,SHORT,LONG,0.9083,22.0,17.4286,1.262,7949.18,0.0,0.0,,False,True,True,False,,7897.0,,,,,,
2026-08-12T19:40:00,CRUDEOIL,2026-08-12,val,CHOP,LONG,SHORT,0.9609,28.0,16.4286,1.704,7889.0,0.0,0.0,,True,True,True,False,,7904.0,,,,,,
2026-08-12T20:15:00,CRUDEOIL,2026-08-12,val,CHOP,LONG,SHORT,0.9259,25.0,18.0714,1.383,7907.0,0.0,0.0,,True,True,True,False,,7912.0,,,,,,
2026-08-12T20:30:00,CRUDEOIL,2026-08-12,val,CHOP,LONG,SHORT,0.9565,27.0,19.1429,1.41,7926.0,0.0,0.0,,True,True,True,False,,7939.0,,,,,,
2026-08-12T22:50:00,CRUDEOIL,2026-08-12,val,CHOP,SHORT,LONG,0.9819,37.0,14.1429,2.616,7921.68,0.198,0.518,3,True,True,True,False,,7907.0,,,,,,
2026-08-13T22:00:00,CRUDEOIL,2026-08-13,val,CHOP,SHORT,LONG,0.9333,36.0,22.3571,1.61,7848.0,0.0,0.0,,False,True,True,False,,7822.0,,,,,,
2026-08-14T11:05:00,CRUDEOIL,2026-08-14,val,TREND_UP,LONG,SHORT,1.0,19.0,8.7143,2.18,7781.0,0.0,0.0,,True,True,True,False,,7796.0,,,,,,
2026-08-14T11:25:00,CRUDEOIL,2026-08-14,val,TREND_UP,LONG,SHORT,0.9655,12.0,10.2857,1.167,7801.0,0.0,0.0,,True,True,True,False,,7822.0,,,,,,
2026-08-14T11:45:00,CRUDEOIL,2026-08-14,val,TREND_UP,LONG,SHORT,0.9697,16.0,11.6429,1.374,7824.0,0.0,0.0,,True,True,True,False,,7830.0,,,,,,
2026-08-14T11:55:00,CRUDEOIL,2026-08-14,val,TREND_UP,LONG,SHORT,1.0,24.0,12.7857,1.877,7836.0,0.375,0.704,2,True,True,False,True,,7850.0,,,,,,
2026-08-14T12:30:00,CRUDEOIL,2026-08-14,val,TREND_UP,LONG,SHORT,1.0,40.0,17.1429,2.333,7850.0,0.0,0.0,,False,True,True,False,,7884.0,,,,,,
2026-08-14T12:40:00,CRUDEOIL,2026-08-14,val,TREND_UP,LONG,SHORT,0.9773,29.0,18.0,1.611,7890.0,0.0,0.0,,False,True,True,False,,7922.0,,,,,,
2026-08-14T13:20:00,CRUDEOIL,2026-08-14,val,TREND_UP,LONG,SHORT,0.9038,17.0,17.2143,0.988,7908.0,0.765,0.755,2,False,True,False,True,2,7911.0,16.51,0.0,-1.333,-1.393,-1.393,-1.393
2026-08-14T13:55:00,CRUDEOIL,2026-08-14,val,TREND_UP,SHORT,LONG,0.9483,23.0,15.0,1.533,7894.0,0.0,0.0,,False,True,True,False,,7875.0,,,,,,
2026-08-14T14:10:00,CRUDEOIL,2026-08-14,val,TREND_UP,LONG,SHORT,0.918,21.0,16.7857,1.251,7873.0,0.0,0.0,4,False,True,True,False,,7878.0,,,,,,
2026-08-14T14:50:00,CRUDEOIL,2026-08-14,val,TREND_UP,SHORT,LONG,0.913,20.0,16.0714,1.244,7852.0,0.55,0.684,2,True,True,False,False,,7840.0,,,,,,
2026-08-14T15:00:00,CRUDEOIL,2026-08-14,val,TREND_UP,LONG,SHORT,0.9437,22.0,16.0714,1.369,7848.0,0.0,0.0,4,False,True,True,False,,7852.0,,,,,,
2026-08-14T16:30:00,CRUDEOIL,2026-08-14,val,TREND_UP,LONG,SHORT,0.9773,24.0,14.5,1.655,7778.0,0.0,0.0,,True,True,True,False,,7805.0,,,,,,
2026-08-14T17:30:00,CRUDEOIL,2026-08-14,val,TREND_UP,LONG,SHORT,0.92,21.0,13.7857,1.523,7791.0,0.0,0.0,,False,True,True,False,,7800.0,,,,,,
2026-08-14T18:00:00,CRUDEOIL,2026-08-14,val,TREND_UP,SHORT,LONG,1.0,41.0,15.5,2.645,7807.0,0.0,0.0,,True,True,True,False,,7765.0,,,,,,
2026-08-14T18:35:00,CRUDEOIL,2026-08-14,val,TREND_UP,LONG,SHORT,0.9735,25.0,17.7857,1.406,7772.0,0.4,0.562,3,False,True,True,False,,7780.0,,,,,,
2026-08-14T19:30:00,CRUDEOIL,2026-08-14,val,TREND_UP,LONG,SHORT,0.9677,24.0,16.5,1.455,7754.0,0.0,0.0,,False,True,True,False,,7780.0,,,,,,
2026-08-14T20:15:00,CRUDEOIL,2026-08-14,val,TREND_UP,LONG,SHORT,0.9774,31.0,19.7857,1.567,7789.0,0.0,0.0,,False,True,True,False,,7810.0,,,,,,
2026-08-17T12:45:00,CRUDEOIL,2026-08-17,oos,TREND_UP,SHORT,LONG,1.0,20.0,11.5,1.739,7813.0,0.85,1.478,2,True,True,False,True,3,7804.0,26.6,3.571,-0.902,0.962,1.962,2.962
2026-08-17T13:15:00,CRUDEOIL,2026-08-17,oos,TREND_UP,LONG,SHORT,0.9184,17.0,13.2857,1.28,7815.0,0.0,0.0,,False,True,True,False,,7833.0,,,,,,
2026-08-17T13:30:00,CRUDEOIL,2026-08-17,oos,TREND_UP,LONG,SHORT,1.0,28.0,17.1429,1.633,7852.0,0.0,0.0,5,True,True,True,False,,7856.0,,,,,,
2026-08-17T15:05:00,CRUDEOIL,2026-08-17,oos,TREND_UP,LONG,SHORT,0.9718,22.0,12.8571,1.711,7908.0,0.0,0.0,,True,True,True,False,,7925.0,,,,,,
2026-08-17T15:20:00,CRUDEOIL,2026-08-17,oos,TREND_UP,LONG,SHORT,0.973,25.0,13.6429,1.832,7928.0,0.0,0.0,,True,True,True,False,,7946.0,,,,,,
2026-08-17T16:00:00,CRUDEOIL,2026-08-17,oos,TREND_UP,LONG,SHORT,1.0,36.0,16.5714,2.172,7876.12,0.0,0.0,,False,True,True,False,,7921.0,,,,,,
2026-08-17T17:55:00,CRUDEOIL,2026-08-17,oos,TREND_UP,LONG,SHORT,1.0,41.0,13.6429,3.005,7901.0,0.0,0.0,,False,True,True,False,,7926.0,,,,,,
2026-08-17T18:30:00,CRUDEOIL,2026-08-17,oos,TREND_UP,SHORT,LONG,0.9286,20.0,14.7143,1.359,7938.0,0.0,0.0,,False,True,True,False,,7923.0,,,,,,
2026-08-17T19:30:00,CRUDEOIL,2026-08-17,oos,TREND_UP,SHORT,LONG,0.9355,20.0,14.6429,1.366,7902.0,0.0,0.0,,True,True,True,False,,7890.0,,,,,,
2026-08-17T20:45:00,CRUDEOIL,2026-08-17,oos,TREND_UP,LONG,SHORT,0.9353,20.0,12.8571,1.556,7883.0,0.0,0.0,,False,True,True,False,,7901.0,,,,,,
2026-08-17T22:30:00,CRUDEOIL,2026-08-17,oos,TREND_UP,LONG,SHORT,0.956,24.0,11.5,2.087,7921.62,0.0,0.0,,False,True,True,False,,7938.0,,,,,,
2026-08-17T22:45:00,CRUDEOIL,2026-08-17,oos,TREND_UP,LONG,SHORT,0.9691,26.0,14.9286,1.742,7975.0,0.0,0.0,,False,True,True,False,,8003.0,,,,,,
2026-08-17T22:55:00,CRUDEOIL,2026-08-17,oos,TREND_UP,LONG,SHORT,0.939,23.0,15.3571,1.498,8003.0,0.0,0.0,,False,True,True,False,,8026.0,,,,,,
2026-08-17T23:00:00,CRUDEOIL,2026-08-17,oos,TREND_UP,LONG,SHORT,0.9939,40.0,17.5,2.286,8026.0,0.0,0.0,,False,True,True,False,,8058.0,,,,,,
2026-08-17T23:10:00,CRUDEOIL,2026-08-17,oos,TREND_UP,SHORT,LONG,0.9401,24.0,18.4286,1.302,8055.0,2.208,2.876,2,True,True,False,True,3,8040.0,68.72,0.029,0.0,0.029,0.029,0.029
2026-08-18T10:30:00,CRUDEOIL,2026-08-18,oos,CHOP,LONG,SHORT,0.9412,13.0,7.2857,1.784,8150.0,0.0,0.0,,True,True,True,False,,8160.0,,,,,,
2026-08-18T11:00:00,CRUDEOIL,2026-08-18,oos,CHOP,SHORT,LONG,0.9565,16.0,7.2857,2.196,8151.0,0.0,0.0,,False,True,True,False,,8150.0,,,,,,
2026-08-18T11:30:00,CRUDEOIL,2026-08-18,oos,CHOP,LONG,SHORT,1.0,21.0,10.0714,2.085,8166.0,0.0,0.0,,False,True,True,False,,8169.0,,,,,,
2026-08-18T14:00:00,CRUDEOIL,2026-08-18,oos,CHOP,SHORT,LONG,0.9322,18.0,16.0714,1.12,8147.0,0.222,0.249,3,True,True,True,False,,8140.0,,,,,,
2026-08-18T14:15:00,CRUDEOIL,2026-08-18,oos,CHOP,LONG,SHORT,0.9677,25.0,16.5714,1.509,8132.0,0.28,0.422,3,True,True,True,False,,8151.0,,,,,,
2026-08-18T16:05:00,CRUDEOIL,2026-08-18,oos,CHOP,SHORT,LONG,0.9286,18.0,14.2143,1.266,8126.0,0.0,0.0,,False,True,True,False,,8114.0,,,,,,
2026-08-18T17:35:00,CRUDEOIL,2026-08-18,oos,CHOP,LONG,SHORT,1.0,43.0,12.2857,3.5,8156.98,0.162,0.568,2,True,True,False,True,,8166.0,,,,,,
2026-08-18T19:00:00,CRUDEOIL,2026-08-18,oos,CHOP,SHORT,LONG,0.9915,37.0,14.7857,2.502,8181.0,0.0,0.0,,True,True,True,False,,8169.0,,,,,,
2026-08-18T19:10:00,CRUDEOIL,2026-08-18,oos,CHOP,SHORT,LONG,0.9833,34.0,18.0714,1.881,8153.0,0.618,1.162,2,False,True,False,True,2,8145.0,30.02,0.0,-1.432,-1.466,-1.466,-1.466
2026-08-18T19:20:00,CRUDEOIL,2026-08-18,oos,CHOP,LONG,SHORT,1.0,44.0,21.5,2.047,8161.0,0.705,1.442,2,False,True,False,True,2,8174.0,44.32,0.677,-1.106,-1.128,-1.128,-1.128
2026-08-18T19:30:00,CRUDEOIL,2026-08-18,oos,CHOP,SHORT,LONG,0.9839,38.0,23.2143,1.637,8169.0,0.0,0.0,,False,True,True,False,,8131.0,,,,,,
2026-08-18T20:20:00,CRUDEOIL,2026-08-18,oos,CHOP,LONG,SHORT,0.985,41.0,22.1429,1.852,8158.97,0.268,0.495,2,False,True,False,True,,8160.0,,,,,,
2026-08-18T20:30:00,CRUDEOIL,2026-08-18,oos,CHOP,SHORT,LONG,0.963,36.0,22.4286,1.605,8158.0,0.611,0.981,3,True,True,True,False,3,8140.0,41.08,1.047,-1.12,0.976,-1.144,-1.144
2026-08-18T22:20:00,CRUDEOIL,2026-08-18,oos,CHOP,SHORT,LONG,0.949,29.0,14.7857,1.961,8148.0,0.138,0.271,2,False,True,False,True,,8140.0,,,,,,
2026-08-19T10:25:00,CRUDEOIL,2026-08-19,oos,CHOP,SHORT,LONG,1.0,16.0,6.7857,2.358,8182.0,0.0,0.0,5,True,True,True,False,,8177.0,,,,,,
2026-08-19T11:55:00,CRUDEOIL,2026-08-19,oos,CHOP,SHORT,LONG,0.9118,13.0,13.2857,0.978,8181.31,0.899,0.88,2,True,True,False,True,2,8178.0,15.39,0.13,-1.04,-1.105,-1.105,-1.105
2026-08-19T12:30:00,CRUDEOIL,2026-08-19,oos,CHOP,LONG,SHORT,0.9512,20.0,15.2857,1.308,8193.0,0.0,0.0,2,False,True,False,False,,8194.0,,,,,,
2026-08-19T12:50:00,CRUDEOIL,2026-08-19,oos,CHOP,SHORT,LONG,0.9556,23.0,13.6429,1.686,8193.0,0.0,0.0,,False,True,True,False,,8191.0,,,,,,
2026-08-19T14:25:00,CRUDEOIL,2026-08-19,oos,CHOP,LONG,SHORT,1.0,34.0,12.0714,2.817,8195.29,0.0,0.0,,True,True,True,False,,8219.0,,,,,,
2026-08-19T14:35:00,CRUDEOIL,2026-08-19,oos,CHOP,LONG,SHORT,0.9545,24.0,15.2143,1.577,8236.0,0.458,0.723,3,True,True,True,False,,8238.0,,,,,,
2026-08-19T14:50:00,CRUDEOIL,2026-08-19,oos,CHOP,SHORT,LONG,0.971,28.0,18.7143,1.496,8245.0,0.0,0.0,,False,True,True,False,,8225.0,,,,,,
2026-08-19T15:00:00,CRUDEOIL,2026-08-19,oos,CHOP,SHORT,LONG,0.9155,23.0,19.1429,1.201,8220.0,0.087,0.104,2,True,True,False,True,,8197.0,,,,,,
2026-08-19T18:00:00,CRUDEOIL,2026-08-19,oos,CHOP,SHORT,LONG,0.9533,24.0,12.8571,1.867,8147.0,0.0,0.0,,False,True,True,False,,8140.0,,,,,,
2026-08-19T18:05:00,CRUDEOIL,2026-08-19,oos,CHOP,SHORT,LONG,1.0,65.0,17.1429,3.792,8140.0,0.0,0.0,5,True,True,True,False,,8076.0,,,,,,
2026-08-19T18:25:00,CRUDEOIL,2026-08-19,oos,CHOP,LONG,SHORT,0.9107,23.0,20.1429,1.142,8110.0,0.0,0.0,,False,True,True,False,,8114.0,,,,,,
2026-08-19T18:30:00,CRUDEOIL,2026-08-19,oos,CHOP,LONG,SHORT,0.9735,32.0,22.5,1.422,8121.0,0.0,0.0,,True,True,True,False,,8160.0,,,,,,
2026-08-19T18:35:00,CRUDEOIL,2026-08-19,oos,CHOP,SHORT,LONG,0.9561,29.0,23.4286,1.238,8178.71,0.0,0.0,,False,True,True,False,,8137.0,,,,,,
2026-08-19T19:35:00,CRUDEOIL,2026-08-19,oos,CHOP,LONG,SHORT,0.9841,39.0,19.9286,1.957,8190.0,0.0,0.0,,False,True,True,False,,8205.0,,,,,,
2026-08-20T10:15:00,CRUDEOIL,2026-08-20,oos,TREND_UP,SHORT,LONG,1.0,15.0,6.9286,2.165,8099.33,0.0,0.0,,False,True,True,False,,8092.0,,,,,,
2026-08-20T11:25:00,CRUDEOIL,2026-08-20,oos,TREND_UP,SHORT,LONG,0.931,12.0,8.7857,1.366,8108.0,0.0,0.0,4,True,True,True,False,,8100.0,,,,,,
2026-08-20T11:45:00,CRUDEOIL,2026-08-20,oos,TREND_UP,LONG,SHORT,0.9394,13.0,9.6429,1.348,8106.05,0.0,0.0,,False,True,True,False,,8108.0,,,,,,
2026-08-20T12:05:00,CRUDEOIL,2026-08-20,oos,TREND_UP,LONG,SHORT,1.0,16.0,9.8571,1.623,8118.0,0.0,0.0,,True,True,True,False,,8125.0,,,,,,
2026-08-20T12:30:00,CRUDEOIL,2026-08-20,oos,TREND_UP,LONG,SHORT,1.0,16.0,10.1429,1.577,8138.0,0.0,0.0,,True,True,True,False,,8161.0,,,,,,
2026-08-20T12:40:00,CRUDEOIL,2026-08-20,oos,TREND_UP,LONG,SHORT,1.0,16.0,10.0,1.6,8161.0,0.0,0.0,,False,True,True,False,,8165.0,,,,,,
2026-08-20T12:45:00,CRUDEOIL,2026-08-20,oos,TREND_UP,LONG,SHORT,1.0,25.0,11.2857,2.215,8165.0,0.0,0.0,,False,True,True,False,,8186.0,,,,,,
2026-08-20T13:30:00,CRUDEOIL,2026-08-20,oos,TREND_UP,SHORT,LONG,0.9815,21.0,15.0,1.4,8204.0,1.667,2.333,3,True,True,True,False,3,8176.0,63.63,2.53,-0.283,0.984,1.984,0.959
2026-08-20T13:45:00,CRUDEOIL,2026-08-20,oos,TREND_UP,LONG,SHORT,1.0,36.0,17.0714,2.109,8224.0,0.0,0.0,,False,True,True,False,,8239.0,,,,,,
2026-08-20T13:50:00,CRUDEOIL,2026-08-20,oos,TREND_UP,LONG,SHORT,0.9655,21.0,17.4286,1.205,8239.0,0.0,0.0,,False,True,True,False,,8242.0,,,,,,
2026-08-20T13:55:00,CRUDEOIL,2026-08-20,oos,TREND_UP,LONG,SHORT,0.9661,21.0,17.1429,1.225,8242.0,0.0,0.0,,True,True,True,False,,8260.0,,,,,,
2026-08-20T14:40:00,CRUDEOIL,2026-08-20,oos,TREND_UP,LONG,SHORT,0.9254,18.0,15.0714,1.194,8285.0,0.0,0.0,5,True,True,True,False,,8297.0,,,,,,
2026-08-20T15:05:00,CRUDEOIL,2026-08-20,oos,TREND_UP,SHORT,LONG,0.9306,18.0,11.8571,1.518,8283.0,1.389,2.108,2,False,True,False,True,3,8276.0,32.54,2.827,-1.537,0.969,1.969,-1.567
2026-08-20T15:15:00,CRUDEOIL,2026-08-20,oos,TREND_UP,LONG,SHORT,0.973,21.0,12.7857,1.642,8286.0,0.0,0.0,,False,True,True,False,,8291.0,,,,,,
2026-08-20T15:20:00,CRUDEOIL,2026-08-20,oos,TREND_UP,LONG,SHORT,0.92,19.0,13.6429,1.393,8300.0,0.211,0.293,2,False,True,False,True,,8315.0,,,,,,
2026-08-20T15:30:00,CRUDEOIL,2026-08-20,oos,TREND_UP,SHORT,LONG,0.974,23.0,14.5714,1.578,8314.0,0.0,0.0,,True,True,True,False,,8295.0,,,,,,
2026-08-20T17:40:00,CRUDEOIL,2026-08-20,oos,TREND_UP,LONG,SHORT,0.932,20.0,9.7857,2.044,8369.0,0.0,0.0,,False,True,True,False,,8383.0,,,,,,
2026-08-20T18:10:00,CRUDEOIL,2026-08-20,oos,TREND_UP,SHORT,LONG,0.9907,31.0,14.0714,2.203,8377.0,0.0,0.0,,False,True,True,False,,8340.0,,,,,,
2026-08-20T19:30:00,CRUDEOIL,2026-08-20,oos,TREND_UP,LONG,SHORT,0.9032,19.0,18.0714,1.051,8303.64,2.402,2.526,2,False,True,False,True,2,8307.0,17.57,3.756,0.0,0.943,1.943,2.943
2026-08-20T19:40:00,CRUDEOIL,2026-08-20,oos,TREND_UP,SHORT,LONG,0.9683,22.0,18.5714,1.185,8308.0,0.0,0.0,,False,True,True,False,,8288.0,,,,,,
2026-08-20T19:45:00,CRUDEOIL,2026-08-20,oos,TREND_UP,SHORT,LONG,0.9921,31.0,19.5714,1.584,8277.0,0.0,0.0,,False,True,True,False,,8258.0,,,,,,
2026-08-20T19:50:00,CRUDEOIL,2026-08-20,oos,TREND_UP,SHORT,LONG,1.0,38.0,21.5714,1.762,8258.0,0.0,0.0,4,True,True,True,False,,8224.0,,,,,,
2026-08-20T20:10:00,CRUDEOIL,2026-08-20,oos,TREND_UP,LONG,SHORT,0.9697,26.0,21.4286,1.213,8256.0,0.385,0.467,2,False,True,False,True,,8266.0,,,,,,
2026-08-20T21:00:00,CRUDEOIL,2026-08-20,oos,TREND_UP,LONG,SHORT,0.9366,21.0,18.5,1.135,8299.0,0.0,0.0,5,False,True,True,False,,8306.0,,,,,,
2026-08-20T21:35:00,CRUDEOIL,2026-08-20,oos,TREND_UP,LONG,SHORT,0.9664,28.0,17.1429,1.633,8295.0,0.0,0.0,4,True,True,True,False,,8317.0,,,,,,
2026-08-20T21:55:00,CRUDEOIL,2026-08-20,oos,TREND_UP,SHORT,LONG,0.9346,21.0,14.3571,1.463,8298.0,0.0,0.0,,False,True,True,False,,8290.0,,,,,,
2026-08-20T22:35:00,CRUDEOIL,2026-08-20,oos,TREND_UP,LONG,SHORT,0.9441,23.0,15.4286,1.491,8257.0,0.0,0.0,,False,True,True,False,,8274.0,,,,,,
2026-08-21T10:10:00,CRUDEOIL,2026-08-21,oos,TREND_UP,SHORT,LONG,0.9286,9.0,7.0714,1.273,8291.0,0.0,0.0,,False,True,True,False,,8288.0,,,,,,
2026-08-21T10:25:00,CRUDEOIL,2026-08-21,oos,TREND_UP,SHORT,LONG,1.0,12.0,7.2857,1.647,8276.0,0.0,0.0,,False,True,True,False,,8265.0,,,,,,
2026-08-21T10:55:00,CRUDEOIL,2026-08-21,oos,TREND_UP,LONG,SHORT,1.0,18.0,7.7857,2.312,8276.0,0.0,0.0,5,True,True,True,False,,8292.0,,,,,,
2026-08-21T11:20:00,CRUDEOIL,2026-08-21,oos,TREND_UP,SHORT,LONG,0.9286,12.0,9.6429,1.244,8279.0,0.0,0.0,,False,True,True,False,,8275.0,,,,,,
2026-08-21T11:55:00,CRUDEOIL,2026-08-21,oos,TREND_UP,LONG,SHORT,0.9429,15.0,11.5,1.304,8277.0,0.0,0.0,2,True,True,False,False,,8285.0,,,,,,
2026-08-21T13:45:00,CRUDEOIL,2026-08-21,oos,TREND_UP,SHORT,LONG,0.9649,25.0,16.3571,1.528,8294.0,0.0,0.0,,False,True,True,False,,8275.0,,,,,,
2026-08-21T15:30:00,CRUDEOIL,2026-08-21,oos,TREND_UP,LONG,SHORT,1.0,34.0,14.3571,2.368,8318.0,0.0,0.0,5,False,True,True,False,,8334.0,,,,,,
2026-08-21T15:35:00,CRUDEOIL,2026-08-21,oos,TREND_UP,LONG,SHORT,0.9873,28.0,15.2857,1.832,8334.0,0.0,0.0,4,False,True,True,False,,8363.0,,,,,,
2026-08-21T15:45:00,CRUDEOIL,2026-08-21,oos,TREND_UP,LONG,SHORT,0.9383,23.0,16.2143,1.419,8299.0,0.0,0.0,,True,True,True,False,,8369.0,,,,,,
2026-08-21T15:55:00,CRUDEOIL,2026-08-21,oos,TREND_UP,SHORT,LONG,1.0,34.0,18.0714,1.881,8341.0,0.0,0.0,5,True,True,True,False,,8308.0,,,,,,
2026-08-21T16:50:00,CRUDEOIL,2026-08-21,oos,TREND_UP,SHORT,LONG,1.0,49.0,17.9286,2.733,8344.0,0.0,0.0,,False,True,True,False,,8298.0,,,,,,
2026-08-21T20:20:00,CRUDEOIL,2026-08-21,oos,TREND_UP,LONG,SHORT,0.9118,24.0,16.7857,1.43,8289.0,0.875,1.251,2,False,True,False,True,2,8299.0,31.72,0.315,-1.324,-1.356,-1.356,-1.356
2026-08-21T20:40:00,CRUDEOIL,2026-08-21,oos,TREND_UP,LONG,SHORT,0.9786,29.0,18.5,1.568,8276.0,0.0,0.0,,False,True,True,False,,8298.0,,,,,,
2026-08-21T20:55:00,CRUDEOIL,2026-08-21,oos,TREND_UP,SHORT,LONG,0.9091,24.0,19.2857,1.244,8305.0,0.542,0.674,2,True,True,False,True,,8280.0,,,,,,
2026-08-24T11:25:00,CRUDEOIL,2026-08-24,oos,TREND_DOWN,SHORT,LONG,0.931,11.0,8.4286,1.305,8212.0,0.0,0.0,,False,True,True,False,,8204.0,,,,,,
2026-08-24T11:30:00,CRUDEOIL,2026-08-24,oos,TREND_DOWN,SHORT,LONG,0.9667,12.0,8.5,1.412,8201.0,0.0,0.0,,True,True,True,False,,8198.0,,,,,,
2026-08-24T11:40:00,CRUDEOIL,2026-08-24,oos,TREND_DOWN,SHORT,LONG,0.9375,13.0,9.9286,1.309,8182.0,0.615,0.806,3,True,True,True,False,3,8179.0,11.39,0.439,-1.58,-1.668,-1.668,-1.668
2026-08-24T12:00:00,CRUDEOIL,2026-08-24,oos,TREND_DOWN,SHORT,LONG,1.0,23.0,11.5,2.0,8179.0,0.174,0.348,3,False,True,True,False,,8172.0,,,,,,
2026-08-24T13:10:00,CRUDEOIL,2026-08-24,oos,TREND_DOWN,LONG,SHORT,1.0,35.0,13.2857,2.634,8182.0,0.0,0.0,,False,True,True,False,,8213.0,,,,,,
2026-08-24T13:40:00,CRUDEOIL,2026-08-24,oos,TREND_DOWN,SHORT,LONG,0.9818,25.0,20.4286,1.224,8198.0,0.36,0.441,2,False,True,False,True,,8196.0,,,,,,
2026-08-24T14:45:00,CRUDEOIL,2026-08-24,oos,TREND_DOWN,LONG,SHORT,0.9853,29.0,18.8571,1.538,8158.0,0.0,0.0,,False,True,True,False,,8184.0,,,,,,
2026-08-24T17:00:00,CRUDEOIL,2026-08-24,oos,TREND_DOWN,SHORT,LONG,0.9789,28.0,13.0714,2.142,8188.0,0.0,0.0,,False,True,True,False,,8174.0,,,,,,
2026-08-24T18:55:00,CRUDEOIL,2026-08-24,oos,TREND_DOWN,LONG,SHORT,0.9746,28.0,19.3571,1.446,8215.28,0.189,0.273,3,False,True,True,False,,8223.0,,,,,,
2026-08-24T19:55:00,CRUDEOIL,2026-08-24,oos,TREND_DOWN,SHORT,LONG,0.9769,33.0,21.2857,1.55,8167.0,0.152,0.235,3,True,True,True,False,,8133.0,,,,,,
2026-08-24T20:55:00,CRUDEOIL,2026-08-24,oos,TREND_DOWN,SHORT,LONG,1.0,52.0,18.8571,2.758,8131.0,0.038,0.106,3,True,True,True,False,,8109.0,,,,,,
2026-08-25T10:10:00,CRUDEOIL,2026-08-25,HOLDOUT,TREND_DOWN,SHORT,LONG,1.0,11.0,6.2857,1.75,8162.0,0.0,0.0,,False,True,True,False,,8150.0,,,,,,
2026-08-25T11:00:00,CRUDEOIL,2026-08-25,HOLDOUT,TREND_DOWN,LONG,SHORT,1.0,16.0,6.7143,2.383,8144.0,1.75,4.17,2,True,True,False,True,3,8146.0,30.48,3.182,-0.262,0.967,1.967,2.967
2026-08-25T11:15:00,CRUDEOIL,2026-08-25,HOLDOUT,TREND_DOWN,SHORT,LONG,1.0,29.0,8.9286,3.248,8130.0,0.0,0.0,,False,True,True,False,,8116.0,,,,,,
2026-08-25T11:20:00,CRUDEOIL,2026-08-25,HOLDOUT,TREND_DOWN,SHORT,LONG,0.9643,21.0,9.5714,2.194,8116.0,0.0,0.0,,False,True,True,False,,8103.0,,,,,,
2026-08-25T11:25:00,CRUDEOIL,2026-08-25,HOLDOUT,TREND_DOWN,SHORT,LONG,0.9655,23.0,11.0714,2.077,8103.0,0.0,0.0,,False,True,True,False,,8081.0,,,,,,
2026-08-25T12:05:00,CRUDEOIL,2026-08-25,HOLDOUT,TREND_DOWN,LONG,SHORT,0.973,27.0,16.2857,1.658,8083.0,0.519,0.86,3,True,True,True,False,,8107.0,,,,,,
2026-08-25T12:20:00,CRUDEOIL,2026-08-25,HOLDOUT,TREND_DOWN,SHORT,LONG,1.0,29.0,18.2143,1.592,8098.0,0.0,0.0,,True,True,True,False,,8069.0,,,,,,
2026-08-25T13:50:00,CRUDEOIL,2026-08-25,HOLDOUT,TREND_DOWN,SHORT,LONG,1.0,82.0,17.6429,4.648,8063.0,0.0,0.0,,True,True,True,False,,8019.0,,,,,,
2026-08-25T14:00:00,CRUDEOIL,2026-08-25,HOLDOUT,TREND_DOWN,SHORT,LONG,0.9167,24.0,19.3571,1.24,8079.0,0.0,0.0,,True,True,True,False,,8019.0,,,,,,
2026-08-25T14:25:00,CRUDEOIL,2026-08-25,HOLDOUT,TREND_DOWN,SHORT,LONG,0.9692,29.0,22.4286,1.293,7965.0,0.0,0.0,,True,True,True,False,,7932.0,,,,,,
2026-08-25T15:00:00,CRUDEOIL,2026-08-25,HOLDOUT,TREND_DOWN,SHORT,LONG,0.9861,34.0,21.4286,1.587,7896.0,0.0,0.0,,False,True,True,False,,7878.0,,,,,,
2026-08-25T15:30:00,CRUDEOIL,2026-08-25,HOLDOUT,TREND_DOWN,LONG,SHORT,0.9744,33.0,20.0,1.65,7855.0,0.0,0.0,,True,True,True,False,,7880.0,,,,,,
2026-08-25T16:10:00,CRUDEOIL,2026-08-25,HOLDOUT,TREND_DOWN,LONG,SHORT,0.9186,27.0,15.7143,1.718,7877.0,0.0,0.0,4,True,True,True,False,,7889.0,,,,,,
2026-08-25T17:15:00,CRUDEOIL,2026-08-25,HOLDOUT,TREND_DOWN,SHORT,LONG,0.9091,25.0,14.7857,1.691,7842.0,0.0,0.0,5,True,True,True,False,,7823.0,,,,,,
2026-08-25T17:40:00,CRUDEOIL,2026-08-25,HOLDOUT,TREND_DOWN,LONG,SHORT,0.9904,34.0,14.9286,2.278,7840.0,0.0,0.0,,False,True,True,False,,7864.0,,,,,,
2026-08-25T18:45:00,CRUDEOIL,2026-08-25,HOLDOUT,TREND_DOWN,LONG,SHORT,0.906,25.0,17.4286,1.434,7846.0,0.0,0.0,,False,True,True,False,,7858.0,,,,,,
2026-08-26T10:20:00,CRUDEOIL,2026-08-26,HOLDOUT,TREND_UP,LONG,SHORT,1.0,14.0,8.2857,1.69,7677.0,0.0,0.0,,False,True,True,False,,7685.0,,,,,,
2026-08-26T11:05:00,CRUDEOIL,2026-08-26,HOLDOUT,TREND_UP,LONG,SHORT,0.96,16.0,10.2857,1.556,7707.0,0.0,0.0,,False,True,True,False,,7712.0,,,,,,
2026-08-26T12:05:00,CRUDEOIL,2026-08-26,HOLDOUT,TREND_UP,SHORT,LONG,1.0,23.0,10.3571,2.221,7708.0,0.0,0.0,,False,True,True,False,,7688.0,,,,,,
2026-08-26T12:10:00,CRUDEOIL,2026-08-26,HOLDOUT,TREND_UP,SHORT,LONG,0.9211,15.0,10.5,1.429,7688.0,0.0,0.0,,True,True,True,False,,7671.0,,,,,,
2026-08-26T12:30:00,CRUDEOIL,2026-08-26,HOLDOUT,TREND_UP,SHORT,LONG,1.0,27.0,11.6429,2.319,7680.0,0.0,0.0,,False,True,True,False,,7669.0,,,,,,
2026-08-26T13:15:00,CRUDEOIL,2026-08-26,HOLDOUT,TREND_UP,SHORT,LONG,0.9412,19.0,13.2857,1.43,7644.0,0.0,0.0,4,True,True,True,False,,7633.0,,,,,,
2026-08-26T14:15:00,CRUDEOIL,2026-08-26,HOLDOUT,TREND_UP,SHORT,LONG,0.9048,18.0,17.5,1.029,7644.93,0.0,0.0,,True,True,True,False,,7618.0,,,,,,
2026-08-26T18:20:00,CRUDEOIL,2026-08-26,HOLDOUT,TREND_UP,LONG,SHORT,0.9911,36.0,12.6429,2.847,7693.21,0.006,0.017,2,False,True,False,True,,7694.0,,,,,,
2026-08-26T18:35:00,CRUDEOIL,2026-08-26,HOLDOUT,TREND_UP,LONG,SHORT,0.9913,40.0,15.7857,2.534,7721.0,0.375,0.95,2,True,True,False,True,,7739.0,,,,,,
2026-08-26T18:45:00,CRUDEOIL,2026-08-26,HOLDOUT,TREND_UP,SHORT,LONG,0.9402,22.0,17.2143,1.278,7719.0,0.955,1.22,3,False,True,True,False,3,7706.0,34.66,3.405,0.0,0.971,1.971,2.971
2026-08-26T19:00:00,CRUDEOIL,2026-08-26,HOLDOUT,TREND_UP,LONG,SHORT,0.975,31.0,18.3571,1.689,7739.0,0.0,0.0,,False,True,True,False,,7740.0,,,,,,
2026-08-26T19:15:00,CRUDEOIL,2026-08-26,HOLDOUT,TREND_UP,LONG,SHORT,0.9675,28.0,20.0714,1.395,7767.0,0.0,0.0,,True,True,True,False,,7792.0,,,,,,
2026-08-26T20:15:00,CRUDEOIL,2026-08-26,HOLDOUT,TREND_UP,LONG,SHORT,0.9037,20.0,13.7857,1.451,7815.0,0.0,0.0,,True,True,True,False,,7826.0,,,,,,
2026-08-26T20:40:00,CRUDEOIL,2026-08-26,HOLDOUT,TREND_UP,LONG,SHORT,0.9143,21.0,12.5714,1.67,7833.0,0.0,0.0,,True,True,True,False,,7842.0,,,,,,
2026-08-26T20:55:00,CRUDEOIL,2026-08-26,HOLDOUT,TREND_UP,LONG,SHORT,0.9021,20.0,13.3571,1.497,7859.0,0.0,0.0,,False,True,True,False,,7875.0,,,,,,
2026-08-26T21:05:00,CRUDEOIL,2026-08-26,HOLDOUT,TREND_UP,SHORT,LONG,0.9172,21.0,14.0,1.5,7865.0,2.238,3.357,3,True,True,True,False,3,7861.0,51.63,0.968,-0.465,-0.465,-0.465,-0.465
2026-08-26T21:20:00,CRUDEOIL,2026-08-26,HOLDOUT,TREND_UP,LONG,SHORT,1.0,44.0,17.2857,2.545,7882.0,0.0,0.0,,True,True,True,False,,7912.0,,,,,,
2026-08-26T21:45:00,CRUDEOIL,2026-08-26,HOLDOUT,TREND_UP,LONG,SHORT,0.9739,33.0,19.2143,1.717,7925.0,0.0,0.0,,False,True,True,False,,7953.0,,,,,,
2026-08-27T12:05:00,CRUDEOIL,2026-08-27,HOLDOUT,TREND_UP,SHORT,LONG,1.0,22.0,10.4286,2.11,7783.0,0.0,0.0,,True,True,True,False,,7760.0,,,,,,
2026-08-27T12:30:00,CRUDEOIL,2026-08-27,HOLDOUT,TREND_UP,SHORT,LONG,0.9524,18.0,11.2143,1.605,7755.0,0.0,0.0,5,False,True,True,False,,7736.0,,,,,,
2026-08-27T12:55:00,CRUDEOIL,2026-08-27,HOLDOUT,TREND_UP,LONG,SHORT,0.9362,16.0,11.7857,1.358,7747.0,0.0,0.0,,True,True,True,False,,7764.0,,,,,,
2026-08-27T13:25:00,CRUDEOIL,2026-08-27,HOLDOUT,TREND_UP,LONG,SHORT,1.0,29.0,13.9286,2.082,7780.0,0.0,0.0,,True,True,True,False,,7789.0,,,,,,
2026-08-27T13:40:00,CRUDEOIL,2026-08-27,HOLDOUT,TREND_UP,LONG,SHORT,0.9107,17.0,13.7857,1.233,7788.0,0.0,0.0,,True,True,True,False,,7792.0,,,,,,
2026-08-27T14:40:00,CRUDEOIL,2026-08-27,HOLDOUT,TREND_UP,LONG,SHORT,0.9853,22.0,15.1429,1.453,7852.0,0.0,0.0,,False,True,True,False,,7865.0,,,,,,
2026-08-27T14:50:00,CRUDEOIL,2026-08-27,HOLDOUT,TREND_UP,SHORT,LONG,0.9571,21.0,15.4286,1.361,7863.0,0.0,0.0,,True,True,True,False,,7851.0,,,,,,
2026-08-27T16:20:00,CRUDEOIL,2026-08-27,HOLDOUT,TREND_UP,LONG,SHORT,0.9545,21.0,13.7143,1.531,7870.0,0.0,0.0,,True,True,True,False,,7892.0,,,,,,
2026-08-27T17:55:00,CRUDEOIL,2026-08-27,HOLDOUT,TREND_UP,LONG,SHORT,0.9907,26.0,14.7143,1.767,7886.0,0.0,0.0,,True,True,True,False,,7894.0,,,,,,
2026-08-27T19:00:00,CRUDEOIL,2026-08-27,HOLDOUT,TREND_UP,LONG,SHORT,0.9667,22.0,17.9286,1.227,7907.0,0.136,0.167,3,True,True,True,False,,7922.0,,,,,,
2026-08-27T20:25:00,CRUDEOIL,2026-08-27,HOLDOUT,TREND_UP,SHORT,LONG,0.9197,20.0,15.5,1.29,7866.0,0.95,1.226,2,False,True,False,True,3,7847.0,38.6,3.886,-0.415,0.974,1.974,2.974
2026-08-27T20:35:00,CRUDEOIL,2026-08-27,HOLDOUT,TREND_UP,LONG,SHORT,0.9424,21.0,15.5714,1.349,7859.0,0.0,0.0,,False,True,True,False,,7877.0,,,,,,
2026-08-27T23:10:00,CRUDEOIL,2026-08-27,HOLDOUT,TREND_UP,LONG,SHORT,0.9059,19.0,9.4286,2.015,7931.0,0.0,0.0,,False,True,True,False,,7935.0,,,,,,
2026-08-27T23:20:00,CRUDEOIL,2026-08-27,HOLDOUT,TREND_UP,LONG,SHORT,1.0,56.0,15.2857,3.664,7979.0,0.0,0.0,,False,True,True,False,,7997.0,,,,,,
2026-08-28T10:00:00,CRUDEOIL,2026-08-28,HOLDOUT,CHOP,LONG,SHORT,1.0,9.0,4.8462,1.857,7954.0,0.0,0.0,,False,True,True,False,,7962.0,,,,,,
2026-08-28T10:10:00,CRUDEOIL,2026-08-28,HOLDOUT,CHOP,LONG,SHORT,0.9286,8.0,4.7143,1.697,7965.0,0.0,0.0,,False,True,True,False,,7969.0,,,,,,
2026-08-28T11:00:00,CRUDEOIL,2026-08-28,HOLDOUT,CHOP,SHORT,LONG,1.0,21.0,6.5,3.231,7947.0,0.905,2.923,2,False,True,False,True,2,7939.0,27.63,0.0,-1.158,-1.194,-1.194,-1.194
2026-08-28T11:10:00,CRUDEOIL,2026-08-28,HOLDOUT,CHOP,LONG,SHORT,1.0,32.0,9.3571,3.42,7945.0,0.0,0.0,5,False,True,True,False,,7966.0,,,,,,
2026-08-28T11:35:00,CRUDEOIL,2026-08-28,HOLDOUT,CHOP,SHORT,LONG,0.9355,16.0,11.7857,1.358,7948.69,0.0,0.0,,True,True,True,False,,7945.0,,,,,,
2026-08-28T12:35:00,CRUDEOIL,2026-08-28,HOLDOUT,CHOP,LONG,SHORT,1.0,38.0,12.9286,2.939,7936.0,0.0,0.0,4,True,True,True,False,,7967.0,,,,,,
2026-08-28T12:40:00,CRUDEOIL,2026-08-28,HOLDOUT,CHOP,SHORT,LONG,0.9545,22.0,13.6429,1.613,7947.93,0.094,0.152,2,True,True,False,True,,7945.0,,,,,,
2026-08-28T14:00:00,CRUDEOIL,2026-08-28,HOLDOUT,CHOP,SHORT,LONG,0.9833,36.0,15.0714,2.389,7923.0,0.75,1.791,3,False,True,True,False,3,7914.0,37.08,0.998,-1.214,-1.241,-1.241,-1.241
2026-08-28T15:10:00,CRUDEOIL,2026-08-28,HOLDOUT,CHOP,SHORT,LONG,0.9189,21.0,19.7857,1.061,7952.0,0.0,0.0,,True,True,True,False,,7940.0,,,,,,
2026-08-28T17:40:00,CRUDEOIL,2026-08-28,HOLDOUT,CHOP,SHORT,LONG,0.9038,20.0,10.7143,1.867,7920.0,0.0,0.0,,True,True,True,False,,7914.0,,,,,,
2026-08-28T19:40:00,CRUDEOIL,2026-08-28,HOLDOUT,CHOP,LONG,SHORT,0.9766,31.0,16.0,1.938,7891.0,0.0,0.0,,True,True,True,False,,7928.0,,,,,,
2026-08-28T20:30:00,CRUDEOIL,2026-08-28,HOLDOUT,CHOP,LONG,SHORT,0.942,22.0,15.5714,1.413,7932.0,0.0,0.0,,True,True,True,False,,7947.0,,,,,,
2026-08-28T20:40:00,CRUDEOIL,2026-08-28,HOLDOUT,CHOP,LONG,SHORT,0.9643,27.0,16.5714,1.629,7952.0,0.0,0.0,,False,True,True,False,,7959.0,,,,,,
2026-09-02T05:00:00Z,CRUDEOIL,2026-09-02,HOLDOUT,CHOP,LONG,SHORT,1.0,20.0,10.5,1.905,8598.0,0.0,0.0,4,False,True,True,False,,8610.0,,,,,,
2026-09-02T06:55:00Z,CRUDEOIL,2026-09-02,HOLDOUT,CHOP,SHORT,LONG,0.9024,23.0,18.4286,1.248,8616.0,0.0,0.0,,False,True,True,False,,8598.0,,,,,,
2026-09-02T07:05:00Z,CRUDEOIL,2026-09-02,HOLDOUT,CHOP,SHORT,LONG,1.0,50.0,21.9286,2.28,8581.0,0.0,0.0,,True,True,True,False,,8547.0,,,,,,
2026-09-02T07:45:00Z,CRUDEOIL,2026-09-02,HOLDOUT,CHOP,LONG,SHORT,0.9412,28.0,21.9286,1.277,8546.0,0.321,0.41,3,True,True,True,False,,8557.0,,,,,,
2026-09-02T08:15:00Z,CRUDEOIL,2026-09-02,HOLDOUT,CHOP,LONG,SHORT,0.9825,33.0,19.2857,1.711,8563.0,0.152,0.259,2,False,True,False,False,,8572.0,,,,,,
2026-09-02T08:25:00Z,CRUDEOIL,2026-09-02,HOLDOUT,CHOP,SHORT,LONG,0.9831,34.0,20.5714,1.653,8567.0,0.206,0.34,3,False,True,True,False,,8546.0,,,,,,
2026-09-02T08:40:00Z,CRUDEOIL,2026-09-02,HOLDOUT,CHOP,LONG,SHORT,0.9516,32.0,21.2143,1.508,8560.0,0.0,0.0,3,False,True,True,False,,8580.0,,,,,,
2026-09-02T10:10:00Z,CRUDEOIL,2026-09-02,HOLDOUT,CHOP,SHORT,LONG,0.95,31.0,16.9286,1.831,8568.01,0.129,0.236,3,True,True,True,False,,8560.0,,,,,,
2026-09-02T11:05:00Z,CRUDEOIL,2026-09-02,HOLDOUT,CHOP,SHORT,LONG,0.9121,27.0,15.5,1.742,8561.0,0.0,0.0,,False,True,True,False,,8548.0,,,,,,
2026-09-02T11:10:00Z,CRUDEOIL,2026-09-02,HOLDOUT,CHOP,SHORT,LONG,1.0,65.0,19.2143,3.383,8526.0,0.0,0.0,,True,True,True,False,,8488.0,,,,,,
2026-09-02T11:50:00Z,CRUDEOIL,2026-09-02,HOLDOUT,CHOP,SHORT,LONG,0.98,39.0,23.0714,1.69,8481.0,0.0,0.0,5,False,True,True,False,,8457.0,,,,,,
2026-09-02T13:20:00Z,CRUDEOIL,2026-09-02,HOLDOUT,CHOP,SHORT,LONG,0.9068,28.0,20.8571,1.342,8472.0,0.0,0.0,,True,True,True,False,,8455.0,,,,,,
2026-09-02T13:30:00Z,CRUDEOIL,2026-09-02,HOLDOUT,CHOP,SHORT,LONG,0.9167,29.0,21.3571,1.358,8472.0,0.0,0.0,,True,True,True,False,,8443.0,,,,,,
2026-09-02T13:55:00Z,CRUDEOIL,2026-09-02,HOLDOUT,CHOP,SHORT,LONG,0.984,47.0,25.2857,1.859,8432.0,0.638,1.186,2,True,True,False,True,2,8405.0,58.41,2.705,-0.325,0.983,1.983,2.294
2026-09-02T14:05:00Z,CRUDEOIL,2026-09-02,HOLDOUT,CHOP,LONG,SHORT,0.9685,45.0,28.0,1.607,8426.0,0.0,0.0,,True,True,True,False,,8462.0,,,,,,
2026-09-02T14:20:00Z,CRUDEOIL,2026-09-02,HOLDOUT,CHOP,LONG,SHORT,0.9538,38.0,28.0,1.357,8469.0,0.0,0.0,,False,True,True,False,,8481.0,,,,,,
2026-09-02T14:30:00Z,CRUDEOIL,2026-09-02,HOLDOUT,CHOP,LONG,SHORT,0.9015,29.0,27.5714,1.052,8492.0,0.0,0.0,,False,True,True,False,,8513.0,,,,,,
2026-09-02T15:05:00Z,CRUDEOIL,2026-09-02,HOLDOUT,CHOP,LONG,SHORT,0.9496,36.0,25.0,1.44,8553.0,0.0,0.0,4,True,True,True,False,,8569.0,,,,,,
2026-09-03T04:30:00Z,CRUDEOIL,2026-09-03,HOLDOUT,CHOP,SHORT,LONG,0.9167,19.0,14.3077,1.328,8560.0,0.0,0.0,,False,True,True,False,,8553.0,,,,,,
2026-09-03T05:15:00Z,CRUDEOIL,2026-09-03,HOLDOUT,CHOP,SHORT,LONG,0.9524,21.0,10.5,2.0,8537.0,0.0,0.0,,False,True,True,False,,8524.0,,,,,,
2026-09-03T05:40:00Z,CRUDEOIL,2026-09-03,HOLDOUT,CHOP,LONG,SHORT,0.9615,27.0,13.1429,2.054,8499.0,0.407,0.837,2,True,True,False,True,,8507.0,,,,,,
2026-09-03T06:15:00Z,CRUDEOIL,2026-09-03,HOLDOUT,CHOP,SHORT,LONG,0.9697,37.0,17.4286,2.123,8480.0,0.216,0.459,2,True,True,False,True,,8460.0,,,,,,
2026-09-03T08:50:00Z,CRUDEOIL,2026-09-03,HOLDOUT,CHOP,LONG,SHORT,0.9219,31.0,28.2143,1.099,8579.72,0.0,0.0,,False,True,True,False,,8608.0,,,,,,
2026-09-03T09:20:00Z,CRUDEOIL,2026-09-03,HOLDOUT,CHOP,LONG,SHORT,0.9,29.0,23.2857,1.245,8620.0,0.0,0.0,,True,True,True,False,,8641.0,,,,,,
2026-09-03T09:55:00Z,CRUDEOIL,2026-09-03,HOLDOUT,CHOP,LONG,SHORT,0.974,63.0,26.2143,2.403,8670.0,0.0,0.0,,True,True,True,False,,8728.0,,,,,,
2026-09-03T10:05:00Z,CRUDEOIL,2026-09-03,HOLDOUT,CHOP,LONG,SHORT,0.9367,39.0,27.0,1.444,8728.0,0.0,0.0,,True,True,True,False,,8740.0,,,,,,
2026-09-03T10:30:00Z,CRUDEOIL,2026-09-03,HOLDOUT,CHOP,LONG,SHORT,0.9167,34.0,27.0,1.259,8747.0,0.0,0.0,,False,True,True,False,,8771.0,,,,,,
2026-09-03T11:00:00Z,CRUDEOIL,2026-09-03,HOLDOUT,CHOP,SHORT,LONG,0.9222,34.0,28.4286,1.196,8756.0,0.0,0.0,,False,True,True,False,,8732.0,,,,,,
2026-09-03T11:05:00Z,CRUDEOIL,2026-09-03,HOLDOUT,CHOP,SHORT,LONG,0.967,49.0,27.4286,1.786,8732.0,0.0,0.0,4,True,True,True,False,,8703.0,,,,,,
2026-09-03T12:30:00Z,CRUDEOIL,2026-09-03,HOLDOUT,CHOP,LONG,SHORT,0.9352,41.0,22.5714,1.816,8700.0,0.024,0.044,3,False,True,True,False,,8720.0,,,,,,
2026-09-03T13:45:00Z,CRUDEOIL,2026-09-03,HOLDOUT,CHOP,LONG,SHORT,0.935,39.0,29.0,1.345,8684.0,0.513,0.69,2,True,True,False,True,,8716.0,,,,,,
2026-09-03T15:25:00Z,CRUDEOIL,2026-09-03,HOLDOUT,CHOP,SHORT,LONG,0.979,52.0,28.7143,1.811,8710.0,0.0,0.0,,False,True,True,False,,8688.0,,,,,,
2026-09-03T15:50:00Z,CRUDEOIL,2026-09-03,HOLDOUT,CHOP,SHORT,LONG,0.9797,52.0,32.4286,1.604,8635.0,0.0,0.0,,False,True,True,False,,8619.0,,,,,,
2026-09-04T05:25:00Z,CRUDEOIL,2026-09-04,HOLDOUT,CHOP,SHORT,LONG,0.9565,17.0,11.1429,1.526,8632.0,0.588,0.897,3,True,True,True,False,,8626.0,,,,,,
2026-09-04T07:20:00Z,CRUDEOIL,2026-09-04,HOLDOUT,CHOP,SHORT,LONG,0.913,22.0,15.7143,1.4,8635.0,0.0,0.0,,False,True,True,False,,8626.0,,,,,,
2026-09-04T07:25:00Z,CRUDEOIL,2026-09-04,HOLDOUT,CHOP,SHORT,LONG,0.9149,23.0,16.7857,1.37,8635.0,0.0,0.0,,False,True,True,False,,8631.0,,,,,,
2026-09-04T07:40:00Z,CRUDEOIL,2026-09-04,HOLDOUT,CHOP,SHORT,LONG,0.98,31.0,19.5714,1.584,8604.0,0.0,0.0,,False,True,True,False,,8589.0,,,,,,
2026-09-04T07:45:00Z,CRUDEOIL,2026-09-04,HOLDOUT,CHOP,SHORT,LONG,0.9804,38.0,21.7143,1.75,8589.0,0.0,0.0,,True,True,True,False,,8561.0,,,,,,
2026-09-04T09:15:00Z,CRUDEOIL,2026-09-04,HOLDOUT,CHOP,SHORT,LONG,0.9275,28.0,20.1429,1.39,8580.0,0.0,0.0,5,True,True,True,False,,8559.0,,,,,,
2026-09-04T10:15:00Z,CRUDEOIL,2026-09-04,HOLDOUT,CHOP,SHORT,LONG,0.9753,34.0,17.5714,1.935,8583.0,0.0,0.0,,True,True,True,False,,8552.0,,,,,,
2026-09-04T12:50:00Z,CRUDEOIL,2026-09-04,HOLDOUT,CHOP,SHORT,LONG,0.9911,52.0,20.7143,2.51,8518.0,0.0,0.0,4,False,True,True,False,,8483.0,,,,,,
2026-09-04T13:00:00Z,CRUDEOIL,2026-09-04,HOLDOUT,CHOP,LONG,SHORT,0.9298,28.0,21.7143,1.289,8498.0,0.0,0.0,,False,True,True,False,,8516.0,,,,,,
2026-09-04T13:30:00Z,CRUDEOIL,2026-09-04,HOLDOUT,CHOP,SHORT,LONG,0.975,40.0,25.7857,1.551,8479.0,0.0,0.0,,False,True,True,False,,8466.0,,,,,,
2026-09-04T13:35:00Z,CRUDEOIL,2026-09-04,HOLDOUT,CHOP,SHORT,LONG,0.9917,53.0,28.7143,1.846,8452.0,0.0,0.0,,True,True,True,False,,8416.0,,,,,,
2026-09-04T13:45:00Z,CRUDEOIL,2026-09-04,HOLDOUT,CHOP,SHORT,LONG,0.9268,31.0,28.2857,1.096,8479.0,0.0,0.0,,False,True,True,False,,8395.0,,,,,,
2026-09-04T14:00:00Z,CRUDEOIL,2026-09-04,HOLDOUT,CHOP,LONG,SHORT,0.9762,51.0,30.2857,1.684,8426.0,0.196,0.33,2,True,True,False,True,,8457.0,,,,,,
2026-09-04T14:40:00Z,CRUDEOIL,2026-09-04,HOLDOUT,CHOP,LONG,SHORT,0.9179,31.0,32.0,0.969,8489.0,0.0,0.0,,False,True,True,False,,8520.0,,,,,,
2026-09-04T14:45:00Z,CRUDEOIL,2026-09-04,HOLDOUT,CHOP,LONG,SHORT,0.963,45.0,31.4286,1.432,8520.0,0.089,0.127,3,False,True,True,False,,8553.0,,,,,,
2026-09-04T14:50:00Z,CRUDEOIL,2026-09-04,HOLDOUT,CHOP,LONG,SHORT,0.9338,36.0,31.5714,1.14,8553.0,1.028,1.172,2,False,True,False,True,2,8567.0,52.08,0.269,-1.018,-1.037,-1.037,-1.037
2026-09-04T15:00:00Z,CRUDEOIL,2026-09-04,HOLDOUT,CHOP,SHORT,LONG,0.9928,68.0,33.5714,2.026,8560.0,0.0,0.0,,True,True,True,False,,8514.0,,,,,,
2026-09-04T15:50:00Z,CRUDEOIL,2026-09-04,HOLDOUT,CHOP,LONG,SHORT,0.9257,35.0,27.1429,1.289,8571.0,0.029,0.037,3,True,True,True,False,,8587.0,,,,,,
2026-09-04T16:55:00Z,CRUDEOIL,2026-09-04,HOLDOUT,CHOP,LONG,SHORT,0.9068,31.0,21.0714,1.471,8580.0,0.613,0.902,2,False,True,False,True,3,8602.0,41.93,0.072,-0.763,-0.405,-0.405,-0.405
2026-09-04T17:05:00Z,CRUDEOIL,2026-09-04,HOLDOUT,CHOP,SHORT,LONG,0.9693,49.0,22.3571,2.192,8597.0,0.0,0.0,,False,True,True,False,,8566.0,,,,,,
