timestamp,symbol,session,src,split,regime,day_regime,direction,range_pctile,range_x,body_frac,uw_frac,lw_frac,disp_atr,L,dist_L,dist_L_atr,atr,n1_agree,acc1,acc2,acc3,reclaim1,reclaim2,reclaim3,reclaim_dist_atr,state4,H1,H7,decision_list,entry,entry_kind,stopA_pts,stopA_availR,MFE_R_stopA,MAE_R_stopA,fix3_R_stopA,exit_stopA,mfe_ge_2R,mfe_ge_3R,mfe_ge_5R
2026-07-13T10:25:00,NIFTY,2026-07-13,cycles_resampled,train,TREND_UP,TRENDING,LONG,0.9286,2.144,0.913,0.0,0.087,1.532,24126.1,26.75,1.281,20.8893,True,True,True,True,False,False,False,0.0,4A_CONT,True,False,H1_CONT,24152.85,early,36.102,,2.908,-0.971,1.547,EOD,True,False,False
2026-07-13T12:10:00,NIFTY,2026-07-13,cycles_resampled,train,TREND_UP,TRENDING,LONG,1.0,2.715,0.5781,0.3135,0.1085,1.454,24161.0,19.85,1.19,16.6821,True,True,True,True,False,False,False,0.0,4A_CONT,True,False,H1_CONT,24180.85,early,30.058,,2.562,-0.547,0.927,EOD,True,False,False
2026-07-13T12:50:00,NIFTY,2026-07-13,cycles_resampled,train,TREND_UP,TRENDING,LONG,1.0,2.968,0.5671,0.3915,0.0414,1.349,24219.6,20.3,1.053,19.275,False,True,False,False,False,True,True,0.459,4B_TRAP,False,True,H7_TRAP,24239.9,spike,29.275,,0.0,-1.132,-1.134,STOP,False,False,False
2026-07-13T13:25:00,NIFTY,2026-07-13,cycles_resampled,train,TREND_UP,TRENDING,SHORT,0.96,2.488,0.8455,0.0545,0.1,1.757,24197.75,29.5,1.592,18.525,False,True,False,False,False,True,True,0.013,4B_TRAP,False,True,H7_TRAP,24168.25,early,35.805,2.84,0.0,-1.141,-1.142,STOP,False,False,False
2026-07-14T13:35:00,NIFTY,2026-07-14,cycles_resampled,train,CHOP,OPENING_DRIVE,SHORT,0.9423,2.154,0.738,0.0,0.262,1.748,24048.1,-0.45,-0.029,15.3893,False,False,False,False,True,True,True,0.978,4X_AMBIG,False,False,H7_TRAP,24048.55,spike,27.994,0.02,0.839,-0.866,0.564,EOD,False,False,False
2026-07-14T14:55:00,NIFTY,2026-07-14,cycles_resampled,train,CHOP,OPENING_DRIVE,LONG,0.9118,1.673,0.3184,0.4004,0.2812,0.542,24039.6,1.55,0.098,15.7893,True,True,True,True,False,False,False,0.0,4X_AMBIG,False,False,H1_WEAK,24041.15,early,16.906,1.41,1.872,-0.515,-0.497,EOD,False,False,False
2026-07-15T14:35:00,NIFTY,2026-07-15,cycles_resampled,train,CHOP,OPENING_DRIVE,LONG,0.9375,1.879,1.0,0.0,0.0,1.563,24099.35,5.35,0.291,18.3643,False,True,False,False,False,True,True,0.918,4B_TRAP,False,True,H7_TRAP,24104.7,spike,29.561,,0.0,-1.277,-1.279,STOP,False,False,False
2026-07-15T15:00:00,NIFTY,2026-07-15,cycles_resampled,train,CHOP,OPENING_DRIVE,SHORT,0.9524,1.88,0.2633,0.6024,0.1343,0.417,24066.95,-7.15,-0.39,18.3321,False,False,False,False,True,True,True,0.69,4X_AMBIG,False,False,H7_TRAP,24074.1,spike,18.372,0.33,0.256,-0.936,0.079,EOD,False,False,False
2026-07-16T14:55:00,NIFTY,2026-07-16,cycles_resampled,train,TREND_DOWN,FAILED_BREAKOUT,LONG,0.9853,2.506,0.6321,0.3679,0.0,1.121,24101.0,12.45,0.833,14.9429,False,False,False,False,True,True,True,2.275,4B_TRAP,False,True,H7_TRAP,24113.45,spike,17.545,2.86,0.522,-2.647,-2.65,STOP,False,False,False
2026-07-16T15:00:00,NIFTY,2026-07-16,cycles_resampled,train,TREND_DOWN,FAILED_BREAKOUT,SHORT,1.0,5.172,0.8489,0.1511,0.0,2.713,24092.3,25.3,1.454,17.3964,False,True,True,True,False,False,False,0.0,4X_AMBIG,False,False,AMBIG,24067.0,early,57.268,0.24,0.19,-0.268,-0.2,EOD,False,False,False
2026-07-17T10:15:00,NIFTY,2026-07-17,cycles_resampled,train,TREND_UP,TRENDING,LONG,0.9167,2.101,0.82,0.18,0.0,1.564,24248.35,23.35,1.129,20.6846,False,True,True,True,False,False,False,0.0,4B_TRAP,False,False,AMBIG,24271.7,early,33.534,,0.488,-1.077,-1.078,STOP,False,False,False
2026-07-17T11:05:00,NIFTY,2026-07-17,cycles_resampled,train,TREND_UP,TRENDING,SHORT,0.9091,1.489,0.5098,0.2129,0.2773,0.722,24247.0,3.65,0.185,19.7393,True,True,True,True,False,False,False,0.0,4B_TRAP,False,False,H1_WEAK,24243.35,early,21.039,1.4,0.504,-1.184,-1.186,STOP,False,False,False
2026-07-17T12:50:00,NIFTY,2026-07-17,cycles_resampled,train,TREND_UP,TRENDING,SHORT,0.907,1.692,0.9697,0.0,0.0303,1.669,24276.8,4.75,0.354,13.4179,False,False,False,False,True,True,True,0.466,4B_TRAP,False,True,H7_TRAP,24272.05,spike,23.093,0.5,2.49,-3.962,-3.964,STOP,True,False,False
2026-07-17T14:10:00,NIFTY,2026-07-17,cycles_resampled,train,TREND_UP,TRENDING,LONG,0.9661,2.169,0.905,0.0242,0.0708,1.708,24273.1,8.9,0.58,15.3393,True,True,True,True,False,False,False,0.0,4A_CONT,True,False,H1_CONT,24282.0,early,29.119,0.12,2.801,0.0,2.27,EOD,True,False,False
2026-07-17T14:15:00,NIFTY,2026-07-17,cycles_resampled,train,TREND_UP,TRENDING,LONG,1.0,5.944,0.4006,0.5994,0.0,1.552,24296.55,19.35,0.943,20.525,False,False,False,False,True,True,True,0.414,4X_AMBIG,False,False,H7_TRAP,24315.9,spike,34.235,,0.941,-0.879,0.941,EOD,False,False,False
2026-07-17T14:25:00,NIFTY,2026-07-17,cycles_resampled,train,TREND_UP,TRENDING,SHORT,0.9516,2.193,0.3203,0.6034,0.0763,0.412,24292.1,4.05,0.176,22.9536,False,False,False,False,True,True,True,1.131,4B_TRAP,False,True,H7_TRAP,24288.05,spike,28.135,1.69,0.009,-1.1,-1.102,STOP,False,False,False
2026-07-20T12:55:00,NIFTY,2026-07-20,cycles_resampled,train,CHOP,OPENING_DRIVE,LONG,0.9535,1.817,0.9089,0.0911,0.0,1.501,24163.35,23.6,1.543,15.2929,True,True,True,True,False,False,False,0.0,4A_CONT,True,False,H1_CONT,24186.95,early,23.708,0.44,3.126,-0.409,2.998,T3,True,True,False
2026-07-20T13:10:00,NIFTY,2026-07-20,cycles_resampled,train,CHOP,OPENING_DRIVE,LONG,1.0,3.323,0.9631,0.0,0.0369,2.66,24217.76,6.79,0.407,16.6893,False,True,True,True,False,False,False,0.0,4X_AMBIG,False,False,AMBIG,24224.55,spike,47.483,0.28,0.821,-0.243,0.354,EOD,False,False,False
2026-07-21T12:55:00,NIFTY,2026-07-21,cycles_resampled,train,TREND_DOWN,TRENDING,SHORT,0.9302,1.786,0.8262,0.1377,0.0361,1.739,24158.35,7.3,0.694,10.5214,True,True,True,True,False,False,False,0.0,4B_TRAP,True,False,H1_CONT,24151.05,early,22.015,,0.688,-1.342,-1.345,STOP,False,False,False
2026-07-21T13:55:00,NIFTY,2026-07-21,cycles_resampled,train,TREND_DOWN,TRENDING,SHORT,0.9273,1.725,0.9366,0.0,0.0634,1.603,24177.4,16.6,1.334,12.4464,False,True,True,True,False,False,False,0.0,4B_TRAP,False,False,AMBIG,24160.8,spike,20.589,0.42,0.202,-1.163,-1.166,STOP,False,False,False
2026-07-23T12:10:00,NIFTY,2026-07-23,cycles_resampled,train,CHOP,OPENING_DRIVE,SHORT,0.9714,2.179,0.8843,0.0485,0.0672,1.743,23939.41,4.41,0.324,13.5964,False,True,True,True,False,False,False,0.0,4A_CONT,False,False,AMBIG,23935.0,early,25.804,0.16,3.085,-0.105,2.998,T3,True,True,False
2026-07-23T12:30:00,NIFTY,2026-07-23,cycles_resampled,train,CHOP,OPENING_DRIVE,SHORT,0.9744,2.226,0.5062,0.0107,0.4831,0.981,23894.15,-4.65,-0.321,14.475,True,False,False,False,False,False,False,0.0,4A_CONT,False,False,AMBIG,23898.8,spike,15.341,0.3,3.536,-0.013,2.997,T3,True,True,False
2026-07-23T12:40:00,NIFTY,2026-07-23,cycles_resampled,train,CHOP,OPENING_DRIVE,SHORT,0.9756,2.368,0.9833,0.0,0.0167,1.8,23880.75,24.85,1.519,16.3643,True,True,True,True,False,False,False,0.0,4B_TRAP,True,False,H1_CONT,23855.9,early,30.348,,1.44,-1.01,-1.012,STOP,False,False,False
2026-07-23T13:35:00,NIFTY,2026-07-23,cycles_resampled,train,CHOP,FAILED_BREAKOUT,LONG,0.9423,2.273,0.8169,0.1131,0.07,1.506,23841.35,12.05,0.798,15.1036,False,True,True,True,False,False,False,0.0,4B_TRAP,False,False,AMBIG,23853.4,early,25.536,5.16,1.476,-1.384,-1.386,STOP,False,False,False
2026-07-23T14:30:00,NIFTY,2026-07-23,cycles_resampled,train,CHOP,FAILED_BREAKOUT,LONG,0.9841,2.686,0.8055,0.0,0.1945,1.808,23868.0,18.55,1.266,14.6571,False,False,False,False,True,True,True,3.398,4B_TRAP,False,True,H7_TRAP,23886.55,spike,33.887,1.92,0.134,-1.031,-1.033,STOP,False,False,False
2026-07-23T14:35:00,NIFTY,2026-07-23,cycles_resampled,train,CHOP,FAILED_BREAKOUT,SHORT,1.0,3.218,1.0,0.0,0.0,2.329,23853.65,2.05,0.121,16.9607,True,True,True,True,False,False,False,0.0,4X_AMBIG,True,False,H1_CONT,23851.6,early,40.685,0.09,1.081,-0.912,-0.512,EOD,False,False,False
2026-07-24T11:15:00,NIFTY,2026-07-24,cycles_resampled,train,CHOP,OPENING_DRIVE,LONG,0.9167,2.11,1.0,0.0,0.0,2.233,23633.75,19.9,1.543,12.8964,True,True,True,True,False,False,False,0.0,4A_CONT,True,False,H1_CONT,23653.65,early,29.664,0.05,4.344,-0.049,2.998,T3,True,True,False
2026-07-24T12:25:00,NIFTY,2026-07-24,cycles_resampled,train,CHOP,OPENING_DRIVE,LONG,0.9737,3.496,1.0,0.0,0.0,2.725,23755.2,27.3,1.689,16.1643,False,True,True,True,False,False,False,0.0,4X_AMBIG,False,False,AMBIG,23782.5,early,45.371,,0.896,-0.974,0.088,EOD,False,False,False
2026-07-24T13:00:00,NIFTY,2026-07-24,cycles_resampled,train,CHOP,TRENDING,SHORT,0.9111,1.873,0.8422,0.0771,0.0807,1.217,23791.4,16.8,0.891,18.8607,True,True,True,False,False,False,True,0.05,4B_TRAP,True,True,H1_CONT,23774.6,early,25.868,0.65,1.403,-1.028,-1.03,STOP,False,False,False
2026-07-24T13:40:00,NIFTY,2026-07-24,cycles_resampled,train,CHOP,OPENING_DRIVE,SHORT,0.9245,1.928,0.6631,0.0107,0.3262,1.041,23752.95,5.5,0.308,17.875,False,False,False,False,True,True,True,2.699,4B_TRAP,False,True,H7_TRAP,23747.45,spike,19.741,6.98,0.223,-1.993,-1.996,STOP,False,False,False
2026-07-24T14:00:00,NIFTY,2026-07-24,cycles_resampled,train,CHOP,TRENDING,LONG,0.9474,2.223,0.4768,0.1244,0.3988,0.811,23806.85,12.15,0.619,19.6143,False,False,False,False,True,True,True,0.877,4B_TRAP,False,True,H7_TRAP,23819.0,spike,30.2,,0.0,-1.017,-1.018,STOP,False,False,False
2026-07-24T15:00:00,NIFTY,2026-07-24,cycles_resampled,train,CHOP,OPENING_DRIVE,SHORT,0.942,1.984,0.7124,0.0,0.2876,1.186,23761.35,5.0,0.275,18.1679,False,True,False,False,False,True,True,0.663,4B_TRAP,False,True,H7_TRAP,23756.35,spike,22.458,4.33,0.196,-1.456,-1.458,STOP,False,False,False
2026-07-27T10:40:00,NIFTY,2026-07-27,cycles_resampled,train,TREND_UP,TRENDING,LONG,1.0,2.173,1.0,0.0,0.0,2.062,23923.65,3.45,0.206,16.7571,False,False,False,False,True,True,True,0.507,4A_CONT,False,False,H7_TRAP,23927.1,spike,35.586,0.29,2.324,-0.495,2.002,EOD,True,False,False
2026-07-27T10:55:00,NIFTY,2026-07-27,cycles_resampled,train,TREND_UP,OPENING_DRIVE,LONG,0.9,1.608,0.6798,0.1552,0.165,0.945,23927.25,6.9,0.377,18.3,False,True,True,False,False,False,True,0.178,4A_CONT,False,False,AMBIG,23934.15,early,22.264,0.22,3.393,-0.588,2.998,T3,True,True,False
2026-07-27T13:35:00,NIFTY,2026-07-27,cycles_resampled,train,TREND_UP,FAILED_BREAKOUT,LONG,0.9038,1.695,0.9232,0.0,0.0768,1.759,23959.2,0.35,0.029,11.9643,False,False,False,False,True,True,True,0.259,4A_CONT,False,False,H7_TRAP,23959.55,spike,23.484,0.52,2.14,-0.528,1.652,EOD,True,False,False
2026-07-28T13:50:00,NIFTY,2026-07-28,cycles_resampled,train,CHOP,OPENING_DRIVE,LONG,0.9636,2.209,0.8163,0.1837,0.0,1.836,23992.05,11.5,0.96,11.9821,False,True,True,True,False,False,False,0.0,4B_TRAP,False,False,AMBIG,24003.55,early,22.808,1.08,0.316,-1.399,-1.401,STOP,False,False,False
2026-07-28T15:00:00,NIFTY,2026-07-28,cycles_resampled,train,CHOP,OPENING_DRIVE,SHORT,0.9565,2.121,0.7414,0.0,0.2586,1.376,23963.6,0.8,0.056,14.175,False,False,False,False,True,True,True,2.797,4B_TRAP,False,True,H7_TRAP,23962.8,spike,20.289,,0.005,-1.994,-1.996,STOP,False,False,False
2026-07-30T12:30:00,NIFTY,2026-07-30,cycles_resampled,train,TREND_UP,OPENING_DRIVE,LONG,1.0,5.655,0.7786,0.2214,0.0,3.969,24284.15,28.55,2.277,12.5357,False,True,True,True,False,False,False,0.0,4B_TRAP,False,False,AMBIG,24312.7,early,51.667,,0.132,-1.171,-1.172,STOP,False,False,False
2026-07-30T13:10:00,NIFTY,2026-07-30,cycles_resampled,train,TREND_UP,OPENING_DRIVE,SHORT,0.9574,2.729,0.5721,0.0,0.4279,1.052,24279.2,14.1,0.86,16.3964,True,True,False,False,False,True,True,0.125,4B_TRAP,False,True,H7_TRAP,24265.1,early,18.155,0.78,0.281,-1.666,-1.669,STOP,False,False,False
2026-07-30T14:30:00,NIFTY,2026-07-30,cycles_resampled,train,TREND_UP,OPENING_DRIVE,LONG,0.9524,2.244,0.7177,0.1754,0.1069,1.279,24241.05,8.15,0.586,13.9179,True,True,True,True,False,False,False,0.0,4A_CONT,True,False,H1_CONT,24249.2,early,21.194,1.56,3.518,-0.278,2.998,T3,True,True,False
2026-07-30T15:00:00,NIFTY,2026-07-30,cycles_resampled,train,TREND_UP,OPENING_DRIVE,LONG,0.9565,2.509,0.6367,0.0,0.3633,1.132,24282.3,16.3,1.023,15.9393,True,True,True,True,False,False,False,0.0,4X_AMBIG,True,False,H1_CONT,24298.6,early,29.2,0.97,1.438,0.0,0.077,EOD,False,False,False
2026-07-31T13:30:00,NIFTY,2026-07-31,cycles_resampled,train,CHOP,FAILED_BREAKDOWN,SHORT,0.9216,2.364,0.9287,0.0,0.0713,1.837,24413.1,13.5,1.228,10.9964,False,True,True,True,False,False,False,0.0,4A_CONT,False,False,AMBIG,24399.6,early,20.853,3.04,2.093,-0.647,1.688,EOD,True,False,False
2026-07-31T14:30:00,NIFTY,2026-07-31,cycles_resampled,train,CHOP,FAILED_BREAKDOWN,SHORT,0.9683,2.783,0.7548,0.2452,0.0,1.533,24390.4,16.0,1.236,12.9464,False,True,True,True,False,False,False,0.0,4X_AMBIG,False,False,AMBIG,24374.4,early,27.089,1.41,0.681,-0.879,0.369,EOD,False,False,False
2026-07-31T15:00:00,NIFTY,2026-07-31,cycles_resampled,train,CHOP,FAILED_BREAKOUT,LONG,0.9275,2.288,1.0,0.0,0.0,1.564,24374.15,11.15,0.798,13.9679,True,True,True,True,False,False,False,0.0,4B_TRAP,True,False,H1_CONT,24385.3,early,22.505,0.54,0.573,-1.018,-1.02,STOP,False,False,False
2026-08-03T12:45:00,NIFTY,2026-08-03,cycles_resampled,train,TREND_UP,TRENDING,SHORT,0.9524,2.886,0.8198,0.1089,0.0713,2.126,24587.25,9.8,1.007,9.7357,False,False,False,False,True,True,True,0.236,4B_TRAP,False,True,H7_TRAP,24577.45,spike,24.208,0.16,0.729,-8.132,-8.134,STOP,False,False,False
2026-08-04T10:20:00,NIFTY,2026-08-04,cycles_resampled,train,CHOP,OPENING_DRIVE,SHORT,1.0,1.715,0.978,0.0,0.022,1.478,24609.2,11.7,0.862,13.5679,False,True,True,True,False,False,False,0.0,4A_CONT,False,False,AMBIG,24597.5,early,20.665,0.3,3.218,0.0,2.998,T3,True,True,False
2026-08-04T11:45:00,NIFTY,2026-08-04,cycles_resampled,train,CHOP,FAILED_BREAKOUT,SHORT,1.0,2.559,1.0,0.0,0.0,2.433,24555.3,24.3,2.718,8.9393,False,True,True,True,False,False,False,0.0,4A_CONT,False,False,AMBIG,24531.0,early,22.403,,3.06,-0.246,2.998,T3,True,True,False
2026-08-04T13:25:00,NIFTY,2026-08-04,cycles_resampled,train,CHOP,TRENDING,SHORT,0.96,2.255,0.9975,0.0025,0.0,1.844,24475.75,5.65,0.525,10.7643,True,True,True,True,False,False,False,0.0,4B_TRAP,True,False,H1_CONT,24470.1,early,20.497,,1.859,-1.066,-1.068,STOP,False,False,False
2026-08-04T13:50:00,NIFTY,2026-08-04,cycles_resampled,train,CHOP,TRENDING,SHORT,1.0,2.733,0.8862,0.1138,0.0,1.792,24453.4,10.9,0.896,12.1643,False,True,True,True,False,False,False,0.0,4B_TRAP,False,False,AMBIG,24442.5,early,25.338,,0.414,-1.243,-1.245,STOP,False,False,False
2026-08-04T14:20:00,NIFTY,2026-08-04,cycles_resampled,train,CHOP,TRENDING,SHORT,0.9836,2.579,0.6992,0.1504,0.1504,1.158,24500.68,28.78,2.021,14.2429,True,True,True,True,False,False,False,0.0,4B_TRAP,True,False,H1_CONT,24471.9,early,20.758,1.92,1.212,-6.889,-6.891,STOP,False,False,False
2026-08-04T14:30:00,NIFTY,2026-08-04,cycles_resampled,train,CHOP,TRENDING,SHORT,0.9841,2.614,0.5405,0.4595,0.0,0.852,24464.9,3.95,0.259,15.2607,False,False,False,False,True,True,True,0.174,4B_TRAP,False,True,H7_TRAP,24460.95,early,24.771,1.17,0.573,-6.215,-6.217,STOP,False,False,False
2026-08-05T10:25:00,NIFTY,2026-08-05,cycles_resampled,val,CHOP,OPENING_DRIVE,SHORT,1.0,2.663,0.8963,0.0044,0.0993,1.717,24583.45,-1.15,-0.065,17.6179,False,False,False,False,False,False,True,0.658,4B_TRAP,False,True,AMBIG,24584.6,early,31.413,0.04,0.675,-1.07,-1.071,STOP,False,False,False
2026-08-05T10:55:00,NIFTY,2026-08-05,cycles_resampled,val,CHOP,OPENING_DRIVE,LONG,0.95,1.852,0.9945,0.0055,0.0,1.336,24633.22,11.28,0.551,20.4786,True,True,False,False,False,True,True,0.191,4B_TRAP,False,True,H7_TRAP,24644.5,early,28.175,0.21,0.509,-1.168,-1.169,STOP,False,False,False
2026-08-05T11:05:00,NIFTY,2026-08-05,cycles_resampled,val,CHOP,OPENING_DRIVE,SHORT,0.9545,1.99,0.8545,0.1455,0.0,1.254,24643.05,13.75,0.683,20.1393,False,True,True,True,False,False,False,0.0,4A_CONT,False,False,AMBIG,24629.3,early,30.436,1.0,3.198,-0.361,2.998,T3,True,True,False
2026-08-05T13:20:00,NIFTY,2026-08-05,cycles_resampled,val,CHOP,TRENDING,SHORT,0.9388,2.386,0.9401,0.0599,0.0,1.648,24535.8,12.0,0.84,14.2893,False,True,True,True,False,False,False,0.0,4B_TRAP,False,False,AMBIG,24523.8,early,25.801,0.44,0.951,-1.153,-1.155,STOP,False,False,False
2026-08-06T11:40:00,NIFTY,2026-08-06,cycles_resampled,val,CHOP,OPENING_DRIVE,SHORT,1.0,1.991,0.8417,0.0,0.1583,1.608,24653.5,18.7,1.639,11.4107,False,True,True,False,False,False,True,0.951,4B_TRAP,False,True,AMBIG,24634.8,early,19.004,0.6,0.334,-1.555,-1.558,STOP,False,False,False
2026-08-06T11:55:00,NIFTY,2026-08-06,cycles_resampled,val,CHOP,OPENING_DRIVE,LONG,0.9062,1.726,1.0,0.0,0.0,1.547,24649.43,14.92,1.221,12.2179,False,True,True,False,False,False,True,0.416,4B_TRAP,False,True,AMBIG,24664.35,early,19.467,0.57,0.0,-1.027,-1.03,STOP,False,False,False
2026-08-06T13:15:00,NIFTY,2026-08-06,cycles_resampled,val,CHOP,OPENING_DRIVE,LONG,1.0,3.818,0.9403,0.0597,0.0,2.737,24649.43,-0.98,-0.076,12.9536,False,False,False,False,True,True,True,2.021,4B_TRAP,False,True,H7_TRAP,24648.45,spike,36.581,0.0,0.283,-1.036,-1.037,STOP,False,False,False
2026-08-06T13:20:00,NIFTY,2026-08-06,cycles_resampled,val,CHOP,OPENING_DRIVE,SHORT,0.9796,2.995,0.9528,0.0472,0.0,1.992,24624.06,0.81,0.055,14.6857,False,False,False,False,True,True,True,1.259,4B_TRAP,False,True,H7_TRAP,24623.25,spike,31.621,0.49,0.095,-1.124,-1.126,STOP,False,False,False
2026-08-06T13:55:00,NIFTY,2026-08-06,cycles_resampled,val,CHOP,OPENING_DRIVE,LONG,0.9643,2.269,0.829,0.0,0.171,1.108,24631.8,17.2,0.925,18.5857,True,True,True,True,False,False,False,0.0,4B_TRAP,True,False,H1_CONT,24649.0,early,25.595,0.02,0.533,-1.227,-1.229,STOP,False,False,False
2026-08-06T14:30:00,NIFTY,2026-08-06,cycles_resampled,val,CHOP,OPENING_DRIVE,SHORT,0.9365,2.141,0.2301,0.2779,0.492,0.368,24655.0,8.2,0.597,13.7357,True,True,True,True,False,False,False,0.0,4A_CONT,False,False,H1_WEAK,24646.8,early,11.809,1.93,2.473,-0.398,0.915,EOD,True,False,False
2026-08-07T10:15:00,NIFTY,2026-08-07,cycles_resampled,val,CHOP,OPENING_DRIVE,SHORT,0.9167,2.068,0.7649,0.0,0.2351,1.275,24580.45,1.95,0.134,14.5538,True,True,True,True,False,False,False,0.0,4A_CONT,True,False,H1_CONT,24578.5,spike,19.278,,2.863,-0.545,0.407,EOD,True,False,False
2026-08-07T11:00:00,NIFTY,2026-08-07,cycles_resampled,val,CHOP,OPENING_DRIVE,SHORT,0.9048,2.0,0.8033,0.0379,0.1588,1.418,24562.0,6.0,0.502,11.9571,False,False,False,False,True,True,True,0.519,4B_TRAP,False,True,H7_TRAP,24556.0,spike,18.383,,0.0,-1.784,-1.787,STOP,False,False,False
2026-08-07T12:25:00,NIFTY,2026-08-07,cycles_resampled,val,CHOP,FAILED_BREAKOUT,LONG,0.9211,2.143,0.5284,0.3358,0.1358,0.997,24545.8,3.95,0.368,10.7321,True,True,True,True,False,False,False,0.0,4B_TRAP,False,False,H1_WEAK,24549.75,spike,14.057,0.86,2.792,-1.184,-1.188,STOP,True,False,False
2026-08-07T13:20:00,NIFTY,2026-08-07,cycles_resampled,val,CHOP,FAILED_BREAKOUT,LONG,0.9184,2.058,0.9186,0.0,0.0814,1.496,24565.9,0.1,0.008,12.0643,True,True,False,False,False,True,True,1.492,4B_TRAP,False,True,H7_TRAP,24566.0,spike,20.24,1.03,1.136,-1.626,-1.628,STOP,False,False,False
2026-08-07T13:30:00,NIFTY,2026-08-07,cycles_resampled,val,CHOP,FAILED_BREAKOUT,SHORT,0.9608,2.241,0.9019,0.0,0.0981,1.524,24546.35,-1.55,-0.122,12.6679,False,False,False,False,True,True,True,1.899,4B_TRAP,False,True,H7_TRAP,24547.9,spike,19.942,0.08,0.095,-1.176,-1.178,STOP,False,False,False
2026-08-07T13:45:00,NIFTY,2026-08-07,cycles_resampled,val,CHOP,FAILED_BREAKOUT,LONG,0.963,2.4,0.8547,0.0406,0.1047,1.6,24549.7,20.7,1.656,12.5036,False,True,True,True,False,False,False,0.0,4B_TRAP,False,False,AMBIG,24570.4,early,23.152,0.06,0.803,-1.611,-1.613,STOP,False,False,False
2026-08-07T13:55:00,NIFTY,2026-08-07,cycles_resampled,val,CHOP,FAILED_BREAKOUT,SHORT,0.9464,2.254,0.3907,0.0375,0.5717,0.638,24571.35,8.2,0.591,13.8821,True,True,True,True,False,False,False,0.0,4B_TRAP,False,False,H1_WEAK,24563.15,spike,10.379,1.62,1.118,-1.469,-1.474,STOP,False,False,False
2026-08-07T14:05:00,NIFTY,2026-08-07,cycles_resampled,val,CHOP,FAILED_BREAKOUT,SHORT,0.9483,2.324,0.6632,0.0936,0.2432,0.992,24533.85,-5.1,-0.317,16.0821,True,False,False,False,False,True,True,0.46,4B_TRAP,False,True,H7_TRAP,24538.95,spike,18.922,0.27,0.827,-1.189,-1.192,STOP,False,False,False
2026-08-07T14:45:00,NIFTY,2026-08-07,cycles_resampled,val,CHOP,FAILED_BREAKOUT,LONG,0.9091,2.085,0.6419,0.2162,0.1419,0.837,24548.4,8.25,0.484,17.0321,False,False,False,False,True,True,True,1.036,4B_TRAP,False,True,H7_TRAP,24556.65,spike,18.066,1.54,0.133,-1.434,-1.436,STOP,False,False,False
2026-08-07T14:50:00,NIFTY,2026-08-07,cycles_resampled,val,CHOP,FAILED_BREAKOUT,SHORT,0.9851,2.657,1.0,0.0,0.0,1.506,24532.1,1.35,0.072,18.7964,False,False,False,False,True,True,True,1.154,4B_TRAP,False,True,H7_TRAP,24530.75,spike,29.149,0.26,0.0,-1.134,-1.136,STOP,False,False,False
2026-08-10T10:15:00,NIFTY,2026-08-10,cycles_resampled,val,CHOP,TRENDING,LONG,0.9167,1.822,1.0,0.0,0.0,1.462,24547.75,24.05,1.465,16.4192,True,True,True,True,False,False,False,0.0,4B_TRAP,True,False,H1_CONT,24571.8,early,24.72,1.67,1.873,-1.038,-1.04,STOP,False,False,False
2026-08-10T15:00:00,NIFTY,2026-08-10,cycles_resampled,val,CHOP,OPENING_DRIVE,LONG,0.971,2.214,0.4069,0.0,0.5931,0.791,24565.45,6.15,0.593,10.3679,False,False,False,False,True,True,True,1.061,4B_TRAP,False,True,H7_TRAP,24571.6,spike,20.754,1.05,0.014,-1.226,-1.229,STOP,False,False,False
2026-08-10T15:05:00,NIFTY,2026-08-10,cycles_resampled,val,CHOP,OPENING_DRIVE,SHORT,0.9143,1.912,0.7077,0.2923,0.0,1.16,24583.0,28.55,2.683,10.6429,False,True,True,True,False,False,False,0.0,4B_TRAP,False,False,AMBIG,24554.45,early,17.974,0.16,0.462,-1.633,-1.636,STOP,False,False,False
2026-08-11T12:40:00,NIFTY,2026-08-11,cycles_resampled,val,TREND_DOWN,TRENDING,LONG,0.9512,2.306,0.6962,0.0,0.3038,1.41,24444.9,6.85,0.819,8.3679,True,True,True,False,False,False,True,0.466,4X_AMBIG,True,False,H1_CONT,24451.75,early,17.459,3.13,1.18,-0.796,1.143,EOD,False,False,False
2026-08-11T13:35:00,NIFTY,2026-08-11,cycles_resampled,val,TREND_DOWN,TRENDING,SHORT,0.9038,1.806,0.9583,0.0,0.0417,1.17,24457.45,3.8,0.322,11.7929,False,False,False,False,True,True,True,0.568,4B_TRAP,False,True,H7_TRAP,24453.65,spike,14.232,0.73,1.11,-1.279,-1.282,STOP,False,False,False
2026-08-11T14:05:00,NIFTY,2026-08-11,cycles_resampled,val,TREND_DOWN,TRENDING,LONG,0.9655,2.399,0.7166,0.0,0.2834,1.069,24454.9,10.45,0.849,12.3036,True,True,True,True,False,False,False,0.0,4B_TRAP,True,False,H1_CONT,24465.35,spike,18.9,0.07,0.116,-1.161,-1.164,STOP,False,False,False
2026-08-11T14:25:00,NIFTY,2026-08-11,cycles_resampled,val,TREND_DOWN,TRENDING,SHORT,0.9032,1.818,0.5655,0.4345,0.0,0.666,24451.1,2.95,0.24,12.3143,True,True,True,True,False,False,False,0.0,4B_TRAP,True,False,H1_CONT,24448.15,spike,14.935,0.08,0.69,-1.279,-1.282,STOP,False,False,False
2026-08-11T15:05:00,NIFTY,2026-08-11,cycles_resampled,val,TREND_DOWN,TRENDING,SHORT,0.9714,2.279,0.9309,0.0,0.0691,1.668,24460.85,6.0,0.572,10.4929,False,True,True,True,False,False,False,0.0,4X_AMBIG,False,False,AMBIG,24454.85,early,18.064,0.94,0.52,-0.933,-0.933,EOD,False,False,False
2026-08-12T10:30:00,NIFTY,2026-08-12,cycles_resampled,val,CHOP,OPENING_DRIVE,LONG,1.0,1.721,0.8889,0.1111,0.0,1.335,24380.05,14.35,0.84,17.0786,False,True,False,False,False,True,True,1.487,4B_TRAP,False,True,H7_TRAP,24394.4,early,23.57,1.1,0.03,-1.687,-1.689,STOP,False,False,False
2026-08-12T10:55:00,NIFTY,2026-08-12,cycles_resampled,val,CHOP,OPENING_DRIVE,SHORT,1.0,3.189,0.6741,0.0,0.3259,1.829,24354.65,24.1,1.539,15.6643,True,True,True,True,False,False,False,0.0,4B_TRAP,True,False,H1_CONT,24330.55,early,29.925,,2.129,-1.696,-1.698,STOP,True,False,False
2026-08-12T14:30:00,NIFTY,2026-08-12,cycles_resampled,val,CHOP,TRENDING,LONG,0.9841,3.154,0.9843,0.0157,0.0,3.04,24298.95,28.25,3.04,9.2929,False,True,True,True,False,False,False,0.0,4A_CONT,False,False,AMBIG,24327.2,early,29.111,1.07,3.736,-0.381,2.998,T3,True,True,False
2026-08-12T14:50:00,NIFTY,2026-08-12,cycles_resampled,val,CHOP,FAILED_BREAKOUT,LONG,0.9851,4.14,0.8857,0.0,0.1143,2.874,24358.35,0.85,0.072,11.8643,False,True,True,False,False,False,True,0.628,4X_AMBIG,False,False,AMBIG,24359.2,spike,39.655,2.59,1.935,-0.426,1.935,EOD,False,False,False
2026-08-13T11:55:00,NIFTY,2026-08-13,cycles_resampled,val,CHOP,OPENING_DRIVE,LONG,0.9688,2.168,1.0,0.0,0.0,2.127,24360.55,16.35,1.684,9.7071,True,True,True,True,False,False,False,0.0,4B_TRAP,True,False,H1_CONT,24376.9,early,21.27,,1.718,-1.095,-1.098,STOP,False,False,False
2026-08-13T12:00:00,NIFTY,2026-08-13,cycles_resampled,val,CHOP,OPENING_DRIVE,LONG,1.0,2.759,1.0,0.0,0.0,2.222,24376.9,36.55,3.083,11.8571,False,True,True,True,False,False,False,0.0,4B_TRAP,False,False,AMBIG,24413.45,early,27.141,,0.0,-1.415,-1.417,STOP,False,False,False
2026-08-13T13:15:00,NIFTY,2026-08-13,cycles_resampled,val,CHOP,FAILED_BREAKOUT,SHORT,0.9167,1.888,0.5014,0.3796,0.119,0.838,24353.6,-0.4,-0.038,10.5607,True,False,False,False,True,True,True,0.44,4B_TRAP,False,True,H7_TRAP,24354.0,spike,16.079,2.21,0.211,-1.869,-1.872,STOP,False,False,False
2026-08-13T13:40:00,NIFTY,2026-08-13,cycles_resampled,val,CHOP,FAILED_BREAKOUT,LONG,0.9434,2.111,0.8653,0.0,0.1347,1.448,24369.85,14.2,1.185,11.9857,False,True,True,True,False,False,False,0.0,4B_TRAP,False,False,AMBIG,24384.05,early,20.651,1.42,0.494,-1.213,-1.215,STOP,False,False,False
2026-08-13T14:05:00,NIFTY,2026-08-13,cycles_resampled,val,CHOP,FAILED_BREAKOUT,SHORT,0.931,2.031,0.9745,0.0,0.0255,1.471,24374.45,14.95,1.151,12.9857,True,True,True,False,False,False,True,0.219,4B_TRAP,True,True,H1_CONT,24359.5,early,19.688,0.45,0.841,-1.846,-1.849,STOP,False,False,False
2026-08-14T10:30:00,NIFTY,2026-08-14,live_candles,val,CHOP,OPENING_DRIVE,SHORT,0.9333,2.0,0.8556,0.0,0.1444,1.369,24306.45,0.55,0.038,14.5,False,False,False,False,True,True,True,1.772,4B_TRAP,False,True,H7_TRAP,24305.9,spike,20.546,,0.0,-1.348,-1.351,STOP,False,False,False
2026-08-14T10:55:00,NIFTY,2026-08-14,live_candles,val,CHOP,OPENING_DRIVE,SHORT,0.9,2.117,1.0,0.0,0.0,1.823,24322.84,10.39,0.873,11.9036,False,True,True,True,False,False,False,0.0,4B_TRAP,False,False,AMBIG,24312.45,early,22.351,0.44,0.199,-1.031,-1.034,STOP,False,False,False
2026-08-14T13:35:00,NIFTY,2026-08-14,live_candles,val,CHOP,OPENING_DRIVE,LONG,0.9423,2.736,1.0,0.0,0.0,2.814,24348.0,0.55,0.076,7.1964,True,True,True,True,False,False,False,0.0,4A_CONT,True,False,H1_CONT,24348.55,early,20.857,0.1,2.591,0.0,0.837,EOD,True,False,False
2026-08-14T13:45:00,NIFTY,2026-08-14,live_candles,val,CHOP,OPENING_DRIVE,LONG,1.0,4.034,0.9112,0.0888,0.0,2.953,24358.2,26.0,2.823,9.2107,True,True,True,True,False,False,False,0.0,4B_TRAP,True,False,H1_CONT,24384.2,early,28.095,,0.655,-1.045,-1.046,STOP,False,False,False
2026-08-17T11:50:00,NIFTY,2026-08-17,live_candles,oos,CHOP,TRENDING,LONG,0.9,1.823,0.4948,0.5052,0.0,0.925,24254.5,8.85,1.145,7.7286,True,True,True,True,False,False,False,0.0,4A_CONT,False,False,H1_WEAK,24263.35,early,7.583,3.49,3.066,-0.429,2.993,T3,True,True,False
2026-08-17T12:15:00,NIFTY,2026-08-17,live_candles,oos,CHOP,FAILED_BREAKOUT,LONG,0.9118,1.918,1.0,0.0,0.0,1.892,24286.46,0.14,0.017,8.0357,True,True,True,True,False,False,False,0.0,4A_CONT,True,False,H1_CONT,24286.6,spike,15.656,1.56,3.005,-0.268,2.997,T3,True,True,False
2026-08-17T12:45:00,NIFTY,2026-08-17,live_candles,oos,CHOP,FAILED_BREAKDOWN,LONG,0.95,2.63,0.8105,0.1895,0.0,1.707,24311.0,11.5,1.208,9.5214,True,True,True,True,False,False,False,0.0,4B_TRAP,True,False,H1_CONT,24322.5,early,16.852,,2.089,-2.068,-2.071,STOP,True,False,False
2026-08-17T15:00:00,NIFTY,2026-08-17,live_candles,oos,CHOP,FAILED_BREAKDOWN,LONG,0.9552,2.17,0.8855,0.1145,0.0,1.795,24343.9,6.7,0.818,8.1893,True,True,True,False,False,False,True,0.501,4B_TRAP,True,True,H1_CONT,24350.6,spike,15.198,0.37,0.467,-4.142,-4.145,STOP,False,False,False
2026-08-18T14:00:00,NIFTY,2026-08-18,live_candles,oos,TREND_DOWN,TRENDING,LONG,0.9825,1.929,0.8562,0.0,0.1438,1.565,24205.8,0.35,0.043,8.1786,False,False,False,False,True,True,True,1.859,4B_TRAP,False,True,H7_TRAP,24206.15,spike,15.398,0.81,0.0,-1.046,-1.049,STOP,False,False,False
2026-08-18T14:25:00,NIFTY,2026-08-18,live_candles,oos,TREND_DOWN,TRENDING,LONG,0.9839,2.116,0.1799,0.0,0.8201,0.348,24196.75,2.55,0.301,8.4786,False,True,True,True,False,False,False,0.0,4B_TRAP,False,False,AMBIG,24199.3,early,16.892,1.03,1.581,-1.122,-1.125,STOP,False,False,False
2026-08-18T15:00:00,NIFTY,2026-08-18,live_candles,oos,TREND_DOWN,FAILED_BREAKOUT,SHORT,0.9855,2.321,0.6676,0.3324,0.0,1.279,24210.35,3.15,0.321,9.8107,True,True,True,True,False,False,False,0.0,4A_CONT,True,False,H1_CONT,24207.2,early,19.364,0.71,2.701,0.0,2.701,EOD,True,False,False
2026-08-19T10:15:00,NIFTY,2026-08-19,live_candles,oos,CHOP,OPENING_DRIVE,SHORT,0.9167,1.79,1.0,0.0,0.0,1.361,24085.8,12.1,1.016,11.9038,True,True,True,True,False,False,False,0.0,4A_CONT,True,False,H1_CONT,24073.7,early,16.686,0.4,2.649,-0.479,-0.276,EOD,True,False,False
2026-08-19T11:05:00,NIFTY,2026-08-19,live_candles,oos,CHOP,TRENDING,SHORT,0.9091,1.813,0.674,0.0,0.326,1.063,24044.9,5.65,0.559,10.1143,False,False,False,False,True,True,True,0.84,4B_TRAP,False,True,H7_TRAP,24039.25,spike,11.229,,0.0,-1.064,-1.069,STOP,False,False,False
2026-08-19T11:45:00,NIFTY,2026-08-19,live_candles,oos,CHOP,TRENDING,LONG,0.9,1.856,1.0,0.0,0.0,1.599,24056.85,9.85,1.016,9.6929,True,True,True,True,False,False,False,0.0,4B_TRAP,True,False,H1_CONT,24066.7,early,15.965,1.38,0.905,-1.027,-1.03,STOP,False,False,False
2026-08-19T12:00:00,NIFTY,2026-08-19,live_candles,oos,CHOP,OPENING_DRIVE,SHORT,0.9697,2.047,1.0,0.0,0.0,1.769,24076.85,13.1,1.332,9.8357,True,True,True,True,False,False,False,0.0,4B_TRAP,True,False,H1_CONT,24063.75,early,17.922,1.09,1.911,-1.002,-1.004,STOP,False,False,False
2026-08-19T15:05:00,NIFTY,2026-08-19,live_candles,oos,CHOP,TRENDING,SHORT,0.9571,2.043,0.8248,0.0,0.1752,1.121,24040.2,-0.1,-0.008,12.1714,False,False,False,False,True,True,True,0.974,4B_TRAP,False,True,H7_TRAP,24040.3,spike,14.147,0.01,0.053,-2.686,-2.69,STOP,False,False,False
2026-08-20T11:30:00,NIFTY,2026-08-20,live_candles,oos,CHOP,OPENING_DRIVE,LONG,0.9259,1.886,0.822,0.178,0.0,1.459,24215.8,-1.55,-0.208,7.4357,True,False,False,False,True,True,True,0.444,4A_CONT,False,False,H7_TRAP,24214.25,spike,11.246,0.14,4.277,-0.489,2.996,T3,True,True,False
2026-08-20T12:45:00,NIFTY,2026-08-20,live_candles,oos,CHOP,OPENING_DRIVE,LONG,1.0,4.644,1.0,0.0,0.0,3.933,24225.4,19.8,2.879,6.8786,True,True,True,True,False,False,False,0.0,4B_TRAP,True,False,H1_CONT,24245.2,early,27.861,,0.616,-1.07,-1.071,STOP,False,False,False
2026-08-20T14:15:00,NIFTY,2026-08-20,live_candles,oos,CHOP,FAILED_BREAKOUT,LONG,0.95,2.4,0.3264,0.0,0.6736,0.673,24224.65,8.35,1.195,6.9857,False,True,True,True,False,False,False,0.0,4B_TRAP,False,False,AMBIG,24233.0,early,10.132,1.39,1.436,-1.737,-1.742,STOP,False,False,False
2026-08-24T11:00:00,NIFTY,2026-08-24,live_candles,oos,TREND_DOWN,TRENDING,SHORT,1.0,4.0,0.6185,0.3815,0.0,1.835,24260.6,30.95,3.957,7.8214,True,True,True,True,False,False,False,0.0,4A_CONT,True,False,H1_CONT,24229.65,early,23.896,,3.145,0.0,2.998,T3,True,True,False
2026-08-24T11:20:00,NIFTY,2026-08-24,live_candles,oos,TREND_DOWN,TRENDING,SHORT,0.96,3.336,0.646,0.1783,0.1757,1.342,24211.4,7.3,0.783,9.3179,True,True,True,True,False,False,False,0.0,4A_CONT,True,False,H1_CONT,24204.1,early,16.531,,3.001,0.0,2.997,T3,True,True,False
2026-08-24T11:30:00,NIFTY,2026-08-24,live_candles,oos,TREND_DOWN,TRENDING,SHORT,0.9259,3.293,0.9791,0.0,0.0209,1.773,24198.1,17.55,1.664,10.5464,False,True,True,True,False,False,False,0.0,4B_TRAP,False,False,AMBIG,24180.55,early,19.273,,1.733,-1.998,-2.0,STOP,False,False,False
2026-08-24T13:05:00,NIFTY,2026-08-24,live_candles,oos,TREND_DOWN,TRENDING,SHORT,0.9333,2.484,0.5747,0.0,0.4253,1.222,24167.8,6.75,0.932,7.2429,False,True,False,False,False,True,True,1.153,4B_TRAP,False,True,H7_TRAP,24161.05,early,9.312,,0.102,-1.208,-1.213,STOP,False,False,False
2026-08-24T13:30:00,NIFTY,2026-08-24,live_candles,oos,TREND_DOWN,TRENDING,SHORT,0.94,2.648,1.0,0.0,0.0,2.03,24174.65,10.25,1.257,8.1536,False,True,True,True,False,False,False,0.0,4B_TRAP,False,False,AMBIG,24164.4,early,17.047,0.58,1.012,-1.079,-1.082,STOP,False,False,False
2026-08-25T11:55:00,NIFTY,2026-08-25,live_candles,HOLDOUT,TREND_UP,OPENING_DRIVE,LONG,0.9062,2.052,0.6888,0.3112,0.0,1.403,24161.3,20.55,2.136,9.6214,True,True,True,True,False,False,False,0.0,4B_TRAP,True,False,H1_CONT,24181.85,early,14.088,1.09,0.0,-1.161,-1.164,STOP,False,False,False
2026-08-25T13:50:00,NIFTY,2026-08-25,live_candles,HOLDOUT,TREND_UP,OPENING_DRIVE,LONG,0.9818,4.215,1.0,0.0,0.0,3.597,24161.83,8.42,0.835,10.0786,False,False,False,False,True,True,True,1.61,4A_CONT,False,False,H7_TRAP,24170.25,spike,37.338,0.72,4.4,-0.789,2.999,T3,True,True,False
2026-08-25T14:25:00,NIFTY,2026-08-25,live_candles,HOLDOUT,TREND_UP,OPENING_DRIVE,LONG,0.9677,2.715,1.0,0.0,0.0,1.974,24169.05,16.15,1.353,11.9321,True,True,True,True,False,False,False,0.0,4A_CONT,True,False,H1_CONT,24185.2,early,24.256,0.49,3.24,-0.373,2.998,T3,True,True,False
2026-08-25T14:30:00,NIFTY,2026-08-25,live_candles,HOLDOUT,TREND_UP,TRENDING,LONG,0.9683,3.829,0.6313,0.3119,0.0567,1.513,24197.15,2.05,0.147,13.9821,False,True,True,True,False,False,False,0.0,4A_CONT,False,False,AMBIG,24199.2,spike,24.055,,5.627,-0.341,2.998,T3,True,True,True
2026-08-25T14:50:00,NIFTY,2026-08-25,live_candles,HOLDOUT,TREND_UP,TRENDING,LONG,0.9254,2.531,0.6607,0.2232,0.1161,0.874,24217.15,20.1,1.187,16.9286,True,True,True,True,False,False,False,0.0,4A_CONT,True,False,H1_CONT,24237.25,early,18.072,,5.384,0.0,2.997,T3,True,True,True
2026-08-26T10:15:00,NIFTY,2026-08-26,live_candles,HOLDOUT,TREND_DOWN,OPENING_DRIVE,SHORT,0.9167,2.795,1.0,0.0,0.0,1.763,24337.55,20.8,1.264,16.4538,True,True,True,True,False,False,False,0.0,4A_CONT,True,False,H1_CONT,24316.75,early,29.87,0.12,3.649,-0.489,2.998,T3,True,True,False
2026-08-26T11:15:00,NIFTY,2026-08-26,live_candles,HOLDOUT,TREND_DOWN,OPENING_DRIVE,SHORT,0.9167,2.301,0.884,0.0,0.116,1.632,24310.21,-0.19,-0.015,12.8357,True,False,False,False,False,False,False,0.0,4A_CONT,False,False,AMBIG,24310.4,spike,21.661,0.01,4.739,-0.104,2.998,T3,True,True,False
2026-08-27T12:35:00,NIFTY,2026-08-27,live_candles,HOLDOUT,TREND_DOWN,TRENDING,LONG,0.925,1.867,0.8934,0.0,0.1066,1.584,24159.6,13.35,1.293,10.3214,False,True,True,True,False,False,False,0.0,4B_TRAP,False,False,AMBIG,24172.95,early,18.849,2.42,1.199,-1.777,-1.78,STOP,False,False,False
2026-08-27T12:50:00,NIFTY,2026-08-27,live_candles,HOLDOUT,TREND_DOWN,TRENDING,LONG,0.9302,1.873,0.4743,0.2195,0.3062,0.799,24185.92,1.33,0.122,10.9464,False,False,False,False,True,True,True,0.331,4B_TRAP,False,True,H7_TRAP,24187.25,spike,14.954,7.21,0.555,-1.21,-1.214,STOP,False,False,False
2026-08-27T13:45:00,NIFTY,2026-08-27,live_candles,HOLDOUT,TREND_DOWN,TRENDING,SHORT,0.963,2.393,0.7228,0.0,0.2772,1.426,24150.1,4.15,0.349,11.8893,True,True,True,True,False,False,False,0.0,4A_CONT,True,False,H1_CONT,24145.95,early,17.654,0.41,3.121,-0.923,2.997,T3,True,True,False
2026-08-27T14:30:00,NIFTY,2026-08-27,live_candles,HOLDOUT,TREND_DOWN,TRENDING,LONG,0.9524,2.346,0.3549,0.0,0.6451,0.65,24153.85,0.15,0.012,12.2321,True,False,False,False,True,True,True,0.912,4B_TRAP,False,True,H7_TRAP,24154.0,spike,15.122,2.57,0.546,-1.207,-1.21,STOP,False,False,False
2026-08-28T11:10:00,NIFTY,2026-08-28,live_candles,HOLDOUT,CHOP,OPENING_DRIVE,LONG,0.913,1.668,1.0,0.0,0.0,1.662,24161.65,1.5,0.136,11.0429,False,False,False,False,True,True,True,3.944,4B_TRAP,False,True,H7_TRAP,24163.15,spike,18.901,0.22,0.0,-1.262,-1.265,STOP,False,False,False
2026-08-28T11:25:00,NIFTY,2026-08-28,live_candles,HOLDOUT,CHOP,OPENING_DRIVE,SHORT,0.9615,1.717,0.9901,0.0099,0.0,1.762,24139.3,21.2,1.858,11.4107,True,True,True,True,False,False,False,0.0,4B_TRAP,True,False,H1_CONT,24118.1,early,20.909,0.33,1.939,-1.832,-1.834,STOP,False,False,False
2026-08-28T11:55:00,NIFTY,2026-08-28,live_candles,HOLDOUT,CHOP,OPENING_DRIVE,SHORT,0.9375,1.675,0.699,0.0128,0.2883,1.039,24094.85,11.45,0.868,13.1893,True,True,True,True,False,False,False,0.0,4B_TRAP,True,False,H1_CONT,24083.4,early,14.538,,0.402,-1.293,-1.297,STOP,False,False,False
2026-09-02T06:40:00Z,NIFTY,2026-09-02,zerohero,HOLDOUT,CHOP,TRENDING,LONG,0.9143,1.955,0.9143,0.0857,0.0,2.071,23976.0,4.9,0.317,15.45,False,False,False,False,True,True,True,0.492,4A_CONT,False,False,H7_TRAP,23980.9,spike,33.05,0.19,2.061,-0.784,0.421,EOD,True,False,False
2026-09-03T05:45:00Z,NIFTY,2026-09-03,zerohero,HOLDOUT,TREND_DOWN,OPENING_DRIVE,LONG,0.9583,1.747,0.6855,0.1667,0.1478,1.14,24056.0,5.8,0.303,19.1286,False,True,True,True,False,False,False,0.0,4B_TRAP,False,False,AMBIG,24061.8,early,27.454,0.85,1.344,-1.351,-1.353,STOP,False,False,False
2026-09-03T06:30:00Z,NIFTY,2026-09-03,zerohero,HOLDOUT,TREND_DOWN,OPENING_DRIVE,SHORT,0.9394,1.648,0.7,0.1379,0.1621,1.081,24061.1,11.4,0.607,18.7857,True,True,True,True,False,False,False,0.0,4A_CONT,True,False,H1_CONT,24049.7,early,25.17,0.57,3.123,-0.369,2.998,T3,True,True,False
2026-09-03T08:00:00Z,NIFTY,2026-09-03,zerohero,HOLDOUT,TREND_DOWN,FAILED_BREAKOUT,LONG,0.9804,1.835,0.7246,0.2464,0.029,1.191,24050.0,0.0,0.0,20.9929,False,False,False,False,True,True,True,1.262,4B_TRAP,False,True,H7_TRAP,24050.0,spike,27.035,3.47,0.333,-1.036,-1.038,STOP,False,False,False
2026-09-03T08:05:00Z,NIFTY,2026-09-03,zerohero,HOLDOUT,TREND_DOWN,FAILED_BREAKOUT,SHORT,0.9808,1.958,0.6892,0.2568,0.0541,1.158,24024.0,0.0,0.0,22.0214,True,False,False,False,False,True,True,0.454,4X_AMBIG,False,False,H7_TRAP,24024.0,spike,36.11,0.4,1.465,-0.606,1.363,EOD,False,False,False
2026-09-04T06:30:00Z,NIFTY,2026-09-04,zerohero,HOLDOUT,CHOP,TRENDING,SHORT,1.0,2.7,0.9877,0.0,0.0123,2.943,24108.0,32.0,2.943,10.8714,True,True,True,True,False,False,False,0.0,4X_AMBIG,True,False,H1_CONT,24076.0,early,32.972,1.04,1.262,-0.425,0.849,EOD,False,False,False
2026-07-13T11:05:00,NATURALGAS,2026-07-13,cycles_resampled,train,CHOP,OPENING_DRIVE,LONG,0.9091,2.4,0.6667,0.3333,0.0,1.366,279.6,-0.1,-0.341,0.2929,False,False,False,False,True,True,True,0.683,4A_CONT,False,False,H7_TRAP,279.5,spike,0.418,0.24,3.11,-0.478,2.761,T3,True,True,False
2026-07-13T11:30:00,NATURALGAS,2026-07-13,cycles_resampled,train,CHOP,OPENING_DRIVE,LONG,0.9259,3.0,1.0,0.0,0.0,2.0,279.7,0.2,0.667,0.3,True,True,True,True,False,False,False,0.0,4B_TRAP,True,False,H1_CONT,279.9,spike,0.618,,1.456,-1.294,-1.456,STOP,False,False,False
2026-07-13T11:35:00,NATURALGAS,2026-07-13,cycles_resampled,train,CHOP,TRENDING,LONG,1.0,3.2,0.875,0.125,0.0,2.085,279.9,0.5,1.489,0.3357,True,True,True,False,False,False,True,0.298,4B_TRAP,True,True,H1_CONT,280.4,early,0.724,,0.552,-1.796,-1.934,STOP,False,False,False
2026-07-13T11:50:00,NATURALGAS,2026-07-13,cycles_resampled,train,CHOP,TRENDING,SHORT,1.0,2.667,1.0,0.0,0.0,2.036,280.5,0.7,1.782,0.3929,False,True,True,True,False,False,False,0.0,4A_CONT,False,False,AMBIG,279.8,early,0.824,0.61,3.155,-0.485,2.879,T3,True,True,False
2026-07-13T12:00:00,NATURALGAS,2026-07-13,cycles_resampled,train,CHOP,FAILED_BREAKOUT,SHORT,1.0,3.333,0.8,0.1,0.1,1.75,279.8,0.6,1.313,0.4571,False,True,True,True,False,False,False,0.0,4A_CONT,False,False,AMBIG,279.2,early,0.93,0.38,3.011,-0.968,2.892,T3,True,True,False
2026-07-13T13:05:00,NATURALGAS,2026-07-13,cycles_resampled,train,CHOP,FAILED_BREAKOUT,SHORT,0.9783,2.667,1.0,0.0,0.0,2.074,278.6,0.3,0.778,0.3857,False,True,True,True,False,False,False,0.0,4B_TRAP,False,False,AMBIG,278.3,early,0.824,,1.82,-1.699,-1.82,STOP,False,False,False
2026-07-13T13:50:00,NATURALGAS,2026-07-13,cycles_resampled,train,CHOP,FAILED_BREAKOUT,LONG,1.0,3.333,1.0,0.0,0.0,2.295,277.5,0.7,1.607,0.4357,False,True,True,True,False,False,False,0.0,4B_TRAP,False,False,AMBIG,278.2,early,1.03,0.39,1.456,-1.068,-1.165,STOP,False,False,False
2026-07-13T14:00:00,NATURALGAS,2026-07-13,cycles_resampled,train,CHOP,FAILED_BREAKOUT,LONG,0.9649,2.667,0.875,0.125,0.0,1.4,278.2,0.4,0.8,0.5,True,True,True,True,False,False,False,0.0,4B_TRAP,True,False,H1_CONT,278.6,early,0.724,1.37,0.414,-1.105,-1.243,STOP,False,False,False
2026-07-13T15:00:00,NATURALGAS,2026-07-13,cycles_resampled,train,CHOP,FAILED_BREAKOUT,LONG,0.971,2.667,0.875,0.125,0.0,1.441,278.6,0.0,0.0,0.4857,False,False,False,False,True,True,True,0.412,4B_TRAP,False,True,H7_TRAP,278.6,spike,0.724,1.37,0.138,-1.519,-1.657,STOP,False,False,False
2026-07-13T15:40:00,NATURALGAS,2026-07-13,cycles_resampled,train,CHOP,FAILED_BREAKOUT,LONG,0.9091,2.333,0.5714,0.4286,0.0,0.966,278.1,0.0,0.0,0.4143,False,False,False,False,True,True,True,0.483,4B_TRAP,False,True,H7_TRAP,278.1,early,0.421,1.19,0.713,-1.188,-1.425,STOP,False,False,False
2026-07-13T16:05:00,NATURALGAS,2026-07-13,cycles_resampled,train,CHOP,FAILED_BREAKOUT,LONG,0.9146,2.333,0.5714,0.1429,0.2857,0.889,278.5,0.2,0.444,0.45,False,True,True,True,False,False,False,0.0,4B_TRAP,False,False,AMBIG,278.7,spike,0.621,1.43,1.61,-1.932,-2.093,STOP,False,False,False
2026-07-13T16:15:00,NATURALGAS,2026-07-13,cycles_resampled,train,CHOP,FAILED_BREAKOUT,LONG,1.0,3.667,0.7273,0.2727,0.0,1.723,279.59,-0.19,-0.409,0.4643,False,False,False,False,True,True,True,2.563,4B_TRAP,False,True,H7_TRAP,279.4,spike,0.833,0.23,0.24,-1.08,-1.2,STOP,False,False,False
2026-07-13T16:20:00,NATURALGAS,2026-07-13,cycles_resampled,train,CHOP,FAILED_BREAKOUT,SHORT,1.0,3.667,0.7273,0.1818,0.0909,1.514,278.6,0.0,0.0,0.5286,False,False,False,False,True,True,True,0.378,4B_TRAP,False,True,H7_TRAP,278.6,spike,1.033,0.41,1.452,-1.452,-1.549,STOP,False,False,False
2026-07-13T16:45:00,NATURALGAS,2026-07-13,cycles_resampled,train,CHOP,FAILED_BREAKOUT,SHORT,0.9778,3.333,1.0,0.0,0.0,1.609,278.1,0.6,0.966,0.6214,True,True,True,True,False,False,False,0.0,4B_TRAP,True,False,H1_CONT,277.5,early,1.03,0.68,0.388,-1.748,-1.845,STOP,False,False,False
2026-07-13T17:20:00,NATURALGAS,2026-07-13,cycles_resampled,train,CHOP,FAILED_BREAKOUT,SHORT,1.0,4.333,0.6154,0.3846,0.0,1.155,277.3,0.2,0.289,0.6929,False,False,False,False,True,True,True,3.031,4B_TRAP,False,True,H7_TRAP,277.1,spike,1.339,0.22,0.0,-1.643,-1.718,STOP,False,False,False
2026-07-13T17:30:00,NATURALGAS,2026-07-13,cycles_resampled,train,CHOP,FAILED_BREAKOUT,LONG,0.9898,4.0,0.75,0.25,0.0,1.189,278.4,0.6,0.792,0.7571,True,True,False,False,False,True,True,0.528,4B_TRAP,False,True,H7_TRAP,279.0,early,0.936,0.63,1.175,-1.068,-1.175,STOP,False,False,False
2026-07-13T17:40:00,NATURALGAS,2026-07-13,cycles_resampled,train,CHOP,FAILED_BREAKOUT,SHORT,0.92,3.0,1.0,0.0,0.0,1.096,278.09,0.09,0.11,0.8214,False,False,False,False,True,True,True,0.499,4B_TRAP,False,True,H7_TRAP,278.0,spike,0.927,0.97,1.079,-1.51,-1.618,STOP,False,False,False
2026-07-13T17:50:00,NATURALGAS,2026-07-13,cycles_resampled,train,CHOP,FAILED_BREAKOUT,LONG,1.0,4.286,0.4,0.6,0.0,0.646,278.1,0.4,0.431,0.9286,False,False,False,False,False,True,True,0.108,4B_TRAP,False,True,H7_TRAP,278.5,spike,0.645,1.69,0.0,-1.085,-1.24,STOP,False,False,False
2026-07-13T18:15:00,NATURALGAS,2026-07-13,cycles_resampled,train,CHOP,FAILED_BREAKOUT,SHORT,0.972,2.75,1.0,0.0,0.0,1.167,277.8,0.6,0.636,0.9429,False,True,True,False,False,False,True,0.212,4B_TRAP,False,True,AMBIG,277.2,spike,1.133,0.35,0.088,-1.059,-1.147,STOP,False,False,False
2026-07-13T18:30:00,NATURALGAS,2026-07-13,cycles_resampled,train,CHOP,FAILED_BREAKOUT,LONG,0.9364,2.5,0.5,0.4,0.1,0.522,278.1,-0.1,-0.104,0.9571,False,False,False,False,True,True,True,1.881,4B_TRAP,False,True,H7_TRAP,278.0,spike,0.63,1.43,0.0,-2.54,-2.698,STOP,False,False,False
2026-07-13T18:35:00,NATURALGAS,2026-07-13,cycles_resampled,train,CHOP,FAILED_BREAKOUT,SHORT,1.0,3.75,0.8,0.0,0.2,1.167,276.8,0.1,0.097,1.0286,False,True,True,True,False,False,False,0.0,4B_TRAP,False,False,AMBIG,276.7,spike,1.245,,2.651,-1.205,-1.285,STOP,True,False,False
2026-07-13T18:50:00,NATURALGAS,2026-07-13,cycles_resampled,train,CHOP,TRENDING,SHORT,1.0,5.75,0.6957,0.0,0.3043,1.566,276.0,1.4,1.371,1.0214,True,True,True,True,False,False,False,0.0,4B_TRAP,True,False,H1_CONT,274.6,early,1.669,,0.719,-1.138,-1.198,STOP,False,False,False
2026-07-13T19:00:00,NATURALGAS,2026-07-13,cycles_resampled,train,CHOP,TRENDING,SHORT,0.9914,3.75,0.6,0.1333,0.2667,0.9,273.9,0.1,0.1,1.0,False,False,False,False,True,True,True,0.8,4B_TRAP,False,True,H7_TRAP,273.8,spike,1.145,,0.0,-1.485,-1.572,STOP,False,False,False
2026-07-13T19:45:00,NATURALGAS,2026-07-13,cycles_resampled,train,CHOP,TRENDING,LONG,0.992,3.75,0.6,0.2,0.2,0.926,275.5,-0.3,-0.309,0.9714,False,False,False,False,True,True,True,1.441,4B_TRAP,False,True,H7_TRAP,275.2,spike,1.245,0.24,0.0,-1.124,-1.205,STOP,False,False,False
2026-07-13T20:30:00,NATURALGAS,2026-07-13,cycles_resampled,train,CHOP,TRENDING,LONG,0.9478,2.444,0.7273,0.0909,0.1818,1.087,275.4,0.5,0.68,0.7357,True,True,True,True,False,False,False,0.0,4A_CONT,True,False,H1_CONT,275.9,early,1.033,3.62,3.291,-0.097,2.903,T3,True,True,False
2026-07-13T20:50:00,NATURALGAS,2026-07-13,cycles_resampled,train,CHOP,FAILED_BREAKOUT,LONG,0.9638,2.6,0.6923,0.1538,0.1538,1.189,277.1,0.3,0.396,0.7571,False,False,False,False,False,False,False,0.0,4A_CONT,False,False,AMBIG,277.4,spike,1.139,1.97,2.371,-0.351,0.79,EOD,True,False,False
2026-07-13T21:00:00,NATURALGAS,2026-07-13,cycles_resampled,train,CHOP,FAILED_BREAKOUT,LONG,0.95,2.4,0.75,0.0833,0.1667,1.235,277.6,0.5,0.686,0.7286,False,True,True,True,False,False,False,0.0,4X_AMBIG,False,False,AMBIG,278.1,spike,1.136,1.22,1.761,-0.704,0.176,EOD,False,False,False
2026-07-13T21:30:00,NATURALGAS,2026-07-13,cycles_resampled,train,CHOP,FAILED_BREAKOUT,LONG,0.9041,2.0,0.8,0.2,0.0,1.057,278.2,0.3,0.396,0.7571,False,False,False,False,False,False,False,0.0,4X_AMBIG,False,False,AMBIG,278.5,spike,0.83,1.19,1.928,-0.843,-0.241,EOD,False,False,False
2026-07-14T10:00:00,NATURALGAS,2026-07-14,cycles_resampled,train,CHOP,OPENING_DRIVE,SHORT,1.0,2.0,0.6667,0.0,0.3333,1.156,278.4,0.1,0.289,0.3462,True,True,True,True,False,False,False,0.0,4A_CONT,True,False,H1_CONT,278.3,early,0.418,,3.589,-0.957,2.761,T3,True,True,False
2026-07-14T10:10:00,NATURALGAS,2026-07-14,cycles_resampled,train,CHOP,OPENING_DRIVE,SHORT,1.0,2.0,0.6667,0.3333,0.0,1.057,277.9,0.4,1.057,0.3786,False,False,False,False,True,True,True,1.849,4B_TRAP,False,True,H7_TRAP,277.5,spike,0.618,,0.162,-1.78,-1.942,STOP,False,False,False
2026-07-14T10:20:00,NATURALGAS,2026-07-14,cycles_resampled,train,CHOP,FAILED_BREAKOUT,LONG,1.0,2.0,1.0,0.0,0.0,1.474,278.0,0.6,1.474,0.4071,False,True,True,True,False,False,False,0.0,4B_TRAP,False,False,AMBIG,278.6,early,0.618,0.16,0.162,-1.78,-1.942,STOP,False,False,False
2026-07-14T11:30:00,NATURALGAS,2026-07-14,cycles_resampled,train,CHOP,FAILED_BREAKOUT,SHORT,0.9,2.0,0.6667,0.3333,0.0,1.191,277.3,0.0,0.0,0.3357,True,False,False,False,False,True,True,2.085,4B_TRAP,False,True,H7_TRAP,277.3,spike,0.618,,0.324,-1.294,-1.456,STOP,False,False,False
2026-07-14T11:40:00,NATURALGAS,2026-07-14,cycles_resampled,train,CHOP,TRENDING,LONG,0.9062,2.0,0.8333,0.1667,0.0,1.373,277.5,0.1,0.275,0.3643,True,True,True,True,False,False,False,0.0,4B_TRAP,True,False,H1_CONT,277.6,early,0.518,0.58,1.351,-1.544,-1.737,STOP,False,False,False
2026-07-14T12:30:00,NATURALGAS,2026-07-14,cycles_resampled,train,CHOP,TRENDING,SHORT,0.9286,2.0,0.6667,0.3333,0.0,1.037,277.1,0.3,0.778,0.3857,False,False,False,False,False,True,True,1.556,4B_TRAP,False,True,H7_TRAP,276.8,spike,0.618,,0.0,-1.456,-1.618,STOP,False,False,False
2026-07-14T13:00:00,NATURALGAS,2026-07-14,cycles_resampled,train,CHOP,FAILED_BREAKOUT,LONG,1.0,2.0,0.8333,0.1667,0.0,1.373,277.7,0.5,1.373,0.3643,True,True,True,True,False,False,False,0.0,4A_CONT,True,False,H1_CONT,278.2,early,0.518,0.71,3.282,0.0,2.807,T3,True,True,False
2026-07-14T13:05:00,NATURALGAS,2026-07-14,cycles_resampled,train,CHOP,FAILED_BREAKOUT,LONG,1.0,4.0,0.5833,0.4167,0.0,1.633,278.57,0.33,0.77,0.4286,True,True,True,False,False,False,True,0.397,4B_TRAP,True,True,H1_CONT,278.9,early,0.736,0.82,1.359,-1.495,-1.63,STOP,False,False,False
2026-07-14T13:20:00,NATURALGAS,2026-07-14,cycles_resampled,train,CHOP,FAILED_BREAKDOWN,SHORT,0.9808,3.0,1.0,0.0,0.0,1.726,279.2,0.8,1.534,0.5214,False,True,True,True,False,False,False,0.0,4B_TRAP,False,False,AMBIG,278.4,early,0.927,0.97,0.971,-1.079,-1.187,STOP,False,False,False
2026-07-14T13:30:00,NATURALGAS,2026-07-14,cycles_resampled,train,CHOP,FAILED_BREAKDOWN,LONG,0.9444,2.0,0.3333,0.0,0.6667,0.364,278.77,-0.17,-0.309,0.55,True,False,False,False,True,True,True,0.855,4B_TRAP,False,True,H7_TRAP,278.6,spike,0.418,0.41,0.718,-1.914,-2.153,STOP,False,False,False
2026-07-14T14:35:00,NATURALGAS,2026-07-14,cycles_resampled,train,CHOP,FAILED_BREAKOUT,LONG,0.9552,2.0,1.0,0.0,0.0,1.615,278.3,0.3,0.808,0.3714,False,True,True,True,False,False,False,0.0,4B_TRAP,False,False,AMBIG,278.6,spike,0.618,0.18,2.913,-2.589,-2.751,STOP,True,False,False
2026-07-14T15:45:00,NATURALGAS,2026-07-14,cycles_resampled,train,CHOP,FAILED_BREAKDOWN,SHORT,0.963,2.0,1.0,0.0,0.0,1.556,280.0,0.5,1.296,0.3857,False,True,True,True,False,False,False,0.0,4A_CONT,False,False,AMBIG,279.5,early,0.618,0.65,4.045,-0.809,2.838,T3,True,True,False
2026-07-14T16:10:00,NATURALGAS,2026-07-14,cycles_resampled,train,CHOP,FAILED_BREAKDOWN,SHORT,0.9884,3.333,0.4,0.5,0.1,0.848,279.0,-0.1,-0.212,0.4714,False,False,False,False,True,True,True,0.848,4A_CONT,False,False,H7_TRAP,279.1,spike,0.93,0.22,4.086,-0.538,2.892,T3,True,True,False
2026-07-14T16:15:00,NATURALGAS,2026-07-14,cycles_resampled,train,CHOP,FAILED_BREAKOUT,LONG,0.954,2.0,0.5,0.0,0.5,0.627,279.01,0.29,0.606,0.4786,True,True,True,True,False,False,False,0.0,4B_TRAP,False,False,H1_WEAK,279.3,spike,0.618,0.32,0.485,-1.942,-2.104,STOP,False,False,False
2026-07-14T16:45:00,NATURALGAS,2026-07-14,cycles_resampled,train,CHOP,FAILED_BREAKOUT,SHORT,0.9892,3.333,0.5,0.0,0.5,0.959,279.0,0.4,0.767,0.5214,False,True,True,True,False,False,False,0.0,4A_CONT,False,False,AMBIG,278.6,spike,0.53,2.06,3.019,-0.755,2.811,T3,True,True,False
2026-07-14T17:10:00,NATURALGAS,2026-07-14,cycles_resampled,train,CHOP,FAILED_BREAKOUT,SHORT,1.0,3.5,0.9286,0.0714,0.0,2.116,277.51,0.51,0.83,0.6143,False,False,False,False,True,True,True,0.635,4B_TRAP,False,True,H7_TRAP,277.0,spike,1.442,0.14,1.179,-1.04,-1.11,STOP,False,False,False
2026-07-14T17:25:00,NATURALGAS,2026-07-14,cycles_resampled,train,CHOP,FAILED_BREAKOUT,SHORT,0.9901,3.25,0.5385,0.0,0.4615,1.043,276.8,-0.3,-0.447,0.6714,False,False,False,False,False,True,True,2.234,4B_TRAP,False,True,H7_TRAP,277.1,early,0.739,0.14,2.436,-1.894,-2.03,STOP,True,False,False
2026-07-14T18:40:00,NATURALGAS,2026-07-14,cycles_resampled,train,CHOP,FAILED_BREAKOUT,LONG,1.0,5.5,0.9091,0.0909,0.0,2.205,276.4,1.9,2.094,0.9071,False,True,True,True,False,False,False,0.0,4X_AMBIG,False,False,AMBIG,278.3,early,2.066,0.29,1.21,-0.871,0.774,EOD,False,False,False
2026-07-14T18:45:00,NATURALGAS,2026-07-14,cycles_resampled,train,CHOP,FAILED_BREAKOUT,SHORT,0.9135,2.25,1.0,0.0,0.0,0.955,277.52,0.02,0.021,0.9429,False,False,False,False,True,True,True,1.145,4B_TRAP,False,True,H7_TRAP,277.5,spike,0.927,2.37,0.0,-1.402,-1.51,STOP,False,False,False
2026-07-14T18:50:00,NATURALGAS,2026-07-14,cycles_resampled,train,CHOP,FAILED_BREAKOUT,LONG,0.981,3.25,0.5385,0.4615,0.0,0.685,278.5,-0.3,-0.294,1.0214,True,False,False,False,False,True,True,1.762,4B_TRAP,False,True,H7_TRAP,278.2,spike,0.739,0.41,1.353,-2.165,-2.3,STOP,False,False,False
2026-07-14T18:55:00,NATURALGAS,2026-07-14,cycles_resampled,train,CHOP,FAILED_BREAKOUT,LONG,0.9434,2.75,0.3636,0.5455,0.0909,0.376,278.8,-0.2,-0.188,1.0643,False,False,False,False,True,True,True,1.973,4B_TRAP,False,True,H7_TRAP,278.6,spike,0.533,1.28,0.188,-1.313,-1.501,STOP,False,False,False
2026-07-14T19:05:00,NATURALGAS,2026-07-14,cycles_resampled,train,CHOP,FAILED_BREAKOUT,SHORT,0.9907,3.5,0.9286,0.0,0.0714,1.159,277.5,0.8,0.713,1.1214,False,True,False,False,False,True,True,0.446,4B_TRAP,False,True,H7_TRAP,276.7,early,1.342,1.04,0.075,-1.118,-1.192,STOP,False,False,False
2026-07-14T19:15:00,NATURALGAS,2026-07-14,cycles_resampled,train,CHOP,FAILED_BREAKOUT,LONG,0.9909,3.5,0.7857,0.0,0.2143,0.939,277.0,1.0,0.854,1.1714,False,True,True,True,False,False,False,0.0,4B_TRAP,False,False,AMBIG,278.0,early,1.442,0.83,0.139,-1.04,-1.11,STOP,False,False,False
2026-07-14T20:00:00,NATURALGAS,2026-07-14,cycles_resampled,train,CHOP,FAILED_BREAKOUT,SHORT,0.916,2.5,0.3,0.6,0.1,0.368,277.69,0.29,0.356,0.8143,False,True,False,False,False,True,True,0.258,4B_TRAP,False,True,H7_TRAP,277.4,spike,0.63,1.43,0.0,-1.111,-1.27,STOP,False,False,False
2026-07-14T20:20:00,NATURALGAS,2026-07-14,cycles_resampled,train,CHOP,FAILED_BREAKOUT,LONG,0.935,2.75,0.6364,0.1818,0.1818,0.97,278.1,0.4,0.554,0.7214,True,True,False,False,False,False,True,1.248,4B_TRAP,True,True,H1_WEAK,278.5,spike,0.933,0.61,0.429,-1.501,-1.608,STOP,False,False,False
2026-07-14T20:35:00,NATURALGAS,2026-07-14,cycles_resampled,train,CHOP,FAILED_BREAKOUT,SHORT,0.9365,2.75,0.8182,0.0909,0.0909,1.235,277.48,0.28,0.384,0.7286,False,False,False,False,True,True,True,1.812,4B_TRAP,False,True,H7_TRAP,277.2,spike,1.033,1.84,0.0,-1.646,-1.742,STOP,False,False,False
2026-07-14T21:00:00,NATURALGAS,2026-07-14,cycles_resampled,train,CHOP,FAILED_BREAKOUT,LONG,0.9695,3.25,0.9231,0.0769,0.0,1.461,279.4,0.0,0.0,0.8214,True,False,False,False,False,False,False,0.0,4X_AMBIG,False,False,AMBIG,279.4,spike,1.239,0.81,1.13,-0.565,0.404,EOD,False,False,False
2026-07-14T21:05:00,NATURALGAS,2026-07-14,cycles_resampled,train,CHOP,FAILED_BREAKDOWN,LONG,0.9015,2.5,1.0,0.0,0.0,1.197,279.5,0.8,0.957,0.8357,True,True,True,True,False,False,False,0.0,4B_TRAP,True,False,H1_CONT,280.3,early,1.03,0.1,0.485,-1.165,-1.262,STOP,False,False,False
2026-07-14T21:15:00,NATURALGAS,2026-07-14,cycles_resampled,train,CHOP,FAILED_BREAKDOWN,SHORT,0.9403,2.75,0.8182,0.0909,0.0909,1.033,279.9,0.1,0.115,0.8714,False,False,False,False,False,True,True,0.344,4X_AMBIG,False,False,H7_TRAP,279.8,spike,1.033,1.55,1.065,-0.871,-0.097,EOD,False,False,False
2026-07-15T14:20:00,NATURALGAS,2026-07-15,cycles_resampled,train,CHOP,OPENING_DRIVE,LONG,0.9167,2.5,0.8,0.2,0.0,1.273,281.2,-0.1,-0.318,0.3143,False,False,False,False,True,True,True,0.636,4A_CONT,False,False,H7_TRAP,281.1,spike,0.415,0.24,3.614,-0.482,2.759,T3,True,True,False
2026-07-15T14:30:00,NATURALGAS,2026-07-15,cycles_resampled,train,CHOP,OPENING_DRIVE,LONG,0.9286,2.0,0.6,0.4,0.0,0.857,281.2,0.1,0.286,0.35,True,True,True,True,False,False,False,0.0,4A_CONT,True,False,H1_CONT,281.3,early,0.315,,4.127,0.0,2.683,T3,True,True,False
2026-07-15T14:40:00,NATURALGAS,2026-07-15,cycles_resampled,train,CHOP,OPENING_DRIVE,LONG,0.9375,2.0,1.0,0.0,0.0,1.474,281.8,0.8,1.965,0.4071,False,True,True,True,False,False,False,0.0,4B_TRAP,False,False,AMBIG,282.6,early,0.618,,1.78,-1.456,-1.618,STOP,False,False,False
2026-07-15T14:50:00,NATURALGAS,2026-07-15,cycles_resampled,train,CHOP,TRENDING,LONG,0.9444,2.333,0.7143,0.2857,0.0,1.111,282.9,0.4,0.889,0.45,True,True,True,False,False,False,True,0.222,4B_TRAP,True,True,H1_CONT,283.3,early,0.521,,0.768,-1.152,-1.344,STOP,False,False,False
2026-07-15T15:20:00,NATURALGAS,2026-07-15,cycles_resampled,train,CHOP,FAILED_BREAKOUT,LONG,0.9583,2.667,1.0,0.0,0.0,1.534,282.7,0.2,0.384,0.5214,True,True,False,False,False,True,True,0.767,4B_TRAP,False,True,H7_TRAP,282.9,spike,0.824,0.97,0.121,-1.456,-1.578,STOP,False,False,False
2026-07-15T15:45:00,NATURALGAS,2026-07-15,cycles_resampled,train,CHOP,FAILED_BREAKOUT,LONG,1.0,2.667,0.75,0.0,0.25,1.135,282.8,0.2,0.378,0.5286,False,False,False,False,True,True,True,0.568,4B_TRAP,False,True,H7_TRAP,283.0,spike,0.824,0.85,0.0,-1.578,-1.699,STOP,False,False,False
2026-07-15T16:05:00,NATURALGAS,2026-07-15,cycles_resampled,train,CHOP,FAILED_BREAKDOWN,SHORT,1.0,3.333,1.0,0.0,0.0,2.059,282.2,0.5,1.029,0.4857,False,True,True,True,False,False,False,0.0,4B_TRAP,False,False,AMBIG,281.7,early,1.03,1.42,1.942,-1.068,-1.165,STOP,False,False,False
2026-07-15T16:45:00,NATURALGAS,2026-07-15,cycles_resampled,train,CHOP,FAILED_BREAKOUT,LONG,1.0,3.667,0.8182,0.0,0.1818,1.775,280.4,0.4,0.789,0.5071,False,True,True,True,False,False,False,0.0,4B_TRAP,False,False,AMBIG,280.8,spike,1.133,1.15,1.765,-1.765,-1.853,STOP,False,False,False
2026-07-15T17:20:00,NATURALGAS,2026-07-15,cycles_resampled,train,CHOP,FAILED_BREAKOUT,SHORT,0.9583,2.0,0.5,0.5,0.0,0.727,280.9,0.0,0.0,0.55,False,False,False,False,True,True,True,1.273,4B_TRAP,False,True,H7_TRAP,280.9,spike,0.824,0.8,0.0,-2.306,-2.427,STOP,False,False,False
2026-07-15T17:35:00,NATURALGAS,2026-07-15,cycles_resampled,train,CHOP,FAILED_BREAKOUT,SHORT,1.0,3.5,0.6429,0.2143,0.1429,1.189,280.9,0.2,0.264,0.7571,True,True,True,True,False,False,False,0.0,4B_TRAP,True,False,H1_CONT,280.7,early,1.242,0.37,2.738,-1.53,-1.61,STOP,True,False,False
2026-07-15T17:55:00,NATURALGAS,2026-07-15,cycles_resampled,train,CHOP,FAILED_BREAKOUT,LONG,0.9818,3.0,0.3333,0.1667,0.5,0.487,279.9,0.2,0.243,0.8214,True,False,False,False,True,True,True,0.122,4B_TRAP,False,True,H7_TRAP,280.1,spike,1.036,2.14,0.386,-1.544,-1.641,STOP,False,False,False
2026-07-15T18:25:00,NATURALGAS,2026-07-15,cycles_resampled,train,CHOP,FAILED_BREAKOUT,SHORT,1.0,3.4,0.9412,0.0,0.0588,1.736,278.8,0.2,0.217,0.9214,True,True,True,True,False,False,False,0.0,4B_TRAP,True,False,H1_CONT,278.6,early,1.651,,0.787,-1.575,-1.635,STOP,False,False,False
2026-07-15T18:45:00,NATURALGAS,2026-07-15,cycles_resampled,train,CHOP,FAILED_BREAKOUT,SHORT,0.9231,2.0,1.0,0.0,0.0,1.157,277.9,0.5,0.579,0.8643,False,False,False,False,True,True,True,1.388,4B_TRAP,False,True,H7_TRAP,277.4,spike,1.03,0.1,0.0,-1.553,-1.65,STOP,False,False,False
2026-07-15T18:50:00,NATURALGAS,2026-07-15,cycles_resampled,train,CHOP,TRENDING,LONG,0.9848,3.0,1.0,0.0,0.0,1.628,278.4,0.6,0.651,0.9214,True,True,False,False,False,True,True,0.326,4A_CONT,False,False,H7_TRAP,279.0,spike,1.545,2.22,2.848,-0.777,2.654,EOD,True,False,False
2026-07-15T19:30:00,NATURALGAS,2026-07-15,cycles_resampled,train,CHOP,FAILED_BREAKOUT,SHORT,0.9595,2.6,0.6154,0.0,0.3846,0.862,278.4,-0.1,-0.108,0.9286,False,False,False,False,False,True,True,1.292,4B_TRAP,False,True,H7_TRAP,278.5,spike,0.839,0.83,0.238,-1.549,-1.669,STOP,False,False,False
2026-07-15T19:40:00,NATURALGAS,2026-07-15,cycles_resampled,train,CHOP,FAILED_BREAKOUT,LONG,0.9079,2.0,0.9,0.1,0.0,1.096,279.3,-0.1,-0.122,0.8214,True,False,False,False,False,False,False,0.0,4A_CONT,False,False,AMBIG,279.2,spike,0.93,0.11,3.656,0.0,2.892,T3,True,True,False
2026-07-15T19:50:00,NATURALGAS,2026-07-15,cycles_resampled,train,CHOP,FAILED_BREAKOUT,LONG,0.9872,3.2,0.8125,0.125,0.0625,1.504,279.8,1.2,1.388,0.8643,True,True,True,True,False,False,False,0.0,4X_AMBIG,True,False,H1_CONT,281.0,early,1.448,1.26,1.657,-0.967,1.45,EOD,False,False,False
2026-07-15T20:00:00,NATURALGAS,2026-07-15,cycles_resampled,train,CHOP,FAILED_BREAKOUT,LONG,0.9625,2.8,0.7857,0.0,0.2143,1.351,281.4,1.2,1.474,0.8143,False,True,True,True,False,False,False,0.0,4B_TRAP,False,False,AMBIG,282.6,early,1.442,0.07,0.277,-1.11,-1.179,STOP,False,False,False
2026-07-15T20:35:00,NATURALGAS,2026-07-15,cycles_resampled,train,CHOP,FAILED_BREAKDOWN,SHORT,0.9425,2.6,0.5385,0.0,0.4615,0.803,281.4,-0.2,-0.23,0.8714,True,False,False,False,False,False,False,0.0,4B_TRAP,False,False,AMBIG,281.6,spike,0.739,0.27,2.706,-1.894,-2.03,STOP,True,False,False
2026-07-15T20:50:00,NATURALGAS,2026-07-15,cycles_resampled,train,CHOP,FAILED_BREAKOUT,SHORT,0.9222,2.4,0.5,0.5,0.0,0.694,280.6,0.4,0.463,0.8643,True,True,True,False,False,False,True,0.347,4B_TRAP,False,True,H1_WEAK,280.2,early,1.236,0.24,0.485,-1.052,-1.133,STOP,False,False,False
2026-07-15T21:05:00,NATURALGAS,2026-07-15,cycles_resampled,train,CHOP,FAILED_BREAKOUT,LONG,0.9462,2.6,0.6923,0.0769,0.2308,1.077,280.2,0.7,0.838,0.8357,True,True,True,True,False,False,False,0.0,4A_CONT,True,False,H1_CONT,280.9,early,1.239,1.37,2.018,-0.807,1.776,EOD,True,False,False
2026-07-15T21:45:00,NATURALGAS,2026-07-15,cycles_resampled,train,CHOP,FAILED_BREAKOUT,SHORT,0.9208,2.4,0.4167,0.0833,0.5,0.745,279.9,-0.6,-0.894,0.6714,False,False,False,False,True,True,True,1.489,4B_TRAP,False,True,H7_TRAP,280.5,spike,0.636,0.94,0.314,-2.358,-2.516,STOP,False,False,False
2026-07-15T22:05:00,NATURALGAS,2026-07-15,cycles_resampled,train,CHOP,FAILED_BREAKOUT,LONG,0.9143,2.4,0.9167,0.0833,0.0,1.77,281.2,0.7,1.126,0.6214,True,True,True,True,False,False,False,0.0,4X_AMBIG,True,False,H1_CONT,281.9,early,1.136,0.7,1.32,-0.44,1.056,EOD,False,False,False
2026-07-16T11:05:00,NATURALGAS,2026-07-16,cycles_resampled,train,CHOP,OPENING_DRIVE,LONG,1.0,3.0,1.0,0.0,0.0,2.211,280.8,0.2,0.737,0.2714,False,False,False,False,True,True,True,1.474,4B_TRAP,False,True,H7_TRAP,281.0,spike,0.618,0.32,0.0,-1.294,-1.456,STOP,False,False,False
2026-07-16T11:35:00,NATURALGAS,2026-07-16,cycles_resampled,train,CHOP,OPENING_DRIVE,LONG,0.9333,2.5,0.8,0.2,0.0,1.302,280.4,0.1,0.326,0.3071,False,False,False,False,False,True,True,1.628,4B_TRAP,False,True,H7_TRAP,280.5,spike,0.415,1.2,0.0,-1.687,-1.928,STOP,False,False,False
2026-07-16T12:00:00,NATURALGAS,2026-07-16,cycles_resampled,train,CHOP,OPENING_DRIVE,SHORT,0.9429,3.0,0.3333,0.5,0.1667,0.538,279.4,0.2,0.538,0.3714,False,False,False,False,False,True,True,0.808,4B_TRAP,False,True,H7_TRAP,279.2,spike,0.518,,0.386,-1.158,-1.351,STOP,False,False,False
2026-07-16T12:25:00,NATURALGAS,2026-07-16,cycles_resampled,train,CHOP,FAILED_BREAKOUT,SHORT,0.925,1.667,0.8,0.2,0.0,1.057,279.0,0.2,0.528,0.3786,False,True,True,True,False,False,False,0.0,4B_TRAP,False,False,AMBIG,278.8,early,0.515,,1.942,-1.359,-1.553,STOP,False,False,False
2026-07-16T12:35:00,NATURALGAS,2026-07-16,cycles_resampled,train,CHOP,FAILED_BREAKOUT,LONG,1.0,2.0,0.6667,0.0,0.3333,1.0,278.8,0.0,0.0,0.4,True,False,False,False,False,True,True,2.0,4B_TRAP,False,True,H7_TRAP,278.8,spike,0.618,1.62,0.162,-1.456,-1.618,STOP,False,False,False
2026-07-16T12:50:00,NATURALGAS,2026-07-16,cycles_resampled,train,CHOP,FAILED_BREAKOUT,SHORT,0.9111,1.667,0.8,0.0,0.2,0.918,278.2,0.2,0.459,0.4357,False,False,False,False,False,False,True,0.23,4B_TRAP,False,True,AMBIG,278.0,spike,0.415,,0.482,-1.687,-1.928,STOP,False,False,False
2026-07-16T13:05:00,NATURALGAS,2026-07-16,cycles_resampled,train,CHOP,TRENDING,LONG,0.9167,1.667,1.0,0.0,0.0,1.129,278.3,0.0,0.0,0.4429,True,False,False,False,False,False,False,0.0,4A_CONT,False,False,AMBIG,278.3,spike,0.515,0.19,4.272,0.0,2.806,T3,True,True,False
2026-07-16T13:20:00,NATURALGAS,2026-07-16,cycles_resampled,train,CHOP,FAILED_BREAKOUT,LONG,1.0,2.0,1.0,0.0,0.0,1.355,278.9,0.6,1.355,0.4429,True,True,True,True,False,False,False,0.0,4A_CONT,True,False,H1_CONT,279.5,early,0.618,3.33,3.236,-0.324,2.838,T3,True,True,False
2026-07-16T13:30:00,NATURALGAS,2026-07-16,cycles_resampled,train,CHOP,FAILED_BREAKOUT,LONG,1.0,3.333,1.0,0.0,0.0,2.029,279.7,0.8,1.623,0.4929,True,True,True,True,False,False,False,0.0,4A_CONT,True,False,H1_CONT,280.5,early,1.03,1.03,3.107,-0.68,2.903,T3,True,True,False
2026-07-16T14:05:00,NATURALGAS,2026-07-16,cycles_resampled,train,CHOP,FAILED_BREAKDOWN,SHORT,0.9167,2.0,0.8333,0.0,0.1667,1.0,280.3,0.1,0.2,0.5,False,True,False,False,False,False,True,0.2,4B_TRAP,False,True,AMBIG,280.2,early,0.518,1.04,0.772,-1.158,-1.351,STOP,False,False,False
2026-07-16T14:35:00,NATURALGAS,2026-07-16,cycles_resampled,train,CHOP,FAILED_BREAKOUT,SHORT,0.9242,2.0,0.8333,0.0,0.1667,1.129,279.98,0.08,0.181,0.4429,False,True,True,False,False,False,True,1.174,4B_TRAP,False,True,AMBIG,279.9,spike,0.518,4.05,0.0,-1.544,-1.737,STOP,False,False,False
2026-07-16T14:50:00,NATURALGAS,2026-07-16,cycles_resampled,train,CHOP,FAILED_BREAKOUT,LONG,0.9855,2.667,0.75,0.25,0.0,1.615,280.5,0.0,0.0,0.3714,False,False,False,False,True,True,True,0.538,4A_CONT,False,False,H7_TRAP,280.5,spike,0.624,1.7,3.365,-0.321,2.84,T3,True,True,False
2026-07-16T15:30:00,NATURALGAS,2026-07-16,cycles_resampled,train,CHOP,FAILED_BREAKDOWN,LONG,0.974,2.333,0.4286,0.5714,0.0,0.84,281.6,-0.3,-0.84,0.3571,False,False,False,False,True,True,True,0.56,4A_CONT,False,False,H7_TRAP,281.3,spike,0.321,0.56,4.05,0.0,2.688,T3,True,True,False
2026-07-16T16:30:00,NATURALGAS,2026-07-16,cycles_resampled,train,CHOP,FAILED_BREAKDOWN,SHORT,1.0,4.333,0.4615,0.0769,0.4615,1.167,281.3,0.0,0.0,0.5143,False,False,False,False,False,True,True,0.583,4B_TRAP,False,True,H7_TRAP,281.3,spike,0.739,1.83,0.812,-1.083,-1.218,STOP,False,False,False
2026-07-16T16:45:00,NATURALGAS,2026-07-16,cycles_resampled,train,CHOP,FAILED_BREAKDOWN,SHORT,0.9783,2.667,0.875,0.0,0.125,1.342,281.2,0.3,0.575,0.5214,False,True,False,False,False,True,True,0.959,4B_TRAP,False,True,H7_TRAP,280.9,early,0.724,0.28,0.276,-1.381,-1.519,STOP,False,False,False
2026-07-16T16:55:00,NATURALGAS,2026-07-16,cycles_resampled,train,CHOP,FAILED_BREAKOUT,LONG,0.9787,3.0,0.7778,0.2222,0.0,1.256,281.75,-0.05,-0.09,0.5571,False,False,False,False,True,True,True,1.346,4B_TRAP,False,True,H7_TRAP,281.7,spike,0.727,0.07,0.55,-1.788,-1.926,STOP,False,False,False
2026-07-16T17:15:00,NATURALGAS,2026-07-16,cycles_resampled,train,CHOP,FAILED_BREAKOUT,LONG,0.949,2.0,0.375,0.25,0.375,0.452,281.5,-0.1,-0.151,0.6643,False,False,False,False,False,False,False,0.0,4A_CONT,False,False,AMBIG,281.4,spike,0.624,0.56,3.686,0.0,2.84,T3,True,True,False
2026-07-16T17:25:00,NATURALGAS,2026-07-16,cycles_resampled,train,CHOP,FAILED_BREAKDOWN,LONG,0.9,1.5,0.6667,0.1667,0.1667,0.577,282.1,-0.1,-0.144,0.6929,True,False,False,False,False,False,False,0.0,4A_CONT,False,False,AMBIG,282.0,spike,0.518,0.19,3.282,-0.772,2.807,T3,True,True,False
2026-07-16T17:30:00,NATURALGAS,2026-07-16,cycles_resampled,train,CHOP,FAILED_BREAKDOWN,LONG,0.9109,2.0,0.125,0.25,0.625,0.137,282.3,-0.1,-0.137,0.7286,True,False,False,False,False,False,False,0.0,4A_CONT,False,False,AMBIG,282.2,spike,0.624,0.16,3.846,0.0,2.84,T3,True,True,False
2026-07-16T17:35:00,NATURALGAS,2026-07-16,cycles_resampled,train,CHOP,FAILED_BREAKDOWN,LONG,1.0,3.5,0.6429,0.3571,0.0,1.115,282.6,0.6,0.743,0.8071,True,True,True,True,False,False,False,0.0,4A_CONT,True,False,H1_CONT,283.2,early,0.942,,3.397,-0.318,2.894,T3,True,True,False
2026-07-16T17:40:00,NATURALGAS,2026-07-16,cycles_resampled,train,CHOP,TRENDING,LONG,0.9903,3.25,0.9231,0.0769,0.0,1.474,283.7,0.8,0.982,0.8143,True,True,True,True,False,False,False,0.0,4B_TRAP,True,False,H1_CONT,284.5,early,1.239,,1.049,-1.291,-1.372,STOP,False,False,False
2026-07-16T17:50:00,NATURALGAS,2026-07-16,cycles_resampled,train,CHOP,TRENDING,SHORT,0.9429,2.25,0.2222,0.7778,0.0,0.219,284.4,-0.2,-0.219,0.9143,True,False,False,False,True,True,True,0.984,4B_TRAP,False,True,H7_TRAP,284.6,spike,0.727,4.26,0.275,-1.1,-1.238,STOP,False,False,False
2026-07-16T18:00:00,NATURALGAS,2026-07-16,cycles_resampled,train,CHOP,TRENDING,LONG,0.9626,2.5,0.4,0.4,0.2,0.424,285.1,-0.1,-0.106,0.9429,True,False,False,False,False,False,False,0.0,4B_TRAP,False,False,AMBIG,285.0,spike,0.63,1.27,1.27,-1.111,-1.27,STOP,False,False,False
2026-07-16T18:05:00,NATURALGAS,2026-07-16,cycles_resampled,train,CHOP,TRENDING,LONG,0.9074,2.0,0.5,0.25,0.25,0.427,285.4,-0.1,-0.107,0.9357,True,False,False,False,False,False,True,0.855,4B_TRAP,False,True,AMBIG,285.3,spike,0.624,0.8,0.801,-1.603,-1.763,STOP,False,False,False
2026-07-16T18:10:00,NATURALGAS,2026-07-16,cycles_resampled,train,CHOP,TRENDING,LONG,0.9083,2.0,0.375,0.125,0.5,0.326,285.8,-0.1,-0.109,0.9214,False,False,False,False,True,True,True,1.302,4B_TRAP,False,True,H7_TRAP,285.7,spike,0.724,0.14,0.138,-1.934,-2.072,STOP,False,False,False
2026-07-16T18:20:00,NATURALGAS,2026-07-16,cycles_resampled,train,CHOP,TRENDING,SHORT,0.964,3.0,0.6667,0.0833,0.25,0.848,284.4,-0.2,-0.212,0.9429,False,False,False,False,True,True,True,0.212,4B_TRAP,False,True,H7_TRAP,284.6,spike,0.936,0.21,1.816,-1.923,-2.03,STOP,False,False,False
2026-07-16T18:25:00,NATURALGAS,2026-07-16,cycles_resampled,train,CHOP,TRENDING,SHORT,0.9018,2.0,0.0,0.625,0.375,0.0,284.3,-0.3,-0.318,0.9429,True,False,False,False,False,False,False,0.0,4A_CONT,False,False,AMBIG,284.6,spike,0.524,0.38,3.244,0.0,2.809,T3,True,True,False
2026-07-16T18:30:00,NATURALGAS,2026-07-16,cycles_resampled,train,CHOP,TRENDING,SHORT,0.9558,2.75,0.7273,0.0,0.2727,0.824,284.3,0.7,0.721,0.9714,True,True,True,True,False,False,False,0.0,4B_TRAP,True,False,H1_CONT,283.6,early,0.833,4.26,0.84,-1.441,-1.561,STOP,False,False,False
2026-07-16T18:50:00,NATURALGAS,2026-07-16,cycles_resampled,train,CHOP,FAILED_BREAKDOWN,LONG,1.0,3.75,0.8667,0.0667,0.0667,1.444,283.8,0.9,1.0,0.9,False,True,True,True,False,False,False,0.0,4B_TRAP,False,False,AMBIG,284.7,early,1.445,0.76,0.138,-1.038,-1.107,STOP,False,False,False
2026-07-16T19:45:00,NATURALGAS,2026-07-16,cycles_resampled,train,CHOP,FAILED_BREAKDOWN,LONG,0.9062,2.25,0.5556,0.2222,0.2222,0.737,284.3,0.2,0.295,0.6786,True,True,True,False,False,False,True,7.516,4B_TRAP,True,True,H1_CONT,284.5,spike,0.727,0.55,2.613,-8.116,-8.253,STOP,True,False,False
2026-07-16T19:50:00,NATURALGAS,2026-07-16,cycles_resampled,train,CHOP,TRENDING,LONG,0.9535,2.75,0.6364,0.2727,0.0909,0.99,284.9,0.2,0.283,0.7071,True,True,False,False,False,True,True,8.061,4B_TRAP,False,True,H7_TRAP,285.1,early,0.833,0.84,1.561,-7.803,-7.923,STOP,False,False,False
2026-07-16T19:55:00,NATURALGAS,2026-07-16,cycles_resampled,train,CHOP,TRENDING,LONG,0.9846,3.5,0.3571,0.5,0.1429,0.642,285.8,-0.1,-0.128,0.7786,False,False,False,False,True,True,True,10.147,4B_TRAP,False,True,H7_TRAP,285.7,spike,0.742,0.13,0.0,-9.569,-9.704,STOP,False,False,False
2026-07-16T20:00:00,NATURALGAS,2026-07-16,cycles_resampled,train,CHOP,TRENDING,SHORT,1.0,17.25,0.913,0.0,0.087,5.345,278.79,-0.41,-0.348,1.1786,False,False,False,False,True,True,True,0.518,4X_AMBIG,False,False,H7_TRAP,279.2,spike,6.507,0.06,0.922,-0.077,0.676,EOD,False,False,False
2026-07-16T20:10:00,NATURALGAS,2026-07-16,cycles_resampled,train,CHOP,CHOP,SHORT,0.9925,4.25,0.9412,0.0588,0.0,1.266,278.6,0.7,0.554,1.2643,True,True,True,True,False,False,False,0.0,4A_CONT,True,False,H1_CONT,277.9,early,1.751,0.06,2.684,-0.171,1.77,EOD,True,False,False
2026-07-16T20:15:00,NATURALGAS,2026-07-16,cycles_resampled,train,CHOP,FAILED_BREAKOUT,SHORT,0.9925,4.5,0.5556,0.3333,0.1111,0.729,277.8,1.2,0.875,1.3714,True,True,True,True,False,False,False,0.0,4A_CONT,True,False,H1_CONT,276.6,early,1.654,,2.056,0.0,1.088,EOD,True,False,False
2026-07-16T20:20:00,NATURALGAS,2026-07-16,cycles_resampled,train,CHOP,FAILED_BREAKOUT,SHORT,0.9481,3.25,1.0,0.0,0.0,0.919,276.4,1.1,0.778,1.4143,True,True,True,True,False,False,False,0.0,4X_AMBIG,True,False,H1_CONT,275.3,early,1.339,,1.568,-0.822,0.373,EOD,False,False,False
2026-07-16T20:25:00,NATURALGAS,2026-07-16,cycles_resampled,train,CHOP,FAILED_BREAKOUT,SHORT,0.9632,3.5,0.6429,0.0,0.3571,0.612,275.3,0.7,0.476,1.4714,True,True,True,True,False,False,False,0.0,4B_TRAP,True,False,H1_CONT,274.6,early,0.942,,1.486,-1.911,-2.017,STOP,False,False,False
2026-07-16T20:30:00,NATURALGAS,2026-07-16,cycles_resampled,train,CHOP,FAILED_BREAKOUT,SHORT,0.9927,4.75,0.3158,0.3158,0.3684,0.385,274.1,0.1,0.064,1.5571,False,True,False,False,False,True,True,1.028,4B_TRAP,False,True,H7_TRAP,274.0,spike,1.257,,0.636,-1.909,-1.989,STOP,False,False,False
2026-07-16T20:45:00,NATURALGAS,2026-07-16,cycles_resampled,train,CHOP,FAILED_BREAKOUT,LONG,0.9929,4.75,0.5263,0.3684,0.1053,0.586,274.6,1.1,0.644,1.7071,False,True,True,True,False,False,False,0.0,4B_TRAP,False,False,AMBIG,275.7,spike,1.257,5.12,0.398,-1.193,-1.273,STOP,False,False,False
2026-07-16T20:50:00,NATURALGAS,2026-07-16,cycles_resampled,train,CHOP,FAILED_BREAKOUT,SHORT,0.9007,2.75,0.6364,0.0909,0.2727,0.403,278.56,3.66,2.109,1.7357,False,True,True,True,False,False,False,0.0,4B_TRAP,False,False,AMBIG,274.9,early,0.833,2.04,0.24,-1.561,-1.681,STOP,False,False,False
2026-07-16T21:50:00,NATURALGAS,2026-07-16,cycles_resampled,train,CHOP,FAILED_BREAKOUT,SHORT,0.9673,3.0,0.4,0.4,0.2,0.757,275.0,0.1,0.126,0.7929,True,True,False,False,False,True,True,0.252,4X_AMBIG,False,False,H7_TRAP,274.9,spike,1.245,1.37,0.562,-0.723,0.08,EOD,False,False,False
2026-07-16T22:55:00,NATURALGAS,2026-07-16,cycles_resampled,train,CHOP,FAILED_BREAKOUT,SHORT,0.9096,2.2,0.6364,0.0,0.3636,1.089,274.7,0.1,0.156,0.6429,True,True,False,False,False,True,True,0.622,4X_AMBIG,False,False,H7_TRAP,274.6,spike,0.733,1.91,0.409,-0.819,-0.273,EOD,False,False,False
2026-07-17T11:20:00,NATURALGAS,2026-07-17,cycles_resampled,train,TREND_UP,TRENDING,LONG,0.9643,1.667,1.0,0.0,0.0,1.795,276.5,0.3,1.077,0.2786,True,True,True,False,False,False,True,0.359,4B_TRAP,True,True,H1_CONT,276.8,spike,0.515,0.39,0.0,-1.165,-1.359,STOP,False,False,False
2026-07-17T12:05:00,NATURALGAS,2026-07-17,cycles_resampled,train,TREND_UP,TRENDING,SHORT,1.0,2.333,0.8571,0.0,0.1429,1.714,275.9,0.6,1.714,0.35,False,True,True,True,False,False,False,0.0,4B_TRAP,False,False,AMBIG,275.3,early,0.621,,0.483,-1.449,-1.61,STOP,False,False,False
2026-07-17T12:50:00,NATURALGAS,2026-07-17,cycles_resampled,train,TREND_UP,FAILED_BREAKOUT,LONG,0.9565,1.667,1.0,0.0,0.0,1.321,276.5,0.3,0.792,0.3786,False,False,False,False,True,True,True,0.792,4B_TRAP,False,True,H7_TRAP,276.8,spike,0.515,0.37,0.0,-1.165,-1.359,STOP,False,False,False
2026-07-17T12:55:00,NATURALGAS,2026-07-17,cycles_resampled,train,TREND_UP,FAILED_BREAKDOWN,SHORT,0.9574,1.667,1.0,0.0,0.0,1.273,276.3,0.0,0.0,0.3929,False,False,False,False,True,True,True,0.509,4B_TRAP,False,True,H7_TRAP,276.3,spike,0.515,0.35,0.777,-1.359,-1.553,STOP,False,False,False
2026-07-17T13:20:00,NATURALGAS,2026-07-17,cycles_resampled,train,TREND_UP,TRENDING,LONG,0.9615,1.667,1.0,0.0,0.0,1.346,276.1,0.3,0.808,0.3714,True,True,True,True,False,False,False,0.0,4A_CONT,True,False,H1_CONT,276.4,early,0.515,0.78,3.883,-0.194,2.806,T3,True,True,False
2026-07-17T14:10:00,NATURALGAS,2026-07-17,cycles_resampled,train,TREND_UP,FAILED_BREAKDOWN,SHORT,0.9677,1.667,1.0,0.0,0.0,1.667,276.9,0.2,0.667,0.3,False,False,False,False,False,False,True,0.333,4B_TRAP,False,True,AMBIG,276.7,early,0.515,1.03,0.777,-1.165,-1.359,STOP,False,False,False
2026-07-17T14:25:00,NATURALGAS,2026-07-17,cycles_resampled,train,TREND_UP,FAILED_BREAKDOWN,LONG,1.0,2.333,0.2857,0.0,0.7143,0.622,276.8,0.2,0.622,0.3214,True,True,True,True,False,False,False,0.0,4B_TRAP,False,False,H1_WEAK,277.0,spike,0.721,0.11,2.08,-2.774,-2.913,STOP,True,False,False
2026-07-17T14:30:00,NATURALGAS,2026-07-17,cycles_resampled,train,TREND_UP,FAILED_BREAKDOWN,LONG,0.9545,1.667,0.6,0.0,0.4,0.933,277.3,0.0,0.0,0.3214,True,False,False,False,True,True,True,0.311,4B_TRAP,False,True,H7_TRAP,277.3,spike,0.515,,0.583,-1.165,-1.359,STOP,False,False,False
2026-07-17T15:00:00,NATURALGAS,2026-07-17,cycles_resampled,train,TREND_UP,FAILED_BREAKDOWN,SHORT,0.9583,1.667,0.8,0.2,0.0,1.273,277.0,0.0,0.0,0.3143,False,False,False,False,True,True,True,0.318,4B_TRAP,False,True,H7_TRAP,277.0,spike,0.515,1.51,0.583,-1.359,-1.553,STOP,False,False,False
2026-07-17T15:40:00,NATURALGAS,2026-07-17,cycles_resampled,train,TREND_UP,FAILED_BREAKDOWN,LONG,0.9625,1.667,1.0,0.0,0.0,1.591,277.6,0.1,0.318,0.3143,True,True,True,True,False,False,False,0.0,4B_TRAP,True,False,H1_CONT,277.7,spike,0.515,,1.359,-1.165,-1.359,STOP,False,False,False
2026-07-17T15:45:00,NATURALGAS,2026-07-17,cycles_resampled,train,TREND_UP,FAILED_BREAKDOWN,LONG,1.0,3.0,0.5556,0.3333,0.1111,1.373,277.7,0.4,1.098,0.3643,False,True,True,False,False,False,True,0.824,4B_TRAP,False,True,AMBIG,278.1,early,0.627,,0.319,-1.116,-1.276,STOP,False,False,False
2026-07-17T16:00:00,NATURALGAS,2026-07-17,cycles_resampled,train,TREND_UP,FAILED_BREAKDOWN,SHORT,0.9524,2.0,1.0,0.0,0.0,1.4,277.7,0.3,0.7,0.4286,False,False,False,False,False,False,False,0.0,4B_TRAP,False,False,AMBIG,277.4,spike,0.618,0.97,1.618,-1.618,-1.78,STOP,False,False,False
2026-07-17T16:05:00,NATURALGAS,2026-07-17,cycles_resampled,train,TREND_UP,FAILED_BREAKDOWN,LONG,0.9412,2.0,0.3333,0.3333,0.3333,0.444,277.3,0.4,0.889,0.45,False,True,True,True,False,False,False,0.0,4B_TRAP,False,False,AMBIG,277.7,early,0.418,1.67,0.478,-1.435,-1.675,STOP,False,False,False
2026-07-17T16:20:00,NATURALGAS,2026-07-17,cycles_resampled,train,TREND_UP,FAILED_BREAKDOWN,LONG,0.9318,1.667,0.4,0.0,0.6,0.444,277.3,0.3,0.667,0.45,False,False,False,False,True,True,True,1.333,4B_TRAP,False,True,H7_TRAP,277.6,spike,0.515,0.58,0.0,-1.748,-1.942,STOP,False,False,False
2026-07-17T16:25:00,NATURALGAS,2026-07-17,cycles_resampled,train,TREND_UP,FAILED_BREAKDOWN,SHORT,0.9326,1.667,1.0,0.0,0.0,1.061,277.1,0.0,0.0,0.4714,True,False,False,False,False,False,False,0.0,4B_TRAP,False,False,AMBIG,277.1,spike,0.515,1.67,1.359,-1.553,-1.748,STOP,False,False,False
2026-07-17T16:30:00,NATURALGAS,2026-07-17,cycles_resampled,train,TREND_UP,FAILED_BREAKOUT,SHORT,0.9333,1.667,0.4,0.6,0.0,0.412,277.1,0.4,0.824,0.4857,False,True,True,True,False,False,False,0.0,4B_TRAP,False,False,AMBIG,276.7,early,0.515,1.03,0.388,-1.165,-1.359,STOP,False,False,False
2026-07-17T16:40:00,NATURALGAS,2026-07-17,cycles_resampled,train,TREND_UP,FAILED_BREAKOUT,SHORT,0.9565,2.0,0.5,0.5,0.0,0.583,277.1,0.4,0.778,0.5143,False,True,True,False,False,False,True,0.194,4B_TRAP,False,True,AMBIG,276.7,early,0.618,0.86,0.485,-1.942,-2.104,STOP,False,False,False
2026-07-17T17:00:00,NATURALGAS,2026-07-17,cycles_resampled,train,TREND_UP,FAILED_BREAKOUT,LONG,1.0,3.0,0.6667,0.1111,0.2222,1.183,277.3,0.5,0.986,0.5071,True,True,True,True,False,False,False,0.0,4B_TRAP,True,False,H1_CONT,277.8,early,0.827,0.73,0.846,-3.386,-3.507,STOP,False,False,False
2026-07-17T17:05:00,NATURALGAS,2026-07-17,cycles_resampled,train,TREND_UP,FAILED_BREAKDOWN,LONG,0.9794,2.667,0.375,0.25,0.375,0.56,278.4,-0.2,-0.373,0.5357,False,False,False,False,True,True,True,1.493,4B_TRAP,False,True,H7_TRAP,278.2,spike,0.624,0.32,0.481,-1.122,-1.282,STOP,False,False,False
2026-07-17T17:10:00,NATURALGAS,2026-07-17,cycles_resampled,train,TREND_UP,FAILED_BREAKDOWN,SHORT,1.0,3.333,0.6,0.1,0.3,1.063,277.6,-0.2,-0.354,0.5643,True,False,False,False,False,True,True,0.532,4A_CONT,False,False,H7_TRAP,277.8,spike,0.73,1.37,3.836,-0.548,2.863,T3,True,True,False
2026-07-17T17:15:00,NATURALGAS,2026-07-17,cycles_resampled,train,TREND_UP,FAILED_BREAKDOWN,LONG,0.9596,2.333,0.2857,0.0,0.7143,0.35,277.3,0.3,0.525,0.5714,True,True,True,True,False,False,False,0.0,4B_TRAP,False,False,H1_WEAK,277.6,spike,0.521,1.73,1.152,-4.99,-5.182,STOP,False,False,False
2026-07-17T17:20:00,NATURALGAS,2026-07-17,cycles_resampled,train,TREND_UP,FAILED_BREAKDOWN,LONG,0.96,2.333,0.4286,0.0,0.5714,0.506,277.8,0.1,0.169,0.5929,False,False,False,False,True,True,True,0.675,4B_TRAP,False,True,H7_TRAP,277.9,spike,0.721,0.83,0.0,-1.11,-1.248,STOP,False,False,False
2026-07-17T17:30:00,NATURALGAS,2026-07-17,cycles_resampled,train,TREND_UP,FAILED_BREAKOUT,LONG,0.9608,2.333,0.4286,0.1429,0.4286,0.488,277.8,-0.1,-0.163,0.6143,True,False,False,False,False,True,True,4.395,4B_TRAP,False,True,H7_TRAP,277.7,spike,0.621,0.32,0.805,-4.348,-4.509,STOP,False,False,False
2026-07-17T17:35:00,NATURALGAS,2026-07-17,cycles_resampled,train,TREND_UP,FAILED_BREAKDOWN,LONG,0.9709,2.667,0.25,0.375,0.375,0.315,277.9,0.0,0.0,0.6357,False,False,False,False,True,True,True,4.404,4B_TRAP,False,True,H7_TRAP,277.9,spike,0.524,1.15,0.191,-1.336,-1.527,STOP,False,False,False
2026-07-17T17:40:00,NATURALGAS,2026-07-17,cycles_resampled,train,TREND_UP,FAILED_BREAKDOWN,SHORT,0.9712,2.667,0.625,0.125,0.25,0.761,277.4,0.0,0.0,0.6571,True,False,False,False,False,False,False,0.0,4A_CONT,False,False,AMBIG,277.4,early,0.624,0.48,3.846,0.0,2.84,T3,True,True,False
2026-07-17T17:45:00,NATURALGAS,2026-07-17,cycles_resampled,train,TREND_UP,FAILED_BREAKOUT,SHORT,1.0,6.667,0.75,0.2,0.05,1.892,275.0,-0.1,-0.126,0.7929,False,False,False,False,True,True,True,2.901,4B_TRAP,False,True,H7_TRAP,275.1,spike,1.96,0.05,0.102,-1.429,-1.48,STOP,False,False,False
2026-07-17T17:55:00,NATURALGAS,2026-07-17,cycles_resampled,train,TREND_UP,FAILED_BREAKOUT,LONG,0.9346,2.667,0.125,0.375,0.5,0.118,276.0,0.1,0.118,0.85,True,True,True,True,False,False,False,0.0,4A_CONT,False,False,H1_WEAK,276.1,early,0.524,2.29,3.435,0.0,2.809,T3,True,True,False
2026-07-17T18:00:00,NATURALGAS,2026-07-17,cycles_resampled,train,TREND_UP,FAILED_BREAKOUT,LONG,0.9907,5.667,0.6471,0.3529,0.0,1.149,277.34,-0.04,-0.042,0.9571,True,False,False,False,False,False,False,0.0,4A_CONT,False,False,AMBIG,277.3,spike,1.151,0.03,3.041,-0.521,2.913,T3,True,True,False
2026-07-17T18:05:00,NATURALGAS,2026-07-17,cycles_resampled,train,TREND_UP,FAILED_BREAKOUT,LONG,0.945,2.667,0.75,0.25,0.0,0.609,277.9,-0.1,-0.101,0.9857,True,False,False,False,False,True,True,0.71,4B_TRAP,False,True,H7_TRAP,277.8,spike,0.624,0.64,0.962,-1.763,-1.923,STOP,False,False,False
2026-07-17T18:10:00,NATURALGAS,2026-07-17,cycles_resampled,train,TREND_UP,FAILED_BREAKDOWN,LONG,0.9,2.333,0.4286,0.4286,0.1429,0.309,278.2,-0.1,-0.103,0.9714,False,False,False,False,True,True,True,1.029,4B_TRAP,False,True,H7_TRAP,278.1,spike,0.421,0.24,0.0,-3.325,-3.563,STOP,False,False,False
2026-07-17T18:15:00,NATURALGAS,2026-07-17,cycles_resampled,train,TREND_UP,FAILED_BREAKDOWN,LONG,0.982,4.333,0.2308,0.0769,0.6923,0.296,277.41,0.19,0.187,1.0143,False,False,False,False,True,True,True,0.207,4A_CONT,False,False,H7_TRAP,277.6,spike,0.939,0.64,3.408,-0.745,2.894,T3,True,True,False
2026-07-17T18:25:00,NATURALGAS,2026-07-17,cycles_resampled,train,TREND_UP,FAILED_BREAKOUT,LONG,0.9735,3.667,0.8182,0.1818,0.0,0.881,277.8,0.0,0.0,1.0214,True,False,False,False,False,False,False,0.0,4A_CONT,False,False,AMBIG,277.8,early,0.933,0.64,3.215,0.0,2.893,T3,True,True,False
2026-07-17T18:30:00,NATURALGAS,2026-07-17,cycles_resampled,train,TREND_UP,FAILED_BREAKDOWN,LONG,0.9825,4.286,0.8,0.2,0.0,1.098,278.5,0.7,0.641,1.0929,True,True,True,True,False,False,False,0.0,4A_CONT,True,False,H1_CONT,279.2,early,1.245,,2.57,-0.482,1.687,EOD,True,False,False
2026-07-17T18:40:00,NATURALGAS,2026-07-17,cycles_resampled,train,TREND_UP,FAILED_BREAKDOWN,LONG,0.9741,3.5,0.7857,0.2143,0.0,0.945,279.5,1.0,0.859,1.1643,False,True,True,True,False,False,False,0.0,4B_TRAP,False,False,AMBIG,280.5,early,1.142,,0.35,-1.051,-1.138,STOP,False,False,False
2026-07-17T18:50:00,NATURALGAS,2026-07-17,cycles_resampled,train,TREND_UP,FAILED_BREAKDOWN,LONG,0.9068,2.0,0.5,0.5,0.0,0.337,280.8,-0.4,-0.337,1.1857,True,False,False,False,True,True,True,0.759,4B_TRAP,False,True,H7_TRAP,280.4,spike,0.424,0.94,1.179,-1.651,-1.887,STOP,False,False,False
2026-07-17T18:55:00,NATURALGAS,2026-07-17,cycles_resampled,train,TREND_UP,TRENDING,LONG,0.958,3.0,0.1667,0.25,0.5833,0.182,280.8,-0.2,-0.182,1.1,False,False,False,False,True,True,True,1.273,4B_TRAP,False,True,H7_TRAP,280.6,spike,0.936,0.21,0.214,-1.175,-1.282,STOP,False,False,False
2026-07-17T19:00:00,NATURALGAS,2026-07-17,cycles_resampled,train,TREND_UP,TRENDING,SHORT,0.9667,3.25,0.3846,0.1538,0.4615,0.449,279.7,-0.4,-0.359,1.1143,True,False,False,False,True,True,True,0.538,4B_TRAP,False,True,H7_TRAP,280.1,spike,0.739,4.33,1.083,-1.353,-1.488,STOP,False,False,False
2026-07-17T19:10:00,NATURALGAS,2026-07-17,cycles_resampled,train,TREND_UP,FAILED_BREAKDOWN,SHORT,0.9262,2.75,0.5455,0.3636,0.0909,0.564,279.5,0.1,0.094,1.0643,False,False,False,False,True,True,True,1.034,4B_TRAP,False,True,H7_TRAP,279.4,spike,1.033,3.2,0.097,-1.065,-1.162,STOP,False,False,False
2026-07-17T19:15:00,NATURALGAS,2026-07-17,cycles_resampled,train,TREND_UP,FAILED_BREAKDOWN,LONG,0.9512,3.0,0.75,0.1667,0.0833,0.824,280.4,-0.1,-0.092,1.0929,True,False,False,False,False,True,True,0.366,4B_TRAP,False,True,H7_TRAP,280.3,spike,1.036,0.58,0.772,-1.255,-1.351,STOP,False,False,False
2026-07-17T19:25:00,NATURALGAS,2026-07-17,cycles_resampled,train,TREND_UP,TRENDING,SHORT,0.952,3.0,0.5833,0.3333,0.0833,0.653,280.2,0.2,0.187,1.0714,False,False,False,False,False,False,False,0.0,4B_TRAP,False,False,AMBIG,280.0,early,1.136,0.62,1.232,-1.585,-1.673,STOP,False,False,False
2026-07-17T21:40:00,NATURALGAS,2026-07-17,cycles_resampled,train,TREND_UP,FAILED_BREAKOUT,LONG,0.9605,3.0,0.6667,0.0833,0.25,1.436,279.8,0.2,0.359,0.5571,False,False,False,False,False,False,False,0.0,4A_CONT,False,False,AMBIG,280.0,spike,1.136,0.97,2.113,-0.44,1.144,EOD,True,False,False
2026-07-17T21:55:00,NATURALGAS,2026-07-17,cycles_resampled,train,TREND_UP,FAILED_BREAKDOWN,LONG,0.9161,2.5,0.7,0.3,0.0,1.225,280.1,0.5,0.875,0.5714,False,True,True,False,False,False,False,0.0,4B_TRAP,False,False,AMBIG,280.6,early,0.73,0.68,0.137,-1.233,-1.37,STOP,False,False,False
2026-07-17T22:40:00,NATURALGAS,2026-07-17,cycles_resampled,train,TREND_UP,TRENDING,LONG,0.9024,2.25,1.0,0.0,0.0,1.5,281.1,0.7,1.167,0.6,False,True,True,True,False,False,False,0.0,4X_AMBIG,False,False,AMBIG,281.8,early,0.927,,0.647,-0.755,-0.539,EOD,False,False,False
2026-07-20T10:40:00,NATURALGAS,2026-07-20,cycles_resampled,train,TREND_DOWN,TRENDING,LONG,0.95,3.0,1.0,0.0,0.0,2.333,278.2,0.5,1.944,0.2571,True,True,True,True,False,False,False,0.0,4B_TRAP,True,False,H1_CONT,278.7,early,0.618,0.16,1.133,-1.456,-1.618,STOP,False,False,False
2026-07-20T11:50:00,NATURALGAS,2026-07-20,cycles_resampled,train,TREND_DOWN,OPENING_DRIVE,SHORT,0.9394,2.5,1.0,0.0,0.0,2.258,278.9,0.0,0.0,0.2214,True,False,False,False,False,False,False,0.0,4A_CONT,False,False,AMBIG,278.9,spike,0.515,0.76,3.883,-0.194,2.806,T3,True,True,False
2026-07-20T12:15:00,NATURALGAS,2026-07-20,cycles_resampled,train,TREND_DOWN,OPENING_DRIVE,SHORT,0.9474,2.5,1.0,0.0,0.0,1.892,278.5,0.3,1.135,0.2643,False,True,True,True,False,False,False,0.0,4A_CONT,False,False,AMBIG,278.2,early,0.515,0.39,4.078,-0.583,2.806,T3,True,True,False
2026-07-20T12:35:00,NATURALGAS,2026-07-20,cycles_resampled,train,TREND_DOWN,TRENDING,LONG,1.0,3.0,0.8333,0.1667,0.0,1.667,278.0,0.4,1.333,0.3,False,True,True,False,False,False,True,0.667,4B_TRAP,False,True,AMBIG,278.4,early,0.518,0.97,0.0,-1.158,-1.351,STOP,False,False,False
2026-07-20T12:50:00,NATURALGAS,2026-07-20,cycles_resampled,train,TREND_DOWN,TRENDING,SHORT,0.9333,2.5,0.6,0.4,0.0,0.913,277.8,0.0,0.0,0.3286,True,False,False,False,False,False,False,0.0,4A_CONT,False,False,AMBIG,277.8,early,0.515,,3.301,-0.194,2.806,T3,True,True,False
2026-07-20T13:05:00,NATURALGAS,2026-07-20,cycles_resampled,train,TREND_DOWN,TRENDING,SHORT,1.0,3.0,1.0,0.0,0.0,1.68,277.4,0.5,1.4,0.3571,False,True,True,True,False,False,False,0.0,4A_CONT,False,False,AMBIG,276.9,early,0.618,,3.56,-0.485,2.838,T3,True,True,False
2026-07-20T13:15:00,NATURALGAS,2026-07-20,cycles_resampled,train,TREND_DOWN,TRENDING,LONG,0.92,2.5,0.6,0.0,0.4,0.792,277.1,0.1,0.264,0.3786,False,False,False,False,True,True,True,3.17,4B_TRAP,False,True,H7_TRAP,277.2,spike,0.515,2.14,0.0,-2.136,-2.33,STOP,False,False,False
2026-07-20T13:25:00,NATURALGAS,2026-07-20,cycles_resampled,train,TREND_DOWN,TRENDING,SHORT,0.9423,3.0,0.6667,0.0,0.3333,1.0,276.7,0.4,1.0,0.4,True,True,True,True,False,False,False,0.0,4A_CONT,True,False,H1_CONT,276.3,early,0.418,,3.828,0.0,2.761,T3,True,True,False
2026-07-20T13:30:00,NATURALGAS,2026-07-20,cycles_resampled,train,TREND_DOWN,TRENDING,SHORT,0.9057,2.5,0.6,0.0,0.4,0.689,276.1,0.2,0.459,0.4357,True,True,True,True,False,False,False,0.0,4A_CONT,True,False,H1_CONT,275.9,early,0.315,,3.81,0.0,2.683,T3,True,True,False
2026-07-20T13:40:00,NATURALGAS,2026-07-20,cycles_resampled,train,TREND_DOWN,TRENDING,SHORT,1.0,3.0,0.4444,0.1111,0.4444,0.824,275.5,0.4,0.824,0.4857,True,True,True,True,False,False,False,0.0,4B_TRAP,False,False,H1_WEAK,275.1,early,0.527,,0.949,-1.139,-1.328,STOP,False,False,False
2026-07-20T13:50:00,NATURALGAS,2026-07-20,cycles_resampled,train,TREND_DOWN,TRENDING,LONG,0.9825,2.667,0.75,0.25,0.0,1.151,275.1,0.3,0.575,0.5214,False,True,False,False,False,False,False,0.0,4B_TRAP,False,False,AMBIG,275.4,early,0.624,2.88,1.763,-1.122,-1.282,STOP,False,False,False
2026-07-20T14:00:00,NATURALGAS,2026-07-20,cycles_resampled,train,TREND_DOWN,TRENDING,SHORT,0.9153,2.0,0.3333,0.6667,0.0,0.378,275.3,0.2,0.378,0.5286,False,False,False,False,True,True,True,0.568,4B_TRAP,False,True,H7_TRAP,275.1,spike,0.618,0.81,0.0,-1.133,-1.294,STOP,False,False,False
2026-07-20T14:05:00,NATURALGAS,2026-07-20,cycles_resampled,train,TREND_DOWN,TRENDING,LONG,0.9167,2.0,0.6667,0.1667,0.1667,0.727,275.7,-0.1,-0.182,0.55,True,False,False,False,True,True,True,0.182,4B_TRAP,False,True,H7_TRAP,275.6,spike,0.518,7.05,0.772,-1.158,-1.351,STOP,False,False,False
2026-07-20T15:05:00,NATURALGAS,2026-07-20,cycles_resampled,train,TREND_DOWN,TRENDING,SHORT,0.9722,2.333,0.8571,0.0,0.1429,1.647,275.4,0.3,0.824,0.3643,True,True,False,False,False,True,True,0.824,4B_TRAP,False,True,H7_TRAP,275.1,early,0.621,0.81,0.483,-1.288,-1.449,STOP,False,False,False
2026-07-20T15:15:00,NATURALGAS,2026-07-20,cycles_resampled,train,TREND_DOWN,TRENDING,LONG,0.9595,2.0,1.0,0.0,0.0,1.75,275.1,0.4,1.167,0.3429,True,True,True,True,False,False,False,0.0,4B_TRAP,True,False,H1_CONT,275.5,early,0.618,0.81,1.618,-1.133,-1.294,STOP,False,False,False
2026-07-20T16:05:00,NATURALGAS,2026-07-20,cycles_resampled,train,TREND_DOWN,TRENDING,SHORT,0.9881,2.667,0.625,0.0,0.375,1.148,275.7,0.1,0.23,0.4357,True,True,False,False,False,False,False,0.0,4A_CONT,True,False,H1_WEAK,275.6,early,0.524,1.91,3.053,-0.763,2.809,T3,True,True,False
2026-07-20T17:05:00,NATURALGAS,2026-07-20,cycles_resampled,train,TREND_DOWN,TRENDING,SHORT,0.9896,2.667,0.75,0.0,0.25,0.944,274.5,0.3,0.472,0.6357,False,False,False,False,True,True,True,2.989,4B_TRAP,False,True,H7_TRAP,274.2,spike,0.624,,0.0,-2.083,-2.244,STOP,False,False,False
2026-07-20T17:15:00,NATURALGAS,2026-07-20,cycles_resampled,train,TREND_DOWN,TRENDING,LONG,0.9592,2.333,1.0,0.0,0.0,1.126,274.8,0.7,1.126,0.6214,True,True,True,True,False,False,False,0.0,4A_CONT,True,False,H1_CONT,275.5,early,0.721,0.69,3.745,-0.277,2.861,T3,True,True,False
2026-07-20T17:20:00,NATURALGAS,2026-07-20,cycles_resampled,train,TREND_DOWN,TRENDING,LONG,1.0,4.0,0.9167,0.0833,0.0,1.638,276.0,0.4,0.596,0.6714,True,True,True,True,False,False,False,0.0,4B_TRAP,True,False,H1_CONT,276.4,early,1.136,2.59,2.729,-1.144,-1.232,STOP,True,False,False
2026-07-20T17:30:00,NATURALGAS,2026-07-20,cycles_resampled,train,TREND_DOWN,TRENDING,LONG,1.0,6.0,0.6667,0.3333,0.0,1.57,276.5,1.1,1.439,0.7643,True,True,True,True,False,False,False,0.0,4B_TRAP,True,False,H1_CONT,277.6,early,1.254,1.39,1.515,-1.037,-1.116,STOP,False,False,False
2026-07-20T17:35:00,NATURALGAS,2026-07-20,cycles_resampled,train,TREND_DOWN,FAILED_BREAKOUT,LONG,0.9902,4.667,0.6429,0.1429,0.2143,1.068,278.2,0.4,0.475,0.8429,False,False,False,False,True,True,True,0.712,4B_TRAP,False,True,H7_TRAP,278.6,spike,1.242,0.6,0.161,-1.047,-1.127,STOP,False,False,False
2026-07-20T17:50:00,NATURALGAS,2026-07-20,cycles_resampled,train,TREND_DOWN,FAILED_BREAKDOWN,SHORT,0.9619,3.0,0.4444,0.3333,0.2222,0.437,277.8,0.2,0.219,0.9143,True,True,True,False,False,False,True,1.094,4B_TRAP,False,True,H1_WEAK,277.6,spike,0.727,2.56,0.55,-1.651,-1.788,STOP,False,False,False
2026-07-20T17:55:00,NATURALGAS,2026-07-20,cycles_resampled,train,TREND_DOWN,FAILED_BREAKOUT,SHORT,0.9151,2.333,0.2857,0.2857,0.4286,0.215,277.4,-0.2,-0.215,0.9286,False,False,False,False,True,True,True,2.046,4B_TRAP,False,True,H7_TRAP,277.6,spike,0.421,4.42,0.95,-2.85,-3.088,STOP,False,False,False
2026-07-20T18:05:00,NATURALGAS,2026-07-20,cycles_resampled,train,TREND_DOWN,FAILED_BREAKOUT,LONG,0.9815,4.333,0.8462,0.0,0.1538,1.124,278.8,0.0,0.0,0.9786,True,False,False,False,False,True,True,0.102,4B_TRAP,False,True,H7_TRAP,278.8,spike,1.339,0.4,0.523,-1.419,-1.494,STOP,False,False,False
2026-07-20T18:15:00,NATURALGAS,2026-07-20,cycles_resampled,train,TREND_DOWN,FAILED_BREAKDOWN,SHORT,0.9091,2.667,0.875,0.0,0.125,0.79,278.8,0.1,0.113,0.8857,False,False,False,False,True,True,True,0.565,4B_TRAP,False,True,H7_TRAP,278.7,spike,0.724,2.07,0.552,-1.105,-1.243,STOP,False,False,False
2026-07-20T18:25:00,NATURALGAS,2026-07-20,cycles_resampled,train,TREND_DOWN,FAILED_BREAKDOWN,SHORT,0.9732,4.0,0.6667,0.0833,0.25,0.868,278.6,0.0,0.0,0.9214,False,False,False,False,True,True,True,0.217,4A_CONT,False,False,H7_TRAP,278.6,spike,0.936,3.06,3.098,-0.962,2.893,T3,True,True,False
2026-07-20T18:45:00,NATURALGAS,2026-07-20,cycles_resampled,train,TREND_DOWN,FAILED_BREAKDOWN,LONG,0.9569,2.5,0.8,0.0,0.2,1.037,278.6,0.7,0.907,0.7714,False,True,False,False,False,True,True,1.426,4B_TRAP,False,True,H7_TRAP,279.3,early,1.03,0.14,0.194,-1.553,-1.65,STOP,False,False,False
2026-07-20T18:55:00,NATURALGAS,2026-07-20,cycles_resampled,train,TREND_DOWN,FAILED_BREAKDOWN,SHORT,0.9576,2.5,0.8,0.0,0.2,1.018,278.2,0.3,0.382,0.7857,False,True,True,True,False,False,False,0.0,4A_CONT,False,False,AMBIG,277.9,early,0.83,2.55,3.012,0.0,2.88,T3,True,True,False
2026-07-20T19:55:00,NATURALGAS,2026-07-20,cycles_resampled,train,TREND_DOWN,FAILED_BREAKOUT,SHORT,0.9154,2.0,0.875,0.0,0.125,0.99,276.3,0.0,0.0,0.7071,False,False,False,False,False,False,False,0.0,4A_CONT,False,False,AMBIG,276.3,spike,0.724,0.72,3.039,-0.691,2.862,T3,True,True,False
2026-07-20T20:35:00,NATURALGAS,2026-07-20,cycles_resampled,train,TREND_DOWN,TRENDING,SHORT,0.9638,2.5,0.9,0.1,0.0,1.448,274.8,0.5,0.805,0.6214,False,False,False,False,True,True,True,0.805,4B_TRAP,False,True,H7_TRAP,274.3,spike,1.03,0.29,0.0,-1.068,-1.165,STOP,False,False,False
2026-07-21T10:25:00,NATURALGAS,2026-07-21,cycles_resampled,train,CHOP,OPENING_DRIVE,LONG,0.9375,2.5,0.6,0.0,0.4,1.5,275.57,0.13,0.65,0.2,True,True,True,True,False,False,False,0.0,4A_CONT,True,False,H1_CONT,275.7,spike,0.515,0.58,3.301,-0.388,2.806,T3,True,True,False
2026-07-21T10:30:00,NATURALGAS,2026-07-21,cycles_resampled,train,CHOP,OPENING_DRIVE,LONG,0.9412,2.5,0.6,0.0,0.4,1.355,276.0,0.0,0.0,0.2214,True,False,False,False,False,False,False,0.0,4A_CONT,False,False,AMBIG,276.0,spike,0.515,,3.689,-0.194,2.806,T3,True,True,False
2026-07-21T10:35:00,NATURALGAS,2026-07-21,cycles_resampled,train,CHOP,TRENDING,LONG,0.9444,3.0,0.8333,0.0,0.1667,2.059,276.0,0.5,2.059,0.2429,True,True,True,True,False,False,False,0.0,4B_TRAP,True,False,H1_CONT,276.5,early,0.618,,2.265,-1.618,-1.78,STOP,True,False,False
2026-07-21T11:20:00,NATURALGAS,2026-07-21,cycles_resampled,train,CHOP,TRENDING,LONG,0.963,4.0,0.875,0.0,0.125,1.922,276.8,0.1,0.275,0.3643,False,True,False,False,False,True,True,0.549,4B_TRAP,False,True,H7_TRAP,276.9,spike,0.824,,1.214,-1.699,-1.82,STOP,False,False,False
2026-07-21T12:40:00,NATURALGAS,2026-07-21,cycles_resampled,train,CHOP,TRENDING,SHORT,0.907,1.667,1.0,0.0,0.0,1.4,277.7,0.5,1.4,0.3571,False,True,True,True,False,False,False,0.0,4A_CONT,False,False,AMBIG,277.2,early,0.515,0.39,3.301,-0.388,2.806,T3,True,True,False
2026-07-21T13:00:00,NATURALGAS,2026-07-21,cycles_resampled,train,CHOP,TRENDING,SHORT,0.9149,1.667,1.0,0.0,0.0,1.489,277.1,0.2,0.596,0.3357,True,True,True,True,False,False,False,0.0,4B_TRAP,True,False,H1_CONT,276.9,early,0.515,3.28,2.718,-1.165,-1.359,STOP,True,False,False
2026-07-21T14:45:00,NATURALGAS,2026-07-21,cycles_resampled,train,CHOP,TRENDING,LONG,0.9412,1.667,0.6,0.2,0.2,0.913,277.1,0.3,0.913,0.3286,True,True,True,True,False,False,False,0.0,4B_TRAP,True,False,H1_CONT,277.4,early,0.415,1.2,2.892,-1.687,-1.928,STOP,True,False,False
2026-07-21T15:05:00,NATURALGAS,2026-07-21,cycles_resampled,train,CHOP,TRENDING,LONG,0.9722,2.333,0.7143,0.2857,0.0,1.429,277.9,0.2,0.571,0.35,True,True,False,False,False,False,False,0.0,4B_TRAP,True,False,H1_WEAK,278.1,early,0.521,,0.768,-1.152,-1.344,STOP,False,False,False
2026-07-21T15:20:00,NATURALGAS,2026-07-21,cycles_resampled,train,CHOP,TRENDING,LONG,0.9733,2.333,1.0,0.0,0.0,1.719,278.4,0.0,0.0,0.4071,False,False,False,False,True,True,True,0.982,4B_TRAP,False,True,H7_TRAP,278.4,spike,0.721,,0.139,-1.248,-1.387,STOP,False,False,False
2026-07-21T15:35:00,NATURALGAS,2026-07-21,cycles_resampled,train,CHOP,TRENDING,SHORT,0.9231,1.667,0.8,0.0,0.2,0.982,278.2,0.2,0.491,0.4071,True,True,True,True,False,False,False,0.0,4B_TRAP,True,False,H1_CONT,278.0,early,0.415,0.72,1.446,-1.446,-1.687,STOP,False,False,False
2026-07-21T16:15:00,NATURALGAS,2026-07-21,cycles_resampled,train,CHOP,TRENDING,LONG,0.9884,2.667,0.625,0.375,0.0,1.321,278.0,0.0,0.0,0.3786,True,False,False,False,False,False,False,0.0,4B_TRAP,False,False,AMBIG,278.0,early,0.524,0.95,1.145,-1.908,-2.099,STOP,False,False,False
2026-07-21T16:20:00,NATURALGAS,2026-07-21,cycles_resampled,train,CHOP,TRENDING,LONG,0.9195,1.667,0.8,0.2,0.0,1.018,278.5,0.0,0.0,0.3929,False,False,False,False,True,True,True,1.782,4B_TRAP,False,True,H7_TRAP,278.5,spike,0.415,,0.241,-1.687,-1.928,STOP,False,False,False
2026-07-21T16:35:00,NATURALGAS,2026-07-21,cycles_resampled,train,CHOP,TRENDING,SHORT,0.9667,2.333,0.5714,0.0,0.4286,0.966,277.5,-0.3,-0.724,0.4143,True,False,False,False,False,False,False,0.0,4B_TRAP,False,False,AMBIG,277.8,spike,0.421,0.71,2.613,-1.425,-1.663,STOP,True,False,False
2026-07-21T16:40:00,NATURALGAS,2026-07-21,cycles_resampled,train,CHOP,TRENDING,SHORT,0.989,3.0,0.4444,0.1111,0.4444,0.875,277.5,0.1,0.219,0.4571,True,True,True,True,False,False,False,0.0,4B_TRAP,False,False,H1_WEAK,277.4,spike,0.527,2.64,1.328,-1.139,-1.328,STOP,False,False,False
2026-07-21T16:45:00,NATURALGAS,2026-07-21,cycles_resampled,train,CHOP,TRENDING,SHORT,0.9783,2.667,0.5,0.125,0.375,0.836,277.0,0.0,0.0,0.4786,False,False,False,False,True,True,True,0.836,4B_TRAP,False,True,H7_TRAP,277.0,spike,0.524,1.89,0.191,-1.908,-2.099,STOP,False,False,False
2026-07-21T16:50:00,NATURALGAS,2026-07-21,cycles_resampled,train,CHOP,FAILED_BREAKOUT,LONG,0.914,2.0,0.6667,0.1667,0.1667,0.824,277.5,-0.1,-0.206,0.4857,False,False,False,False,True,True,True,0.618,4B_TRAP,False,True,H7_TRAP,277.4,spike,0.518,1.54,1.931,-1.351,-1.544,STOP,False,False,False
2026-07-21T17:05:00,NATURALGAS,2026-07-21,cycles_resampled,train,CHOP,TRENDING,LONG,0.9792,2.667,0.625,0.375,0.0,0.933,277.5,0.2,0.373,0.5357,True,True,False,False,False,True,True,0.747,4B_TRAP,False,True,H7_TRAP,277.7,early,0.524,1.35,1.336,-1.145,-1.336,STOP,False,False,False
2026-07-21T17:25:00,NATURALGAS,2026-07-21,cycles_resampled,train,CHOP,FAILED_BREAKOUT,SHORT,0.98,2.667,0.625,0.125,0.25,0.805,277.1,0.2,0.322,0.6214,False,False,False,False,True,True,True,0.322,4B_TRAP,False,True,H7_TRAP,276.9,spike,0.624,1.3,0.801,-1.442,-1.603,STOP,False,False,False
2026-07-21T17:45:00,NATURALGAS,2026-07-21,cycles_resampled,train,CHOP,FAILED_BREAKOUT,LONG,1.0,4.0,0.8333,0.0833,0.0833,1.458,277.7,0.0,0.0,0.6857,False,False,False,False,True,True,True,2.479,4B_TRAP,False,True,H7_TRAP,277.7,spike,1.136,0.43,0.0,-1.585,-1.673,STOP,False,False,False
2026-07-21T18:00:00,NATURALGAS,2026-07-21,cycles_resampled,train,CHOP,FAILED_BREAKOUT,SHORT,0.9813,3.0,0.7778,0.1111,0.1111,1.021,276.01,0.01,0.015,0.6857,False,True,False,False,False,True,True,0.423,4B_TRAP,False,True,H7_TRAP,276.0,spike,0.827,1.21,0.605,-1.33,-1.451,STOP,False,False,False
2026-07-21T18:10:00,NATURALGAS,2026-07-21,cycles_resampled,train,CHOP,FAILED_BREAKOUT,LONG,0.9633,2.667,0.5,0.375,0.125,0.554,276.2,0.1,0.139,0.7214,False,False,False,False,True,True,True,1.109,4B_TRAP,False,True,H7_TRAP,276.3,spike,0.524,2.86,1.527,-1.527,-1.718,STOP,False,False,False
2026-07-21T18:15:00,NATURALGAS,2026-07-21,cycles_resampled,train,CHOP,FAILED_BREAKOUT,SHORT,1.0,5.333,0.3125,0.5,0.1875,0.642,275.7,-0.1,-0.128,0.7786,True,False,False,False,False,True,True,1.028,4B_TRAP,False,True,H7_TRAP,275.8,spike,1.348,0.07,0.519,-1.039,-1.113,STOP,False,False,False
2026-07-21T18:35:00,NATURALGAS,2026-07-21,cycles_resampled,train,CHOP,FAILED_BREAKOUT,SHORT,0.9737,3.0,0.5556,0.1111,0.3333,0.631,276.0,0.0,0.0,0.7929,False,False,False,False,True,True,True,0.757,4B_TRAP,False,True,H7_TRAP,276.0,early,0.627,1.12,0.0,-1.276,-1.435,STOP,False,False,False
2026-07-21T18:50:00,NATURALGAS,2026-07-21,cycles_resampled,train,CHOP,FAILED_BREAKOUT,SHORT,0.9487,2.667,0.75,0.25,0.0,0.75,276.2,0.2,0.25,0.8,True,True,True,True,False,False,False,0.0,4B_TRAP,True,False,H1_CONT,276.0,spike,0.824,0.17,1.092,-1.092,-1.214,STOP,False,False,False
2026-07-21T19:10:00,NATURALGAS,2026-07-21,cycles_resampled,train,CHOP,FAILED_BREAKOUT,LONG,0.9504,2.0,1.0,0.0,0.0,1.087,275.9,0.2,0.272,0.7357,True,True,True,True,False,False,False,0.0,4B_TRAP,True,False,H1_CONT,276.1,early,0.824,0.85,1.942,-1.214,-1.335,STOP,False,False,False
2026-07-21T20:15:00,NATURALGAS,2026-07-21,cycles_resampled,train,CHOP,FAILED_BREAKOUT,SHORT,0.9851,2.5,0.9,0.1,0.0,1.658,276.6,0.7,1.289,0.5429,False,True,True,True,False,False,False,0.0,4B_TRAP,False,False,AMBIG,275.9,early,1.03,0.04,0.097,-1.262,-1.359,STOP,False,False,False
2026-07-21T21:45:00,NATURALGAS,2026-07-21,cycles_resampled,train,CHOP,TRENDING,SHORT,0.9013,2.0,1.0,0.0,0.0,2.0,277.0,0.4,1.0,0.4,False,True,True,True,False,False,False,0.0,4A_CONT,False,False,AMBIG,276.6,early,0.824,0.9,2.184,0.0,1.335,EOD,True,False,False
2026-07-22T10:10:00,NATURALGAS,2026-07-22,cycles_resampled,train,TREND_UP,TRENDING,SHORT,0.9286,1.6,0.75,0.0,0.25,1.024,277.4,0.1,0.341,0.2929,False,False,False,False,False,True,True,0.341,4B_TRAP,False,True,H7_TRAP,277.3,spike,0.312,0.64,0.321,-1.923,-2.244,STOP,False,False,False
2026-07-22T11:15:00,NATURALGAS,2026-07-22,cycles_resampled,train,TREND_UP,OPENING_DRIVE,LONG,0.963,3.0,0.3333,0.0,0.6667,0.737,278.2,-0.2,-0.737,0.2714,True,False,False,False,True,True,True,0.368,4B_TRAP,False,True,H7_TRAP,278.0,early,0.418,0.24,2.632,-1.675,-1.914,STOP,True,False,False
2026-07-22T11:35:00,NATURALGAS,2026-07-22,cycles_resampled,train,TREND_UP,OPENING_DRIVE,LONG,0.9355,2.5,1.0,0.0,0.0,1.591,278.6,0.1,0.318,0.3143,False,False,False,False,True,True,True,0.636,4B_TRAP,False,True,H7_TRAP,278.7,spike,0.515,,0.777,-1.359,-1.553,STOP,False,False,False
2026-07-22T12:10:00,NATURALGAS,2026-07-22,cycles_resampled,train,TREND_UP,OPENING_DRIVE,LONG,0.9474,2.0,1.0,0.0,0.0,1.373,279.0,0.1,0.275,0.3643,True,False,False,False,False,True,True,1.647,4B_TRAP,False,True,H7_TRAP,279.1,spike,0.515,,0.0,-1.359,-1.553,STOP,False,False,False
2026-07-22T12:25:00,NATURALGAS,2026-07-22,cycles_resampled,train,TREND_UP,OPENING_DRIVE,SHORT,0.9512,2.5,0.8,0.2,0.0,1.167,278.5,0.1,0.292,0.3429,True,True,True,True,False,False,False,0.0,4B_TRAP,True,False,H1_CONT,278.4,spike,0.515,2.33,1.165,-1.165,-1.359,STOP,False,False,False
2026-07-22T13:00:00,NATURALGAS,2026-07-22,cycles_resampled,train,TREND_UP,OPENING_DRIVE,LONG,0.9792,2.0,0.8333,0.1667,0.0,1.522,278.4,0.4,1.217,0.3286,True,True,True,True,False,False,False,0.0,4B_TRAP,True,False,H1_CONT,278.8,early,0.518,0.58,0.386,-1.351,-1.544,STOP,False,False,False
2026-07-22T15:20:00,NATURALGAS,2026-07-22,cycles_resampled,train,TREND_UP,OPENING_DRIVE,LONG,0.9605,2.5,0.8,0.2,0.0,1.75,278.5,0.3,1.313,0.2286,True,True,True,True,False,False,False,0.0,4A_CONT,True,False,H1_CONT,278.8,early,0.415,0.27,3.133,-0.964,2.759,T3,True,True,False
2026-07-22T15:25:00,NATURALGAS,2026-07-22,cycles_resampled,train,TREND_UP,OPENING_DRIVE,LONG,0.961,2.5,0.8,0.2,0.0,1.6,279.1,0.1,0.4,0.25,False,False,False,False,True,True,True,1.6,4B_TRAP,False,True,H7_TRAP,279.2,spike,0.415,,0.0,-1.446,-1.687,STOP,False,False,False
2026-07-22T16:15:00,NATURALGAS,2026-07-22,cycles_resampled,train,TREND_UP,FAILED_BREAKDOWN,LONG,0.9885,3.5,1.0,0.0,0.0,1.96,279.3,0.7,1.96,0.3571,False,True,True,True,False,False,False,0.0,4B_TRAP,False,False,AMBIG,280.0,early,0.721,,0.139,-1.248,-1.387,STOP,False,False,False
2026-07-22T16:25:00,NATURALGAS,2026-07-22,cycles_resampled,train,TREND_UP,FAILED_BREAKDOWN,LONG,0.9551,2.5,1.0,0.0,0.0,1.228,280.0,0.1,0.246,0.4071,False,False,False,False,True,True,True,1.719,4B_TRAP,False,True,H7_TRAP,280.1,spike,0.515,,0.0,-1.359,-1.553,STOP,False,False,False
2026-07-22T16:40:00,NATURALGAS,2026-07-22,cycles_resampled,train,TREND_UP,FAILED_BREAKDOWN,LONG,0.9565,2.5,0.8,0.2,0.0,1.0,279.4,0.2,0.5,0.4,True,True,True,False,False,False,True,1.0,4B_TRAP,True,True,H1_CONT,279.6,early,0.415,1.2,0.723,-1.446,-1.687,STOP,False,False,False
2026-07-22T16:55:00,NATURALGAS,2026-07-22,cycles_resampled,train,TREND_UP,TRENDING,SHORT,1.0,4.5,1.0,0.0,0.0,2.032,279.1,0.1,0.226,0.4429,False,False,False,False,True,True,True,2.032,4B_TRAP,False,True,H7_TRAP,279.0,spike,0.927,1.48,0.108,-1.079,-1.187,STOP,False,False,False
2026-07-22T17:00:00,NATURALGAS,2026-07-22,cycles_resampled,train,TREND_UP,FAILED_BREAKOUT,LONG,0.9688,2.4,0.6667,0.3333,0.0,0.862,278.88,0.52,1.12,0.4643,False,True,True,True,False,False,False,0.0,4B_TRAP,False,False,AMBIG,279.4,early,0.418,1.2,0.0,-1.196,-1.435,STOP,False,False,False
2026-07-22T17:10:00,NATURALGAS,2026-07-22,cycles_resampled,train,TREND_UP,FAILED_BREAKOUT,LONG,1.0,3.0,1.0,0.0,0.0,1.726,279.9,0.1,0.192,0.5214,True,True,True,True,False,False,False,0.0,4A_CONT,True,False,H1_CONT,280.0,early,0.927,0.11,3.452,0.0,2.892,T3,True,True,False
2026-07-22T17:20:00,NATURALGAS,2026-07-22,cycles_resampled,train,TREND_UP,TRENDING,LONG,1.0,4.0,0.75,0.25,0.0,1.448,280.8,0.5,0.805,0.6214,False,True,True,True,False,False,False,0.0,4B_TRAP,False,False,AMBIG,281.3,early,0.936,,2.03,-1.282,-1.389,STOP,True,False,False
2026-07-22T17:35:00,NATURALGAS,2026-07-22,cycles_resampled,train,TREND_UP,TRENDING,LONG,0.932,2.0,0.1667,0.3333,0.5,0.173,281.6,0.1,0.173,0.5786,False,False,False,False,True,True,True,1.383,4B_TRAP,False,True,H7_TRAP,281.7,spike,0.418,,0.0,-2.392,-2.632,STOP,False,False,False
2026-07-22T17:45:00,NATURALGAS,2026-07-22,cycles_resampled,train,TREND_UP,TRENDING,SHORT,0.9619,2.333,0.8571,0.0,0.1429,1.024,281.1,0.3,0.512,0.5857,False,False,False,False,True,True,True,2.561,4B_TRAP,False,True,H7_TRAP,280.8,spike,0.621,5.39,0.0,-3.865,-4.026,STOP,False,False,False
2026-07-22T17:50:00,NATURALGAS,2026-07-22,cycles_resampled,train,TREND_UP,TRENDING,LONG,0.9245,2.0,0.5,0.3333,0.1667,0.506,281.4,-0.2,-0.337,0.5929,True,False,False,False,False,False,False,0.0,4A_CONT,False,False,AMBIG,281.2,spike,0.418,1.67,4.785,0.0,2.761,T3,True,True,False
2026-07-22T17:55:00,NATURALGAS,2026-07-22,cycles_resampled,train,TREND_UP,TRENDING,LONG,1.0,6.333,0.6842,0.3158,0.0,1.82,281.9,0.7,0.98,0.7143,False,True,False,False,False,True,True,0.56,4B_TRAP,False,True,H7_TRAP,282.6,early,1.357,,0.074,-1.105,-1.179,STOP,False,False,False
2026-07-22T18:05:00,NATURALGAS,2026-07-22,cycles_resampled,train,TREND_UP,TRENDING,SHORT,0.9908,4.333,0.5385,0.0769,0.3846,0.916,282.3,0.7,0.916,0.7643,True,True,True,True,False,False,False,0.0,4B_TRAP,False,False,H1_WEAK,281.6,early,0.839,1.07,1.788,-1.788,-1.907,STOP,False,False,False
2026-07-22T18:20:00,NATURALGAS,2026-07-22,cycles_resampled,train,TREND_UP,TRENDING,SHORT,0.9732,4.0,0.5833,0.0,0.4167,0.907,281.1,0.1,0.13,0.7714,False,False,False,False,True,True,True,0.389,4B_TRAP,False,True,H7_TRAP,281.0,spike,0.736,4.86,0.136,-1.087,-1.223,STOP,False,False,False
2026-07-22T18:25:00,NATURALGAS,2026-07-22,cycles_resampled,train,TREND_UP,FAILED_BREAKOUT,LONG,0.9646,3.0,0.4444,0.4444,0.1111,0.514,281.8,-0.4,-0.514,0.7786,False,False,False,False,True,True,True,1.284,4B_TRAP,False,True,H7_TRAP,281.4,spike,0.527,0.76,0.0,-1.328,-1.518,STOP,False,False,False
2026-07-22T18:30:00,NATURALGAS,2026-07-22,cycles_resampled,train,TREND_UP,FAILED_BREAKDOWN,LONG,0.9035,2.0,0.3333,0.0,0.6667,0.272,278.94,2.16,2.936,0.7357,True,True,True,True,False,False,False,0.0,4B_TRAP,False,False,H1_WEAK,281.1,early,0.418,1.67,0.239,-1.435,-1.675,STOP,False,False,False
2026-07-22T18:35:00,NATURALGAS,2026-07-22,cycles_resampled,train,TREND_UP,FAILED_BREAKOUT,LONG,0.9304,2.333,0.1429,0.0,0.8571,0.131,278.94,2.26,2.957,0.7643,False,True,True,True,False,False,False,0.0,4B_TRAP,False,False,AMBIG,281.2,early,0.721,0.83,0.139,-1.526,-1.664,STOP,False,False,False
2026-07-22T18:45:00,NATURALGAS,2026-07-22,cycles_resampled,train,TREND_UP,FAILED_BREAKOUT,LONG,0.9316,2.333,0.2857,0.0,0.7143,0.252,278.94,1.66,2.094,0.7929,False,True,True,True,False,False,False,0.0,4A_CONT,False,False,AMBIG,280.6,early,0.521,2.3,4.798,-0.96,2.808,T3,True,True,False
2026-07-22T18:50:00,NATURALGAS,2026-07-22,cycles_resampled,train,TREND_UP,FAILED_BREAKOUT,SHORT,0.9322,2.333,0.5714,0.4286,0.0,0.487,280.5,0.3,0.365,0.8214,False,True,False,False,False,True,True,1.704,4B_TRAP,False,True,H7_TRAP,280.2,early,0.721,4.04,0.139,-1.387,-1.526,STOP,False,False,False
2026-07-22T19:00:00,NATURALGAS,2026-07-22,cycles_resampled,train,TREND_UP,FAILED_BREAKOUT,LONG,0.9333,2.333,0.7143,0.0,0.2857,0.625,280.9,0.3,0.375,0.8,True,True,True,True,False,False,False,0.0,4A_CONT,True,False,H1_CONT,281.2,early,0.721,2.77,3.329,0.0,2.861,T3,True,True,False
2026-07-22T19:05:00,NATURALGAS,2026-07-22,cycles_resampled,train,TREND_UP,FAILED_BREAKOUT,LONG,0.9339,2.333,0.8571,0.1429,0.0,0.84,281.2,0.7,0.98,0.7143,True,True,True,True,False,False,False,0.0,4B_TRAP,True,False,H1_CONT,281.9,early,0.621,2.09,2.738,-1.288,-1.449,STOP,True,False,False
2026-07-22T19:10:00,NATURALGAS,2026-07-22,cycles_resampled,train,TREND_UP,TRENDING,LONG,0.9344,2.667,0.375,0.5,0.125,0.389,282.0,0.7,0.907,0.7714,True,True,True,True,False,False,False,0.0,4B_TRAP,False,False,H1_WEAK,282.7,early,0.424,1.18,2.123,-1.179,-1.415,STOP,True,False,False
2026-07-22T19:20:00,NATURALGAS,2026-07-22,cycles_resampled,train,TREND_UP,TRENDING,LONG,0.9355,2.667,0.125,0.5,0.375,0.137,283.2,0.0,0.0,0.7286,False,False,False,False,True,True,True,1.373,4B_TRAP,False,True,H7_TRAP,283.2,spike,0.424,,0.472,-1.179,-1.415,STOP,False,False,False
2026-07-22T19:35:00,NATURALGAS,2026-07-22,cycles_resampled,train,TREND_UP,TRENDING,SHORT,0.9213,2.333,1.0,0.0,0.0,1.077,282.7,0.5,0.769,0.65,True,True,True,True,False,False,False,0.0,4B_TRAP,True,False,H1_CONT,282.2,early,0.721,6.98,1.526,-1.248,-1.387,STOP,False,False,False
2026-07-22T19:55:00,NATURALGAS,2026-07-22,cycles_resampled,train,TREND_UP,TRENDING,LONG,0.9237,2.333,1.0,0.0,0.0,1.14,282.0,0.5,0.814,0.6143,False,False,False,False,True,True,True,1.465,4B_TRAP,False,True,H7_TRAP,282.5,spike,0.721,0.55,0.0,-1.942,-2.08,STOP,False,False,False
2026-07-22T20:05:00,NATURALGAS,2026-07-22,cycles_resampled,train,TREND_UP,TRENDING,SHORT,0.9248,2.667,0.875,0.125,0.0,1.077,281.4,0.3,0.462,0.65,False,False,False,False,True,True,True,0.615,4B_TRAP,False,True,H7_TRAP,281.1,spike,0.824,4.77,0.0,-1.092,-1.214,STOP,False,False,False
2026-07-22T21:10:00,NATURALGAS,2026-07-22,cycles_resampled,train,TREND_UP,TRENDING,SHORT,0.9247,2.333,0.7143,0.0,0.2857,1.148,281.6,-0.1,-0.23,0.4357,True,False,False,False,False,True,True,0.23,4B_TRAP,False,True,H7_TRAP,281.7,spike,0.521,0.19,1.152,-1.152,-1.344,STOP,False,False,False
2026-07-22T22:00:00,NATURALGAS,2026-07-22,cycles_resampled,train,TREND_UP,TRENDING,LONG,0.9295,2.333,1.0,0.0,0.0,1.75,281.9,0.4,1.0,0.4,True,True,True,True,False,False,False,0.0,4X_AMBIG,True,False,H1_CONT,282.3,early,0.721,1.8,1.942,-0.416,1.803,EOD,False,False,False
2026-07-23T11:05:00,NATURALGAS,2026-07-23,cycles_resampled,train,CHOP,TRENDING,LONG,0.92,2.0,1.0,0.0,0.0,1.697,286.1,0.3,1.273,0.2357,True,True,True,True,False,False,False,0.0,4A_CONT,True,False,H1_CONT,286.4,early,0.412,,3.398,0.0,2.757,T3,True,True,False
2026-07-23T11:10:00,NATURALGAS,2026-07-23,cycles_resampled,train,CHOP,TRENDING,LONG,0.9231,2.0,0.75,0.0,0.25,1.167,286.4,0.5,1.944,0.2571,False,True,True,True,False,False,False,0.0,4B_TRAP,False,False,AMBIG,286.9,early,0.412,,2.67,-1.214,-1.456,STOP,True,False,False
2026-07-23T11:20:00,NATURALGAS,2026-07-23,cycles_resampled,train,CHOP,TRENDING,LONG,1.0,2.5,1.0,0.0,0.0,1.892,287.0,0.4,1.514,0.2643,True,True,True,True,False,False,False,0.0,4B_TRAP,True,False,H1_CONT,287.4,early,0.515,,1.165,-1.359,-1.553,STOP,False,False,False
2026-07-23T11:30:00,NATURALGAS,2026-07-23,cycles_resampled,train,CHOP,TRENDING,LONG,1.0,2.5,0.4,0.0,0.6,0.667,286.1,1.4,4.667,0.3,True,True,True,True,False,False,False,0.0,4B_TRAP,False,False,H1_WEAK,287.5,early,0.315,0.95,1.587,-1.27,-1.587,STOP,False,False,False
2026-07-23T11:50:00,NATURALGAS,2026-07-23,cycles_resampled,train,CHOP,TRENDING,SHORT,1.0,2.5,1.0,0.0,0.0,1.458,287.2,0.0,0.0,0.3429,False,False,False,False,True,True,True,0.292,4A_CONT,False,False,H7_TRAP,287.2,spike,0.515,3.13,3.689,-0.583,2.806,T3,True,True,False
2026-07-23T13:35:00,NATURALGAS,2026-07-23,cycles_resampled,train,CHOP,TRENDING,SHORT,1.0,2.5,1.0,0.0,0.0,1.591,286.7,0.2,0.636,0.3143,False,True,False,False,False,False,False,0.0,4A_CONT,False,False,AMBIG,286.5,early,0.515,2.08,3.689,-0.388,2.806,T3,True,True,False
2026-07-23T14:00:00,NATURALGAS,2026-07-23,cycles_resampled,train,CHOP,FAILED_BREAKOUT,LONG,0.9,2.0,0.75,0.25,0.0,0.955,286.4,-0.1,-0.318,0.3143,False,False,False,False,True,True,True,3.5,4B_TRAP,False,True,H7_TRAP,286.3,spike,0.312,1.28,0.0,-1.603,-1.923,STOP,False,False,False
2026-07-23T14:15:00,NATURALGAS,2026-07-23,cycles_resampled,train,CHOP,FAILED_BREAKOUT,SHORT,1.0,2.5,1.0,0.0,0.0,1.556,285.4,0.1,0.311,0.3214,True,True,True,True,False,False,False,0.0,4B_TRAP,True,False,H1_CONT,285.3,early,0.515,,2.136,-1.165,-1.359,STOP,True,False,False
2026-07-23T14:20:00,NATURALGAS,2026-07-23,cycles_resampled,train,CHOP,FAILED_BREAKOUT,SHORT,1.0,3.5,1.0,0.0,0.0,1.96,285.3,0.7,1.96,0.3571,False,True,True,True,False,False,False,0.0,4B_TRAP,False,False,AMBIG,284.6,early,0.721,,0.555,-1.387,-1.526,STOP,False,False,False
2026-07-23T14:30:00,NATURALGAS,2026-07-23,cycles_resampled,train,CHOP,FAILED_BREAKOUT,SHORT,0.9848,2.4,1.0,0.0,0.0,1.5,284.6,0.4,1.0,0.4,False,False,False,False,True,True,True,1.0,4B_TRAP,False,True,H7_TRAP,284.2,spike,0.618,,0.0,-1.456,-1.618,STOP,False,False,False
2026-07-23T14:35:00,NATURALGAS,2026-07-23,cycles_resampled,train,CHOP,FAILED_BREAKOUT,LONG,0.9701,1.667,1.0,0.0,0.0,1.186,284.8,0.0,0.0,0.4214,True,False,False,False,False,False,False,0.0,4A_CONT,False,False,AMBIG,284.8,spike,0.515,3.11,3.107,-0.583,2.806,T3,True,True,False
2026-07-23T14:40:00,NATURALGAS,2026-07-23,cycles_resampled,train,CHOP,FAILED_BREAKOUT,LONG,0.9706,1.667,0.8,0.2,0.0,0.933,284.8,0.2,0.467,0.4286,False,False,False,False,False,False,False,0.0,4B_TRAP,False,False,AMBIG,285.0,spike,0.415,3.37,0.482,-1.205,-1.446,STOP,False,False,False
2026-07-23T15:20:00,NATURALGAS,2026-07-23,cycles_resampled,train,CHOP,FAILED_BREAKOUT,LONG,0.9737,1.667,0.2,0.4,0.4,0.219,285.6,0.1,0.219,0.4571,False,False,False,False,False,True,True,0.875,4B_TRAP,False,True,H7_TRAP,285.7,spike,0.315,5.17,0.317,-1.587,-1.905,STOP,False,False,False
2026-07-23T15:40:00,NATURALGAS,2026-07-23,cycles_resampled,train,CHOP,FAILED_BREAKOUT,SHORT,0.975,1.667,1.0,0.0,0.0,1.25,285.1,0.4,1.0,0.4,False,False,False,False,True,True,True,1.5,4B_TRAP,False,True,H7_TRAP,284.7,spike,0.515,0.39,0.0,-1.359,-1.553,STOP,False,False,False
2026-07-23T15:45:00,NATURALGAS,2026-07-23,cycles_resampled,train,CHOP,FAILED_BREAKOUT,LONG,1.0,2.333,1.0,0.0,0.0,1.719,285.2,0.2,0.491,0.4071,True,True,True,True,False,False,False,0.0,4A_CONT,True,False,H1_CONT,285.4,early,0.721,0.69,3.467,-0.693,2.861,T3,True,True,False
2026-07-23T15:50:00,NATURALGAS,2026-07-23,cycles_resampled,train,CHOP,FAILED_BREAKOUT,LONG,1.0,2.333,0.5714,0.4286,0.0,0.949,285.9,-0.2,-0.475,0.4214,False,False,False,False,True,True,True,0.712,4B_TRAP,False,True,H7_TRAP,285.7,spike,0.421,0.48,2.85,-1.425,-1.663,STOP,True,False,False
2026-07-23T16:15:00,NATURALGAS,2026-07-23,cycles_resampled,train,CHOP,FAILED_BREAKOUT,LONG,0.954,1.667,0.8,0.2,0.0,0.862,286.3,0.0,0.0,0.4643,True,False,False,False,False,False,False,0.0,4B_TRAP,False,False,AMBIG,286.3,spike,0.415,1.33,1.446,-2.41,-2.651,STOP,False,False,False
2026-07-23T16:30:00,NATURALGAS,2026-07-23,cycles_resampled,train,CHOP,FAILED_BREAKOUT,SHORT,0.9556,1.667,0.0,0.8,0.2,0.0,286.4,-0.1,-0.226,0.4429,True,False,False,False,False,False,False,0.0,4A_CONT,False,False,AMBIG,286.5,spike,0.415,2.17,3.373,-0.482,2.759,T3,True,True,False
2026-07-23T16:35:00,NATURALGAS,2026-07-23,cycles_resampled,train,CHOP,FAILED_BREAKOUT,SHORT,1.0,2.333,1.0,0.0,0.0,1.485,286.4,0.4,0.848,0.4714,False,True,True,True,False,False,False,0.0,4B_TRAP,False,False,AMBIG,286.0,early,0.721,0.55,1.248,-1.11,-1.248,STOP,False,False,False
2026-07-23T16:55:00,NATURALGAS,2026-07-23,cycles_resampled,train,CHOP,FAILED_BREAKOUT,LONG,0.9474,1.667,1.0,0.0,0.0,1.061,285.8,0.1,0.212,0.4714,False,False,False,False,True,True,True,1.061,4B_TRAP,False,True,H7_TRAP,285.9,early,0.515,1.94,0.0,-1.553,-1.748,STOP,False,False,False
2026-07-23T17:00:00,NATURALGAS,2026-07-23,cycles_resampled,train,CHOP,FAILED_BREAKOUT,SHORT,0.9479,2.0,0.6667,0.0,0.3333,0.836,285.27,-0.03,-0.063,0.4786,False,False,False,False,True,True,True,1.734,4B_TRAP,False,True,H7_TRAP,285.3,spike,0.418,0.07,0.0,-1.435,-1.675,STOP,False,False,False
2026-07-23T17:30:00,NATURALGAS,2026-07-23,cycles_resampled,train,CHOP,FAILED_BREAKOUT,LONG,0.9608,2.0,0.3333,0.0,0.6667,0.394,285.7,0.1,0.197,0.5071,True,True,True,False,False,False,True,0.592,4B_TRAP,False,True,H1_WEAK,285.8,spike,0.618,0.97,1.618,-1.456,-1.618,STOP,False,False,False
2026-07-23T17:40:00,NATURALGAS,2026-07-23,cycles_resampled,train,CHOP,FAILED_BREAKOUT,LONG,0.9615,2.0,1.0,0.0,0.0,1.077,286.77,0.03,0.054,0.5571,False,False,False,False,True,True,True,2.459,4B_TRAP,False,True,H7_TRAP,286.8,spike,0.618,1.94,0.0,-3.074,-3.236,STOP,False,False,False
2026-07-23T17:45:00,NATURALGAS,2026-07-23,cycles_resampled,train,CHOP,FAILED_BREAKOUT,SHORT,1.0,5.0,0.6667,0.0,0.3333,1.556,285.2,-0.2,-0.311,0.6429,False,False,False,False,True,True,True,6.067,4B_TRAP,False,True,H7_TRAP,285.4,spike,1.045,0.19,0.096,-2.392,-2.488,STOP,False,False,False
2026-07-23T17:50:00,NATURALGAS,2026-07-23,cycles_resampled,train,CHOP,FAILED_BREAKOUT,LONG,1.0,8.667,0.8077,0.1923,0.0,2.697,286.8,0.6,0.771,0.7786,True,True,True,True,False,False,False,0.0,4B_TRAP,True,False,H1_CONT,287.4,early,2.178,0.28,0.872,-1.148,-1.194,STOP,False,False,False
2026-07-23T17:55:00,NATURALGAS,2026-07-23,cycles_resampled,train,CHOP,FAILED_BREAKDOWN,LONG,0.9813,2.333,0.1429,0.4286,0.4286,0.12,288.0,0.3,0.359,0.8357,True,True,True,True,False,False,False,0.0,4B_TRAP,False,False,H1_WEAK,288.3,spike,0.421,,2.375,-3.325,-3.563,STOP,True,False,False
2026-07-23T18:00:00,NATURALGAS,2026-07-23,cycles_resampled,train,CHOP,TRENDING,LONG,0.9815,4.0,0.5833,0.0833,0.3333,0.778,288.6,0.5,0.556,0.9,True,True,False,False,False,True,True,0.111,4B_TRAP,False,True,H7_TRAP,289.1,early,1.136,,0.176,-1.937,-2.025,STOP,False,False,False
2026-07-23T18:10:00,NATURALGAS,2026-07-23,cycles_resampled,train,CHOP,TRENDING,SHORT,0.9636,2.333,1.0,0.0,0.0,0.797,289.1,0.6,0.683,0.8786,False,False,False,False,True,True,True,0.114,4A_CONT,False,False,H7_TRAP,288.5,early,0.721,4.37,3.606,-0.971,2.861,T3,True,True,False
2026-07-23T18:15:00,NATURALGAS,2026-07-23,cycles_resampled,train,CHOP,TRENDING,LONG,0.973,3.0,0.7778,0.0,0.2222,0.766,289.2,0.0,0.0,0.9143,False,False,False,False,True,True,True,1.641,4B_TRAP,False,True,H7_TRAP,289.2,spike,0.927,0.11,0.0,-2.481,-2.589,STOP,False,False,False
2026-07-23T18:30:00,NATURALGAS,2026-07-23,cycles_resampled,train,CHOP,TRENDING,LONG,0.9825,4.0,0.25,0.0833,0.6667,0.304,287.33,0.37,0.375,0.9857,False,True,False,False,False,True,True,1.045,4B_TRAP,False,True,H7_TRAP,287.7,spike,0.836,1.79,0.0,-2.153,-2.273,STOP,False,False,False
2026-07-23T18:45:00,NATURALGAS,2026-07-23,cycles_resampled,train,CHOP,FAILED_BREAKOUT,SHORT,0.9829,4.333,0.6923,0.0,0.3077,0.846,286.9,0.6,0.564,1.0643,True,True,True,True,False,False,False,0.0,4A_CONT,True,False,H1_CONT,286.3,early,0.939,1.04,3.301,-0.319,2.894,T3,True,True,False
2026-07-23T19:00:00,NATURALGAS,2026-07-23,cycles_resampled,train,CHOP,FAILED_BREAKOUT,SHORT,0.9833,4.333,0.6154,0.0,0.3846,0.918,284.2,-0.1,-0.115,0.8714,False,False,False,False,True,True,True,0.344,4B_TRAP,False,True,H7_TRAP,284.3,spike,0.839,0.12,0.715,-1.311,-1.43,STOP,False,False,False
2026-07-23T20:00:00,NATURALGAS,2026-07-23,cycles_resampled,train,CHOP,FAILED_BREAKOUT,SHORT,0.9697,4.333,0.3846,0.6154,0.0,0.805,285.16,0.56,0.901,0.6214,False,False,False,False,True,True,True,0.386,4B_TRAP,False,True,H7_TRAP,284.6,spike,0.839,0.83,0.596,-1.192,-1.311,STOP,False,False,False
2026-07-23T20:05:00,NATURALGAS,2026-07-23,cycles_resampled,train,CHOP,FAILED_BREAKOUT,LONG,0.9699,4.333,0.7692,0.0,0.2308,1.489,285.4,0.0,0.0,0.6714,False,False,False,False,True,True,True,0.745,4B_TRAP,False,True,H7_TRAP,285.4,spike,1.339,1.48,0.896,-1.344,-1.419,STOP,False,False,False
2026-07-23T20:20:00,NATURALGAS,2026-07-23,cycles_resampled,train,CHOP,FAILED_BREAKOUT,LONG,0.9338,2.333,0.5714,0.4286,0.0,0.629,285.4,-0.1,-0.157,0.6357,True,False,False,False,False,False,True,1.101,4B_TRAP,False,True,AMBIG,285.3,spike,0.421,0.24,1.663,-1.425,-1.663,STOP,False,False,False
2026-07-23T20:25:00,NATURALGAS,2026-07-23,cycles_resampled,train,CHOP,FAILED_BREAKOUT,LONG,0.9343,2.667,0.5,0.125,0.375,0.609,285.6,0.3,0.457,0.6571,True,True,False,False,False,True,True,1.37,4B_TRAP,False,True,H7_TRAP,285.9,spike,0.724,1.55,0.138,-1.657,-1.796,STOP,False,False,False
2026-07-23T20:35:00,NATURALGAS,2026-07-23,cycles_resampled,train,CHOP,FAILED_BREAKOUT,SHORT,0.9424,3.667,1.0,0.0,0.0,1.51,284.9,0.2,0.275,0.7286,False,False,False,False,True,True,True,1.373,4B_TRAP,False,True,H7_TRAP,284.7,spike,1.133,0.11,0.0,-1.059,-1.147,STOP,False,False,False
2026-07-23T20:40:00,NATURALGAS,2026-07-23,cycles_resampled,train,CHOP,FAILED_BREAKOUT,LONG,0.9429,3.667,0.8182,0.1818,0.0,1.145,285.8,-0.2,-0.255,0.7857,True,False,False,False,False,True,True,0.509,4B_TRAP,False,True,H7_TRAP,285.6,spike,0.933,0.43,1.072,-1.393,-1.501,STOP,False,False,False
2026-07-23T21:00:00,NATURALGAS,2026-07-23,cycles_resampled,train,CHOP,FAILED_BREAKOUT,LONG,0.9167,2.667,0.75,0.25,0.0,0.75,286.2,0.0,0.0,0.8,True,False,False,False,False,True,True,1.125,4B_TRAP,False,True,H7_TRAP,286.2,spike,0.624,1.14,0.641,-1.763,-1.923,STOP,False,False,False
2026-07-23T21:15:00,NATURALGAS,2026-07-23,cycles_resampled,train,CHOP,FAILED_BREAKOUT,SHORT,0.932,3.667,0.6364,0.1818,0.1818,1.0,285.4,0.1,0.143,0.7,True,True,True,False,False,False,True,0.286,4A_CONT,True,False,H1_CONT,285.3,early,0.933,0.78,3.323,-0.536,2.893,T3,True,True,False
2026-07-23T21:45:00,NATURALGAS,2026-07-23,cycles_resampled,train,CHOP,FAILED_BREAKOUT,SHORT,0.9281,2.5,0.6,0.2,0.2,0.955,284.57,0.07,0.111,0.6286,True,True,True,True,False,False,False,0.0,4A_CONT,True,False,H1_CONT,284.5,spike,0.83,0.96,2.771,-0.12,0.12,EOD,True,False,False
2026-07-23T21:50:00,NATURALGAS,2026-07-23,cycles_resampled,train,CHOP,FAILED_BREAKOUT,SHORT,0.9286,2.5,1.0,0.0,0.0,1.609,283.7,0.1,0.161,0.6214,False,False,False,False,False,True,True,0.483,4X_AMBIG,False,False,H7_TRAP,283.6,spike,1.03,,1.359,-0.777,-0.777,EOD,False,False,False
2026-07-23T22:50:00,NATURALGAS,2026-07-23,cycles_resampled,train,CHOP,FAILED_BREAKOUT,SHORT,0.9157,2.0,0.875,0.0,0.125,1.225,283.2,0.1,0.175,0.5714,True,True,False,False,False,True,True,0.175,4B_TRAP,False,True,H7_TRAP,283.1,early,0.724,,1.243,-1.381,-1.519,STOP,False,False,False
2026-07-23T23:00:00,NATURALGAS,2026-07-23,cycles_resampled,train,CHOP,FAILED_BREAKOUT,LONG,0.9345,2.5,0.9,0.1,0.0,1.595,283.0,0.3,0.532,0.5643,False,False,False,False,True,True,True,0.532,4X_AMBIG,False,False,H7_TRAP,283.3,spike,0.93,0.54,1.183,-0.753,1.183,EOD,False,False,False
2026-07-24T10:20:00,NATURALGAS,2026-07-24,cycles_resampled,train,TREND_DOWN,TRENDING,SHORT,1.0,4.0,0.8333,0.1667,0.0,2.745,282.3,0.7,1.922,0.3643,False,True,True,True,False,False,False,0.0,4B_TRAP,False,False,AMBIG,281.6,early,1.236,,2.67,-1.294,-1.375,STOP,True,False,False
2026-07-24T10:40:00,NATURALGAS,2026-07-24,cycles_resampled,train,TREND_DOWN,TRENDING,SHORT,0.95,2.333,0.7143,0.0,0.2857,1.273,281.2,0.2,0.509,0.3929,False,False,False,False,True,True,True,1.018,4B_TRAP,False,True,H7_TRAP,281.0,spike,0.521,,0.0,-1.152,-1.344,STOP,False,False,False
2026-07-24T11:10:00,NATURALGAS,2026-07-24,cycles_resampled,train,TREND_DOWN,TRENDING,SHORT,0.9231,2.0,0.8333,0.1667,0.0,1.25,280.8,0.1,0.25,0.4,True,True,True,True,False,False,False,0.0,4A_CONT,True,False,H1_CONT,280.7,spike,0.618,,3.236,-0.324,2.838,T3,True,True,False
2026-07-24T11:35:00,NATURALGAS,2026-07-24,cycles_resampled,train,TREND_DOWN,TRENDING,SHORT,0.9355,2.0,0.5,0.1667,0.3333,0.778,280.0,0.4,1.037,0.3857,False,False,False,False,False,False,False,0.0,4B_TRAP,False,False,AMBIG,279.6,spike,0.418,,0.0,-1.675,-1.914,STOP,False,False,False
2026-07-24T11:40:00,NATURALGAS,2026-07-24,cycles_resampled,train,TREND_DOWN,TRENDING,LONG,0.9688,2.333,0.5714,0.4286,0.0,1.0,280.0,0.0,0.0,0.4,True,False,False,False,False,True,True,0.5,4B_TRAP,False,True,H7_TRAP,280.0,spike,0.421,3.8,0.713,-1.188,-1.425,STOP,False,False,False
2026-07-24T12:35:00,NATURALGAS,2026-07-24,cycles_resampled,train,TREND_DOWN,TRENDING,SHORT,0.9302,2.0,0.6667,0.3333,0.0,0.982,278.9,0.2,0.491,0.4071,False,True,False,False,False,False,True,1.228,4B_TRAP,False,True,AMBIG,278.7,early,0.618,,0.324,-1.133,-1.294,STOP,False,False,False
2026-07-24T15:20:00,NATURALGAS,2026-07-24,cycles_resampled,train,TREND_DOWN,TRENDING,SHORT,0.96,2.0,0.3333,0.6667,0.0,0.651,278.4,-0.2,-0.651,0.3071,False,False,False,False,True,True,True,1.953,4B_TRAP,False,True,H7_TRAP,278.6,spike,0.418,0.6,0.239,-1.196,-1.435,STOP,False,False,False
2026-07-24T16:30:00,NATURALGAS,2026-07-24,cycles_resampled,train,TREND_DOWN,TRENDING,SHORT,0.9888,2.667,1.0,0.0,0.0,2.074,278.8,0.0,0.0,0.3857,False,False,False,False,True,True,True,1.815,4B_TRAP,False,True,H7_TRAP,278.8,spike,0.824,0.55,0.0,-1.456,-1.578,STOP,False,False,False
2026-07-24T16:40:00,NATURALGAS,2026-07-24,cycles_resampled,train,TREND_DOWN,TRENDING,SHORT,0.9011,1.667,0.6,0.4,0.0,0.75,278.8,0.0,0.0,0.4,False,False,False,False,True,True,True,2.5,4B_TRAP,False,True,H7_TRAP,278.8,spike,0.515,0.87,0.0,-1.359,-1.553,STOP,False,False,False
2026-07-24T16:45:00,NATURALGAS,2026-07-24,cycles_resampled,train,TREND_DOWN,TRENDING,LONG,0.9565,2.0,1.0,0.0,0.0,1.4,279.3,0.2,0.467,0.4286,True,True,True,True,False,False,False,0.0,4A_CONT,True,False,H1_CONT,279.5,spike,0.618,0.65,3.074,-0.485,2.838,T3,True,True,False
2026-07-24T17:15:00,NATURALGAS,2026-07-24,cycles_resampled,train,TREND_DOWN,TRENDING,LONG,0.9898,2.667,1.0,0.0,0.0,1.75,280.33,0.47,1.028,0.4571,True,True,True,True,False,False,False,0.0,4A_CONT,True,False,H1_CONT,280.8,early,0.824,3.03,4.126,-0.364,2.879,T3,True,True,False
2026-07-24T17:25:00,NATURALGAS,2026-07-24,cycles_resampled,train,TREND_DOWN,TRENDING,SHORT,0.99,3.0,0.5556,0.3333,0.1111,1.0,280.5,-0.1,-0.2,0.5,False,False,False,False,True,True,True,5.2,4B_TRAP,False,True,H7_TRAP,280.6,spike,0.827,1.33,0.0,-1.693,-1.814,STOP,False,False,False
2026-07-24T17:30:00,NATURALGAS,2026-07-24,cycles_resampled,train,TREND_DOWN,TRENDING,LONG,1.0,4.0,1.0,0.0,0.0,2.074,281.4,0.6,1.037,0.5786,True,True,True,True,False,False,False,0.0,4B_TRAP,True,False,H1_CONT,282.0,early,1.236,1.05,2.589,-1.052,-1.133,STOP,True,False,False
2026-07-24T17:35:00,NATURALGAS,2026-07-24,cycles_resampled,train,TREND_DOWN,FAILED_BREAKDOWN,LONG,1.0,5.0,0.8667,0.0667,0.0667,1.957,282.0,1.1,1.656,0.6643,False,True,True,True,False,False,False,0.0,4B_TRAP,False,False,AMBIG,283.1,early,1.445,0.14,1.453,-1.453,-1.522,STOP,False,False,False
2026-07-24T17:50:00,NATURALGAS,2026-07-24,cycles_resampled,train,TREND_DOWN,FAILED_BREAKDOWN,LONG,0.9429,2.333,0.4286,0.2857,0.2857,0.424,282.4,0.3,0.424,0.7071,False,True,True,True,False,False,False,0.0,4A_CONT,False,False,AMBIG,282.7,early,0.521,0.96,3.263,-0.192,2.808,T3,True,True,False
2026-07-24T18:00:00,NATURALGAS,2026-07-24,cycles_resampled,train,TREND_DOWN,FAILED_BREAKDOWN,LONG,0.972,3.667,1.0,0.0,0.0,1.426,283.3,0.9,1.167,0.7714,True,True,True,True,False,False,False,0.0,4B_TRAP,True,False,H1_CONT,284.2,early,1.133,,0.883,-1.589,-1.677,STOP,False,False,False
2026-07-24T18:10:00,NATURALGAS,2026-07-24,cycles_resampled,train,TREND_DOWN,FAILED_BREAKDOWN,LONG,0.9358,2.333,0.5714,0.4286,0.0,0.491,284.4,0.5,0.614,0.8143,True,True,True,True,False,False,False,0.0,4B_TRAP,True,False,H1_CONT,284.9,spike,0.421,,0.475,-1.663,-1.9,STOP,False,False,False
2026-07-24T18:15:00,NATURALGAS,2026-07-24,cycles_resampled,train,TREND_DOWN,FAILED_BREAKDOWN,LONG,0.9636,3.0,0.4444,0.1111,0.4444,0.475,282.9,2.1,2.492,0.8429,True,True,True,True,False,False,False,0.0,4B_TRAP,False,False,H1_WEAK,285.0,early,0.827,0.24,0.242,-1.572,-1.693,STOP,False,False,False
2026-07-24T18:40:00,NATURALGAS,2026-07-24,cycles_resampled,train,TREND_DOWN,FAILED_BREAKDOWN,SHORT,1.0,3.75,1.0,0.0,0.0,1.858,284.3,0.6,0.743,0.8071,False,False,False,False,False,False,False,0.0,4A_CONT,False,False,AMBIG,283.7,spike,1.545,3.45,3.172,-0.583,2.935,T3,True,True,False
2026-07-24T18:45:00,NATURALGAS,2026-07-24,cycles_resampled,train,TREND_DOWN,FAILED_BREAKDOWN,LONG,0.9224,1.75,0.5714,0.4286,0.0,0.523,281.53,2.77,3.624,0.7643,False,True,True,True,False,False,False,0.0,4B_TRAP,False,False,AMBIG,284.3,early,0.421,2.14,0.475,-2.613,-2.85,STOP,False,False,False
2026-07-24T19:05:00,NATURALGAS,2026-07-24,cycles_resampled,train,TREND_DOWN,FAILED_BREAKDOWN,SHORT,0.9167,1.75,0.8571,0.0,0.1429,0.8,283.9,0.6,0.8,0.75,True,True,True,True,False,False,False,0.0,4A_CONT,True,False,H1_CONT,283.3,early,0.621,7.94,3.704,-0.161,2.839,T3,True,True,False
2026-07-24T19:10:00,NATURALGAS,2026-07-24,cycles_resampled,train,TREND_DOWN,FAILED_BREAKDOWN,SHORT,0.9587,2.5,0.7,0.1,0.2,0.99,283.2,0.6,0.848,0.7071,True,True,True,True,False,False,False,0.0,4B_TRAP,True,False,H1_CONT,282.6,early,0.83,5.1,2.651,-1.446,-1.566,STOP,True,False,False
2026-07-24T19:15:00,NATURALGAS,2026-07-24,cycles_resampled,train,TREND_DOWN,FAILED_BREAKOUT,SHORT,0.959,2.5,0.7,0.0,0.3,0.891,282.4,1.1,1.4,0.7857,True,True,True,True,False,False,False,0.0,4B_TRAP,True,False,H1_CONT,281.3,early,0.73,4.01,1.233,-2.74,-2.877,STOP,False,False,False
2026-07-24T19:20:00,NATURALGAS,2026-07-24,cycles_resampled,train,TREND_DOWN,FAILED_BREAKOUT,SHORT,0.9675,2.75,0.3636,0.4545,0.1818,0.496,281.0,0.1,0.124,0.8071,True,True,False,False,False,True,True,1.115,4B_TRAP,False,True,H7_TRAP,280.9,spike,0.933,2.71,0.536,-1.072,-1.179,STOP,False,False,False
2026-07-24T19:30:00,NATURALGAS,2026-07-24,cycles_resampled,train,TREND_DOWN,FAILED_BREAKOUT,LONG,0.984,3.0,0.4167,0.0833,0.5,0.598,281.1,0.4,0.479,0.8357,True,True,True,True,False,False,False,0.0,4B_TRAP,False,False,H1_WEAK,281.5,early,1.136,0.28,2.113,-2.113,-2.201,STOP,True,False,False
2026-07-24T19:45:00,NATURALGAS,2026-07-24,cycles_resampled,train,TREND_DOWN,FAILED_BREAKOUT,LONG,0.9297,2.25,1.0,0.0,0.0,0.947,283.3,0.5,0.526,0.95,False,False,False,False,True,True,True,0.526,4B_TRAP,False,True,H7_TRAP,283.8,spike,0.927,0.65,0.0,-1.187,-1.294,STOP,False,False,False
2026-07-24T19:50:00,NATURALGAS,2026-07-24,cycles_resampled,train,TREND_DOWN,FAILED_BREAKDOWN,SHORT,0.9457,2.5,0.8,0.1,0.1,0.868,282.9,0.1,0.109,0.9214,True,False,False,False,True,True,True,0.217,4B_TRAP,False,True,H7_TRAP,282.8,spike,0.93,2.58,0.645,-1.183,-1.29,STOP,False,False,False
2026-07-24T20:15:00,NATURALGAS,2026-07-24,cycles_resampled,train,TREND_DOWN,FAILED_BREAKOUT,LONG,0.903,2.0,0.25,0.125,0.625,0.222,282.54,0.16,0.178,0.9,True,True,True,True,False,False,False,0.0,4B_TRAP,False,False,H1_WEAK,282.7,early,0.524,1.34,2.29,-1.908,-2.099,STOP,True,False,False
2026-07-24T20:20:00,NATURALGAS,2026-07-24,cycles_resampled,train,TREND_DOWN,FAILED_BREAKOUT,LONG,0.9259,2.25,0.4444,0.4444,0.1111,0.448,283.4,-0.2,-0.224,0.8929,True,False,False,False,False,False,True,0.56,4B_TRAP,False,True,AMBIG,283.2,spike,0.527,0.38,1.328,-1.518,-1.708,STOP,False,False,False
2026-07-24T20:35:00,NATURALGAS,2026-07-24,cycles_resampled,train,TREND_DOWN,FAILED_BREAKDOWN,SHORT,0.9493,2.5,0.6,0.4,0.0,0.771,283.5,0.6,0.771,0.7786,True,True,True,True,False,False,False,0.0,4A_CONT,True,False,H1_CONT,282.9,early,1.03,0.68,3.689,0.0,2.903,T3,True,True,False
2026-07-24T21:10:00,NATURALGAS,2026-07-24,cycles_resampled,train,TREND_DOWN,FAILED_BREAKOUT,LONG,0.9517,2.5,0.7,0.3,0.0,1.054,281.9,0.1,0.151,0.6643,True,True,True,False,False,False,True,0.301,4B_TRAP,True,True,H1_CONT,282.0,early,0.73,0.74,0.822,-1.644,-1.781,STOP,False,False,False
2026-07-24T21:50:00,NATURALGAS,2026-07-24,cycles_resampled,train,TREND_DOWN,FAILED_BREAKOUT,SHORT,0.902,2.25,0.7778,0.1111,0.1111,1.101,280.8,-0.1,-0.157,0.6357,False,False,False,False,True,True,True,0.472,4A_CONT,False,False,H7_TRAP,280.9,early,0.827,0.12,3.386,-0.484,2.879,T3,True,True,False
2026-07-24T22:05:00,NATURALGAS,2026-07-24,cycles_resampled,train,TREND_DOWN,FAILED_BREAKOUT,SHORT,0.9872,3.5,1.0,0.0,0.0,2.154,280.8,1.7,2.615,0.65,False,True,True,True,False,False,False,0.0,4A_CONT,False,False,AMBIG,279.1,early,1.442,0.51,2.288,-0.416,1.734,EOD,True,False,False
2026-07-27T10:20:00,NATURALGAS,2026-07-27,cycles_resampled,train,TREND_DOWN,TRENDING,LONG,0.9375,2.8,0.7143,0.0,0.2857,1.892,268.3,0.4,1.514,0.2643,True,True,True,True,False,False,False,0.0,4B_TRAP,True,False,H1_CONT,268.7,early,0.721,0.01,1.526,-1.664,-1.803,STOP,False,False,False
2026-07-27T11:45:00,NATURALGAS,2026-07-27,cycles_resampled,train,TREND_DOWN,TRENDING,SHORT,1.0,5.0,0.8,0.1,0.1,2.435,267.9,0.3,0.913,0.3286,False,True,True,True,False,False,False,0.0,4A_CONT,False,False,AMBIG,267.6,early,0.93,,3.011,-0.215,2.892,T3,True,True,False
2026-07-27T12:00:00,NATURALGAS,2026-07-27,cycles_resampled,train,TREND_DOWN,TRENDING,SHORT,1.0,13.0,0.8846,0.0,0.1154,4.411,267.4,2.1,4.027,0.5214,True,True,True,True,False,False,False,0.0,4B_TRAP,True,False,H1_CONT,265.3,early,2.378,,1.346,-1.009,-1.051,STOP,False,False,False
2026-07-27T12:05:00,NATURALGAS,2026-07-27,cycles_resampled,train,TREND_DOWN,TRENDING,SHORT,0.9189,3.5,0.8571,0.0,0.1429,1.135,265.0,0.1,0.189,0.5286,False,False,False,False,True,True,True,0.568,4B_TRAP,False,True,H7_TRAP,264.9,spike,0.621,,0.322,-1.288,-1.449,STOP,False,False,False
2026-07-27T12:30:00,NATURALGAS,2026-07-27,cycles_resampled,train,TREND_DOWN,TRENDING,LONG,0.9286,2.667,0.75,0.0,0.25,0.977,265.3,0.4,0.651,0.6143,False,False,False,False,True,True,True,2.93,4B_TRAP,False,True,H7_TRAP,265.7,spike,0.824,4.34,0.243,-1.942,-2.063,STOP,False,False,False
2026-07-27T12:35:00,NATURALGAS,2026-07-27,cycles_resampled,train,TREND_DOWN,TRENDING,SHORT,0.907,2.667,1.0,0.0,0.0,1.244,267.96,2.86,4.449,0.6429,True,True,True,True,False,False,False,0.0,4A_CONT,True,False,H1_CONT,265.1,early,0.824,0.49,3.034,0.0,2.879,T3,True,True,False
2026-07-27T12:50:00,NATURALGAS,2026-07-27,cycles_resampled,train,TREND_DOWN,TRENDING,SHORT,0.9783,3.333,1.0,0.0,0.0,1.296,263.5,0.7,0.907,0.7714,True,True,True,True,False,False,False,0.0,4B_TRAP,True,False,H1_CONT,262.8,early,1.03,,0.68,-1.068,-1.165,STOP,False,False,False
2026-07-27T14:15:00,NATURALGAS,2026-07-27,cycles_resampled,train,TREND_DOWN,TRENDING,LONG,0.9365,2.667,1.0,0.0,0.0,1.836,262.9,0.2,0.459,0.4357,True,True,True,True,False,False,False,0.0,4A_CONT,True,False,H1_CONT,263.1,early,0.824,8.28,3.883,-0.485,2.879,T3,True,True,False
2026-07-27T16:00:00,NATURALGAS,2026-07-27,cycles_resampled,train,TREND_DOWN,TRENDING,LONG,0.9518,2.667,1.0,0.0,0.0,2.036,263.1,0.7,1.782,0.3929,False,True,True,True,False,False,False,0.0,4A_CONT,False,False,AMBIG,263.8,early,0.824,0.36,3.034,-0.243,2.879,T3,True,True,False
2026-07-27T16:15:00,NATURALGAS,2026-07-27,cycles_resampled,train,TREND_DOWN,TRENDING,LONG,0.907,2.333,0.7143,0.0,0.2857,1.228,264.1,0.4,0.982,0.4071,False,True,True,True,False,False,False,0.0,4A_CONT,False,False,AMBIG,264.5,early,0.721,5.23,3.19,-0.555,2.861,T3,True,True,False
2026-07-27T16:30:00,NATURALGAS,2026-07-27,cycles_resampled,train,TREND_DOWN,TRENDING,LONG,0.9888,4.0,0.8333,0.1667,0.0,1.972,264.9,0.4,0.789,0.5071,True,True,False,False,False,True,True,0.394,4B_TRAP,False,True,H7_TRAP,265.3,early,1.036,2.87,2.799,-1.158,-1.255,STOP,True,False,False
2026-07-27T16:40:00,NATURALGAS,2026-07-27,cycles_resampled,train,TREND_DOWN,TRENDING,SHORT,0.9451,2.667,1.0,0.0,0.0,1.493,265.0,0.3,0.56,0.5357,False,False,False,False,True,True,True,2.427,4B_TRAP,False,True,H7_TRAP,264.7,spike,0.824,0.73,0.0,-1.942,-2.063,STOP,False,False,False
2026-07-27T16:45:00,NATURALGAS,2026-07-27,cycles_resampled,train,TREND_DOWN,TRENDING,LONG,0.9891,5.333,1.0,0.0,0.0,2.575,265.5,0.8,1.287,0.6214,False,True,True,False,False,False,True,0.805,4B_TRAP,False,True,AMBIG,266.3,spike,1.648,1.2,0.0,-1.032,-1.092,STOP,False,False,False
2026-07-27T17:00:00,NATURALGAS,2026-07-27,cycles_resampled,train,TREND_DOWN,FAILED_BREAKOUT,SHORT,0.9684,3.667,1.0,0.0,0.0,1.54,265.6,0.6,0.84,0.7143,False,True,True,True,False,False,False,0.0,4B_TRAP,False,False,AMBIG,265.0,early,1.133,0.26,0.441,-1.589,-1.677,STOP,False,False,False
2026-07-27T17:20:00,NATURALGAS,2026-07-27,cycles_resampled,train,TREND_DOWN,TRENDING,SHORT,0.9394,3.0,0.5556,0.4444,0.0,0.642,264.6,0.1,0.128,0.7786,False,False,False,False,True,True,True,2.954,4B_TRAP,False,True,H7_TRAP,264.5,spike,0.927,2.5,0.0,-2.481,-2.589,STOP,False,False,False
2026-07-27T17:30:00,NATURALGAS,2026-07-27,cycles_resampled,train,TREND_DOWN,TRENDING,LONG,0.9802,4.0,0.4167,0.5833,0.0,0.598,265.5,0.6,0.718,0.8357,True,True,True,False,False,False,True,0.359,4B_TRAP,False,True,H1_WEAK,266.1,early,0.536,3.75,1.679,-1.679,-1.866,STOP,False,False,False
2026-07-27T17:40:00,NATURALGAS,2026-07-27,cycles_resampled,train,TREND_DOWN,FAILED_BREAKOUT,SHORT,0.9515,3.333,0.7,0.3,0.0,0.797,266.8,1.0,1.138,0.8786,True,True,True,True,False,False,False,0.0,4B_TRAP,True,False,H1_CONT,265.8,early,1.03,1.26,0.68,-1.553,-1.65,STOP,False,False,False
2026-07-27T18:00:00,NATURALGAS,2026-07-27,cycles_resampled,train,TREND_DOWN,TRENDING,LONG,0.9813,3.0,1.0,0.0,0.0,1.527,265.5,0.9,1.145,0.7857,True,True,True,True,False,False,False,0.0,4B_TRAP,True,False,H1_CONT,266.4,early,1.236,0.49,1.456,-1.294,-1.375,STOP,False,False,False
2026-07-27T18:15:00,NATURALGAS,2026-07-27,cycles_resampled,train,TREND_DOWN,FAILED_BREAKOUT,LONG,0.9455,2.5,1.0,0.0,0.0,1.273,266.4,1.0,1.273,0.7857,True,True,True,True,False,False,False,0.0,4B_TRAP,True,False,H1_CONT,267.4,spike,1.03,0.52,0.097,-1.165,-1.262,STOP,False,False,False
2026-07-27T18:20:00,NATURALGAS,2026-07-27,cycles_resampled,train,TREND_DOWN,FAILED_BREAKOUT,LONG,0.982,3.25,0.3077,0.0,0.6923,0.479,267.4,0.1,0.12,0.8357,False,False,False,False,True,True,True,1.077,4B_TRAP,False,True,H7_TRAP,267.5,spike,1.339,0.33,0.523,-1.568,-1.643,STOP,False,False,False
2026-07-27T18:30:00,NATURALGAS,2026-07-27,cycles_resampled,train,TREND_DOWN,FAILED_BREAKOUT,LONG,0.9292,2.5,0.7,0.1,0.2,0.772,266.4,1.1,1.213,0.9071,False,True,True,True,False,False,False,0.0,4B_TRAP,False,False,AMBIG,267.5,early,0.93,0.3,0.753,-1.075,-1.183,STOP,False,False,False
2026-07-27T18:55:00,NATURALGAS,2026-07-27,cycles_resampled,train,TREND_DOWN,FAILED_BREAKDOWN,SHORT,0.9322,2.5,0.8,0.2,0.0,0.926,267.6,0.4,0.463,0.8643,True,True,True,True,False,False,False,0.0,4A_CONT,True,False,H1_CONT,267.2,spike,1.03,0.1,3.01,-0.485,2.903,T3,True,True,False
2026-07-27T21:50:00,NATURALGAS,2026-07-27,cycles_resampled,train,TREND_DOWN,FAILED_BREAKOUT,SHORT,0.9477,2.5,1.0,0.0,0.0,2.222,266.9,0.8,1.778,0.45,True,True,True,True,False,False,False,0.0,4X_AMBIG,True,False,H1_CONT,266.1,early,1.03,0.97,1.942,0.0,1.65,EOD,False,False,False
2026-07-27T21:55:00,NATURALGAS,2026-07-27,cycles_resampled,train,TREND_DOWN,FAILED_BREAKOUT,SHORT,0.9481,2.5,1.0,0.0,0.0,2.029,265.1,0.1,0.203,0.4929,False,False,False,False,False,True,True,0.406,4X_AMBIG,False,False,H7_TRAP,265.0,spike,1.03,2.74,0.874,-0.68,0.583,EOD,False,False,False
2026-07-28T11:20:00,NATURALGAS,2026-07-28,cycles_resampled,train,TREND_DOWN,TRENDING,LONG,0.9231,2.0,0.5,0.5,0.0,0.933,262.2,-0.1,-0.467,0.2143,False,False,False,False,True,True,True,0.933,4B_TRAP,False,True,H7_TRAP,262.1,spike,0.212,0.47,1.415,-2.358,-2.83,STOP,False,False,False
2026-07-28T12:05:00,NATURALGAS,2026-07-28,cycles_resampled,train,TREND_DOWN,TRENDING,SHORT,0.9714,3.0,1.0,0.0,0.0,1.867,260.9,0.2,0.622,0.3214,False,False,False,False,True,True,True,1.244,4B_TRAP,False,True,H7_TRAP,260.7,spike,0.618,,0.162,-1.294,-1.456,STOP,False,False,False
2026-07-28T12:10:00,NATURALGAS,2026-07-28,cycles_resampled,train,TREND_DOWN,TRENDING,LONG,0.9722,3.5,0.7143,0.0,0.2857,1.4,261.3,0.0,0.0,0.3571,False,False,False,False,True,True,True,0.84,4B_TRAP,False,True,H7_TRAP,261.3,spike,0.721,0.8,1.526,-1.248,-1.387,STOP,False,False,False
2026-07-28T12:35:00,NATURALGAS,2026-07-28,cycles_resampled,train,TREND_DOWN,TRENDING,LONG,0.9756,3.5,0.1429,0.5714,0.2857,0.286,261.3,-0.2,-0.571,0.35,True,False,False,False,False,False,False,0.0,4A_CONT,False,False,AMBIG,261.1,spike,0.321,0.62,3.427,-0.312,2.688,T3,True,True,False
2026-07-28T12:40:00,NATURALGAS,2026-07-28,cycles_resampled,train,TREND_DOWN,TRENDING,LONG,0.9048,2.5,0.6,0.4,0.0,0.808,261.5,-0.1,-0.269,0.3714,True,False,False,False,False,True,True,1.077,4B_TRAP,False,True,H7_TRAP,261.4,spike,0.315,2.19,1.27,-1.27,-1.587,STOP,False,False,False
2026-07-28T13:10:00,NATURALGAS,2026-07-28,cycles_resampled,train,TREND_DOWN,TRENDING,LONG,0.9167,2.0,0.5,0.3333,0.1667,0.764,261.81,-0.11,-0.28,0.3929,True,False,False,False,False,True,True,0.28,4B_TRAP,False,True,H7_TRAP,261.7,spike,0.418,0.24,1.675,-1.196,-1.435,STOP,False,False,False
2026-07-28T13:30:00,NATURALGAS,2026-07-28,cycles_resampled,train,TREND_DOWN,TRENDING,LONG,0.9808,2.667,1.0,0.0,0.0,2.074,262.2,0.2,0.519,0.3857,False,False,False,False,True,True,True,1.556,4B_TRAP,False,True,H7_TRAP,262.4,spike,0.824,0.49,0.0,-1.335,-1.456,STOP,False,False,False
2026-07-28T14:20:00,NATURALGAS,2026-07-28,cycles_resampled,train,TREND_DOWN,TRENDING,LONG,0.9836,2.667,1.0,0.0,0.0,2.0,261.6,0.4,1.0,0.4,True,True,True,True,False,False,False,0.0,4B_TRAP,True,False,H1_CONT,262.0,early,0.824,0.22,0.243,-1.092,-1.214,STOP,False,False,False
2026-07-28T15:15:00,NATURALGAS,2026-07-28,cycles_resampled,train,TREND_DOWN,TRENDING,SHORT,0.9014,1.667,0.4,0.0,0.6,0.622,261.3,-0.1,-0.311,0.3214,True,False,False,False,False,False,False,0.0,4A_CONT,False,False,AMBIG,261.4,early,0.215,0.47,4.651,0.0,2.535,T3,True,True,False
2026-07-28T15:30:00,NATURALGAS,2026-07-28,cycles_resampled,train,TREND_DOWN,TRENDING,SHORT,0.9054,1.667,0.2,0.6,0.2,0.286,261.3,0.7,2.0,0.35,False,True,True,False,False,False,True,6.571,4B_TRAP,False,True,AMBIG,260.6,early,0.415,0.48,0.482,-1.446,-1.687,STOP,False,False,False
2026-07-28T15:35:00,NATURALGAS,2026-07-28,cycles_resampled,train,TREND_DOWN,TRENDING,LONG,0.9333,2.0,0.5,0.1667,0.3333,0.764,261.0,-0.1,-0.255,0.3929,False,False,False,False,True,True,True,0.255,4A_CONT,False,False,H7_TRAP,260.9,early,0.518,1.35,6.178,-0.193,2.807,T3,True,True,True
2026-07-28T15:45:00,NATURALGAS,2026-07-28,cycles_resampled,train,TREND_DOWN,TRENDING,LONG,1.0,7.667,0.7826,0.2174,0.0,3.036,262.8,0.8,1.349,0.5929,False,True,True,True,False,False,False,0.0,4B_TRAP,False,False,AMBIG,263.6,early,1.869,,0.589,-1.07,-1.124,STOP,False,False,False
2026-07-28T16:00:00,NATURALGAS,2026-07-28,cycles_resampled,train,TREND_DOWN,FAILED_BREAKDOWN,LONG,0.975,3.0,0.6667,0.3333,0.0,0.792,264.2,0.2,0.264,0.7571,False,False,False,False,True,True,True,1.849,4B_TRAP,False,True,H7_TRAP,264.4,spike,0.627,,0.319,-1.754,-1.914,STOP,False,False,False
2026-07-28T16:05:00,NATURALGAS,2026-07-28,cycles_resampled,train,TREND_DOWN,FAILED_BREAKDOWN,SHORT,0.9877,4.333,0.7692,0.1538,0.0769,1.228,263.8,0.4,0.491,0.8143,False,True,True,True,False,False,False,0.0,4A_CONT,False,False,AMBIG,263.4,spike,1.239,1.69,3.067,-0.404,2.919,T3,True,True,False
2026-07-28T16:15:00,NATURALGAS,2026-07-28,cycles_resampled,train,TREND_DOWN,FAILED_BREAKDOWN,SHORT,0.9639,3.0,1.0,0.0,0.0,1.05,263.3,0.5,0.583,0.8571,True,True,True,True,False,False,False,0.0,4A_CONT,True,False,H1_CONT,262.8,early,0.927,1.57,3.02,-0.216,2.892,T3,True,True,False
2026-07-28T16:25:00,NATURALGAS,2026-07-28,cycles_resampled,train,TREND_DOWN,FAILED_BREAKOUT,SHORT,0.9765,3.333,0.7,0.0,0.3,0.772,262.6,0.7,0.772,0.9071,False,True,True,True,False,False,False,0.0,4A_CONT,False,False,AMBIG,261.9,early,0.73,0.77,3.151,-0.411,2.863,T3,True,True,False
2026-07-28T16:45:00,NATURALGAS,2026-07-28,cycles_resampled,train,TREND_DOWN,FAILED_BREAKOUT,SHORT,0.9551,3.0,0.8889,0.1111,0.0,0.875,261.34,0.24,0.262,0.9143,True,True,True,True,False,False,False,0.0,4B_TRAP,True,False,H1_CONT,261.1,spike,0.927,0.76,1.187,-1.079,-1.187,STOP,False,False,False
2026-07-28T17:05:00,NATURALGAS,2026-07-28,cycles_resampled,train,TREND_DOWN,TRENDING,LONG,0.9892,5.0,0.4667,0.4667,0.0667,0.907,261.1,0.1,0.13,0.7714,False,False,False,False,True,True,True,0.778,4B_TRAP,False,True,H7_TRAP,261.2,spike,0.845,1.18,0.0,-1.183,-1.302,STOP,False,False,False
2026-07-28T17:30:00,NATURALGAS,2026-07-28,cycles_resampled,train,TREND_DOWN,FAILED_BREAKOUT,LONG,0.9082,2.667,0.875,0.125,0.0,1.043,260.9,0.6,0.894,0.6714,True,True,True,False,False,False,True,0.298,4B_TRAP,True,True,H1_CONT,261.5,early,0.724,0.55,0.552,-1.243,-1.381,STOP,False,False,False
2026-07-28T17:40:00,NATURALGAS,2026-07-28,cycles_resampled,train,TREND_DOWN,FAILED_BREAKOUT,SHORT,0.97,2.857,0.5,0.0,0.5,0.737,261.13,0.03,0.044,0.6786,True,True,True,True,False,False,False,0.0,4B_TRAP,False,False,H1_WEAK,261.1,early,0.53,2.08,1.509,-1.321,-1.509,STOP,False,False,False
2026-07-28T17:45:00,NATURALGAS,2026-07-28,cycles_resampled,train,TREND_DOWN,FAILED_BREAKOUT,SHORT,0.901,2.0,0.5,0.0,0.5,0.566,260.6,-0.1,-0.141,0.7071,True,False,False,False,True,True,True,1.414,4B_TRAP,False,True,H7_TRAP,260.7,spike,0.424,1.65,0.0,-1.179,-1.415,STOP,False,False,False
2026-07-28T18:00:00,NATURALGAS,2026-07-28,cycles_resampled,train,TREND_DOWN,FAILED_BREAKOUT,LONG,0.9423,2.25,0.7778,0.2222,0.0,1.032,261.2,0.4,0.589,0.6786,False,False,False,False,False,True,True,0.295,4B_TRAP,False,True,H7_TRAP,261.6,spike,0.727,0.56,0.138,-1.1,-1.238,STOP,False,False,False
2026-07-28T18:30:00,NATURALGAS,2026-07-28,cycles_resampled,train,TREND_DOWN,FAILED_BREAKOUT,LONG,0.9727,2.5,0.7,0.3,0.0,1.167,261.3,-0.2,-0.333,0.6,False,False,False,False,True,True,True,1.0,4B_TRAP,False,True,H7_TRAP,261.1,spike,0.73,0.96,1.37,-2.055,-2.192,STOP,False,False,False
2026-07-28T18:50:00,NATURALGAS,2026-07-28,cycles_resampled,train,TREND_DOWN,FAILED_BREAKOUT,LONG,0.9737,2.75,0.3636,0.2727,0.3636,0.629,261.5,0.2,0.315,0.6357,False,False,False,False,True,True,True,0.944,4B_TRAP,False,True,H7_TRAP,261.7,spike,0.833,0.37,0.48,-1.2,-1.321,STOP,False,False,False
2026-07-28T19:15:00,NATURALGAS,2026-07-28,cycles_resampled,train,TREND_DOWN,FAILED_BREAKOUT,SHORT,0.9748,3.25,0.5385,0.0,0.4615,0.98,260.0,-0.2,-0.28,0.7143,True,False,False,False,False,False,False,0.0,4A_CONT,False,False,AMBIG,260.2,spike,0.739,0.27,4.06,-0.135,2.865,T3,True,True,False
2026-07-28T19:25:00,NATURALGAS,2026-07-28,cycles_resampled,train,TREND_DOWN,TRENDING,SHORT,0.9835,3.25,0.9231,0.0769,0.0,1.556,259.6,0.9,1.167,0.7714,True,True,True,True,False,False,False,0.0,4A_CONT,True,False,H1_CONT,258.7,early,1.339,,3.211,-0.224,2.925,T3,True,True,False
2026-07-28T19:30:00,NATURALGAS,2026-07-28,cycles_resampled,train,TREND_DOWN,TRENDING,SHORT,0.9508,2.5,0.5,0.3,0.2,0.609,258.7,0.5,0.609,0.8214,True,True,True,True,False,False,False,0.0,4A_CONT,False,False,H1_WEAK,258.2,early,0.83,,3.253,-0.361,2.88,T3,True,True,False
2026-07-28T19:35:00,NATURALGAS,2026-07-28,cycles_resampled,train,TREND_DOWN,TRENDING,SHORT,0.9106,2.25,0.5556,0.0,0.4444,0.579,258.0,0.4,0.463,0.8643,True,True,True,True,False,False,False,0.0,4B_TRAP,True,False,H1_CONT,257.6,early,0.527,,0.949,-1.708,-1.898,STOP,False,False,False
2026-07-28T19:45:00,NATURALGAS,2026-07-28,cycles_resampled,train,TREND_DOWN,TRENDING,LONG,0.96,3.0,0.5,0.5,0.0,0.677,257.6,0.3,0.339,0.8857,False,False,False,False,False,True,True,0.565,4B_TRAP,False,True,H7_TRAP,257.9,spike,0.636,5.19,0.472,-1.101,-1.258,STOP,False,False,False
2026-07-28T20:10:00,NATURALGAS,2026-07-28,cycles_resampled,train,TREND_DOWN,TRENDING,LONG,0.9538,2.75,0.7273,0.0909,0.1818,0.991,257.2,0.2,0.248,0.8071,False,False,False,False,True,True,True,0.496,4B_TRAP,False,True,H7_TRAP,257.4,spike,1.033,1.06,0.387,-1.065,-1.162,STOP,False,False,False
2026-07-28T22:40:00,NATURALGAS,2026-07-28,cycles_resampled,train,TREND_DOWN,TRENDING,LONG,0.95,2.5,0.4,0.0,0.6,0.8,256.3,0.3,0.6,0.5,True,True,True,True,False,False,False,0.0,4X_AMBIG,False,False,H1_WEAK,256.6,early,1.03,5.61,0.777,-0.68,0.0,EOD,False,False,False
2026-07-30T12:00:00,NATURALGAS,2026-07-30,cycles_resampled,train,CHOP,TRENDING,SHORT,1.0,1.667,1.0,0.0,0.0,1.667,263.3,0.3,1.0,0.3,False,False,False,False,False,False,False,0.0,4A_CONT,False,False,AMBIG,263.0,spike,0.515,0.39,4.078,-0.777,2.806,T3,True,True,False
2026-07-30T12:30:00,NATURALGAS,2026-07-30,cycles_resampled,train,CHOP,OPENING_DRIVE,SHORT,1.0,3.333,0.8,0.0,0.2,2.383,262.8,0.4,1.191,0.3357,True,True,True,True,False,False,False,0.0,4B_TRAP,True,False,H1_CONT,262.4,early,0.83,,0.964,-1.205,-1.325,STOP,False,False,False
2026-07-30T12:40:00,NATURALGAS,2026-07-30,cycles_resampled,train,CHOP,OPENING_DRIVE,SHORT,0.9643,1.667,0.6,0.2,0.2,0.84,262.2,0.1,0.28,0.3571,True,True,True,True,False,False,False,0.0,4B_TRAP,True,False,H1_CONT,262.1,spike,0.415,,1.205,-1.205,-1.446,STOP,False,False,False
2026-07-30T12:45:00,NATURALGAS,2026-07-30,cycles_resampled,train,CHOP,OPENING_DRIVE,SHORT,0.9655,2.0,0.8333,0.0,0.1667,1.296,262.0,0.2,0.519,0.3857,False,False,False,False,False,False,True,0.519,4B_TRAP,False,True,AMBIG,261.8,spike,0.518,,0.386,-1.351,-1.544,STOP,False,False,False
2026-07-30T12:55:00,NATURALGAS,2026-07-30,cycles_resampled,train,CHOP,FAILED_BREAKOUT,SHORT,0.9355,1.667,0.2,0.2,0.6,0.246,261.7,-0.2,-0.491,0.4071,False,False,False,False,True,True,True,1.474,4B_TRAP,False,True,H7_TRAP,261.9,spike,0.215,0.93,0.93,-1.395,-1.86,STOP,False,False,False
2026-07-30T13:00:00,NATURALGAS,2026-07-30,cycles_resampled,train,CHOP,FAILED_BREAKOUT,LONG,0.9375,1.667,0.6,0.0,0.4,0.7,262.1,0.1,0.233,0.4286,True,True,True,True,False,False,False,0.0,4B_TRAP,True,False,H1_CONT,262.2,spike,0.515,2.33,2.33,-2.524,-2.718,STOP,True,False,False
2026-07-30T13:30:00,NATURALGAS,2026-07-30,cycles_resampled,train,CHOP,FAILED_BREAKOUT,LONG,0.9737,2.333,0.8571,0.1429,0.0,1.333,262.3,0.1,0.222,0.45,False,False,False,False,True,True,True,0.444,4B_TRAP,False,True,H7_TRAP,262.4,spike,0.621,2.77,0.322,-1.127,-1.288,STOP,False,False,False
2026-07-30T13:35:00,NATURALGAS,2026-07-30,cycles_resampled,train,CHOP,FAILED_BREAKOUT,SHORT,0.9231,1.667,0.6,0.0,0.4,0.646,262.49,0.39,0.84,0.4643,False,True,False,False,False,True,True,0.022,4B_TRAP,False,True,H7_TRAP,262.1,early,0.315,0.95,0.635,-1.27,-1.587,STOP,False,False,False
2026-07-30T13:50:00,NATURALGAS,2026-07-30,cycles_resampled,train,CHOP,FAILED_BREAKOUT,SHORT,0.9286,1.667,0.8,0.2,0.0,0.982,262.2,0.1,0.246,0.4071,True,True,True,True,False,False,False,0.0,4B_TRAP,True,False,H1_CONT,262.1,early,0.515,0.39,0.777,-1.165,-1.359,STOP,False,False,False
2026-07-30T14:20:00,NATURALGAS,2026-07-30,cycles_resampled,train,CHOP,FAILED_BREAKOUT,LONG,0.9375,1.667,0.6,0.2,0.2,0.84,262.6,-0.1,-0.28,0.3571,False,False,False,False,True,True,True,0.84,4B_TRAP,False,True,H7_TRAP,262.5,spike,0.415,0.24,2.169,-1.205,-1.446,STOP,True,False,False
2026-07-30T14:30:00,NATURALGAS,2026-07-30,cycles_resampled,train,CHOP,FAILED_BREAKOUT,LONG,0.98,2.667,0.875,0.125,0.0,1.75,262.7,0.3,0.75,0.4,False,True,True,True,False,False,False,0.0,4B_TRAP,False,False,AMBIG,263.0,early,0.724,0.72,0.552,-1.381,-1.519,STOP,False,False,False
2026-07-30T15:00:00,NATURALGAS,2026-07-30,cycles_resampled,train,CHOP,FAILED_BREAKOUT,LONG,0.9286,1.667,1.0,0.0,0.0,1.4,263.2,0.2,0.56,0.3571,False,False,False,False,False,False,True,0.28,4B_TRAP,False,True,AMBIG,263.4,spike,0.515,0.14,0.0,-1.165,-1.359,STOP,False,False,False
2026-07-30T15:35:00,NATURALGAS,2026-07-30,cycles_resampled,train,CHOP,FAILED_BREAKOUT,SHORT,0.9683,2.333,0.4286,0.4286,0.1429,0.875,262.4,0.3,0.875,0.3429,False,False,False,False,False,True,True,0.292,4A_CONT,False,False,H7_TRAP,262.1,spike,0.621,0.5,3.543,-0.805,2.839,T3,True,True,False
2026-07-30T15:50:00,NATURALGAS,2026-07-30,cycles_resampled,train,CHOP,FAILED_BREAKOUT,SHORT,1.0,5.667,0.8824,0.0588,0.0588,3.75,261.6,0.6,1.5,0.4,True,True,True,True,False,False,False,0.0,4B_TRAP,True,False,H1_CONT,261.0,early,1.651,,1.757,-2.302,-2.362,STOP,False,False,False
2026-07-30T15:55:00,NATURALGAS,2026-07-30,cycles_resampled,train,CHOP,TRENDING,SHORT,0.9254,2.0,0.1667,0.3333,0.5,0.237,260.9,-0.1,-0.237,0.4214,False,False,False,False,True,True,True,0.949,4B_TRAP,False,True,H7_TRAP,261.0,spike,0.318,0.31,1.258,-1.258,-1.572,STOP,False,False,False
2026-07-30T16:30:00,NATURALGAS,2026-07-30,cycles_resampled,train,CHOP,FAILED_BREAKOUT,SHORT,0.973,3.0,0.2222,0.6667,0.1111,0.364,261.0,0.1,0.182,0.55,True,True,True,True,False,False,False,0.0,4A_CONT,False,False,H1_WEAK,260.9,early,0.827,0.36,3.023,0.0,2.879,T3,True,True,False
2026-07-30T16:40:00,NATURALGAS,2026-07-30,cycles_resampled,train,CHOP,TRENDING,SHORT,0.9605,2.667,0.625,0.125,0.25,0.805,260.3,0.2,0.322,0.6214,False,False,False,False,False,False,False,0.0,4B_TRAP,False,False,AMBIG,260.1,spike,0.624,,1.442,-1.122,-1.282,STOP,False,False,False
2026-07-30T16:55:00,NATURALGAS,2026-07-30,cycles_resampled,train,CHOP,TRENDING,SHORT,0.9367,2.667,0.375,0.375,0.25,0.462,259.9,0.1,0.154,0.65,True,True,False,False,False,True,True,0.154,4B_TRAP,False,True,H7_TRAP,259.8,spike,0.624,,0.962,-1.603,-1.763,STOP,False,False,False
2026-07-30T17:10:00,NATURALGAS,2026-07-30,cycles_resampled,train,CHOP,TRENDING,LONG,0.9634,2.286,0.125,0.125,0.75,0.175,260.0,-0.2,-0.35,0.5714,True,False,False,False,False,False,False,0.0,4B_TRAP,False,False,AMBIG,259.8,spike,0.624,0.96,1.603,-1.763,-1.923,STOP,False,False,False
2026-07-30T17:20:00,NATURALGAS,2026-07-30,cycles_resampled,train,CHOP,TRENDING,LONG,0.9762,2.25,0.8889,0.1111,0.0,1.349,260.0,0.7,1.181,0.5929,False,True,False,False,False,False,True,0.843,4B_TRAP,False,True,AMBIG,260.7,early,0.827,3.8,0.0,-1.451,-1.572,STOP,False,False,False
2026-07-30T17:40:00,NATURALGAS,2026-07-30,cycles_resampled,train,CHOP,TRENDING,LONG,0.9205,2.0,0.5,0.375,0.125,0.644,259.9,0.2,0.322,0.6214,False,False,False,False,True,True,True,1.931,4B_TRAP,False,True,H7_TRAP,260.1,spike,0.524,1.34,0.191,-1.145,-1.336,STOP,False,False,False
2026-07-30T17:50:00,NATURALGAS,2026-07-30,cycles_resampled,train,CHOP,TRENDING,SHORT,0.9778,2.25,1.0,0.0,0.0,1.416,259.2,0.5,0.787,0.6357,False,True,False,False,False,False,False,0.0,4B_TRAP,False,False,AMBIG,258.7,early,0.927,,0.647,-1.079,-1.187,STOP,False,False,False
2026-07-30T18:00:00,NATURALGAS,2026-07-30,cycles_resampled,train,CHOP,TRENDING,LONG,0.9457,2.0,0.375,0.0,0.625,0.462,259.0,0.2,0.308,0.65,False,False,False,False,False,True,True,0.923,4B_TRAP,False,True,H7_TRAP,259.2,spike,0.824,1.46,0.0,-1.214,-1.335,STOP,False,False,False
2026-07-30T18:10:00,NATURALGAS,2026-07-30,cycles_resampled,train,CHOP,TRENDING,SHORT,0.9787,2.25,0.4444,0.3333,0.2222,0.609,258.4,0.0,0.0,0.6571,False,False,False,False,True,True,True,1.522,4B_TRAP,False,True,H7_TRAP,258.4,spike,0.727,,0.413,-1.376,-1.513,STOP,False,False,False
2026-07-30T18:55:00,NATURALGAS,2026-07-30,cycles_resampled,train,CHOP,TRENDING,LONG,0.9903,3.5,1.0,0.0,0.0,1.922,259.7,1.3,1.784,0.7286,False,True,False,False,False,True,True,0.686,4B_TRAP,False,True,H7_TRAP,261.0,early,1.442,2.18,0.0,-1.04,-1.11,STOP,False,False,False
2026-07-30T19:05:00,NATURALGAS,2026-07-30,cycles_resampled,train,CHOP,FAILED_BREAKOUT,SHORT,0.981,2.5,0.8,0.1,0.1,1.018,260.0,0.4,0.509,0.7857,True,True,True,True,False,False,False,0.0,4B_TRAP,True,False,H1_CONT,259.6,early,0.93,0.75,1.075,-1.613,-1.72,STOP,False,False,False
2026-07-30T19:20:00,NATURALGAS,2026-07-30,cycles_resampled,train,CHOP,TRENDING,SHORT,0.9167,2.0,1.0,0.0,0.0,1.098,258.9,0.2,0.275,0.7286,False,False,False,False,True,True,True,2.059,4B_TRAP,False,True,H7_TRAP,258.7,spike,0.824,0.73,0.121,-2.063,-2.184,STOP,False,False,False
2026-07-30T19:35:00,NATURALGAS,2026-07-30,cycles_resampled,train,CHOP,TRENDING,LONG,0.982,2.75,1.0,0.0,0.0,1.467,259.5,0.9,1.2,0.75,False,True,True,True,False,False,False,0.0,4A_CONT,False,False,AMBIG,260.4,early,1.133,3.3,3.883,-0.441,2.912,T3,True,True,False
2026-07-30T19:45:00,NATURALGAS,2026-07-30,cycles_resampled,train,CHOP,FAILED_BREAKOUT,LONG,0.9115,2.0,0.625,0.375,0.0,0.673,260.4,0.4,0.538,0.7429,False,False,False,False,True,True,True,0.404,4B_TRAP,False,True,H7_TRAP,260.8,spike,0.524,6.37,0.0,-1.336,-1.527,STOP,False,False,False
2026-07-30T19:55:00,NATURALGAS,2026-07-30,cycles_resampled,train,CHOP,FAILED_BREAKOUT,LONG,0.913,2.0,0.75,0.25,0.0,0.757,260.7,-0.2,-0.252,0.7929,True,False,False,False,False,False,False,0.0,4A_CONT,False,False,AMBIG,260.5,early,0.624,0.96,6.891,0.0,2.84,T3,True,True,True
2026-07-30T20:00:00,NATURALGAS,2026-07-30,cycles_resampled,train,CHOP,FAILED_BREAKOUT,LONG,1.0,9.75,0.9231,0.0769,0.0,3.405,264.2,0.3,0.284,1.0571,False,False,False,False,True,True,True,1.041,4X_AMBIG,False,False,H7_TRAP,264.5,spike,3.717,,0.404,-0.538,-0.054,EOD,False,False,False
2026-07-30T20:05:00,NATURALGAS,2026-07-30,cycles_resampled,train,CHOP,FAILED_BREAKDOWN,LONG,0.9231,2.25,0.3333,0.0,0.6667,0.296,264.17,-0.07,-0.069,1.0143,False,False,False,False,True,True,True,1.055,4B_TRAP,False,True,H7_TRAP,264.1,spike,0.627,0.11,0.319,-1.435,-1.595,STOP,False,False,False
2026-07-30T20:10:00,NATURALGAS,2026-07-30,cycles_resampled,train,CHOP,FAILED_BREAKDOWN,SHORT,0.9746,2.75,0.9091,0.0909,0.0,0.979,263.5,0.3,0.294,1.0214,True,True,True,True,False,False,False,0.0,4B_TRAP,True,False,H1_CONT,263.2,early,1.133,2.47,0.618,-1.324,-1.412,STOP,False,False,False
2026-07-30T20:40:00,NATURALGAS,2026-07-30,cycles_resampled,train,CHOP,FAILED_BREAKDOWN,LONG,0.9839,3.2,0.75,0.1875,0.0625,1.043,264.8,0.9,0.783,1.15,False,True,True,True,False,False,False,0.0,4B_TRAP,False,False,AMBIG,265.7,early,1.348,,0.223,-1.484,-1.558,STOP,False,False,False
2026-07-30T21:20:00,NATURALGAS,2026-07-30,cycles_resampled,train,CHOP,FAILED_BREAKDOWN,LONG,0.9621,2.2,0.7273,0.0,0.2727,1.037,265.7,0.2,0.259,0.7714,False,True,False,False,False,True,True,0.389,4B_TRAP,False,True,H7_TRAP,265.9,spike,1.133,0.09,0.088,-1.942,-2.03,STOP,False,False,False
2026-07-30T21:50:00,NATURALGAS,2026-07-30,cycles_resampled,train,CHOP,FAILED_BREAKDOWN,SHORT,0.9783,2.8,0.4286,0.0,0.5714,0.894,264.9,0.4,0.596,0.6714,True,True,True,True,False,False,False,0.0,4B_TRAP,False,False,H1_WEAK,264.5,early,0.642,7.02,1.713,-1.09,-1.246,STOP,False,False,False
2026-07-30T21:55:00,NATURALGAS,2026-07-30,cycles_resampled,train,CHOP,FAILED_BREAKDOWN,SHORT,0.964,2.4,0.9167,0.0833,0.0,1.588,263.7,0.3,0.433,0.6929,False,False,False,False,True,True,True,1.443,4B_TRAP,False,True,H7_TRAP,263.4,spike,1.236,2.76,0.0,-1.456,-1.537,STOP,False,False,False
2026-07-30T22:00:00,NATURALGAS,2026-07-30,cycles_resampled,train,CHOP,FAILED_BREAKOUT,LONG,0.9,1.8,1.0,0.0,0.0,1.26,264.27,0.13,0.182,0.7143,True,True,True,True,False,False,False,0.0,4X_AMBIG,True,False,H1_CONT,264.4,early,0.927,1.51,1.079,-0.216,-0.108,EOD,False,False,False
2026-07-31T10:05:00,NATURALGAS,2026-07-31,cycles_resampled,train,CHOP,TRENDING,SHORT,1.0,1.5,0.6667,0.0,0.3333,0.848,265.3,-0.1,-0.424,0.2357,False,False,False,False,True,True,True,0.424,4B_TRAP,False,True,H7_TRAP,265.4,spike,0.209,0.48,0.957,-1.435,-1.914,STOP,False,False,False
2026-07-31T11:10:00,NATURALGAS,2026-07-31,cycles_resampled,train,CHOP,TRENDING,LONG,1.0,2.0,0.25,0.0,0.75,0.519,265.6,0.1,0.519,0.1929,True,True,True,True,False,False,False,0.0,4A_CONT,False,False,H1_WEAK,265.7,spike,0.412,,5.097,-0.243,2.757,T3,True,True,True
2026-07-31T11:55:00,NATURALGAS,2026-07-31,cycles_resampled,train,CHOP,TRENDING,LONG,0.9714,1.5,0.3333,0.0,0.6667,0.438,266.2,0.0,0.0,0.2286,True,False,False,False,True,True,True,0.437,4B_TRAP,False,True,H7_TRAP,266.2,spike,0.209,,0.0,-1.435,-1.914,STOP,False,False,False
2026-07-31T12:05:00,NATURALGAS,2026-07-31,cycles_resampled,train,CHOP,TRENDING,LONG,1.0,3.0,0.6667,0.1667,0.1667,1.436,266.3,0.3,1.077,0.2786,True,True,True,True,False,False,False,0.0,4B_TRAP,True,False,H1_CONT,266.6,early,0.518,,2.703,-1.158,-1.351,STOP,True,False,False
2026-07-31T12:15:00,NATURALGAS,2026-07-31,cycles_resampled,train,CHOP,TRENDING,LONG,0.9487,1.5,0.3333,0.3333,0.3333,0.35,266.7,0.0,0.0,0.2857,True,False,False,False,False,False,False,0.0,4A_CONT,False,False,AMBIG,266.7,spike,0.209,,5.263,0.0,2.522,T3,True,True,True
2026-07-31T12:20:00,NATURALGAS,2026-07-31,cycles_resampled,train,CHOP,TRENDING,LONG,1.0,5.5,1.0,0.0,0.0,3.277,266.8,1.0,2.979,0.3357,False,True,True,True,False,False,False,0.0,4B_TRAP,False,False,AMBIG,267.8,early,1.133,,0.177,-1.589,-1.677,STOP,False,False,False
2026-07-31T12:30:00,NATURALGAS,2026-07-31,cycles_resampled,train,CHOP,TRENDING,SHORT,0.9762,3.5,0.5714,0.4286,0.0,1.143,267.7,0.4,1.143,0.35,True,True,True,True,False,False,False,0.0,4A_CONT,True,False,H1_CONT,267.3,early,0.721,1.94,3.329,-0.277,2.861,T3,True,True,False
2026-07-31T12:35:00,NATURALGAS,2026-07-31,cycles_resampled,train,CHOP,TRENDING,SHORT,0.9767,3.5,0.5714,0.1429,0.2857,1.037,267.3,0.3,0.778,0.3857,True,True,True,True,False,False,False,0.0,4A_CONT,True,False,H1_CONT,267.0,early,0.521,2.11,3.071,0.0,2.808,T3,True,True,False
2026-07-31T12:40:00,NATURALGAS,2026-07-31,cycles_resampled,train,CHOP,TRENDING,SHORT,0.9773,5.0,1.0,0.0,0.0,2.295,266.8,0.8,1.836,0.4357,False,True,True,True,False,False,False,0.0,4B_TRAP,False,False,AMBIG,266.0,early,1.03,0.1,1.65,-1.553,-1.65,STOP,False,False,False
2026-07-31T13:30:00,NATURALGAS,2026-07-31,cycles_resampled,train,CHOP,FAILED_BREAKOUT,SHORT,0.963,3.5,0.2857,0.7143,0.0,0.491,265.19,-0.01,-0.025,0.4071,True,False,False,False,True,True,True,0.27,4B_TRAP,False,True,H7_TRAP,265.2,spike,0.521,0.02,1.152,-1.344,-1.536,STOP,False,False,False
2026-07-31T14:05:00,NATURALGAS,2026-07-31,cycles_resampled,train,CHOP,FAILED_BREAKOUT,LONG,0.9016,2.0,0.75,0.0,0.25,0.955,265.0,0.1,0.318,0.3143,False,False,False,False,True,True,True,0.636,4A_CONT,False,False,H7_TRAP,265.1,spike,0.412,1.97,3.883,-0.728,2.757,T3,True,True,False
2026-07-31T15:15:00,NATURALGAS,2026-07-31,cycles_resampled,train,CHOP,FAILED_BREAKOUT,LONG,0.9333,3.0,0.8333,0.1667,0.0,1.707,266.1,0.5,1.707,0.2929,True,True,True,False,False,False,True,0.683,4B_TRAP,True,True,H1_CONT,266.6,early,0.518,2.7,0.579,-1.544,-1.737,STOP,False,False,False
2026-07-31T15:20:00,NATURALGAS,2026-07-31,cycles_resampled,train,CHOP,FAILED_BREAKOUT,LONG,0.9079,2.5,0.0,0.6,0.4,0.0,266.7,-0.1,-0.326,0.3071,False,False,False,False,True,True,True,2.93,4B_TRAP,False,True,H7_TRAP,266.6,spike,0.215,6.51,0.465,-1.86,-2.326,STOP,False,False,False
2026-07-31T15:25:00,NATURALGAS,2026-07-31,cycles_resampled,train,CHOP,FAILED_BREAKOUT,SHORT,0.9091,2.5,0.6,0.2,0.2,0.913,266.4,0.1,0.304,0.3286,True,True,True,True,False,False,False,0.0,4A_CONT,True,False,H1_CONT,266.3,spike,0.415,2.41,3.614,-0.482,2.759,T3,True,True,False
2026-07-31T15:30:00,NATURALGAS,2026-07-31,cycles_resampled,train,CHOP,FAILED_BREAKOUT,SHORT,0.9359,3.0,0.6667,0.1667,0.1667,1.12,266.2,0.3,0.84,0.3571,True,True,True,False,False,False,True,0.28,4B_TRAP,True,True,H1_CONT,265.9,early,0.518,1.16,0.579,-1.158,-1.351,STOP,False,False,False
2026-07-31T15:40:00,NATURALGAS,2026-07-31,cycles_resampled,train,CHOP,FAILED_BREAKOUT,LONG,0.9,2.5,0.8,0.2,0.0,1.057,266.0,0.1,0.264,0.3786,True,True,True,True,False,False,False,0.0,4B_TRAP,True,False,H1_CONT,266.1,early,0.415,1.93,0.964,-2.169,-2.41,STOP,False,False,False
2026-07-31T16:00:00,NATURALGAS,2026-07-31,cycles_resampled,train,CHOP,FAILED_BREAKOUT,SHORT,1.0,6.5,0.6154,0.0,0.3846,1.697,265.6,-0.1,-0.212,0.4714,False,False,False,False,True,True,True,1.061,4B_TRAP,False,True,H7_TRAP,265.7,spike,0.839,0.12,1.669,-1.43,-1.549,STOP,False,False,False
2026-07-31T16:05:00,NATURALGAS,2026-07-31,cycles_resampled,train,CHOP,FAILED_BREAKOUT,LONG,0.9294,3.0,0.8333,0.0,0.1667,1.029,266.05,0.05,0.103,0.4857,False,False,False,False,True,True,True,1.956,4B_TRAP,False,True,H7_TRAP,266.1,spike,0.618,0.65,0.0,-1.456,-1.618,STOP,False,False,False
2026-07-31T16:10:00,NATURALGAS,2026-07-31,cycles_resampled,train,CHOP,FAILED_BREAKOUT,SHORT,0.9651,4.5,0.8889,0.1111,0.0,1.514,265.2,0.0,0.0,0.5286,True,False,False,False,False,True,True,0.946,4B_TRAP,False,True,H7_TRAP,265.2,spike,0.927,0.08,0.971,-1.187,-1.294,STOP,False,False,False
2026-07-31T16:20:00,NATURALGAS,2026-07-31,cycles_resampled,train,CHOP,FAILED_BREAKOUT,LONG,0.9545,3.5,0.8571,0.0,0.1429,1.037,265.3,0.4,0.691,0.5786,False,False,False,False,False,True,True,1.383,4B_TRAP,False,True,H7_TRAP,265.7,spike,0.721,0.49,0.416,-1.942,-2.08,STOP,False,False,False
2026-07-31T16:30:00,NATURALGAS,2026-07-31,cycles_resampled,train,CHOP,FAILED_BREAKOUT,SHORT,0.9889,6.0,0.8333,0.0,0.1667,1.556,264.6,0.1,0.156,0.6429,False,False,False,False,True,True,True,1.556,4B_TRAP,False,True,H7_TRAP,264.5,spike,1.036,,0.0,-1.737,-1.834,STOP,False,False,False
2026-07-31T16:45:00,NATURALGAS,2026-07-31,cycles_resampled,train,CHOP,FAILED_BREAKOUT,LONG,1.0,5.333,0.5625,0.4375,0.0,1.286,266.11,-0.51,-0.729,0.7,False,False,False,False,True,True,True,1.3,4A_CONT,False,False,H7_TRAP,265.6,spike,0.948,0.42,3.059,-0.738,2.895,T3,True,True,False
2026-07-31T16:50:00,NATURALGAS,2026-07-31,cycles_resampled,train,CHOP,FAILED_BREAKOUT,SHORT,0.9255,2.333,0.7143,0.0,0.2857,0.7,265.11,-0.09,-0.126,0.7143,False,False,False,False,True,True,True,1.526,4B_TRAP,False,True,H7_TRAP,265.2,spike,0.521,0.17,0.576,-2.111,-2.303,STOP,False,False,False
2026-07-31T17:05:00,NATURALGAS,2026-07-31,cycles_resampled,train,CHOP,FAILED_BREAKOUT,LONG,0.9588,3.333,0.8,0.1,0.1,1.028,266.3,-0.1,-0.128,0.7786,True,False,False,False,True,True,True,0.257,4B_TRAP,False,True,H7_TRAP,266.2,spike,0.93,0.11,2.581,-1.183,-1.29,STOP,True,False,False
2026-07-31T17:15:00,NATURALGAS,2026-07-31,cycles_resampled,train,CHOP,FAILED_BREAKOUT,LONG,0.9192,2.667,0.625,0.25,0.125,0.686,266.4,0.3,0.412,0.7286,True,True,True,True,False,False,False,0.0,4A_CONT,True,False,H1_CONT,266.7,early,0.624,2.08,3.045,0.0,2.84,T3,True,True,False
2026-07-31T17:30:00,NATURALGAS,2026-07-31,cycles_resampled,train,CHOP,TRENDING,LONG,0.9608,3.333,0.8,0.0,0.2,1.047,268.0,0.4,0.523,0.7643,True,True,True,False,False,False,True,0.131,4B_TRAP,True,True,H1_CONT,268.4,early,1.03,,0.194,-1.359,-1.456,STOP,False,False,False
2026-07-31T17:45:00,NATURALGAS,2026-07-31,cycles_resampled,train,CHOP,TRENDING,SHORT,0.9143,2.667,0.875,0.0,0.125,1.0,267.9,0.0,0.0,0.7,True,False,False,False,False,False,False,0.0,4A_CONT,False,False,AMBIG,267.9,early,0.724,3.59,3.867,0.0,2.862,T3,True,True,False
2026-07-31T18:00:00,NATURALGAS,2026-07-31,cycles_resampled,train,CHOP,FAILED_BREAKDOWN,SHORT,0.9907,5.0,1.0,0.0,0.0,2.1,267.0,1.1,1.54,0.7143,True,True,True,True,False,False,False,0.0,4A_CONT,True,False,H1_CONT,265.9,early,1.545,0.54,3.107,-0.065,2.935,T3,True,True,False
2026-07-31T18:05:00,NATURALGAS,2026-07-31,cycles_resampled,train,CHOP,FAILED_BREAKOUT,SHORT,0.9083,3.0,1.0,0.0,0.0,1.235,265.9,0.8,1.098,0.7286,False,True,True,True,False,False,False,0.0,4A_CONT,False,False,AMBIG,265.1,early,0.927,0.04,3.236,-0.755,2.892,T3,True,True,False
2026-07-31T18:15:00,NATURALGAS,2026-07-31,cycles_resampled,train,CHOP,FAILED_BREAKOUT,SHORT,0.955,3.333,0.9,0.0,0.1,1.2,264.3,0.2,0.267,0.75,False,False,False,False,True,True,True,1.067,4B_TRAP,False,True,H7_TRAP,264.1,spike,0.93,,0.215,-1.075,-1.183,STOP,False,False,False
2026-07-31T18:20:00,NATURALGAS,2026-07-31,cycles_resampled,train,CHOP,FAILED_BREAKOUT,LONG,0.9732,4.0,0.9167,0.0,0.0833,1.363,265.0,0.1,0.124,0.8071,False,True,False,False,False,True,True,0.867,4B_TRAP,False,True,H7_TRAP,265.1,early,1.236,0.7,0.566,-1.456,-1.537,STOP,False,False,False
2026-07-31T18:30:00,NATURALGAS,2026-07-31,cycles_resampled,train,CHOP,FAILED_BREAKOUT,SHORT,0.9825,4.333,1.0,0.0,0.0,1.569,264.93,0.63,0.76,0.8286,False,False,False,False,True,True,True,0.084,4A_CONT,False,False,H7_TRAP,264.3,spike,1.339,0.3,2.763,-0.672,0.971,EOD,True,False,False
2026-07-31T18:45:00,NATURALGAS,2026-07-31,cycles_resampled,train,CHOP,FAILED_BREAKOUT,SHORT,0.9829,4.333,1.0,0.0,0.0,1.456,263.9,0.6,0.672,0.8929,False,True,True,True,False,False,False,0.0,4A_CONT,False,False,AMBIG,263.3,early,1.339,,2.016,-0.747,0.224,EOD,True,False,False
2026-07-31T19:20:00,NATURALGAS,2026-07-31,cycles_resampled,train,CHOP,FAILED_BREAKOUT,SHORT,0.9274,3.333,0.7,0.0,0.3,0.852,263.2,0.1,0.122,0.8214,False,False,False,False,True,True,True,0.122,4B_TRAP,False,True,H7_TRAP,263.1,early,0.73,,1.37,-1.507,-1.644,STOP,False,False,False
2026-07-31T19:45:00,NATURALGAS,2026-07-31,cycles_resampled,train,CHOP,FAILED_BREAKOUT,SHORT,0.9302,3.333,0.6,0.2,0.2,0.808,264.74,1.34,1.804,0.7429,True,True,True,True,False,False,False,0.0,4A_CONT,True,False,H1_CONT,263.4,early,0.83,1.57,3.133,-0.12,2.88,T3,True,True,False
2026-07-31T22:20:00,NATURALGAS,2026-07-31,cycles_resampled,train,CHOP,FAILED_BREAKOUT,LONG,0.9062,3.0,1.0,0.0,0.0,2.25,262.0,0.3,0.75,0.4,False,True,True,True,False,False,False,0.0,4X_AMBIG,False,False,AMBIG,262.3,early,0.927,5.99,0.971,-0.539,0.755,EOD,False,False,False
2026-08-03T10:05:00,NATURALGAS,2026-08-03,cycles_resampled,train,CHOP,OPENING_DRIVE,LONG,0.9231,1.333,1.0,0.0,0.0,1.217,264.2,0.1,0.304,0.3286,True,True,False,False,False,False,False,0.0,4B_TRAP,True,False,H1_WEAK,264.3,spike,0.412,,0.243,-1.214,-1.456,STOP,False,False,False
2026-08-03T10:55:00,NATURALGAS,2026-08-03,cycles_resampled,train,CHOP,OPENING_DRIVE,SHORT,0.9545,2.5,0.6,0.0,0.4,1.312,263.4,-0.2,-0.875,0.2286,False,False,False,False,True,True,True,3.063,4B_TRAP,False,True,H7_TRAP,263.6,spike,0.315,0.63,0.635,-1.587,-1.905,STOP,False,False,False
2026-08-03T11:10:00,NATURALGAS,2026-08-03,cycles_resampled,train,CHOP,OPENING_DRIVE,LONG,0.92,2.0,1.0,0.0,0.0,1.697,264.1,0.0,0.0,0.2357,False,False,False,False,True,True,True,0.424,4B_TRAP,False,True,H7_TRAP,264.1,early,0.412,0.51,2.184,-1.699,-1.942,STOP,True,False,False
2026-08-03T11:20:00,NATURALGAS,2026-08-03,cycles_resampled,train,CHOP,OPENING_DRIVE,LONG,0.9259,2.0,1.0,0.0,0.0,1.556,264.4,0.2,0.778,0.2571,False,False,False,False,True,True,True,0.389,4B_TRAP,False,True,H7_TRAP,264.6,spike,0.412,,0.0,-1.214,-1.456,STOP,False,False,False
2026-08-03T11:25:00,NATURALGAS,2026-08-03,cycles_resampled,train,CHOP,TRENDING,SHORT,0.9643,2.5,0.6,0.0,0.4,1.05,264.2,-0.1,-0.35,0.2857,False,False,False,False,True,True,True,2.45,4B_TRAP,False,True,H7_TRAP,264.3,spike,0.315,1.49,0.0,-1.905,-2.222,STOP,False,False,False
2026-08-03T11:30:00,NATURALGAS,2026-08-03,cycles_resampled,train,CHOP,OPENING_DRIVE,LONG,0.9655,2.5,1.0,0.0,0.0,1.591,264.6,0.3,0.955,0.3143,True,True,True,True,False,False,False,0.0,4B_TRAP,True,False,H1_CONT,264.9,spike,0.515,,0.194,-1.553,-1.748,STOP,False,False,False
2026-08-03T12:10:00,NATURALGAS,2026-08-03,cycles_resampled,train,CHOP,FAILED_BREAKDOWN,SHORT,0.973,3.0,1.0,0.0,0.0,1.75,264.5,0.4,1.167,0.3429,False,True,True,True,False,False,False,0.0,4B_TRAP,False,False,AMBIG,264.1,early,0.618,0.65,1.618,-1.294,-1.456,STOP,False,False,False
2026-08-03T12:20:00,NATURALGAS,2026-08-03,cycles_resampled,train,CHOP,FAILED_BREAKOUT,SHORT,1.0,4.0,0.875,0.125,0.0,1.922,263.4,0.0,0.0,0.3643,False,False,False,False,True,True,True,1.373,4B_TRAP,False,True,H7_TRAP,263.4,spike,0.824,,0.0,-1.214,-1.335,STOP,False,False,False
2026-08-03T12:45:00,NATURALGAS,2026-08-03,cycles_resampled,train,CHOP,FAILED_BREAKOUT,LONG,0.9545,3.0,0.8333,0.1667,0.0,1.522,264.32,-0.02,-0.061,0.3286,False,False,False,False,True,True,True,2.496,4B_TRAP,False,True,H7_TRAP,264.3,spike,0.518,0.04,0.0,-1.351,-1.544,STOP,False,False,False
2026-08-03T12:50:00,NATURALGAS,2026-08-03,cycles_resampled,train,CHOP,FAILED_BREAKOUT,SHORT,0.9111,2.5,0.6,0.2,0.2,0.857,263.8,-0.1,-0.286,0.35,True,False,False,False,False,False,False,0.0,4B_TRAP,False,False,AMBIG,263.9,spike,0.415,0.6,1.928,-1.446,-1.687,STOP,False,False,False
2026-08-03T13:15:00,NATURALGAS,2026-08-03,cycles_resampled,train,CHOP,FAILED_BREAKOUT,SHORT,0.92,2.5,0.8,0.0,0.2,1.018,263.4,-0.1,-0.255,0.3929,True,False,False,False,False,True,True,1.527,4B_TRAP,False,True,H7_TRAP,263.5,spike,0.415,0.24,0.964,-1.205,-1.446,STOP,False,False,False
2026-08-03T13:25:00,NATURALGAS,2026-08-03,cycles_resampled,train,CHOP,FAILED_BREAKOUT,LONG,0.9615,3.0,0.5,0.0,0.5,0.75,263.6,0.1,0.25,0.4,True,True,True,True,False,False,False,0.0,4A_CONT,False,False,H1_WEAK,263.7,spike,0.618,0.32,3.074,-0.324,2.838,T3,True,True,False
2026-08-03T13:30:00,NATURALGAS,2026-08-03,cycles_resampled,train,CHOP,FAILED_BREAKOUT,LONG,0.9057,2.5,1.0,0.0,0.0,1.321,263.9,0.1,0.264,0.3786,True,True,True,True,False,False,False,0.0,4A_CONT,True,False,H1_CONT,264.0,spike,0.515,0.6,3.107,-0.388,2.806,T3,True,True,False
2026-08-03T13:35:00,NATURALGAS,2026-08-03,cycles_resampled,train,CHOP,FAILED_BREAKOUT,LONG,0.9815,2.8,1.0,0.0,0.0,1.75,264.31,0.19,0.475,0.4,True,True,True,True,False,False,False,0.0,4B_TRAP,True,False,H1_CONT,264.5,early,0.721,0.69,1.803,-2.08,-2.219,STOP,False,False,False
2026-08-03T13:45:00,NATURALGAS,2026-08-03,cycles_resampled,train,CHOP,FAILED_BREAKDOWN,LONG,0.9821,2.333,1.0,0.0,0.0,1.556,265.0,0.6,1.333,0.45,False,True,True,True,False,False,False,0.0,4B_TRAP,False,False,AMBIG,265.6,early,0.721,,0.277,-1.11,-1.248,STOP,False,False,False
2026-08-03T15:30:00,NATURALGAS,2026-08-03,cycles_resampled,train,CHOP,FAILED_BREAKDOWN,SHORT,0.961,2.0,0.8333,0.0,0.1667,1.707,265.1,0.5,1.707,0.2929,False,True,True,True,False,False,False,0.0,4A_CONT,False,False,AMBIG,264.6,early,0.518,2.3,3.089,-0.386,2.807,T3,True,True,False
2026-08-03T16:05:00,NATURALGAS,2026-08-03,cycles_resampled,train,CHOP,FAILED_BREAKOUT,SHORT,0.9036,2.5,0.8,0.2,0.0,1.436,264.5,0.3,1.077,0.2786,True,True,True,True,False,False,False,0.0,4B_TRAP,True,False,H1_CONT,264.2,early,0.515,1.53,2.33,-2.136,-2.33,STOP,True,False,False
2026-08-03T16:20:00,NATURALGAS,2026-08-03,cycles_resampled,train,CHOP,FAILED_BREAKOUT,SHORT,1.0,3.0,0.7778,0.0,0.2222,2.042,263.1,-0.1,-0.292,0.3429,False,False,False,False,True,True,True,1.75,4B_TRAP,False,True,H7_TRAP,263.2,spike,0.727,0.14,0.138,-1.513,-1.651,STOP,False,False,False
2026-08-03T16:40:00,NATURALGAS,2026-08-03,cycles_resampled,train,CHOP,FAILED_BREAKOUT,LONG,0.9556,2.0,0.5,0.5,0.0,0.824,263.7,0.3,0.824,0.3643,False,True,True,False,False,False,True,1.373,4B_TRAP,False,True,AMBIG,264.0,early,0.318,2.45,0.943,-2.516,-2.83,STOP,False,False,False
2026-08-03T16:55:00,NATURALGAS,2026-08-03,cycles_resampled,train,CHOP,FAILED_BREAKOUT,SHORT,0.9892,2.667,0.875,0.125,0.0,1.633,263.38,0.18,0.42,0.4286,True,True,False,False,False,True,True,1.913,4B_TRAP,False,True,H7_TRAP,263.2,spike,0.824,0.24,0.121,-1.214,-1.335,STOP,False,False,False
2026-08-03T17:10:00,NATURALGAS,2026-08-03,cycles_resampled,train,CHOP,FAILED_BREAKOUT,LONG,0.9896,2.667,1.0,0.0,0.0,1.534,263.5,0.7,1.342,0.5214,False,True,True,True,False,False,False,0.0,4A_CONT,False,False,AMBIG,264.2,early,0.824,0.12,3.519,-0.364,2.879,T3,True,True,False
2026-08-03T17:25:00,NATURALGAS,2026-08-03,cycles_resampled,train,CHOP,FAILED_BREAKOUT,LONG,1.0,3.333,0.9,0.0,0.1,1.636,264.72,0.58,1.055,0.55,False,True,False,False,False,True,True,0.218,4A_CONT,False,False,H7_TRAP,265.3,early,1.03,0.49,3.107,-0.777,2.903,T3,True,True,False
2026-08-03T17:35:00,NATURALGAS,2026-08-03,cycles_resampled,train,CHOP,FAILED_BREAKDOWN,SHORT,0.901,2.0,1.0,0.0,0.0,1.151,265.0,0.4,0.767,0.5214,False,True,False,False,False,False,True,2.493,4B_TRAP,False,True,AMBIG,264.6,early,0.618,2.07,0.162,-2.751,-2.913,STOP,False,False,False
2026-08-03T17:50:00,NATURALGAS,2026-08-03,cycles_resampled,train,CHOP,FAILED_BREAKDOWN,LONG,1.0,4.333,1.0,0.0,0.0,2.22,265.8,0.5,0.854,0.5857,True,True,True,True,False,False,False,0.0,4B_TRAP,True,False,H1_CONT,266.3,early,1.339,,1.643,-1.195,-1.27,STOP,False,False,False
2026-08-03T17:55:00,NATURALGAS,2026-08-03,cycles_resampled,train,CHOP,TRENDING,LONG,0.9238,2.0,0.5,0.5,0.0,0.488,266.3,0.0,0.0,0.6143,True,False,False,False,False,False,False,0.0,4A_CONT,False,False,AMBIG,266.3,spike,0.318,,5.346,-0.314,2.686,T3,True,True,True
2026-08-03T18:00:00,NATURALGAS,2026-08-03,cycles_resampled,train,CHOP,TRENDING,LONG,0.9811,3.0,0.7778,0.0,0.2222,1.065,266.6,0.5,0.761,0.6571,True,True,True,True,False,False,False,0.0,4B_TRAP,True,False,H1_CONT,267.1,early,0.927,,1.51,-1.51,-1.618,STOP,False,False,False
2026-08-03T18:05:00,NATURALGAS,2026-08-03,cycles_resampled,train,CHOP,TRENDING,LONG,0.9626,2.667,0.5,0.0,0.5,0.615,267.1,0.9,1.385,0.65,True,True,True,False,False,False,True,2.0,4B_TRAP,False,True,H1_WEAK,268.0,early,0.824,,0.607,-2.791,-2.913,STOP,False,False,False
2026-08-03T18:10:00,NATURALGAS,2026-08-03,cycles_resampled,train,CHOP,TRENDING,LONG,0.9907,3.333,0.6,0.3,0.1,0.875,268.0,0.2,0.292,0.6857,False,False,False,False,True,True,True,3.208,4B_TRAP,False,True,H7_TRAP,268.2,spike,0.73,,0.0,-1.233,-1.37,STOP,False,False,False
2026-08-03T18:20:00,NATURALGAS,2026-08-03,cycles_resampled,train,CHOP,TRENDING,SHORT,1.0,4.333,0.8462,0.0769,0.0769,1.413,267.3,1.5,1.927,0.7786,False,True,True,True,False,False,False,0.0,4A_CONT,False,False,AMBIG,265.8,early,1.239,1.05,2.502,-0.323,1.049,EOD,True,False,False
2026-08-03T18:25:00,NATURALGAS,2026-08-03,cycles_resampled,train,CHOP,FAILED_BREAKDOWN,LONG,0.9099,2.333,0.4286,0.0,0.5714,0.375,264.89,1.21,1.513,0.8,False,True,True,True,False,False,False,0.0,4B_TRAP,False,False,AMBIG,266.1,early,0.721,3.33,0.139,-1.248,-1.387,STOP,False,False,False
2026-08-03T18:30:00,NATURALGAS,2026-08-03,cycles_resampled,train,CHOP,FAILED_BREAKOUT,SHORT,0.9821,3.333,0.9,0.0,0.1,1.059,265.4,0.1,0.118,0.85,True,False,False,False,False,False,False,0.0,4A_CONT,False,False,AMBIG,265.3,spike,0.93,0.86,2.796,-0.538,0.86,EOD,True,False,False
2026-08-03T19:00:00,NATURALGAS,2026-08-03,cycles_resampled,train,CHOP,FAILED_BREAKOUT,SHORT,0.9831,4.0,0.75,0.0,0.25,1.105,264.7,0.1,0.123,0.8143,False,False,False,False,True,True,True,0.491,4B_TRAP,False,True,H7_TRAP,264.6,spike,0.936,1.28,2.03,-1.068,-1.175,STOP,True,False,False
2026-08-03T19:15:00,NATURALGAS,2026-08-03,cycles_resampled,train,CHOP,FAILED_BREAKOUT,SHORT,0.9752,3.333,0.5,0.0,0.5,0.625,264.3,-0.1,-0.125,0.8,True,False,False,False,False,False,False,0.0,4A_CONT,False,False,AMBIG,264.4,spike,0.53,0.19,3.208,-0.189,2.811,T3,True,True,False
2026-08-03T19:20:00,NATURALGAS,2026-08-03,cycles_resampled,train,CHOP,FAILED_BREAKOUT,SHORT,0.9262,2.667,0.625,0.0,0.375,0.636,263.9,-0.1,-0.127,0.7857,False,False,False,False,False,False,False,0.0,4B_TRAP,False,False,AMBIG,264.0,early,0.524,1.15,2.481,-1.145,-1.336,STOP,True,False,False
2026-08-03T19:40:00,NATURALGAS,2026-08-03,cycles_resampled,train,CHOP,FAILED_BREAKOUT,LONG,0.9286,2.667,1.0,0.0,0.0,1.231,263.3,0.2,0.308,0.65,False,True,False,False,False,False,False,0.0,4A_CONT,False,False,AMBIG,263.5,early,0.824,1.7,2.549,-0.485,1.214,EOD,True,False,False
2026-08-04T10:40:00,NATURALGAS,2026-08-04,cycles_resampled,train,TREND_DOWN,TRENDING,LONG,1.0,3.0,0.8333,0.0,0.1667,2.333,265.4,0.5,2.333,0.2143,False,True,True,True,False,False,False,0.0,4B_TRAP,False,False,AMBIG,265.9,early,0.618,,0.162,-1.133,-1.294,STOP,False,False,False
2026-08-04T11:30:00,NATURALGAS,2026-08-04,cycles_resampled,train,TREND_DOWN,FAILED_BREAKOUT,LONG,0.9,1.5,1.0,0.0,0.0,1.273,265.5,0.3,1.273,0.2357,True,True,True,True,False,False,False,0.0,4B_TRAP,True,False,H1_CONT,265.8,early,0.309,0.32,1.618,-2.589,-2.913,STOP,False,False,False
2026-08-04T12:15:00,NATURALGAS,2026-08-04,cycles_resampled,train,TREND_DOWN,TRENDING,SHORT,1.0,3.0,1.0,0.0,0.0,1.909,265.8,0.8,2.545,0.3143,True,True,True,True,False,False,False,0.0,4A_CONT,True,False,H1_CONT,265.0,early,0.618,0.34,3.398,-0.162,2.838,T3,True,True,False
2026-08-04T12:30:00,NATURALGAS,2026-08-04,cycles_resampled,train,TREND_DOWN,FAILED_BREAKOUT,SHORT,0.9286,2.0,0.75,0.0,0.25,0.933,264.6,0.1,0.311,0.3214,False,True,False,False,False,False,False,0.0,4B_TRAP,False,False,AMBIG,264.5,spike,0.312,,0.321,-1.603,-1.923,STOP,False,False,False
2026-08-04T13:25:00,NATURALGAS,2026-08-04,cycles_resampled,train,TREND_DOWN,FAILED_BREAKOUT,SHORT,0.9808,3.0,1.0,0.0,0.0,2.049,264.3,0.5,1.707,0.2929,True,True,True,True,False,False,False,0.0,4B_TRAP,True,False,H1_CONT,263.8,early,0.618,,0.324,-1.456,-1.618,STOP,False,False,False
2026-08-04T14:35:00,NATURALGAS,2026-08-04,cycles_resampled,train,TREND_DOWN,FAILED_BREAKOUT,SHORT,0.9848,3.0,1.0,0.0,0.0,2.154,264.0,0.2,0.718,0.2786,False,True,True,True,False,False,False,0.0,4A_CONT,False,False,AMBIG,263.8,early,0.618,0.32,3.56,-0.809,2.838,T3,True,True,False
2026-08-04T15:15:00,NATURALGAS,2026-08-04,cycles_resampled,train,TREND_DOWN,FAILED_BREAKOUT,LONG,0.9459,2.5,1.0,0.0,0.0,1.707,263.8,0.1,0.341,0.2929,True,True,True,False,False,False,False,0.0,4B_TRAP,True,False,H1_CONT,263.9,early,0.515,3.84,0.777,-1.942,-2.136,STOP,False,False,False
2026-08-04T15:50:00,NATURALGAS,2026-08-04,cycles_resampled,train,TREND_DOWN,FAILED_BREAKOUT,SHORT,0.9506,2.5,1.0,0.0,0.0,1.591,263.2,0.3,0.955,0.3143,False,True,True,True,False,False,False,0.0,4A_CONT,False,False,AMBIG,262.9,early,0.515,,3.301,0.0,2.806,T3,True,True,False
2026-08-04T16:00:00,NATURALGAS,2026-08-04,cycles_resampled,train,TREND_DOWN,TRENDING,SHORT,0.988,3.0,1.0,0.0,0.0,1.714,262.6,0.5,1.429,0.35,True,True,True,True,False,False,False,0.0,4B_TRAP,True,False,H1_CONT,262.1,early,0.618,,1.456,-1.294,-1.456,STOP,False,False,False
2026-08-04T16:10:00,NATURALGAS,2026-08-04,cycles_resampled,train,TREND_DOWN,TRENDING,SHORT,0.9882,3.0,0.8333,0.1667,0.0,1.458,262.0,0.4,1.167,0.3429,False,True,False,False,False,True,True,2.625,4B_TRAP,False,True,H7_TRAP,261.6,early,0.618,,0.647,-1.294,-1.456,STOP,False,False,False
2026-08-04T16:20:00,NATURALGAS,2026-08-04,cycles_resampled,train,TREND_DOWN,TRENDING,LONG,0.9885,3.0,0.8333,0.0,0.1667,1.228,262.2,0.2,0.491,0.4071,True,True,True,True,False,False,False,0.0,4B_TRAP,True,False,H1_CONT,262.4,early,0.618,5.6,1.456,-1.294,-1.456,STOP,False,False,False
2026-08-04T16:25:00,NATURALGAS,2026-08-04,cycles_resampled,train,TREND_DOWN,FAILED_BREAKOUT,LONG,0.9205,2.0,1.0,0.0,0.0,1.25,262.4,0.5,1.25,0.4,False,True,False,False,False,False,True,0.5,4B_TRAP,False,True,AMBIG,262.9,early,0.515,5.75,0.777,-1.165,-1.359,STOP,False,False,False
2026-08-04T16:30:00,NATURALGAS,2026-08-04,cycles_resampled,train,TREND_DOWN,FAILED_BREAKOUT,SHORT,1.0,2.333,0.7143,0.1429,0.1429,1.148,264.02,1.32,3.03,0.4357,True,True,True,True,False,False,False,0.0,4A_CONT,True,False,H1_CONT,262.7,early,0.621,2.42,3.543,0.0,2.839,T3,True,True,False
2026-08-04T17:05:00,NATURALGAS,2026-08-04,cycles_resampled,train,TREND_DOWN,TRENDING,SHORT,1.0,2.8,0.8571,0.1429,0.0,1.333,261.6,0.3,0.667,0.45,True,True,True,True,False,False,False,0.0,4A_CONT,True,False,H1_CONT,261.3,early,0.721,0.14,3.745,-0.277,2.861,T3,True,True,False
2026-08-04T17:10:00,NATURALGAS,2026-08-04,cycles_resampled,train,TREND_DOWN,TRENDING,SHORT,1.0,3.333,0.9,0.1,0.0,1.881,261.2,0.7,1.463,0.4786,True,True,True,True,False,False,False,0.0,4A_CONT,True,False,H1_CONT,260.5,early,1.03,,3.398,-0.291,2.903,T3,True,True,False
2026-08-04T17:15:00,NATURALGAS,2026-08-04,cycles_resampled,train,TREND_DOWN,TRENDING,SHORT,1.0,4.667,0.7143,0.0,0.2857,1.75,260.5,0.7,1.225,0.5714,True,True,True,True,False,False,False,0.0,4A_CONT,True,False,H1_CONT,259.8,early,1.042,,3.647,-0.192,2.904,T3,True,True,False
2026-08-04T17:20:00,NATURALGAS,2026-08-04,cycles_resampled,train,TREND_DOWN,TRENDING,SHORT,0.9899,4.0,1.0,0.0,0.0,1.953,259.4,0.8,1.302,0.6143,True,True,False,False,False,False,True,0.326,4B_TRAP,True,True,H1_WEAK,258.6,early,1.236,,0.162,-1.133,-1.214,STOP,False,False,False
2026-08-04T17:50:00,NATURALGAS,2026-08-04,cycles_resampled,train,TREND_DOWN,TRENDING,LONG,0.9714,2.333,0.5714,0.0,0.4286,0.622,258.7,0.4,0.622,0.6429,False,False,False,False,False,False,False,0.0,4B_TRAP,False,False,AMBIG,259.1,spike,0.721,0.69,1.248,-1.387,-1.526,STOP,False,False,False
2026-08-04T18:00:00,NATURALGAS,2026-08-04,cycles_resampled,train,TREND_DOWN,TRENDING,LONG,0.9907,4.667,0.7143,0.2857,0.0,1.359,259.1,0.5,0.68,0.7357,False,False,False,False,True,True,True,1.359,4B_TRAP,False,True,H7_TRAP,259.6,spike,1.042,6.35,0.0,-1.44,-1.536,STOP,False,False,False
2026-08-04T18:05:00,NATURALGAS,2026-08-04,cycles_resampled,train,TREND_DOWN,TRENDING,SHORT,0.9537,2.333,0.8571,0.1429,0.0,0.764,263.58,4.88,6.211,0.7857,True,True,True,True,False,False,False,0.0,4A_CONT,True,False,H1_CONT,258.7,early,0.721,0.42,3.745,-0.555,2.861,T3,True,True,False
2026-08-04T18:40:00,NATURALGAS,2026-08-04,cycles_resampled,train,TREND_DOWN,TRENDING,SHORT,0.9565,2.333,0.2857,0.7143,0.0,0.301,263.24,4.84,7.286,0.6643,True,True,True,True,False,False,False,0.0,4A_CONT,False,False,H1_WEAK,258.4,early,0.721,1.94,3.329,0.0,2.861,T3,True,True,False
2026-08-04T18:45:00,NATURALGAS,2026-08-04,cycles_resampled,train,TREND_DOWN,TRENDING,SHORT,0.9741,3.333,1.0,0.0,0.0,1.373,258.4,1.3,1.784,0.7286,True,True,True,True,False,False,False,0.0,4A_CONT,True,False,H1_CONT,257.1,early,1.03,0.1,2.913,0.0,1.165,EOD,True,False,False
2026-08-04T18:50:00,NATURALGAS,2026-08-04,cycles_resampled,train,TREND_DOWN,TRENDING,SHORT,0.9744,3.667,1.0,0.0,0.0,1.481,257.0,1.0,1.346,0.7429,False,True,True,True,False,False,False,0.0,4X_AMBIG,False,False,AMBIG,256.0,early,1.133,,1.677,-0.353,0.088,EOD,False,False,False
2026-08-04T19:05:00,NATURALGAS,2026-08-04,cycles_resampled,train,TREND_DOWN,TRENDING,SHORT,0.925,2.333,1.0,0.0,0.0,0.933,256.0,0.3,0.4,0.75,False,True,True,True,False,False,False,0.0,4A_CONT,False,False,AMBIG,255.7,early,0.721,,2.219,-0.555,-0.277,EOD,True,False,False
2026-08-04T19:15:00,NATURALGAS,2026-08-04,cycles_resampled,train,TREND_DOWN,TRENDING,SHORT,0.9262,2.333,1.0,0.0,0.0,1.065,255.5,0.5,0.761,0.6571,True,True,True,True,False,False,False,0.0,4B_TRAP,True,False,H1_CONT,255.0,early,0.721,,1.248,-1.11,-1.248,STOP,False,False,False
2026-08-04T19:45:00,NATURALGAS,2026-08-04,cycles_resampled,train,TREND_DOWN,TRENDING,LONG,0.9531,3.0,0.7778,0.2222,0.0,1.054,255.3,-0.1,-0.151,0.6643,False,False,False,False,False,True,True,0.753,4X_AMBIG,False,False,H7_TRAP,255.2,spike,0.727,0.14,1.238,-0.963,0.963,EOD,False,False,False
2026-08-04T20:00:00,NATURALGAS,2026-08-04,cycles_resampled,train,TREND_DOWN,TRENDING,SHORT,0.9847,4.0,0.5,0.3333,0.1667,1.012,254.8,0.0,0.0,0.5929,True,False,False,False,False,True,True,0.506,4B_TRAP,False,True,H7_TRAP,254.8,spike,1.036,0.29,0.29,-1.062,-1.158,STOP,False,False,False
2026-08-04T21:30:00,NATURALGAS,2026-08-04,cycles_resampled,train,TREND_DOWN,TRENDING,LONG,0.9262,2.333,0.8571,0.1429,0.0,1.5,255.3,0.4,1.0,0.4,False,True,True,True,False,False,False,0.0,4X_AMBIG,False,False,AMBIG,255.7,early,0.621,16.86,0.644,-0.966,0.322,EOD,False,False,False
2026-08-05T10:10:00,NATURALGAS,2026-08-05,cycles_resampled,val,CHOP,TRENDING,SHORT,1.0,4.5,0.7778,0.2222,0.0,2.8,257.5,0.6,2.4,0.25,False,True,True,True,False,False,False,0.0,4B_TRAP,False,False,AMBIG,256.9,early,0.927,0.11,0.108,-1.294,-1.402,STOP,False,False,False
2026-08-05T11:00:00,NATURALGAS,2026-08-05,cycles_resampled,val,CHOP,OPENING_DRIVE,SHORT,0.9167,1.5,0.3333,0.3333,0.3333,0.378,257.0,-0.1,-0.378,0.2643,False,False,False,False,True,True,True,1.514,4B_TRAP,False,True,H7_TRAP,257.1,spike,0.209,0.48,0.0,-1.435,-1.914,STOP,False,False,False
2026-08-05T11:25:00,NATURALGAS,2026-08-05,cycles_resampled,val,CHOP,OPENING_DRIVE,LONG,0.9655,2.5,1.0,0.0,0.0,2.121,257.5,0.2,0.848,0.2357,True,True,True,False,False,False,False,0.0,4B_TRAP,True,False,H1_CONT,257.7,early,0.515,0.19,1.748,-1.165,-1.359,STOP,False,False,False
2026-08-05T11:35:00,NATURALGAS,2026-08-05,cycles_resampled,val,CHOP,TRENDING,SHORT,0.9677,2.5,0.4,0.6,0.0,0.778,257.6,-0.2,-0.778,0.2571,True,False,False,False,False,True,True,1.556,4B_TRAP,False,True,H7_TRAP,257.8,spike,0.315,1.9,0.952,-1.27,-1.587,STOP,False,False,False
2026-08-05T11:40:00,NATURALGAS,2026-08-05,cycles_resampled,val,CHOP,TRENDING,SHORT,0.9062,2.0,1.0,0.0,0.0,1.514,257.6,0.1,0.378,0.2643,False,False,False,False,True,True,True,1.514,4B_TRAP,False,True,H7_TRAP,257.5,spike,0.412,0.73,0.0,-1.214,-1.456,STOP,False,False,False
2026-08-05T12:30:00,NATURALGAS,2026-08-05,cycles_resampled,val,CHOP,TRENDING,SHORT,0.9286,2.0,0.5,0.0,0.5,0.667,257.9,0.0,0.0,0.3,False,False,False,False,True,True,True,1.333,4B_TRAP,False,True,H7_TRAP,257.9,spike,0.212,4.29,0.0,-2.83,-3.302,STOP,False,False,False
2026-08-05T12:35:00,NATURALGAS,2026-08-05,cycles_resampled,val,CHOP,TRENDING,LONG,0.9767,2.5,0.6,0.4,0.0,0.977,258.2,0.1,0.326,0.3071,False,True,False,False,False,True,True,0.651,4B_TRAP,False,True,H7_TRAP,258.3,spike,0.315,,0.317,-1.27,-1.587,STOP,False,False,False
2026-08-05T13:05:00,NATURALGAS,2026-08-05,cycles_resampled,val,CHOP,TRENDING,SHORT,0.9796,2.5,1.0,0.0,0.0,1.707,258.5,0.4,1.366,0.2929,True,True,True,True,False,False,False,0.0,4A_CONT,True,False,H1_CONT,258.1,early,0.515,0.39,3.107,-0.388,2.806,T3,True,True,False
2026-08-05T13:10:00,NATURALGAS,2026-08-05,cycles_resampled,val,CHOP,TRENDING,SHORT,0.9,2.0,1.0,0.0,0.0,1.302,257.9,0.2,0.651,0.3071,True,True,True,True,False,False,False,0.0,4B_TRAP,True,False,H1_CONT,257.7,early,0.412,1.67,2.427,-1.456,-1.699,STOP,True,False,False
2026-08-05T13:15:00,NATURALGAS,2026-08-05,cycles_resampled,val,CHOP,FAILED_BREAKOUT,SHORT,0.9804,3.0,1.0,0.0,0.0,1.787,257.7,0.6,1.787,0.3357,False,True,True,True,False,False,False,0.0,4B_TRAP,False,False,AMBIG,257.1,early,0.618,0.15,0.647,-1.618,-1.78,STOP,False,False,False
2026-08-05T14:05:00,NATURALGAS,2026-08-05,cycles_resampled,val,CHOP,FAILED_BREAKOUT,LONG,0.9836,3.0,1.0,0.0,0.0,1.714,257.87,0.23,0.657,0.35,False,True,True,True,False,False,False,0.0,4B_TRAP,False,False,AMBIG,258.1,spike,0.618,0.81,0.324,-1.294,-1.456,STOP,False,False,False
2026-08-05T15:40:00,NATURALGAS,2026-08-05,cycles_resampled,val,CHOP,FAILED_BREAKOUT,LONG,0.9625,2.5,1.0,0.0,0.0,1.795,257.4,0.3,1.077,0.2786,False,False,False,False,True,True,True,3.231,4B_TRAP,False,True,H7_TRAP,257.7,spike,0.515,0.33,0.0,-2.33,-2.524,STOP,False,False,False
2026-08-05T15:45:00,NATURALGAS,2026-08-05,cycles_resampled,val,CHOP,FAILED_BREAKOUT,SHORT,1.0,5.5,1.0,0.0,0.0,3.08,256.7,0.2,0.56,0.3571,False,True,False,False,False,False,False,0.0,4B_TRAP,False,False,AMBIG,256.5,spike,1.133,,0.0,-1.236,-1.324,STOP,False,False,False
2026-08-05T16:15:00,NATURALGAS,2026-08-05,cycles_resampled,val,CHOP,FAILED_BREAKOUT,LONG,0.977,3.0,1.0,0.0,0.0,1.68,256.7,0.6,1.68,0.3571,True,True,True,True,False,False,False,0.0,4B_TRAP,True,False,H1_CONT,257.3,early,0.618,0.94,1.133,-1.942,-2.104,STOP,False,False,False
2026-08-05T16:20:00,NATURALGAS,2026-08-05,cycles_resampled,val,CHOP,FAILED_BREAKOUT,LONG,0.9773,3.5,0.8571,0.1429,0.0,1.5,257.88,-0.08,-0.2,0.4,False,False,False,False,True,True,True,1.45,4B_TRAP,False,True,H7_TRAP,257.8,spike,0.621,0.13,0.322,-1.127,-1.288,STOP,False,False,False
2026-08-05T16:45:00,NATURALGAS,2026-08-05,cycles_resampled,val,CHOP,FAILED_BREAKOUT,LONG,0.9785,3.5,0.7143,0.2857,0.0,1.094,258.0,-0.2,-0.437,0.4571,False,False,False,False,True,True,True,0.875,4B_TRAP,False,True,H7_TRAP,257.8,spike,0.521,0.15,0.384,-1.344,-1.536,STOP,False,False,False
2026-08-05T17:05:00,NATURALGAS,2026-08-05,cycles_resampled,val,CHOP,FAILED_BREAKOUT,SHORT,0.9794,3.5,0.8571,0.1429,0.0,1.424,257.5,0.2,0.475,0.4214,False,True,True,True,False,False,False,0.0,4A_CONT,False,False,AMBIG,257.3,spike,0.721,0.42,3.051,-0.416,2.861,T3,True,True,False
2026-08-05T17:15:00,NATURALGAS,2026-08-05,cycles_resampled,val,CHOP,FAILED_BREAKOUT,SHORT,0.9192,2.5,1.0,0.0,0.0,1.045,257.0,0.2,0.418,0.4786,True,True,False,False,False,True,True,0.418,4A_CONT,False,False,H7_TRAP,256.8,early,0.515,0.58,3.301,-0.971,2.806,T3,True,True,False
2026-08-05T17:30:00,NATURALGAS,2026-08-05,cycles_resampled,val,CHOP,FAILED_BREAKOUT,SHORT,1.0,4.8,0.9167,0.0833,0.0,2.2,256.5,0.4,0.8,0.5,False,True,True,True,False,False,False,0.0,4B_TRAP,False,False,AMBIG,256.1,early,1.236,,0.809,-1.294,-1.375,STOP,False,False,False
2026-08-05T17:40:00,NATURALGAS,2026-08-05,cycles_resampled,val,CHOP,FAILED_BREAKOUT,SHORT,0.9712,2.333,1.0,0.0,0.0,1.38,256.0,0.2,0.394,0.5071,False,False,False,False,True,True,True,0.197,4B_TRAP,False,True,H7_TRAP,255.8,spike,0.721,,0.693,-1.664,-1.803,STOP,False,False,False
2026-08-05T17:50:00,NATURALGAS,2026-08-05,cycles_resampled,val,CHOP,FAILED_BREAKOUT,SHORT,0.9811,3.333,0.1,0.9,0.0,0.169,256.8,0.8,1.349,0.5929,True,True,True,False,False,False,True,0.169,4B_TRAP,False,True,H1_WEAK,256.0,early,1.03,0.68,0.874,-1.165,-1.262,STOP,False,False,False
2026-08-05T17:55:00,NATURALGAS,2026-08-05,cycles_resampled,val,CHOP,FAILED_BREAKOUT,SHORT,0.9813,3.667,0.4545,0.0,0.5455,0.805,255.3,-0.4,-0.644,0.6214,False,False,False,False,True,True,True,2.575,4B_TRAP,False,True,H7_TRAP,255.7,spike,0.533,0.75,0.563,-2.439,-2.627,STOP,False,False,False
2026-08-05T18:00:00,NATURALGAS,2026-08-05,cycles_resampled,val,CHOP,FAILED_BREAKOUT,LONG,0.9444,2.667,0.875,0.125,0.0,1.065,256.2,-0.1,-0.152,0.6571,True,False,False,False,False,True,True,0.152,4B_TRAP,False,True,H7_TRAP,256.1,spike,0.724,1.24,2.21,-1.243,-1.381,STOP,True,False,False
2026-08-05T18:05:00,NATURALGAS,2026-08-05,cycles_resampled,val,CHOP,FAILED_BREAKOUT,LONG,0.945,2.667,0.875,0.125,0.0,1.01,257.0,-0.1,-0.144,0.6929,False,False,False,False,True,True,True,1.299,4B_TRAP,False,True,H7_TRAP,256.9,spike,0.724,0.14,0.414,-1.105,-1.243,STOP,False,False,False
2026-08-05T18:10:00,NATURALGAS,2026-08-05,cycles_resampled,val,CHOP,FAILED_BREAKOUT,SHORT,0.9727,3.667,0.8182,0.1818,0.0,1.2,256.2,0.1,0.133,0.75,False,False,False,False,True,True,True,1.867,4B_TRAP,False,True,H7_TRAP,256.1,spike,1.133,0.88,0.0,-1.412,-1.5,STOP,False,False,False
2026-08-05T18:20:00,NATURALGAS,2026-08-05,cycles_resampled,val,CHOP,FAILED_BREAKOUT,LONG,0.9196,2.333,0.8571,0.1429,0.0,0.764,257.2,0.4,0.509,0.7857,False,False,False,False,True,True,True,1.909,4B_TRAP,False,True,H7_TRAP,257.6,spike,0.621,0.61,0.0,-1.61,-1.771,STOP,False,False,False
2026-08-05T18:30:00,NATURALGAS,2026-08-05,cycles_resampled,val,CHOP,FAILED_BREAKOUT,SHORT,0.9649,3.333,0.8,0.2,0.0,0.911,256.1,0.4,0.455,0.8786,False,True,False,False,False,True,True,0.683,4B_TRAP,False,True,H7_TRAP,255.7,spike,1.03,0.58,0.194,-1.068,-1.165,STOP,False,False,False
2026-08-05T19:35:00,NATURALGAS,2026-08-05,cycles_resampled,val,CHOP,FAILED_BREAKOUT,SHORT,0.9449,3.0,0.8889,0.0,0.1111,1.4,256.1,0.6,1.05,0.5714,True,True,True,True,False,False,False,0.0,4B_TRAP,True,False,H1_CONT,255.5,early,0.827,0.48,1.693,-1.209,-1.33,STOP,False,False,False
2026-08-05T20:00:00,NATURALGAS,2026-08-05,cycles_resampled,val,CHOP,FAILED_BREAKOUT,SHORT,0.9242,2.667,1.0,0.0,0.0,1.418,255.1,0.3,0.532,0.5643,False,True,True,True,False,False,False,0.0,4B_TRAP,False,False,AMBIG,254.8,early,0.824,,0.85,-1.335,-1.456,STOP,False,False,False
2026-08-05T21:45:00,NATURALGAS,2026-08-05,cycles_resampled,val,CHOP,FAILED_BREAKOUT,LONG,0.9542,3.0,0.8889,0.0,0.1111,2.074,255.7,0.8,2.074,0.3857,True,True,True,True,False,False,False,0.0,4X_AMBIG,True,False,H1_CONT,256.5,early,0.927,1.7,0.647,-0.324,0.324,EOD,False,False,False
2026-08-06T11:30:00,NATURALGAS,2026-08-06,cycles_resampled,val,CHOP,OPENING_DRIVE,LONG,1.0,12.0,0.8333,0.0,0.1667,4.0,256.1,0.5,2.0,0.25,True,True,True,True,False,False,False,0.0,4B_TRAP,True,False,H1_CONT,256.6,early,1.236,,1.214,-1.294,-1.375,STOP,False,False,False
2026-08-06T11:35:00,NATURALGAS,2026-08-06,cycles_resampled,val,CHOP,TRENDING,LONG,0.9677,5.0,1.0,0.0,0.0,1.842,256.6,0.2,0.737,0.2714,True,True,True,True,False,False,False,0.0,4B_TRAP,True,False,H1_CONT,256.8,early,0.515,,2.524,-1.748,-1.942,STOP,True,False,False
2026-08-06T12:00:00,NATURALGAS,2026-08-06,cycles_resampled,val,CHOP,TRENDING,LONG,0.9444,2.0,1.0,0.0,0.0,1.217,257.5,0.1,0.304,0.3286,True,True,True,True,False,False,False,0.0,4B_TRAP,True,False,H1_CONT,257.6,spike,0.412,,1.214,-1.456,-1.699,STOP,False,False,False
2026-08-06T12:05:00,NATURALGAS,2026-08-06,cycles_resampled,val,CHOP,TRENDING,LONG,0.9459,2.0,1.0,0.0,0.0,1.143,257.6,0.2,0.571,0.35,True,True,True,True,False,False,False,0.0,4B_TRAP,True,False,H1_CONT,257.8,early,0.412,,0.728,-1.942,-2.184,STOP,False,False,False
2026-08-06T12:30:00,NATURALGAS,2026-08-06,cycles_resampled,val,CHOP,TRENDING,SHORT,0.9762,2.5,0.4,0.6,0.0,0.483,257.6,-0.2,-0.483,0.4143,True,False,False,False,True,True,True,0.483,4A_CONT,False,False,H7_TRAP,257.8,spike,0.315,0.32,3.492,0.0,2.683,T3,True,True,False
2026-08-06T13:20:00,NATURALGAS,2026-08-06,cycles_resampled,val,CHOP,FAILED_BREAKOUT,SHORT,0.9423,2.0,1.0,0.0,0.0,1.474,257.0,0.3,1.105,0.2714,True,True,True,False,False,False,False,0.0,4B_TRAP,True,False,H1_CONT,256.7,early,0.412,3.81,0.243,-1.214,-1.456,STOP,False,False,False
2026-08-06T13:35:00,NATURALGAS,2026-08-06,cycles_resampled,val,CHOP,FAILED_BREAKOUT,LONG,0.9818,2.5,0.6,0.4,0.0,1.077,257.19,-0.19,-0.682,0.2786,True,False,False,False,True,True,True,1.041,4B_TRAP,False,True,H7_TRAP,257.0,spike,0.315,0.6,0.635,-1.587,-1.905,STOP,False,False,False
2026-08-06T13:55:00,NATURALGAS,2026-08-06,cycles_resampled,val,CHOP,TRENDING,SHORT,0.9828,3.5,1.0,0.0,0.0,2.39,256.6,0.1,0.341,0.2929,False,True,False,False,False,False,True,0.683,4A_CONT,False,False,AMBIG,256.5,spike,0.721,1.9,3.606,-0.555,2.861,T3,True,True,False
2026-08-06T15:05:00,NATURALGAS,2026-08-06,cycles_resampled,val,CHOP,FAILED_BREAKOUT,SHORT,0.9861,4.0,1.0,0.0,0.0,3.111,256.5,0.6,2.333,0.2571,False,True,True,True,False,False,False,0.0,4A_CONT,False,False,AMBIG,255.9,early,0.824,0.93,3.034,-0.485,2.879,T3,True,True,False
2026-08-06T15:25:00,NATURALGAS,2026-08-06,cycles_resampled,val,CHOP,FAILED_BREAKOUT,SHORT,0.9868,4.0,1.0,0.0,0.0,2.545,255.1,0.1,0.318,0.3143,False,True,False,False,False,True,True,0.636,4B_TRAP,False,True,H7_TRAP,255.0,spike,0.824,,0.243,-1.092,-1.214,STOP,False,False,False
2026-08-06T16:00:00,NATURALGAS,2026-08-06,cycles_resampled,val,CHOP,FAILED_BREAKOUT,SHORT,0.9518,3.0,1.0,0.0,0.0,1.585,254.8,0.0,0.0,0.3786,False,False,False,False,True,True,True,3.434,4B_TRAP,False,True,H7_TRAP,254.8,spike,0.618,,0.0,-1.294,-1.456,STOP,False,False,False
2026-08-06T16:05:00,NATURALGAS,2026-08-06,cycles_resampled,val,CHOP,FAILED_BREAKOUT,LONG,0.9643,3.5,0.8571,0.1429,0.0,1.424,255.4,0.1,0.237,0.4214,True,True,True,True,False,False,False,0.0,4B_TRAP,True,False,H1_CONT,255.5,spike,0.621,2.25,0.966,-1.127,-1.288,STOP,False,False,False
2026-08-06T16:10:00,NATURALGAS,2026-08-06,cycles_resampled,val,CHOP,FAILED_BREAKOUT,LONG,0.9412,3.0,0.8333,0.1667,0.0,1.111,255.6,0.2,0.444,0.45,True,True,True,False,False,False,False,0.0,4B_TRAP,True,False,H1_CONT,255.8,early,0.518,2.12,0.579,-1.158,-1.351,STOP,False,False,False
2026-08-06T17:15:00,NATURALGAS,2026-08-06,cycles_resampled,val,CHOP,FAILED_BREAKOUT,SHORT,0.949,3.0,0.8333,0.0,0.1667,1.4,254.7,0.7,1.96,0.3571,False,True,True,True,False,False,False,0.0,4B_TRAP,False,False,AMBIG,254.0,early,0.518,,2.124,-1.351,-1.544,STOP,True,False,False
2026-08-06T17:20:00,NATURALGAS,2026-08-06,cycles_resampled,val,CHOP,FAILED_BREAKOUT,SHORT,0.9192,2.5,0.4,0.6,0.0,0.56,253.9,0.3,0.84,0.3571,False,True,True,False,False,False,True,1.12,4B_TRAP,False,True,AMBIG,253.6,spike,0.315,,2.222,-2.222,-2.54,STOP,True,False,False
2026-08-06T17:35:00,NATURALGAS,2026-08-06,cycles_resampled,val,CHOP,FAILED_BREAKOUT,LONG,1.0,7.0,1.0,0.0,0.0,3.161,253.9,0.4,0.903,0.4429,False,False,False,False,True,True,True,0.452,4B_TRAP,False,True,H7_TRAP,254.3,spike,1.442,1.72,0.971,-1.04,-1.11,STOP,False,False,False
2026-08-06T17:40:00,NATURALGAS,2026-08-06,cycles_resampled,val,CHOP,FAILED_BREAKOUT,SHORT,0.9806,5.0,0.4,0.6,0.0,0.812,254.92,1.22,2.475,0.4929,False,True,True,False,False,False,True,0.568,4B_TRAP,False,True,AMBIG,253.7,early,1.03,0.29,0.0,-1.068,-1.165,STOP,False,False,False
2026-08-06T17:45:00,NATURALGAS,2026-08-06,cycles_resampled,val,CHOP,FAILED_BREAKOUT,LONG,0.9615,4.0,1.0,0.0,0.0,1.474,253.9,0.7,1.289,0.5429,False,True,True,True,False,False,False,0.0,4B_TRAP,False,False,AMBIG,254.6,early,0.824,2.73,0.728,-1.214,-1.335,STOP,False,False,False
2026-08-06T17:50:00,NATURALGAS,2026-08-06,cycles_resampled,val,CHOP,FAILED_BREAKOUT,SHORT,0.9238,3.0,0.8333,0.0,0.1667,0.886,254.9,0.6,1.063,0.5643,False,False,False,False,True,True,True,0.532,4B_TRAP,False,True,H7_TRAP,254.3,early,0.518,2.7,0.772,-1.737,-1.931,STOP,False,False,False
2026-08-06T17:55:00,NATURALGAS,2026-08-06,cycles_resampled,val,CHOP,FAILED_BREAKOUT,LONG,0.9906,6.5,1.0,0.0,0.0,2.0,254.8,0.4,0.615,0.65,False,True,False,False,False,True,True,1.231,4B_TRAP,False,True,H7_TRAP,255.2,spike,1.339,1.23,0.0,-1.195,-1.27,STOP,False,False,False
2026-08-06T18:05:00,NATURALGAS,2026-08-06,cycles_resampled,val,CHOP,FAILED_BREAKOUT,SHORT,0.9352,3.5,0.8571,0.0,0.1429,0.875,253.9,-0.1,-0.146,0.6857,False,False,False,False,True,True,True,1.75,4B_TRAP,False,True,H7_TRAP,254.0,spike,0.621,0.16,0.644,-2.254,-2.415,STOP,False,False,False
2026-08-06T18:25:00,NATURALGAS,2026-08-06,cycles_resampled,val,CHOP,FAILED_BREAKOUT,LONG,0.9286,3.5,0.2857,0.4286,0.2857,0.262,255.4,-0.1,-0.131,0.7643,True,False,False,False,True,True,True,1.439,4B_TRAP,False,True,H7_TRAP,255.3,spike,0.421,3.94,0.0,-2.613,-2.85,STOP,False,False,False
2026-08-06T18:35:00,NATURALGAS,2026-08-06,cycles_resampled,val,CHOP,FAILED_BREAKOUT,LONG,0.9737,5.5,1.0,0.0,0.0,1.262,255.6,0.0,0.0,0.8714,False,False,False,False,True,True,True,1.033,4B_TRAP,False,True,H7_TRAP,255.6,spike,1.133,1.2,0.088,-1.589,-1.677,STOP,False,False,False
2026-08-06T18:40:00,NATURALGAS,2026-08-06,cycles_resampled,val,CHOP,FAILED_BREAKOUT,SHORT,0.9304,3.5,1.0,0.0,0.0,0.784,254.8,0.1,0.112,0.8929,False,False,False,False,True,True,True,0.448,4B_TRAP,False,True,H7_TRAP,254.7,spike,0.721,0.69,0.0,-1.387,-1.526,STOP,False,False,False
2026-08-06T19:00:00,NATURALGAS,2026-08-06,cycles_resampled,val,CHOP,FAILED_BREAKOUT,SHORT,0.9748,6.0,1.0,0.0,0.0,1.514,254.7,0.9,1.135,0.7929,True,True,True,True,False,False,False,0.0,4A_CONT,True,False,H1_CONT,253.8,early,1.236,0.73,2.67,-0.728,0.566,EOD,True,False,False
2026-08-06T20:00:00,NATURALGAS,2026-08-06,cycles_resampled,val,CHOP,FAILED_BREAKOUT,SHORT,0.916,2.333,0.8571,0.0,0.1429,0.944,252.3,0.9,1.416,0.6357,True,True,True,True,False,False,False,0.0,4B_TRAP,True,False,H1_CONT,251.4,early,0.621,,1.449,-2.093,-2.254,STOP,False,False,False
2026-08-06T20:05:00,NATURALGAS,2026-08-06,cycles_resampled,val,CHOP,TRENDING,SHORT,0.9167,2.333,0.8571,0.0,0.1429,0.923,251.3,0.3,0.462,0.65,True,True,True,True,False,False,False,0.0,4B_TRAP,True,False,H1_CONT,251.0,spike,0.621,,0.805,-1.127,-1.288,STOP,False,False,False
2026-08-06T21:40:00,NATURALGAS,2026-08-06,cycles_resampled,val,CHOP,FAILED_BREAKOUT,LONG,0.9603,3.0,0.7778,0.0,0.2222,1.342,253.6,0.2,0.384,0.5214,False,False,False,False,True,True,True,0.767,4X_AMBIG,False,False,H7_TRAP,253.8,spike,0.927,0.43,0.971,-0.863,-0.755,EOD,False,False,False
2026-08-06T22:15:00,NATURALGAS,2026-08-06,cycles_resampled,val,CHOP,FAILED_BREAKOUT,LONG,0.9684,3.333,1.0,0.0,0.0,2.121,254.0,0.5,1.061,0.4714,True,True,True,True,False,False,False,0.0,4B_TRAP,True,False,H1_CONT,254.5,early,1.03,2.65,0.194,-1.456,-1.553,STOP,False,False,False
2026-08-07T10:00:00,NATURALGAS,2026-08-07,cycles_resampled,val,TREND_UP,OPENING_DRIVE,SHORT,0.9167,1.333,1.0,0.0,0.0,1.333,252.5,0.2,0.667,0.3,True,True,True,True,False,False,False,0.0,4B_TRAP,True,False,H1_CONT,252.3,early,0.412,1.94,0.243,-1.214,-1.456,STOP,False,False,False
2026-08-07T10:35:00,NATURALGAS,2026-08-07,cycles_resampled,val,TREND_UP,TRENDING,LONG,1.0,1.667,1.0,0.0,0.0,1.795,252.9,0.2,0.718,0.2786,True,True,False,False,False,True,True,0.359,4A_CONT,False,False,H7_TRAP,253.1,early,0.515,,3.107,-0.583,2.806,T3,True,True,False
2026-08-07T11:35:00,NATURALGAS,2026-08-07,cycles_resampled,val,TREND_UP,TRENDING,LONG,1.0,2.5,0.4,0.4,0.2,0.8,253.4,-0.2,-0.8,0.25,True,False,False,False,False,False,False,0.0,4A_CONT,False,False,AMBIG,253.2,spike,0.315,0.63,3.492,0.0,2.683,T3,True,True,False
2026-08-07T11:40:00,NATURALGAS,2026-08-07,cycles_resampled,val,TREND_UP,TRENDING,LONG,0.9032,2.0,0.5,0.25,0.25,0.757,253.4,0.2,0.757,0.2643,True,True,True,True,False,False,False,0.0,4A_CONT,False,False,H1_WEAK,253.6,early,0.312,,3.526,0.0,2.679,T3,True,True,False
2026-08-07T11:45:00,NATURALGAS,2026-08-07,cycles_resampled,val,TREND_UP,TRENDING,LONG,1.0,2.0,0.8,0.0,0.2,1.514,253.7,0.4,1.514,0.2643,True,True,True,True,False,False,False,0.0,4B_TRAP,True,False,H1_CONT,254.1,early,0.515,,1.748,-1.359,-1.553,STOP,False,False,False
2026-08-07T12:10:00,NATURALGAS,2026-08-07,cycles_resampled,val,TREND_UP,TRENDING,LONG,1.0,4.5,1.0,0.0,0.0,2.8,254.3,0.4,1.244,0.3214,False,True,True,True,False,False,False,0.0,4B_TRAP,False,False,AMBIG,254.7,early,0.927,,0.324,-1.402,-1.51,STOP,False,False,False
2026-08-07T12:40:00,NATURALGAS,2026-08-07,cycles_resampled,val,TREND_UP,TRENDING,SHORT,0.907,2.0,0.75,0.25,0.0,0.875,254.7,0.2,0.583,0.3429,False,True,True,True,False,False,False,0.0,4A_CONT,False,False,AMBIG,254.5,spike,0.412,0.24,3.155,-0.728,2.757,T3,True,True,False
2026-08-07T13:00:00,NATURALGAS,2026-08-07,cycles_resampled,val,TREND_UP,TRENDING,LONG,0.9787,3.0,0.6667,0.0,0.3333,1.217,254.5,0.3,0.913,0.3286,False,False,False,False,True,True,True,0.913,4B_TRAP,False,True,H7_TRAP,254.8,spike,0.618,0.32,0.0,-1.133,-1.294,STOP,False,False,False
2026-08-07T13:45:00,NATURALGAS,2026-08-07,cycles_resampled,val,TREND_UP,TRENDING,SHORT,0.9636,2.5,1.0,0.0,0.0,1.75,254.1,0.3,1.05,0.2857,False,True,True,True,False,False,False,0.0,4A_CONT,False,False,AMBIG,253.8,spike,0.515,2.27,3.107,-0.583,2.806,T3,True,True,False
2026-08-07T14:05:00,NATURALGAS,2026-08-07,cycles_resampled,val,TREND_UP,TRENDING,SHORT,0.9661,3.0,0.3333,0.1667,0.5,0.683,253.8,0.1,0.341,0.2929,False,True,True,True,False,False,False,0.0,4A_CONT,False,False,AMBIG,253.7,early,0.318,3.14,3.145,0.0,2.686,T3,True,True,False
2026-08-07T14:20:00,NATURALGAS,2026-08-07,cycles_resampled,val,TREND_UP,FAILED_BREAKOUT,SHORT,0.9516,2.5,1.0,0.0,0.0,1.75,253.3,0.1,0.35,0.2857,True,True,True,True,False,False,False,0.0,4B_TRAP,True,False,H1_CONT,253.2,spike,0.515,0.82,2.913,-1.553,-1.748,STOP,True,False,False
2026-08-07T14:50:00,NATURALGAS,2026-08-07,cycles_resampled,val,TREND_UP,FAILED_BREAKOUT,SHORT,0.9706,2.4,0.8333,0.0,0.1667,1.4,253.0,0.0,0.0,0.3571,False,False,False,False,True,True,True,0.84,4B_TRAP,False,True,H7_TRAP,253.0,spike,0.518,0.29,2.51,-1.931,-2.124,STOP,True,False,False
2026-08-07T15:15:00,NATURALGAS,2026-08-07,cycles_resampled,val,TREND_UP,FAILED_BREAKOUT,SHORT,0.9452,1.667,0.8,0.2,0.0,1.167,252.9,0.2,0.583,0.3429,False,False,False,False,True,True,True,0.292,4B_TRAP,False,True,H7_TRAP,252.7,spike,0.515,1.13,1.942,-1.165,-1.359,STOP,False,False,False
2026-08-07T16:30:00,NATURALGAS,2026-08-07,cycles_resampled,val,TREND_UP,FAILED_BREAKOUT,SHORT,0.9886,2.0,0.3333,0.3333,0.3333,0.609,252.1,0.2,0.609,0.3286,False,True,False,False,False,False,True,0.913,4B_TRAP,False,True,AMBIG,251.9,spike,0.418,0.96,0.478,-1.196,-1.435,STOP,False,False,False
2026-08-07T17:00:00,NATURALGAS,2026-08-07,cycles_resampled,val,TREND_UP,FAILED_BREAKOUT,SHORT,0.9681,2.0,1.0,0.0,0.0,1.714,252.1,0.1,0.286,0.35,False,False,False,False,True,True,True,1.714,4B_TRAP,False,True,H7_TRAP,252.0,spike,0.618,0.52,0.162,-1.456,-1.618,STOP,False,False,False
2026-08-07T17:20:00,NATURALGAS,2026-08-07,cycles_resampled,val,TREND_UP,FAILED_BREAKOUT,LONG,0.9388,1.667,0.8,0.0,0.2,1.037,252.6,0.2,0.519,0.3857,True,False,False,False,False,True,True,0.259,4B_TRAP,False,True,H7_TRAP,252.8,spike,0.515,1.79,2.524,-1.553,-1.748,STOP,True,False,False
2026-08-07T17:35:00,NATURALGAS,2026-08-07,cycles_resampled,val,TREND_UP,FAILED_BREAKOUT,LONG,0.9406,1.667,1.0,0.0,0.0,1.186,252.9,0.1,0.237,0.4214,True,True,True,True,False,False,False,0.0,4B_TRAP,True,False,H1_CONT,253.0,spike,0.515,1.26,2.136,-1.942,-2.136,STOP,True,False,False
2026-08-07T17:45:00,NATURALGAS,2026-08-07,cycles_resampled,val,TREND_UP,FAILED_BREAKOUT,LONG,0.9709,2.0,0.8333,0.1667,0.0,1.167,253.58,0.32,0.747,0.4286,False,False,False,False,True,True,True,2.52,4B_TRAP,False,True,H7_TRAP,253.9,spike,0.518,2.12,0.386,-1.737,-1.931,STOP,False,False,False
2026-08-07T17:50:00,NATURALGAS,2026-08-07,cycles_resampled,val,TREND_UP,TRENDING,SHORT,1.0,3.667,1.0,0.0,0.0,2.333,253.4,0.4,0.848,0.4714,True,True,True,False,False,False,True,0.424,4B_TRAP,True,True,H1_CONT,253.0,early,1.133,0.62,0.883,-1.147,-1.236,STOP,False,False,False
2026-08-07T17:55:00,NATURALGAS,2026-08-07,cycles_resampled,val,TREND_UP,FAILED_BREAKOUT,SHORT,0.9238,1.667,1.0,0.0,0.0,1.045,253.0,0.5,1.045,0.4786,False,False,False,False,True,True,True,1.254,4B_TRAP,False,True,H7_TRAP,252.5,spike,0.515,0.39,0.0,-1.359,-1.553,STOP,False,False,False
2026-08-07T18:00:00,NATURALGAS,2026-08-07,cycles_resampled,val,TREND_UP,FAILED_BREAKOUT,LONG,0.9623,2.0,1.0,0.0,0.0,1.183,253.0,0.2,0.394,0.5071,True,True,False,False,False,True,True,0.197,4B_TRAP,False,True,H7_TRAP,253.2,early,0.618,0.61,0.809,-1.942,-2.104,STOP,False,False,False
2026-08-07T18:05:00,NATURALGAS,2026-08-07,cycles_resampled,val,TREND_UP,FAILED_BREAKOUT,LONG,0.9626,2.0,0.8333,0.1667,0.0,0.946,253.58,0.02,0.038,0.5286,False,False,False,False,True,True,True,1.286,4B_TRAP,False,True,H7_TRAP,253.6,spike,0.518,0.97,0.0,-1.544,-1.737,STOP,False,False,False
2026-08-07T18:10:00,NATURALGAS,2026-08-07,cycles_resampled,val,TREND_UP,FAILED_BREAKOUT,SHORT,0.9815,2.333,0.8571,0.0,0.1429,1.105,253.1,0.2,0.368,0.5429,False,False,False,False,True,True,True,0.368,4B_TRAP,False,True,H7_TRAP,252.9,spike,0.621,0.64,1.449,-2.254,-2.415,STOP,False,False,False
2026-08-07T18:30:00,NATURALGAS,2026-08-07,cycles_resampled,val,TREND_UP,FAILED_BREAKOUT,LONG,0.9911,4.0,1.0,0.0,0.0,1.867,253.58,0.72,1.12,0.6429,False,True,True,True,False,False,False,0.0,4X_AMBIG,False,False,AMBIG,254.3,early,1.236,0.57,1.942,-0.324,1.294,EOD,False,False,False
2026-08-07T18:40:00,NATURALGAS,2026-08-07,cycles_resampled,val,TREND_UP,TRENDING,LONG,0.9825,3.667,1.0,0.0,0.0,1.481,255.0,0.3,0.404,0.7429,True,True,True,True,False,False,False,0.0,4B_TRAP,True,False,H1_CONT,255.3,early,1.133,,1.236,-1.059,-1.147,STOP,False,False,False
2026-08-07T18:50:00,NATURALGAS,2026-08-07,cycles_resampled,val,TREND_UP,TRENDING,LONG,0.9569,2.333,0.4286,0.5714,0.0,0.385,256.0,0.0,0.0,0.7786,False,False,False,False,False,False,True,0.128,4B_TRAP,False,True,AMBIG,256.0,spike,0.321,,2.181,-1.246,-1.558,STOP,True,False,False
2026-08-07T19:25:00,NATURALGAS,2026-08-07,cycles_resampled,val,TREND_UP,TRENDING,LONG,0.9593,2.333,0.2857,0.0,0.7143,0.322,256.4,-0.2,-0.322,0.6214,True,False,False,False,False,True,True,0.161,4B_TRAP,False,True,H7_TRAP,256.2,spike,0.521,0.38,0.96,-1.152,-1.344,STOP,False,False,False
2026-08-07T20:20:00,NATURALGAS,2026-08-07,cycles_resampled,val,TREND_UP,TRENDING,SHORT,0.9627,2.333,1.0,0.0,0.0,1.661,256.0,0.3,0.712,0.4214,False,True,True,True,False,False,False,0.0,4A_CONT,False,False,AMBIG,255.7,early,0.721,5.6,2.497,-0.277,-0.277,EOD,True,False,False
2026-08-07T20:55:00,NATURALGAS,2026-08-07,cycles_resampled,val,TREND_UP,TRENDING,SHORT,0.9645,2.333,1.0,0.0,0.0,1.922,255.0,0.2,0.549,0.3643,False,True,True,True,False,False,False,0.0,4B_TRAP,False,False,AMBIG,254.8,early,0.721,4.36,1.248,-1.11,-1.248,STOP,False,False,False
2026-08-07T21:10:00,NATURALGAS,2026-08-07,cycles_resampled,val,TREND_UP,TRENDING,SHORT,0.9097,2.0,1.0,0.0,0.0,1.714,254.5,0.4,1.143,0.35,False,False,False,False,False,True,True,0.857,4B_TRAP,False,True,H7_TRAP,254.1,spike,0.618,3.95,0.324,-1.456,-1.618,STOP,False,False,False
2026-08-07T21:15:00,NATURALGAS,2026-08-07,cycles_resampled,val,TREND_UP,FAILED_BREAKOUT,LONG,0.9103,2.0,0.6667,0.0,0.3333,1.037,254.37,0.13,0.337,0.3857,True,True,True,True,False,False,False,0.0,4A_CONT,True,False,H1_CONT,254.5,spike,0.618,1.62,2.265,-0.324,2.265,EOD,True,False,False
2026-08-07T21:20:00,NATURALGAS,2026-08-07,cycles_resampled,val,TREND_UP,FAILED_BREAKOUT,LONG,0.9658,2.333,0.7143,0.2857,0.0,1.186,254.7,0.1,0.237,0.4214,True,True,True,True,False,False,False,0.0,4A_CONT,True,False,H1_CONT,254.8,spike,0.521,3.65,2.111,-0.384,2.111,EOD,True,False,False
2026-08-07T21:55:00,NATURALGAS,2026-08-07,cycles_resampled,val,TREND_UP,TRENDING,LONG,0.9673,2.333,1.0,0.0,0.0,1.607,255.3,0.2,0.459,0.4357,True,True,False,False,False,True,True,0.23,4X_AMBIG,False,False,H7_TRAP,255.5,early,0.721,1.66,0.555,-0.832,0.555,EOD,False,False,False
2026-08-10T10:20:00,NATURALGAS,2026-08-10,cycles_resampled,val,TREND_UP,OPENING_DRIVE,SHORT,0.9333,1.5,0.3333,0.6667,0.0,0.5,260.9,-0.1,-0.5,0.2,False,False,False,False,True,True,True,3.0,4B_TRAP,False,True,H7_TRAP,261.0,spike,0.209,2.34,0.0,-2.392,-2.871,STOP,False,False,False
2026-08-10T10:25:00,NATURALGAS,2026-08-10,cycles_resampled,val,TREND_UP,TRENDING,LONG,0.9375,2.0,1.0,0.0,0.0,1.75,261.4,0.1,0.438,0.2286,False,False,False,False,True,True,True,0.437,4B_TRAP,False,True,H7_TRAP,261.5,spike,0.412,,0.243,-1.214,-1.456,STOP,False,False,False
2026-08-10T11:25:00,NATURALGAS,2026-08-10,cycles_resampled,val,TREND_UP,TRENDING,SHORT,0.9643,2.0,0.5,0.0,0.5,0.8,261.2,0.0,0.0,0.25,False,False,False,False,True,True,True,3.2,4B_TRAP,False,True,H7_TRAP,261.2,spike,0.212,0.99,0.0,-2.358,-2.83,STOP,False,False,False
2026-08-10T11:30:00,NATURALGAS,2026-08-10,cycles_resampled,val,TREND_UP,TRENDING,LONG,1.0,2.5,0.6,0.4,0.0,1.135,261.6,-0.1,-0.378,0.2643,True,False,False,False,True,True,True,0.378,4A_CONT,False,False,H7_TRAP,261.5,spike,0.315,0.32,3.492,0.0,2.683,T3,True,True,False
2026-08-10T11:40:00,NATURALGAS,2026-08-10,cycles_resampled,val,TREND_UP,TRENDING,LONG,1.0,2.5,1.0,0.0,0.0,2.0,261.7,0.3,1.2,0.25,True,True,True,True,False,False,False,0.0,4A_CONT,True,False,H1_CONT,262.0,early,0.515,,3.495,0.0,2.806,T3,True,True,False
2026-08-10T11:45:00,NATURALGAS,2026-08-10,cycles_resampled,val,TREND_UP,TRENDING,LONG,1.0,3.0,0.6667,0.1667,0.1667,1.474,262.0,0.5,1.842,0.2714,False,True,True,True,False,False,False,0.0,4A_CONT,False,False,AMBIG,262.5,early,0.518,,3.089,-0.965,2.807,T3,True,True,False
2026-08-10T12:30:00,NATURALGAS,2026-08-10,cycles_resampled,val,TREND_UP,TRENDING,LONG,0.9,2.0,0.5,0.25,0.25,0.596,262.9,-0.1,-0.298,0.3357,True,False,False,False,False,False,False,0.0,4B_TRAP,False,False,AMBIG,262.8,spike,0.312,0.32,1.282,-1.603,-1.923,STOP,False,False,False
2026-08-10T12:35:00,NATURALGAS,2026-08-10,cycles_resampled,val,TREND_UP,TRENDING,LONG,0.9756,2.5,0.2,0.4,0.4,0.292,262.9,0.0,0.0,0.3429,True,False,False,False,False,False,True,0.875,4B_TRAP,False,True,AMBIG,262.9,spike,0.315,,0.952,-1.27,-1.587,STOP,False,False,False
2026-08-10T12:45:00,NATURALGAS,2026-08-10,cycles_resampled,val,TREND_UP,TRENDING,LONG,0.9767,3.0,0.1667,0.0,0.8333,0.269,263.2,-0.1,-0.269,0.3714,False,False,False,False,True,True,True,1.615,4B_TRAP,False,True,H7_TRAP,263.1,spike,0.518,0.19,0.0,-1.158,-1.351,STOP,False,False,False
2026-08-10T13:20:00,NATURALGAS,2026-08-10,cycles_resampled,val,TREND_UP,TRENDING,SHORT,0.9,2.0,0.25,0.25,0.5,0.255,262.2,-0.2,-0.509,0.3929,False,False,False,False,True,True,True,2.036,4B_TRAP,False,True,H7_TRAP,262.4,spike,0.212,1.42,0.472,-1.887,-2.358,STOP,False,False,False
2026-08-10T13:25:00,NATURALGAS,2026-08-10,cycles_resampled,val,TREND_UP,TRENDING,LONG,0.9608,2.5,1.0,0.0,0.0,1.25,262.6,0.2,0.5,0.4,True,True,True,True,False,False,False,0.0,4A_CONT,True,False,H1_CONT,262.8,spike,0.515,0.78,3.689,-0.388,2.806,T3,True,True,False
2026-08-10T14:25:00,NATURALGAS,2026-08-10,cycles_resampled,val,TREND_UP,TRENDING,SHORT,0.9048,2.0,1.0,0.0,0.0,1.302,263.8,0.4,1.302,0.3071,True,True,True,True,False,False,False,0.0,4B_TRAP,True,False,H1_CONT,263.4,early,0.412,0.24,0.485,-1.214,-1.456,STOP,False,False,False
2026-08-10T14:35:00,NATURALGAS,2026-08-10,cycles_resampled,val,TREND_UP,TRENDING,LONG,0.9077,2.0,1.0,0.0,0.0,1.4,263.5,0.1,0.35,0.2857,True,True,True,True,False,False,False,0.0,4B_TRAP,True,False,H1_CONT,263.6,spike,0.412,0.73,2.67,-1.456,-1.699,STOP,True,False,False
2026-08-10T14:55:00,NATURALGAS,2026-08-10,cycles_resampled,val,TREND_UP,TRENDING,LONG,1.0,3.0,0.5,0.1667,0.3333,0.955,263.9,0.1,0.318,0.3143,True,True,False,False,False,True,True,0.636,4B_TRAP,False,True,H7_TRAP,264.0,spike,0.518,,0.579,-1.158,-1.351,STOP,False,False,False
2026-08-10T15:45:00,NATURALGAS,2026-08-10,cycles_resampled,val,TREND_UP,TRENDING,SHORT,0.9615,2.5,0.6,0.4,0.0,1.105,263.8,0.1,0.368,0.2714,True,True,True,True,False,False,False,0.0,4B_TRAP,True,False,H1_CONT,263.7,spike,0.515,6.14,0.388,-1.165,-1.359,STOP,False,False,False
2026-08-10T16:10:00,NATURALGAS,2026-08-10,cycles_resampled,val,TREND_UP,TRENDING,LONG,0.9639,2.5,0.6,0.4,0.0,1.077,264.2,-0.1,-0.359,0.2786,True,False,False,False,True,True,True,1.436,4B_TRAP,False,True,H7_TRAP,264.1,spike,0.315,0.32,0.317,-1.905,-2.222,STOP,False,False,False
2026-08-10T17:00:00,NATURALGAS,2026-08-10,cycles_resampled,val,TREND_UP,TRENDING,LONG,0.9677,2.5,0.6,0.4,0.0,0.933,263.9,0.1,0.311,0.3214,False,True,True,True,False,False,False,0.0,4B_TRAP,False,False,AMBIG,264.0,early,0.315,0.83,2.222,-1.27,-1.587,STOP,True,False,False
2026-08-10T17:10:00,NATURALGAS,2026-08-10,cycles_resampled,val,TREND_UP,TRENDING,LONG,1.0,3.5,0.5714,0.4286,0.0,1.143,264.3,0.1,0.286,0.35,True,True,True,False,False,False,True,2.0,4B_TRAP,True,True,H1_CONT,264.4,spike,0.421,,0.238,-1.9,-2.138,STOP,False,False,False
2026-08-10T17:15:00,NATURALGAS,2026-08-10,cycles_resampled,val,TREND_UP,TRENDING,LONG,0.9583,2.5,0.0,0.0,1.0,0.0,264.31,0.19,0.532,0.3571,True,True,False,False,False,True,True,1.988,4B_TRAP,False,True,H7_TRAP,264.5,spike,0.515,0.39,0.0,-1.748,-1.942,STOP,False,False,False
2026-08-10T17:25:00,NATURALGAS,2026-08-10,cycles_resampled,val,TREND_UP,TRENDING,SHORT,1.0,3.5,1.0,0.0,0.0,1.849,264.0,0.4,1.057,0.3786,False,True,True,True,False,False,False,0.0,4B_TRAP,False,False,AMBIG,263.6,early,0.721,2.9,0.832,-1.526,-1.664,STOP,False,False,False
2026-08-10T17:35:00,NATURALGAS,2026-08-10,cycles_resampled,val,TREND_UP,TRENDING,SHORT,0.95,2.0,0.4,0.4,0.2,0.519,263.5,-0.1,-0.259,0.3857,True,False,False,False,False,True,True,3.63,4B_TRAP,False,True,H7_TRAP,263.6,spike,0.415,5.04,1.446,-2.651,-2.892,STOP,False,False,False
2026-08-10T17:40:00,NATURALGAS,2026-08-10,cycles_resampled,val,TREND_UP,TRENDING,SHORT,1.0,5.667,0.6471,0.3529,0.0,2.265,263.5,0.5,1.029,0.4857,True,False,False,False,True,True,True,2.882,4B_TRAP,False,True,H7_TRAP,263.0,spike,1.751,0.85,0.0,-1.085,-1.142,STOP,False,False,False
2026-08-10T17:50:00,NATURALGAS,2026-08-10,cycles_resampled,val,TREND_UP,TRENDING,LONG,0.9903,3.0,1.0,0.0,0.0,1.448,264.7,0.2,0.322,0.6214,False,True,True,True,False,False,False,0.0,4B_TRAP,False,False,AMBIG,264.9,spike,0.927,,0.971,-1.187,-1.294,STOP,False,False,False
2026-08-10T18:05:00,NATURALGAS,2026-08-10,cycles_resampled,val,TREND_UP,TRENDING,LONG,0.9434,2.0,0.8333,0.0,0.1667,0.753,265.3,0.4,0.602,0.6643,True,True,False,False,False,True,True,2.409,4B_TRAP,False,True,H7_TRAP,265.7,early,0.618,,0.162,-3.074,-3.236,STOP,False,False,False
2026-08-10T18:15:00,NATURALGAS,2026-08-10,cycles_resampled,val,TREND_UP,TRENDING,SHORT,0.9907,5.0,0.9333,0.0,0.0667,1.832,265.5,1.6,2.093,0.7643,False,True,True,True,False,False,False,0.0,4B_TRAP,False,False,AMBIG,263.9,early,1.445,0.62,0.484,-1.176,-1.246,STOP,False,False,False
2026-08-10T18:25:00,NATURALGAS,2026-08-10,cycles_resampled,val,TREND_UP,TRENDING,LONG,0.9727,2.667,0.375,0.375,0.25,0.389,263.8,-0.1,-0.13,0.7714,True,False,False,False,False,False,False,0.0,4A_CONT,False,False,AMBIG,263.7,spike,0.524,3.05,3.626,0.0,2.809,T3,True,True,False
2026-08-10T18:30:00,NATURALGAS,2026-08-10,cycles_resampled,val,TREND_UP,TRENDING,LONG,0.9099,1.667,1.0,0.0,0.0,0.625,264.0,0.3,0.375,0.8,True,True,True,True,False,False,False,0.0,4A_CONT,True,False,H1_CONT,264.3,early,0.515,1.94,3.107,0.0,2.806,T3,True,True,False
2026-08-10T18:40:00,NATURALGAS,2026-08-10,cycles_resampled,val,TREND_UP,TRENDING,LONG,0.9646,2.333,0.4286,0.5714,0.0,0.362,265.3,-0.1,-0.121,0.8286,True,False,False,False,False,False,False,0.0,4A_CONT,False,False,AMBIG,265.2,spike,0.321,0.31,4.361,-0.935,2.688,T3,True,True,False
2026-08-10T18:45:00,NATURALGAS,2026-08-10,cycles_resampled,val,TREND_UP,TRENDING,LONG,0.9825,3.333,0.5,0.0,0.5,0.579,265.8,0.1,0.116,0.8643,True,True,True,True,False,False,False,0.0,4A_CONT,False,False,H1_WEAK,265.9,spike,1.03,,2.039,-0.291,0.874,EOD,True,False,False
2026-08-10T18:55:00,NATURALGAS,2026-08-10,cycles_resampled,val,TREND_UP,TRENDING,LONG,0.9569,2.333,0.5714,0.0,0.4286,0.533,266.1,0.5,0.667,0.75,True,True,True,True,False,False,False,0.0,4X_AMBIG,True,False,H1_CONT,266.6,early,0.721,,1.942,-0.832,0.277,EOD,False,False,False
2026-08-10T19:20:00,NATURALGAS,2026-08-10,cycles_resampled,val,TREND_UP,TRENDING,SHORT,0.9256,2.0,1.0,0.0,0.0,0.848,266.6,0.1,0.141,0.7071,False,False,False,False,True,True,True,1.131,4B_TRAP,False,True,H7_TRAP,266.5,spike,0.618,9.6,0.0,-1.456,-1.618,STOP,False,False,False
2026-08-10T19:55:00,NATURALGAS,2026-08-10,cycles_resampled,val,TREND_UP,TRENDING,SHORT,0.9062,2.0,0.5,0.0,0.5,0.627,267.2,-0.2,-0.418,0.4786,True,False,False,False,True,True,True,1.672,4B_TRAP,False,True,H7_TRAP,267.4,spike,0.318,2.2,0.629,-1.887,-2.201,STOP,False,False,False
2026-08-10T20:10:00,NATURALGAS,2026-08-10,cycles_resampled,val,TREND_UP,TRENDING,LONG,0.9313,2.0,1.0,0.0,0.0,1.333,267.7,0.3,0.667,0.45,True,False,False,False,False,True,True,2.0,4B_TRAP,False,True,H7_TRAP,268.0,spike,0.618,,0.0,-1.942,-2.104,STOP,False,False,False
2026-08-10T20:25:00,NATURALGAS,2026-08-10,cycles_resampled,val,TREND_UP,TRENDING,SHORT,0.903,2.0,1.0,0.0,0.0,1.235,267.2,0.4,0.824,0.4857,True,True,True,True,False,False,False,0.0,4B_TRAP,True,False,H1_CONT,266.8,early,0.618,7.8,0.809,-1.618,-1.78,STOP,False,False,False
2026-08-10T22:05:00,NATURALGAS,2026-08-10,cycles_resampled,val,TREND_UP,TRENDING,SHORT,0.9805,3.0,0.7778,0.1111,0.1111,1.815,266.8,0.4,1.037,0.3857,True,True,True,True,False,False,False,0.0,4X_AMBIG,True,False,H1_CONT,266.4,early,0.827,5.34,0.484,-0.846,-0.484,EOD,False,False,False
2026-08-10T22:25:00,NATURALGAS,2026-08-10,cycles_resampled,val,TREND_UP,TRENDING,LONG,0.962,2.333,1.0,0.0,0.0,1.849,266.2,0.9,2.377,0.3786,True,True,True,True,False,False,False,0.0,4B_TRAP,True,False,H1_CONT,267.1,early,0.721,0.28,0.0,-1.11,-1.248,STOP,False,False,False
2026-08-11T10:15:00,NATURALGAS,2026-08-11,cycles_resampled,val,CHOP,OPENING_DRIVE,LONG,0.9286,1.5,0.6667,0.0,0.3333,0.933,265.5,0.0,0.0,0.2143,True,False,False,False,True,True,True,0.467,4A_CONT,False,False,H7_TRAP,265.5,spike,0.309,1.26,4.531,-0.647,2.676,T3,True,True,False
2026-08-11T10:30:00,NATURALGAS,2026-08-11,cycles_resampled,val,CHOP,OPENING_DRIVE,LONG,0.9412,2.5,1.0,0.0,0.0,1.944,265.5,0.3,1.167,0.2571,True,True,True,True,False,False,False,0.0,4A_CONT,True,False,H1_CONT,265.8,early,0.515,0.17,3.107,-0.777,2.806,T3,True,True,False
2026-08-11T10:55:00,NATURALGAS,2026-08-11,cycles_resampled,val,CHOP,OPENING_DRIVE,SHORT,0.9091,1.5,1.0,0.0,0.0,1.313,265.6,0.1,0.438,0.2286,True,True,False,False,False,True,True,0.437,4B_TRAP,False,True,H7_TRAP,265.5,spike,0.309,0.55,0.324,-4.531,-4.854,STOP,False,False,False
2026-08-11T11:00:00,NATURALGAS,2026-08-11,cycles_resampled,val,CHOP,OPENING_DRIVE,SHORT,0.913,1.5,0.3333,0.6667,0.0,0.424,265.5,0.0,0.0,0.2357,False,False,False,False,True,True,True,0.848,4B_TRAP,False,True,H7_TRAP,265.5,spike,0.309,0.49,0.324,-4.531,-4.854,STOP,False,False,False
2026-08-11T11:20:00,NATURALGAS,2026-08-11,cycles_resampled,val,CHOP,OPENING_DRIVE,LONG,1.0,7.5,0.8667,0.0,0.1333,3.957,265.9,1.0,3.043,0.3286,False,True,True,True,False,False,False,0.0,4B_TRAP,False,False,AMBIG,266.9,early,1.545,,0.324,-1.1,-1.165,STOP,False,False,False
2026-08-11T11:40:00,NATURALGAS,2026-08-11,cycles_resampled,val,CHOP,FAILED_BREAKDOWN,LONG,0.9677,3.5,0.5714,0.2857,0.1429,1.037,266.6,0.1,0.259,0.3857,True,True,True,True,False,False,False,0.0,4B_TRAP,True,False,H1_CONT,266.7,early,0.521,0.96,1.344,-1.919,-2.111,STOP,False,False,False
2026-08-11T12:25:00,NATURALGAS,2026-08-11,cycles_resampled,val,CHOP,FAILED_BREAKOUT,SHORT,0.975,3.5,0.8571,0.0,0.1429,1.167,266.5,0.7,1.361,0.5143,False,True,True,True,False,False,False,0.0,4B_TRAP,False,False,AMBIG,265.8,early,0.621,1.1,0.161,-1.127,-1.288,STOP,False,False,False
2026-08-11T12:30:00,NATURALGAS,2026-08-11,cycles_resampled,val,CHOP,FAILED_BREAKOUT,LONG,0.9756,3.5,0.7143,0.1429,0.1429,1.094,266.4,-0.1,-0.219,0.4571,False,False,False,False,True,True,True,0.875,4B_TRAP,False,True,H7_TRAP,266.3,spike,0.621,1.45,1.449,-1.127,-1.288,STOP,False,False,False
2026-08-11T13:00:00,NATURALGAS,2026-08-11,cycles_resampled,val,CHOP,FAILED_BREAKOUT,LONG,0.9149,2.0,0.6667,0.0,0.3333,0.949,266.4,0.1,0.237,0.4214,True,True,True,True,False,False,False,0.0,4B_TRAP,True,False,H1_CONT,266.5,spike,0.618,1.46,1.133,-1.133,-1.294,STOP,False,False,False
2026-08-11T13:05:00,NATURALGAS,2026-08-11,cycles_resampled,val,CHOP,FAILED_BREAKOUT,LONG,0.9167,2.0,0.3333,0.1667,0.5,0.444,266.5,0.2,0.444,0.45,True,True,False,False,False,False,True,0.667,4B_TRAP,False,True,H1_WEAK,266.7,early,0.518,1.35,0.965,-1.351,-1.544,STOP,False,False,False
2026-08-11T15:40:00,NATURALGAS,2026-08-11,cycles_resampled,val,CHOP,FAILED_BREAKOUT,SHORT,0.9494,2.0,1.0,0.0,0.0,2.0,265.0,0.3,1.0,0.3,True,True,True,True,False,False,False,0.0,4A_CONT,True,False,H1_CONT,264.7,early,0.618,,3.236,0.0,2.838,T3,True,True,False
2026-08-11T16:00:00,NATURALGAS,2026-08-11,cycles_resampled,val,CHOP,FAILED_BREAKOUT,SHORT,0.988,3.0,0.5556,0.1111,0.3333,1.321,264.0,0.4,1.057,0.3786,False,True,True,True,False,False,False,0.0,4B_TRAP,False,False,AMBIG,263.6,early,0.627,,1.435,-1.116,-1.276,STOP,False,False,False
2026-08-11T16:30:00,NATURALGAS,2026-08-11,cycles_resampled,val,CHOP,FAILED_BREAKOUT,SHORT,0.9888,4.333,0.5385,0.0769,0.3846,1.508,263.3,0.1,0.215,0.4643,False,False,False,False,False,True,True,0.862,4B_TRAP,False,True,H7_TRAP,263.2,spike,0.839,,0.0,-1.192,-1.311,STOP,False,False,False
2026-08-11T16:40:00,NATURALGAS,2026-08-11,cycles_resampled,val,CHOP,TRENDING,LONG,0.9341,2.0,0.8333,0.1667,0.0,1.061,263.4,0.3,0.636,0.4714,False,True,False,False,False,False,False,0.0,4A_CONT,False,False,AMBIG,263.7,early,0.518,0.97,5.985,-0.965,2.807,T3,True,True,True
2026-08-11T17:25:00,NATURALGAS,2026-08-11,cycles_resampled,val,CHOP,FAILED_BREAKOUT,LONG,0.94,2.0,0.5,0.5,0.0,0.592,264.0,0.0,0.0,0.5071,True,False,False,False,False,True,True,0.394,4B_TRAP,False,True,H7_TRAP,264.0,spike,0.318,8.68,1.887,-1.258,-1.572,STOP,False,False,False
2026-08-11T17:30:00,NATURALGAS,2026-08-11,cycles_resampled,val,CHOP,FAILED_BREAKOUT,SHORT,0.9703,2.333,0.1429,0.8571,0.0,0.184,265.1,1.1,2.026,0.5429,True,True,True,True,False,False,False,0.0,4B_TRAP,False,False,H1_WEAK,264.0,early,0.621,0.81,0.644,-1.449,-1.61,STOP,False,False,False
2026-08-11T17:45:00,NATURALGAS,2026-08-11,cycles_resampled,val,CHOP,FAILED_BREAKOUT,LONG,0.9808,3.0,0.8889,0.0,0.1111,1.556,264.6,0.3,0.583,0.5143,True,True,True,True,False,False,False,0.0,4A_CONT,True,False,H1_CONT,264.9,early,0.927,2.22,4.099,-0.108,2.892,T3,True,True,False
2026-08-11T17:50:00,NATURALGAS,2026-08-11,cycles_resampled,val,CHOP,FAILED_BREAKOUT,LONG,1.0,6.667,0.85,0.0,0.15,2.767,264.9,1.9,3.093,0.6143,True,True,True,True,False,False,False,0.0,4B_TRAP,True,False,H1_CONT,266.8,early,2.06,0.08,1.117,-1.019,-1.068,STOP,False,False,False
2026-08-11T17:55:00,NATURALGAS,2026-08-11,cycles_resampled,val,CHOP,FAILED_BREAKDOWN,LONG,0.9906,5.0,0.7333,0.0,0.2667,1.525,267.4,1.3,1.802,0.7214,False,False,False,False,True,True,True,0.277,4B_TRAP,False,True,H7_TRAP,268.7,early,1.545,,0.065,-1.553,-1.618,STOP,False,False,False
2026-08-11T18:00:00,NATURALGAS,2026-08-11,cycles_resampled,val,CHOP,TRENDING,SHORT,0.9907,5.333,1.0,0.0,0.0,2.0,267.2,0.0,0.0,0.8,False,False,False,False,False,False,True,0.375,4B_TRAP,False,True,AMBIG,267.2,spike,1.648,1.25,0.546,-1.153,-1.214,STOP,False,False,False
2026-08-11T18:05:00,NATURALGAS,2026-08-11,cycles_resampled,val,CHOP,FAILED_BREAKDOWN,LONG,0.9537,3.0,0.5556,0.0,0.4444,0.619,267.01,0.19,0.235,0.8071,True,True,True,True,False,False,False,0.0,4B_TRAP,True,False,H1_CONT,267.2,spike,0.927,1.73,2.05,-1.726,-1.834,STOP,True,False,False
2026-08-11T18:20:00,NATURALGAS,2026-08-11,cycles_resampled,val,CHOP,FAILED_BREAKDOWN,LONG,0.964,4.667,0.5,0.5,0.0,0.705,268.8,-0.4,-0.403,0.9929,False,False,False,False,True,True,True,1.712,4B_TRAP,False,True,H7_TRAP,268.4,spike,0.742,0.54,0.0,-1.617,-1.752,STOP,False,False,False
2026-08-11T18:30:00,NATURALGAS,2026-08-11,cycles_resampled,val,CHOP,FAILED_BREAKDOWN,SHORT,0.9115,2.667,0.75,0.25,0.0,0.587,267.9,0.7,0.685,1.0214,True,True,True,True,False,False,False,0.0,4A_CONT,True,False,H1_CONT,267.2,early,0.824,1.09,3.034,-0.485,2.879,T3,True,True,False
2026-08-11T18:35:00,NATURALGAS,2026-08-11,cycles_resampled,val,CHOP,FAILED_BREAKDOWN,LONG,0.9474,3.0,0.2222,0.0,0.7778,0.192,267.17,-0.07,-0.067,1.0429,True,False,False,False,True,True,True,0.547,4B_TRAP,False,True,H7_TRAP,267.1,spike,0.727,0.1,0.0,-1.1,-1.238,STOP,False,False,False
2026-08-11T18:45:00,NATURALGAS,2026-08-11,cycles_resampled,val,CHOP,FAILED_BREAKOUT,SHORT,0.9052,2.667,0.625,0.0,0.375,0.476,266.4,-0.2,-0.19,1.05,False,False,False,False,True,True,True,1.048,4B_TRAP,False,True,H7_TRAP,266.6,spike,0.524,0.38,1.908,-1.527,-1.718,STOP,False,False,False
2026-08-11T18:50:00,NATURALGAS,2026-08-11,cycles_resampled,val,CHOP,FAILED_BREAKOUT,LONG,0.9915,6.0,0.5,0.0,0.5,0.783,267.17,0.23,0.2,1.15,False,False,False,False,True,True,True,0.583,4B_TRAP,False,True,H7_TRAP,267.4,spike,1.854,0.92,0.108,-1.133,-1.187,STOP,False,False,False
2026-08-12T11:05:00,NATURALGAS,2026-08-12,cycles_resampled,val,TREND_UP,TRENDING,LONG,0.96,2.5,0.6,0.4,0.0,1.4,265.9,0.1,0.467,0.2143,False,False,False,False,True,True,True,0.467,4B_TRAP,False,True,H7_TRAP,266.0,spike,0.315,,2.857,-1.587,-1.905,STOP,True,False,False
2026-08-12T11:20:00,NATURALGAS,2026-08-12,cycles_resampled,val,TREND_UP,TRENDING,LONG,1.0,4.0,1.0,0.0,0.0,3.2,266.2,0.3,1.2,0.25,False,True,False,False,False,True,True,0.4,4B_TRAP,False,True,H7_TRAP,266.5,early,0.824,,0.485,-1.214,-1.335,STOP,False,False,False
2026-08-12T11:30:00,NATURALGAS,2026-08-12,cycles_resampled,val,TREND_UP,TRENDING,SHORT,0.9667,4.0,1.0,0.0,0.0,2.489,266.5,0.4,1.244,0.3214,False,True,True,True,False,False,False,0.0,4B_TRAP,False,False,AMBIG,266.1,early,0.824,0.49,2.306,-1.214,-1.335,STOP,True,False,False
2026-08-12T12:00:00,NATURALGAS,2026-08-12,cycles_resampled,val,TREND_UP,TRENDING,SHORT,0.9167,2.5,0.4,0.6,0.0,0.549,265.7,0.2,0.549,0.3643,True,True,True,True,False,False,False,0.0,4B_TRAP,False,False,H1_WEAK,265.5,early,0.515,1.15,2.524,-1.359,-1.553,STOP,True,False,False
2026-08-12T12:05:00,NATURALGAS,2026-08-12,cycles_resampled,val,TREND_UP,FAILED_BREAKOUT,SHORT,0.9459,3.0,0.6667,0.3333,0.0,0.982,264.91,0.11,0.27,0.4071,True,True,True,True,False,False,False,0.0,4B_TRAP,True,False,H1_CONT,264.8,early,0.618,0.32,0.971,-1.133,-1.294,STOP,False,False,False
2026-08-12T12:30:00,NATURALGAS,2026-08-12,cycles_resampled,val,TREND_UP,FAILED_BREAKOUT,LONG,0.9524,3.0,0.5,0.5,0.0,0.737,264.8,0.1,0.246,0.4071,True,True,True,True,False,False,False,0.0,4A_CONT,False,False,H1_WEAK,264.9,early,0.318,3.21,4.088,0.0,2.686,T3,True,True,False
2026-08-12T12:35:00,NATURALGAS,2026-08-12,cycles_resampled,val,TREND_UP,FAILED_BREAKOUT,LONG,0.9535,3.0,0.8333,0.0,0.1667,1.186,265.2,0.3,0.712,0.4214,False,True,True,True,False,False,False,0.0,4A_CONT,False,False,AMBIG,265.5,early,0.618,0.68,3.236,-0.324,2.838,T3,True,True,False
2026-08-12T12:55:00,NATURALGAS,2026-08-12,cycles_resampled,val,TREND_UP,FAILED_BREAKOUT,LONG,0.9362,3.0,1.0,0.0,0.0,1.474,265.86,0.34,0.835,0.4071,True,True,True,True,False,False,False,0.0,4A_CONT,True,False,H1_CONT,266.2,early,0.618,1.13,3.398,-0.647,2.838,T3,True,True,False
2026-08-12T14:05:00,NATURALGAS,2026-08-12,cycles_resampled,val,TREND_UP,TRENDING,SHORT,0.9672,3.0,1.0,0.0,0.0,1.556,267.2,0.3,0.778,0.3857,True,True,False,False,False,False,False,0.0,4B_TRAP,True,False,H1_WEAK,266.9,spike,0.618,0.32,1.78,-1.618,-1.78,STOP,False,False,False
2026-08-12T14:50:00,NATURALGAS,2026-08-12,cycles_resampled,val,TREND_UP,TRENDING,SHORT,0.9714,3.0,0.8333,0.1667,0.0,1.458,266.3,0.1,0.292,0.3429,False,False,False,False,True,True,True,2.333,4B_TRAP,False,True,H7_TRAP,266.2,spike,0.618,2.07,0.0,-1.456,-1.618,STOP,False,False,False
2026-08-12T15:00:00,NATURALGAS,2026-08-12,cycles_resampled,val,TREND_UP,TRENDING,LONG,0.9722,3.0,1.0,0.0,0.0,1.714,266.8,0.3,0.857,0.35,True,True,False,False,False,True,True,0.571,4B_TRAP,False,True,H7_TRAP,267.1,spike,0.618,0.65,0.0,-1.133,-1.294,STOP,False,False,False
2026-08-12T15:10:00,NATURALGAS,2026-08-12,cycles_resampled,val,TREND_UP,TRENDING,SHORT,0.973,3.0,0.5,0.1667,0.3333,0.792,266.6,0.0,0.0,0.3786,False,False,False,False,True,True,True,0.792,4B_TRAP,False,True,H7_TRAP,266.6,spike,0.418,0.96,0.718,-1.196,-1.435,STOP,False,False,False
2026-08-12T15:50:00,NATURALGAS,2026-08-12,cycles_resampled,val,TREND_UP,TRENDING,LONG,0.9146,2.4,0.6667,0.1667,0.1667,0.949,266.9,-0.1,-0.237,0.4214,True,False,False,False,False,False,True,0.237,4B_TRAP,False,True,AMBIG,266.8,spike,0.518,0.19,0.772,-1.158,-1.351,STOP,False,False,False
2026-08-12T16:15:00,NATURALGAS,2026-08-12,cycles_resampled,val,TREND_UP,TRENDING,LONG,1.0,3.333,1.0,0.0,0.0,2.456,267.1,0.1,0.246,0.4071,False,False,False,False,True,True,True,1.474,4B_TRAP,False,True,H7_TRAP,267.2,spike,1.03,0.13,0.0,-1.359,-1.456,STOP,False,False,False
2026-08-12T16:35:00,NATURALGAS,2026-08-12,cycles_resampled,val,TREND_UP,TRENDING,SHORT,0.9121,2.0,0.5,0.5,0.0,0.677,266.2,0.4,0.903,0.4429,False,True,True,True,False,False,False,0.0,4B_TRAP,False,False,AMBIG,265.8,early,0.618,0.65,0.0,-2.589,-2.751,STOP,False,False,False
2026-08-12T17:00:00,NATURALGAS,2026-08-12,cycles_resampled,val,TREND_UP,FAILED_BREAKOUT,LONG,0.9896,3.0,1.0,0.0,0.0,1.909,267.33,0.07,0.148,0.4714,True,True,True,False,False,False,True,1.973,4B_TRAP,True,True,H1_CONT,267.4,early,0.927,0.11,0.539,-1.079,-1.187,STOP,False,False,False
2026-08-12T17:15:00,NATURALGAS,2026-08-12,cycles_resampled,val,TREND_UP,TRENDING,SHORT,0.9596,2.333,0.7143,0.2857,0.0,0.921,267.4,1.0,1.842,0.5429,False,False,False,False,True,True,True,0.737,4B_TRAP,False,True,H7_TRAP,266.4,spike,0.721,0.83,0.0,-1.942,-2.08,STOP,False,False,False
2026-08-12T17:20:00,NATURALGAS,2026-08-12,cycles_resampled,val,TREND_UP,FAILED_BREAKDOWN,LONG,1.0,4.667,1.0,0.0,0.0,2.279,267.48,0.32,0.521,0.6143,False,True,False,False,False,True,True,0.13,4X_AMBIG,False,False,H7_TRAP,267.8,early,1.442,0.07,1.456,-0.555,-0.139,EOD,False,False,False
2026-08-12T17:30:00,NATURALGAS,2026-08-12,cycles_resampled,val,TREND_UP,TRENDING,SHORT,0.9804,3.0,0.3333,0.6667,0.0,0.506,267.7,0.3,0.506,0.5929,False,False,False,False,True,True,True,3.205,4B_TRAP,False,True,H7_TRAP,267.4,spike,0.927,1.08,0.108,-1.187,-1.294,STOP,False,False,False
2026-08-12T17:35:00,NATURALGAS,2026-08-12,cycles_resampled,val,TREND_UP,TRENDING,LONG,0.9709,3.0,0.7778,0.2222,0.0,1.114,267.9,0.1,0.159,0.6286,True,True,True,True,False,False,False,0.0,4B_TRAP,True,False,H1_CONT,268.0,early,0.727,0.41,2.613,-1.1,-1.238,STOP,True,False,False
2026-08-12T17:45:00,NATURALGAS,2026-08-12,cycles_resampled,val,TREND_UP,TRENDING,LONG,0.9905,4.333,1.0,0.0,0.0,1.936,268.5,1.1,1.638,0.6714,False,True,True,True,False,False,False,0.0,4B_TRAP,False,False,AMBIG,269.6,early,1.339,,0.224,-1.046,-1.12,STOP,False,False,False
2026-08-12T18:15:00,NATURALGAS,2026-08-12,cycles_resampled,val,TREND_UP,TRENDING,SHORT,0.9099,2.333,0.8571,0.0,0.1429,0.778,268.6,0.0,0.0,0.7714,False,False,False,False,True,True,True,0.907,4B_TRAP,False,True,H7_TRAP,268.6,spike,0.621,2.09,0.483,-1.288,-1.449,STOP,False,False,False
2026-08-12T18:20:00,NATURALGAS,2026-08-12,cycles_resampled,val,TREND_UP,TRENDING,LONG,0.9107,2.333,0.7143,0.0,0.2857,0.619,267.11,1.89,2.342,0.8071,False,True,True,True,False,False,False,0.0,4B_TRAP,False,False,AMBIG,269.0,early,0.721,1.25,0.555,-1.11,-1.248,STOP,False,False,False
2026-08-12T18:30:00,NATURALGAS,2026-08-12,cycles_resampled,val,TREND_UP,TRENDING,SHORT,0.9737,3.0,0.6667,0.0,0.3333,0.816,268.3,-0.2,-0.272,0.7357,False,False,False,False,False,False,False,0.0,4B_TRAP,False,False,AMBIG,268.5,spike,0.627,0.32,2.073,-1.116,-1.276,STOP,True,False,False
2026-08-12T18:40:00,NATURALGAS,2026-08-12,cycles_resampled,val,TREND_UP,TRENDING,SHORT,0.9052,2.333,0.8571,0.0,0.1429,0.816,268.1,0.5,0.68,0.7357,False,True,True,False,False,False,True,1.359,4B_TRAP,False,True,AMBIG,267.6,early,0.621,3.85,0.644,-2.415,-2.576,STOP,False,False,False
2026-08-12T18:55:00,NATURALGAS,2026-08-12,cycles_resampled,val,TREND_UP,TRENDING,LONG,1.0,5.0,1.0,0.0,0.0,2.121,267.6,1.5,2.121,0.7071,False,True,True,True,False,False,False,0.0,4B_TRAP,False,False,AMBIG,269.1,early,1.545,0.19,0.0,-1.036,-1.1,STOP,False,False,False
2026-08-12T19:15:00,NATURALGAS,2026-08-12,cycles_resampled,val,TREND_UP,TRENDING,LONG,0.935,2.667,0.5,0.125,0.375,0.583,268.3,-0.1,-0.146,0.6857,False,False,False,False,True,True,True,0.583,4B_TRAP,False,True,H7_TRAP,268.2,spike,0.724,1.24,2.21,-1.243,-1.381,STOP,True,False,False
2026-08-12T19:30:00,NATURALGAS,2026-08-12,cycles_resampled,val,TREND_UP,TRENDING,LONG,0.9127,2.667,1.0,0.0,0.0,1.179,268.4,0.5,0.737,0.6786,True,True,True,True,False,False,False,0.0,4B_TRAP,True,False,H1_CONT,268.9,early,0.824,1.21,0.0,-1.335,-1.456,STOP,False,False,False
2026-08-12T21:15:00,NATURALGAS,2026-08-12,cycles_resampled,val,TREND_UP,TRENDING,SHORT,0.9116,2.333,1.0,0.0,0.0,1.556,267.9,0.0,0.0,0.45,False,False,False,False,True,True,True,0.667,4X_AMBIG,False,False,H7_TRAP,267.9,spike,0.721,4.23,1.248,-0.971,0.416,EOD,False,False,False
2026-08-12T23:15:00,NATURALGAS,2026-08-12,cycles_resampled,val,TREND_UP,TRENDING,SHORT,0.9123,2.333,1.0,0.0,0.0,1.922,267.8,0.1,0.275,0.3643,False,False,False,False,False,False,False,0.0,4X_AMBIG,False,False,AMBIG,267.7,spike,0.721,2.64,0.416,-0.277,0.139,EOD,False,False,False
2026-08-13T22:40:00,NATURALGAS,2026-08-13,live_candles,val,CHOP,OPENING_DRIVE,SHORT,0.9167,2.667,1.0,0.0,0.0,1.623,262.0,0.4,0.812,0.4929,False,True,True,True,False,False,False,0.0,4A_CONT,False,False,AMBIG,261.6,early,0.824,,2.184,-0.243,1.214,EOD,True,False,False
2026-08-14T10:30:00,NATURALGAS,2026-08-14,live_candles,oos,CHOP,TRENDING,SHORT,0.9444,1.5,1.0,0.0,0.0,1.313,262.6,0.1,0.438,0.2286,False,True,False,False,False,True,True,0.437,4B_TRAP,False,True,H7_TRAP,262.5,spike,0.309,0.36,0.0,-1.294,-1.618,STOP,False,False,False
2026-08-14T11:30:00,NATURALGAS,2026-08-14,live_candles,oos,CHOP,TRENDING,SHORT,0.9667,1.5,0.6667,0.0,0.3333,0.903,263.3,0.0,0.0,0.2214,False,False,False,False,True,True,True,1.355,4B_TRAP,False,True,H7_TRAP,263.3,spike,0.209,3.35,0.0,-1.914,-2.392,STOP,False,False,False
2026-08-14T11:35:00,NATURALGAS,2026-08-14,live_candles,oos,CHOP,TRENDING,LONG,0.9677,2.0,0.5,0.5,0.0,0.824,263.5,0.0,0.0,0.2429,True,False,False,False,False,False,False,0.0,4B_TRAP,False,False,AMBIG,263.5,spike,0.212,,0.943,-1.887,-2.358,STOP,False,False,False
2026-08-14T12:10:00,NATURALGAS,2026-08-14,live_candles,oos,CHOP,TRENDING,SHORT,0.9474,1.5,1.0,0.0,0.0,1.135,263.1,0.3,1.135,0.2643,False,True,True,False,False,False,False,0.0,4B_TRAP,False,False,AMBIG,262.8,early,0.309,2.07,0.647,-1.294,-1.618,STOP,False,False,False
2026-08-14T12:20:00,NATURALGAS,2026-08-14,live_candles,oos,CHOP,FAILED_BREAKOUT,LONG,0.975,2.0,0.0,0.5,0.5,0.0,263.01,-0.01,-0.038,0.2643,True,False,False,False,False,False,True,1.173,4B_TRAP,False,True,AMBIG,263.0,spike,0.212,0.05,1.887,-2.358,-2.83,STOP,False,False,False
2026-08-14T12:25:00,NATURALGAS,2026-08-14,live_candles,oos,CHOP,TRENDING,LONG,0.9268,1.5,0.6667,0.0,0.3333,0.824,263.01,0.09,0.371,0.2429,True,True,False,False,False,True,True,1.688,4B_TRAP,False,True,H7_TRAP,263.1,spike,0.309,1.94,0.971,-1.942,-2.265,STOP,False,False,False
2026-08-14T12:30:00,NATURALGAS,2026-08-14,live_candles,oos,CHOP,TRENDING,LONG,0.9762,2.5,0.8,0.0,0.2,1.474,263.2,0.1,0.368,0.2714,False,False,False,False,True,True,True,2.579,4B_TRAP,False,True,H7_TRAP,263.3,spike,0.515,0.78,0.194,-1.553,-1.748,STOP,False,False,False
2026-08-14T12:35:00,NATURALGAS,2026-08-14,live_candles,oos,CHOP,TRENDING,SHORT,1.0,4.5,0.7778,0.0,0.2222,2.178,262.8,0.1,0.311,0.3214,True,True,True,True,False,False,False,0.0,4B_TRAP,True,False,H1_CONT,262.7,spike,0.727,0.84,0.55,-1.238,-1.376,STOP,False,False,False
2026-08-14T12:40:00,NATURALGAS,2026-08-14,live_candles,oos,CHOP,FAILED_BREAKOUT,SHORT,0.9318,2.0,0.25,0.75,0.0,0.304,262.8,0.2,0.609,0.3286,True,True,True,True,False,False,False,0.0,4B_TRAP,False,False,H1_WEAK,262.6,early,0.412,1.24,0.728,-1.699,-1.942,STOP,False,False,False
2026-08-14T12:55:00,NATURALGAS,2026-08-14,live_candles,oos,CHOP,FAILED_BREAKOUT,LONG,0.9362,2.0,0.5,0.0,0.5,0.583,262.6,0.1,0.292,0.3429,False,False,False,False,True,True,True,0.583,4A_CONT,False,False,H7_TRAP,262.7,early,0.412,1.19,3.155,-0.728,2.757,T3,True,True,False
2026-08-14T13:10:00,NATURALGAS,2026-08-14,live_candles,oos,CHOP,FAILED_BREAKOUT,LONG,0.94,2.0,0.75,0.0,0.25,0.778,263.0,0.0,0.0,0.3857,True,False,False,False,False,False,False,0.0,4B_TRAP,False,False,AMBIG,263.0,spike,0.412,0.36,2.427,-1.942,-2.184,STOP,True,False,False
2026-08-14T13:30:00,NATURALGAS,2026-08-14,live_candles,oos,CHOP,TRENDING,LONG,0.9444,2.0,0.75,0.25,0.0,0.75,263.3,0.2,0.5,0.4,True,True,True,True,False,False,False,0.0,4B_TRAP,True,False,H1_CONT,263.5,early,0.312,0.64,0.962,-1.282,-1.603,STOP,False,False,False
2026-08-14T15:15:00,NATURALGAS,2026-08-14,live_candles,oos,CHOP,TRENDING,LONG,1.0,4.5,0.8889,0.0,0.1111,2.8,263.8,0.2,0.7,0.2857,False,True,False,False,False,True,True,0.7,4B_TRAP,False,True,H7_TRAP,264.0,early,0.927,,0.0,-1.079,-1.187,STOP,False,False,False
2026-08-14T15:25:00,NATURALGAS,2026-08-14,live_candles,oos,CHOP,TRENDING,SHORT,0.9333,2.0,0.75,0.0,0.25,1.0,263.9,0.3,1.0,0.3,False,True,True,True,False,False,False,0.0,4B_TRAP,False,False,AMBIG,263.6,early,0.312,1.6,0.962,-1.282,-1.603,STOP,False,False,False
2026-08-14T16:00:00,NATURALGAS,2026-08-14,live_candles,oos,CHOP,TRENDING,SHORT,0.939,2.0,1.0,0.0,0.0,1.244,263.6,0.3,0.933,0.3214,False,True,True,True,False,False,False,0.0,4A_CONT,False,False,AMBIG,263.3,early,0.412,1.89,3.155,-0.485,2.757,T3,True,True,False
2026-08-14T16:10:00,NATURALGAS,2026-08-14,live_candles,oos,CHOP,TRENDING,SHORT,0.9405,2.0,1.0,0.0,0.0,1.244,263.3,0.3,0.933,0.3214,False,True,True,True,False,False,False,0.0,4B_TRAP,False,False,AMBIG,263.0,early,0.412,0.85,2.427,-1.214,-1.456,STOP,True,False,False
2026-08-14T16:30:00,NATURALGAS,2026-08-14,live_candles,oos,CHOP,FAILED_BREAKOUT,SHORT,0.9651,2.5,0.8,0.0,0.2,1.273,262.65,0.35,1.114,0.3143,False,True,False,False,False,True,True,0.477,4B_TRAP,False,True,H7_TRAP,262.3,early,0.415,0.72,0.0,-1.205,-1.446,STOP,False,False,False
2026-08-14T16:40:00,NATURALGAS,2026-08-14,live_candles,oos,CHOP,FAILED_BREAKOUT,LONG,0.9659,2.5,0.6,0.0,0.4,0.894,262.6,0.2,0.596,0.3357,False,False,False,False,True,True,True,0.596,4B_TRAP,False,True,H7_TRAP,262.8,spike,0.515,1.4,0.194,-1.165,-1.359,STOP,False,False,False
2026-08-14T16:45:00,NATURALGAS,2026-08-14,live_candles,oos,CHOP,FAILED_BREAKOUT,SHORT,0.9663,2.5,0.8,0.2,0.0,1.12,262.52,0.12,0.336,0.3571,False,False,False,False,True,True,True,1.624,4B_TRAP,False,True,H7_TRAP,262.4,spike,0.515,0.39,0.388,-1.359,-1.553,STOP,False,False,False
2026-08-14T17:00:00,NATURALGAS,2026-08-14,live_candles,oos,CHOP,TRENDING,SHORT,1.0,4.5,1.0,0.0,0.0,2.136,262.52,0.22,0.522,0.4214,False,False,False,False,True,True,True,0.664,4B_TRAP,False,True,H7_TRAP,262.3,spike,0.927,0.11,0.324,-1.294,-1.402,STOP,False,False,False
2026-08-14T17:15:00,NATURALGAS,2026-08-14,live_candles,oos,CHOP,FAILED_BREAKOUT,SHORT,0.9684,3.5,0.8571,0.0,0.1429,1.292,262.0,-0.1,-0.215,0.4643,False,False,False,False,True,True,True,4.523,4B_TRAP,False,True,H7_TRAP,262.1,spike,0.621,0.16,0.0,-2.254,-2.415,STOP,False,False,False
2026-08-14T17:20:00,NATURALGAS,2026-08-14,live_candles,oos,CHOP,FAILED_BREAKOUT,LONG,0.9375,3.0,0.8333,0.0,0.1667,1.014,262.7,0.0,0.0,0.4929,True,False,False,False,False,False,False,0.0,4A_CONT,False,False,AMBIG,262.7,early,0.618,0.49,3.074,0.0,2.838,T3,True,True,False
2026-08-14T17:25:00,NATURALGAS,2026-08-14,live_candles,oos,CHOP,FAILED_BREAKOUT,LONG,0.9691,3.5,0.7143,0.2857,0.0,0.972,263.44,-0.14,-0.272,0.5143,True,False,False,False,False,False,False,0.0,4A_CONT,False,False,AMBIG,263.3,early,0.521,0.27,4.798,0.0,2.808,T3,True,True,False
2026-08-14T17:30:00,NATURALGAS,2026-08-14,live_candles,oos,CHOP,TRENDING,LONG,0.9184,2.5,1.0,0.0,0.0,0.909,264.0,0.1,0.182,0.55,True,True,False,False,False,False,False,0.0,4A_CONT,True,False,H1_WEAK,264.1,spike,0.515,,3.301,-0.777,2.806,T3,True,True,False
2026-08-14T17:35:00,NATURALGAS,2026-08-14,live_candles,oos,CHOP,TRENDING,LONG,0.9192,2.5,0.2,0.2,0.6,0.177,264.1,0.0,0.0,0.5643,True,False,False,False,True,True,True,0.177,4A_CONT,False,False,H7_TRAP,264.1,spike,0.415,,4.096,-0.241,2.759,T3,True,True,False
2026-08-14T17:45:00,NATURALGAS,2026-08-14,live_candles,oos,CHOP,TRENDING,LONG,0.9703,3.5,0.4286,0.0,0.5714,0.506,264.6,0.1,0.169,0.5929,True,True,False,False,False,False,True,0.506,4B_TRAP,False,True,H1_WEAK,264.7,early,0.721,,1.526,-1.248,-1.387,STOP,False,False,False
2026-08-14T17:50:00,NATURALGAS,2026-08-14,live_candles,oos,CHOP,TRENDING,LONG,1.0,4.4,0.5455,0.4545,0.0,0.944,264.7,0.6,0.944,0.6357,False,False,False,False,True,True,True,0.787,4B_TRAP,False,True,H7_TRAP,265.3,spike,0.633,,0.316,-1.106,-1.264,STOP,False,False,False
2026-08-14T17:55:00,NATURALGAS,2026-08-14,live_candles,oos,CHOP,TRENDING,SHORT,0.9903,3.0,0.8889,0.1111,0.0,1.204,264.7,0.1,0.151,0.6643,True,True,True,True,False,False,False,0.0,4B_TRAP,True,False,H1_CONT,264.6,spike,0.927,0.65,2.265,-1.187,-1.294,STOP,True,False,False
2026-08-14T18:00:00,NATURALGAS,2026-08-14,live_candles,oos,CHOP,TRENDING,SHORT,0.9519,2.667,0.875,0.0,0.125,1.032,264.6,0.3,0.442,0.6786,True,True,True,True,False,False,False,0.0,4B_TRAP,True,False,H1_CONT,264.3,early,0.724,0.41,2.486,-1.657,-1.796,STOP,True,False,False
2026-08-14T18:10:00,NATURALGAS,2026-08-14,live_candles,oos,CHOP,TRENDING,SHORT,0.9057,2.0,0.1667,0.5,0.3333,0.147,264.0,-0.2,-0.295,0.6786,True,False,False,False,False,True,True,1.032,4B_TRAP,False,True,H7_TRAP,264.2,spike,0.418,0.48,0.957,-1.196,-1.435,STOP,False,False,False
2026-08-14T18:20:00,NATURALGAS,2026-08-14,live_candles,oos,CHOP,TRENDING,LONG,0.9074,2.0,1.0,0.0,0.0,0.857,264.2,0.3,0.429,0.7,True,True,False,False,False,True,True,0.714,4B_TRAP,False,True,H7_TRAP,264.5,spike,0.618,0.16,0.324,-1.456,-1.618,STOP,False,False,False
2026-08-14T18:30:00,NATURALGAS,2026-08-14,live_candles,oos,CHOP,TRENDING,SHORT,0.9455,2.333,0.8571,0.0,0.1429,0.84,263.8,0.1,0.14,0.7143,False,False,False,False,True,True,True,0.98,4B_TRAP,False,True,H7_TRAP,263.7,spike,0.621,1.92,0.0,-1.288,-1.449,STOP,False,False,False
2026-08-14T18:35:00,NATURALGAS,2026-08-14,live_candles,oos,CHOP,FAILED_BREAKOUT,LONG,0.9009,2.0,0.3333,0.0,0.6667,0.28,264.3,0.2,0.28,0.7143,False,False,False,False,True,True,True,1.26,4B_TRAP,False,True,H7_TRAP,264.5,spike,0.618,0.32,0.0,-1.294,-1.456,STOP,False,False,False
2026-08-14T19:05:00,NATURALGAS,2026-08-14,live_candles,oos,CHOP,FAILED_BREAKOUT,LONG,1.0,4.333,0.8462,0.0,0.1538,1.656,263.62,0.18,0.271,0.6643,True,True,True,True,False,False,False,0.0,4X_AMBIG,True,False,H1_CONT,263.8,early,1.339,0.07,1.792,-0.448,-0.299,EOD,False,False,False
2026-08-14T19:10:00,NATURALGAS,2026-08-14,live_candles,oos,CHOP,FAILED_BREAKOUT,LONG,0.9492,2.667,1.0,0.0,0.0,1.204,263.9,0.6,0.903,0.6643,True,True,True,True,False,False,False,0.0,4B_TRAP,True,False,H1_CONT,264.5,early,0.824,1.58,2.063,-1.092,-1.214,STOP,True,False,False
2026-08-14T19:25:00,NATURALGAS,2026-08-14,live_candles,oos,CHOP,TRENDING,LONG,0.9504,2.667,0.75,0.0,0.25,0.894,264.9,0.6,0.894,0.6714,True,True,True,True,False,False,False,0.0,4B_TRAP,True,False,H1_CONT,265.5,spike,0.824,0.36,0.85,-1.092,-1.214,STOP,False,False,False
2026-08-14T19:40:00,NATURALGAS,2026-08-14,live_candles,oos,CHOP,TRENDING,LONG,0.9839,3.0,0.3333,0.0,0.6667,0.457,265.7,0.0,0.0,0.6571,False,False,False,False,True,True,True,0.457,4B_TRAP,False,True,H7_TRAP,265.7,spike,0.927,0.11,0.216,-1.079,-1.187,STOP,False,False,False
2026-08-14T20:05:00,NATURALGAS,2026-08-14,live_candles,oos,CHOP,TRENDING,SHORT,0.9225,2.333,0.7143,0.0,0.2857,0.795,265.2,0.2,0.318,0.6286,True,True,True,False,False,False,True,1.114,4B_TRAP,True,True,H1_CONT,265.0,early,0.521,5.05,0.576,-1.727,-1.919,STOP,False,False,False
2026-08-14T20:20:00,NATURALGAS,2026-08-14,live_candles,oos,CHOP,TRENDING,LONG,0.9242,2.667,1.0,0.0,0.0,1.383,265.9,0.0,0.0,0.5786,True,False,False,False,False,True,True,0.691,4B_TRAP,False,True,H7_TRAP,265.9,spike,0.824,,0.364,-1.092,-1.214,STOP,False,False,False
2026-08-17T10:35:00,NATURALGAS,2026-08-17,live_candles,oos,CHOP,TRENDING,LONG,0.9444,1.5,0.6667,0.3333,0.0,0.933,255.7,0.1,0.467,0.2143,False,False,False,False,False,False,True,0.933,4B_TRAP,False,True,AMBIG,255.8,spike,0.209,0.91,0.0,-1.435,-1.914,STOP,False,False,False
2026-08-17T11:00:00,NATURALGAS,2026-08-17,live_candles,oos,CHOP,TRENDING,SHORT,1.0,2.0,1.0,0.0,0.0,2.0,255.3,0.3,1.5,0.2,False,True,True,True,False,False,False,0.0,4A_CONT,False,False,AMBIG,255.0,early,0.412,,3.398,-0.243,2.757,T3,True,True,False
2026-08-17T11:10:00,NATURALGAS,2026-08-17,live_candles,oos,CHOP,TRENDING,SHORT,1.0,2.0,0.75,0.0,0.25,1.5,255.0,0.2,1.0,0.2,False,True,False,False,False,False,False,0.0,4A_CONT,False,False,AMBIG,254.8,early,0.312,,3.846,-0.962,2.679,T3,True,True,False
2026-08-17T11:30:00,NATURALGAS,2026-08-17,live_candles,oos,CHOP,TRENDING,SHORT,1.0,2.0,1.0,0.0,0.0,1.647,254.7,0.3,1.235,0.2429,False,True,False,False,False,True,True,0.824,4B_TRAP,False,True,H7_TRAP,254.4,early,0.412,,0.728,-1.214,-1.456,STOP,False,False,False
2026-08-17T11:40:00,NATURALGAS,2026-08-17,live_candles,oos,CHOP,TRENDING,LONG,1.0,4.0,0.625,0.0,0.375,1.795,254.5,0.4,1.436,0.2786,False,False,False,False,False,True,True,0.718,4B_TRAP,False,True,H7_TRAP,254.9,spike,0.824,0.24,0.0,-1.092,-1.214,STOP,False,False,False
2026-08-17T12:20:00,NATURALGAS,2026-08-17,live_candles,oos,CHOP,TRENDING,SHORT,0.9737,2.0,0.75,0.0,0.25,0.894,254.0,0.3,0.894,0.3357,True,True,True,True,False,False,False,0.0,4B_TRAP,True,False,H1_CONT,253.7,spike,0.312,,0.641,-1.282,-1.603,STOP,False,False,False
2026-08-17T12:25:00,NATURALGAS,2026-08-17,live_candles,oos,CHOP,TRENDING,SHORT,0.9744,2.0,0.5,0.25,0.25,0.596,253.6,-0.1,-0.298,0.3357,False,False,False,False,True,True,True,0.894,4B_TRAP,False,True,H7_TRAP,253.7,spike,0.312,0.32,0.641,-1.282,-1.603,STOP,False,False,False
2026-08-17T12:50:00,NATURALGAS,2026-08-17,live_candles,oos,CHOP,TRENDING,SHORT,0.9773,2.0,0.25,0.25,0.5,0.298,253.6,-0.1,-0.298,0.3357,True,False,False,False,False,True,True,0.596,4B_TRAP,False,True,H7_TRAP,253.7,spike,0.212,0.47,0.472,-1.415,-1.887,STOP,False,False,False
2026-08-17T13:20:00,NATURALGAS,2026-08-17,live_candles,oos,CHOP,TRENDING,SHORT,0.98,2.0,0.75,0.0,0.25,1.024,253.8,0.0,0.0,0.2929,True,False,False,False,False,False,False,0.0,4B_TRAP,False,False,AMBIG,253.8,early,0.312,0.64,0.962,-1.282,-1.603,STOP,False,False,False
2026-08-17T13:30:00,NATURALGAS,2026-08-17,live_candles,oos,CHOP,TRENDING,LONG,0.9808,2.0,0.5,0.5,0.0,0.718,253.7,0.1,0.359,0.2786,True,True,False,False,False,False,False,0.0,4A_CONT,False,False,H1_WEAK,253.8,spike,0.212,1.42,3.302,-0.943,2.528,T3,True,True,False
2026-08-17T14:05:00,NATURALGAS,2026-08-17,live_candles,oos,CHOP,TRENDING,LONG,0.9831,2.5,0.6,0.4,0.0,1.0,254.2,0.1,0.333,0.3,True,True,True,False,False,False,True,0.667,4B_TRAP,True,True,H1_CONT,254.3,spike,0.315,5.3,0.317,-1.27,-1.587,STOP,False,False,False
2026-08-17T15:35:00,NATURALGAS,2026-08-17,live_candles,oos,CHOP,FAILED_BREAKOUT,LONG,0.9733,2.0,0.75,0.0,0.25,1.105,254.9,0.4,1.474,0.2714,True,True,True,False,False,False,False,0.0,4B_TRAP,True,False,H1_CONT,255.3,early,0.412,0.19,0.0,-1.214,-1.456,STOP,False,False,False
2026-08-17T16:00:00,NATURALGAS,2026-08-17,live_candles,oos,CHOP,FAILED_BREAKOUT,LONG,1.0,4.5,1.0,0.0,0.0,2.571,255.32,0.18,0.514,0.35,False,False,False,False,True,True,True,0.629,4B_TRAP,False,True,H7_TRAP,255.5,spike,0.927,0.54,0.0,-1.187,-1.294,STOP,False,False,False
2026-08-17T16:10:00,NATURALGAS,2026-08-17,live_candles,oos,CHOP,FAILED_BREAKOUT,SHORT,0.9634,2.0,0.0,1.0,0.0,0.0,255.2,0.1,0.298,0.3357,True,False,False,False,False,False,False,0.0,4A_CONT,False,False,AMBIG,255.1,spike,0.412,1.21,3.155,-0.728,2.757,T3,True,True,False
2026-08-17T16:45:00,NATURALGAS,2026-08-17,live_candles,oos,CHOP,TRENDING,LONG,0.9775,2.5,0.6,0.0,0.4,0.857,254.8,0.1,0.286,0.35,True,True,False,False,False,True,True,2.0,4B_TRAP,False,True,H7_TRAP,254.9,early,0.515,0.39,0.777,-2.136,-2.33,STOP,False,False,False
2026-08-17T17:05:00,NATURALGAS,2026-08-17,live_candles,oos,CHOP,TRENDING,SHORT,0.9785,3.0,0.1667,0.5,0.3333,0.237,253.8,-0.1,-0.237,0.4214,True,False,False,False,False,True,True,1.898,4B_TRAP,False,True,H7_TRAP,253.9,spike,0.418,0.74,1.196,-1.675,-1.914,STOP,False,False,False
2026-08-17T17:15:00,NATURALGAS,2026-08-17,live_candles,oos,CHOP,TRENDING,LONG,0.9684,3.0,0.8333,0.0,0.1667,1.273,253.9,0.1,0.255,0.3929,True,True,True,True,False,False,False,0.0,4A_CONT,True,False,H1_CONT,254.0,early,0.618,0.49,3.236,0.0,2.838,T3,True,True,False
2026-08-17T17:20:00,NATURALGAS,2026-08-17,live_candles,oos,CHOP,TRENDING,LONG,0.9583,2.5,1.0,0.0,0.0,1.228,254.3,0.3,0.737,0.4071,True,True,True,True,False,False,False,0.0,4A_CONT,True,False,H1_CONT,254.6,early,0.515,1.18,3.495,-0.194,2.806,T3,True,True,False
2026-08-17T17:25:00,NATURALGAS,2026-08-17,live_candles,oos,CHOP,TRENDING,LONG,0.9691,3.0,0.6667,0.0,0.3333,0.933,254.6,0.5,1.167,0.4286,False,True,True,True,False,False,False,0.0,4A_CONT,False,False,AMBIG,255.1,spike,0.618,0.18,3.56,-0.971,2.838,T3,True,True,False
2026-08-17T17:30:00,NATURALGAS,2026-08-17,live_candles,oos,CHOP,FAILED_BREAKOUT,SHORT,0.9694,3.0,0.6667,0.0,0.3333,0.903,254.5,-0.2,-0.452,0.4429,False,False,False,False,True,True,True,3.387,4B_TRAP,False,True,H7_TRAP,254.7,spike,0.418,2.92,0.0,-1.196,-1.435,STOP,False,False,False
2026-08-17T17:35:00,NATURALGAS,2026-08-17,live_candles,oos,CHOP,TRENDING,LONG,0.9394,2.5,0.6,0.4,0.0,0.667,255.1,-0.1,-0.222,0.45,True,False,False,False,False,False,False,0.0,4A_CONT,False,False,AMBIG,255.0,early,0.315,0.32,3.175,0.0,2.683,T3,True,True,False
2026-08-17T17:40:00,NATURALGAS,2026-08-17,live_candles,oos,CHOP,FAILED_BREAKOUT,LONG,0.99,4.0,1.0,0.0,0.0,1.577,256.0,0.0,0.0,0.5071,False,False,False,False,True,True,True,0.394,4A_CONT,False,False,H7_TRAP,256.0,spike,0.824,,3.762,-0.607,2.879,T3,True,True,False
2026-08-17T17:50:00,NATURALGAS,2026-08-17,live_candles,oos,CHOP,FAILED_BREAKDOWN,LONG,0.9706,3.0,0.5,0.0,0.5,0.532,255.31,0.79,1.4,0.5643,True,True,True,True,False,False,False,0.0,4A_CONT,False,False,H1_WEAK,256.1,early,0.618,0.49,3.236,-0.647,2.838,T3,True,True,False
2026-08-17T18:00:00,NATURALGAS,2026-08-17,live_candles,oos,CHOP,FAILED_BREAKDOWN,SHORT,0.9904,4.0,1.0,0.0,0.0,1.349,256.3,0.5,0.843,0.5929,False,True,False,False,False,False,True,0.337,4B_TRAP,False,True,AMBIG,255.8,early,0.824,0.36,0.121,-1.214,-1.335,STOP,False,False,False
2026-08-17T18:10:00,NATURALGAS,2026-08-17,live_candles,oos,CHOP,FAILED_BREAKDOWN,LONG,0.9623,3.0,0.8333,0.0,0.1667,0.864,256.0,0.3,0.519,0.5786,True,True,True,True,False,False,False,0.0,4A_CONT,True,False,H1_CONT,256.3,early,0.618,0.49,3.398,-0.809,2.838,T3,True,True,False
2026-08-17T18:30:00,NATURALGAS,2026-08-17,live_candles,oos,CHOP,FAILED_BREAKDOWN,SHORT,0.9909,3.6,0.7778,0.0,0.2222,1.21,256.2,0.2,0.346,0.5786,False,True,False,False,False,True,True,1.556,4B_TRAP,False,True,H7_TRAP,256.0,early,0.727,0.41,0.275,-1.788,-1.926,STOP,False,False,False
2026-08-17T18:45:00,NATURALGAS,2026-08-17,live_candles,oos,CHOP,FAILED_BREAKDOWN,LONG,0.9558,2.0,0.6667,0.3333,0.0,0.709,256.8,0.3,0.532,0.5643,True,True,True,True,False,False,False,0.0,4A_CONT,True,False,H1_CONT,257.1,early,0.418,,3.11,0.0,2.761,T3,True,True,False
2026-08-17T19:25:00,NATURALGAS,2026-08-17,live_candles,oos,CHOP,FAILED_BREAKDOWN,SHORT,0.9587,2.333,0.5714,0.4286,0.0,0.727,258.5,0.4,0.727,0.55,True,True,True,True,False,False,False,0.0,4B_TRAP,True,False,H1_CONT,258.1,early,0.721,0.69,0.693,-1.11,-1.248,STOP,False,False,False
2026-08-17T19:35:00,NATURALGAS,2026-08-17,live_candles,oos,CHOP,FAILED_BREAKDOWN,LONG,0.9512,2.0,1.0,0.0,0.0,1.024,258.2,0.1,0.171,0.5857,True,True,True,True,False,False,False,0.0,4B_TRAP,True,False,H1_CONT,258.3,spike,0.618,1.46,2.104,-1.78,-1.942,STOP,True,False,False
2026-08-17T20:00:00,NATURALGAS,2026-08-17,live_candles,oos,CHOP,TRENDING,SHORT,0.9609,2.333,0.5714,0.4286,0.0,0.757,259.2,0.3,0.568,0.5286,True,True,True,True,False,False,False,0.0,4A_CONT,True,False,H1_CONT,258.9,early,0.721,1.8,3.745,-0.277,2.861,T3,True,True,False
2026-08-17T20:45:00,NATURALGAS,2026-08-17,live_candles,oos,CHOP,FAILED_BREAKOUT,SHORT,0.9489,2.0,1.0,0.0,0.0,1.273,256.8,0.6,1.273,0.4714,False,True,False,False,False,False,True,0.424,4B_TRAP,False,True,AMBIG,256.2,early,0.618,4.43,0.0,-1.78,-1.942,STOP,False,False,False
2026-08-17T21:40:00,NATURALGAS,2026-08-17,live_candles,oos,CHOP,FAILED_BREAKOUT,LONG,0.9521,2.0,1.0,0.0,0.0,1.5,257.6,0.4,1.0,0.4,True,True,True,True,False,False,False,0.0,4X_AMBIG,True,False,H1_CONT,258.0,spike,0.618,2.59,0.485,-0.809,0.162,EOD,False,False,False
2026-08-18T10:50:00,NATURALGAS,2026-08-18,live_candles,oos,TREND_UP,TRENDING,SHORT,0.9048,1.5,0.6667,0.3333,0.0,0.848,259.4,0.1,0.424,0.2357,True,True,True,True,False,False,False,0.0,4A_CONT,True,False,H1_CONT,259.3,spike,0.309,1.59,3.236,-0.324,2.676,T3,True,True,False
2026-08-18T10:55:00,NATURALGAS,2026-08-18,live_candles,oos,TREND_UP,TRENDING,SHORT,1.0,2.0,0.5,0.5,0.0,0.8,259.3,0.3,1.2,0.25,True,True,True,True,False,False,False,0.0,4B_TRAP,False,False,H1_WEAK,259.0,early,0.412,0.46,1.699,-2.184,-2.427,STOP,False,False,False
2026-08-18T11:00:00,NATURALGAS,2026-08-18,live_candles,oos,TREND_UP,FAILED_BREAKOUT,SHORT,1.0,3.5,1.0,0.0,0.0,2.45,258.8,0.3,1.05,0.2857,True,True,True,True,False,False,False,0.0,4B_TRAP,True,False,H1_CONT,258.5,early,0.721,,0.277,-1.942,-2.08,STOP,False,False,False
2026-08-18T11:05:00,NATURALGAS,2026-08-18,live_candles,oos,TREND_UP,FAILED_BREAKOUT,SHORT,0.9583,2.0,1.0,0.0,0.0,1.333,258.5,0.2,0.667,0.3,False,False,False,False,True,True,True,0.333,4B_TRAP,False,True,H7_TRAP,258.3,spike,0.412,,0.0,-2.184,-2.427,STOP,False,False,False
2026-08-18T11:25:00,NATURALGAS,2026-08-18,live_candles,oos,TREND_UP,FAILED_BREAKOUT,LONG,1.0,4.0,0.625,0.0,0.375,1.429,258.7,0.5,1.429,0.35,False,True,True,True,False,False,False,0.0,4B_TRAP,False,False,AMBIG,259.2,early,0.824,0.15,1.456,-1.092,-1.214,STOP,False,False,False
2026-08-18T11:35:00,NATURALGAS,2026-08-18,live_candles,oos,TREND_UP,FAILED_BREAKDOWN,LONG,0.9,2.0,0.75,0.25,0.0,0.764,259.41,0.29,0.738,0.3929,True,True,False,False,False,True,True,0.535,4B_TRAP,False,True,H7_TRAP,259.7,spike,0.312,0.64,0.321,-1.282,-1.603,STOP,False,False,False
2026-08-18T11:40:00,NATURALGAS,2026-08-18,live_candles,oos,TREND_UP,TRENDING,LONG,0.9032,2.0,0.5,0.25,0.25,0.5,259.8,-0.1,-0.25,0.4,True,False,False,False,True,True,True,1.5,4B_TRAP,False,True,H7_TRAP,259.7,spike,0.312,0.64,0.0,-1.282,-1.603,STOP,False,False,False
2026-08-18T11:55:00,NATURALGAS,2026-08-18,live_candles,oos,TREND_UP,FAILED_BREAKOUT,LONG,0.9118,2.0,1.0,0.0,0.0,0.949,259.52,0.08,0.19,0.4214,True,True,True,True,False,False,False,0.0,4B_TRAP,True,False,H1_CONT,259.6,spike,0.412,0.49,1.456,-1.214,-1.456,STOP,False,False,False
2026-08-18T12:15:00,NATURALGAS,2026-08-18,live_candles,oos,TREND_UP,TRENDING,LONG,0.9474,2.5,0.6,0.4,0.0,0.764,260.1,-0.1,-0.255,0.3929,False,False,False,False,True,True,True,1.018,4B_TRAP,False,True,H7_TRAP,260.0,spike,0.315,0.32,0.635,-1.27,-1.587,STOP,False,False,False
2026-08-18T12:35:00,NATURALGAS,2026-08-18,live_candles,oos,TREND_UP,TRENDING,SHORT,0.9524,2.5,1.0,0.0,0.0,1.321,259.6,0.0,0.0,0.3786,False,False,False,False,False,False,False,0.0,4B_TRAP,False,False,AMBIG,259.6,early,0.515,1.57,1.942,-1.553,-1.748,STOP,False,False,False
2026-08-18T12:45:00,NATURALGAS,2026-08-18,live_candles,oos,TREND_UP,FAILED_BREAKOUT,SHORT,0.9545,2.5,0.8,0.2,0.0,1.143,259.4,0.3,0.857,0.35,True,True,True,False,False,False,True,0.286,4B_TRAP,True,True,H1_CONT,259.1,early,0.515,0.37,0.971,-1.165,-1.359,STOP,False,False,False
2026-08-18T13:00:00,NATURALGAS,2026-08-18,live_candles,oos,TREND_UP,FAILED_BREAKOUT,LONG,0.9787,3.5,1.0,0.0,0.0,1.885,258.9,0.6,1.615,0.3714,True,True,True,True,False,False,False,0.0,4B_TRAP,True,False,H1_CONT,259.5,early,0.721,0.14,1.248,-1.11,-1.248,STOP,False,False,False
2026-08-18T14:15:00,NATURALGAS,2026-08-18,live_candles,oos,TREND_UP,FAILED_BREAKOUT,LONG,0.9839,2.8,0.7143,0.0,0.2857,1.429,259.3,0.4,1.143,0.35,True,True,True,True,False,False,False,0.0,4B_TRAP,True,False,H1_CONT,259.7,early,0.721,0.06,0.971,-1.248,-1.387,STOP,False,False,False
2026-08-18T14:40:00,NATURALGAS,2026-08-18,live_candles,oos,TREND_UP,TRENDING,SHORT,0.9403,1.667,1.0,0.0,0.0,1.4,259.9,0.4,1.12,0.3571,False,True,True,True,False,False,False,0.0,4B_TRAP,False,False,AMBIG,259.5,early,0.515,0.97,2.33,-1.553,-1.748,STOP,True,False,False
2026-08-18T15:10:00,NATURALGAS,2026-08-18,live_candles,oos,TREND_UP,FAILED_BREAKOUT,SHORT,0.9452,2.0,1.0,0.0,0.0,1.5,258.8,0.0,0.0,0.4,False,False,False,False,True,True,True,0.5,4B_TRAP,False,True,H7_TRAP,258.8,spike,0.618,0.81,0.809,-1.942,-2.104,STOP,False,False,False
2026-08-18T16:50:00,NATURALGAS,2026-08-18,live_candles,oos,TREND_UP,FAILED_BREAKOUT,LONG,0.9462,1.667,0.6,0.0,0.4,1.105,258.9,0.2,0.737,0.2714,True,True,True,True,False,False,False,0.0,4A_CONT,True,False,H1_CONT,259.1,early,0.515,1.13,3.689,0.0,2.806,T3,True,True,False
2026-08-18T16:55:00,NATURALGAS,2026-08-18,live_candles,oos,TREND_UP,FAILED_BREAKOUT,LONG,0.9894,2.333,0.5714,0.4286,0.0,1.244,259.68,0.02,0.062,0.3214,True,True,True,True,False,False,False,0.0,4A_CONT,True,False,H1_CONT,259.7,early,0.421,1.66,3.088,0.0,2.762,T3,True,True,False
2026-08-18T17:10:00,NATURALGAS,2026-08-18,live_candles,oos,TREND_UP,TRENDING,LONG,0.9485,2.0,1.0,0.0,0.0,1.474,260.5,0.5,1.228,0.4071,False,True,True,True,False,False,False,0.0,4B_TRAP,False,False,AMBIG,261.0,early,0.618,,0.485,-1.133,-1.294,STOP,False,False,False
2026-08-18T17:25:00,NATURALGAS,2026-08-18,live_candles,oos,TREND_UP,TRENDING,SHORT,0.95,2.0,1.0,0.0,0.0,1.355,261.1,0.4,0.903,0.4429,True,True,True,True,False,False,False,0.0,4B_TRAP,True,False,H1_CONT,260.7,early,0.618,3.2,2.265,-1.294,-1.456,STOP,True,False,False
2026-08-18T17:35:00,NATURALGAS,2026-08-18,live_candles,oos,TREND_UP,TRENDING,LONG,0.9216,2.0,0.3333,0.0,0.6667,0.412,259.77,0.43,0.885,0.4857,True,True,False,False,False,True,True,0.762,4B_TRAP,False,True,H7_TRAP,260.2,early,0.418,2.63,1.914,-1.435,-1.675,STOP,False,False,False
2026-08-18T17:45:00,NATURALGAS,2026-08-18,live_candles,oos,TREND_UP,FAILED_BREAKOUT,LONG,0.9903,2.333,1.0,0.0,0.0,1.4,260.4,0.6,1.2,0.5,False,False,False,False,True,True,True,2.0,4B_TRAP,False,True,H7_TRAP,261.0,spike,0.721,0.42,0.0,-1.942,-2.08,STOP,False,False,False
2026-08-18T17:50:00,NATURALGAS,2026-08-18,live_candles,oos,TREND_UP,TRENDING,SHORT,1.0,3.667,1.0,0.0,0.0,1.878,259.8,0.2,0.341,0.5857,True,True,False,False,False,True,True,0.683,4B_TRAP,False,True,H7_TRAP,259.6,spike,1.133,0.68,0.265,-1.147,-1.236,STOP,False,False,False
2026-08-18T17:55:00,NATURALGAS,2026-08-18,live_candles,oos,TREND_UP,FAILED_BREAKOUT,SHORT,0.9333,2.0,0.6667,0.3333,0.0,0.651,259.6,0.2,0.326,0.6143,False,False,False,False,True,True,True,0.977,4B_TRAP,False,True,H7_TRAP,259.4,spike,0.618,0.92,0.0,-1.294,-1.456,STOP,False,False,False
2026-08-18T18:35:00,NATURALGAS,2026-08-18,live_candles,oos,TREND_UP,FAILED_BREAKOUT,LONG,0.9912,2.667,1.0,0.0,0.0,1.287,259.89,0.41,0.66,0.6214,True,True,True,True,False,False,False,0.0,4A_CONT,True,False,H1_CONT,260.3,early,0.824,0.24,5.097,-0.121,2.879,T3,True,True,True
2026-08-18T19:35:00,NATURALGAS,2026-08-18,live_candles,oos,TREND_UP,TRENDING,SHORT,0.928,2.0,0.5,0.5,0.0,0.636,260.6,0.1,0.212,0.4714,False,False,False,False,True,True,True,1.485,4B_TRAP,False,True,H7_TRAP,260.5,spike,0.618,2.9,0.324,-1.294,-1.456,STOP,False,False,False
2026-08-18T19:50:00,NATURALGAS,2026-08-18,live_candles,oos,TREND_UP,TRENDING,SHORT,0.9922,3.333,0.8,0.2,0.0,1.623,260.8,0.4,0.812,0.4929,True,True,True,False,False,False,True,0.203,4B_TRAP,True,True,H1_CONT,260.4,early,1.03,0.1,0.194,-1.65,-1.748,STOP,False,False,False
2026-08-18T20:10:00,NATURALGAS,2026-08-18,live_candles,oos,TREND_UP,FAILED_BREAKOUT,LONG,0.9618,2.333,1.0,0.0,0.0,1.4,260.6,0.3,0.6,0.5,True,True,True,True,False,False,False,0.0,4A_CONT,True,False,H1_CONT,260.9,early,0.721,0.69,4.993,0.0,2.861,T3,True,True,False
2026-08-18T20:40:00,NATURALGAS,2026-08-18,live_candles,oos,TREND_UP,TRENDING,SHORT,0.9197,2.0,1.0,0.0,0.0,1.12,262.0,0.5,0.933,0.5357,False,True,True,True,False,False,False,0.0,4B_TRAP,False,False,AMBIG,261.5,spike,0.618,0.97,0.324,-1.456,-1.618,STOP,False,False,False
2026-08-18T21:00:00,NATURALGAS,2026-08-18,live_candles,oos,TREND_UP,TRENDING,LONG,0.9645,2.333,1.0,0.0,0.0,1.307,262.1,0.3,0.56,0.5357,True,True,True,True,False,False,False,0.0,4A_CONT,True,False,H1_CONT,262.4,early,0.721,,3.329,-0.416,2.861,T3,True,True,False
2026-08-18T21:40:00,NATURALGAS,2026-08-18,live_candles,oos,TREND_UP,TRENDING,LONG,1.0,4.667,1.0,0.0,0.0,2.882,262.7,1.8,3.706,0.4857,True,True,True,True,False,False,False,0.0,4X_AMBIG,True,False,H1_CONT,264.5,early,1.442,,0.485,-0.555,0.485,EOD,False,False,False
2026-08-18T21:50:00,NATURALGAS,2026-08-18,live_candles,oos,TREND_UP,TRENDING,LONG,0.9139,2.0,0.0,0.1667,0.8333,0.0,262.7,1.7,3.4,0.5,False,True,True,True,False,False,False,0.0,4B_TRAP,False,False,AMBIG,264.4,early,0.518,0.77,0.386,-1.351,-1.544,STOP,False,False,False
2026-08-18T22:15:00,NATURALGAS,2026-08-18,live_candles,oos,TREND_UP,TRENDING,SHORT,0.9167,2.0,0.6667,0.0,0.3333,0.812,263.7,-0.2,-0.406,0.4929,True,False,False,False,True,True,True,2.029,4B_TRAP,False,True,H7_TRAP,263.9,spike,0.418,12.58,0.239,-1.914,-2.153,STOP,False,False,False
2026-08-18T22:25:00,NATURALGAS,2026-08-18,live_candles,oos,TREND_UP,TRENDING,LONG,0.962,2.333,1.0,0.0,0.0,1.324,264.3,0.4,0.757,0.5286,True,True,True,True,False,False,False,0.0,4X_AMBIG,True,False,H1_CONT,264.7,early,0.721,0.14,0.693,-0.277,0.693,EOD,False,False,False
2026-08-19T10:00:00,NATURALGAS,2026-08-19,live_candles,oos,CHOP,TRENDING,LONG,1.0,5.0,1.0,0.0,0.0,2.5,266.7,0.3,1.5,0.2,True,True,True,True,False,False,False,0.0,4B_TRAP,True,False,H1_CONT,267.0,early,0.515,,0.583,-1.359,-1.553,STOP,False,False,False
2026-08-19T10:05:00,NATURALGAS,2026-08-19,live_candles,oos,CHOP,TRENDING,LONG,0.9231,3.0,0.6667,0.3333,0.0,0.966,267.0,0.1,0.483,0.2071,True,True,True,True,False,False,False,0.0,4B_TRAP,True,False,H1_CONT,267.1,early,0.209,,0.957,-1.435,-1.914,STOP,False,False,False
2026-08-19T10:25:00,NATURALGAS,2026-08-19,live_candles,oos,CHOP,TRENDING,SHORT,0.9412,2.0,1.0,0.0,0.0,1.697,267.1,0.3,1.273,0.2357,False,True,True,True,False,False,False,0.0,4B_TRAP,False,False,AMBIG,266.8,spike,0.412,1.09,2.184,-1.456,-1.699,STOP,True,False,False
2026-08-19T10:55:00,NATURALGAS,2026-08-19,live_candles,oos,CHOP,FAILED_BREAKOUT,LONG,0.913,1.5,1.0,0.0,0.0,1.235,267.0,0.2,0.824,0.2429,False,False,False,False,False,True,True,0.412,4B_TRAP,False,True,H7_TRAP,267.2,spike,0.309,0.32,0.0,-1.294,-1.618,STOP,False,False,False
2026-08-19T11:40:00,NATURALGAS,2026-08-19,live_candles,oos,CHOP,TRENDING,SHORT,0.9333,1.5,1.0,0.0,0.0,1.909,267.0,0.1,0.636,0.1571,False,True,True,True,False,False,False,0.0,4A_CONT,False,False,AMBIG,266.9,early,0.309,1.23,3.236,-0.647,2.676,T3,True,True,False
2026-08-19T11:50:00,NATURALGAS,2026-08-19,live_candles,oos,CHOP,FAILED_BREAKOUT,SHORT,0.9375,1.5,1.0,0.0,0.0,1.826,266.56,0.06,0.365,0.1643,True,False,False,False,True,True,True,0.852,4B_TRAP,False,True,H7_TRAP,266.5,spike,0.309,0.65,0.0,-1.294,-1.618,STOP,False,False,False
2026-08-19T12:00:00,NATURALGAS,2026-08-19,live_candles,oos,CHOP,FAILED_BREAKOUT,SHORT,0.9706,2.0,0.5,0.0,0.5,0.966,266.3,-0.2,-0.966,0.2071,False,False,False,False,True,True,True,1.931,4B_TRAP,False,True,H7_TRAP,266.5,spike,0.212,0.94,0.472,-1.415,-1.887,STOP,False,False,False
2026-08-19T12:05:00,NATURALGAS,2026-08-19,live_candles,oos,CHOP,FAILED_BREAKOUT,LONG,0.9714,2.0,0.75,0.25,0.0,1.4,266.7,0.0,0.0,0.2143,False,False,False,False,True,True,True,2.333,4B_TRAP,False,True,H7_TRAP,266.7,spike,0.312,0.64,0.0,-1.603,-1.923,STOP,False,False,False
2026-08-19T12:10:00,NATURALGAS,2026-08-19,live_candles,oos,CHOP,FAILED_BREAKOUT,SHORT,0.9722,2.0,1.0,0.0,0.0,1.697,266.3,0.1,0.424,0.2357,False,False,False,False,True,True,True,1.697,4B_TRAP,False,True,H7_TRAP,266.2,spike,0.412,,0.0,-1.699,-1.942,STOP,False,False,False
2026-08-19T12:20:00,NATURALGAS,2026-08-19,live_candles,oos,CHOP,FAILED_BREAKOUT,LONG,1.0,2.5,0.6,0.4,0.0,1.105,266.8,-0.1,-0.368,0.2714,False,False,False,False,True,True,True,1.842,4B_TRAP,False,True,H7_TRAP,266.7,spike,0.315,0.32,0.0,-1.27,-1.587,STOP,False,False,False
2026-08-19T12:35:00,NATURALGAS,2026-08-19,live_candles,oos,CHOP,FAILED_BREAKOUT,LONG,1.0,4.0,0.75,0.25,0.0,1.68,266.9,0.0,0.0,0.3571,True,False,False,False,True,True,True,1.12,4B_TRAP,False,True,H7_TRAP,266.9,spike,0.624,0.63,0.0,-1.122,-1.282,STOP,False,False,False
2026-08-19T13:35:00,NATURALGAS,2026-08-19,live_candles,oos,CHOP,FAILED_BREAKOUT,SHORT,0.9423,2.0,0.25,0.75,0.0,0.35,266.2,-0.1,-0.35,0.2857,True,False,False,False,False,False,False,0.0,4B_TRAP,False,False,AMBIG,266.3,spike,0.312,0.64,1.282,-1.603,-1.923,STOP,False,False,False
2026-08-19T14:30:00,NATURALGAS,2026-08-19,live_candles,oos,CHOP,FAILED_BREAKOUT,LONG,0.9524,2.0,0.5,0.0,0.5,0.875,266.8,0.3,1.312,0.2286,True,True,True,True,False,False,False,0.0,4B_TRAP,False,False,H1_WEAK,267.1,early,0.412,0.24,1.456,-1.214,-1.456,STOP,False,False,False
2026-08-19T14:55:00,NATURALGAS,2026-08-19,live_candles,oos,CHOP,FAILED_BREAKDOWN,LONG,0.9853,3.5,0.7143,0.1429,0.1429,1.75,267.5,0.1,0.35,0.2857,False,False,False,False,True,True,True,0.7,4B_TRAP,False,True,H7_TRAP,267.6,spike,0.621,,0.0,-1.288,-1.449,STOP,False,False,False
2026-08-19T15:45:00,NATURALGAS,2026-08-19,live_candles,oos,CHOP,FAILED_BREAKDOWN,SHORT,0.9359,2.0,0.75,0.25,0.0,0.955,267.1,0.2,0.636,0.3143,False,False,False,False,True,True,True,3.5,4B_TRAP,False,True,H7_TRAP,266.9,spike,0.412,0.73,0.0,-2.184,-2.427,STOP,False,False,False
2026-08-19T15:55:00,NATURALGAS,2026-08-19,live_candles,oos,CHOP,FAILED_BREAKDOWN,LONG,0.9375,2.0,0.75,0.25,0.0,0.875,267.7,0.0,0.0,0.3429,True,False,False,False,False,False,False,0.0,4A_CONT,False,False,AMBIG,267.7,spike,0.312,,5.769,-0.641,2.679,T3,True,True,True
2026-08-19T16:00:00,NATURALGAS,2026-08-19,live_candles,oos,CHOP,TRENDING,LONG,0.9753,3.0,0.8333,0.0,0.1667,1.346,267.8,0.4,1.077,0.3714,True,True,True,True,False,False,False,0.0,4B_TRAP,True,False,H1_CONT,268.2,early,0.618,,0.485,-1.133,-1.294,STOP,False,False,False
2026-08-19T16:10:00,NATURALGAS,2026-08-19,live_candles,oos,CHOP,TRENDING,LONG,0.9277,2.0,0.75,0.0,0.25,0.875,268.2,0.1,0.292,0.3429,True,False,False,False,False,True,True,0.583,4B_TRAP,False,True,H7_TRAP,268.3,spike,0.412,,0.485,-1.942,-2.184,STOP,False,False,False
2026-08-19T16:30:00,NATURALGAS,2026-08-19,live_candles,oos,CHOP,TRENDING,SHORT,0.9655,2.5,0.8,0.0,0.2,1.077,267.9,0.3,0.808,0.3714,False,False,False,False,True,True,True,1.346,4B_TRAP,False,True,H7_TRAP,267.6,spike,0.415,2.99,0.0,-2.41,-2.651,STOP,False,False,False
2026-08-19T16:35:00,NATURALGAS,2026-08-19,live_candles,oos,CHOP,FAILED_BREAKOUT,LONG,1.0,5.0,0.8,0.2,0.0,1.931,268.5,-0.1,-0.241,0.4143,True,False,False,False,True,True,True,0.724,4A_CONT,False,False,H7_TRAP,268.4,spike,0.83,0.12,3.133,-0.361,2.88,T3,True,True,False
2026-08-19T17:05:00,NATURALGAS,2026-08-19,live_candles,oos,CHOP,TRENDING,LONG,0.9574,2.5,0.8,0.2,0.0,1.018,268.6,0.8,2.036,0.3929,True,True,True,True,False,False,False,0.0,4A_CONT,True,False,H1_CONT,269.4,early,0.415,,3.855,-0.723,2.759,T3,True,True,False
2026-08-19T17:10:00,NATURALGAS,2026-08-19,live_candles,oos,CHOP,TRENDING,LONG,0.9684,3.0,0.5,0.1667,0.3333,0.764,269.5,0.1,0.255,0.3929,True,True,True,True,False,False,False,0.0,4A_CONT,False,False,H1_WEAK,269.6,spike,0.518,,4.633,-0.386,2.807,T3,True,True,False
2026-08-19T17:15:00,NATURALGAS,2026-08-19,live_candles,oos,CHOP,TRENDING,LONG,0.9479,2.5,0.8,0.0,0.2,0.966,269.7,0.2,0.483,0.4143,True,True,True,True,False,False,False,0.0,4A_CONT,True,False,H1_CONT,269.9,early,0.515,,4.078,0.0,2.806,T3,True,True,False
2026-08-19T17:20:00,NATURALGAS,2026-08-19,live_candles,oos,CHOP,TRENDING,LONG,0.9794,3.5,1.0,0.0,0.0,1.508,269.9,1.1,2.369,0.4643,True,True,True,True,False,False,False,0.0,4A_CONT,True,False,H1_CONT,271.0,early,0.721,,3.051,0.0,2.861,T3,True,True,False
2026-08-19T17:30:00,NATURALGAS,2026-08-19,live_candles,oos,CHOP,TRENDING,LONG,0.9394,2.5,1.0,0.0,0.0,0.933,272.0,0.0,0.0,0.5357,True,False,False,False,False,False,False,0.0,4A_CONT,False,False,AMBIG,272.0,early,0.515,,4.66,-0.583,2.806,T3,True,True,False
2026-08-19T17:40:00,NATURALGAS,2026-08-19,live_candles,oos,CHOP,TRENDING,LONG,0.9604,3.0,0.8333,0.1667,0.0,0.886,272.0,0.7,1.241,0.5643,False,True,True,True,False,False,False,0.0,4B_TRAP,False,False,AMBIG,272.7,early,0.518,,0.965,-1.158,-1.351,STOP,False,False,False
2026-08-19T17:50:00,NATURALGAS,2026-08-19,live_candles,oos,CHOP,TRENDING,LONG,0.9612,3.0,0.8333,0.1667,0.0,0.921,273.0,0.0,0.0,0.5429,False,False,False,False,True,True,True,0.921,4B_TRAP,False,True,H7_TRAP,273.0,spike,0.518,,0.386,-1.351,-1.544,STOP,False,False,False
2026-08-19T17:55:00,NATURALGAS,2026-08-19,live_candles,oos,CHOP,TRENDING,SHORT,0.9904,4.5,0.1111,0.4444,0.4444,0.167,272.5,-0.2,-0.333,0.6,False,False,False,False,True,True,True,0.333,4B_TRAP,False,True,H7_TRAP,272.7,spike,0.527,2.28,1.518,-3.226,-3.416,STOP,False,False,False
2026-08-19T18:10:00,NATURALGAS,2026-08-19,live_candles,oos,CHOP,TRENDING,LONG,0.9065,2.5,0.2,0.4,0.4,0.156,267.34,5.06,7.871,0.6429,True,True,True,True,False,False,False,0.0,4B_TRAP,False,False,H1_WEAK,272.4,early,0.315,2.54,2.222,-1.587,-1.905,STOP,True,False,False
2026-08-19T18:20:00,NATURALGAS,2026-08-19,live_candles,oos,CHOP,TRENDING,SHORT,0.9541,2.0,0.3333,0.6667,0.0,0.333,272.4,-0.2,-0.333,0.6,True,False,False,False,False,True,True,0.833,4B_TRAP,False,True,H7_TRAP,272.6,spike,0.418,1.2,1.675,-1.196,-1.435,STOP,False,False,False
2026-08-19T18:25:00,NATURALGAS,2026-08-19,live_candles,oos,CHOP,TRENDING,SHORT,1.0,4.0,0.6667,0.25,0.0833,1.231,272.1,0.1,0.154,0.65,False,False,False,False,True,True,True,1.231,4B_TRAP,False,True,H7_TRAP,272.0,spike,1.136,5.17,0.0,-2.113,-2.201,STOP,False,False,False
2026-08-19T19:00:00,NATURALGAS,2026-08-19,live_candles,oos,CHOP,TRENDING,LONG,1.0,5.0,1.0,0.0,0.0,2.386,273.2,1.2,1.909,0.6286,True,True,True,True,False,False,False,0.0,4B_TRAP,True,False,H1_CONT,274.4,early,1.545,,0.324,-1.683,-1.748,STOP,False,False,False
2026-08-19T19:20:00,NATURALGAS,2026-08-19,live_candles,oos,CHOP,TRENDING,SHORT,0.9421,2.0,1.0,0.0,0.0,1.012,274.4,0.4,0.675,0.5929,True,True,True,True,False,False,False,0.0,4A_CONT,True,False,H1_CONT,274.0,early,0.618,2.27,3.56,0.0,2.838,T3,True,True,False
2026-08-19T19:25:00,NATURALGAS,2026-08-19,live_candles,oos,CHOP,TRENDING,SHORT,0.9672,2.667,0.875,0.0,0.125,1.114,274.0,0.7,1.114,0.6286,True,True,True,True,False,False,False,0.0,4A_CONT,True,False,H1_CONT,273.3,early,0.724,0.97,3.315,-0.414,2.862,T3,True,True,False
2026-08-19T19:30:00,NATURALGAS,2026-08-19,live_candles,oos,CHOP,TRENDING,SHORT,1.0,6.0,0.8889,0.1111,0.0,2.24,272.6,0.8,1.12,0.7143,False,True,True,True,False,False,False,0.0,4X_AMBIG,False,False,AMBIG,271.8,early,1.854,3.03,0.809,-0.108,0.485,EOD,False,False,False
2026-08-19T19:35:00,NATURALGAS,2026-08-19,live_candles,oos,CHOP,TRENDING,LONG,0.9597,2.667,0.125,0.0,0.875,0.144,268.06,3.64,5.254,0.6929,False,True,True,True,False,False,False,0.0,4B_TRAP,False,False,AMBIG,271.7,early,0.824,3.88,0.0,-1.578,-1.699,STOP,False,False,False
2026-08-19T19:40:00,NATURALGAS,2026-08-19,live_candles,oos,CHOP,TRENDING,SHORT,0.96,2.667,0.5,0.25,0.25,0.533,270.9,0.3,0.4,0.75,False,True,False,False,False,True,True,0.533,4B_TRAP,False,True,H7_TRAP,270.6,early,0.624,7.08,0.321,-1.122,-1.282,STOP,False,False,False
2026-08-19T19:50:00,NATURALGAS,2026-08-19,live_candles,oos,CHOP,FAILED_BREAKOUT,LONG,0.9134,2.0,1.0,0.0,0.0,0.792,270.8,0.5,0.66,0.7571,True,True,True,True,False,False,False,0.0,4B_TRAP,True,False,H1_CONT,271.3,early,0.618,5.83,0.162,-1.133,-1.294,STOP,False,False,False
2026-08-19T20:50:00,NATURALGAS,2026-08-19,live_candles,oos,CHOP,TRENDING,LONG,0.964,2.667,0.375,0.125,0.5,0.646,271.2,0.4,0.862,0.4643,False,True,False,False,False,True,True,0.431,4B_TRAP,False,True,H7_TRAP,271.6,early,0.724,0.41,0.138,-1.105,-1.243,STOP,False,False,False
2026-08-19T21:05:00,NATURALGAS,2026-08-19,live_candles,oos,CHOP,FAILED_BREAKOUT,LONG,0.9296,2.333,0.8571,0.1429,0.0,1.235,271.7,0.0,0.0,0.4857,False,False,False,False,True,True,True,2.676,4B_TRAP,False,True,H7_TRAP,271.7,spike,0.621,5.15,0.0,-2.093,-2.254,STOP,False,False,False
2026-08-19T21:10:00,NATURALGAS,2026-08-19,live_candles,oos,CHOP,TRENDING,SHORT,0.986,4.0,1.0,0.0,0.0,2.211,270.8,0.4,0.737,0.5429,False,False,False,False,True,True,True,0.368,4B_TRAP,False,True,H7_TRAP,270.4,spike,1.236,3.57,0.081,-1.052,-1.133,STOP,False,False,False
2026-08-19T21:15:00,NATURALGAS,2026-08-19,live_candles,oos,CHOP,FAILED_BREAKOUT,LONG,0.9028,2.0,1.0,0.0,0.0,1.063,270.68,0.32,0.567,0.5643,False,False,False,False,True,True,True,0.496,4B_TRAP,False,True,H7_TRAP,271.0,spike,0.618,1.29,0.0,-1.133,-1.294,STOP,False,False,False
2026-08-19T21:55:00,NATURALGAS,2026-08-19,live_candles,oos,CHOP,TRENDING,LONG,0.9079,2.0,1.0,0.0,0.0,1.063,271.7,0.3,0.532,0.5643,True,True,False,False,False,True,True,0.709,4B_TRAP,False,True,H7_TRAP,272.0,spike,0.618,4.69,0.0,-1.133,-1.294,STOP,False,False,False
2026-08-19T22:50:00,NATURALGAS,2026-08-19,live_candles,oos,CHOP,TRENDING,SHORT,0.9136,2.0,0.8333,0.0,0.1667,1.25,271.5,0.5,1.25,0.4,True,True,True,True,False,False,False,0.0,4X_AMBIG,True,False,H1_CONT,271.0,early,0.518,9.67,0.965,-0.579,0.193,EOD,False,False,False
2026-08-20T12:00:00,NATURALGAS,2026-08-20,live_candles,oos,TREND_DOWN,OPENING_DRIVE,SHORT,1.0,3.5,0.4286,0.5714,0.0,0.857,267.2,0.0,0.0,0.35,True,False,False,False,False,False,False,0.0,4A_CONT,False,False,AMBIG,267.2,early,0.721,0.42,3.051,-0.139,2.861,T3,True,True,False
2026-08-20T12:35:00,NATURALGAS,2026-08-20,live_candles,oos,TREND_DOWN,TRENDING,SHORT,1.0,4.5,0.7778,0.0,0.2222,1.719,266.7,0.6,1.474,0.4071,False,True,True,True,False,False,False,0.0,4A_CONT,False,False,AMBIG,266.1,early,0.727,,3.026,-0.138,2.862,T3,True,True,False
2026-08-20T12:55:00,NATURALGAS,2026-08-20,live_candles,oos,TREND_DOWN,TRENDING,SHORT,0.9574,3.0,1.0,0.0,0.0,1.424,265.5,0.5,1.186,0.4214,True,True,True,True,False,False,False,0.0,4A_CONT,True,False,H1_CONT,265.0,early,0.618,,3.883,0.0,2.838,T3,True,True,False
2026-08-20T13:00:00,NATURALGAS,2026-08-20,live_candles,oos,TREND_DOWN,TRENDING,SHORT,0.9167,3.0,1.0,0.0,0.0,1.312,265.0,0.7,1.531,0.4571,False,True,True,True,False,False,False,0.0,4B_TRAP,False,False,AMBIG,264.3,early,0.618,,2.751,-1.294,-1.456,STOP,True,False,False
2026-08-20T13:10:00,NATURALGAS,2026-08-20,live_candles,oos,TREND_DOWN,TRENDING,SHORT,0.96,3.0,0.8333,0.0,0.1667,1.148,264.3,0.3,0.689,0.4357,False,True,True,True,False,False,False,0.0,4B_TRAP,False,False,AMBIG,264.0,early,0.518,,2.703,-1.544,-1.737,STOP,True,False,False
2026-08-20T13:30:00,NATURALGAS,2026-08-20,live_candles,oos,TREND_DOWN,TRENDING,SHORT,1.0,5.5,0.7273,0.0,0.2727,1.75,263.7,0.8,1.75,0.4571,False,True,True,True,False,False,False,0.0,4B_TRAP,False,False,AMBIG,262.9,early,0.833,,0.24,-1.08,-1.2,STOP,False,False,False
2026-08-20T15:40:00,NATURALGAS,2026-08-20,live_candles,oos,TREND_DOWN,TRENDING,SHORT,0.925,3.0,1.0,0.0,0.0,2.27,264.2,0.1,0.378,0.2643,True,False,False,False,False,False,False,0.0,4B_TRAP,False,False,AMBIG,264.1,spike,0.618,2.43,1.294,-1.618,-1.78,STOP,False,False,False
2026-08-20T15:50:00,NATURALGAS,2026-08-20,live_candles,oos,TREND_DOWN,TRENDING,SHORT,0.9634,3.0,1.0,0.0,0.0,2.0,264.1,0.4,1.333,0.3,False,True,True,True,False,False,False,0.0,4B_TRAP,False,False,AMBIG,263.7,early,0.618,1.78,0.647,-1.294,-1.456,STOP,False,False,False
2026-08-20T16:20:00,NATURALGAS,2026-08-20,live_candles,oos,TREND_DOWN,TRENDING,LONG,0.9659,3.0,0.8333,0.0,0.1667,1.429,264.1,0.4,1.143,0.35,True,True,True,True,False,False,False,0.0,4B_TRAP,True,False,H1_CONT,264.5,early,0.618,6.38,0.971,-1.133,-1.294,STOP,False,False,False
2026-08-20T16:25:00,NATURALGAS,2026-08-20,live_candles,oos,TREND_DOWN,TRENDING,SHORT,0.9663,3.0,0.1667,0.6667,0.1667,0.259,264.51,-0.19,-0.493,0.3857,True,False,False,False,False,False,False,0.0,4B_TRAP,False,False,AMBIG,264.7,early,0.418,0.45,2.153,-1.675,-1.914,STOP,True,False,False
2026-08-20T17:05:00,NATURALGAS,2026-08-20,live_candles,oos,TREND_DOWN,TRENDING,LONG,0.9794,4.0,0.625,0.375,0.0,1.129,264.6,0.2,0.452,0.4429,False,True,False,False,False,True,True,1.129,4B_TRAP,False,True,H7_TRAP,264.8,early,0.524,6.95,1.145,-2.481,-2.672,STOP,False,False,False
2026-08-20T17:15:00,NATURALGAS,2026-08-20,live_candles,oos,TREND_DOWN,TRENDING,SHORT,1.0,8.5,0.6471,0.0,0.3529,2.0,264.2,0.1,0.182,0.55,False,False,False,False,True,True,True,2.364,4B_TRAP,False,True,H7_TRAP,264.1,spike,1.151,1.3,0.0,-1.216,-1.303,STOP,False,False,False
2026-08-20T17:25:00,NATURALGAS,2026-08-20,live_candles,oos,TREND_DOWN,TRENDING,LONG,0.9901,4.0,1.0,0.0,0.0,1.909,265.4,0.1,0.159,0.6286,True,False,False,False,True,True,True,1.591,4B_TRAP,False,True,H7_TRAP,265.5,spike,1.236,2.38,0.0,-1.052,-1.133,STOP,False,False,False
2026-08-20T17:35:00,NATURALGAS,2026-08-20,live_candles,oos,TREND_DOWN,FAILED_BREAKOUT,SHORT,0.9515,2.333,0.7143,0.0,0.2857,0.753,264.38,-0.12,-0.181,0.6643,True,False,False,False,True,True,True,0.482,4A_CONT,False,False,H7_TRAP,264.5,spike,0.521,0.23,3.839,-0.96,2.808,T3,True,True,False
2026-08-20T17:45:00,NATURALGAS,2026-08-20,live_candles,oos,TREND_DOWN,TRENDING,SHORT,0.9333,2.0,0.8333,0.1667,0.0,0.737,264.2,0.2,0.295,0.6786,False,False,False,False,True,True,True,0.737,4B_TRAP,False,True,H7_TRAP,264.0,early,0.618,0.81,0.0,-1.294,-1.456,STOP,False,False,False
2026-08-20T18:10:00,NATURALGAS,2026-08-20,live_candles,oos,TREND_DOWN,TRENDING,LONG,0.9633,2.667,1.0,0.0,0.0,1.047,264.4,0.1,0.131,0.7643,True,True,False,False,False,True,True,1.57,4B_TRAP,False,True,H7_TRAP,264.5,early,0.824,0.12,0.607,-1.578,-1.699,STOP,False,False,False
2026-08-20T18:20:00,NATURALGAS,2026-08-20,live_candles,oos,TREND_DOWN,TRENDING,SHORT,0.982,3.667,1.0,0.0,0.0,1.426,264.5,0.6,0.778,0.7714,True,True,True,True,False,False,False,0.0,4A_CONT,True,False,H1_CONT,263.9,early,1.133,0.18,3.177,-0.971,2.912,T3,True,True,False
2026-08-20T18:25:00,NATURALGAS,2026-08-20,live_candles,oos,TREND_DOWN,TRENDING,SHORT,0.9554,2.667,0.75,0.25,0.0,0.848,263.7,0.5,0.707,0.7071,False,False,False,False,True,True,True,0.99,4B_TRAP,False,True,H7_TRAP,263.2,spike,0.824,0.66,0.243,-1.456,-1.578,STOP,False,False,False
2026-08-20T18:30:00,NATURALGAS,2026-08-20,live_candles,oos,TREND_DOWN,TRENDING,LONG,0.9912,4.667,1.0,0.0,0.0,1.815,264.0,0.4,0.519,0.7714,False,True,False,False,False,True,True,0.13,4B_TRAP,False,True,H7_TRAP,264.4,early,1.442,0.42,0.416,-1.318,-1.387,STOP,False,False,False
2026-08-20T18:40:00,NATURALGAS,2026-08-20,live_candles,oos,TREND_DOWN,TRENDING,SHORT,0.9478,2.667,1.0,0.0,0.0,1.12,264.2,0.3,0.42,0.7143,False,False,False,False,True,True,True,0.56,4B_TRAP,False,True,H7_TRAP,263.9,spike,0.824,1.09,0.0,-1.214,-1.335,STOP,False,False,False
2026-08-20T19:35:00,NATURALGAS,2026-08-20,live_candles,oos,TREND_DOWN,TRENDING,SHORT,0.9603,3.333,1.0,0.0,0.0,1.972,264.0,0.0,0.0,0.5071,True,False,False,False,False,False,False,0.0,4A_CONT,False,False,AMBIG,264.0,spike,1.03,1.3,3.01,0.0,2.903,T3,True,True,False
2026-08-20T20:05:00,NATURALGAS,2026-08-20,live_candles,oos,TREND_DOWN,TRENDING,SHORT,0.9773,3.667,0.9091,0.0,0.0909,1.944,262.5,0.4,0.778,0.5143,True,True,True,True,False,False,False,0.0,4X_AMBIG,True,False,H1_CONT,262.1,early,1.033,,1.742,-0.484,1.065,EOD,False,False,False
2026-08-20T20:10:00,NATURALGAS,2026-08-20,live_candles,oos,TREND_DOWN,TRENDING,SHORT,0.9023,2.333,0.8571,0.0,0.1429,1.151,262.0,0.3,0.575,0.5214,True,True,True,True,False,False,False,0.0,4B_TRAP,True,False,H1_CONT,261.7,early,0.621,,0.805,-1.449,-1.61,STOP,False,False,False
2026-08-21T10:00:00,NATURALGAS,2026-08-21,live_candles,oos,CHOP,OPENING_DRIVE,SHORT,1.0,1.5,0.6667,0.3333,0.0,0.812,263.2,0.0,0.0,0.2462,True,False,False,False,False,False,False,0.0,4B_TRAP,False,False,AMBIG,263.2,spike,0.309,,1.942,-4.854,-5.178,STOP,False,False,False
2026-08-21T10:15:00,NATURALGAS,2026-08-21,live_candles,oos,CHOP,OPENING_DRIVE,SHORT,1.0,2.0,0.5,0.5,0.0,0.778,263.0,0.2,0.778,0.2571,True,True,True,False,False,False,False,0.0,4B_TRAP,False,False,H1_WEAK,262.8,early,0.412,,0.485,-1.214,-1.456,STOP,False,False,False
2026-08-21T10:30:00,NATURALGAS,2026-08-21,live_candles,oos,CHOP,TRENDING,LONG,0.9444,1.5,0.6667,0.3333,0.0,0.737,262.9,0.1,0.368,0.2714,True,True,True,True,False,False,False,0.0,4A_CONT,True,False,H1_CONT,263.0,early,0.209,0.96,8.134,-0.478,2.522,T3,True,True,True
2026-08-21T10:45:00,NATURALGAS,2026-08-21,live_candles,oos,CHOP,FAILED_BREAKOUT,LONG,0.95,1.5,0.6667,0.0,0.3333,0.824,263.1,0.1,0.412,0.2429,False,True,True,True,False,False,False,0.0,4A_CONT,False,False,AMBIG,263.2,spike,0.309,1.0,4.854,-0.324,2.676,T3,True,True,False
2026-08-21T10:55:00,NATURALGAS,2026-08-21,live_candles,oos,CHOP,FAILED_BREAKOUT,LONG,0.9545,1.5,0.3333,0.3333,0.3333,0.412,263.3,0.1,0.412,0.2429,True,True,False,False,False,False,False,0.0,4A_CONT,False,False,H1_WEAK,263.4,spike,0.209,0.53,6.22,-0.957,2.522,T3,True,True,True
2026-08-21T11:25:00,NATURALGAS,2026-08-21,live_candles,oos,CHOP,FAILED_BREAKOUT,LONG,1.0,6.0,0.9167,0.0833,0.0,3.949,263.9,0.7,2.513,0.2786,False,True,True,True,False,False,False,0.0,4A_CONT,False,False,AMBIG,264.6,early,1.136,,2.905,-0.352,-0.176,EOD,True,False,False
2026-08-21T11:30:00,NATURALGAS,2026-08-21,live_candles,oos,CHOP,TRENDING,LONG,0.9655,2.5,0.2,0.0,0.8,0.341,264.7,-0.1,-0.341,0.2929,False,False,False,False,True,True,True,1.366,4A_CONT,False,False,H7_TRAP,264.6,spike,0.415,0.24,3.614,-0.964,2.759,T3,True,True,False
2026-08-21T11:35:00,NATURALGAS,2026-08-21,live_candles,oos,CHOP,TRENDING,SHORT,0.9333,2.0,0.5,0.0,0.5,0.651,264.2,-0.2,-0.651,0.3071,False,False,False,False,True,True,True,1.953,4B_TRAP,False,True,H7_TRAP,264.4,spike,0.212,5.19,0.943,-1.887,-2.358,STOP,False,False,False
2026-08-21T11:40:00,NATURALGAS,2026-08-21,live_candles,oos,CHOP,FAILED_BREAKDOWN,LONG,0.9355,2.0,1.0,0.0,0.0,1.273,264.6,0.0,0.0,0.3143,False,False,False,False,True,True,True,0.955,4A_CONT,False,False,H7_TRAP,264.6,spike,0.412,0.24,3.641,-0.728,2.757,T3,True,True,False
2026-08-21T11:50:00,NATURALGAS,2026-08-21,live_candles,oos,CHOP,FAILED_BREAKDOWN,LONG,0.9394,2.0,1.0,0.0,0.0,1.098,264.7,0.1,0.275,0.3643,True,True,True,True,False,False,False,0.0,4A_CONT,True,False,H1_CONT,264.8,early,0.412,,3.155,-0.971,2.757,T3,True,True,False
2026-08-21T11:55:00,NATURALGAS,2026-08-21,live_candles,oos,CHOP,TRENDING,LONG,0.9706,2.0,0.6,0.4,0.0,0.792,264.8,0.3,0.792,0.3786,False,False,False,False,False,False,False,0.0,4B_TRAP,False,False,AMBIG,265.1,spike,0.315,,0.0,-1.587,-1.905,STOP,False,False,False
2026-08-21T12:30:00,NATURALGAS,2026-08-21,live_candles,oos,CHOP,TRENDING,SHORT,0.9756,3.0,1.0,0.0,0.0,1.5,264.8,0.3,0.75,0.4,False,False,False,False,True,True,True,1.5,4B_TRAP,False,True,H7_TRAP,264.5,spike,0.618,3.03,0.162,-1.133,-1.294,STOP,False,False,False
2026-08-21T12:35:00,NATURALGAS,2026-08-21,live_candles,oos,CHOP,FAILED_BREAKDOWN,LONG,0.9762,4.0,1.0,0.0,0.0,2.196,265.1,0.1,0.275,0.3643,True,True,True,True,False,False,False,0.0,4A_CONT,True,False,H1_CONT,265.2,spike,0.824,0.12,3.034,-0.243,2.879,T3,True,True,False
2026-08-21T12:55:00,NATURALGAS,2026-08-21,live_candles,oos,CHOP,TRENDING,LONG,0.9348,2.0,0.8,0.0,0.2,1.167,265.5,0.3,0.875,0.3429,True,True,True,True,False,False,False,0.0,4A_CONT,True,False,H1_CONT,265.8,early,0.515,,3.495,-0.583,2.806,T3,True,True,False
2026-08-21T14:10:00,NATURALGAS,2026-08-21,live_candles,oos,CHOP,TRENDING,SHORT,0.9508,1.667,0.4,0.2,0.4,0.667,265.7,0.0,0.0,0.3,True,False,False,False,False,False,True,0.333,4B_TRAP,False,True,AMBIG,265.7,spike,0.315,9.71,0.317,-2.222,-2.54,STOP,False,False,False
2026-08-21T14:35:00,NATURALGAS,2026-08-21,live_candles,oos,CHOP,TRENDING,LONG,0.9545,2.5,0.8,0.2,0.0,1.333,265.9,0.4,1.333,0.3,True,True,True,True,False,False,False,0.0,4A_CONT,True,False,H1_CONT,266.3,early,0.415,1.2,3.133,-0.723,2.759,T3,True,True,False
2026-08-21T16:10:00,NATURALGAS,2026-08-21,live_candles,oos,CHOP,TRENDING,SHORT,0.9643,2.5,0.6,0.4,0.0,1.313,266.3,0.1,0.438,0.2286,False,False,False,False,True,True,True,3.5,4B_TRAP,False,True,H7_TRAP,266.2,spike,0.515,0.19,0.388,-1.748,-1.942,STOP,False,False,False
2026-08-21T16:15:00,NATURALGAS,2026-08-21,live_candles,oos,CHOP,TRENDING,LONG,0.9647,2.5,0.8,0.0,0.2,1.6,266.5,0.0,0.0,0.25,True,False,False,False,False,False,False,0.0,4B_TRAP,False,False,AMBIG,266.5,early,0.515,0.5,2.718,-1.748,-1.942,STOP,True,False,False
2026-08-21T16:30:00,NATURALGAS,2026-08-21,live_candles,oos,CHOP,TRENDING,LONG,0.9886,4.0,0.375,0.0,0.625,0.778,266.7,0.8,2.074,0.3857,True,True,True,True,False,False,False,0.0,4B_TRAP,False,False,H1_WEAK,267.5,early,0.824,0.06,0.485,-1.092,-1.214,STOP,False,False,False
2026-08-21T16:45:00,NATURALGAS,2026-08-21,live_candles,oos,CHOP,TRENDING,SHORT,0.9451,2.5,1.0,0.0,0.0,1.167,267.5,0.2,0.467,0.4286,True,True,True,True,False,False,False,0.0,4A_CONT,True,False,H1_CONT,267.3,spike,0.515,1.17,3.301,-0.583,2.806,T3,True,True,False
2026-08-21T16:55:00,NATURALGAS,2026-08-21,live_candles,oos,CHOP,TRENDING,SHORT,0.9462,3.0,1.0,0.0,0.0,1.292,266.7,0.1,0.215,0.4643,False,False,False,False,True,True,True,0.215,4A_CONT,False,False,H7_TRAP,266.6,spike,0.618,4.6,3.236,-0.971,2.838,T3,True,True,False
2026-08-21T17:00:00,NATURALGAS,2026-08-21,live_candles,oos,CHOP,TRENDING,SHORT,0.9362,2.0,0.2,0.8,0.0,0.2,266.7,-0.1,-0.2,0.5,True,False,False,False,False,False,False,0.0,4A_CONT,False,False,AMBIG,266.8,spike,0.415,0.24,3.373,-0.482,2.759,T3,True,True,False
2026-08-21T17:05:00,NATURALGAS,2026-08-21,live_candles,oos,CHOP,TRENDING,SHORT,0.9368,1.667,0.6,0.0,0.4,0.583,266.6,-0.1,-0.194,0.5143,True,False,False,False,False,True,True,0.194,4A_CONT,False,False,H7_TRAP,266.7,spike,0.315,0.32,3.492,0.0,2.683,T3,True,True,False
2026-08-21T17:10:00,NATURALGAS,2026-08-21,live_candles,oos,CHOP,TRENDING,SHORT,0.9375,1.667,1.0,0.0,0.0,0.946,266.5,0.3,0.568,0.5286,False,False,False,False,True,True,True,0.378,4B_TRAP,False,True,H7_TRAP,266.2,early,0.515,4.74,1.165,-1.359,-1.553,STOP,False,False,False
2026-08-21T17:15:00,NATURALGAS,2026-08-21,live_candles,oos,CHOP,TRENDING,LONG,0.9485,2.0,0.6667,0.0,0.3333,0.727,266.7,0.0,0.0,0.55,False,False,False,False,True,True,True,2.0,4B_TRAP,False,True,H7_TRAP,266.7,spike,0.618,0.81,0.0,-1.78,-1.942,STOP,False,False,False
2026-08-21T17:25:00,NATURALGAS,2026-08-21,live_candles,oos,CHOP,TRENDING,SHORT,0.9596,2.333,1.0,0.0,0.0,1.225,266.1,0.5,0.875,0.5714,False,False,False,False,True,True,True,0.7,4B_TRAP,False,True,H7_TRAP,265.6,spike,0.721,1.94,0.0,-1.803,-1.942,STOP,False,False,False
2026-08-21T17:30:00,NATURALGAS,2026-08-21,live_candles,oos,CHOP,FAILED_BREAKOUT,LONG,1.0,4.333,0.6923,0.3077,0.0,1.448,266.7,-0.2,-0.322,0.6214,False,False,False,False,True,True,True,1.448,4B_TRAP,False,True,H7_TRAP,266.5,spike,0.939,0.21,0.0,-1.171,-1.278,STOP,False,False,False
2026-08-21T17:55:00,NATURALGAS,2026-08-21,live_candles,oos,CHOP,FAILED_BREAKOUT,SHORT,0.981,3.333,1.0,0.0,0.0,1.609,265.4,0.8,1.287,0.6214,False,True,True,True,False,False,False,0.0,4B_TRAP,False,False,AMBIG,264.6,early,1.03,0.39,0.291,-1.165,-1.262,STOP,False,False,False
2026-08-21T18:00:00,NATURALGAS,2026-08-21,live_candles,oos,CHOP,FAILED_BREAKOUT,SHORT,0.934,2.0,0.1667,0.8333,0.0,0.157,264.6,0.1,0.157,0.6357,False,True,False,False,False,True,True,1.101,4B_TRAP,False,True,H7_TRAP,264.5,spike,0.518,0.58,0.386,-1.544,-1.737,STOP,False,False,False
2026-08-21T18:40:00,NATURALGAS,2026-08-21,live_candles,oos,CHOP,FAILED_BREAKOUT,SHORT,0.9035,1.667,0.8,0.0,0.2,0.8,265.6,0.0,0.0,0.5,False,False,False,False,True,True,True,1.0,4B_TRAP,False,True,H7_TRAP,265.6,spike,0.415,3.37,0.0,-1.446,-1.687,STOP,False,False,False
2026-08-21T19:05:00,NATURALGAS,2026-08-21,live_candles,oos,CHOP,FAILED_BREAKOUT,LONG,0.9748,2.667,0.875,0.0,0.125,1.463,266.2,0.3,0.627,0.4786,False,True,False,False,False,True,True,1.254,4B_TRAP,False,True,H7_TRAP,266.5,early,0.824,0.69,0.364,-1.214,-1.335,STOP,False,False,False
2026-08-21T19:40:00,NATURALGAS,2026-08-21,live_candles,oos,CHOP,TRENDING,LONG,0.9444,2.333,1.0,0.0,0.0,1.531,266.3,0.4,0.875,0.4571,False,False,False,False,False,False,False,0.0,4B_TRAP,False,False,AMBIG,266.7,early,0.721,0.14,0.416,-1.387,-1.526,STOP,False,False,False
2026-08-21T20:30:00,NATURALGAS,2026-08-21,live_candles,oos,CHOP,TRENDING,SHORT,0.9044,1.667,1.0,0.0,0.0,1.373,266.7,0.2,0.549,0.3643,True,True,True,True,False,False,False,0.0,4A_CONT,True,False,H1_CONT,266.5,early,0.515,0.39,3.301,-0.194,2.806,T3,True,True,False
2026-08-21T20:35:00,NATURALGAS,2026-08-21,live_candles,oos,CHOP,TRENDING,SHORT,0.9343,2.0,0.6667,0.1667,0.1667,1.018,266.3,0.5,1.273,0.3929,False,True,False,False,False,True,True,0.255,4B_TRAP,False,True,H7_TRAP,265.8,spike,0.518,2.45,0.0,-1.158,-1.351,STOP,False,False,False
2026-08-21T22:00:00,NATURALGAS,2026-08-21,live_candles,oos,CHOP,FAILED_BREAKOUT,LONG,0.9091,1.667,1.0,0.0,0.0,1.75,265.2,0.2,0.7,0.2857,True,True,True,True,False,False,False,0.0,4B_TRAP,True,False,H1_CONT,265.4,early,0.515,3.03,1.553,-1.165,-1.359,STOP,False,False,False
2026-08-21T23:05:00,NATURALGAS,2026-08-21,live_candles,oos,CHOP,FAILED_BREAKOUT,SHORT,0.9162,1.667,0.8,0.0,0.2,0.966,264.75,0.15,0.362,0.4143,False,True,True,True,False,False,False,0.0,4X_AMBIG,False,False,AMBIG,264.6,spike,0.415,0.96,0.482,-0.964,0.482,EOD,False,False,False
2026-08-24T11:35:00,NATURALGAS,2026-08-24,live_candles,HOLDOUT,CHOP,OPENING_DRIVE,SHORT,1.0,2.5,0.4,0.0,0.6,0.966,262.2,0.3,1.448,0.2071,True,True,True,True,False,False,False,0.0,4A_CONT,False,False,H1_WEAK,261.9,early,0.215,1.77,3.721,-0.465,2.535,T3,True,True,False
2026-08-24T11:40:00,NATURALGAS,2026-08-24,live_candles,HOLDOUT,CHOP,OPENING_DRIVE,SHORT,1.0,2.5,1.0,0.0,0.0,2.121,261.52,0.02,0.085,0.2357,True,True,False,False,False,True,True,0.339,4B_TRAP,False,True,H7_TRAP,261.5,spike,0.515,0.39,1.942,-1.942,-2.136,STOP,False,False,False
2026-08-24T12:05:00,NATURALGAS,2026-08-24,live_candles,HOLDOUT,CHOP,FAILED_BREAKOUT,SHORT,0.9143,2.0,0.5,0.5,0.0,0.683,261.47,0.07,0.239,0.2929,True,True,True,True,False,False,False,0.0,4B_TRAP,False,False,H1_WEAK,261.4,spike,0.412,0.73,2.184,-1.214,-1.456,STOP,True,False,False
2026-08-24T12:15:00,NATURALGAS,2026-08-24,live_candles,HOLDOUT,CHOP,TRENDING,SHORT,1.0,3.0,0.8333,0.1667,0.0,1.458,261.1,0.5,1.458,0.3429,False,True,False,False,False,False,False,0.0,4B_TRAP,False,False,AMBIG,260.6,early,0.618,,0.0,-1.294,-1.456,STOP,False,False,False
2026-08-24T12:35:00,NATURALGAS,2026-08-24,live_candles,HOLDOUT,CHOP,TRENDING,SHORT,0.975,2.5,0.8,0.2,0.0,1.037,260.6,0.1,0.259,0.3857,False,False,False,False,True,True,True,1.556,4B_TRAP,False,True,H7_TRAP,260.5,spike,0.515,,0.0,-1.359,-1.553,STOP,False,False,False
2026-08-24T12:50:00,NATURALGAS,2026-08-24,live_candles,HOLDOUT,CHOP,TRENDING,LONG,1.0,3.0,1.0,0.0,0.0,1.615,260.7,0.5,1.346,0.3714,True,True,True,True,False,False,False,0.0,4A_CONT,True,False,H1_CONT,261.2,early,0.618,0.32,3.074,-0.162,2.838,T3,True,True,False
2026-08-24T12:55:00,NATURALGAS,2026-08-24,live_candles,HOLDOUT,CHOP,FAILED_BREAKOUT,LONG,0.9545,2.5,0.6,0.4,0.0,0.778,261.4,0.0,0.0,0.3857,False,False,False,False,True,True,True,0.259,4A_CONT,False,False,H7_TRAP,261.4,early,0.315,1.62,3.492,-0.635,2.683,T3,True,True,False
2026-08-24T13:10:00,NATURALGAS,2026-08-24,live_candles,HOLDOUT,CHOP,FAILED_BREAKOUT,LONG,1.0,3.0,0.6667,0.3333,0.0,0.903,262.4,-0.1,-0.226,0.4429,False,False,False,False,True,True,True,0.903,4A_CONT,False,False,H7_TRAP,262.3,early,0.418,0.24,3.349,-0.718,2.761,T3,True,True,False
2026-08-24T13:35:00,NATURALGAS,2026-08-24,live_candles,HOLDOUT,CHOP,FAILED_BREAKDOWN,LONG,1.0,3.0,1.0,0.0,0.0,1.333,262.6,0.5,1.111,0.45,True,True,False,False,False,False,False,0.0,4B_TRAP,True,False,H1_WEAK,263.1,early,0.618,,0.0,-1.294,-1.456,STOP,False,False,False
2026-08-24T14:00:00,NATURALGAS,2026-08-24,live_candles,HOLDOUT,CHOP,FAILED_BREAKDOWN,SHORT,0.9298,2.5,0.4,0.4,0.2,0.491,262.5,0.1,0.246,0.4071,False,True,True,False,False,False,True,0.246,4B_TRAP,False,True,AMBIG,262.4,early,0.415,3.35,0.482,-1.687,-1.928,STOP,False,False,False
2026-08-24T14:45:00,NATURALGAS,2026-08-24,live_candles,HOLDOUT,CHOP,TRENDING,LONG,0.9697,3.0,1.0,0.0,0.0,1.909,263.9,0.5,1.591,0.3143,False,True,True,True,False,False,False,0.0,4A_CONT,False,False,AMBIG,264.4,early,0.618,,3.074,-0.485,2.838,T3,True,True,False
2026-08-24T15:05:00,NATURALGAS,2026-08-24,live_candles,HOLDOUT,CHOP,TRENDING,LONG,0.9714,2.4,1.0,0.0,0.0,1.585,264.7,0.5,1.321,0.3786,False,True,True,True,False,False,False,0.0,4B_TRAP,False,False,AMBIG,265.2,early,0.618,,0.162,-1.294,-1.456,STOP,False,False,False
2026-08-24T15:40:00,NATURALGAS,2026-08-24,live_candles,HOLDOUT,CHOP,TRENDING,SHORT,0.9221,1.667,1.0,0.0,0.0,1.296,264.6,0.2,0.519,0.3857,True,True,False,False,False,True,True,0.778,4B_TRAP,False,True,H7_TRAP,264.4,spike,0.515,6.89,0.388,-1.165,-1.359,STOP,False,False,False
2026-08-24T15:50:00,NATURALGAS,2026-08-24,live_candles,HOLDOUT,CHOP,FAILED_BREAKDOWN,LONG,0.9241,1.667,1.0,0.0,0.0,1.207,264.6,0.3,0.724,0.4143,False,True,True,True,False,False,False,0.0,4A_CONT,False,False,AMBIG,264.9,early,0.515,0.19,3.301,-0.583,2.806,T3,True,True,False
2026-08-24T16:10:00,NATURALGAS,2026-08-24,live_candles,HOLDOUT,CHOP,TRENDING,LONG,1.0,2.333,1.0,0.0,0.0,1.75,265.3,0.1,0.25,0.4,True,False,False,False,False,False,False,0.0,4A_CONT,False,False,AMBIG,265.4,early,0.721,,4.577,-0.416,2.861,T3,True,True,False
2026-08-24T16:50:00,NATURALGAS,2026-08-24,live_candles,HOLDOUT,CHOP,TRENDING,LONG,0.9231,1.667,0.8,0.2,0.0,1.0,266.6,0.6,1.5,0.4,True,True,True,True,False,False,False,0.0,4A_CONT,True,False,H1_CONT,267.2,early,0.415,,3.614,0.0,2.759,T3,True,True,False
2026-08-24T16:55:00,NATURALGAS,2026-08-24,live_candles,HOLDOUT,CHOP,TRENDING,LONG,1.0,4.0,1.0,0.0,0.0,2.507,267.3,1.4,2.925,0.4786,False,True,True,True,False,False,False,0.0,4B_TRAP,False,False,AMBIG,268.7,early,1.236,,2.023,-1.375,-1.456,STOP,True,False,False
2026-08-24T17:10:00,NATURALGAS,2026-08-24,live_candles,HOLDOUT,CHOP,TRENDING,LONG,0.9895,2.667,1.0,0.0,0.0,1.455,268.8,0.5,0.909,0.55,True,True,True,True,False,False,False,0.0,4B_TRAP,True,False,H1_CONT,269.3,early,0.824,,2.306,-1.335,-1.456,STOP,True,False,False
2026-08-24T17:15:00,NATURALGAS,2026-08-24,live_candles,HOLDOUT,CHOP,TRENDING,LONG,0.9583,2.0,1.0,0.0,0.0,1.037,269.3,0.3,0.519,0.5786,False,False,False,False,False,False,True,0.519,4B_TRAP,False,True,AMBIG,269.6,spike,0.618,,0.162,-1.618,-1.78,STOP,False,False,False
2026-08-24T17:30:00,NATURALGAS,2026-08-24,live_candles,HOLDOUT,CHOP,TRENDING,SHORT,0.9798,2.667,0.375,0.125,0.5,0.506,269.2,0.2,0.337,0.5929,False,False,False,False,False,True,True,1.012,4B_TRAP,False,True,H7_TRAP,269.0,spike,0.424,2.83,0.0,-1.179,-1.415,STOP,False,False,False
2026-08-24T17:40:00,NATURALGAS,2026-08-24,live_candles,HOLDOUT,CHOP,TRENDING,LONG,0.9703,2.333,0.7143,0.0,0.2857,0.795,269.7,0.1,0.159,0.6286,False,True,False,False,False,True,True,0.159,4B_TRAP,False,True,H7_TRAP,269.8,early,0.721,,1.942,-1.248,-1.387,STOP,False,False,False
2026-08-24T18:05:00,NATURALGAS,2026-08-24,live_candles,HOLDOUT,CHOP,TRENDING,SHORT,0.9434,2.0,0.8333,0.0,0.1667,0.854,269.8,0.3,0.512,0.5857,False,False,False,False,True,True,True,0.683,4B_TRAP,False,True,H7_TRAP,269.5,spike,0.518,0.58,0.386,-1.351,-1.544,STOP,False,False,False
2026-08-24T18:15:00,NATURALGAS,2026-08-24,live_candles,HOLDOUT,CHOP,TRENDING,LONG,0.9907,3.0,0.7778,0.0,0.2222,1.167,270.2,0.0,0.0,0.6,True,False,False,False,False,False,False,0.0,4B_TRAP,False,False,AMBIG,270.2,early,0.927,,1.079,-1.402,-1.51,STOP,False,False,False
2026-08-24T18:40:00,NATURALGAS,2026-08-24,live_candles,HOLDOUT,CHOP,TRENDING,SHORT,0.9912,3.0,1.0,0.0,0.0,1.615,270.7,0.5,0.897,0.5571,False,True,True,True,False,False,False,0.0,4A_CONT,False,False,AMBIG,270.2,early,0.927,0.97,3.452,-0.324,2.892,T3,True,True,False
2026-08-24T18:45:00,NATURALGAS,2026-08-24,live_candles,HOLDOUT,CHOP,TRENDING,LONG,0.9825,3.0,0.5556,0.1111,0.3333,0.854,264.85,5.55,9.476,0.5857,False,True,True,True,False,False,False,0.0,4B_TRAP,False,False,AMBIG,270.4,early,0.827,0.97,0.0,-1.209,-1.33,STOP,False,False,False
2026-08-24T19:15:00,NATURALGAS,2026-08-24,live_candles,HOLDOUT,CHOP,TRENDING,SHORT,0.95,2.333,0.7143,0.2857,0.0,0.833,268.8,0.2,0.333,0.6,True,True,False,False,False,False,True,0.667,4B_TRAP,True,True,H1_WEAK,268.6,spike,0.721,11.08,0.0,-1.11,-1.248,STOP,False,False,False
2026-08-24T19:45:00,NATURALGAS,2026-08-24,live_candles,HOLDOUT,CHOP,TRENDING,SHORT,0.9206,2.0,1.0,0.0,0.0,1.05,268.5,0.0,0.0,0.5714,False,False,False,False,True,True,True,0.175,4A_CONT,False,False,H7_TRAP,268.5,early,0.618,12.77,3.236,-0.324,2.838,T3,True,True,False
2026-08-24T20:10:00,NATURALGAS,2026-08-24,live_candles,HOLDOUT,CHOP,TRENDING,SHORT,0.9542,2.333,0.8571,0.0,0.1429,1.091,268.2,0.5,0.909,0.55,False,True,True,True,False,False,False,0.0,4A_CONT,False,False,AMBIG,267.7,early,0.621,0.32,3.06,-0.966,2.839,T3,True,True,False
2026-08-24T20:35:00,NATURALGAS,2026-08-24,live_candles,HOLDOUT,CHOP,TRENDING,SHORT,0.9706,2.667,1.0,0.0,0.0,1.418,267.6,0.6,1.063,0.5643,False,True,False,False,False,False,False,0.0,4A_CONT,False,False,AMBIG,267.0,early,0.824,7.75,2.549,-0.728,0.728,EOD,True,False,False
2026-08-24T20:55:00,NATURALGAS,2026-08-24,live_candles,HOLDOUT,CHOP,TRENDING,SHORT,0.9137,2.0,1.0,0.0,0.0,1.077,267.4,0.5,0.897,0.5571,False,True,True,True,False,False,False,0.0,4A_CONT,False,False,AMBIG,266.9,early,0.618,0.16,3.074,-0.485,2.838,T3,True,True,False
2026-08-24T21:15:00,NATURALGAS,2026-08-24,live_candles,HOLDOUT,CHOP,FAILED_BREAKOUT,SHORT,0.972,2.667,1.0,0.0,0.0,1.623,266.5,0.7,1.42,0.4929,False,True,True,True,False,False,False,0.0,4B_TRAP,False,False,AMBIG,265.8,early,0.824,6.3,1.092,-2.063,-2.184,STOP,False,False,False
2026-08-24T21:40:00,NATURALGAS,2026-08-24,live_candles,HOLDOUT,CHOP,FAILED_BREAKOUT,SHORT,0.9122,2.0,1.0,0.0,0.0,1.254,265.5,0.5,1.045,0.4786,False,False,False,False,True,True,True,2.09,4B_TRAP,False,True,H7_TRAP,265.0,spike,0.618,7.1,0.162,-1.942,-2.104,STOP,False,False,False
2026-08-24T21:45:00,NATURALGAS,2026-08-24,live_candles,HOLDOUT,CHOP,FAILED_BREAKOUT,LONG,1.0,4.333,1.0,0.0,0.0,2.427,266.2,0.0,0.0,0.5357,True,False,False,False,False,False,False,0.0,4X_AMBIG,False,False,AMBIG,266.2,spike,1.339,0.99,0.971,-0.971,0.149,EOD,False,False,False
2026-08-24T21:55:00,NATURALGAS,2026-08-24,live_candles,HOLDOUT,CHOP,FAILED_BREAKOUT,LONG,0.9073,1.5,1.0,0.0,0.0,1.167,266.4,0.1,0.194,0.5143,True,True,True,False,False,False,False,0.0,4B_TRAP,True,False,H1_CONT,266.5,early,0.618,1.29,1.618,-1.294,-1.456,STOP,False,False,False
2026-08-24T22:00:00,NATURALGAS,2026-08-24,live_candles,HOLDOUT,CHOP,FAILED_BREAKOUT,LONG,0.9408,1.75,0.7143,0.2857,0.0,0.897,267.3,0.0,0.0,0.5571,False,False,False,False,True,True,True,1.974,4B_TRAP,False,True,H7_TRAP,267.3,spike,0.521,7.49,0.0,-1.919,-2.111,STOP,False,False,False
2026-08-24T22:05:00,NATURALGAS,2026-08-24,live_candles,HOLDOUT,CHOP,FAILED_BREAKOUT,SHORT,0.9869,2.5,0.3,0.1,0.6,0.519,266.8,-0.1,-0.173,0.5786,True,False,False,False,False,False,False,0.0,4A_CONT,False,False,AMBIG,266.9,spike,0.43,2.33,3.023,0.0,2.767,T3,True,True,False
2026-08-24T22:45:00,NATURALGAS,2026-08-24,live_candles,HOLDOUT,CHOP,FAILED_BREAKOUT,SHORT,0.9938,3.25,1.0,0.0,0.0,2.045,265.6,0.5,0.787,0.6357,False,True,False,False,False,True,True,1.101,4B_TRAP,False,True,H7_TRAP,265.1,early,1.339,3.35,0.149,-1.195,-1.27,STOP,False,False,False
2026-08-25T10:40:00,NATURALGAS,2026-08-25,live_candles,HOLDOUT,CHOP,TRENDING,SHORT,0.9,1.333,0.75,0.0,0.25,0.933,262.2,0.1,0.311,0.3214,True,True,False,False,False,False,True,0.311,4B_TRAP,True,True,H1_WEAK,262.1,spike,0.312,,0.321,-1.282,-1.603,STOP,False,False,False
2026-08-25T11:20:00,NATURALGAS,2026-08-25,live_candles,HOLDOUT,CHOP,TRENDING,SHORT,1.0,2.0,0.8333,0.1667,0.0,2.0,262.0,0.5,2.0,0.25,False,True,True,True,False,False,False,0.0,4B_TRAP,False,False,AMBIG,261.5,early,0.618,,0.971,-1.78,-1.942,STOP,False,False,False
2026-08-25T11:30:00,NATURALGAS,2026-08-25,live_candles,HOLDOUT,CHOP,TRENDING,SHORT,0.931,1.667,0.6,0.0,0.4,1.077,261.4,0.1,0.359,0.2786,False,True,True,False,False,False,True,1.795,4B_TRAP,False,True,AMBIG,261.3,early,0.315,,1.27,-1.905,-2.222,STOP,False,False,False
2026-08-25T11:45:00,NATURALGAS,2026-08-25,live_candles,HOLDOUT,CHOP,TRENDING,LONG,1.0,3.333,1.0,0.0,0.0,2.979,261.6,0.3,0.894,0.3357,True,True,False,False,False,True,True,0.596,4B_TRAP,False,True,H7_TRAP,261.9,early,1.03,1.56,2.427,-1.456,-1.553,STOP,True,False,False
2026-08-25T11:55:00,NATURALGAS,2026-08-25,live_candles,HOLDOUT,CHOP,TRENDING,SHORT,0.9706,2.333,0.8571,0.0,0.1429,1.75,261.9,0.5,1.458,0.3429,False,True,False,False,False,True,True,2.042,4B_TRAP,False,True,H7_TRAP,261.4,early,0.621,0.81,0.161,-1.932,-2.093,STOP,False,False,False
2026-08-25T12:05:00,NATURALGAS,2026-08-25,live_candles,HOLDOUT,CHOP,TRENDING,LONG,1.0,3.667,1.0,0.0,0.0,2.702,262.0,0.6,1.474,0.4071,True,True,True,True,False,False,False,0.0,4B_TRAP,True,False,H1_CONT,262.6,early,1.133,0.24,0.971,-1.059,-1.147,STOP,False,False,False
2026-08-25T12:25:00,NATURALGAS,2026-08-25,live_candles,HOLDOUT,CHOP,TRENDING,SHORT,0.95,2.333,0.7143,0.0,0.2857,1.061,262.5,0.5,1.061,0.4714,False,True,False,False,False,False,False,0.0,4B_TRAP,False,False,AMBIG,262.0,early,0.521,1.59,0.0,-1.152,-1.344,STOP,False,False,False
2026-08-25T13:20:00,NATURALGAS,2026-08-25,live_candles,HOLDOUT,CHOP,FAILED_BREAKOUT,LONG,0.9608,3.0,1.0,0.0,0.0,2.333,262.87,0.83,2.152,0.3857,False,True,False,False,False,True,True,0.7,4B_TRAP,False,True,H7_TRAP,263.7,early,0.927,0.97,0.0,-1.187,-1.294,STOP,False,False,False
2026-08-25T13:40:00,NATURALGAS,2026-08-25,live_candles,HOLDOUT,CHOP,TRENDING,LONG,0.9636,3.0,1.0,0.0,0.0,2.136,262.87,0.43,1.02,0.4214,False,True,False,False,False,True,True,1.353,4B_TRAP,False,True,H7_TRAP,263.3,early,0.927,0.43,0.0,-1.079,-1.187,STOP,False,False,False
2026-08-25T13:50:00,NATURALGAS,2026-08-25,live_candles,HOLDOUT,CHOP,FAILED_BREAKOUT,SHORT,0.9825,3.333,0.9,0.1,0.0,2.0,262.4,0.1,0.222,0.45,False,True,False,False,False,False,True,1.111,4B_TRAP,False,True,AMBIG,262.3,spike,1.03,0.43,1.068,-1.068,-1.165,STOP,False,False,False
2026-08-25T14:05:00,NATURALGAS,2026-08-25,live_candles,HOLDOUT,CHOP,TRENDING,LONG,0.9167,2.667,0.875,0.0,0.125,1.441,262.4,0.5,1.029,0.4857,True,True,True,False,False,False,True,0.618,4B_TRAP,True,True,H1_CONT,262.9,early,0.824,0.42,0.364,-1.092,-1.214,STOP,False,False,False
2026-08-25T14:35:00,NATURALGAS,2026-08-25,live_candles,HOLDOUT,CHOP,FAILED_BREAKOUT,SHORT,0.9848,3.333,1.0,0.0,0.0,1.972,262.02,0.02,0.039,0.5071,False,False,False,False,True,True,True,0.158,4B_TRAP,False,True,H7_TRAP,262.0,spike,1.03,1.07,0.777,-1.359,-1.456,STOP,False,False,False
2026-08-25T15:15:00,NATURALGAS,2026-08-25,live_candles,HOLDOUT,CHOP,TRENDING,LONG,0.9054,2.333,1.0,0.0,0.0,1.508,261.9,0.3,0.646,0.4643,True,True,False,False,False,True,True,0.862,4A_CONT,False,False,H7_TRAP,262.2,early,0.721,1.14,3.051,-0.971,2.861,T3,True,True,False
2026-08-25T15:25:00,NATURALGAS,2026-08-25,live_candles,HOLDOUT,CHOP,TRENDING,SHORT,0.9868,3.333,1.0,0.0,0.0,1.972,261.63,0.13,0.256,0.5071,False,False,False,False,True,True,True,1.913,4B_TRAP,False,True,H7_TRAP,261.5,spike,1.03,0.29,0.0,-1.359,-1.456,STOP,False,False,False
2026-08-25T15:30:00,NATURALGAS,2026-08-25,live_candles,HOLDOUT,CHOP,TRENDING,LONG,0.9091,2.667,1.0,0.0,0.0,1.514,261.9,0.5,0.946,0.5286,True,True,True,True,False,False,False,0.0,4B_TRAP,True,False,H1_CONT,262.4,early,0.824,0.57,2.427,-1.82,-1.942,STOP,True,False,False
2026-08-25T16:35:00,NATURALGAS,2026-08-25,live_candles,HOLDOUT,CHOP,FAILED_BREAKOUT,SHORT,0.9,2.333,0.4286,0.0,0.5714,0.609,262.8,0.1,0.203,0.4929,False,True,False,False,False,True,True,0.609,4B_TRAP,False,True,H7_TRAP,262.7,early,0.321,3.33,0.623,-1.558,-1.869,STOP,False,False,False
2026-08-25T17:05:00,NATURALGAS,2026-08-25,live_candles,HOLDOUT,CHOP,FAILED_BREAKOUT,LONG,0.9375,3.0,0.8889,0.1111,0.0,1.455,263.4,0.2,0.364,0.55,True,False,False,False,True,True,True,0.364,4B_TRAP,False,True,H7_TRAP,263.6,spike,0.827,1.21,0.967,-2.177,-2.297,STOP,False,False,False
2026-08-25T17:25:00,NATURALGAS,2026-08-25,live_candles,HOLDOUT,CHOP,FAILED_BREAKDOWN,SHORT,0.99,3.667,0.9091,0.0909,0.0,1.429,262.02,0.22,0.314,0.7,False,True,True,True,False,False,False,0.0,4A_CONT,False,False,AMBIG,261.8,early,1.133,0.79,3.089,-0.971,2.912,T3,True,True,False
2026-08-25T17:35:00,NATURALGAS,2026-08-25,live_candles,HOLDOUT,CHOP,TRENDING,SHORT,1.0,5.0,0.8667,0.0,0.1333,1.67,262.02,0.42,0.539,0.7786,False,True,True,True,False,False,False,0.0,4B_TRAP,False,False,AMBIG,261.6,early,1.345,0.52,2.454,-1.264,-1.338,STOP,True,False,False
2026-08-25T17:45:00,NATURALGAS,2026-08-25,live_candles,HOLDOUT,CHOP,TRENDING,SHORT,0.9712,3.333,0.9,0.0,0.1,1.145,260.9,0.4,0.509,0.7857,False,False,False,False,True,True,True,0.127,4B_TRAP,False,True,H7_TRAP,260.5,spike,0.93,,0.215,-1.29,-1.398,STOP,False,False,False
2026-08-25T17:55:00,NATURALGAS,2026-08-25,live_candles,HOLDOUT,CHOP,TRENDING,SHORT,0.9057,3.0,0.1111,0.8889,0.0,0.119,260.9,0.1,0.119,0.8429,True,True,True,True,False,False,False,0.0,4B_TRAP,False,False,H1_WEAK,260.8,early,0.927,0.54,2.697,-1.187,-1.294,STOP,True,False,False
2026-08-25T18:00:00,NATURALGAS,2026-08-25,live_candles,HOLDOUT,CHOP,TRENDING,SHORT,1.0,6.667,1.0,0.0,0.0,2.105,260.3,1.6,1.684,0.95,False,True,True,True,False,False,False,0.0,4B_TRAP,False,False,AMBIG,258.7,early,2.06,,0.194,-1.117,-1.165,STOP,False,False,False
2026-08-25T18:10:00,NATURALGAS,2026-08-25,live_candles,HOLDOUT,CHOP,TRENDING,LONG,0.9083,3.0,0.6667,0.3333,0.0,0.618,259.3,0.0,0.0,0.9714,False,False,False,False,True,True,True,1.029,4B_TRAP,False,True,H7_TRAP,259.3,spike,0.627,3.83,0.0,-1.595,-1.754,STOP,False,False,False
2026-08-25T18:35:00,NATURALGAS,2026-08-25,live_candles,HOLDOUT,CHOP,TRENDING,LONG,0.9825,3.0,1.0,0.0,0.0,1.323,259.6,0.6,0.661,0.9071,True,True,False,False,False,True,True,0.22,4B_TRAP,False,True,H7_TRAP,260.2,spike,1.236,2.55,0.243,-1.133,-1.214,STOP,False,False,False
2026-08-25T18:55:00,NATURALGAS,2026-08-25,live_candles,HOLDOUT,CHOP,TRENDING,SHORT,0.9576,2.5,1.0,0.0,0.0,1.138,259.6,0.1,0.114,0.8786,True,True,True,True,False,False,False,0.0,4B_TRAP,True,False,H1_CONT,259.5,spike,1.03,0.29,0.777,-1.456,-1.553,STOP,False,False,False
2026-08-25T22:15:00,NATURALGAS,2026-08-25,live_candles,HOLDOUT,CHOP,FAILED_BREAKDOWN,SHORT,0.9241,2.25,1.0,0.0,0.0,1.615,265.4,0.5,0.897,0.5571,True,True,True,True,False,False,False,0.0,4X_AMBIG,True,False,H1_CONT,264.9,early,0.927,2.27,0.647,-0.755,-0.324,EOD,False,False,False
2026-08-26T10:05:00,NATURALGAS,2026-08-26,live_candles,HOLDOUT,TREND_UP,OPENING_DRIVE,LONG,0.9231,1.333,1.0,0.0,0.0,1.143,268.9,0.2,0.571,0.35,True,True,True,False,False,False,True,2.0,4B_TRAP,True,True,H1_CONT,269.1,spike,0.412,0.73,0.0,-2.427,-2.67,STOP,False,False,False
2026-08-26T10:20:00,NATURALGAS,2026-08-26,live_candles,HOLDOUT,TREND_UP,OPENING_DRIVE,SHORT,1.0,2.667,0.875,0.0,0.125,1.885,268.6,0.4,1.077,0.3714,False,True,True,True,False,False,False,0.0,4B_TRAP,False,False,AMBIG,268.2,early,0.724,,1.519,-1.105,-1.243,STOP,False,False,False
2026-08-26T11:10:00,NATURALGAS,2026-08-26,live_candles,HOLDOUT,TREND_UP,FAILED_BREAKOUT,SHORT,0.9615,2.0,0.3333,0.6667,0.0,0.609,268.38,0.08,0.243,0.3286,False,True,True,True,False,False,False,0.0,4B_TRAP,False,False,AMBIG,268.3,spike,0.418,1.2,2.871,-1.196,-1.435,STOP,True,False,False
2026-08-26T11:20:00,NATURALGAS,2026-08-26,live_candles,HOLDOUT,TREND_UP,FAILED_BREAKOUT,SHORT,0.9286,1.667,0.0,0.6,0.4,0.0,268.28,-0.02,-0.06,0.3357,True,False,False,False,False,False,False,0.0,4A_CONT,False,False,AMBIG,268.3,spike,0.315,0.06,3.175,-0.635,2.683,T3,True,True,False
2026-08-26T12:00:00,NATURALGAS,2026-08-26,live_candles,HOLDOUT,TREND_UP,TRENDING,LONG,0.9444,1.667,1.0,0.0,0.0,1.373,268.0,0.1,0.275,0.3643,True,True,True,True,False,False,False,0.0,4B_TRAP,True,False,H1_CONT,268.1,early,0.515,1.59,0.971,-1.359,-1.553,STOP,False,False,False
2026-08-26T13:35:00,NATURALGAS,2026-08-26,live_candles,HOLDOUT,TREND_UP,TRENDING,LONG,0.9811,2.333,0.5714,0.4286,0.0,1.6,267.6,0.2,0.8,0.25,True,True,True,True,False,False,False,0.0,4A_CONT,True,False,H1_CONT,267.8,early,0.421,2.16,3.088,-0.475,2.762,T3,True,True,False
2026-08-26T13:50:00,NATURALGAS,2026-08-26,live_candles,HOLDOUT,TREND_UP,FAILED_BREAKOUT,LONG,0.9636,2.0,1.0,0.0,0.0,2.471,268.1,0.6,2.471,0.2429,False,True,True,False,False,False,True,1.235,4B_TRAP,False,True,AMBIG,268.7,early,0.618,0.02,0.162,-1.618,-1.78,STOP,False,False,False
2026-08-26T14:05:00,NATURALGAS,2026-08-26,live_candles,HOLDOUT,TREND_UP,FAILED_BREAKOUT,SHORT,0.9123,1.667,0.8,0.0,0.2,1.474,268.2,0.4,1.474,0.2714,True,True,True,True,False,False,False,0.0,4B_TRAP,True,False,H1_CONT,267.8,early,0.415,0.94,0.482,-2.169,-2.41,STOP,False,False,False
2026-08-26T14:25:00,NATURALGAS,2026-08-26,live_candles,HOLDOUT,TREND_UP,FAILED_BREAKOUT,LONG,0.918,1.667,0.8,0.2,0.0,1.366,268.2,-0.1,-0.341,0.2929,True,False,False,False,False,False,False,0.0,4A_CONT,False,False,AMBIG,268.1,early,0.415,0.24,3.373,0.0,2.759,T3,True,True,False
2026-08-26T16:30:00,NATURALGAS,2026-08-26,live_candles,HOLDOUT,TREND_UP,FAILED_BREAKDOWN,LONG,1.0,2.667,1.0,0.0,0.0,2.732,270.1,0.8,2.732,0.2929,True,True,True,True,False,False,False,0.0,4B_TRAP,True,False,H1_CONT,270.9,early,0.824,,2.791,-1.456,-1.578,STOP,True,False,False
2026-08-26T16:45:00,NATURALGAS,2026-08-26,live_candles,HOLDOUT,TREND_UP,TRENDING,LONG,0.9326,1.667,0.8,0.0,0.2,1.12,271.4,0.5,1.4,0.3571,False,True,True,True,False,False,False,0.0,4B_TRAP,False,False,AMBIG,271.9,early,0.515,,2.524,-1.165,-1.359,STOP,True,False,False
2026-08-26T16:55:00,NATURALGAS,2026-08-26,live_candles,HOLDOUT,TREND_UP,TRENDING,LONG,0.9341,1.667,1.0,0.0,0.0,1.296,272.0,0.1,0.259,0.3857,True,True,True,True,False,False,False,0.0,4B_TRAP,True,False,H1_CONT,272.1,spike,0.515,,2.136,-1.553,-1.748,STOP,True,False,False
2026-08-26T17:10:00,NATURALGAS,2026-08-26,live_candles,HOLDOUT,TREND_UP,TRENDING,LONG,0.9362,1.667,0.8,0.0,0.2,0.949,272.5,0.7,1.661,0.4214,False,False,False,False,True,True,True,2.847,4B_TRAP,False,True,H7_TRAP,273.2,spike,0.515,,0.0,-3.689,-3.883,STOP,False,False,False
2026-08-26T17:15:00,NATURALGAS,2026-08-26,live_candles,HOLDOUT,TREND_UP,TRENDING,SHORT,1.0,5.667,1.0,0.0,0.0,3.216,272.7,1.4,2.649,0.5286,True,True,True,True,False,False,False,0.0,4B_TRAP,True,False,H1_CONT,271.3,early,1.751,0.8,1.028,-1.199,-1.256,STOP,False,False,False
2026-08-26T17:35:00,NATURALGAS,2026-08-26,live_candles,HOLDOUT,TREND_UP,FAILED_BREAKDOWN,LONG,0.9899,3.0,0.2222,0.0,0.7778,0.311,269.07,2.13,3.313,0.6429,True,True,True,True,False,False,False,0.0,4B_TRAP,False,False,H1_WEAK,271.2,early,0.727,2.75,0.963,-2.063,-2.201,STOP,False,False,False
2026-08-26T17:40:00,NATURALGAS,2026-08-26,live_candles,HOLDOUT,TREND_UP,FAILED_BREAKOUT,LONG,0.94,2.0,1.0,0.0,0.0,0.966,271.6,0.3,0.483,0.6214,False,False,False,False,False,True,True,0.966,4B_TRAP,False,True,H7_TRAP,271.9,spike,0.618,2.1,0.0,-1.78,-1.942,STOP,False,False,False
2026-08-26T17:50:00,NATURALGAS,2026-08-26,live_candles,HOLDOUT,TREND_UP,FAILED_BREAKDOWN,SHORT,0.9412,2.0,0.6667,0.0,0.3333,0.622,271.6,0.6,0.933,0.6429,False,True,True,True,False,False,False,0.0,4A_CONT,False,False,AMBIG,271.0,early,0.418,1.2,3.11,-0.957,2.761,T3,True,True,False
2026-08-26T18:00:00,NATURALGAS,2026-08-26,live_candles,HOLDOUT,TREND_UP,FAILED_BREAKOUT,LONG,0.9423,2.0,0.5,0.0,0.5,0.483,271.1,0.3,0.483,0.6214,False,False,False,False,True,True,True,2.575,4B_TRAP,False,True,H7_TRAP,271.4,spike,0.618,0.81,0.0,-1.456,-1.618,STOP,False,False,False
2026-08-26T18:10:00,NATURALGAS,2026-08-26,live_candles,HOLDOUT,TREND_UP,FAILED_BREAKOUT,SHORT,0.9811,2.667,1.0,0.0,0.0,1.155,270.5,0.8,1.155,0.6929,True,True,True,False,False,False,True,0.433,4B_TRAP,True,True,H1_CONT,269.7,early,0.824,2.62,0.243,-1.335,-1.456,STOP,False,False,False
2026-08-26T18:15:00,NATURALGAS,2026-08-26,live_candles,HOLDOUT,TREND_UP,FAILED_BREAKOUT,SHORT,0.9439,2.333,0.4286,0.5714,0.0,0.416,269.7,0.2,0.277,0.7214,False,False,False,False,True,True,True,2.218,4B_TRAP,False,True,H7_TRAP,269.5,spike,0.721,2.88,0.0,-1.248,-1.387,STOP,False,False,False
2026-08-26T18:30:00,NATURALGAS,2026-08-26,live_candles,HOLDOUT,TREND_UP,FAILED_BREAKOUT,LONG,0.9455,2.333,0.7143,0.0,0.2857,0.778,270.8,0.5,0.778,0.6429,False,True,False,False,False,False,False,0.0,4B_TRAP,False,False,AMBIG,271.3,early,0.721,0.14,0.832,-1.248,-1.387,STOP,False,False,False
2026-08-26T18:40:00,NATURALGAS,2026-08-26,live_candles,HOLDOUT,TREND_UP,FAILED_BREAKOUT,SHORT,0.9107,2.0,0.8333,0.1667,0.0,0.737,271.2,0.4,0.589,0.6786,False,False,False,False,True,True,True,0.147,4B_TRAP,False,True,H7_TRAP,270.8,spike,0.618,0.32,0.0,-1.294,-1.456,STOP,False,False,False
2026-08-26T18:45:00,NATURALGAS,2026-08-26,live_candles,HOLDOUT,TREND_UP,FAILED_BREAKOUT,LONG,0.9204,2.0,0.5,0.5,0.0,0.457,271.4,-0.1,-0.152,0.6571,False,False,False,False,True,True,True,1.065,4B_TRAP,False,True,H7_TRAP,271.3,spike,0.318,1.89,0.943,-1.887,-2.201,STOP,False,False,False
2026-08-26T18:50:00,NATURALGAS,2026-08-26,live_candles,HOLDOUT,TREND_UP,FAILED_BREAKOUT,SHORT,0.9211,2.0,1.0,0.0,0.0,0.923,271.0,0.0,0.0,0.65,True,False,False,False,False,False,False,0.0,4B_TRAP,False,False,AMBIG,271.0,spike,0.618,0.32,0.971,-1.294,-1.456,STOP,False,False,False
2026-08-26T19:10:00,NATURALGAS,2026-08-26,live_candles,HOLDOUT,TREND_UP,FAILED_BREAKOUT,LONG,0.9915,3.0,0.7778,0.0,0.2222,1.054,271.6,0.2,0.301,0.6643,True,True,True,False,False,False,True,1.204,4B_TRAP,True,True,H1_CONT,271.8,spike,0.927,1.51,0.216,-1.079,-1.187,STOP,False,False,False
2026-08-26T19:25:00,NATURALGAS,2026-08-26,live_candles,HOLDOUT,TREND_UP,FAILED_BREAKDOWN,SHORT,0.9421,2.333,1.0,0.0,0.0,1.14,271.5,0.7,1.14,0.6143,True,True,False,False,False,False,True,0.326,4B_TRAP,True,True,H1_WEAK,270.8,early,0.721,0.55,0.277,-1.387,-1.526,STOP,False,False,False
2026-08-26T19:35:00,NATURALGAS,2026-08-26,live_candles,HOLDOUT,TREND_UP,FAILED_BREAKOUT,LONG,0.9837,3.0,0.7778,0.0,0.2222,1.153,271.0,0.5,0.824,0.6071,True,True,True,True,False,False,False,0.0,4A_CONT,True,False,H1_CONT,271.5,early,0.927,0.54,3.344,0.0,2.892,T3,True,True,False
2026-08-26T19:45:00,NATURALGAS,2026-08-26,live_candles,HOLDOUT,TREND_UP,FAILED_BREAKDOWN,LONG,0.968,2.667,0.875,0.125,0.0,1.181,272.0,0.5,0.843,0.5929,True,True,True,True,False,False,False,0.0,4A_CONT,True,False,H1_CONT,272.5,early,0.724,0.97,3.315,0.0,2.862,T3,True,True,False
2026-08-26T19:50:00,NATURALGAS,2026-08-26,live_candles,HOLDOUT,TREND_UP,TRENDING,LONG,0.9841,3.0,1.0,0.0,0.0,1.465,273.2,0.2,0.326,0.6143,True,True,True,True,False,False,False,0.0,4A_CONT,True,False,H1_CONT,273.4,early,0.927,,3.883,-0.324,2.892,T3,True,True,False
2026-08-26T20:05:00,NATURALGAS,2026-08-26,live_candles,HOLDOUT,TREND_UP,TRENDING,SHORT,0.9302,2.333,0.8571,0.1429,0.0,0.944,274.0,0.1,0.157,0.6357,False,False,False,False,False,False,False,0.0,4B_TRAP,False,False,AMBIG,273.9,spike,0.721,4.58,1.11,-1.387,-1.526,STOP,False,False,False
2026-08-26T20:10:00,NATURALGAS,2026-08-26,live_candles,HOLDOUT,TREND_UP,TRENDING,LONG,0.9154,2.333,0.5714,0.2857,0.1429,0.615,270.29,3.71,5.708,0.65,False,True,True,True,False,False,False,0.0,4B_TRAP,False,False,AMBIG,274.0,early,0.521,1.15,0.768,-1.727,-1.919,STOP,False,False,False
2026-08-26T20:45:00,NATURALGAS,2026-08-26,live_candles,HOLDOUT,TREND_UP,TRENDING,LONG,0.9927,3.667,0.9091,0.0909,0.0,1.505,274.6,0.2,0.301,0.6643,False,False,False,False,True,True,True,0.903,4B_TRAP,False,True,H7_TRAP,274.8,spike,1.033,,0.097,-1.258,-1.355,STOP,False,False,False
2026-08-26T20:55:00,NATURALGAS,2026-08-26,live_candles,HOLDOUT,TREND_UP,TRENDING,LONG,0.9784,3.0,0.0,0.3333,0.6667,0.0,270.77,3.33,4.709,0.7071,False,True,True,True,False,False,False,0.0,4B_TRAP,False,False,AMBIG,274.1,early,0.627,1.28,0.319,-1.276,-1.435,STOP,False,False,False
2026-08-26T22:00:00,NATURALGAS,2026-08-26,live_candles,HOLDOUT,TREND_UP,TRENDING,LONG,0.9934,3.667,1.0,0.0,0.0,1.949,273.7,0.7,1.241,0.5643,False,True,True,True,False,False,False,0.0,4A_CONT,False,False,AMBIG,274.4,early,1.133,0.44,3.089,-0.353,2.912,T3,True,True,False
2026-08-26T22:30:00,NATURALGAS,2026-08-26,live_candles,HOLDOUT,TREND_UP,TRENDING,LONG,0.9937,4.333,0.9231,0.0769,0.0,2.27,275.0,1.0,1.892,0.5286,True,True,True,True,False,False,False,0.0,4X_AMBIG,True,False,H1_CONT,276.0,early,1.239,,1.937,-0.807,-0.646,EOD,False,False,False
2026-08-26T22:35:00,NATURALGAS,2026-08-26,live_candles,HOLDOUT,TREND_UP,TRENDING,LONG,0.9371,2.667,0.375,0.5,0.125,0.538,276.1,0.5,0.897,0.5571,True,True,False,False,False,True,True,0.179,4B_TRAP,False,True,H7_TRAP,276.6,early,0.424,,0.708,-1.415,-1.651,STOP,False,False,False
2026-08-26T22:50:00,NATURALGAS,2026-08-26,live_candles,HOLDOUT,TREND_UP,TRENDING,LONG,0.9877,3.143,0.7273,0.2727,0.0,1.191,277.0,0.0,0.0,0.6714,True,False,False,False,False,False,False,0.0,4B_TRAP,False,False,AMBIG,277.0,spike,0.833,,1.681,-1.801,-1.921,STOP,False,False,False
2026-08-26T22:55:00,NATURALGAS,2026-08-26,live_candles,HOLDOUT,TREND_UP,TRENDING,LONG,0.9693,2.5,0.8,0.1,0.1,1.131,277.3,0.5,0.707,0.7071,False,True,True,True,False,False,False,0.0,4B_TRAP,False,False,AMBIG,277.8,early,0.93,,0.645,-2.473,-2.581,STOP,False,False,False
2026-08-26T23:10:00,NATURALGAS,2026-08-26,live_candles,HOLDOUT,TREND_UP,TRENDING,LONG,0.9699,2.5,0.4,0.0,0.6,0.583,277.9,0.1,0.146,0.6857,False,False,False,False,True,True,True,4.229,4B_TRAP,False,True,H7_TRAP,278.0,spike,0.63,,0.0,-1.429,-1.587,STOP,False,False,False
2026-08-26T23:20:00,NATURALGAS,2026-08-26,live_candles,HOLDOUT,TREND_UP,TRENDING,SHORT,0.994,3.75,0.8667,0.0,0.1333,1.556,277.1,1.4,1.675,0.8357,True,True,True,True,False,False,False,0.0,4X_AMBIG,True,False,H1_CONT,275.7,early,1.345,6.3,0.52,-0.297,0.372,EOD,False,False,False
2026-09-02T04:30:00Z,NATURALGAS,2026-09-02,zerohero,HOLDOUT,CHOP,TRENDING,SHORT,0.9167,1.667,0.8,0.0,0.2,0.776,280.3,0.2,0.388,0.5154,False,True,False,False,False,True,True,0.388,4B_TRAP,False,True,H7_TRAP,280.1,early,0.415,3.86,0.482,-1.205,-1.446,STOP,False,False,False
2026-09-02T04:40:00Z,NATURALGAS,2026-09-02,zerohero,HOLDOUT,CHOP,TRENDING,LONG,0.9286,1.667,0.6,0.4,0.0,0.875,280.2,0.2,0.583,0.3429,False,True,True,True,False,False,False,0.0,4A_CONT,False,False,AMBIG,280.4,early,0.315,1.9,4.444,-0.635,2.683,T3,True,True,False
2026-09-02T05:05:00Z,NATURALGAS,2026-09-02,zerohero,HOLDOUT,CHOP,TRENDING,LONG,0.9474,1.667,0.8,0.0,0.2,1.167,280.7,0.2,0.583,0.3429,False,True,False,False,False,False,False,0.0,4B_TRAP,False,False,AMBIG,280.9,spike,0.515,0.04,0.388,-1.165,-1.359,STOP,False,False,False
2026-09-02T05:40:00Z,NATURALGAS,2026-09-02,zerohero,HOLDOUT,CHOP,TRENDING,SHORT,0.9615,2.0,0.8333,0.0,0.1667,1.667,280.9,0.3,1.0,0.3,False,True,True,True,False,False,False,0.0,4B_TRAP,False,False,AMBIG,280.6,early,0.518,0.39,0.579,-2.317,-2.51,STOP,False,False,False
2026-09-02T06:35:00Z,NATURALGAS,2026-09-02,zerohero,HOLDOUT,CHOP,TRENDING,SHORT,0.9459,2.0,0.5,0.1667,0.3333,0.808,280.8,-0.1,-0.269,0.3714,False,False,False,False,True,True,True,1.077,4A_CONT,False,False,H7_TRAP,280.9,spike,0.418,0.93,3.11,-0.957,2.761,T3,True,True,False
2026-09-02T06:55:00Z,NATURALGAS,2026-09-02,zerohero,HOLDOUT,CHOP,TRENDING,SHORT,0.9512,2.0,1.0,0.0,0.0,1.5,280.53,0.13,0.325,0.4,False,True,True,True,False,False,False,0.0,4B_TRAP,False,False,AMBIG,280.4,spike,0.618,3.07,1.294,-1.133,-1.294,STOP,False,False,False
2026-09-02T07:55:00Z,NATURALGAS,2026-09-02,zerohero,HOLDOUT,CHOP,TRENDING,SHORT,0.9057,2.0,0.8333,0.1667,0.0,1.4,280.3,0.2,0.56,0.3571,True,True,True,True,False,False,False,0.0,4B_TRAP,True,False,H1_CONT,280.1,spike,0.618,2.59,0.809,-1.133,-1.294,STOP,False,False,False
2026-09-02T08:20:00Z,NATURALGAS,2026-09-02,zerohero,HOLDOUT,CHOP,TRENDING,LONG,0.9655,2.0,1.0,0.0,0.0,1.68,280.4,0.4,1.12,0.3571,True,True,True,False,False,False,False,0.0,4B_TRAP,True,False,H1_CONT,280.8,early,0.618,0.23,0.647,-1.133,-1.294,STOP,False,False,False
2026-09-02T09:40:00Z,NATURALGAS,2026-09-02,zerohero,HOLDOUT,CHOP,TRENDING,LONG,0.973,2.0,0.8333,0.1667,0.0,1.458,280.87,0.13,0.379,0.3429,False,False,False,False,True,True,True,0.787,4B_TRAP,False,True,H7_TRAP,281.0,spike,0.518,1.54,0.386,-1.737,-1.931,STOP,False,False,False
2026-09-02T10:10:00Z,NATURALGAS,2026-09-02,zerohero,HOLDOUT,CHOP,TRENDING,SHORT,0.975,2.0,0.0,0.8333,0.1667,0.0,280.5,-0.1,-0.298,0.3357,False,False,False,False,True,True,True,0.596,4B_TRAP,False,True,H7_TRAP,280.6,spike,0.518,0.19,1.351,-1.737,-1.931,STOP,False,False,False
2026-09-02T10:20:00Z,NATURALGAS,2026-09-02,zerohero,HOLDOUT,CHOP,TRENDING,SHORT,0.9024,2.0,0.8333,0.1667,0.0,1.489,280.32,0.22,0.655,0.3357,False,True,False,False,False,True,True,1.132,4B_TRAP,False,True,H7_TRAP,280.1,spike,0.618,2.59,0.324,-1.294,-1.456,STOP,False,False,False
2026-09-02T10:30:00Z,NATURALGAS,2026-09-02,zerohero,HOLDOUT,CHOP,OPENING_DRIVE,LONG,0.9881,3.333,0.6,0.2,0.2,1.527,280.87,-0.17,-0.433,0.3929,False,False,False,False,True,True,True,1.451,4B_TRAP,False,True,H7_TRAP,280.7,spike,0.83,0.2,1.084,-1.928,-2.048,STOP,False,False,False
2026-09-02T10:45:00Z,NATURALGAS,2026-09-02,zerohero,HOLDOUT,CHOP,TRENDING,LONG,0.9885,4.0,0.75,0.25,0.0,1.881,280.9,0.3,0.627,0.4786,False,True,False,False,False,True,True,1.672,4B_TRAP,False,True,H7_TRAP,281.2,early,0.936,0.64,0.427,-1.068,-1.175,STOP,False,False,False
2026-09-02T10:55:00Z,NATURALGAS,2026-09-02,zerohero,HOLDOUT,CHOP,TRENDING,SHORT,0.9888,4.333,0.6154,0.2308,0.1538,1.514,280.3,-0.1,-0.189,0.5286,True,False,False,False,False,False,False,0.0,4B_TRAP,False,False,AMBIG,280.4,spike,1.139,0.07,2.809,-1.141,-1.229,STOP,True,False,False
2026-09-02T11:10:00Z,NATURALGAS,2026-09-02,zerohero,HOLDOUT,CHOP,OPENING_DRIVE,SHORT,0.9891,5.0,0.6667,0.2667,0.0667,1.556,280.1,0.9,1.4,0.6429,False,True,True,True,False,False,False,0.0,4B_TRAP,False,False,AMBIG,279.2,early,1.445,0.48,1.384,-1.107,-1.176,STOP,False,False,False
2026-09-02T11:20:00Z,NATURALGAS,2026-09-02,zerohero,HOLDOUT,CHOP,OPENING_DRIVE,SHORT,0.9362,3.0,0.3333,0.5556,0.1111,0.429,280.1,1.1,1.571,0.7,True,True,True,True,False,False,False,0.0,4B_TRAP,False,False,H1_WEAK,279.0,early,0.827,0.6,0.846,-1.33,-1.451,STOP,False,False,False
2026-09-02T11:25:00Z,NATURALGAS,2026-09-02,zerohero,HOLDOUT,CHOP,OPENING_DRIVE,SHORT,0.9158,2.333,0.4286,0.0,0.5714,0.412,278.5,-0.2,-0.275,0.7286,False,False,False,False,True,True,True,2.059,4B_TRAP,False,True,H7_TRAP,278.7,spike,0.321,0.62,1.246,-1.558,-1.869,STOP,False,False,False
2026-09-02T11:30:00Z,NATURALGAS,2026-09-02,zerohero,HOLDOUT,CHOP,OPENING_DRIVE,LONG,0.9271,3.0,0.1111,0.4444,0.4444,0.133,279.0,-0.2,-0.267,0.75,True,False,False,False,False,False,False,0.0,4B_TRAP,False,False,AMBIG,278.8,spike,0.527,1.9,2.657,-1.328,-1.518,STOP,True,False,False
2026-09-02T11:35:00Z,NATURALGAS,2026-09-02,zerohero,HOLDOUT,CHOP,OPENING_DRIVE,LONG,0.9588,3.333,0.9,0.0,0.1,1.125,279.2,0.2,0.25,0.8,True,True,False,False,False,False,True,1.125,4B_TRAP,True,True,H1_WEAK,279.4,spike,1.03,0.39,0.777,-1.262,-1.359,STOP,False,False,False
2026-09-02T11:40:00Z,NATURALGAS,2026-09-02,zerohero,HOLDOUT,CHOP,OPENING_DRIVE,LONG,0.9286,2.571,0.6667,0.1111,0.2222,0.757,279.8,0.2,0.252,0.7929,False,False,False,False,True,True,True,2.775,4B_TRAP,False,True,H7_TRAP,280.0,spike,0.827,1.08,0.242,-2.297,-2.418,STOP,False,False,False
2026-09-02T11:45:00Z,NATURALGAS,2026-09-02,zerohero,HOLDOUT,CHOP,OPENING_DRIVE,SHORT,0.9596,2.5,0.8,0.2,0.0,0.949,279.2,0.0,0.0,0.8429,True,False,False,False,False,False,False,0.0,4B_TRAP,False,False,AMBIG,279.2,spike,1.03,0.87,1.942,-1.553,-1.65,STOP,False,False,False
2026-09-02T11:50:00Z,NATURALGAS,2026-09-02,zerohero,HOLDOUT,CHOP,OPENING_DRIVE,SHORT,0.99,4.5,0.6111,0.2778,0.1111,1.158,278.3,0.0,0.0,0.95,True,False,False,False,False,False,False,0.0,4B_TRAP,False,False,AMBIG,278.3,spike,1.654,,0.665,-1.028,-1.088,STOP,False,False,False
2026-09-02T11:55:00Z,NATURALGAS,2026-09-02,zerohero,HOLDOUT,CHOP,OPENING_DRIVE,SHORT,0.9703,3.5,0.5,0.3571,0.1429,0.726,278.1,0.5,0.519,0.9643,False,False,False,False,True,True,True,1.556,4B_TRAP,False,True,H7_TRAP,277.6,spike,1.242,,0.322,-1.691,-1.771,STOP,False,False,False
2026-09-02T12:10:00Z,NATURALGAS,2026-09-02,zerohero,HOLDOUT,CHOP,OPENING_DRIVE,LONG,0.9904,4.75,0.9474,0.0526,0.0,1.647,278.2,1.4,1.281,1.0929,False,True,True,True,False,False,False,0.0,4B_TRAP,False,False,AMBIG,279.6,early,1.857,0.32,0.215,-1.131,-1.185,STOP,False,False,False
2026-09-02T12:45:00Z,NATURALGAS,2026-09-02,zerohero,HOLDOUT,CHOP,OPENING_DRIVE,SHORT,0.973,3.75,0.7333,0.2667,0.0,1.048,279.1,0.6,0.571,1.05,True,True,True,True,False,False,False,0.0,4B_TRAP,True,False,H1_CONT,278.5,spike,1.545,0.84,0.777,-1.489,-1.553,STOP,False,False,False
2026-09-02T12:50:00Z,NATURALGAS,2026-09-02,zerohero,HOLDOUT,CHOP,OPENING_DRIVE,SHORT,0.9196,2.5,0.2,0.5,0.3,0.189,278.5,0.1,0.095,1.0571,True,True,True,True,False,False,False,0.0,4B_TRAP,False,False,H1_WEAK,278.4,spike,0.73,1.64,1.507,-1.644,-1.781,STOP,False,False,False
2026-09-02T12:55:00Z,NATURALGAS,2026-09-02,zerohero,HOLDOUT,CHOP,OPENING_DRIVE,SHORT,0.9204,2.5,0.8,0.0,0.2,0.757,278.1,0.4,0.378,1.0571,False,False,False,False,True,True,True,0.473,4B_TRAP,False,True,H7_TRAP,277.7,spike,0.83,0.6,0.0,-1.205,-1.325,STOP,False,False,False
2026-09-02T13:00:00Z,NATURALGAS,2026-09-02,zerohero,HOLDOUT,CHOP,OPENING_DRIVE,LONG,0.9211,2.5,0.2,0.4,0.4,0.2,278.5,-0.2,-0.2,1.0,True,False,False,False,True,True,True,0.1,4B_TRAP,False,True,H7_TRAP,278.3,spike,0.63,2.7,0.159,-1.587,-1.746,STOP,False,False,False
2026-09-02T13:15:00Z,NATURALGAS,2026-09-02,zerohero,HOLDOUT,CHOP,OPENING_DRIVE,SHORT,0.9145,2.5,0.4,0.6,0.0,0.421,280.12,1.12,1.179,0.95,False,True,True,True,False,False,False,0.0,4B_TRAP,False,False,AMBIG,279.0,early,0.63,2.7,1.905,-2.857,-3.016,STOP,False,False,False
2026-09-02T13:25:00Z,NATURALGAS,2026-09-02,zerohero,HOLDOUT,CHOP,OPENING_DRIVE,SHORT,0.9412,3.0,0.75,0.1667,0.0833,1.008,278.8,0.4,0.448,0.8929,False,False,False,False,True,True,True,0.448,4B_TRAP,False,True,H7_TRAP,278.4,spike,1.136,0.97,0.0,-1.056,-1.144,STOP,False,False,False
2026-09-02T13:30:00Z,NATURALGAS,2026-09-02,zerohero,HOLDOUT,CHOP,OPENING_DRIVE,LONG,0.925,2.75,0.6364,0.3636,0.0,0.754,279.6,-0.4,-0.431,0.9286,False,False,False,False,True,True,True,1.723,4B_TRAP,False,True,H7_TRAP,279.2,spike,0.733,0.55,0.0,-1.501,-1.637,STOP,False,False,False
2026-09-02T13:35:00Z,NATURALGAS,2026-09-02,zerohero,HOLDOUT,CHOP,OPENING_DRIVE,SHORT,0.9008,2.5,0.8,0.0,0.2,0.848,278.3,0.0,0.0,0.9429,True,False,False,False,False,True,True,0.742,4B_TRAP,False,True,H7_TRAP,278.3,spike,0.83,1.33,0.602,-1.325,-1.446,STOP,False,False,False
2026-09-02T14:10:00Z,NATURALGAS,2026-09-02,zerohero,HOLDOUT,CHOP,OPENING_DRIVE,LONG,0.9531,3.25,0.7692,0.1538,0.0769,1.111,279.6,1.0,1.111,0.9,False,True,False,False,False,True,True,0.111,4B_TRAP,False,True,H7_TRAP,280.6,early,1.139,0.51,0.263,-1.229,-1.317,STOP,False,False,False
2026-09-02T14:20:00Z,NATURALGAS,2026-09-02,zerohero,HOLDOUT,CHOP,OPENING_DRIVE,SHORT,0.9231,2.75,0.6364,0.0909,0.2727,0.766,279.93,0.43,0.47,0.9143,False,True,True,False,False,False,True,0.295,4B_TRAP,False,True,AMBIG,279.5,early,0.833,1.08,0.72,-1.2,-1.321,STOP,False,False,False
2026-09-02T14:35:00Z,NATURALGAS,2026-09-02,zerohero,HOLDOUT,CHOP,OPENING_DRIVE,LONG,0.9549,3.25,0.8462,0.0769,0.0769,1.232,279.5,0.7,0.784,0.8929,False,True,True,True,False,False,False,0.0,4B_TRAP,False,False,AMBIG,280.2,early,1.239,0.56,1.614,-1.211,-1.291,STOP,False,False,False
2026-09-02T14:50:00Z,NATURALGAS,2026-09-02,zerohero,HOLDOUT,CHOP,OPENING_DRIVE,LONG,0.9338,2.4,0.9167,0.0833,0.0,1.242,281.27,-0.07,-0.079,0.8857,True,False,False,False,False,True,True,0.192,4B_TRAP,False,True,H7_TRAP,281.2,spike,1.136,0.06,0.88,-1.761,-1.849,STOP,False,False,False
2026-09-02T16:50:00Z,NATURALGAS,2026-09-02,zerohero,HOLDOUT,CHOP,TRENDING,SHORT,0.9625,2.8,0.9286,0.0714,0.0,2.193,281.3,1.2,2.024,0.5929,True,True,True,True,False,False,False,0.0,4X_AMBIG,True,False,H1_CONT,280.1,early,1.442,0.1,1.04,-0.069,0.693,EOD,False,False,False
2026-09-03T05:40:00Z,NATURALGAS,2026-09-03,zerohero,HOLDOUT,TREND_DOWN,OPENING_DRIVE,LONG,0.9615,1.714,0.8333,0.0,0.1667,1.489,284.8,0.3,0.894,0.3357,False,True,False,False,False,False,True,0.298,4B_TRAP,False,True,AMBIG,285.1,early,0.618,0.68,0.647,-1.294,-1.456,STOP,False,False,False
2026-09-03T06:00:00Z,NATURALGAS,2026-09-03,zerohero,HOLDOUT,TREND_DOWN,TRENDING,LONG,0.9333,1.429,0.2,0.4,0.4,0.286,285.0,-0.2,-0.571,0.35,False,False,False,False,True,True,True,0.857,4B_TRAP,False,True,H7_TRAP,284.8,spike,0.315,0.95,2.222,-1.587,-1.905,STOP,True,False,False
2026-09-03T06:10:00Z,NATURALGAS,2026-09-03,zerohero,HOLDOUT,TREND_DOWN,TRENDING,LONG,0.9375,1.429,0.8,0.2,0.0,1.12,285.0,0.1,0.28,0.3571,False,True,True,True,False,False,False,0.0,4B_TRAP,False,False,AMBIG,285.1,spike,0.415,0.67,0.964,-1.928,-2.169,STOP,False,False,False
2026-09-03T06:30:00Z,NATURALGAS,2026-09-03,zerohero,HOLDOUT,TREND_DOWN,TRENDING,SHORT,0.9722,2.667,0.5,0.125,0.375,1.077,285.2,0.2,0.538,0.3714,True,True,True,True,False,False,False,0.0,4A_CONT,False,False,H1_WEAK,285.0,early,0.524,0.73,3.244,-0.191,2.809,T3,True,True,False
2026-09-03T06:40:00Z,NATURALGAS,2026-09-03,zerohero,HOLDOUT,TREND_DOWN,TRENDING,SHORT,0.9211,1.429,0.8,0.0,0.2,0.982,284.62,0.22,0.54,0.4071,False,True,True,True,False,False,False,0.0,4A_CONT,False,False,AMBIG,284.4,early,0.415,2.65,3.133,-0.241,2.759,T3,True,True,False
2026-09-03T07:00:00Z,NATURALGAS,2026-09-03,zerohero,HOLDOUT,TREND_DOWN,OPENING_DRIVE,SHORT,0.9524,2.286,0.75,0.25,0.0,1.474,284.1,0.5,1.228,0.4071,True,True,True,True,False,False,False,0.0,4B_TRAP,True,False,H1_CONT,283.6,early,0.824,0.36,1.82,-1.092,-1.214,STOP,False,False,False
2026-09-03T07:05:00Z,NATURALGAS,2026-09-03,zerohero,HOLDOUT,TREND_DOWN,OPENING_DRIVE,SHORT,0.907,1.5,0.6667,0.3333,0.0,0.933,283.3,0.0,0.0,0.4286,True,False,False,False,False,True,True,0.233,4B_TRAP,False,True,H7_TRAP,283.3,spike,0.618,,1.942,-1.456,-1.618,STOP,False,False,False
2026-09-03T07:15:00Z,NATURALGAS,2026-09-03,zerohero,HOLDOUT,TREND_DOWN,OPENING_DRIVE,LONG,0.9778,2.0,0.25,0.25,0.5,0.424,283.6,-0.2,-0.424,0.4714,False,False,False,False,True,True,True,0.848,4B_TRAP,False,True,H7_TRAP,283.4,spike,0.624,1.6,0.641,-1.442,-1.603,STOP,False,False,False
2026-09-03T07:20:00Z,NATURALGAS,2026-09-03,zerohero,HOLDOUT,TREND_DOWN,OPENING_DRIVE,SHORT,0.9783,2.0,0.375,0.375,0.25,0.609,284.1,0.9,1.826,0.4929,False,True,True,True,False,False,False,0.0,4B_TRAP,False,False,AMBIG,283.2,early,0.624,0.64,1.763,-1.603,-1.763,STOP,False,False,False
2026-09-03T07:45:00Z,NATURALGAS,2026-09-03,zerohero,HOLDOUT,TREND_DOWN,OPENING_DRIVE,SHORT,0.902,1.75,0.8571,0.1429,0.0,1.135,282.8,0.3,0.568,0.5286,False,True,True,False,False,False,True,0.189,4B_TRAP,False,True,AMBIG,282.5,spike,0.721,,0.555,-1.11,-1.248,STOP,False,False,False
2026-09-03T08:00:00Z,NATURALGAS,2026-09-03,zerohero,HOLDOUT,TREND_DOWN,OPENING_DRIVE,LONG,0.9074,1.75,0.0,0.1429,0.8571,0.0,282.8,0.1,0.187,0.5357,False,False,False,False,False,False,False,0.0,4B_TRAP,False,False,AMBIG,282.9,spike,0.621,0.48,0.483,-1.288,-1.449,STOP,False,False,False
2026-09-03T09:45:00Z,NATURALGAS,2026-09-03,zerohero,HOLDOUT,TREND_DOWN,OPENING_DRIVE,SHORT,0.9333,1.75,0.7143,0.1429,0.1429,1.429,283.1,0.1,0.286,0.35,False,False,False,False,True,True,True,1.143,4B_TRAP,False,True,H7_TRAP,283.0,spike,0.621,0.32,0.966,-1.127,-1.288,STOP,False,False,False
2026-09-03T10:35:00Z,NATURALGAS,2026-09-03,zerohero,HOLDOUT,TREND_DOWN,OPENING_DRIVE,LONG,0.9294,1.75,0.1429,0.1429,0.7143,0.233,283.5,0.1,0.233,0.4286,True,True,True,True,False,False,False,0.0,4A_CONT,False,False,H1_WEAK,283.6,spike,0.621,2.0,3.06,-0.161,2.839,T3,True,True,False
2026-09-03T10:40:00Z,NATURALGAS,2026-09-03,zerohero,HOLDOUT,TREND_DOWN,OPENING_DRIVE,LONG,0.9302,1.75,0.8571,0.1429,0.0,1.292,283.7,0.4,0.862,0.4643,False,True,True,True,False,False,False,0.0,4B_TRAP,False,False,AMBIG,284.1,early,0.621,1.19,2.254,-1.771,-1.932,STOP,True,False,False
2026-09-03T11:00:00Z,NATURALGAS,2026-09-03,zerohero,HOLDOUT,TREND_DOWN,TRENDING,SHORT,0.9889,3.25,0.6154,0.3077,0.0769,1.514,284.6,0.3,0.568,0.5286,True,True,True,True,False,False,False,0.0,4A_CONT,True,False,H1_CONT,284.3,spike,1.239,1.05,3.148,-0.969,2.919,T3,True,True,False
2026-09-03T11:05:00Z,NATURALGAS,2026-09-03,zerohero,HOLDOUT,TREND_DOWN,OPENING_DRIVE,SHORT,0.978,2.5,0.6,0.2,0.2,1.063,284.2,0.4,0.709,0.5643,True,True,True,True,False,False,False,0.0,4B_TRAP,True,False,H1_CONT,283.8,early,0.83,0.96,1.325,-1.084,-1.205,STOP,False,False,False
2026-09-03T11:10:00Z,NATURALGAS,2026-09-03,zerohero,HOLDOUT,TREND_DOWN,OPENING_DRIVE,SHORT,0.9674,2.0,0.625,0.125,0.25,0.854,283.0,-0.2,-0.341,0.5857,False,False,False,False,True,True,True,1.707,4B_TRAP,False,True,H7_TRAP,283.2,spike,0.624,0.32,0.321,-1.763,-1.923,STOP,False,False,False
2026-09-03T11:30:00Z,NATURALGAS,2026-09-03,zerohero,HOLDOUT,TREND_DOWN,OPENING_DRIVE,SHORT,0.9062,1.75,0.4286,0.4286,0.1429,0.462,283.7,-0.1,-0.154,0.65,True,False,False,False,False,True,True,0.769,4B_TRAP,False,True,H7_TRAP,283.8,spike,0.621,1.29,0.805,-1.288,-1.449,STOP,False,False,False
2026-09-03T11:35:00Z,NATURALGAS,2026-09-03,zerohero,HOLDOUT,TREND_DOWN,OPENING_DRIVE,SHORT,0.9072,1.75,0.4286,0.4286,0.1429,0.447,283.7,0.3,0.447,0.6714,False,False,False,False,True,True,True,0.745,4B_TRAP,False,True,H7_TRAP,283.4,spike,0.621,0.64,0.0,-1.449,-1.61,STOP,False,False,False
2026-09-03T11:40:00Z,NATURALGAS,2026-09-03,zerohero,HOLDOUT,TREND_DOWN,OPENING_DRIVE,LONG,0.9694,2.25,0.8889,0.1111,0.0,1.131,284.0,0.2,0.283,0.7071,False,False,False,False,False,True,True,0.99,4B_TRAP,False,True,H7_TRAP,284.2,spike,0.827,0.24,0.484,-1.814,-1.935,STOP,False,False,False
2026-09-03T11:55:00Z,NATURALGAS,2026-09-03,zerohero,HOLDOUT,TREND_DOWN,OPENING_DRIVE,SHORT,0.9802,3.0,0.4167,0.0833,0.5,0.66,283.3,0.0,0.0,0.7571,False,False,False,False,True,True,True,2.113,4B_TRAP,False,True,H7_TRAP,283.3,spike,0.636,1.24,0.472,-2.201,-2.358,STOP,False,False,False
2026-09-03T12:00:00Z,NATURALGAS,2026-09-03,zerohero,HOLDOUT,TREND_DOWN,OPENING_DRIVE,LONG,1.0,4.25,0.8235,0.0588,0.1176,1.647,284.6,0.0,0.0,0.85,True,False,False,False,False,True,True,1.059,4B_TRAP,False,True,H7_TRAP,284.6,spike,1.651,0.15,0.545,-1.09,-1.151,STOP,False,False,False
2026-09-03T12:10:00Z,NATURALGAS,2026-09-03,zerohero,HOLDOUT,TREND_DOWN,OPENING_DRIVE,SHORT,0.9808,3.5,0.7857,0.0714,0.1429,1.252,284.5,0.8,0.911,0.8786,False,True,True,True,False,False,False,0.0,4A_CONT,False,False,AMBIG,283.7,early,1.242,0.81,3.382,-0.403,2.919,T3,True,True,False
2026-09-03T12:40:00Z,NATURALGAS,2026-09-03,zerohero,HOLDOUT,TREND_DOWN,OPENING_DRIVE,LONG,0.9727,3.25,0.6154,0.0769,0.3077,0.842,284.1,-0.1,-0.105,0.95,False,False,False,False,True,True,True,2.316,4B_TRAP,False,True,H7_TRAP,284.0,spike,1.239,0.08,0.0,-1.372,-1.453,STOP,False,False,False
2026-09-03T12:45:00Z,NATURALGAS,2026-09-03,zerohero,HOLDOUT,TREND_DOWN,OPENING_DRIVE,SHORT,0.9099,2.25,0.8889,0.0,0.1111,0.824,283.0,-0.1,-0.103,0.9714,True,False,False,False,False,False,True,0.206,4B_TRAP,False,True,AMBIG,283.1,spike,0.827,0.12,1.814,-1.088,-1.209,STOP,False,False,False
2026-09-03T12:50:00Z,NATURALGAS,2026-09-03,zerohero,HOLDOUT,TREND_DOWN,OPENING_DRIVE,SHORT,0.9107,2.25,0.8889,0.1111,0.0,0.824,282.59,0.29,0.299,0.9714,True,True,False,False,False,True,True,0.628,4B_TRAP,False,True,H7_TRAP,282.3,early,0.927,0.22,0.755,-1.187,-1.294,STOP,False,False,False
2026-09-03T13:00:00Z,NATURALGAS,2026-09-03,zerohero,HOLDOUT,TREND_DOWN,FAILED_BREAKOUT,LONG,0.9825,3.75,0.8667,0.1333,0.0,1.247,282.4,0.8,0.767,1.0429,False,True,True,True,False,False,False,0.0,4B_TRAP,False,False,AMBIG,283.2,early,1.345,0.67,0.743,-1.041,-1.115,STOP,False,False,False
2026-09-03T13:15:00Z,NATURALGAS,2026-09-03,zerohero,HOLDOUT,TREND_DOWN,FAILED_BREAKOUT,LONG,0.906,2.25,0.4444,0.1111,0.4444,0.434,283.0,0.3,0.326,0.9214,True,True,False,False,False,True,True,0.326,4B_TRAP,False,True,H7_TRAP,283.3,spike,0.827,0.48,1.088,-1.814,-1.935,STOP,False,False,False
2026-09-03T13:30:00Z,NATURALGAS,2026-09-03,zerohero,HOLDOUT,TREND_DOWN,FAILED_BREAKOUT,LONG,0.9417,2.5,0.9,0.1,0.0,1.016,283.5,0.3,0.339,0.8857,False,False,False,False,True,True,True,0.452,4B_TRAP,False,True,H7_TRAP,283.8,spike,0.93,0.99,0.215,-1.075,-1.183,STOP,False,False,False
2026-09-03T14:05:00Z,NATURALGAS,2026-09-03,zerohero,HOLDOUT,TREND_DOWN,FAILED_BREAKOUT,SHORT,0.9055,1.8,0.3333,0.2222,0.4444,0.365,282.8,-0.4,-0.487,0.8214,True,False,False,False,False,True,True,0.73,4B_TRAP,False,True,H7_TRAP,283.2,spike,0.527,0.76,2.657,-1.898,-2.087,STOP,True,False,False
2026-09-03T14:25:00Z,NATURALGAS,2026-09-03,zerohero,HOLDOUT,TREND_DOWN,FAILED_BREAKOUT,LONG,0.9466,2.0,0.2,0.5,0.3,0.262,283.7,-0.5,-0.654,0.7643,False,False,False,False,True,True,True,3.925,4B_TRAP,False,True,H7_TRAP,283.2,spike,0.53,0.94,1.887,-2.642,-2.83,STOP,False,False,False
2026-09-03T14:30:00Z,NATURALGAS,2026-09-03,zerohero,HOLDOUT,TREND_DOWN,FAILED_BREAKOUT,SHORT,1.0,4.8,0.0417,0.375,0.5833,0.113,282.5,-0.7,-0.79,0.8857,True,False,False,False,False,False,False,0.0,4A_CONT,False,False,AMBIG,283.2,spike,1.072,0.47,3.451,-0.28,2.907,T3,True,True,False
2026-09-03T14:35:00Z,NATURALGAS,2026-09-03,zerohero,HOLDOUT,TREND_DOWN,FAILED_BREAKOUT,SHORT,1.0,5.6,0.8929,0.1071,0.0,2.431,281.6,0.9,0.875,1.0286,True,True,True,True,False,False,False,0.0,4A_CONT,True,False,H1_CONT,280.7,spike,2.884,,2.323,-0.381,1.526,EOD,True,False,False
2026-09-03T14:40:00Z,NATURALGAS,2026-09-03,zerohero,HOLDOUT,TREND_DOWN,TRENDING,SHORT,0.9627,2.8,0.0714,0.7143,0.2143,0.096,280.7,0.0,0.0,1.0429,True,False,False,False,False,False,False,0.0,4A_CONT,False,False,AMBIG,280.7,spike,1.142,,3.59,-0.088,2.912,T3,True,True,False
2026-09-03T14:45:00Z,NATURALGAS,2026-09-03,zerohero,HOLDOUT,TREND_DOWN,FAILED_BREAKOUT,SHORT,0.9481,2.6,1.0,0.0,0.0,1.205,280.4,0.9,0.834,1.0786,True,True,True,True,False,False,False,0.0,4A_CONT,True,False,H1_CONT,279.5,early,1.339,,3.137,-0.299,2.925,T3,True,True,False
2026-09-03T14:55:00Z,NATURALGAS,2026-09-03,zerohero,HOLDOUT,TREND_DOWN,TRENDING,SHORT,0.9854,4.0,0.9,0.05,0.05,1.546,279.2,1.7,1.46,1.1643,True,True,True,True,False,False,False,0.0,4B_TRAP,True,False,H1_CONT,277.5,early,1.96,,1.786,-1.429,-1.48,STOP,False,False,False
2026-09-03T15:00:00Z,NATURALGAS,2026-09-03,zerohero,HOLDOUT,TREND_DOWN,TRENDING,SHORT,0.913,2.2,0.8182,0.1818,0.0,0.754,277.4,0.8,0.671,1.1929,True,True,True,True,False,False,False,0.0,4B_TRAP,True,False,H1_CONT,276.6,early,1.133,,2.295,-1.765,-1.853,STOP,True,False,False
2026-09-03T15:05:00Z,NATURALGAS,2026-09-03,zerohero,HOLDOUT,TREND_DOWN,TRENDING,SHORT,0.964,3.0,0.7333,0.2667,0.0,0.87,276.6,1.0,0.791,1.2643,False,True,True,True,False,False,False,0.0,4B_TRAP,False,False,AMBIG,275.6,early,1.545,,1.036,-1.036,-1.1,STOP,False,False,False
2026-09-03T15:20:00Z,NATURALGAS,2026-09-03,zerohero,HOLDOUT,TREND_DOWN,TRENDING,SHORT,0.9014,2.0,0.6,0.1,0.3,0.459,275.0,0.1,0.077,1.3071,False,False,False,False,False,False,False,0.0,4B_TRAP,False,False,AMBIG,274.9,spike,0.73,,1.233,-1.233,-1.37,STOP,False,False,False
2026-09-03T16:25:00Z,NATURALGAS,2026-09-03,zerohero,HOLDOUT,TREND_DOWN,TRENDING,LONG,0.9097,2.0,0.7,0.3,0.0,0.97,275.8,0.4,0.554,0.7214,False,False,False,False,True,True,True,0.416,4B_TRAP,False,True,H7_TRAP,276.2,spike,0.73,12.18,0.274,-1.233,-1.37,STOP,False,False,False
2026-09-03T16:45:00Z,NATURALGAS,2026-09-03,zerohero,HOLDOUT,TREND_DOWN,TRENDING,LONG,0.9119,2.0,0.8,0.2,0.0,1.179,276.5,-0.2,-0.295,0.6786,True,False,False,False,False,False,False,0.0,4A_CONT,False,False,AMBIG,276.3,spike,0.83,0.24,3.614,-0.12,2.88,T3,True,True,False
2026-09-03T16:50:00Z,NATURALGAS,2026-09-03,zerohero,HOLDOUT,TREND_DOWN,TRENDING,LONG,0.9125,2.0,0.8,0.1,0.1,1.155,276.5,0.6,0.866,0.6929,True,True,True,True,False,False,False,0.0,4A_CONT,True,False,H1_CONT,277.1,early,0.93,8.59,3.441,0.0,2.892,T3,True,True,False
2026-09-03T16:55:00Z,NATURALGAS,2026-09-03,zerohero,HOLDOUT,TREND_DOWN,TRENDING,LONG,0.9689,3.0,0.8667,0.0667,0.0667,1.717,277.2,1.3,1.717,0.7571,True,True,True,True,False,False,False,0.0,4B_TRAP,True,False,H1_CONT,278.5,early,1.445,4.56,1.522,-1.453,-1.522,STOP,False,False,False
2026-09-03T17:00:00Z,NATURALGAS,2026-09-03,zerohero,HOLDOUT,TREND_DOWN,FAILED_BREAKOUT,LONG,0.9074,2.0,0.7,0.1,0.2,0.883,278.6,0.6,0.757,0.7929,True,True,True,True,False,False,False,0.0,4B_TRAP,True,False,H1_CONT,279.2,early,0.93,6.33,1.613,-1.183,-1.29,STOP,False,False,False
2026-09-03T17:05:00Z,NATURALGAS,2026-09-03,zerohero,HOLDOUT,TREND_DOWN,FAILED_BREAKOUT,LONG,0.9141,2.2,0.7273,0.2727,0.0,0.966,279.3,0.7,0.845,0.8286,False,True,True,True,False,False,False,0.0,4B_TRAP,False,False,AMBIG,280.0,spike,0.833,6.11,0.84,-1.08,-1.2,STOP,False,False,False
2026-09-03T17:10:00Z,NATURALGAS,2026-09-03,zerohero,HOLDOUT,TREND_DOWN,FAILED_BREAKOUT,SHORT,0.9451,2.8,0.4286,0.5,0.0714,0.677,282.65,3.25,3.669,0.8857,False,True,True,True,False,False,False,0.0,4A_CONT,False,False,AMBIG,279.4,early,1.342,3.06,2.385,-0.969,2.31,EOD,True,False,False
2026-09-03T17:25:00Z,NATURALGAS,2026-09-03,zerohero,HOLDOUT,TREND_DOWN,FAILED_BREAKOUT,SHORT,0.9162,2.0,0.3333,0.5833,0.0833,0.418,279.7,0.1,0.104,0.9571,False,True,True,True,False,False,False,0.0,4A_CONT,False,False,AMBIG,279.6,spike,1.136,0.44,2.993,-0.352,2.905,EOD,True,False,False
2026-09-04T05:30:00Z,NATURALGAS,2026-09-04,zerohero,HOLDOUT,TREND_UP,OPENING_DRIVE,LONG,0.9167,1.667,0.0,0.4,0.6,0.0,277.2,-0.1,-0.326,0.3071,False,False,False,False,True,True,True,0.651,4B_TRAP,False,True,H7_TRAP,277.1,spike,0.315,0.32,1.905,-2.222,-2.54,STOP,False,False,False
2026-09-04T05:40:00Z,NATURALGAS,2026-09-04,zerohero,HOLDOUT,TREND_UP,OPENING_DRIVE,LONG,0.9231,1.667,0.8,0.2,0.0,1.217,277.3,0.0,0.0,0.3286,True,False,False,False,False,False,True,0.304,4B_TRAP,False,True,AMBIG,277.3,spike,0.415,0.39,0.964,-2.169,-2.41,STOP,False,False,False
2026-09-04T05:50:00Z,NATURALGAS,2026-09-04,zerohero,HOLDOUT,TREND_UP,TRENDING,SHORT,0.9286,1.667,0.0,0.6,0.4,0.0,277.2,-0.2,-0.596,0.3357,True,False,False,False,False,True,True,0.298,4A_CONT,False,False,H7_TRAP,277.4,spike,0.315,1.49,3.175,-0.317,2.683,T3,True,True,False
2026-09-04T06:10:00Z,NATURALGAS,2026-09-04,zerohero,HOLDOUT,TREND_UP,OPENING_DRIVE,SHORT,1.0,2.333,0.5714,0.0,0.4286,1.098,276.6,-0.1,-0.275,0.3643,True,False,False,False,False,False,False,0.0,4A_CONT,False,False,AMBIG,276.7,spike,0.421,0.24,3.563,0.0,2.762,T3,True,True,False
2026-09-04T06:25:00Z,NATURALGAS,2026-09-04,zerohero,HOLDOUT,TREND_UP,OPENING_DRIVE,SHORT,0.9143,1.667,0.6,0.2,0.2,0.792,276.0,0.2,0.528,0.3786,True,True,True,True,False,False,False,0.0,4B_TRAP,True,False,H1_CONT,275.8,spike,0.415,,1.446,-1.687,-1.928,STOP,False,False,False
2026-09-04T06:50:00Z,NATURALGAS,2026-09-04,zerohero,HOLDOUT,TREND_UP,FAILED_BREAKOUT,LONG,0.975,2.333,1.0,0.0,0.0,1.69,275.9,0.6,1.448,0.4143,True,True,True,True,False,False,False,0.0,4A_CONT,True,False,H1_CONT,276.5,early,0.721,1.39,3.467,-0.139,2.861,T3,True,True,False
2026-09-04T06:55:00Z,NATURALGAS,2026-09-04,zerohero,HOLDOUT,TREND_UP,FAILED_BREAKOUT,LONG,0.9512,2.0,0.8333,0.1667,0.0,1.129,276.5,0.4,0.903,0.4429,True,True,True,True,False,False,False,0.0,4A_CONT,True,False,H1_CONT,276.9,early,0.518,1.16,4.054,-0.772,2.807,T3,True,True,False
2026-09-04T07:00:00Z,NATURALGAS,2026-09-04,zerohero,HOLDOUT,TREND_UP,FAILED_BREAKOUT,LONG,0.9762,2.333,0.2857,0.2857,0.4286,0.437,277.5,-0.2,-0.437,0.4571,True,False,False,False,False,False,False,0.0,4B_TRAP,False,False,AMBIG,277.3,spike,0.521,0.38,1.727,-1.536,-1.727,STOP,False,False,False
2026-09-04T07:20:00Z,NATURALGAS,2026-09-04,zerohero,HOLDOUT,TREND_UP,FAILED_BREAKDOWN,SHORT,1.0,2.667,1.0,0.0,0.0,1.623,277.9,0.7,1.42,0.4929,False,False,False,False,True,True,True,0.203,4B_TRAP,False,True,H7_TRAP,277.2,spike,0.824,0.34,0.0,-1.092,-1.214,STOP,False,False,False
2026-09-04T07:25:00Z,NATURALGAS,2026-09-04,zerohero,HOLDOUT,TREND_UP,FAILED_BREAKDOWN,LONG,0.9574,2.333,1.0,0.0,0.0,1.342,278.0,0.0,0.0,0.5214,False,False,False,False,True,True,True,1.534,4B_TRAP,False,True,H7_TRAP,278.0,spike,0.721,0.28,0.139,-1.11,-1.248,STOP,False,False,False
2026-09-04T07:45:00Z,NATURALGAS,2026-09-04,zerohero,HOLDOUT,TREND_UP,FAILED_BREAKOUT,SHORT,1.0,2.667,0.375,0.125,0.5,0.532,276.86,-0.04,-0.071,0.5643,True,False,False,False,False,True,True,0.603,4B_TRAP,False,True,H7_TRAP,276.9,spike,0.424,0.09,0.708,-1.179,-1.415,STOP,False,False,False
2026-09-04T09:25:00Z,NATURALGAS,2026-09-04,zerohero,HOLDOUT,TREND_UP,FAILED_BREAKDOWN,SHORT,0.9718,2.667,0.75,0.125,0.125,1.615,277.2,0.0,0.0,0.3714,False,False,False,False,False,True,True,0.269,4B_TRAP,False,True,H7_TRAP,277.2,spike,0.724,0.39,0.552,-1.519,-1.657,STOP,False,False,False
2026-09-04T09:50:00Z,NATURALGAS,2026-09-04,zerohero,HOLDOUT,TREND_UP,FAILED_BREAKOUT,LONG,0.9474,2.0,0.8571,0.1429,0.0,1.448,277.61,0.09,0.217,0.4143,False,False,False,False,True,True,True,0.266,4B_TRAP,False,True,H7_TRAP,277.7,spike,0.621,0.81,0.966,-1.288,-1.449,STOP,False,False,False
2026-09-04T11:00:00Z,NATURALGAS,2026-09-04,zerohero,HOLDOUT,TREND_UP,FAILED_BREAKOUT,LONG,0.9444,2.0,0.4286,0.4286,0.1429,0.712,277.62,-0.12,-0.285,0.4214,True,False,False,False,False,True,True,0.759,4B_TRAP,False,True,H7_TRAP,277.5,spike,0.421,0.29,0.713,-1.188,-1.425,STOP,False,False,False
2026-09-04T11:25:00Z,NATURALGAS,2026-09-04,zerohero,HOLDOUT,TREND_UP,FAILED_BREAKOUT,SHORT,1.0,2.0,0.125,0.625,0.25,0.233,277.1,-0.2,-0.467,0.4286,False,False,False,False,True,True,True,3.733,4B_TRAP,False,True,H7_TRAP,277.3,spike,0.524,0.38,0.0,-1.145,-1.336,STOP,False,False,False
2026-09-04T11:40:00Z,NATURALGAS,2026-09-04,zerohero,HOLDOUT,TREND_UP,FAILED_BREAKDOWN,LONG,1.0,3.25,0.6923,0.2308,0.0769,1.726,278.3,0.4,0.767,0.5214,False,False,False,False,True,True,True,2.493,4B_TRAP,False,True,H7_TRAP,278.7,spike,1.039,,0.192,-1.444,-1.54,STOP,False,False,False
2026-09-04T11:45:00Z,NATURALGAS,2026-09-04,zerohero,HOLDOUT,TREND_UP,FAILED_BREAKDOWN,SHORT,0.9899,3.0,0.6667,0.0833,0.25,1.366,277.7,-0.3,-0.512,0.5857,False,False,False,False,True,True,True,1.024,4B_TRAP,False,True,H7_TRAP,278.0,spike,0.936,0.75,2.137,-1.389,-1.496,STOP,True,False,False
2026-09-04T11:50:00Z,NATURALGAS,2026-09-04,zerohero,HOLDOUT,TREND_UP,FAILED_BREAKDOWN,LONG,0.98,2.75,0.1818,0.0,0.8182,0.311,277.61,0.69,1.073,0.6429,False,False,False,False,True,True,True,1.882,4B_TRAP,False,True,H7_TRAP,278.3,spike,1.133,0.62,0.353,-1.147,-1.236,STOP,False,False,False
2026-09-04T11:55:00Z,NATURALGAS,2026-09-04,zerohero,HOLDOUT,TREND_UP,FAILED_BREAKDOWN,SHORT,1.0,4.25,0.7647,0.2353,0.0,1.767,277.2,0.2,0.272,0.7357,True,True,True,False,False,False,False,0.0,4B_TRAP,True,False,H1_CONT,277.0,spike,1.751,0.06,0.571,-1.314,-1.371,STOP,False,False,False
2026-09-04T12:00:00Z,NATURALGAS,2026-09-04,zerohero,HOLDOUT,TREND_UP,FAILED_BREAKOUT,SHORT,0.9216,2.0,0.25,0.25,0.5,0.264,276.9,-0.1,-0.132,0.7571,True,False,False,False,False,True,True,3.17,4B_TRAP,False,True,H7_TRAP,277.0,spike,0.424,0.24,2.358,-5.425,-5.66,STOP,True,False,False
2026-09-04T12:10:00Z,NATURALGAS,2026-09-04,zerohero,HOLDOUT,TREND_UP,FAILED_BREAKOUT,LONG,0.9904,3.5,0.5714,0.1429,0.2857,0.957,277.0,0.2,0.239,0.8357,True,True,True,True,False,False,False,0.0,4A_CONT,True,False,H1_CONT,277.2,early,1.242,0.33,4.187,0.0,2.919,T3,True,True,False
2026-09-04T12:15:00Z,NATURALGAS,2026-09-04,zerohero,HOLDOUT,TREND_UP,FAILED_BREAKOUT,LONG,1.0,5.25,1.0,0.0,0.0,2.178,279.0,0.3,0.311,0.9643,True,True,True,True,False,False,False,0.0,4X_AMBIG,True,False,H1_CONT,279.3,early,2.163,,1.433,-0.647,0.786,EOD,False,False,False
2026-09-04T12:20:00Z,NATURALGAS,2026-09-04,zerohero,HOLDOUT,TREND_UP,TRENDING,LONG,0.9434,2.25,0.3333,0.5556,0.1111,0.302,279.3,0.2,0.201,0.9929,True,True,True,True,False,False,False,0.0,4A_CONT,False,False,H1_WEAK,279.5,early,0.427,,6.792,0.0,2.766,T3,True,True,True
2026-09-04T12:25:00Z,NATURALGAS,2026-09-04,zerohero,HOLDOUT,TREND_UP,TRENDING,LONG,0.9439,2.75,0.7273,0.2727,0.0,0.762,280.0,0.4,0.381,1.05,True,True,False,False,False,True,True,0.19,4B_TRAP,False,True,H7_TRAP,280.4,early,0.833,,2.401,-1.2,-1.321,STOP,True,False,False
2026-09-04T12:30:00Z,NATURALGAS,2026-09-04,zerohero,HOLDOUT,TREND_UP,TRENDING,LONG,0.9907,5.0,0.75,0.25,0.0,1.296,280.7,1.2,1.037,1.1571,False,False,False,False,True,True,True,0.778,4B_TRAP,False,True,H7_TRAP,281.9,spike,1.56,,0.064,-1.41,-1.474,STOP,False,False,False
2026-09-04T12:35:00Z,NATURALGAS,2026-09-04,zerohero,HOLDOUT,TREND_UP,TRENDING,SHORT,1.0,5.75,0.913,0.0435,0.0435,1.661,280.4,0.6,0.475,1.2643,False,True,True,True,False,False,False,0.0,4X_AMBIG,False,False,AMBIG,279.8,spike,2.269,1.3,0.837,-0.926,-0.529,EOD,False,False,False
2026-09-04T12:40:00Z,NATURALGAS,2026-09-04,zerohero,HOLDOUT,TREND_UP,FAILED_BREAKDOWN,LONG,0.9182,2.5,0.2,0.5,0.3,0.153,277.66,2.24,1.714,1.3071,True,True,True,True,False,False,False,0.0,4B_TRAP,False,False,H1_WEAK,279.9,early,0.53,4.72,1.509,-1.509,-1.698,STOP,False,False,False
2026-09-04T13:00:00Z,NATURALGAS,2026-09-04,zerohero,HOLDOUT,TREND_UP,FAILED_BREAKOUT,SHORT,0.9561,3.25,0.3846,0.5385,0.0769,0.4,279.4,-0.1,-0.08,1.25,False,False,False,False,True,True,True,0.8,4B_TRAP,False,True,H7_TRAP,279.5,spike,1.239,0.08,0.323,-1.211,-1.291,STOP,False,False,False
2026-09-04T13:10:00Z,NATURALGAS,2026-09-04,zerohero,HOLDOUT,TREND_UP,FAILED_BREAKOUT,SHORT,0.9052,2.25,0.5556,0.0,0.4444,0.427,279.4,-0.1,-0.085,1.1714,False,False,False,False,True,True,True,0.854,4B_TRAP,False,True,H7_TRAP,279.5,spike,0.527,0.19,0.569,-1.708,-1.898,STOP,False,False,False
2026-09-04T13:15:00Z,NATURALGAS,2026-09-04,zerohero,HOLDOUT,TREND_UP,FAILED_BREAKOUT,LONG,0.9402,3.0,0.6667,0.0,0.3333,0.663,280.0,0.4,0.331,1.2071,True,True,True,True,False,False,False,0.0,4B_TRAP,True,False,H1_CONT,280.4,early,1.236,0.24,0.485,-1.294,-1.375,STOP,False,False,False
2026-09-04T13:35:00Z,NATURALGAS,2026-09-04,zerohero,HOLDOUT,TREND_UP,FAILED_BREAKOUT,SHORT,0.9669,3.75,0.8667,0.0667,0.0667,1.213,279.6,0.7,0.653,1.0714,True,True,True,True,False,False,False,0.0,4B_TRAP,True,False,H1_CONT,278.9,early,1.445,1.36,0.692,-1.869,-1.938,STOP,False,False,False
2026-09-04T13:40:00Z,NATURALGAS,2026-09-04,zerohero,HOLDOUT,TREND_UP,FAILED_BREAKOUT,SHORT,0.9016,2.5,0.7,0.0,0.3,0.7,278.8,0.6,0.6,1.0,False,False,False,False,True,True,True,0.2,4B_TRAP,False,True,H7_TRAP,278.2,spike,0.73,1.74,0.0,-1.644,-1.781,STOP,False,False,False
2026-09-04T13:45:00Z,NATURALGAS,2026-09-04,zerohero,HOLDOUT,TREND_UP,FAILED_BREAKOUT,LONG,0.935,3.0,0.5,0.4167,0.0833,0.651,278.9,0.0,0.0,0.9214,True,False,False,False,False,True,True,0.109,4A_CONT,False,False,H7_TRAP,278.9,spike,0.736,2.04,3.668,-0.408,2.864,T3,True,True,False
2026-09-04T14:25:00Z,NATURALGAS,2026-09-04,zerohero,HOLDOUT,TREND_UP,FAILED_BREAKOUT,LONG,0.9771,4.25,0.9412,0.0588,0.0,1.821,280.1,1.4,1.593,0.8786,True,True,True,True,False,False,False,0.0,4B_TRAP,True,False,H1_CONT,281.5,early,1.651,0.55,0.242,-1.03,-1.09,STOP,False,False,False
2026-09-04T15:10:00Z,NATURALGAS,2026-09-04,zerohero,HOLDOUT,TREND_UP,TRENDING,SHORT,0.9,2.0,0.7,0.3,0.0,0.899,280.7,0.3,0.385,0.7786,False,False,False,False,True,True,True,1.156,4B_TRAP,False,True,H7_TRAP,280.4,spike,1.03,3.96,0.388,-1.262,-1.359,STOP,False,False,False
2026-09-04T16:20:00Z,NATURALGAS,2026-09-04,zerohero,HOLDOUT,TREND_UP,FAILED_BREAKDOWN,SHORT,0.9091,2.0,1.0,0.0,0.0,1.538,279.8,0.5,0.769,0.65,True,True,True,True,False,False,False,0.0,4B_TRAP,True,False,H1_CONT,279.3,early,1.03,3.62,0.485,-1.068,-1.165,STOP,False,False,False
2026-07-13T10:10:00,CRUDEOIL,2026-07-13,cycles_resampled,train,TREND_UP,OPENING_DRIVE,LONG,0.9167,2.0,0.75,0.25,0.0,1.3,7141.0,4.0,0.578,6.9231,True,True,True,True,False,False,False,0.0,4A_CONT,True,False,H1_CONT,7145.0,early,9.36,,3.419,-0.107,2.893,T3,True,True,False
2026-07-13T11:10:00,CRUDEOIL,2026-07-13,cycles_resampled,train,TREND_UP,TRENDING,LONG,1.0,3.333,0.85,0.0,0.15,2.034,7177.0,6.0,0.718,8.3571,False,True,False,False,False,False,True,1.197,4B_TRAP,False,True,AMBIG,7183.0,early,20.6,,1.019,-1.117,-1.165,STOP,False,False,False
2026-07-13T11:45:00,CRUDEOIL,2026-07-13,cycles_resampled,train,TREND_UP,FAILED_BREAKOUT,SHORT,0.9355,2.0,1.0,0.0,0.0,1.233,7151.0,15.0,1.321,11.3571,False,True,True,True,False,False,False,0.0,4A_CONT,False,False,AMBIG,7136.0,early,14.42,1.46,3.329,-0.624,2.931,T3,True,True,False
2026-07-13T12:30:00,CRUDEOIL,2026-07-13,cycles_resampled,train,TREND_UP,FAILED_BREAKOUT,SHORT,0.95,2.0,0.2143,0.7857,0.0,0.29,7111.0,3.0,0.29,10.3571,False,False,False,False,True,True,True,0.676,4B_TRAP,False,True,H7_TRAP,7108.0,spike,14.42,,0.971,-1.179,-1.248,STOP,False,False,False
2026-07-13T12:40:00,CRUDEOIL,2026-07-13,cycles_resampled,train,TREND_UP,FAILED_BREAKOUT,SHORT,1.0,3.467,1.0,0.0,0.0,2.233,7108.0,14.0,1.202,11.6429,False,False,False,False,True,True,True,0.172,4B_TRAP,False,True,H7_TRAP,7094.0,early,26.78,,0.0,-1.158,-1.195,STOP,False,False,False
2026-07-13T13:00:00,CRUDEOIL,2026-07-13,cycles_resampled,train,TREND_UP,FAILED_BREAKOUT,SHORT,0.9348,1.867,0.3571,0.6429,0.0,0.449,7122.65,11.65,1.046,11.1429,True,True,True,True,False,False,False,0.0,4A_CONT,False,False,H1_WEAK,7111.0,early,14.42,1.18,3.19,0.0,2.931,T3,True,True,False
2026-07-13T13:30:00,CRUDEOIL,2026-07-13,cycles_resampled,train,TREND_UP,FAILED_BREAKOUT,SHORT,1.0,4.5,0.8056,0.0,0.1944,1.98,7073.0,1.0,0.068,14.6429,True,True,True,True,False,False,False,0.0,4A_CONT,True,False,H1_CONT,7072.0,early,30.08,,3.125,0.0,2.967,T3,True,True,False
2026-07-13T13:35:00,CRUDEOIL,2026-07-13,cycles_resampled,train,TREND_UP,FAILED_BREAKOUT,SHORT,0.9057,1.75,1.0,0.0,0.0,0.895,7065.0,10.0,0.639,15.6429,True,True,True,True,False,False,False,0.0,4A_CONT,True,False,H1_CONT,7055.0,early,14.42,,3.051,-0.069,2.931,T3,True,True,False
2026-07-13T13:40:00,CRUDEOIL,2026-07-13,cycles_resampled,train,TREND_UP,FAILED_BREAKOUT,SHORT,0.9444,2.375,0.5789,0.2632,0.1579,0.688,7055.0,15.0,0.938,16.0,True,True,True,True,False,False,False,0.0,4A_CONT,True,False,H1_CONT,7040.0,early,16.57,,3.319,-0.302,2.94,T3,True,True,False
2026-07-13T13:45:00,CRUDEOIL,2026-07-13,cycles_resampled,train,TREND_UP,TRENDING,SHORT,0.9455,2.375,0.8947,0.0526,0.0526,1.0,7037.0,20.0,1.176,17.0,False,True,True,True,False,False,False,0.0,4B_TRAP,False,False,AMBIG,7017.0,early,18.57,,0.323,-1.508,-1.562,STOP,False,False,False
2026-07-13T13:55:00,CRUDEOIL,2026-07-13,cycles_resampled,train,TREND_UP,FAILED_BREAKOUT,SHORT,0.9825,4.25,0.8235,0.1765,0.0,1.581,7016.0,5.0,0.282,17.7143,False,False,False,False,True,True,True,1.581,4B_TRAP,False,True,H7_TRAP,7011.0,spike,35.02,,1.314,-1.142,-1.171,STOP,False,False,False
2026-07-13T14:05:00,CRUDEOIL,2026-07-13,cycles_resampled,train,TREND_UP,TRENDING,LONG,0.9492,2.222,0.95,0.05,0.0,0.95,7045.0,-1.0,-0.05,20.0,False,False,False,False,True,True,True,3.0,4B_TRAP,False,True,H7_TRAP,7044.0,spike,19.6,0.05,0.0,-1.735,-1.786,STOP,False,False,False
2026-07-13T14:15:00,CRUDEOIL,2026-07-13,cycles_resampled,train,TREND_UP,FAILED_BREAKOUT,SHORT,0.9508,2.222,0.95,0.05,0.0,0.964,7011.0,1.0,0.051,19.7143,True,True,True,True,False,False,False,0.0,4B_TRAP,True,False,H1_CONT,7010.0,early,20.6,,2.184,-1.117,-1.165,STOP,True,False,False
2026-07-13T14:45:00,CRUDEOIL,2026-07-13,cycles_resampled,train,TREND_UP,TRENDING,SHORT,0.9552,2.5,1.0,0.0,0.0,1.19,6975.0,6.0,0.286,21.0,True,True,True,False,False,False,False,0.0,4B_TRAP,True,False,H1_CONT,6969.0,spike,25.75,,0.155,-1.67,-1.709,STOP,False,False,False
2026-07-13T15:30:00,CRUDEOIL,2026-07-13,cycles_resampled,train,TREND_UP,FAILED_BREAKOUT,LONG,0.9474,2.2,0.8182,0.1818,0.0,1.096,7012.0,17.0,1.035,16.4286,False,True,True,True,False,False,False,0.0,4A_CONT,False,False,AMBIG,7029.0,early,18.66,8.18,3.108,-0.268,2.946,T3,True,True,False
2026-07-13T15:40:00,CRUDEOIL,2026-07-13,cycles_resampled,train,TREND_UP,FAILED_BREAKOUT,LONG,0.9359,2.1,0.9048,0.0952,0.0,1.162,7033.0,16.0,0.978,16.3571,False,True,True,True,False,False,False,0.0,4A_CONT,False,False,AMBIG,7049.0,early,19.63,7.77,3.77,-0.764,2.949,T3,True,True,False
2026-07-13T16:35:00,CRUDEOIL,2026-07-13,cycles_resampled,train,TREND_UP,FAILED_BREAKOUT,LONG,0.9775,2.8,0.3214,0.0,0.6786,0.586,7087.0,-8.0,-0.521,15.3571,False,False,False,False,True,True,True,0.912,4B_TRAP,False,True,H7_TRAP,7079.0,spike,19.84,0.4,2.974,-1.008,-1.058,STOP,True,False,False
2026-07-13T17:40:00,CRUDEOIL,2026-07-13,cycles_resampled,train,TREND_UP,FAILED_BREAKOUT,LONG,1.0,3.7,0.4054,0.0,0.5946,0.95,7088.0,11.0,0.697,15.7857,False,True,True,True,False,False,False,0.0,4B_TRAP,False,False,AMBIG,7099.0,early,38.11,2.04,1.023,-1.05,-1.076,STOP,False,False,False
2026-07-13T18:20:00,CRUDEOIL,2026-07-13,cycles_resampled,train,TREND_UP,FAILED_BREAKOUT,SHORT,0.9725,2.9,0.7241,0.0,0.2759,1.349,7095.0,1.0,0.064,15.5714,True,True,True,True,False,False,False,0.0,4B_TRAP,True,False,H1_CONT,7094.0,spike,21.87,1.46,2.378,-3.612,-3.658,STOP,True,False,False
2026-07-13T18:50:00,CRUDEOIL,2026-07-13,cycles_resampled,train,TREND_UP,FAILED_BREAKOUT,SHORT,0.9304,2.091,0.4783,0.0,0.5217,0.655,7059.0,5.0,0.298,16.7857,True,False,False,False,True,True,True,2.204,4B_TRAP,False,True,H7_TRAP,7054.0,spike,11.69,7.61,0.0,-1.625,-1.711,STOP,False,False,False
2026-07-13T19:05:00,CRUDEOIL,2026-07-13,cycles_resampled,train,TREND_UP,FAILED_BREAKOUT,LONG,0.9407,2.273,0.84,0.16,0.0,1.185,7090.0,6.0,0.339,17.7143,True,True,True,False,False,False,True,0.226,4B_TRAP,True,True,H1_CONT,7096.0,spike,21.75,3.25,0.368,-1.195,-1.241,STOP,False,False,False
2026-07-13T19:20:00,CRUDEOIL,2026-07-13,cycles_resampled,train,TREND_UP,FAILED_BREAKOUT,SHORT,0.9421,2.273,0.56,0.0,0.44,0.794,7097.0,11.0,0.623,17.6429,True,True,True,True,False,False,False,0.0,4B_TRAP,True,False,H1_CONT,7086.0,early,14.75,1.62,2.169,-5.898,-5.966,STOP,True,False,False
2026-07-13T19:35:00,CRUDEOIL,2026-07-13,cycles_resampled,train,TREND_UP,FAILED_BREAKOUT,LONG,0.9516,2.364,0.8846,0.1154,0.0,1.283,7061.0,21.0,1.171,17.9286,True,True,True,True,False,False,False,0.0,4A_CONT,True,False,H1_CONT,7082.0,early,23.78,0.93,3.827,-0.084,2.958,T3,True,True,False
2026-07-13T19:45:00,CRUDEOIL,2026-07-13,cycles_resampled,train,TREND_UP,FAILED_BREAKOUT,LONG,1.0,8.455,0.9677,0.0,0.0323,4.013,7156.7,16.3,0.727,22.4286,False,False,False,False,True,True,True,0.076,4A_CONT,False,False,H7_TRAP,7173.0,spike,95.79,0.32,2.652,-0.564,2.652,EOD,True,False,False
2026-07-13T19:55:00,CRUDEOIL,2026-07-13,cycles_resampled,train,TREND_UP,FAILED_BREAKDOWN,LONG,0.9609,3.0,0.697,0.0,0.303,0.87,7156.7,15.3,0.579,26.4286,False,True,True,False,False,False,True,0.443,4B_TRAP,False,True,AMBIG,7172.0,early,33.99,0.94,0.0,-1.236,-1.265,STOP,False,False,False
2026-07-13T22:15:00,CRUDEOIL,2026-07-13,cycles_resampled,train,TREND_UP,FAILED_BREAKDOWN,LONG,0.9615,2.667,0.9688,0.0312,0.0,2.26,7212.0,21.0,1.531,13.7143,True,True,True,True,False,False,False,0.0,4A_CONT,True,False,H1_CONT,7233.0,early,31.96,,3.442,0.0,2.969,T3,True,True,False
2026-07-13T22:40:00,CRUDEOIL,2026-07-13,cycles_resampled,train,TREND_UP,FAILED_BREAKDOWN,LONG,0.9379,2.25,0.8519,0.1111,0.037,1.211,7252.0,14.0,0.737,19.0,True,True,True,True,False,False,False,0.0,4A_CONT,True,False,H1_CONT,7266.0,early,24.81,0.93,3.104,0.0,2.96,T3,True,True,False
2026-07-14T11:05:00,CRUDEOIL,2026-07-14,cycles_resampled,train,CHOP,OPENING_DRIVE,SHORT,0.96,2.833,0.9706,0.0,0.0294,2.299,7627.0,28.0,1.95,14.3571,True,True,True,True,False,False,False,0.0,4B_TRAP,True,False,H1_CONT,7599.0,early,34.02,,0.47,-1.264,-1.293,STOP,False,False,False
2026-07-14T11:20:00,CRUDEOIL,2026-07-14,cycles_resampled,train,CHOP,TRENDING,LONG,0.9286,1.846,0.875,0.0,0.125,1.301,7596.0,24.0,1.487,16.1429,True,True,True,True,False,False,False,0.0,4A_CONT,True,False,H1_CONT,7620.0,early,24.72,2.27,3.843,0.0,2.96,T3,True,True,False
2026-07-14T11:50:00,CRUDEOIL,2026-07-14,cycles_resampled,train,CHOP,FAILED_BREAKDOWN,LONG,1.0,2.923,0.7105,0.0789,0.2105,1.385,7669.0,9.0,0.462,19.5,True,True,True,True,False,False,False,0.0,4A_CONT,True,False,H1_CONT,7678.0,early,36.14,0.1,3.154,0.0,2.972,T3,True,True,False
2026-07-14T11:55:00,CRUDEOIL,2026-07-14,cycles_resampled,train,CHOP,FAILED_BREAKDOWN,LONG,0.9429,2.615,0.8235,0.0,0.1765,1.285,7687.0,28.0,1.285,21.7857,False,True,True,True,False,False,False,0.0,4A_CONT,False,False,AMBIG,7715.0,early,35.02,,3.141,-0.628,2.971,T3,True,True,False
2026-07-14T12:30:00,CRUDEOIL,2026-07-14,cycles_resampled,train,CHOP,TRENDING,SHORT,0.9048,2.154,1.0,0.0,0.0,1.225,7726.0,1.0,0.044,22.8571,False,True,True,False,False,False,True,0.175,4B_TRAP,False,True,AMBIG,7725.0,early,28.84,1.01,0.867,-2.323,-2.358,STOP,False,False,False
2026-07-14T13:00:00,CRUDEOIL,2026-07-14,cycles_resampled,train,CHOP,TRENDING,LONG,1.0,2.759,0.775,0.225,0.0,1.216,7753.0,30.0,1.176,25.5,False,True,True,True,False,False,False,0.0,4B_TRAP,False,False,AMBIG,7783.0,early,32.2,,0.186,-1.988,-2.019,STOP,False,False,False
2026-07-14T13:15:00,CRUDEOIL,2026-07-14,cycles_resampled,train,CHOP,TRENDING,SHORT,0.902,2.0,0.9333,0.0667,0.0,1.095,7765.0,9.0,0.352,25.5714,True,True,True,False,False,False,True,0.508,4B_TRAP,True,True,H1_CONT,7756.0,early,30.9,0.97,1.197,-1.392,-1.424,STOP,False,False,False
2026-07-14T13:30:00,CRUDEOIL,2026-07-14,cycles_resampled,train,CHOP,FAILED_BREAKDOWN,LONG,0.9815,2.6,0.4615,0.1538,0.3846,0.628,7758.0,20.0,0.698,28.6429,True,True,True,False,False,False,True,1.152,4B_TRAP,False,True,H1_WEAK,7778.0,early,34.17,0.32,0.615,-1.551,-1.58,STOP,False,False,False
2026-07-14T13:40:00,CRUDEOIL,2026-07-14,cycles_resampled,train,CHOP,TRENDING,SHORT,1.0,2.8,0.7857,0.0,0.2143,1.111,7789.0,26.0,0.875,29.7143,True,True,True,True,False,False,False,0.0,4B_TRAP,True,False,H1_CONT,7763.0,early,34.26,1.28,1.693,-1.138,-1.168,STOP,False,False,False
2026-07-14T14:25:00,CRUDEOIL,2026-07-14,cycles_resampled,train,CHOP,FAILED_BREAKDOWN,LONG,1.0,3.294,0.8929,0.1071,0.0,1.737,7799.0,-3.0,-0.104,28.7857,False,False,False,False,False,True,True,2.536,4B_TRAP,False,True,H7_TRAP,7796.0,early,51.68,0.06,0.426,-1.354,-1.374,STOP,False,False,False
2026-07-14T14:35:00,CRUDEOIL,2026-07-14,cycles_resampled,train,CHOP,TRENDING,SHORT,0.9851,2.824,0.7917,0.2083,0.0,1.34,7803.0,36.0,1.27,28.3571,True,True,True,True,False,False,False,0.0,4B_TRAP,True,False,H1_CONT,7767.0,early,49.44,0.42,1.032,-1.173,-1.193,STOP,False,False,False
2026-07-14T14:40:00,CRUDEOIL,2026-07-14,cycles_resampled,train,CHOP,TRENDING,SHORT,0.9706,2.647,1.0,0.0,0.0,1.563,7746.0,20.0,0.695,28.7857,False,True,False,False,False,True,True,0.764,4B_TRAP,False,True,H7_TRAP,7726.0,early,46.35,3.04,0.216,-1.23,-1.251,STOP,False,False,False
2026-07-14T16:05:00,CRUDEOIL,2026-07-14,cycles_resampled,train,CHOP,TRENDING,SHORT,0.9882,2.824,0.7708,0.0,0.2292,1.589,7776.0,16.0,0.687,23.2857,False,False,False,False,True,True,True,1.374,4B_TRAP,False,True,H7_TRAP,7760.0,spike,38.44,3.65,0.0,-1.327,-1.353,STOP,False,False,False
2026-07-14T17:15:00,CRUDEOIL,2026-07-14,cycles_resampled,train,CHOP,FAILED_BREAKOUT,LONG,0.9091,2.059,0.0286,0.2857,0.6857,0.04,7706.0,-7.0,-0.28,25.0,False,False,False,False,True,True,True,0.88,4A_CONT,False,False,H7_TRAP,7699.0,early,25.05,2.51,3.154,-0.838,2.96,T3,True,True,False
2026-07-14T18:50:00,CRUDEOIL,2026-07-14,cycles_resampled,train,CHOP,FAILED_BREAKDOWN,SHORT,0.9905,3.0,1.0,0.0,0.0,1.562,7746.0,54.0,1.654,32.6429,False,True,True,True,False,False,False,0.0,4A_CONT,False,False,AMBIG,7692.0,early,52.53,0.32,3.579,-0.914,2.981,T3,True,True,False
2026-07-14T19:05:00,CRUDEOIL,2026-07-14,cycles_resampled,train,CHOP,FAILED_BREAKOUT,SHORT,0.9907,3.059,1.0,0.0,0.0,1.559,7692.0,4.0,0.12,33.3571,True,True,False,False,False,True,True,0.45,4A_CONT,False,False,H7_TRAP,7688.0,spike,53.56,0.78,3.435,-0.504,2.981,T3,True,True,False
2026-07-14T19:10:00,CRUDEOIL,2026-07-14,cycles_resampled,train,CHOP,FAILED_BREAKOUT,SHORT,0.9174,2.235,0.3421,0.6579,0.0,0.372,7688.0,11.0,0.315,34.9286,False,False,False,False,True,True,True,0.544,4A_CONT,False,False,H7_TRAP,7677.0,early,39.14,0.79,3.27,-0.894,2.974,T3,True,True,False
2026-07-14T20:00:00,CRUDEOIL,2026-07-14,cycles_resampled,train,CHOP,FAILED_BREAKOUT,SHORT,0.9496,2.211,1.0,0.0,0.0,1.384,7643.0,34.0,1.12,30.3571,True,True,True,True,False,False,False,0.0,4B_TRAP,True,False,H1_CONT,7609.0,early,43.26,0.6,2.52,-1.456,-1.479,STOP,True,False,False
2026-07-14T20:20:00,CRUDEOIL,2026-07-14,cycles_resampled,train,CHOP,FAILED_BREAKOUT,SHORT,0.935,2.105,1.0,0.0,0.0,1.497,7583.0,3.0,0.112,26.7143,False,True,True,True,False,False,False,0.0,4B_TRAP,False,False,AMBIG,7580.0,spike,41.2,,1.942,-1.359,-1.383,STOP,False,False,False
2026-07-14T20:30:00,CRUDEOIL,2026-07-14,cycles_resampled,train,CHOP,FAILED_BREAKOUT,SHORT,1.0,3.0,0.7368,0.2632,0.0,1.455,7565.0,16.0,0.554,28.8571,True,True,True,False,False,False,True,0.069,4B_TRAP,True,True,H1_CONT,7549.0,early,58.71,,0.835,-1.482,-1.499,STOP,False,False,False
2026-07-14T20:40:00,CRUDEOIL,2026-07-14,cycles_resampled,train,CHOP,FAILED_BREAKOUT,LONG,0.9843,2.737,1.0,0.0,0.0,1.593,7535.0,17.0,0.521,32.6429,False,True,True,True,False,False,False,0.0,4A_CONT,False,False,AMBIG,7552.0,early,53.56,1.01,2.353,-0.019,0.485,EOD,True,False,False
2026-07-14T21:00:00,CRUDEOIL,2026-07-14,cycles_resampled,train,CHOP,FAILED_BREAKOUT,LONG,1.0,3.316,1.0,0.0,0.0,1.747,7590.0,46.0,1.275,36.0714,True,True,True,True,False,False,False,0.0,4B_TRAP,True,False,H1_CONT,7636.0,early,64.89,2.03,0.647,-1.063,-1.079,STOP,False,False,False
2026-07-15T18:35:00,CRUDEOIL,2026-07-15,cycles_resampled,train,CHOP,OPENING_DRIVE,LONG,0.9524,1.857,0.6923,0.2692,0.0385,1.212,7707.0,-3.0,-0.202,14.8571,True,False,False,False,False,False,False,0.0,4B_TRAP,False,False,AMBIG,7704.0,early,19.78,0.15,2.629,-1.213,-1.264,STOP,True,False,False
2026-07-15T19:25:00,CRUDEOIL,2026-07-15,cycles_resampled,train,CHOP,OPENING_DRIVE,SHORT,1.0,3.143,0.9318,0.0,0.0682,2.043,7702.0,13.0,0.648,20.0714,False,True,True,True,False,False,False,0.0,4A_CONT,False,False,AMBIG,7689.0,early,42.32,0.16,3.166,-0.165,2.976,T3,True,True,False
2026-07-15T20:00:00,CRUDEOIL,2026-07-15,cycles_resampled,train,CHOP,OPENING_DRIVE,SHORT,0.95,1.929,1.0,0.0,0.0,1.395,7642.0,12.0,0.62,19.3571,False,False,False,False,True,True,True,0.258,4A_CONT,False,False,H7_TRAP,7630.0,spike,27.81,,3.02,-0.827,2.964,T3,True,True,False
2026-07-15T20:15:00,CRUDEOIL,2026-07-15,cycles_resampled,train,CHOP,OPENING_DRIVE,SHORT,0.9518,1.929,0.8519,0.0,0.1481,1.243,7630.0,9.0,0.486,18.5,True,True,True,True,False,False,False,0.0,4A_CONT,True,False,H1_CONT,7621.0,early,23.81,,3.15,0.0,2.958,T3,True,True,False
2026-07-15T20:50:00,CRUDEOIL,2026-07-15,cycles_resampled,train,CHOP,TRENDING,SHORT,0.9222,1.786,0.64,0.36,0.0,0.762,7579.0,4.0,0.19,21.0,True,True,True,False,False,False,True,0.286,4B_TRAP,True,True,H1_CONT,7575.0,early,25.75,,1.126,-1.592,-1.631,STOP,False,False,False
2026-07-15T21:05:00,CRUDEOIL,2026-07-15,cycles_resampled,train,CHOP,TRENDING,LONG,0.9785,2.786,0.8718,0.0,0.1282,1.492,7577.0,8.0,0.351,22.7857,False,False,False,False,False,False,False,0.0,4A_CONT,False,False,AMBIG,7585.0,spike,40.17,0.6,2.489,-0.398,0.822,EOD,True,False,False
2026-07-15T21:50:00,CRUDEOIL,2026-07-15,cycles_resampled,train,CHOP,FAILED_BREAKOUT,LONG,0.951,2.0,1.0,0.0,0.0,1.468,7634.0,19.0,0.996,19.0714,False,True,True,True,False,False,False,0.0,4B_TRAP,False,False,AMBIG,7653.0,early,28.84,3.27,1.11,-1.006,-1.04,STOP,False,False,False
2026-07-15T22:20:00,CRUDEOIL,2026-07-15,cycles_resampled,train,CHOP,FAILED_BREAKOUT,LONG,0.9259,1.857,1.0,0.0,0.0,1.576,7665.0,9.0,0.545,16.5,False,True,False,False,False,True,True,2.121,4B_TRAP,False,True,H7_TRAP,7674.0,early,26.78,2.54,0.411,-1.27,-1.307,STOP,False,False,False
2026-07-15T22:55:00,CRUDEOIL,2026-07-15,cycles_resampled,train,CHOP,FAILED_BREAKOUT,SHORT,0.913,1.786,1.0,0.0,0.0,1.373,7624.0,6.0,0.329,18.2143,False,True,False,False,False,True,True,0.11,4X_AMBIG,False,False,H7_TRAP,7618.0,early,25.75,2.8,0.699,-0.505,0.0,EOD,False,False,False
2026-07-16T10:25:00,CRUDEOIL,2026-07-16,cycles_resampled,train,CHOP,OPENING_DRIVE,LONG,1.0,2.333,0.7857,0.2143,0.0,1.481,7650.0,8.0,1.077,7.4286,False,True,False,False,False,False,False,0.0,4B_TRAP,False,False,AMBIG,7658.0,early,11.42,0.89,0.0,-1.226,-1.313,STOP,False,False,False
2026-07-16T10:45:00,CRUDEOIL,2026-07-16,cycles_resampled,train,CHOP,OPENING_DRIVE,LONG,0.9,2.0,0.5,0.1667,0.3333,0.808,7652.0,3.0,0.404,7.4286,False,True,False,False,False,True,True,2.154,4B_TRAP,False,True,H7_TRAP,7655.0,spike,10.36,0.58,0.0,-1.062,-1.158,STOP,False,False,False
2026-07-16T11:05:00,CRUDEOIL,2026-07-16,cycles_resampled,train,CHOP,OPENING_DRIVE,LONG,1.0,2.333,1.0,0.0,0.0,1.593,7641.0,12.0,1.366,8.7857,False,True,True,True,False,False,False,0.0,4B_TRAP,False,False,AMBIG,7653.0,early,14.42,0.14,2.08,-1.318,-1.387,STOP,True,False,False
2026-07-16T11:20:00,CRUDEOIL,2026-07-16,cycles_resampled,train,CHOP,OPENING_DRIVE,LONG,1.0,2.286,1.0,0.0,0.0,1.672,7656.0,5.0,0.522,9.5714,False,False,False,False,True,True,True,0.209,4B_TRAP,False,True,H7_TRAP,7661.0,spike,16.48,0.21,1.214,-1.092,-1.153,STOP,False,False,False
2026-07-16T11:35:00,CRUDEOIL,2026-07-16,cycles_resampled,train,CHOP,OPENING_DRIVE,LONG,1.0,2.923,1.0,0.0,0.0,1.873,7673.0,0.0,0.0,10.1429,False,False,False,False,True,True,True,1.282,4B_TRAP,False,True,H7_TRAP,7673.0,spike,19.57,,0.409,-1.175,-1.226,STOP,False,False,False
2026-07-16T11:50:00,CRUDEOIL,2026-07-16,cycles_resampled,train,CHOP,OPENING_DRIVE,LONG,0.9091,1.875,1.0,0.0,0.0,1.228,7664.53,13.47,1.103,12.2143,False,True,True,False,False,False,True,0.616,4B_TRAP,False,True,AMBIG,7678.0,early,15.45,0.19,0.065,-1.683,-1.748,STOP,False,False,False
2026-07-16T12:35:00,CRUDEOIL,2026-07-16,cycles_resampled,train,CHOP,OPENING_DRIVE,SHORT,0.9286,1.875,0.9333,0.0,0.0667,1.016,7665.0,8.0,0.58,13.7857,True,True,True,True,False,False,False,0.0,4B_TRAP,True,False,H1_CONT,7657.0,early,14.45,0.73,1.038,-1.799,-1.869,STOP,False,False,False
2026-07-16T12:40:00,CRUDEOIL,2026-07-16,cycles_resampled,train,CHOP,OPENING_DRIVE,SHORT,0.9535,2.0,0.875,0.125,0.0,0.961,7646.0,3.0,0.206,14.5714,False,False,False,False,True,True,True,2.539,4B_TRAP,False,True,H7_TRAP,7643.0,spike,16.48,0.79,0.061,-2.427,-2.488,STOP,False,False,False
2026-07-16T12:55:00,CRUDEOIL,2026-07-16,cycles_resampled,train,CHOP,OPENING_DRIVE,LONG,1.0,3.25,1.0,0.0,0.0,1.857,7681.0,2.0,0.143,14.0,False,False,False,False,True,True,True,0.786,4B_TRAP,False,True,H7_TRAP,7683.0,spike,26.78,,0.0,-1.008,-1.046,STOP,False,False,False
2026-07-16T14:00:00,CRUDEOIL,2026-07-16,cycles_resampled,train,CHOP,FAILED_BREAKOUT,LONG,0.9153,1.875,0.9333,0.0667,0.0,1.12,7669.2,1.8,0.144,12.5,True,True,True,False,False,False,True,0.576,4B_TRAP,True,True,H1_CONT,7671.0,spike,14.45,0.21,0.346,-1.522,-1.592,STOP,False,False,False
2026-07-16T14:05:00,CRUDEOIL,2026-07-16,cycles_resampled,train,CHOP,FAILED_BREAKDOWN,LONG,0.9167,1.765,0.3333,0.0667,0.6,0.427,7674.0,1.0,0.085,11.7143,False,False,False,False,True,True,True,1.024,4B_TRAP,False,True,H7_TRAP,7675.0,spike,14.45,0.55,0.0,-1.176,-1.246,STOP,False,False,False
2026-07-16T14:20:00,CRUDEOIL,2026-07-16,cycles_resampled,train,CHOP,FAILED_BREAKOUT,LONG,0.9206,1.875,1.0,0.0,0.0,1.321,7670.0,3.0,0.264,11.3571,False,False,False,False,True,True,True,3.17,4B_TRAP,False,True,H7_TRAP,7673.0,spike,15.45,0.19,0.0,-1.553,-1.618,STOP,False,False,False
2026-07-16T14:25:00,CRUDEOIL,2026-07-16,cycles_resampled,train,CHOP,FAILED_BREAKDOWN,SHORT,0.9844,2.588,1.0,0.0,0.0,1.822,7649.32,0.32,0.027,12.0714,True,True,True,True,False,False,False,0.0,4B_TRAP,True,False,H1_CONT,7649.0,spike,22.66,0.84,1.589,-1.192,-1.236,STOP,False,False,False
2026-07-16T14:30:00,CRUDEOIL,2026-07-16,cycles_resampled,train,CHOP,FAILED_BREAKOUT,SHORT,0.9385,1.889,0.7059,0.2941,0.0,0.939,7649.0,15.0,1.173,12.7857,False,True,True,True,False,False,False,0.0,4B_TRAP,False,False,AMBIG,7634.0,early,17.51,0.23,1.199,-1.599,-1.656,STOP,False,False,False
2026-07-16T14:40:00,CRUDEOIL,2026-07-16,cycles_resampled,train,CHOP,FAILED_BREAKOUT,SHORT,1.0,3.0,1.0,0.0,0.0,1.89,7621.0,8.0,0.56,14.2857,False,False,False,False,True,True,True,1.33,4B_TRAP,False,True,H7_TRAP,7613.0,spike,27.81,,0.0,-1.33,-1.366,STOP,False,False,False
2026-07-16T14:55:00,CRUDEOIL,2026-07-16,cycles_resampled,train,CHOP,FAILED_BREAKOUT,SHORT,0.9429,2.0,0.8947,0.0,0.1053,1.087,7640.0,9.0,0.575,15.6429,False,False,False,False,False,True,True,1.662,4B_TRAP,False,True,H7_TRAP,7631.0,spike,17.57,1.02,0.341,-1.764,-1.821,STOP,False,False,False
2026-07-16T15:05:00,CRUDEOIL,2026-07-16,cycles_resampled,train,CHOP,FAILED_BREAKOUT,LONG,0.9028,1.8,0.7778,0.0,0.2222,0.82,7650.0,12.0,0.703,17.0714,True,True,True,True,False,False,False,0.0,4A_CONT,True,False,H1_CONT,7662.0,early,18.54,0.62,3.452,-0.809,2.946,T3,True,True,False
2026-07-16T17:20:00,CRUDEOIL,2026-07-16,cycles_resampled,train,CHOP,FAILED_BREAKOUT,LONG,0.9293,2.0,0.0,0.2778,0.7222,0.0,7683.0,14.0,1.14,12.2857,False,True,True,True,False,False,False,0.0,4A_CONT,False,False,AMBIG,7697.0,early,13.54,,3.471,-0.96,2.926,T3,True,True,False
2026-07-16T17:25:00,CRUDEOIL,2026-07-16,cycles_resampled,train,CHOP,TRENDING,SHORT,0.93,2.0,0.3889,0.6111,0.0,0.551,7684.0,0.0,0.0,12.7143,False,False,False,False,True,True,True,2.674,4B_TRAP,False,True,H7_TRAP,7684.0,spike,18.54,1.4,0.0,-1.025,-1.079,STOP,False,False,False
2026-07-16T18:00:00,CRUDEOIL,2026-07-16,cycles_resampled,train,CHOP,TRENDING,LONG,1.0,2.7,0.3333,0.3704,0.2963,0.519,7702.0,59.0,3.399,17.3571,True,True,True,True,False,False,False,0.0,4B_TRAP,False,False,H1_WEAK,7761.0,early,17.81,0.73,2.077,-1.628,-1.684,STOP,True,False,False
2026-07-16T18:15:00,CRUDEOIL,2026-07-16,cycles_resampled,train,CHOP,TRENDING,SHORT,1.0,3.5,0.7714,0.0,0.2286,1.437,7769.0,16.0,0.852,18.7857,False,True,False,False,False,True,True,0.958,4B_TRAP,False,True,H7_TRAP,7753.0,early,28.05,0.32,0.0,-1.604,-1.64,STOP,False,False,False
2026-07-16T18:30:00,CRUDEOIL,2026-07-16,cycles_resampled,train,CHOP,TRENDING,LONG,0.9912,3.4,0.6765,0.3235,0.0,1.224,7780.0,7.0,0.373,18.7857,False,False,False,False,True,True,True,1.171,4B_TRAP,False,True,H7_TRAP,7787.0,spike,24.02,,0.0,-1.291,-1.332,STOP,False,False,False
2026-07-16T18:55:00,CRUDEOIL,2026-07-16,cycles_resampled,train,CHOP,TRENDING,SHORT,0.9492,2.0,1.0,0.0,0.0,1.033,7752.0,20.0,1.033,19.3571,False,True,True,True,False,False,False,0.0,4A_CONT,False,False,AMBIG,7732.0,early,20.6,4.0,3.01,-0.922,2.951,T3,True,True,False
2026-07-16T19:00:00,CRUDEOIL,2026-07-16,cycles_resampled,train,CHOP,FAILED_BREAKOUT,LONG,0.9832,2.7,0.5185,0.0,0.4815,0.693,7672.74,76.26,3.773,20.2143,False,True,True,True,False,False,False,0.0,4B_TRAP,False,False,AMBIG,7749.0,early,27.81,1.76,0.072,-1.223,-1.259,STOP,False,False,False
2026-07-16T19:05:00,CRUDEOIL,2026-07-16,cycles_resampled,train,CHOP,TRENDING,SHORT,0.95,2.2,0.8636,0.1364,0.0,0.967,7752.0,23.0,1.171,19.6429,True,True,True,True,False,False,False,0.0,4A_CONT,True,False,H1_CONT,7729.0,early,22.66,3.67,3.266,-0.441,2.956,T3,True,True,False
2026-07-16T19:30:00,CRUDEOIL,2026-07-16,cycles_resampled,train,CHOP,FAILED_BREAKOUT,SHORT,0.96,2.364,1.0,0.0,0.0,1.338,7709.0,7.0,0.36,19.4286,False,True,False,False,False,True,True,0.257,4B_TRAP,False,True,H7_TRAP,7702.0,early,26.78,2.1,0.373,-1.382,-1.419,STOP,False,False,False
2026-07-16T19:50:00,CRUDEOIL,2026-07-16,cycles_resampled,train,CHOP,FAILED_BREAKOUT,LONG,0.9845,3.0,0.8182,0.1818,0.0,1.437,7728.0,5.0,0.266,18.7857,False,False,False,False,True,True,True,0.958,4B_TRAP,False,True,H7_TRAP,7733.0,spike,27.99,2.32,0.0,-1.036,-1.072,STOP,False,False,False
2026-07-16T21:30:00,CRUDEOIL,2026-07-16,cycles_resampled,train,CHOP,FAILED_BREAKOUT,LONG,0.9463,2.182,1.0,0.0,0.0,1.714,7665.0,15.0,1.071,14.0,False,True,False,False,False,True,True,0.357,4B_TRAP,False,True,H7_TRAP,7680.0,early,24.72,0.17,0.202,-1.092,-1.133,STOP,False,False,False
2026-07-16T21:40:00,CRUDEOIL,2026-07-16,cycles_resampled,train,CHOP,FAILED_BREAKOUT,SHORT,0.9404,2.0,0.5909,0.3182,0.0909,0.901,7676.0,16.0,1.109,14.4286,False,False,False,False,True,True,True,0.624,4B_TRAP,False,True,H7_TRAP,7660.0,spike,20.66,0.24,0.339,-2.711,-2.759,STOP,False,False,False
2026-07-16T21:45:00,CRUDEOIL,2026-07-16,cycles_resampled,train,CHOP,FAILED_BREAKOUT,LONG,0.9803,2.455,0.8519,0.0,0.1481,1.526,7680.0,0.0,0.0,15.0714,False,False,False,False,False,True,True,0.863,4B_TRAP,False,True,H7_TRAP,7680.0,spike,27.81,0.15,1.294,-1.079,-1.115,STOP,False,False,False
2026-07-16T22:40:00,CRUDEOIL,2026-07-16,cycles_resampled,train,CHOP,FAILED_BREAKOUT,LONG,0.9387,2.182,0.625,0.375,0.0,0.861,7624.0,19.0,1.09,17.4286,False,False,False,False,True,True,True,0.631,4B_TRAP,False,True,H7_TRAP,7643.0,spike,15.72,1.78,0.064,-1.463,-1.527,STOP,False,False,False
2026-07-16T22:45:00,CRUDEOIL,2026-07-16,cycles_resampled,train,CHOP,FAILED_BREAKOUT,SHORT,0.939,2.182,1.0,0.0,0.0,1.297,7628.0,8.0,0.432,18.5,True,True,True,False,False,False,True,0.162,4X_AMBIG,True,False,H1_CONT,7620.0,early,24.72,0.36,0.93,-0.607,0.769,EOD,False,False,False
2026-07-16T23:00:00,CRUDEOIL,2026-07-16,cycles_resampled,train,CHOP,FAILED_BREAKOUT,LONG,0.9042,1.909,0.4762,0.1905,0.3333,0.657,7618.0,13.0,0.854,15.2143,False,True,False,False,False,True,True,0.197,4B_TRAP,False,True,H7_TRAP,7631.0,early,17.63,1.19,0.0,-1.758,-1.815,STOP,False,False,False
2026-07-17T10:40:00,CRUDEOIL,2026-07-17,cycles_resampled,train,TREND_UP,OPENING_DRIVE,SHORT,0.9,1.167,1.0,0.0,0.0,1.101,7682.03,5.03,0.791,6.3571,False,True,True,True,False,False,False,0.0,4A_CONT,False,False,AMBIG,7677.0,early,7.21,0.97,10.68,-0.693,2.861,T3,True,True,True
2026-07-17T10:55:00,CRUDEOIL,2026-07-17,cycles_resampled,train,TREND_UP,OPENING_DRIVE,SHORT,0.9565,1.667,0.8,0.0,0.2,1.191,7670.0,1.0,0.149,6.7143,True,False,False,False,True,True,True,0.447,4B_TRAP,False,True,H7_TRAP,7669.0,early,8.3,,0.0,-1.566,-1.687,STOP,False,False,False
2026-07-17T11:00:00,CRUDEOIL,2026-07-17,cycles_resampled,train,TREND_UP,OPENING_DRIVE,SHORT,0.9583,1.667,0.1,0.8,0.1,0.136,7677.0,4.0,0.544,7.3571,True,True,True,True,False,False,False,0.0,4A_CONT,False,False,H1_WEAK,7673.0,early,9.3,0.65,7.849,0.0,2.892,T3,True,True,True
2026-07-17T11:10:00,CRUDEOIL,2026-07-17,cycles_resampled,train,TREND_UP,OPENING_DRIVE,SHORT,1.0,8.308,0.6852,0.0,0.3148,3.178,7657.0,40.0,3.436,11.6429,True,True,True,True,False,False,False,0.0,4B_TRAP,True,False,H1_CONT,7617.0,early,38.62,,1.036,-1.036,-1.062,STOP,False,False,False
2026-07-17T11:15:00,CRUDEOIL,2026-07-17,cycles_resampled,train,TREND_UP,TRENDING,SHORT,0.9259,2.0,0.6429,0.0714,0.2857,0.728,7600.0,-3.0,-0.243,12.3571,False,False,False,False,True,True,True,2.509,4B_TRAP,False,True,H7_TRAP,7603.0,spike,10.42,0.29,0.0,-2.687,-2.783,STOP,False,False,False
2026-07-17T11:20:00,CRUDEOIL,2026-07-17,cycles_resampled,train,TREND_UP,TRENDING,LONG,0.9643,3.286,1.0,0.0,0.0,1.643,7613.0,18.0,1.286,14.0,False,True,False,False,False,True,True,2.5,4B_TRAP,False,True,H7_TRAP,7631.0,early,23.69,2.15,0.0,-1.731,-1.773,STOP,False,False,False
2026-07-17T11:30:00,CRUDEOIL,2026-07-17,cycles_resampled,train,TREND_UP,TRENDING,SHORT,0.9667,4.0,0.8571,0.0,0.1429,1.455,7599.0,5.0,0.303,16.5,False,True,True,False,False,False,True,0.606,4B_TRAP,False,True,AMBIG,7594.0,early,24.84,,0.684,-1.369,-1.409,STOP,False,False,False
2026-07-17T11:45:00,CRUDEOIL,2026-07-17,cycles_resampled,train,TREND_UP,TRENDING,LONG,0.9394,3.286,0.7391,0.0,0.2609,0.895,7585.0,24.0,1.263,19.0,False,True,True,True,False,False,False,0.0,4A_CONT,False,False,AMBIG,7609.0,early,23.69,0.93,3.377,-0.38,2.958,T3,True,True,False
2026-07-17T11:55:00,CRUDEOIL,2026-07-17,cycles_resampled,train,TREND_UP,TRENDING,LONG,0.9429,3.857,1.0,0.0,0.0,1.312,7612.0,16.0,0.778,20.5714,False,True,True,True,False,False,False,0.0,4A_CONT,False,False,AMBIG,7628.0,early,27.81,0.11,3.883,-0.467,2.964,T3,True,True,False
2026-07-17T12:05:00,CRUDEOIL,2026-07-17,cycles_resampled,train,TREND_UP,FAILED_BREAKOUT,LONG,0.973,4.0,1.0,0.0,0.0,1.241,7628.0,29.0,1.285,22.5714,False,True,True,True,False,False,False,0.0,4A_CONT,False,False,AMBIG,7657.0,early,28.84,1.62,3.155,-0.936,2.965,T3,True,True,False
2026-07-17T13:45:00,CRUDEOIL,2026-07-17,cycles_resampled,train,TREND_UP,FAILED_BREAKOUT,SHORT,0.9298,3.429,1.0,0.0,0.0,1.655,7646.0,6.0,0.414,14.5,False,False,False,False,True,True,True,2.828,4B_TRAP,False,True,H7_TRAP,7640.0,spike,24.72,0.4,0.0,-1.214,-1.254,STOP,False,False,False
2026-07-17T13:50:00,CRUDEOIL,2026-07-17,cycles_resampled,train,TREND_UP,FAILED_BREAKOUT,LONG,0.9828,4.0,1.0,0.0,0.0,1.867,7667.0,3.0,0.187,16.0714,True,True,True,True,False,False,False,0.0,4A_CONT,True,False,H1_CONT,7670.0,early,30.9,1.0,3.074,-0.129,2.968,T3,True,True,False
2026-07-17T17:05:00,CRUDEOIL,2026-07-17,cycles_resampled,train,TREND_UP,FAILED_BREAKDOWN,SHORT,0.9485,2.4,1.0,0.0,0.0,2.074,7766.0,2.0,0.173,11.5714,True,True,False,False,False,False,True,1.296,4B_TRAP,True,True,H1_WEAK,7764.0,early,24.72,7.47,0.324,-1.052,-1.092,STOP,False,False,False
2026-07-17T18:30:00,CRUDEOIL,2026-07-17,cycles_resampled,train,TREND_UP,FAILED_BREAKDOWN,LONG,1.0,5.4,1.0,0.0,0.0,3.301,7808.0,46.0,2.812,16.3571,False,True,True,True,False,False,False,0.0,4B_TRAP,False,False,AMBIG,7854.0,early,55.62,,0.611,-1.133,-1.151,STOP,False,False,False
2026-07-17T18:40:00,CRUDEOIL,2026-07-17,cycles_resampled,train,TREND_UP,TRENDING,LONG,0.9138,2.2,1.0,0.0,0.0,1.189,7752.66,97.34,5.262,18.5,True,True,True,True,False,False,False,0.0,4B_TRAP,True,False,H1_CONT,7850.0,early,22.66,0.18,0.706,-1.015,-1.059,STOP,False,False,False
2026-07-17T19:05:00,CRUDEOIL,2026-07-17,cycles_resampled,train,TREND_UP,TRENDING,SHORT,0.9752,2.8,1.0,0.0,0.0,1.366,7855.0,26.0,1.268,20.5,False,False,False,False,True,True,True,1.073,4B_TRAP,False,True,H7_TRAP,7829.0,spike,28.84,0.03,0.069,-1.248,-1.283,STOP,False,False,False
2026-07-17T19:10:00,CRUDEOIL,2026-07-17,cycles_resampled,train,TREND_UP,TRENDING,LONG,0.9836,2.857,1.0,0.0,0.0,1.395,7857.0,0.0,0.0,21.5,True,False,False,False,False,False,False,0.0,4B_TRAP,False,False,AMBIG,7857.0,early,30.9,0.29,1.003,-1.294,-1.327,STOP,False,False,False
2026-07-17T19:35:00,CRUDEOIL,2026-07-17,cycles_resampled,train,TREND_UP,TRENDING,SHORT,0.9843,3.091,1.0,0.0,0.0,1.556,7873.0,19.0,0.869,21.8571,False,False,False,False,True,True,True,0.092,4B_TRAP,False,True,H7_TRAP,7854.0,early,35.02,0.77,2.913,-1.399,-1.428,STOP,True,False,False
2026-07-17T20:30:00,CRUDEOIL,2026-07-17,cycles_resampled,train,TREND_UP,FAILED_BREAKDOWN,SHORT,0.9203,2.091,0.9565,0.0435,0.0,1.242,7791.0,19.0,1.073,17.7143,False,True,True,False,False,False,True,0.169,4B_TRAP,False,True,AMBIG,7772.0,early,23.69,8.09,0.844,-1.393,-1.435,STOP,False,False,False
2026-07-17T20:40:00,CRUDEOIL,2026-07-17,cycles_resampled,train,TREND_UP,FAILED_BREAKOUT,LONG,0.9214,2.091,0.8696,0.1304,0.0,1.065,7774.61,-2.61,-0.139,18.7857,True,False,False,False,False,False,False,0.0,4A_CONT,False,False,AMBIG,7772.0,early,20.69,0.13,3.673,0.0,2.952,T3,True,True,False
2026-07-17T20:50:00,CRUDEOIL,2026-07-17,cycles_resampled,train,TREND_UP,FAILED_BREAKOUT,LONG,0.9648,2.545,0.7857,0.0,0.2143,1.154,7805.0,4.0,0.21,19.0714,True,True,True,True,False,False,False,0.0,4A_CONT,True,False,H1_CONT,7809.0,early,28.84,1.25,3.259,0.0,2.965,T3,True,True,False
2026-07-17T21:00:00,CRUDEOIL,2026-07-17,cycles_resampled,train,TREND_UP,FAILED_BREAKDOWN,LONG,0.9861,3.273,1.0,0.0,0.0,1.768,7845.0,3.0,0.147,20.3571,True,True,False,False,False,True,True,0.295,4A_CONT,False,False,H7_TRAP,7848.0,spike,37.08,1.08,2.994,-0.539,2.859,EOD,True,False,False
2026-07-17T21:30:00,CRUDEOIL,2026-07-17,cycles_resampled,train,TREND_UP,TRENDING,LONG,1.0,4.833,0.9483,0.0517,0.0,2.278,7888.0,12.0,0.497,24.1429,True,True,True,True,False,False,False,0.0,4X_AMBIG,True,False,H1_CONT,7900.0,spike,56.74,,1.04,-0.247,0.952,EOD,False,False,False
2026-07-17T21:35:00,CRUDEOIL,2026-07-17,cycles_resampled,train,TREND_UP,TRENDING,LONG,0.9536,2.417,0.0345,0.3448,0.6207,0.041,7903.0,2.0,0.082,24.3571,False,True,False,False,False,True,True,0.082,4A_CONT,False,False,H7_TRAP,7905.0,early,19.87,,2.718,-0.604,2.466,EOD,True,False,False
2026-07-17T22:20:00,CRUDEOIL,2026-07-17,cycles_resampled,train,TREND_UP,TRENDING,LONG,0.925,2.25,1.0,0.0,0.0,1.432,7920.0,1.0,0.053,18.8571,False,True,False,False,False,True,True,0.53,4X_AMBIG,False,False,H7_TRAP,7921.0,early,27.81,,1.366,-0.575,1.187,EOD,False,False,False
2026-07-20T10:20:00,CRUDEOIL,2026-07-20,cycles_resampled,train,CHOP,OPENING_DRIVE,LONG,1.0,2.625,0.9524,0.0,0.0476,2.014,8130.0,13.0,1.309,9.9286,False,False,False,False,True,True,True,0.504,4B_TRAP,False,True,H7_TRAP,8143.0,spike,21.63,0.31,0.0,-1.017,-1.063,STOP,False,False,False
2026-07-20T10:55:00,CRUDEOIL,2026-07-20,cycles_resampled,train,CHOP,OPENING_DRIVE,LONG,0.9565,2.25,0.7778,0.2222,0.0,1.543,8142.6,-2.6,-0.287,9.0714,False,False,False,False,True,True,True,2.381,4B_TRAP,False,True,H7_TRAP,8140.0,early,14.54,0.18,0.138,-1.307,-1.376,STOP,False,False,False
2026-07-20T11:10:00,CRUDEOIL,2026-07-20,cycles_resampled,train,CHOP,OPENING_DRIVE,LONG,1.0,2.625,1.0,0.0,0.0,1.897,8133.0,9.0,0.813,11.0714,True,True,True,True,False,False,False,0.0,4B_TRAP,True,False,H1_CONT,8142.0,early,21.63,0.01,2.497,-2.45,-2.497,STOP,True,False,False
2026-07-20T11:45:00,CRUDEOIL,2026-07-20,cycles_resampled,train,CHOP,TRENDING,LONG,0.9394,2.111,0.6316,0.1053,0.2632,0.908,8185.0,5.0,0.378,13.2143,False,False,False,False,True,True,True,1.892,4B_TRAP,False,True,H7_TRAP,8190.0,spike,17.57,,0.341,-1.366,-1.423,STOP,False,False,False
2026-07-20T11:50:00,CRUDEOIL,2026-07-20,cycles_resampled,train,CHOP,TRENDING,SHORT,1.0,3.158,0.9333,0.0667,0.0,1.894,8173.0,7.0,0.473,14.7857,True,True,True,False,False,False,True,0.744,4A_CONT,True,False,H1_CONT,8166.0,spike,30.9,0.87,3.236,-0.777,2.968,T3,True,True,False
2026-07-20T12:10:00,CRUDEOIL,2026-07-20,cycles_resampled,train,CHOP,TRENDING,SHORT,1.0,3.1,0.6452,0.0,0.3548,1.197,8160.0,-10.0,-0.598,16.7143,True,False,False,False,False,False,True,0.718,4A_CONT,False,False,AMBIG,8170.0,early,20.93,0.48,3.87,-0.956,2.952,T3,True,True,False
2026-07-20T12:25:00,CRUDEOIL,2026-07-20,cycles_resampled,train,CHOP,FAILED_BREAKOUT,LONG,0.9024,1.9,0.7895,0.0,0.2105,0.901,8159.0,13.0,0.781,16.6429,True,False,False,False,True,True,True,0.481,4B_TRAP,False,True,H7_TRAP,8172.0,spike,19.57,0.92,0.0,-1.124,-1.175,STOP,False,False,False
2026-07-20T12:35:00,CRUDEOIL,2026-07-20,cycles_resampled,train,CHOP,FAILED_BREAKOUT,LONG,1.0,3.9,0.9487,0.0513,0.0,1.97,8172.0,16.0,0.852,18.7857,False,True,False,False,False,True,True,2.608,4B_TRAP,False,True,H7_TRAP,8188.0,spike,38.17,0.21,0.0,-1.703,-1.729,STOP,False,False,False
2026-07-20T12:50:00,CRUDEOIL,2026-07-20,cycles_resampled,train,CHOP,TRENDING,SHORT,0.9348,2.762,1.0,0.0,0.0,1.381,8150.0,27.0,1.286,21.0,True,True,True,True,False,False,False,0.0,4A_CONT,True,False,H1_CONT,8123.0,early,29.87,0.09,3.984,0.0,2.967,T3,True,True,False
2026-07-20T12:55:00,CRUDEOIL,2026-07-20,cycles_resampled,train,CHOP,FAILED_BREAKOUT,SHORT,0.9149,2.091,0.7391,0.2609,0.0,0.77,8118.0,29.0,1.314,22.0714,True,True,True,True,False,False,False,0.0,4A_CONT,True,False,H1_CONT,8089.0,early,23.69,,3.588,0.0,2.958,T3,True,True,False
2026-07-20T13:10:00,CRUDEOIL,2026-07-20,cycles_resampled,train,CHOP,FAILED_BREAKOUT,SHORT,0.98,2.818,1.0,0.0,0.0,1.236,8052.0,48.0,1.915,25.0714,False,True,True,True,False,False,False,0.0,4A_CONT,False,False,AMBIG,8004.0,early,31.93,,3.069,-0.783,2.969,T3,True,True,False
2026-07-20T13:40:00,CRUDEOIL,2026-07-20,cycles_resampled,train,CHOP,TRENDING,SHORT,0.9643,2.87,0.8788,0.1212,0.0,1.044,7954.0,13.0,0.468,27.7857,True,True,True,True,False,False,False,0.0,4A_CONT,True,False,H1_CONT,7941.0,early,33.99,,4.531,-0.647,2.971,T3,True,True,False
2026-07-20T14:15:00,CRUDEOIL,2026-07-20,cycles_resampled,train,CHOP,TRENDING,SHORT,0.9206,2.5,1.0,0.0,0.0,1.2,7905.0,9.0,0.36,25.0,False,False,False,False,True,True,True,0.88,4B_TRAP,False,True,H7_TRAP,7896.0,spike,30.9,,0.032,-1.003,-1.036,STOP,False,False,False
2026-07-20T16:30:00,CRUDEOIL,2026-07-20,cycles_resampled,train,CHOP,TRENDING,SHORT,0.9111,2.24,1.0,0.0,0.0,1.941,7931.84,16.84,1.167,14.4286,False,True,False,False,False,True,True,0.566,4B_TRAP,False,True,H7_TRAP,7915.0,early,28.84,0.45,0.069,-1.075,-1.11,STOP,False,False,False
2026-07-20T17:00:00,CRUDEOIL,2026-07-20,cycles_resampled,train,CHOP,TRENDING,SHORT,1.0,5.833,0.8429,0.0714,0.0857,2.691,7875.0,82.0,3.739,21.9286,True,True,True,True,False,False,False,0.0,4B_TRAP,True,False,H1_CONT,7793.0,early,66.1,,0.666,-1.952,-1.967,STOP,False,False,False
2026-07-20T17:05:00,CRUDEOIL,2026-07-20,cycles_resampled,train,CHOP,TRENDING,SHORT,0.9588,2.667,0.4062,0.5938,0.0,0.547,7787.0,25.0,1.051,23.7857,False,True,False,False,False,True,True,1.177,4B_TRAP,False,True,H7_TRAP,7762.0,early,32.96,,0.394,-1.608,-1.638,STOP,False,False,False
2026-07-20T17:15:00,CRUDEOIL,2026-07-20,cycles_resampled,train,CHOP,TRENDING,LONG,0.9899,3.833,1.0,0.0,0.0,1.708,7768.0,47.0,1.745,26.9286,False,True,True,True,False,False,False,0.0,4A_CONT,False,False,AMBIG,7815.0,early,47.38,2.76,3.208,-0.211,2.979,T3,True,True,False
2026-07-20T17:30:00,CRUDEOIL,2026-07-20,cycles_resampled,train,CHOP,TRENDING,LONG,1.0,7.259,0.8673,0.1327,0.0,2.459,7825.0,84.0,2.43,34.5714,True,True,True,True,False,False,False,0.0,4X_AMBIG,True,False,H1_CONT,7909.0,early,87.94,0.42,1.171,-0.193,1.046,EOD,False,False,False
2026-07-20T17:40:00,CRUDEOIL,2026-07-20,cycles_resampled,train,CHOP,FAILED_BREAKOUT,SHORT,0.9423,2.286,0.5312,0.375,0.0938,0.483,7911.0,-1.0,-0.028,35.2143,False,False,False,False,True,True,True,1.59,4B_TRAP,False,True,H7_TRAP,7912.0,spike,29.96,3.57,0.067,-1.836,-1.869,STOP,False,False,False
2026-07-20T18:10:00,CRUDEOIL,2026-07-20,cycles_resampled,train,CHOP,FAILED_BREAKOUT,LONG,0.9273,2.214,0.5806,0.4194,0.0,0.551,7979.0,-3.0,-0.092,32.6429,False,False,False,False,True,True,True,1.164,4B_TRAP,False,True,H7_TRAP,7976.0,spike,18.93,0.16,0.158,-2.377,-2.43,STOP,False,False,False
2026-07-20T18:15:00,CRUDEOIL,2026-07-20,cycles_resampled,train,CHOP,FAILED_BREAKOUT,SHORT,0.982,3.429,0.7292,0.0625,0.2083,1.036,7939.0,-2.0,-0.059,33.7857,False,False,False,False,True,True,True,1.036,4B_TRAP,False,True,H7_TRAP,7941.0,spike,39.44,0.05,0.0,-1.141,-1.166,STOP,False,False,False
2026-07-20T18:30:00,CRUDEOIL,2026-07-20,cycles_resampled,train,CHOP,FAILED_BREAKOUT,SHORT,0.9211,2.214,0.8065,0.1935,0.0,0.726,7963.0,30.0,0.871,34.4286,False,True,True,True,False,False,False,0.0,4B_TRAP,False,False,AMBIG,7933.0,early,31.93,0.06,1.284,-1.253,-1.284,STOP,False,False,False
2026-07-20T20:30:00,CRUDEOIL,2026-07-20,cycles_resampled,train,CHOP,FAILED_BREAKOUT,SHORT,0.9058,2.0,1.0,0.0,0.0,1.377,7957.0,12.0,0.551,21.7857,True,True,True,True,False,False,False,0.0,4B_TRAP,True,False,H1_CONT,7945.0,early,30.9,1.23,1.327,-1.65,-1.683,STOP,False,False,False
2026-07-20T20:35:00,CRUDEOIL,2026-07-20,cycles_resampled,train,CHOP,FAILED_BREAKOUT,SHORT,0.964,2.6,0.8205,0.1795,0.0,1.31,7945.0,32.0,1.31,24.4286,False,True,True,True,False,False,False,0.0,4B_TRAP,False,False,AMBIG,7913.0,early,40.17,0.15,0.224,-1.394,-1.419,STOP,False,False,False
2026-07-20T22:10:00,CRUDEOIL,2026-07-20,cycles_resampled,train,CHOP,FAILED_BREAKOUT,SHORT,0.9873,3.467,0.3846,0.6154,0.0,1.279,7944.0,-20.0,-1.279,15.6429,True,False,False,False,False,True,True,1.534,4B_TRAP,False,True,H7_TRAP,7964.0,spike,33.56,1.79,0.685,-1.073,-1.103,STOP,False,False,False
2026-07-21T10:05:00,CRUDEOIL,2026-07-21,cycles_resampled,train,TREND_UP,OPENING_DRIVE,SHORT,0.9167,1.714,0.9167,0.0,0.0833,1.305,7941.0,1.0,0.119,8.4286,False,False,False,False,False,True,True,0.119,4B_TRAP,False,True,H7_TRAP,7940.0,spike,11.36,1.06,0.352,-1.673,-1.761,STOP,False,False,False
2026-07-21T11:00:00,CRUDEOIL,2026-07-21,cycles_resampled,train,TREND_UP,OPENING_DRIVE,SHORT,1.0,2.6,0.5385,0.0,0.4615,0.86,7950.0,-3.0,-0.368,8.1429,True,False,False,False,True,True,True,0.123,4A_CONT,False,False,H7_TRAP,7953.0,early,7.39,0.41,3.112,-0.135,2.865,T3,True,True,False
2026-07-21T11:10:00,CRUDEOIL,2026-07-21,cycles_resampled,train,TREND_UP,OPENING_DRIVE,SHORT,1.0,3.0,0.8,0.2,0.0,1.448,7938.04,8.04,0.97,8.2857,True,True,True,True,False,False,False,0.0,4B_TRAP,True,False,H1_CONT,7930.0,spike,15.45,0.52,1.294,-1.553,-1.618,STOP,False,False,False
2026-07-21T11:15:00,CRUDEOIL,2026-07-21,cycles_resampled,train,TREND_UP,OPENING_DRIVE,SHORT,1.0,4.0,0.9091,0.0909,0.0,2.24,7922.0,4.0,0.448,8.9286,False,True,False,False,False,True,True,1.008,4B_TRAP,False,True,H7_TRAP,7918.0,spike,22.66,,0.353,-1.059,-1.103,STOP,False,False,False
2026-07-21T11:25:00,CRUDEOIL,2026-07-21,cycles_resampled,train,TREND_UP,TRENDING,LONG,0.9643,2.833,1.0,0.0,0.0,1.712,7922.0,9.0,0.906,9.9286,False,True,True,True,False,False,False,0.0,4B_TRAP,False,False,AMBIG,7931.0,early,17.51,1.66,0.514,-1.199,-1.256,STOP,False,False,False
2026-07-21T11:40:00,CRUDEOIL,2026-07-21,cycles_resampled,train,TREND_UP,OPENING_DRIVE,LONG,0.9032,2.167,0.6923,0.3077,0.0,0.857,7935.0,1.0,0.095,10.5,False,False,False,False,True,True,True,2.0,4B_TRAP,False,True,H7_TRAP,7936.0,spike,9.39,2.45,0.0,-1.704,-1.81,STOP,False,False,False
2026-07-21T11:45:00,CRUDEOIL,2026-07-21,cycles_resampled,train,TREND_UP,OPENING_DRIVE,LONG,0.9375,2.143,0.2667,0.0,0.7333,0.373,7935.0,-4.0,-0.373,10.7143,False,False,False,False,True,True,True,1.96,4B_TRAP,False,True,H7_TRAP,7931.0,spike,11.45,0.35,0.349,-1.485,-1.572,STOP,False,False,False
2026-07-21T11:55:00,CRUDEOIL,2026-07-21,cycles_resampled,train,TREND_UP,OPENING_DRIVE,SHORT,0.9412,2.0,1.0,0.0,0.0,1.409,7914.0,0.0,0.0,11.3571,False,False,False,False,True,True,True,1.057,4B_TRAP,False,True,H7_TRAP,7914.0,spike,16.48,,0.243,-1.214,-1.274,STOP,False,False,False
2026-07-21T12:40:00,CRUDEOIL,2026-07-21,cycles_resampled,train,TREND_UP,OPENING_DRIVE,LONG,1.0,2.75,0.9091,0.0909,0.0,1.657,7966.0,13.0,1.077,12.0714,True,True,True,True,False,False,False,0.0,4B_TRAP,True,False,H1_CONT,7979.0,early,20.66,,1.791,-1.791,-1.839,STOP,False,False,False
2026-07-21T13:00:00,CRUDEOIL,2026-07-21,cycles_resampled,train,TREND_UP,TRENDING,SHORT,1.0,5.875,0.9149,0.0851,0.0,2.951,7990.0,21.0,1.441,14.5714,True,True,True,True,False,False,False,0.0,4B_TRAP,True,False,H1_CONT,7969.0,early,48.41,0.86,2.169,-1.281,-1.301,STOP,True,False,False
2026-07-21T13:05:00,CRUDEOIL,2026-07-21,cycles_resampled,train,TREND_UP,FAILED_BREAKDOWN,LONG,0.9375,2.5,0.4,0.0,0.6,0.521,7958.03,-4.03,-0.262,15.3571,True,False,False,False,True,True,True,2.607,4B_TRAP,False,True,H7_TRAP,7954.0,spike,12.6,0.32,0.0,-1.667,-1.746,STOP,False,False,False
2026-07-21T13:20:00,CRUDEOIL,2026-07-21,cycles_resampled,train,TREND_UP,FAILED_BREAKOUT,SHORT,0.9804,2.75,0.7727,0.2273,0.0,0.926,7919.0,1.0,0.054,18.3571,True,True,True,True,False,False,False,0.0,4B_TRAP,True,False,H1_CONT,7918.0,early,22.66,0.35,2.383,-1.677,-1.721,STOP,True,False,False
2026-07-21T13:30:00,CRUDEOIL,2026-07-21,cycles_resampled,train,TREND_UP,FAILED_BREAKOUT,SHORT,0.9811,3.375,0.963,0.037,0.0,1.319,7909.0,21.0,1.065,19.7143,True,True,True,True,False,False,False,0.0,4B_TRAP,True,False,H1_CONT,7888.0,early,27.81,,0.863,-1.33,-1.366,STOP,False,False,False
2026-07-21T13:35:00,CRUDEOIL,2026-07-21,cycles_resampled,train,TREND_UP,FAILED_BREAKOUT,SHORT,0.9074,2.353,1.0,0.0,0.0,0.993,7888.0,20.0,0.993,20.1429,True,True,True,True,False,False,False,0.0,4B_TRAP,True,False,H1_CONT,7868.0,early,20.6,,0.194,-1.456,-1.505,STOP,False,False,False
2026-07-21T13:45:00,CRUDEOIL,2026-07-21,cycles_resampled,train,TREND_UP,TRENDING,LONG,0.9107,2.353,0.6,0.4,0.0,0.575,7881.0,-5.0,-0.24,20.8571,True,False,False,False,False,False,False,0.0,4A_CONT,False,False,AMBIG,7876.0,early,12.6,5.08,3.889,0.0,2.921,T3,True,True,False
2026-07-21T13:55:00,CRUDEOIL,2026-07-21,cycles_resampled,train,TREND_UP,FAILED_BREAKOUT,LONG,0.9828,3.0,0.8889,0.0,0.1111,1.135,7898.0,14.0,0.662,21.1429,True,True,True,True,False,False,False,0.0,4A_CONT,True,False,H1_CONT,7912.0,early,27.81,1.01,3.308,-0.18,2.964,T3,True,True,False
2026-07-21T14:15:00,CRUDEOIL,2026-07-21,cycles_resampled,train,TREND_UP,FAILED_BREAKOUT,LONG,0.9032,2.333,0.7619,0.2381,0.0,0.827,7925.0,7.0,0.362,19.3571,True,True,True,False,False,False,True,0.103,4B_TRAP,True,True,H1_CONT,7932.0,early,16.63,1.53,1.443,-1.082,-1.143,STOP,False,False,False
2026-07-21T14:55:00,CRUDEOIL,2026-07-21,cycles_resampled,train,TREND_UP,FAILED_BREAKOUT,LONG,0.9857,3.9,1.0,0.0,0.0,1.936,7954.25,49.75,2.47,20.1429,False,True,True,True,False,False,False,0.0,4B_TRAP,False,False,AMBIG,8004.0,early,40.17,0.3,0.996,-1.195,-1.22,STOP,False,False,False
2026-07-21T15:05:00,CRUDEOIL,2026-07-21,cycles_resampled,train,TREND_UP,FAILED_BREAKDOWN,LONG,0.9583,2.857,1.0,0.0,0.0,1.414,7954.25,56.75,2.675,21.2143,False,True,True,True,False,False,False,0.0,4B_TRAP,False,False,AMBIG,8011.0,early,30.9,0.16,1.068,-1.78,-1.812,STOP,False,False,False
2026-07-21T15:20:00,CRUDEOIL,2026-07-21,cycles_resampled,train,TREND_UP,FAILED_BREAKDOWN,LONG,0.9733,3.0,0.9091,0.0909,0.0,1.325,8016.0,12.0,0.53,22.6429,True,True,True,True,False,False,False,0.0,4B_TRAP,True,False,H1_CONT,8028.0,early,30.99,,0.516,-2.323,-2.356,STOP,False,False,False
2026-07-21T15:40:00,CRUDEOIL,2026-07-21,cycles_resampled,train,TREND_UP,FAILED_BREAKDOWN,SHORT,1.0,6.727,0.6892,0.0,0.3108,2.017,8015.0,36.0,1.424,25.2857,False,True,True,True,False,False,False,0.0,4B_TRAP,False,False,AMBIG,7979.0,early,53.22,1.21,0.0,-1.127,-1.146,STOP,False,False,False
2026-07-21T17:45:00,CRUDEOIL,2026-07-21,cycles_resampled,train,TREND_UP,TRENDING,LONG,0.9712,2.87,1.0,0.0,0.0,1.863,8072.0,27.0,1.524,17.7143,False,True,True,True,False,False,False,0.0,4A_CONT,False,False,AMBIG,8099.0,early,33.99,0.15,3.001,-0.147,2.971,T3,True,True,False
2026-07-21T17:55:00,CRUDEOIL,2026-07-21,cycles_resampled,train,TREND_UP,TRENDING,LONG,0.934,2.25,1.0,0.0,0.0,1.432,8110.0,11.0,0.583,18.8571,False,False,False,False,True,True,True,0.106,4A_CONT,False,False,H7_TRAP,8121.0,early,27.81,,2.877,-0.683,1.079,EOD,True,False,False
2026-07-21T18:30:00,CRUDEOIL,2026-07-21,cycles_resampled,train,TREND_UP,TRENDING,LONG,0.9027,1.917,0.8261,0.0435,0.1304,0.967,8134.0,11.0,0.56,19.6429,True,True,True,True,False,False,False,0.0,4B_TRAP,True,False,H1_CONT,8145.0,spike,22.69,,2.468,-1.058,-1.102,STOP,True,False,False
2026-07-21T19:00:00,CRUDEOIL,2026-07-21,cycles_resampled,train,TREND_UP,TRENDING,SHORT,0.9748,2.75,0.7576,0.2424,0.0,1.326,8150.0,2.0,0.106,18.8571,False,False,False,False,True,True,True,2.333,4B_TRAP,False,True,H7_TRAP,8148.0,spike,33.99,0.53,0.235,-1.353,-1.383,STOP,False,False,False
2026-07-21T19:05:00,CRUDEOIL,2026-07-21,cycles_resampled,train,TREND_UP,TRENDING,LONG,0.9417,2.56,0.5625,0.4062,0.0312,0.937,8157.0,2.0,0.104,19.2143,True,True,True,False,False,False,True,0.104,4B_TRAP,True,True,H1_CONT,8159.0,early,19.96,1.1,1.754,-1.303,-1.353,STOP,False,False,False
2026-07-21T20:00:00,CRUDEOIL,2026-07-21,cycles_resampled,train,TREND_UP,TRENDING,LONG,0.9008,1.923,1.0,0.0,0.0,1.036,8194.0,1.0,0.041,24.1429,False,False,False,False,True,True,True,1.781,4B_TRAP,False,True,H7_TRAP,8195.0,spike,25.75,,0.233,-1.087,-1.126,STOP,False,False,False
2026-07-21T20:10:00,CRUDEOIL,2026-07-21,cycles_resampled,train,TREND_UP,TRENDING,SHORT,0.9098,2.0,1.0,0.0,0.0,1.13,8187.0,20.0,0.87,23.0,True,True,True,True,False,False,False,0.0,4X_AMBIG,True,False,H1_CONT,8167.0,early,26.78,1.27,1.904,-0.822,0.597,EOD,False,False,False
2026-07-21T20:15:00,CRUDEOIL,2026-07-21,cycles_resampled,train,TREND_UP,TRENDING,SHORT,0.9478,2.462,0.375,0.0312,0.5938,0.517,8133.0,-18.0,-0.775,23.2143,True,False,False,False,True,True,True,2.111,4B_TRAP,False,True,H7_TRAP,8151.0,spike,13.96,1.29,0.215,-1.218,-1.289,STOP,False,False,False
2026-07-21T20:25:00,CRUDEOIL,2026-07-21,cycles_resampled,train,TREND_UP,TRENDING,LONG,0.9779,2.769,0.75,0.1667,0.0833,1.156,8168.0,5.0,0.214,23.3571,True,True,False,False,False,False,True,1.284,4B_TRAP,True,True,H1_WEAK,8173.0,early,31.08,0.9,0.515,-1.126,-1.158,STOP,False,False,False
2026-07-21T20:40:00,CRUDEOIL,2026-07-21,cycles_resampled,train,TREND_UP,TRENDING,SHORT,0.9209,2.077,1.0,0.0,0.0,1.135,8143.0,5.0,0.21,23.7857,True,True,True,False,False,False,True,0.757,4B_TRAP,True,True,H1_CONT,8138.0,early,27.81,8.21,0.791,-1.007,-1.043,STOP,False,False,False
2026-07-21T22:40:00,CRUDEOIL,2026-07-21,cycles_resampled,train,TREND_UP,TRENDING,SHORT,0.9387,2.214,0.7742,0.2258,0.0,1.672,8147.0,22.0,1.532,14.3571,False,True,True,True,False,False,False,0.0,4B_TRAP,False,False,AMBIG,8125.0,early,31.93,6.74,0.0,-1.002,-1.034,STOP,False,False,False
2026-07-22T10:50:00,CRUDEOIL,2026-07-22,cycles_resampled,train,TREND_UP,TRENDING,SHORT,1.0,1.846,0.75,0.0,0.25,1.145,8260.0,-3.0,-0.382,7.8571,True,False,False,False,False,False,False,0.0,4A_CONT,False,False,AMBIG,8263.0,spike,9.36,0.32,3.098,-0.321,2.893,T3,True,True,False
2026-07-22T11:00:00,CRUDEOIL,2026-07-22,cycles_resampled,train,TREND_UP,TRENDING,SHORT,1.0,2.143,0.4667,0.0,0.5333,0.803,8257.0,-2.0,-0.23,8.7143,True,False,False,False,False,False,False,0.0,4A_CONT,False,False,AMBIG,8259.0,spike,7.45,4.76,3.356,-0.134,2.866,T3,True,True,False
2026-07-22T11:05:00,CRUDEOIL,2026-07-22,cycles_resampled,train,TREND_UP,TRENDING,SHORT,1.0,3.286,0.5217,0.2174,0.2609,1.263,8251.0,8.0,0.842,9.5,True,True,True,True,False,False,False,0.0,4B_TRAP,False,False,H1_WEAK,8243.0,early,17.69,1.1,1.018,-3.561,-3.618,STOP,False,False,False
2026-07-22T11:20:00,CRUDEOIL,2026-07-22,cycles_resampled,train,TREND_UP,FAILED_BREAKOUT,LONG,0.9286,1.714,0.0,0.5,0.5,0.0,8233.0,0.0,0.0,9.7857,True,False,False,False,False,False,False,0.0,4A_CONT,False,False,AMBIG,8233.0,spike,6.36,5.19,4.088,-0.157,2.843,T3,True,True,False
2026-07-22T11:35:00,CRUDEOIL,2026-07-22,cycles_resampled,train,TREND_UP,FAILED_BREAKOUT,LONG,0.9355,2.0,0.4286,0.1429,0.4286,0.579,8258.22,-1.22,-0.118,10.3571,False,False,False,False,True,True,True,0.89,4A_CONT,False,False,H7_TRAP,8257.0,spike,12.42,0.1,3.945,-0.966,2.919,T3,True,True,False
2026-07-22T11:45:00,CRUDEOIL,2026-07-22,cycles_resampled,train,TREND_UP,FAILED_BREAKOUT,LONG,1.0,8.0,1.0,0.0,0.0,3.862,8272.0,34.0,2.345,14.5,True,True,True,True,False,False,False,0.0,4A_CONT,True,False,H1_CONT,8306.0,early,57.68,,3.381,-0.017,2.983,T3,True,True,False
2026-07-22T11:50:00,CRUDEOIL,2026-07-22,cycles_resampled,train,TREND_UP,TRENDING,LONG,0.9412,2.286,1.0,0.0,0.0,1.057,8306.0,15.0,0.991,15.1429,True,True,True,True,False,False,False,0.0,4A_CONT,True,False,H1_CONT,8321.0,early,16.48,,3.58,-0.607,2.939,T3,True,True,False
2026-07-22T12:15:00,CRUDEOIL,2026-07-22,cycles_resampled,train,TREND_UP,TRENDING,LONG,0.9744,3.875,0.9032,0.0968,0.0,1.849,8329.0,21.0,1.387,15.1429,False,True,True,True,False,False,False,0.0,4A_CONT,False,False,AMBIG,8350.0,early,28.93,,4.321,-0.657,2.965,T3,True,True,False
2026-07-22T12:30:00,CRUDEOIL,2026-07-22,cycles_resampled,train,TREND_UP,TRENDING,LONG,0.9524,3.75,0.7333,0.2667,0.0,1.162,8354.0,18.0,0.951,18.9286,True,True,True,True,False,False,False,0.0,4A_CONT,True,False,H1_CONT,8372.0,early,22.9,,4.498,-0.437,2.956,T3,True,True,False
2026-07-22T13:00:00,CRUDEOIL,2026-07-22,cycles_resampled,train,TREND_UP,TRENDING,LONG,0.9375,2.667,1.0,0.0,0.0,1.297,8395.0,21.0,1.135,18.5,True,True,True,True,False,False,False,0.0,4A_CONT,True,False,H1_CONT,8416.0,early,24.72,,3.439,0.0,2.96,T3,True,True,False
2026-07-22T13:05:00,CRUDEOIL,2026-07-22,cycles_resampled,train,TREND_UP,TRENDING,LONG,1.0,6.556,1.0,0.0,0.0,2.631,8416.0,59.0,2.631,22.4286,False,True,True,True,False,False,False,0.0,4B_TRAP,False,False,AMBIG,8475.0,early,60.77,,1.646,-1.316,-1.333,STOP,False,False,False
2026-07-22T13:20:00,CRUDEOIL,2026-07-22,cycles_resampled,train,TREND_UP,TRENDING,SHORT,0.9231,3.222,1.0,0.0,0.0,1.16,8478.0,5.0,0.2,25.0,False,False,False,False,True,True,True,0.64,4B_TRAP,False,True,H7_TRAP,8473.0,early,29.87,3.72,1.205,-1.138,-1.172,STOP,False,False,False
2026-07-22T13:25:00,CRUDEOIL,2026-07-22,cycles_resampled,train,TREND_UP,TRENDING,LONG,0.9434,3.333,0.6667,0.0,0.3333,0.807,8318.56,175.44,7.078,24.7857,False,True,True,True,False,False,False,0.0,4B_TRAP,False,False,AMBIG,8494.0,early,30.9,0.23,0.0,-1.1,-1.133,STOP,False,False,False
2026-07-22T15:05:00,CRUDEOIL,2026-07-22,cycles_resampled,train,TREND_UP,TRENDING,SHORT,0.9178,2.455,0.8148,0.0,0.1852,1.232,8527.0,9.0,0.504,17.8571,True,True,False,False,False,True,True,2.632,4B_TRAP,False,True,H7_TRAP,8518.0,early,22.81,0.48,0.526,-1.052,-1.096,STOP,False,False,False
2026-07-22T15:15:00,CRUDEOIL,2026-07-22,cycles_resampled,train,TREND_UP,TRENDING,LONG,0.9067,2.364,1.0,0.0,0.0,1.343,8540.0,2.0,0.103,19.3571,True,True,True,True,False,False,False,0.0,4B_TRAP,True,False,H1_CONT,8542.0,spike,26.78,,1.232,-1.307,-1.344,STOP,False,False,False
2026-07-22T15:20:00,CRUDEOIL,2026-07-22,cycles_resampled,train,TREND_UP,TRENDING,LONG,0.9737,3.364,0.973,0.027,0.0,1.867,8542.0,32.0,1.659,19.2857,False,True,False,False,False,True,True,0.519,4B_TRAP,False,True,H7_TRAP,8574.0,early,37.11,,0.0,-1.24,-1.267,STOP,False,False,False
2026-07-22T15:45:00,CRUDEOIL,2026-07-22,cycles_resampled,train,TREND_UP,TRENDING,SHORT,0.9259,2.636,1.0,0.0,0.0,1.301,8506.0,38.0,1.705,22.2857,True,True,True,True,False,False,False,0.0,4B_TRAP,True,False,H1_CONT,8468.0,early,29.87,8.08,1.64,-1.038,-1.071,STOP,False,False,False
2026-07-22T15:50:00,CRUDEOIL,2026-07-22,cycles_resampled,train,TREND_UP,TRENDING,SHORT,0.9756,3.739,0.7442,0.0,0.2558,1.358,8468.0,22.0,0.933,23.5714,True,True,True,True,False,False,False,0.0,4B_TRAP,True,False,H1_CONT,8446.0,early,33.29,6.59,0.811,-1.592,-1.622,STOP,False,False,False
2026-07-22T15:55:00,CRUDEOIL,2026-07-22,cycles_resampled,train,TREND_UP,TRENDING,SHORT,0.9157,2.417,0.7241,0.2759,0.0,0.85,8435.0,16.0,0.647,24.7143,False,False,False,False,True,True,True,0.728,4B_TRAP,False,True,H7_TRAP,8419.0,spike,29.87,6.44,0.0,-1.507,-1.54,STOP,False,False,False
2026-07-22T17:10:00,CRUDEOIL,2026-07-22,cycles_resampled,train,TREND_UP,TRENDING,LONG,0.9796,3.667,0.7273,0.2727,0.0,1.577,8470.0,17.0,0.838,20.2857,False,False,False,False,True,True,True,0.986,4B_TRAP,False,True,H7_TRAP,8487.0,spike,33.32,2.64,0.0,-1.02,-1.05,STOP,False,False,False
2026-07-22T17:15:00,CRUDEOIL,2026-07-22,cycles_resampled,train,TREND_UP,TRENDING,SHORT,0.9495,2.583,0.9677,0.0323,0.0,1.395,8455.0,2.0,0.093,21.5,True,True,True,False,False,False,True,0.419,4A_CONT,True,False,H1_CONT,8453.0,spike,31.93,0.81,3.32,-0.595,2.969,T3,True,True,False
2026-07-22T17:55:00,CRUDEOIL,2026-07-22,cycles_resampled,train,TREND_UP,TRENDING,SHORT,0.9533,2.75,1.0,0.0,0.0,1.444,8424.0,29.0,1.269,22.8571,False,True,True,True,False,False,False,0.0,4B_TRAP,False,False,AMBIG,8395.0,early,33.99,3.66,0.5,-1.03,-1.059,STOP,False,False,False
2026-07-22T18:15:00,CRUDEOIL,2026-07-22,cycles_resampled,train,TREND_UP,FAILED_BREAKOUT,LONG,0.955,2.75,1.0,0.0,0.0,1.396,8402.0,26.0,1.1,23.6429,False,False,False,False,True,True,True,0.127,4B_TRAP,False,True,H7_TRAP,8428.0,early,33.99,4.22,1.089,-2.383,-2.412,STOP,False,False,False
2026-07-22T18:25:00,CRUDEOIL,2026-07-22,cycles_resampled,train,TREND_UP,FAILED_BREAKOUT,LONG,0.9823,4.5,0.537,0.4444,0.0185,1.216,8430.0,11.0,0.461,23.8571,True,True,True,True,False,False,False,0.0,4B_TRAP,False,False,H1_WEAK,8441.0,spike,31.62,4.12,0.569,-1.423,-1.455,STOP,False,False,False
2026-07-22T18:45:00,CRUDEOIL,2026-07-22,cycles_resampled,train,TREND_UP,TRENDING,SHORT,0.9573,2.846,1.0,0.0,0.0,1.519,8436.0,40.0,1.642,24.3571,True,True,True,True,False,False,False,0.0,4B_TRAP,True,False,H1_CONT,8396.0,early,38.11,0.47,1.417,-1.338,-1.364,STOP,False,False,False
2026-07-22T19:10:00,CRUDEOIL,2026-07-22,cycles_resampled,train,TREND_UP,FAILED_BREAKOUT,LONG,0.9426,2.593,1.0,0.0,0.0,1.21,8357.0,40.0,1.383,28.9286,False,True,True,True,False,False,False,0.0,4B_TRAP,False,False,AMBIG,8397.0,early,36.05,1.72,1.387,-1.498,-1.526,STOP,False,False,False
2026-07-22T19:25:00,CRUDEOIL,2026-07-22,cycles_resampled,train,TREND_UP,FAILED_BREAKOUT,LONG,0.936,2.357,0.8485,0.1515,0.0,0.978,8397.0,11.0,0.384,28.6429,True,True,False,False,False,True,True,0.035,4B_TRAP,False,True,H7_TRAP,8408.0,early,28.99,4.62,0.793,-1.035,-1.069,STOP,False,False,False
2026-07-22T19:40:00,CRUDEOIL,2026-07-22,cycles_resampled,train,TREND_UP,FAILED_BREAKOUT,LONG,0.9453,2.5,1.0,0.0,0.0,1.38,8419.0,12.0,0.473,25.3571,False,False,False,False,False,False,False,0.0,4B_TRAP,False,False,AMBIG,8431.0,spike,36.05,3.08,0.0,-1.47,-1.498,STOP,False,False,False
2026-07-22T20:05:00,CRUDEOIL,2026-07-22,cycles_resampled,train,TREND_UP,TRENDING,SHORT,0.9098,2.462,1.0,0.0,0.0,1.54,8413.0,18.0,0.866,20.7857,True,True,True,True,False,False,False,0.0,4B_TRAP,True,False,H1_CONT,8395.0,early,32.96,2.21,0.607,-1.032,-1.062,STOP,False,False,False
2026-07-22T20:35:00,CRUDEOIL,2026-07-22,cycles_resampled,train,TREND_UP,FAILED_BREAKOUT,LONG,0.964,2.786,0.9487,0.0,0.0513,1.83,8414.0,15.0,0.742,20.2143,False,True,False,False,False,True,True,1.435,4B_TRAP,False,True,H7_TRAP,8429.0,early,40.17,2.81,0.448,-1.095,-1.12,STOP,False,False,False
2026-07-23T10:00:00,CRUDEOIL,2026-07-23,cycles_resampled,train,TREND_UP,TRENDING,SHORT,0.9167,1.4,0.2857,0.7143,0.0,0.364,8546.0,13.0,1.182,11.0,True,True,True,True,False,False,False,0.0,4B_TRAP,False,False,H1_WEAK,8533.0,early,10.42,0.67,2.207,-2.111,-2.207,STOP,True,False,False
2026-07-23T10:55:00,CRUDEOIL,2026-07-23,cycles_resampled,train,TREND_UP,TRENDING,SHORT,0.913,1.7,0.8824,0.1176,0.0,1.173,8525.0,6.0,0.469,12.7857,True,True,True,True,False,False,False,0.0,4B_TRAP,True,False,H1_CONT,8519.0,early,17.51,0.51,1.999,-1.428,-1.485,STOP,False,False,False
2026-07-23T11:00:00,CRUDEOIL,2026-07-23,cycles_resampled,train,TREND_UP,TRENDING,SHORT,1.0,2.0,0.25,0.45,0.3,0.343,8510.0,20.0,1.373,14.5714,False,False,False,False,True,True,True,1.578,4B_TRAP,False,True,H7_TRAP,8490.0,spike,14.6,,0.068,-1.712,-1.781,STOP,False,False,False
2026-07-23T11:05:00,CRUDEOIL,2026-07-23,cycles_resampled,train,TREND_UP,TRENDING,LONG,1.0,2.6,0.8462,0.1538,0.0,1.453,8504.0,7.0,0.462,15.1429,True,True,True,True,False,False,False,0.0,4A_CONT,True,False,H1_CONT,8511.0,early,22.78,1.93,3.468,-0.176,2.956,T3,True,True,False
2026-07-23T11:30:00,CRUDEOIL,2026-07-23,cycles_resampled,train,TREND_UP,FAILED_BREAKDOWN,SHORT,0.9,1.9,0.7895,0.0,0.2105,0.929,8529.27,5.27,0.326,16.1429,False,False,False,False,True,True,True,0.541,4B_TRAP,False,True,H7_TRAP,8524.0,spike,15.57,2.57,0.514,-1.285,-1.349,STOP,False,False,False
2026-07-23T12:20:00,CRUDEOIL,2026-07-23,cycles_resampled,train,TREND_UP,FAILED_BREAKDOWN,LONG,0.975,2.286,0.7917,0.2083,0.0,1.317,8571.0,14.0,0.97,14.4286,False,True,True,True,False,False,False,0.0,4A_CONT,False,False,AMBIG,8585.0,early,19.72,,3.093,-0.203,2.949,T3,True,True,False
2026-07-23T12:35:00,CRUDEOIL,2026-07-23,cycles_resampled,train,TREND_UP,FAILED_BREAKDOWN,LONG,1.0,2.455,0.7778,0.0,0.2222,1.246,8616.0,19.0,1.127,16.8571,False,True,True,True,False,False,False,0.0,4A_CONT,False,False,AMBIG,8635.0,early,27.81,,3.848,-0.827,2.964,T3,True,True,False
2026-07-23T12:45:00,CRUDEOIL,2026-07-23,cycles_resampled,train,TREND_UP,FAILED_BREAKDOWN,LONG,1.0,2.818,0.9032,0.0,0.0968,1.549,8646.0,24.0,1.328,18.0714,False,True,False,False,False,True,True,0.775,4B_TRAP,False,True,H7_TRAP,8670.0,early,31.93,,0.0,-1.378,-1.409,STOP,False,False,False
2026-07-23T12:55:00,CRUDEOIL,2026-07-23,cycles_resampled,train,TREND_UP,FAILED_BREAKDOWN,SHORT,0.9362,2.083,0.76,0.0,0.24,0.993,8652.0,20.0,1.045,19.1429,False,False,False,False,False,True,True,1.254,4B_TRAP,False,True,H7_TRAP,8632.0,spike,19.75,4.1,0.0,-1.266,-1.316,STOP,False,False,False
2026-07-23T13:20:00,CRUDEOIL,2026-07-23,cycles_resampled,train,TREND_UP,TRENDING,SHORT,1.0,3.083,0.8919,0.1081,0.0,1.375,8672.0,34.0,1.417,24.0,True,True,True,True,False,False,False,0.0,4B_TRAP,True,False,H1_CONT,8638.0,early,38.11,0.31,0.682,-1.076,-1.102,STOP,False,False,False
2026-07-23T13:35:00,CRUDEOIL,2026-07-23,cycles_resampled,train,TREND_UP,FAILED_BREAKDOWN,SHORT,0.9455,2.167,1.0,0.0,0.0,1.006,8634.0,13.0,0.503,25.8571,False,False,False,False,True,True,True,0.967,4B_TRAP,False,True,H7_TRAP,8621.0,spike,26.78,4.2,0.336,-1.083,-1.12,STOP,False,False,False
2026-07-23T13:40:00,CRUDEOIL,2026-07-23,cycles_resampled,train,TREND_UP,FAILED_BREAKOUT,LONG,0.9821,2.48,1.0,0.0,0.0,1.212,8566.09,76.91,3.008,25.5714,False,True,True,True,False,False,False,0.0,4A_CONT,False,False,AMBIG,8643.0,early,31.93,0.69,3.101,-0.313,2.969,T3,True,True,False
2026-07-23T14:15:00,CRUDEOIL,2026-07-23,cycles_resampled,train,TREND_UP,TRENDING,SHORT,0.9524,2.154,1.0,0.0,0.0,1.206,8671.0,26.0,1.12,23.2143,False,True,True,True,False,False,False,0.0,4B_TRAP,False,False,AMBIG,8645.0,early,28.84,0.17,0.104,-1.04,-1.075,STOP,False,False,False
2026-07-23T14:30:00,CRUDEOIL,2026-07-23,cycles_resampled,train,TREND_UP,FAILED_BREAKDOWN,SHORT,0.9848,2.462,0.3438,0.0625,0.5938,0.489,8653.0,-9.0,-0.4,22.5,False,False,False,False,True,True,True,2.756,4B_TRAP,False,True,H7_TRAP,8662.0,spike,13.96,1.43,0.931,-1.576,-1.648,STOP,False,False,False
2026-07-23T14:35:00,CRUDEOIL,2026-07-23,cycles_resampled,train,TREND_UP,FAILED_BREAKDOWN,LONG,0.9851,2.692,1.0,0.0,0.0,1.441,8675.0,9.0,0.371,24.2857,True,True,True,True,False,False,False,0.0,4A_CONT,True,False,H1_CONT,8684.0,early,36.05,0.03,3.107,-0.111,2.972,T3,True,True,False
2026-07-23T14:40:00,CRUDEOIL,2026-07-23,cycles_resampled,train,TREND_UP,TRENDING,LONG,0.9265,2.154,1.0,0.0,0.0,1.156,8697.0,11.0,0.454,24.2143,True,True,True,True,False,False,False,0.0,4A_CONT,True,False,H1_CONT,8708.0,early,28.84,,3.051,-0.451,2.965,T3,True,True,False
2026-07-23T14:50:00,CRUDEOIL,2026-07-23,cycles_resampled,train,TREND_UP,TRENDING,LONG,0.9286,2.231,0.4828,0.5172,0.0,0.643,8715.0,12.0,0.551,21.7857,False,True,True,True,False,False,False,0.0,4B_TRAP,False,False,AMBIG,8727.0,early,14.87,,0.672,-1.076,-1.143,STOP,False,False,False
2026-07-23T15:25:00,CRUDEOIL,2026-07-23,cycles_resampled,train,TREND_UP,TRENDING,LONG,0.974,2.357,0.8788,0.0,0.1212,1.293,8739.0,1.0,0.045,22.4286,False,False,False,False,True,True,True,1.293,4B_TRAP,False,True,H7_TRAP,8740.0,spike,33.99,0.06,0.118,-1.059,-1.089,STOP,False,False,False
2026-07-23T15:45:00,CRUDEOIL,2026-07-23,cycles_resampled,train,TREND_UP,TRENDING,LONG,0.9753,2.429,1.0,0.0,0.0,1.561,8744.0,8.0,0.367,21.7857,True,True,True,True,False,False,False,0.0,4A_CONT,True,False,H1_CONT,8752.0,early,35.02,,3.284,-0.771,2.971,T3,True,True,False
2026-07-23T16:10:00,CRUDEOIL,2026-07-23,cycles_resampled,train,TREND_UP,TRENDING,SHORT,1.0,2.643,1.0,0.0,0.0,1.624,8755.0,16.0,0.702,22.7857,False,True,True,True,False,False,False,0.0,4B_TRAP,False,False,AMBIG,8739.0,early,38.11,0.92,0.367,-1.286,-1.312,STOP,False,False,False
2026-07-23T16:35:00,CRUDEOIL,2026-07-23,cycles_resampled,train,TREND_UP,TRENDING,LONG,0.9011,2.071,0.4828,0.5172,0.0,0.667,8744.0,13.0,0.619,21.0,False,True,True,True,False,False,False,0.0,4A_CONT,False,False,AMBIG,8757.0,early,14.87,1.41,4.237,-0.336,2.933,T3,True,True,False
2026-07-23T16:45:00,CRUDEOIL,2026-07-23,cycles_resampled,train,TREND_UP,TRENDING,LONG,0.957,2.357,0.9091,0.0909,0.0,1.377,8778.0,7.0,0.321,21.7857,False,True,True,True,False,False,False,0.0,4A_CONT,False,False,AMBIG,8785.0,early,30.99,,3.001,-0.904,2.968,T3,True,True,False
2026-07-23T17:40:00,CRUDEOIL,2026-07-23,cycles_resampled,train,TREND_UP,TRENDING,LONG,0.9423,2.207,0.8438,0.0,0.1562,1.281,8792.0,20.0,0.949,21.0714,False,True,True,True,False,False,False,0.0,4B_TRAP,False,False,AMBIG,8812.0,early,32.96,0.33,1.062,-1.001,-1.032,STOP,False,False,False
2026-07-23T18:30:00,CRUDEOIL,2026-07-23,cycles_resampled,train,TREND_UP,TRENDING,LONG,0.9649,2.267,0.6765,0.3235,0.0,0.904,8847.0,-3.0,-0.118,25.4286,True,False,False,False,True,True,True,1.219,4B_TRAP,False,True,H7_TRAP,8844.0,spike,24.02,0.12,1.415,-1.166,-1.207,STOP,False,False,False
2026-07-23T18:45:00,CRUDEOIL,2026-07-23,cycles_resampled,train,TREND_UP,TRENDING,SHORT,1.0,4.133,1.0,0.0,0.0,2.072,8845.0,29.0,0.969,29.9286,False,True,True,True,False,False,False,0.0,4B_TRAP,False,False,AMBIG,8816.0,early,63.86,0.28,0.204,-1.065,-1.08,STOP,False,False,False
2026-07-23T18:50:00,CRUDEOIL,2026-07-23,cycles_resampled,train,TREND_UP,TRENDING,LONG,0.9576,2.194,0.7647,0.0,0.2353,0.865,8735.34,101.66,3.381,30.0714,False,True,True,True,False,False,False,0.0,4A_CONT,False,False,AMBIG,8837.0,early,35.02,0.51,3.398,-0.914,2.971,T3,True,True,False
2026-07-23T19:05:00,CRUDEOIL,2026-07-23,cycles_resampled,train,TREND_UP,TRENDING,LONG,0.9835,2.5,0.85,0.0,0.15,1.115,8841.0,4.0,0.131,30.5,True,True,True,True,False,False,False,0.0,4A_CONT,True,False,H1_CONT,8845.0,early,41.2,0.8,3.325,-0.194,2.976,T3,True,True,False
2026-07-23T19:45:00,CRUDEOIL,2026-07-23,cycles_resampled,train,TREND_UP,TRENDING,SHORT,0.9767,2.312,0.4595,0.0,0.5405,0.555,8870.0,13.0,0.424,30.6429,False,False,False,False,True,True,True,1.207,4B_TRAP,False,True,H7_TRAP,8857.0,spike,18.11,20.35,0.11,-1.436,-1.491,STOP,False,False,False
2026-07-23T20:05:00,CRUDEOIL,2026-07-23,cycles_resampled,train,TREND_UP,TRENDING,SHORT,0.985,2.353,0.975,0.025,0.0,1.379,8899.0,24.0,0.848,28.2857,False,True,False,False,False,True,True,1.061,4B_TRAP,False,True,H7_TRAP,8875.0,early,41.2,0.92,0.194,-1.214,-1.238,STOP,False,False,False
2026-07-23T20:15:00,CRUDEOIL,2026-07-23,cycles_resampled,train,TREND_UP,TRENDING,LONG,0.9407,2.0,1.0,0.0,0.0,1.233,8916.0,9.0,0.326,27.5714,False,True,True,True,False,False,False,0.0,4A_CONT,False,False,AMBIG,8925.0,early,35.02,,3.37,-0.999,2.971,T3,True,True,False
2026-07-23T21:00:00,CRUDEOIL,2026-07-23,cycles_resampled,train,TREND_UP,TRENDING,LONG,0.9444,2.0,0.2353,0.5,0.2647,0.346,8996.0,-14.0,-0.605,23.1429,False,False,False,False,True,True,True,3.457,4B_TRAP,False,True,H7_TRAP,8982.0,spike,18.02,0.78,0.0,-1.609,-1.665,STOP,False,False,False
2026-07-23T21:30:00,CRUDEOIL,2026-07-23,cycles_resampled,train,TREND_UP,TRENDING,LONG,0.9733,2.176,0.8919,0.0,0.1081,1.404,8800.51,126.49,5.383,23.5,True,True,True,True,False,False,False,0.0,4A_CONT,True,False,H1_CONT,8927.0,early,38.11,1.89,3.044,-0.42,2.974,T3,True,True,False
2026-07-23T22:00:00,CRUDEOIL,2026-07-23,cycles_resampled,train,TREND_UP,TRENDING,LONG,0.9872,2.353,0.95,0.0,0.05,1.482,8926.0,28.0,1.092,25.6429,True,True,True,True,False,False,False,0.0,4A_CONT,True,False,H1_CONT,8954.0,early,41.2,0.12,2.403,-0.243,2.403,EOD,True,False,False
2026-07-24T11:05:00,CRUDEOIL,2026-07-24,cycles_resampled,train,TREND_DOWN,TRENDING,SHORT,0.96,2.0,1.0,0.0,0.0,1.772,8871.0,2.0,0.177,11.2857,True,True,True,True,False,False,False,0.0,4A_CONT,True,False,H1_CONT,8869.0,early,20.6,0.12,3.058,0.0,2.951,T3,True,True,False
2026-07-24T11:10:00,CRUDEOIL,2026-07-24,cycles_resampled,train,TREND_DOWN,TRENDING,SHORT,0.9231,1.9,0.8947,0.0526,0.0526,1.478,8856.0,5.0,0.435,11.5,True,True,False,False,False,False,False,0.0,4A_CONT,True,False,H1_WEAK,8851.0,early,18.57,,3.554,-0.862,2.946,T3,True,True,False
2026-07-24T11:15:00,CRUDEOIL,2026-07-24,cycles_resampled,train,TREND_DOWN,TRENDING,SHORT,1.0,3.0,0.8,0.0333,0.1667,1.787,8850.0,26.0,1.936,13.4286,False,False,False,False,True,True,True,0.447,4B_TRAP,False,True,H7_TRAP,8824.0,spike,25.9,,0.0,-1.313,-1.351,STOP,False,False,False
2026-07-24T11:20:00,CRUDEOIL,2026-07-24,cycles_resampled,train,TREND_DOWN,TRENDING,LONG,1.0,2.952,0.9355,0.0645,0.0,1.888,8849.0,7.0,0.456,15.3571,False,True,True,False,False,False,True,0.456,4B_TRAP,False,True,AMBIG,8856.0,spike,29.93,1.1,0.368,-1.002,-1.036,STOP,False,False,False
2026-07-24T11:45:00,CRUDEOIL,2026-07-24,cycles_resampled,train,TREND_DOWN,TRENDING,LONG,0.9091,2.0,0.4091,0.5909,0.0,0.508,8845.0,-7.0,-0.395,17.7143,False,False,False,False,True,True,True,1.806,4B_TRAP,False,True,H7_TRAP,8838.0,spike,9.66,3.0,0.0,-1.656,-1.76,STOP,False,False,False
2026-07-24T12:00:00,CRUDEOIL,2026-07-24,cycles_resampled,train,TREND_DOWN,TRENDING,SHORT,0.9444,2.182,0.9583,0.0417,0.0,1.171,8819.0,6.0,0.305,19.6429,False,False,False,False,True,True,True,0.305,4A_CONT,False,False,H7_TRAP,8813.0,spike,24.72,,3.722,-0.688,2.96,T3,True,True,False
2026-07-24T12:25:00,CRUDEOIL,2026-07-24,cycles_resampled,train,TREND_DOWN,TRENDING,SHORT,0.9512,2.364,0.8462,0.1538,0.0,1.124,8785.0,21.0,1.073,19.5714,True,True,True,True,False,False,False,0.0,4A_CONT,True,False,H1_CONT,8764.0,early,26.78,,3.249,-0.56,2.963,T3,True,True,False
2026-07-24T13:00:00,CRUDEOIL,2026-07-24,cycles_resampled,train,TREND_DOWN,TRENDING,LONG,0.9583,2.636,0.5862,0.0,0.4138,0.847,8737.0,2.0,0.1,20.0714,True,True,True,True,False,False,False,0.0,4B_TRAP,True,False,H1_CONT,8739.0,spike,29.87,1.07,1.339,-1.373,-1.406,STOP,False,False,False
2026-07-24T13:05:00,CRUDEOIL,2026-07-24,cycles_resampled,train,TREND_DOWN,TRENDING,LONG,0.9388,2.545,1.0,0.0,0.0,1.338,8739.0,19.0,0.908,20.9286,False,True,True,False,False,False,True,0.478,4B_TRAP,False,True,AMBIG,8758.0,early,28.84,0.45,0.243,-1.283,-1.318,STOP,False,False,False
2026-07-24T13:35:00,CRUDEOIL,2026-07-24,cycles_resampled,train,TREND_DOWN,TRENDING,SHORT,0.9091,1.846,0.4583,0.5417,0.0,0.531,8811.65,56.65,2.735,20.7143,True,True,True,True,False,False,False,0.0,4A_CONT,False,False,H1_WEAK,8755.0,early,24.72,1.5,3.155,-0.809,2.96,T3,True,True,False
2026-07-24T13:45:00,CRUDEOIL,2026-07-24,cycles_resampled,train,TREND_DOWN,TRENDING,LONG,0.9123,1.923,0.72,0.28,0.0,0.837,8772.0,-4.0,-0.186,21.5,False,False,False,False,True,True,True,3.442,4B_TRAP,False,True,H7_TRAP,8768.0,spike,18.75,0.59,0.107,-2.773,-2.827,STOP,False,False,False
2026-07-24T13:55:00,CRUDEOIL,2026-07-24,cycles_resampled,train,TREND_DOWN,TRENDING,SHORT,1.0,3.538,1.0,0.0,0.0,2.058,8750.0,34.0,1.521,22.3571,True,True,True,True,False,False,False,0.0,4A_CONT,True,False,H1_CONT,8716.0,early,47.38,0.13,3.926,-0.802,2.979,T3,True,True,False
2026-07-24T14:00:00,CRUDEOIL,2026-07-24,cycles_resampled,train,TREND_DOWN,TRENDING,SHORT,0.95,2.231,0.4483,0.5517,0.0,0.56,8710.0,12.0,0.517,23.2143,True,True,True,True,False,False,False,0.0,4A_CONT,False,False,H1_WEAK,8698.0,spike,29.87,,3.08,-0.603,2.967,T3,True,True,False
2026-07-24T14:05:00,CRUDEOIL,2026-07-24,cycles_resampled,train,TREND_DOWN,TRENDING,SHORT,0.918,2.154,0.5357,0.4643,0.0,0.644,8698.0,10.0,0.429,23.2857,True,True,True,True,False,False,False,0.0,4A_CONT,False,False,H1_WEAK,8688.0,early,28.84,,3.225,-0.381,2.965,T3,True,True,False
2026-07-24T14:30:00,CRUDEOIL,2026-07-24,cycles_resampled,train,TREND_DOWN,TRENDING,SHORT,0.9848,2.593,0.7143,0.0,0.2857,1.036,8660.0,15.0,0.621,24.1429,True,True,True,True,False,False,False,0.0,4B_TRAP,True,False,H1_CONT,8645.0,early,26.05,,2.073,-1.612,-1.651,STOP,True,False,False
2026-07-24T15:30:00,CRUDEOIL,2026-07-24,cycles_resampled,train,TREND_DOWN,TRENDING,LONG,0.9872,2.625,0.6429,0.0,0.3571,1.125,8628.0,12.0,0.5,24.0,True,True,True,True,False,False,False,0.0,4B_TRAP,True,False,H1_CONT,8640.0,early,43.26,7.03,2.635,-2.543,-2.566,STOP,True,False,False
2026-07-24T15:50:00,CRUDEOIL,2026-07-24,cycles_resampled,train,TREND_DOWN,TRENDING,SHORT,0.9634,2.062,0.9394,0.0606,0.0,1.311,8666.0,9.0,0.381,23.6429,True,False,False,False,True,True,True,1.776,4B_TRAP,False,True,H7_TRAP,8657.0,spike,33.99,1.74,0.0,-1.324,-1.353,STOP,False,False,False
2026-07-24T16:00:00,CRUDEOIL,2026-07-24,cycles_resampled,train,TREND_DOWN,TRENDING,LONG,0.9286,1.812,1.0,0.0,0.0,1.234,8690.0,12.0,0.511,23.5,False,True,True,False,False,False,True,0.255,4B_TRAP,False,True,AMBIG,8702.0,early,29.87,8.11,0.77,-1.339,-1.373,STOP,False,False,False
2026-07-24T16:20:00,CRUDEOIL,2026-07-24,cycles_resampled,train,TREND_DOWN,TRENDING,LONG,0.9773,2.25,1.0,0.0,0.0,1.469,8710.0,15.0,0.612,24.5,False,True,False,False,False,True,True,0.857,4B_TRAP,False,True,H7_TRAP,8725.0,spike,37.08,5.91,0.0,-1.025,-1.052,STOP,False,False,False
2026-07-24T17:05:00,CRUDEOIL,2026-07-24,cycles_resampled,train,TREND_DOWN,TRENDING,SHORT,1.0,3.0,0.6458,0.0,0.3542,1.523,8684.0,5.0,0.246,20.3571,False,False,False,False,True,True,True,1.277,4B_TRAP,False,True,H7_TRAP,8679.0,spike,32.44,2.71,0.0,-1.11,-1.141,STOP,False,False,False
2026-07-24T17:25:00,CRUDEOIL,2026-07-24,cycles_resampled,train,TREND_DOWN,TRENDING,SHORT,1.0,5.6,1.0,0.0,0.0,3.37,8662.0,37.0,1.484,24.9286,False,False,False,False,True,True,True,1.203,4B_TRAP,False,True,H7_TRAP,8625.0,spike,86.52,0.39,0.231,-1.456,-1.468,STOP,False,False,False
2026-07-24T18:30:00,CRUDEOIL,2026-07-24,cycles_resampled,train,TREND_DOWN,TRENDING,LONG,0.9737,2.606,0.8837,0.1163,0.0,1.288,8655.0,4.0,0.136,29.5,True,True,True,True,False,False,False,0.0,4B_TRAP,True,False,H1_CONT,8659.0,early,39.29,0.56,2.418,-1.502,-1.527,STOP,True,False,False
2026-07-24T18:50:00,CRUDEOIL,2026-07-24,cycles_resampled,train,TREND_DOWN,TRENDING,LONG,0.9746,2.606,0.9535,0.0,0.0465,1.708,8711.0,40.0,1.667,24.0,False,True,True,True,False,False,False,0.0,4B_TRAP,False,False,AMBIG,8751.0,early,44.29,4.36,0.068,-1.671,-1.693,STOP,False,False,False
2026-07-24T19:15:00,CRUDEOIL,2026-07-24,cycles_resampled,train,TREND_DOWN,TRENDING,SHORT,0.9919,3.529,0.9,0.0,0.1,2.071,8683.97,0.97,0.037,26.0714,False,False,False,False,True,True,True,0.998,4A_CONT,False,False,H7_TRAP,8683.0,spike,55.8,1.65,3.495,-0.573,2.982,T3,True,True,False
2026-07-24T19:25:00,CRUDEOIL,2026-07-24,cycles_resampled,train,TREND_DOWN,TRENDING,SHORT,0.912,1.765,1.0,0.0,0.0,1.082,8683.97,1.97,0.071,27.7143,True,True,True,False,False,False,True,0.073,4A_CONT,True,False,H1_CONT,8682.0,spike,30.9,0.16,4.919,-0.68,2.968,T3,True,True,False
2026-07-24T19:55:00,CRUDEOIL,2026-07-24,cycles_resampled,train,TREND_DOWN,TRENDING,SHORT,0.9542,2.471,0.8095,0.0,0.1905,1.243,8656.0,10.0,0.366,27.3571,True,True,False,False,False,True,True,0.658,4B_TRAP,False,True,H7_TRAP,8646.0,early,35.26,1.45,0.199,-1.276,-1.305,STOP,False,False,False
2026-07-24T20:05:00,CRUDEOIL,2026-07-24,cycles_resampled,train,TREND_DOWN,TRENDING,LONG,0.9323,2.059,1.0,0.0,0.0,1.361,8648.0,26.0,1.011,25.7143,False,False,False,False,True,True,True,0.117,4B_TRAP,False,True,H7_TRAP,8674.0,spike,36.05,0.17,0.472,-2.053,-2.08,STOP,False,False,False
2026-07-24T20:40:00,CRUDEOIL,2026-07-24,cycles_resampled,train,TREND_DOWN,TRENDING,SHORT,1.0,5.438,0.7586,0.0,0.2414,2.648,8642.0,21.0,0.842,24.9286,True,True,True,True,False,False,False,0.0,4A_CONT,True,False,H1_CONT,8621.0,early,68.61,0.38,2.011,0.0,0.015,EOD,True,False,False
2026-07-24T20:45:00,CRUDEOIL,2026-07-24,cycles_resampled,train,TREND_DOWN,TRENDING,SHORT,0.9858,3.75,0.6667,0.0,0.3333,1.33,8591.0,41.0,1.363,30.0714,True,True,True,True,False,False,False,0.0,4B_TRAP,True,False,H1_CONT,8550.0,early,41.8,,1.603,-1.029,-1.053,STOP,False,False,False
2026-07-24T20:55:00,CRUDEOIL,2026-07-24,cycles_resampled,train,TREND_DOWN,TRENDING,SHORT,0.972,3.176,0.2037,0.3519,0.4444,0.324,8521.0,9.0,0.265,34.0,False,False,False,False,True,True,True,0.147,4B_TRAP,False,True,H7_TRAP,8512.0,spike,31.62,,0.917,-1.392,-1.423,STOP,False,False,False
2026-07-24T21:05:00,CRUDEOIL,2026-07-24,cycles_resampled,train,TREND_DOWN,TRENDING,SHORT,0.9655,3.0,0.7843,0.1765,0.0392,1.107,8484.0,-1.0,-0.028,36.1429,False,False,False,False,True,True,True,1.992,4B_TRAP,False,True,H7_TRAP,8485.0,spike,50.53,0.02,0.0,-1.405,-1.425,STOP,False,False,False
2026-07-27T10:10:00,CRUDEOIL,2026-07-27,cycles_resampled,train,TREND_DOWN,TRENDING,SHORT,0.9286,1.7,1.0,0.0,0.0,1.19,8178.0,18.0,1.26,14.2857,False,True,True,False,False,False,True,0.49,4B_TRAP,False,True,AMBIG,8160.0,early,17.51,,0.0,-1.485,-1.542,STOP,False,False,False
2026-07-27T10:45:00,CRUDEOIL,2026-07-27,cycles_resampled,train,TREND_DOWN,OPENING_DRIVE,LONG,0.9524,1.7,1.0,0.0,0.0,1.506,8181.0,14.0,1.241,11.2857,False,False,False,False,True,True,True,1.506,4B_TRAP,False,True,H7_TRAP,8195.0,spike,17.51,0.06,0.0,-1.77,-1.828,STOP,False,False,False
2026-07-27T10:50:00,CRUDEOIL,2026-07-27,cycles_resampled,train,TREND_DOWN,OPENING_DRIVE,SHORT,1.0,2.364,1.0,0.0,0.0,1.978,8174.0,10.0,0.761,13.1429,False,True,False,False,False,True,True,0.989,4A_CONT,False,False,H7_TRAP,8164.0,spike,26.78,0.15,3.286,-0.859,2.963,T3,True,True,False
2026-07-27T11:00:00,CRUDEOIL,2026-07-27,cycles_resampled,train,TREND_DOWN,TRENDING,LONG,0.9583,1.826,1.0,0.0,0.0,1.47,8175.0,12.0,0.84,14.2857,False,True,False,False,False,True,True,0.84,4B_TRAP,False,True,H7_TRAP,8187.0,early,21.63,0.37,0.0,-1.202,-1.248,STOP,False,False,False
2026-07-27T11:30:00,CRUDEOIL,2026-07-27,cycles_resampled,train,TREND_DOWN,TRENDING,SHORT,1.0,3.083,1.0,0.0,0.0,2.262,8142.0,21.0,1.284,16.3571,True,True,True,True,False,False,False,0.0,4A_CONT,True,False,H1_CONT,8121.0,early,38.11,,3.647,-0.866,2.974,T3,True,True,False
2026-07-27T12:10:00,CRUDEOIL,2026-07-27,cycles_resampled,train,TREND_DOWN,TRENDING,SHORT,0.9189,1.5,0.3333,0.6667,0.0,0.396,8076.0,5.0,0.33,15.1429,True,True,True,True,False,False,False,0.0,4B_TRAP,False,False,H1_WEAK,8071.0,spike,18.54,0.05,2.05,-1.241,-1.294,STOP,True,False,False
2026-07-27T12:20:00,CRUDEOIL,2026-07-27,cycles_resampled,train,TREND_DOWN,TRENDING,SHORT,0.9487,2.0,0.3333,0.4583,0.2083,0.487,8066.0,9.0,0.548,16.4286,True,True,False,False,False,True,True,1.278,4B_TRAP,False,True,H7_TRAP,8057.0,early,19.72,,1.217,-1.521,-1.572,STOP,False,False,False
2026-07-27T12:25:00,CRUDEOIL,2026-07-27,cycles_resampled,train,TREND_DOWN,TRENDING,SHORT,0.9,1.44,1.0,0.0,0.0,1.072,8052.0,8.0,0.477,16.7857,False,False,False,False,True,True,True,2.085,4B_TRAP,False,True,H7_TRAP,8044.0,spike,18.54,,0.593,-2.319,-2.373,STOP,False,False,False
2026-07-27T12:30:00,CRUDEOIL,2026-07-27,cycles_resampled,train,TREND_DOWN,TRENDING,LONG,1.0,4.154,0.7963,0.0,0.2037,2.221,8062.0,25.0,1.292,19.3571,False,True,False,False,False,True,True,0.93,4B_TRAP,False,True,H7_TRAP,8087.0,early,55.62,0.04,1.205,-1.223,-1.241,STOP,False,False,False
2026-07-27T12:40:00,CRUDEOIL,2026-07-27,cycles_resampled,train,TREND_DOWN,TRENDING,SHORT,0.9535,2.071,0.9655,0.0,0.0345,1.485,8080.0,33.0,1.75,18.8571,True,True,True,False,False,False,False,0.0,4B_TRAP,True,False,H1_CONT,8047.0,early,28.87,0.48,0.277,-1.212,-1.247,STOP,False,False,False
2026-07-27T13:15:00,CRUDEOIL,2026-07-27,cycles_resampled,train,TREND_DOWN,TRENDING,LONG,0.92,1.714,0.5417,0.4583,0.0,0.532,8108.0,-5.0,-0.205,24.4286,False,False,False,False,True,True,True,0.778,4B_TRAP,False,True,H7_TRAP,8103.0,spike,13.72,0.36,0.0,-1.749,-1.822,STOP,False,False,False
2026-07-27T13:25:00,CRUDEOIL,2026-07-27,cycles_resampled,train,TREND_DOWN,TRENDING,LONG,1.0,4.0,1.0,0.0,0.0,2.01,8114.0,5.0,0.179,27.8571,True,True,False,False,False,True,True,0.467,4B_TRAP,False,True,H7_TRAP,8119.0,early,57.68,1.15,0.607,-1.37,-1.387,STOP,False,False,False
2026-07-27T13:30:00,CRUDEOIL,2026-07-27,cycles_resampled,train,TREND_DOWN,FAILED_BREAKOUT,LONG,0.9434,2.214,1.0,0.0,0.0,1.082,8119.0,35.0,1.222,28.6429,False,False,False,False,True,True,True,1.606,4B_TRAP,False,True,H7_TRAP,8154.0,spike,31.93,0.98,0.0,-2.004,-2.036,STOP,False,False,False
2026-07-27T13:35:00,CRUDEOIL,2026-07-27,cycles_resampled,train,TREND_DOWN,FAILED_BREAKOUT,SHORT,1.0,4.069,0.8136,0.0,0.1864,1.503,8123.0,22.0,0.689,31.9286,False,True,True,True,False,False,False,0.0,4A_CONT,False,False,AMBIG,8101.0,early,49.77,0.76,3.195,-0.422,2.98,T3,True,True,False
2026-07-27T13:45:00,CRUDEOIL,2026-07-27,cycles_resampled,train,TREND_DOWN,TRENDING,SHORT,0.9286,2.0,1.0,0.0,0.0,1.005,8090.0,17.0,0.551,30.8571,True,True,True,True,False,False,False,0.0,4A_CONT,True,False,H1_CONT,8073.0,early,31.93,1.05,3.382,-0.125,2.969,T3,True,True,False
2026-07-27T13:55:00,CRUDEOIL,2026-07-27,cycles_resampled,train,TREND_DOWN,TRENDING,SHORT,0.9483,2.387,0.7297,0.0,0.2703,0.867,8065.0,15.0,0.482,31.1429,True,True,True,True,False,False,False,0.0,4A_CONT,True,False,H1_CONT,8050.0,early,28.11,0.38,3.024,-0.711,2.964,T3,True,True,False
2026-07-27T14:10:00,CRUDEOIL,2026-07-27,cycles_resampled,train,TREND_DOWN,TRENDING,SHORT,0.918,1.938,0.9032,0.0,0.0968,0.862,8033.0,11.0,0.338,32.5,False,True,True,True,False,False,False,0.0,4A_CONT,False,False,AMBIG,8022.0,spike,28.93,,3.111,-0.588,2.965,T3,True,True,False
2026-07-27T14:20:00,CRUDEOIL,2026-07-27,cycles_resampled,train,TREND_DOWN,TRENDING,SHORT,0.9524,2.438,1.0,0.0,0.0,1.177,8019.0,37.0,1.116,33.1429,True,True,True,True,False,False,False,0.0,4B_TRAP,True,False,H1_CONT,7982.0,early,40.17,,2.166,-1.095,-1.12,STOP,True,False,False
2026-07-27T15:35:00,CRUDEOIL,2026-07-27,cycles_resampled,train,TREND_DOWN,TRENDING,LONG,0.9231,2.061,1.0,0.0,0.0,1.488,7925.0,35.0,1.531,22.8571,True,True,True,True,False,False,False,0.0,4A_CONT,True,False,H1_CONT,7960.0,early,35.02,0.26,3.569,0.0,2.971,T3,True,True,False
2026-07-27T15:40:00,CRUDEOIL,2026-07-27,cycles_resampled,train,TREND_DOWN,TRENDING,LONG,0.962,2.588,0.5682,0.4318,0.0,0.986,7969.0,38.0,1.499,25.3571,False,True,True,True,False,False,False,0.0,4B_TRAP,False,False,AMBIG,8007.0,early,26.32,7.32,0.0,-1.14,-1.178,STOP,False,False,False
2026-07-27T16:25:00,CRUDEOIL,2026-07-27,cycles_resampled,train,TREND_DOWN,TRENDING,LONG,0.9205,2.121,0.8857,0.1143,0.0,1.276,8012.0,-2.0,-0.082,24.2857,True,False,False,False,False,True,True,0.288,4A_CONT,False,False,H7_TRAP,8010.0,spike,32.05,6.36,3.058,-0.499,2.969,T3,True,True,False
2026-07-27T17:40:00,CRUDEOIL,2026-07-27,cycles_resampled,train,TREND_DOWN,FAILED_BREAKOUT,LONG,0.932,2.188,1.0,0.0,0.0,2.159,8053.0,32.0,1.974,16.2143,True,True,True,True,False,False,False,0.0,4B_TRAP,True,False,H1_CONT,8085.0,early,36.05,1.79,1.276,-1.47,-1.498,STOP,False,False,False
2026-07-27T18:00:00,CRUDEOIL,2026-07-27,cycles_resampled,train,TREND_DOWN,FAILED_BREAKOUT,SHORT,0.9065,2.062,0.6667,0.3333,0.0,1.213,8080.0,8.0,0.441,18.1429,False,True,True,True,False,False,False,0.0,4B_TRAP,False,False,AMBIG,8072.0,early,33.99,2.29,0.294,-1.059,-1.089,STOP,False,False,False
2026-07-27T18:20:00,CRUDEOIL,2026-07-27,cycles_resampled,train,TREND_DOWN,FAILED_BREAKOUT,LONG,0.9189,2.125,1.0,0.0,0.0,1.763,8088.0,20.0,1.037,19.2857,True,True,True,True,False,False,False,0.0,4B_TRAP,True,False,H1_CONT,8108.0,early,35.02,0.57,0.657,-1.571,-1.599,STOP,False,False,False
2026-07-27T19:00:00,CRUDEOIL,2026-07-27,cycles_resampled,train,TREND_DOWN,FAILED_BREAKOUT,SHORT,0.9664,2.625,0.9286,0.0,0.0714,1.744,8110.0,21.0,0.939,22.3571,True,True,True,True,False,False,False,0.0,4A_CONT,True,False,H1_CONT,8089.0,early,40.26,0.12,4.074,-0.621,2.975,T3,True,True,False
2026-07-27T19:05:00,CRUDEOIL,2026-07-27,cycles_resampled,train,TREND_DOWN,FAILED_BREAKOUT,SHORT,0.9,2.062,1.0,0.0,0.0,1.367,8084.0,31.0,1.284,24.1429,False,True,True,False,False,False,True,0.497,4B_TRAP,False,True,AMBIG,8053.0,early,33.99,3.28,0.0,-1.442,-1.471,STOP,False,False,False
2026-07-27T19:20:00,CRUDEOIL,2026-07-27,cycles_resampled,train,TREND_DOWN,FAILED_BREAKOUT,LONG,0.935,2.25,0.8333,0.1667,0.0,1.19,8077.0,19.0,0.754,25.2143,True,True,False,False,False,True,True,0.793,4B_TRAP,False,True,H7_TRAP,8096.0,early,31.08,1.03,0.579,-1.319,-1.351,STOP,False,False,False
2026-07-27T19:30:00,CRUDEOIL,2026-07-27,cycles_resampled,train,TREND_DOWN,FAILED_BREAKOUT,SHORT,0.96,2.5,1.0,0.0,0.0,1.569,8108.0,39.0,1.529,25.5,True,True,True,True,False,False,False,0.0,4A_CONT,True,False,H1_CONT,8069.0,early,41.2,0.19,3.495,0.0,2.976,T3,True,True,False
2026-07-27T20:30:00,CRUDEOIL,2026-07-27,cycles_resampled,train,TREND_DOWN,FAILED_BREAKOUT,SHORT,0.9781,2.938,0.6596,0.2553,0.0851,1.486,8035.0,17.0,0.815,20.8571,True,True,True,True,False,False,False,0.0,4A_CONT,True,False,H1_CONT,8018.0,spike,44.41,0.91,2.094,-0.63,1.599,EOD,True,False,False
2026-07-27T21:45:00,CRUDEOIL,2026-07-27,cycles_resampled,train,TREND_DOWN,TRENDING,LONG,0.9474,2.375,1.0,0.0,0.0,2.217,8017.0,22.0,1.283,17.1429,True,True,False,False,False,True,True,5.367,4B_TRAP,False,True,H7_TRAP,8039.0,early,39.14,2.09,0.179,-1.61,-1.635,STOP,False,False,False
2026-07-27T21:55:00,CRUDEOIL,2026-07-27,cycles_resampled,train,TREND_DOWN,FAILED_BREAKOUT,SHORT,1.0,4.062,0.6923,0.0,0.3077,2.195,7984.58,-11.42,-0.557,20.5,True,False,False,False,False,False,False,0.0,4X_AMBIG,False,False,AMBIG,7996.0,early,46.95,0.24,1.512,0.0,1.044,EOD,False,False,False
2026-07-27T22:00:00,CRUDEOIL,2026-07-27,cycles_resampled,train,TREND_DOWN,TRENDING,SHORT,0.9871,3.5,0.9286,0.0714,0.0,2.193,7976.0,51.0,2.151,23.7143,True,True,True,False,False,False,True,0.042,4B_TRAP,True,True,H1_CONT,7925.0,early,57.68,0.52,0.0,-1.231,-1.248,STOP,False,False,False
2026-07-28T11:00:00,CRUDEOIL,2026-07-28,cycles_resampled,train,CHOP,OPENING_DRIVE,LONG,1.0,3.375,0.8889,0.1111,0.0,2.27,7872.0,1.0,0.095,10.5714,True,True,True,True,False,False,False,0.0,4B_TRAP,True,False,H1_CONT,7873.0,early,24.81,,1.653,-1.612,-1.653,STOP,False,False,False
2026-07-28T11:05:00,CRUDEOIL,2026-07-28,cycles_resampled,train,CHOP,TRENDING,LONG,1.0,4.625,0.8378,0.0,0.1622,2.385,7876.0,38.0,2.923,13.0,False,True,True,True,False,False,False,0.0,4B_TRAP,False,False,AMBIG,7914.0,early,38.11,,0.0,-1.05,-1.076,STOP,False,False,False
2026-07-28T11:30:00,CRUDEOIL,2026-07-28,cycles_resampled,train,CHOP,TRENDING,LONG,0.9,2.19,0.5217,0.0,0.4783,0.709,7847.65,52.35,3.092,16.9286,False,True,True,True,False,False,False,0.0,4B_TRAP,False,False,AMBIG,7900.0,early,23.69,0.59,0.464,-1.646,-1.688,STOP,False,False,False
2026-07-28T12:00:00,CRUDEOIL,2026-07-28,cycles_resampled,train,CHOP,FAILED_BREAKOUT,SHORT,0.9722,3.0,1.0,0.0,0.0,1.55,7861.0,28.0,1.315,21.2857,True,True,True,True,False,False,False,0.0,4A_CONT,True,False,H1_CONT,7833.0,early,33.99,0.47,3.06,0.0,2.971,T3,True,True,False
2026-07-28T12:10:00,CRUDEOIL,2026-07-28,cycles_resampled,train,CHOP,FAILED_BREAKOUT,SHORT,0.9474,2.783,1.0,0.0,0.0,1.479,7807.0,31.0,1.432,21.6429,False,True,True,True,False,False,False,0.0,4B_TRAP,False,False,AMBIG,7776.0,early,32.96,,0.698,-1.092,-1.123,STOP,False,False,False
2026-07-28T12:20:00,CRUDEOIL,2026-07-28,cycles_resampled,train,CHOP,FAILED_BREAKOUT,SHORT,0.925,2.48,1.0,0.0,0.0,1.528,7773.0,19.0,0.937,20.2857,False,True,False,False,False,True,True,0.69,4B_TRAP,False,True,H7_TRAP,7754.0,early,31.93,,0.031,-1.034,-1.065,STOP,False,False,False
2026-07-28T12:30:00,CRUDEOIL,2026-07-28,cycles_resampled,train,CHOP,FAILED_BREAKOUT,LONG,0.9762,2.72,1.0,0.0,0.0,1.556,7768.0,19.0,0.869,21.8571,False,True,True,True,False,False,False,0.0,4B_TRAP,False,False,AMBIG,7787.0,early,35.02,2.72,1.028,-1.114,-1.142,STOP,False,False,False
2026-07-28T13:20:00,CRUDEOIL,2026-07-28,cycles_resampled,train,CHOP,FAILED_BREAKOUT,SHORT,1.0,4.519,1.0,0.0,0.0,2.461,7753.0,5.0,0.202,24.7857,False,False,False,False,True,True,True,0.444,4B_TRAP,False,True,H7_TRAP,7748.0,spike,62.83,,1.098,-1.05,-1.066,STOP,False,False,False
2026-07-28T16:05:00,CRUDEOIL,2026-07-28,cycles_resampled,train,CHOP,FAILED_BREAKOUT,SHORT,0.9647,2.2,0.4242,0.5758,0.0,0.731,7795.0,14.0,0.731,19.1429,False,False,False,False,True,True,True,0.261,4B_TRAP,False,True,H7_TRAP,7781.0,spike,33.99,0.56,0.0,-1.03,-1.059,STOP,False,False,False
2026-07-28T17:50:00,CRUDEOIL,2026-07-28,cycles_resampled,train,CHOP,FAILED_BREAKDOWN,SHORT,0.9245,2.0,1.0,0.0,0.0,1.443,7818.0,4.0,0.192,20.7857,False,False,False,False,True,True,True,0.866,4B_TRAP,False,True,H7_TRAP,7814.0,spike,30.9,2.07,2.136,-1.068,-1.1,STOP,True,False,False
2026-07-28T18:05:00,CRUDEOIL,2026-07-28,cycles_resampled,train,CHOP,FAILED_BREAKOUT,SHORT,0.9908,2.667,0.525,0.0,0.475,1.077,7814.0,8.0,0.41,19.5,False,True,True,True,False,False,False,0.0,4B_TRAP,False,False,AMBIG,7806.0,early,22.2,2.3,2.613,-1.126,-1.171,STOP,True,False,False
2026-07-28T19:15:00,CRUDEOIL,2026-07-28,cycles_resampled,train,CHOP,FAILED_BREAKOUT,LONG,0.9756,2.333,1.0,0.0,0.0,1.498,7809.0,10.0,0.428,23.3571,False,True,True,True,False,False,False,0.0,4B_TRAP,False,False,AMBIG,7819.0,early,36.05,0.8,0.777,-1.47,-1.498,STOP,False,False,False
2026-07-28T20:40:00,CRUDEOIL,2026-07-28,cycles_resampled,train,CHOP,FAILED_BREAKOUT,SHORT,1.0,4.75,0.5395,0.4605,0.0,1.799,7759.78,33.78,1.483,22.7857,True,True,True,True,False,False,False,0.0,4A_CONT,False,False,H1_WEAK,7726.0,early,78.28,0.6,3.04,0.0,2.987,T3,True,True,False
2026-07-28T20:45:00,CRUDEOIL,2026-07-28,cycles_resampled,train,CHOP,FAILED_BREAKOUT,SHORT,0.9858,3.75,1.0,0.0,0.0,2.353,7679.0,15.0,0.588,25.5,False,True,True,True,False,False,False,0.0,4A_CONT,False,False,AMBIG,7664.0,early,61.8,,3.058,-0.146,2.984,T3,True,True,False
2026-07-28T20:55:00,CRUDEOIL,2026-07-28,cycles_resampled,train,CHOP,TRENDING,SHORT,0.972,2.75,0.6818,0.0,0.3182,1.014,7626.0,6.0,0.203,29.5714,True,True,True,True,False,False,False,0.0,4A_CONT,True,False,H1_CONT,7620.0,spike,31.32,,3.384,-0.223,2.968,T3,True,True,False
2026-07-28T21:00:00,CRUDEOIL,2026-07-28,cycles_resampled,train,CHOP,TRENDING,SHORT,0.9583,2.312,0.5135,0.2703,0.2162,0.613,7606.0,8.0,0.258,31.0,True,False,False,False,True,True,True,0.226,4A_CONT,False,False,H7_TRAP,7598.0,spike,30.11,,3.255,-0.797,2.967,T3,True,True,False
2026-07-28T21:10:00,CRUDEOIL,2026-07-28,cycles_resampled,train,CHOP,TRENDING,SHORT,0.9452,2.188,0.7429,0.2571,0.0,0.805,7756.79,169.79,5.259,32.2857,False,True,True,True,False,False,False,0.0,4A_CONT,False,False,AMBIG,7587.0,early,36.05,0.03,3.107,-0.86,2.972,T3,True,True,False
2026-07-28T21:20:00,CRUDEOIL,2026-07-28,cycles_resampled,train,CHOP,TRENDING,SHORT,0.9797,3.152,1.0,0.0,0.0,1.456,7583.0,17.0,0.476,35.7143,True,True,True,True,False,False,False,0.0,4B_TRAP,True,False,H1_CONT,7566.0,early,53.56,,1.886,-1.195,-1.214,STOP,False,False,False
2026-07-28T21:25:00,CRUDEOIL,2026-07-28,cycles_resampled,train,CHOP,TRENDING,SHORT,0.9396,2.118,1.0,0.0,0.0,0.928,7566.0,52.0,1.341,38.7857,True,True,True,True,False,False,False,0.0,4B_TRAP,True,False,H1_CONT,7514.0,early,37.08,,1.321,-1.214,-1.241,STOP,False,False,False
2026-07-28T22:00:00,CRUDEOIL,2026-07-28,cycles_resampled,train,CHOP,TRENDING,SHORT,0.9038,1.882,0.8125,0.0,0.1875,0.831,7488.0,2.0,0.064,31.2857,True,True,False,False,False,True,True,2.014,4B_TRAP,False,True,H7_TRAP,7486.0,spike,26.96,,0.779,-2.411,-2.448,STOP,False,False,False
2026-07-28T22:15:00,CRUDEOIL,2026-07-28,cycles_resampled,train,CHOP,TRENDING,LONG,0.9748,2.824,1.0,0.0,0.0,1.566,7512.0,39.0,1.273,30.6429,False,True,True,True,False,False,False,0.0,4X_AMBIG,False,False,AMBIG,7551.0,early,49.44,5.92,1.598,-0.607,1.436,EOD,False,False,False
2026-07-28T22:40:00,CRUDEOIL,2026-07-28,cycles_resampled,train,CHOP,TRENDING,LONG,0.9329,2.059,1.0,0.0,0.0,1.324,7559.0,24.0,0.908,26.4286,False,True,True,True,False,False,False,0.0,4B_TRAP,False,False,AMBIG,7583.0,early,36.05,7.5,0.194,-1.026,-1.054,STOP,False,False,False
2026-07-28T22:50:00,CRUDEOIL,2026-07-28,cycles_resampled,train,CHOP,TRENDING,LONG,0.9157,2.0,0.1765,0.0,0.8235,0.223,7559.0,15.0,0.559,26.8571,True,True,True,True,False,False,False,0.0,4X_AMBIG,False,False,H1_WEAK,7574.0,early,29.02,9.62,1.93,0.0,1.654,EOD,False,False,False
2026-07-29T10:30:00,CRUDEOIL,2026-07-29,cycles_resampled,train,TREND_UP,FAILED_BREAKOUT,SHORT,1.0,2.1,0.5714,0.2381,0.1905,1.031,7857.0,0.0,0.0,11.6429,True,False,False,False,False,False,False,0.0,4B_TRAP,False,False,AMBIG,7857.0,spike,17.63,,0.851,-1.361,-1.418,STOP,False,False,False
2026-07-29T11:00:00,CRUDEOIL,2026-07-29,cycles_resampled,train,TREND_UP,TRENDING,LONG,1.0,2.286,0.875,0.0,0.125,1.589,7863.0,5.0,0.378,13.2143,False,False,False,False,True,True,True,0.454,4B_TRAP,False,True,H7_TRAP,7868.0,spike,24.72,3.11,1.375,-1.214,-1.254,STOP,False,False,False
2026-07-29T11:10:00,CRUDEOIL,2026-07-29,cycles_resampled,train,TREND_UP,FAILED_BREAKOUT,SHORT,1.0,2.087,1.0,0.0,0.0,1.697,7860.0,3.0,0.212,14.1429,False,False,False,False,True,True,True,1.768,4B_TRAP,False,True,H7_TRAP,7857.0,spike,24.72,0.53,0.0,-1.294,-1.335,STOP,False,False,False
2026-07-29T11:25:00,CRUDEOIL,2026-07-29,cycles_resampled,train,TREND_UP,FAILED_BREAKOUT,LONG,1.0,2.417,0.8621,0.1379,0.0,1.628,7881.0,4.0,0.26,15.3571,False,False,False,False,True,True,True,0.065,4B_TRAP,False,True,H7_TRAP,7885.0,early,25.87,2.32,0.657,-1.469,-1.508,STOP,False,False,False
2026-07-29T12:05:00,CRUDEOIL,2026-07-29,cycles_resampled,train,TREND_UP,FAILED_BREAKOUT,SHORT,0.973,2.167,0.6923,0.3077,0.0,0.988,7881.0,12.0,0.659,18.2143,True,True,True,True,False,False,False,0.0,4B_TRAP,True,False,H1_CONT,7869.0,early,26.78,0.08,2.128,-1.643,-1.68,STOP,True,False,False
2026-07-29T13:00:00,CRUDEOIL,2026-07-29,cycles_resampled,train,TREND_UP,FAILED_BREAKOUT,SHORT,0.9583,1.846,1.0,0.0,0.0,1.344,7866.0,9.0,0.504,17.8571,True,True,True,True,False,False,False,0.0,4B_TRAP,True,False,H1_CONT,7857.0,early,24.72,0.39,1.254,-1.052,-1.092,STOP,False,False,False
2026-07-29T13:35:00,CRUDEOIL,2026-07-29,cycles_resampled,train,TREND_UP,FAILED_BREAKOUT,LONG,1.0,2.538,0.7576,0.0,0.2424,1.215,7880.0,3.0,0.146,20.5714,False,False,False,False,True,True,True,1.604,4B_TRAP,False,True,H7_TRAP,7883.0,spike,33.99,0.49,0.0,-1.059,-1.089,STOP,False,False,False
2026-07-29T13:40:00,CRUDEOIL,2026-07-29,cycles_resampled,train,TREND_UP,FAILED_BREAKOUT,SHORT,0.9821,2.148,1.0,0.0,0.0,1.331,7847.25,0.25,0.011,21.7857,False,False,False,False,True,True,True,1.366,4B_TRAP,False,True,H7_TRAP,7847.0,spike,29.87,0.7,0.435,-1.373,-1.406,STOP,False,False,False
2026-07-29T14:05:00,CRUDEOIL,2026-07-29,cycles_resampled,train,TREND_UP,FAILED_BREAKOUT,SHORT,0.9508,1.733,0.9231,0.0769,0.0,1.053,7847.25,5.25,0.23,22.7857,True,True,True,True,False,False,False,0.0,4B_TRAP,True,False,H1_CONT,7842.0,spike,26.78,0.3,1.12,-1.008,-1.046,STOP,False,False,False
2026-07-29T14:20:00,CRUDEOIL,2026-07-29,cycles_resampled,train,TREND_UP,TRENDING,LONG,0.9531,1.931,0.5714,0.0,0.4286,0.709,7839.0,1.0,0.044,22.5714,True,True,True,True,False,False,False,0.0,4A_CONT,True,False,H1_CONT,7840.0,spike,28.84,1.66,3.433,-0.277,2.965,T3,True,True,False
2026-07-29T15:35:00,CRUDEOIL,2026-07-29,cycles_resampled,train,TREND_UP,FAILED_BREAKOUT,LONG,1.0,4.077,0.7736,0.1509,0.0755,2.507,7891.56,13.44,0.822,16.3571,True,True,True,True,False,False,False,0.0,4A_CONT,True,False,H1_CONT,7905.0,early,46.59,0.88,3.305,-0.086,2.979,T3,True,True,False
2026-07-29T16:05:00,CRUDEOIL,2026-07-29,cycles_resampled,train,TREND_UP,FAILED_BREAKDOWN,LONG,0.9412,1.857,0.8846,0.0,0.1154,1.193,7946.0,7.0,0.363,19.2857,False,False,False,False,True,True,True,0.207,4B_TRAP,False,True,H7_TRAP,7953.0,early,26.78,,1.307,-1.83,-1.867,STOP,False,False,False
2026-07-29T16:55:00,CRUDEOIL,2026-07-29,cycles_resampled,train,TREND_UP,FAILED_BREAKDOWN,SHORT,0.9474,1.8,1.0,0.0,0.0,1.454,7955.0,10.0,0.538,18.5714,False,False,False,False,True,True,True,0.269,4B_TRAP,False,True,H7_TRAP,7945.0,spike,27.81,3.93,1.474,-4.099,-4.135,STOP,False,False,False
2026-07-29T17:15:00,CRUDEOIL,2026-07-29,cycles_resampled,train,TREND_UP,FAILED_BREAKDOWN,SHORT,1.0,3.8,0.8947,0.1053,0.0,2.454,7935.0,31.0,1.491,20.7857,False,True,True,True,False,False,False,0.0,4B_TRAP,False,False,AMBIG,7904.0,early,58.71,1.22,0.0,-1.005,-1.022,STOP,False,False,False
2026-07-29T17:45:00,CRUDEOIL,2026-07-29,cycles_resampled,train,TREND_UP,FAILED_BREAKDOWN,LONG,1.0,4.4,1.0,0.0,0.0,2.484,7988.0,71.0,2.672,26.5714,True,True,True,True,False,False,False,0.0,4A_CONT,True,False,H1_CONT,8059.0,early,67.98,,2.236,0.0,0.912,EOD,True,False,False
2026-07-29T18:00:00,CRUDEOIL,2026-07-29,cycles_resampled,train,TREND_UP,TRENDING,LONG,0.9906,4.067,0.7869,0.2131,0.0,1.732,8059.0,48.0,1.732,27.7143,False,True,True,True,False,False,False,0.0,4A_CONT,False,False,AMBIG,8107.0,early,49.83,,2.087,-0.863,0.281,EOD,True,False,False
2026-07-29T18:20:00,CRUDEOIL,2026-07-29,cycles_resampled,train,TREND_UP,TRENDING,LONG,0.9182,1.733,1.0,0.0,0.0,0.881,8083.0,31.0,1.051,29.5,False,True,True,True,False,False,False,0.0,4B_TRAP,False,False,AMBIG,8114.0,early,26.78,0.22,0.597,-1.158,-1.195,STOP,False,False,False
2026-07-29T18:30:00,CRUDEOIL,2026-07-29,cycles_resampled,train,TREND_UP,TRENDING,LONG,0.9643,2.333,0.6571,0.0571,0.2857,0.852,8123.0,3.0,0.111,27.0,False,False,False,False,True,True,True,0.778,4B_TRAP,False,True,H7_TRAP,8126.0,spike,34.05,,0.117,-1.263,-1.292,STOP,False,False,False
2026-07-29T18:45:00,CRUDEOIL,2026-07-29,cycles_resampled,train,TREND_UP,TRENDING,LONG,0.9478,1.933,0.5862,0.0,0.4138,0.64,8110.0,2.0,0.075,26.5714,False,False,False,False,True,True,True,1.204,4B_TRAP,False,True,H7_TRAP,8112.0,spike,29.87,0.6,0.0,-1.138,-1.172,STOP,False,False,False
2026-07-29T18:50:00,CRUDEOIL,2026-07-29,cycles_resampled,train,TREND_UP,TRENDING,SHORT,0.9483,2.133,1.0,0.0,0.0,1.146,8083.0,5.0,0.179,27.9286,False,False,False,False,True,True,True,0.859,4B_TRAP,False,True,H7_TRAP,8078.0,spike,32.96,7.37,0.091,-1.092,-1.123,STOP,False,False,False
2026-07-29T19:15:00,CRUDEOIL,2026-07-29,cycles_resampled,train,TREND_UP,TRENDING,LONG,0.9421,2.0,0.4333,0.5667,0.0,0.581,8130.0,-12.0,-0.537,22.3571,True,False,False,False,False,False,True,0.984,4B_TRAP,False,True,AMBIG,8118.0,spike,13.9,0.86,1.727,-1.655,-1.727,STOP,False,False,False
2026-07-29T20:40:00,CRUDEOIL,2026-07-29,cycles_resampled,train,TREND_UP,TRENDING,SHORT,0.9203,1.75,0.3571,0.0714,0.5714,0.491,8165.0,-2.0,-0.098,20.3571,False,False,False,False,True,True,True,0.933,4B_TRAP,False,True,H7_TRAP,8167.0,spike,12.84,0.16,0.0,-1.324,-1.402,STOP,False,False,False
2026-07-29T21:00:00,CRUDEOIL,2026-07-29,cycles_resampled,train,TREND_UP,TRENDING,SHORT,0.9085,1.688,1.0,0.0,0.0,1.212,8148.0,30.0,1.346,22.2857,True,True,True,True,False,False,False,0.0,4B_TRAP,True,False,H1_CONT,8118.0,early,27.81,10.26,0.431,-1.69,-1.726,STOP,False,False,False
2026-07-29T21:25:00,CRUDEOIL,2026-07-29,cycles_resampled,train,TREND_UP,TRENDING,LONG,0.9524,1.875,0.8667,0.0667,0.0667,1.193,8134.0,29.0,1.331,21.7857,True,True,True,True,False,False,False,0.0,4B_TRAP,True,False,H1_CONT,8163.0,early,28.9,0.8,0.623,-1.003,-1.038,STOP,False,False,False
2026-07-29T21:50:00,CRUDEOIL,2026-07-29,cycles_resampled,train,TREND_UP,TRENDING,SHORT,0.9539,1.938,1.0,0.0,0.0,1.423,8134.0,27.0,1.239,21.7857,True,True,True,True,False,False,False,0.0,4B_TRAP,True,False,H1_CONT,8107.0,early,31.93,0.03,0.595,-1.002,-1.034,STOP,False,False,False
2026-07-30T10:10:00,CRUDEOIL,2026-07-30,cycles_resampled,train,CHOP,TRENDING,LONG,0.9286,1.889,0.1176,0.4706,0.4118,0.192,8028.0,-3.0,-0.288,10.4286,False,False,False,False,True,True,True,0.575,4A_CONT,False,False,H7_TRAP,8025.0,spike,9.51,1.47,4.627,-0.315,2.895,T3,True,True,False
2026-07-30T10:20:00,CRUDEOIL,2026-07-30,cycles_resampled,train,CHOP,OPENING_DRIVE,LONG,1.0,2.778,0.92,0.08,0.0,1.988,8039.0,6.0,0.519,11.5714,True,True,True,True,False,False,False,0.0,4A_CONT,True,False,H1_CONT,8045.0,early,23.75,,3.537,0.0,2.958,T3,True,True,False
2026-07-30T10:35:00,CRUDEOIL,2026-07-30,cycles_resampled,train,CHOP,TRENDING,LONG,0.9474,2.333,0.9048,0.0952,0.0,1.47,8069.0,4.0,0.309,12.9286,True,True,True,True,False,False,False,0.0,4A_CONT,True,False,H1_CONT,8073.0,early,19.63,,3.617,0.0,2.949,T3,True,True,False
2026-07-30T10:40:00,CRUDEOIL,2026-07-30,cycles_resampled,train,CHOP,TRENDING,LONG,0.95,2.316,1.0,0.0,0.0,1.556,8075.0,23.0,1.626,14.1429,True,True,True,True,False,False,False,0.0,4A_CONT,True,False,H1_CONT,8098.0,early,22.66,,3.486,-0.088,2.956,T3,True,True,False
2026-07-30T11:00:00,CRUDEOIL,2026-07-30,cycles_resampled,train,CHOP,TRENDING,LONG,1.0,2.667,1.0,0.0,0.0,1.661,8129.0,15.0,0.89,16.8571,True,True,True,True,False,False,False,0.0,4A_CONT,True,False,H1_CONT,8144.0,early,28.84,,3.294,-0.659,2.965,T3,True,True,False
2026-07-30T11:20:00,CRUDEOIL,2026-07-30,cycles_resampled,train,CHOP,TRENDING,LONG,1.0,4.182,0.9348,0.0,0.0652,1.98,8164.0,13.0,0.599,21.7143,False,True,False,False,False,True,True,0.046,4B_TRAP,False,True,H7_TRAP,8177.0,spike,47.38,,1.414,-1.309,-1.33,STOP,False,False,False
2026-07-30T11:35:00,CRUDEOIL,2026-07-30,cycles_resampled,train,CHOP,TRENDING,LONG,0.9355,2.5,1.0,0.0,0.0,1.239,8190.0,10.0,0.413,24.2143,True,True,True,True,False,False,False,0.0,4B_TRAP,True,False,H1_CONT,8200.0,early,30.9,,1.424,-2.751,-2.783,STOP,False,False,False
2026-07-30T11:50:00,CRUDEOIL,2026-07-30,cycles_resampled,train,CHOP,TRENDING,SHORT,0.9118,2.32,0.7241,0.1724,0.1034,0.824,8221.0,6.0,0.235,25.5,False,False,False,False,True,True,True,0.51,4B_TRAP,False,True,H7_TRAP,8215.0,spike,26.87,3.35,0.0,-1.079,-1.116,STOP,False,False,False
2026-07-30T12:30:00,CRUDEOIL,2026-07-30,cycles_resampled,train,CHOP,TRENDING,SHORT,1.0,4.148,1.0,0.0,0.0,2.125,8185.0,70.0,2.656,26.3571,False,True,True,True,False,False,False,0.0,4B_TRAP,False,False,AMBIG,8115.0,early,57.68,1.92,0.0,-1.11,-1.127,STOP,False,False,False
2026-07-30T12:45:00,CRUDEOIL,2026-07-30,cycles_resampled,train,CHOP,TRENDING,LONG,0.9333,2.062,0.9091,0.0909,0.0,1.141,8160.81,15.19,0.578,26.2857,False,False,False,False,True,True,True,0.183,4B_TRAP,False,True,H7_TRAP,8176.0,spike,30.99,2.19,2.13,-1.646,-1.678,STOP,True,False,False
2026-07-30T13:00:00,CRUDEOIL,2026-07-30,cycles_resampled,train,CHOP,TRENDING,LONG,0.9375,2.0,0.7879,0.0,0.2121,0.926,8189.0,26.0,0.926,28.0714,True,True,True,False,False,False,True,0.214,4B_TRAP,True,True,H1_CONT,8215.0,early,33.99,0.85,0.794,-1.059,-1.089,STOP,False,False,False
2026-07-30T13:30:00,CRUDEOIL,2026-07-30,cycles_resampled,train,CHOP,TRENDING,SHORT,0.963,2.529,0.814,0.186,0.0,1.099,8164.0,18.0,0.565,31.8571,True,True,True,False,False,False,True,0.094,4A_CONT,True,False,H1_CONT,8146.0,early,44.29,3.19,3.545,-0.79,2.977,T3,True,True,False
2026-07-30T13:45:00,CRUDEOIL,2026-07-30,cycles_resampled,train,CHOP,TRENDING,LONG,0.9474,2.176,1.0,0.0,0.0,1.342,8136.0,31.0,1.124,27.5714,True,True,True,False,False,False,True,1.56,4B_TRAP,True,True,H1_CONT,8167.0,early,38.11,0.23,0.367,-2.047,-2.073,STOP,False,False,False
2026-07-30T14:00:00,CRUDEOIL,2026-07-30,cycles_resampled,train,CHOP,TRENDING,SHORT,1.0,3.657,0.9375,0.0,0.0625,2.024,8123.0,30.0,1.012,29.6429,False,True,True,False,False,False,True,0.371,4B_TRAP,False,True,AMBIG,8093.0,early,61.92,1.43,0.0,-1.066,-1.082,STOP,False,False,False
2026-07-30T14:45:00,CRUDEOIL,2026-07-30,cycles_resampled,train,CHOP,FAILED_BREAKOUT,SHORT,0.942,2.111,0.7368,0.2632,0.0,0.987,8080.0,25.0,0.882,28.3571,False,True,True,True,False,False,False,0.0,4B_TRAP,False,False,AMBIG,8055.0,early,39.14,1.29,0.434,-1.073,-1.099,STOP,False,False,False
2026-07-30T15:45:00,CRUDEOIL,2026-07-30,cycles_resampled,train,CHOP,FAILED_BREAKOUT,SHORT,0.9259,1.944,1.0,0.0,0.0,1.581,8088.0,18.0,0.813,22.1429,True,True,True,True,False,False,False,0.0,4A_CONT,True,False,H1_CONT,8070.0,early,36.05,0.55,3.301,-0.416,2.972,T3,True,True,False
2026-07-30T16:10:00,CRUDEOIL,2026-07-30,cycles_resampled,train,CHOP,FAILED_BREAKOUT,SHORT,0.9535,2.286,0.475,0.0,0.525,0.821,8002.0,-8.0,-0.346,23.1429,True,False,False,False,True,True,True,0.821,4B_TRAP,False,True,H7_TRAP,8010.0,spike,20.2,0.27,0.941,-1.188,-1.238,STOP,False,False,False
2026-07-30T17:55:00,CRUDEOIL,2026-07-30,cycles_resampled,train,CHOP,FAILED_BREAKOUT,LONG,0.9439,2.176,0.973,0.027,0.0,1.744,8035.0,36.0,1.744,20.6429,False,True,False,False,False,True,True,0.775,4B_TRAP,False,True,H7_TRAP,8071.0,early,37.11,1.94,0.0,-1.105,-1.132,STOP,False,False,False
2026-07-30T18:35:00,CRUDEOIL,2026-07-30,cycles_resampled,train,CHOP,FAILED_BREAKOUT,SHORT,1.0,4.941,0.881,0.0,0.119,2.473,7982.0,-1.0,-0.033,29.9286,True,False,False,False,False,False,False,0.0,4B_TRAP,False,False,AMBIG,7983.0,spike,76.52,0.01,0.418,-1.072,-1.085,STOP,False,False,False
2026-07-30T18:40:00,CRUDEOIL,2026-07-30,cycles_resampled,train,CHOP,FAILED_BREAKOUT,SHORT,0.9741,2.882,0.9388,0.0,0.0612,1.474,7973.0,19.0,0.609,31.2143,False,False,False,False,True,True,True,0.545,4B_TRAP,False,True,H7_TRAP,7954.0,spike,47.47,,0.0,-1.032,-1.053,STOP,False,False,False
2026-07-30T21:10:00,CRUDEOIL,2026-07-30,cycles_resampled,train,CHOP,FAILED_BREAKOUT,SHORT,0.9452,2.056,0.8108,0.0,0.1892,1.173,8043.0,35.0,1.369,25.5714,False,True,True,True,False,False,False,0.0,4B_TRAP,False,False,AMBIG,8008.0,early,31.11,0.75,0.354,-1.189,-1.221,STOP,False,False,False
2026-07-31T10:25:00,CRUDEOIL,2026-07-31,cycles_resampled,train,TREND_UP,TRENDING,SHORT,0.9412,1.778,0.875,0.0,0.125,1.371,7824.0,17.0,1.664,10.2143,False,True,False,False,False,True,True,0.392,4B_TRAP,False,True,H7_TRAP,7807.0,early,14.48,,0.691,-1.381,-1.45,STOP,False,False,False
2026-07-31T10:35:00,CRUDEOIL,2026-07-31,cycles_resampled,train,TREND_UP,TRENDING,LONG,0.9474,2.1,1.0,0.0,0.0,1.74,7820.0,7.0,0.58,12.0714,True,True,True,False,False,False,True,1.16,4B_TRAP,True,True,H1_CONT,7827.0,spike,21.63,0.37,0.231,-1.156,-1.202,STOP,False,False,False
2026-07-31T11:05:00,CRUDEOIL,2026-07-31,cycles_resampled,train,TREND_UP,TRENDING,SHORT,1.0,2.545,0.8929,0.1071,0.0,1.643,7777.0,10.0,0.657,15.2143,False,False,False,False,True,True,True,2.169,4B_TRAP,False,True,H7_TRAP,7767.0,spike,28.84,,0.0,-1.491,-1.526,STOP,False,False,False
2026-07-31T11:10:00,CRUDEOIL,2026-07-31,cycles_resampled,train,TREND_UP,TRENDING,LONG,0.9615,2.273,0.6,0.4,0.0,0.901,7795.0,-10.0,-0.601,16.6429,False,False,False,False,True,True,True,0.541,4A_CONT,False,False,H7_TRAP,7785.0,spike,15.75,2.98,4.127,-0.254,2.937,T3,True,True,False
2026-07-31T11:20:00,CRUDEOIL,2026-07-31,cycles_resampled,train,TREND_UP,TRENDING,LONG,0.9286,2.182,1.0,0.0,0.0,1.344,7795.0,15.0,0.84,17.8571,True,True,True,True,False,False,False,0.0,4A_CONT,True,False,H1_CONT,7810.0,early,24.72,2.82,3.115,-0.283,2.96,T3,True,True,False
2026-07-31T12:45:00,CRUDEOIL,2026-07-31,cycles_resampled,train,TREND_UP,FAILED_BREAKDOWN,LONG,0.9556,2.0,0.625,0.375,0.0,0.89,7881.0,-3.0,-0.178,16.8571,False,False,False,False,True,True,True,0.059,4B_TRAP,False,True,H7_TRAP,7878.0,spike,15.72,0.06,1.527,-1.145,-1.209,STOP,False,False,False
2026-07-31T13:00:00,CRUDEOIL,2026-07-31,cycles_resampled,train,TREND_UP,FAILED_BREAKDOWN,LONG,0.9792,2.167,0.5,0.0,0.5,0.752,7893.0,8.0,0.463,17.2857,False,True,True,False,False,False,True,0.405,4B_TRAP,False,True,AMBIG,7901.0,early,26.78,,0.037,-1.046,-1.083,STOP,False,False,False
2026-07-31T13:10:00,CRUDEOIL,2026-07-31,cycles_resampled,train,TREND_UP,FAILED_BREAKDOWN,LONG,0.94,2.0,0.375,0.0,0.625,0.543,7887.0,10.0,0.603,16.5714,False,False,False,False,True,True,True,1.75,4B_TRAP,False,True,H7_TRAP,7897.0,spike,24.72,0.2,0.0,-1.497,-1.537,STOP,False,False,False
2026-07-31T13:20:00,CRUDEOIL,2026-07-31,cycles_resampled,train,TREND_UP,FAILED_BREAKDOWN,SHORT,0.9808,2.167,0.7692,0.0769,0.1538,1.12,7873.0,9.0,0.504,17.8571,True,True,True,True,False,False,False,0.0,4B_TRAP,True,False,H1_CONT,7864.0,early,22.78,2.22,1.01,-1.8,-1.844,STOP,False,False,False
2026-07-31T13:30:00,CRUDEOIL,2026-07-31,cycles_resampled,train,TREND_UP,FAILED_BREAKOUT,SHORT,0.9444,2.083,0.68,0.32,0.0,0.872,7850.0,4.0,0.205,19.5,False,False,False,False,True,True,True,0.359,4B_TRAP,False,True,H7_TRAP,7846.0,spike,25.75,1.05,0.194,-2.291,-2.33,STOP,False,False,False
2026-07-31T13:55:00,CRUDEOIL,2026-07-31,cycles_resampled,train,TREND_UP,FAILED_BREAKDOWN,LONG,1.0,3.667,0.8182,0.0,0.1818,1.813,7902.0,3.0,0.151,19.8571,False,False,False,False,False,True,True,1.007,4A_CONT,False,False,H7_TRAP,7905.0,spike,45.32,,3.001,-0.993,2.978,T3,True,True,False
2026-07-31T15:00:00,CRUDEOIL,2026-07-31,cycles_resampled,train,TREND_UP,FAILED_BREAKDOWN,LONG,1.0,3.846,1.0,0.0,0.0,2.188,7953.0,22.0,0.963,22.8571,True,True,True,True,False,False,False,0.0,4A_CONT,True,False,H1_CONT,7975.0,early,51.5,,3.01,-0.117,2.981,T3,True,True,False
2026-07-31T16:25:00,CRUDEOIL,2026-07-31,cycles_resampled,train,TREND_UP,TRENDING,LONG,0.9775,2.308,0.8333,0.1667,0.0,1.464,8060.0,4.0,0.234,17.0714,False,False,False,False,True,True,True,1.113,4B_TRAP,False,True,H7_TRAP,8064.0,spike,25.9,,1.583,-1.042,-1.081,STOP,False,False,False
2026-07-31T16:45:00,CRUDEOIL,2026-07-31,cycles_resampled,train,TREND_UP,TRENDING,LONG,1.0,5.231,0.7794,0.2206,0.0,2.524,8069.0,21.0,1.0,21.0,True,True,True,True,False,False,False,0.0,4B_TRAP,True,False,H1_CONT,8090.0,early,55.04,,2.416,-1.054,-1.072,STOP,True,False,False
2026-07-31T17:00:00,CRUDEOIL,2026-07-31,cycles_resampled,train,TREND_UP,TRENDING,LONG,0.9688,2.308,0.9333,0.0,0.0667,1.248,8111.0,11.0,0.49,22.4286,False,False,False,False,True,True,True,0.045,4A_CONT,False,False,H7_TRAP,8122.0,early,30.9,,3.172,-0.518,2.968,T3,True,True,False
2026-07-31T17:30:00,CRUDEOIL,2026-07-31,cycles_resampled,train,TREND_UP,TRENDING,LONG,0.9902,3.704,1.0,0.0,0.0,2.053,8130.0,36.0,1.478,24.3571,True,True,True,True,False,False,False,0.0,4B_TRAP,True,False,H1_CONT,8166.0,early,51.5,,1.107,-1.709,-1.728,STOP,False,False,False
2026-07-31T18:25:00,CRUDEOIL,2026-07-31,cycles_resampled,train,TREND_UP,TRENDING,LONG,0.9646,3.071,0.814,0.186,0.0,1.725,8191.0,21.0,1.035,20.2857,False,False,False,False,True,True,True,0.739,4B_TRAP,False,True,H7_TRAP,8212.0,spike,36.29,,0.303,-1.047,-1.075,STOP,False,False,False
2026-07-31T18:30:00,CRUDEOIL,2026-07-31,cycles_resampled,train,TREND_UP,TRENDING,SHORT,0.9737,3.5,0.9592,0.0,0.0408,2.05,8177.0,1.0,0.044,22.9286,False,False,False,False,True,True,True,0.567,4A_CONT,False,False,H7_TRAP,8176.0,spike,48.47,0.83,2.971,-0.805,1.403,EOD,True,False,False
2026-07-31T18:40:00,CRUDEOIL,2026-07-31,cycles_resampled,train,TREND_UP,TRENDING,LONG,0.931,2.071,0.3448,0.4138,0.2414,0.452,8196.0,-6.0,-0.271,22.1429,False,False,False,False,True,True,True,1.039,4B_TRAP,False,True,H7_TRAP,8190.0,spike,17.87,1.85,0.672,-1.231,-1.287,STOP,False,False,False
2026-07-31T19:00:00,CRUDEOIL,2026-07-31,cycles_resampled,train,TREND_UP,TRENDING,SHORT,0.95,2.214,0.0968,0.9032,0.0,0.122,8173.0,2.0,0.081,24.6429,False,False,False,False,True,True,True,0.893,4B_TRAP,False,True,H7_TRAP,8171.0,spike,28.93,13.8,0.0,-1.486,-1.521,STOP,False,False,False
2026-07-31T19:20:00,CRUDEOIL,2026-07-31,cycles_resampled,train,TREND_UP,TRENDING,SHORT,0.9194,2.0,0.7143,0.2857,0.0,0.759,8195.0,20.0,0.759,26.3571,False,True,True,True,False,False,False,0.0,4B_TRAP,False,False,AMBIG,8175.0,early,28.84,0.24,2.046,-1.04,-1.075,STOP,True,False,False
2026-07-31T19:35:00,CRUDEOIL,2026-07-31,cycles_resampled,train,TREND_UP,TRENDING,SHORT,0.9528,2.286,1.0,0.0,0.0,1.28,8164.0,27.0,1.08,25.0,False,True,True,True,False,False,False,0.0,4B_TRAP,False,False,AMBIG,8137.0,early,32.96,11.08,0.637,-1.183,-1.214,STOP,False,False,False
2026-07-31T19:40:00,CRUDEOIL,2026-07-31,cycles_resampled,train,TREND_UP,TRENDING,LONG,0.9531,2.552,0.7027,0.2973,0.0,1.077,8047.25,94.75,3.925,24.1429,False,True,True,True,False,False,False,0.0,4B_TRAP,False,False,AMBIG,8142.0,early,27.11,2.66,2.693,-2.361,-2.398,STOP,True,False,False
2026-07-31T20:15:00,CRUDEOIL,2026-07-31,cycles_resampled,train,TREND_UP,TRENDING,LONG,0.9185,1.933,1.0,0.0,0.0,1.353,8178.0,22.0,1.027,21.4286,False,True,True,True,False,False,False,0.0,4B_TRAP,False,False,AMBIG,8200.0,early,29.87,0.77,0.502,-1.071,-1.105,STOP,False,False,False
2026-07-31T20:55:00,CRUDEOIL,2026-07-31,cycles_resampled,train,TREND_UP,TRENDING,SHORT,0.9231,1.933,0.7586,0.0,0.2414,1.316,8184.0,9.0,0.538,16.7143,True,True,True,True,False,False,False,0.0,4A_CONT,True,False,H1_CONT,8175.0,early,22.87,1.97,4.241,-0.175,2.956,T3,True,True,False
2026-07-31T21:00:00,CRUDEOIL,2026-07-31,cycles_resampled,train,TREND_UP,TRENDING,SHORT,0.9722,3.0,1.0,0.0,0.0,2.405,8168.0,34.0,1.817,18.7143,False,True,True,True,False,False,False,0.0,4A_CONT,False,False,AMBIG,8134.0,early,46.35,0.09,2.201,-0.41,0.561,EOD,True,False,False
2026-07-31T21:15:00,CRUDEOIL,2026-07-31,cycles_resampled,train,TREND_UP,TRENDING,SHORT,0.9524,2.533,0.8947,0.0263,0.0789,1.571,8120.0,39.0,1.802,21.6429,True,True,True,True,False,False,False,0.0,4B_TRAP,True,False,H1_CONT,8081.0,early,36.14,8.56,1.356,-1.356,-1.384,STOP,False,False,False
2026-07-31T21:20:00,CRUDEOIL,2026-07-31,cycles_resampled,train,TREND_UP,FAILED_BREAKOUT,SHORT,0.973,3.067,0.9565,0.0,0.0435,1.791,8078.0,44.0,1.791,24.5714,False,True,True,True,False,False,False,0.0,4B_TRAP,False,False,AMBIG,8034.0,early,45.38,5.78,0.0,-1.146,-1.168,STOP,False,False,False
2026-08-03T10:15:00,CRUDEOIL,2026-08-03,cycles_resampled,train,CHOP,TRENDING,SHORT,1.0,2.857,1.0,0.0,0.0,1.854,7592.0,7.0,0.649,10.7857,True,True,True,True,False,False,False,0.0,4B_TRAP,True,False,H1_CONT,7585.0,early,20.6,,0.728,-1.311,-1.359,STOP,False,False,False
2026-08-03T11:10:00,CRUDEOIL,2026-08-03,cycles_resampled,train,CHOP,TRENDING,LONG,0.9231,1.529,0.6923,0.0769,0.2308,0.818,7584.0,11.0,1.0,11.0,True,True,True,True,False,False,False,0.0,4B_TRAP,True,False,H1_CONT,7595.0,early,12.39,2.16,2.018,-2.421,-2.502,STOP,True,False,False
2026-08-03T11:25:00,CRUDEOIL,2026-08-03,cycles_resampled,train,CHOP,OPENING_DRIVE,SHORT,0.9655,1.889,0.8824,0.0,0.1176,1.296,7609.0,7.0,0.605,11.5714,True,True,True,True,False,False,False,0.0,4A_CONT,True,False,H1_CONT,7602.0,early,15.51,2.01,4.062,-0.129,2.936,T3,True,True,False
2026-08-03T11:30:00,CRUDEOIL,2026-08-03,cycles_resampled,train,CHOP,OPENING_DRIVE,SHORT,0.9333,1.556,0.5714,0.0,0.4286,0.655,7600.0,4.0,0.327,12.2143,True,True,True,True,False,False,False,0.0,4A_CONT,True,False,H1_CONT,7596.0,early,8.42,1.93,3.682,0.0,2.881,T3,True,True,False
2026-08-03T11:40:00,CRUDEOIL,2026-08-03,cycles_resampled,train,CHOP,TRENDING,SHORT,1.0,2.444,1.0,0.0,0.0,1.674,7570.0,5.0,0.38,13.1429,False,False,False,False,True,True,True,0.989,4B_TRAP,False,True,H7_TRAP,7565.0,spike,22.66,,0.0,-1.015,-1.059,STOP,False,False,False
2026-08-03T11:55:00,CRUDEOIL,2026-08-03,cycles_resampled,train,CHOP,TRENDING,SHORT,1.0,2.444,0.7273,0.0,0.2727,1.155,7565.0,1.0,0.072,13.8571,True,False,False,False,False,False,False,0.0,4B_TRAP,False,False,AMBIG,7564.0,spike,16.66,,1.681,-1.501,-1.561,STOP,False,False,False
2026-08-03T12:10:00,CRUDEOIL,2026-08-03,cycles_resampled,train,CHOP,TRENDING,SHORT,1.0,2.7,1.0,0.0,0.0,1.734,7557.0,18.0,1.156,15.5714,False,True,True,True,False,False,False,0.0,4B_TRAP,False,False,AMBIG,7539.0,early,27.81,,0.108,-1.798,-1.834,STOP,False,False,False
2026-08-03T12:30:00,CRUDEOIL,2026-08-03,cycles_resampled,train,CHOP,TRENDING,LONG,1.0,3.4,0.7353,0.2647,0.0,1.367,7574.0,6.0,0.328,18.2857,True,True,True,True,False,False,False,0.0,4A_CONT,True,False,H1_CONT,7580.0,spike,26.02,1.32,3.459,-0.384,2.962,T3,True,True,False
2026-08-03T12:45:00,CRUDEOIL,2026-08-03,cycles_resampled,train,CHOP,FAILED_BREAKOUT,LONG,1.0,6.2,0.9032,0.0161,0.0806,2.57,7642.0,12.0,0.551,21.7857,False,False,False,False,True,True,True,1.469,4B_TRAP,False,True,H7_TRAP,7654.0,spike,62.86,,0.0,-1.05,-1.066,STOP,False,False,False
2026-08-03T13:05:00,CRUDEOIL,2026-08-03,cycles_resampled,train,CHOP,FAILED_BREAKOUT,LONG,0.9184,2.273,0.84,0.16,0.0,0.847,7614.09,26.91,1.086,24.7857,False,True,False,False,False,True,True,1.053,4B_TRAP,False,True,H7_TRAP,7641.0,early,21.75,0.64,0.0,-1.103,-1.149,STOP,False,False,False
2026-08-03T13:15:00,CRUDEOIL,2026-08-03,cycles_resampled,train,CHOP,FAILED_BREAKDOWN,SHORT,0.9216,2.273,1.0,0.0,0.0,0.941,7617.0,14.0,0.527,26.5714,True,True,True,False,False,False,True,0.038,4B_TRAP,True,True,H1_CONT,7603.0,early,25.75,0.23,0.583,-1.32,-1.359,STOP,False,False,False
2026-08-03T13:45:00,CRUDEOIL,2026-08-03,cycles_resampled,train,CHOP,FAILED_BREAKOUT,LONG,0.9474,2.455,0.963,0.037,0.0,1.034,7627.0,9.0,0.358,25.1429,False,False,False,False,True,True,True,0.08,4B_TRAP,False,True,H7_TRAP,7636.0,early,26.81,0.34,2.089,-1.082,-1.119,STOP,True,False,False
2026-08-03T14:05:00,CRUDEOIL,2026-08-03,cycles_resampled,train,CHOP,FAILED_BREAKDOWN,LONG,0.9508,2.75,0.697,0.0,0.303,1.122,7655.0,3.0,0.146,20.5,True,True,True,True,False,False,False,0.0,4B_TRAP,True,False,H1_CONT,7658.0,spike,33.99,,1.0,-1.236,-1.265,STOP,False,False,False
2026-08-03T14:10:00,CRUDEOIL,2026-08-03,cycles_resampled,train,CHOP,FAILED_BREAKDOWN,LONG,0.9355,2.16,0.7037,0.0,0.2963,0.89,7658.0,12.0,0.562,21.3571,True,True,True,False,False,False,True,0.234,4B_TRAP,True,True,H1_CONT,7670.0,early,27.81,,0.791,-1.942,-1.978,STOP,False,False,False
2026-08-03T14:40:00,CRUDEOIL,2026-08-03,cycles_resampled,train,CHOP,FAILED_BREAKDOWN,SHORT,0.9412,2.462,1.0,0.0,0.0,1.483,7650.0,34.0,1.576,21.5714,True,True,True,True,False,False,False,0.0,4A_CONT,True,False,H1_CONT,7616.0,early,32.96,1.39,3.064,-0.85,2.97,T3,True,True,False
2026-08-03T15:25:00,CRUDEOIL,2026-08-03,cycles_resampled,train,CHOP,FAILED_BREAKOUT,LONG,0.9351,2.077,0.4074,0.2963,0.2963,0.533,7643.0,-7.0,-0.339,20.6429,False,False,False,False,True,True,True,1.599,4B_TRAP,False,True,H7_TRAP,7636.0,spike,19.81,0.12,0.101,-1.111,-1.161,STOP,False,False,False
2026-08-03T18:15:00,CRUDEOIL,2026-08-03,cycles_resampled,train,CHOP,TRENDING,LONG,0.982,3.154,0.878,0.122,0.0,2.109,7557.0,17.0,0.996,17.0714,False,True,False,False,False,True,True,1.523,4B_TRAP,False,True,H7_TRAP,7574.0,early,37.23,1.63,0.134,-1.585,-1.612,STOP,False,False,False
2026-08-03T18:30:00,CRUDEOIL,2026-08-03,cycles_resampled,train,CHOP,TRENDING,SHORT,0.9474,2.231,0.1034,0.3448,0.5517,0.171,7535.0,4.0,0.228,17.5714,False,True,False,False,False,True,True,1.935,4B_TRAP,False,True,H7_TRAP,7531.0,spike,13.87,,0.36,-1.226,-1.298,STOP,False,False,False
2026-08-03T18:40:00,CRUDEOIL,2026-08-03,cycles_resampled,train,CHOP,TRENDING,LONG,0.9828,3.231,1.0,0.0,0.0,2.108,7548.0,21.0,1.054,19.9286,False,True,True,True,False,False,False,0.0,4B_TRAP,False,False,AMBIG,7569.0,early,43.26,0.23,0.162,-1.364,-1.387,STOP,False,False,False
2026-08-03T19:00:00,CRUDEOIL,2026-08-03,cycles_resampled,train,CHOP,FAILED_BREAKOUT,SHORT,0.9833,4.0,1.0,0.0,0.0,2.311,7515.0,5.0,0.222,22.5,True,True,False,False,False,True,True,0.222,4B_TRAP,False,True,H7_TRAP,7510.0,spike,53.56,,0.224,-1.12,-1.139,STOP,False,False,False
2026-08-03T19:20:00,CRUDEOIL,2026-08-03,cycles_resampled,train,CHOP,TRENDING,LONG,0.9355,2.231,0.8621,0.0,0.1379,1.003,7520.0,15.0,0.602,24.9286,True,True,True,True,False,False,False,0.0,4A_CONT,True,False,H1_CONT,7535.0,early,29.87,1.37,3.85,-0.167,2.967,T3,True,True,False
2026-08-03T20:00:00,CRUDEOIL,2026-08-03,cycles_resampled,train,CHOP,FAILED_BREAKOUT,LONG,0.9394,2.385,0.5484,0.4516,0.0,0.77,7584.0,3.0,0.136,22.0714,True,True,False,False,False,True,True,0.272,4A_CONT,False,False,H7_TRAP,7587.0,spike,17.93,2.59,3.514,-0.892,2.944,T3,True,True,False
2026-08-03T20:35:00,CRUDEOIL,2026-08-03,cycles_resampled,train,CHOP,FAILED_BREAKOUT,SHORT,0.9496,2.462,0.75,0.0625,0.1875,1.273,7609.0,21.0,1.114,18.8571,False,True,True,True,False,False,False,0.0,4B_TRAP,False,False,AMBIG,7588.0,early,26.96,0.63,0.111,-2.3,-2.337,STOP,False,False,False
2026-08-03T20:55:00,CRUDEOIL,2026-08-03,cycles_resampled,train,CHOP,FAILED_BREAKOUT,LONG,0.993,4.385,0.8421,0.0,0.1579,2.294,7633.4,16.6,0.793,20.9286,False,False,False,False,True,True,True,1.835,4B_TRAP,False,True,H7_TRAP,7650.0,spike,58.71,0.72,0.0,-1.056,-1.073,STOP,False,False,False
2026-08-03T22:30:00,CRUDEOIL,2026-08-03,cycles_resampled,train,CHOP,FAILED_BREAKOUT,LONG,0.9198,2.077,0.8889,0.1111,0.0,1.608,7629.35,0.65,0.044,14.9286,True,True,True,True,False,False,False,0.0,4X_AMBIG,True,False,H1_CONT,7630.0,early,24.81,2.5,1.209,-0.121,0.806,EOD,False,False,False
2026-08-04T11:05:00,CRUDEOIL,2026-08-04,cycles_resampled,train,TREND_DOWN,TRENDING,SHORT,1.0,2.125,0.6471,0.0,0.3529,1.294,7751.0,-6.0,-0.706,8.5,True,False,False,False,False,True,True,0.353,4A_CONT,False,False,H7_TRAP,7757.0,spike,11.51,0.52,3.301,-0.261,2.913,T3,True,True,False
2026-08-04T11:20:00,CRUDEOIL,2026-08-04,cycles_resampled,train,TREND_DOWN,OPENING_DRIVE,SHORT,1.0,2.75,0.8636,0.0,0.1364,1.86,7741.4,9.4,0.92,10.2143,True,True,True,True,False,False,False,0.0,4A_CONT,True,False,H1_CONT,7732.0,early,19.66,0.66,3.561,-0.305,2.949,T3,True,True,False
2026-08-04T11:30:00,CRUDEOIL,2026-08-04,cycles_resampled,train,TREND_DOWN,OPENING_DRIVE,LONG,0.9667,2.375,0.4211,0.5789,0.0,0.723,7732.0,-5.0,-0.452,11.0714,False,False,False,False,True,True,True,1.806,4B_TRAP,False,True,H7_TRAP,7727.0,spike,8.57,3.85,0.117,-1.75,-1.867,STOP,False,False,False
2026-08-04T11:40:00,CRUDEOIL,2026-08-04,cycles_resampled,train,TREND_DOWN,OPENING_DRIVE,SHORT,0.9062,2.0,0.5625,0.4375,0.0,0.759,7719.0,7.0,0.59,11.8571,False,False,False,False,True,True,True,1.265,4B_TRAP,False,True,H7_TRAP,7712.0,spike,16.48,,0.182,-1.092,-1.153,STOP,False,False,False
2026-08-04T11:45:00,CRUDEOIL,2026-08-04,cycles_resampled,train,TREND_DOWN,OPENING_DRIVE,LONG,0.9697,2.625,1.0,0.0,0.0,1.642,7728.0,2.0,0.156,12.7857,True,True,False,False,False,True,True,0.469,4B_TRAP,False,True,H7_TRAP,7730.0,spike,21.63,0.37,0.185,-1.063,-1.11,STOP,False,False,False
2026-08-04T11:55:00,CRUDEOIL,2026-08-04,cycles_resampled,train,TREND_DOWN,FAILED_BREAKOUT,SHORT,0.9429,2.375,0.4211,0.0,0.5789,0.577,7725.0,3.0,0.216,13.8571,False,False,False,False,True,True,True,0.144,4B_TRAP,False,True,H7_TRAP,7722.0,spike,8.57,1.52,0.933,-1.05,-1.167,STOP,False,False,False
2026-08-04T12:10:00,CRUDEOIL,2026-08-04,cycles_resampled,train,TREND_DOWN,FAILED_BREAKOUT,SHORT,0.9474,2.375,1.0,0.0,0.0,1.285,7709.0,2.0,0.135,14.7857,True,True,True,True,False,False,False,0.0,4B_TRAP,True,False,H1_CONT,7707.0,spike,19.57,,2.299,-1.073,-1.124,STOP,True,False,False
2026-08-04T12:25:00,CRUDEOIL,2026-08-04,cycles_resampled,train,TREND_DOWN,FAILED_BREAKOUT,SHORT,0.9756,2.625,0.7619,0.2381,0.0,1.082,7702.0,20.0,1.353,14.7857,True,True,True,False,False,False,True,0.338,4B_TRAP,True,True,H1_CONT,7682.0,early,21.63,,0.925,-1.156,-1.202,STOP,False,False,False
2026-08-04T12:30:00,CRUDEOIL,2026-08-04,cycles_resampled,train,TREND_DOWN,TRENDING,SHORT,1.0,2.824,0.4167,0.25,0.3333,0.68,7682.0,12.0,0.816,14.7143,False,False,False,False,True,True,True,1.699,4B_TRAP,False,True,H7_TRAP,7670.0,spike,16.72,,0.0,-2.213,-2.273,STOP,False,False,False
2026-08-04T12:40:00,CRUDEOIL,2026-08-04,cycles_resampled,train,TREND_DOWN,FAILED_BREAKOUT,LONG,0.9773,2.556,1.0,0.0,0.0,1.484,7684.0,23.0,1.484,15.5,False,True,True,True,False,False,False,0.0,4B_TRAP,False,False,AMBIG,7707.0,early,23.69,1.01,0.886,-1.098,-1.14,STOP,False,False,False
2026-08-04T12:50:00,CRUDEOIL,2026-08-04,cycles_resampled,train,TREND_DOWN,FAILED_BREAKOUT,LONG,1.0,3.0,0.8889,0.1111,0.0,1.394,7707.0,4.0,0.232,17.2143,True,True,True,True,False,False,False,0.0,4B_TRAP,True,False,H1_CONT,7711.0,early,24.81,1.93,0.685,-1.209,-1.249,STOP,False,False,False
2026-08-04T13:35:00,CRUDEOIL,2026-08-04,cycles_resampled,train,TREND_DOWN,FAILED_BREAKOUT,LONG,0.9818,2.364,0.6538,0.2692,0.0769,0.944,7701.0,14.0,0.778,18.0,False,True,True,True,False,False,False,0.0,4A_CONT,False,False,AMBIG,7715.0,early,19.78,0.56,3.084,-0.354,2.949,T3,True,True,False
2026-08-04T14:00:00,CRUDEOIL,2026-08-04,cycles_resampled,train,TREND_DOWN,FAILED_BREAKOUT,LONG,1.0,4.182,1.0,0.0,0.0,2.65,7758.97,4.03,0.232,17.3571,True,True,True,True,False,False,False,0.0,4B_TRAP,True,False,H1_CONT,7763.0,spike,47.38,0.13,2.026,-1.309,-1.33,STOP,True,False,False
2026-08-04T14:10:00,CRUDEOIL,2026-08-04,cycles_resampled,train,TREND_DOWN,FAILED_BREAKDOWN,LONG,0.9839,3.273,1.0,0.0,0.0,1.888,7776.0,19.0,0.996,19.0714,True,True,True,True,False,False,False,0.0,4B_TRAP,True,False,H1_CONT,7795.0,early,37.08,,1.726,-2.535,-2.562,STOP,False,False,False
2026-08-04T14:20:00,CRUDEOIL,2026-08-04,cycles_resampled,train,TREND_DOWN,TRENDING,LONG,0.9844,3.273,0.9722,0.0,0.0278,1.623,7815.0,32.0,1.483,21.5714,False,True,True,True,False,False,False,0.0,4B_TRAP,False,False,AMBIG,7847.0,early,37.08,,0.324,-1.16,-1.187,STOP,False,False,False
2026-08-04T14:55:00,CRUDEOIL,2026-08-04,cycles_resampled,train,TREND_DOWN,TRENDING,SHORT,0.9014,2.0,0.8182,0.1818,0.0,0.84,7839.0,8.0,0.373,21.4286,True,True,True,True,False,False,False,0.0,4B_TRAP,True,False,H1_CONT,7831.0,spike,22.66,5.38,1.192,-1.059,-1.103,STOP,False,False,False
2026-08-04T15:25:00,CRUDEOIL,2026-08-04,cycles_resampled,train,TREND_DOWN,TRENDING,SHORT,0.961,2.455,1.0,0.0,0.0,1.39,7846.0,20.0,1.029,19.4286,True,True,True,True,False,False,False,0.0,4A_CONT,True,False,H1_CONT,7826.0,early,27.81,0.79,4.495,-0.144,2.964,T3,True,True,False
2026-08-04T15:45:00,CRUDEOIL,2026-08-04,cycles_resampled,train,TREND_DOWN,FAILED_BREAKDOWN,SHORT,0.9012,2.0,0.5455,0.4545,0.0,0.629,7804.0,0.0,0.0,19.0714,False,False,False,False,True,True,True,1.363,4B_TRAP,False,True,H7_TRAP,7804.0,spike,22.66,4.91,0.177,-1.147,-1.192,STOP,False,False,False
2026-08-04T16:15:00,CRUDEOIL,2026-08-04,cycles_resampled,train,TREND_DOWN,FAILED_BREAKDOWN,SHORT,1.0,5.583,0.7463,0.0,0.2537,1.961,7804.0,86.0,3.373,25.5,True,True,True,True,False,False,False,0.0,4A_CONT,True,False,H1_CONT,7718.0,early,52.01,0.72,3.422,-0.461,2.981,T3,True,True,False
2026-08-04T16:20:00,CRUDEOIL,2026-08-04,cycles_resampled,train,TREND_DOWN,FAILED_BREAKOUT,SHORT,0.9545,2.667,0.25,0.3125,0.4375,0.312,7804.0,80.0,3.12,25.6429,True,True,True,True,False,False,False,0.0,4A_CONT,False,False,H1_WEAK,7724.0,early,18.96,2.3,3.956,0.0,2.947,T3,True,True,False
2026-08-04T16:30:00,CRUDEOIL,2026-08-04,cycles_resampled,train,TREND_DOWN,FAILED_BREAKOUT,SHORT,0.9556,2.667,0.4062,0.0938,0.5,0.478,7701.0,-6.0,-0.22,27.2143,True,False,False,False,False,False,False,0.0,4A_CONT,False,False,AMBIG,7707.0,spike,16.96,0.35,3.42,0.0,2.941,T3,True,True,False
2026-08-04T16:35:00,CRUDEOIL,2026-08-04,cycles_resampled,train,TREND_DOWN,FAILED_BREAKOUT,SHORT,0.956,2.75,0.8788,0.1212,0.0,1.046,7680.47,7.47,0.27,27.7143,True,True,True,True,False,False,False,0.0,4A_CONT,True,False,H1_CONT,7673.0,early,33.99,0.32,3.913,0.0,2.971,T3,True,True,False
2026-08-04T16:45:00,CRUDEOIL,2026-08-04,cycles_resampled,train,TREND_DOWN,FAILED_BREAKOUT,SHORT,0.957,2.917,1.0,0.0,0.0,1.192,7649.0,20.0,0.681,29.3571,False,True,True,True,False,False,False,0.0,4A_CONT,False,False,AMBIG,7629.0,early,36.05,,4.743,-0.305,2.972,T3,True,True,False
2026-08-04T17:05:00,CRUDEOIL,2026-08-04,cycles_resampled,train,TREND_DOWN,FAILED_BREAKOUT,SHORT,0.9794,3.75,1.0,0.0,0.0,1.403,7608.0,18.0,0.561,32.0714,True,True,True,True,False,False,False,0.0,4A_CONT,True,False,H1_CONT,7590.0,early,46.35,,4.854,-0.216,2.978,T3,True,True,False
2026-08-04T17:10:00,CRUDEOIL,2026-08-04,cycles_resampled,train,TREND_DOWN,TRENDING,SHORT,0.9898,4.8,0.9667,0.0333,0.0,1.681,7590.0,50.0,1.449,34.5,True,True,True,True,False,False,False,0.0,4A_CONT,True,False,H1_CONT,7540.0,early,61.8,,3.673,0.0,2.984,T3,True,True,False
2026-08-04T17:15:00,CRUDEOIL,2026-08-04,cycles_resampled,train,TREND_DOWN,TRENDING,SHORT,1.0,5.154,0.9701,0.0,0.0299,1.652,7540.0,80.0,2.033,39.3571,True,True,True,True,False,False,False,0.0,4A_CONT,True,False,H1_CONT,7460.0,early,67.01,,3.119,-0.015,2.985,T3,True,True,False
2026-08-04T17:20:00,CRUDEOIL,2026-08-04,cycles_resampled,train,TREND_DOWN,TRENDING,SHORT,1.0,7.385,0.875,0.0,0.125,1.846,7458.0,81.0,1.78,45.5,True,True,True,True,False,False,False,0.0,4A_CONT,True,False,H1_CONT,7377.0,early,86.88,,2.187,-0.829,1.773,EOD,True,False,False
2026-08-04T17:25:00,CRUDEOIL,2026-08-04,cycles_resampled,train,TREND_DOWN,TRENDING,SHORT,0.9703,4.846,1.0,0.0,0.0,1.503,7365.0,52.0,1.24,41.9286,False,False,False,False,True,True,True,1.503,4B_TRAP,False,True,H7_TRAP,7313.0,spike,64.89,,0.0,-1.726,-1.741,STOP,False,False,False
2026-08-04T17:30:00,CRUDEOIL,2026-08-04,cycles_resampled,train,TREND_DOWN,TRENDING,LONG,0.9314,2.846,0.8649,0.0,0.1351,0.724,7376.0,1.0,0.023,44.2143,True,True,True,True,False,False,False,0.0,4B_TRAP,True,False,H1_CONT,7377.0,early,38.11,6.77,1.889,-2.02,-2.047,STOP,False,False,False
2026-08-04T17:35:00,CRUDEOIL,2026-08-04,cycles_resampled,train,TREND_DOWN,TRENDING,LONG,0.9029,2.692,0.4857,0.5143,0.0,0.367,7377.0,30.0,0.648,46.2857,True,True,True,True,False,False,False,0.0,4B_TRAP,False,False,H1_WEAK,7407.0,early,18.05,12.63,2.327,-1.385,-1.44,STOP,True,False,False
2026-08-04T18:50:00,CRUDEOIL,2026-08-04,cycles_resampled,train,TREND_DOWN,TRENDING,SHORT,1.0,6.828,0.9192,0.0,0.0808,3.353,7313.0,5.0,0.184,27.1429,True,True,True,True,False,False,False,0.0,4X_AMBIG,True,False,H1_CONT,7308.0,early,93.97,,1.288,-0.33,0.905,EOD,False,False,False
2026-08-04T19:00:00,CRUDEOIL,2026-08-04,cycles_resampled,train,TREND_DOWN,TRENDING,LONG,0.95,3.2,0.25,0.0,0.75,0.425,7296.0,3.0,0.106,28.2143,False,False,False,False,True,True,True,1.949,4B_TRAP,False,True,H7_TRAP,7299.0,spike,49.44,2.45,0.0,-1.173,-1.193,STOP,False,False,False
2026-08-04T19:05:00,CRUDEOIL,2026-08-04,cycles_resampled,train,TREND_DOWN,TRENDING,SHORT,0.9504,3.267,1.0,0.0,0.0,1.552,7251.0,10.0,0.317,31.5714,False,False,False,False,True,True,True,0.95,4B_TRAP,False,True,H7_TRAP,7241.0,spike,50.47,,0.396,-1.407,-1.427,STOP,False,False,False
2026-08-04T20:05:00,CRUDEOIL,2026-08-04,cycles_resampled,train,TREND_DOWN,TRENDING,LONG,0.9173,2.4,0.1389,0.0833,0.7778,0.175,7312.0,-3.0,-0.105,28.6429,True,False,False,False,False,True,True,0.314,4B_TRAP,False,True,H7_TRAP,7309.0,spike,34.08,15.94,0.88,-1.878,-1.907,STOP,False,False,False
2026-08-04T21:05:00,CRUDEOIL,2026-08-04,cycles_resampled,train,TREND_DOWN,TRENDING,SHORT,0.9586,3.267,0.7551,0.102,0.1429,1.519,7221.0,13.0,0.534,24.3571,True,True,True,True,False,False,False,0.0,4B_TRAP,True,False,H1_CONT,7208.0,early,43.47,,0.483,-1.012,-1.035,STOP,False,False,False
2026-08-05T11:00:00,CRUDEOIL,2026-08-05,cycles_resampled,val,CHOP,TRENDING,SHORT,1.0,2.75,1.0,0.0,0.0,2.567,7147.0,20.0,1.556,12.8571,False,True,True,True,False,False,False,0.0,4B_TRAP,False,False,AMBIG,7127.0,early,33.99,0.49,0.235,-1.53,-1.559,STOP,False,False,False
2026-08-05T11:40:00,CRUDEOIL,2026-08-05,cycles_resampled,val,CHOP,TRENDING,SHORT,0.9062,1.63,0.5909,0.4091,0.0,0.831,7164.0,12.0,0.767,15.6429,False,False,False,False,True,True,True,0.064,4B_TRAP,False,True,H7_TRAP,7152.0,early,22.66,1.06,0.53,-1.236,-1.28,STOP,False,False,False
2026-08-05T11:50:00,CRUDEOIL,2026-08-05,cycles_resampled,val,CHOP,TRENDING,SHORT,0.9118,1.63,0.6364,0.2273,0.1364,0.778,7152.0,9.0,0.5,18.0,False,False,False,False,True,True,True,1.833,4B_TRAP,False,True,H7_TRAP,7143.0,spike,19.66,0.9,0.0,-1.068,-1.119,STOP,False,False,False
2026-08-05T12:30:00,CRUDEOIL,2026-08-05,cycles_resampled,val,CHOP,OPENING_DRIVE,LONG,0.9524,1.857,0.1923,0.3462,0.4615,0.258,7153.0,2.0,0.103,19.3571,True,True,True,True,False,False,False,0.0,4A_CONT,False,False,H1_WEAK,7155.0,early,17.78,1.0,4.162,0.0,2.944,T3,True,True,False
2026-08-05T12:40:00,CRUDEOIL,2026-08-05,cycles_resampled,val,CHOP,TRENDING,LONG,0.9545,1.857,1.0,0.0,0.0,1.159,7191.0,38.0,1.694,22.4286,True,True,True,True,False,False,False,0.0,4B_TRAP,True,False,H1_CONT,7229.0,early,26.78,,2.913,-1.232,-1.27,STOP,True,False,False
2026-08-05T12:45:00,CRUDEOIL,2026-08-05,cycles_resampled,val,CHOP,TRENDING,LONG,0.9111,1.786,0.52,0.0,0.48,0.58,7229.0,6.0,0.268,22.4286,True,True,True,True,False,False,False,0.0,4B_TRAP,False,False,H1_WEAK,7235.0,spike,25.75,,2.796,-1.515,-1.553,STOP,True,False,False
2026-08-05T13:35:00,CRUDEOIL,2026-08-05,cycles_resampled,val,CHOP,TRENDING,SHORT,0.9818,2.071,1.0,0.0,0.0,1.445,7238.0,16.0,0.797,20.0714,False,False,False,False,True,True,True,0.996,4B_TRAP,False,True,H7_TRAP,7222.0,spike,29.87,3.81,0.0,-1.272,-1.306,STOP,False,False,False
2026-08-05T13:40:00,CRUDEOIL,2026-08-05,cycles_resampled,val,CHOP,TRENDING,LONG,0.9107,1.786,0.6,0.4,0.0,0.717,7251.0,-1.0,-0.048,20.9286,False,False,False,False,True,True,True,0.382,4B_TRAP,False,True,H7_TRAP,7250.0,early,15.75,0.95,1.079,-1.079,-1.143,STOP,False,False,False
2026-08-05T14:00:00,CRUDEOIL,2026-08-05,cycles_resampled,val,CHOP,TRENDING,LONG,0.9833,2.143,0.5333,0.2,0.2667,0.812,7256.0,1.0,0.051,19.7143,True,True,True,True,False,False,False,0.0,4B_TRAP,False,False,H1_WEAK,7257.0,spike,24.9,0.4,0.924,-1.004,-1.044,STOP,False,False,False
2026-08-05T14:10:00,CRUDEOIL,2026-08-05,cycles_resampled,val,CHOP,TRENDING,LONG,0.9032,1.786,0.04,0.0,0.96,0.051,7267.0,-1.0,-0.051,19.7857,True,False,False,False,False,False,False,0.0,4B_TRAP,False,False,AMBIG,7266.0,spike,24.75,0.04,0.566,-1.374,-1.414,STOP,False,False,False
2026-08-05T16:25:00,CRUDEOIL,2026-08-05,cycles_resampled,val,CHOP,TRENDING,SHORT,0.9663,2.0,0.8929,0.0,0.1071,1.724,7272.0,7.0,0.483,14.5,False,True,True,True,False,False,False,0.0,4B_TRAP,False,False,AMBIG,7265.0,spike,25.84,7.14,1.974,-1.161,-1.2,STOP,False,False,False
2026-08-05T17:20:00,CRUDEOIL,2026-08-05,cycles_resampled,val,CHOP,TRENDING,SHORT,0.98,2.071,0.5172,0.0,0.4828,0.802,7229.0,-11.0,-0.588,18.7143,True,False,False,False,True,True,True,1.55,4B_TRAP,False,True,H7_TRAP,7240.0,spike,15.87,1.39,0.504,-1.134,-1.197,STOP,False,False,False
2026-08-05T17:55:00,CRUDEOIL,2026-08-05,cycles_resampled,val,CHOP,TRENDING,LONG,1.0,2.5,0.6857,0.1714,0.1429,1.204,7258.0,2.0,0.1,19.9286,False,True,True,False,False,False,True,0.05,4B_TRAP,False,True,AMBIG,7260.0,early,30.05,1.48,1.165,-1.131,-1.165,STOP,False,False,False
2026-08-05T18:30:00,CRUDEOIL,2026-08-05,cycles_resampled,val,CHOP,TRENDING,SHORT,0.9825,2.286,1.0,0.0,0.0,1.427,7247.0,21.0,0.936,22.4286,True,True,True,True,False,False,False,0.0,4A_CONT,True,False,H1_CONT,7226.0,early,32.96,1.81,3.428,-0.394,2.97,T3,True,True,False
2026-08-05T19:05:00,CRUDEOIL,2026-08-05,cycles_resampled,val,CHOP,FAILED_BREAKOUT,SHORT,1.0,3.0,0.9286,0.0714,0.0,1.767,7196.0,29.0,1.314,22.0714,False,True,True,True,False,False,False,0.0,4X_AMBIG,False,False,AMBIG,7167.0,early,43.26,0.02,1.711,-0.971,1.179,EOD,False,False,False
2026-08-05T19:30:00,CRUDEOIL,2026-08-05,cycles_resampled,val,CHOP,FAILED_BREAKOUT,SHORT,0.9841,2.429,0.5,0.0588,0.4412,0.73,7155.0,-15.0,-0.644,23.2857,True,False,False,False,False,False,False,0.0,4A_CONT,False,False,AMBIG,7170.0,early,20.02,0.19,3.197,0.0,2.95,T3,True,True,False
2026-08-05T19:35:00,CRUDEOIL,2026-08-05,cycles_resampled,val,CHOP,FAILED_BREAKOUT,SHORT,0.9921,2.5,0.4571,0.0,0.5429,0.626,7155.0,23.0,0.899,25.5714,True,True,True,True,False,False,False,0.0,4B_TRAP,False,False,H1_WEAK,7132.0,early,17.05,3.17,0.235,-1.114,-1.173,STOP,False,False,False
2026-08-05T20:30:00,CRUDEOIL,2026-08-05,cycles_resampled,val,CHOP,FAILED_BREAKOUT,SHORT,1.0,3.286,0.587,0.0,0.413,1.125,7144.0,19.0,0.792,24.0,False,False,False,False,True,True,True,2.417,4B_TRAP,False,True,H7_TRAP,7125.0,spike,28.38,1.66,0.0,-1.656,-1.691,STOP,False,False,False
2026-08-05T20:35:00,CRUDEOIL,2026-08-05,cycles_resampled,val,CHOP,FAILED_BREAKOUT,LONG,1.0,3.286,1.0,0.0,0.0,1.799,7170.0,2.0,0.078,25.5714,False,False,False,False,False,False,False,0.0,4B_TRAP,False,False,AMBIG,7172.0,early,47.38,2.8,0.781,-1.098,-1.119,STOP,False,False,False
2026-08-05T22:20:00,CRUDEOIL,2026-08-05,cycles_resampled,val,CHOP,FAILED_BREAKOUT,SHORT,0.9187,1.929,0.5185,0.0,0.4815,0.8,7128.09,-4.91,-0.281,17.5,True,False,False,False,False,True,True,0.223,4A_CONT,False,False,H7_TRAP,7133.0,spike,14.81,0.33,2.701,-0.81,1.148,EOD,True,False,False
2026-08-06T10:30:00,CRUDEOIL,2026-08-06,cycles_resampled,val,TREND_UP,TRENDING,LONG,0.9444,1.875,0.8667,0.1333,0.0,1.433,7133.0,10.0,1.102,9.0714,False,True,False,False,False,True,True,1.213,4B_TRAP,False,True,H7_TRAP,7143.0,early,13.45,0.19,0.0,-1.19,-1.264,STOP,False,False,False
2026-08-06T10:40:00,CRUDEOIL,2026-08-06,cycles_resampled,val,TREND_UP,TRENDING,SHORT,0.9,1.75,0.5714,0.0714,0.3571,0.941,7138.0,6.0,0.706,8.5,True,True,True,True,False,False,False,0.0,4B_TRAP,True,False,H1_CONT,7132.0,early,9.42,1.38,1.592,-3.397,-3.503,STOP,False,False,False
2026-08-06T10:45:00,CRUDEOIL,2026-08-06,cycles_resampled,val,TREND_UP,TRENDING,SHORT,0.9524,1.875,0.6667,0.0,0.3333,1.12,7118.0,-4.0,-0.448,8.9286,False,False,False,False,True,True,True,0.896,4B_TRAP,False,True,H7_TRAP,7122.0,spike,10.45,0.14,0.383,-1.818,-1.914,STOP,False,False,False
2026-08-06T11:30:00,CRUDEOIL,2026-08-06,cycles_resampled,val,TREND_UP,TRENDING,LONG,1.0,3.5,1.0,0.0,0.0,2.631,7140.0,24.0,2.255,10.6429,True,True,True,True,False,False,False,0.0,4A_CONT,True,False,H1_CONT,7164.0,early,28.84,0.07,3.502,-0.693,2.965,T3,True,True,False
2026-08-06T11:40:00,CRUDEOIL,2026-08-06,cycles_resampled,val,TREND_UP,OPENING_DRIVE,LONG,1.0,3.5,1.0,0.0,0.0,2.24,7166.0,27.0,2.16,12.5,False,True,True,True,False,False,False,0.0,4B_TRAP,False,False,AMBIG,7193.0,early,28.84,,0.659,-1.006,-1.04,STOP,False,False,False
2026-08-06T11:50:00,CRUDEOIL,2026-08-06,cycles_resampled,val,TREND_UP,OPENING_DRIVE,LONG,0.9118,2.25,1.0,0.0,0.0,1.319,7141.54,48.46,3.552,13.6429,False,True,True,True,False,False,False,0.0,4B_TRAP,False,False,AMBIG,7190.0,early,18.54,0.16,1.187,-1.402,-1.456,STOP,False,False,False
2026-08-06T12:00:00,CRUDEOIL,2026-08-06,cycles_resampled,val,TREND_UP,OPENING_DRIVE,LONG,0.9444,2.588,0.8636,0.1364,0.0,1.323,7193.0,-1.0,-0.07,14.3571,True,False,False,False,False,False,False,0.0,4B_TRAP,False,False,AMBIG,7192.0,spike,19.66,0.05,1.017,-1.424,-1.475,STOP,False,False,False
2026-08-06T12:05:00,CRUDEOIL,2026-08-06,cycles_resampled,val,TREND_UP,FAILED_BREAKDOWN,LONG,0.9189,2.333,0.8095,0.1429,0.0476,1.107,7195.0,10.0,0.651,15.3571,False,True,True,False,False,False,False,0.0,4B_TRAP,False,False,AMBIG,7205.0,early,18.63,,0.376,-1.288,-1.342,STOP,False,False,False
2026-08-06T13:05:00,CRUDEOIL,2026-08-06,cycles_resampled,val,TREND_UP,FAILED_BREAKOUT,LONG,1.0,3.444,0.9355,0.0,0.0645,1.781,7190.0,3.0,0.184,16.2857,False,False,False,False,True,True,True,0.123,4B_TRAP,False,True,H7_TRAP,7193.0,spike,31.93,0.6,1.002,-1.19,-1.221,STOP,False,False,False
2026-08-06T13:30:00,CRUDEOIL,2026-08-06,cycles_resampled,val,TREND_UP,FAILED_BREAKDOWN,LONG,0.9074,2.0,0.35,0.25,0.4,0.45,7200.0,-2.0,-0.128,15.5714,False,False,False,False,True,True,True,0.642,4B_TRAP,False,True,H7_TRAP,7198.0,spike,15.6,0.9,1.731,-1.41,-1.474,STOP,False,False,False
2026-08-06T13:40:00,CRUDEOIL,2026-08-06,cycles_resampled,val,TREND_UP,FAILED_BREAKDOWN,LONG,0.9464,2.2,0.8636,0.0,0.1364,1.188,7205.0,6.0,0.375,16.0,True,True,True,False,False,False,True,1.75,4B_TRAP,True,True,H1_CONT,7211.0,early,22.66,0.04,0.618,-1.545,-1.589,STOP,False,False,False
2026-08-06T13:55:00,CRUDEOIL,2026-08-06,cycles_resampled,val,TREND_UP,FAILED_BREAKDOWN,SHORT,1.0,2.909,0.9688,0.0,0.0312,1.722,7189.0,12.0,0.667,18.0,True,True,True,True,False,False,False,0.0,4B_TRAP,True,False,H1_CONT,7177.0,early,31.96,1.78,1.033,-1.001,-1.033,STOP,False,False,False
2026-08-06T14:00:00,CRUDEOIL,2026-08-06,cycles_resampled,val,TREND_UP,FAILED_BREAKDOWN,SHORT,0.9,1.909,0.2381,0.5238,0.2381,0.275,7176.0,16.0,0.878,18.2143,False,False,False,False,False,False,False,0.0,4B_TRAP,False,False,AMBIG,7160.0,early,16.63,2.52,0.962,-1.383,-1.443,STOP,False,False,False
2026-08-06T14:30:00,CRUDEOIL,2026-08-06,cycles_resampled,val,TREND_UP,FAILED_BREAKOUT,LONG,0.9394,1.913,0.9545,0.0455,0.0,1.114,7178.88,3.12,0.165,18.8571,True,True,True,False,False,False,True,0.365,4A_CONT,True,False,H1_CONT,7182.0,spike,21.66,1.99,3.139,-0.923,2.954,T3,True,True,False
2026-08-06T15:50:00,CRUDEOIL,2026-08-06,cycles_resampled,val,TREND_UP,FAILED_BREAKDOWN,LONG,0.9512,2.273,0.44,0.36,0.2,0.782,7225.0,6.0,0.426,14.0714,False,False,False,False,True,True,True,0.64,4A_CONT,False,False,H7_TRAP,7231.0,spike,16.75,,3.045,-0.896,2.94,T3,True,True,False
2026-08-06T17:20:00,CRUDEOIL,2026-08-06,cycles_resampled,val,TREND_UP,TRENDING,LONG,0.95,2.4,0.875,0.0,0.125,2.014,7250.0,15.0,1.438,10.4286,False,False,False,False,True,True,True,2.781,4B_TRAP,False,True,H7_TRAP,7265.0,spike,24.72,,0.04,-1.78,-1.82,STOP,False,False,False
2026-08-06T17:25:00,CRUDEOIL,2026-08-06,cycles_resampled,val,TREND_UP,TRENDING,SHORT,1.0,4.5,1.0,0.0,0.0,3.462,7224.0,3.0,0.231,13.0,False,True,False,False,False,True,True,1.846,4B_TRAP,False,True,H7_TRAP,7221.0,spike,46.35,2.03,0.108,-1.079,-1.1,STOP,False,False,False
2026-08-06T17:35:00,CRUDEOIL,2026-08-06,cycles_resampled,val,TREND_UP,FAILED_BREAKDOWN,LONG,0.9903,2.909,0.9375,0.0625,0.0,1.981,7232.0,16.0,1.057,15.1429,False,True,True,True,False,False,False,0.0,4A_CONT,False,False,AMBIG,7248.0,early,30.96,0.58,3.391,-0.484,2.968,T3,True,True,False
2026-08-06T18:30:00,CRUDEOIL,2026-08-06,cycles_resampled,val,TREND_UP,TRENDING,LONG,0.9035,1.909,0.619,0.381,0.0,0.74,7282.0,-7.0,-0.398,17.5714,True,False,False,False,False,False,False,0.0,4A_CONT,False,False,AMBIG,7275.0,spike,13.63,0.51,3.522,-0.22,2.927,T3,True,True,False
2026-08-06T18:35:00,CRUDEOIL,2026-08-06,cycles_resampled,val,TREND_UP,TRENDING,LONG,1.0,4.636,0.549,0.451,0.0,1.556,7283.0,17.0,0.944,18.0,False,True,True,False,False,False,True,0.944,4B_TRAP,False,True,AMBIG,7300.0,early,29.53,,0.406,-1.151,-1.185,STOP,False,False,False
2026-08-06T19:15:00,CRUDEOIL,2026-08-06,cycles_resampled,val,TREND_UP,FAILED_BREAKOUT,LONG,0.9268,2.091,1.0,0.0,0.0,1.278,7265.0,5.0,0.278,18.0,False,False,False,False,True,True,True,1.222,4B_TRAP,False,True,H7_TRAP,7270.0,spike,23.69,0.17,0.0,-1.224,-1.266,STOP,False,False,False
2026-08-06T20:15:00,CRUDEOIL,2026-08-06,cycles_resampled,val,TREND_UP,TRENDING,LONG,0.9037,1.909,0.5714,0.4286,0.0,0.718,7289.0,10.0,0.598,16.7143,True,True,True,True,False,False,False,0.0,4A_CONT,True,False,H1_CONT,7299.0,early,12.63,1.9,4.276,-0.238,2.921,T3,True,True,False
2026-08-06T20:45:00,CRUDEOIL,2026-08-06,cycles_resampled,val,TREND_UP,TRENDING,LONG,0.9645,2.727,1.0,0.0,0.0,1.972,7323.0,30.0,1.972,15.2143,True,True,True,True,False,False,False,0.0,4A_CONT,True,False,H1_CONT,7353.0,early,30.9,,2.977,-0.906,0.68,EOD,True,False,False
2026-08-06T20:55:00,CRUDEOIL,2026-08-06,cycles_resampled,val,TREND_UP,TRENDING,SHORT,0.958,2.545,1.0,0.0,0.0,1.735,7351.0,24.0,1.487,16.1429,False,True,True,True,False,False,False,0.0,4B_TRAP,False,False,AMBIG,7327.0,early,28.84,1.07,0.069,-3.433,-3.467,STOP,False,False,False
2026-08-06T21:20:00,CRUDEOIL,2026-08-06,cycles_resampled,val,TREND_UP,TRENDING,LONG,1.0,7.25,0.9885,0.0,0.0115,3.81,7359.0,67.0,2.968,22.5714,False,True,True,True,False,False,False,0.0,4X_AMBIG,False,False,AMBIG,7426.0,early,89.61,,0.212,-0.714,-0.58,EOD,False,False,False
2026-08-06T21:50:00,CRUDEOIL,2026-08-06,cycles_resampled,val,TREND_UP,TRENDING,SHORT,0.9286,2.083,0.8,0.16,0.04,0.814,7435.0,16.0,0.651,24.5714,True,True,True,True,False,False,False,0.0,4B_TRAP,True,False,H1_CONT,7419.0,early,24.75,0.36,0.364,-1.01,-1.051,STOP,False,False,False
2026-08-06T23:00:00,CRUDEOIL,2026-08-06,cycles_resampled,val,TREND_UP,TRENDING,SHORT,0.9821,3.333,0.95,0.05,0.0,2.354,7403.0,33.0,2.044,16.1429,False,True,True,True,False,False,False,0.0,4X_AMBIG,False,False,AMBIG,7370.0,early,41.2,6.06,0.194,-0.388,-0.097,EOD,False,False,False
2026-08-07T10:00:00,CRUDEOIL,2026-08-07,cycles_resampled,val,CHOP,TRENDING,SHORT,1.0,3.889,1.0,0.0,0.0,2.514,7488.0,19.0,1.365,13.9231,True,True,True,True,False,False,False,0.0,4A_CONT,True,False,H1_CONT,7469.0,early,36.05,0.86,3.079,-0.472,2.972,T3,True,True,False
2026-08-07T11:30:00,CRUDEOIL,2026-08-07,cycles_resampled,val,CHOP,OPENING_DRIVE,SHORT,0.9333,2.875,0.7391,0.2609,0.0,1.803,7434.0,10.0,1.061,9.4286,False,True,True,True,False,False,False,0.0,4A_CONT,False,False,AMBIG,7424.0,early,23.69,,3.25,-0.76,2.958,T3,True,True,False
2026-08-07T11:50:00,CRUDEOIL,2026-08-07,cycles_resampled,val,CHOP,OPENING_DRIVE,SHORT,0.9412,2.875,1.0,0.0,0.0,1.905,7413.0,17.0,1.408,12.0714,True,True,False,False,False,False,True,0.994,4B_TRAP,True,True,H1_WEAK,7396.0,early,23.69,,0.253,-1.224,-1.266,STOP,False,False,False
2026-08-07T12:00:00,CRUDEOIL,2026-08-07,cycles_resampled,val,CHOP,FAILED_BREAKOUT,LONG,0.9444,2.875,1.0,0.0,0.0,1.741,7400.0,13.0,0.984,13.2143,True,True,True,True,False,False,False,0.0,4B_TRAP,True,False,H1_CONT,7413.0,early,23.69,0.8,1.224,-1.013,-1.055,STOP,False,False,False
2026-08-07T13:00:00,CRUDEOIL,2026-08-07,cycles_resampled,val,CHOP,FAILED_BREAKOUT,LONG,0.9583,2.778,0.88,0.0,0.12,1.596,7404.0,10.0,0.725,13.7857,True,True,True,True,False,False,False,0.0,4B_TRAP,True,False,H1_CONT,7414.0,spike,25.75,0.78,0.505,-1.087,-1.126,STOP,False,False,False
2026-08-07T13:55:00,CRUDEOIL,2026-08-07,cycles_resampled,val,CHOP,FAILED_BREAKOUT,LONG,0.9661,2.7,0.5556,0.0,0.4444,0.986,7427.0,0.0,0.0,15.2143,False,False,False,False,True,True,True,1.775,4B_TRAP,False,True,H7_TRAP,7427.0,spike,27.81,2.46,0.252,-1.294,-1.33,STOP,False,False,False
2026-08-07T15:05:00,CRUDEOIL,2026-08-07,cycles_resampled,val,CHOP,FAILED_BREAKOUT,SHORT,0.9452,2.667,1.0,0.0,0.0,1.548,7378.0,20.0,1.29,15.5,True,True,True,True,False,False,False,0.0,4A_CONT,True,False,H1_CONT,7358.0,early,24.72,,3.034,-0.364,2.96,T3,True,True,False
2026-08-07T18:05:00,CRUDEOIL,2026-08-07,cycles_resampled,val,CHOP,TRENDING,SHORT,0.9817,2.455,0.8148,0.1852,0.0,1.517,7320.0,18.0,1.241,14.5,True,True,True,True,False,False,False,0.0,4B_TRAP,True,False,H1_CONT,7302.0,early,27.81,0.04,0.683,-1.079,-1.115,STOP,False,False,False
2026-08-07T18:30:00,CRUDEOIL,2026-08-07,cycles_resampled,val,CHOP,TRENDING,LONG,0.9825,2.455,0.2593,0.0,0.7407,0.39,7307.0,3.0,0.167,17.9286,False,False,False,False,True,True,True,0.223,4A_CONT,False,False,H7_TRAP,7310.0,spike,27.81,6.73,3.848,-0.575,2.964,T3,True,True,False
2026-08-07T18:50:00,CRUDEOIL,2026-08-07,cycles_resampled,val,CHOP,TRENDING,LONG,0.9831,2.636,0.8276,0.1724,0.0,1.226,7324.0,3.0,0.153,19.5714,False,True,True,False,False,False,False,0.0,4A_CONT,False,False,AMBIG,7327.0,spike,24.87,6.84,3.619,-0.603,2.96,T3,True,True,False
2026-08-07T19:30:00,CRUDEOIL,2026-08-07,cycles_resampled,val,CHOP,FAILED_BREAKOUT,LONG,0.9841,2.636,0.9655,0.0345,0.0,1.69,7355.0,22.0,1.328,16.5714,True,True,True,True,False,False,False,0.0,4A_CONT,True,False,H1_CONT,7377.0,early,28.87,4.16,3.048,-0.45,2.965,T3,True,True,False
2026-08-07T19:35:00,CRUDEOIL,2026-08-07,cycles_resampled,val,CHOP,FAILED_BREAKOUT,LONG,0.9449,2.364,0.7308,0.1923,0.0769,1.027,7378.0,34.0,1.838,18.5,False,True,False,False,False,True,True,0.108,4B_TRAP,False,True,H7_TRAP,7412.0,early,21.78,3.91,0.367,-1.653,-1.699,STOP,False,False,False
2026-08-07T19:45:00,CRUDEOIL,2026-08-07,cycles_resampled,val,CHOP,FAILED_BREAKOUT,SHORT,0.938,2.364,1.0,0.0,0.0,1.358,7393.0,17.0,0.888,19.1429,False,True,True,True,False,False,False,0.0,4B_TRAP,False,False,AMBIG,7376.0,early,26.78,1.19,0.448,-1.344,-1.382,STOP,False,False,False
2026-08-07T22:30:00,CRUDEOIL,2026-08-07,cycles_resampled,val,CHOP,FAILED_BREAKDOWN,SHORT,0.9012,1.833,0.9091,0.0,0.0909,1.564,7437.0,-1.0,-0.078,12.7857,True,False,False,False,False,False,False,0.0,4X_AMBIG,False,False,AMBIG,7438.0,spike,20.66,0.05,1.307,-0.097,0.0,EOD,False,False,False
2026-08-10T10:00:00,CRUDEOIL,2026-08-10,cycles_resampled,val,TREND_UP,TRENDING,SHORT,0.9167,1.412,0.9167,0.0833,0.0,1.3,7495.0,3.0,0.355,8.4615,False,False,False,False,True,True,True,0.473,4A_CONT,False,False,H7_TRAP,7492.0,spike,12.36,,5.178,-0.728,2.919,T3,True,True,True
2026-08-10T10:10:00,CRUDEOIL,2026-08-10,cycles_resampled,val,TREND_UP,OPENING_DRIVE,SHORT,0.9286,1.333,0.8333,0.0,0.1667,1.129,7490.0,-1.0,-0.113,8.8571,False,False,False,False,False,False,False,0.0,4A_CONT,False,False,AMBIG,7491.0,early,10.36,0.1,3.378,0.0,2.903,T3,True,True,False
2026-08-10T10:20:00,CRUDEOIL,2026-08-10,cycles_resampled,val,TREND_UP,OPENING_DRIVE,SHORT,0.9375,1.333,0.5833,0.0,0.4167,0.726,7485.0,17.0,1.763,9.6429,True,True,True,True,False,False,False,0.0,4B_TRAP,True,False,H1_CONT,7468.0,early,7.36,,0.0,-1.63,-1.766,STOP,False,False,False
2026-08-10T10:40:00,CRUDEOIL,2026-08-10,cycles_resampled,val,TREND_UP,FAILED_BREAKOUT,LONG,1.0,1.667,0.6,0.4,0.0,0.846,7483.0,-1.0,-0.094,10.6429,False,False,False,False,True,True,True,1.409,4B_TRAP,False,True,H7_TRAP,7482.0,spike,9.45,0.11,0.0,-1.481,-1.587,STOP,False,False,False
2026-08-10T11:20:00,CRUDEOIL,2026-08-10,cycles_resampled,val,TREND_UP,TRENDING,SHORT,1.0,2.0,1.0,0.0,0.0,1.408,7456.0,28.0,2.32,12.0714,True,True,True,True,False,False,False,0.0,4B_TRAP,True,False,H1_CONT,7428.0,early,17.51,,0.742,-1.485,-1.542,STOP,False,False,False
2026-08-10T11:30:00,CRUDEOIL,2026-08-10,cycles_resampled,val,TREND_UP,TRENDING,LONG,1.0,4.0,0.8611,0.1389,0.0,2.309,7424.0,25.0,1.862,13.4286,False,True,True,True,False,False,False,0.0,4A_CONT,False,False,AMBIG,7449.0,early,32.08,0.97,3.429,-0.966,2.969,T3,True,True,False
2026-08-10T11:45:00,CRUDEOIL,2026-08-10,cycles_resampled,val,TREND_UP,FAILED_BREAKOUT,SHORT,0.9091,1.556,0.9286,0.0,0.0714,0.933,7441.0,4.0,0.287,13.9286,True,True,True,True,False,False,False,0.0,4B_TRAP,True,False,H1_CONT,7437.0,early,13.42,1.64,1.416,-1.639,-1.714,STOP,False,False,False
2026-08-10T12:10:00,CRUDEOIL,2026-08-10,cycles_resampled,val,TREND_UP,TRENDING,LONG,0.9211,1.556,0.7857,0.2143,0.0,0.77,7423.0,6.0,0.42,14.2857,False,True,True,True,False,False,False,0.0,4A_CONT,False,False,AMBIG,7429.0,early,11.42,0.79,4.991,-0.525,2.912,T3,True,True,False
2026-08-10T12:25:00,CRUDEOIL,2026-08-10,cycles_resampled,val,TREND_UP,FAILED_BREAKOUT,SHORT,0.9756,1.889,1.0,0.0,0.0,1.097,7438.0,14.0,0.903,15.5,False,False,False,False,True,True,True,2.194,4B_TRAP,False,True,H7_TRAP,7424.0,spike,17.51,0.34,0.057,-1.999,-2.056,STOP,False,False,False
2026-08-10T12:30:00,CRUDEOIL,2026-08-10,cycles_resampled,val,TREND_UP,TRENDING,LONG,1.0,4.0,0.9444,0.0556,0.0,2.116,7446.0,11.0,0.684,16.0714,True,True,True,True,False,False,False,0.0,4B_TRAP,True,False,H1_CONT,7457.0,early,35.08,1.68,0.827,-1.055,-1.083,STOP,False,False,False
2026-08-10T12:50:00,CRUDEOIL,2026-08-10,cycles_resampled,val,TREND_UP,FAILED_BREAKOUT,SHORT,0.9565,3.222,0.8966,0.0,0.1034,1.536,7450.06,-2.94,-0.174,16.9286,True,False,False,False,False,True,True,0.587,4B_TRAP,False,True,H7_TRAP,7453.0,spike,26.87,0.11,1.228,-1.042,-1.079,STOP,False,False,False
2026-08-10T12:55:00,CRUDEOIL,2026-08-10,cycles_resampled,val,TREND_UP,FAILED_BREAKOUT,SHORT,0.9362,2.778,0.6,0.4,0.0,0.854,7450.0,9.0,0.512,17.5714,False,False,False,False,True,True,True,0.569,4B_TRAP,False,True,H7_TRAP,7441.0,spike,25.75,1.01,0.816,-1.204,-1.243,STOP,False,False,False
2026-08-10T13:05:00,CRUDEOIL,2026-08-10,cycles_resampled,val,TREND_UP,FAILED_BREAKOUT,LONG,0.9184,1.889,0.9412,0.0588,0.0,0.868,7451.0,9.0,0.488,18.4286,False,False,False,False,True,True,True,0.326,4B_TRAP,False,True,H7_TRAP,7460.0,spike,16.51,1.45,0.0,-2.423,-2.483,STOP,False,False,False
2026-08-10T13:35:00,CRUDEOIL,2026-08-10,cycles_resampled,val,TREND_UP,FAILED_BREAKOUT,LONG,0.9091,1.889,0.5882,0.0,0.4118,0.534,7459.0,6.0,0.321,18.7143,True,False,False,False,False,False,False,0.0,4A_CONT,False,False,AMBIG,7465.0,spike,17.51,2.91,3.941,-0.8,2.943,T3,True,True,False
2026-08-10T13:50:00,CRUDEOIL,2026-08-10,cycles_resampled,val,TREND_UP,FAILED_BREAKOUT,LONG,0.9138,2.2,0.8182,0.1818,0.0,1.05,7472.0,5.0,0.292,17.1429,True,True,True,True,False,False,False,0.0,4A_CONT,True,False,H1_CONT,7477.0,spike,18.66,0.38,3.055,-0.911,2.946,T3,True,True,False
2026-08-10T13:55:00,CRUDEOIL,2026-08-10,cycles_resampled,val,TREND_UP,FAILED_BREAKOUT,LONG,0.9153,2.4,1.0,0.0,0.0,1.344,7481.0,3.0,0.168,17.8571,True,True,True,True,False,False,False,0.0,4A_CONT,True,False,H1_CONT,7484.0,early,24.72,0.0,3.034,-0.081,2.96,T3,True,True,False
2026-08-10T14:00:00,CRUDEOIL,2026-08-10,cycles_resampled,val,TREND_UP,FAILED_BREAKOUT,LONG,0.9667,3.2,0.9062,0.0938,0.0,1.637,7484.06,26.94,1.521,17.7143,True,True,True,True,False,False,False,0.0,4B_TRAP,True,False,H1_CONT,7511.0,early,29.96,0.2,1.602,-1.001,-1.035,STOP,False,False,False
2026-08-10T14:50:00,CRUDEOIL,2026-08-10,cycles_resampled,val,TREND_UP,FAILED_BREAKDOWN,SHORT,0.9429,2.273,0.92,0.0,0.08,1.15,7521.0,18.0,0.9,20.0,False,True,True,False,False,False,True,0.15,4B_TRAP,False,True,AMBIG,7503.0,early,23.75,3.52,0.253,-1.179,-1.221,STOP,False,False,False
2026-08-10T16:05:00,CRUDEOIL,2026-08-10,cycles_resampled,val,TREND_UP,FAILED_BREAKDOWN,LONG,0.9059,2.091,1.0,0.0,0.0,1.498,7533.5,16.5,1.074,15.3571,True,True,True,True,False,False,False,0.0,4A_CONT,True,False,H1_CONT,7550.0,early,23.69,0.38,3.419,-0.802,2.958,T3,True,True,False
2026-08-10T18:25:00,CRUDEOIL,2026-08-10,cycles_resampled,val,TREND_UP,TRENDING,SHORT,0.9292,2.091,0.6522,0.0,0.3478,1.105,7596.0,-1.0,-0.074,13.5714,True,False,False,False,False,False,False,0.0,4B_TRAP,False,False,AMBIG,7597.0,early,15.69,1.21,2.613,-1.083,-1.147,STOP,True,False,False
2026-08-10T18:30:00,CRUDEOIL,2026-08-10,cycles_resampled,val,TREND_UP,TRENDING,SHORT,0.9649,2.273,0.8,0.0,0.2,1.296,7578.0,14.0,0.907,15.4286,False,False,False,False,True,True,True,0.454,4B_TRAP,False,True,H7_TRAP,7564.0,spike,20.75,6.49,0.0,-1.06,-1.108,STOP,False,False,False
2026-08-10T18:35:00,CRUDEOIL,2026-08-10,cycles_resampled,val,TREND_UP,FAILED_BREAKDOWN,LONG,0.9043,2.0,0.9545,0.0455,0.0,1.278,7584.0,1.0,0.061,16.4286,False,False,False,False,True,True,True,0.974,4B_TRAP,False,True,H7_TRAP,7585.0,spike,21.66,1.25,0.277,-1.339,-1.385,STOP,False,False,False
2026-08-10T19:00:00,CRUDEOIL,2026-08-10,cycles_resampled,val,TREND_UP,FAILED_BREAKDOWN,LONG,0.9083,1.833,0.9545,0.0455,0.0,1.085,7591.0,17.0,0.878,19.3571,True,True,True,True,False,False,False,0.0,4A_CONT,True,False,H1_CONT,7608.0,early,21.66,0.18,4.155,-0.139,2.954,T3,True,True,False
2026-08-10T19:20:00,CRUDEOIL,2026-08-10,cycles_resampled,val,TREND_UP,TRENDING,LONG,0.9839,2.833,0.7941,0.2059,0.0,1.264,7663.0,28.0,1.311,21.3571,True,True,True,True,False,False,False,0.0,4B_TRAP,True,False,H1_CONT,7691.0,early,28.02,,0.821,-1.249,-1.285,STOP,False,False,False
2026-08-10T19:25:00,CRUDEOIL,2026-08-10,cycles_resampled,val,TREND_UP,TRENDING,LONG,0.968,2.5,1.0,0.0,0.0,1.308,7698.0,16.0,0.698,22.9286,False,False,False,False,True,True,True,0.523,4B_TRAP,False,True,H7_TRAP,7714.0,early,30.9,,0.0,-1.618,-1.65,STOP,False,False,False
2026-08-10T19:45:00,CRUDEOIL,2026-08-10,cycles_resampled,val,TREND_UP,TRENDING,SHORT,0.9225,2.0,1.0,0.0,0.0,1.077,7685.0,21.0,0.942,22.2857,True,True,True,True,False,False,False,0.0,4B_TRAP,True,False,H1_CONT,7664.0,early,24.72,9.69,0.324,-1.214,-1.254,STOP,False,False,False
2026-08-10T22:00:00,CRUDEOIL,2026-08-10,cycles_resampled,val,TREND_UP,TRENDING,LONG,0.9231,1.917,0.8696,0.1304,0.0,1.373,7742.0,7.0,0.48,14.5714,True,True,True,True,False,False,False,0.0,4A_CONT,True,False,H1_CONT,7749.0,early,20.69,0.39,3.142,-0.29,2.952,T3,True,True,False
2026-08-11T10:05:00,CRUDEOIL,2026-08-11,cycles_resampled,val,CHOP,TRENDING,LONG,1.0,2.833,0.7059,0.2941,0.0,1.663,7828.0,10.0,1.386,7.2143,True,True,True,True,False,False,False,0.0,4A_CONT,True,False,H1_CONT,7838.0,early,12.51,0.56,3.118,0.0,2.92,T3,True,True,False
2026-08-11T10:35:00,CRUDEOIL,2026-08-11,cycles_resampled,val,CHOP,OPENING_DRIVE,LONG,0.9474,2.0,0.6667,0.3333,0.0,0.982,7856.0,-2.0,-0.246,8.1429,True,False,False,False,False,False,False,0.0,4B_TRAP,False,False,AMBIG,7854.0,spike,8.36,0.24,2.871,-1.316,-1.435,STOP,True,False,False
2026-08-11T11:00:00,CRUDEOIL,2026-08-11,cycles_resampled,val,CHOP,FAILED_BREAKDOWN,LONG,0.9583,2.143,0.4667,0.5333,0.0,0.681,7877.0,-7.0,-0.681,10.2857,False,False,False,False,True,True,True,2.722,4B_TRAP,False,True,H7_TRAP,7870.0,spike,7.45,0.94,0.134,-2.416,-2.55,STOP,False,False,False
2026-08-11T11:05:00,CRUDEOIL,2026-08-11,cycles_resampled,val,CHOP,FAILED_BREAKDOWN,SHORT,1.0,2.714,1.0,0.0,0.0,1.727,7861.0,9.0,0.818,11.0,False,True,False,False,False,False,True,1.182,4B_TRAP,False,True,AMBIG,7852.0,early,19.57,1.41,0.46,-1.277,-1.329,STOP,False,False,False
2026-08-11T11:30:00,CRUDEOIL,2026-08-11,cycles_resampled,val,CHOP,FAILED_BREAKDOWN,SHORT,0.9667,2.571,0.6667,0.3333,0.0,1.037,7868.0,10.0,0.864,11.5714,False,True,False,False,False,True,True,2.42,4B_TRAP,False,True,H7_TRAP,7858.0,spike,18.54,0.81,0.0,-1.241,-1.294,STOP,False,False,False
2026-08-11T11:45:00,CRUDEOIL,2026-08-11,cycles_resampled,val,CHOP,TRENDING,LONG,1.0,3.0,0.9048,0.0,0.0952,1.43,7881.0,15.0,1.129,13.2857,False,True,True,True,False,False,False,0.0,4A_CONT,False,False,AMBIG,7896.0,spike,21.63,,3.329,-0.74,2.954,T3,True,True,False
2026-08-11T12:00:00,CRUDEOIL,2026-08-11,cycles_resampled,val,CHOP,TRENDING,LONG,1.0,8.0,0.9,0.0,0.1,3.111,7896.0,64.0,3.687,17.3571,False,True,True,True,False,False,False,0.0,4B_TRAP,False,False,AMBIG,7960.0,early,61.8,,1.845,-2.217,-2.233,STOP,False,False,False
2026-08-11T12:10:00,CRUDEOIL,2026-08-11,cycles_resampled,val,CHOP,TRENDING,LONG,0.9737,3.0,1.0,0.0,0.0,1.292,7968.0,7.0,0.377,18.5714,True,True,True,True,False,False,False,0.0,4A_CONT,True,False,H1_CONT,7975.0,early,24.72,,3.479,-0.93,2.96,T3,True,True,False
2026-08-11T12:20:00,CRUDEOIL,2026-08-11,cycles_resampled,val,CHOP,TRENDING,LONG,0.925,2.235,0.2632,0.2632,0.4737,0.264,7989.0,-3.0,-0.158,18.9286,False,False,False,False,True,True,True,1.321,4B_TRAP,False,True,H7_TRAP,7986.0,spike,14.57,0.21,0.275,-1.304,-1.373,STOP,False,False,False
2026-08-11T12:35:00,CRUDEOIL,2026-08-11,cycles_resampled,val,CHOP,TRENDING,LONG,0.9767,2.889,0.1154,0.5385,0.3462,0.151,7870.96,93.04,4.669,19.9286,True,True,True,True,False,False,False,0.0,4A_CONT,False,False,H1_WEAK,7964.0,early,12.78,2.11,3.912,0.0,2.922,T3,True,True,False
2026-08-11T12:50:00,CRUDEOIL,2026-08-11,cycles_resampled,val,CHOP,TRENDING,LONG,0.9565,2.4,0.9167,0.0417,0.0417,1.044,7991.0,22.0,1.044,21.0714,False,False,False,False,True,True,True,0.19,4B_TRAP,False,True,H7_TRAP,8013.0,early,23.72,,0.0,-1.096,-1.138,STOP,False,False,False
2026-08-11T13:15:00,CRUDEOIL,2026-08-11,cycles_resampled,val,CHOP,TRENDING,LONG,0.902,2.0,0.75,0.25,0.0,0.811,7997.0,3.0,0.162,18.5,True,True,True,True,False,False,False,0.0,4A_CONT,True,False,H1_CONT,8000.0,early,15.6,0.51,3.141,0.0,2.936,T3,True,True,False
2026-08-11T15:00:00,CRUDEOIL,2026-08-11,cycles_resampled,val,CHOP,TRENDING,SHORT,0.9444,1.833,0.8182,0.0,0.1818,1.161,8045.0,25.0,1.613,15.5,False,True,True,True,False,False,False,0.0,4B_TRAP,False,False,AMBIG,8020.0,early,18.66,10.63,0.0,-1.179,-1.233,STOP,False,False,False
2026-08-11T15:50:00,CRUDEOIL,2026-08-11,cycles_resampled,val,CHOP,TRENDING,SHORT,0.9878,2.417,0.8621,0.0,0.1379,1.483,8014.0,10.0,0.593,16.8571,True,True,True,True,False,False,False,0.0,4A_CONT,True,False,H1_CONT,8004.0,early,25.87,7.05,6.997,0.0,2.961,T3,True,True,True
2026-08-11T15:55:00,CRUDEOIL,2026-08-11,cycles_resampled,val,CHOP,TRENDING,SHORT,0.988,3.667,0.6818,0.0,0.3182,1.527,8000.0,31.0,1.578,19.6429,True,True,True,True,False,False,False,0.0,4A_CONT,True,False,H1_CONT,7969.0,early,31.32,4.7,4.662,-0.639,2.968,T3,True,True,False
2026-08-11T16:15:00,CRUDEOIL,2026-08-11,cycles_resampled,val,CHOP,TRENDING,SHORT,0.954,2.0,1.0,0.0,0.0,1.323,7974.0,13.0,0.717,18.1429,False,True,True,True,False,False,False,0.0,4A_CONT,False,False,AMBIG,7961.0,early,24.72,5.64,5.583,-0.405,2.96,T3,True,True,True
2026-08-11T16:30:00,CRUDEOIL,2026-08-11,cycles_resampled,val,CHOP,FAILED_BREAKOUT,SHORT,1.0,11.12,0.9856,0.0144,0.0,5.034,7946.0,123.0,4.52,27.2143,False,True,True,True,False,False,False,0.0,4X_AMBIG,False,False,AMBIG,7823.0,early,143.17,0.01,0.51,-0.887,-0.852,EOD,False,False,False
2026-08-11T16:50:00,CRUDEOIL,2026-08-11,cycles_resampled,val,CHOP,FAILED_BREAKOUT,LONG,0.9681,2.923,0.9211,0.0789,0.0,1.172,7819.0,20.0,0.67,29.8571,True,True,True,False,False,False,True,0.301,4B_TRAP,True,True,H1_CONT,7839.0,early,36.14,3.65,1.3,-1.024,-1.051,STOP,False,False,False
2026-08-11T17:05:00,CRUDEOIL,2026-08-11,cycles_resampled,val,CHOP,FAILED_BREAKOUT,SHORT,0.9588,2.846,1.0,0.0,0.0,1.285,7840.0,30.0,1.042,28.7857,False,True,False,False,False,True,True,0.035,4B_TRAP,False,True,H7_TRAP,7810.0,early,38.11,0.37,0.0,-1.181,-1.207,STOP,False,False,False
2026-08-11T17:35:00,CRUDEOIL,2026-08-11,cycles_resampled,val,CHOP,FAILED_BREAKOUT,SHORT,0.932,1.846,0.9167,0.0833,0.0,0.732,7835.0,6.0,0.2,30.0714,False,True,False,False,False,True,True,1.663,4B_TRAP,False,True,H7_TRAP,7829.0,early,24.72,0.77,0.809,-2.265,-2.306,STOP,False,False,False
2026-08-11T17:50:00,CRUDEOIL,2026-08-11,cycles_resampled,val,CHOP,FAILED_BREAKOUT,LONG,0.9717,3.185,0.9302,0.0,0.0698,1.718,7855.0,30.0,1.288,23.2857,False,True,True,False,False,False,True,0.215,4B_TRAP,False,True,AMBIG,7885.0,early,44.29,2.75,0.023,-1.874,-1.897,STOP,False,False,False
2026-08-11T18:30:00,CRUDEOIL,2026-08-11,cycles_resampled,val,CHOP,FAILED_BREAKOUT,SHORT,0.9912,5.185,0.8286,0.0,0.1714,2.707,7848.0,34.0,1.587,21.4286,False,True,True,True,False,False,False,0.0,4B_TRAP,False,False,AMBIG,7814.0,early,60.1,0.3,1.065,-1.181,-1.198,STOP,False,False,False
2026-08-11T18:45:00,CRUDEOIL,2026-08-11,cycles_resampled,val,CHOP,FAILED_BREAKOUT,SHORT,0.9316,1.929,0.3333,0.1481,0.5185,0.429,7793.0,1.0,0.048,21.0,False,False,False,False,True,True,True,0.476,4B_TRAP,False,True,H7_TRAP,7792.0,spike,13.81,,0.0,-1.521,-1.593,STOP,False,False,False
2026-08-11T19:00:00,CRUDEOIL,2026-08-11,cycles_resampled,val,CHOP,FAILED_BREAKOUT,LONG,0.9417,2.071,1.0,0.0,0.0,1.41,7793.0,10.0,0.486,20.5714,False,False,False,False,True,True,True,2.09,4B_TRAP,False,True,H7_TRAP,7803.0,spike,29.87,0.33,0.234,-1.774,-1.808,STOP,False,False,False
2026-08-11T19:20:00,CRUDEOIL,2026-08-11,cycles_resampled,val,CHOP,FAILED_BREAKOUT,LONG,0.9194,1.857,1.0,0.0,0.0,1.113,7771.0,8.0,0.343,23.3571,False,False,False,False,True,True,True,0.086,4A_CONT,False,False,H7_TRAP,7779.0,early,26.78,1.16,3.286,-0.597,2.963,T3,True,True,False
2026-08-11T21:00:00,CRUDEOIL,2026-08-11,cycles_resampled,val,CHOP,FAILED_BREAKOUT,LONG,0.9653,2.857,1.0,0.0,0.0,2.09,7879.0,40.0,2.09,19.1429,False,True,True,True,False,False,False,0.0,4X_AMBIG,False,False,AMBIG,7919.0,early,41.2,1.39,0.752,-0.485,0.631,EOD,False,False,False
2026-08-11T21:30:00,CRUDEOIL,2026-08-11,cycles_resampled,val,CHOP,FAILED_BREAKOUT,SHORT,0.9067,1.714,0.625,0.0,0.375,0.758,7930.0,3.0,0.152,19.7857,True,True,True,True,False,False,False,0.0,4B_TRAP,True,False,H1_CONT,7927.0,early,15.72,11.04,1.781,-1.209,-1.272,STOP,False,False,False
2026-08-12T10:10:00,CRUDEOIL,2026-08-12,cycles_resampled,val,CHOP,OPENING_DRIVE,SHORT,1.0,2.0,0.6471,0.0588,0.2941,1.069,8008.0,12.0,1.167,10.2857,False,True,True,True,False,False,False,0.0,4B_TRAP,False,False,AMBIG,7996.0,early,12.51,,0.959,-1.359,-1.439,STOP,False,False,False
2026-08-12T10:50:00,CRUDEOIL,2026-08-12,cycles_resampled,val,CHOP,OPENING_DRIVE,SHORT,0.9545,1.75,0.5714,0.4286,0.0,0.8,8003.0,6.0,0.6,10.0,False,True,True,True,False,False,False,0.0,4B_TRAP,False,False,AMBIG,7997.0,early,14.42,0.21,1.664,-1.179,-1.248,STOP,False,False,False
2026-08-12T11:05:00,CRUDEOIL,2026-08-12,cycles_resampled,val,CHOP,FAILED_BREAKOUT,LONG,0.92,1.625,0.3077,0.2308,0.4615,0.354,7985.0,-1.0,-0.089,11.2857,True,False,False,False,False,False,False,0.0,4A_CONT,False,False,AMBIG,7984.0,spike,10.39,2.6,4.139,-0.192,2.904,T3,True,True,False
2026-08-12T11:15:00,CRUDEOIL,2026-08-12,cycles_resampled,val,CHOP,FAILED_BREAKOUT,LONG,1.0,2.625,0.619,0.0,0.381,1.083,7990.0,13.0,1.083,12.0,True,True,True,True,False,False,False,0.0,4B_TRAP,True,False,H1_CONT,8003.0,early,21.63,0.37,1.11,-1.017,-1.063,STOP,False,False,False
2026-08-12T11:20:00,CRUDEOIL,2026-08-12,cycles_resampled,val,CHOP,FAILED_BREAKOUT,LONG,0.9286,1.647,0.7143,0.2857,0.0,0.864,8011.0,-1.0,-0.086,11.5714,True,False,False,False,False,True,True,0.173,4B_TRAP,False,True,H7_TRAP,8010.0,early,10.42,0.1,1.631,-1.248,-1.344,STOP,False,False,False
2026-08-12T11:30:00,CRUDEOIL,2026-08-12,cycles_resampled,val,CHOP,FAILED_BREAKOUT,SHORT,0.9667,2.222,0.7,0.0,0.3,1.095,8015.0,6.0,0.469,12.7857,False,False,False,False,True,True,True,0.156,4A_CONT,False,False,H7_TRAP,8009.0,early,14.6,1.34,3.151,-0.685,2.932,T3,True,True,False
2026-08-12T11:45:00,CRUDEOIL,2026-08-12,cycles_resampled,val,CHOP,FAILED_BREAKOUT,SHORT,0.9091,1.667,1.0,0.0,0.0,1.111,8003.0,6.0,0.444,13.5,False,True,True,True,False,False,False,0.0,4B_TRAP,False,False,AMBIG,7997.0,spike,15.45,0.39,2.201,-1.1,-1.165,STOP,True,False,False
2026-08-12T12:00:00,CRUDEOIL,2026-08-12,cycles_resampled,val,CHOP,FAILED_BREAKOUT,SHORT,1.0,2.737,1.0,0.0,0.0,1.733,7990.97,9.97,0.665,15.0,True,True,False,False,False,True,True,0.469,4B_TRAP,False,True,H7_TRAP,7981.0,early,26.78,0.3,0.672,-1.232,-1.27,STOP,False,False,False
2026-08-12T12:10:00,CRUDEOIL,2026-08-12,cycles_resampled,val,CHOP,TRENDING,LONG,1.0,3.0,0.9,0.0,0.1,1.629,7976.0,22.0,1.328,16.5714,False,False,False,False,True,True,True,0.362,4B_TRAP,False,True,H7_TRAP,7998.0,spike,30.9,0.39,0.0,-1.133,-1.165,STOP,False,False,False
2026-08-12T12:25:00,CRUDEOIL,2026-08-12,cycles_resampled,val,CHOP,FAILED_BREAKOUT,LONG,0.9024,1.727,0.7895,0.0,0.2105,0.84,7974.0,18.0,1.008,17.8571,True,True,True,True,False,False,False,0.0,4B_TRAP,True,False,H1_CONT,7992.0,early,19.57,0.31,1.482,-1.175,-1.226,STOP,False,False,False
2026-08-12T12:30:00,CRUDEOIL,2026-08-12,cycles_resampled,val,CHOP,FAILED_BREAKOUT,LONG,0.9048,1.652,0.4737,0.5263,0.0,0.488,7998.0,6.0,0.326,18.4286,True,True,True,True,False,False,False,0.0,4B_TRAP,False,False,H1_WEAK,8004.0,early,9.57,2.47,0.94,-1.567,-1.672,STOP,False,False,False
2026-08-12T13:55:00,CRUDEOIL,2026-08-12,cycles_resampled,val,CHOP,FAILED_BREAKOUT,SHORT,0.9831,2.364,0.7692,0.2308,0.0,1.421,7963.0,8.0,0.569,14.0714,False,False,False,False,True,True,True,0.924,4B_TRAP,False,True,H7_TRAP,7955.0,spike,26.78,,0.0,-1.307,-1.344,STOP,False,False,False
2026-08-12T14:05:00,CRUDEOIL,2026-08-12,cycles_resampled,val,CHOP,FAILED_BREAKOUT,SHORT,0.9508,2.273,0.68,0.32,0.0,1.112,7983.09,18.09,1.183,15.2857,False,True,True,True,False,False,False,0.0,4A_CONT,False,False,AMBIG,7965.0,early,25.75,0.39,3.65,-0.427,2.961,T3,True,True,False
2026-08-12T14:20:00,CRUDEOIL,2026-08-12,cycles_resampled,val,CHOP,FAILED_BREAKOUT,SHORT,0.9844,2.364,0.8077,0.0,0.1923,1.284,7955.0,4.0,0.245,16.3571,False,False,False,False,True,True,True,0.856,4A_CONT,False,False,H7_TRAP,7951.0,spike,21.78,,3.673,-0.872,2.954,T3,True,True,False
2026-08-12T14:50:00,CRUDEOIL,2026-08-12,cycles_resampled,val,CHOP,TRENDING,SHORT,1.0,5.13,0.8814,0.1186,0.0,2.572,7943.0,49.0,2.424,20.2143,True,True,True,True,False,False,False,0.0,4B_TRAP,True,False,H1_CONT,7894.0,early,60.77,,0.411,-1.168,-1.185,STOP,False,False,False
2026-08-12T15:20:00,CRUDEOIL,2026-08-12,cycles_resampled,val,CHOP,TRENDING,LONG,0.9868,4.083,0.7347,0.0408,0.2245,1.626,7892.0,24.0,1.084,22.1429,False,True,True,True,False,False,False,0.0,4B_TRAP,False,False,AMBIG,7916.0,early,48.47,0.76,1.63,-1.011,-1.032,STOP,False,False,False
2026-08-12T16:15:00,CRUDEOIL,2026-08-12,cycles_resampled,val,CHOP,FAILED_BREAKOUT,LONG,0.9885,4.5,0.7593,0.0,0.2407,2.095,7932.0,33.0,1.686,19.5714,True,True,True,True,False,False,False,0.0,4B_TRAP,True,False,H1_CONT,7965.0,early,55.62,1.12,0.539,-1.312,-1.33,STOP,False,False,False
2026-08-12T18:05:00,CRUDEOIL,2026-08-12,cycles_resampled,val,CHOP,FAILED_BREAKOUT,SHORT,0.9541,2.25,0.8148,0.0,0.1852,1.525,7972.0,11.0,0.762,14.4286,True,True,True,True,False,False,False,0.0,4A_CONT,True,False,H1_CONT,7961.0,early,22.81,0.35,3.025,-0.307,2.956,T3,True,True,False
2026-08-12T18:45:00,CRUDEOIL,2026-08-12,cycles_resampled,val,CHOP,TRENDING,SHORT,0.906,1.833,0.9091,0.0909,0.0,1.302,7890.0,1.0,0.065,15.3571,False,False,False,False,False,True,True,0.977,4B_TRAP,False,True,H7_TRAP,7889.0,spike,22.66,0.88,0.441,-1.324,-1.368,STOP,False,False,False
2026-08-12T19:00:00,CRUDEOIL,2026-08-12,cycles_resampled,val,CHOP,TRENDING,SHORT,0.9083,1.76,0.2727,0.7273,0.0,0.344,7949.18,46.18,2.65,17.4286,True,True,True,True,False,False,False,0.0,4B_TRAP,False,False,H1_WEAK,7903.0,early,16.66,1.44,2.161,-1.321,-1.381,STOP,True,False,False
2026-08-12T19:40:00,CRUDEOIL,2026-08-12,cycles_resampled,val,CHOP,TRENDING,LONG,0.9609,2.154,1.0,0.0,0.0,1.704,7889.0,15.0,0.913,16.4286,False,True,True,True,False,False,False,0.0,4A_CONT,False,False,AMBIG,7904.0,early,28.84,4.28,2.011,-0.936,0.971,EOD,True,False,False
2026-08-12T20:15:00,CRUDEOIL,2026-08-12,cycles_resampled,val,CHOP,TRENDING,LONG,0.9259,1.923,0.68,0.0,0.32,0.941,7907.0,5.0,0.277,18.0714,False,True,True,True,False,False,False,0.0,4X_AMBIG,False,False,AMBIG,7912.0,early,25.75,0.16,1.942,-0.311,0.777,EOD,False,False,False
2026-08-12T20:30:00,CRUDEOIL,2026-08-12,cycles_resampled,val,CHOP,TRENDING,LONG,0.9565,2.077,0.7407,0.0,0.2593,1.045,7926.0,13.0,0.679,19.1429,False,True,True,True,False,False,False,0.0,4B_TRAP,False,False,AMBIG,7939.0,early,27.81,3.17,0.827,-1.223,-1.259,STOP,False,False,False
2026-08-12T21:30:00,CRUDEOIL,2026-08-12,cycles_resampled,val,CHOP,FAILED_BREAKOUT,SHORT,0.9267,1.923,0.84,0.0,0.16,1.374,7925.45,-3.55,-0.232,15.2857,False,False,False,False,True,True,True,1.344,4B_TRAP,False,True,H7_TRAP,7929.0,spike,21.75,0.16,1.149,-1.149,-1.195,STOP,False,False,False
2026-08-12T22:45:00,CRUDEOIL,2026-08-12,cycles_resampled,val,CHOP,FAILED_BREAKOUT,LONG,0.9818,2.5,0.8,0.2,0.0,1.898,7944.0,4.0,0.316,12.6429,False,False,False,False,True,True,True,2.768,4B_TRAP,False,True,H7_TRAP,7948.0,spike,24.9,3.03,0.0,-1.647,-1.687,STOP,False,False,False
2026-08-12T22:50:00,CRUDEOIL,2026-08-12,cycles_resampled,val,CHOP,FAILED_BREAKOUT,SHORT,0.9819,3.083,0.9459,0.0,0.0541,2.475,7921.68,12.68,0.897,14.1429,False,True,True,False,False,False,True,0.518,4X_AMBIG,False,False,AMBIG,7909.0,early,36.11,0.14,0.111,-0.803,-0.637,EOD,False,False,False
2026-08-13T22:00:00,CRUDEOIL,2026-08-13,live_candles,val,CHOP,TRENDING,SHORT,0.9333,2.0,1.0,0.0,0.0,1.61,7848.0,26.0,1.163,22.3571,True,True,True,True,False,False,False,0.0,4X_AMBIG,True,False,H1_CONT,7822.0,early,37.08,1.21,0.297,-0.431,0.297,EOD,False,False,False
2026-08-14T10:30:00,CRUDEOIL,2026-08-14,live_candles,val,TREND_UP,OPENING_DRIVE,LONG,1.0,1.714,1.0,0.0,0.0,1.663,7770.0,0.0,0.0,7.2143,False,False,False,False,True,True,True,2.218,4B_TRAP,False,True,H7_TRAP,7770.0,spike,12.36,0.15,0.0,-1.294,-1.375,STOP,False,False,False
2026-08-14T11:05:00,CRUDEOIL,2026-08-14,live_candles,val,TREND_UP,OPENING_DRIVE,LONG,1.0,2.714,0.9474,0.0526,0.0,2.066,7781.0,14.0,1.607,8.7143,False,True,True,True,False,False,False,0.0,4A_CONT,False,False,AMBIG,7795.0,early,18.57,,4.793,-0.539,2.946,T3,True,True,False
2026-08-14T11:25:00,CRUDEOIL,2026-08-14,live_candles,val,TREND_UP,TRENDING,LONG,0.9655,1.5,0.8333,0.1667,0.0,0.972,7801.0,19.0,1.847,10.2857,False,True,True,True,False,False,False,0.0,4A_CONT,False,False,AMBIG,7820.0,early,10.36,,6.178,-0.869,2.903,T3,True,True,True
2026-08-14T11:40:00,CRUDEOIL,2026-08-14,live_candles,val,TREND_UP,TRENDING,SHORT,0.9688,1.625,1.0,0.0,0.0,1.182,7826.0,15.0,1.364,11.0,False,False,False,False,True,True,True,2.182,4B_TRAP,False,True,H7_TRAP,7811.0,spike,13.39,1.94,0.0,-1.419,-1.494,STOP,False,False,False
2026-08-14T11:45:00,CRUDEOIL,2026-08-14,live_candles,val,TREND_UP,FAILED_BREAKDOWN,LONG,0.9697,2.0,0.875,0.125,0.0,1.202,7824.0,4.0,0.344,11.6429,False,True,True,True,False,False,False,0.0,4A_CONT,False,False,AMBIG,7828.0,early,14.48,0.48,3.867,-0.138,2.931,T3,True,True,False
2026-08-14T11:55:00,CRUDEOIL,2026-08-14,live_candles,val,TREND_UP,TRENDING,LONG,1.0,3.0,1.0,0.0,0.0,1.877,7836.0,14.0,1.095,12.7857,False,True,False,False,False,True,True,0.704,4B_TRAP,False,True,H7_TRAP,7850.0,spike,24.72,,2.913,-1.011,-1.052,STOP,True,False,False
2026-08-14T12:05:00,CRUDEOIL,2026-08-14,live_candles,val,TREND_UP,TRENDING,SHORT,0.9459,2.0,0.9375,0.0,0.0625,1.055,7826.0,-1.0,-0.07,14.2143,False,False,False,False,True,True,True,1.266,4B_TRAP,False,True,H7_TRAP,7827.0,spike,15.48,0.06,0.0,-1.292,-1.357,STOP,False,False,False
2026-08-14T12:10:00,CRUDEOIL,2026-08-14,live_candles,val,TREND_UP,TRENDING,LONG,0.9474,2.118,0.5556,0.3333,0.1111,0.69,7842.0,-1.0,-0.069,14.5,False,False,False,False,True,True,True,0.621,4A_CONT,False,False,H7_TRAP,7841.0,spike,12.54,0.72,3.429,-0.638,2.92,T3,True,True,False
2026-08-14T12:30:00,CRUDEOIL,2026-08-14,live_candles,val,TREND_UP,TRENDING,LONG,1.0,4.706,0.825,0.175,0.0,1.925,7850.0,27.0,1.575,17.1429,True,True,True,True,False,False,False,0.0,4B_TRAP,True,False,H1_CONT,7877.0,early,34.2,,1.316,-1.082,-1.111,STOP,False,False,False
2026-08-14T12:40:00,CRUDEOIL,2026-08-14,live_candles,val,TREND_UP,TRENDING,LONG,0.9773,3.412,1.0,0.0,0.0,1.611,7890.0,32.0,1.778,18.0,True,True,True,True,False,False,False,0.0,4B_TRAP,True,False,H1_CONT,7922.0,early,29.87,,0.0,-1.004,-1.038,STOP,False,False,False
2026-08-14T13:20:00,CRUDEOIL,2026-08-14,live_candles,val,TREND_UP,TRENDING,LONG,0.9038,2.125,1.0,0.0,0.0,0.988,7908.0,3.0,0.174,17.2143,True,True,False,False,False,True,True,0.755,4B_TRAP,False,True,H7_TRAP,7911.0,spike,17.51,0.63,0.343,-2.056,-2.113,STOP,False,False,False
2026-08-14T13:55:00,CRUDEOIL,2026-08-14,live_candles,val,TREND_UP,TRENDING,SHORT,0.9483,2.556,1.0,0.0,0.0,1.533,7894.0,19.0,1.267,15.0,True,True,True,True,False,False,False,0.0,4A_CONT,True,False,H1_CONT,7875.0,early,23.69,5.24,3.081,-0.76,2.958,T3,True,True,False
2026-08-14T14:05:00,CRUDEOIL,2026-08-14,live_candles,val,TREND_UP,TRENDING,SHORT,0.9333,2.444,0.9545,0.0,0.0455,1.349,7875.0,23.0,1.477,15.5714,False,False,False,False,True,True,True,0.257,4B_TRAP,False,True,H7_TRAP,7852.0,spike,21.66,4.67,0.0,-1.2,-1.247,STOP,False,False,False
2026-08-14T14:10:00,CRUDEOIL,2026-08-14,live_candles,val,TREND_UP,FAILED_BREAKOUT,LONG,0.918,2.333,0.7619,0.0,0.2381,0.953,7873.0,5.0,0.298,16.7857,True,True,True,True,False,False,False,0.0,4B_TRAP,True,False,H1_CONT,7878.0,early,21.63,1.8,0.416,-1.202,-1.248,STOP,False,False,False
2026-08-14T14:50:00,CRUDEOIL,2026-08-14,live_candles,val,TREND_UP,TRENDING,SHORT,0.913,2.222,0.85,0.0,0.15,1.058,7852.0,9.0,0.56,16.0714,False,True,False,False,False,False,True,0.684,4B_TRAP,False,True,AMBIG,7843.0,early,17.6,5.24,0.739,-1.761,-1.818,STOP,False,False,False
2026-08-14T15:00:00,CRUDEOIL,2026-08-14,live_candles,val,TREND_UP,FAILED_BREAKOUT,LONG,0.9437,2.444,0.4545,0.0,0.5455,0.622,7848.0,4.0,0.249,16.0714,True,True,True,True,False,False,False,0.0,4B_TRAP,False,False,H1_WEAK,7852.0,early,22.66,0.57,0.971,-1.192,-1.236,STOP,False,False,False
2026-08-14T15:05:00,CRUDEOIL,2026-08-14,live_candles,val,TREND_UP,FAILED_BREAKOUT,LONG,0.9722,2.667,0.5417,0.4583,0.0,0.809,7873.34,-10.34,-0.643,16.0714,False,False,False,False,True,True,True,1.826,4B_TRAP,False,True,H7_TRAP,7863.0,spike,13.72,0.15,0.0,-1.531,-1.603,STOP,False,False,False
2026-08-14T16:30:00,CRUDEOIL,2026-08-14,live_candles,val,TREND_UP,FAILED_BREAKOUT,LONG,0.9773,2.4,0.9167,0.0,0.0833,1.517,7778.0,27.0,1.862,14.5,False,True,True,True,False,False,False,0.0,4B_TRAP,False,False,AMBIG,7805.0,early,24.72,0.12,0.202,-1.133,-1.173,STOP,False,False,False
2026-08-14T17:30:00,CRUDEOIL,2026-08-14,live_candles,val,TREND_UP,FAILED_BREAKOUT,LONG,0.92,2.1,0.8571,0.1429,0.0,1.306,7791.0,6.0,0.435,13.7857,True,True,True,True,False,False,False,0.0,4B_TRAP,True,False,H1_CONT,7797.0,early,18.63,2.94,1.771,-1.718,-1.771,STOP,False,False,False
2026-08-14T18:00:00,CRUDEOIL,2026-08-14,live_candles,val,TREND_UP,FAILED_BREAKOUT,SHORT,1.0,4.1,1.0,0.0,0.0,2.645,7807.0,42.0,2.71,15.5,False,True,True,True,False,False,False,0.0,4B_TRAP,False,False,AMBIG,7765.0,early,42.23,0.25,1.066,-1.279,-1.302,STOP,False,False,False
2026-08-14T18:35:00,CRUDEOIL,2026-08-14,live_candles,val,TREND_UP,FAILED_BREAKOUT,LONG,0.9735,2.5,1.0,0.0,0.0,1.406,7772.0,8.0,0.45,17.7857,True,True,True,False,False,False,True,0.562,4B_TRAP,True,True,H1_CONT,7780.0,spike,25.75,1.94,0.311,-1.165,-1.204,STOP,False,False,False
2026-08-14T19:30:00,CRUDEOIL,2026-08-14,live_candles,val,TREND_UP,FAILED_BREAKOUT,LONG,0.9677,2.182,0.375,0.4583,0.1667,0.545,7754.0,15.0,0.909,16.5,True,True,True,True,False,False,False,0.0,4A_CONT,False,False,H1_WEAK,7769.0,early,13.72,1.38,3.644,-0.948,2.927,T3,True,True,False
2026-08-14T19:40:00,CRUDEOIL,2026-08-14,live_candles,val,TREND_UP,FAILED_BREAKOUT,SHORT,0.9841,2.909,0.8125,0.1875,0.0,1.444,7772.0,15.0,0.833,18.0,False,False,False,False,True,True,True,1.0,4B_TRAP,False,True,H7_TRAP,7757.0,spike,32.96,0.04,0.03,-1.001,-1.032,STOP,False,False,False
2026-08-14T20:10:00,CRUDEOIL,2026-08-14,live_candles,val,TREND_UP,FAILED_BREAKOUT,LONG,0.9545,2.182,1.0,0.0,0.0,1.287,7805.0,14.0,0.751,18.6429,False,False,False,False,True,True,True,0.161,4B_TRAP,False,True,H7_TRAP,7819.0,spike,24.72,1.02,0.0,-1.618,-1.659,STOP,False,False,False
2026-08-14T20:15:00,CRUDEOIL,2026-08-14,live_candles,val,TREND_UP,FAILED_BREAKOUT,LONG,0.9774,2.818,0.2581,0.0,0.7419,0.404,7789.0,13.0,0.657,19.7857,True,True,True,True,False,False,False,0.0,4A_CONT,False,False,H1_WEAK,7802.0,early,23.93,1.76,3.218,-0.627,2.958,T3,True,True,False
2026-08-14T20:30:00,CRUDEOIL,2026-08-14,live_candles,val,TREND_UP,FAILED_BREAKOUT,LONG,0.9044,1.913,0.5909,0.0,0.4091,0.63,7823.0,2.0,0.097,20.6429,False,False,False,False,True,True,True,1.114,4B_TRAP,False,True,H7_TRAP,7825.0,spike,22.66,0.85,0.0,-1.103,-1.147,STOP,False,False,False
2026-08-17T11:45:00,CRUDEOIL,2026-08-17,live_candles,oos,TREND_UP,TRENDING,SHORT,0.9375,2.0,0.75,0.25,0.0,1.167,7816.0,2.0,0.194,10.2857,False,False,False,False,True,True,True,0.778,4B_TRAP,False,True,H7_TRAP,7814.0,spike,16.48,,0.061,-1.214,-1.274,STOP,False,False,False
2026-08-17T12:35:00,CRUDEOIL,2026-08-17,live_candles,oos,TREND_UP,TRENDING,SHORT,0.9512,1.778,0.8125,0.0,0.1875,1.238,7823.0,-1.0,-0.095,10.5,True,False,False,False,False,False,False,0.0,4B_TRAP,False,False,AMBIG,7824.0,spike,13.48,0.67,1.558,-2.671,-2.745,STOP,False,False,False
2026-08-17T12:45:00,CRUDEOIL,2026-08-17,live_candles,oos,TREND_UP,TRENDING,SHORT,1.0,2.222,0.65,0.25,0.1,1.13,7813.0,7.0,0.609,11.5,False,True,False,False,False,True,True,1.478,4B_TRAP,False,True,H7_TRAP,7806.0,early,18.6,,0.161,-1.613,-1.667,STOP,False,False,False
2026-08-17T13:05:00,CRUDEOIL,2026-08-17,live_candles,oos,TREND_UP,TRENDING,SHORT,0.9574,2.0,0.4444,0.0,0.5556,0.64,7813.66,-2.34,-0.187,12.5,True,False,False,False,False,True,True,3.707,4B_TRAP,False,True,H7_TRAP,7816.0,spike,8.54,0.27,0.937,-1.991,-2.108,STOP,False,False,False
2026-08-17T13:15:00,CRUDEOIL,2026-08-17,live_candles,oos,TREND_UP,TRENDING,LONG,0.9184,1.889,0.7059,0.2941,0.0,0.903,7815.0,13.0,0.978,13.2857,True,True,True,True,False,False,False,0.0,4A_CONT,True,False,H1_CONT,7828.0,early,12.51,0.64,3.197,0.0,2.92,T3,True,True,False
2026-08-17T13:20:00,CRUDEOIL,2026-08-17,live_candles,oos,TREND_UP,TRENDING,LONG,1.0,3.111,1.0,0.0,0.0,1.876,7858.22,1.78,0.119,14.9286,False,False,False,False,True,True,True,1.22,4B_TRAP,False,True,H7_TRAP,7860.0,spike,28.84,1.25,0.0,-1.11,-1.144,STOP,False,False,False
2026-08-17T13:30:00,CRUDEOIL,2026-08-17,live_candles,oos,TREND_UP,TRENDING,LONG,1.0,3.111,0.5714,0.0,0.4286,0.933,7852.0,4.0,0.233,17.1429,False,True,True,True,False,False,False,0.0,4A_CONT,False,False,AMBIG,7856.0,spike,28.84,0.01,3.121,-0.312,2.965,T3,True,True,False
2026-08-17T13:50:00,CRUDEOIL,2026-08-17,live_candles,oos,TREND_UP,OPENING_DRIVE,LONG,0.9643,2.222,1.0,0.0,0.0,1.197,7861.0,7.0,0.419,16.7143,False,False,False,False,True,True,True,0.538,4B_TRAP,False,True,H7_TRAP,7868.0,spike,20.6,0.37,0.194,-1.019,-1.068,STOP,False,False,False
2026-08-17T14:30:00,CRUDEOIL,2026-08-17,live_candles,oos,TREND_UP,OPENING_DRIVE,LONG,0.9062,1.8,0.7778,0.2222,0.0,0.985,7896.0,-4.0,-0.281,14.2143,True,False,False,False,False,False,True,0.141,4B_TRAP,False,True,AMBIG,7892.0,spike,14.54,0.28,1.1,-1.032,-1.1,STOP,False,False,False
2026-08-17T15:05:00,CRUDEOIL,2026-08-17,live_candles,oos,TREND_UP,FAILED_BREAKDOWN,LONG,0.9718,2.2,0.8182,0.0,0.1818,1.4,7908.0,17.0,1.322,12.8571,False,True,True,True,False,False,False,0.0,4B_TRAP,False,False,AMBIG,7925.0,early,22.66,,1.5,-1.765,-1.809,STOP,False,False,False
2026-08-17T15:20:00,CRUDEOIL,2026-08-17,live_candles,oos,TREND_UP,FAILED_BREAKDOWN,LONG,0.973,2.5,1.0,0.0,0.0,1.832,7928.0,18.0,1.319,13.6429,False,True,True,True,False,False,False,0.0,4B_TRAP,False,False,AMBIG,7946.0,early,25.75,,0.505,-2.369,-2.408,STOP,False,False,False
2026-08-17T16:00:00,CRUDEOIL,2026-08-17,live_candles,oos,TREND_UP,FAILED_BREAKDOWN,LONG,1.0,3.6,1.0,0.0,0.0,2.172,7876.12,44.88,2.708,16.5714,True,True,True,True,False,False,False,0.0,4B_TRAP,True,False,H1_CONT,7921.0,early,37.08,1.02,0.458,-1.214,-1.241,STOP,False,False,False
2026-08-17T16:20:00,CRUDEOIL,2026-08-17,live_candles,oos,TREND_UP,FAILED_BREAKDOWN,SHORT,0.9651,2.7,0.8519,0.0,0.1481,1.336,7924.0,19.0,1.104,17.2143,False,False,False,False,True,True,True,0.232,4B_TRAP,False,True,H7_TRAP,7905.0,spike,23.81,0.84,1.386,-1.218,-1.26,STOP,False,False,False
2026-08-17T16:35:00,CRUDEOIL,2026-08-17,live_candles,oos,TREND_UP,FAILED_BREAKDOWN,SHORT,0.9438,2.2,0.9545,0.0455,0.0,1.19,7901.0,1.0,0.057,17.6429,False,False,False,False,True,True,True,0.907,4B_TRAP,False,True,H7_TRAP,7900.0,spike,22.66,3.78,1.236,-1.147,-1.192,STOP,False,False,False
2026-08-17T17:55:00,CRUDEOIL,2026-08-17,live_candles,oos,TREND_UP,FAILED_BREAKOUT,LONG,1.0,4.1,0.7073,0.2927,0.0,2.126,7901.0,13.0,0.953,13.6429,True,True,True,True,False,False,False,0.0,4B_TRAP,True,False,H1_CONT,7914.0,early,30.23,0.57,1.059,-1.489,-1.522,STOP,False,False,False
2026-08-17T18:30:00,CRUDEOIL,2026-08-17,live_candles,oos,TREND_UP,FAILED_BREAKDOWN,SHORT,0.9286,2.0,0.95,0.0,0.05,1.291,7938.0,14.0,0.951,14.7143,True,True,True,True,False,False,False,0.0,4A_CONT,True,False,H1_CONT,7924.0,early,19.6,4.1,3.265,-0.612,2.949,T3,True,True,False
2026-08-17T19:30:00,CRUDEOIL,2026-08-17,live_candles,oos,TREND_UP,FAILED_BREAKOUT,SHORT,0.9355,2.0,1.0,0.0,0.0,1.366,7902.0,12.0,0.82,14.6429,False,True,True,True,False,False,False,0.0,4B_TRAP,False,False,AMBIG,7890.0,early,20.6,2.09,1.456,-1.214,-1.262,STOP,False,False,False
2026-08-17T20:45:00,CRUDEOIL,2026-08-17,live_candles,oos,TREND_UP,FAILED_BREAKOUT,LONG,0.9353,2.0,1.0,0.0,0.0,1.556,7883.0,18.0,1.4,12.8571,True,True,True,True,False,False,False,0.0,4A_CONT,True,False,H1_CONT,7901.0,early,20.6,1.32,3.592,-0.971,2.951,T3,True,True,False
2026-08-17T22:30:00,CRUDEOIL,2026-08-17,live_candles,oos,TREND_UP,FAILED_BREAKDOWN,LONG,0.956,2.4,0.875,0.0,0.125,1.826,7921.62,16.38,1.424,11.5,True,True,True,True,False,False,False,0.0,4A_CONT,True,False,H1_CONT,7938.0,early,24.72,0.85,3.56,0.0,2.96,T3,True,True,False
2026-08-17T22:45:00,CRUDEOIL,2026-08-17,live_candles,oos,TREND_UP,TRENDING,LONG,0.9691,2.6,0.8077,0.1923,0.0,1.407,7975.0,23.0,1.541,14.9286,True,True,True,True,False,False,False,0.0,4A_CONT,True,False,H1_CONT,7998.0,early,21.78,,3.03,-0.184,2.954,T3,True,True,False
2026-08-17T22:55:00,CRUDEOIL,2026-08-17,live_candles,oos,TREND_UP,TRENDING,LONG,0.939,2.3,0.7391,0.2609,0.0,1.107,8003.0,17.0,1.107,15.3571,True,True,True,True,False,False,False,0.0,4A_CONT,True,False,H1_CONT,8020.0,early,17.69,,4.975,-0.113,2.943,T3,True,True,False
2026-08-17T23:00:00,CRUDEOIL,2026-08-17,live_candles,oos,TREND_UP,TRENDING,LONG,0.9939,4.0,0.9,0.1,0.0,2.057,8026.0,28.0,1.6,17.5,True,True,True,True,False,False,False,0.0,4X_AMBIG,True,False,H1_CONT,8054.0,early,37.2,,1.505,-0.538,1.505,EOD,False,False,False
2026-08-17T23:10:00,CRUDEOIL,2026-08-17,live_candles,oos,TREND_UP,TRENDING,SHORT,0.9401,2.4,1.0,0.0,0.0,1.302,8055.0,15.0,0.814,18.4286,False,True,False,False,False,True,True,2.876,4B_TRAP,False,True,H7_TRAP,8040.0,early,24.72,5.26,0.243,-1.052,-1.092,STOP,False,False,False
2026-08-18T10:30:00,CRUDEOIL,2026-08-18,live_candles,oos,CHOP,OPENING_DRIVE,LONG,0.9412,2.167,1.0,0.0,0.0,1.784,8150.0,10.0,1.373,7.2857,False,True,True,True,False,False,False,0.0,4B_TRAP,False,False,AMBIG,8160.0,early,13.39,0.15,0.448,-1.643,-1.718,STOP,False,False,False
2026-08-18T10:50:00,CRUDEOIL,2026-08-18,live_candles,oos,CHOP,OPENING_DRIVE,LONG,0.9048,1.833,0.4545,0.5455,0.0,0.707,8163.0,-3.0,-0.424,7.0714,True,False,False,False,True,True,True,2.404,4B_TRAP,False,True,H7_TRAP,8160.0,spike,5.33,0.24,0.0,-1.313,-1.501,STOP,False,False,False
2026-08-18T11:00:00,CRUDEOIL,2026-08-18,live_candles,oos,CHOP,OPENING_DRIVE,SHORT,0.9565,2.667,0.6875,0.3125,0.0,1.51,8151.0,1.0,0.137,7.2857,True,True,True,True,False,False,False,0.0,4B_TRAP,True,False,H1_CONT,8150.0,early,16.48,0.19,1.274,-1.153,-1.214,STOP,False,False,False
2026-08-18T11:15:00,CRUDEOIL,2026-08-18,live_candles,oos,CHOP,OPENING_DRIVE,SHORT,1.0,2.833,1.0,0.0,0.0,2.088,8138.0,7.0,0.86,8.1429,False,False,False,False,True,True,True,3.807,4B_TRAP,False,True,H7_TRAP,8131.0,spike,17.51,0.06,0.114,-2.17,-2.227,STOP,False,False,False
2026-08-18T11:30:00,CRUDEOIL,2026-08-18,live_candles,oos,CHOP,OPENING_DRIVE,LONG,1.0,3.0,1.0,0.0,0.0,2.085,8166.0,3.0,0.298,10.0714,True,True,True,True,False,False,False,0.0,4B_TRAP,True,False,H1_CONT,8169.0,spike,21.63,,1.063,-1.017,-1.063,STOP,False,False,False
2026-08-18T13:00:00,CRUDEOIL,2026-08-18,live_candles,oos,CHOP,FAILED_BREAKOUT,LONG,1.0,3.5,0.6786,0.3214,0.0,1.4,8143.0,-9.0,-0.663,13.5714,False,False,False,False,True,True,True,0.884,4B_TRAP,False,True,H7_TRAP,8134.0,spike,19.84,0.45,2.369,-1.159,-1.21,STOP,True,False,False
2026-08-18T13:20:00,CRUDEOIL,2026-08-18,live_candles,oos,CHOP,FAILED_BREAKOUT,SHORT,0.9804,2.75,0.2273,0.7727,0.0,0.366,8137.0,-5.0,-0.366,13.6429,False,False,False,False,True,True,True,1.686,4B_TRAP,False,True,H7_TRAP,8142.0,spike,17.66,0.67,0.0,-2.208,-2.265,STOP,False,False,False
2026-08-18T13:45:00,CRUDEOIL,2026-08-18,live_candles,oos,CHOP,FAILED_BREAKOUT,SHORT,0.9286,1.889,0.3529,0.6471,0.0,0.404,8148.0,1.0,0.067,14.8571,False,False,False,False,True,True,True,1.077,4B_TRAP,False,True,H7_TRAP,8147.0,spike,17.51,0.29,0.0,-1.314,-1.371,STOP,False,False,False
2026-08-18T13:50:00,CRUDEOIL,2026-08-18,live_candles,oos,CHOP,FAILED_BREAKOUT,LONG,0.9298,2.0,0.6667,0.3333,0.0,0.771,8164.0,0.0,0.0,15.5714,False,False,False,False,True,True,True,1.927,4B_TRAP,False,True,H7_TRAP,8164.0,spike,12.54,1.36,0.399,-1.914,-1.994,STOP,False,False,False
2026-08-18T14:00:00,CRUDEOIL,2026-08-18,live_candles,oos,CHOP,FAILED_BREAKOUT,SHORT,0.9322,2.0,0.5,0.5,0.0,0.56,8147.0,7.0,0.436,16.0714,False,True,True,False,False,False,True,0.249,4B_TRAP,False,True,AMBIG,8140.0,early,18.54,0.35,1.618,-1.402,-1.456,STOP,False,False,False
2026-08-18T14:15:00,CRUDEOIL,2026-08-18,live_candles,oos,CHOP,FAILED_BREAKOUT,LONG,0.9677,2.778,1.0,0.0,0.0,1.509,8132.0,19.0,1.147,16.5714,False,True,True,False,False,False,True,0.422,4B_TRAP,False,True,AMBIG,8151.0,early,25.75,0.44,0.0,-1.01,-1.049,STOP,False,False,False
2026-08-18T15:05:00,CRUDEOIL,2026-08-18,live_candles,oos,CHOP,FAILED_BREAKOUT,SHORT,0.9306,2.0,0.4444,0.0,0.5556,0.609,8125.0,-5.0,-0.38,13.1429,True,False,False,False,True,True,True,0.761,4B_TRAP,False,True,H7_TRAP,8130.0,early,8.54,0.16,0.703,-1.054,-1.171,STOP,False,False,False
2026-08-18T15:20:00,CRUDEOIL,2026-08-18,live_candles,oos,CHOP,FAILED_BREAKOUT,SHORT,0.9467,2.1,0.6667,0.1905,0.1429,1.032,8127.0,0.0,0.0,13.5714,True,False,False,False,False,False,True,0.663,4B_TRAP,False,True,AMBIG,8127.0,early,18.63,0.38,0.859,-1.074,-1.127,STOP,False,False,False
2026-08-18T16:05:00,CRUDEOIL,2026-08-18,live_candles,oos,CHOP,FAILED_BREAKOUT,SHORT,0.9286,1.8,0.7778,0.2222,0.0,0.985,8126.0,12.0,0.844,14.2143,True,True,True,True,False,False,False,0.0,4B_TRAP,True,False,H1_CONT,8114.0,early,18.54,0.16,0.216,-1.133,-1.187,STOP,False,False,False
2026-08-18T17:35:00,CRUDEOIL,2026-08-18,live_candles,oos,CHOP,FAILED_BREAKOUT,LONG,1.0,4.3,1.0,0.0,0.0,3.5,8156.98,9.02,0.734,12.2857,False,True,False,False,False,True,True,0.568,4B_TRAP,False,True,H7_TRAP,8166.0,early,44.29,0.59,0.903,-1.106,-1.129,STOP,False,False,False
2026-08-18T18:50:00,CRUDEOIL,2026-08-18,live_candles,oos,CHOP,FAILED_BREAKOUT,LONG,0.9914,2.9,1.0,0.0,0.0,2.347,8192.0,1.0,0.081,12.3571,False,False,False,False,True,True,True,1.861,4B_TRAP,False,True,H7_TRAP,8193.0,spike,29.87,,0.435,-1.607,-1.64,STOP,False,False,False
2026-08-18T19:00:00,CRUDEOIL,2026-08-18,live_candles,oos,CHOP,FAILED_BREAKDOWN,SHORT,0.9915,3.7,0.7027,0.2973,0.0,1.758,8181.0,12.0,0.812,14.7857,False,True,True,True,False,False,False,0.0,4B_TRAP,False,False,AMBIG,8169.0,spike,38.11,0.42,1.784,-1.312,-1.338,STOP,False,False,False
2026-08-18T19:05:00,CRUDEOIL,2026-08-18,live_candles,oos,CHOP,FAILED_BREAKDOWN,LONG,0.958,2.6,0.5769,0.4231,0.0,0.921,8175.0,5.0,0.307,16.2857,False,False,False,False,True,True,True,2.64,4B_TRAP,False,True,H7_TRAP,8180.0,spike,15.78,1.65,0.0,-2.218,-2.281,STOP,False,False,False
2026-08-18T19:10:00,CRUDEOIL,2026-08-18,live_candles,oos,CHOP,FAILED_BREAKDOWN,SHORT,0.9833,3.4,0.8824,0.1176,0.0,1.66,8153.0,8.0,0.443,18.0714,True,True,False,False,False,True,True,1.162,4B_TRAP,False,True,H7_TRAP,8145.0,spike,35.02,0.51,1.256,-1.428,-1.456,STOP,False,False,False
2026-08-18T19:15:00,CRUDEOIL,2026-08-18,live_candles,oos,CHOP,FAILED_BREAKDOWN,SHORT,0.9339,2.3,0.913,0.087,0.0,1.109,8145.0,13.0,0.687,18.9286,False,False,False,False,True,True,True,1.532,4B_TRAP,False,True,H7_TRAP,8132.0,spike,23.69,0.21,0.084,-1.773,-1.815,STOP,False,False,False
2026-08-18T19:20:00,CRUDEOIL,2026-08-18,live_candles,oos,CHOP,FAILED_BREAKOUT,LONG,1.0,4.4,1.0,0.0,0.0,2.047,8161.0,13.0,0.605,21.5,True,True,False,False,False,True,True,1.442,4B_TRAP,False,True,H7_TRAP,8174.0,early,45.32,0.71,0.0,-1.015,-1.037,STOP,False,False,False
2026-08-18T19:30:00,CRUDEOIL,2026-08-18,live_candles,oos,CHOP,FAILED_BREAKOUT,SHORT,0.9839,3.8,1.0,0.0,0.0,1.637,8169.0,38.0,1.637,23.2143,True,True,True,True,False,False,False,0.0,4B_TRAP,True,False,H1_CONT,8131.0,early,39.14,0.03,0.766,-1.252,-1.277,STOP,False,False,False
2026-08-18T20:20:00,CRUDEOIL,2026-08-18,live_candles,oos,CHOP,FAILED_BREAKOUT,LONG,0.985,3.727,1.0,0.0,0.0,1.852,8158.97,1.03,0.047,22.1429,True,True,False,False,False,True,True,0.495,4X_AMBIG,False,False,H7_TRAP,8160.0,spike,42.23,1.09,1.492,-0.71,-0.71,EOD,False,False,False
2026-08-18T20:25:00,CRUDEOIL,2026-08-18,live_candles,oos,CHOP,FAILED_BREAKOUT,LONG,0.9104,2.0,1.0,0.0,0.0,1.037,8160.0,20.0,0.943,21.2143,False,False,False,False,True,True,True,0.566,4B_TRAP,False,True,H7_TRAP,8180.0,spike,22.66,1.15,0.0,-1.765,-1.809,STOP,False,False,False
2026-08-18T20:30:00,CRUDEOIL,2026-08-18,live_candles,oos,CHOP,FAILED_BREAKDOWN,SHORT,0.963,3.273,0.7222,0.0556,0.2222,1.159,8158.0,10.0,0.446,22.4286,False,True,True,False,False,False,True,0.981,4B_TRAP,False,True,AMBIG,8148.0,early,29.08,0.83,0.206,-1.1,-1.135,STOP,False,False,False
2026-08-18T20:45:00,CRUDEOIL,2026-08-18,live_candles,oos,CHOP,FAILED_BREAKOUT,LONG,0.9783,3.455,1.0,0.0,0.0,1.88,8180.0,0.0,0.0,20.2143,True,False,False,False,False,False,False,0.0,4B_TRAP,False,False,AMBIG,8180.0,spike,39.14,0.66,1.099,-1.022,-1.048,STOP,False,False,False
2026-08-18T22:20:00,CRUDEOIL,2026-08-18,live_candles,oos,CHOP,FAILED_BREAKOUT,SHORT,0.949,2.636,1.0,0.0,0.0,1.961,8148.0,8.0,0.541,14.7857,True,True,False,False,False,True,True,0.271,4X_AMBIG,False,False,H7_TRAP,8140.0,spike,29.87,0.5,0.335,-0.67,0.335,EOD,False,False,False
2026-08-19T10:25:00,CRUDEOIL,2026-08-19,live_candles,oos,CHOP,OPENING_DRIVE,SHORT,1.0,2.667,1.0,0.0,0.0,2.358,8182.0,5.0,0.737,6.7857,False,True,True,True,False,False,False,0.0,4B_TRAP,False,False,AMBIG,8177.0,early,16.48,,0.0,-1.153,-1.214,STOP,False,False,False
2026-08-19T11:00:00,CRUDEOIL,2026-08-19,live_candles,oos,CHOP,OPENING_DRIVE,LONG,0.9565,2.167,1.0,0.0,0.0,2.141,8190.0,1.0,0.165,6.0714,True,False,False,False,True,True,True,0.494,4B_TRAP,False,True,H7_TRAP,8191.0,early,13.39,0.38,2.39,-1.12,-1.195,STOP,True,False,False
2026-08-19T11:30:00,CRUDEOIL,2026-08-19,live_candles,oos,CHOP,OPENING_DRIVE,LONG,1.0,3.429,0.8333,0.0,0.1667,2.059,8208.0,14.0,1.441,9.7143,False,False,False,False,True,True,True,2.368,4B_TRAP,False,True,H7_TRAP,8222.0,spike,24.72,,0.04,-1.173,-1.214,STOP,False,False,False
2026-08-19T11:35:00,CRUDEOIL,2026-08-19,live_candles,oos,CHOP,TRENDING,SHORT,1.0,4.286,0.5667,0.0,0.4333,1.587,8198.0,-8.0,-0.747,10.7143,False,False,False,False,True,True,True,0.467,4A_CONT,False,False,H7_TRAP,8206.0,early,17.9,1.01,3.017,-0.447,2.944,T3,True,True,False
2026-08-19T11:55:00,CRUDEOIL,2026-08-19,live_candles,oos,CHOP,FAILED_BREAKOUT,SHORT,0.9118,1.733,0.0769,0.7692,0.1538,0.075,8181.31,1.31,0.099,13.2857,False,True,False,False,False,True,True,0.88,4B_TRAP,False,True,H7_TRAP,8180.0,early,11.39,0.35,1.317,-1.141,-1.229,STOP,False,False,False
2026-08-19T12:05:00,CRUDEOIL,2026-08-19,live_candles,oos,CHOP,FAILED_BREAKOUT,LONG,0.9444,2.375,1.0,0.0,0.0,1.317,8191.0,2.0,0.139,14.4286,False,False,False,False,True,True,True,0.832,4B_TRAP,False,True,H7_TRAP,8193.0,spike,19.57,0.16,1.073,-1.124,-1.175,STOP,False,False,False
2026-08-19T12:10:00,CRUDEOIL,2026-08-19,live_candles,oos,CHOP,FAILED_BREAKOUT,SHORT,0.9189,2.0,1.0,0.0,0.0,1.093,8180.41,1.41,0.096,14.6429,False,False,False,False,True,True,True,0.655,4B_TRAP,False,True,H7_TRAP,8179.0,spike,16.48,0.85,0.303,-1.699,-1.76,STOP,False,False,False
2026-08-19T12:30:00,CRUDEOIL,2026-08-19,live_candles,oos,CHOP,FAILED_BREAKOUT,LONG,0.9512,2.5,1.0,0.0,0.0,1.308,8193.0,1.0,0.065,15.2857,True,True,False,False,False,False,False,0.0,4B_TRAP,True,False,H1_WEAK,8194.0,spike,20.6,0.09,0.971,-1.117,-1.165,STOP,False,False,False
2026-08-19T12:35:00,CRUDEOIL,2026-08-19,live_candles,oos,CHOP,FAILED_BREAKOUT,LONG,0.9048,2.0,0.2941,0.4706,0.2353,0.312,8195.81,3.19,0.199,16.0,False,False,False,False,True,True,True,0.301,4B_TRAP,False,True,H7_TRAP,8199.0,spike,9.51,2.52,1.577,-2.944,-3.049,STOP,False,False,False
2026-08-19T12:50:00,CRUDEOIL,2026-08-19,live_candles,oos,CHOP,FAILED_BREAKOUT,SHORT,0.9556,2.875,0.9565,0.0435,0.0,1.613,8193.0,2.0,0.147,13.6429,True,True,True,True,False,False,False,0.0,4B_TRAP,True,False,H1_CONT,8191.0,early,23.69,0.46,1.857,-1.182,-1.224,STOP,False,False,False
2026-08-19T12:55:00,CRUDEOIL,2026-08-19,live_candles,oos,CHOP,FAILED_BREAKOUT,SHORT,0.9348,2.353,0.8,0.0,0.2,1.167,8174.0,-1.0,-0.073,13.7143,True,False,False,False,False,False,False,0.0,4B_TRAP,False,False,AMBIG,8175.0,spike,16.6,0.06,1.687,-2.651,-2.711,STOP,False,False,False
2026-08-19T14:25:00,CRUDEOIL,2026-08-19,live_candles,oos,CHOP,FAILED_BREAKOUT,LONG,1.0,4.25,0.9118,0.0882,0.0,2.568,8195.29,20.71,1.716,12.0714,False,True,True,True,False,False,False,0.0,4B_TRAP,False,False,AMBIG,8216.0,early,32.02,0.22,1.343,-1.124,-1.156,STOP,False,False,False
2026-08-19T14:35:00,CRUDEOIL,2026-08-19,live_candles,oos,CHOP,FAILED_BREAKDOWN,LONG,0.9545,2.824,0.9583,0.0,0.0417,1.512,8236.0,2.0,0.131,15.2143,False,True,True,False,False,False,True,0.723,4B_TRAP,False,True,AMBIG,8238.0,early,24.72,,0.85,-1.659,-1.699,STOP,False,False,False
2026-08-19T14:50:00,CRUDEOIL,2026-08-19,live_candles,oos,CHOP,TRENDING,SHORT,0.971,3.111,1.0,0.0,0.0,1.496,8245.0,20.0,1.069,18.7143,True,True,True,True,False,False,False,0.0,4A_CONT,True,False,H1_CONT,8225.0,early,28.84,1.69,5.166,-0.832,2.965,T3,True,True,True
2026-08-19T15:00:00,CRUDEOIL,2026-08-19,live_candles,oos,CHOP,FAILED_BREAKOUT,SHORT,0.9155,2.556,0.8696,0.0,0.1304,1.045,8220.0,20.0,1.045,19.1429,False,True,False,False,False,True,True,0.104,4B_TRAP,False,True,H7_TRAP,8200.0,early,20.69,1.15,0.242,-1.063,-1.112,STOP,False,False,False
2026-08-19T15:15:00,CRUDEOIL,2026-08-19,live_candles,oos,CHOP,FAILED_BREAKOUT,SHORT,0.9459,2.6,1.0,0.0,0.0,1.3,8211.0,11.0,0.55,20.0,False,False,False,False,True,True,True,0.8,4B_TRAP,False,True,H7_TRAP,8200.0,spike,26.78,0.19,0.0,-1.008,-1.046,STOP,False,False,False
2026-08-19T18:00:00,CRUDEOIL,2026-08-19,live_candles,oos,CHOP,FAILED_BREAKOUT,SHORT,0.9533,2.4,1.0,0.0,0.0,1.867,8147.0,7.0,0.544,12.8571,True,True,True,True,False,False,False,0.0,4B_TRAP,True,False,H1_CONT,8140.0,early,24.72,,2.791,-1.052,-1.092,STOP,True,False,False
2026-08-19T18:05:00,CRUDEOIL,2026-08-19,live_candles,oos,CHOP,FAILED_BREAKOUT,SHORT,1.0,6.5,0.9385,0.0615,0.0,3.558,8140.0,64.0,3.733,17.1429,False,True,True,True,False,False,False,0.0,4B_TRAP,False,False,AMBIG,8076.0,early,66.95,,0.075,-1.255,-1.27,STOP,False,False,False
2026-08-19T18:25:00,CRUDEOIL,2026-08-19,live_candles,oos,CHOP,TRENDING,LONG,0.9107,2.3,1.0,0.0,0.0,1.142,8110.0,4.0,0.199,20.1429,True,True,True,True,False,False,False,0.0,4A_CONT,True,False,H1_CONT,8114.0,early,23.69,0.3,3.124,0.0,2.958,T3,True,True,False
2026-08-19T18:30:00,CRUDEOIL,2026-08-19,live_candles,oos,CHOP,FAILED_BREAKOUT,LONG,0.9735,3.2,1.0,0.0,0.0,1.422,8121.0,39.0,1.733,22.5,False,True,True,True,False,False,False,0.0,4A_CONT,False,False,AMBIG,8160.0,early,32.96,1.87,3.337,-0.698,2.97,T3,True,True,False
2026-08-19T18:35:00,CRUDEOIL,2026-08-19,live_candles,oos,CHOP,FAILED_BREAKOUT,SHORT,0.9561,2.9,0.5517,0.0,0.4483,0.683,8178.71,28.71,1.225,23.4286,True,True,True,True,False,False,False,0.0,4B_TRAP,True,False,H1_CONT,8150.0,early,16.87,3.5,0.652,-1.304,-1.363,STOP,False,False,False
2026-08-19T18:50:00,CRUDEOIL,2026-08-19,live_candles,oos,CHOP,FAILED_BREAKOUT,LONG,0.9658,3.1,1.0,0.0,0.0,1.233,8166.0,6.0,0.239,25.1429,False,False,False,False,True,True,True,0.358,4A_CONT,False,False,H7_TRAP,8172.0,spike,31.93,1.56,3.069,-0.595,2.969,T3,True,True,False
2026-08-19T19:35:00,CRUDEOIL,2026-08-19,live_candles,oos,CHOP,FAILED_BREAKOUT,LONG,0.9841,3.9,0.6923,0.3077,0.0,1.355,8190.0,3.0,0.151,19.9286,True,True,True,True,False,False,False,0.0,4A_CONT,True,False,H1_CONT,8193.0,spike,28.17,1.16,3.053,-0.213,2.965,T3,True,True,False
2026-08-19T20:10:00,CRUDEOIL,2026-08-19,live_candles,oos,CHOP,FAILED_BREAKDOWN,SHORT,0.9474,2.636,0.3103,0.6897,0.0,0.529,8216.0,-8.0,-0.471,17.0,False,False,False,False,True,True,True,1.235,4B_TRAP,False,True,H7_TRAP,8224.0,spike,20.87,1.29,0.335,-1.15,-1.198,STOP,False,False,False
2026-08-19T21:30:00,CRUDEOIL,2026-08-19,live_candles,oos,CHOP,FAILED_BREAKDOWN,LONG,0.9262,2.455,0.4815,0.5185,0.0,1.011,8284.0,0.0,0.0,12.8571,True,False,False,False,False,False,False,0.0,4A_CONT,False,False,AMBIG,8284.0,early,13.81,,3.548,-0.29,2.928,T3,True,True,False
2026-08-19T23:10:00,CRUDEOIL,2026-08-19,live_candles,oos,CHOP,FAILED_BREAKDOWN,SHORT,0.9763,2.909,0.9375,0.0,0.0625,1.795,8283.0,21.0,1.256,16.7143,False,False,False,False,False,False,False,0.0,4X_AMBIG,False,False,AMBIG,8262.0,spike,30.96,3.27,0.0,-0.775,-0.484,EOD,False,False,False
2026-08-20T10:15:00,CRUDEOIL,2026-08-20,live_candles,oos,TREND_UP,TRENDING,SHORT,1.0,2.5,0.9333,0.0,0.0667,2.021,8099.33,6.33,0.914,6.9286,True,True,True,True,False,False,False,0.0,4B_TRAP,True,False,H1_CONT,8093.0,early,14.45,0.83,0.692,-1.315,-1.384,STOP,False,False,False
2026-08-20T11:25:00,CRUDEOIL,2026-08-20,live_candles,oos,TREND_UP,TRENDING,SHORT,0.931,1.714,0.8333,0.1667,0.0,1.138,8108.0,8.0,0.911,8.7857,False,True,True,True,False,False,False,0.0,4B_TRAP,False,False,AMBIG,8100.0,early,12.36,0.59,0.566,-1.456,-1.537,STOP,False,False,False
2026-08-20T11:45:00,CRUDEOIL,2026-08-20,live_candles,oos,TREND_UP,TRENDING,LONG,0.9394,1.857,0.5385,0.0,0.4615,0.726,8106.05,1.95,0.202,9.6429,True,True,True,True,False,False,False,0.0,4A_CONT,False,False,H1_WEAK,8108.0,spike,13.39,0.75,3.958,-0.299,2.925,T3,True,True,False
2026-08-20T12:05:00,CRUDEOIL,2026-08-20,live_candles,oos,TREND_UP,TRENDING,LONG,1.0,2.286,1.0,0.0,0.0,1.623,8118.0,7.0,0.71,9.8571,False,True,True,True,False,False,False,0.0,4A_CONT,False,False,AMBIG,8125.0,early,16.48,,3.701,-0.182,2.939,T3,True,True,False
2026-08-20T12:30:00,CRUDEOIL,2026-08-20,live_candles,oos,TREND_UP,TRENDING,LONG,1.0,2.286,0.5625,0.1875,0.25,0.887,8138.0,20.0,1.972,10.1429,False,True,True,True,False,False,False,0.0,4A_CONT,False,False,AMBIG,8158.0,early,13.48,,3.042,-0.668,2.926,T3,True,True,False
2026-08-20T12:40:00,CRUDEOIL,2026-08-20,live_candles,oos,TREND_UP,TRENDING,LONG,1.0,2.286,0.125,0.1875,0.6875,0.2,8161.0,1.0,0.1,10.0,True,True,True,True,False,False,False,0.0,4A_CONT,False,False,H1_WEAK,8162.0,spike,13.48,,4.599,-0.074,2.926,T3,True,True,False
2026-08-20T12:45:00,CRUDEOIL,2026-08-20,live_candles,oos,TREND_UP,TRENDING,LONG,1.0,3.571,1.0,0.0,0.0,2.215,8165.0,21.0,1.861,11.2857,True,True,True,True,False,False,False,0.0,4A_CONT,True,False,H1_CONT,8186.0,early,25.75,,3.456,-0.388,2.961,T3,True,True,False
2026-08-20T13:30:00,CRUDEOIL,2026-08-20,live_candles,oos,TREND_UP,TRENDING,SHORT,0.9815,2.8,0.7143,0.0,0.2857,1.0,8204.0,22.0,1.467,15.0,False,True,True,False,False,False,True,2.333,4B_TRAP,False,True,AMBIG,8182.0,early,15.63,6.18,0.0,-1.216,-1.28,STOP,False,False,False
2026-08-20T13:45:00,CRUDEOIL,2026-08-20,live_candles,oos,TREND_UP,TRENDING,LONG,1.0,4.5,1.0,0.0,0.0,2.109,8224.0,15.0,0.879,17.0714,True,True,True,True,False,False,False,0.0,4A_CONT,True,False,H1_CONT,8239.0,spike,37.08,,3.236,-0.485,2.973,T3,True,True,False
2026-08-20T13:50:00,CRUDEOIL,2026-08-20,live_candles,oos,TREND_UP,TRENDING,LONG,0.9655,2.625,0.6667,0.0,0.3333,0.803,8239.0,3.0,0.172,17.4286,True,True,True,True,False,False,False,0.0,4A_CONT,True,False,H1_CONT,8242.0,spike,21.63,,3.375,-0.139,2.954,T3,True,True,False
2026-08-20T13:55:00,CRUDEOIL,2026-08-20,live_candles,oos,TREND_UP,TRENDING,LONG,0.9661,2.625,0.8571,0.0,0.1429,1.05,8242.0,18.0,1.05,17.1429,False,True,True,True,False,False,False,0.0,4A_CONT,False,False,AMBIG,8260.0,early,21.63,,3.19,-0.092,2.954,T3,True,True,False
2026-08-20T14:40:00,CRUDEOIL,2026-08-20,live_candles,oos,TREND_UP,TRENDING,LONG,0.9254,2.25,0.8333,0.1667,0.0,0.995,8285.0,9.0,0.597,15.0714,False,True,True,True,False,False,False,0.0,4B_TRAP,False,False,AMBIG,8294.0,spike,15.54,,0.386,-1.158,-1.223,STOP,False,False,False
2026-08-20T15:05:00,CRUDEOIL,2026-08-20,live_candles,oos,TREND_UP,TRENDING,SHORT,0.9306,2.25,0.5,0.3889,0.1111,0.759,8283.0,5.0,0.422,11.8571,True,True,False,False,False,True,True,2.108,4B_TRAP,False,True,H7_TRAP,8278.0,spike,16.54,11.77,0.605,-2.237,-2.297,STOP,False,False,False
2026-08-20T15:10:00,CRUDEOIL,2026-08-20,live_candles,oos,TREND_UP,TRENDING,SHORT,0.9315,2.25,0.5556,0.4444,0.0,0.828,8276.0,8.0,0.663,12.0714,False,False,False,False,True,True,True,3.479,4B_TRAP,False,True,H7_TRAP,8268.0,spike,18.54,9.96,0.0,-1.241,-1.294,STOP,False,False,False
2026-08-20T15:15:00,CRUDEOIL,2026-08-20,live_candles,oos,TREND_UP,TRENDING,LONG,0.973,2.471,1.0,0.0,0.0,1.642,8286.0,5.0,0.391,12.7857,True,True,True,True,False,False,False,0.0,4A_CONT,True,False,H1_CONT,8291.0,early,21.63,0.42,3.144,-0.231,2.954,T3,True,True,False
2026-08-20T15:20:00,CRUDEOIL,2026-08-20,live_candles,oos,TREND_UP,TRENDING,LONG,0.92,2.111,0.5789,0.3684,0.0526,0.806,8300.0,8.0,0.586,13.6429,True,True,False,False,False,True,True,0.293,4B_TRAP,False,True,H7_TRAP,8308.0,early,12.57,,1.034,-1.034,-1.114,STOP,False,False,False
2026-08-20T15:30:00,CRUDEOIL,2026-08-20,live_candles,oos,TREND_UP,TRENDING,SHORT,0.974,2.556,0.8696,0.087,0.0435,1.373,8314.0,18.0,1.235,14.5714,False,True,True,True,False,False,False,0.0,4B_TRAP,False,False,AMBIG,8296.0,early,22.69,1.23,0.441,-1.014,-1.058,STOP,False,False,False
2026-08-20T17:40:00,CRUDEOIL,2026-08-20,live_candles,oos,TREND_UP,TRENDING,LONG,0.932,2.222,1.0,0.0,0.0,2.044,8369.0,14.0,1.431,9.7857,True,True,True,True,False,False,False,0.0,4B_TRAP,True,False,H1_CONT,8383.0,early,20.6,,0.825,-2.087,-2.136,STOP,False,False,False
2026-08-20T17:50:00,CRUDEOIL,2026-08-20,live_candles,oos,TREND_UP,TRENDING,SHORT,0.9714,2.333,1.0,0.0,0.0,1.922,8384.0,5.0,0.458,10.9286,False,False,False,False,True,True,True,0.915,4A_CONT,False,False,H7_TRAP,8379.0,spike,21.63,1.8,3.098,-0.693,2.954,T3,True,True,False
2026-08-20T18:10:00,CRUDEOIL,2026-08-20,live_candles,oos,TREND_UP,TRENDING,SHORT,0.9907,3.444,0.6452,0.0,0.3548,1.421,8377.0,26.0,1.848,14.0714,True,True,True,True,False,False,False,0.0,4A_CONT,True,False,H1_CONT,8351.0,early,20.93,12.74,3.01,0.0,2.952,T3,True,True,False
2026-08-20T18:25:00,CRUDEOIL,2026-08-20,live_candles,oos,TREND_UP,TRENDING,SHORT,0.9009,2.0,1.0,0.0,0.0,1.151,8315.0,3.0,0.192,15.6429,True,False,False,False,True,True,True,0.192,4B_TRAP,False,True,H7_TRAP,8312.0,early,18.54,12.28,1.564,-1.294,-1.348,STOP,False,False,False
2026-08-20T19:00:00,CRUDEOIL,2026-08-20,live_candles,oos,TREND_UP,TRENDING,LONG,0.9237,2.222,0.75,0.25,0.0,0.817,8330.0,1.0,0.054,18.3571,False,False,False,False,True,True,True,2.887,4B_TRAP,False,True,H7_TRAP,8331.0,spike,15.6,4.42,0.0,-1.795,-1.859,STOP,False,False,False
2026-08-20T19:30:00,CRUDEOIL,2026-08-20,live_candles,oos,TREND_UP,TRENDING,LONG,0.9032,2.111,0.5263,0.0,0.4737,0.553,8303.64,3.36,0.186,18.0714,True,True,False,False,False,True,True,2.526,4B_TRAP,False,True,H7_TRAP,8307.0,early,19.57,1.48,0.664,-2.504,-2.555,STOP,False,False,False
2026-08-20T19:40:00,CRUDEOIL,2026-08-20,live_candles,oos,TREND_UP,TRENDING,SHORT,0.9683,2.444,0.4091,0.5,0.0909,0.485,8308.0,18.0,0.969,18.5714,True,True,True,True,False,False,False,0.0,4A_CONT,False,False,H1_WEAK,8290.0,early,20.66,0.63,3.195,0.0,2.952,T3,True,True,False
2026-08-20T19:45:00,CRUDEOIL,2026-08-20,live_candles,oos,TREND_UP,TRENDING,SHORT,0.9921,3.444,1.0,0.0,0.0,1.584,8277.0,19.0,0.971,19.5714,True,True,True,True,False,False,False,0.0,4B_TRAP,True,False,H1_CONT,8258.0,early,31.93,5.44,1.065,-1.284,-1.315,STOP,False,False,False
2026-08-20T19:50:00,CRUDEOIL,2026-08-20,live_candles,oos,TREND_UP,TRENDING,SHORT,1.0,4.0,1.0,0.0,0.0,1.762,8258.0,34.0,1.576,21.5714,False,True,True,True,False,False,False,0.0,4B_TRAP,False,False,AMBIG,8224.0,early,39.14,3.57,0.0,-1.073,-1.099,STOP,False,False,False
2026-08-20T20:10:00,CRUDEOIL,2026-08-20,live_candles,oos,TREND_UP,FAILED_BREAKOUT,LONG,0.9697,2.6,0.7692,0.2308,0.0,0.933,8256.0,4.0,0.187,21.4286,True,True,False,False,False,True,True,0.467,4B_TRAP,False,True,H7_TRAP,8260.0,spike,20.78,2.1,0.962,-1.059,-1.107,STOP,False,False,False
2026-08-20T20:40:00,CRUDEOIL,2026-08-20,live_candles,oos,TREND_UP,TRENDING,LONG,0.9928,3.7,0.6486,0.3514,0.0,1.105,8272.0,-10.0,-0.461,21.7143,False,False,False,False,False,False,False,0.0,4A_CONT,False,False,AMBIG,8262.0,early,25.11,0.4,2.429,-0.836,1.513,EOD,True,False,False
2026-08-20T21:00:00,CRUDEOIL,2026-08-20,live_candles,oos,TREND_UP,TRENDING,LONG,0.9366,2.1,0.9048,0.0952,0.0,1.027,8299.0,5.0,0.27,18.5,True,True,True,True,False,False,False,0.0,4B_TRAP,True,False,H1_CONT,8304.0,early,19.63,4.89,0.968,-1.375,-1.426,STOP,False,False,False
2026-08-20T21:35:00,CRUDEOIL,2026-08-20,live_candles,oos,TREND_UP,TRENDING,LONG,0.9664,2.8,0.9286,0.0714,0.0,1.517,8295.0,20.0,1.167,17.1429,False,True,True,True,False,False,False,0.0,4B_TRAP,False,False,AMBIG,8315.0,early,26.84,0.3,0.0,-1.08,-1.118,STOP,False,False,False
2026-08-20T21:55:00,CRUDEOIL,2026-08-20,live_candles,oos,TREND_UP,TRENDING,SHORT,0.9346,2.1,1.0,0.0,0.0,1.463,8298.0,8.0,0.557,14.3571,True,True,True,True,False,False,False,0.0,4B_TRAP,True,False,H1_CONT,8290.0,spike,21.63,0.6,2.265,-1.202,-1.248,STOP,True,False,False
2026-08-20T22:00:00,CRUDEOIL,2026-08-20,live_candles,oos,TREND_UP,TRENDING,SHORT,0.9545,2.5,0.64,0.36,0.0,1.052,8290.0,4.0,0.263,15.2143,False,False,False,False,True,True,True,0.066,4B_TRAP,False,True,H7_TRAP,8286.0,early,25.75,0.35,1.748,-1.165,-1.204,STOP,False,False,False
2026-08-20T22:35:00,CRUDEOIL,2026-08-20,live_candles,oos,TREND_UP,TRENDING,LONG,0.9441,2.3,0.8261,0.1304,0.0435,1.231,8257.0,14.0,0.907,15.4286,True,True,True,True,False,False,False,0.0,4A_CONT,True,False,H1_CONT,8271.0,early,20.69,1.93,2.175,-0.193,1.402,EOD,True,False,False
2026-08-21T10:10:00,CRUDEOIL,2026-08-21,live_candles,oos,TREND_UP,TRENDING,SHORT,0.9286,1.385,1.0,0.0,0.0,1.273,8291.0,3.0,0.424,7.0714,True,True,True,True,False,False,False,0.0,4A_CONT,True,False,H1_CONT,8288.0,early,9.27,0.43,3.128,-0.108,2.892,T3,True,True,False
2026-08-21T10:25:00,CRUDEOIL,2026-08-21,live_candles,oos,TREND_UP,OPENING_DRIVE,SHORT,1.0,1.714,1.0,0.0,0.0,1.647,8276.0,11.0,1.51,7.2857,True,True,True,True,False,False,False,0.0,4B_TRAP,True,False,H1_CONT,8265.0,early,12.36,,0.728,-2.184,-2.265,STOP,False,False,False
2026-08-21T10:55:00,CRUDEOIL,2026-08-21,live_candles,oos,TREND_UP,FAILED_BREAKOUT,LONG,1.0,2.571,1.0,0.0,0.0,2.312,8276.0,16.0,2.055,7.7857,False,True,True,True,False,False,False,0.0,4B_TRAP,False,False,AMBIG,8292.0,early,18.54,0.27,0.108,-1.78,-1.834,STOP,False,False,False
2026-08-21T11:20:00,CRUDEOIL,2026-08-21,live_candles,oos,TREND_UP,FAILED_BREAKOUT,SHORT,0.9286,1.714,0.5833,0.4167,0.0,0.726,8279.0,4.0,0.415,9.6429,True,True,True,True,False,False,False,0.0,4B_TRAP,True,False,H1_CONT,8275.0,early,12.36,1.54,1.537,-1.375,-1.456,STOP,False,False,False
2026-08-21T11:30:00,CRUDEOIL,2026-08-21,live_candles,oos,TREND_UP,FAILED_BREAKOUT,LONG,0.9667,2.143,0.8,0.2,0.0,1.098,8266.0,2.0,0.183,10.9286,False,False,False,False,True,True,True,0.366,4A_CONT,False,False,H7_TRAP,8268.0,spike,12.45,1.69,3.213,-0.964,2.92,T3,True,True,False
2026-08-21T11:40:00,CRUDEOIL,2026-08-21,live_candles,oos,TREND_UP,FAILED_BREAKOUT,SHORT,1.0,2.571,0.0556,0.4444,0.5,0.086,8262.0,-6.0,-0.519,11.5714,False,False,False,False,True,True,True,1.642,4B_TRAP,False,True,H7_TRAP,8268.0,spike,9.54,1.26,0.524,-1.782,-1.887,STOP,False,False,False
2026-08-21T11:55:00,CRUDEOIL,2026-08-21,live_candles,oos,TREND_UP,FAILED_BREAKOUT,LONG,0.9429,2.143,0.7333,0.2667,0.0,0.957,8277.0,4.0,0.348,11.5,False,True,False,False,False,False,False,0.0,4B_TRAP,False,False,AMBIG,8281.0,spike,11.45,1.7,0.961,-2.183,-2.271,STOP,False,False,False
2026-08-21T12:30:00,CRUDEOIL,2026-08-21,live_candles,oos,TREND_UP,FAILED_BREAKOUT,SHORT,1.0,3.467,1.0,0.0,0.0,2.0,8256.0,0.0,0.0,13.0,False,False,False,False,True,True,True,1.462,4B_TRAP,False,True,H7_TRAP,8256.0,spike,26.78,,0.0,-1.046,-1.083,STOP,False,False,False
2026-08-21T12:40:00,CRUDEOIL,2026-08-21,live_candles,oos,TREND_UP,FAILED_BREAKOUT,SHORT,0.9773,2.5,0.85,0.15,0.0,1.24,8273.5,9.5,0.693,13.7143,False,False,False,False,True,True,True,0.182,4B_TRAP,False,True,H7_TRAP,8264.0,early,20.6,0.39,0.194,-1.117,-1.165,STOP,False,False,False
2026-08-21T13:15:00,CRUDEOIL,2026-08-21,live_candles,oos,TREND_UP,FAILED_BREAKOUT,SHORT,0.9804,2.556,0.7391,0.0,0.2609,1.097,8263.5,-2.5,-0.161,15.5,False,False,False,False,True,True,True,2.484,4B_TRAP,False,True,H7_TRAP,8266.0,spike,17.69,0.14,0.057,-1.187,-1.244,STOP,False,False,False
2026-08-21T13:30:00,CRUDEOIL,2026-08-21,live_candles,oos,TREND_UP,FAILED_BREAKOUT,LONG,1.0,3.0,0.7778,0.2222,0.0,1.318,8304.0,-2.0,-0.126,15.9286,True,False,False,False,False,True,True,1.821,4B_TRAP,False,True,H7_TRAP,8302.0,spike,21.81,0.09,0.734,-1.238,-1.284,STOP,False,False,False
2026-08-21T13:35:00,CRUDEOIL,2026-08-21,live_candles,oos,TREND_UP,FAILED_BREAKDOWN,LONG,0.9455,2.222,0.8,0.2,0.0,0.97,8308.0,6.0,0.364,16.5,False,False,False,False,True,True,True,2.242,4B_TRAP,False,True,H7_TRAP,8314.0,spike,16.6,,0.0,-1.205,-1.265,STOP,False,False,False
2026-08-21T13:45:00,CRUDEOIL,2026-08-21,live_candles,oos,TREND_UP,FAILED_BREAKDOWN,SHORT,0.9649,2.778,0.84,0.16,0.0,1.284,8294.0,19.0,1.162,16.3571,True,True,True,True,False,False,False,0.0,4B_TRAP,True,False,H1_CONT,8275.0,early,25.75,0.21,1.903,-2.291,-2.33,STOP,False,False,False
2026-08-21T14:00:00,CRUDEOIL,2026-08-21,live_candles,oos,TREND_UP,FAILED_BREAKOUT,LONG,0.9333,2.444,1.0,0.0,0.0,1.3,8266.0,9.0,0.532,16.9286,True,False,False,False,True,True,True,0.886,4B_TRAP,False,True,H7_TRAP,8275.0,spike,22.66,0.7,0.0,-1.412,-1.456,STOP,False,False,False
2026-08-21T14:10:00,CRUDEOIL,2026-08-21,live_candles,oos,TREND_UP,FAILED_BREAKOUT,SHORT,0.9516,2.556,0.6522,0.0,0.3478,0.805,8251.0,0.0,0.0,18.6429,True,False,False,False,True,True,True,0.215,4B_TRAP,False,True,H7_TRAP,8251.0,spike,15.69,,1.593,-1.02,-1.083,STOP,False,False,False
2026-08-21T15:30:00,CRUDEOIL,2026-08-21,live_candles,oos,TREND_UP,FAILED_BREAKOUT,LONG,1.0,3.778,1.0,0.0,0.0,2.368,8318.0,16.0,1.114,14.3571,True,True,True,True,False,False,False,0.0,4B_TRAP,True,False,H1_CONT,8334.0,early,35.02,,1.285,-1.028,-1.057,STOP,False,False,False
2026-08-21T15:35:00,CRUDEOIL,2026-08-21,live_candles,oos,TREND_UP,TRENDING,LONG,0.9873,3.111,1.0,0.0,0.0,1.832,8334.0,29.0,1.897,15.2857,True,True,True,True,False,False,False,0.0,4B_TRAP,True,False,H1_CONT,8363.0,early,28.84,,0.555,-1.907,-1.942,STOP,False,False,False
2026-08-21T15:45:00,CRUDEOIL,2026-08-21,live_candles,oos,TREND_UP,TRENDING,LONG,0.9383,2.3,0.3913,0.0,0.6087,0.555,8299.0,61.0,3.762,16.2143,False,True,True,True,False,False,False,0.0,4B_TRAP,False,False,AMBIG,8360.0,early,14.69,1.29,0.136,-1.293,-1.361,STOP,False,False,False
2026-08-21T15:55:00,CRUDEOIL,2026-08-21,live_candles,oos,TREND_UP,FAILED_BREAKDOWN,SHORT,1.0,3.4,1.0,0.0,0.0,1.881,8341.0,33.0,1.826,18.0714,False,True,True,True,False,False,False,0.0,4B_TRAP,False,False,AMBIG,8308.0,early,35.02,0.69,0.0,-1.085,-1.114,STOP,False,False,False
2026-08-21T16:50:00,CRUDEOIL,2026-08-21,live_candles,oos,TREND_UP,FAILED_BREAKDOWN,SHORT,1.0,4.455,1.0,0.0,0.0,2.733,8344.0,46.0,2.566,17.9286,True,True,True,True,False,False,False,0.0,4B_TRAP,True,False,H1_CONT,8298.0,early,50.47,0.76,0.872,-1.209,-1.228,STOP,False,False,False
2026-08-21T17:50:00,CRUDEOIL,2026-08-21,live_candles,oos,TREND_UP,FAILED_BREAKDOWN,LONG,0.934,2.182,0.7917,0.2083,0.0,1.0,8345.0,9.0,0.474,19.0,False,False,False,False,True,True,True,1.0,4B_TRAP,False,True,H7_TRAP,8354.0,spike,19.72,1.27,0.0,-1.369,-1.42,STOP,False,False,False
2026-08-21T18:35:00,CRUDEOIL,2026-08-21,live_candles,oos,TREND_UP,FAILED_BREAKOUT,LONG,0.9391,2.182,0.75,0.25,0.0,0.996,8311.0,11.0,0.609,18.0714,False,False,False,False,True,True,True,0.055,4B_TRAP,False,True,H7_TRAP,8322.0,spike,18.72,1.34,0.908,-1.442,-1.496,STOP,False,False,False
2026-08-21T18:50:00,CRUDEOIL,2026-08-21,live_candles,oos,TREND_UP,FAILED_BREAKOUT,LONG,0.9153,2.0,0.4348,0.2609,0.3043,0.5,8328.0,-4.0,-0.2,20.0,True,False,False,False,False,True,True,0.4,4B_TRAP,False,True,H7_TRAP,8324.0,spike,17.69,0.23,0.848,-1.639,-1.696,STOP,False,False,False
2026-08-21T19:00:00,CRUDEOIL,2026-08-21,live_candles,oos,TREND_UP,FAILED_BREAKOUT,SHORT,0.9417,2.174,0.36,0.64,0.0,0.453,8320.0,0.0,0.0,19.8571,True,False,False,False,True,True,True,0.05,4B_TRAP,False,True,H7_TRAP,8320.0,spike,16.75,0.78,0.0,-1.134,-1.194,STOP,False,False,False
2026-08-21T19:45:00,CRUDEOIL,2026-08-21,live_candles,oos,TREND_UP,FAILED_BREAKOUT,SHORT,0.9457,2.083,1.0,0.0,0.0,1.489,8271.0,0.0,0.0,16.7857,False,False,False,False,True,True,True,1.906,4B_TRAP,False,True,H7_TRAP,8271.0,spike,25.75,0.7,0.0,-1.32,-1.359,STOP,False,False,False
2026-08-21T20:00:00,CRUDEOIL,2026-08-21,live_candles,oos,TREND_UP,FAILED_BREAKOUT,LONG,0.9545,2.167,0.9231,0.0769,0.0,1.541,8296.0,7.0,0.45,15.5714,False,False,False,False,True,True,True,1.028,4B_TRAP,False,True,H7_TRAP,8303.0,spike,24.78,0.43,0.404,-1.251,-1.291,STOP,False,False,False
2026-08-21T20:20:00,CRUDEOIL,2026-08-21,live_candles,oos,TREND_UP,FAILED_BREAKOUT,LONG,0.9118,2.0,0.625,0.0833,0.2917,0.894,8289.0,8.0,0.477,16.7857,True,True,False,False,False,True,True,1.251,4B_TRAP,False,True,H7_TRAP,8297.0,early,22.72,0.7,0.132,-1.276,-1.32,STOP,False,False,False
2026-08-21T20:40:00,CRUDEOIL,2026-08-21,live_candles,oos,TREND_UP,FAILED_BREAKOUT,LONG,0.9786,2.417,1.0,0.0,0.0,1.568,8276.0,22.0,1.189,18.5,True,True,True,True,False,False,False,0.0,4A_CONT,True,False,H1_CONT,8298.0,early,29.87,0.07,2.31,-0.636,2.21,EOD,True,False,False
2026-08-21T20:55:00,CRUDEOIL,2026-08-21,live_candles,oos,TREND_UP,FAILED_BREAKOUT,SHORT,0.9091,2.0,0.9167,0.0833,0.0,1.141,8305.0,25.0,1.296,19.2857,False,True,False,False,False,True,True,0.674,4B_TRAP,False,True,H7_TRAP,8280.0,spike,24.72,0.89,0.04,-1.052,-1.092,STOP,False,False,False
2026-08-21T21:00:00,CRUDEOIL,2026-08-21,live_candles,oos,TREND_UP,FAILED_BREAKOUT,LONG,0.9514,2.25,0.6296,0.2222,0.1481,0.841,8304.0,-4.0,-0.198,20.2143,True,False,False,False,False,False,False,0.0,4A_CONT,False,False,AMBIG,8300.0,spike,21.81,0.48,3.072,-0.459,2.954,T3,True,True,False
2026-08-21T21:50:00,CRUDEOIL,2026-08-21,live_candles,oos,TREND_UP,FAILED_BREAKOUT,LONG,0.9545,2.25,1.0,0.0,0.0,1.791,8316.84,0.16,0.011,15.0714,True,False,False,False,True,True,True,1.449,4X_AMBIG,False,False,H7_TRAP,8317.0,early,27.81,0.29,1.798,-0.863,1.69,EOD,False,False,False
2026-08-24T10:05:00,CRUDEOIL,2026-08-24,live_candles,oos,TREND_DOWN,TRENDING,LONG,1.0,2.4,0.4167,0.0,0.5833,0.787,8209.0,2.0,0.315,6.3571,False,False,False,False,True,True,True,0.629,4B_TRAP,False,True,H7_TRAP,8211.0,spike,12.36,0.65,0.89,-1.294,-1.375,STOP,False,False,False
2026-08-24T11:00:00,CRUDEOIL,2026-08-24,live_candles,oos,TREND_DOWN,TRENDING,LONG,1.0,2.667,0.625,0.375,0.0,1.217,8211.0,-6.0,-0.73,8.2143,True,False,False,False,True,True,True,0.487,4B_TRAP,False,True,H7_TRAP,8205.0,early,10.48,0.57,1.431,-2.195,-2.29,STOP,False,False,False
2026-08-24T11:25:00,CRUDEOIL,2026-08-24,live_candles,oos,TREND_DOWN,OPENING_DRIVE,SHORT,0.931,1.833,0.9091,0.0909,0.0,1.186,8212.0,8.0,0.949,8.4286,True,True,True,True,False,False,False,0.0,4A_CONT,True,False,H1_CONT,8204.0,early,11.33,0.12,3.177,-0.53,2.912,T3,True,True,False
2026-08-24T11:30:00,CRUDEOIL,2026-08-24,live_candles,oos,TREND_DOWN,TRENDING,SHORT,0.9667,2.0,0.5833,0.4167,0.0,0.824,8201.0,3.0,0.353,8.5,False,True,True,True,False,False,False,0.0,4A_CONT,False,False,AMBIG,8198.0,early,12.36,0.24,3.398,0.0,2.919,T3,True,True,False
2026-08-24T11:40:00,CRUDEOIL,2026-08-24,live_candles,oos,TREND_DOWN,TRENDING,SHORT,0.9375,2.167,1.0,0.0,0.0,1.309,8182.0,3.0,0.302,9.9286,False,True,True,False,False,False,True,0.806,4B_TRAP,False,True,AMBIG,8179.0,early,13.39,,0.597,-1.046,-1.12,STOP,False,False,False
2026-08-24T11:55:00,CRUDEOIL,2026-08-24,live_candles,oos,TREND_DOWN,TRENDING,LONG,0.9429,2.0,0.7857,0.2143,0.0,1.055,8186.0,4.0,0.384,10.4286,False,False,False,False,True,True,True,1.151,4B_TRAP,False,True,H7_TRAP,8190.0,spike,11.42,1.98,0.438,-1.576,-1.664,STOP,False,False,False
2026-08-24T12:00:00,CRUDEOIL,2026-08-24,live_candles,oos,TREND_DOWN,TRENDING,SHORT,1.0,3.286,0.7826,0.0,0.2174,1.565,8179.0,2.0,0.174,11.5,True,True,True,False,False,False,True,0.348,4B_TRAP,True,True,H1_CONT,8177.0,early,18.69,0.32,1.177,-1.926,-1.98,STOP,False,False,False
2026-08-24T12:55:00,CRUDEOIL,2026-08-24,live_candles,oos,TREND_DOWN,TRENDING,LONG,0.9348,1.867,1.0,0.0,0.0,1.298,8173.0,9.0,0.834,10.7857,False,False,False,False,True,True,True,0.834,4B_TRAP,False,True,H7_TRAP,8182.0,spike,14.42,2.63,0.0,-1.595,-1.664,STOP,False,False,False
2026-08-24T13:00:00,CRUDEOIL,2026-08-24,live_candles,oos,TREND_DOWN,TRENDING,SHORT,0.9787,2.625,0.7619,0.0,0.2381,1.341,8160.0,-4.0,-0.335,11.9286,False,False,False,False,True,True,True,5.03,4B_TRAP,False,True,H7_TRAP,8164.0,spike,16.63,0.24,0.421,-2.946,-3.007,STOP,False,False,False
2026-08-24T13:10:00,CRUDEOIL,2026-08-24,live_candles,oos,TREND_DOWN,TRENDING,LONG,1.0,4.375,0.7429,0.2571,0.0,1.957,8182.0,22.0,1.656,13.2857,True,True,True,True,False,False,False,0.0,4B_TRAP,True,False,H1_CONT,8204.0,early,27.05,0.59,0.628,-1.368,-1.405,STOP,False,False,False
2026-08-24T13:15:00,CRUDEOIL,2026-08-24,live_candles,oos,TREND_DOWN,FAILED_BREAKDOWN,LONG,0.98,3.125,0.92,0.0,0.08,1.571,8219.91,0.09,0.006,14.6429,False,False,False,False,True,True,True,2.248,4B_TRAP,False,True,H7_TRAP,8220.0,spike,25.75,0.08,0.0,-1.282,-1.32,STOP,False,False,False
2026-08-24T13:20:00,CRUDEOIL,2026-08-24,live_candles,oos,TREND_DOWN,FAILED_BREAKDOWN,SHORT,0.902,2.0,1.0,0.0,0.0,0.974,8195.0,8.0,0.487,16.4286,False,False,False,False,True,True,True,1.035,4B_TRAP,False,True,H7_TRAP,8187.0,spike,16.48,0.29,0.0,-1.274,-1.335,STOP,False,False,False
2026-08-24T13:30:00,CRUDEOIL,2026-08-24,live_candles,oos,TREND_DOWN,FAILED_BREAKDOWN,SHORT,0.9623,2.875,0.8696,0.0,0.1304,1.098,8187.0,-2.0,-0.11,18.2143,False,False,False,False,True,True,True,1.373,4B_TRAP,False,True,H7_TRAP,8189.0,spike,20.69,0.1,0.0,-1.112,-1.16,STOP,False,False,False
2026-08-24T13:40:00,CRUDEOIL,2026-08-24,live_candles,oos,TREND_DOWN,FAILED_BREAKDOWN,SHORT,0.9818,2.778,0.6,0.4,0.0,0.734,8198.0,2.0,0.098,20.4286,True,True,False,False,False,True,True,0.441,4B_TRAP,False,True,H7_TRAP,8196.0,spike,25.75,0.39,2.524,-1.087,-1.126,STOP,True,False,False
2026-08-24T13:45:00,CRUDEOIL,2026-08-24,live_candles,oos,TREND_DOWN,FAILED_BREAKOUT,SHORT,0.9464,2.667,0.8333,0.1667,0.0,0.94,8196.0,8.0,0.376,21.2857,False,False,False,False,True,True,True,0.517,4B_TRAP,False,True,H7_TRAP,8188.0,spike,24.72,0.08,0.0,-1.254,-1.294,STOP,False,False,False
2026-08-24T14:15:00,CRUDEOIL,2026-08-24,live_candles,oos,TREND_DOWN,TRENDING,SHORT,0.9839,2.889,0.5,0.3462,0.1538,0.562,8155.0,-1.0,-0.043,23.1429,True,False,False,False,False,False,False,0.0,4B_TRAP,False,False,AMBIG,8156.0,spike,22.78,0.04,1.097,-1.229,-1.273,STOP,False,False,False
2026-08-24T14:45:00,CRUDEOIL,2026-08-24,live_candles,oos,TREND_DOWN,TRENDING,LONG,0.9853,2.762,0.931,0.0,0.069,1.432,8158.0,26.0,1.379,18.8571,True,True,True,True,False,False,False,0.0,4B_TRAP,True,False,H1_CONT,8184.0,early,29.87,1.18,0.368,-1.004,-1.038,STOP,False,False,False
2026-08-24T15:15:00,CRUDEOIL,2026-08-24,live_candles,oos,TREND_DOWN,FAILED_BREAKOUT,SHORT,0.9595,2.273,0.76,0.0,0.24,1.086,8158.0,-2.0,-0.114,17.5,True,False,False,False,False,False,True,0.571,4B_TRAP,False,True,AMBIG,8160.0,early,19.75,0.1,1.114,-1.114,-1.165,STOP,False,False,False
2026-08-24T16:30:00,CRUDEOIL,2026-08-24,live_candles,oos,TREND_DOWN,FAILED_BREAKOUT,SHORT,0.9326,2.182,0.6667,0.0,0.3333,1.258,8165.0,-3.0,-0.236,12.7143,False,False,False,False,True,True,True,0.787,4B_TRAP,False,True,H7_TRAP,8168.0,spike,16.72,0.18,0.12,-1.256,-1.316,STOP,False,False,False
2026-08-24T17:00:00,CRUDEOIL,2026-08-24,live_candles,oos,TREND_DOWN,FAILED_BREAKOUT,SHORT,0.9789,2.8,0.75,0.25,0.0,1.607,8188.0,14.0,1.071,13.0714,True,True,True,True,False,False,False,0.0,4B_TRAP,True,False,H1_CONT,8174.0,early,28.84,0.14,0.693,-1.734,-1.768,STOP,False,False,False
2026-08-24T18:00:00,CRUDEOIL,2026-08-24,live_candles,oos,TREND_DOWN,FAILED_BREAKOUT,LONG,1.0,4.4,0.5909,0.2955,0.1136,1.784,8222.0,-11.0,-0.755,14.5714,True,False,False,False,True,True,True,1.647,4B_TRAP,False,True,H7_TRAP,8211.0,spike,32.32,0.13,0.743,-1.021,-1.052,STOP,False,False,False
2026-08-24T18:55:00,CRUDEOIL,2026-08-24,live_candles,oos,TREND_DOWN,FAILED_BREAKDOWN,LONG,0.9746,2.545,0.6071,0.0,0.3929,0.878,8215.28,7.72,0.399,19.3571,True,True,True,False,False,False,True,0.273,4B_TRAP,True,True,H1_CONT,8223.0,early,28.84,0.03,0.416,-1.422,-1.456,STOP,False,False,False
2026-08-24T19:20:00,CRUDEOIL,2026-08-24,live_candles,oos,TREND_DOWN,FAILED_BREAKDOWN,SHORT,0.9919,3.455,0.8684,0.0,0.1316,1.638,8195.0,8.0,0.397,20.1429,False,False,False,False,False,True,True,0.397,4A_CONT,False,False,H7_TRAP,8187.0,early,34.14,0.53,2.402,-0.615,1.64,EOD,True,False,False
2026-08-24T19:55:00,CRUDEOIL,2026-08-24,live_candles,oos,TREND_DOWN,TRENDING,SHORT,0.9769,3.0,0.7576,0.0,0.2424,1.174,8167.0,26.0,1.221,21.2857,False,True,True,False,False,False,True,0.235,4B_TRAP,False,True,AMBIG,8141.0,early,25.99,0.38,0.0,-1.193,-1.231,STOP,False,False,False
2026-08-24T20:55:00,CRUDEOIL,2026-08-24,live_candles,oos,TREND_DOWN,TRENDING,SHORT,1.0,4.727,1.0,0.0,0.0,2.758,8131.0,22.0,1.167,18.8571,False,True,True,False,False,False,True,0.106,4B_TRAP,False,True,AMBIG,8109.0,early,53.56,,0.075,-1.12,-1.139,STOP,False,False,False
2026-08-24T22:35:00,CRUDEOIL,2026-08-24,live_candles,oos,TREND_DOWN,FAILED_BREAKOUT,LONG,0.9752,3.0,0.0303,0.3333,0.6364,0.065,8165.0,-7.0,-0.458,15.2857,False,False,False,False,True,True,True,2.224,4B_TRAP,False,True,H7_TRAP,8158.0,spike,22.99,1.17,0.0,-1.174,-1.218,STOP,False,False,False
2026-08-24T22:45:00,CRUDEOIL,2026-08-24,live_candles,oos,TREND_DOWN,TRENDING,SHORT,0.9141,2.182,0.1667,0.8333,0.0,0.238,8136.0,5.0,0.298,16.7857,False,False,False,False,True,True,True,1.072,4X_AMBIG,False,False,H7_TRAP,8131.0,spike,24.72,1.05,0.283,-0.971,0.0,EOD,False,False,False
2026-08-25T10:10:00,CRUDEOIL,2026-08-25,live_candles,HOLDOUT,TREND_DOWN,OPENING_DRIVE,SHORT,1.0,2.2,0.5455,0.0,0.4545,0.955,8162.0,7.0,1.114,6.2857,True,True,True,True,False,False,False,0.0,4A_CONT,False,False,H1_WEAK,8155.0,early,6.33,,3.002,-0.316,2.842,T3,True,True,False
2026-08-25T11:00:00,CRUDEOIL,2026-08-25,live_candles,HOLDOUT,TREND_DOWN,TRENDING,LONG,1.0,3.2,0.375,0.0,0.625,0.894,8144.0,2.0,0.298,6.7143,False,True,False,False,False,True,True,4.17,4B_TRAP,False,True,H7_TRAP,8146.0,early,16.48,0.55,0.425,-1.82,-1.881,STOP,False,False,False
2026-08-25T11:15:00,CRUDEOIL,2026-08-25,live_candles,HOLDOUT,TREND_DOWN,TRENDING,SHORT,1.0,5.8,0.8621,0.1379,0.0,2.8,8130.0,14.0,1.568,8.9286,True,True,True,True,False,False,False,0.0,4A_CONT,True,False,H1_CONT,8116.0,early,29.87,,3.247,-0.268,2.967,T3,True,True,False
2026-08-25T11:20:00,CRUDEOIL,2026-08-25,live_candles,HOLDOUT,TREND_DOWN,TRENDING,SHORT,0.9643,4.2,0.9048,0.0,0.0952,1.985,8116.0,11.0,1.149,9.5714,True,True,True,True,False,False,False,0.0,4A_CONT,True,False,H1_CONT,8105.0,early,19.63,,4.381,-0.408,2.949,T3,True,True,False
2026-08-25T11:25:00,CRUDEOIL,2026-08-25,live_candles,HOLDOUT,TREND_DOWN,TRENDING,SHORT,0.9655,4.6,0.4348,0.0,0.5652,0.903,8103.0,9.0,0.813,11.0714,True,True,True,True,False,False,False,0.0,4B_TRAP,False,False,H1_WEAK,8094.0,early,10.69,,2.9,-1.216,-1.31,STOP,True,False,False
2026-08-25T11:30:00,CRUDEOIL,2026-08-25,live_candles,HOLDOUT,TREND_DOWN,TRENDING,SHORT,0.9333,4.4,0.5455,0.0,0.4545,0.966,8081.0,-5.0,-0.402,12.4286,True,False,False,False,False,False,False,0.0,4B_TRAP,False,False,AMBIG,8086.0,spike,12.66,0.39,1.817,-1.659,-1.738,STOP,False,False,False
2026-08-25T12:05:00,CRUDEOIL,2026-08-25,live_candles,HOLDOUT,TREND_DOWN,TRENDING,LONG,0.973,3.857,1.0,0.0,0.0,1.658,8083.0,24.0,1.474,16.2857,False,True,True,False,False,False,True,0.86,4B_TRAP,False,True,AMBIG,8107.0,early,27.81,3.12,0.0,-1.366,-1.402,STOP,False,False,False
2026-08-25T12:20:00,CRUDEOIL,2026-08-25,live_candles,HOLDOUT,TREND_DOWN,TRENDING,SHORT,1.0,4.143,1.0,0.0,0.0,1.592,8098.0,29.0,1.592,18.2143,False,True,True,True,False,False,False,0.0,4B_TRAP,False,False,AMBIG,8069.0,early,29.87,0.2,0.201,-1.105,-1.138,STOP,False,False,False
2026-08-25T13:50:00,CRUDEOIL,2026-08-25,live_candles,HOLDOUT,TREND_DOWN,TRENDING,SHORT,1.0,10.25,1.0,0.0,0.0,4.648,8063.0,44.0,2.494,17.6429,False,True,True,True,False,False,False,0.0,4A_CONT,False,False,AMBIG,8019.0,early,84.46,,2.794,-0.284,2.19,EOD,True,False,False
2026-08-25T14:00:00,CRUDEOIL,2026-08-25,live_candles,HOLDOUT,TREND_DOWN,TRENDING,SHORT,0.9167,3.0,0.3333,0.6667,0.0,0.413,8079.0,60.0,3.1,19.3571,False,True,True,True,False,False,False,0.0,4A_CONT,False,False,AMBIG,8019.0,early,24.72,0.77,3.519,0.0,2.96,T3,True,True,False
2026-08-25T14:25:00,CRUDEOIL,2026-08-25,live_candles,HOLDOUT,TREND_DOWN,TRENDING,SHORT,0.9692,2.9,0.6552,0.0,0.3448,0.847,7965.0,23.0,1.025,22.4286,False,True,True,True,False,False,False,0.0,4A_CONT,False,False,AMBIG,7942.0,early,19.87,,3.221,-0.201,2.95,T3,True,True,False
2026-08-25T14:45:00,CRUDEOIL,2026-08-25,live_candles,HOLDOUT,TREND_DOWN,TRENDING,LONG,0.913,2.5,0.4,0.0,0.6,0.423,7923.0,-8.0,-0.338,23.6429,False,False,False,False,True,True,True,1.903,4B_TRAP,False,True,H7_TRAP,7915.0,spike,15.75,8.13,0.0,-1.206,-1.27,STOP,False,False,False
2026-08-25T15:00:00,CRUDEOIL,2026-08-25,live_candles,HOLDOUT,TREND_DOWN,TRENDING,SHORT,0.9861,3.4,1.0,0.0,0.0,1.587,7896.0,18.0,0.84,21.4286,True,True,True,True,False,False,False,0.0,4A_CONT,True,False,H1_CONT,7878.0,early,35.02,,2.713,-0.657,1.256,EOD,True,False,False
2026-08-25T15:30:00,CRUDEOIL,2026-08-25,live_candles,HOLDOUT,TREND_DOWN,TRENDING,LONG,0.9744,3.143,1.0,0.0,0.0,1.65,7855.0,25.0,1.25,20.0,False,True,True,True,False,False,False,0.0,4B_TRAP,False,False,AMBIG,7880.0,early,33.99,0.94,0.441,-1.677,-1.706,STOP,False,False,False
2026-08-25T16:10:00,CRUDEOIL,2026-08-25,live_candles,HOLDOUT,TREND_DOWN,TRENDING,LONG,0.9186,2.455,1.0,0.0,0.0,1.718,7877.0,12.0,0.764,15.7143,False,True,True,True,False,False,False,0.0,4B_TRAP,False,False,AMBIG,7889.0,spike,27.81,0.14,0.216,-1.259,-1.294,STOP,False,False,False
2026-08-25T17:15:00,CRUDEOIL,2026-08-25,live_candles,HOLDOUT,TREND_DOWN,TRENDING,SHORT,0.9091,2.273,1.0,0.0,0.0,1.691,7842.0,19.0,1.285,14.7857,False,True,True,True,False,False,False,0.0,4B_TRAP,False,False,AMBIG,7823.0,early,25.75,,0.155,-1.592,-1.631,STOP,False,False,False
2026-08-25T17:40:00,CRUDEOIL,2026-08-25,live_candles,HOLDOUT,TREND_DOWN,TRENDING,LONG,0.9904,3.091,0.9118,0.0294,0.0588,2.077,7840.0,23.0,1.541,14.9286,True,True,True,True,False,False,False,0.0,4B_TRAP,True,False,H1_CONT,7863.0,early,34.02,0.38,0.764,-1.264,-1.293,STOP,False,False,False
2026-08-25T18:40:00,CRUDEOIL,2026-08-25,live_candles,HOLDOUT,TREND_DOWN,TRENDING,SHORT,0.9138,2.364,0.6538,0.0769,0.2692,1.067,7822.92,-4.08,-0.256,15.9286,False,False,False,False,True,True,True,3.395,4B_TRAP,False,True,H7_TRAP,7827.0,spike,19.78,0.21,0.0,-1.567,-1.618,STOP,False,False,False
2026-08-25T18:45:00,CRUDEOIL,2026-08-25,live_candles,HOLDOUT,TREND_DOWN,TRENDING,LONG,0.906,2.273,1.0,0.0,0.0,1.434,7846.0,12.0,0.689,17.4286,True,True,True,True,False,False,False,0.0,4B_TRAP,True,False,H1_CONT,7858.0,early,25.75,0.12,1.67,-1.942,-1.981,STOP,False,False,False
2026-08-25T19:30:00,CRUDEOIL,2026-08-25,live_candles,HOLDOUT,TREND_DOWN,TRENDING,LONG,0.9921,3.182,0.5714,0.2286,0.2,1.162,7876.0,17.0,0.988,17.2143,False,False,False,False,True,True,True,0.465,4B_TRAP,False,True,H7_TRAP,7893.0,spike,28.05,7.28,0.0,-1.141,-1.176,STOP,False,False,False
2026-08-26T10:20:00,CRUDEOIL,2026-08-26,live_candles,HOLDOUT,TREND_UP,OPENING_DRIVE,LONG,1.0,1.867,0.7857,0.2143,0.0,1.328,7677.0,5.0,0.603,8.2857,True,True,True,True,False,False,False,0.0,4A_CONT,True,False,H1_CONT,7682.0,early,11.42,,3.152,-0.263,2.912,T3,True,True,False
2026-08-26T10:30:00,CRUDEOIL,2026-08-26,live_candles,HOLDOUT,TREND_UP,TRENDING,SHORT,1.0,2.125,1.0,0.0,0.0,1.725,7685.0,6.0,0.609,9.8571,False,False,False,False,True,True,True,2.029,4B_TRAP,False,True,H7_TRAP,7679.0,spike,17.51,0.97,0.0,-1.542,-1.599,STOP,False,False,False
2026-08-26T11:05:00,CRUDEOIL,2026-08-26,live_candles,HOLDOUT,TREND_UP,TRENDING,LONG,0.96,2.0,0.6875,0.0,0.3125,1.069,7707.0,5.0,0.486,10.2857,True,True,True,True,False,False,False,0.0,4B_TRAP,True,False,H1_CONT,7712.0,early,16.48,0.06,0.546,-1.456,-1.517,STOP,False,False,False
2026-08-26T12:05:00,CRUDEOIL,2026-08-26,live_candles,HOLDOUT,TREND_UP,TRENDING,SHORT,1.0,2.875,0.913,0.087,0.0,2.028,7708.0,20.0,1.931,10.3571,True,True,True,True,False,False,False,0.0,4A_CONT,True,False,H1_CONT,7688.0,early,23.69,0.95,3.166,-0.338,2.958,T3,True,True,False
2026-08-26T12:10:00,CRUDEOIL,2026-08-26,live_candles,HOLDOUT,TREND_UP,FAILED_BREAKOUT,SHORT,0.9211,1.875,0.9333,0.0667,0.0,1.333,7688.0,17.0,1.619,10.5,False,True,True,True,False,False,False,0.0,4B_TRAP,False,False,AMBIG,7671.0,early,15.45,0.36,0.324,-1.618,-1.683,STOP,False,False,False
2026-08-26T12:30:00,CRUDEOIL,2026-08-26,live_candles,HOLDOUT,TREND_UP,FAILED_BREAKOUT,SHORT,1.0,3.375,0.4815,0.4074,0.1111,1.117,7680.0,8.0,0.687,11.6429,True,True,True,True,False,False,False,0.0,4B_TRAP,False,False,H1_WEAK,7672.0,early,24.81,0.2,2.701,-1.048,-1.088,STOP,True,False,False
2026-08-26T13:00:00,CRUDEOIL,2026-08-26,live_candles,HOLDOUT,TREND_UP,FAILED_BREAKOUT,SHORT,0.9583,2.75,0.6818,0.3182,0.0,1.186,7648.0,3.0,0.237,12.6429,False,False,False,False,True,True,True,0.949,4B_TRAP,False,True,H7_TRAP,7645.0,spike,22.66,,0.794,-1.677,-1.721,STOP,False,False,False
2026-08-26T13:15:00,CRUDEOIL,2026-08-26,live_candles,HOLDOUT,TREND_UP,FAILED_BREAKOUT,SHORT,0.9412,2.111,0.2105,0.4211,0.3684,0.301,7644.0,4.0,0.301,13.2857,False,True,True,True,False,False,False,0.0,4B_TRAP,False,False,AMBIG,7640.0,early,12.57,,1.034,-1.193,-1.273,STOP,False,False,False
2026-08-26T13:50:00,CRUDEOIL,2026-08-26,live_candles,HOLDOUT,TREND_UP,FAILED_BREAKOUT,LONG,0.9828,2.667,0.7083,0.2917,0.0,1.227,7672.0,4.0,0.289,13.8571,False,False,False,False,True,True,True,3.825,4B_TRAP,False,True,H7_TRAP,7676.0,spike,17.72,1.6,0.0,-3.555,-3.612,STOP,False,False,False
2026-08-26T14:00:00,CRUDEOIL,2026-08-26,live_candles,HOLDOUT,TREND_UP,FAILED_BREAKOUT,SHORT,1.0,4.667,0.7381,0.119,0.1429,1.786,7627.0,8.0,0.461,17.3571,False,False,False,False,False,True,True,0.346,4B_TRAP,False,True,H7_TRAP,7619.0,spike,37.26,,0.376,-1.074,-1.1,STOP,False,False,False
2026-08-26T14:15:00,CRUDEOIL,2026-08-26,live_candles,HOLDOUT,TREND_UP,FAILED_BREAKOUT,SHORT,0.9048,2.0,0.3333,0.5556,0.1111,0.343,7644.93,24.93,1.425,17.5,False,True,True,True,False,False,False,0.0,4B_TRAP,False,False,AMBIG,7620.0,early,16.54,0.48,0.907,-1.753,-1.814,STOP,False,False,False
2026-08-26T15:00:00,CRUDEOIL,2026-08-26,live_candles,HOLDOUT,TREND_UP,FAILED_BREAKOUT,SHORT,0.9722,2.6,0.6923,0.2692,0.0385,0.955,7635.0,1.0,0.053,18.8571,False,False,False,False,False,False,False,0.0,4B_TRAP,False,False,AMBIG,7634.0,spike,25.78,1.12,0.427,-1.164,-1.202,STOP,False,False,False
2026-08-26T15:45:00,CRUDEOIL,2026-08-26,live_candles,HOLDOUT,TREND_UP,FAILED_BREAKOUT,LONG,0.9136,1.909,0.1905,0.0952,0.7143,0.267,7655.0,0.0,0.0,15.0,False,False,False,False,True,True,True,0.733,4A_CONT,False,False,H7_TRAP,7655.0,spike,19.63,1.33,4.279,-0.56,2.949,T3,True,True,False
2026-08-26T18:20:00,CRUDEOIL,2026-08-26,live_candles,HOLDOUT,TREND_UP,FAILED_BREAKOUT,LONG,0.9911,3.6,1.0,0.0,0.0,2.847,7693.21,0.79,0.062,12.6429,True,True,False,False,False,True,True,0.017,4A_CONT,False,False,H7_TRAP,7694.0,spike,37.08,0.73,3.263,-0.135,2.973,T3,True,True,False
2026-08-26T18:35:00,CRUDEOIL,2026-08-26,live_candles,HOLDOUT,TREND_UP,FAILED_BREAKDOWN,LONG,0.9913,4.0,1.0,0.0,0.0,2.534,7721.0,18.0,1.14,15.7857,False,True,False,False,False,True,True,0.95,4A_CONT,False,False,H7_TRAP,7739.0,spike,41.2,,3.301,-0.801,2.976,T3,True,True,False
2026-08-26T18:45:00,CRUDEOIL,2026-08-26,live_candles,HOLDOUT,TREND_UP,FAILED_BREAKDOWN,SHORT,0.9402,2.0,0.5909,0.4091,0.0,0.755,7719.0,13.0,0.755,17.2143,True,True,True,False,False,False,True,1.22,4B_TRAP,True,True,H1_CONT,7706.0,early,22.66,2.25,0.0,-1.5,-1.545,STOP,False,False,False
2026-08-26T19:00:00,CRUDEOIL,2026-08-26,live_candles,HOLDOUT,TREND_UP,FAILED_BREAKDOWN,LONG,0.975,2.952,1.0,0.0,0.0,1.689,7739.0,1.0,0.054,18.3571,True,True,True,True,False,False,False,0.0,4A_CONT,True,False,H1_CONT,7740.0,early,31.93,,3.194,0.0,2.969,T3,True,True,False
2026-08-26T19:15:00,CRUDEOIL,2026-08-26,live_candles,HOLDOUT,TREND_UP,TRENDING,LONG,0.9675,2.545,1.0,0.0,0.0,1.395,7767.0,25.0,1.246,20.0714,False,True,True,True,False,False,False,0.0,4A_CONT,False,False,AMBIG,7792.0,early,28.84,,3.121,-0.728,2.965,T3,True,True,False
2026-08-26T20:15:00,CRUDEOIL,2026-08-26,live_candles,HOLDOUT,TREND_UP,TRENDING,LONG,0.9037,1.818,0.35,0.4,0.25,0.508,7815.0,3.0,0.218,13.7857,False,True,True,True,False,False,False,0.0,4A_CONT,False,False,AMBIG,7818.0,spike,12.6,,3.175,-0.873,2.921,T3,True,True,False
2026-08-26T20:40:00,CRUDEOIL,2026-08-26,live_candles,HOLDOUT,TREND_UP,TRENDING,LONG,0.9143,1.909,1.0,0.0,0.0,1.67,7833.0,9.0,0.716,12.5714,False,True,True,True,False,False,False,0.0,4A_CONT,False,False,AMBIG,7842.0,early,21.63,,3.236,0.0,2.954,T3,True,True,False
2026-08-26T20:55:00,CRUDEOIL,2026-08-26,live_candles,HOLDOUT,TREND_UP,TRENDING,LONG,0.9021,1.818,0.6,0.4,0.0,0.898,7859.0,8.0,0.599,13.3571,True,True,True,True,False,False,False,0.0,4A_CONT,True,False,H1_CONT,7867.0,early,12.6,,3.571,-0.952,2.921,T3,True,True,False
2026-08-26T21:05:00,CRUDEOIL,2026-08-26,live_candles,HOLDOUT,TREND_UP,TRENDING,SHORT,0.9172,1.909,1.0,0.0,0.0,1.5,7865.0,4.0,0.286,14.0,False,True,True,False,False,False,True,3.357,4B_TRAP,False,True,AMBIG,7861.0,spike,21.63,1.85,0.277,-2.358,-2.404,STOP,False,False,False
2026-08-26T21:20:00,CRUDEOIL,2026-08-26,live_candles,HOLDOUT,TREND_UP,TRENDING,LONG,1.0,4.0,1.0,0.0,0.0,2.545,7882.0,30.0,1.736,17.2857,False,True,True,True,False,False,False,0.0,4X_AMBIG,False,False,AMBIG,7912.0,early,45.32,,1.103,-0.53,-0.53,EOD,False,False,False
2026-08-26T21:45:00,CRUDEOIL,2026-08-26,live_candles,HOLDOUT,TREND_UP,TRENDING,LONG,0.9739,3.0,0.8485,0.1515,0.0,1.457,7925.0,23.0,1.197,19.2143,True,True,True,True,False,False,False,0.0,4B_TRAP,True,False,H1_CONT,7948.0,early,28.99,,0.483,-1.138,-1.173,STOP,False,False,False
2026-08-26T21:55:00,CRUDEOIL,2026-08-26,live_candles,HOLDOUT,TREND_UP,TRENDING,SHORT,0.9419,2.273,0.8,0.0,0.2,1.049,7944.0,2.0,0.105,19.0714,False,False,False,False,True,True,True,0.419,4A_CONT,False,False,H7_TRAP,7942.0,early,20.75,4.19,2.602,-0.482,2.602,EOD,True,False,False
2026-08-27T11:25:00,CRUDEOIL,2026-08-27,live_candles,HOLDOUT,TREND_UP,TRENDING,SHORT,1.0,3.8,1.0,0.0,0.0,2.486,7793.0,1.0,0.131,7.6429,False,False,False,False,True,True,True,0.654,4A_CONT,False,False,H7_TRAP,7792.0,spike,19.57,,3.424,-0.358,2.949,T3,True,True,False
2026-08-27T12:05:00,CRUDEOIL,2026-08-27,live_candles,HOLDOUT,TREND_UP,TRENDING,SHORT,1.0,3.667,1.0,0.0,0.0,2.11,7783.0,23.0,2.205,10.4286,False,True,True,True,False,False,False,0.0,4B_TRAP,False,False,AMBIG,7760.0,early,22.66,,1.545,-1.28,-1.324,STOP,False,False,False
2026-08-27T12:30:00,CRUDEOIL,2026-08-27,live_candles,HOLDOUT,TREND_UP,TRENDING,SHORT,0.9524,3.0,1.0,0.0,0.0,1.605,7755.0,19.0,1.694,11.2143,True,True,True,True,False,False,False,0.0,4B_TRAP,True,False,H1_CONT,7736.0,early,18.54,,0.593,-1.51,-1.564,STOP,False,False,False
2026-08-27T12:55:00,CRUDEOIL,2026-08-27,live_candles,HOLDOUT,TREND_UP,TRENDING,LONG,0.9362,2.667,0.5625,0.4375,0.0,0.764,7747.0,10.0,0.848,11.7857,False,True,True,True,False,False,False,0.0,4A_CONT,False,False,AMBIG,7757.0,early,9.48,8.63,3.376,-0.105,2.895,T3,True,True,False
2026-08-27T13:05:00,CRUDEOIL,2026-08-27,live_candles,HOLDOUT,TREND_UP,TRENDING,LONG,0.9796,3.0,1.0,0.0,0.0,1.624,7767.0,13.0,1.006,12.9286,False,False,False,False,True,True,True,0.773,4B_TRAP,False,True,H7_TRAP,7780.0,spike,21.63,2.72,0.0,-1.11,-1.156,STOP,False,False,False
2026-08-27T13:25:00,CRUDEOIL,2026-08-27,live_candles,HOLDOUT,TREND_UP,TRENDING,LONG,1.0,4.143,1.0,0.0,0.0,2.082,7780.0,9.0,0.646,13.9286,False,True,True,True,False,False,False,0.0,4A_CONT,False,False,AMBIG,7789.0,early,29.87,1.67,3.716,-0.469,2.967,T3,True,True,False
2026-08-27T13:40:00,CRUDEOIL,2026-08-27,live_candles,HOLDOUT,TREND_UP,FAILED_BREAKOUT,LONG,0.9107,2.267,0.0,0.0,1.0,0.0,7788.0,4.0,0.29,13.7857,False,True,True,True,False,False,False,0.0,4A_CONT,False,False,AMBIG,7792.0,spike,17.51,0.17,3.198,-0.228,2.943,T3,True,True,False
2026-08-27T14:15:00,CRUDEOIL,2026-08-27,live_candles,HOLDOUT,TREND_UP,FAILED_BREAKDOWN,SHORT,0.9524,2.111,0.5789,0.0,0.4211,0.737,7805.0,-7.0,-0.469,14.9286,False,False,False,False,True,True,True,2.612,4B_TRAP,False,True,H7_TRAP,7812.0,spike,11.57,0.61,0.778,-1.642,-1.729,STOP,False,False,False
2026-08-27T14:40:00,CRUDEOIL,2026-08-27,live_candles,HOLDOUT,TREND_UP,FAILED_BREAKDOWN,LONG,0.9853,2.444,1.0,0.0,0.0,1.453,7852.0,13.0,0.858,15.1429,True,True,True,True,False,False,False,0.0,4A_CONT,True,False,H1_CONT,7865.0,early,22.66,,3.089,-0.706,2.956,T3,True,True,False
2026-08-27T14:50:00,CRUDEOIL,2026-08-27,live_candles,HOLDOUT,TREND_UP,FAILED_BREAKDOWN,SHORT,0.9571,2.333,0.8095,0.0,0.1905,1.102,7863.0,8.0,0.519,15.4286,False,True,True,True,False,False,False,0.0,4B_TRAP,False,False,AMBIG,7855.0,early,17.63,2.95,0.34,-1.021,-1.078,STOP,False,False,False
2026-08-27T16:10:00,CRUDEOIL,2026-08-27,live_candles,HOLDOUT,TREND_UP,FAILED_BREAKDOWN,SHORT,0.9884,2.778,1.0,0.0,0.0,2.035,7868.0,1.0,0.081,12.2857,False,False,False,False,True,True,True,1.547,4B_TRAP,False,True,H7_TRAP,7867.0,spike,25.75,4.17,0.233,-1.01,-1.049,STOP,False,False,False
2026-08-27T16:20:00,CRUDEOIL,2026-08-27,live_candles,HOLDOUT,TREND_UP,FAILED_BREAKDOWN,LONG,0.9545,2.333,0.7619,0.2381,0.0,1.167,7870.0,17.0,1.24,13.7143,False,True,True,True,False,False,False,0.0,4B_TRAP,False,False,AMBIG,7887.0,early,16.63,0.48,0.541,-1.263,-1.323,STOP,False,False,False
2026-08-27T16:30:00,CRUDEOIL,2026-08-27,live_candles,HOLDOUT,TREND_UP,FAILED_BREAKDOWN,LONG,0.9222,2.111,0.7895,0.2105,0.0,1.01,7892.0,-4.0,-0.269,14.8571,True,False,False,False,True,True,True,1.346,4B_TRAP,False,True,H7_TRAP,7888.0,spike,15.57,0.26,0.257,-1.028,-1.092,STOP,False,False,False
2026-08-27T16:40:00,CRUDEOIL,2026-08-27,live_candles,HOLDOUT,TREND_UP,FAILED_BREAKDOWN,SHORT,0.9239,2.111,0.7895,0.2105,0.0,1.082,7873.0,1.0,0.072,13.8571,False,False,False,False,True,True,True,1.082,4B_TRAP,False,True,H7_TRAP,7872.0,spike,19.57,5.93,0.051,-1.073,-1.124,STOP,False,False,False
2026-08-27T17:05:00,CRUDEOIL,2026-08-27,live_candles,HOLDOUT,TREND_UP,FAILED_BREAKDOWN,LONG,0.9794,2.444,0.7727,0.2273,0.0,1.107,7896.0,-4.0,-0.26,15.3571,True,False,False,False,True,True,True,0.26,4B_TRAP,False,True,H7_TRAP,7892.0,spike,17.66,0.23,0.906,-1.359,-1.416,STOP,False,False,False
2026-08-27T17:55:00,CRUDEOIL,2026-08-27,live_candles,HOLDOUT,TREND_UP,FAILED_BREAKDOWN,LONG,0.9907,2.889,0.5385,0.0,0.4615,0.951,7886.0,8.0,0.544,14.7143,False,True,True,True,False,False,False,0.0,4B_TRAP,False,False,AMBIG,7894.0,spike,26.78,0.22,1.942,-1.046,-1.083,STOP,False,False,False
2026-08-27T18:15:00,CRUDEOIL,2026-08-27,live_candles,HOLDOUT,TREND_UP,FAILED_BREAKDOWN,LONG,0.9189,2.222,0.9,0.1,0.0,1.362,7908.0,-1.0,-0.076,13.2143,True,False,False,False,False,True,True,0.53,4B_TRAP,False,True,H7_TRAP,7907.0,early,18.6,0.05,0.86,-1.29,-1.344,STOP,False,False,False
2026-08-27T18:30:00,CRUDEOIL,2026-08-27,live_candles,HOLDOUT,TREND_UP,FAILED_BREAKDOWN,SHORT,0.9825,2.632,0.64,0.0,0.36,1.018,7898.0,-6.0,-0.382,15.7143,True,False,False,False,False,False,True,0.255,4B_TRAP,False,True,AMBIG,7904.0,spike,16.75,1.25,1.254,-1.075,-1.134,STOP,False,False,False
2026-08-27T18:35:00,CRUDEOIL,2026-08-27,live_candles,HOLDOUT,TREND_UP,FAILED_BREAKDOWN,SHORT,0.913,2.0,1.0,0.0,0.0,1.239,7895.0,5.0,0.31,16.1429,False,False,False,False,True,True,True,0.558,4B_TRAP,False,True,H7_TRAP,7890.0,spike,20.6,0.34,0.34,-1.553,-1.602,STOP,False,False,False
2026-08-27T19:00:00,CRUDEOIL,2026-08-27,live_candles,HOLDOUT,TREND_UP,FAILED_BREAKDOWN,LONG,0.9667,2.2,0.9545,0.0,0.0455,1.171,7907.0,15.0,0.837,17.9286,False,True,True,False,False,False,True,0.167,4B_TRAP,False,True,AMBIG,7922.0,spike,22.66,0.04,1.059,-1.324,-1.368,STOP,False,False,False
2026-08-27T20:15:00,CRUDEOIL,2026-08-27,live_candles,HOLDOUT,TREND_UP,FAILED_BREAKOUT,LONG,0.9037,1.9,0.1579,0.5789,0.2632,0.202,7888.45,-8.45,-0.569,14.8571,False,False,False,False,True,True,True,2.79,4B_TRAP,False,True,H7_TRAP,7880.0,spike,8.57,0.99,0.35,-1.634,-1.75,STOP,False,False,False
2026-08-27T20:25:00,CRUDEOIL,2026-08-27,live_candles,HOLDOUT,TREND_UP,FAILED_BREAKOUT,SHORT,0.9197,2.0,0.85,0.15,0.0,1.097,7866.0,19.0,1.226,15.5,True,True,False,False,False,True,True,1.226,4B_TRAP,False,True,H7_TRAP,7847.0,early,20.6,4.47,0.0,-1.456,-1.505,STOP,False,False,False
2026-08-27T20:35:00,CRUDEOIL,2026-08-27,live_candles,HOLDOUT,TREND_UP,FAILED_BREAKOUT,LONG,0.9424,2.1,1.0,0.0,0.0,1.349,7859.0,18.0,1.156,15.5714,True,True,True,True,False,False,False,0.0,4A_CONT,True,False,H1_CONT,7877.0,early,21.63,0.53,4.716,-0.37,2.954,T3,True,True,False
2026-08-27T21:50:00,CRUDEOIL,2026-08-27,live_candles,HOLDOUT,TREND_UP,FAILED_BREAKDOWN,LONG,0.974,2.091,0.8261,0.0,0.1739,1.511,7913.0,0.0,0.0,12.5714,False,False,False,False,True,True,True,0.795,4A_CONT,False,False,H7_TRAP,7913.0,spike,23.69,1.39,3.546,-0.464,2.958,T3,True,True,False
2026-08-27T23:10:00,CRUDEOIL,2026-08-27,live_candles,HOLDOUT,TREND_UP,FAILED_BREAKDOWN,LONG,0.9059,1.9,1.0,0.0,0.0,2.015,7931.0,4.0,0.424,9.4286,True,True,True,True,False,False,False,0.0,4A_CONT,True,False,H1_CONT,7935.0,early,19.57,0.56,3.168,0.0,2.949,T3,True,True,False
2026-08-27T23:20:00,CRUDEOIL,2026-08-27,live_candles,HOLDOUT,TREND_UP,FAILED_BREAKDOWN,LONG,1.0,5.6,1.0,0.0,0.0,3.664,7979.0,18.0,1.178,15.2857,True,True,True,True,False,False,False,0.0,4X_AMBIG,True,False,H1_CONT,7997.0,early,57.68,,0.659,-0.139,0.572,EOD,False,False,False
2026-08-28T10:00:00,CRUDEOIL,2026-08-28,live_candles,HOLDOUT,CHOP,OPENING_DRIVE,LONG,1.0,2.0,0.8889,0.0,0.1111,1.651,7954.0,8.0,1.651,4.8462,True,True,True,True,False,False,False,0.0,4B_TRAP,True,False,H1_CONT,7962.0,early,9.27,0.11,1.51,-2.481,-2.589,STOP,False,False,False
2026-08-28T10:10:00,CRUDEOIL,2026-08-28,live_candles,HOLDOUT,CHOP,OPENING_DRIVE,LONG,0.9286,1.778,0.625,0.125,0.25,1.061,7965.0,3.0,0.636,4.7143,True,True,True,True,False,False,False,0.0,4B_TRAP,True,False,H1_CONT,7968.0,early,7.24,,1.105,-1.381,-1.519,STOP,False,False,False
2026-08-28T10:30:00,CRUDEOIL,2026-08-28,live_candles,HOLDOUT,CHOP,TRENDING,SHORT,1.0,2.0,0.5556,0.4444,0.0,1.045,7967.0,0.0,0.0,4.7857,False,False,False,False,True,True,True,1.463,4A_CONT,False,False,H7_TRAP,7967.0,spike,9.27,1.95,3.02,-0.755,2.892,T3,True,True,False
2026-08-28T11:00:00,CRUDEOIL,2026-08-28,live_candles,HOLDOUT,CHOP,FAILED_BREAKOUT,SHORT,1.0,4.667,1.0,0.0,0.0,3.231,7947.0,8.0,1.231,6.5,True,True,False,False,False,True,True,2.923,4B_TRAP,False,True,H7_TRAP,7939.0,early,21.63,,0.416,-1.248,-1.294,STOP,False,False,False
2026-08-28T11:05:00,CRUDEOIL,2026-08-28,live_candles,HOLDOUT,CHOP,TRENDING,SHORT,0.96,3.0,1.0,0.0,0.0,2.019,7939.0,9.0,1.212,7.4286,False,False,False,False,True,True,True,3.635,4B_TRAP,False,True,H7_TRAP,7930.0,spike,15.45,,0.0,-2.33,-2.395,STOP,False,False,False
2026-08-28T11:10:00,CRUDEOIL,2026-08-28,live_candles,HOLDOUT,CHOP,TRENDING,LONG,1.0,6.4,1.0,0.0,0.0,3.42,7945.0,21.0,2.244,9.3571,True,True,True,True,False,False,False,0.0,4B_TRAP,True,False,H1_CONT,7966.0,early,32.96,0.06,0.0,-1.092,-1.123,STOP,False,False,False
2026-08-28T11:30:00,CRUDEOIL,2026-08-28,live_candles,HOLDOUT,CHOP,FAILED_BREAKOUT,LONG,0.9,2.4,0.5833,0.4167,0.0,0.636,7966.0,-5.0,-0.455,11.0,False,False,False,False,True,True,True,2.909,4B_TRAP,False,True,H7_TRAP,7961.0,spike,7.36,0.68,0.0,-2.174,-2.31,STOP,False,False,False
2026-08-28T11:35:00,CRUDEOIL,2026-08-28,live_candles,HOLDOUT,CHOP,FAILED_BREAKOUT,SHORT,0.9355,3.2,1.0,0.0,0.0,1.358,7948.69,3.69,0.313,11.7857,False,True,True,True,False,False,False,0.0,4B_TRAP,False,False,AMBIG,7945.0,early,16.48,0.91,1.578,-1.335,-1.396,STOP,False,False,False
2026-08-28T12:35:00,CRUDEOIL,2026-08-28,live_candles,HOLDOUT,CHOP,TRENDING,LONG,1.0,6.333,1.0,0.0,0.0,2.939,7936.0,31.0,2.398,12.9286,False,True,True,True,False,False,False,0.0,4B_TRAP,False,False,AMBIG,7967.0,early,39.14,0.16,0.0,-1.431,-1.456,STOP,False,False,False
2026-08-28T12:40:00,CRUDEOIL,2026-08-28,live_candles,HOLDOUT,CHOP,CHOP,SHORT,0.9545,3.385,1.0,0.0,0.0,1.613,7947.93,2.93,0.215,13.6429,False,True,False,False,False,True,True,0.152,4B_TRAP,False,True,H7_TRAP,7945.0,spike,22.66,1.15,2.383,-1.103,-1.147,STOP,True,False,False
2026-08-28T12:45:00,CRUDEOIL,2026-08-28,live_candles,HOLDOUT,CHOP,FAILED_BREAKOUT,SHORT,0.9111,2.429,0.2353,0.7647,0.0,0.292,7945.0,2.0,0.146,13.7143,False,False,False,False,True,True,True,0.365,4A_CONT,False,False,H7_TRAP,7943.0,spike,13.51,1.78,3.701,-0.518,2.926,T3,True,True,False
2026-08-28T13:10:00,CRUDEOIL,2026-08-28,live_candles,HOLDOUT,CHOP,TRENDING,SHORT,0.92,2.533,0.6842,0.3158,0.0,0.847,7914.0,0.0,0.0,15.3571,False,False,False,False,True,True,True,0.781,4B_TRAP,False,True,H7_TRAP,7914.0,spike,19.57,0.15,0.102,-1.022,-1.073,STOP,False,False,False
2026-08-28T13:45:00,CRUDEOIL,2026-08-28,live_candles,HOLDOUT,CHOP,TRENDING,LONG,0.9123,2.125,0.5882,0.4118,0.0,0.697,7934.0,9.0,0.627,14.3571,False,False,False,False,True,True,True,1.114,4B_TRAP,False,True,H7_TRAP,7943.0,spike,10.51,2.04,0.0,-1.903,-1.998,STOP,False,False,False
2026-08-28T14:00:00,CRUDEOIL,2026-08-28,live_candles,HOLDOUT,CHOP,FAILED_BREAKOUT,SHORT,0.9833,4.5,0.8889,0.0,0.1111,2.123,7923.0,5.0,0.332,15.0714,True,True,True,False,False,False,True,1.791,4B_TRAP,True,True,H1_CONT,7918.0,spike,33.08,0.21,0.816,-1.209,-1.239,STOP,False,False,False
2026-08-28T14:05:00,CRUDEOIL,2026-08-28,live_candles,HOLDOUT,CHOP,TRENDING,SHORT,0.9508,3.875,0.9677,0.0,0.0323,1.892,7911.0,17.0,1.072,15.8571,False,False,False,False,True,True,True,2.459,4B_TRAP,False,True,H7_TRAP,7894.0,spike,30.93,,0.097,-1.811,-1.843,STOP,False,False,False
2026-08-28T15:10:00,CRUDEOIL,2026-08-28,live_candles,HOLDOUT,CHOP,FAILED_BREAKDOWN,SHORT,0.9189,2.0,1.0,0.0,0.0,1.061,7952.0,12.0,0.606,19.7857,False,True,True,True,False,False,False,0.0,4B_TRAP,False,False,AMBIG,7940.0,early,21.63,0.24,0.878,-1.248,-1.294,STOP,False,False,False
2026-08-28T15:30:00,CRUDEOIL,2026-08-28,live_candles,HOLDOUT,CHOP,FAILED_BREAKOUT,SHORT,0.9487,2.182,0.625,0.375,0.0,0.864,7927.73,5.73,0.33,17.3571,False,False,False,False,True,True,True,1.11,4B_TRAP,False,True,H7_TRAP,7922.0,spike,24.72,1.25,0.04,-1.092,-1.133,STOP,False,False,False
2026-08-28T17:40:00,CRUDEOIL,2026-08-28,live_candles,HOLDOUT,CHOP,FAILED_BREAKOUT,SHORT,0.9038,1.818,0.65,0.35,0.0,1.213,7920.0,6.0,0.56,10.7143,False,True,True,True,False,False,False,0.0,4B_TRAP,False,False,AMBIG,7914.0,spike,20.6,1.12,2.379,-1.165,-1.214,STOP,True,False,False
2026-08-28T19:00:00,CRUDEOIL,2026-08-28,live_candles,HOLDOUT,CHOP,TRENDING,LONG,0.9667,2.273,0.76,0.24,0.0,1.385,7899.0,-2.0,-0.146,13.7143,True,False,False,False,False,False,False,0.0,4B_TRAP,False,False,AMBIG,7897.0,spike,19.75,0.1,0.759,-1.063,-1.114,STOP,False,False,False
2026-08-28T19:40:00,CRUDEOIL,2026-08-28,live_candles,HOLDOUT,CHOP,TRENDING,LONG,0.9766,2.818,1.0,0.0,0.0,1.938,7891.0,37.0,2.312,16.0,False,True,True,True,False,False,False,0.0,4A_CONT,False,False,AMBIG,7928.0,early,31.93,1.25,2.631,-0.407,1.848,EOD,True,False,False
2026-08-28T20:30:00,CRUDEOIL,2026-08-28,live_candles,HOLDOUT,CHOP,FAILED_BREAKOUT,LONG,0.942,2.0,0.8636,0.0,0.1364,1.22,7932.0,15.0,0.963,15.5714,False,True,True,True,False,False,False,0.0,4A_CONT,False,False,AMBIG,7947.0,early,22.66,0.18,2.868,-0.662,1.765,EOD,True,False,False
2026-08-28T20:40:00,CRUDEOIL,2026-08-28,live_candles,HOLDOUT,CHOP,FAILED_BREAKOUT,LONG,0.9643,2.455,0.7778,0.2222,0.0,1.267,7952.0,1.0,0.06,16.5714,True,True,True,True,False,False,False,0.0,4A_CONT,True,False,H1_CONT,7953.0,spike,21.81,0.69,2.705,-0.779,1.559,EOD,True,False,False
2026-08-28T22:35:00,CRUDEOIL,2026-08-28,live_candles,HOLDOUT,CHOP,FAILED_BREAKDOWN,LONG,0.9448,2.0,0.4091,0.5909,0.0,0.712,7996.0,3.0,0.237,12.6429,False,False,False,False,True,True,True,1.266,4B_TRAP,False,True,H7_TRAP,7999.0,spike,9.66,,0.0,-1.242,-1.346,STOP,False,False,False
2026-09-02T04:30:00Z,CRUDEOIL,2026-09-02,zerohero,HOLDOUT,CHOP,OPENING_DRIVE,SHORT,1.0,1.52,0.4211,0.0,0.5789,0.615,8595.0,3.0,0.231,13.0,False,False,False,False,False,False,True,0.077,4B_TRAP,False,True,AMBIG,8592.0,spike,8.57,,0.117,-1.05,-1.167,STOP,False,False,False
2026-09-02T05:00:00Z,CRUDEOIL,2026-09-02,zerohero,HOLDOUT,CHOP,OPENING_DRIVE,LONG,1.0,1.905,0.65,0.2,0.15,1.238,8598.0,8.0,0.762,10.5,True,True,True,True,False,False,False,0.0,4B_TRAP,True,False,H1_CONT,8606.0,early,16.6,0.83,1.084,-1.205,-1.265,STOP,False,False,False
2026-09-02T05:05:00Z,CRUDEOIL,2026-09-02,zerohero,HOLDOUT,CHOP,OPENING_DRIVE,LONG,1.0,2.0,0.6364,0.3636,0.0,1.233,8621.0,-5.0,-0.44,11.3571,False,False,False,False,True,True,True,2.818,4B_TRAP,False,True,H7_TRAP,8616.0,spike,14.66,0.26,0.273,-1.774,-1.842,STOP,False,False,False
2026-09-02T05:15:00Z,CRUDEOIL,2026-09-02,zerohero,HOLDOUT,CHOP,OPENING_DRIVE,SHORT,0.9524,1.818,0.5,0.0,0.5,0.814,8597.57,-2.43,-0.198,12.2857,True,False,False,False,False,True,True,0.198,4B_TRAP,False,True,H7_TRAP,8600.0,spike,10.6,0.23,1.321,-1.509,-1.604,STOP,False,False,False
2026-09-02T06:10:00Z,CRUDEOIL,2026-09-02,zerohero,HOLDOUT,CHOP,FAILED_BREAKDOWN,LONG,0.9688,1.556,0.4762,0.0476,0.4762,0.622,8618.0,5.0,0.311,16.0714,False,False,False,False,True,True,True,0.498,4B_TRAP,False,True,H7_TRAP,8623.0,spike,20.63,0.1,0.339,-1.115,-1.163,STOP,False,False,False
2026-09-02T06:25:00Z,CRUDEOIL,2026-09-02,zerohero,HOLDOUT,CHOP,FAILED_BREAKOUT,LONG,1.0,2.308,0.6,0.0,0.4,1.145,8625.0,5.0,0.318,15.7143,False,False,False,False,True,True,True,1.527,4B_TRAP,False,True,H7_TRAP,8630.0,spike,30.9,,0.162,-1.392,-1.424,STOP,False,False,False
2026-09-02T06:35:00Z,CRUDEOIL,2026-09-02,zerohero,HOLDOUT,CHOP,FAILED_BREAKDOWN,SHORT,0.9459,1.714,0.5,0.5,0.0,0.694,8610.0,9.0,0.521,17.2857,False,False,False,False,False,True,True,0.694,4A_CONT,False,False,H7_TRAP,8601.0,spike,24.72,0.04,3.034,-0.971,2.96,T3,True,True,False
2026-09-02T06:55:00Z,CRUDEOIL,2026-09-02,zerohero,HOLDOUT,CHOP,FAILED_BREAKDOWN,SHORT,0.9024,1.533,0.8261,0.0,0.1739,1.031,8616.0,14.0,0.76,18.4286,True,True,True,True,False,False,False,0.0,4A_CONT,True,False,H1_CONT,8602.0,early,19.69,0.3,3.098,-0.406,2.949,T3,True,True,False
2026-09-02T07:00:00Z,CRUDEOIL,2026-09-02,zerohero,HOLDOUT,CHOP,FAILED_BREAKOUT,SHORT,0.9762,1.933,0.2414,0.3103,0.4483,0.364,8581.0,-13.0,-0.677,19.2143,True,False,False,False,False,False,False,0.0,4A_CONT,False,False,AMBIG,8594.0,spike,16.87,0.41,3.142,-0.178,2.941,T3,True,True,False
2026-09-02T07:05:00Z,CRUDEOIL,2026-09-02,zerohero,HOLDOUT,CHOP,FAILED_BREAKOUT,SHORT,1.0,3.333,0.96,0.0,0.04,2.189,8581.0,32.0,1.459,21.9286,False,True,True,True,False,False,False,0.0,4B_TRAP,False,False,AMBIG,8549.0,early,49.5,,0.465,-1.01,-1.03,STOP,False,False,False
2026-09-02T07:20:00Z,CRUDEOIL,2026-09-02,zerohero,HOLDOUT,CHOP,FAILED_BREAKOUT,SHORT,0.9348,1.733,0.3077,0.4231,0.2692,0.357,8549.0,-1.0,-0.045,22.4286,False,False,False,False,True,True,True,0.401,4B_TRAP,False,True,H7_TRAP,8550.0,spike,19.78,0.46,1.213,-1.112,-1.163,STOP,False,False,False
2026-09-02T07:45:00Z,CRUDEOIL,2026-09-02,zerohero,HOLDOUT,CHOP,TRENDING,LONG,0.9412,1.867,0.5,0.0714,0.4286,0.638,8546.0,9.0,0.41,21.9286,False,True,True,False,False,False,True,0.41,4B_TRAP,False,True,AMBIG,8555.0,early,26.84,0.11,1.975,-2.496,-2.534,STOP,False,False,False
2026-09-02T08:15:00Z,CRUDEOIL,2026-09-02,zerohero,HOLDOUT,CHOP,FAILED_BREAKOUT,LONG,0.9825,2.2,0.7576,0.0606,0.1818,1.296,8563.0,7.0,0.363,19.2857,True,True,False,False,False,False,True,0.259,4B_TRAP,True,True,H1_WEAK,8570.0,early,31.99,1.64,1.188,-2.563,-2.595,STOP,False,False,False
2026-09-02T08:25:00Z,CRUDEOIL,2026-09-02,zerohero,HOLDOUT,CHOP,FAILED_BREAKOUT,SHORT,0.9831,2.267,0.4412,0.0588,0.5,0.729,8567.0,4.0,0.194,20.5714,True,True,True,False,False,False,True,0.34,4B_TRAP,False,True,H1_WEAK,8563.0,early,18.02,1.33,1.054,-1.221,-1.276,STOP,False,False,False
2026-09-02T08:40:00Z,CRUDEOIL,2026-09-02,zerohero,HOLDOUT,CHOP,FAILED_BREAKOUT,LONG,0.9516,2.065,0.8125,0.1875,0.0,1.226,8560.0,14.0,0.66,21.2143,True,True,True,False,False,False,False,0.0,4B_TRAP,True,False,H1_CONT,8574.0,early,26.96,0.33,1.261,-3.19,-3.227,STOP,False,False,False
2026-09-02T10:10:00Z,CRUDEOIL,2026-09-02,zerohero,HOLDOUT,CHOP,FAILED_BREAKOUT,SHORT,0.95,2.067,1.0,0.0,0.0,1.831,8568.01,8.01,0.473,16.9286,False,True,True,False,False,False,True,0.236,4A_CONT,False,False,AMBIG,8560.0,early,31.93,0.19,3.226,-0.971,2.969,T3,True,True,False
2026-09-02T11:05:00Z,CRUDEOIL,2026-09-02,zerohero,HOLDOUT,CHOP,FAILED_BREAKOUT,SHORT,0.9121,1.8,0.7778,0.0741,0.1481,1.355,8561.0,9.0,0.581,15.5,True,True,True,True,False,False,False,0.0,4A_CONT,True,False,H1_CONT,8552.0,early,23.81,1.09,3.99,-0.042,2.958,T3,True,True,False
2026-09-02T11:10:00Z,CRUDEOIL,2026-09-02,zerohero,HOLDOUT,CHOP,FAILED_BREAKOUT,SHORT,1.0,4.333,0.8923,0.0,0.1077,3.019,8526.0,31.0,1.613,19.2143,False,True,True,True,False,False,False,0.0,4B_TRAP,False,False,AMBIG,8495.0,early,59.95,,1.568,-1.234,-1.251,STOP,False,False,False
2026-09-02T11:50:00Z,CRUDEOIL,2026-09-02,zerohero,HOLDOUT,CHOP,TRENDING,SHORT,0.98,2.6,0.9744,0.0,0.0256,1.647,8481.0,23.0,0.997,23.0714,True,True,True,True,False,False,False,0.0,4B_TRAP,True,False,H1_CONT,8458.0,early,39.17,,0.332,-1.021,-1.047,STOP,False,False,False
2026-09-02T13:00:00Z,CRUDEOIL,2026-09-02,zerohero,HOLDOUT,CHOP,FAILED_BREAKOUT,SHORT,0.9825,2.938,0.5106,0.0213,0.4681,1.131,8482.0,-9.0,-0.424,21.2143,True,False,False,False,True,True,True,0.189,4A_CONT,False,False,H7_TRAP,8491.0,spike,26.41,0.34,3.256,-0.227,2.962,T3,True,True,False
2026-09-02T13:20:00Z,CRUDEOIL,2026-09-02,zerohero,HOLDOUT,CHOP,TRENDING,SHORT,0.9068,1.75,0.75,0.25,0.0,1.007,8472.0,17.0,0.815,20.8571,False,True,True,True,False,False,False,0.0,4B_TRAP,False,False,AMBIG,8455.0,early,28.84,0.35,1.872,-1.283,-1.318,STOP,False,False,False
2026-09-02T13:30:00Z,CRUDEOIL,2026-09-02,zerohero,HOLDOUT,CHOP,TRENDING,SHORT,0.9167,1.812,0.2759,0.5517,0.1724,0.375,8472.0,24.0,1.124,21.3571,False,True,True,True,False,False,False,0.0,4B_TRAP,False,False,AMBIG,8448.0,early,24.87,0.52,1.89,-1.327,-1.367,STOP,False,False,False
2026-09-02T13:55:00Z,CRUDEOIL,2026-09-02,zerohero,HOLDOUT,CHOP,TRENDING,SHORT,0.984,2.938,0.9149,0.0426,0.0426,1.701,8432.0,25.0,0.989,25.2857,False,True,False,False,False,True,True,1.186,4B_TRAP,False,True,H7_TRAP,8407.0,early,46.41,,0.129,-1.185,-1.207,STOP,False,False,False
2026-09-02T14:05:00Z,CRUDEOIL,2026-09-02,zerohero,HOLDOUT,CHOP,TRENDING,LONG,0.9685,2.812,1.0,0.0,0.0,1.607,8426.0,36.0,1.286,28.0,False,True,True,True,False,False,False,0.0,4A_CONT,False,False,AMBIG,8462.0,early,46.35,0.17,3.258,-0.41,2.978,T3,True,True,False
2026-09-02T14:20:00Z,CRUDEOIL,2026-09-02,zerohero,HOLDOUT,CHOP,TRENDING,LONG,0.9538,2.303,0.7632,0.0789,0.1579,1.036,8469.0,9.0,0.321,28.0,True,True,True,True,False,False,False,0.0,4A_CONT,True,False,H1_CONT,8478.0,early,36.14,4.01,3.016,-0.083,2.972,T3,True,True,False
2026-09-02T14:30:00Z,CRUDEOIL,2026-09-02,zerohero,HOLDOUT,CHOP,FAILED_BREAKOUT,LONG,0.9015,1.706,0.4483,0.2414,0.3103,0.472,8492.0,14.0,0.508,27.5714,True,True,True,True,False,False,False,0.0,4A_CONT,False,False,H1_WEAK,8506.0,spike,22.87,5.11,3.323,-0.612,2.956,T3,True,True,False
2026-09-02T15:05:00Z,CRUDEOIL,2026-09-02,zerohero,HOLDOUT,CHOP,FAILED_BREAKOUT,LONG,0.9496,2.118,0.6389,0.0278,0.3333,0.92,8553.0,15.0,0.6,25.0,False,True,True,True,False,False,False,0.0,4X_AMBIG,False,False,AMBIG,8568.0,early,36.08,1.52,1.441,-0.527,0.776,EOD,False,False,False
2026-09-03T04:30:00Z,CRUDEOIL,2026-09-03,zerohero,HOLDOUT,CHOP,OPENING_DRIVE,SHORT,0.9167,2.375,0.7895,0.0,0.2105,1.048,8560.0,3.0,0.21,14.3077,True,True,True,True,False,False,False,0.0,4A_CONT,True,False,H1_CONT,8557.0,early,15.57,,3.147,-0.128,2.936,T3,True,True,False
2026-09-03T05:15:00Z,CRUDEOIL,2026-09-03,zerohero,HOLDOUT,CHOP,TRENDING,SHORT,0.9524,2.625,0.5714,0.1905,0.2381,1.143,8537.0,8.0,0.762,10.5,True,True,True,True,False,False,False,0.0,4A_CONT,True,False,H1_CONT,8529.0,early,16.63,,4.149,-0.18,2.94,T3,True,True,False
2026-09-03T05:40:00Z,CRUDEOIL,2026-09-03,zerohero,HOLDOUT,CHOP,TRENDING,LONG,0.9615,2.7,0.8519,0.0,0.1481,1.75,8499.0,8.0,0.609,13.1429,False,True,False,False,False,True,True,0.837,4B_TRAP,False,True,H7_TRAP,8507.0,spike,27.81,1.83,0.072,-1.69,-1.726,STOP,False,False,False
2026-09-03T06:15:00Z,CRUDEOIL,2026-09-03,zerohero,HOLDOUT,CHOP,TRENDING,SHORT,0.9697,3.364,0.6216,0.0811,0.2973,1.32,8480.0,9.0,0.516,17.4286,False,True,False,False,False,True,True,0.459,4B_TRAP,False,True,H7_TRAP,8471.0,early,27.11,,0.516,-1.033,-1.07,STOP,False,False,False
2026-09-03T06:45:00Z,CRUDEOIL,2026-09-03,zerohero,HOLDOUT,CHOP,TRENDING,LONG,0.9231,1.833,0.3182,0.0455,0.6364,0.4,8502.0,-1.0,-0.057,17.5,False,False,False,False,True,True,True,0.457,4B_TRAP,False,True,H7_TRAP,8501.0,spike,21.66,0.05,2.862,-2.262,-2.308,STOP,True,False,False
2026-09-03T07:00:00Z,CRUDEOIL,2026-09-03,zerohero,HOLDOUT,CHOP,TRENDING,LONG,0.9286,1.917,0.1304,0.5217,0.3478,0.18,8506.0,-8.0,-0.481,16.6429,True,False,False,False,True,True,True,0.24,4A_CONT,False,False,H7_TRAP,8498.0,spike,11.69,0.68,4.021,-0.342,2.914,T3,True,True,False
2026-09-03T07:40:00Z,CRUDEOIL,2026-09-03,zerohero,HOLDOUT,CHOP,FAILED_BREAKOUT,LONG,0.96,2.077,0.7407,0.1852,0.0741,1.12,8543.0,2.0,0.112,17.8571,False,False,False,False,True,True,True,0.784,4B_TRAP,False,True,H7_TRAP,8545.0,spike,22.81,0.66,0.789,-1.228,-1.271,STOP,False,False,False
2026-09-03T08:00:00Z,CRUDEOIL,2026-09-03,zerohero,HOLDOUT,CHOP,FAILED_BREAKOUT,SHORT,0.9815,3.286,0.3913,0.3043,0.3043,0.903,8528.0,-3.0,-0.151,19.9286,True,False,False,False,False,False,True,0.602,4B_TRAP,False,True,AMBIG,8531.0,spike,33.38,0.09,2.367,-1.348,-1.378,STOP,True,False,False
2026-09-03T08:05:00Z,CRUDEOIL,2026-09-03,zerohero,HOLDOUT,CHOP,FAILED_BREAKOUT,SHORT,1.0,5.5,0.5714,0.0,0.4286,1.755,8457.0,-28.0,-1.117,25.0714,False,False,False,False,True,True,True,3.709,4B_TRAP,False,True,H7_TRAP,8485.0,spike,46.31,0.6,0.108,-1.231,-1.252,STOP,False,False,False
2026-09-03T08:20:00Z,CRUDEOIL,2026-09-03,zerohero,HOLDOUT,CHOP,FAILED_BREAKOUT,LONG,0.9138,1.8,0.3704,0.3704,0.2593,0.355,8556.84,-6.84,-0.243,28.1429,False,False,False,False,True,True,True,0.456,4A_CONT,False,False,H7_TRAP,8550.0,spike,17.81,0.38,3.257,-0.618,2.944,T3,True,True,False
2026-09-03T08:50:00Z,CRUDEOIL,2026-09-03,zerohero,HOLDOUT,CHOP,FAILED_BREAKOUT,LONG,0.9219,2.067,0.7097,0.2581,0.0323,0.78,8579.72,20.28,0.719,28.2143,True,True,True,True,False,False,False,0.0,4A_CONT,True,False,H1_CONT,8600.0,early,23.93,1.46,5.349,-0.293,2.958,T3,True,True,True
2026-09-03T09:00:00Z,CRUDEOIL,2026-09-03,zerohero,HOLDOUT,CHOP,FAILED_BREAKDOWN,LONG,0.9091,2.0,0.4,0.3333,0.2667,0.405,8635.0,-4.0,-0.135,29.6429,False,False,False,False,True,True,True,0.843,4B_TRAP,False,True,H7_TRAP,8631.0,spike,20.9,0.19,0.813,-1.675,-1.722,STOP,False,False,False
2026-09-03T09:20:00Z,CRUDEOIL,2026-09-03,zerohero,HOLDOUT,CHOP,FAILED_BREAKDOWN,LONG,0.9,1.871,0.8276,0.069,0.1034,1.031,8620.0,19.0,0.816,23.2857,False,True,True,True,False,False,False,0.0,4A_CONT,False,False,AMBIG,8639.0,early,27.87,0.32,3.193,-0.61,2.964,T3,True,True,False
2026-09-03T09:35:00Z,CRUDEOIL,2026-09-03,zerohero,HOLDOUT,CHOP,FAILED_BREAKDOWN,LONG,0.9315,2.0,0.375,0.5312,0.0938,0.527,8648.0,1.0,0.044,22.7857,False,False,False,False,True,True,True,0.176,4A_CONT,False,False,H7_TRAP,8649.0,spike,15.96,,4.95,-0.689,2.937,T3,True,True,False
2026-09-03T09:55:00Z,CRUDEOIL,2026-09-03,zerohero,HOLDOUT,CHOP,FAILED_BREAKDOWN,LONG,0.974,3.938,0.7143,0.2698,0.0159,1.717,8670.0,41.0,1.564,26.2143,False,True,True,True,False,False,False,0.0,4B_TRAP,False,False,AMBIG,8711.0,early,47.89,,1.67,-1.378,-1.399,STOP,False,False,False
2026-09-03T10:05:00Z,CRUDEOIL,2026-09-03,zerohero,HOLDOUT,CHOP,FAILED_BREAKDOWN,LONG,0.9367,2.438,0.6154,0.1795,0.2051,0.889,8728.0,5.0,0.185,27.0,False,True,True,True,False,False,False,0.0,4B_TRAP,False,False,AMBIG,8733.0,early,33.17,,1.749,-1.055,-1.085,STOP,False,False,False
2026-09-03T10:30:00Z,CRUDEOIL,2026-09-03,zerohero,HOLDOUT,CHOP,FAILED_BREAKDOWN,LONG,0.9167,2.0,0.6765,0.1176,0.2059,0.852,8747.0,20.0,0.741,27.0,True,True,True,True,False,False,False,0.0,4B_TRAP,True,False,H1_CONT,8767.0,early,31.02,0.23,0.774,-1.128,-1.161,STOP,False,False,False
2026-09-03T11:00:00Z,CRUDEOIL,2026-09-03,zerohero,HOLDOUT,CHOP,TRENDING,SHORT,0.9222,2.0,0.5882,0.0,0.4118,0.704,8756.0,10.0,0.352,28.4286,True,True,True,True,False,False,False,0.0,4B_TRAP,True,False,H1_CONT,8746.0,early,21.02,13.48,2.284,-1.094,-1.142,STOP,True,False,False
2026-09-03T11:05:00Z,CRUDEOIL,2026-09-03,zerohero,HOLDOUT,CHOP,FAILED_BREAKDOWN,SHORT,0.967,2.882,0.8776,0.102,0.0204,1.568,8732.0,28.0,1.021,27.4286,False,True,True,True,False,False,False,0.0,4B_TRAP,False,False,AMBIG,8704.0,early,49.47,4.88,0.121,-1.273,-1.294,STOP,False,False,False
2026-09-03T12:30:00Z,CRUDEOIL,2026-09-03,zerohero,HOLDOUT,CHOP,FAILED_BREAKDOWN,LONG,0.9352,2.412,0.6098,0.1707,0.2195,1.108,8700.0,13.0,0.576,22.5714,True,True,True,False,False,False,True,0.044,4B_TRAP,True,True,H1_CONT,8713.0,early,35.23,1.87,0.568,-1.221,-1.249,STOP,False,False,False
2026-09-03T13:15:00Z,CRUDEOIL,2026-09-03,zerohero,HOLDOUT,CHOP,FAILED_BREAKOUT,LONG,0.9145,1.944,0.7143,0.0,0.2857,0.986,8670.0,10.0,0.394,25.3571,False,False,False,False,True,True,True,0.592,4B_TRAP,False,True,H7_TRAP,8680.0,spike,36.05,0.19,0.166,-1.026,-1.054,STOP,False,False,False
2026-09-03T13:45:00Z,CRUDEOIL,2026-09-03,zerohero,HOLDOUT,CHOP,FAILED_BREAKOUT,LONG,0.935,2.053,0.8205,0.1026,0.0769,1.103,8684.0,28.0,0.966,29.0,False,True,False,False,False,True,True,0.69,4B_TRAP,False,True,H7_TRAP,8712.0,early,36.17,2.18,0.055,-1.493,-1.521,STOP,False,False,False
2026-09-03T13:55:00Z,CRUDEOIL,2026-09-03,zerohero,HOLDOUT,CHOP,FAILED_BREAKDOWN,SHORT,0.952,2.211,0.7619,0.0952,0.1429,1.087,8691.0,27.0,0.917,29.4286,False,False,False,False,True,True,True,0.408,4B_TRAP,False,True,H7_TRAP,8664.0,spike,37.26,0.56,0.0,-1.181,-1.208,STOP,False,False,False
2026-09-03T14:00:00Z,CRUDEOIL,2026-09-03,zerohero,HOLDOUT,CHOP,FAILED_BREAKOUT,LONG,0.9603,2.316,0.5909,0.1136,0.2955,0.854,8700.0,3.0,0.099,30.4286,False,False,False,False,False,True,True,0.394,4B_TRAP,False,True,H7_TRAP,8703.0,spike,40.32,0.32,0.918,-1.24,-1.265,STOP,False,False,False
2026-09-03T15:25:00Z,CRUDEOIL,2026-09-03,zerohero,HOLDOUT,CHOP,FAILED_BREAKDOWN,SHORT,0.979,2.6,0.9038,0.0577,0.0385,1.637,8710.0,20.0,0.697,28.7143,True,True,True,True,False,False,False,0.0,4X_AMBIG,True,False,H1_CONT,8690.0,early,51.56,0.23,1.649,-0.136,1.222,EOD,False,False,False
2026-09-03T15:50:00Z,CRUDEOIL,2026-09-03,zerohero,HOLDOUT,CHOP,FAILED_BREAKOUT,SHORT,0.9797,2.476,0.6731,0.1538,0.1731,1.079,8635.0,7.0,0.216,32.4286,True,True,True,True,False,False,False,0.0,4B_TRAP,True,False,H1_CONT,8628.0,early,44.56,3.71,0.516,-1.459,-1.481,STOP,False,False,False
2026-09-04T05:25:00Z,CRUDEOIL,2026-09-04,zerohero,HOLDOUT,CHOP,OPENING_DRIVE,SHORT,0.9565,1.889,0.5294,0.4118,0.0588,0.808,8632.0,5.0,0.449,11.1429,False,True,True,False,False,False,True,0.897,4B_TRAP,False,True,AMBIG,8627.0,spike,16.51,10.6,0.182,-1.211,-1.272,STOP,False,False,False
2026-09-04T05:30:00Z,CRUDEOIL,2026-09-04,zerohero,HOLDOUT,CHOP,OPENING_DRIVE,SHORT,0.9583,1.895,0.0556,0.7222,0.2222,0.086,8626.0,-3.0,-0.258,11.6429,False,False,False,False,True,True,True,2.061,4B_TRAP,False,True,H7_TRAP,8629.0,spike,13.54,13.07,0.295,-1.329,-1.403,STOP,False,False,False
2026-09-04T05:40:00Z,CRUDEOIL,2026-09-04,zerohero,HOLDOUT,CHOP,OPENING_DRIVE,LONG,0.9615,1.905,0.7,0.25,0.05,1.133,8643.0,-1.0,-0.081,12.3571,True,False,False,False,False,False,True,0.89,4B_TRAP,False,True,AMBIG,8642.0,spike,15.6,0.06,1.154,-1.218,-1.282,STOP,False,False,False
2026-09-04T05:55:00Z,CRUDEOIL,2026-09-04,zerohero,HOLDOUT,CHOP,OPENING_DRIVE,SHORT,0.9655,1.818,0.55,0.0,0.45,0.815,8624.0,-8.0,-0.593,13.5,False,False,False,False,True,True,True,1.778,4B_TRAP,False,True,H7_TRAP,8632.0,spike,11.6,0.69,0.0,-1.552,-1.638,STOP,False,False,False
2026-09-04T06:05:00Z,CRUDEOIL,2026-09-04,zerohero,HOLDOUT,CHOP,OPENING_DRIVE,SHORT,0.9677,2.167,0.4615,0.2692,0.2692,0.771,8633.0,-5.0,-0.321,15.5714,False,False,False,False,True,True,True,0.193,4B_TRAP,False,True,H7_TRAP,8638.0,spike,19.78,0.54,0.91,-1.062,-1.112,STOP,False,False,False
2026-09-04T06:40:00Z,CRUDEOIL,2026-09-04,zerohero,HOLDOUT,CHOP,OPENING_DRIVE,SHORT,0.9474,2.273,0.72,0.28,0.0,1.161,8625.0,3.0,0.194,15.5,False,False,False,False,True,True,True,1.484,4B_TRAP,False,True,H7_TRAP,8622.0,spike,25.75,6.6,0.0,-1.01,-1.049,STOP,False,False,False
2026-09-04T06:55:00Z,CRUDEOIL,2026-09-04,zerohero,HOLDOUT,CHOP,OPENING_DRIVE,SHORT,0.9268,2.182,0.875,0.0833,0.0417,1.342,8629.0,2.0,0.128,15.6429,False,False,False,False,True,True,True,1.215,4B_TRAP,False,True,H7_TRAP,8627.0,spike,23.72,0.2,0.0,-1.012,-1.054,STOP,False,False,False
2026-09-04T07:20:00Z,CRUDEOIL,2026-09-04,zerohero,HOLDOUT,CHOP,OPENING_DRIVE,SHORT,0.913,1.76,0.3636,0.3636,0.2727,0.509,8635.0,3.0,0.191,15.7143,True,True,True,True,False,False,False,0.0,4B_TRAP,False,False,H1_WEAK,8632.0,spike,16.66,0.58,0.06,-1.321,-1.381,STOP,False,False,False
2026-09-04T07:25:00Z,CRUDEOIL,2026-09-04,zerohero,HOLDOUT,CHOP,OPENING_DRIVE,SHORT,0.9149,1.769,0.2174,0.7826,0.0,0.298,8635.0,4.0,0.238,16.7857,True,True,True,True,False,False,False,0.0,4A_CONT,False,False,H1_WEAK,8631.0,early,23.69,0.37,3.081,-0.042,2.958,T3,True,True,False
2026-09-04T07:40:00Z,CRUDEOIL,2026-09-04,zerohero,HOLDOUT,CHOP,OPENING_DRIVE,SHORT,0.98,2.296,0.6452,0.0,0.3548,1.022,8604.0,4.0,0.204,19.5714,True,True,True,True,False,False,False,0.0,4A_CONT,True,False,H1_CONT,8600.0,early,20.93,7.07,3.153,0.0,2.952,T3,True,True,False
2026-09-04T07:45:00Z,CRUDEOIL,2026-09-04,zerohero,HOLDOUT,CHOP,OPENING_DRIVE,SHORT,0.9804,2.714,0.8158,0.0,0.1842,1.428,8589.0,21.0,0.967,21.7143,False,True,True,True,False,False,False,0.0,4B_TRAP,False,False,AMBIG,8568.0,early,32.14,3.61,1.12,-1.182,-1.213,STOP,False,False,False
2026-09-04T08:05:00Z,CRUDEOIL,2026-09-04,zerohero,HOLDOUT,CHOP,OPENING_DRIVE,SHORT,0.9455,1.933,0.7586,0.2069,0.0345,0.975,8561.0,-1.0,-0.044,22.5714,True,False,False,False,False,False,False,0.0,4B_TRAP,False,False,AMBIG,8562.0,spike,28.87,0.14,1.039,-1.039,-1.074,STOP,False,False,False
2026-09-04T09:15:00Z,CRUDEOIL,2026-09-04,zerohero,HOLDOUT,CHOP,OPENING_DRIVE,SHORT,0.9275,1.867,0.7857,0.0,0.2143,1.092,8580.0,15.0,0.745,20.1429,False,True,True,True,False,False,False,0.0,4B_TRAP,False,False,AMBIG,8565.0,early,22.84,1.44,0.438,-1.27,-1.313,STOP,False,False,False
2026-09-04T10:15:00Z,CRUDEOIL,2026-09-04,zerohero,HOLDOUT,CHOP,OPENING_DRIVE,SHORT,0.9753,2.267,0.9118,0.0,0.0882,1.764,8583.0,28.0,1.593,17.5714,False,True,True,True,False,False,False,0.0,4A_CONT,False,False,AMBIG,8555.0,early,32.02,3.22,4.341,-0.593,2.969,T3,True,True,False
2026-09-04T12:50:00Z,CRUDEOIL,2026-09-04,zerohero,HOLDOUT,CHOP,OPENING_DRIVE,SHORT,0.9911,3.355,0.8077,0.0,0.1923,2.028,8518.0,25.0,1.207,20.7143,True,True,True,True,False,False,False,0.0,4B_TRAP,True,False,H1_CONT,8493.0,early,43.56,0.94,2.732,-1.377,-1.4,STOP,True,False,False
2026-09-04T13:00:00Z,CRUDEOIL,2026-09-04,zerohero,HOLDOUT,CHOP,OPENING_DRIVE,LONG,0.9298,1.75,0.9286,0.0714,0.0,1.197,8498.0,16.0,0.737,21.7143,True,True,True,True,False,False,False,0.0,4B_TRAP,True,False,H1_CONT,8514.0,early,26.84,2.09,0.708,-1.08,-1.118,STOP,False,False,False
2026-09-04T13:30:00Z,CRUDEOIL,2026-09-04,zerohero,HOLDOUT,CHOP,OPENING_DRIVE,SHORT,0.975,2.5,1.0,0.0,0.0,1.551,8479.0,13.0,0.504,25.7857,True,True,True,True,False,False,False,0.0,4B_TRAP,True,False,H1_CONT,8466.0,early,41.2,0.34,2.233,-1.311,-1.335,STOP,True,False,False
2026-09-04T13:35:00Z,CRUDEOIL,2026-09-04,zerohero,HOLDOUT,CHOP,TRENDING,SHORT,0.9917,3.312,0.9057,0.0377,0.0566,1.672,8452.0,33.0,1.149,28.7143,False,True,True,True,False,False,False,0.0,4B_TRAP,False,False,AMBIG,8419.0,early,51.59,,0.872,-1.163,-1.182,STOP,False,False,False
2026-09-04T13:45:00Z,CRUDEOIL,2026-09-04,zerohero,HOLDOUT,CHOP,TRENDING,SHORT,0.9268,1.938,0.5806,0.2258,0.1935,0.636,8479.0,78.0,2.758,28.2857,True,True,True,True,False,False,False,0.0,4B_TRAP,True,False,H1_CONT,8401.0,early,25.93,0.5,1.041,-2.16,-2.198,STOP,False,False,False
2026-09-04T13:55:00Z,CRUDEOIL,2026-09-04,zerohero,HOLDOUT,CHOP,TRENDING,LONG,0.904,1.706,0.6552,0.1034,0.2414,0.63,8402.0,-2.0,-0.066,30.1429,True,False,False,False,False,False,False,0.0,4A_CONT,False,False,AMBIG,8400.0,early,26.87,0.97,3.312,0.0,2.963,T3,True,True,False
2026-09-04T14:00:00Z,CRUDEOIL,2026-09-04,zerohero,HOLDOUT,CHOP,TRENDING,LONG,0.9762,3.0,0.8431,0.1569,0.0,1.42,8426.0,23.0,0.759,30.2857,False,True,False,False,False,True,True,0.33,4B_TRAP,False,True,H7_TRAP,8449.0,spike,44.53,4.27,0.0,-1.078,-1.1,STOP,False,False,False
2026-09-04T14:05:00Z,CRUDEOIL,2026-09-04,zerohero,HOLDOUT,CHOP,OPENING_DRIVE,LONG,0.9606,2.647,0.3556,0.0,0.6444,0.494,8426.0,4.0,0.124,32.3571,False,False,False,False,True,True,True,0.309,4A_CONT,False,False,H7_TRAP,8430.0,spike,30.35,6.89,4.053,-0.593,2.967,T3,True,True,False
2026-09-04T14:40:00Z,CRUDEOIL,2026-09-04,zerohero,HOLDOUT,CHOP,OPENING_DRIVE,LONG,0.9179,1.824,0.7097,0.2903,0.0,0.688,8489.0,22.0,0.688,32.0,True,True,True,True,False,False,False,0.0,4A_CONT,True,False,H1_CONT,8511.0,early,22.93,5.58,3.096,-0.131,2.956,T3,True,True,False
2026-09-04T14:45:00Z,CRUDEOIL,2026-09-04,zerohero,HOLDOUT,CHOP,OPENING_DRIVE,LONG,0.963,2.647,0.7333,0.1556,0.1111,1.05,8520.0,26.0,0.827,31.4286,True,True,True,False,False,False,True,0.127,4B_TRAP,True,True,H1_CONT,8546.0,early,39.35,2.36,0.915,-1.118,-1.144,STOP,False,False,False
2026-09-04T14:50:00Z,CRUDEOIL,2026-09-04,zerohero,HOLDOUT,CHOP,OPENING_DRIVE,LONG,0.9338,2.118,0.5278,0.0278,0.4444,0.602,8553.0,13.0,0.412,31.5714,True,True,False,False,False,True,True,1.172,4B_TRAP,False,True,H7_TRAP,8566.0,early,36.08,2.02,0.443,-1.441,-1.469,STOP,False,False,False
2026-09-04T15:00:00Z,CRUDEOIL,2026-09-04,zerohero,HOLDOUT,CHOP,OPENING_DRIVE,SHORT,0.9928,4.0,0.8088,0.1618,0.0294,1.638,8560.0,44.0,1.311,33.5714,False,True,True,True,False,False,False,0.0,4B_TRAP,False,False,AMBIG,8516.0,early,68.04,0.56,0.206,-1.044,-1.058,STOP,False,False,False
2026-09-04T15:50:00Z,CRUDEOIL,2026-09-04,zerohero,HOLDOUT,CHOP,OPENING_DRIVE,LONG,0.9257,2.059,0.7429,0.0,0.2571,0.958,8571.0,16.0,0.589,27.1429,False,True,True,False,False,False,True,0.037,4B_TRAP,False,True,AMBIG,8587.0,early,36.05,1.44,0.194,-1.47,-1.498,STOP,False,False,False
2026-09-04T16:55:00Z,CRUDEOIL,2026-09-04,zerohero,HOLDOUT,CHOP,OPENING_DRIVE,LONG,0.9068,1.824,0.8065,0.0645,0.129,1.186,8580.0,20.0,0.949,21.0714,True,True,False,False,False,True,True,0.902,4B_TRAP,False,True,H7_TRAP,8600.0,early,29.93,1.3,0.501,-1.136,-1.169,STOP,False,False,False
2026-09-04T17:05:00Z,CRUDEOIL,2026-09-04,zerohero,HOLDOUT,CHOP,OPENING_DRIVE,SHORT,0.9693,2.882,0.8367,0.0408,0.1224,1.834,8597.0,25.0,1.118,22.3571,True,True,True,True,False,False,False,0.0,4X_AMBIG,True,False,H1_CONT,8572.0,early,44.47,0.45,0.337,-0.472,-0.135,EOD,False,False,False
