timestamp,symbol,session,regime,event_direction,spike_class,open,high,low,close,range,body,body_pct,upper_wick,lower_wick,wick_body_ratio,range_x,range_pctile,range_atr,displacement_x,volume,vol_x,vol_pctile,vol_accel,ce_strike,pe_strike,ce_oi,pe_oi,ce_oi_chg,pe_oi_chg,oi_class,rel_oi_chg,profile_loc,profile_class,dist_poc,dist_vah,dist_val,dist_sess_hi,dist_sess_lo,dist_prev_swing_hi,dist_prev_swing_lo,level_interaction,dist_broken_level,pre5_rng_contraction,pre8_rng_contraction,pre5_vol_contraction,pre5_atr_compression,pre10_rng_contraction,entry_spike,entry_rej,sl_spike,sl_rej,sl_prevstruct,R_spike_sl,R_rej_sl,avail_R_spike_sl,avail_R_rej_sl,accept_1,accept_2,accept_3,post_returned_into_spike,post_broke_spike_extreme,structure_bar,n1_dir,n2_dir,n3_dir,MFE,MAE,MFE_R,MAE_R,max_R,final_R,stop_bar,reached_1R,reached_2R,reached_3R,reached_4R,reached_5R,reached_6R,reached_8R,reached_10R,outcome_class
2026-09-01T08:55:00Z,NIFTY,2026-09-01,TREND_DOWN,LONG,bullish_expansion,24072.7,24109.0,24070.0,24109.0,39.0,36.3,0.931,0.0,2.7,0.07,1.58,0.9,1.43,1.33,1370.0,0.83,0.5,0.87,24100.0,24100.0,,,,,ambiguous,,NA,NA,,,,84.9,45.0,,42.0,C_broke_accepted,24.0,0.474,0.489,0.868,0.891,0.527,24109.0,,24070.0,,24067.0,39.0,,2.18,,REJECTION,REJECTION,REJECTION,False,True,3,DOWN,DOWN,UP,7.0,-35.0,0.18,-0.9,0.18,0.03,,False,False,False,False,False,False,False,False,CHOP
2026-09-02T04:00:00Z,NIFTY,2026-09-02,CHOP,LONG,bullish_rejection,23970.2,23979.8,23958.7,23977.0,21.1,6.8,0.322,2.8,11.5,2.1,0.53,,0.76,0.25,3585.0,1.62,,2.49,24000.0,24000.0,9684025.0,4819360.0,603200.0,-77480.0,price_up_OI_up,603200.0,NA,NA,,,,23.0,37.0,23.0,37.0,E_open_space,,,,,,,23977.0,23977.0,23958.7,23958.7,23940.0,18.3,18.3,1.26,1.26,NA,NA,NA,True,True,,DOWN,UP,DOWN,5.0,-22.8,0.27,-1.25,0.27,0.97,2,False,False,False,False,False,False,False,False,REVERSAL
2026-09-02T04:50:00Z,NIFTY,2026-09-02,CHOP,LONG,bullish_expansion,23984.6,24018.0,23982.1,24010.0,35.9,25.4,0.708,8.0,2.5,0.41,1.63,0.846,1.49,1.05,1509.0,1.0,0.714,3.21,24000.0,24000.0,11616995.0,5148325.0,159705.0,36010.0,price_up_OI_up,159705.0,NA,NA,,,,-10.0,70.0,-20.2,40.0,A_broke,10.0,0.295,0.202,0.556,0.782,0.162,24010.0,24012.0,23982.1,24001.0,23970.0,27.9,11.0,,,ACCEPTANCE,ACCEPTANCE,MIXED,False,True,3,UP,UP,DOWN,18.5,-35.0,0.66,-1.25,0.66,-0.54,5,False,False,False,False,False,False,False,False,REVERSAL
2026-09-02T06:40:00Z,NIFTY,2026-09-02,CHOP,LONG,bullish_expansion,23948.9,23983.9,23948.9,23980.9,35.0,32.0,0.914,3.0,0.0,0.09,1.96,0.914,1.91,1.75,2495.0,2.89,0.944,11.14,24000.0,24000.0,13861835.0,5070780.0,225225.0,-38220.0,price_up_OI_up,225225.0,UPPER_VA,inside_value,8.4,-1.6,28.4,47.6,40.9,-4.9,38.5,B_swept_returned,1.6,0.375,0.235,0.54,0.797,0.21,23980.9,23968.4,23948.9,23955.0,23942.4,32.0,13.4,0.05,0.57,REJECTION,REJECTION,MIXED,False,True,2,DOWN,DOWN,UP,68.1,-25.9,2.13,-0.81,2.13,0.43,,True,True,False,False,False,False,False,False,CONTINUATION
2026-09-02T07:00:00Z,NIFTY,2026-09-02,CHOP,LONG,neutral,23979.0,24002.9,23974.6,23988.7,28.3,9.7,0.343,14.2,4.4,1.92,1.54,0.821,1.48,0.51,472.0,0.55,0.525,3.11,24000.0,24000.0,14036295.0,5146895.0,-16640.0,-2015.0,price_up_OI_down,-16640.0,ABOVE_VA,above_VAH,16.2,6.2,36.2,39.8,48.7,-0.3,33.7,A_broke,0.3,0.46,0.312,0.837,1.032,0.25,23988.7,23991.9,23974.6,23983.6,23955.0,14.1,8.3,2.82,4.41,ACCEPTANCE,ACCEPTANCE,ACCEPTANCE,False,True,3,UP,UP,UP,60.3,-8.7,4.28,-0.62,4.28,0.43,,True,True,True,True,False,False,False,False,CONTINUATION
2026-09-02T07:45:00Z,NIFTY,2026-09-02,CHOP,SHORT,neutral,24016.1,24021.0,24008.0,24009.2,13.0,6.9,0.531,4.9,1.2,0.88,0.71,0.25,0.72,0.38,2321.0,3.04,0.918,8.66,24000.0,24000.0,12617605.0,5305430.0,0.0,0.0,ambiguous,0.0,ABOVE_VA,above_VAH,36.7,21.7,56.7,19.3,69.2,8.8,17.2,E_open_space,,0.305,0.248,0.343,0.948,0.301,24009.2,24014.0,24021.0,24027.0,24018.0,11.8,13.0,1.46,1.69,NA,NA,NA,True,True,,UP,DOWN,UP,0.2,-17.8,0.02,-1.51,0.02,1.22,1,False,False,False,False,False,False,False,False,REVERSAL
2026-09-02T08:20:00Z,NIFTY,2026-09-02,CHOP,LONG,neutral,23994.2,24009.7,23980.0,24009.3,29.7,15.1,0.508,0.4,14.2,0.97,1.66,0.891,1.57,0.8,948.0,1.26,0.804,1.53,24000.0,24000.0,12617605.0,5305430.0,0.0,0.0,ambiguous,0.0,ABOVE_VA,acceptance_outside_value,36.8,16.8,56.8,19.2,69.3,15.5,9.0,C_broke_accepted,16.8,0.371,0.232,0.514,1.005,0.196,24009.3,24015.0,23980.0,24001.1,24000.3,29.3,13.9,0.53,0.71,ACCEPTANCE,ACCEPTANCE,ACCEPTANCE,False,True,,UP,UP,UP,39.7,-24.0,1.35,-0.82,1.35,-0.49,,True,False,False,False,False,False,False,False,CHOP
2026-09-02T08:35:00Z,NIFTY,2026-09-02,CHOP,LONG,bullish_expansion,24010.8,24040.0,24010.8,24038.0,29.2,27.2,0.932,2.0,0.0,0.07,1.62,0.862,1.51,1.41,800.0,1.08,0.746,1.98,24050.0,24050.0,5097105.0,1140880.0,0.0,0.0,ambiguous,0.0,ABOVE_VA,above_VAH,65.5,40.5,85.5,-9.5,98.0,-13.2,58.0,B_swept_returned,9.5,0.51,0.325,0.669,1.034,0.26,24038.0,,24010.8,,23980.0,27.2,,,,REJECTION,REJECTION,REJECTION,True,True,,DOWN,DOWN,DOWN,1.0,-29.7,0.04,-1.09,0.04,-1.59,2,False,False,False,False,False,False,False,False,REVERSAL
2026-09-02T09:00:00Z,NIFTY,2026-09-02,CHOP,LONG,bullish_expansion,24021.6,24049.0,24021.5,24038.2,27.5,16.6,0.604,10.8,0.1,0.66,1.51,0.825,1.37,0.83,878.0,1.23,0.797,3.53,24050.0,24050.0,5097105.0,1140880.0,0.0,0.0,ambiguous,0.0,ABOVE_VA,above_VAH,65.7,35.7,85.7,1.8,98.2,1.8,58.2,B_swept_returned,1.8,0.381,0.412,0.62,1.086,0.33,24038.2,,24021.5,,23980.0,16.7,,0.11,,ACCEPTANCE,MIXED,MIXED,True,False,,UP,DOWN,UP,9.8,-21.4,0.59,-1.28,0.59,-2.6,1,False,False,False,False,False,False,False,False,REVERSAL
2026-09-02T10:00:00Z,NIFTY,2026-09-02,CHOP,SHORT,bearish_expansion,24006.5,24009.0,23991.0,23992.0,18.0,14.5,0.806,2.5,1.0,0.24,0.97,0.453,0.93,0.75,1176.0,1.69,0.868,1.45,24000.0,24000.0,12617605.0,5305430.0,0.0,0.0,ambiguous,0.0,UPPER_VA,inside_value,19.5,-15.5,34.5,57.0,52.0,17.5,6.7,C_broke_accepted,3.0,0.32,0.363,0.918,0.746,0.317,23992.0,,24009.0,,24009.5,17.0,,0.39,,REJECTION,REJECTION,REJECTION,False,True,,UP,,,2.0,-7.0,0.12,-0.41,0.12,-0.16,,False,False,False,False,False,False,False,False,CHOP
2026-09-03T04:55:00Z,NIFTY,2026-09-03,TREND_DOWN,SHORT,neutral,24120.2,24128.8,24102.7,24106.7,26.1,13.5,0.517,8.6,4.0,0.93,1.58,0.857,1.43,0.74,314.0,0.41,0.4,1.6,24100.0,24100.0,8928010.0,4410185.0,342290.0,-64350.0,price_down_OI_down,-64350.0,LOWER_VA,inside_value,-20.8,-35.8,9.2,41.3,31.1,30.3,31.1,C_broke_accepted,9.7,0.249,0.239,0.319,0.745,0.23,24106.7,24099.4,24128.8,24112.0,24137.0,22.1,12.6,0.42,0.15,ACCEPTANCE,ACCEPTANCE,ACCEPTANCE,False,True,4,DOWN,DOWN,DOWN,135.6,-5.3,6.14,-0.24,6.14,5.97,,True,True,True,True,True,True,False,False,CONTINUATION
2026-09-03T05:45:00Z,NIFTY,2026-09-03,TREND_DOWN,LONG,bullish_expansion,24040.0,24067.1,24035.3,24061.8,31.8,21.8,0.686,5.3,4.7,0.46,1.75,0.958,1.63,1.12,495.0,0.77,0.48,0.71,24050.0,24050.0,7241065.0,2159235.0,260390.0,-63570.0,price_up_OI_up,260390.0,BELOW_VA,acceptance_outside_value,-25.7,-70.7,-20.7,86.2,25.8,23.4,-9.2,C_broke_accepted,5.8,0.641,0.457,0.714,0.985,0.51,24061.8,,24035.3,,24071.0,26.5,,0.88,,ACCEPTANCE,ACCEPTANCE,ACCEPTANCE,False,True,,DOWN,UP,UP,36.9,-37.1,1.39,-1.4,1.39,-3.28,11,True,False,False,False,False,False,False,False,REVERSAL
2026-09-03T06:30:00Z,NIFTY,2026-09-03,TREND_DOWN,SHORT,bearish_expansion,24070.0,24074.0,24045.0,24049.7,29.0,20.3,0.7,4.0,4.7,0.43,1.65,0.939,1.55,1.09,364.0,0.67,0.529,2.66,24050.0,24050.0,7093905.0,2102035.0,,,ambiguous,,BELOW_VA,acceptance_outside_value,-37.8,-82.8,-27.8,98.3,14.4,40.8,-20.3,C_broke_accepted,11.4,0.427,0.267,0.345,0.881,0.36,24049.7,,24074.0,,24090.5,24.3,,0.59,,ACCEPTANCE,ACCEPTANCE,ACCEPTANCE,False,True,,DOWN,UP,DOWN,78.6,-9.3,3.23,-0.38,3.23,3.08,,True,True,True,False,False,False,False,False,CONTINUATION
2026-09-03T06:45:00Z,NIFTY,2026-09-03,TREND_DOWN,SHORT,neutral,24046.2,24051.4,24024.7,24033.0,26.7,13.2,0.494,5.2,8.3,1.02,1.55,0.889,1.42,0.7,776.0,1.49,0.865,3.42,24050.0,24050.0,7373080.0,2025530.0,148980.0,16770.0,price_down_OI_up,16770.0,BELOW_VA,acceptance_outside_value,-54.5,-104.5,-44.5,115.0,-2.3,57.5,-7.0,C_broke_accepted,2.3,0.528,0.427,0.46,0.946,0.341,24033.0,24025.0,24051.4,24039.5,24090.5,18.4,14.5,,,ACCEPTANCE,ACCEPTANCE,MIXED,False,True,4,DOWN,UP,UP,23.3,-25.5,1.27,-1.39,1.27,3.16,14,True,False,False,False,False,False,False,False,REVERSAL
2026-09-03T08:00:00Z,NIFTY,2026-09-03,TREND_DOWN,LONG,bullish_expansion,24025.0,24058.5,24024.0,24050.0,34.5,25.0,0.725,8.5,1.0,0.38,1.84,0.98,1.68,1.22,353.0,0.71,0.481,0.67,24050.0,24050.0,8507200.0,1839955.0,22620.0,19305.0,price_up_OI_up,22620.0,BELOW_VA,below_VAL,-37.5,-97.5,-2.5,98.0,40.3,0.0,27.0,B_swept_returned,0.0,0.429,0.268,0.609,0.831,0.214,24050.0,,24024.0,,24023.0,26.0,,3.75,,ACCEPTANCE,ACCEPTANCE,ACCEPTANCE,True,True,,DOWN,DOWN,UP,9.0,-28.0,0.35,-1.08,0.35,-2.89,0,False,False,False,False,False,False,False,False,REVERSAL
2026-09-03T08:05:00Z,NIFTY,2026-09-03,TREND_DOWN,SHORT,bearish_expansion,24049.5,24059.0,24022.0,24024.0,37.0,25.5,0.689,9.5,2.0,0.45,1.96,0.981,1.7,1.17,266.0,0.54,0.302,0.75,24000.0,24000.0,21981310.0,9649770.0,-490685.0,-245895.0,price_down_OI_down,-245895.0,BELOW_VA,below_VAL,-63.5,-123.5,-28.5,124.0,14.3,26.0,14.3,D_failed_immediately,0.0,0.516,0.323,0.695,0.966,0.258,24024.0,24023.5,24059.0,24034.0,24050.0,35.0,10.5,0.41,1.31,REJECTION,REJECTION,REJECTION,False,True,2,DOWN,UP,DOWN,52.9,-21.9,1.51,-0.63,1.51,1.41,,True,False,False,False,False,False,False,False,CHOP
2026-09-03T09:15:00Z,NIFTY,2026-09-03,TREND_DOWN,LONG,bullish_rejection,24027.0,24037.0,24020.7,24030.5,16.3,3.5,0.215,6.5,6.3,3.66,0.93,0.455,0.97,0.21,745.0,1.72,0.896,1.63,24050.0,24050.0,8646040.0,1722695.0,9750.0,13195.0,price_up_OI_up,9750.0,AT_POC,near_POC,-2.0,-72.0,13.0,117.5,20.8,15.4,5.5,B_swept_returned,0.5,0.278,0.174,0.597,0.694,0.144,24030.5,24030.5,24020.7,24020.7,24025.0,9.8,9.8,1.57,1.57,REJECTION,REJECTION,REJECTION,True,False,,DOWN,DOWN,UP,4.5,-24.3,0.46,-2.48,0.46,-5.68,1,False,False,False,False,False,False,False,False,REVERSAL
2026-09-03T09:25:00Z,NIFTY,2026-09-03,TREND_DOWN,SHORT,neutral,24022.0,24032.1,24006.2,24011.0,25.9,11.0,0.425,10.1,4.8,1.35,1.51,0.882,1.5,0.64,1046.0,2.37,0.971,1.73,24000.0,24000.0,22235460.0,9380605.0,-209170.0,-4355.0,price_down_OI_down,-4355.0,BELOW_VA,below_VAL,-21.5,-91.5,-6.5,137.0,1.3,26.0,-9.7,B_swept_returned,1.3,0.224,0.183,1.051,0.698,0.147,24011.0,,24032.1,,24037.0,21.1,,0.06,,REJECTION,MIXED,MIXED,False,True,3,UP,UP,UP,39.9,-16.0,1.89,-0.76,1.89,1.72,,True,False,False,False,False,False,False,False,CHOP
2026-09-03T09:35:00Z,NIFTY,2026-09-03,TREND_DOWN,LONG,bullish_rejection,24010.0,24014.5,23996.3,24010.5,18.2,0.5,0.027,4.0,13.7,35.4,1.03,0.514,1.03,0.03,1358.0,3.02,0.986,3.04,24000.0,24000.0,22006335.0,9195355.0,0.0,0.0,ambiguous,0.0,BELOW_VA,below_VAL,-22.0,-92.0,-7.0,137.5,4.5,26.5,-10.2,E_open_space,,0.352,0.283,1.468,0.96,0.227,24010.5,24010.5,23996.3,23996.3,24020.7,14.2,14.2,1.87,1.87,NA,NA,NA,True,True,,UP,UP,DOWN,11.5,-27.1,0.81,-1.91,0.81,-2.51,3,False,False,False,False,False,False,False,False,REVERSAL
2026-09-03T09:40:00Z,NIFTY,2026-09-03,TREND_DOWN,LONG,neutral,24010.5,24022.0,24004.1,24020.0,17.9,9.5,0.531,2.0,6.4,0.88,1.02,0.507,1.01,0.54,948.0,2.05,0.917,0.7,24000.0,24000.0,22006335.0,9195355.0,0.0,0.0,ambiguous,0.0,AT_POC,near_POC,-12.5,-77.5,12.5,128.0,23.7,17.0,-0.7,A_broke,5.5,0.463,0.31,1.818,1.067,0.282,24020.0,,24004.1,,24020.7,15.9,,1.07,,REJECTION,REJECTION,REJECTION,True,False,,UP,DOWN,DOWN,1.0,-16.9,0.06,-1.06,0.06,-2.84,1,False,False,False,False,False,False,False,False,REVERSAL
2026-09-03T09:55:00Z,NIFTY,2026-09-03,TREND_DOWN,SHORT,bearish_expansion,24005.2,24007.6,23983.4,23990.0,24.2,15.2,0.628,2.4,6.6,0.59,1.37,0.838,1.36,0.86,757.0,1.6,0.867,1.12,24000.0,24000.0,22006335.0,9195355.0,0.0,0.0,ambiguous,0.0,BELOW_VA,acceptance_outside_value,-32.5,-107.5,-12.5,158.0,-6.3,32.0,-6.3,C_broke_accepted,6.3,0.349,0.289,1.668,0.958,0.237,23990.0,23982.1,24007.6,23999.0,24022.0,17.6,16.9,,,ACCEPTANCE,ACCEPTANCE,MIXED,False,True,,DOWN,DOWN,,18.9,-9.0,1.07,-0.51,1.07,0.86,,True,False,False,False,False,False,False,False,CHOP
2026-09-04T04:10:00Z,NIFTY,2026-09-04,CHOP,SHORT,bearish_rejection,24031.0,24045.8,24030.3,24033.0,15.5,2.0,0.129,12.8,0.7,6.75,0.7,,0.94,0.12,1341.0,2.37,,5.16,24050.0,24050.0,,,,,ambiguous,,NA,NA,,,,22.0,8.0,22.0,6.0,E_open_space,,0.273,,1.179,1.208,,24033.0,24033.0,24045.8,24045.8,24055.0,12.8,12.8,0.47,0.47,NA,NA,NA,True,False,,UP,UP,UP,0.0,-23.0,0.0,-1.8,0.0,-1.17,0,False,False,False,False,False,False,False,False,REVERSAL
2026-09-04T04:20:00Z,NIFTY,2026-09-04,CHOP,LONG,bullish_expansion,24047.0,24068.0,24045.1,24067.8,22.9,20.8,0.908,0.2,1.9,0.1,1.04,,1.28,1.16,1420.0,2.05,,1.74,24050.0,24050.0,,,,,ambiguous,,NA,NA,,,,-11.8,42.8,-12.8,40.8,C_broke_accepted,11.8,0.264,0.176,0.939,1.069,,24067.8,,24045.1,,24027.0,22.7,,,,ACCEPTANCE,ACCEPTANCE,ACCEPTANCE,False,True,5,UP,UP,DOWN,52.2,-27.8,2.3,-1.22,2.3,-0.87,65,True,True,False,False,False,False,False,False,CONTINUATION
2026-09-04T04:30:00Z,NIFTY,2026-09-04,CHOP,LONG,bullish_expansion,24074.0,24090.2,24068.8,24086.0,21.4,12.0,0.561,4.2,5.2,0.78,0.97,,1.21,0.68,1406.0,1.86,0.8,2.42,24100.0,24100.0,14400750.0,4539925.0,-590655.0,467155.0,price_up_OI_down,-590655.0,NA,NA,,,,-8.0,61.0,-31.0,59.0,B_swept_returned,8.0,0.437,0.29,1.171,0.959,0.241,24086.0,,24068.8,,24027.0,17.2,,,,REJECTION,REJECTION,REJECTION,True,False,,DOWN,DOWN,UP,0.0,-19.0,0.0,-1.1,0.0,-2.21,0,False,False,False,False,False,False,False,False,REVERSAL
2026-09-04T05:55:00Z,NIFTY,2026-09-04,CHOP,LONG,bullish_expansion,24094.6,24104.0,24093.8,24102.0,10.2,7.4,0.725,2.0,0.8,0.38,0.7,0.269,0.78,0.57,900.0,1.77,0.852,1.31,24100.0,24100.0,14626430.0,5019300.0,-11895.0,94575.0,price_up_OI_down,-11895.0,ABOVE_VA,acceptance_outside_value,9.5,4.5,54.5,-1.8,77.0,-3.8,20.7,C_broke_accepted,1.8,0.261,0.163,0.667,0.833,0.146,24102.0,,24093.8,,24081.3,8.2,,,,ACCEPTANCE,ACCEPTANCE,ACCEPTANCE,False,True,4,UP,UP,DOWN,18.0,-26.4,2.2,-3.22,2.2,-6.59,6,True,True,False,False,False,False,False,False,CONTINUATION
2026-09-04T06:30:00Z,NIFTY,2026-09-04,CHOP,SHORT,bearish_expansion,24108.0,24108.0,24075.6,24076.0,32.4,32.0,0.988,0.0,0.4,0.01,2.7,1.0,2.52,2.49,507.0,1.01,0.676,1.45,24100.0,24100.0,13591760.0,5775120.0,86060.0,69030.0,price_down_OI_up,69030.0,LOWER_VA,inside_value,-16.5,-41.5,28.5,44.0,51.0,42.3,-32.0,A_broke,32.0,0.2,0.295,0.81,0.648,0.323,24076.0,,24108.0,,24118.3,32.0,,0.89,,REJECTION,REJECTION,REJECTION,False,True,2,DOWN,DOWN,DOWN,41.6,-14.0,1.3,-0.44,1.3,0.88,,True,False,False,False,False,False,False,False,CHOP
2026-09-04T09:05:00Z,NIFTY,2026-09-04,CHOP,SHORT,bearish_expansion,24082.7,24082.7,24062.0,24063.0,20.7,19.7,0.952,0.0,1.0,0.05,1.59,0.875,1.46,1.39,141.0,0.4,0.308,1.09,24050.0,24050.0,10820225.0,3300895.0,30030.0,38740.0,price_down_OI_up,38740.0,AT_POC,near_POC,-4.5,-34.5,15.5,57.0,38.0,27.0,4.6,C_broke_accepted,15.4,0.425,0.303,0.415,0.993,0.242,24063.0,,24082.7,,24090.0,19.7,,0.23,,ACCEPTANCE,MIXED,MIXED,False,True,3,DOWN,UP,UP,28.6,-7.7,1.45,-0.39,1.45,0.76,,True,False,False,False,False,False,False,False,CHOP
2026-09-04T09:45:00Z,NIFTY,2026-09-04,CHOP,LONG,neutral,24056.5,24070.7,24054.1,24062.7,16.6,6.2,0.373,8.0,2.4,1.68,1.26,0.75,1.18,0.44,552.0,1.61,0.849,1.33,24050.0,24050.0,9605765.0,2519855.0,-377780.0,-282685.0,price_up_OI_down,-377780.0,AT_POC,near_POC,-4.8,-34.8,15.2,57.3,37.7,7.3,7.7,B_swept_returned,7.3,0.23,0.289,0.864,0.976,0.287,24062.7,,24054.1,,24055.0,8.6,,0.85,,REJECTION,REJECTION,REJECTION,True,False,,DOWN,DOWN,UP,0.0,-22.7,0.0,-2.64,0.0,-1.71,0,False,False,False,False,False,False,False,False,REVERSAL
2026-09-04T09:50:00Z,NIFTY,2026-09-04,CHOP,SHORT,bearish_expansion,24061.6,24061.6,24040.0,24040.6,21.6,21.0,0.972,0.0,0.6,0.03,1.64,0.904,1.47,1.43,655.0,1.89,0.892,1.19,24050.0,24050.0,9413235.0,2335255.0,-192530.0,-184600.0,price_down_OI_down,-184600.0,BELOW_VA,acceptance_outside_value,-26.9,-56.9,-6.9,79.4,15.6,29.4,-14.4,C_broke_accepted,6.9,0.252,0.174,1.077,0.957,0.286,24040.6,24036.0,24061.6,24060.0,24070.0,21.0,24.0,0.74,0.46,ACCEPTANCE,MIXED,MIXED,False,True,,DOWN,UP,UP,6.2,-19.4,0.3,-0.92,0.3,-0.35,,False,False,False,False,False,False,False,False,CHOP
2026-09-04T09:55:00Z,NIFTY,2026-09-04,CHOP,SHORT,bearish_rejection,24040.7,24060.0,24034.4,24036.0,25.6,4.7,0.184,19.3,1.6,4.45,1.93,0.986,1.66,0.3,793.0,2.26,0.92,1.21,24050.0,24050.0,8967270.0,2009280.0,-445965.0,-325975.0,price_down_OI_down,-325975.0,BELOW_VA,below_VAL,-31.5,-56.5,-6.5,84.0,11.0,34.7,-19.0,B_swept_returned,4.0,0.463,0.29,1.304,0.993,0.322,24036.0,24036.0,24060.0,24060.0,24070.7,24.0,24.0,0.46,0.46,REJECTION,REJECTION,REJECTION,False,False,,UP,UP,,1.2,-14.0,0.05,-0.58,0.05,-0.5,,False,False,False,False,False,False,False,False,CHOP
2026-09-01T08:30:00Z,NATURALGAS,2026-09-01,TREND_DOWN,SHORT,bearish_expansion,279.6,279.6,278.7,279.0,0.9,0.6,0.667,0.0,0.3,0.5,1.8,,1.38,0.92,369.0,0.84,,2.62,250.0,300.0,,,,,ambiguous,,NA,NA,,,,1.3,-0.3,1.3,-0.5,A_broke,0.3,0.4,,1.0,0.923,,279.0,,279.6,,280.3,0.6,,,,ACCEPTANCE,ACCEPTANCE,ACCEPTANCE,False,True,5,DOWN,DOWN,UP,1.4,-0.2,2.33,-0.33,2.33,2.17,,True,True,False,False,False,False,False,False,CONTINUATION
2026-09-01T08:40:00Z,NATURALGAS,2026-09-01,TREND_DOWN,SHORT,bearish_expansion,278.9,279.0,278.1,278.4,0.9,0.5,0.556,0.1,0.3,0.8,1.8,,1.38,0.77,845.0,2.12,,3.81,250.0,300.0,,,,,ambiguous,,NA,NA,,,,1.9,-0.3,1.9,-0.3,C_broke_accepted,0.3,0.52,,0.553,0.8,,278.4,278.4,279.0,278.6,280.3,0.6,0.2,,,ACCEPTANCE,MIXED,MIXED,False,True,3,UP,UP,UP,0.4,-0.6,0.67,-1.0,0.67,1.17,5,False,False,False,False,False,False,False,False,REVERSAL
2026-09-01T08:45:00Z,NATURALGAS,2026-09-01,TREND_DOWN,LONG,bullish_rejection,278.2,278.4,278.0,278.3,0.4,0.1,0.25,0.1,0.2,3.0,0.62,,0.64,0.16,841.0,1.85,,1.0,250.0,300.0,,,,,ambiguous,,NA,NA,,,,2.0,0.2,2.0,-0.4,E_open_space,,0.554,0.423,0.761,0.964,,278.3,278.3,278.0,278.0,278.7,0.3,0.3,6.67,6.67,NA,NA,NA,False,True,3,UP,UP,DOWN,0.7,-0.4,2.33,-1.33,2.33,-2.0,12,True,True,False,False,False,False,False,False,CONTINUATION
2026-09-01T09:20:00Z,NATURALGAS,2026-09-01,TREND_DOWN,LONG,bullish_expansion,278.4,278.9,278.2,278.8,0.7,0.4,0.571,0.1,0.2,0.75,1.75,0.733,1.3,0.74,106.0,0.25,0.0,0.33,250.0,300.0,,,,,ambiguous,,UPPER_VA,inside_value,0.55,-0.45,0.55,1.5,0.8,0.2,0.6,C_broke_accepted,0.2,0.4,0.312,0.679,0.706,0.4,278.8,,278.2,,278.2,0.6,,0.33,,REJECTION,REJECTION,REJECTION,True,True,,UP,UP,DOWN,0.2,-0.7,0.33,-1.17,0.33,-1.83,3,False,False,False,False,False,False,False,False,REVERSAL
2026-09-01T09:50:00Z,NATURALGAS,2026-09-01,TREND_DOWN,SHORT,bearish_expansion,278.2,278.2,277.9,277.9,0.3,0.3,1.0,0.0,0.0,0.0,0.75,0.286,0.64,0.64,566.0,1.63,0.81,1.59,250.0,300.0,,,,,ambiguous,,BELOW_VA,acceptance_outside_value,-0.35,-1.35,-0.35,2.4,-0.1,1.1,-0.2,C_broke_accepted,0.1,0.45,0.281,0.485,0.73,0.225,277.9,277.8,278.2,278.1,279.0,0.3,0.3,,,ACCEPTANCE,ACCEPTANCE,MIXED,False,True,,DOWN,DOWN,,0.3,-0.2,1.0,-0.67,1.0,0.67,,False,False,False,False,False,False,False,False,CHOP
2026-09-02T04:15:00Z,NATURALGAS,2026-09-02,CHOP,SHORT,neutral,280.9,281.0,280.5,280.7,0.5,0.2,0.4,0.1,0.2,1.5,1.67,,0.91,0.36,599.0,0.43,,2.1,280.0,280.0,11493750.0,6867500.0,11250.0,26250.0,price_down_OI_up,26250.0,NA,NA,,,,0.6,2.2,0.2,0.1,D_failed_immediately,0.1,0.2,0.292,0.412,0.4,,280.7,280.4,281.0,280.6,280.9,0.3,0.2,0.33,9.5,ACCEPTANCE,ACCEPTANCE,ACCEPTANCE,False,True,,DOWN,DOWN,DOWN,0.8,-0.3,2.67,-1.0,2.67,5.33,12,True,True,False,False,False,False,False,False,CONTINUATION
2026-09-02T04:30:00Z,NATURALGAS,2026-09-02,CHOP,SHORT,bearish_expansion,280.5,280.5,280.0,280.1,0.5,0.4,0.8,0.0,0.1,0.25,1.67,0.917,0.97,0.78,912.0,0.78,0.583,2.65,280.0,280.0,,,,,ambiguous,,NA,NA,,,,1.2,1.6,0.9,-0.2,C_broke_accepted,0.2,0.467,0.292,0.403,0.621,0.333,280.1,,280.5,,281.0,0.4,,4.0,,REJECTION,REJECTION,REJECTION,True,True,,UP,UP,DOWN,0.2,-0.5,0.5,-1.25,0.5,2.5,1,False,False,False,False,False,False,False,False,REVERSAL
2026-09-02T04:40:00Z,NATURALGAS,2026-09-02,CHOP,LONG,bullish_expansion,280.1,280.6,280.1,280.4,0.5,0.3,0.6,0.2,0.0,0.67,1.67,0.929,1.0,0.6,732.0,0.66,0.571,1.08,280.0,280.0,11151250.0,6763750.0,-47500.0,-32500.0,price_up_OI_down,-47500.0,NA,NA,,,,0.9,1.9,0.6,0.1,C_broke_accepted,0.2,0.733,0.458,0.544,0.8,0.367,280.4,,280.1,,280.3,0.3,,2.0,,ACCEPTANCE,MIXED,MIXED,False,True,2,DOWN,DOWN,DOWN,1.4,-0.3,4.67,-1.0,4.67,-4.33,28,True,True,True,True,False,False,False,False,CONTINUATION
2026-09-02T05:05:00Z,NATURALGAS,2026-09-02,CHOP,LONG,bullish_expansion,280.5,280.9,280.4,280.9,0.5,0.4,0.8,0.0,0.1,0.25,1.67,0.947,1.12,0.9,751.0,0.79,0.684,2.1,280.0,280.0,11218750.0,6850000.0,18750.0,103750.0,price_up_OI_up,18750.0,AT_POC,near_POC,0.15,-0.35,0.65,0.4,2.4,-0.2,0.6,A_broke,0.2,0.4,0.333,0.501,0.717,0.367,280.9,,280.4,,280.3,0.5,,0.7,,REJECTION,REJECTION,REJECTION,False,True,2,DOWN,DOWN,UP,0.2,-0.6,0.4,-1.2,0.4,-3.6,13,False,False,False,False,False,False,False,False,REVERSAL
2026-09-02T05:40:00Z,NATURALGAS,2026-09-02,CHOP,SHORT,bearish_expansion,281.1,281.1,280.5,280.6,0.6,0.5,0.833,0.0,0.1,0.2,2.0,0.962,1.6,1.33,301.0,0.39,0.231,1.71,280.0,280.0,,,,,ambiguous,,AT_POC,near_POC,-0.15,-0.65,0.35,0.7,2.1,0.5,-0.3,A_broke,0.3,0.267,0.375,0.264,0.534,0.3,280.6,,281.1,,281.1,0.5,,0.7,,REJECTION,REJECTION,REJECTION,False,False,2,UP,UP,DOWN,0.3,-1.2,0.6,-2.4,0.6,3.0,9,False,False,False,False,False,False,False,False,REVERSAL
2026-09-02T06:30:00Z,NATURALGAS,2026-09-02,CHOP,SHORT,bearish_rejection,280.9,281.8,280.8,281.2,1.0,0.3,0.3,0.6,0.1,2.33,3.33,0.972,2.6,0.78,1415.0,2.34,0.917,8.52,280.0,280.0,,,,,ambiguous,,UPPER_VA,inside_value,0.45,-0.05,0.45,0.1,2.7,-0.3,0.9,E_open_space,,0.467,0.292,0.296,0.884,0.267,281.2,281.2,281.8,281.8,280.9,0.6,0.6,0.75,0.75,NA,NA,NA,False,True,3,DOWN,UP,DOWN,4.0,-1.0,6.67,-1.67,6.67,3.5,111,True,True,True,True,True,True,False,False,CONTINUATION
2026-09-02T06:35:00Z,NATURALGAS,2026-09-02,CHOP,SHORT,neutral,281.2,281.3,280.7,280.9,0.6,0.3,0.5,0.1,0.2,1.0,2.0,0.946,1.5,0.75,332.0,0.53,0.405,0.23,280.0,280.0,10837500.0,6886250.0,,,ambiguous,,UPPER_VA,inside_value,0.15,-0.35,0.15,0.9,2.4,0.0,0.6,B_swept_returned,0.15,1.0,0.625,0.718,1.25,0.5,280.9,281.1,281.3,281.3,280.9,0.4,0.2,0.37,1.75,REJECTION,REJECTION,REJECTION,True,True,,UP,DOWN,DOWN,0.1,-0.4,0.25,-1.0,0.25,4.5,1,False,False,False,False,False,False,False,False,REVERSAL
2026-09-02T06:55:00Z,NATURALGAS,2026-09-02,CHOP,SHORT,bearish_expansion,281.0,281.0,280.4,280.4,0.6,0.6,1.0,0.0,0.0,0.0,2.0,0.951,1.47,1.47,431.0,0.73,0.61,1.36,280.0,280.0,10903750.0,,51250.0,,ambiguous,,BELOW_VA,acceptance_outside_value,-0.35,-0.85,-0.35,1.4,1.9,0.9,-0.3,C_broke_accepted,0.3,0.733,0.625,0.832,1.323,0.5,280.4,,281.0,,281.3,0.6,,3.17,,REJECTION,MIXED,MIXED,False,True,3,UP,DOWN,UP,0.8,-0.6,1.33,-1.0,1.33,2.17,24,True,False,False,False,False,False,False,False,REVERSAL
2026-09-02T07:30:00Z,NATURALGAS,2026-09-02,CHOP,LONG,bullish_expansion,280.1,280.6,280.1,280.5,0.5,0.4,0.8,0.1,0.0,0.25,1.67,0.896,1.31,1.05,94.0,0.18,0.104,0.81,280.0,280.0,,,,,ambiguous,,BELOW_VA,below_VAL,-0.25,-0.75,-0.25,1.3,2.0,0.0,0.4,D_failed_immediately,0.0,0.267,0.5,0.254,0.784,0.4,280.5,,280.1,,280.1,0.4,,1.88,,ACCEPTANCE,ACCEPTANCE,ACCEPTANCE,True,True,3,DOWN,DOWN,UP,0.3,-0.4,0.75,-1.0,0.75,-3.5,4,False,False,False,False,False,False,False,False,REVERSAL
2026-09-02T07:55:00Z,NATURALGAS,2026-09-02,CHOP,SHORT,bearish_expansion,280.6,280.7,280.1,280.1,0.6,0.5,0.833,0.1,0.0,0.2,2.0,0.906,1.64,1.36,164.0,0.33,0.302,2.34,280.0,280.0,,,,,ambiguous,,BELOW_VA,acceptance_outside_value,-0.65,-1.15,-0.65,1.7,1.6,0.6,-0.2,C_broke_accepted,0.2,0.467,0.292,0.166,0.818,0.233,280.1,280.0,280.7,280.4,280.7,0.6,0.4,2.67,3.75,ACCEPTANCE,ACCEPTANCE,MIXED,True,True,3,DOWN,UP,UP,0.5,-0.7,0.83,-1.17,0.83,1.67,4,False,False,False,False,False,False,False,False,REVERSAL
2026-09-02T08:05:00Z,NATURALGAS,2026-09-02,CHOP,LONG,bullish_rejection,280.0,280.1,279.6,280.0,0.5,0.0,0.0,0.1,0.4,500000000.0,1.67,0.891,1.32,0.0,590.0,1.22,0.764,1.72,280.0,280.0,,,,,ambiguous,,BELOW_VA,below_VAL,-0.75,-1.25,-0.25,1.8,1.5,0.8,-0.3,E_open_space,,0.533,0.333,0.312,0.951,0.267,280.0,280.0,279.6,279.6,280.3,0.4,0.4,2.0,2.0,NA,NA,NA,False,True,,UP,UP,UP,1.6,-0.9,4.0,-2.25,4.0,-2.25,36,True,True,True,True,False,False,False,False,CONTINUATION
2026-09-02T08:10:00Z,NATURALGAS,2026-09-02,CHOP,LONG,neutral,280.0,280.4,279.9,280.2,0.5,0.2,0.4,0.2,0.1,1.5,1.67,0.893,1.29,0.52,250.0,0.51,0.429,0.42,280.0,280.0,,,,,ambiguous,,BELOW_VA,below_VAL,-0.55,-1.05,-0.05,1.6,1.7,0.6,-0.1,A_broke,0.1,0.8,0.5,0.506,1.084,0.4,280.2,,279.9,,280.3,0.3,,2.0,,REJECTION,MIXED,MIXED,False,True,5,UP,UP,UP,1.0,-0.3,3.33,-1.0,3.33,-3.67,27,True,True,True,False,False,False,False,False,CONTINUATION
2026-09-02T08:20:00Z,NATURALGAS,2026-09-02,CHOP,LONG,bullish_expansion,280.2,280.8,280.2,280.8,0.6,0.6,1.0,0.0,0.0,0.0,2.0,0.966,1.54,1.54,355.0,0.75,0.603,6.34,280.0,280.0,,,,,ambiguous,,AT_POC,near_POC,0.05,-0.45,0.55,1.0,2.3,-0.4,1.2,C_broke_accepted,0.4,0.733,0.5,0.59,1.128,0.4,280.8,280.9,280.2,280.7,279.6,0.6,0.2,0.75,1.75,REJECTION,MIXED,MIXED,True,True,3,UP,UP,DOWN,0.1,-0.6,0.17,-1.0,0.17,-2.83,4,False,False,False,False,False,False,False,False,REVERSAL
2026-09-02T08:35:00Z,NATURALGAS,2026-09-02,CHOP,SHORT,bearish_expansion,280.7,280.8,280.3,280.4,0.5,0.3,0.6,0.1,0.1,0.67,1.67,0.885,1.29,0.78,213.0,0.46,0.393,1.55,280.0,280.0,,,,,ambiguous,,LOWER_VA,inside_value,-0.35,-0.85,0.15,1.4,1.9,0.5,0.8,A_broke,0.3,0.667,0.542,0.538,0.93,0.433,280.4,,280.8,,280.9,0.4,,0.37,,REJECTION,MIXED,MIXED,True,True,,UP,DOWN,UP,0.2,-0.4,0.5,-1.0,0.5,3.25,3,False,False,False,False,False,False,False,False,REVERSAL
2026-09-02T08:50:00Z,NATURALGAS,2026-09-02,CHOP,LONG,bullish_expansion,280.2,280.7,280.2,280.7,0.5,0.5,1.0,0.0,0.0,0.0,1.67,0.891,1.32,1.32,178.0,0.39,0.375,1.5,280.0,280.0,,,,,ambiguous,,AT_POC,near_POC,-0.05,-0.55,0.45,1.1,2.2,0.2,0.4,C_broke_accepted,0.2,0.467,0.417,0.483,0.794,0.433,280.7,281.0,280.2,280.6,280.3,0.5,0.4,0.4,0.62,REJECTION,MIXED,MIXED,False,True,2,UP,UP,DOWN,0.5,-0.6,1.0,-1.2,1.0,-3.2,17,True,False,False,False,False,False,False,False,REVERSAL
2026-09-02T09:10:00Z,NATURALGAS,2026-09-02,CHOP,SHORT,bearish_expansion,280.7,280.8,280.3,280.4,0.5,0.3,0.6,0.1,0.1,0.67,1.67,0.897,1.32,0.79,251.0,0.57,0.485,0.76,280.0,280.0,,,,,ambiguous,,LOWER_VA,inside_value,-0.35,-0.85,0.15,1.4,1.9,0.6,-0.2,A_broke,0.2,0.533,0.333,0.431,0.95,0.267,280.4,,280.8,,281.0,0.4,,0.37,,REJECTION,REJECTION,REJECTION,False,False,2,UP,UP,DOWN,0.1,-0.7,0.25,-1.75,0.25,3.25,5,False,False,False,False,False,False,False,False,REVERSAL
2026-09-02T09:40:00Z,NATURALGAS,2026-09-02,CHOP,LONG,bullish_expansion,280.5,281.1,280.5,281.0,0.6,0.5,0.833,0.1,0.0,0.2,2.0,0.973,1.72,1.43,596.0,1.45,0.824,6.34,280.0,280.0,,,,,ambiguous,,UPPER_VA,inside_value,0.25,-0.25,0.75,0.8,2.5,-0.3,0.7,C_broke_accepted,0.3,0.267,0.292,0.17,0.63,0.267,281.0,,280.5,,280.3,0.5,,0.5,,REJECTION,REJECTION,REJECTION,True,True,2,DOWN,DOWN,UP,0.2,-0.5,0.4,-1.0,0.4,-3.8,3,False,False,False,False,False,False,False,False,REVERSAL
2026-09-02T10:10:00Z,NATURALGAS,2026-09-02,CHOP,SHORT,bearish_rejection,280.6,281.1,280.5,280.6,0.6,0.0,0.0,0.5,0.1,600000000.0,2.0,0.975,1.7,0.0,360.0,0.9,0.688,3.19,280.0,280.0,,,,,ambiguous,,AT_POC,near_POC,-0.15,-0.65,0.35,1.2,2.1,0.2,0.1,E_open_space,0.1,0.467,0.333,0.482,0.852,0.267,280.6,280.6,281.1,281.1,280.8,0.5,0.5,0.2,0.2,REJECTION,MIXED,MIXED,False,True,4,UP,DOWN,UP,0.7,-0.9,1.4,-1.8,1.4,3.0,6,True,False,False,False,False,False,False,False,REVERSAL
2026-09-02T10:20:00Z,NATURALGAS,2026-09-02,CHOP,SHORT,bearish_expansion,280.6,280.7,280.1,280.1,0.6,0.5,0.833,0.1,0.0,0.2,2.0,0.902,1.64,1.36,587.0,1.48,0.817,2.85,280.0,280.0,,,,,ambiguous,,BELOW_VA,below_VAL,-0.65,-1.15,-0.15,1.7,1.6,1.0,-0.4,A_broke,0.15,0.4,0.292,0.475,0.928,0.267,280.1,280.1,280.7,280.4,281.1,0.6,0.3,2.67,5.33,REJECTION,REJECTION,REJECTION,True,True,,UP,UP,DOWN,0.2,-0.8,0.33,-1.33,0.33,1.67,1,False,False,False,False,False,False,False,False,REVERSAL
2026-09-02T10:25:00Z,NATURALGAS,2026-09-02,CHOP,SHORT,bearish_rejection,280.1,280.4,280.1,280.1,0.3,0.0,0.0,0.3,0.0,300000000.0,1.0,0.373,0.83,0.0,761.0,1.9,0.916,1.3,280.0,280.0,,,,,ambiguous,,BELOW_VA,below_VAL,-0.65,-1.15,-0.15,1.7,1.6,1.0,-0.4,E_open_space,0.0,0.667,0.458,0.715,1.161,0.367,280.1,280.1,280.4,280.4,281.1,0.3,0.3,5.33,5.33,REJECTION,REJECTION,REJECTION,True,True,,UP,DOWN,DOWN,0.2,-0.8,0.67,-2.67,0.67,3.33,0,False,False,False,False,False,False,False,False,REVERSAL
2026-09-02T10:30:00Z,NATURALGAS,2026-09-02,CHOP,LONG,bullish_expansion,280.1,280.9,279.9,280.7,1.0,0.6,0.6,0.2,0.2,0.67,3.33,0.988,2.46,1.47,1109.0,2.74,0.94,1.46,280.0,280.0,,,,,ambiguous,,AT_POC,near_POC,-0.05,-0.05,0.45,1.1,2.2,0.4,0.6,B_swept_returned,0.05,0.667,0.417,1.003,1.031,0.367,280.7,,279.9,,280.1,0.8,,0.06,,REJECTION,REJECTION,MIXED,False,True,2,DOWN,DOWN,UP,0.9,-1.6,1.13,-2.0,1.13,-2.0,7,True,False,False,False,False,False,False,False,REVERSAL
2026-09-02T10:45:00Z,NATURALGAS,2026-09-02,CHOP,LONG,bullish_expansion,280.3,281.5,280.3,281.2,1.2,0.9,0.75,0.3,0.0,0.33,4.0,0.989,2.67,2.0,1557.0,3.81,0.977,8.28,280.0,280.0,13643750.0,10827500.0,51250.0,42500.0,price_up_OI_up,51250.0,ABOVE_VA,acceptance_outside_value,0.45,0.45,0.95,0.6,2.7,-0.3,1.3,C_broke_accepted,0.3,0.667,0.5,1.425,1.111,0.4,281.2,,280.3,,279.9,0.9,,0.67,,ACCEPTANCE,MIXED,MIXED,True,True,,DOWN,DOWN,DOWN,0.4,-1.0,0.44,-1.11,0.44,-2.33,1,False,False,False,False,False,False,False,False,REVERSAL
2026-09-02T10:55:00Z,NATURALGAS,2026-09-02,CHOP,SHORT,bearish_expansion,281.2,281.5,280.2,280.4,1.3,0.8,0.615,0.3,0.2,0.62,4.33,0.989,2.56,1.58,1569.0,3.7,0.978,2.52,280.0,280.0,13825000.0,11677500.0,351250.0,246250.0,price_down_OI_up,246250.0,LOWER_VA,inside_value,-0.35,-0.85,0.15,1.4,1.9,0.5,0.1,D_failed_immediately,0.15,1.133,0.708,1.767,1.261,0.567,280.4,280.1,281.5,280.6,280.9,1.1,0.5,0.09,3.2,ACCEPTANCE,ACCEPTANCE,ACCEPTANCE,False,True,3,DOWN,UP,DOWN,3.2,-1.1,2.91,-1.0,2.91,1.18,47,True,True,False,False,False,False,False,False,CONTINUATION
2026-09-02T11:00:00Z,NATURALGAS,2026-09-02,CHOP,SHORT,bearish_rejection,280.2,280.6,280.1,280.1,0.5,0.1,0.2,0.4,0.0,4.0,1.67,0.856,0.99,0.2,1001.0,2.29,0.911,0.64,280.0,280.0,14198750.0,11363750.0,373750.0,-313750.0,price_down_OI_down,-313750.0,BELOW_VA,below_VAL,-0.65,-1.15,-0.15,1.7,1.6,1.5,-0.2,A_broke,0.1,0.933,0.708,1.926,1.381,0.567,280.1,280.1,280.6,280.6,281.6,0.5,0.5,3.2,3.2,REJECTION,MIXED,MIXED,True,True,4,UP,DOWN,UP,1.0,-0.5,2.0,-1.0,2.0,2.0,1,True,True,False,False,False,False,False,False,CONTINUATION
2026-09-02T11:10:00Z,NATURALGAS,2026-09-02,CHOP,SHORT,bearish_expansion,280.2,280.6,279.1,279.2,1.5,1.0,0.667,0.4,0.1,0.5,5.0,0.989,2.63,1.75,1954.0,4.43,0.978,5.52,280.0,280.0,14300000.0,11621250.0,80000.0,268750.0,price_down_OI_up,268750.0,BELOW_VA,acceptance_outside_value,-1.55,-2.05,-1.05,2.6,0.7,2.4,-0.9,C_broke_accepted,0.9,1.0,0.708,2.312,1.331,0.567,279.2,279.0,280.6,279.8,281.6,1.4,0.8,0.5,0.62,REJECTION,MIXED,MIXED,False,True,2,UP,DOWN,DOWN,2.0,-1.6,1.43,-1.14,1.43,0.07,35,True,False,False,False,False,False,False,False,REVERSAL
2026-09-02T11:15:00Z,NATURALGAS,2026-09-02,CHOP,LONG,bullish_rejection,279.3,279.5,278.7,279.3,0.8,0.0,0.0,0.2,0.6,800000000.0,2.67,0.935,1.36,0.0,2005.0,4.38,0.978,1.03,280.0,280.0,14383750.0,11775000.0,83750.0,153750.0,price_up_OI_up,83750.0,BELOW_VA,below_VAL,-1.45,-1.95,-0.95,2.5,0.8,2.3,-0.8,E_open_space,,1.667,1.042,2.403,1.396,0.833,279.3,279.3,278.7,278.7,280.1,0.6,0.6,3.25,3.25,NA,NA,NA,True,True,,DOWN,DOWN,UP,0.5,-1.0,0.83,-1.67,0.83,-0.33,1,False,False,False,False,False,False,False,False,REVERSAL
2026-09-02T11:20:00Z,NATURALGAS,2026-09-02,CHOP,SHORT,bearish_rejection,279.3,279.8,278.9,279.0,0.9,0.3,0.333,0.5,0.1,2.0,3.0,0.936,1.48,0.49,1433.0,3.02,0.926,0.71,280.0,280.0,14370000.0,11553750.0,-13750.0,-221250.0,price_down_OI_down,-221250.0,BELOW_VA,acceptance_outside_value,-1.75,-2.25,-1.25,2.8,0.5,1.6,-1.1,C_broke_accepted,1.1,1.867,1.208,2.903,1.476,0.967,279.0,279.0,279.8,279.8,280.6,0.8,0.8,0.62,0.62,ACCEPTANCE,ACCEPTANCE,MIXED,True,True,,DOWN,UP,UP,0.7,-1.1,0.87,-1.38,0.87,-0.13,3,False,False,False,False,False,False,False,False,REVERSAL
2026-09-02T11:25:00Z,NATURALGAS,2026-09-02,CHOP,SHORT,neutral,279.0,279.0,278.3,278.7,0.7,0.3,0.429,0.0,0.4,1.33,2.33,0.916,1.14,0.49,1766.0,3.65,0.958,1.23,280.0,280.0,14891250.0,11556250.0,521250.0,2500.0,price_down_OI_up,2500.0,BELOW_VA,below_VAL,-2.05,-2.55,-1.55,3.1,0.2,1.9,0.0,B_swept_returned,0.2,1.267,1.208,2.786,1.331,0.967,278.7,,279.0,,280.6,0.3,,0.67,,REJECTION,REJECTION,REJECTION,True,True,,UP,UP,UP,0.4,-0.5,1.33,-1.67,1.33,-1.33,0,True,False,False,False,False,False,False,False,REVERSAL
2026-09-02T11:30:00Z,NATURALGAS,2026-09-02,CHOP,LONG,neutral,278.7,279.2,278.3,278.8,0.9,0.1,0.111,0.4,0.4,8.0,3.0,0.927,1.41,0.16,1533.0,3.08,0.927,0.87,280.0,280.0,15086250.0,11703750.0,195000.0,147500.0,price_up_OI_up,195000.0,BELOW_VA,below_VAL,-1.95,-2.45,-1.45,3.0,0.5,1.0,0.1,D_failed_immediately,0.2,1.533,1.375,3.019,1.352,1.1,278.8,,278.3,,278.7,0.5,,2.0,,ACCEPTANCE,ACCEPTANCE,ACCEPTANCE,True,True,,UP,UP,DOWN,1.4,-0.7,2.8,-1.4,2.8,0.6,3,True,True,False,False,False,False,False,False,CONTINUATION
2026-09-02T11:35:00Z,NATURALGAS,2026-09-02,CHOP,LONG,bullish_expansion,278.5,279.4,278.4,279.4,1.0,0.9,0.9,0.0,0.1,0.11,3.33,0.959,1.51,1.36,808.0,1.59,0.835,0.53,280.0,280.0,15543750.0,11793750.0,457500.0,90000.0,price_up_OI_up,457500.0,BELOW_VA,acceptance_outside_value,-1.35,-1.85,-0.85,2.4,1.1,0.4,1.1,C_broke_accepted,0.2,1.533,1.333,3.419,1.45,1.1,279.4,,278.4,,278.3,1.0,,0.4,,ACCEPTANCE,MIXED,MIXED,True,True,,UP,DOWN,DOWN,0.8,-1.3,0.8,-1.3,0.8,-0.3,2,False,False,False,False,False,False,False,False,REVERSAL
2026-09-02T11:40:00Z,NATURALGAS,2026-09-02,CHOP,LONG,bullish_expansion,279.4,280.1,279.2,280.0,0.9,0.6,0.667,0.1,0.2,0.5,2.57,0.929,1.32,0.88,1596.0,3.12,0.949,1.98,280.0,280.0,,,,,ambiguous,,BELOW_VA,acceptance_outside_value,-0.75,-1.25,-0.25,1.8,1.7,-0.2,1.7,C_broke_accepted,0.2,0.857,0.821,2.951,1.266,0.943,280.0,,279.2,,278.3,0.8,,1.56,,REJECTION,REJECTION,REJECTION,True,True,,DOWN,DOWN,DOWN,0.2,-0.8,0.25,-1.0,0.25,-1.12,0,False,False,False,False,False,False,False,False,REVERSAL
2026-09-02T11:45:00Z,NATURALGAS,2026-09-02,CHOP,SHORT,bearish_expansion,280.0,280.2,279.2,279.2,1.0,0.8,0.8,0.2,0.0,0.25,2.5,0.96,1.42,1.14,812.0,1.55,0.828,0.51,280.0,280.0,15515000.0,11711250.0,,,ambiguous,,BELOW_VA,below_VAL,-1.55,-2.05,-1.05,2.6,0.9,0.6,0.9,E_open_space,0.0,0.9,0.719,2.732,1.253,0.8,279.2,,280.2,,279.8,1.0,,0.9,,REJECTION,REJECTION,REJECTION,False,True,5,DOWN,DOWN,UP,2.0,-1.6,2.0,-1.6,2.0,0.1,28,True,True,False,False,False,False,False,False,CONTINUATION
2026-09-02T11:50:00Z,NATURALGAS,2026-09-02,CHOP,SHORT,bearish_expansion,279.4,279.9,278.1,278.3,1.8,1.1,0.611,0.5,0.2,0.64,4.5,0.99,2.31,1.41,1841.0,3.51,0.96,2.27,280.0,280.0,15621250.0,11726250.0,106250.0,15000.0,price_down_OI_up,15000.0,BELOW_VA,below_VAL,-2.45,-2.95,-1.95,3.5,0.0,1.5,0.0,D_failed_immediately,0.0,0.95,0.719,2.481,1.153,0.575,278.3,,279.9,,279.8,1.6,,,,REJECTION,REJECTION,REJECTION,False,True,4,DOWN,UP,DOWN,1.1,-1.6,0.69,-1.0,0.69,-0.5,6,False,False,False,False,False,False,False,False,REVERSAL
2026-09-02T11:55:00Z,NATURALGAS,2026-09-02,CHOP,SHORT,neutral,278.3,278.8,277.4,277.6,1.4,0.7,0.5,0.5,0.2,1.0,3.5,0.97,1.7,0.85,3768.0,7.0,0.99,2.05,280.0,280.0,15547500.0,11780000.0,-73750.0,53750.0,price_down_OI_up,53750.0,BELOW_VA,below_VAL,-3.15,-3.65,-2.15,4.2,-0.5,2.6,-0.7,B_swept_returned,0.5,1.05,0.656,2.449,1.358,0.625,277.6,,278.8,,280.2,1.2,,,,REJECTION,REJECTION,REJECTION,True,True,,UP,DOWN,UP,0.4,-2.1,0.33,-1.75,0.33,-1.25,2,False,False,False,False,False,False,False,False,REVERSAL
2026-09-02T12:00:00Z,NATURALGAS,2026-09-02,CHOP,LONG,neutral,277.6,278.5,277.4,278.2,1.1,0.6,0.545,0.3,0.2,0.83,2.75,0.941,1.3,0.71,2072.0,3.64,0.971,0.55,280.0,280.0,16021250.0,12053750.0,473750.0,273750.0,price_up_OI_up,473750.0,BELOW_VA,below_VAL,-2.55,-3.05,-1.55,3.6,0.8,2.0,-0.1,E_open_space,,1.4,0.875,3.097,1.445,0.8,278.2,277.8,277.4,277.2,278.3,0.8,0.6,2.5,4.0,NA,NA,NA,True,True,4,DOWN,UP,DOWN,0.0,-1.0,0.0,-1.25,0.0,1.13,0,False,False,False,False,False,False,False,False,REVERSAL
2026-09-02T12:05:00Z,NATURALGAS,2026-09-02,CHOP,LONG,bullish_rejection,278.1,278.2,277.2,277.8,1.0,0.3,0.3,0.1,0.6,2.33,2.5,0.932,1.17,0.35,1370.0,2.34,0.854,0.66,280.0,280.0,16333750.0,12106250.0,312500.0,52500.0,price_up_OI_up,312500.0,BELOW_VA,below_VAL,-2.95,-3.45,-1.95,4.0,0.4,2.4,0.4,E_open_space,,1.4,0.875,3.452,1.449,0.7,277.8,277.8,277.2,277.2,277.4,0.6,0.6,4.0,4.0,NA,NA,NA,False,True,3,UP,DOWN,UP,4.4,-0.5,7.33,-0.83,7.33,2.17,,True,True,True,True,True,True,False,False,CONTINUATION
2026-09-02T12:10:00Z,NATURALGAS,2026-09-02,CHOP,LONG,bullish_expansion,277.8,279.7,277.8,279.6,1.9,1.8,0.947,0.1,0.0,0.06,4.75,0.99,2.04,1.94,2000.0,3.38,0.952,1.46,280.0,280.0,16656250.0,12137500.0,322500.0,31250.0,price_up_OI_up,322500.0,LOWER_VA,inside_value,-1.15,-1.65,0.35,2.2,2.4,0.6,2.2,A_broke,1.4,1.5,0.938,3.332,1.355,0.75,279.6,,277.8,,277.4,1.8,,0.33,,REJECTION,REJECTION,MIXED,False,True,2,DOWN,UP,UP,0.4,-2.1,0.22,-1.17,0.22,-0.28,8,False,False,False,False,False,False,False,False,REVERSAL
2026-09-02T12:15:00Z,NATURALGAS,2026-09-02,CHOP,SHORT,bearish_expansion,279.6,279.7,279.1,279.1,0.6,0.5,0.833,0.1,0.0,0.2,1.5,0.771,0.66,0.55,1430.0,2.36,0.857,0.71,280.0,280.0,15861250.0,11880000.0,-795000.0,-257500.0,price_down_OI_down,-257500.0,BELOW_VA,acceptance_outside_value,-1.65,-2.15,-0.15,2.7,1.9,1.1,1.9,C_broke_accepted,0.15,1.35,0.938,3.65,1.588,0.75,279.1,,279.7,,280.2,0.6,,3.17,,REJECTION,REJECTION,REJECTION,True,True,,UP,UP,DOWN,0.1,-0.6,0.17,-1.0,0.17,0.0,0,False,False,False,False,False,False,False,False,REVERSAL
2026-09-02T12:20:00Z,NATURALGAS,2026-09-02,CHOP,LONG,neutral,279.1,279.7,279.0,279.4,0.7,0.3,0.429,0.3,0.1,1.33,1.75,0.84,0.78,0.34,1067.0,1.74,0.811,0.75,280.0,280.0,15986250.0,12087500.0,125000.0,207500.0,price_up_OI_up,125000.0,LOWER_VA,inside_value,-1.35,-1.85,0.15,2.4,2.2,0.3,2.2,E_open_space,0.3,1.25,0.938,3.47,1.346,0.75,279.4,,279.0,,277.2,0.4,,0.75,,ACCEPTANCE,ACCEPTANCE,MIXED,True,True,3,UP,DOWN,DOWN,0.5,-0.4,1.25,-1.0,1.25,-0.75,0,True,False,False,False,False,False,False,False,REVERSAL
2026-09-02T12:25:00Z,NATURALGAS,2026-09-02,CHOP,LONG,neutral,279.4,279.9,279.0,279.8,0.9,0.4,0.444,0.1,0.4,1.25,2.25,0.86,1.01,0.45,709.0,1.15,0.729,0.66,280.0,280.0,15942500.0,12266250.0,-43750.0,178750.0,price_up_OI_down,-43750.0,LOWER_VA,inside_value,-0.95,-1.45,0.55,2.0,2.6,-0.1,2.6,C_broke_accepted,0.1,1.25,0.938,2.571,1.188,0.75,279.8,,279.0,,277.2,0.8,,1.81,,REJECTION,REJECTION,REJECTION,True,True,2,DOWN,DOWN,UP,0.2,-1.3,0.25,-1.62,0.25,-0.87,3,False,False,False,False,False,False,False,False,REVERSAL
2026-09-02T12:30:00Z,NATURALGAS,2026-09-02,CHOP,SHORT,neutral,279.9,280.0,279.2,279.5,0.8,0.4,0.5,0.1,0.3,1.0,2.0,0.843,0.9,0.45,878.0,1.42,0.778,1.24,280.0,280.0,15947500.0,12321250.0,5000.0,55000.0,price_down_OI_up,55000.0,LOWER_VA,inside_value,-1.25,-1.75,0.25,2.3,2.3,0.2,0.5,B_swept_returned,0.25,1.35,0.844,2.127,1.151,0.75,279.5,279.3,280.0,279.7,279.7,0.5,0.4,0.5,0.13,ACCEPTANCE,MIXED,MIXED,True,True,,DOWN,UP,DOWN,1.0,-0.5,2.0,-1.0,2.0,0.8,2,True,True,False,False,False,False,False,False,CONTINUATION
2026-09-02T12:35:00Z,NATURALGAS,2026-09-02,CHOP,SHORT,bearish_rejection,279.5,279.7,279.1,279.3,0.6,0.2,0.333,0.2,0.2,2.0,1.5,0.752,0.69,0.23,573.0,0.92,0.642,0.65,280.0,280.0,16342500.0,12460000.0,395000.0,138750.0,price_down_OI_up,138750.0,LOWER_VA,inside_value,-1.45,-1.95,0.05,2.5,2.1,0.4,0.3,B_swept_returned,0.1,1.1,0.875,1.96,1.132,0.75,279.3,279.3,279.7,279.7,279.7,0.4,0.4,0.13,0.13,REJECTION,MIXED,MIXED,True,True,5,UP,DOWN,DOWN,0.1,-0.4,0.25,-1.0,0.25,0.5,0,False,False,False,False,False,False,False,False,REVERSAL
2026-09-02T12:45:00Z,NATURALGAS,2026-09-02,CHOP,SHORT,bearish_expansion,279.6,280.0,278.5,278.5,1.5,1.1,0.733,0.4,0.0,0.36,3.75,0.973,1.69,1.24,1147.0,1.86,0.829,5.24,280.0,280.0,16367500.0,12491250.0,36250.0,75000.0,price_down_OI_up,75000.0,BELOW_VA,acceptance_outside_value,-2.25,-2.75,-0.75,3.3,1.3,1.5,-0.6,C_broke_accepted,0.6,0.5,0.875,1.118,0.79,0.7,278.5,278.4,280.0,279.1,280.0,1.5,0.7,0.87,1.71,ACCEPTANCE,ACCEPTANCE,ACCEPTANCE,False,True,3,DOWN,DOWN,UP,1.2,-2.3,0.8,-1.53,0.8,-0.4,16,False,False,False,False,False,False,False,False,REVERSAL
2026-09-02T12:50:00Z,NATURALGAS,2026-09-02,CHOP,SHORT,bearish_rejection,278.6,279.1,278.1,278.4,1.0,0.2,0.2,0.5,0.3,4.0,2.5,0.92,1.12,0.22,1290.0,2.08,0.839,1.12,280.0,280.0,16480000.0,12410000.0,112500.0,-81250.0,price_down_OI_down,-81250.0,BELOW_VA,acceptance_outside_value,-2.35,-2.85,-0.85,3.4,1.2,1.6,-0.7,C_broke_accepted,0.1,0.75,0.688,1.135,0.961,0.7,278.4,278.4,279.1,279.1,280.0,0.7,0.7,1.71,1.71,ACCEPTANCE,ACCEPTANCE,MIXED,True,True,2,DOWN,UP,UP,1.1,-1.2,1.57,-1.71,1.57,-1.0,4,True,False,False,False,False,False,False,False,REVERSAL
2026-09-02T12:55:00Z,NATURALGAS,2026-09-02,CHOP,SHORT,bearish_expansion,278.5,278.5,277.5,277.7,1.0,0.8,0.8,0.0,0.2,0.25,2.5,0.92,1.11,0.89,2119.0,3.38,0.973,1.64,280.0,280.0,16776250.0,12571250.0,296250.0,161250.0,price_down_OI_up,161250.0,BELOW_VA,below_VAL,-3.05,-3.55,-1.55,4.1,0.5,2.3,-1.4,B_swept_returned,0.4,0.95,0.594,1.309,0.975,0.7,277.7,,278.5,,280.0,0.8,,0.62,,REJECTION,REJECTION,REJECTION,True,True,,UP,UP,UP,0.0,-1.0,0.0,-1.25,0.0,-1.75,0,False,False,False,False,False,False,False,False,REVERSAL
2026-09-02T13:00:00Z,NATURALGAS,2026-09-02,CHOP,LONG,bullish_rejection,278.1,278.7,277.7,278.3,1.0,0.2,0.2,0.4,0.4,4.0,2.5,0.921,1.1,0.22,2155.0,3.37,0.974,1.02,280.0,280.0,17612500.0,12788750.0,836250.0,217500.0,price_up_OI_up,836250.0,BELOW_VA,below_VAL,-2.45,-2.95,-0.95,3.5,1.1,1.7,-0.8,B_swept_returned,0.2,1.25,0.781,1.67,1.012,0.625,278.3,278.3,277.7,277.7,279.1,0.6,0.6,2.83,2.83,ACCEPTANCE,ACCEPTANCE,ACCEPTANCE,True,True,5,UP,UP,UP,0.1,-1.0,0.17,-1.67,0.17,1.33,0,False,False,False,False,False,False,False,False,REVERSAL
2026-09-02T13:05:00Z,NATURALGAS,2026-09-02,CHOP,LONG,bullish_rejection,278.4,278.4,277.3,278.4,1.1,0.0,0.0,0.0,1.1,1100000000.0,2.75,0.922,1.19,0.0,1752.0,2.68,0.904,0.81,280.0,280.0,17710000.0,12700000.0,97500.0,-88750.0,price_up_OI_up,97500.0,BELOW_VA,below_VAL,-2.35,-2.35,-0.35,3.4,1.2,1.6,0.9,E_open_space,,1.25,0.781,2.121,1.084,0.625,278.4,278.4,277.3,277.3,277.5,1.1,1.1,1.45,1.45,NA,NA,NA,False,True,4,UP,UP,UP,3.8,-0.6,3.45,-0.55,3.45,0.64,,True,True,True,False,False,False,False,False,CONTINUATION
2026-09-02T13:10:00Z,NATURALGAS,2026-09-02,CHOP,LONG,bullish_expansion,278.2,278.9,278.2,278.6,0.7,0.4,0.571,0.3,0.0,0.75,1.75,0.793,0.77,0.44,761.0,1.15,0.724,0.43,280.0,280.0,18055000.0,13000000.0,345000.0,300000.0,price_up_OI_up,345000.0,BELOW_VA,below_VAL,-2.15,-2.15,-0.15,3.2,1.4,0.1,1.1,D_failed_immediately,0.1,1.35,0.844,2.553,1.235,0.675,278.6,279.2,278.2,278.8,277.5,0.4,0.4,0.25,3.88,ACCEPTANCE,ACCEPTANCE,MIXED,True,True,3,UP,UP,DOWN,1.0,-0.5,2.5,-1.25,2.5,1.25,4,True,True,False,False,False,False,False,False,CONTINUATION
2026-09-02T13:15:00Z,NATURALGAS,2026-09-02,CHOP,SHORT,bearish_rejection,278.6,279.6,278.6,279.0,1.0,0.4,0.4,0.6,0.0,1.5,2.5,0.915,1.09,0.44,1611.0,2.43,0.897,2.12,280.0,280.0,17978750.0,13060000.0,-76250.0,60000.0,price_down_OI_up,60000.0,LOWER_VA,inside_value,-1.75,-1.75,0.25,2.8,1.8,-0.3,1.7,B_swept_returned,0.25,0.9,0.844,2.433,1.051,0.675,279.0,279.0,279.6,279.6,278.7,0.6,0.6,0.42,0.42,REJECTION,MIXED,MIXED,True,True,,UP,DOWN,UP,0.7,-0.6,1.17,-1.0,1.17,-0.17,2,True,False,False,False,False,False,False,False,REVERSAL
2026-09-02T13:25:00Z,NATURALGAS,2026-09-02,CHOP,SHORT,bearish_expansion,279.3,279.5,278.3,278.4,1.2,0.9,0.75,0.2,0.1,0.33,3.0,0.941,1.32,0.99,930.0,1.38,0.756,0.95,280.0,280.0,17666250.0,12786250.0,-12500.0,-40000.0,price_down_OI_down,-40000.0,BELOW_VA,below_VAL,-2.35,-2.35,-0.35,3.4,1.2,1.2,1.1,B_swept_returned,0.35,1.15,0.844,2.151,0.949,0.675,278.4,,279.5,,279.6,1.1,,1.0,,REJECTION,MIXED,MIXED,True,True,,UP,DOWN,DOWN,0.0,-1.2,0.0,-1.09,0.0,-0.64,0,False,False,False,False,False,False,False,False,REVERSAL
2026-09-02T13:30:00Z,NATURALGAS,2026-09-02,CHOP,LONG,bullish_expansion,278.5,279.6,278.5,279.2,1.1,0.7,0.636,0.4,0.0,0.57,2.75,0.925,1.19,0.75,882.0,1.3,0.733,0.95,280.0,280.0,17835000.0,12803750.0,168750.0,17500.0,price_up_OI_up,168750.0,LOWER_VA,inside_value,-1.55,-1.55,0.45,2.6,2.0,0.4,1.9,E_open_space,0.4,1.15,0.719,1.782,0.97,0.675,279.2,,278.5,,277.3,0.7,,0.57,,REJECTION,REJECTION,REJECTION,True,False,,DOWN,DOWN,UP,0.0,-1.1,0.0,-1.57,0.0,-0.14,0,False,False,False,False,False,False,False,False,REVERSAL
2026-09-02T13:35:00Z,NATURALGAS,2026-09-02,CHOP,SHORT,bearish_expansion,279.1,279.1,278.1,278.3,1.0,0.8,0.8,0.0,0.2,0.25,2.5,0.901,1.06,0.85,873.0,1.29,0.719,0.99,280.0,280.0,17566250.0,12883750.0,-268750.0,80000.0,price_down_OI_up,80000.0,BELOW_VA,below_VAL,-2.45,-2.45,-0.45,3.5,1.1,1.3,0.0,D_failed_immediately,0.0,0.7,0.719,1.521,0.958,0.675,278.3,278.0,279.1,278.6,279.6,0.8,0.6,1.38,1.33,REJECTION,REJECTION,REJECTION,True,True,,DOWN,UP,UP,0.5,-0.8,0.62,-1.0,0.62,-1.0,2,False,False,False,False,False,False,False,False,REVERSAL
2026-09-02T13:40:00Z,NATURALGAS,2026-09-02,CHOP,SHORT,bearish_rejection,278.3,278.6,277.8,278.0,0.8,0.3,0.375,0.3,0.2,1.67,2.0,0.787,0.86,0.32,969.0,1.43,0.762,1.11,280.0,280.0,17925000.0,12822500.0,358750.0,-61250.0,price_down_OI_down,-61250.0,BELOW_VA,below_VAL,-2.75,-2.75,-0.75,3.8,0.8,1.6,-0.3,B_swept_returned,0.1,0.75,0.719,1.55,1.032,0.575,278.0,278.0,278.6,278.6,279.6,0.6,0.6,1.33,1.33,REJECTION,REJECTION,REJECTION,True,False,,UP,UP,DOWN,0.0,-0.8,0.0,-1.33,0.0,-1.83,0,False,False,False,False,False,False,False,False,REVERSAL
2026-09-02T13:45:00Z,NATURALGAS,2026-09-02,CHOP,LONG,bullish_expansion,278.1,278.8,278.0,278.6,0.8,0.5,0.625,0.2,0.1,0.6,2.0,0.789,0.87,0.54,452.0,0.66,0.537,0.47,280.0,280.0,18143750.0,12918750.0,218750.0,96250.0,price_up_OI_up,218750.0,BELOW_VA,below_VAL,-2.15,-2.15,-0.15,3.2,1.4,1.0,0.3,D_failed_immediately,0.0,0.9,0.719,1.357,0.999,0.575,278.6,,278.0,,278.3,0.6,,1.67,,ACCEPTANCE,ACCEPTANCE,ACCEPTANCE,False,True,3,UP,DOWN,UP,3.6,-0.2,6.0,-0.33,6.0,0.83,,True,True,True,True,True,False,False,False,CONTINUATION
2026-09-02T13:50:00Z,NATURALGAS,2026-09-02,CHOP,LONG,bullish_expansion,278.6,279.1,278.4,279.0,0.7,0.4,0.571,0.1,0.2,0.75,1.75,0.758,0.77,0.44,532.0,0.78,0.581,1.18,280.0,280.0,18070000.0,13012500.0,-73750.0,93750.0,price_up_OI_down,-73750.0,LOWER_VA,inside_value,-1.75,-1.75,0.25,2.8,1.8,0.6,1.2,C_broke_accepted,0.2,0.9,0.563,1.207,1.083,0.575,279.0,,278.4,,277.8,0.6,,1.0,,REJECTION,REJECTION,MIXED,False,True,2,DOWN,UP,UP,3.2,-0.4,5.33,-0.67,5.33,0.17,,True,True,True,True,True,False,False,False,CONTINUATION
2026-09-02T13:55:00Z,NATURALGAS,2026-09-02,CHOP,SHORT,bearish_rejection,279.0,279.4,278.7,278.8,0.7,0.2,0.286,0.4,0.1,2.5,1.75,0.752,0.79,0.22,678.0,1.0,0.656,1.27,280.0,280.0,17808750.0,13152500.0,-261250.0,140000.0,price_down_OI_up,140000.0,LOWER_VA,inside_value,-1.95,-1.95,0.05,3.0,1.6,0.8,1.0,D_failed_immediately,0.05,0.9,0.563,1.092,0.989,0.575,278.8,278.8,279.4,279.4,279.6,0.6,0.6,0.08,0.08,ACCEPTANCE,MIXED,MIXED,True,True,,UP,UP,UP,0.2,-0.8,0.33,-1.33,0.33,-0.5,1,False,False,False,False,False,False,False,False,REVERSAL
2026-09-02T14:05:00Z,NATURALGAS,2026-09-02,CHOP,LONG,bullish_expansion,278.7,279.6,278.7,279.6,0.9,0.9,1.0,0.0,0.0,0.0,2.25,0.827,1.03,1.03,692.0,1.02,0.661,1.15,280.0,280.0,17637500.0,12906250.0,-72500.0,13750.0,price_up_OI_down,-72500.0,LOWER_VA,inside_value,-1.15,-1.15,0.85,2.2,2.4,-0.2,1.8,C_broke_accepted,0.2,0.8,0.562,0.953,0.826,0.45,279.6,,278.7,,277.8,0.9,,1.28,,ACCEPTANCE,ACCEPTANCE,MIXED,False,True,5,UP,DOWN,DOWN,2.6,-0.9,2.89,-1.0,2.89,-0.56,39,True,True,False,False,False,False,False,False,CONTINUATION
2026-09-02T14:10:00Z,NATURALGAS,2026-09-02,CHOP,LONG,bullish_expansion,279.6,280.8,279.5,280.6,1.3,1.0,0.769,0.2,0.1,0.3,3.25,0.953,1.44,1.11,3265.0,4.81,0.984,4.72,280.0,280.0,17740000.0,12886250.0,102500.0,-20000.0,price_up_OI_up,102500.0,AT_POC,near_POC,-0.15,-0.15,1.85,1.2,3.4,-1.2,2.0,B_swept_returned,0.15,0.8,0.562,0.872,0.82,0.45,280.6,,279.5,,278.6,1.1,,0.14,,REJECTION,REJECTION,REJECTION,True,True,,DOWN,DOWN,UP,0.3,-1.4,0.27,-1.27,0.27,-1.36,1,False,False,False,False,False,False,False,False,REVERSAL
2026-09-02T14:15:00Z,NATURALGAS,2026-09-02,CHOP,SHORT,neutral,280.7,280.9,280.1,280.4,0.8,0.3,0.375,0.2,0.3,1.67,2.0,0.752,0.89,0.34,1707.0,2.44,0.899,0.52,280.0,280.0,17013750.0,13002500.0,-726250.0,116250.0,price_down_OI_up,116250.0,LOWER_VA,inside_value,-0.35,-0.35,1.65,1.4,3.2,-1.0,1.8,E_open_space,,1.2,0.937,1.652,0.939,0.75,280.4,,280.9,,279.4,0.5,,3.3,,NA,NA,NA,False,True,5,DOWN,UP,DOWN,1.5,-0.9,3.0,-1.8,3.0,2.6,6,True,True,True,False,False,False,False,False,CONTINUATION
2026-09-02T14:20:00Z,NATURALGAS,2026-09-02,CHOP,SHORT,bearish_expansion,280.2,280.3,279.2,279.5,1.1,0.7,0.636,0.1,0.3,0.57,2.75,0.923,1.2,0.76,1774.0,2.51,0.915,1.04,280.0,280.0,16723750.0,13030000.0,-290000.0,27500.0,price_down_OI_up,27500.0,LOWER_VA,inside_value,-1.25,-1.25,0.75,2.3,2.3,-0.1,0.9,C_broke_accepted,0.6,1.15,0.969,1.966,0.938,0.775,279.5,,280.3,,279.4,0.8,,0.94,,REJECTION,MIXED,MIXED,True,True,,UP,DOWN,UP,0.6,-0.8,0.75,-1.0,0.75,0.5,2,False,False,False,False,False,False,False,False,REVERSAL
2026-09-02T14:35:00Z,NATURALGAS,2026-09-02,CHOP,LONG,bullish_expansion,279.1,280.3,279.0,280.2,1.3,1.1,0.846,0.1,0.1,0.18,3.25,0.955,1.45,1.23,1098.0,1.54,0.782,1.77,280.0,280.0,17252500.0,12811250.0,126250.0,-101250.0,price_up_OI_up,126250.0,LOWER_VA,inside_value,-0.55,-0.55,1.45,1.6,3.0,0.7,1.6,C_broke_accepted,0.7,1.0,0.719,2.297,0.958,0.725,280.2,,279.0,,278.6,1.2,,0.46,,REJECTION,REJECTION,MIXED,False,True,2,DOWN,DOWN,UP,2.0,-1.2,1.67,-1.0,1.67,-0.92,29,True,False,False,False,False,False,False,False,REVERSAL
2026-09-02T14:40:00Z,NATURALGAS,2026-09-02,CHOP,SHORT,neutral,280.3,280.5,279.8,280.2,0.7,0.1,0.143,0.2,0.4,6.0,1.56,0.731,0.79,0.11,1131.0,1.58,0.791,1.03,280.0,280.0,,,,,ambiguous,,LOWER_VA,inside_value,-0.55,-0.55,1.45,1.6,3.0,0.7,1.3,E_open_space,,0.889,0.639,1.684,0.974,0.556,280.2,,280.5,,280.9,0.3,,4.33,,NA,NA,NA,True,True,,DOWN,UP,UP,0.6,-0.3,2.0,-1.0,2.0,3.67,0,True,False,False,False,False,False,False,False,REVERSAL
2026-09-02T14:45:00Z,NATURALGAS,2026-09-02,CHOP,SHORT,neutral,280.3,280.5,279.6,279.9,0.9,0.4,0.444,0.2,0.3,1.25,1.8,0.793,1.02,0.45,1298.0,1.8,0.815,1.15,280.0,280.0,16963750.0,12917500.0,,,ambiguous,,LOWER_VA,inside_value,-0.85,-0.85,1.15,1.9,2.7,1.0,1.0,B_swept_returned,0.1,0.64,0.55,1.517,0.95,0.46,279.9,,280.5,,280.9,0.6,,1.67,,REJECTION,REJECTION,REJECTION,True,False,,UP,UP,DOWN,0.0,-1.4,0.0,-2.33,0.0,1.33,0,False,False,False,False,False,False,False,False,REVERSAL
2026-09-02T14:50:00Z,NATURALGAS,2026-09-02,CHOP,LONG,bullish_expansion,280.1,281.3,280.1,281.2,1.2,1.1,0.917,0.1,0.0,0.09,2.4,0.934,1.3,1.19,2687.0,3.71,0.978,2.07,280.0,280.0,17112500.0,12833750.0,148750.0,-83750.0,price_up_OI_up,148750.0,ABOVE_VA,acceptance_outside_value,0.45,0.45,2.45,0.6,4.0,-0.7,2.3,C_broke_accepted,0.45,0.64,0.5,1.377,0.868,0.46,281.2,281.4,280.1,281.0,278.9,1.1,0.4,0.55,1.0,ACCEPTANCE,MIXED,MIXED,False,True,3,UP,DOWN,UP,1.0,-1.1,0.91,-1.0,0.91,-1.91,23,False,False,False,False,False,False,False,False,REVERSAL
2026-09-02T14:55:00Z,NATURALGAS,2026-09-02,CHOP,LONG,bullish_rejection,281.2,281.5,281.0,281.4,0.5,0.2,0.4,0.1,0.2,1.5,1.0,0.599,0.56,0.22,2089.0,2.83,0.949,0.78,280.0,280.0,16743750.0,13282500.0,-368750.0,448750.0,price_up_OI_down,-368750.0,ABOVE_VA,above_VAH,0.65,0.65,2.65,0.4,4.2,-0.9,1.8,B_swept_returned,0.1,0.96,0.6,1.849,1.055,0.52,281.4,281.4,281.0,281.0,279.6,0.4,0.4,1.0,1.0,REJECTION,REJECTION,REJECTION,True,True,,DOWN,UP,UP,0.1,-0.4,0.25,-1.0,0.25,-5.75,0,False,False,False,False,False,False,False,False,REVERSAL
2026-09-02T15:10:00Z,NATURALGAS,2026-09-02,CHOP,LONG,neutral,281.2,281.7,281.0,281.3,0.7,0.1,0.143,0.4,0.2,6.0,1.4,0.729,0.85,0.12,1448.0,1.92,0.836,1.41,280.0,280.0,16417500.0,13821250.0,-33750.0,47500.0,price_up_OI_down,-33750.0,ABOVE_VA,above_VAH,0.55,0.55,2.55,0.5,4.1,0.2,1.7,B_swept_returned,0.2,0.76,0.65,2.155,0.853,0.52,281.3,,281.0,,279.6,0.3,,0.67,,REJECTION,REJECTION,REJECTION,True,False,,DOWN,UP,DOWN,0.1,-0.3,0.33,-1.0,0.33,-7.33,0,False,False,False,False,False,False,False,False,REVERSAL
2026-09-02T15:50:00Z,NATURALGAS,2026-09-02,CHOP,SHORT,bearish_rejection,281.6,282.2,281.3,281.4,0.9,0.2,0.222,0.6,0.1,3.5,1.8,0.804,1.32,0.29,2165.0,2.87,0.966,2.02,280.0,280.0,16416250.0,14536250.0,-143750.0,161250.0,price_down_OI_up,161250.0,ABOVE_VA,above_VAH,0.65,0.15,2.15,0.4,4.2,-0.1,0.4,E_open_space,,0.32,0.2,0.853,0.617,0.16,281.4,281.4,282.2,282.2,281.3,0.8,0.8,0.5,0.5,NA,NA,NA,False,True,5,DOWN,DOWN,UP,1.1,-0.8,1.37,-1.0,1.37,2.87,9,True,False,False,False,False,False,False,False,REVERSAL
2026-09-02T16:00:00Z,NATURALGAS,2026-09-02,CHOP,SHORT,bearish_expansion,280.9,281.0,280.3,280.4,0.7,0.5,0.714,0.1,0.1,0.4,1.4,0.74,1.04,0.75,1343.0,1.76,0.807,1.47,280.0,280.0,16460000.0,14686250.0,-2500.0,168750.0,price_down_OI_up,168750.0,LOWER_VA,inside_value,-0.35,-0.85,1.15,1.8,3.2,1.8,-0.6,A_broke,0.5,0.52,0.325,1.352,0.806,0.26,280.4,,281.0,,282.2,0.6,,1.92,,REJECTION,REJECTION,REJECTION,True,False,,UP,UP,UP,0.0,-0.6,0.0,-1.0,0.0,2.17,0,False,False,False,False,False,False,False,False,REVERSAL
2026-09-02T16:40:00Z,NATURALGAS,2026-09-02,CHOP,LONG,neutral,281.6,282.2,281.6,281.9,0.6,0.3,0.5,0.3,0.0,1.0,1.2,0.646,1.06,0.53,2413.0,3.15,0.975,5.81,280.0,280.0,15853750.0,15118750.0,-63750.0,62500.0,price_up_OI_down,-63750.0,ABOVE_VA,above_VAH,1.15,0.65,2.65,0.3,4.7,0.1,0.5,E_open_space,0.3,0.4,0.425,0.951,0.709,0.38,281.9,,281.6,,281.4,0.3,,0.33,,REJECTION,REJECTION,REJECTION,True,False,,DOWN,DOWN,DOWN,0.0,-0.6,0.0,-2.0,0.0,-9.33,0,False,False,False,False,False,False,False,False,REVERSAL
2026-09-02T16:50:00Z,NATURALGAS,2026-09-02,CHOP,SHORT,bearish_expansion,281.4,281.5,280.1,280.1,1.4,1.3,0.929,0.1,0.0,0.08,2.8,0.963,2.24,2.08,1736.0,2.24,0.887,2.52,280.0,280.0,15826250.0,14977500.0,-256250.0,-208750.0,price_down_OI_down,-208750.0,LOWER_VA,inside_value,-0.65,-1.15,1.35,2.1,2.9,2.1,-1.5,C_broke_accepted,1.2,0.36,0.35,1.347,0.703,0.38,280.1,279.3,281.5,279.9,282.2,1.4,0.6,0.96,0.92,ACCEPTANCE,ACCEPTANCE,ACCEPTANCE,False,True,5,DOWN,DOWN,UP,1.5,-0.1,1.07,-0.07,1.07,0.71,,True,False,False,False,False,False,False,False,CHOP
2026-09-02T16:55:00Z,NATURALGAS,2026-09-02,CHOP,SHORT,neutral,280.2,280.2,279.2,279.7,1.0,0.5,0.5,0.0,0.5,1.0,2.0,0.894,1.53,0.77,2970.0,3.8,0.981,1.71,280.0,280.0,15677500.0,14403750.0,-148750.0,-573750.0,price_down_OI_down,-573750.0,LOWER_VA,inside_value,-1.05,-1.55,0.95,2.5,2.5,2.5,-1.9,C_broke_accepted,0.4,0.84,0.525,1.542,0.981,0.42,279.7,279.3,280.2,279.9,282.2,0.5,0.6,1.9,0.92,ACCEPTANCE,ACCEPTANCE,ACCEPTANCE,False,True,4,DOWN,UP,UP,1.1,-0.2,2.2,-0.4,2.2,1.2,,True,True,False,False,False,False,False,False,CONTINUATION
2026-09-02T17:00:00Z,NATURALGAS,2026-09-02,CHOP,SHORT,bearish_rejection,279.5,279.9,279.1,279.3,0.8,0.2,0.25,0.4,0.2,3.0,1.6,0.759,1.21,0.3,1997.0,2.51,0.914,0.67,280.0,280.0,15492500.0,13955000.0,-185000.0,-448750.0,price_down_OI_down,-448750.0,LOWER_VA,inside_value,-1.45,-1.95,0.55,2.9,2.1,2.9,-2.3,B_swept_returned,0.1,1.2,0.75,2.07,1.146,0.6,279.3,279.3,279.9,279.9,282.2,0.6,0.6,0.92,0.92,REJECTION,REJECTION,REJECTION,False,True,3,UP,UP,UP,0.7,-0.5,1.17,-0.83,1.17,0.33,,True,False,False,False,False,False,False,False,CHOP
2026-09-02T17:05:00Z,NATURALGAS,2026-09-02,CHOP,LONG,neutral,279.2,279.7,279.0,279.5,0.7,0.3,0.429,0.2,0.2,1.33,1.4,0.742,1.05,0.45,1227.0,1.53,0.773,0.61,280.0,280.0,15753750.0,13918750.0,261250.0,-36250.0,price_up_OI_up,261250.0,LOWER_VA,inside_value,-1.25,-1.75,0.25,2.7,2.3,2.7,-2.1,E_open_space,,1.24,0.775,2.445,1.322,0.62,279.5,279.6,279.0,279.4,281.6,0.5,0.2,3.5,8.25,NA,NA,NA,True,True,2,UP,UP,DOWN,0.3,-0.8,0.6,-1.6,0.6,-0.8,3,False,False,False,False,False,False,False,False,REVERSAL
2026-09-02T17:25:00Z,NATURALGAS,2026-09-02,CHOP,SHORT,bearish_expansion,279.3,279.3,278.7,278.7,0.6,0.6,1.0,0.0,0.0,0.0,1.2,0.683,0.94,0.94,1748.0,2.18,0.88,3.21,280.0,280.0,15685000.0,13477500.0,-18750.0,-146250.0,price_down_OI_down,-146250.0,BELOW_VA,acceptance_outside_value,-2.05,-2.55,-0.55,3.5,1.5,1.1,-0.4,C_broke_accepted,0.4,0.36,0.725,1.251,0.972,0.64,278.7,,279.3,,279.8,0.6,,2.5,,REJECTION,REJECTION,REJECTION,True,True,,UP,DOWN,UP,0.1,-1.0,0.17,-1.67,0.17,-0.67,0,False,False,False,False,False,False,False,False,REVERSAL
2026-09-02T17:30:00Z,NATURALGAS,2026-09-02,CHOP,LONG,bullish_expansion,278.7,279.7,278.6,279.5,1.1,0.8,0.727,0.2,0.1,0.37,2.2,0.905,1.64,1.19,1515.0,1.88,0.833,0.87,280.0,280.0,15543750.0,12982500.0,-141250.0,-495000.0,price_up_OI_down,-141250.0,LOWER_VA,inside_value,-1.25,-1.75,0.25,2.7,2.3,0.3,0.4,B_swept_returned,0.2,0.44,0.7,1.181,0.864,0.7,279.5,,278.6,,279.1,0.9,,0.33,,REJECTION,REJECTION,REJECTION,True,False,,DOWN,UP,DOWN,0.0,-0.9,0.0,-1.0,0.0,-0.44,2,False,False,False,False,False,False,False,False,REVERSAL
2026-09-03T05:40:00Z,NATURALGAS,2026-09-03,TREND_DOWN,LONG,bullish_expansion,284.6,285.1,284.5,285.1,0.6,0.5,0.833,0.0,0.1,0.2,1.71,0.962,1.54,1.28,402.0,0.47,0.423,1.11,285.0,285.0,4617500.0,3500000.0,6250.0,-15000.0,price_up_OI_up,6250.0,AT_POC,near_POC,-0.15,-0.15,0.85,0.6,1.8,-0.3,0.6,A_broke,0.3,0.343,0.357,0.333,0.768,0.314,285.1,284.8,284.5,284.5,284.5,0.6,0.3,0.25,1.5,REJECTION,REJECTION,REJECTION,True,False,,DOWN,DOWN,DOWN,0.0,-0.6,0.0,-1.0,0.0,-14.67,1,False,False,False,False,False,False,False,False,REVERSAL
2026-09-03T06:30:00Z,NATURALGAS,2026-09-03,TREND_DOWN,SHORT,neutral,285.4,285.5,284.7,285.0,0.8,0.4,0.5,0.1,0.3,1.0,2.67,0.972,2.08,1.04,454.0,0.66,0.583,2.12,285.0,285.0,4687500.0,3827500.0,,,ambiguous,,LOWER_VA,inside_value,-0.25,-0.25,0.25,0.7,1.7,0.2,0.5,B_swept_returned,0.25,0.533,0.375,0.304,0.727,0.3,285.0,,285.5,,285.2,0.5,,0.5,,ACCEPTANCE,ACCEPTANCE,ACCEPTANCE,False,True,4,DOWN,DOWN,UP,2.9,-0.5,5.8,-1.0,5.8,17.4,53,True,True,True,True,True,False,False,False,CONTINUATION
2026-09-03T07:00:00Z,NATURALGAS,2026-09-03,TREND_DOWN,SHORT,bearish_expansion,284.2,284.4,283.6,283.6,0.8,0.6,0.75,0.2,0.0,0.33,2.29,0.952,1.95,1.46,1599.0,2.46,0.929,9.69,285.0,285.0,4721250.0,3480000.0,-2500.0,-71250.0,price_down_OI_down,-71250.0,BELOW_VA,acceptance_outside_value,-1.65,-1.65,-0.65,2.1,0.3,0.9,-0.5,C_broke_accepted,0.5,0.571,0.5,0.593,0.877,0.4,283.6,283.3,284.4,283.6,284.5,0.8,0.3,0.38,,ACCEPTANCE,ACCEPTANCE,ACCEPTANCE,False,True,4,DOWN,DOWN,UP,1.5,-0.9,1.88,-1.13,1.88,9.13,45,True,False,False,False,False,False,False,False,REVERSAL
2026-09-03T07:05:00Z,NATURALGAS,2026-09-03,TREND_DOWN,SHORT,bearish_expansion,283.7,283.9,283.3,283.3,0.6,0.4,0.667,0.2,0.0,0.5,1.5,0.907,1.41,0.94,788.0,1.17,0.791,0.49,285.0,285.0,4958750.0,3458750.0,237500.0,-21250.0,price_down_OI_down,-21250.0,BELOW_VA,below_VAL,-1.95,-1.95,-0.95,2.4,0.0,1.2,-0.8,E_open_space,0.0,0.6,0.594,0.892,1.037,0.475,283.3,283.3,283.9,283.6,284.5,0.6,0.3,,,REJECTION,REJECTION,REJECTION,False,True,3,DOWN,UP,DOWN,1.2,-0.9,2.0,-1.5,2.0,11.67,42,True,True,False,False,False,False,False,False,CONTINUATION
2026-09-03T07:15:00Z,NATURALGAS,2026-09-03,TREND_DOWN,LONG,bullish_rejection,283.2,283.6,282.8,283.4,0.8,0.2,0.25,0.2,0.4,3.0,2.0,0.978,1.75,0.44,1314.0,1.94,0.867,1.61,285.0,285.0,5027500.0,3422500.0,23750.0,-73750.0,price_up_OI_up,23750.0,BELOW_VA,below_VAL,-1.85,-1.85,-0.85,2.3,0.3,1.0,-0.7,E_open_space,0.2,0.7,0.625,1.085,1.096,0.6,283.4,283.4,282.8,282.8,284.1,0.6,0.6,1.67,1.67,REJECTION,REJECTION,MIXED,False,True,,DOWN,UP,UP,0.4,-0.9,0.67,-1.5,0.67,-11.83,5,False,False,False,False,False,False,False,False,REVERSAL
2026-09-03T07:20:00Z,NATURALGAS,2026-09-03,TREND_DOWN,SHORT,bearish_rejection,283.5,283.8,283.0,283.2,0.8,0.3,0.375,0.3,0.2,1.67,2.0,0.978,1.66,0.62,602.0,0.87,0.674,0.46,285.0,285.0,,,,,ambiguous,,BELOW_VA,below_VAL,-2.05,-2.05,-1.05,2.5,0.4,1.2,-0.9,A_broke,0.9,0.8,0.625,1.355,1.207,0.675,283.2,283.2,283.8,283.8,284.4,0.6,0.6,0.67,0.67,REJECTION,REJECTION,MIXED,False,True,2,UP,UP,DOWN,1.1,-1.0,1.83,-1.67,1.83,11.5,39,True,False,False,False,False,False,False,False,REVERSAL
2026-09-03T07:35:00Z,NATURALGAS,2026-09-03,TREND_DOWN,SHORT,bearish_expansion,283.7,283.7,283.0,283.1,0.7,0.6,0.857,0.0,0.1,0.17,1.75,0.898,1.46,1.25,303.0,0.45,0.347,1.29,285.0,285.0,5180000.0,3292500.0,7500.0,-25000.0,price_down_OI_down,-25000.0,BELOW_VA,acceptance_outside_value,-2.15,-2.15,-1.15,2.6,0.3,0.7,0.3,C_broke_accepted,0.2,0.5,0.5,0.936,1.167,0.425,283.1,,283.7,,283.8,0.6,,0.5,,REJECTION,MIXED,MIXED,False,True,2,UP,DOWN,UP,1.0,-0.6,1.67,-1.0,1.67,11.33,35,True,False,False,False,False,False,False,False,REVERSAL
2026-09-03T07:45:00Z,NATURALGAS,2026-09-03,TREND_DOWN,SHORT,bearish_expansion,283.1,283.2,282.5,282.5,0.7,0.6,0.857,0.1,0.0,0.17,1.75,0.902,1.45,1.24,662.0,1.01,0.765,1.93,280.0,280.0,11648750.0,9060000.0,,,ambiguous,,BELOW_VA,below_VAL,-2.75,-2.75,-1.75,3.2,-0.3,1.2,-0.3,A_broke,0.3,0.45,0.344,0.503,1.034,0.4,282.5,282.6,283.2,282.9,283.7,0.7,0.3,,,REJECTION,REJECTION,REJECTION,True,True,3,UP,UP,UP,0.2,-0.7,0.29,-1.0,0.29,8.86,4,False,False,False,False,False,False,False,False,REVERSAL
2026-09-03T08:00:00Z,NATURALGAS,2026-09-03,TREND_DOWN,LONG,bullish_rejection,282.9,283.0,282.3,282.9,0.7,0.0,0.0,0.1,0.6,700000000.0,1.75,0.907,1.45,0.0,735.0,1.14,0.778,2.94,285.0,285.0,5356250.0,3318750.0,18750.0,23750.0,price_up_OI_up,18750.0,BELOW_VA,below_VAL,-2.35,-2.35,-0.85,2.8,0.4,0.3,0.4,A_broke,0.1,0.6,0.406,0.674,0.996,0.325,282.9,282.9,282.3,282.3,282.5,0.6,0.6,0.5,0.5,REJECTION,MIXED,MIXED,True,True,,DOWN,UP,DOWN,0.3,-0.8,0.5,-1.33,0.5,-11.0,4,False,False,False,False,False,False,False,False,REVERSAL
2026-09-03T09:45:00Z,NATURALGAS,2026-09-03,TREND_DOWN,SHORT,bearish_expansion,283.5,283.6,282.9,283.0,0.7,0.5,0.714,0.1,0.1,0.4,1.75,0.933,1.76,1.25,485.0,0.88,0.653,1.52,285.0,285.0,,,,,ambiguous,,BELOW_VA,acceptance_outside_value,-2.25,-2.25,-0.25,2.7,0.9,0.2,0.2,C_broke_accepted,0.1,0.4,0.313,0.333,0.703,0.25,283.0,,283.6,,283.2,0.6,,0.33,,REJECTION,REJECTION,REJECTION,False,True,2,UP,UP,DOWN,0.6,-0.7,1.0,-1.17,1.0,11.17,9,True,False,False,False,False,False,False,False,REVERSAL
2026-09-03T10:35:00Z,NATURALGAS,2026-09-03,TREND_DOWN,LONG,bullish_rejection,283.5,283.7,283.0,283.6,0.7,0.1,0.143,0.1,0.5,6.0,1.75,0.929,1.67,0.24,807.0,1.54,0.871,3.81,285.0,285.0,6895000.0,3943750.0,,,ambiguous,,LOWER_VA,inside_value,-1.65,-1.65,0.35,2.1,1.5,-0.1,1.2,C_broke_accepted,0.1,0.55,0.344,0.576,0.859,0.3,283.6,283.6,283.0,283.0,282.4,0.6,0.6,2.75,2.75,ACCEPTANCE,ACCEPTANCE,ACCEPTANCE,False,True,,UP,DOWN,UP,1.9,-0.6,3.17,-1.0,3.17,-12.17,6,True,True,True,False,False,False,False,False,CONTINUATION
2026-09-03T10:40:00Z,NATURALGAS,2026-09-03,TREND_DOWN,LONG,bullish_expansion,283.5,284.2,283.5,284.1,0.7,0.6,0.857,0.1,0.0,0.17,1.75,0.93,1.59,1.37,986.0,1.87,0.907,1.22,285.0,285.0,6977500.0,3943750.0,82500.0,0.0,price_up_OI_up,82500.0,LOWER_VA,inside_value,-1.15,-1.15,0.85,1.6,2.0,-0.6,1.1,A_broke,0.4,0.55,0.406,0.662,0.957,0.325,284.1,284.1,283.5,283.8,283.0,0.6,0.3,1.92,3.83,REJECTION,MIXED,MIXED,False,True,,DOWN,UP,UP,1.4,-1.1,2.33,-1.83,2.33,-13.0,5,True,True,False,False,False,False,False,False,CONTINUATION
2026-09-03T10:55:00Z,NATURALGAS,2026-09-03,TREND_DOWN,LONG,neutral,284.8,285.2,284.6,285.1,0.6,0.3,0.5,0.1,0.2,1.0,1.5,0.865,1.33,0.66,1627.0,3.06,0.966,2.79,285.0,285.0,7005000.0,4316250.0,-237500.0,180000.0,price_up_OI_down,-237500.0,AT_POC,near_POC,-0.15,-0.15,1.85,0.6,3.0,-0.9,2.1,C_broke_accepted,0.6,0.75,0.594,1.143,1.149,0.525,285.1,,284.6,,283.0,0.5,,0.3,,REJECTION,REJECTION,REJECTION,True,True,,DOWN,DOWN,DOWN,0.4,-0.9,0.8,-1.8,0.8,-17.6,0,False,False,False,False,False,False,False,False,REVERSAL
2026-09-03T11:00:00Z,NATURALGAS,2026-09-03,TREND_DOWN,SHORT,bearish_expansion,285.1,285.5,284.2,284.3,1.3,0.8,0.615,0.4,0.1,0.62,3.25,0.989,2.53,1.56,2962.0,5.45,0.989,1.82,285.0,285.0,6612500.0,4445000.0,-392500.0,128750.0,price_down_OI_up,128750.0,LOWER_VA,inside_value,-0.95,-0.95,1.05,1.4,2.2,-0.1,1.3,C_broke_accepted,0.3,1.1,0.781,1.638,1.091,0.7,284.3,,285.5,,284.2,1.2,,0.88,,ACCEPTANCE,ACCEPTANCE,ACCEPTANCE,False,True,,DOWN,DOWN,UP,1.6,-1.2,1.33,-1.0,1.33,6.67,12,True,False,False,False,False,False,False,False,REVERSAL
2026-09-03T11:05:00Z,NATURALGAS,2026-09-03,TREND_DOWN,SHORT,bearish_expansion,284.4,284.6,283.6,283.8,1.0,0.6,0.6,0.2,0.2,0.67,2.5,0.978,1.82,1.09,1111.0,1.95,0.89,0.38,285.0,285.0,7000000.0,4900000.0,387500.0,455000.0,price_down_OI_up,455000.0,LOWER_VA,inside_value,-1.45,-1.45,0.55,1.9,1.7,0.4,0.8,C_broke_accepted,0.4,1.0,0.781,2.318,1.241,0.725,283.8,,284.6,,284.2,0.8,,0.69,,ACCEPTANCE,ACCEPTANCE,ACCEPTANCE,False,True,5,DOWN,UP,UP,0.8,-0.8,1.0,-1.0,1.0,9.37,8,True,False,False,False,False,False,False,False,REVERSAL
2026-09-03T11:10:00Z,NATURALGAS,2026-09-03,TREND_DOWN,SHORT,bearish_expansion,283.7,283.8,283.0,283.2,0.8,0.5,0.625,0.1,0.2,0.6,2.0,0.967,1.41,0.88,1591.0,2.76,0.935,1.43,285.0,285.0,7093750.0,4833750.0,93750.0,-66250.0,price_down_OI_down,-66250.0,BELOW_VA,below_VAL,-1.55,-2.05,-0.05,2.5,1.1,2.3,0.2,E_open_space,0.2,0.95,0.781,2.337,1.307,0.7,283.2,,283.8,,285.5,0.6,,0.33,,REJECTION,REJECTION,REJECTION,True,False,,UP,UP,UP,0.2,-0.6,0.33,-1.0,0.33,11.5,1,False,False,False,False,False,False,False,False,REVERSAL
2026-09-03T11:15:00Z,NATURALGAS,2026-09-03,TREND_DOWN,LONG,neutral,283.1,283.4,283.0,283.3,0.4,0.2,0.5,0.1,0.1,1.0,1.0,0.57,0.72,0.36,881.0,1.5,0.849,0.55,285.0,285.0,7298750.0,4786250.0,205000.0,-47500.0,price_up_OI_up,205000.0,LOWER_VA,inside_value,-1.45,-1.95,0.05,2.4,1.2,2.2,0.3,E_open_space,,1.25,0.781,2.684,1.48,0.625,283.3,,283.0,,283.0,0.3,,6.5,,NA,NA,NA,False,True,4,UP,UP,DOWN,1.3,-0.6,4.33,-2.0,4.33,-23.33,7,True,True,True,True,False,False,False,False,CONTINUATION
2026-09-03T11:20:00Z,NATURALGAS,2026-09-03,TREND_DOWN,LONG,bullish_expansion,283.3,283.8,283.2,283.7,0.6,0.4,0.667,0.1,0.1,0.5,1.5,0.851,1.08,0.72,296.0,0.5,0.351,0.34,285.0,285.0,7362500.0,4805000.0,63750.0,18750.0,price_up_OI_up,63750.0,LOWER_VA,inside_value,-1.05,-1.55,0.45,2.0,1.6,1.8,0.7,C_broke_accepted,0.3,1.25,0.781,2.771,1.471,0.625,283.7,,283.2,,283.0,0.5,,3.1,,ACCEPTANCE,ACCEPTANCE,MIXED,False,True,3,UP,DOWN,DOWN,0.9,-1.0,1.8,-2.0,1.8,-14.8,6,True,False,False,False,False,False,False,False,REVERSAL
2026-09-03T11:25:00Z,NATURALGAS,2026-09-03,TREND_DOWN,LONG,neutral,283.7,284.3,283.7,284.0,0.6,0.3,0.5,0.3,0.0,1.0,1.5,0.853,1.07,0.54,1004.0,1.71,0.874,3.39,285.0,285.0,7373750.0,4733750.0,11250.0,-71250.0,price_up_OI_up,11250.0,LOWER_VA,inside_value,-0.75,-1.25,0.75,1.7,1.9,1.5,1.0,C_broke_accepted,0.2,1.25,0.781,2.332,1.463,0.625,284.0,,283.7,,283.0,0.3,,4.17,,REJECTION,REJECTION,MIXED,True,True,,DOWN,DOWN,UP,0.4,-0.3,1.33,-1.0,1.33,-25.67,0,True,False,False,False,False,False,False,False,REVERSAL
2026-09-03T11:30:00Z,NATURALGAS,2026-09-03,TREND_DOWN,SHORT,neutral,284.1,284.4,283.7,283.8,0.7,0.3,0.429,0.3,0.1,1.33,1.75,0.906,1.23,0.53,934.0,1.58,0.844,0.93,285.0,285.0,7342500.0,4680000.0,-31250.0,-53750.0,price_down_OI_down,-53750.0,LOWER_VA,inside_value,-0.95,-1.45,0.55,1.9,1.7,1.7,0.8,E_open_space,0.1,0.8,0.781,1.652,1.192,0.625,283.8,283.4,284.4,284.0,285.5,0.6,0.6,0.92,0.25,ACCEPTANCE,MIXED,MIXED,True,True,2,DOWN,UP,DOWN,0.5,-0.8,0.83,-1.33,0.83,12.5,3,False,False,False,False,False,False,False,False,REVERSAL
2026-09-03T11:35:00Z,NATURALGAS,2026-09-03,TREND_DOWN,SHORT,bearish_rejection,283.7,284.0,283.3,283.4,0.7,0.3,0.429,0.3,0.1,1.33,1.75,0.907,1.21,0.52,655.0,1.1,0.753,0.7,285.0,285.0,7423750.0,4818750.0,81250.0,138750.0,price_down_OI_up,138750.0,LOWER_VA,inside_value,-1.35,-1.85,0.15,2.3,1.3,2.1,0.4,B_swept_returned,0.3,0.7,0.781,1.583,1.07,0.625,283.4,283.4,284.0,284.0,285.5,0.6,0.6,0.25,0.25,REJECTION,REJECTION,REJECTION,True,True,,UP,DOWN,DOWN,0.0,-0.9,0.0,-1.5,0.0,11.83,0,False,False,False,False,False,False,False,False,REVERSAL
2026-09-03T11:40:00Z,NATURALGAS,2026-09-03,TREND_DOWN,LONG,bullish_expansion,283.4,284.3,283.4,284.2,0.9,0.8,0.889,0.1,0.0,0.12,2.25,0.969,1.49,1.33,472.0,0.79,0.602,0.72,285.0,285.0,7510000.0,4922500.0,86250.0,103750.0,price_up_OI_up,86250.0,LOWER_VA,inside_value,-0.55,-1.05,0.95,1.5,2.1,0.2,1.2,A_broke,0.2,0.7,0.781,1.267,0.996,0.625,284.2,,283.4,,283.0,0.8,,0.25,,REJECTION,REJECTION,REJECTION,True,True,,DOWN,DOWN,DOWN,0.4,-1.5,0.5,-1.87,0.5,-9.87,2,False,False,False,False,False,False,False,False,REVERSAL
2026-09-03T11:45:00Z,NATURALGAS,2026-09-03,TREND_DOWN,SHORT,neutral,284.3,284.3,283.7,284.0,0.6,0.3,0.5,0.0,0.3,1.0,1.5,0.828,1.0,0.5,386.0,0.65,0.515,0.82,285.0,285.0,7447500.0,5060000.0,-62500.0,137500.0,price_down_OI_up,137500.0,LOWER_VA,inside_value,-0.75,-1.25,0.75,1.7,1.9,0.4,0.7,E_open_space,,0.6,0.5,1.132,1.162,0.625,284.0,,284.3,,284.4,0.3,,2.33,,NA,NA,NA,True,True,,DOWN,DOWN,UP,0.1,-0.6,0.33,-2.0,0.33,25.67,0,False,False,False,False,False,False,False,False,REVERSAL
2026-09-03T11:50:00Z,NATURALGAS,2026-09-03,TREND_DOWN,SHORT,bearish_expansion,284.3,284.6,283.9,283.9,0.7,0.4,0.571,0.3,0.0,0.75,1.75,0.91,1.15,0.66,885.0,1.5,0.84,2.29,285.0,285.0,7475000.0,5092500.0,27500.0,32500.0,price_down_OI_up,32500.0,LOWER_VA,inside_value,-0.85,-1.35,0.65,1.8,1.8,0.4,0.6,E_open_space,,0.55,0.438,1.166,1.149,0.625,283.9,,284.6,,284.3,0.7,,0.86,,NA,NA,NA,True,True,,DOWN,UP,UP,1.2,-0.8,1.71,-1.14,1.71,10.86,1,True,False,False,False,False,False,False,False,REVERSAL
2026-09-03T11:55:00Z,NATURALGAS,2026-09-03,TREND_DOWN,SHORT,neutral,283.8,283.9,282.7,283.3,1.2,0.5,0.417,0.1,0.6,1.4,3.0,0.98,1.84,0.77,1834.0,3.08,0.96,2.07,285.0,285.0,7291250.0,5265000.0,-183750.0,172500.0,price_down_OI_up,172500.0,LOWER_VA,inside_value,-1.45,-1.95,0.05,2.4,1.2,1.0,0.0,B_swept_returned,0.05,0.65,0.5,1.12,1.105,0.4,283.3,284.9,283.9,285.5,284.3,0.6,0.6,0.08,2.67,REJECTION,REJECTION,REJECTION,True,False,,UP,UP,DOWN,0.3,-1.4,0.5,-2.33,0.5,11.67,0,False,False,False,False,False,False,False,False,REVERSAL
2026-09-03T12:00:00Z,NATURALGAS,2026-09-03,TREND_DOWN,LONG,bullish_expansion,283.2,284.7,283.0,284.6,1.7,1.4,0.824,0.1,0.2,0.21,4.25,1.0,2.34,1.93,1790.0,2.95,0.951,0.98,285.0,285.0,7643750.0,5258750.0,352500.0,-6250.0,price_up_OI_up,352500.0,AT_POC,near_POC,-0.15,-0.65,1.35,1.1,2.5,0.0,1.3,D_failed_immediately,0.0,0.95,0.594,1.395,1.129,0.475,284.6,,283.0,,283.3,1.6,,0.41,,ACCEPTANCE,ACCEPTANCE,ACCEPTANCE,True,True,3,UP,DOWN,UP,0.9,-1.6,0.56,-1.0,0.56,-5.19,4,False,False,False,False,False,False,False,False,REVERSAL
2026-09-03T12:05:00Z,NATURALGAS,2026-09-03,TREND_DOWN,SHORT,bearish_rejection,284.6,285.5,284.5,284.9,1.0,0.3,0.3,0.6,0.1,2.33,2.5,0.961,1.34,0.4,4388.0,7.1,0.99,2.45,285.0,285.0,7577500.0,5220000.0,-66250.0,-38750.0,price_down_OI_down,-38750.0,AT_POC,near_POC,0.15,-0.35,1.65,0.8,2.8,-0.3,2.2,E_open_space,,1.0,0.625,1.736,1.367,0.5,284.9,284.9,285.5,285.5,284.6,0.6,0.6,2.75,2.75,NA,NA,NA,False,True,3,DOWN,UP,DOWN,10.9,0.0,18.17,0.0,18.17,14.33,,True,True,True,True,True,True,True,True,CONTINUATION
2026-09-03T12:10:00Z,NATURALGAS,2026-09-03,TREND_DOWN,SHORT,bearish_expansion,284.8,284.9,283.5,283.7,1.4,1.1,0.786,0.1,0.2,0.27,3.5,0.981,1.77,1.39,1657.0,2.53,0.933,0.38,285.0,285.0,7150000.0,5682500.0,-427500.0,462500.0,price_down_OI_up,462500.0,LOWER_VA,inside_value,-1.05,-1.55,0.45,2.0,1.6,0.9,1.0,C_broke_accepted,0.8,1.4,0.875,2.836,1.312,0.7,283.7,,284.9,,284.6,1.2,,0.37,,REJECTION,MIXED,MIXED,False,True,2,UP,DOWN,DOWN,9.7,-0.5,8.08,-0.42,8.08,6.17,,True,True,True,True,True,True,True,False,CONTINUATION
2026-09-03T12:15:00Z,NATURALGAS,2026-09-03,TREND_DOWN,LONG,bullish_rejection,283.7,284.1,283.1,284.1,1.0,0.4,0.4,0.0,0.6,1.5,2.5,0.952,1.24,0.5,1717.0,2.59,0.933,1.04,285.0,285.0,7435000.0,5528750.0,285000.0,-153750.0,price_up_OI_up,285000.0,LOWER_VA,inside_value,-0.65,-1.15,0.85,1.6,2.0,1.4,1.4,E_open_space,,1.4,0.875,3.178,1.486,0.7,284.1,284.1,283.1,283.1,282.7,1.0,1.0,1.15,1.15,NA,NA,NA,True,False,,DOWN,DOWN,UP,0.0,-1.1,0.0,-1.1,0.0,-7.8,1,False,False,False,False,False,False,False,False,REVERSAL
2026-09-03T12:20:00Z,NATURALGAS,2026-09-03,TREND_DOWN,SHORT,bearish_expansion,284.1,284.1,283.3,283.6,0.8,0.5,0.625,0.0,0.3,0.6,2.0,0.915,0.99,0.62,652.0,0.97,0.708,0.38,285.0,285.0,7707500.0,5352500.0,272500.0,-176250.0,price_down_OI_down,-176250.0,LOWER_VA,inside_value,-1.15,-1.65,0.35,2.1,1.5,1.9,0.9,E_open_space,,1.4,0.875,3.378,1.561,0.7,283.6,,284.1,,285.5,0.5,,0.7,,NA,NA,NA,True,True,,DOWN,UP,UP,0.8,-0.5,1.6,-1.0,1.6,14.6,3,True,False,False,False,False,False,False,False,REVERSAL
2026-09-03T12:25:00Z,NATURALGAS,2026-09-03,TREND_DOWN,SHORT,neutral,283.5,283.7,283.0,283.3,0.7,0.2,0.286,0.2,0.3,2.5,1.75,0.841,0.88,0.25,848.0,1.26,0.776,1.3,285.0,285.0,8012500.0,5410000.0,305000.0,57500.0,price_down_OI_up,57500.0,LOWER_VA,inside_value,-1.45,-1.95,0.05,2.4,1.2,2.2,0.2,B_swept_returned,0.2,1.25,0.875,3.028,1.476,0.7,283.3,283.4,283.7,284.0,285.5,0.4,0.6,0.13,0.25,REJECTION,REJECTION,REJECTION,True,True,,UP,UP,UP,0.3,-0.7,0.75,-1.75,0.75,17.5,1,False,False,False,False,False,False,False,False,REVERSAL
2026-09-03T12:30:00Z,NATURALGAS,2026-09-03,TREND_DOWN,LONG,neutral,283.2,283.6,283.0,283.5,0.6,0.3,0.5,0.1,0.2,1.0,1.5,0.769,0.76,0.38,619.0,0.92,0.676,0.73,285.0,285.0,8377500.0,5455000.0,365000.0,45000.0,price_up_OI_up,365000.0,LOWER_VA,inside_value,-1.25,-1.75,0.25,2.2,1.4,0.6,0.4,E_open_space,,1.25,0.875,2.742,1.248,0.7,283.5,,283.0,,283.1,0.5,,1.2,,NA,NA,NA,True,True,,UP,UP,DOWN,0.6,-0.7,1.2,-1.4,1.2,-14.4,1,True,False,False,False,False,False,False,False,REVERSAL
2026-09-03T12:35:00Z,NATURALGAS,2026-09-03,TREND_DOWN,SHORT,bearish_rejection,283.4,284.0,283.3,283.4,0.7,0.0,0.0,0.6,0.1,700000000.0,1.75,0.844,0.9,0.0,616.0,0.91,0.67,1.0,285.0,285.0,8405000.0,5491250.0,27500.0,36250.0,price_down_OI_up,36250.0,LOWER_VA,inside_value,-1.35,-1.85,0.15,2.3,1.3,0.7,0.4,E_open_space,,0.95,0.875,1.627,1.155,0.7,283.4,283.4,284.0,284.0,284.1,0.6,0.6,0.25,0.25,NA,NA,NA,True,True,,UP,DOWN,DOWN,0.6,-0.7,1.0,-1.17,1.0,11.83,0,False,False,False,False,False,False,False,False,REVERSAL
2026-09-03T12:40:00Z,NATURALGAS,2026-09-03,TREND_DOWN,LONG,bullish_expansion,283.2,284.1,282.8,284.0,1.3,0.8,0.615,0.1,0.4,0.62,3.25,0.973,1.59,0.98,1245.0,1.85,0.864,2.02,285.0,285.0,8411250.0,5590000.0,6250.0,98750.0,price_up_OI_up,6250.0,LOWER_VA,inside_value,-0.75,-1.25,0.75,1.7,1.9,0.1,1.0,E_open_space,0.1,0.55,0.781,1.32,0.931,0.7,284.0,,282.8,,283.0,1.2,,0.08,,REJECTION,REJECTION,REJECTION,True,False,,DOWN,DOWN,DOWN,0.0,-1.7,0.0,-1.42,0.0,-6.42,1,False,False,False,False,False,False,False,False,REVERSAL
2026-09-03T12:45:00Z,NATURALGAS,2026-09-03,TREND_DOWN,SHORT,bearish_expansion,283.9,283.9,283.0,283.1,0.9,0.8,0.889,0.0,0.1,0.13,2.25,0.91,1.09,0.96,959.0,1.41,0.811,0.77,285.0,285.0,8420000.0,5442500.0,8750.0,-147500.0,price_down_OI_down,-147500.0,BELOW_VA,below_VAL,-1.65,-2.15,-0.15,2.6,1.0,1.0,0.1,E_open_space,0.1,0.65,0.844,1.171,0.989,0.7,283.1,,283.9,,284.1,0.8,,0.13,,ACCEPTANCE,ACCEPTANCE,MIXED,False,True,4,DOWN,DOWN,UP,1.5,-0.8,1.88,-1.0,1.88,8.5,8,True,False,False,False,False,False,False,False,REVERSAL
2026-09-03T12:50:00Z,NATURALGAS,2026-09-03,TREND_DOWN,SHORT,bearish_expansion,283.1,283.2,282.3,282.3,0.9,0.8,0.889,0.1,0.0,0.12,2.25,0.911,1.08,0.96,1840.0,2.7,0.955,1.92,280.0,280.0,12968750.0,12420000.0,75000.0,-246250.0,price_down_OI_down,-246250.0,BELOW_VA,acceptance_outside_value,-2.45,-2.95,-0.95,3.4,0.2,1.8,-0.5,C_broke_accepted,0.5,0.65,0.656,1.257,1.007,0.675,282.3,,283.2,,284.1,0.9,,0.22,,ACCEPTANCE,MIXED,MIXED,True,True,,DOWN,UP,DOWN,0.7,-1.1,0.78,-1.22,0.78,6.67,1,False,False,False,False,False,False,False,False,REVERSAL
2026-09-03T12:55:00Z,NATURALGAS,2026-09-03,TREND_DOWN,SHORT,neutral,282.3,282.4,281.6,281.9,0.8,0.4,0.5,0.1,0.3,1.0,2.0,0.85,0.96,0.48,2802.0,4.05,0.973,1.52,280.0,280.0,13406250.0,12272500.0,437500.0,-147500.0,price_down_OI_down,-147500.0,BELOW_VA,below_VAL,-2.85,-3.35,-1.35,3.8,-0.2,2.2,-0.9,B_swept_returned,0.2,0.9,0.562,1.525,1.058,0.8,281.9,,282.4,,284.1,0.5,,,,REJECTION,REJECTION,REJECTION,True,False,,UP,DOWN,UP,0.0,-1.5,0.0,-3.0,0.0,11.2,0,False,False,False,False,False,False,False,False,REVERSAL
2026-09-03T13:00:00Z,NATURALGAS,2026-09-03,TREND_DOWN,LONG,bullish_expansion,281.9,283.4,281.9,283.2,1.5,1.3,0.867,0.2,0.0,0.15,3.75,0.982,1.71,1.48,1803.0,2.54,0.93,0.64,285.0,285.0,9208750.0,5362500.0,301250.0,-207500.0,price_up_OI_up,301250.0,BELOW_VA,acceptance_outside_value,-1.55,-2.05,-0.05,2.5,1.6,0.9,0.4,C_broke_accepted,0.8,1.25,0.781,2.099,1.046,0.825,283.2,283.0,281.9,282.5,282.8,1.3,0.5,0.69,2.2,REJECTION,REJECTION,MIXED,False,True,2,DOWN,UP,UP,1.0,-1.4,0.77,-1.08,0.77,-5.31,17,False,False,False,False,False,False,False,False,REVERSAL
2026-09-03T13:05:00Z,NATURALGAS,2026-09-03,TREND_DOWN,SHORT,neutral,283.3,283.7,282.9,282.9,0.8,0.4,0.5,0.4,0.0,1.0,2.0,0.887,0.92,0.46,1269.0,1.76,0.843,0.7,285.0,285.0,9302500.0,5378750.0,93750.0,16250.0,price_down_OI_up,16250.0,BELOW_VA,acceptance_outside_value,-1.85,-2.35,-0.35,2.8,1.3,1.2,1.3,C_broke_accepted,0.35,1.25,0.781,2.401,1.236,0.625,282.9,,283.7,,284.1,0.8,,1.62,,REJECTION,REJECTION,REJECTION,True,True,3,UP,UP,UP,0.4,-1.0,0.5,-1.25,0.5,8.25,4,False,False,False,False,False,False,False,False,REVERSAL
2026-09-03T13:15:00Z,NATURALGAS,2026-09-03,TREND_DOWN,LONG,neutral,282.9,283.4,282.5,283.3,0.9,0.4,0.444,0.1,0.4,1.25,2.25,0.906,1.06,0.47,518.0,0.72,0.556,0.84,285.0,285.0,9103750.0,5510000.0,187500.0,1250.0,price_up_OI_up,187500.0,AT_POC,near_POC,0.05,-1.95,0.05,2.4,1.7,0.4,1.7,C_broke_accepted,0.3,1.05,0.781,2.301,1.058,0.625,283.3,283.3,282.5,282.8,281.6,0.8,0.5,0.5,0.8,REJECTION,REJECTION,MIXED,False,True,2,UP,DOWN,UP,0.9,-1.5,1.12,-1.87,1.12,-8.75,14,True,False,False,False,False,False,False,False,REVERSAL
2026-09-03T13:20:00Z,NATURALGAS,2026-09-03,TREND_DOWN,LONG,bullish_rejection,283.3,283.5,282.8,283.3,0.7,0.0,0.0,0.2,0.5,700000000.0,1.75,0.797,0.83,0.0,592.0,0.82,0.61,1.14,285.0,285.0,9038750.0,5416250.0,-65000.0,-93750.0,price_up_OI_down,-65000.0,AT_POC,near_POC,0.05,-1.95,0.05,2.4,1.7,0.4,0.8,B_swept_returned,0.1,1.05,0.781,1.941,1.071,0.625,283.3,283.3,282.8,282.8,282.5,0.5,0.5,0.8,0.8,REJECTION,MIXED,MIXED,True,True,,DOWN,UP,DOWN,0.1,-0.7,0.2,-1.4,0.2,-14.0,0,False,False,False,False,False,False,False,False,REVERSAL
2026-09-03T13:25:00Z,NATURALGAS,2026-09-03,TREND_DOWN,SHORT,bearish_expansion,283.2,283.4,282.6,282.7,0.8,0.5,0.625,0.2,0.1,0.6,2.0,0.832,0.96,0.6,2933.0,4.07,0.975,4.95,285.0,285.0,9030000.0,5443750.0,-8750.0,27500.0,price_down_OI_up,27500.0,BELOW_VA,below_VAL,-0.55,-2.55,-0.55,3.0,1.1,1.0,0.2,B_swept_returned,0.1,0.9,0.719,1.331,1.051,0.625,282.7,,283.4,,283.7,0.7,,0.29,,REJECTION,REJECTION,REJECTION,True,False,,UP,DOWN,DOWN,0.0,-1.2,0.0,-1.71,0.0,9.14,0,False,False,False,False,False,False,False,False,REVERSAL
2026-09-03T13:30:00Z,NATURALGAS,2026-09-03,TREND_DOWN,LONG,bullish_expansion,282.9,283.9,282.9,283.8,1.0,0.9,0.9,0.1,0.0,0.11,2.5,0.942,1.16,1.04,1395.0,1.89,0.85,0.48,285.0,285.0,9430000.0,5516250.0,400000.0,72500.0,price_up_OI_up,400000.0,UPPER_VA,inside_value,0.55,-1.45,0.55,1.9,2.2,-0.3,1.3,C_broke_accepted,0.3,0.6,0.656,1.603,0.857,0.625,283.8,,282.9,,282.5,0.9,,1.61,,REJECTION,REJECTION,REJECTION,True,True,,DOWN,DOWN,UP,0.2,-1.0,0.22,-1.11,0.22,-8.33,1,False,False,False,False,False,False,False,False,REVERSAL
2026-09-03T13:35:00Z,NATURALGAS,2026-09-03,TREND_DOWN,SHORT,bearish_expansion,283.9,284.0,283.2,283.2,0.8,0.7,0.875,0.1,0.0,0.14,2.0,0.876,0.93,0.82,704.0,0.94,0.694,0.5,285.0,285.0,9191250.0,5577500.0,-238750.0,61250.0,price_down_OI_up,61250.0,BELOW_VA,acceptance_outside_value,-0.05,-2.05,-0.05,2.5,1.6,0.3,0.6,C_broke_accepted,0.05,0.7,0.719,1.625,0.908,0.575,283.2,283.2,284.0,283.9,283.5,0.8,0.7,0.75,0.86,ACCEPTANCE,MIXED,MIXED,False,True,2,DOWN,UP,UP,1.4,-1.0,1.75,-1.25,1.75,8.62,10,True,False,False,False,False,False,False,False,REVERSAL
2026-09-03T13:40:00Z,NATURALGAS,2026-09-03,TREND_DOWN,SHORT,neutral,283.2,283.5,282.8,283.1,0.7,0.1,0.143,0.3,0.3,6.0,1.75,0.779,0.83,0.12,835.0,1.12,0.73,1.19,285.0,285.0,9150000.0,5531250.0,-41250.0,-46250.0,price_down_OI_down,-46250.0,BELOW_VA,below_VAL,-0.15,-2.15,-0.15,2.6,1.5,0.4,0.5,A_broke,0.1,0.75,0.656,1.649,0.991,0.6,283.1,283.2,283.5,283.9,283.5,0.4,0.7,1.25,0.86,REJECTION,REJECTION,REJECTION,True,False,,UP,UP,DOWN,0.0,-0.8,0.0,-2.0,0.0,17.0,0,False,False,False,False,False,False,False,False,REVERSAL
2026-09-03T13:45:00Z,NATURALGAS,2026-09-03,TREND_DOWN,SHORT,bearish_rejection,283.2,283.9,283.1,283.2,0.8,0.0,0.0,0.7,0.1,800000000.0,2.0,0.821,0.95,0.0,650.0,0.87,0.65,0.78,285.0,285.0,9218750.0,5538750.0,68750.0,7500.0,price_down_OI_up,7500.0,AT_POC,near_POC,-0.05,-1.55,0.45,2.5,1.6,0.8,0.6,E_open_space,,0.7,0.469,1.733,0.948,0.6,283.2,283.2,283.9,283.9,284.0,0.7,0.7,0.64,0.64,NA,NA,NA,False,True,3,UP,DOWN,UP,1.4,-1.0,2.0,-1.43,2.0,9.86,8,True,True,False,False,False,False,False,False,CONTINUATION
2026-09-03T13:50:00Z,NATURALGAS,2026-09-03,TREND_DOWN,LONG,bullish_rejection,283.2,283.5,282.8,283.4,0.7,0.2,0.286,0.1,0.4,2.5,1.75,0.774,0.84,0.24,715.0,0.96,0.694,1.1,285.0,285.0,9032500.0,5537500.0,-186250.0,-1250.0,price_up_OI_down,-186250.0,AT_POC,near_POC,0.15,-1.35,0.65,2.3,1.8,0.6,0.6,E_open_space,,0.7,0.469,1.75,0.984,0.525,283.4,283.4,282.8,282.8,282.8,0.6,0.6,1.0,1.0,NA,NA,NA,True,True,,DOWN,UP,DOWN,0.3,-0.6,0.5,-1.0,0.5,-11.83,2,False,False,False,False,False,False,False,False,REVERSAL
2026-09-03T14:00:00Z,NATURALGAS,2026-09-03,TREND_DOWN,LONG,bullish_expansion,283.2,283.7,283.0,283.7,0.7,0.5,0.714,0.0,0.2,0.4,1.56,0.778,0.87,0.62,433.0,0.58,0.444,0.87,285.0,285.0,9240000.0,5603750.0,156250.0,-15000.0,price_up_OI_up,156250.0,UPPER_VA,inside_value,0.45,-1.05,0.95,2.0,2.1,0.2,0.9,B_swept_returned,0.3,0.533,0.389,0.916,0.873,0.333,283.7,,283.0,,282.8,0.7,,0.29,,REJECTION,REJECTION,REJECTION,True,False,,DOWN,DOWN,UP,0.0,-0.9,0.0,-1.29,0.0,-10.57,0,False,False,False,False,False,False,False,False,REVERSAL
2026-09-03T14:05:00Z,NATURALGAS,2026-09-03,TREND_DOWN,SHORT,neutral,283.5,283.7,282.8,283.2,0.9,0.3,0.333,0.2,0.4,2.0,1.8,0.906,1.11,0.37,597.0,0.81,0.591,1.38,285.0,285.0,9295000.0,5563750.0,55000.0,-40000.0,price_down_OI_down,-40000.0,AT_POC,near_POC,-0.05,-1.55,0.45,2.5,1.6,0.7,0.4,E_open_space,0.4,0.44,0.35,0.845,0.841,0.3,283.2,,283.7,,283.9,0.5,,0.8,,ACCEPTANCE,MIXED,MIXED,True,True,,DOWN,UP,DOWN,0.5,-0.5,1.0,-1.0,1.0,13.8,2,True,False,False,False,False,False,False,False,REVERSAL
2026-09-03T14:15:00Z,NATURALGAS,2026-09-03,TREND_DOWN,LONG,bullish_expansion,282.9,283.5,282.7,283.4,0.8,0.5,0.625,0.1,0.2,0.6,1.6,0.876,1.02,0.64,637.0,0.86,0.643,1.4,285.0,285.0,9591250.0,5632500.0,146250.0,120000.0,price_up_OI_up,146250.0,AT_POC,near_POC,0.15,-1.35,0.65,2.3,1.8,0.3,0.6,C_broke_accepted,0.2,0.36,0.3,0.732,0.819,0.28,283.4,,282.7,,282.8,0.7,,0.43,,REJECTION,REJECTION,REJECTION,True,True,,DOWN,UP,DOWN,0.3,-0.7,0.43,-1.0,0.43,-10.14,1,False,False,False,False,False,False,False,False,REVERSAL
2026-09-03T14:25:00Z,NATURALGAS,2026-09-03,TREND_DOWN,LONG,neutral,283.0,283.7,282.7,283.2,1.0,0.2,0.2,0.5,0.3,4.0,2.0,0.947,1.26,0.25,955.0,1.29,0.786,1.0,285.0,285.0,9071250.0,5548750.0,-273750.0,-58750.0,price_up_OI_down,-273750.0,AT_POC,near_POC,-0.05,-1.55,0.45,2.5,1.6,0.5,0.5,E_open_space,0.5,0.4,0.3,0.833,0.884,0.26,283.2,,282.7,,282.7,0.5,,1.0,,REJECTION,REJECTION,REJECTION,True,True,,DOWN,DOWN,DOWN,1.0,-1.4,2.0,-2.8,2.0,-13.8,0,True,True,False,False,False,False,False,False,CONTINUATION
2026-09-03T14:30:00Z,NATURALGAS,2026-09-03,TREND_DOWN,SHORT,neutral,283.3,284.2,281.8,283.2,2.4,0.1,0.042,0.9,1.4,23.0,4.8,1.0,2.65,0.11,5583.0,7.55,1.0,5.85,285.0,285.0,9072500.0,5537500.0,1250.0,-11250.0,price_down_OI_down,-11250.0,AT_POC,near_POC,-0.05,-1.55,0.45,2.5,1.6,0.5,0.5,D_failed_immediately,0.5,0.4,0.25,0.973,0.838,0.24,283.2,280.7,284.2,281.8,283.7,1.0,1.1,0.45,,ACCEPTANCE,ACCEPTANCE,ACCEPTANCE,False,True,,DOWN,DOWN,DOWN,9.2,-0.3,9.2,-0.3,9.2,6.9,,True,True,True,True,True,True,True,False,CONTINUATION
2026-09-03T14:35:00Z,NATURALGAS,2026-09-03,TREND_DOWN,SHORT,bearish_expansion,283.2,283.5,280.7,280.7,2.8,2.5,0.893,0.3,0.0,0.12,5.6,1.0,2.69,2.4,4999.0,6.44,0.985,0.9,280.0,280.0,14736250.0,13082500.0,97500.0,531250.0,price_down_OI_up,531250.0,BELOW_VA,acceptance_outside_value,-2.55,-4.05,-2.05,5.0,-0.9,3.0,-2.0,C_broke_accepted,0.9,0.96,0.6,2.212,1.018,0.48,280.7,280.7,283.5,281.8,283.7,2.8,1.1,,,REJECTION,MIXED,MIXED,False,True,,DOWN,DOWN,DOWN,6.7,-1.1,2.39,-0.39,2.39,1.57,,True,True,False,False,False,False,False,False,CONTINUATION
2026-09-03T14:40:00Z,NATURALGAS,2026-09-03,TREND_DOWN,SHORT,bearish_rejection,280.8,281.8,280.4,280.7,1.4,0.1,0.071,1.0,0.3,13.0,2.8,0.963,1.31,0.09,3200.0,3.96,0.97,0.64,280.0,280.0,15121250.0,12811250.0,385000.0,-271250.0,price_down_OI_down,-271250.0,BELOW_VA,below_VAL,-2.55,-4.05,-2.05,5.0,0.0,3.5,-2.0,D_failed_immediately,0.0,1.4,0.875,3.252,1.443,0.7,280.7,280.7,281.8,281.8,284.2,1.1,1.1,,,REJECTION,REJECTION,REJECTION,False,True,,DOWN,DOWN,DOWN,6.7,-0.1,6.09,-0.09,6.09,4.0,,True,True,True,True,True,True,False,False,CONTINUATION
2026-09-03T14:45:00Z,NATURALGAS,2026-09-03,TREND_DOWN,SHORT,bearish_expansion,280.8,280.8,279.5,279.5,1.3,1.3,1.0,0.0,0.0,0.0,2.6,0.948,1.2,1.2,3933.0,4.77,0.97,1.23,280.0,280.0,15895000.0,12992500.0,773750.0,181250.0,price_down_OI_up,181250.0,BELOW_VA,acceptance_outside_value,-3.75,-5.25,-3.25,6.2,-0.9,4.7,-3.2,C_broke_accepted,0.9,1.52,0.95,3.803,1.532,0.76,279.5,279.2,280.8,279.9,284.2,1.3,0.7,,,ACCEPTANCE,ACCEPTANCE,ACCEPTANCE,False,True,,DOWN,DOWN,DOWN,5.5,-1.2,4.23,-0.92,4.23,2.46,,True,True,True,True,False,False,False,False,CONTINUATION
2026-09-03T14:50:00Z,NATURALGAS,2026-09-03,TREND_DOWN,SHORT,bearish_rejection,279.5,279.9,279.2,279.2,0.7,0.3,0.429,0.4,0.0,1.33,1.4,0.743,0.66,0.28,2465.0,2.91,0.934,0.63,280.0,280.0,16740000.0,13178750.0,845000.0,186250.0,price_down_OI_up,186250.0,BELOW_VA,acceptance_outside_value,-4.05,-5.55,-3.55,6.5,-0.3,5.0,-3.5,C_broke_accepted,0.3,1.88,1.175,4.404,1.685,0.94,279.2,279.2,279.9,279.9,284.2,0.7,0.7,,,ACCEPTANCE,ACCEPTANCE,ACCEPTANCE,False,True,,DOWN,DOWN,DOWN,5.2,-1.1,7.43,-1.57,7.43,4.14,26,True,True,True,True,True,True,False,False,CONTINUATION
2026-09-03T14:55:00Z,NATURALGAS,2026-09-03,TREND_DOWN,SHORT,bearish_expansion,279.3,279.4,277.4,277.5,2.0,1.8,0.9,0.1,0.1,0.11,4.0,0.985,1.78,1.6,6275.0,7.3,1.0,2.55,275.0,275.0,3605000.0,7445000.0,167500.0,-7500.0,price_down_OI_down,-7500.0,BELOW_VA,acceptance_outside_value,-5.75,-7.75,-5.25,8.2,-1.7,6.7,-5.2,C_broke_accepted,1.7,2.0,1.25,4.695,1.53,1.0,277.5,,279.4,,284.2,1.9,,,,ACCEPTANCE,ACCEPTANCE,ACCEPTANCE,False,True,,DOWN,DOWN,UP,3.5,-2.8,1.84,-1.47,1.84,0.63,25,True,False,False,False,False,False,False,False,REVERSAL
2026-09-03T15:00:00Z,NATURALGAS,2026-09-03,TREND_DOWN,SHORT,bearish_expansion,277.5,277.7,276.6,276.6,1.1,0.9,0.818,0.2,0.0,0.22,2.2,0.913,0.98,0.8,3658.0,4.07,0.957,0.58,275.0,275.0,3985000.0,7125000.0,380000.0,-320000.0,price_down_OI_down,-320000.0,BELOW_VA,acceptance_outside_value,-6.65,-8.65,-6.15,9.1,-0.8,7.6,-6.1,C_broke_accepted,0.8,2.44,1.7,4.644,1.461,1.36,276.6,275.6,277.7,276.1,284.2,1.1,0.5,,,ACCEPTANCE,ACCEPTANCE,ACCEPTANCE,False,True,,DOWN,UP,DOWN,2.6,-2.0,2.36,-1.82,2.36,0.27,22,True,True,False,False,False,False,False,False,CONTINUATION
2026-09-03T15:05:00Z,NATURALGAS,2026-09-03,TREND_DOWN,SHORT,bearish_expansion,276.7,277.1,275.6,275.6,1.5,1.1,0.733,0.4,0.0,0.36,3.0,0.964,1.31,0.96,3922.0,4.27,0.957,1.07,275.0,275.0,4603750.0,6980000.0,618750.0,-145000.0,price_down_OI_down,-145000.0,BELOW_VA,acceptance_outside_value,-7.65,-9.65,-7.15,10.1,-1.0,8.6,-7.1,C_broke_accepted,1.0,2.08,1.9,4.252,1.131,1.52,275.6,275.6,277.1,276.1,284.2,1.5,0.5,,,REJECTION,MIXED,MIXED,False,True,,UP,DOWN,DOWN,1.6,-1.6,1.07,-1.07,1.07,-0.47,20,True,False,False,False,False,False,False,False,REVERSAL
2026-09-03T15:10:00Z,NATURALGAS,2026-09-03,TREND_DOWN,SHORT,bearish_rejection,275.6,276.1,275.3,275.6,0.8,0.0,0.0,0.5,0.3,800000000.0,1.6,0.829,0.71,0.0,3973.0,4.23,0.964,1.01,275.0,275.0,5267500.0,7292500.0,663750.0,312500.0,price_down_OI_up,312500.0,BELOW_VA,below_VAL,-7.65,-9.65,-7.15,10.1,0.0,8.6,-7.1,D_failed_immediately,0.0,2.08,2.15,4.308,1.174,1.72,275.6,275.6,276.1,276.1,284.2,0.5,0.5,,,REJECTION,REJECTION,REJECTION,False,True,,DOWN,DOWN,UP,1.6,-0.9,3.2,-1.8,3.2,-1.4,14,True,True,True,False,False,False,False,False,CONTINUATION
2026-09-03T15:15:00Z,NATURALGAS,2026-09-03,TREND_DOWN,LONG,bullish_rejection,275.6,275.8,275.0,275.5,0.8,0.1,0.125,0.2,0.5,7.0,1.6,0.83,0.73,0.09,3180.0,3.31,0.929,0.8,275.0,275.0,6065000.0,7668750.0,797500.0,376250.0,price_up_OI_up,797500.0,BELOW_VA,below_VAL,-7.75,-9.75,-6.75,10.2,0.2,8.7,-7.2,E_open_space,,1.84,2.05,4.22,1.108,1.78,275.5,275.5,275.0,275.0,282.7,0.5,0.5,17.4,17.4,NA,NA,NA,True,False,,DOWN,UP,DOWN,0.1,-0.9,0.2,-1.8,0.2,1.6,0,False,False,False,False,False,False,False,False,REVERSAL
2026-09-03T15:20:00Z,NATURALGAS,2026-09-03,TREND_DOWN,SHORT,bearish_expansion,275.5,275.6,274.6,274.9,1.0,0.6,0.6,0.1,0.3,0.67,2.0,0.901,0.91,0.55,3118.0,3.19,0.923,0.98,275.0,275.0,6637500.0,7853750.0,572500.0,185000.0,price_down_OI_up,185000.0,BELOW_VA,below_VAL,-8.35,-10.35,-7.35,10.8,-0.1,9.3,-7.8,A_broke,0.1,1.76,1.7,4.299,1.134,1.84,274.9,,275.6,,284.2,0.7,,,,REJECTION,MIXED,MIXED,False,True,5,UP,DOWN,UP,0.9,-0.7,1.29,-1.0,1.29,-2.0,6,True,False,False,False,False,False,False,False,REVERSAL
2026-09-03T15:25:00Z,NATURALGAS,2026-09-03,TREND_DOWN,LONG,neutral,274.9,275.3,274.7,275.0,0.6,0.1,0.167,0.3,0.2,5.0,1.2,0.608,0.57,0.09,2630.0,2.65,0.895,0.84,275.0,275.0,7032500.0,8008750.0,395000.0,155000.0,price_up_OI_up,395000.0,BELOW_VA,below_VAL,-8.25,-10.75,-7.25,10.7,0.4,9.2,-7.7,E_open_space,,1.24,1.55,3.598,0.982,1.78,275.0,274.5,274.7,274.0,282.7,0.3,0.5,30.67,19.4,NA,NA,NA,True,True,,DOWN,UP,UP,0.0,-0.8,0.0,-2.67,0.0,4.33,0,False,False,False,False,False,False,False,False,REVERSAL
2026-09-03T15:30:00Z,NATURALGAS,2026-09-03,TREND_DOWN,SHORT,bearish_expansion,275.0,275.0,274.2,274.3,0.8,0.7,0.875,0.0,0.1,0.14,1.6,0.826,0.77,0.67,2986.0,2.97,0.917,1.14,275.0,275.0,7497500.0,8048750.0,465000.0,40000.0,price_down_OI_up,40000.0,BELOW_VA,acceptance_outside_value,-8.95,-11.45,-7.95,11.4,-0.3,9.9,-0.3,C_broke_accepted,0.3,1.0,1.325,3.352,0.904,1.44,274.3,,275.0,,284.2,0.7,,,,REJECTION,REJECTION,REJECTION,True,True,,UP,UP,UP,0.3,-1.0,0.43,-1.43,0.43,-2.86,1,False,False,False,False,False,False,False,False,REVERSAL
2026-09-03T15:35:00Z,NATURALGAS,2026-09-03,TREND_DOWN,LONG,bullish_rejection,274.3,274.8,274.0,274.5,0.8,0.2,0.25,0.3,0.3,3.0,1.6,0.828,0.78,0.2,2048.0,2.01,0.869,0.69,275.0,275.0,7821250.0,8123750.0,323750.0,75000.0,price_up_OI_up,323750.0,BELOW_VA,below_VAL,-8.75,-11.25,-7.25,11.2,0.3,9.7,-0.1,E_open_space,,0.76,1.3,3.123,0.782,1.32,274.5,274.5,274.0,274.0,274.6,0.5,0.5,19.4,19.4,NA,NA,NA,False,True,4,UP,UP,DOWN,6.2,0.0,12.4,0.0,12.4,3.6,,True,True,True,True,True,True,True,True,CONTINUATION
2026-09-03T15:40:00Z,NATURALGAS,2026-09-03,TREND_DOWN,LONG,bullish_expansion,274.7,275.3,274.6,275.3,0.7,0.6,0.857,0.0,0.1,0.17,1.4,0.705,0.7,0.6,1676.0,1.64,0.822,0.82,275.0,275.0,8271250.0,8278750.0,450000.0,155000.0,price_up_OI_up,450000.0,BELOW_VA,acceptance_outside_value,-7.95,-10.45,-6.45,10.4,1.3,8.9,0.7,C_broke_accepted,0.5,0.72,0.925,2.726,0.794,1.18,275.3,275.4,274.6,274.9,274.6,0.7,0.5,12.71,17.6,ACCEPTANCE,MIXED,MIXED,False,True,3,UP,DOWN,UP,0.5,-0.8,0.71,-1.14,0.71,1.43,5,False,False,False,False,False,False,False,False,REVERSAL
2026-09-03T15:45:00Z,NATURALGAS,2026-09-03,TREND_DOWN,LONG,bullish_rejection,275.3,275.5,274.9,275.4,0.6,0.1,0.167,0.1,0.4,5.0,1.2,0.599,0.61,0.1,2109.0,2.05,0.871,1.26,275.0,275.0,8913750.0,8563750.0,642500.0,285000.0,price_up_OI_up,642500.0,BELOW_VA,below_VAL,-7.85,-10.35,-6.35,10.3,1.4,8.8,1.4,B_swept_returned,0.1,0.64,0.775,2.422,0.798,1.08,275.4,275.4,274.9,274.9,274.0,0.5,0.5,17.6,17.6,REJECTION,MIXED,MIXED,True,True,2,DOWN,UP,DOWN,0.4,-0.9,0.8,-1.8,0.8,1.8,4,False,False,False,False,False,False,False,False,REVERSAL
2026-09-03T16:20:00Z,NATURALGAS,2026-09-03,TREND_DOWN,LONG,bullish_expansion,275.0,275.7,274.9,275.7,0.8,0.7,0.875,0.0,0.1,0.14,1.6,0.838,0.94,0.83,781.0,0.75,0.604,0.97,275.0,275.0,10308750.0,9725000.0,228750.0,126250.0,price_up_OI_up,228750.0,BELOW_VA,acceptance_outside_value,-7.55,-10.05,-4.55,10.0,1.7,0.1,1.2,C_broke_accepted,0.3,0.52,0.325,1.103,0.732,0.36,275.7,,274.9,,274.5,0.8,,0.13,,ACCEPTANCE,MIXED,MIXED,False,True,4,UP,DOWN,UP,5.0,-0.4,6.25,-0.5,6.25,0.75,,True,True,True,True,True,True,False,False,CONTINUATION
2026-09-03T16:25:00Z,NATURALGAS,2026-09-03,TREND_DOWN,LONG,bullish_expansion,275.5,276.5,275.5,276.2,1.0,0.7,0.7,0.3,0.0,0.43,2.0,0.91,1.17,0.82,2074.0,1.99,0.871,2.66,275.0,275.0,10490000.0,9781250.0,181250.0,56250.0,price_up_OI_up,181250.0,BELOW_VA,below_VAL,-7.05,-9.55,-4.05,9.5,2.2,-0.4,1.7,B_swept_returned,0.4,0.52,0.325,1.071,0.769,0.36,276.2,275.8,275.5,275.6,274.5,0.7,0.2,13.57,49.5,REJECTION,REJECTION,REJECTION,True,True,,DOWN,UP,DOWN,0.2,-0.9,0.29,-1.29,0.29,0.14,2,False,False,False,False,False,False,False,False,REVERSAL
2026-09-03T16:30:00Z,NATURALGAS,2026-09-03,TREND_DOWN,SHORT,bearish_expansion,276.3,276.4,275.6,275.6,0.8,0.7,0.875,0.1,0.0,0.14,1.6,0.75,0.94,0.82,959.0,0.92,0.692,0.46,275.0,275.0,10351250.0,9722500.0,-138750.0,-58750.0,price_down_OI_down,-58750.0,BELOW_VA,below_VAL,-7.65,-10.15,-4.15,10.1,1.6,0.2,1.1,A_broke,4.15,0.8,0.5,1.195,0.866,0.4,275.6,,276.4,,275.8,0.8,,1.38,,REJECTION,MIXED,MIXED,True,True,,UP,DOWN,UP,0.3,-0.9,0.38,-1.13,0.38,-0.88,2,False,False,False,False,False,False,False,False,REVERSAL
2026-09-03T16:45:00Z,NATURALGAS,2026-09-03,TREND_DOWN,LONG,bullish_expansion,275.5,276.5,275.5,276.3,1.0,0.8,0.8,0.2,0.0,0.25,2.0,0.912,1.24,0.99,801.0,0.77,0.604,0.96,275.0,275.0,10258750.0,9572500.0,-6250.0,1250.0,price_up_OI_down,-6250.0,BELOW_VA,below_VAL,-6.95,-9.45,-3.45,9.4,2.3,0.2,1.8,E_open_space,0.2,0.64,0.5,0.994,0.843,0.4,276.3,,275.5,,274.5,0.8,,0.25,,ACCEPTANCE,ACCEPTANCE,ACCEPTANCE,False,True,,UP,UP,UP,4.4,-0.1,5.5,-0.13,5.5,0.0,,True,True,True,True,True,False,False,False,CONTINUATION
2026-09-03T16:50:00Z,NATURALGAS,2026-09-03,TREND_DOWN,LONG,bullish_expansion,276.3,277.2,276.2,277.1,1.0,0.8,0.8,0.1,0.1,0.25,2.0,0.912,1.22,0.97,1595.0,1.53,0.8,1.99,275.0,275.0,10170000.0,9512500.0,-88750.0,-60000.0,price_up_OI_down,-88750.0,BELOW_VA,acceptance_outside_value,-6.15,-8.65,-2.15,8.6,3.1,-0.6,1.8,C_broke_accepted,0.6,0.48,0.5,0.999,0.877,0.4,277.1,,276.2,,275.3,0.9,,9.56,,ACCEPTANCE,ACCEPTANCE,ACCEPTANCE,False,True,5,UP,UP,UP,3.6,-0.9,4.0,-1.0,4.0,-0.89,12,True,True,True,False,False,False,False,False,CONTINUATION
2026-09-03T16:55:00Z,NATURALGAS,2026-09-03,TREND_DOWN,LONG,bullish_expansion,277.2,278.6,277.1,278.5,1.5,1.3,0.867,0.1,0.1,0.15,3.0,0.969,1.73,1.5,2778.0,2.66,0.901,1.74,280.0,280.0,22873750.0,12126250.0,-538750.0,-76250.0,price_up_OI_down,-538750.0,BELOW_VA,acceptance_outside_value,-4.75,-7.25,-0.75,7.2,4.5,-2.0,3.2,C_broke_accepted,1.3,0.76,0.625,0.904,0.828,0.54,278.5,,277.1,,275.3,1.4,,5.14,,ACCEPTANCE,ACCEPTANCE,ACCEPTANCE,False,True,4,UP,UP,DOWN,2.2,-2.1,1.57,-1.5,1.57,-1.57,10,True,False,False,False,False,False,False,False,REVERSAL
2026-09-03T17:00:00Z,NATURALGAS,2026-09-03,TREND_DOWN,LONG,bullish_expansion,278.5,279.3,278.3,279.2,1.0,0.7,0.7,0.1,0.2,0.43,2.0,0.907,1.14,0.8,3036.0,2.88,0.926,1.09,280.0,280.0,21796250.0,11900000.0,-1077500.0,-226250.0,price_up_OI_down,-1077500.0,LOWER_VA,inside_value,-4.05,-6.55,0.45,6.5,5.2,-2.7,3.9,C_broke_accepted,0.6,1.32,0.925,1.24,0.979,0.82,279.2,,278.3,,275.3,0.9,,7.22,,ACCEPTANCE,ACCEPTANCE,ACCEPTANCE,False,True,3,UP,DOWN,UP,1.5,-1.1,1.67,-1.22,1.67,-3.22,6,True,False,False,False,False,False,False,False,REVERSAL
2026-09-03T17:05:00Z,NATURALGAS,2026-09-03,TREND_DOWN,LONG,bullish_expansion,279.2,280.3,279.2,280.0,1.1,0.8,0.727,0.3,0.0,0.37,2.2,0.914,1.23,0.89,3528.0,3.31,0.945,1.16,280.0,280.0,21308750.0,12322500.0,-487500.0,422500.0,price_up_OI_down,-487500.0,LOWER_VA,inside_value,-3.25,-5.75,1.25,5.7,6.0,-3.5,4.7,C_broke_accepted,0.7,1.6,1.0,1.695,1.118,0.92,280.0,,279.2,,275.3,0.8,,7.12,,REJECTION,REJECTION,REJECTION,True,True,,DOWN,UP,UP,0.7,-0.9,0.87,-1.12,0.87,-4.62,1,False,False,False,False,False,False,False,False,REVERSAL
2026-09-03T17:10:00Z,NATURALGAS,2026-09-03,TREND_DOWN,SHORT,bearish_rejection,280.0,280.7,279.3,279.4,1.4,0.6,0.429,0.7,0.1,1.33,2.8,0.945,1.5,0.64,3994.0,3.69,0.97,1.13,280.0,280.0,20727500.0,12413750.0,-581250.0,91250.0,price_down_OI_up,91250.0,LOWER_VA,inside_value,-3.85,-6.35,0.65,6.3,5.4,-2.9,4.1,E_open_space,,1.92,1.25,2.169,1.204,1.08,279.4,279.4,280.7,280.7,276.5,1.3,1.3,0.5,0.5,NA,NA,NA,True,True,,UP,UP,DOWN,0.3,-1.3,0.23,-1.0,0.23,2.38,2,False,False,False,False,False,False,False,False,REVERSAL
2026-09-03T17:15:00Z,NATURALGAS,2026-09-03,TREND_DOWN,LONG,neutral,279.4,280.1,279.1,279.8,1.0,0.4,0.4,0.3,0.3,1.5,2.0,0.897,1.07,0.43,1939.0,1.76,0.842,0.49,280.0,280.0,19716250.0,12425000.0,-1011250.0,11250.0,price_up_OI_down,-1011250.0,LOWER_VA,inside_value,-3.45,-5.95,0.55,5.9,5.8,-3.3,4.5,C_broke_accepted,3.3,1.8,1.35,2.715,1.283,1.08,279.8,,279.1,,275.3,0.7,,8.43,,ACCEPTANCE,MIXED,MIXED,True,True,,UP,DOWN,UP,0.9,-1.7,1.29,-2.43,1.29,-5.0,3,True,False,False,False,False,False,False,False,REVERSAL
2026-09-03T17:20:00Z,NATURALGAS,2026-09-03,TREND_DOWN,SHORT,bearish_rejection,279.8,280.5,279.7,279.9,0.8,0.1,0.125,0.6,0.1,7.0,1.45,0.801,0.86,0.11,1838.0,1.66,0.825,0.95,280.0,280.0,19935000.0,12578750.0,218750.0,153750.0,price_down_OI_up,153750.0,LOWER_VA,inside_value,-3.35,-5.85,0.65,5.8,5.9,0.8,4.6,E_open_space,,1.309,1.227,2.765,1.296,0.982,279.9,279.9,280.5,280.5,280.7,0.6,0.6,1.08,1.08,NA,NA,NA,True,True,,DOWN,UP,DOWN,0.4,-0.8,0.67,-1.33,0.67,6.0,0,False,False,False,False,False,False,False,False,REVERSAL
2026-09-03T17:25:00Z,NATURALGAS,2026-09-03,TREND_DOWN,SHORT,bearish_rejection,280.0,280.7,279.5,279.6,1.2,0.4,0.333,0.7,0.1,2.0,2.0,0.916,1.27,0.42,2449.0,2.21,0.868,1.33,280.0,280.0,19736250.0,12572500.0,-198750.0,-6250.0,price_down_OI_down,-6250.0,LOWER_VA,inside_value,-3.65,-6.15,0.35,6.1,5.6,1.1,0.5,C_broke_accepted,0.1,0.8,1.083,2.584,1.121,0.9,279.6,279.6,280.7,280.7,280.7,1.1,1.1,0.32,0.32,ACCEPTANCE,ACCEPTANCE,ACCEPTANCE,False,True,,UP,DOWN,DOWN,3.4,-0.4,3.09,-0.36,3.09,3.0,,True,True,True,False,False,False,False,False,CONTINUATION
2026-09-03T17:35:00Z,NATURALGAS,2026-09-03,TREND_DOWN,SHORT,bearish_expansion,279.3,279.5,278.1,278.2,1.4,1.1,0.786,0.2,0.1,0.27,2.33,0.947,1.46,1.14,3024.0,2.7,0.911,2.46,280.0,280.0,19032500.0,11902500.0,-56250.0,-252500.0,price_down_OI_down,-252500.0,BELOW_VA,acceptance_outside_value,-5.05,-7.55,-1.05,7.5,4.2,2.5,-0.9,C_broke_accepted,0.9,0.533,0.75,2.048,1.061,0.867,278.2,277.4,279.5,278.1,280.7,1.3,0.7,3.23,4.86,ACCEPTANCE,ACCEPTANCE,ACCEPTANCE,False,True,,DOWN,DOWN,DOWN,2.0,-0.2,1.54,-0.15,1.54,1.46,,True,False,False,False,False,False,False,False,CHOP
2026-09-03T17:40:00Z,NATURALGAS,2026-09-03,TREND_DOWN,SHORT,bearish_expansion,278.3,278.4,277.5,277.6,0.9,0.7,0.778,0.1,0.1,0.29,1.5,0.818,0.94,0.73,1969.0,1.74,0.835,0.65,280.0,280.0,18748750.0,11473750.0,-283750.0,-428750.0,price_down_OI_down,-428750.0,BELOW_VA,acceptance_outside_value,-5.65,-8.15,-1.65,8.1,3.6,3.1,-1.5,C_broke_accepted,0.5,0.867,0.542,1.856,1.066,0.75,277.6,277.4,278.4,278.1,280.7,0.8,0.7,4.5,4.86,ACCEPTANCE,ACCEPTANCE,ACCEPTANCE,False,True,,DOWN,DOWN,DOWN,1.4,-0.5,1.75,-0.63,1.75,1.63,,True,False,False,False,False,False,False,False,CHOP
2026-09-03T17:45:00Z,NATURALGAS,2026-09-03,TREND_DOWN,SHORT,bearish_rejection,277.6,278.1,277.2,277.4,0.9,0.2,0.222,0.5,0.2,3.5,1.5,0.825,0.94,0.21,1294.0,1.14,0.708,0.66,275.0,275.0,6471250.0,7653750.0,11250.0,45000.0,price_down_OI_up,45000.0,BELOW_VA,acceptance_outside_value,-5.85,-8.35,-1.85,8.3,3.4,3.3,-1.7,C_broke_accepted,0.1,1.067,0.667,1.854,1.049,0.6,277.4,277.4,278.1,278.1,280.7,0.7,0.7,4.86,4.86,ACCEPTANCE,ACCEPTANCE,MIXED,False,True,,DOWN,DOWN,,1.2,-0.3,1.71,-0.43,1.71,1.57,,True,False,False,False,False,False,False,False,CHOP
2026-09-03T17:50:00Z,NATURALGAS,2026-09-03,TREND_DOWN,SHORT,bearish_expansion,277.4,277.7,276.4,276.4,1.3,1.0,0.769,0.3,0.0,0.3,2.17,0.93,1.33,1.02,1710.0,1.51,0.785,1.32,275.0,275.0,6528750.0,7540000.0,57500.0,-113750.0,price_down_OI_down,-113750.0,BELOW_VA,acceptance_outside_value,-6.85,-9.35,-2.35,9.3,2.4,4.3,-2.7,C_broke_accepted,0.8,1.167,0.729,1.756,1.043,0.583,276.4,276.3,277.7,276.9,280.7,1.3,,1.85,,ACCEPTANCE,MIXED,MIXED,False,True,,DOWN,,,0.2,-0.5,0.15,-0.38,0.15,0.08,,False,False,False,False,False,False,False,False,CHOP
2026-09-04T03:55:00Z,NATURALGAS,2026-09-04,TREND_UP,LONG,neutral,276.8,277.2,276.7,277.0,0.5,0.2,0.4,0.2,0.1,1.5,1.67,,1.2,0.48,314.0,0.73,,0.84,275.0,275.0,6311250.0,6192500.0,32500.0,-10000.0,price_up_OI_up,32500.0,NA,NA,,,,0.2,0.4,0.2,,E_open_space,0.2,0.4,,1.0,0.912,,277.0,,276.7,,,0.3,,0.67,,ACCEPTANCE,ACCEPTANCE,ACCEPTANCE,False,True,5,UP,UP,UP,0.7,-0.6,2.33,-2.0,2.33,13.33,26,True,True,False,False,False,False,False,False,CONTINUATION
2026-09-04T04:00:00Z,NATURALGAS,2026-09-04,TREND_UP,SHORT,bearish_rejection,277.2,277.6,277.0,277.2,0.6,0.0,0.0,0.4,0.2,600000000.0,1.71,,1.35,0.0,493.0,1.2,,1.57,275.0,275.0,,,,,ambiguous,,NA,NA,,,,0.0,0.6,0.0,0.5,E_open_space,,0.286,,0.899,0.813,,277.2,277.2,277.6,277.6,277.2,0.4,0.4,1.25,1.25,NA,NA,NA,True,False,,UP,UP,DOWN,0.0,-0.5,0.0,-1.25,0.0,-9.5,2,False,False,False,False,False,False,False,False,REVERSAL
2026-09-04T05:30:00Z,NATURALGAS,2026-09-04,TREND_UP,LONG,bullish_rejection,277.1,277.3,276.8,277.1,0.5,0.0,0.0,0.2,0.3,500000000.0,1.67,0.917,1.46,0.0,187.0,0.77,0.417,5.84,275.0,275.0,6427500.0,6290000.0,5000.0,-2500.0,price_up_OI_up,5000.0,LOWER_VA,inside_value,-0.15,-0.15,0.35,0.6,0.5,0.1,0.2,B_swept_returned,0.15,0.4,0.333,0.72,0.875,0.267,277.1,277.1,276.8,276.8,276.9,0.3,0.3,0.33,0.33,REJECTION,MIXED,MIXED,False,True,2,DOWN,UP,UP,0.6,-0.7,2.0,-2.33,2.0,13.0,7,True,False,False,False,False,False,False,False,REVERSAL
2026-09-04T05:40:00Z,NATURALGAS,2026-09-04,TREND_UP,LONG,bullish_expansion,276.9,277.4,276.9,277.3,0.5,0.4,0.8,0.1,0.0,0.25,1.67,0.923,1.45,1.16,151.0,0.65,0.385,1.84,275.0,275.0,6551250.0,6302500.0,23750.0,26250.0,price_up_OI_up,23750.0,ABOVE_VA,above_VAH,0.05,0.05,0.55,0.4,0.7,0.0,0.5,D_failed_immediately,0.0,0.333,0.292,0.7,0.87,0.3,277.3,277.4,276.9,277.2,276.8,0.4,0.2,1.0,1.5,ACCEPTANCE,ACCEPTANCE,ACCEPTANCE,False,True,2,UP,UP,DOWN,0.4,-0.9,1.0,-2.25,1.0,9.25,5,False,False,False,False,False,False,False,False,REVERSAL
2026-09-04T05:50:00Z,NATURALGAS,2026-09-04,TREND_UP,SHORT,bearish_rejection,277.4,277.7,277.2,277.4,0.5,0.0,0.0,0.3,0.2,500000000.0,1.67,0.929,1.44,0.0,483.0,2.16,0.893,9.86,275.0,275.0,6507500.0,6263750.0,-28750.0,13750.0,price_down_OI_up,13750.0,ABOVE_VA,above_VAH,0.15,0.15,0.65,0.3,0.8,0.0,0.5,E_open_space,0.2,0.4,0.25,0.448,0.924,0.233,277.4,277.4,277.7,277.7,277.4,0.3,0.3,1.67,1.67,ACCEPTANCE,ACCEPTANCE,ACCEPTANCE,False,True,2,DOWN,UP,DOWN,2.2,-0.3,7.33,-1.0,7.33,-12.0,14,True,True,True,True,True,True,False,False,CONTINUATION
2026-09-04T06:10:00Z,NATURALGAS,2026-09-04,TREND_UP,SHORT,bearish_expansion,277.1,277.1,276.4,276.7,0.7,0.4,0.571,0.0,0.3,0.75,2.33,1.0,1.93,1.1,537.0,2.36,0.969,4.93,275.0,275.0,6526250.0,6263750.0,7500.0,-11250.0,price_down_OI_down,-11250.0,BELOW_VA,below_VAL,-0.55,-0.55,-0.05,1.0,0.1,0.8,-0.5,D_failed_immediately,0.1,0.467,0.375,0.939,0.882,0.3,276.7,,277.1,,277.5,0.4,,0.25,,ACCEPTANCE,ACCEPTANCE,ACCEPTANCE,False,True,,DOWN,DOWN,DOWN,1.5,-0.8,3.75,-2.0,3.75,-10.75,9,True,True,True,False,False,False,False,False,CONTINUATION
2026-09-04T06:20:00Z,NATURALGAS,2026-09-04,TREND_UP,SHORT,neutral,276.3,276.4,276.0,276.1,0.4,0.2,0.5,0.1,0.1,1.0,1.33,0.765,1.09,0.54,402.0,1.68,0.853,1.32,275.0,275.0,6606250.0,6302500.0,25000.0,-28750.0,price_down_OI_down,-28750.0,BELOW_VA,acceptance_outside_value,-1.15,-1.15,-0.65,1.6,-0.2,1.4,-1.1,C_broke_accepted,0.2,0.8,0.583,1.154,1.087,0.467,276.1,275.7,276.4,276.0,277.5,0.3,0.3,,,ACCEPTANCE,ACCEPTANCE,ACCEPTANCE,False,True,,DOWN,DOWN,UP,0.9,-0.4,3.0,-1.33,3.0,-16.33,5,True,True,True,False,False,False,False,False,CONTINUATION
2026-09-04T06:25:00Z,NATURALGAS,2026-09-04,TREND_UP,SHORT,bearish_expansion,276.1,276.2,275.7,275.8,0.5,0.3,0.6,0.1,0.1,0.67,1.67,0.914,1.32,0.79,602.0,2.47,0.971,1.5,275.0,275.0,6617500.0,6341250.0,11250.0,38750.0,price_down_OI_up,38750.0,BELOW_VA,below_VAL,-1.45,-1.45,-0.95,1.9,-0.2,1.7,-1.4,A_broke,0.2,1.0,0.708,1.282,1.113,0.567,275.8,275.7,276.2,276.0,277.5,0.4,0.3,,,ACCEPTANCE,ACCEPTANCE,ACCEPTANCE,True,True,,DOWN,UP,DOWN,0.6,-0.7,1.5,-1.75,1.5,-13.0,4,True,False,False,False,False,False,False,False,REVERSAL
2026-09-04T06:30:00Z,NATURALGAS,2026-09-04,TREND_UP,SHORT,bearish_rejection,275.8,276.0,275.7,275.7,0.3,0.1,0.333,0.2,0.0,2.0,1.0,0.611,0.81,0.27,385.0,1.52,0.806,0.64,275.0,275.0,6695000.0,6381250.0,77500.0,40000.0,price_down_OI_up,40000.0,BELOW_VA,below_VAL,-1.55,-2.05,-1.05,2.0,0.0,1.8,-1.5,E_open_space,0.0,1.067,0.833,1.542,1.237,0.667,275.7,275.7,276.0,276.0,277.5,0.3,0.3,,,REJECTION,REJECTION,REJECTION,True,True,,UP,DOWN,UP,0.5,-0.8,1.67,-2.67,1.67,-17.67,3,True,False,False,False,False,False,False,False,REVERSAL
2026-09-04T06:35:00Z,NATURALGAS,2026-09-04,TREND_UP,SHORT,bearish_rejection,275.7,275.9,275.6,275.7,0.3,0.0,0.0,0.2,0.1,300000000.0,1.0,0.189,0.82,0.0,493.0,1.92,0.892,1.28,275.0,275.0,6757500.0,6325000.0,62500.0,-56250.0,price_down_OI_down,-56250.0,BELOW_VA,below_VAL,-1.55,-2.05,-1.05,2.0,0.0,1.8,0.0,D_failed_immediately,0.0,0.933,0.75,1.735,1.254,0.667,275.7,275.7,275.9,275.9,277.5,0.2,0.2,,,REJECTION,REJECTION,REJECTION,True,True,,DOWN,UP,UP,0.5,-0.2,2.5,-1.0,2.5,-26.5,1,True,True,False,False,False,False,False,False,CONTINUATION
2026-09-04T06:40:00Z,NATURALGAS,2026-09-04,TREND_UP,LONG,bullish_rejection,275.7,275.7,275.2,275.6,0.5,0.1,0.2,0.0,0.4,4.0,1.67,0.921,1.33,0.27,956.0,3.63,1.0,1.94,275.0,275.0,6807500.0,6361250.0,50000.0,36250.0,price_up_OI_up,50000.0,BELOW_VA,below_VAL,-1.65,-2.15,-1.15,2.1,0.0,1.9,-0.1,E_open_space,,0.733,0.792,1.661,1.01,0.7,275.6,275.6,275.2,275.2,275.7,0.4,0.4,4.75,4.75,NA,NA,NA,False,True,,UP,UP,UP,6.8,-0.1,17.0,-0.25,17.0,13.5,,True,True,True,True,True,True,True,True,CONTINUATION
2026-09-04T06:45:00Z,NATURALGAS,2026-09-04,TREND_UP,LONG,neutral,275.6,275.9,275.5,275.8,0.4,0.2,0.5,0.1,0.1,1.0,1.33,0.744,1.06,0.53,559.0,1.99,0.923,0.58,275.0,275.0,6863750.0,6347500.0,56250.0,-13750.0,price_up_OI_up,56250.0,BELOW_VA,acceptance_outside_value,-1.45,-1.95,-0.95,1.9,0.6,1.7,0.1,C_broke_accepted,0.1,0.8,0.875,2.019,1.058,0.767,275.8,,275.5,,275.7,0.3,,5.67,,ACCEPTANCE,ACCEPTANCE,ACCEPTANCE,False,True,,UP,UP,UP,6.6,0.0,22.0,0.0,22.0,17.33,,True,True,True,True,True,True,True,True,CONTINUATION
2026-09-04T06:50:00Z,NATURALGAS,2026-09-04,TREND_UP,LONG,bullish_expansion,275.8,276.5,275.8,276.5,0.7,0.7,1.0,0.0,0.0,0.0,2.33,0.975,1.75,1.75,886.0,3.08,0.975,1.58,275.0,275.0,6926250.0,6395000.0,62500.0,47500.0,price_up_OI_up,62500.0,LOWER_VA,inside_value,-0.75,-1.25,0.25,1.2,1.3,1.0,1.3,C_broke_accepted,0.6,0.667,0.792,2.079,0.998,0.767,276.5,277.3,275.8,276.8,275.2,0.7,0.5,1.43,0.4,ACCEPTANCE,ACCEPTANCE,ACCEPTANCE,False,True,,UP,UP,UP,5.9,-0.5,8.43,-0.71,8.43,6.43,,True,True,True,True,True,True,True,False,CONTINUATION
2026-09-04T06:55:00Z,NATURALGAS,2026-09-04,TREND_UP,LONG,bullish_expansion,276.4,277.0,276.4,276.9,0.6,0.5,0.833,0.1,0.0,0.2,2.0,0.951,1.45,1.2,595.0,1.97,0.902,0.67,275.0,275.0,6983750.0,6363750.0,57500.0,-31250.0,price_up_OI_up,57500.0,LOWER_VA,inside_value,-0.35,-0.35,1.15,0.8,1.7,0.6,1.7,C_broke_accepted,0.4,0.867,0.625,2.167,1.06,0.7,276.9,277.3,276.4,276.8,275.2,0.5,0.5,0.7,0.4,ACCEPTANCE,ACCEPTANCE,ACCEPTANCE,False,True,5,UP,UP,UP,2.1,-0.6,4.2,-1.2,4.2,8.2,61,True,True,True,True,False,False,False,False,CONTINUATION
2026-09-04T07:00:00Z,NATURALGAS,2026-09-04,TREND_UP,LONG,bullish_rejection,277.1,277.5,276.8,277.3,0.7,0.2,0.286,0.2,0.3,2.5,2.33,0.976,1.61,0.46,656.0,2.12,0.952,1.1,275.0,275.0,6888750.0,6383750.0,-95000.0,20000.0,price_up_OI_down,-95000.0,ABOVE_VA,above_VAH,0.05,0.05,1.55,0.4,2.1,0.2,2.1,E_open_space,0.2,1.2,0.75,2.254,1.148,0.633,277.3,277.3,276.8,276.8,275.2,0.5,0.5,0.4,0.4,ACCEPTANCE,ACCEPTANCE,ACCEPTANCE,False,True,4,UP,UP,DOWN,0.9,-0.8,1.8,-1.6,1.8,7.4,8,True,False,False,False,False,False,False,False,REVERSAL
2026-09-04T07:05:00Z,NATURALGAS,2026-09-04,TREND_UP,LONG,bullish_expansion,277.3,277.7,277.2,277.7,0.5,0.4,0.8,0.0,0.1,0.25,1.67,0.86,1.14,0.91,846.0,2.66,0.953,1.29,280.0,280.0,19036250.0,10201250.0,-40000.0,56250.0,price_up_OI_down,-40000.0,ABOVE_VA,above_VAH,0.45,0.45,1.95,0.0,2.5,-0.2,2.5,E_open_space,0.0,1.533,0.958,2.299,1.318,0.767,277.7,278.0,277.2,277.5,275.2,0.5,0.5,,,ACCEPTANCE,ACCEPTANCE,ACCEPTANCE,True,True,,UP,DOWN,DOWN,0.5,-0.5,1.0,-1.0,1.0,6.6,2,True,False,False,False,False,False,False,False,REVERSAL
2026-09-04T07:10:00Z,NATURALGAS,2026-09-04,TREND_UP,LONG,bullish_rejection,277.8,278.0,277.5,278.0,0.5,0.2,0.4,0.0,0.3,1.5,1.67,0.864,1.13,0.45,1168.0,3.54,1.0,1.38,280.0,280.0,18922500.0,10261250.0,-113750.0,60000.0,price_up_OI_down,-113750.0,ABOVE_VA,acceptance_outside_value,0.75,0.25,1.75,-0.3,2.8,-0.5,2.8,C_broke_accepted,0.25,1.467,1.042,2.149,1.305,0.833,278.0,278.0,277.5,277.5,275.2,0.5,0.5,,,REJECTION,REJECTION,REJECTION,True,True,,DOWN,DOWN,UP,0.2,-0.8,0.4,-1.6,0.4,6.0,1,False,False,False,False,False,False,False,False,REVERSAL
2026-09-04T07:15:00Z,NATURALGAS,2026-09-04,TREND_UP,SHORT,bearish_rejection,278.0,278.2,277.9,277.9,0.3,0.1,0.333,0.2,0.0,2.0,1.0,0.533,0.69,0.23,610.0,1.75,0.867,0.52,280.0,280.0,18998750.0,10470000.0,76250.0,208750.0,price_down_OI_up,208750.0,ABOVE_VA,above_VAH,0.65,0.15,1.65,0.1,2.7,-0.4,2.7,E_open_space,,1.467,1.167,2.383,1.382,0.933,277.9,277.9,278.2,278.2,277.5,0.3,0.3,5.5,5.5,NA,NA,NA,False,True,3,DOWN,UP,DOWN,1.4,-0.4,4.67,-1.33,4.67,-10.33,32,True,True,True,True,False,False,False,False,CONTINUATION
2026-09-04T07:20:00Z,NATURALGAS,2026-09-04,TREND_UP,SHORT,bearish_expansion,278.0,278.0,277.2,277.2,0.8,0.8,1.0,0.0,0.0,0.0,2.67,1.0,1.74,1.74,846.0,2.39,0.935,1.39,275.0,275.0,6640000.0,6760000.0,17500.0,86250.0,price_down_OI_up,86250.0,AT_POC,near_POC,-0.05,-0.55,0.95,1.0,2.0,0.3,2.0,B_swept_returned,0.7,1.2,1.25,2.189,1.13,1.0,277.2,,278.0,,277.5,0.8,,1.19,,REJECTION,REJECTION,REJECTION,True,True,4,UP,DOWN,UP,0.0,-0.8,0.0,-1.0,0.0,-4.75,0,False,False,False,False,False,False,False,False,REVERSAL
2026-09-04T07:25:00Z,NATURALGAS,2026-09-04,TREND_UP,LONG,bullish_expansion,277.3,278.0,277.3,278.0,0.7,0.7,1.0,0.0,0.0,0.0,2.33,0.957,1.44,1.44,602.0,1.65,0.83,0.71,280.0,280.0,18960000.0,10598750.0,8750.0,96250.0,price_up_OI_up,8750.0,ABOVE_VA,above_VAH,0.75,0.25,1.75,0.2,2.8,0.2,2.8,E_open_space,0.0,0.933,1.125,2.264,1.156,1.0,278.0,277.6,277.3,277.4,275.2,0.7,0.2,0.29,0.75,ACCEPTANCE,ACCEPTANCE,ACCEPTANCE,True,True,,DOWN,UP,DOWN,0.1,-0.8,0.14,-1.14,0.14,4.29,2,False,False,False,False,False,False,False,False,REVERSAL
2026-09-04T07:30:00Z,NATURALGAS,2026-09-04,TREND_UP,SHORT,neutral,278.0,278.1,277.5,277.7,0.6,0.3,0.5,0.1,0.2,1.0,2.0,0.896,1.22,0.61,422.0,1.14,0.646,0.7,280.0,280.0,18915000.0,10682500.0,-45000.0,83750.0,price_down_OI_up,83750.0,UPPER_VA,inside_value,0.45,-0.05,1.45,0.5,2.5,0.5,0.5,E_open_space,,0.667,1.0,2.204,1.136,1.0,277.7,,278.1,,278.2,0.4,,1.25,,NA,NA,NA,False,True,2,UP,DOWN,DOWN,1.2,-0.6,3.0,-1.5,3.0,-8.25,29,True,True,False,False,False,False,False,False,CONTINUATION
2026-09-04T07:45:00Z,NATURALGAS,2026-09-04,TREND_UP,SHORT,neutral,277.2,277.3,276.5,276.9,0.8,0.3,0.375,0.1,0.4,1.67,2.67,1.0,1.61,0.6,690.0,1.89,0.902,2.99,275.0,275.0,6522500.0,6827500.0,-57500.0,-8750.0,price_down_OI_down,-8750.0,LOWER_VA,inside_value,-0.35,-0.85,0.65,1.3,1.7,1.2,-0.3,A_broke,0.3,0.6,0.417,1.283,1.087,0.6,276.9,,277.3,,278.1,0.4,,1.62,,ACCEPTANCE,MIXED,MIXED,True,False,,DOWN,UP,UP,0.3,-0.4,0.75,-1.0,0.75,-10.25,1,False,False,False,False,False,False,False,False,REVERSAL
2026-09-04T07:55:00Z,NATURALGAS,2026-09-04,TREND_UP,LONG,bullish_expansion,276.7,277.3,276.7,277.1,0.6,0.4,0.667,0.2,0.0,0.5,1.5,0.887,1.19,0.79,335.0,0.9,0.547,0.82,275.0,275.0,6532500.0,6815000.0,0.0,0.0,ambiguous,0.0,AT_POC,near_POC,-0.15,-0.65,0.85,1.1,1.9,0.5,0.6,C_broke_accepted,0.1,0.8,0.531,1.071,0.951,0.425,277.1,,276.7,,276.5,0.4,,1.25,,ACCEPTANCE,ACCEPTANCE,ACCEPTANCE,False,True,,UP,UP,UP,0.8,-0.4,2.0,-1.0,2.0,9.75,10,True,False,False,False,False,False,False,False,REVERSAL
2026-09-04T09:10:00Z,NATURALGAS,2026-09-04,TREND_UP,LONG,bullish_rejection,277.4,277.7,277.2,277.5,0.5,0.1,0.2,0.2,0.2,4.0,1.67,0.838,1.28,0.26,220.0,0.67,0.441,1.73,275.0,275.0,6652500.0,6677500.0,45000.0,22500.0,price_up_OI_up,45000.0,UPPER_VA,inside_value,0.25,-0.25,0.75,0.7,2.3,0.0,0.8,D_failed_immediately,0.0,0.533,0.333,0.37,0.664,0.267,277.5,277.5,277.2,277.2,276.7,0.3,0.3,0.83,0.83,ACCEPTANCE,ACCEPTANCE,ACCEPTANCE,True,True,,UP,UP,DOWN,0.5,-0.4,1.67,-1.33,1.67,11.67,2,True,False,False,False,False,False,False,False,REVERSAL
2026-09-04T09:15:00Z,NATURALGAS,2026-09-04,TREND_UP,LONG,bullish_rejection,277.6,277.8,277.3,277.7,0.5,0.1,0.2,0.1,0.3,4.0,1.67,0.841,1.25,0.25,177.0,0.54,0.333,0.8,280.0,280.0,19210000.0,10983750.0,31250.0,72500.0,price_up_OI_up,31250.0,UPPER_VA,inside_value,0.45,-0.05,0.95,0.5,2.5,-0.2,0.5,D_failed_immediately,0.05,0.667,0.417,0.436,0.801,0.333,277.7,277.7,277.3,277.3,277.2,0.4,0.4,0.13,0.13,ACCEPTANCE,MIXED,MIXED,True,True,,UP,DOWN,UP,0.3,-0.6,0.75,-1.5,0.75,8.25,1,False,False,False,False,False,False,False,False,REVERSAL
2026-09-04T09:20:00Z,NATURALGAS,2026-09-04,TREND_UP,LONG,bullish_rejection,277.7,278.0,277.5,277.9,0.5,0.2,0.4,0.1,0.2,1.5,1.67,0.843,1.23,0.49,324.0,1.0,0.643,1.83,280.0,280.0,,,,,ambiguous,,ABOVE_VA,above_VAH,0.65,0.15,1.15,0.3,2.7,-0.4,0.7,B_swept_returned,0.1,0.6,0.458,0.491,0.886,0.367,277.9,277.9,277.5,277.5,277.2,0.4,0.4,0.75,0.75,REJECTION,REJECTION,REJECTION,True,False,,DOWN,UP,UP,0.0,-0.8,0.0,-2.0,0.0,7.75,0,False,False,False,False,False,False,False,False,REVERSAL
2026-09-04T09:25:00Z,NATURALGAS,2026-09-04,TREND_UP,SHORT,bearish_expansion,277.8,277.9,277.1,277.2,0.8,0.6,0.75,0.1,0.1,0.33,2.67,0.972,1.84,1.38,269.0,0.83,0.577,0.83,275.0,275.0,,,,,ambiguous,,AT_POC,near_POC,-0.05,-0.55,0.45,1.0,2.0,0.3,0.0,D_failed_immediately,0.0,0.533,0.542,0.627,0.966,0.433,277.2,,277.9,,277.5,0.7,,0.64,,REJECTION,REJECTION,REJECTION,False,True,2,UP,UP,DOWN,0.4,-1.1,0.57,-1.57,0.57,-5.43,6,False,False,False,False,False,False,False,False,REVERSAL
2026-09-04T09:50:00Z,NATURALGAS,2026-09-04,TREND_UP,LONG,bullish_expansion,277.1,277.8,277.1,277.7,0.7,0.6,0.857,0.1,0.0,0.17,2.0,0.947,1.62,1.39,208.0,0.66,0.382,1.87,280.0,280.0,19491250.0,11261250.0,-36250.0,17500.0,price_up_OI_down,-36250.0,UPPER_VA,inside_value,0.45,-0.05,0.95,0.5,2.5,-0.4,0.8,B_swept_returned,0.05,0.629,0.429,0.713,1.016,0.343,277.7,,277.1,,276.9,0.6,,0.08,,REJECTION,MIXED,MIXED,False,True,3,DOWN,UP,DOWN,0.6,-0.6,1.0,-1.0,1.0,5.5,10,True,False,False,False,False,False,False,False,REVERSAL
2026-09-04T10:00:00Z,NATURALGAS,2026-09-04,TREND_UP,SHORT,bearish_rejection,277.5,278.3,277.5,277.8,0.8,0.3,0.375,0.5,0.0,1.67,2.0,1.0,1.75,0.66,1327.0,4.2,1.0,3.59,280.0,280.0,,,,,ambiguous,,ABOVE_VA,above_VAH,0.55,0.05,1.05,0.4,2.6,0.0,0.9,E_open_space,,0.45,0.375,0.628,0.919,0.3,277.8,277.8,278.3,278.3,277.8,0.5,0.5,1.8,1.8,NA,NA,NA,False,True,3,DOWN,UP,DOWN,0.9,-1.2,1.8,-2.4,1.8,-6.4,19,True,False,False,False,False,False,False,False,REVERSAL
2026-09-04T10:05:00Z,NATURALGAS,2026-09-04,TREND_UP,SHORT,bearish_rejection,277.7,278.0,277.4,277.5,0.6,0.2,0.333,0.3,0.1,2.0,1.5,0.886,1.28,0.43,319.0,0.97,0.633,0.24,275.0,275.0,7252500.0,7582500.0,,,ambiguous,,UPPER_VA,inside_value,0.25,-0.25,0.75,0.8,2.3,0.3,0.6,B_swept_returned,0.0,0.7,0.469,1.323,1.113,0.375,277.5,277.5,278.0,278.0,277.8,0.5,0.5,1.2,1.2,REJECTION,REJECTION,REJECTION,False,True,2,UP,DOWN,UP,0.6,-1.5,1.2,-3.0,1.2,-7.0,18,True,False,False,False,False,False,False,False,REVERSAL
2026-09-04T10:50:00Z,NATURALGAS,2026-09-04,TREND_UP,SHORT,bearish_expansion,277.4,277.4,276.9,276.9,0.5,0.5,1.0,0.0,0.0,0.0,1.43,0.83,1.22,1.22,657.0,2.05,0.92,1.43,275.0,275.0,7611250.0,8811250.0,-56250.0,-110000.0,price_down_OI_down,-110000.0,LOWER_VA,inside_value,-0.35,-0.85,0.15,1.4,1.7,1.0,-0.5,A_broke,0.2,0.457,0.286,0.716,0.778,0.343,276.9,,277.4,,277.9,0.5,,0.3,,REJECTION,REJECTION,REJECTION,True,False,,UP,UP,UP,0.0,-0.9,0.0,-1.8,0.0,-8.2,1,False,False,False,False,False,False,False,False,REVERSAL
2026-09-04T11:00:00Z,NATURALGAS,2026-09-04,TREND_UP,LONG,neutral,277.2,277.8,277.1,277.5,0.7,0.3,0.429,0.3,0.1,1.33,2.0,0.944,1.65,0.71,388.0,1.2,0.711,1.31,275.0,275.0,,,,,ambiguous,,UPPER_VA,inside_value,0.25,-0.25,0.75,0.8,2.3,0.4,0.6,B_swept_returned,0.25,0.571,0.357,1.1,0.848,0.286,277.5,,277.1,,276.9,0.4,,0.62,,ACCEPTANCE,MIXED,MIXED,True,False,,UP,DOWN,UP,0.3,-0.4,0.75,-1.0,0.75,8.75,2,False,False,False,False,False,False,False,False,REVERSAL
2026-09-04T11:25:00Z,NATURALGAS,2026-09-04,TREND_UP,SHORT,bearish_rejection,277.2,277.8,277.0,277.3,0.8,0.1,0.125,0.5,0.2,7.0,2.0,1.0,1.77,0.22,605.0,1.87,0.884,1.95,275.0,275.0,7752500.0,9186250.0,-51250.0,40000.0,price_down_OI_up,40000.0,AT_POC,near_POC,0.05,-0.45,0.55,1.0,2.1,0.5,0.2,B_swept_returned,0.2,0.35,0.281,0.965,1.061,0.25,277.3,277.3,277.8,277.8,277.8,0.5,0.5,0.4,0.4,REJECTION,REJECTION,REJECTION,True,False,,UP,UP,UP,0.0,-0.6,0.0,-1.2,0.0,-7.4,1,False,False,False,False,False,False,False,False,REVERSAL
2026-09-04T11:35:00Z,NATURALGAS,2026-09-04,TREND_UP,LONG,neutral,277.4,277.9,277.3,277.7,0.6,0.3,0.5,0.2,0.1,1.0,1.5,0.835,1.31,0.65,276.0,0.85,0.557,1.39,280.0,280.0,21668750.0,13575000.0,11250.0,35000.0,price_up_OI_up,11250.0,UPPER_VA,inside_value,0.45,-0.05,0.95,0.6,2.5,0.1,0.7,D_failed_immediately,0.1,0.4,0.281,1.026,1.088,0.225,277.7,,277.3,,277.0,0.4,,0.13,,ACCEPTANCE,ACCEPTANCE,ACCEPTANCE,True,True,,UP,DOWN,UP,1.3,-0.5,3.25,-1.25,3.25,8.25,2,True,True,True,False,False,False,False,False,CONTINUATION
2026-09-04T11:40:00Z,NATURALGAS,2026-09-04,TREND_UP,LONG,bullish_expansion,277.8,279.0,277.7,278.7,1.3,0.9,0.692,0.3,0.1,0.44,3.25,1.0,2.5,1.73,2001.0,6.17,1.0,7.25,280.0,280.0,21536250.0,13721250.0,-132500.0,146250.0,price_up_OI_down,-132500.0,ABOVE_VA,above_VAH,1.45,0.95,1.95,-0.4,3.5,-0.9,1.7,B_swept_returned,0.4,0.45,0.281,1.014,1.001,0.25,278.7,278.3,277.7,277.2,277.0,1.0,1.1,,,REJECTION,REJECTION,REJECTION,True,False,,DOWN,UP,DOWN,0.2,-1.0,0.2,-1.0,0.2,2.3,0,False,False,False,False,False,False,False,False,REVERSAL
2026-09-04T11:45:00Z,NATURALGAS,2026-09-04,TREND_UP,SHORT,bearish_expansion,278.8,278.9,277.7,278.0,1.2,0.8,0.667,0.1,0.3,0.5,3.0,0.99,2.11,1.41,1313.0,3.85,0.98,0.66,280.0,280.0,21513750.0,13823750.0,-22500.0,102500.0,price_down_OI_up,102500.0,ABOVE_VA,above_VAH,0.75,0.25,1.25,1.0,2.8,-0.2,0.7,E_open_space,0.3,1.0,0.625,1.988,1.232,0.525,278.0,,278.9,,277.8,0.9,,0.78,,REJECTION,MIXED,MIXED,False,True,2,UP,DOWN,DOWN,2.0,-1.3,2.22,-1.44,2.22,-3.33,5,True,True,False,False,False,False,False,False,CONTINUATION
2026-09-04T11:50:00Z,NATURALGAS,2026-09-04,TREND_UP,LONG,bullish_rejection,278.1,278.3,277.2,278.3,1.1,0.2,0.182,0.0,0.9,4.5,2.75,0.98,1.81,0.33,2069.0,5.9,1.0,1.58,280.0,280.0,22462500.0,13871250.0,948750.0,47500.0,price_up_OI_up,948750.0,ABOVE_VA,acceptance_outside_value,1.05,0.55,1.55,0.7,3.1,0.7,1.0,C_broke_accepted,0.55,1.0,0.625,2.504,1.386,0.5,278.3,278.3,277.2,277.2,277.3,1.1,1.1,0.64,0.64,REJECTION,REJECTION,REJECTION,True,True,,DOWN,DOWN,DOWN,0.4,-1.3,0.36,-1.18,0.36,2.45,0,False,False,False,False,False,False,False,False,REVERSAL
2026-09-04T11:55:00Z,NATURALGAS,2026-09-04,TREND_UP,SHORT,bearish_expansion,278.3,278.7,277.0,277.0,1.7,1.3,0.765,0.4,0.0,0.31,4.25,1.0,2.48,1.9,1916.0,5.21,0.98,0.93,275.0,275.0,7956250.0,9767500.0,76250.0,-102500.0,price_down_OI_down,-102500.0,LOWER_VA,inside_value,-0.25,-0.75,0.25,2.0,1.8,2.0,-0.3,C_broke_accepted,0.2,0.9,0.625,3.184,1.315,0.5,277.0,,278.7,,279.0,1.7,,0.15,,REJECTION,MIXED,MIXED,True,True,,DOWN,DOWN,UP,1.0,-2.3,0.59,-1.35,0.59,-2.35,3,False,False,False,False,False,False,False,False,REVERSAL
2026-09-04T12:00:00Z,NATURALGAS,2026-09-04,TREND_UP,SHORT,neutral,277.2,277.4,276.6,277.0,0.8,0.2,0.25,0.2,0.4,3.0,2.0,0.922,1.16,0.29,1746.0,4.56,0.971,0.91,275.0,275.0,8177500.0,9711250.0,221250.0,-56250.0,price_down_OI_down,-56250.0,LOWER_VA,inside_value,-0.25,-0.75,0.25,2.0,1.8,2.0,-0.3,D_failed_immediately,0.25,1.0,0.625,3.954,1.704,0.5,277.0,,277.4,,279.0,0.4,,0.62,,ACCEPTANCE,MIXED,MIXED,True,True,,DOWN,UP,UP,1.0,-0.4,2.5,-1.0,2.5,-10.0,1,True,True,False,False,False,False,False,False,CONTINUATION
2026-09-04T12:05:00Z,NATURALGAS,2026-09-04,TREND_UP,SHORT,bearish_expansion,277.0,277.0,276.3,276.4,0.7,0.6,0.857,0.0,0.1,0.17,1.75,0.893,1.01,0.87,1149.0,2.9,0.932,0.66,275.0,275.0,8255000.0,9815000.0,77500.0,103750.0,price_down_OI_up,103750.0,BELOW_VA,acceptance_outside_value,-0.85,-1.35,-0.35,2.6,1.2,2.3,-0.9,C_broke_accepted,0.2,1.2,0.75,4.564,1.76,0.6,276.4,,277.0,,278.7,0.6,,2.0,,REJECTION,REJECTION,REJECTION,True,True,,UP,UP,UP,0.4,-1.0,0.67,-1.67,0.67,-7.67,0,False,False,False,False,False,False,False,False,REVERSAL
2026-09-04T12:10:00Z,NATURALGAS,2026-09-04,TREND_UP,LONG,bullish_expansion,276.4,277.4,276.0,277.2,1.4,0.8,0.571,0.2,0.4,0.75,3.5,0.99,1.88,1.08,1662.0,4.12,0.962,1.45,275.0,275.0,8498750.0,10008750.0,243750.0,193750.0,price_up_OI_up,243750.0,AT_POC,near_POC,-0.05,-0.55,0.45,1.8,2.0,1.5,-0.1,C_broke_accepted,0.2,1.3,0.844,4.06,1.479,0.675,277.2,,276.0,,277.3,1.2,,0.46,,ACCEPTANCE,ACCEPTANCE,ACCEPTANCE,False,True,,UP,UP,UP,5.2,0.0,4.33,0.0,4.33,3.17,,True,True,True,True,False,False,False,False,CONTINUATION
2026-09-04T12:15:00Z,NATURALGAS,2026-09-04,TREND_UP,LONG,bullish_expansion,277.2,279.3,277.2,279.3,2.1,2.1,1.0,0.0,0.0,0.0,5.25,1.0,2.5,2.5,4940.0,11.89,1.0,2.97,280.0,280.0,23766250.0,13521250.0,120000.0,137500.0,price_up_OI_up,120000.0,ABOVE_VA,acceptance_outside_value,2.05,1.55,2.55,-0.3,4.1,-0.6,2.0,C_broke_accepted,0.3,1.35,0.938,4.111,1.356,0.75,279.3,,277.2,,277.3,2.1,,,,ACCEPTANCE,ACCEPTANCE,ACCEPTANCE,False,True,5,UP,UP,UP,3.1,-1.4,1.48,-0.67,1.48,0.81,,True,False,False,False,False,False,False,False,CHOP
2026-09-04T12:20:00Z,NATURALGAS,2026-09-04,TREND_UP,LONG,neutral,279.2,280.0,279.1,279.5,0.9,0.3,0.333,0.5,0.1,2.0,2.25,0.943,1.07,0.36,4504.0,9.83,0.991,0.91,280.0,280.0,22173750.0,13423750.0,-1592500.0,-97500.0,price_up_OI_down,-1592500.0,ABOVE_VA,acceptance_outside_value,2.25,1.25,2.75,-0.2,4.3,-0.8,3.5,C_broke_accepted,0.2,1.65,1.031,4.981,1.586,0.825,279.5,,279.1,,276.0,0.4,,,,ACCEPTANCE,ACCEPTANCE,ACCEPTANCE,False,True,4,UP,UP,DOWN,2.9,-0.4,7.25,-1.0,7.25,3.75,9,True,True,True,True,True,True,False,False,CONTINUATION
2026-09-04T12:25:00Z,NATURALGAS,2026-09-04,TREND_UP,LONG,bullish_expansion,279.6,280.7,279.6,280.4,1.1,0.8,0.727,0.3,0.0,0.38,2.75,0.944,1.26,0.92,4642.0,9.36,0.991,1.03,280.0,280.0,21287500.0,13981250.0,-886250.0,557500.0,price_up_OI_down,-886250.0,ABOVE_VA,acceptance_outside_value,3.15,2.15,3.65,-0.4,5.2,-1.7,4.4,C_broke_accepted,0.4,2.0,1.25,5.645,1.356,1.0,280.4,,279.6,,276.0,0.8,,,,ACCEPTANCE,MIXED,MIXED,True,True,,UP,DOWN,UP,2.0,-1.0,2.5,-1.25,2.5,0.75,2,True,True,False,False,False,False,False,False,CONTINUATION
2026-09-04T12:30:00Z,NATURALGAS,2026-09-04,TREND_UP,LONG,bullish_expansion,280.4,282.4,280.4,281.9,2.0,1.5,0.75,0.5,0.0,0.33,5.0,0.991,2.1,1.58,8722.0,16.32,1.0,1.88,280.0,280.0,20710000.0,14446250.0,-577500.0,465000.0,price_up_OI_down,-577500.0,ABOVE_VA,above_VAH,4.65,3.65,5.65,-1.2,6.7,-3.2,5.9,B_swept_returned,1.2,2.35,1.469,6.323,1.304,1.175,281.9,,280.4,,276.0,1.5,,,,REJECTION,REJECTION,REJECTION,True,False,,DOWN,UP,UP,0.1,-2.2,0.07,-1.47,0.07,-0.6,0,False,False,False,False,False,False,False,False,REVERSAL
2026-09-04T12:35:00Z,NATURALGAS,2026-09-04,TREND_UP,SHORT,bearish_expansion,281.9,282.0,279.7,279.8,2.3,2.1,0.913,0.1,0.1,0.1,5.75,1.0,2.2,2.01,5003.0,8.21,0.991,0.57,280.0,280.0,20528750.0,14600000.0,-181250.0,153750.0,price_down_OI_up,153750.0,ABOVE_VA,acceptance_outside_value,2.55,0.55,3.55,2.6,4.6,-1.1,3.8,C_broke_accepted,0.6,3.2,2.0,8.028,1.432,1.6,279.8,280.1,282.0,280.7,278.7,2.2,0.6,1.61,6.42,REJECTION,REJECTION,REJECTION,False,True,2,UP,UP,DOWN,1.9,-2.1,0.86,-0.95,0.86,-0.55,,False,False,False,False,False,False,False,False,CHOP
2026-09-04T12:40:00Z,NATURALGAS,2026-09-04,TREND_UP,LONG,neutral,279.7,280.4,279.4,279.9,1.0,0.2,0.2,0.5,0.3,4.0,2.5,0.918,0.96,0.19,1730.0,2.66,0.918,0.35,280.0,280.0,20020000.0,15015000.0,-508750.0,415000.0,price_up_OI_down,-508750.0,ABOVE_VA,acceptance_outside_value,2.65,0.15,3.65,2.5,4.7,2.5,3.9,C_broke_accepted,0.15,2.6,2.0,8.563,1.609,1.6,279.9,,279.4,,276.0,0.5,,5.0,,ACCEPTANCE,ACCEPTANCE,ACCEPTANCE,True,True,,UP,DOWN,UP,0.8,-0.5,1.6,-1.0,1.6,2.2,3,True,False,False,False,False,False,False,False,REVERSAL
2026-09-04T12:45:00Z,NATURALGAS,2026-09-04,TREND_UP,SHORT,bearish_rejection,279.9,280.7,279.9,280.1,0.8,0.2,0.25,0.6,0.0,3.0,2.0,0.901,0.78,0.19,2283.0,3.46,0.955,1.32,280.0,280.0,19771250.0,15893750.0,-248750.0,878750.0,price_down_OI_up,878750.0,ABOVE_VA,above_VAH,2.85,0.35,3.85,2.3,4.9,2.3,4.1,E_open_space,,1.65,2.0,7.463,1.422,1.6,280.1,280.1,280.7,280.7,282.4,0.6,0.6,6.42,6.42,NA,NA,NA,True,True,,DOWN,UP,DOWN,0.7,-0.6,1.17,-1.0,1.17,-1.5,2,True,False,False,False,False,False,False,False,REVERSAL
2026-09-04T12:50:00Z,NATURALGAS,2026-09-04,TREND_UP,SHORT,bearish_rejection,280.2,280.5,279.8,280.0,0.7,0.2,0.286,0.3,0.2,2.5,1.75,0.83,0.7,0.2,2606.0,3.87,0.955,1.14,280.0,280.0,19638750.0,15495000.0,-132500.0,-398750.0,price_down_OI_down,-398750.0,ABOVE_VA,above_VAH,2.75,0.25,3.75,2.4,4.8,2.4,0.6,B_swept_returned,0.1,1.5,2.0,6.643,1.436,1.6,280.0,280.0,280.5,280.5,282.4,0.5,0.5,1.2,1.2,REJECTION,MIXED,MIXED,True,True,,UP,DOWN,UP,0.6,-0.7,1.2,-1.4,1.2,-2.0,1,True,False,False,False,False,False,False,False,REVERSAL
2026-09-04T12:55:00Z,NATURALGAS,2026-09-04,TREND_UP,LONG,neutral,280.0,280.3,279.7,280.0,0.6,0.0,0.0,0.3,0.3,600000000.0,1.5,0.77,0.62,0.0,1150.0,1.66,0.858,0.44,280.0,280.0,19735000.0,15026250.0,96250.0,-468750.0,price_up_OI_up,96250.0,UPPER_VA,inside_value,2.75,-0.25,3.75,2.4,4.8,0.7,0.6,B_swept_returned,0.25,1.5,1.625,5.889,1.396,1.6,280.0,,279.7,,279.4,0.3,,0.83,,REJECTION,REJECTION,REJECTION,True,True,,DOWN,UP,DOWN,0.7,-0.6,2.33,-2.0,2.33,3.33,0,True,True,False,False,False,False,False,False,CONTINUATION
2026-09-04T13:00:00Z,NATURALGAS,2026-09-04,TREND_UP,SHORT,bearish_rejection,280.0,280.7,279.4,279.5,1.3,0.5,0.385,0.7,0.1,1.6,3.25,0.956,1.3,0.5,2460.0,3.54,0.947,2.14,280.0,280.0,19913750.0,15127500.0,178750.0,101250.0,price_down_OI_up,101250.0,UPPER_VA,inside_value,2.25,-0.75,3.25,2.9,4.3,1.2,0.1,E_open_space,0.1,1.3,1.031,3.676,1.083,1.6,279.5,279.5,280.7,280.7,280.7,1.2,1.2,0.08,0.08,REJECTION,REJECTION,REJECTION,True,True,,UP,DOWN,UP,0.4,-1.5,0.33,-1.25,0.33,-1.25,3,False,False,False,False,False,False,False,False,REVERSAL
2026-09-04T13:10:00Z,NATURALGAS,2026-09-04,TREND_UP,SHORT,bearish_expansion,280.0,280.0,279.1,279.5,0.9,0.5,0.556,0.0,0.4,0.8,2.25,0.905,0.94,0.52,1220.0,1.71,0.862,1.32,280.0,280.0,19922500.0,15417500.0,-148750.0,385000.0,price_down_OI_up,385000.0,UPPER_VA,inside_value,2.25,-0.75,3.25,2.9,4.3,1.2,0.1,B_swept_returned,0.1,0.65,0.938,2.646,0.815,0.825,279.5,280.3,280.0,281.0,280.7,0.5,0.7,0.2,1.29,REJECTION,REJECTION,REJECTION,True,True,,UP,UP,UP,0.3,-0.9,0.6,-1.8,0.6,-3.0,0,False,False,False,False,False,False,False,False,REVERSAL
2026-09-04T13:15:00Z,NATURALGAS,2026-09-04,TREND_UP,LONG,bullish_expansion,279.6,280.4,279.2,280.4,1.2,0.8,0.667,0.0,0.4,0.5,3.0,0.94,1.23,0.82,1012.0,1.41,0.829,0.83,280.0,280.0,18783750.0,15226250.0,-1138750.0,-191250.0,price_up_OI_down,-1138750.0,ABOVE_VA,acceptance_outside_value,3.15,0.15,4.15,2.0,5.2,0.3,1.0,C_broke_accepted,0.15,0.8,0.906,2.333,0.821,0.825,280.4,280.2,279.2,279.6,279.4,1.2,0.6,0.25,0.08,REJECTION,REJECTION,REJECTION,True,True,2,UP,UP,UP,0.6,-1.6,0.5,-1.33,0.5,0.5,3,False,False,False,False,False,False,False,False,REVERSAL
2026-09-04T13:20:00Z,NATURALGAS,2026-09-04,TREND_UP,SHORT,bearish_rejection,280.2,281.0,280.2,280.3,0.8,0.1,0.125,0.7,0.0,7.0,2.0,0.881,0.83,0.1,1991.0,2.77,0.915,1.97,280.0,280.0,18913750.0,15360000.0,130000.0,133750.0,price_down_OI_up,133750.0,ABOVE_VA,above_VAH,3.05,0.05,4.05,2.1,5.1,0.4,1.2,E_open_space,,0.8,0.5,1.882,0.935,0.825,280.3,280.3,281.0,281.0,280.7,0.7,0.7,1.71,1.71,NA,NA,NA,False,True,2,UP,UP,DOWN,2.4,-1.3,3.43,-1.86,3.43,-1.0,12,True,True,True,False,False,False,False,False,CONTINUATION
2026-09-04T13:25:00Z,NATURALGAS,2026-09-04,TREND_UP,LONG,bullish_rejection,280.2,280.3,279.6,280.2,0.7,0.0,0.0,0.1,0.6,700000000.0,1.75,0.807,0.74,0.0,832.0,1.14,0.773,0.42,280.0,280.0,18971250.0,15385000.0,57500.0,25000.0,price_up_OI_up,57500.0,UPPER_VA,inside_value,2.95,-0.05,3.95,2.2,5.0,0.5,1.1,B_swept_returned,0.05,0.95,0.594,2.085,0.996,0.725,280.2,280.2,279.6,279.6,279.1,0.6,0.6,0.08,0.08,REJECTION,REJECTION,REJECTION,True,True,,UP,DOWN,DOWN,0.2,-1.4,0.33,-2.33,0.33,1.33,1,False,False,False,False,False,False,False,False,REVERSAL
2026-09-04T13:30:00Z,NATURALGAS,2026-09-04,TREND_UP,LONG,bullish_rejection,280.2,280.4,279.7,280.2,0.7,0.0,0.0,0.2,0.5,700000000.0,1.75,0.808,0.76,0.0,790.0,1.08,0.767,0.95,280.0,280.0,19041250.0,15473750.0,70000.0,88750.0,price_up_OI_up,70000.0,UPPER_VA,inside_value,2.95,-0.05,3.95,2.2,5.0,0.8,1.1,B_swept_returned,0.1,0.95,0.594,1.637,0.885,0.475,280.2,280.2,279.7,279.7,279.1,0.5,0.5,0.1,0.1,REJECTION,REJECTION,REJECTION,True,False,,DOWN,DOWN,UP,0.1,-1.4,0.2,-2.8,0.2,1.6,0,False,False,False,False,False,False,False,False,REVERSAL
2026-09-04T13:35:00Z,NATURALGAS,2026-09-04,TREND_UP,SHORT,bearish_expansion,280.2,280.3,278.8,278.9,1.5,1.3,0.867,0.1,0.1,0.15,3.75,0.967,1.55,1.34,1544.0,2.11,0.876,1.95,280.0,280.0,18967500.0,15521250.0,-73750.0,47500.0,price_down_OI_up,47500.0,UPPER_VA,inside_value,1.65,-1.35,2.65,3.5,3.7,2.1,-0.7,C_broke_accepted,0.7,0.95,0.594,1.599,0.889,0.475,278.9,,280.3,,281.0,1.4,,1.89,,ACCEPTANCE,MIXED,MIXED,False,True,2,DOWN,UP,UP,1.0,-2.7,0.71,-1.93,0.71,-1.5,9,False,False,False,False,False,False,False,False,REVERSAL
2026-09-04T13:40:00Z,NATURALGAS,2026-09-04,TREND_UP,SHORT,bearish_expansion,278.9,278.9,277.9,278.2,1.0,0.7,0.7,0.0,0.3,0.43,2.5,0.902,1.03,0.72,2718.0,3.68,0.959,1.76,280.0,280.0,18860000.0,15203750.0,-107500.0,-317500.0,price_down_OI_down,-317500.0,UPPER_VA,inside_value,0.95,-2.05,1.45,4.2,3.0,2.2,-1.4,B_swept_returned,0.6,1.1,0.687,1.673,1.011,0.55,278.2,,278.9,,280.4,0.7,,2.07,,REJECTION,REJECTION,REJECTION,True,False,,UP,UP,DOWN,0.0,-1.2,0.0,-1.71,0.0,-4.0,0,False,False,False,False,False,False,False,False,REVERSAL
2026-09-04T13:45:00Z,NATURALGAS,2026-09-04,TREND_UP,LONG,neutral,278.3,279.4,278.2,278.9,1.2,0.6,0.5,0.5,0.1,1.0,3.0,0.935,1.22,0.61,1036.0,1.37,0.813,0.38,280.0,280.0,18998750.0,14825000.0,138750.0,-378750.0,price_up_OI_up,138750.0,UPPER_VA,inside_value,1.65,-1.35,2.15,3.5,3.7,1.5,-0.7,D_failed_immediately,0.0,1.55,0.969,2.09,0.953,0.775,278.9,279.0,278.2,278.6,279.6,0.7,0.4,1.93,3.12,ACCEPTANCE,ACCEPTANCE,ACCEPTANCE,False,True,2,UP,DOWN,UP,3.0,-0.3,4.29,-0.43,4.29,3.0,,True,True,True,True,False,False,False,False,CONTINUATION
2026-09-04T14:00:00Z,NATURALGAS,2026-09-04,TREND_UP,LONG,bullish_expansion,278.8,279.7,278.8,279.7,0.9,0.9,1.0,0.0,0.0,0.0,2.25,0.881,0.98,0.98,753.0,1.0,0.746,3.67,280.0,280.0,19108750.0,14976250.0,25000.0,41250.0,price_up_OI_up,25000.0,UPPER_VA,inside_value,2.45,-0.55,2.95,2.7,4.5,-0.3,1.8,C_broke_accepted,0.3,1.2,0.969,1.594,1.025,0.775,279.7,,278.8,,277.9,0.9,,0.61,,REJECTION,REJECTION,MIXED,False,True,3,DOWN,UP,UP,2.2,-0.9,2.44,-1.0,2.44,1.44,28,True,True,False,False,False,False,False,False,CONTINUATION
2026-09-04T14:15:00Z,NATURALGAS,2026-09-04,TREND_UP,LONG,bullish_rejection,279.6,279.8,279.0,279.8,0.8,0.2,0.25,0.0,0.6,3.0,2.0,0.86,0.92,0.23,464.0,0.62,0.605,0.88,280.0,280.0,18983750.0,15056250.0,-142500.0,56250.0,price_up_OI_down,-142500.0,UPPER_VA,inside_value,2.55,-0.45,3.05,2.6,4.6,-0.4,1.2,C_broke_accepted,0.4,0.7,0.75,0.696,0.714,0.625,279.8,279.8,279.0,279.0,278.6,0.8,0.8,0.56,0.56,REJECTION,MIXED,MIXED,False,True,5,DOWN,UP,UP,2.1,-1.0,2.62,-1.25,2.62,1.5,25,True,True,False,False,False,False,False,False,CONTINUATION
2026-09-04T14:20:00Z,NATURALGAS,2026-09-04,TREND_UP,SHORT,neutral,279.9,280.1,279.4,279.8,0.7,0.1,0.143,0.2,0.4,6.0,1.75,0.792,0.82,0.12,675.0,0.91,0.738,1.45,280.0,280.0,18996250.0,15048750.0,12500.0,-7500.0,price_down_OI_down,-7500.0,UPPER_VA,inside_value,2.55,-0.45,3.05,2.6,4.6,0.2,1.2,E_open_space,,0.7,0.656,0.696,0.771,0.625,279.8,281.4,280.1,281.9,280.0,0.3,0.5,4.0,5.6,NA,NA,NA,True,False,,UP,UP,DOWN,0.0,-1.8,0.0,-6.0,0.0,-4.0,0,False,False,False,False,False,False,False,False,REVERSAL
2026-09-04T14:25:00Z,NATURALGAS,2026-09-04,TREND_UP,LONG,bullish_expansion,279.9,281.6,279.9,281.5,1.7,1.6,0.941,0.1,0.0,0.06,4.25,0.977,1.84,1.73,2566.0,3.45,0.947,3.8,280.0,280.0,18982500.0,15231250.0,-13750.0,182500.0,price_up_OI_down,-13750.0,ABOVE_VA,acceptance_outside_value,4.25,1.25,4.75,0.9,6.3,-1.5,2.5,C_broke_accepted,1.25,0.65,0.594,0.823,0.779,0.6,281.5,,279.9,,279.0,1.6,,0.56,,REJECTION,REJECTION,REJECTION,False,True,3,UP,DOWN,DOWN,0.4,-1.7,0.25,-1.06,0.25,-0.31,20,False,False,False,False,False,False,False,False,REVERSAL
2026-09-04T14:30:00Z,NATURALGAS,2026-09-04,TREND_UP,SHORT,bearish_rejection,281.4,281.9,281.2,281.4,0.7,0.0,0.0,0.5,0.2,700000000.0,1.56,0.773,0.77,0.0,2923.0,3.86,0.962,1.14,280.0,280.0,18201250.0,15620000.0,-781250.0,388750.0,price_down_OI_up,388750.0,ABOVE_VA,above_VAH,4.15,1.15,4.65,1.0,6.2,-1.4,2.4,E_open_space,,1.156,0.833,1.286,0.969,0.822,281.4,281.4,281.9,281.9,280.0,0.5,0.5,4.8,4.8,NA,NA,NA,False,True,4,DOWN,DOWN,UP,2.6,-0.4,5.2,-0.8,5.2,0.8,,True,True,True,True,True,False,False,False,CONTINUATION
2026-09-04T14:35:00Z,NATURALGAS,2026-09-04,TREND_UP,SHORT,bearish_rejection,281.3,281.7,280.9,281.0,0.8,0.3,0.375,0.4,0.1,1.67,1.6,0.857,0.89,0.33,1521.0,1.96,0.857,0.52,280.0,280.0,,,,,ambiguous,,ABOVE_VA,acceptance_outside_value,3.75,0.75,4.25,1.4,5.8,-1.0,2.0,C_broke_accepted,0.2,1.16,0.825,1.848,1.0,0.74,281.0,281.0,281.7,281.7,280.0,0.7,0.7,2.86,2.86,ACCEPTANCE,MIXED,MIXED,True,True,,DOWN,UP,DOWN,0.3,-0.8,0.43,-1.14,0.43,0.0,2,False,False,False,False,False,False,False,False,REVERSAL
2026-09-04T14:45:00Z,NATURALGAS,2026-09-04,TREND_UP,LONG,bullish_expansion,280.7,281.6,280.7,281.6,0.9,0.9,1.0,0.0,0.0,0.0,1.8,0.881,1.01,1.01,1105.0,1.42,0.807,1.29,280.0,280.0,17200000.0,15832500.0,-162500.0,-200000.0,price_up_OI_down,-162500.0,ABOVE_VA,acceptance_outside_value,4.35,1.35,4.85,0.8,6.4,0.3,2.6,C_broke_accepted,0.2,1.0,0.725,2.189,1.037,0.66,281.6,281.5,280.7,281.2,279.0,0.9,0.3,0.33,1.33,REJECTION,REJECTION,REJECTION,True,True,2,DOWN,UP,UP,0.2,-0.9,0.22,-1.0,0.22,-0.67,3,False,False,False,False,False,False,False,False,REVERSAL
2026-09-04T15:05:00Z,NATURALGAS,2026-09-04,TREND_UP,SHORT,neutral,281.5,281.6,280.7,281.1,0.9,0.4,0.444,0.1,0.4,1.25,1.8,0.885,1.11,0.49,1046.0,1.34,0.806,1.21,280.0,280.0,17205000.0,16372500.0,77500.0,185000.0,price_down_OI_up,185000.0,ABOVE_VA,acceptance_outside_value,3.85,0.85,4.35,1.3,5.9,0.7,-0.1,C_broke_accepted,0.1,0.44,0.5,1.118,0.741,0.58,281.1,,281.6,,281.8,0.5,,8.7,,ACCEPTANCE,ACCEPTANCE,MIXED,True,True,,DOWN,UP,UP,1.1,-0.6,2.2,-1.2,2.2,0.2,2,True,True,False,False,False,False,False,False,CONTINUATION
2026-09-04T15:10:00Z,NATURALGAS,2026-09-04,TREND_UP,SHORT,bearish_expansion,281.1,281.4,280.4,280.4,1.0,0.7,0.7,0.3,0.0,0.43,2.0,0.9,1.21,0.85,1216.0,1.55,0.836,1.16,280.0,280.0,16961250.0,16373750.0,-243750.0,1250.0,price_down_OI_up,1250.0,ABOVE_VA,acceptance_outside_value,3.15,0.15,3.65,2.0,5.2,1.3,-0.8,C_broke_accepted,0.3,0.44,0.3,1.164,0.778,0.5,280.4,,281.4,,281.7,1.0,,3.65,,REJECTION,REJECTION,REJECTION,True,True,,UP,UP,DOWN,0.4,-1.3,0.4,-1.3,0.4,-0.6,1,False,False,False,False,False,False,False,False,REVERSAL
2026-09-04T15:15:00Z,NATURALGAS,2026-09-04,TREND_UP,LONG,neutral,280.4,280.8,280.0,280.8,0.8,0.4,0.5,0.0,0.4,1.0,1.6,0.844,0.97,0.49,1117.0,1.42,0.809,0.92,280.0,280.0,16731250.0,16070000.0,-230000.0,-303750.0,price_up_OI_down,-230000.0,ABOVE_VA,acceptance_outside_value,3.55,0.55,4.05,1.6,5.6,0.9,-0.4,C_broke_accepted,0.55,0.56,0.35,1.188,0.803,0.4,280.8,,280.0,,281.2,0.8,,1.12,,ACCEPTANCE,ACCEPTANCE,ACCEPTANCE,False,True,3,UP,DOWN,DOWN,0.9,-0.8,1.12,-1.0,1.12,0.25,9,True,False,False,False,False,False,False,False,REVERSAL
2026-09-04T15:20:00Z,NATURALGAS,2026-09-04,TREND_UP,LONG,bullish_expansion,280.9,281.7,280.9,281.6,0.8,0.7,0.875,0.1,0.0,0.14,1.6,0.845,0.97,0.85,1176.0,1.49,0.831,1.05,280.0,280.0,16658750.0,15876250.0,-72500.0,-193750.0,price_up_OI_down,-72500.0,ABOVE_VA,above_VAH,4.35,1.35,4.85,0.8,6.4,0.1,0.4,E_open_space,0.1,0.68,0.45,1.248,0.871,0.38,281.6,281.0,280.9,280.5,281.2,0.7,0.5,0.14,1.4,REJECTION,REJECTION,REJECTION,True,False,,DOWN,DOWN,UP,0.0,-1.1,0.0,-1.57,0.0,-0.86,1,False,False,False,False,False,False,False,False,REVERSAL
2026-09-04T15:40:00Z,NATURALGAS,2026-09-04,TREND_UP,SHORT,bearish_expansion,281.4,281.4,280.5,280.6,0.9,0.8,0.889,0.0,0.1,0.13,1.8,0.87,1.13,1.0,744.0,0.94,0.692,0.95,280.0,280.0,16761250.0,16012500.0,212500.0,96250.0,price_down_OI_up,96250.0,UPPER_VA,inside_value,3.35,-0.15,3.85,1.8,5.4,1.1,0.1,E_open_space,0.1,0.68,0.425,1.105,0.827,0.36,280.6,,281.4,,281.7,0.8,,0.13,,REJECTION,REJECTION,MIXED,False,True,2,UP,DOWN,DOWN,1.8,-0.4,2.25,-0.5,2.25,-0.5,,True,True,False,False,False,False,False,False,CONTINUATION
2026-09-04T16:20:00Z,NATURALGAS,2026-09-04,TREND_UP,SHORT,bearish_expansion,280.3,280.3,279.3,279.3,1.0,1.0,1.0,0.0,0.0,0.0,2.0,0.909,1.42,1.42,1575.0,2.02,0.883,5.49,280.0,280.0,16147500.0,14946250.0,-71250.0,32500.0,price_down_OI_up,32500.0,UPPER_VA,inside_value,2.05,-1.45,2.55,3.1,4.1,1.2,-0.5,C_broke_accepted,0.5,0.44,0.4,0.7,0.683,0.36,279.3,,280.3,,280.5,1.0,,2.55,,REJECTION,REJECTION,MIXED,False,True,2,DOWN,DOWN,DOWN,0.5,-1.1,0.5,-1.1,0.5,-1.7,10,False,False,False,False,False,False,False,False,REVERSAL
2026-09-04T16:25:00Z,NATURALGAS,2026-09-04,TREND_UP,LONG,bullish_rejection,279.4,279.5,278.8,279.3,0.7,0.1,0.143,0.1,0.5,6.0,1.4,0.755,1.0,0.14,1596.0,2.04,0.884,1.01,280.0,280.0,16101250.0,14528750.0,-46250.0,-417500.0,price_up_OI_down,-46250.0,LOWER_VA,inside_value,-0.95,-2.45,1.55,3.1,4.1,1.2,-0.5,E_open_space,,0.52,0.425,1.018,0.826,0.46,279.3,279.3,278.8,278.8,279.8,0.5,0.5,2.4,2.4,NA,NA,NA,False,True,2,DOWN,DOWN,UP,1.7,-0.3,3.4,-0.6,3.4,3.4,,True,True,True,False,False,False,False,False,CONTINUATION
2026-09-04T17:05:00Z,NATURALGAS,2026-09-04,TREND_UP,LONG,bullish_expansion,279.4,280.0,279.2,280.0,0.8,0.6,0.75,0.0,0.2,0.33,1.6,0.853,1.28,0.96,379.0,0.49,0.442,0.77,280.0,280.0,16485000.0,12871250.0,182500.0,-268750.0,price_up_OI_up,182500.0,AT_POC,near_POC,-0.25,-1.75,2.25,2.4,4.8,-0.1,0.9,C_broke_accepted,0.1,0.36,0.275,0.604,0.77,0.34,280.0,,279.2,,279.1,0.8,,2.19,,REJECTION,REJECTION,MIXED,False,True,3,UP,DOWN,UP,1.0,-0.4,1.25,-0.5,1.25,1.25,,True,False,False,False,False,False,False,False,CHOP
2026-09-02T04:30:00Z,CRUDEOIL,2026-09-02,CHOP,SHORT,neutral,8600.0,8600.0,8581.0,8592.0,19.0,8.0,0.421,0.0,11.0,1.38,1.52,1.0,1.46,0.62,474.0,1.61,0.833,2.1,8600.0,8600.0,,,,,ambiguous,,NA,NA,,,,29.0,-3.0,29.0,-12.0,A_broke,3.0,0.416,0.26,0.513,0.815,0.208,8592.0,8593.0,8600.0,8601.0,8621.0,8.0,8.0,,,REJECTION,REJECTION,REJECTION,True,False,4,UP,DOWN,UP,1.0,-8.0,0.12,-1.0,0.12,-0.5,0,False,False,False,False,False,False,False,False,REVERSAL
2026-09-02T05:00:00Z,CRUDEOIL,2026-09-02,CHOP,LONG,bullish_expansion,8593.0,8610.0,8590.0,8606.0,20.0,13.0,0.65,4.0,3.0,0.54,1.9,1.0,1.68,1.09,91.0,0.38,0.167,2.76,8600.0,8600.0,,,,,ambiguous,,AT_POC,near_POC,-1.5,-11.5,3.5,15.0,25.0,-8.0,16.0,C_broke_accepted,8.0,0.248,0.345,0.27,0.638,0.381,8606.0,,8590.0,,8590.0,16.0,,0.72,,ACCEPTANCE,MIXED,MIXED,True,True,,UP,DOWN,DOWN,18.0,-16.0,1.12,-1.0,1.12,-0.62,2,True,False,False,False,False,False,False,False,REVERSAL
2026-09-02T05:05:00Z,CRUDEOIL,2026-09-02,CHOP,LONG,bullish_expansion,8602.0,8624.0,8602.0,8616.0,22.0,14.0,0.636,8.0,0.0,0.57,2.0,1.0,1.74,1.11,205.0,0.88,0.579,2.25,8600.0,8600.0,,,,,ambiguous,,UPPER_VA,inside_value,8.5,-1.5,13.5,5.0,35.0,-18.0,28.0,B_swept_returned,5.0,0.4,0.33,0.26,0.776,0.355,8616.0,,8602.0,,8588.0,14.0,,0.11,,REJECTION,REJECTION,REJECTION,True,False,,DOWN,DOWN,DOWN,4.0,-26.0,0.29,-1.86,0.29,-1.43,1,False,False,False,False,False,False,False,False,REVERSAL
2026-09-02T05:15:00Z,CRUDEOIL,2026-09-02,CHOP,SHORT,neutral,8610.0,8610.0,8590.0,8600.0,20.0,10.0,0.5,0.0,10.0,1.0,1.82,0.952,1.5,0.75,89.0,0.4,0.19,1.53,8600.0,8600.0,,,,,ambiguous,,BELOW_VA,acceptance_outside_value,-7.5,-17.5,-2.5,24.0,19.0,24.0,12.0,C_broke_accepted,2.5,0.655,0.409,0.385,1.037,0.391,8600.0,,8610.0,,8624.0,10.0,,1.2,,ACCEPTANCE,ACCEPTANCE,MIXED,True,True,,DOWN,UP,UP,14.0,-16.0,1.4,-1.6,1.4,0.4,3,True,False,False,False,False,False,False,False,REVERSAL
2026-09-02T06:10:00Z,CRUDEOIL,2026-09-02,CHOP,LONG,bullish_rejection,8613.0,8624.0,8603.0,8623.0,21.0,10.0,0.476,1.0,10.0,1.1,1.56,0.969,1.44,0.69,102.0,0.56,0.375,1.15,8600.0,8600.0,,,,,ambiguous,,ABOVE_VA,acceptance_outside_value,15.5,5.5,20.5,2.0,42.0,-5.0,18.0,C_broke_accepted,5.0,0.474,0.315,0.54,0.959,0.289,8623.0,8623.0,8603.0,8603.0,8605.0,20.0,20.0,0.1,0.1,REJECTION,REJECTION,MIXED,True,True,,DOWN,DOWN,UP,7.0,-23.0,0.35,-1.15,0.35,-1.35,2,False,False,False,False,False,False,False,False,REVERSAL
2026-09-02T06:25:00Z,CRUDEOIL,2026-09-02,CHOP,LONG,bullish_expansion,8612.0,8630.0,8600.0,8630.0,30.0,18.0,0.6,0.0,12.0,0.67,2.31,1.0,1.97,1.18,176.0,1.02,0.686,3.32,8650.0,8650.0,,,,,ambiguous,,ABOVE_VA,acceptance_outside_value,17.5,12.5,27.5,-5.0,49.0,-5.0,27.0,C_broke_accepted,5.0,0.338,0.308,0.54,0.959,0.246,8630.0,,8600.0,,8603.0,30.0,,,,REJECTION,REJECTION,REJECTION,True,True,,DOWN,DOWN,UP,5.0,-43.0,0.17,-1.43,0.17,-1.13,2,False,False,False,False,False,False,False,False,REVERSAL
2026-09-02T06:30:00Z,CRUDEOIL,2026-09-02,CHOP,SHORT,bearish_expansion,8633.0,8635.0,8610.0,8611.0,25.0,22.0,0.88,2.0,1.0,0.14,1.85,0.972,1.57,1.38,264.0,1.53,0.806,1.5,8600.0,8600.0,,,,,ambiguous,,AT_POC,near_POC,-1.5,-6.5,8.5,19.0,30.0,14.0,8.0,E_open_space,,0.444,0.278,0.569,1.131,0.274,8611.0,8601.0,8635.0,8625.0,8625.0,24.0,24.0,0.33,0.83,NA,NA,NA,False,True,4,DOWN,UP,UP,210.0,-14.0,8.75,-0.58,8.75,0.62,,True,True,True,True,True,True,True,False,CONTINUATION
2026-09-02T06:35:00Z,CRUDEOIL,2026-09-02,CHOP,SHORT,bearish_rejection,8613.0,8625.0,8601.0,8601.0,24.0,12.0,0.5,12.0,0.0,1.0,1.71,0.946,1.45,0.73,86.0,0.49,0.243,0.33,8600.0,8600.0,,,,,ambiguous,,BELOW_VA,acceptance_outside_value,-11.5,-16.5,-1.5,34.0,20.0,24.0,1.0,C_broke_accepted,1.5,0.5,0.312,0.761,1.188,0.3,8601.0,8601.0,8625.0,8625.0,8625.0,24.0,24.0,0.04,0.04,REJECTION,REJECTION,REJECTION,True,True,,UP,UP,UP,14.0,-24.0,0.58,-1.0,0.58,0.21,2,False,False,False,False,False,False,False,False,REVERSAL
2026-09-02T06:40:00Z,CRUDEOIL,2026-09-02,CHOP,LONG,bullish_rejection,8600.0,8613.0,8587.0,8610.0,26.0,10.0,0.385,3.0,13.0,1.6,1.79,0.974,1.51,0.58,267.0,1.55,0.816,3.1,8600.0,8600.0,,,,,ambiguous,,LOWER_VA,inside_value,-2.5,-7.5,7.5,25.0,29.0,25.0,10.0,E_open_space,,0.483,0.302,0.753,1.176,0.241,8610.0,8610.0,8587.0,8587.0,8600.0,23.0,23.0,0.33,0.33,NA,NA,NA,True,True,,UP,UP,DOWN,15.0,-29.0,0.65,-1.26,0.65,-0.61,3,False,False,False,False,False,False,False,False,REVERSAL
2026-09-02T06:55:00Z,CRUDEOIL,2026-09-02,CHOP,SHORT,bearish_expansion,8621.0,8621.0,8598.0,8602.0,23.0,19.0,0.826,0.0,4.0,0.21,1.53,0.902,1.34,1.11,107.0,0.62,0.463,0.82,8600.0,8600.0,,,,,ambiguous,,BELOW_VA,acceptance_outside_value,-10.5,-20.5,-0.5,33.0,21.0,33.0,15.0,C_broke_accepted,0.5,0.64,0.4,0.963,1.181,0.32,8602.0,,8621.0,,8635.0,19.0,,0.79,,ACCEPTANCE,ACCEPTANCE,ACCEPTANCE,False,True,5,DOWN,DOWN,UP,201.0,-18.0,10.58,-0.95,10.58,0.32,,True,True,True,True,True,True,True,True,CONTINUATION
2026-09-02T07:00:00Z,CRUDEOIL,2026-09-02,CHOP,SHORT,neutral,8601.0,8610.0,8581.0,8594.0,29.0,7.0,0.241,9.0,13.0,3.14,1.93,0.976,1.61,0.39,261.0,1.53,0.786,2.44,8600.0,8600.0,,,,,ambiguous,,BELOW_VA,below_VAL,-18.5,-28.5,-8.5,41.0,13.0,31.0,7.0,E_open_space,13.0,0.507,0.4,0.787,1.102,0.32,8594.0,,8610.0,,8625.0,16.0,,0.44,,ACCEPTANCE,ACCEPTANCE,ACCEPTANCE,False,True,4,DOWN,UP,UP,193.0,-19.0,12.06,-1.19,12.06,-0.12,115,True,True,True,True,True,True,True,True,CONTINUATION
2026-09-02T07:05:00Z,CRUDEOIL,2026-09-02,CHOP,SHORT,bearish_expansion,8597.0,8597.0,8547.0,8549.0,50.0,48.0,0.96,0.0,2.0,0.04,3.33,1.0,2.47,2.37,644.0,3.74,0.977,2.47,8550.0,8550.0,,,,,ambiguous,,BELOW_VA,acceptance_outside_value,-63.5,-73.5,-53.5,86.0,-32.0,76.0,-38.0,C_broke_accepted,32.0,0.587,0.45,0.98,1.027,0.36,8549.0,,8597.0,,8625.0,48.0,,,,REJECTION,REJECTION,REJECTION,False,True,3,UP,UP,DOWN,23.0,-50.0,0.48,-1.04,0.48,-0.98,26,False,False,False,False,False,False,False,False,REVERSAL
2026-09-02T07:10:00Z,CRUDEOIL,2026-09-02,CHOP,LONG,bullish_rejection,8549.0,8559.0,8541.0,8552.0,18.0,3.0,0.167,7.0,8.0,5.0,1.2,0.705,0.9,0.15,1039.0,5.68,1.0,1.61,8550.0,8550.0,,,,,ambiguous,,BELOW_VA,below_VAL,-60.5,-65.5,-45.5,83.0,5.0,73.0,-35.0,E_open_space,,1.04,0.733,1.335,1.274,0.587,8552.0,8552.0,8541.0,8541.0,8587.0,11.0,11.0,5.95,5.95,NA,NA,NA,False,True,3,UP,DOWN,UP,17.0,-26.0,1.55,-2.36,1.55,4.0,5,True,False,False,False,False,False,False,False,REVERSAL
2026-09-02T07:20:00Z,CRUDEOIL,2026-09-02,CHOP,SHORT,bearish_rejection,8558.0,8569.0,8543.0,8550.0,26.0,8.0,0.308,11.0,7.0,2.25,1.73,0.935,1.29,0.4,149.0,0.73,0.565,0.56,8550.0,8550.0,,,,,ambiguous,,BELOW_VA,below_VAL,-62.5,-72.5,-42.5,85.0,9.0,75.0,9.0,B_swept_returned,1.0,1.067,0.7,2.281,1.333,0.627,8550.0,8550.0,8569.0,8569.0,8625.0,19.0,19.0,0.47,0.47,REJECTION,MIXED,MIXED,False,True,2,UP,DOWN,UP,24.0,-22.0,1.26,-1.16,1.26,-2.42,10,True,False,False,False,False,False,False,False,REVERSAL
2026-09-02T07:30:00Z,CRUDEOIL,2026-09-02,CHOP,SHORT,bearish_expansion,8557.0,8558.0,8543.0,8546.0,15.0,11.0,0.733,1.0,3.0,0.36,1.0,0.562,0.77,0.56,410.0,2.05,0.896,4.23,8550.0,8550.0,,,,,ambiguous,,BELOW_VA,below_VAL,-66.5,-76.5,-46.5,89.0,5.0,23.0,5.0,A_broke,46.5,0.747,0.7,2.197,1.274,0.56,8546.0,,8558.0,,8569.0,12.0,,0.42,,REJECTION,MIXED,MIXED,True,True,,UP,DOWN,UP,20.0,-16.0,1.67,-1.33,1.67,-4.17,3,True,False,False,False,False,False,False,False,REVERSAL
2026-09-02T07:40:00Z,CRUDEOIL,2026-09-02,CHOP,LONG,bullish_rejection,8546.0,8546.0,8526.0,8539.0,20.0,7.0,0.35,0.0,13.0,1.86,1.33,0.8,1.04,0.36,464.0,2.29,0.9,3.62,8550.0,8550.0,,,,,ambiguous,,BELOW_VA,below_VAL,-73.5,-83.5,-48.5,96.0,-2.0,19.0,-3.0,E_open_space,,0.36,0.575,1.038,0.832,0.56,8539.0,8539.0,8526.0,8526.0,8542.0,13.0,13.0,1.46,1.46,NA,NA,NA,False,True,4,UP,DOWN,UP,69.0,-51.0,5.31,-3.92,5.31,4.38,41,True,True,True,True,True,False,False,False,CONTINUATION
2026-09-02T07:45:00Z,CRUDEOIL,2026-09-02,CHOP,LONG,neutral,8541.0,8557.0,8529.0,8555.0,28.0,14.0,0.5,2.0,12.0,1.0,1.87,0.941,1.41,0.7,212.0,1.02,0.686,0.46,8550.0,8550.0,,,,,ambiguous,,BELOW_VA,acceptance_outside_value,-57.5,-72.5,-27.5,80.0,29.0,3.0,13.0,C_broke_accepted,9.0,0.573,0.592,1.201,0.866,0.633,8555.0,,8529.0,,8542.0,26.0,,0.12,,REJECTION,MIXED,MIXED,False,True,3,DOWN,UP,DOWN,53.0,-67.0,2.04,-2.58,2.04,1.58,40,True,True,False,False,False,False,False,False,CONTINUATION
2026-09-02T08:15:00Z,CRUDEOIL,2026-09-02,CHOP,LONG,bullish_expansion,8545.0,8572.0,8539.0,8570.0,33.0,25.0,0.758,2.0,6.0,0.32,2.2,0.982,1.65,1.25,180.0,0.9,0.649,3.53,8550.0,8550.0,,,,,ambiguous,,LOWER_VA,inside_value,-42.5,-62.5,7.5,65.0,44.0,-7.0,36.0,C_broke_accepted,7.0,0.387,0.308,0.54,0.829,0.247,8570.0,,8539.0,,8534.0,31.0,,2.02,,ACCEPTANCE,MIXED,MIXED,False,True,3,UP,DOWN,DOWN,38.0,-82.0,1.23,-2.65,1.23,0.84,34,True,False,False,False,False,False,False,False,REVERSAL
2026-09-02T08:25:00Z,CRUDEOIL,2026-09-02,CHOP,SHORT,neutral,8578.0,8580.0,8546.0,8563.0,34.0,15.0,0.441,2.0,17.0,1.27,2.27,0.983,1.64,0.72,298.0,1.49,0.831,1.07,8550.0,8550.0,,,,,ambiguous,,LOWER_VA,inside_value,-49.5,-64.5,0.5,72.0,37.0,0.0,24.0,D_failed_immediately,0.5,0.653,0.45,0.774,0.993,0.38,8563.0,8549.0,8580.0,8560.0,8563.0,17.0,11.0,0.03,0.91,ACCEPTANCE,ACCEPTANCE,MIXED,True,True,,DOWN,DOWN,UP,19.0,-17.0,1.12,-1.0,1.12,-1.94,2,True,False,False,False,False,False,False,False,REVERSAL
2026-09-02T08:40:00Z,CRUDEOIL,2026-09-02,CHOP,LONG,bullish_expansion,8548.0,8580.0,8548.0,8574.0,32.0,26.0,0.812,6.0,0.0,0.23,2.06,0.952,1.52,1.23,107.0,0.54,0.403,2.74,8550.0,8550.0,,,,,ambiguous,,LOWER_VA,inside_value,-38.5,-48.5,16.5,61.0,48.0,9.0,30.0,A_broke,14.0,0.568,0.395,0.869,1.082,0.316,8574.0,,8548.0,,8544.0,26.0,,0.35,,REJECTION,MIXED,MIXED,False,True,3,UP,UP,DOWN,34.0,-26.0,1.31,-1.0,1.31,0.85,28,True,False,False,False,False,False,False,False,REVERSAL
2026-09-02T09:55:00Z,CRUDEOIL,2026-09-02,CHOP,LONG,bullish_expansion,8578.0,8590.0,8576.0,8590.0,14.0,12.0,0.857,0.0,2.0,0.17,0.88,0.39,0.78,0.67,279.0,1.55,0.844,3.58,8600.0,8600.0,532400.0,347700.0,6200.0,8300.0,price_up_OI_up,6200.0,LOWER_VA,inside_value,-22.5,-32.5,27.5,45.0,64.0,3.0,36.0,C_broke_accepted,13.0,0.487,0.422,0.597,0.863,0.344,8590.0,8597.0,8576.0,8584.0,8554.0,14.0,13.0,0.21,1.96,ACCEPTANCE,MIXED,MIXED,True,True,,UP,DOWN,DOWN,9.0,-30.0,0.64,-2.14,0.64,0.43,2,False,False,False,False,False,False,False,False,REVERSAL
2026-09-02T10:10:00Z,CRUDEOIL,2026-09-02,CHOP,SHORT,bearish_expansion,8591.0,8591.0,8560.0,8560.0,31.0,31.0,1.0,0.0,0.0,0.0,2.07,0.95,1.72,1.72,222.0,1.24,0.762,2.06,8550.0,8550.0,92500.0,104400.0,3200.0,5600.0,price_down_OI_up,5600.0,BELOW_VA,acceptance_outside_value,-52.5,-62.5,-2.5,75.0,34.0,33.0,6.0,C_broke_accepted,2.5,0.6,0.375,0.708,0.776,0.36,8560.0,,8591.0,,8593.0,31.0,,0.19,,REJECTION,REJECTION,REJECTION,False,True,,UP,UP,UP,10.0,-31.0,0.32,-1.0,0.32,-1.16,5,False,False,False,False,False,False,False,False,REVERSAL
2026-09-02T11:05:00Z,CRUDEOIL,2026-09-02,CHOP,SHORT,bearish_expansion,8573.0,8575.0,8548.0,8552.0,27.0,21.0,0.778,2.0,4.0,0.29,1.8,0.912,1.62,1.26,164.0,0.95,0.659,1.56,8550.0,8550.0,158200.0,207500.0,4800.0,9000.0,price_down_OI_up,9000.0,BELOW_VA,acceptance_outside_value,-60.5,-70.5,-10.5,83.0,26.0,39.0,-9.0,C_broke_accepted,9.0,0.4,0.258,0.608,0.878,0.273,8552.0,,8575.0,,8591.0,23.0,,1.13,,ACCEPTANCE,ACCEPTANCE,ACCEPTANCE,False,True,,DOWN,UP,DOWN,151.0,-30.0,6.57,-1.3,6.57,-1.91,48,True,True,True,True,True,True,False,False,CONTINUATION
2026-09-02T11:10:00Z,CRUDEOIL,2026-09-02,CHOP,SHORT,bearish_expansion,8553.0,8553.0,8488.0,8495.0,65.0,58.0,0.892,0.0,7.0,0.12,4.33,1.0,3.24,2.89,852.0,4.94,0.989,5.2,8500.0,8500.0,781300.0,749700.0,4000.0,-1500.0,price_down_OI_down,-1500.0,BELOW_VA,below_VAL,-117.5,-127.5,-67.5,140.0,-31.0,83.0,-66.0,A_broke,31.0,0.533,0.358,0.607,0.877,0.287,8495.0,8510.0,8553.0,8519.0,8578.0,58.0,9.0,,,REJECTION,REJECTION,REJECTION,False,True,,UP,DOWN,DOWN,94.0,-58.0,1.62,-1.0,1.62,-1.74,45,True,False,False,False,False,False,False,False,REVERSAL
2026-09-02T11:15:00Z,CRUDEOIL,2026-09-02,CHOP,LONG,bullish_expansion,8495.0,8524.0,8494.0,8515.0,30.0,20.0,0.667,9.0,1.0,0.5,2.0,0.935,1.44,0.96,749.0,4.17,0.968,0.88,8500.0,8500.0,786000.0,751500.0,4700.0,1800.0,price_up_OI_up,4700.0,BELOW_VA,below_VAL,-97.5,-107.5,-42.5,120.0,27.0,63.0,-46.0,E_open_space,,1.227,0.858,1.457,1.309,0.687,8515.0,,8494.0,,8561.0,21.0,,3.0,,NA,NA,NA,True,False,,DOWN,DOWN,DOWN,4.0,-29.0,0.19,-1.38,0.19,3.86,2,False,False,False,False,False,False,False,False,REVERSAL
2026-09-02T11:25:00Z,CRUDEOIL,2026-09-02,CHOP,SHORT,neutral,8509.0,8515.0,8495.0,8506.0,20.0,3.0,0.15,6.0,11.0,5.67,1.33,0.779,0.99,0.15,285.0,1.54,0.863,2.82,8500.0,8500.0,818700.0,795500.0,19300.0,25800.0,price_down_OI_up,25800.0,BELOW_VA,below_VAL,-106.5,-116.5,-51.5,129.0,18.0,72.0,18.0,D_failed_immediately,1.0,1.2,0.833,2.133,1.499,0.687,8506.0,,8515.0,,8578.0,9.0,,2.0,,ACCEPTANCE,ACCEPTANCE,ACCEPTANCE,False,True,3,DOWN,UP,UP,61.0,-17.0,6.78,-1.89,6.78,-10.0,16,True,True,True,True,True,True,False,False,CONTINUATION
2026-09-02T11:35:00Z,CRUDEOIL,2026-09-02,CHOP,LONG,bullish_rejection,8490.0,8495.0,8481.0,8493.0,14.0,3.0,0.214,2.0,9.0,3.67,0.93,0.412,0.7,0.15,365.0,1.96,0.897,1.41,8500.0,8500.0,849800.0,812100.0,,,ambiguous,,BELOW_VA,below_VAL,-119.5,-129.5,-59.5,142.0,7.0,85.0,5.0,E_open_space,,0.893,0.767,2.407,1.509,0.68,8493.0,8493.0,8481.0,8481.0,8488.0,12.0,12.0,7.08,7.08,NA,NA,NA,True,True,,UP,DOWN,DOWN,20.0,-36.0,1.67,-3.0,1.67,8.58,2,True,False,False,False,False,False,False,False,REVERSAL
2026-09-02T11:50:00Z,CRUDEOIL,2026-09-02,CHOP,SHORT,bearish_expansion,8496.0,8496.0,8457.0,8458.0,39.0,38.0,0.974,0.0,1.0,0.03,2.6,0.98,1.89,1.84,940.0,4.99,0.99,7.46,8450.0,8450.0,56000.0,170900.0,400.0,8400.0,price_down_OI_up,8400.0,BELOW_VA,acceptance_outside_value,-154.5,-164.5,-94.5,177.0,-23.0,55.0,-23.0,C_broke_accepted,23.0,0.453,0.6,1.359,0.832,0.647,8458.0,,8496.0,,8513.0,38.0,,,,ACCEPTANCE,MIXED,MIXED,True,True,2,DOWN,UP,DOWN,13.0,-40.0,0.34,-1.05,0.34,-3.63,4,False,False,False,False,False,False,False,False,REVERSAL
2026-09-02T11:55:00Z,CRUDEOIL,2026-09-02,CHOP,SHORT,neutral,8460.0,8466.0,8445.0,8453.0,21.0,7.0,0.333,6.0,8.0,2.0,1.4,0.792,1.02,0.34,759.0,3.88,0.97,0.81,8450.0,8450.0,57500.0,178700.0,1500.0,7800.0,price_down_OI_up,7800.0,BELOW_VA,below_VAL,-159.5,-169.5,-94.5,182.0,-4.0,60.0,-28.0,B_swept_returned,4.0,0.747,0.558,1.976,1.015,0.787,8453.0,,8466.0,,8513.0,13.0,,,,REJECTION,REJECTION,REJECTION,True,False,,UP,DOWN,UP,6.0,-21.0,0.46,-1.62,0.46,-11.0,0,False,False,False,False,False,False,False,False,REVERSAL
2026-09-02T12:00:00Z,CRUDEOIL,2026-09-02,CHOP,LONG,neutral,8455.0,8474.0,8447.0,8462.0,27.0,7.0,0.259,12.0,8.0,2.86,1.8,0.892,1.28,0.33,324.0,1.61,0.873,0.43,8450.0,8450.0,66600.0,182500.0,9100.0,3800.0,price_up_OI_up,9100.0,BELOW_VA,below_VAL,-150.5,-160.5,-85.5,173.0,17.0,51.0,-19.0,B_swept_returned,4.0,0.907,0.617,2.418,0.993,0.72,8462.0,,8447.0,,8481.0,15.0,,3.4,,REJECTION,MIXED,MIXED,False,True,,DOWN,UP,UP,61.0,-27.0,4.07,-1.8,4.07,8.93,16,True,True,True,True,False,False,False,False,CONTINUATION
2026-09-02T12:05:00Z,CRUDEOIL,2026-09-02,CHOP,SHORT,neutral,8460.0,8468.0,8448.0,8459.0,20.0,1.0,0.05,8.0,11.0,19.0,1.33,0.757,0.95,0.05,438.0,2.16,0.903,1.35,8450.0,8450.0,73600.0,186800.0,7000.0,4300.0,price_down_OI_up,4300.0,BELOW_VA,below_VAL,-153.5,-163.5,-83.5,176.0,14.0,54.0,14.0,A_broke,83.5,0.907,0.583,2.364,1.121,0.527,8459.0,,8468.0,,8513.0,9.0,,1.56,,REJECTION,REJECTION,REJECTION,True,False,,UP,UP,DOWN,4.0,-18.0,0.44,-2.0,0.44,-15.22,0,False,False,False,False,False,False,False,False,REVERSAL
2026-09-02T12:15:00Z,CRUDEOIL,2026-09-02,CHOP,LONG,bullish_expansion,8475.0,8498.0,8473.0,8495.0,25.0,20.0,0.8,3.0,2.0,0.25,1.56,0.857,1.15,0.92,267.0,1.31,0.781,1.62,8500.0,8500.0,933100.0,779200.0,5800.0,8400.0,price_up_OI_up,5800.0,BELOW_VA,below_VAL,-117.5,-127.5,-47.5,140.0,50.0,-21.0,50.0,A_broke,18.0,0.637,0.531,2.569,1.19,0.438,8495.0,8491.0,8473.0,8475.0,8445.0,22.0,16.0,5.8,8.22,REJECTION,MIXED,MIXED,False,True,4,DOWN,UP,DOWN,28.0,-26.0,1.27,-1.18,1.27,4.59,8,True,False,False,False,False,False,False,False,REVERSAL
2026-09-02T12:50:00Z,CRUDEOIL,2026-09-02,CHOP,LONG,bullish_expansion,8504.0,8523.0,8504.0,8518.0,19.0,14.0,0.737,5.0,0.0,0.36,1.19,0.661,0.96,0.71,354.0,1.72,0.875,1.32,8500.0,8500.0,1016700.0,865400.0,20900.0,4800.0,price_up_OI_up,20900.0,LOWER_VA,inside_value,-94.5,-104.5,0.5,117.0,73.0,-9.0,36.0,A_broke,9.0,0.338,0.422,1.031,0.797,0.388,8518.0,,8504.0,,8482.0,14.0,,7.46,,REJECTION,REJECTION,REJECTION,True,False,,DOWN,DOWN,DOWN,5.0,-49.0,0.36,-3.5,0.36,5.57,1,False,False,False,False,False,False,False,False,REVERSAL
2026-09-02T13:00:00Z,CRUDEOIL,2026-09-02,CHOP,SHORT,neutral,8515.0,8516.0,8469.0,8491.0,47.0,24.0,0.511,1.0,22.0,0.96,2.94,0.982,2.22,1.13,693.0,3.35,0.947,5.87,8500.0,8500.0,1023000.0,883700.0,7200.0,22900.0,price_down_OI_up,22900.0,BELOW_VA,below_VAL,-121.5,-131.5,-26.5,144.0,46.0,32.0,9.0,B_swept_returned,9.0,0.512,0.375,1.087,0.746,0.425,8491.0,,8516.0,,8523.0,25.0,,0.36,,ACCEPTANCE,ACCEPTANCE,ACCEPTANCE,False,True,3,DOWN,DOWN,DOWN,90.0,-37.0,3.6,-1.48,3.6,-4.2,20,True,True,True,False,False,False,False,False,CONTINUATION
2026-09-02T13:15:00Z,CRUDEOIL,2026-09-02,CHOP,SHORT,bearish_rejection,8486.0,8497.0,8473.0,8479.0,24.0,7.0,0.292,11.0,6.0,2.43,1.5,0.846,1.15,0.34,119.0,0.56,0.427,0.88,8500.0,8500.0,1016600.0,860800.0,1800.0,-41700.0,price_down_OI_down,-41700.0,BELOW_VA,acceptance_outside_value,-133.5,-143.5,-28.5,156.0,34.0,44.0,10.0,C_broke_accepted,28.5,0.675,0.422,1.483,1.058,0.338,8479.0,8479.0,8497.0,8497.0,8523.0,18.0,18.0,0.56,0.56,ACCEPTANCE,ACCEPTANCE,ACCEPTANCE,False,True,3,DOWN,UP,DOWN,78.0,-34.0,4.33,-1.89,4.33,-6.5,14,True,True,True,True,False,False,False,False,CONTINUATION
2026-09-02T13:20:00Z,CRUDEOIL,2026-09-02,CHOP,SHORT,bearish_expansion,8476.0,8483.0,8455.0,8455.0,28.0,21.0,0.75,7.0,0.0,0.33,1.75,0.907,1.31,0.99,211.0,1.01,0.669,1.77,8450.0,8450.0,90800.0,222300.0,2500.0,-2500.0,price_down_OI_down,-2500.0,BELOW_VA,acceptance_outside_value,-157.5,-167.5,-52.5,180.0,10.0,68.0,-17.0,C_broke_accepted,17.0,0.675,0.422,1.265,1.079,0.338,8455.0,8448.0,8483.0,8472.0,8523.0,28.0,24.0,0.36,0.12,REJECTION,MIXED,MIXED,False,True,2,UP,DOWN,UP,54.0,-37.0,1.93,-1.32,1.93,-5.04,12,True,False,False,False,False,False,False,False,REVERSAL
2026-09-02T13:25:00Z,CRUDEOIL,2026-09-02,CHOP,LONG,bullish_rejection,8455.0,8462.0,8435.0,8455.0,27.0,0.0,0.0,7.0,20.0,27000000000.0,1.69,0.891,1.24,0.0,699.0,3.33,0.95,3.31,8450.0,8450.0,89000.0,218900.0,-1800.0,-3400.0,price_up_OI_down,-1800.0,BELOW_VA,below_VAL,-157.5,-167.5,-52.5,180.0,10.0,42.0,-17.0,E_open_space,,0.762,0.531,1.353,1.216,0.425,8455.0,8455.0,8435.0,8435.0,8472.0,20.0,20.0,2.1,2.1,NA,NA,NA,True,True,,DOWN,UP,DOWN,17.0,-23.0,0.85,-1.15,0.85,7.05,2,False,False,False,False,False,False,False,False,REVERSAL
2026-09-02T13:30:00Z,CRUDEOIL,2026-09-02,CHOP,SHORT,bearish_rejection,8456.0,8472.0,8443.0,8448.0,29.0,8.0,0.276,16.0,5.0,2.62,1.81,0.917,1.3,0.36,317.0,1.48,0.833,0.45,8450.0,8450.0,106900.0,199200.0,17900.0,-19700.0,price_down_OI_down,-19700.0,BELOW_VA,below_VAL,-164.5,-174.5,-54.5,187.0,13.0,49.0,-24.0,A_broke,24.0,0.775,0.688,1.333,1.007,0.55,8448.0,8448.0,8472.0,8472.0,8497.0,24.0,24.0,0.54,0.54,REJECTION,MIXED,MIXED,False,True,3,UP,DOWN,UP,47.0,-33.0,1.96,-1.38,1.96,-6.17,9,True,False,False,False,False,False,False,False,REVERSAL
2026-09-02T13:40:00Z,CRUDEOIL,2026-09-02,CHOP,LONG,bullish_rejection,8452.0,8455.0,8432.0,8447.0,23.0,5.0,0.217,3.0,15.0,3.6,1.44,0.811,1.05,0.23,410.0,1.91,0.893,1.63,8450.0,8450.0,120100.0,213100.0,7400.0,-1000.0,price_up_OI_up,7400.0,BELOW_VA,below_VAL,-165.5,-175.5,-55.5,188.0,12.0,25.0,12.0,E_open_space,,0.775,0.633,1.485,1.128,0.55,8447.0,8447.0,8432.0,8432.0,8435.0,15.0,15.0,1.67,1.67,NA,NA,NA,True,True,,UP,DOWN,DOWN,23.0,-42.0,1.53,-2.8,1.53,9.93,2,True,False,False,False,False,False,False,False,REVERSAL
2026-09-02T13:45:00Z,CRUDEOIL,2026-09-02,CHOP,LONG,bullish_expansion,8446.0,8470.0,8445.0,8467.0,25.0,21.0,0.84,3.0,1.0,0.19,1.56,0.846,1.13,0.95,274.0,1.26,0.764,0.67,8450.0,8450.0,127000.0,216100.0,6900.0,3000.0,price_up_OI_up,6900.0,BELOW_VA,below_VAL,-145.5,-155.5,-30.5,168.0,35.0,5.0,32.0,B_swept_returned,12.0,0.637,0.508,1.743,1.107,0.569,8467.0,,8445.0,,8435.0,22.0,,0.23,,REJECTION,REJECTION,REJECTION,True,False,,DOWN,DOWN,UP,3.0,-62.0,0.14,-2.82,0.14,5.86,1,False,False,False,False,False,False,False,False,REVERSAL
2026-09-02T13:50:00Z,CRUDEOIL,2026-09-02,CHOP,SHORT,bearish_expansion,8464.0,8470.0,8446.0,8450.0,24.0,14.0,0.583,6.0,4.0,0.71,1.5,0.823,1.08,0.63,210.0,0.97,0.637,0.77,8450.0,8450.0,124600.0,213700.0,-2400.0,-2400.0,price_down_OI_down,-2400.0,BELOW_VA,acceptance_outside_value,-162.5,-172.5,-47.5,185.0,18.0,22.0,18.0,C_broke_accepted,47.5,0.5,0.508,1.797,1.073,0.525,8450.0,,8470.0,,8472.0,20.0,,0.9,,ACCEPTANCE,ACCEPTANCE,MIXED,False,True,4,DOWN,UP,UP,49.0,-31.0,2.45,-1.55,2.45,-7.3,5,True,True,False,False,False,False,False,False,CONTINUATION
2026-09-02T13:55:00Z,CRUDEOIL,2026-09-02,CHOP,SHORT,bearish_expansion,8450.0,8452.0,8405.0,8407.0,47.0,43.0,0.915,2.0,2.0,0.09,2.94,0.984,1.96,1.8,778.0,3.58,0.976,3.7,8400.0,8400.0,263800.0,546200.0,1900.0,11200.0,price_down_OI_up,11200.0,BELOW_VA,acceptance_outside_value,-205.5,-215.5,-90.5,228.0,-25.0,63.0,-25.0,C_broke_accepted,25.0,0.5,0.508,1.347,0.969,0.406,8407.0,,8452.0,,8470.0,45.0,,,,REJECTION,REJECTION,REJECTION,True,True,,UP,UP,DOWN,6.0,-55.0,0.13,-1.22,0.13,-4.2,1,False,False,False,False,False,False,False,False,REVERSAL
2026-09-02T14:00:00Z,CRUDEOIL,2026-09-02,CHOP,LONG,neutral,8407.0,8426.0,8401.0,8417.0,25.0,10.0,0.4,9.0,6.0,1.5,1.56,0.841,1.04,0.42,1528.0,6.9,1.0,1.96,8400.0,8400.0,275000.0,548400.0,11200.0,2200.0,price_up_OI_up,11200.0,BELOW_VA,below_VAL,-195.5,-205.5,-80.5,218.0,12.0,53.0,-15.0,E_open_space,,0.812,0.609,1.736,1.116,0.575,8417.0,,8401.0,,8432.0,16.0,,3.31,,NA,NA,NA,False,True,4,UP,DOWN,DOWN,203.0,0.0,12.69,0.0,12.69,11.19,,True,True,True,True,True,True,True,True,CONTINUATION
2026-09-02T14:05:00Z,CRUDEOIL,2026-09-02,CHOP,LONG,bullish_expansion,8417.0,8462.0,8417.0,8462.0,45.0,45.0,1.0,0.0,0.0,0.0,2.81,0.969,1.76,1.76,749.0,3.23,0.945,0.49,8450.0,8450.0,151800.0,203800.0,4000.0,-8300.0,price_up_OI_up,4000.0,BELOW_VA,acceptance_outside_value,-150.5,-160.5,-25.5,173.0,61.0,8.0,30.0,C_broke_accepted,36.0,0.863,0.555,2.761,1.128,0.6,8462.0,,8417.0,,8432.0,45.0,,0.18,,REJECTION,REJECTION,MIXED,False,True,3,DOWN,DOWN,UP,158.0,-19.0,3.51,-0.42,3.51,2.98,,True,True,True,False,False,False,False,False,CONTINUATION
2026-09-02T14:10:00Z,CRUDEOIL,2026-09-02,CHOP,SHORT,neutral,8459.0,8469.0,8444.0,8458.0,25.0,1.0,0.04,10.0,14.0,24.0,1.56,0.836,0.98,0.04,841.0,3.57,0.969,1.12,8450.0,8450.0,156200.0,206700.0,4400.0,2900.0,price_down_OI_up,2900.0,BELOW_VA,below_VAL,-154.5,-164.5,-29.5,177.0,57.0,12.0,57.0,A_broke,29.5,0.863,0.555,3.001,1.303,0.512,8458.0,,8469.0,,8470.0,11.0,,5.18,,ACCEPTANCE,MIXED,MIXED,True,True,,DOWN,UP,UP,15.0,-23.0,1.36,-2.09,1.36,-12.55,1,True,False,False,False,False,False,False,False,REVERSAL
2026-09-02T14:20:00Z,CRUDEOIL,2026-09-02,CHOP,LONG,bullish_expansion,8449.0,8481.0,8443.0,8478.0,38.0,29.0,0.763,3.0,6.0,0.31,2.3,0.954,1.47,1.12,347.0,1.45,0.831,1.9,8500.0,8500.0,1076800.0,797200.0,3900.0,-3800.0,price_up_OI_up,3900.0,LOWER_VA,inside_value,-134.5,-144.5,0.5,157.0,77.0,-9.0,77.0,C_broke_accepted,9.0,0.824,0.523,3.398,1.232,0.43,8478.0,,8443.0,,8401.0,35.0,,4.13,,ACCEPTANCE,ACCEPTANCE,ACCEPTANCE,False,True,,UP,UP,UP,142.0,-3.0,4.06,-0.09,4.06,3.37,,True,True,True,True,False,False,False,False,CONTINUATION
2026-09-02T14:25:00Z,CRUDEOIL,2026-09-02,CHOP,LONG,bullish_expansion,8477.0,8492.0,8475.0,8491.0,17.0,14.0,0.824,1.0,2.0,0.21,1.0,0.557,0.67,0.56,609.0,2.53,0.901,1.76,8500.0,8500.0,1071400.0,799700.0,-5400.0,2500.0,price_up_OI_down,-5400.0,LOWER_VA,inside_value,-121.5,-131.5,13.5,144.0,90.0,-22.0,90.0,C_broke_accepted,10.0,0.941,0.588,3.028,1.191,0.471,8491.0,8507.0,8475.0,8492.0,8401.0,16.0,15.0,8.22,7.7,ACCEPTANCE,ACCEPTANCE,ACCEPTANCE,False,True,,UP,UP,DOWN,129.0,-7.0,8.06,-0.44,8.06,6.56,,True,True,True,True,True,True,True,False,CONTINUATION
2026-09-02T14:30:00Z,CRUDEOIL,2026-09-02,CHOP,LONG,neutral,8493.0,8513.0,8484.0,8506.0,29.0,13.0,0.448,7.0,9.0,1.23,1.71,0.902,1.14,0.51,790.0,3.24,0.962,1.3,8500.0,8500.0,1059000.0,825000.0,-12400.0,25300.0,price_up_OI_down,-12400.0,LOWER_VA,inside_value,-106.5,-116.5,28.5,129.0,105.0,-37.0,63.0,A_broke,14.0,0.882,0.669,2.239,1.115,0.535,8506.0,8507.0,8484.0,8492.0,8443.0,22.0,15.0,5.3,7.7,ACCEPTANCE,MIXED,MIXED,False,True,5,UP,DOWN,UP,114.0,-14.0,5.18,-0.64,5.18,4.09,,True,True,True,True,True,False,False,False,CONTINUATION
2026-09-02T14:45:00Z,CRUDEOIL,2026-09-02,CHOP,LONG,bullish_expansion,8506.0,8528.0,8505.0,8524.0,23.0,18.0,0.783,4.0,1.0,0.28,1.35,0.77,0.96,0.75,663.0,2.68,0.904,4.51,8500.0,8500.0,1076500.0,884000.0,3700.0,3400.0,price_up_OI_up,3700.0,LOWER_VA,inside_value,-88.5,-98.5,41.5,111.0,123.0,-11.0,81.0,C_broke_accepted,11.0,0.824,0.706,1.793,0.938,0.659,8524.0,,8505.0,,8443.0,19.0,,5.18,,ACCEPTANCE,ACCEPTANCE,ACCEPTANCE,False,True,2,UP,UP,DOWN,96.0,-1.0,5.05,-0.05,5.05,3.79,,True,True,True,True,True,False,False,False,CONTINUATION
2026-09-02T14:50:00Z,CRUDEOIL,2026-09-02,CHOP,SHORT,bearish_rejection,8527.0,8548.0,8527.0,8532.0,21.0,5.0,0.238,16.0,0.0,3.2,1.24,0.706,0.88,0.21,751.0,3.0,0.934,1.13,8550.0,8550.0,194200.0,124700.0,-3400.0,900.0,price_down_OI_up,900.0,LOWER_VA,inside_value,-80.5,-90.5,49.5,103.0,131.0,-19.0,89.0,E_open_space,,0.624,0.625,2.024,0.812,0.747,8532.0,8532.0,8548.0,8548.0,8513.0,16.0,16.0,3.09,3.09,NA,NA,NA,True,True,,UP,DOWN,UP,9.0,-18.0,0.56,-1.12,0.56,-4.0,0,False,False,False,False,False,False,False,False,REVERSAL
2026-09-02T14:55:00Z,CRUDEOIL,2026-09-02,CHOP,LONG,bullish_expansion,8534.0,8550.0,8523.0,8550.0,27.0,16.0,0.593,0.0,11.0,0.69,1.59,0.869,1.12,0.66,371.0,1.46,0.825,0.49,8550.0,8550.0,200000.0,131000.0,5800.0,6300.0,price_up_OI_up,5800.0,LOWER_VA,inside_value,-62.5,-72.5,67.5,85.0,149.0,-37.0,107.0,C_broke_accepted,2.0,0.753,0.772,2.106,0.838,0.771,8550.0,,8523.0,,8443.0,27.0,,2.69,,REJECTION,MIXED,MIXED,False,True,2,DOWN,UP,DOWN,70.0,-17.0,2.59,-0.63,2.59,1.7,,True,True,False,False,False,False,False,False,CONTINUATION
2026-09-02T15:00:00Z,CRUDEOIL,2026-09-02,CHOP,SHORT,neutral,8552.0,8553.0,8538.0,8545.0,15.0,7.0,0.467,1.0,7.0,1.14,0.88,0.428,0.64,0.3,431.0,1.69,0.848,1.16,8550.0,8550.0,205700.0,140100.0,5700.0,9100.0,price_down_OI_up,9100.0,LOWER_VA,inside_value,-67.5,-77.5,62.5,90.0,144.0,-32.0,102.0,E_open_space,,0.682,0.787,1.771,0.844,0.629,8545.0,8565.0,8553.0,8582.0,8513.0,8.0,17.0,7.81,4.85,NA,NA,NA,True,True,,UP,DOWN,DOWN,12.0,-24.0,1.5,-3.0,1.5,-6.38,0,True,False,False,False,False,False,False,False,REVERSAL
2026-09-02T15:05:00Z,CRUDEOIL,2026-09-02,CHOP,LONG,bullish_expansion,8545.0,8569.0,8533.0,8568.0,36.0,23.0,0.639,1.0,12.0,0.57,2.12,0.95,1.48,0.94,458.0,1.79,0.856,1.06,8550.0,8550.0,207100.0,151900.0,1400.0,11800.0,price_up_OI_up,1400.0,LOWER_VA,inside_value,-44.5,-54.5,85.5,67.0,167.0,-55.0,45.0,C_broke_accepted,15.0,0.671,0.574,1.843,0.813,0.647,8568.0,8565.0,8533.0,8557.0,8523.0,35.0,8.0,1.56,7.19,REJECTION,REJECTION,REJECTION,False,True,2,DOWN,DOWN,DOWN,52.0,-19.0,1.49,-0.54,1.49,0.8,,True,False,False,False,False,False,False,False,CHOP
2026-09-02T15:10:00Z,CRUDEOIL,2026-09-02,CHOP,SHORT,bearish_rejection,8566.0,8582.0,8557.0,8565.0,25.0,1.0,0.04,16.0,8.0,24.0,1.47,0.821,1.02,0.04,764.0,2.96,0.95,1.67,8550.0,8550.0,207600.0,164800.0,500.0,12900.0,price_down_OI_up,12900.0,LOWER_VA,inside_value,-47.5,-57.5,77.5,70.0,164.0,-52.0,42.0,E_open_space,,0.753,0.625,2.073,1.0,0.741,8565.0,8565.0,8582.0,8582.0,8513.0,17.0,17.0,2.47,2.47,NA,NA,NA,False,True,2,DOWN,DOWN,DOWN,16.0,-22.0,0.94,-1.29,0.94,-1.82,6,False,False,False,False,False,False,False,False,REVERSAL
2026-09-02T15:20:00Z,CRUDEOIL,2026-09-02,CHOP,SHORT,bearish_rejection,8563.0,8580.0,8557.0,8562.0,23.0,1.0,0.043,17.0,5.0,22.0,1.35,0.761,0.98,0.04,415.0,1.59,0.831,1.67,8550.0,8550.0,204800.0,182100.0,-4200.0,12000.0,price_down_OI_up,12000.0,LOWER_VA,inside_value,-50.5,-60.5,74.5,73.0,161.0,20.0,29.0,E_open_space,5.0,0.694,0.632,1.738,0.985,0.576,8562.0,8562.0,8580.0,8580.0,8582.0,18.0,18.0,1.61,1.61,ACCEPTANCE,MIXED,MIXED,True,True,3,DOWN,UP,DOWN,13.0,-25.0,0.72,-1.39,0.72,-1.89,4,False,False,False,False,False,False,False,False,REVERSAL
2026-09-02T15:30:00Z,CRUDEOIL,2026-09-02,CHOP,LONG,bullish_expansion,8554.0,8578.0,8551.0,8575.0,27.0,21.0,0.778,3.0,3.0,0.29,1.59,0.868,1.16,0.9,313.0,1.19,0.736,0.9,8550.0,8550.0,203100.0,197500.0,-8200.0,7100.0,price_up_OI_down,-8200.0,UPPER_VA,inside_value,27.5,-47.5,87.5,60.0,174.0,5.0,18.0,C_broke_accepted,10.0,0.576,0.434,1.696,0.97,0.506,8575.0,,8551.0,,8557.0,24.0,,0.21,,REJECTION,MIXED,MIXED,False,True,2,DOWN,UP,DOWN,12.0,-24.0,0.5,-1.0,0.5,0.88,5,False,False,False,False,False,False,False,False,REVERSAL
2026-09-02T15:35:00Z,CRUDEOIL,2026-09-02,CHOP,SHORT,bearish_expansion,8577.0,8579.0,8556.0,8558.0,23.0,19.0,0.826,2.0,2.0,0.21,1.35,0.759,0.99,0.82,581.0,2.21,0.876,1.86,8550.0,8550.0,199500.0,205400.0,-3600.0,7900.0,price_down_OI_up,7900.0,AT_POC,near_POC,10.5,-64.5,70.5,77.0,157.0,22.0,9.0,E_open_space,,0.388,0.434,1.584,0.894,0.453,8558.0,,8579.0,,8580.0,21.0,,0.43,,NA,NA,NA,True,True,,UP,DOWN,DOWN,3.0,-29.0,0.14,-1.38,0.14,-1.81,1,False,False,False,False,False,False,False,False,REVERSAL
2026-09-02T15:55:00Z,CRUDEOIL,2026-09-02,CHOP,SHORT,bearish_expansion,8572.0,8581.0,8554.0,8556.0,27.0,16.0,0.593,9.0,2.0,0.69,1.59,0.872,1.16,0.69,260.0,0.98,0.617,1.03,8550.0,8550.0,203200.0,245800.0,7600.0,9200.0,price_down_OI_up,9200.0,AT_POC,near_POC,-1.5,-66.5,63.5,79.0,155.0,31.0,1.0,B_swept_returned,1.0,0.424,0.279,1.352,0.983,0.318,8556.0,,8581.0,,8587.0,25.0,,0.04,,REJECTION,REJECTION,REJECTION,True,True,,UP,UP,DOWN,5.0,-25.0,0.2,-1.0,0.2,-1.6,1,False,False,False,False,False,False,False,False,REVERSAL
2026-09-02T16:40:00Z,CRUDEOIL,2026-09-02,CHOP,LONG,bullish_expansion,8592.0,8613.0,8592.0,8610.0,21.0,18.0,0.857,3.0,0.0,0.17,1.24,0.677,1.0,0.86,637.0,2.44,0.892,3.12,8600.0,8600.0,783000.0,565400.0,3000.0,-1600.0,price_up_OI_up,3000.0,UPPER_VA,inside_value,52.5,-12.5,117.5,25.0,209.0,-22.0,47.0,A_broke,17.0,0.388,0.309,0.603,0.859,0.247,8610.0,,8592.0,,8563.0,18.0,,0.69,,REJECTION,REJECTION,REJECTION,True,False,,DOWN,DOWN,DOWN,0.0,-25.0,0.0,-1.39,0.0,-0.78,1,False,False,False,False,False,False,False,False,REVERSAL
2026-09-02T17:30:00Z,CRUDEOIL,2026-09-02,CHOP,LONG,bullish_expansion,8597.0,8611.0,8595.0,8608.0,16.0,11.0,0.688,3.0,2.0,0.45,0.94,0.476,0.87,0.6,399.0,1.52,0.821,1.77,8600.0,8600.0,732900.0,609300.0,-15400.0,2900.0,price_up_OI_down,-15400.0,AT_POC,near_POC,5.5,-14.5,110.5,27.0,207.0,2.0,15.0,D_failed_immediately,2.0,0.271,0.309,0.894,0.857,0.265,8608.0,,8595.0,,8593.0,13.0,,0.15,,ACCEPTANCE,ACCEPTANCE,MIXED,True,True,,UP,UP,DOWN,12.0,-18.0,0.92,-1.38,0.92,-0.92,2,False,False,False,False,False,False,False,False,REVERSAL
2026-09-02T17:45:00Z,CRUDEOIL,2026-09-02,CHOP,SHORT,bearish_expansion,8615.0,8615.0,8590.0,8595.0,25.0,20.0,0.8,0.0,5.0,0.25,1.47,0.842,1.39,1.11,549.0,2.08,0.883,1.95,8600.0,8600.0,670100.0,588700.0,-35400.0,-3800.0,price_down_OI_down,-3800.0,AT_POC,near_POC,-12.5,-27.5,97.5,40.0,194.0,15.0,0.0,B_swept_returned,0.0,0.318,0.243,1.047,0.713,0.306,8595.0,,8615.0,,8610.0,20.0,,4.88,,REJECTION,REJECTION,REJECTION,False,True,,DOWN,,,6.0,-8.0,0.3,-0.4,0.3,-0.05,,False,False,False,False,False,False,False,False,CHOP
2026-09-03T03:55:00Z,CRUDEOIL,2026-09-03,CHOP,LONG,bullish_expansion,8571.0,8583.0,8568.0,8581.0,15.0,10.0,0.667,2.0,3.0,0.5,2.5,,0.82,0.55,97.0,0.38,,0.39,8600.0,8600.0,600800.0,541400.0,12400.0,10900.0,price_up_OI_up,12400.0,NA,NA,,,,54.0,16.0,,8.0,B_swept_returned,5.0,2.333,,1.0,1.036,,8581.0,,8568.0,,8573.0,13.0,,4.15,,REJECTION,REJECTION,REJECTION,True,False,,DOWN,UP,DOWN,1.0,-19.0,0.08,-1.46,0.08,3.54,3,False,False,False,False,False,False,False,False,REVERSAL
2026-09-03T04:00:00Z,CRUDEOIL,2026-09-03,CHOP,SHORT,bearish_expansion,8581.0,8582.0,8570.0,8571.0,12.0,10.0,0.833,1.0,1.0,0.2,1.71,,0.69,0.57,93.0,0.41,,0.96,8550.0,8550.0,81400.0,134800.0,300.0,500.0,price_down_OI_up,500.0,NA,NA,,,,64.0,6.0,,-2.0,B_swept_returned,2.0,0.429,,0.745,0.459,,8571.0,8575.0,8582.0,8580.0,,11.0,5.0,0.55,0.4,REJECTION,REJECTION,MIXED,False,True,,UP,DOWN,DOWN,119.0,-37.0,10.82,-3.36,10.82,-5.09,57,True,True,True,True,True,True,True,True,CONTINUATION
2026-09-03T04:30:00Z,CRUDEOIL,2026-09-03,CHOP,SHORT,bearish_expansion,8572.0,8572.0,8553.0,8557.0,19.0,15.0,0.789,0.0,4.0,0.27,2.38,0.917,1.33,1.05,86.0,0.51,0.25,0.54,8550.0,8550.0,,,,,ambiguous,,NA,NA,,,,78.0,-3.0,26.0,-11.0,A_broke,3.0,0.5,0.359,0.655,0.615,0.287,8557.0,8555.0,8572.0,8559.0,8583.0,15.0,4.0,,,ACCEPTANCE,ACCEPTANCE,ACCEPTANCE,False,True,2,DOWN,DOWN,UP,105.0,-19.0,7.0,-1.27,7.0,-4.67,48,True,True,True,True,True,True,False,False,CONTINUATION
2026-09-03T05:05:00Z,CRUDEOIL,2026-09-03,CHOP,LONG,bullish_expansion,8545.0,8558.0,8545.0,8555.0,13.0,10.0,0.769,3.0,0.0,0.3,1.62,0.842,1.1,0.84,86.0,0.56,0.263,0.91,8550.0,8550.0,86700.0,136100.0,1100.0,-1100.0,price_up_OI_up,1100.0,LOWER_VA,inside_value,-17.5,-27.5,2.5,80.0,18.0,4.0,2.0,B_swept_returned,8.0,0.55,0.547,0.984,0.642,0.45,8555.0,,8545.0,,8553.0,10.0,,0.4,,REJECTION,REJECTION,REJECTION,True,False,,DOWN,DOWN,DOWN,0.0,-16.0,0.0,-1.6,0.0,7.2,0,False,False,False,False,False,False,False,False,REVERSAL
2026-09-03T05:10:00Z,CRUDEOIL,2026-09-03,CHOP,SHORT,bearish_expansion,8553.0,8553.0,8539.0,8539.0,14.0,14.0,1.0,0.0,0.0,0.0,1.75,0.85,1.15,1.15,78.0,0.52,0.15,0.91,8550.0,8550.0,,,,,ambiguous,,BELOW_VA,acceptance_outside_value,-33.5,-43.5,-13.5,96.0,2.0,20.0,2.0,C_broke_accepted,6.0,0.525,0.547,0.868,0.709,0.438,8539.0,,8553.0,,8559.0,14.0,,0.14,,ACCEPTANCE,ACCEPTANCE,ACCEPTANCE,False,True,,DOWN,DOWN,DOWN,82.0,-21.0,5.86,-1.5,5.86,-6.29,27,True,True,True,True,True,False,False,False,CONTINUATION
2026-09-03T05:15:00Z,CRUDEOIL,2026-09-03,CHOP,SHORT,bearish_expansion,8541.0,8545.0,8524.0,8529.0,21.0,12.0,0.571,4.0,5.0,0.75,2.62,0.952,1.64,0.94,157.0,1.08,0.667,2.01,8550.0,8550.0,,,,,ambiguous,,BELOW_VA,acceptance_outside_value,-43.5,-53.5,-23.5,106.0,-8.0,29.0,-8.0,C_broke_accepted,8.0,0.525,0.344,0.734,0.799,0.438,8529.0,8511.0,8545.0,8521.0,8558.0,16.0,10.0,,,ACCEPTANCE,ACCEPTANCE,ACCEPTANCE,False,True,,DOWN,DOWN,DOWN,72.0,-16.0,4.5,-1.0,4.5,-6.12,25,True,True,True,True,False,False,False,False,CONTINUATION
2026-09-03T05:20:00Z,CRUDEOIL,2026-09-03,CHOP,SHORT,bearish_expansion,8529.0,8532.0,8515.0,8516.0,17.0,13.0,0.765,3.0,1.0,0.31,2.12,0.864,1.3,0.99,191.0,1.3,0.864,1.22,8500.0,8500.0,,,,,ambiguous,,BELOW_VA,acceptance_outside_value,-56.5,-66.5,-36.5,119.0,-8.0,42.0,-21.0,C_broke_accepted,8.0,0.85,0.547,0.721,0.995,0.6,8516.0,8511.0,8532.0,8521.0,8558.0,16.0,10.0,,,ACCEPTANCE,ACCEPTANCE,ACCEPTANCE,False,True,5,DOWN,DOWN,DOWN,59.0,-16.0,3.69,-1.0,3.69,-6.94,23,True,True,True,False,False,False,False,False,CONTINUATION
2026-09-03T05:25:00Z,CRUDEOIL,2026-09-03,CHOP,SHORT,bearish_rejection,8515.0,8521.0,8508.0,8511.0,13.0,4.0,0.308,6.0,3.0,2.25,1.62,0.739,1.0,0.31,354.0,2.39,0.957,1.85,8500.0,8500.0,,,,,ambiguous,,BELOW_VA,acceptance_outside_value,-61.5,-71.5,-36.5,124.0,-4.0,47.0,-26.0,C_broke_accepted,4.0,1.075,0.672,0.817,1.148,0.55,8511.0,8511.0,8521.0,8521.0,8558.0,10.0,10.0,,,ACCEPTANCE,ACCEPTANCE,ACCEPTANCE,False,True,4,DOWN,DOWN,UP,54.0,-21.0,5.4,-2.1,5.4,-11.6,22,True,True,True,True,True,False,False,False,CONTINUATION
2026-09-03T05:30:00Z,CRUDEOIL,2026-09-03,CHOP,SHORT,neutral,8508.0,8516.0,8499.0,8499.0,17.0,9.0,0.529,8.0,0.0,0.89,1.89,0.875,1.27,0.67,689.0,4.39,1.0,1.95,8500.0,8500.0,,,,,ambiguous,,BELOW_VA,acceptance_outside_value,-73.5,-83.5,-43.5,136.0,-9.0,59.0,-38.0,C_broke_accepted,9.0,1.111,0.694,1.104,1.169,0.567,8499.0,,8516.0,,8558.0,17.0,,,,ACCEPTANCE,MIXED,MIXED,False,True,3,DOWN,UP,DOWN,42.0,-18.0,2.47,-1.06,2.47,-7.53,19,True,True,False,False,False,False,False,False,CONTINUATION
2026-09-03T05:35:00Z,CRUDEOIL,2026-09-03,CHOP,SHORT,bearish_expansion,8499.0,8499.0,8481.0,8484.0,18.0,15.0,0.833,0.0,3.0,0.2,1.8,0.88,1.32,1.1,284.0,1.59,0.88,0.41,8500.0,8500.0,731500.0,870200.0,,,ambiguous,,BELOW_VA,acceptance_outside_value,-88.5,-98.5,-33.5,151.0,-15.0,74.0,-53.0,C_broke_accepted,15.0,1.08,0.738,1.649,1.199,0.59,8484.0,,8499.0,,8558.0,15.0,,,,REJECTION,REJECTION,REJECTION,True,True,,UP,DOWN,DOWN,4.0,-23.0,0.27,-1.53,0.27,-9.53,0,False,False,False,False,False,False,False,False,REVERSAL
2026-09-03T05:40:00Z,CRUDEOIL,2026-09-03,CHOP,LONG,bullish_expansion,8484.0,8507.0,8480.0,8507.0,27.0,23.0,0.852,0.0,4.0,0.17,2.7,0.962,1.85,1.57,177.0,0.97,0.654,0.62,8500.0,8500.0,730400.0,871600.0,-1100.0,1400.0,price_up_OI_down,-1100.0,BELOW_VA,acceptance_outside_value,-65.5,-75.5,-10.5,128.0,26.0,51.0,-30.0,C_broke_accepted,8.0,1.28,0.963,1.838,1.176,0.77,8507.0,8494.0,8480.0,8481.0,8537.0,27.0,13.0,1.89,4.92,REJECTION,REJECTION,REJECTION,False,True,2,DOWN,DOWN,DOWN,2.0,-47.0,0.07,-1.74,0.07,4.44,6,False,False,False,False,False,False,False,False,REVERSAL
2026-09-03T05:50:00Z,CRUDEOIL,2026-09-03,CHOP,LONG,bullish_rejection,8500.0,8500.0,8481.0,8494.0,19.0,6.0,0.316,0.0,13.0,2.17,1.81,0.893,1.29,0.41,101.0,0.56,0.393,1.05,8500.0,8500.0,730400.0,868200.0,-7000.0,-1700.0,price_up_OI_down,-7000.0,BELOW_VA,below_VAL,-78.5,-88.5,-18.5,141.0,14.0,64.0,14.0,E_open_space,,0.781,0.869,1.788,1.178,0.743,8494.0,8494.0,8481.0,8481.0,8480.0,13.0,13.0,4.92,4.92,NA,NA,NA,True,True,,DOWN,DOWN,UP,1.0,-13.0,0.08,-1.0,0.08,10.23,1,False,False,False,False,False,False,False,False,REVERSAL
2026-09-03T06:05:00Z,CRUDEOIL,2026-09-03,CHOP,LONG,neutral,8482.0,8493.0,8481.0,8488.0,12.0,6.0,0.5,5.0,1.0,1.0,1.09,0.613,0.86,0.43,295.0,1.72,0.903,2.68,8500.0,8500.0,731100.0,851900.0,400.0,-5800.0,price_up_OI_up,400.0,BELOW_VA,below_VAL,-84.5,-94.5,-19.5,147.0,8.0,21.0,7.0,D_failed_immediately,3.0,0.527,0.466,0.69,1.127,0.591,8488.0,,8481.0,,8481.0,7.0,,3.0,,ACCEPTANCE,MIXED,MIXED,True,True,,UP,DOWN,UP,14.0,-28.0,2.0,-4.0,2.0,19.86,1,True,True,False,False,False,False,False,False,CONTINUATION
2026-09-03T06:15:00Z,CRUDEOIL,2026-09-03,CHOP,SHORT,bearish_expansion,8494.0,8497.0,8460.0,8471.0,37.0,23.0,0.622,3.0,11.0,0.61,3.36,0.97,2.36,1.47,470.0,2.7,0.939,4.35,8450.0,8450.0,,,,,ambiguous,,BELOW_VA,acceptance_outside_value,-101.5,-111.5,-31.5,164.0,-9.0,38.0,-10.0,C_broke_accepted,9.0,0.382,0.33,0.832,0.843,0.373,8471.0,,8497.0,,8509.0,26.0,,,,REJECTION,REJECTION,REJECTION,True,True,,UP,UP,DOWN,14.0,-28.0,0.54,-1.08,0.54,-6.0,2,False,False,False,False,False,False,False,False,REVERSAL
2026-09-03T06:20:00Z,CRUDEOIL,2026-09-03,CHOP,LONG,bullish_rejection,8472.0,8479.0,8457.0,8476.0,22.0,4.0,0.182,3.0,15.0,4.5,1.91,0.912,1.37,0.25,250.0,1.37,0.794,0.53,8500.0,8500.0,734300.0,821600.0,,,ambiguous,,BELOW_VA,below_VAL,-96.5,-106.5,-21.5,159.0,16.0,26.0,-5.0,E_open_space,,0.73,0.533,1.197,1.043,0.487,8476.0,8476.0,8457.0,8457.0,8481.0,19.0,19.0,1.37,1.37,NA,NA,NA,False,True,5,UP,DOWN,UP,87.0,-24.0,4.58,-1.26,4.58,7.95,20,True,True,True,True,False,False,False,False,CONTINUATION
2026-09-03T06:45:00Z,CRUDEOIL,2026-09-03,CHOP,LONG,bullish_rejection,8494.0,8502.0,8480.0,8501.0,22.0,7.0,0.318,1.0,14.0,2.14,1.83,0.923,1.36,0.43,179.0,1.01,0.692,1.36,8500.0,8500.0,735700.0,815900.0,-100.0,-4600.0,price_up_OI_down,-100.0,LOWER_VA,inside_value,-71.5,-81.5,8.5,134.0,44.0,1.0,44.0,E_open_space,1.0,0.883,0.552,0.821,0.974,0.442,8501.0,8501.0,8480.0,8480.0,8457.0,21.0,21.0,0.05,0.05,REJECTION,REJECTION,REJECTION,False,True,3,DOWN,UP,UP,62.0,-49.0,2.95,-2.33,2.95,6.0,15,True,True,False,False,False,False,False,False,CONTINUATION
2026-09-03T07:00:00Z,CRUDEOIL,2026-09-03,CHOP,LONG,neutral,8495.0,8510.0,8487.0,8498.0,23.0,3.0,0.13,12.0,8.0,6.67,1.92,0.929,1.43,0.19,143.0,0.83,0.548,3.76,8500.0,8500.0,735700.0,815900.0,0.0,0.0,ambiguous,0.0,AT_POC,near_POC,0.5,-59.5,35.5,137.0,41.0,8.0,18.0,B_swept_returned,8.0,0.5,0.552,0.615,0.933,0.442,8498.0,,8487.0,,8480.0,11.0,,0.73,,ACCEPTANCE,ACCEPTANCE,ACCEPTANCE,False,True,,UP,UP,UP,65.0,-46.0,5.91,-4.18,5.91,11.73,12,True,True,True,True,True,False,False,False,CONTINUATION
2026-09-03T07:25:00Z,CRUDEOIL,2026-09-03,CHOP,LONG,bullish_expansion,8528.0,8545.0,8527.0,8545.0,18.0,17.0,0.944,0.0,1.0,0.06,1.38,0.809,1.13,1.07,287.0,1.71,0.894,1.27,8550.0,8550.0,97700.0,100000.0,0.0,0.0,ambiguous,0.0,UPPER_VA,inside_value,47.5,-12.5,82.5,90.0,88.0,-28.0,58.0,C_broke_accepted,13.0,0.692,0.5,0.758,1.005,0.4,8545.0,,8527.0,,8487.0,18.0,,0.69,,REJECTION,REJECTION,REJECTION,True,True,5,DOWN,DOWN,UP,15.0,-22.0,0.83,-1.22,0.83,4.56,1,False,False,False,False,False,False,False,False,REVERSAL
2026-09-03T07:30:00Z,CRUDEOIL,2026-09-03,CHOP,SHORT,bearish_rejection,8545.0,8560.0,8533.0,8535.0,27.0,10.0,0.37,15.0,2.0,1.7,2.08,0.958,1.62,0.6,264.0,1.55,0.833,0.92,8550.0,8550.0,97700.0,100000.0,0.0,0.0,ambiguous,0.0,UPPER_VA,inside_value,37.5,-22.5,57.5,100.0,78.0,-18.0,48.0,E_open_space,,0.785,0.558,0.916,0.897,0.5,8535.0,8535.0,8560.0,8560.0,8517.0,25.0,25.0,1.92,1.92,NA,NA,NA,False,True,2,DOWN,UP,DOWN,18.0,-28.0,0.72,-1.12,0.72,-3.68,5,False,False,False,False,False,False,False,False,REVERSAL
2026-09-03T07:35:00Z,CRUDEOIL,2026-09-03,CHOP,SHORT,bearish_expansion,8537.0,8543.0,8523.0,8523.0,20.0,14.0,0.7,6.0,0.0,0.43,1.54,0.837,1.18,0.83,113.0,0.66,0.449,0.43,8500.0,8500.0,735700.0,815900.0,0.0,0.0,ambiguous,0.0,UPPER_VA,inside_value,25.5,-39.5,40.5,112.0,66.0,-6.0,36.0,B_swept_returned,10.0,0.923,0.702,1.169,1.05,0.615,8523.0,,8543.0,,8517.0,20.0,,1.8,,REJECTION,REJECTION,REJECTION,True,True,,UP,DOWN,UP,0.0,-27.0,0.0,-1.35,0.0,-5.2,0,False,False,False,False,False,False,False,False,REVERSAL
2026-09-03T07:40:00Z,CRUDEOIL,2026-09-03,CHOP,LONG,bullish_expansion,8525.0,8550.0,8523.0,8545.0,27.0,20.0,0.741,5.0,2.0,0.35,2.08,0.96,1.53,1.13,106.0,0.62,0.34,0.94,8550.0,8550.0,97700.0,100000.0,0.0,0.0,ambiguous,0.0,UPPER_VA,inside_value,47.5,-17.5,62.5,90.0,88.0,15.0,58.0,B_swept_returned,2.0,0.862,0.702,1.143,1.041,0.562,8545.0,,8523.0,,8487.0,22.0,,0.68,,REJECTION,REJECTION,MIXED,True,True,2,DOWN,UP,UP,18.0,-28.0,0.82,-1.27,0.82,3.73,3,False,False,False,False,False,False,False,False,REVERSAL
2026-09-03T07:55:00Z,CRUDEOIL,2026-09-03,CHOP,LONG,bullish_rejection,8544.0,8546.0,8529.0,8546.0,17.0,2.0,0.118,0.0,15.0,7.5,1.21,0.717,0.97,0.11,403.0,2.38,0.943,1.76,8550.0,8550.0,97700.0,100000.0,0.0,0.0,ambiguous,0.0,UPPER_VA,inside_value,48.5,-11.5,63.5,89.0,89.0,4.0,23.0,E_open_space,0.0,0.529,0.5,0.955,1.239,0.471,8546.0,8546.0,8529.0,8529.0,8523.0,17.0,17.0,0.24,0.24,ACCEPTANCE,ACCEPTANCE,ACCEPTANCE,True,True,,DOWN,DOWN,UP,17.0,-29.0,1.0,-1.71,1.0,4.76,0,True,False,False,False,False,False,False,False,REVERSAL
2026-09-03T08:00:00Z,CRUDEOIL,2026-09-03,CHOP,SHORT,neutral,8549.0,8563.0,8517.0,8531.0,46.0,18.0,0.391,14.0,14.0,1.56,3.29,0.981,2.34,0.92,819.0,4.72,1.0,2.03,8550.0,8550.0,97700.0,100000.0,0.0,0.0,ambiguous,0.0,UPPER_VA,inside_value,33.5,-26.5,48.5,104.0,74.0,15.0,3.0,D_failed_immediately,3.0,0.386,0.393,1.091,1.009,0.429,8531.0,,8563.0,,8546.0,32.0,,0.09,,ACCEPTANCE,ACCEPTANCE,MIXED,False,True,,DOWN,UP,UP,79.0,-32.0,2.47,-1.0,2.47,-3.0,5,True,True,False,False,False,False,False,False,CONTINUATION
2026-09-03T08:05:00Z,CRUDEOIL,2026-09-03,CHOP,SHORT,bearish_expansion,8529.0,8529.0,8452.0,8485.0,77.0,44.0,0.571,0.0,33.0,0.75,5.5,1.0,3.23,1.84,1667.0,9.0,1.0,2.04,8500.0,8500.0,735700.0,815900.0,0.0,0.0,ambiguous,0.0,LOWER_VA,inside_value,-12.5,-72.5,2.5,150.0,28.0,61.0,-43.0,B_swept_returned,28.0,0.657,0.411,1.784,1.047,0.421,8485.0,,8529.0,,8546.0,44.0,,0.06,,REJECTION,REJECTION,REJECTION,True,False,,UP,UP,UP,5.0,-57.0,0.11,-1.3,0.11,-3.23,1,False,False,False,False,False,False,False,False,REVERSAL
2026-09-03T08:10:00Z,CRUDEOIL,2026-09-03,CHOP,LONG,bullish_expansion,8483.0,8523.0,8480.0,8522.0,43.0,39.0,0.907,1.0,3.0,0.1,2.97,0.946,1.7,1.55,404.0,1.91,0.911,0.24,8500.0,8500.0,735700.0,815900.0,0.0,0.0,ambiguous,0.0,UPPER_VA,inside_value,24.5,-35.5,39.5,113.0,70.0,41.0,-6.0,E_open_space,,1.531,0.957,3.036,1.387,0.766,8522.0,,8480.0,,8528.0,42.0,,0.85,,NA,NA,NA,False,True,,UP,UP,DOWN,269.0,-6.0,6.4,-0.14,6.4,2.5,,True,True,True,True,True,True,False,False,CONTINUATION
2026-09-03T08:15:00Z,CRUDEOIL,2026-09-03,CHOP,LONG,neutral,8526.0,8542.0,8516.0,8540.0,26.0,14.0,0.538,2.0,10.0,0.86,1.73,0.86,1.03,0.55,291.0,1.35,0.842,0.72,8550.0,8550.0,97700.0,100000.0,0.0,0.0,ambiguous,0.0,UPPER_VA,inside_value,42.5,-17.5,57.5,95.0,88.0,23.0,88.0,C_broke_accepted,17.0,1.48,0.925,3.274,1.59,0.74,8540.0,,8516.0,,8452.0,24.0,,0.73,,ACCEPTANCE,ACCEPTANCE,ACCEPTANCE,False,True,,UP,DOWN,UP,251.0,-7.0,10.46,-0.29,10.46,3.62,,True,True,True,True,True,True,True,True,CONTINUATION
2026-09-03T08:20:00Z,CRUDEOIL,2026-09-03,CHOP,LONG,neutral,8540.0,8560.0,8533.0,8550.0,27.0,10.0,0.37,10.0,7.0,1.7,1.8,0.914,1.06,0.39,343.0,1.58,0.862,1.18,8550.0,8550.0,97700.0,100000.0,0.0,0.0,ambiguous,0.0,UPPER_VA,inside_value,52.5,-2.5,67.5,85.0,98.0,13.0,98.0,B_swept_returned,2.5,1.48,0.925,3.312,1.645,0.74,8550.0,,8533.0,,8452.0,17.0,,0.15,,REJECTION,MIXED,MIXED,False,True,,DOWN,UP,UP,241.0,-11.0,14.18,-0.65,14.18,4.53,,True,True,True,True,True,True,True,True,CONTINUATION
2026-09-03T08:50:00Z,CRUDEOIL,2026-09-03,CHOP,LONG,bullish_expansion,8578.0,8608.0,8577.0,8600.0,31.0,22.0,0.71,8.0,1.0,0.41,2.07,0.922,1.31,0.93,527.0,2.42,0.953,2.25,8600.0,8600.0,602500.0,499900.0,600.0,2100.0,price_up_OI_up,600.0,ABOVE_VA,acceptance_outside_value,102.5,42.5,117.5,35.0,148.0,-24.0,148.0,C_broke_accepted,22.0,0.52,0.817,0.939,0.735,0.84,8600.0,,8577.0,,8452.0,23.0,,1.52,,ACCEPTANCE,ACCEPTANCE,ACCEPTANCE,False,True,5,UP,UP,DOWN,191.0,-7.0,8.3,-0.3,8.3,1.17,,True,True,True,True,True,True,True,False,CONTINUATION
2026-09-03T08:55:00Z,CRUDEOIL,2026-09-03,CHOP,LONG,neutral,8604.0,8618.0,8593.0,8617.0,25.0,13.0,0.52,1.0,11.0,0.92,1.67,0.831,1.05,0.55,437.0,1.97,0.908,0.83,8600.0,8600.0,605600.0,512100.0,3100.0,12200.0,price_up_OI_up,3100.0,ABOVE_VA,acceptance_outside_value,119.5,54.5,134.5,18.0,165.0,-41.0,165.0,C_broke_accepted,9.0,0.813,0.767,1.174,0.808,1.04,8617.0,,8593.0,,8452.0,24.0,,0.75,,ACCEPTANCE,ACCEPTANCE,MIXED,False,True,4,UP,DOWN,DOWN,174.0,-21.0,7.25,-0.88,7.25,0.42,,True,True,True,True,True,True,False,False,CONTINUATION
2026-09-03T09:00:00Z,CRUDEOIL,2026-09-03,CHOP,LONG,neutral,8619.0,8641.0,8611.0,8631.0,30.0,12.0,0.4,10.0,8.0,1.5,2.0,0.909,1.24,0.5,721.0,3.2,0.97,1.65,8650.0,8650.0,,,,,ambiguous,,ABOVE_VA,above_VAH,133.5,68.5,148.5,4.0,179.0,-55.0,179.0,B_swept_returned,4.0,0.827,0.708,1.384,0.867,0.92,8631.0,,8611.0,,8452.0,20.0,,0.2,,REJECTION,REJECTION,REJECTION,True,True,,DOWN,DOWN,DOWN,17.0,-35.0,0.85,-1.75,0.85,-0.2,2,False,False,False,False,False,False,False,False,REVERSAL
2026-09-03T09:05:00Z,CRUDEOIL,2026-09-03,CHOP,SHORT,bearish_rejection,8634.0,8648.0,8620.0,8621.0,28.0,13.0,0.464,14.0,1.0,1.15,1.87,0.896,1.14,0.53,328.0,1.41,0.821,0.45,8600.0,8600.0,610000.0,539000.0,,,ambiguous,,ABOVE_VA,above_VAH,123.5,48.5,138.5,20.0,169.0,-45.0,169.0,E_open_space,,1.093,0.85,1.766,0.939,0.833,8621.0,8621.0,8648.0,8648.0,8576.0,27.0,27.0,5.13,5.13,NA,NA,NA,False,True,3,DOWN,DOWN,UP,25.0,-45.0,0.93,-1.67,0.93,-0.22,5,False,False,False,False,False,False,False,False,REVERSAL
2026-09-03T09:15:00Z,CRUDEOIL,2026-09-03,CHOP,SHORT,neutral,8616.0,8620.0,8596.0,8610.0,24.0,6.0,0.25,4.0,14.0,3.0,1.6,0.797,1.01,0.25,324.0,1.39,0.812,2.68,8600.0,8600.0,640600.0,568300.0,30600.0,29300.0,price_down_OI_up,29300.0,ABOVE_VA,above_VAH,112.5,37.5,127.5,38.0,158.0,38.0,158.0,B_swept_returned,3.0,0.947,0.767,1.835,1.072,0.727,8610.0,,8620.0,,8648.0,10.0,,12.75,,REJECTION,REJECTION,REJECTION,True,False,,UP,DOWN,UP,0.0,-31.0,0.0,-3.1,0.0,-1.7,0,False,False,False,False,False,False,False,False,REVERSAL
2026-09-03T09:20:00Z,CRUDEOIL,2026-09-03,CHOP,LONG,bullish_expansion,8615.0,8641.0,8612.0,8639.0,29.0,24.0,0.828,2.0,3.0,0.21,1.87,0.9,1.2,0.99,267.0,1.14,0.729,0.82,8650.0,8650.0,90700.0,43500.0,1900.0,1000.0,price_up_OI_up,1900.0,ABOVE_VA,above_VAH,141.5,66.5,156.5,9.0,187.0,9.0,187.0,A_broke,19.0,0.71,0.718,1.651,0.991,0.652,8639.0,,8612.0,,8452.0,27.0,,0.33,,REJECTION,REJECTION,MIXED,False,True,2,DOWN,UP,UP,152.0,-31.0,5.63,-1.15,5.63,-0.44,78,True,True,True,True,True,False,False,False,CONTINUATION
2026-09-03T09:35:00Z,CRUDEOIL,2026-09-03,CHOP,LONG,neutral,8637.0,8666.0,8634.0,8649.0,32.0,12.0,0.375,17.0,3.0,1.67,2.0,0.932,1.33,0.5,630.0,2.71,0.945,3.75,8650.0,8650.0,89400.0,44900.0,,,ambiguous,,ABOVE_VA,above_VAH,151.5,71.5,166.5,-1.0,197.0,-8.0,53.0,B_swept_returned,1.0,0.575,0.43,0.919,0.834,0.531,8649.0,,8634.0,,8596.0,15.0,,,,REJECTION,MIXED,MIXED,False,True,,DOWN,UP,UP,142.0,-30.0,9.47,-2.0,9.47,-1.47,74,True,True,True,True,True,True,True,False,CONTINUATION
2026-09-03T09:50:00Z,CRUDEOIL,2026-09-03,CHOP,LONG,bullish_expansion,8652.0,8670.0,8649.0,8665.0,21.0,13.0,0.619,5.0,3.0,0.62,1.31,0.724,0.92,0.57,400.0,1.68,0.855,1.59,8650.0,8650.0,89400.0,44900.0,0.0,0.0,ambiguous,0.0,ABOVE_VA,above_VAH,167.5,82.5,187.5,1.0,213.0,1.0,43.0,D_failed_immediately,1.0,0.55,0.547,1.217,0.862,0.438,8665.0,,8649.0,,8622.0,16.0,,0.06,,ACCEPTANCE,ACCEPTANCE,ACCEPTANCE,False,True,5,UP,DOWN,UP,126.0,-20.0,7.88,-1.25,7.88,-2.38,36,True,True,True,True,True,True,False,False,CONTINUATION
2026-09-03T09:55:00Z,CRUDEOIL,2026-09-03,CHOP,LONG,bullish_expansion,8666.0,8728.0,8665.0,8711.0,63.0,45.0,0.714,17.0,1.0,0.4,3.94,0.974,2.46,1.76,1359.0,5.66,0.987,3.4,8700.0,8700.0,320200.0,71600.0,0.0,0.0,ambiguous,0.0,ABOVE_VA,above_VAH,213.5,128.5,238.5,-41.0,259.0,-45.0,89.0,A_broke,41.0,0.6,0.578,1.382,0.82,0.463,8711.0,,8665.0,,8622.0,46.0,,,,REJECTION,MIXED,MIXED,False,True,4,DOWN,UP,DOWN,80.0,-66.0,1.74,-1.43,1.74,-1.83,35,True,False,False,False,False,False,False,False,REVERSAL
2026-09-03T10:00:00Z,CRUDEOIL,2026-09-03,CHOP,SHORT,neutral,8709.0,8725.0,8696.0,8708.0,29.0,1.0,0.034,16.0,12.0,28.0,1.81,0.885,1.12,0.04,738.0,2.9,0.962,0.54,8700.0,8700.0,320200.0,71600.0,0.0,0.0,ambiguous,0.0,ABOVE_VA,above_VAH,210.5,110.5,250.5,20.0,256.0,-42.0,86.0,E_open_space,,1.175,0.906,2.24,1.145,0.825,8708.0,8730.0,8725.0,8747.0,8666.0,17.0,17.0,5.06,6.35,NA,NA,NA,True,False,,UP,DOWN,UP,7.0,-32.0,0.41,-1.88,0.41,4.76,0,False,False,False,False,False,False,False,False,REVERSAL
2026-09-03T10:05:00Z,CRUDEOIL,2026-09-03,CHOP,LONG,bullish_expansion,8709.0,8740.0,8701.0,8733.0,39.0,24.0,0.615,7.0,8.0,0.62,2.44,0.937,1.46,0.9,844.0,3.24,0.975,1.14,8750.0,8750.0,34800.0,,0.0,,ambiguous,0.0,ABOVE_VA,acceptance_outside_value,235.5,125.5,275.5,-5.0,281.0,-5.0,111.0,C_broke_accepted,5.0,1.125,0.828,2.27,1.082,0.825,8733.0,,8701.0,,8622.0,32.0,,,,REJECTION,MIXED,MIXED,False,True,2,DOWN,UP,UP,58.0,-35.0,1.81,-1.09,1.81,-3.31,12,True,False,False,False,False,False,False,False,REVERSAL
2026-09-03T10:10:00Z,CRUDEOIL,2026-09-03,CHOP,SHORT,bearish_rejection,8736.0,8747.0,8730.0,8730.0,17.0,6.0,0.353,11.0,0.0,1.83,1.03,0.575,0.65,0.23,623.0,2.33,0.9,0.74,8750.0,8750.0,34800.0,,0.0,,ambiguous,,ABOVE_VA,above_VAH,232.5,112.5,272.5,10.0,278.0,-2.0,108.0,E_open_space,,1.164,0.894,2.682,1.28,0.776,8730.0,8730.0,8747.0,8747.0,8728.0,17.0,17.0,6.35,6.35,NA,NA,NA,True,False,,UP,UP,DOWN,0.0,-37.0,0.0,-2.18,0.0,6.06,1,False,False,False,False,False,False,False,False,REVERSAL
2026-09-03T10:15:00Z,CRUDEOIL,2026-09-03,CHOP,LONG,bullish_expansion,8730.0,8744.0,8730.0,8739.0,14.0,9.0,0.643,5.0,0.0,0.56,0.82,0.383,0.55,0.36,462.0,1.7,0.852,0.74,8750.0,8750.0,34800.0,,0.0,,ambiguous,0.0,ABOVE_VA,acceptance_outside_value,241.5,116.5,281.5,8.0,287.0,-11.0,117.0,C_broke_accepted,11.0,1.153,0.831,2.912,1.339,0.735,8739.0,,8730.0,,8622.0,9.0,,0.89,,ACCEPTANCE,ACCEPTANCE,ACCEPTANCE,False,True,3,UP,DOWN,UP,52.0,-36.0,5.78,-4.0,5.78,-12.44,9,True,True,True,True,True,False,False,False,CONTINUATION
2026-09-03T10:20:00Z,CRUDEOIL,2026-09-03,CHOP,LONG,bullish_expansion,8739.0,8767.0,8739.0,8767.0,28.0,28.0,1.0,0.0,0.0,0.0,1.7,0.854,1.1,1.1,897.0,3.27,0.976,1.94,8750.0,8750.0,34800.0,,0.0,,ambiguous,0.0,ABOVE_VA,acceptance_outside_value,269.5,139.5,309.5,-20.0,315.0,-20.0,145.0,C_broke_accepted,20.0,0.994,0.826,2.932,1.274,0.758,8767.0,,8739.0,,8622.0,28.0,,,,REJECTION,REJECTION,MIXED,True,True,,DOWN,UP,UP,7.0,-30.0,0.25,-1.07,0.25,-5.0,1,False,False,False,False,False,False,False,False,REVERSAL
2026-09-03T10:25:00Z,CRUDEOIL,2026-09-03,CHOP,SHORT,bearish_expansion,8767.0,8774.0,8741.0,8744.0,33.0,23.0,0.697,7.0,3.0,0.43,1.94,0.916,1.27,0.89,561.0,1.99,0.88,0.63,8750.0,8750.0,34800.0,,0.0,,ambiguous,,ABOVE_VA,above_VAH,246.5,106.5,286.5,23.0,292.0,3.0,14.0,E_open_space,,0.835,0.904,2.527,0.978,0.782,8744.0,,8774.0,,8747.0,30.0,,0.47,,NA,NA,NA,True,True,,UP,UP,DOWN,7.0,-46.0,0.23,-1.53,0.23,3.9,1,False,False,False,False,False,False,False,False,REVERSAL
2026-09-03T10:30:00Z,CRUDEOIL,2026-09-03,CHOP,LONG,bullish_expansion,8744.0,8771.0,8737.0,8767.0,34.0,23.0,0.676,4.0,7.0,0.48,2.0,0.917,1.28,0.87,347.0,1.22,0.762,0.62,8750.0,8750.0,34800.0,,0.0,,ambiguous,0.0,ABOVE_VA,acceptance_outside_value,269.5,129.5,309.5,7.0,315.0,-20.0,37.0,C_broke_accepted,20.0,0.859,0.919,2.373,0.987,0.8,8767.0,,8737.0,,8730.0,30.0,,0.23,,ACCEPTANCE,ACCEPTANCE,ACCEPTANCE,False,True,4,UP,DOWN,UP,24.0,-35.0,0.8,-1.17,0.8,-4.67,5,False,False,False,False,False,False,False,False,REVERSAL
2026-09-03T10:35:00Z,CRUDEOIL,2026-09-03,CHOP,LONG,neutral,8767.0,8790.0,8760.0,8773.0,30.0,6.0,0.2,17.0,7.0,4.0,1.76,0.871,1.12,0.22,480.0,1.68,0.847,1.38,8750.0,8750.0,136400.0,157300.0,101600.0,,price_up_OI_up,101600.0,ABOVE_VA,above_VAH,275.5,130.5,315.5,1.0,321.0,1.0,43.0,B_swept_returned,1.0,0.518,0.801,2.02,0.941,0.765,8773.0,8774.0,8760.0,8760.0,8730.0,13.0,14.0,0.08,,REJECTION,MIXED,MIXED,True,True,,DOWN,UP,DOWN,5.0,-13.0,0.38,-1.0,0.38,-11.23,1,False,False,False,False,False,False,False,False,REVERSAL
2026-09-03T10:45:00Z,CRUDEOIL,2026-09-03,CHOP,LONG,bullish_rejection,8772.0,8778.0,8760.0,8774.0,18.0,2.0,0.111,4.0,12.0,8.0,1.06,0.598,0.71,0.08,478.0,1.65,0.839,1.38,8750.0,8750.0,149300.0,190300.0,10400.0,13200.0,price_up_OI_up,10400.0,ABOVE_VA,above_VAH,276.5,121.5,316.5,16.0,322.0,16.0,37.0,B_swept_returned,1.0,0.624,0.654,1.821,1.098,0.735,8774.0,8774.0,8760.0,8760.0,8737.0,14.0,14.0,1.14,1.14,REJECTION,REJECTION,REJECTION,True,True,,DOWN,DOWN,DOWN,2.0,-18.0,0.14,-1.29,0.14,-10.5,0,False,False,False,False,False,False,False,False,REVERSAL
2026-09-03T10:50:00Z,CRUDEOIL,2026-09-03,CHOP,LONG,bullish_rejection,8774.0,8776.0,8756.0,8773.0,20.0,1.0,0.05,2.0,17.0,19.0,1.18,0.659,0.8,0.04,482.0,1.66,0.852,1.01,8750.0,8750.0,,,,,ambiguous,,ABOVE_VA,acceptance_outside_value,275.5,115.5,315.5,17.0,321.0,17.0,36.0,C_broke_accepted,115.5,0.624,0.441,1.52,1.035,0.553,8773.0,8773.0,8756.0,8756.0,8737.0,17.0,17.0,1.0,1.0,REJECTION,REJECTION,REJECTION,True,True,,DOWN,DOWN,DOWN,18.0,-41.0,1.06,-2.41,1.06,-8.59,1,True,False,False,False,False,False,False,False,REVERSAL
2026-09-03T10:55:00Z,CRUDEOIL,2026-09-03,CHOP,SHORT,bearish_rejection,8775.0,8791.0,8769.0,8769.0,22.0,6.0,0.273,16.0,0.0,2.67,1.29,0.719,0.89,0.24,590.0,2.01,0.888,1.22,8750.0,8750.0,151800.0,212200.0,,,ambiguous,,ABOVE_VA,above_VAH,271.5,101.5,311.5,21.0,317.0,9.0,32.0,E_open_space,,0.624,0.441,1.455,0.938,0.524,8769.0,8769.0,8791.0,8791.0,8778.0,22.0,22.0,1.45,1.45,NA,NA,NA,False,True,,DOWN,DOWN,UP,164.0,-12.0,7.45,-0.55,7.45,6.45,,True,True,True,True,True,True,False,False,CONTINUATION
2026-09-03T11:00:00Z,CRUDEOIL,2026-09-03,CHOP,SHORT,bearish_expansion,8766.0,8766.0,8732.0,8746.0,34.0,20.0,0.588,0.0,14.0,0.7,2.0,0.922,1.33,0.78,575.0,1.94,0.878,0.97,8750.0,8750.0,150700.0,217400.0,-1100.0,5200.0,price_down_OI_up,5200.0,ABOVE_VA,acceptance_outside_value,248.5,68.5,288.5,45.0,294.0,32.0,-10.0,C_broke_accepted,10.0,0.412,0.397,1.603,0.812,0.359,8746.0,,8766.0,,8778.0,20.0,,14.43,,ACCEPTANCE,ACCEPTANCE,ACCEPTANCE,False,True,,DOWN,UP,UP,48.0,-21.0,2.4,-1.05,2.4,5.95,5,True,True,False,False,False,False,False,False,CONTINUATION
2026-09-03T11:05:00Z,CRUDEOIL,2026-09-03,CHOP,SHORT,bearish_expansion,8747.0,8752.0,8703.0,8704.0,49.0,43.0,0.878,5.0,1.0,0.14,2.88,0.967,1.8,1.58,769.0,2.57,0.945,1.34,8700.0,8700.0,440300.0,617700.0,3000.0,-17500.0,price_down_OI_down,-17500.0,LOWER_VA,inside_value,-63.5,-88.5,166.5,87.0,252.0,87.0,-52.0,C_broke_accepted,28.0,0.694,0.434,1.65,0.792,0.359,8704.0,,8752.0,,8791.0,48.0,,3.47,,REJECTION,REJECTION,REJECTION,True,True,,UP,UP,UP,6.0,-63.0,0.12,-1.31,0.12,1.6,4,False,False,False,False,False,False,False,False,REVERSAL
2026-09-03T11:10:00Z,CRUDEOIL,2026-09-03,CHOP,LONG,bullish_expansion,8702.0,8719.0,8698.0,8716.0,21.0,14.0,0.667,3.0,4.0,0.5,1.24,0.663,0.78,0.52,680.0,2.23,0.902,0.88,8700.0,8700.0,443000.0,592500.0,2700.0,-25200.0,price_up_OI_up,2700.0,AT_POC,near_POC,-26.5,-76.5,178.5,75.0,264.0,75.0,-40.0,E_open_space,,1.035,0.647,1.899,1.066,0.518,8716.0,8715.0,8698.0,8701.0,8756.0,18.0,14.0,4.17,5.43,NA,NA,NA,False,True,,UP,UP,UP,65.0,-20.0,3.61,-1.11,3.61,-4.94,13,True,True,True,False,False,False,False,False,CONTINUATION
2026-09-03T11:20:00Z,CRUDEOIL,2026-09-03,CHOP,LONG,neutral,8713.0,8738.0,8710.0,8722.0,28.0,9.0,0.321,16.0,3.0,2.11,1.65,0.819,1.07,0.34,494.0,1.6,0.819,1.53,8700.0,8700.0,474800.0,603800.0,13100.0,500.0,price_up_OI_up,13100.0,AT_POC,near_POC,-20.5,-70.5,179.5,69.0,270.0,69.0,24.0,C_broke_accepted,5.0,1.094,0.684,1.901,1.084,0.547,8722.0,,8710.0,,8698.0,12.0,,5.75,,ACCEPTANCE,ACCEPTANCE,ACCEPTANCE,False,True,,UP,DOWN,UP,59.0,-17.0,4.92,-1.42,4.92,-7.92,10,True,True,True,True,False,False,False,False,CONTINUATION
2026-09-03T11:30:00Z,CRUDEOIL,2026-09-03,CHOP,SHORT,bearish_rejection,8734.0,8767.0,8725.0,8732.0,42.0,2.0,0.048,33.0,7.0,20.0,2.47,0.938,1.55,0.07,723.0,2.33,0.927,3.63,8750.0,8750.0,188000.0,193100.0,8800.0,-1200.0,price_down_OI_down,-1200.0,AT_POC,near_POC,-5.5,-60.5,189.5,59.0,280.0,59.0,34.0,E_open_space,,0.635,0.684,1.591,1.001,0.547,8732.0,8732.0,8767.0,8767.0,8791.0,35.0,35.0,0.97,0.97,NA,NA,NA,True,False,,UP,UP,UP,4.0,-37.0,0.11,-1.06,0.11,3.0,1,False,False,False,False,False,False,False,False,REVERSAL
2026-09-03T11:35:00Z,CRUDEOIL,2026-09-03,CHOP,LONG,bullish_expansion,8728.0,8758.0,8728.0,8749.0,30.0,21.0,0.7,9.0,0.0,0.43,1.76,0.856,1.1,0.77,282.0,0.9,0.598,0.39,8750.0,8750.0,197300.0,194900.0,9300.0,1800.0,price_up_OI_up,9300.0,AT_POC,near_POC,11.5,-43.5,206.5,42.0,297.0,42.0,51.0,E_open_space,,0.812,0.684,1.541,0.942,0.547,8749.0,,8728.0,,8698.0,21.0,,2.0,,NA,NA,NA,False,True,3,UP,UP,UP,32.0,-24.0,1.52,-1.14,1.52,-5.81,6,True,False,False,False,False,False,False,False,REVERSAL
2026-09-03T11:45:00Z,CRUDEOIL,2026-09-03,CHOP,LONG,bullish_expansion,8769.0,8781.0,8766.0,8778.0,15.0,9.0,0.6,3.0,3.0,0.67,0.88,0.394,0.58,0.35,680.0,2.17,0.899,2.82,8800.0,8800.0,350100.0,242600.0,-8600.0,26200.0,price_up_OI_down,-8600.0,UPPER_VA,inside_value,40.5,-14.5,230.5,13.0,326.0,-11.0,80.0,A_broke,9.0,0.694,0.522,1.239,1.084,0.547,8778.0,8775.0,8766.0,8765.0,8698.0,12.0,10.0,1.08,1.6,REJECTION,REJECTION,REJECTION,True,False,,UP,UP,DOWN,0.0,-13.0,0.0,-1.08,0.0,-12.58,0,False,False,False,False,False,False,False,False,REVERSAL
2026-09-03T11:50:00Z,CRUDEOIL,2026-09-03,CHOP,LONG,bullish_rejection,8773.0,8777.0,8765.0,8775.0,12.0,2.0,0.167,2.0,8.0,5.0,0.71,0.23,0.48,0.08,848.0,2.68,0.97,1.25,8750.0,8750.0,195700.0,226300.0,-5300.0,15200.0,price_up_OI_down,-5300.0,AT_POC,near_POC,7.5,-17.5,227.5,16.0,323.0,-8.0,77.0,A_broke,8.0,0.671,0.61,1.342,1.021,0.488,8775.0,8775.0,8765.0,8765.0,8698.0,10.0,10.0,1.6,1.6,ACCEPTANCE,MIXED,MIXED,True,True,,UP,DOWN,DOWN,2.0,-10.0,0.2,-1.0,0.2,-14.8,0,False,False,False,False,False,False,False,False,REVERSAL
2026-09-03T12:00:00Z,CRUDEOIL,2026-09-03,CHOP,SHORT,bearish_expansion,8776.0,8779.0,8754.0,8755.0,25.0,21.0,0.84,3.0,1.0,0.19,1.47,0.735,1.03,0.87,621.0,1.93,0.853,2.17,8750.0,8750.0,189000.0,239900.0,-1400.0,7500.0,price_down_OI_up,7500.0,AT_POC,near_POC,-12.5,-37.5,207.5,36.0,303.0,26.0,-10.0,C_broke_accepted,10.0,0.624,0.522,1.454,0.727,0.488,8755.0,,8779.0,,8781.0,24.0,,8.65,,ACCEPTANCE,ACCEPTANCE,ACCEPTANCE,False,True,,DOWN,DOWN,DOWN,150.0,-13.0,6.25,-0.54,6.25,5.33,,True,True,True,True,True,True,False,False,CONTINUATION
2026-09-03T12:05:00Z,CRUDEOIL,2026-09-03,CHOP,SHORT,bearish_expansion,8756.0,8768.0,8741.0,8741.0,27.0,15.0,0.556,12.0,0.0,0.8,1.59,0.786,1.11,0.61,290.0,0.89,0.612,0.47,8750.0,8750.0,194300.0,246700.0,5300.0,6800.0,price_down_OI_up,6800.0,AT_POC,near_POC,-26.5,-51.5,188.5,50.0,289.0,40.0,-24.0,C_broke_accepted,13.0,0.365,0.419,1.649,0.68,0.471,8741.0,,8768.0,,8781.0,27.0,,6.98,,ACCEPTANCE,ACCEPTANCE,ACCEPTANCE,False,True,,DOWN,DOWN,DOWN,136.0,0.0,5.04,0.0,5.04,4.22,,True,True,True,True,True,False,False,False,CONTINUATION
2026-09-03T12:10:00Z,CRUDEOIL,2026-09-03,CHOP,SHORT,bearish_expansion,8741.0,8741.0,8725.0,8727.0,16.0,14.0,0.875,0.0,2.0,0.14,0.94,0.442,0.67,0.59,521.0,1.61,0.808,1.8,8750.0,8750.0,201400.0,249700.0,7100.0,3000.0,price_down_OI_up,3000.0,LOWER_VA,inside_value,-40.5,-65.5,174.5,64.0,275.0,52.0,-38.0,C_broke_accepted,14.0,0.471,0.412,1.681,0.765,0.418,8727.0,,8741.0,,8779.0,14.0,,12.46,,ACCEPTANCE,ACCEPTANCE,ACCEPTANCE,False,True,5,DOWN,DOWN,UP,122.0,-13.0,8.71,-0.93,8.71,7.14,,True,True,True,True,True,True,True,False,CONTINUATION
2026-09-03T12:15:00Z,CRUDEOIL,2026-09-03,CHOP,SHORT,bearish_expansion,8727.0,8728.0,8705.0,8714.0,23.0,13.0,0.565,1.0,9.0,0.77,1.35,0.705,0.97,0.55,675.0,2.07,0.876,1.3,8700.0,8700.0,485700.0,725000.0,-5100.0,-7500.0,price_down_OI_down,-7500.0,LOWER_VA,inside_value,-53.5,-78.5,161.5,77.0,262.0,65.0,-51.0,C_broke_accepted,11.0,0.635,0.412,1.574,0.775,0.335,8714.0,,8728.0,,8779.0,14.0,,11.54,,ACCEPTANCE,ACCEPTANCE,ACCEPTANCE,True,True,,DOWN,UP,UP,35.0,-19.0,2.5,-1.36,2.5,6.21,3,True,True,False,False,False,False,False,False,CONTINUATION
2026-09-03T12:30:00Z,CRUDEOIL,2026-09-03,CHOP,LONG,bullish_expansion,8688.0,8720.0,8679.0,8713.0,41.0,25.0,0.61,7.0,9.0,0.64,2.41,0.935,1.73,1.05,886.0,2.67,0.972,1.8,8700.0,8700.0,550300.0,693300.0,35700.0,-8600.0,price_up_OI_up,35700.0,LOWER_VA,inside_value,-54.5,-79.5,155.5,78.0,261.0,66.0,-52.0,C_broke_accepted,13.0,0.906,0.647,1.485,0.793,0.529,8713.0,8729.0,8679.0,8705.0,8765.0,34.0,24.0,1.94,2.08,ACCEPTANCE,ACCEPTANCE,MIXED,True,True,,UP,UP,DOWN,20.0,-43.0,0.59,-1.26,0.59,-2.53,3,False,False,False,False,False,False,False,False,REVERSAL
2026-09-03T12:45:00Z,CRUDEOIL,2026-09-03,CHOP,SHORT,bearish_expansion,8726.0,8728.0,8696.0,8699.0,32.0,27.0,0.844,2.0,3.0,0.19,1.78,0.883,1.31,1.11,303.0,0.9,0.595,0.75,8700.0,8700.0,556100.0,687700.0,9700.0,14900.0,price_down_OI_up,14900.0,LOWER_VA,inside_value,-68.5,-93.5,136.5,92.0,247.0,34.0,20.0,C_broke_accepted,6.0,0.6,0.618,1.569,0.958,0.556,8699.0,,8728.0,,8733.0,29.0,,0.69,,ACCEPTANCE,ACCEPTANCE,ACCEPTANCE,False,True,3,DOWN,DOWN,UP,56.0,-35.0,1.93,-1.21,1.93,2.48,21,True,False,False,False,False,False,False,False,REVERSAL
2026-09-03T12:50:00Z,CRUDEOIL,2026-09-03,CHOP,SHORT,bearish_expansion,8696.0,8700.0,8670.0,8674.0,30.0,22.0,0.733,4.0,4.0,0.36,1.67,0.857,1.21,0.89,606.0,1.79,0.839,2.0,8650.0,8650.0,75900.0,178300.0,-800.0,-100.0,price_down_OI_down,-100.0,LOWER_VA,inside_value,-93.5,-118.5,111.5,117.0,222.0,59.0,-5.0,C_broke_accepted,5.0,0.6,0.431,1.459,1.048,0.556,8674.0,,8700.0,,8733.0,26.0,,4.29,,ACCEPTANCE,MIXED,MIXED,False,True,2,DOWN,UP,DOWN,31.0,-42.0,1.19,-1.62,1.19,1.81,10,True,False,False,False,False,False,False,False,REVERSAL
2026-09-03T12:55:00Z,CRUDEOIL,2026-09-03,CHOP,SHORT,neutral,8672.0,8672.0,8645.0,8661.0,27.0,11.0,0.407,0.0,16.0,1.45,1.5,0.779,1.08,0.44,1503.0,4.41,0.991,2.48,8650.0,8650.0,79200.0,184900.0,3300.0,6600.0,price_down_OI_up,6600.0,LOWER_VA,inside_value,-106.5,-131.5,98.5,130.0,209.0,72.0,-18.0,B_swept_returned,9.0,0.7,0.438,1.517,1.202,0.544,8661.0,,8672.0,,8733.0,11.0,,8.95,,REJECTION,REJECTION,MIXED,True,False,,UP,DOWN,DOWN,0.0,-26.0,0.0,-2.36,0.0,3.09,0,False,False,False,False,False,False,False,False,REVERSAL
2026-09-03T13:00:00Z,CRUDEOIL,2026-09-03,CHOP,LONG,neutral,8667.0,8687.0,8663.0,8680.0,24.0,13.0,0.542,7.0,4.0,0.85,1.33,0.693,0.95,0.52,625.0,1.78,0.851,0.42,8700.0,8700.0,590000.0,666300.0,5600.0,-38800.0,price_up_OI_up,5600.0,LOWER_VA,inside_value,-87.5,-112.5,112.5,111.0,228.0,53.0,1.0,B_swept_returned,8.0,0.978,0.611,1.825,1.088,0.533,8680.0,8669.0,8663.0,8655.0,8679.0,17.0,14.0,3.12,4.57,REJECTION,REJECTION,REJECTION,True,False,,DOWN,DOWN,UP,0.0,-25.0,0.0,-1.47,0.0,-3.12,0,False,False,False,False,False,False,False,False,REVERSAL
2026-09-03T13:15:00Z,CRUDEOIL,2026-09-03,CHOP,LONG,bullish_expansion,8655.0,8680.0,8645.0,8680.0,35.0,25.0,0.714,0.0,10.0,0.4,1.94,0.915,1.37,0.98,220.0,0.63,0.402,0.61,8700.0,8700.0,614900.0,647700.0,6600.0,-14400.0,price_up_OI_up,6600.0,LOWER_VA,inside_value,-87.5,-112.5,107.5,111.0,228.0,7.0,35.0,C_broke_accepted,10.0,0.611,0.611,1.884,0.969,0.489,8680.0,,8645.0,,8645.0,35.0,,0.2,,REJECTION,REJECTION,REJECTION,True,True,,DOWN,DOWN,UP,6.0,-37.0,0.17,-1.06,0.17,-1.51,3,False,False,False,False,False,False,False,False,REVERSAL
2026-09-03T13:20:00Z,CRUDEOIL,2026-09-03,CHOP,SHORT,bearish_expansion,8681.0,8686.0,8648.0,8659.0,38.0,22.0,0.579,5.0,11.0,0.73,2.05,0.924,1.44,0.83,328.0,0.93,0.61,1.49,8650.0,8650.0,117500.0,202600.0,5000.0,-15000.0,price_down_OI_down,-15000.0,LOWER_VA,inside_value,-108.5,-133.5,86.5,132.0,207.0,28.0,14.0,E_open_space,,0.454,0.581,1.67,0.974,0.476,8659.0,8655.0,8686.0,8670.0,8687.0,27.0,15.0,0.52,0.67,NA,NA,NA,True,True,2,DOWN,UP,DOWN,16.0,-57.0,0.59,-2.11,0.59,1.19,4,False,False,False,False,False,False,False,False,REVERSAL
2026-09-03T13:30:00Z,CRUDEOIL,2026-09-03,CHOP,LONG,bullish_expansion,8651.0,8680.0,8648.0,8670.0,32.0,19.0,0.594,10.0,3.0,0.68,1.68,0.875,1.21,0.72,215.0,0.62,0.4,1.54,8650.0,8650.0,118500.0,220900.0,7600.0,11400.0,price_up_OI_up,7600.0,LOWER_VA,inside_value,-97.5,-122.5,97.5,121.0,218.0,16.0,25.0,B_swept_returned,0.0,0.432,0.362,0.727,1.024,0.453,8670.0,8660.0,8648.0,8643.0,8645.0,22.0,17.0,0.73,1.53,ACCEPTANCE,ACCEPTANCE,ACCEPTANCE,True,True,5,DOWN,UP,UP,1.0,-27.0,0.05,-1.23,0.05,-1.95,0,False,False,False,False,False,False,False,False,REVERSAL
2026-09-03T13:45:00Z,CRUDEOIL,2026-09-03,CHOP,LONG,bullish_expansion,8680.0,8716.0,8677.0,8712.0,39.0,32.0,0.821,4.0,3.0,0.22,2.05,0.935,1.43,1.17,484.0,1.39,0.756,1.52,8700.0,8700.0,656500.0,621400.0,4600.0,2900.0,price_up_OI_up,4600.0,LOWER_VA,inside_value,-55.5,-80.5,134.5,79.0,260.0,-32.0,69.0,A_broke,28.0,0.453,0.283,0.761,0.997,0.232,8712.0,,8677.0,,8643.0,35.0,,2.26,,REJECTION,REJECTION,REJECTION,True,False,5,DOWN,DOWN,UP,2.0,-54.0,0.06,-1.54,0.06,-2.43,1,False,False,False,False,False,False,False,False,REVERSAL
2026-09-03T13:55:00Z,CRUDEOIL,2026-09-03,CHOP,SHORT,bearish_expansion,8696.0,8700.0,8658.0,8664.0,42.0,32.0,0.762,4.0,6.0,0.31,2.21,0.952,1.5,1.14,716.0,2.06,0.904,3.36,8650.0,8650.0,112500.0,212700.0,-8000.0,-100.0,price_down_OI_down,-100.0,LOWER_VA,inside_value,-103.5,-128.5,86.5,127.0,212.0,52.0,21.0,B_swept_returned,27.0,0.768,0.48,0.893,1.005,0.384,8664.0,,8700.0,,8716.0,36.0,,0.58,,REJECTION,REJECTION,REJECTION,True,False,,UP,DOWN,DOWN,0.0,-44.0,0.0,-1.22,0.0,1.03,0,False,False,False,False,False,False,False,False,REVERSAL
2026-09-03T14:00:00Z,CRUDEOIL,2026-09-03,CHOP,LONG,bullish_expansion,8677.0,8708.0,8664.0,8703.0,44.0,26.0,0.591,5.0,13.0,0.69,2.32,0.96,1.51,0.89,374.0,1.07,0.659,0.52,8700.0,8700.0,663600.0,627300.0,3000.0,3400.0,price_up_OI_up,3000.0,LOWER_VA,inside_value,-64.5,-89.5,125.5,88.0,251.0,13.0,60.0,C_broke_accepted,3.0,0.768,0.48,1.171,1.034,0.384,8703.0,,8664.0,,8643.0,39.0,,0.33,,REJECTION,REJECTION,REJECTION,False,True,2,DOWN,DOWN,UP,37.0,-50.0,0.95,-1.28,0.95,-1.95,17,False,False,False,False,False,False,False,False,REVERSAL
2026-09-03T14:20:00Z,CRUDEOIL,2026-09-03,CHOP,LONG,neutral,8700.0,8718.0,8692.0,8705.0,26.0,5.0,0.192,13.0,8.0,4.2,1.37,0.708,0.95,0.18,691.0,1.98,0.9,1.88,8700.0,8700.0,659600.0,651900.0,-13600.0,17200.0,price_up_OI_down,-13600.0,LOWER_VA,inside_value,-62.5,-87.5,122.5,86.0,253.0,5.0,24.0,B_swept_returned,5.0,0.547,0.382,1.177,1.047,0.384,8705.0,8705.0,8692.0,8693.0,8681.0,13.0,12.0,0.38,0.42,REJECTION,MIXED,MIXED,True,True,,DOWN,UP,DOWN,29.0,-23.0,2.23,-1.77,2.23,-6.0,4,True,True,False,False,False,False,False,False,CONTINUATION
2026-09-03T14:40:00Z,CRUDEOIL,2026-09-03,CHOP,SHORT,bearish_expansion,8721.0,8726.0,8697.0,8698.0,29.0,23.0,0.793,5.0,1.0,0.26,1.53,0.806,1.11,0.88,258.0,0.73,0.47,0.56,8700.0,8700.0,662000.0,686400.0,-300.0,5600.0,price_down_OI_up,5600.0,AT_POC,near_POC,-14.5,-89.5,105.5,93.0,246.0,20.0,17.0,C_broke_accepted,15.0,0.463,0.461,1.127,0.816,0.4,8698.0,8692.0,8726.0,8713.0,8718.0,28.0,21.0,0.61,0.52,ACCEPTANCE,ACCEPTANCE,ACCEPTANCE,True,True,,DOWN,UP,DOWN,28.0,-31.0,1.0,-1.11,1.0,2.54,2,True,False,False,False,False,False,False,False,REVERSAL
2026-09-03T14:45:00Z,CRUDEOIL,2026-09-03,CHOP,SHORT,bearish_rejection,8700.0,8713.0,8682.0,8692.0,31.0,8.0,0.258,13.0,10.0,2.88,1.63,0.844,1.17,0.3,333.0,0.95,0.607,1.29,8700.0,8700.0,669600.0,691300.0,7600.0,4900.0,price_down_OI_up,4900.0,AT_POC,near_POC,-20.5,-90.5,99.5,99.0,240.0,42.0,11.0,C_broke_accepted,5.0,0.442,0.349,1.067,0.881,0.4,8692.0,8692.0,8713.0,8713.0,8734.0,21.0,21.0,0.52,0.52,REJECTION,MIXED,MIXED,True,True,,UP,DOWN,UP,22.0,-37.0,1.05,-1.76,1.05,3.1,1,True,False,False,False,False,False,False,False,REVERSAL
2026-09-03T14:50:00Z,CRUDEOIL,2026-09-03,CHOP,LONG,bullish_rejection,8690.0,8700.0,8670.0,8696.0,30.0,6.0,0.2,4.0,20.0,4.0,1.54,0.831,1.12,0.22,492.0,1.4,0.779,1.48,8700.0,8700.0,678500.0,693200.0,8900.0,1900.0,price_up_OI_up,8900.0,AT_POC,near_POC,-16.5,-86.5,103.5,95.0,244.0,38.0,15.0,E_open_space,,0.533,0.34,0.863,0.91,0.359,8696.0,8696.0,8670.0,8670.0,8681.0,26.0,26.0,1.46,1.46,NA,NA,NA,False,True,2,DOWN,UP,UP,44.0,-43.0,1.69,-1.65,1.69,-2.65,7,True,False,False,False,False,False,False,False,REVERSAL
2026-09-03T14:55:00Z,CRUDEOIL,2026-09-03,CHOP,SHORT,bearish_rejection,8696.0,8729.0,8688.0,8691.0,41.0,5.0,0.122,33.0,3.0,7.2,2.05,0.934,1.47,0.18,1627.0,4.63,0.993,3.31,8700.0,8700.0,689000.0,692700.0,10500.0,-500.0,price_down_OI_down,-500.0,AT_POC,near_POC,-11.5,-91.5,93.5,100.0,239.0,43.0,10.0,E_open_space,,0.64,0.4,1.035,0.97,0.32,8691.0,8691.0,8729.0,8729.0,8734.0,38.0,38.0,0.26,0.26,NA,NA,NA,True,True,,UP,UP,UP,13.0,-48.0,0.34,-1.26,0.34,1.68,1,False,False,False,False,False,False,False,False,REVERSAL
2026-09-03T15:00:00Z,CRUDEOIL,2026-09-03,CHOP,LONG,bullish_rejection,8691.0,8708.0,8678.0,8702.0,30.0,11.0,0.367,6.0,13.0,1.73,1.5,0.826,1.07,0.39,319.0,0.88,0.565,0.2,8700.0,8700.0,682400.0,698400.0,-6600.0,5700.0,price_up_OI_down,-6600.0,AT_POC,near_POC,-0.5,-80.5,94.5,89.0,250.0,32.0,32.0,E_open_space,,0.64,0.4,1.759,1.086,0.32,8702.0,8702.0,8678.0,8678.0,8670.0,24.0,24.0,1.33,1.33,NA,NA,NA,False,True,,UP,UP,DOWN,38.0,-49.0,1.58,-2.04,1.58,-3.12,5,True,False,False,False,False,False,False,False,REVERSAL
2026-09-03T15:05:00Z,CRUDEOIL,2026-09-03,CHOP,LONG,bullish_expansion,8705.0,8739.0,8704.0,8730.0,35.0,25.0,0.714,9.0,1.0,0.4,1.75,0.892,1.22,0.87,604.0,1.68,0.827,1.89,8750.0,8750.0,243600.0,174200.0,4400.0,-2300.0,price_up_OI_up,4400.0,UPPER_VA,inside_value,27.5,-52.5,117.5,61.0,278.0,-1.0,60.0,A_broke,1.0,0.59,0.4,1.68,1.125,0.32,8730.0,8731.0,8704.0,8720.0,8670.0,26.0,11.0,2.02,4.68,ACCEPTANCE,MIXED,MIXED,True,True,,UP,DOWN,UP,10.0,-42.0,0.38,-1.62,0.38,-3.96,3,False,False,False,False,False,False,False,False,REVERSAL
2026-09-03T15:25:00Z,CRUDEOIL,2026-09-03,CHOP,SHORT,bearish_expansion,8737.0,8740.0,8688.0,8690.0,52.0,47.0,0.904,3.0,2.0,0.11,2.6,0.979,1.79,1.62,794.0,2.2,0.937,3.87,8700.0,8700.0,682600.0,758000.0,4500.0,4500.0,price_down_OI_up,4500.0,AT_POC,near_POC,-12.5,-92.5,72.5,101.0,238.0,49.0,12.0,C_broke_accepted,20.0,0.61,0.431,0.973,0.89,0.345,8690.0,8661.0,8740.0,8682.0,8739.0,50.0,21.0,0.24,2.07,ACCEPTANCE,ACCEPTANCE,ACCEPTANCE,False,True,5,DOWN,DOWN,DOWN,85.0,-7.0,1.7,-0.14,1.7,1.26,,True,False,False,False,False,False,False,False,CHOP
2026-09-03T15:30:00Z,CRUDEOIL,2026-09-03,CHOP,SHORT,bearish_expansion,8685.0,8685.0,8653.0,8659.0,32.0,26.0,0.812,0.0,6.0,0.23,1.6,0.854,1.08,0.88,1696.0,4.67,1.0,2.14,8650.0,8650.0,95900.0,252100.0,-2600.0,-4000.0,price_down_OI_down,-4000.0,LOWER_VA,inside_value,-43.5,-123.5,36.5,132.0,207.0,80.0,-19.0,A_broke,19.0,0.52,0.438,1.226,1.022,0.35,8659.0,8661.0,8685.0,8682.0,8739.0,26.0,21.0,1.4,1.83,REJECTION,MIXED,MIXED,False,True,4,DOWN,DOWN,UP,54.0,-34.0,2.08,-1.31,2.08,1.23,19,True,True,False,False,False,False,False,False,CONTINUATION
2026-09-03T15:50:00Z,CRUDEOIL,2026-09-03,CHOP,SHORT,bearish_expansion,8663.0,8671.0,8619.0,8628.0,52.0,35.0,0.673,8.0,9.0,0.49,2.48,0.98,1.7,1.14,557.0,1.49,0.797,1.93,8650.0,8650.0,134300.0,223400.0,4000.0,-1000.0,price_down_OI_down,-1000.0,LOWER_VA,inside_value,-74.5,-149.5,0.5,163.0,176.0,112.0,-7.0,D_failed_immediately,0.5,1.0,0.625,2.009,1.072,0.5,8628.0,,8671.0,,8740.0,43.0,,0.01,,ACCEPTANCE,ACCEPTANCE,MIXED,False,True,4,DOWN,UP,UP,23.0,-65.0,0.53,-1.51,0.53,0.02,15,False,False,False,False,False,False,False,False,REVERSAL
2026-09-03T16:35:00Z,CRUDEOIL,2026-09-03,CHOP,SHORT,bearish_rejection,8648.0,8670.0,8633.0,8640.0,37.0,8.0,0.216,22.0,7.0,3.62,1.76,0.898,1.36,0.29,291.0,0.78,0.51,0.98,8650.0,8650.0,158400.0,182800.0,-5400.0,-1800.0,price_down_OI_down,-1800.0,LOWER_VA,inside_value,-62.5,-137.5,17.5,151.0,188.0,2.0,26.0,A_broke,4.0,0.457,0.339,0.702,0.802,0.314,8640.0,8640.0,8670.0,8670.0,8642.0,30.0,30.0,0.58,0.58,ACCEPTANCE,MIXED,MIXED,False,True,,DOWN,UP,DOWN,14.0,-30.0,0.47,-1.0,0.47,0.43,5,False,False,False,False,False,False,False,False,REVERSAL
2026-09-03T17:35:00Z,CRUDEOIL,2026-09-03,CHOP,SHORT,bearish_expansion,8666.0,8666.0,8632.0,8643.0,34.0,23.0,0.676,0.0,11.0,0.48,1.7,0.882,1.49,1.01,323.0,0.89,0.574,1.47,8650.0,8650.0,112400.0,157500.0,-200.0,-9000.0,price_down_OI_down,-9000.0,LOWER_VA,inside_value,-59.5,-134.5,10.5,148.0,191.0,54.0,-5.0,B_swept_returned,10.5,0.42,0.444,0.798,0.693,0.355,8643.0,8641.0,8666.0,8650.0,8697.0,23.0,9.0,0.46,0.94,REJECTION,MIXED,MIXED,False,True,3,UP,DOWN,UP,18.0,-12.0,0.78,-0.52,0.78,0.7,,False,False,False,False,False,False,False,False,CHOP
2026-09-04T03:50:00Z,CRUDEOIL,2026-09-04,CHOP,LONG,bullish_expansion,8673.0,8686.0,8671.0,8682.0,15.0,9.0,0.6,4.0,2.0,0.67,1.76,,0.28,0.17,112.0,0.66,,1.19,8700.0,8700.0,438600.0,299500.0,14700.0,10300.0,price_up_OI_up,14700.0,NA,NA,,,,2.0,230.0,2.0,,D_failed_immediately,2.0,,,,,,8682.0,,8671.0,,,11.0,,0.18,,ACCEPTANCE,ACCEPTANCE,ACCEPTANCE,False,True,,UP,UP,UP,14.0,-14.0,1.27,-1.27,1.27,-9.45,6,True,False,False,False,False,False,False,False,REVERSAL
2026-09-04T04:25:00Z,CRUDEOIL,2026-09-04,CHOP,SHORT,bearish_expansion,8684.0,8684.0,8668.0,8668.0,16.0,16.0,1.0,0.0,0.0,0.0,2.0,0.909,0.59,0.59,141.0,1.18,0.818,1.76,8650.0,8650.0,69300.0,92700.0,-2100.0,2100.0,price_down_OI_up,2100.0,NA,NA,,,,28.0,216.0,28.0,0.0,E_open_space,0.0,0.4,0.438,0.766,0.271,0.35,8668.0,,8684.0,,8696.0,16.0,,13.5,,REJECTION,REJECTION,REJECTION,False,True,,DOWN,DOWN,DOWN,294.0,-4.0,18.38,-0.25,18.38,5.62,,True,True,True,True,True,True,True,True,CONTINUATION
2026-09-04T04:35:00Z,CRUDEOIL,2026-09-04,CHOP,SHORT,bearish_expansion,8670.0,8670.0,8655.0,8658.0,15.0,12.0,0.8,0.0,3.0,0.25,1.67,0.846,0.6,0.48,147.0,1.2,0.846,1.05,8650.0,8650.0,69300.0,98500.0,1200.0,4800.0,price_down_OI_up,4800.0,NA,NA,,,,38.0,206.0,38.0,-10.0,C_broke_accepted,5.0,0.733,0.458,0.845,0.366,0.367,8658.0,8655.0,8670.0,8664.0,8696.0,12.0,9.0,17.17,22.56,ACCEPTANCE,ACCEPTANCE,ACCEPTANCE,False,True,4,DOWN,UP,UP,284.0,-6.0,23.67,-0.5,23.67,6.67,,True,True,True,True,True,True,True,True,CONTINUATION
2026-09-04T04:40:00Z,CRUDEOIL,2026-09-04,CHOP,SHORT,bearish_rejection,8657.0,8664.0,8649.0,8655.0,15.0,2.0,0.133,7.0,6.0,6.5,1.67,0.857,0.61,0.08,183.0,1.47,0.857,1.24,8650.0,8650.0,69300.0,97900.0,0.0,-600.0,price_down_OI_down,-600.0,NA,NA,,,,41.0,203.0,41.0,-13.0,D_failed_immediately,0.0,0.889,0.569,0.953,0.459,0.456,8655.0,8655.0,8664.0,8664.0,8696.0,9.0,9.0,22.56,22.56,REJECTION,REJECTION,REJECTION,False,True,3,UP,UP,DOWN,281.0,-5.0,31.22,-0.56,31.22,8.56,,True,True,True,True,True,True,True,True,CONTINUATION
2026-09-04T05:25:00Z,CRUDEOIL,2026-09-04,CHOP,SHORT,neutral,8636.0,8643.0,8626.0,8627.0,17.0,9.0,0.529,7.0,1.0,0.89,1.89,0.957,0.96,0.51,132.0,1.19,0.696,2.0,8650.0,8650.0,82900.0,105200.0,1600.0,1000.0,price_down_OI_up,1000.0,BELOW_VA,acceptance_outside_value,-45.5,-65.5,-20.5,69.0,175.0,18.0,-5.0,C_broke_accepted,5.0,0.533,0.389,0.697,0.59,0.422,8627.0,8629.0,8643.0,8642.0,8645.0,16.0,13.0,10.94,13.62,REJECTION,REJECTION,REJECTION,True,True,,UP,UP,UP,3.0,-20.0,0.19,-1.25,0.19,3.06,2,False,False,False,False,False,False,False,False,REVERSAL
2026-09-04T05:30:00Z,CRUDEOIL,2026-09-04,CHOP,SHORT,bearish_rejection,8628.0,8642.0,8624.0,8629.0,18.0,1.0,0.056,13.0,4.0,17.0,1.89,0.958,1.02,0.06,206.0,1.84,0.917,1.56,8650.0,8650.0,84100.0,104100.0,1200.0,-1100.0,price_down_OI_down,-1100.0,BELOW_VA,below_VAL,-43.5,-63.5,-18.5,67.0,177.0,16.0,-3.0,B_swept_returned,3.0,0.442,0.447,0.827,0.635,0.4,8629.0,8629.0,8642.0,8642.0,8645.0,13.0,13.0,13.62,13.62,ACCEPTANCE,MIXED,MIXED,True,True,,UP,UP,UP,4.0,-18.0,0.31,-1.38,0.31,3.92,1,False,False,False,False,False,False,False,False,REVERSAL
2026-09-04T05:35:00Z,CRUDEOIL,2026-09-04,CHOP,SHORT,bearish_rejection,8628.0,8640.0,8625.0,8628.0,15.0,0.0,0.0,12.0,3.0,15000000000.0,1.5,0.84,0.86,0.0,51.0,0.44,0.04,0.25,8650.0,8650.0,89500.0,105700.0,5400.0,1600.0,price_down_OI_up,1600.0,BELOW_VA,below_VAL,-44.5,-64.5,-14.5,68.0,176.0,15.0,-4.0,B_swept_returned,4.0,0.42,0.45,1.048,0.768,0.36,8628.0,8628.0,8640.0,8640.0,8643.0,12.0,12.0,14.67,14.67,REJECTION,REJECTION,REJECTION,True,True,,UP,UP,DOWN,1.0,-19.0,0.08,-1.58,0.08,4.17,0,False,False,False,False,False,False,False,False,REVERSAL
2026-09-04T05:40:00Z,CRUDEOIL,2026-09-04,CHOP,LONG,bullish_expansion,8628.0,8647.0,8627.0,8642.0,20.0,14.0,0.7,5.0,1.0,0.43,1.9,0.962,1.13,0.79,51.0,0.45,0.077,1.0,8650.0,8650.0,90000.0,105700.0,500.0,0.0,price_up_OI_up,500.0,BELOW_VA,below_VAL,-30.5,-50.5,-0.5,54.0,190.0,1.0,18.0,D_failed_immediately,1.0,0.4,0.381,0.959,0.782,0.343,8642.0,,8627.0,,8624.0,15.0,,0.07,,ACCEPTANCE,ACCEPTANCE,MIXED,True,True,,UP,DOWN,DOWN,18.0,-19.0,1.2,-1.27,1.2,-4.27,2,True,False,False,False,False,False,False,False,REVERSAL
2026-09-04T05:45:00Z,CRUDEOIL,2026-09-04,CHOP,LONG,bullish_expansion,8640.0,8655.0,8640.0,8650.0,15.0,10.0,0.667,5.0,0.0,0.5,1.36,0.815,0.86,0.57,173.0,1.56,0.852,3.39,8650.0,8650.0,93000.0,106500.0,3000.0,800.0,price_up_OI_up,3000.0,LOWER_VA,inside_value,-22.5,-42.5,7.5,46.0,198.0,-7.0,26.0,C_broke_accepted,3.0,0.418,0.261,0.913,0.883,0.327,8650.0,,8640.0,,8624.0,10.0,,4.25,,REJECTION,REJECTION,REJECTION,True,True,,DOWN,DOWN,UP,10.0,-27.0,1.0,-2.7,1.0,-7.2,1,True,False,False,False,False,False,False,False,REVERSAL
2026-09-04T05:50:00Z,CRUDEOIL,2026-09-04,CHOP,SHORT,bearish_expansion,8657.0,8660.0,8643.0,8643.0,17.0,14.0,0.824,3.0,0.0,0.21,1.55,0.893,0.98,0.8,70.0,0.62,0.286,0.4,8650.0,8650.0,95200.0,103800.0,2200.0,-2700.0,price_down_OI_down,-2700.0,AT_POC,near_POC,-4.5,-39.5,10.5,53.0,191.0,0.0,19.0,E_open_space,,0.564,0.352,1.084,0.976,0.291,8643.0,,8660.0,,8643.0,17.0,,0.62,,NA,NA,NA,False,True,3,DOWN,UP,DOWN,269.0,-16.0,15.82,-0.94,15.82,3.82,,True,True,True,True,True,True,True,True,CONTINUATION
2026-09-04T05:55:00Z,CRUDEOIL,2026-09-04,CHOP,SHORT,bearish_expansion,8643.0,8643.0,8623.0,8632.0,20.0,11.0,0.55,0.0,9.0,0.82,1.82,0.966,1.14,0.62,171.0,1.53,0.828,2.44,8650.0,8650.0,96000.0,105400.0,800.0,1600.0,price_down_OI_up,1600.0,BELOW_VA,below_VAL,-15.5,-50.5,-0.5,64.0,180.0,11.0,8.0,B_swept_returned,8.0,0.655,0.409,0.987,0.966,0.327,8632.0,,8643.0,,8643.0,11.0,,0.73,,REJECTION,REJECTION,REJECTION,True,True,4,UP,DOWN,UP,0.0,-18.0,0.0,-1.64,0.0,4.91,0,False,False,False,False,False,False,False,False,REVERSAL
2026-09-04T06:05:00Z,CRUDEOIL,2026-09-04,CHOP,SHORT,neutral,8650.0,8657.0,8631.0,8638.0,26.0,12.0,0.462,7.0,7.0,1.17,2.17,0.968,1.43,0.66,66.0,0.59,0.29,1.27,8650.0,8650.0,100500.0,105100.0,1000.0,-1600.0,price_down_OI_down,-1600.0,AT_POC,near_POC,-4.5,-44.5,5.5,58.0,186.0,22.0,15.0,B_swept_returned,5.5,0.617,0.385,0.926,0.977,0.308,8638.0,,8657.0,,8660.0,19.0,,0.29,,ACCEPTANCE,ACCEPTANCE,ACCEPTANCE,False,True,2,UP,DOWN,UP,18.0,-21.0,0.95,-1.11,0.95,3.16,13,False,False,False,False,False,False,False,False,REVERSAL
2026-09-04T06:25:00Z,CRUDEOIL,2026-09-04,CHOP,LONG,neutral,8629.0,8636.0,8628.0,8632.0,8.0,3.0,0.375,4.0,1.0,1.67,0.73,0.343,0.5,0.19,371.0,3.47,1.0,2.97,8650.0,8650.0,104300.0,106600.0,0.0,500.0,ambiguous,0.0,LOWER_VA,inside_value,-10.5,-45.5,4.5,64.0,180.0,6.0,3.0,C_broke_accepted,2.0,0.673,0.455,0.627,0.857,0.364,8632.0,8635.0,8628.0,8625.0,8629.0,4.0,10.0,1.5,0.3,ACCEPTANCE,ACCEPTANCE,MIXED,True,True,,UP,UP,DOWN,9.0,-7.0,2.25,-1.75,2.25,-13.5,0,True,True,False,False,False,False,False,False,CONTINUATION
2026-09-04T06:40:00Z,CRUDEOIL,2026-09-04,CHOP,SHORT,bearish_expansion,8640.0,8647.0,8622.0,8622.0,25.0,18.0,0.72,7.0,0.0,0.39,2.27,0.947,1.56,1.12,74.0,0.64,0.368,0.65,8600.0,8600.0,426200.0,713400.0,-300.0,3400.0,price_down_OI_up,3400.0,BELOW_VA,below_VAL,-10.5,-50.5,-5.5,74.0,170.0,19.0,-3.0,B_swept_returned,3.0,0.382,0.42,1.36,0.635,0.364,8622.0,,8647.0,,8641.0,25.0,,6.8,,REJECTION,REJECTION,REJECTION,True,False,,UP,UP,DOWN,0.0,-26.0,0.0,-1.04,0.0,1.76,1,False,False,False,False,False,False,False,False,REVERSAL
2026-09-04T06:50:00Z,CRUDEOIL,2026-09-04,CHOP,LONG,bullish_expansion,8630.0,8648.0,8629.0,8648.0,19.0,18.0,0.947,0.0,1.0,0.06,1.73,0.875,1.2,1.14,74.0,0.65,0.375,0.87,8650.0,8650.0,109900.0,100400.0,1300.0,-500.0,price_up_OI_up,1300.0,UPPER_VA,inside_value,15.5,-24.5,25.5,48.0,196.0,-1.0,26.0,C_broke_accepted,1.0,0.455,0.307,1.403,0.848,0.336,8648.0,,8629.0,,8622.0,19.0,,1.29,,REJECTION,REJECTION,REJECTION,True,True,4,DOWN,UP,DOWN,2.0,-22.0,0.11,-1.16,0.11,-3.68,0,False,False,False,False,False,False,False,False,REVERSAL
2026-09-04T06:55:00Z,CRUDEOIL,2026-09-04,CHOP,SHORT,bearish_expansion,8648.0,8650.0,8626.0,8627.0,24.0,21.0,0.875,2.0,1.0,0.14,2.18,0.927,1.46,1.28,60.0,0.53,0.171,0.81,8650.0,8650.0,111400.0,99100.0,1500.0,-1300.0,price_down_OI_down,-1300.0,AT_POC,near_POC,-5.5,-45.5,4.5,69.0,175.0,20.0,5.0,B_swept_returned,2.0,0.473,0.318,0.887,0.952,0.336,8627.0,,8650.0,,8647.0,23.0,,0.2,,REJECTION,REJECTION,REJECTION,True,False,,UP,DOWN,DOWN,0.0,-24.0,0.0,-1.04,0.0,2.13,0,False,False,False,False,False,False,False,False,REVERSAL
2026-09-04T07:00:00Z,CRUDEOIL,2026-09-04,CHOP,LONG,neutral,8640.0,8651.0,8633.0,8643.0,18.0,3.0,0.167,8.0,7.0,5.0,1.57,0.833,1.06,0.18,110.0,0.99,0.571,1.83,8650.0,8650.0,,,,,ambiguous,,UPPER_VA,inside_value,10.5,-29.5,20.5,53.0,191.0,4.0,21.0,B_swept_returned,7.0,0.487,0.326,0.732,1.016,0.261,8643.0,8648.0,8633.0,8637.0,8622.0,10.0,11.0,0.4,2.23,ACCEPTANCE,MIXED,MIXED,True,True,2,DOWN,DOWN,DOWN,16.0,-17.0,1.6,-1.7,1.6,-6.5,3,True,False,False,False,False,False,False,False,REVERSAL
2026-09-04T07:20:00Z,CRUDEOIL,2026-09-04,CHOP,SHORT,bearish_rejection,8640.0,8648.0,8626.0,8632.0,22.0,8.0,0.364,8.0,6.0,1.75,1.76,0.913,1.3,0.47,143.0,1.32,0.783,1.43,8650.0,8650.0,109800.0,99300.0,100.0,-300.0,price_down_OI_down,-300.0,AT_POC,near_POC,-0.5,-35.5,9.5,64.0,180.0,19.0,-3.0,A_broke,3.0,0.528,0.37,0.664,0.979,0.296,8632.0,8632.0,8648.0,8648.0,8651.0,16.0,16.0,0.59,0.59,ACCEPTANCE,ACCEPTANCE,ACCEPTANCE,True,True,,DOWN,DOWN,UP,1.0,-22.0,0.06,-1.38,0.06,3.38,0,False,False,False,False,False,False,False,False,REVERSAL
2026-09-04T07:25:00Z,CRUDEOIL,2026-09-04,CHOP,SHORT,bearish_rejection,8636.0,8654.0,8631.0,8631.0,23.0,5.0,0.217,18.0,0.0,3.6,1.77,0.915,1.32,0.29,134.0,1.23,0.723,0.94,8650.0,8650.0,113200.0,98700.0,3400.0,-600.0,price_down_OI_down,-600.0,AT_POC,near_POC,-1.5,-36.5,8.5,65.0,179.0,28.0,-4.0,C_broke_accepted,4.0,0.508,0.356,0.812,0.932,0.285,8631.0,8631.0,8654.0,8654.0,8659.0,23.0,23.0,0.37,0.37,ACCEPTANCE,ACCEPTANCE,ACCEPTANCE,False,True,,DOWN,UP,DOWN,257.0,-1.0,11.17,-0.04,11.17,2.3,,True,True,True,True,True,True,True,True,CONTINUATION
2026-09-04T07:30:00Z,CRUDEOIL,2026-09-04,CHOP,SHORT,bearish_expansion,8632.0,8632.0,8611.0,8616.0,21.0,16.0,0.762,0.0,5.0,0.31,1.62,0.875,1.19,0.91,254.0,2.32,0.958,1.9,8600.0,8600.0,455100.0,717700.0,7500.0,-900.0,price_down_OI_down,-900.0,BELOW_VA,acceptance_outside_value,-16.5,-46.5,-6.5,80.0,164.0,43.0,-10.0,C_broke_accepted,6.5,0.508,0.317,0.852,0.975,0.285,8616.0,,8632.0,,8659.0,16.0,,10.25,,REJECTION,MIXED,MIXED,False,True,,UP,DOWN,DOWN,242.0,-9.0,15.12,-0.56,15.12,2.38,,True,True,True,True,True,True,True,True,CONTINUATION
2026-09-04T07:35:00Z,CRUDEOIL,2026-09-04,CHOP,LONG,bullish_rejection,8617.0,8625.0,8604.0,8621.0,21.0,4.0,0.19,4.0,13.0,4.25,1.62,0.878,1.17,0.22,268.0,2.39,0.98,1.06,8600.0,8600.0,460600.0,722100.0,5500.0,4400.0,price_up_OI_up,5500.0,BELOW_VA,below_VAL,-11.5,-46.5,-1.5,75.0,169.0,33.0,-5.0,E_open_space,,0.738,0.462,1.204,1.04,0.369,8621.0,8621.0,8604.0,8604.0,8626.0,17.0,17.0,1.94,1.94,NA,NA,NA,True,False,,DOWN,DOWN,UP,0.0,-32.0,0.0,-1.88,0.0,-2.53,0,False,False,False,False,False,False,False,False,REVERSAL
2026-09-04T07:40:00Z,CRUDEOIL,2026-09-04,CHOP,SHORT,bearish_expansion,8620.0,8620.0,8589.0,8600.0,31.0,20.0,0.645,0.0,11.0,0.55,2.3,0.98,1.64,1.06,421.0,3.65,1.0,1.57,8600.0,8600.0,463000.0,728900.0,2400.0,6800.0,price_down_OI_up,6800.0,BELOW_VA,acceptance_outside_value,-32.5,-67.5,-22.5,96.0,148.0,54.0,-26.0,C_broke_accepted,4.0,0.815,0.509,1.558,1.048,0.407,8600.0,,8620.0,,8654.0,20.0,,7.4,,ACCEPTANCE,ACCEPTANCE,ACCEPTANCE,False,True,5,DOWN,UP,DOWN,226.0,-15.0,11.3,-0.75,11.3,1.1,,True,True,True,True,True,True,True,True,CONTINUATION
2026-09-04T07:45:00Z,CRUDEOIL,2026-09-04,CHOP,SHORT,bearish_expansion,8599.0,8599.0,8561.0,8568.0,38.0,31.0,0.816,0.0,7.0,0.23,2.71,0.98,1.87,1.53,589.0,4.85,1.0,1.4,8550.0,8550.0,36600.0,103300.0,6300.0,3600.0,price_down_OI_up,3600.0,BELOW_VA,acceptance_outside_value,-64.5,-104.5,-54.5,128.0,116.0,86.0,-58.0,C_broke_accepted,21.0,0.929,0.625,2.01,1.161,0.5,8568.0,8567.0,8599.0,8583.0,8654.0,31.0,16.0,3.74,7.19,REJECTION,MIXED,MIXED,False,True,4,UP,DOWN,UP,36.0,-38.0,1.16,-1.23,1.16,-0.32,25,True,False,False,False,False,False,False,False,REVERSAL
2026-09-04T07:50:00Z,CRUDEOIL,2026-09-04,CHOP,LONG,bullish_rejection,8568.0,8575.0,8558.0,8572.0,17.0,4.0,0.235,3.0,10.0,3.25,1.17,0.712,0.85,0.2,498.0,3.82,0.981,0.85,8550.0,8550.0,37700.0,103500.0,1100.0,200.0,price_up_OI_up,1100.0,BELOW_VA,below_VAL,-60.5,-110.5,-50.5,124.0,120.0,82.0,-54.0,E_open_space,,1.283,0.845,2.555,1.334,0.676,8572.0,8572.0,8558.0,8558.0,8626.0,14.0,14.0,5.86,5.86,NA,NA,NA,True,True,2,DOWN,UP,DOWN,18.0,-21.0,1.29,-1.5,1.29,0.43,3,True,False,False,False,False,False,False,False,REVERSAL
2026-09-04T07:55:00Z,CRUDEOIL,2026-09-04,CHOP,SHORT,bearish_rejection,8571.0,8583.0,8563.0,8567.0,20.0,4.0,0.2,12.0,4.0,4.0,1.33,0.811,1.0,0.2,247.0,1.8,0.868,0.5,8550.0,8550.0,37700.0,103500.0,0.0,0.0,ambiguous,0.0,BELOW_VA,acceptance_outside_value,-65.5,-125.5,-55.5,129.0,115.0,87.0,-59.0,C_broke_accepted,55.5,0.987,0.842,2.956,1.275,0.673,8567.0,8567.0,8583.0,8583.0,8654.0,16.0,16.0,7.19,7.19,REJECTION,MIXED,MIXED,True,True,4,UP,DOWN,DOWN,6.0,-17.0,0.38,-1.06,0.38,-0.69,0,False,False,False,False,False,False,False,False,REVERSAL
2026-09-04T08:00:00Z,CRUDEOIL,2026-09-04,CHOP,LONG,bullish_expansion,8565.0,8584.0,8561.0,8579.0,23.0,14.0,0.609,5.0,4.0,0.64,1.53,0.889,1.13,0.69,210.0,1.51,0.833,0.85,8600.0,8600.0,474700.0,709400.0,0.0,0.0,ambiguous,0.0,BELOW_VA,below_VAL,-53.5,-113.5,-43.5,117.0,127.0,75.0,21.0,B_swept_returned,4.0,0.893,0.8,2.903,1.252,0.673,8579.0,,8561.0,,8558.0,18.0,,4.17,,REJECTION,REJECTION,REJECTION,True,True,,DOWN,DOWN,DOWN,11.0,-18.0,0.61,-1.0,0.61,-0.06,0,False,False,False,False,False,False,False,False,REVERSAL
2026-09-04T08:05:00Z,CRUDEOIL,2026-09-04,CHOP,SHORT,bearish_expansion,8584.0,8590.0,8561.0,8562.0,29.0,22.0,0.759,6.0,1.0,0.32,1.93,0.945,1.39,1.05,226.0,1.61,0.836,1.08,8550.0,8550.0,37700.0,103500.0,0.0,0.0,ambiguous,0.0,BELOW_VA,below_VAL,-70.5,-130.5,-55.5,134.0,110.0,92.0,4.0,E_open_space,1.0,0.827,0.8,2.794,1.234,0.673,8562.0,,8590.0,,8654.0,28.0,,0.14,,ACCEPTANCE,ACCEPTANCE,ACCEPTANCE,False,True,2,DOWN,DOWN,DOWN,30.0,-30.0,1.07,-1.07,1.07,-0.57,12,True,False,False,False,False,False,False,False,REVERSAL
2026-09-04T08:10:00Z,CRUDEOIL,2026-09-04,CHOP,SHORT,neutral,8566.0,8568.0,8551.0,8560.0,17.0,6.0,0.353,2.0,9.0,1.83,1.13,0.679,0.82,0.29,620.0,4.36,1.0,2.74,8550.0,8550.0,37700.0,103500.0,0.0,0.0,ambiguous,0.0,BELOW_VA,acceptance_outside_value,-72.5,-132.5,-52.5,136.0,108.0,94.0,-1.0,C_broke_accepted,1.0,0.547,0.617,2.49,1.231,0.64,8560.0,,8568.0,,8654.0,8.0,,13.5,,REJECTION,MIXED,MIXED,True,True,,DOWN,DOWN,UP,13.0,-10.0,1.62,-1.25,1.62,-2.25,0,True,False,False,False,False,False,False,False,REVERSAL
2026-09-04T08:15:00Z,CRUDEOIL,2026-09-04,CHOP,SHORT,neutral,8563.0,8570.0,8547.0,8560.0,23.0,3.0,0.13,7.0,13.0,6.67,1.53,0.877,1.11,0.14,246.0,1.63,0.842,0.4,8550.0,8550.0,37700.0,103500.0,0.0,0.0,ambiguous,0.0,BELOW_VA,below_VAL,-72.5,-132.5,-32.5,136.0,108.0,30.0,-1.0,B_swept_returned,9.0,0.52,0.617,2.392,1.019,0.687,8560.0,,8570.0,,8590.0,10.0,,10.8,,ACCEPTANCE,ACCEPTANCE,ACCEPTANCE,True,True,,DOWN,UP,UP,26.0,-12.0,2.6,-1.2,2.6,-1.8,2,True,True,False,False,False,False,False,False,CONTINUATION
2026-09-04T08:25:00Z,CRUDEOIL,2026-09-04,CHOP,LONG,bullish_rejection,8556.0,8559.0,8534.0,8559.0,25.0,3.0,0.12,0.0,22.0,7.33,1.67,0.915,1.2,0.14,1133.0,7.4,1.0,5.47,8550.0,8550.0,37700.0,103500.0,0.0,0.0,ambiguous,0.0,BELOW_VA,below_VAL,-73.5,-133.5,-23.5,137.0,107.0,11.0,12.0,E_open_space,,0.573,0.433,1.971,1.039,0.52,8559.0,8559.0,8534.0,8534.0,8547.0,25.0,25.0,0.44,0.44,NA,NA,NA,False,True,2,UP,UP,DOWN,21.0,-27.0,0.84,-1.08,0.84,0.76,5,False,False,False,False,False,False,False,False,REVERSAL
2026-09-04T08:30:00Z,CRUDEOIL,2026-09-04,CHOP,SHORT,bearish_rejection,8554.0,8572.0,8553.0,8555.0,19.0,1.0,0.053,17.0,1.0,18.0,1.27,0.717,0.92,0.05,404.0,2.38,0.917,0.36,8550.0,8550.0,37700.0,103500.0,0.0,0.0,ambiguous,0.0,BELOW_VA,acceptance_outside_value,-77.5,-137.5,-12.5,141.0,103.0,15.0,8.0,C_broke_accepted,12.5,0.747,0.467,2.87,1.065,0.573,8555.0,8555.0,8572.0,8572.0,8570.0,17.0,17.0,0.47,0.47,REJECTION,REJECTION,REJECTION,True,True,,UP,DOWN,DOWN,12.0,-25.0,0.71,-1.47,0.71,-1.35,1,False,False,False,False,False,False,False,False,REVERSAL
2026-09-04T08:35:00Z,CRUDEOIL,2026-09-04,CHOP,LONG,bullish_expansion,8550.0,8569.0,8543.0,8569.0,26.0,19.0,0.731,0.0,7.0,0.37,1.73,0.934,1.24,0.9,257.0,1.48,0.869,0.64,8550.0,8550.0,37700.0,103500.0,0.0,0.0,ambiguous,0.0,LOWER_VA,inside_value,-63.5,-123.5,1.5,127.0,117.0,1.0,35.0,E_open_space,,0.507,0.467,3.012,0.951,0.433,8569.0,8565.0,8543.0,8557.0,8534.0,26.0,8.0,0.04,0.62,NA,NA,NA,True,True,,DOWN,DOWN,DOWN,11.0,-37.0,0.42,-1.42,0.42,0.35,3,False,False,False,False,False,False,False,False,REVERSAL
2026-09-04T08:40:00Z,CRUDEOIL,2026-09-04,CHOP,SHORT,bearish_rejection,8565.0,8580.0,8558.0,8564.0,22.0,1.0,0.045,15.0,6.0,21.0,1.47,0.806,1.04,0.05,377.0,2.16,0.903,1.47,8550.0,8550.0,37700.0,103500.0,0.0,0.0,ambiguous,0.0,BELOW_VA,acceptance_outside_value,-68.5,-128.5,-3.5,132.0,112.0,8.0,30.0,C_broke_accepted,3.5,0.507,0.467,2.573,1.033,0.373,8564.0,8564.0,8580.0,8580.0,8572.0,16.0,16.0,1.88,1.88,REJECTION,MIXED,MIXED,True,True,,DOWN,DOWN,UP,32.0,-24.0,2.0,-1.5,2.0,-0.88,4,True,True,False,False,False,False,False,False,CONTINUATION
2026-09-04T08:55:00Z,CRUDEOIL,2026-09-04,CHOP,LONG,bullish_rejection,8553.0,8566.0,8532.0,8565.0,34.0,12.0,0.353,1.0,21.0,1.83,2.27,0.969,1.62,0.57,204.0,1.16,0.708,2.58,8550.0,8550.0,86900.0,132900.0,,,ambiguous,,AT_POC,near_POC,2.5,-72.5,32.5,131.0,113.0,15.0,22.0,E_open_space,,0.493,0.383,1.405,0.886,0.373,8565.0,8565.0,8532.0,8532.0,8543.0,33.0,33.0,0.45,0.45,NA,NA,NA,False,True,4,UP,UP,UP,41.0,-40.0,1.24,-1.21,1.24,0.39,23,True,False,False,False,False,False,False,False,REVERSAL
2026-09-04T09:05:00Z,CRUDEOIL,2026-09-04,CHOP,LONG,bullish_expansion,8572.0,8588.0,8570.0,8583.0,18.0,11.0,0.611,5.0,2.0,0.64,1.2,0.672,0.88,0.54,323.0,1.85,0.881,3.36,8600.0,8600.0,482400.0,596000.0,,,ambiguous,,UPPER_VA,inside_value,20.5,-54.5,50.5,113.0,131.0,-3.0,51.0,C_broke_accepted,3.0,0.64,0.4,0.998,0.952,0.32,8583.0,8588.0,8570.0,8580.0,8532.0,13.0,8.0,4.19,6.19,ACCEPTANCE,MIXED,MIXED,True,True,,UP,DOWN,UP,9.0,-24.0,0.69,-1.85,0.69,-0.38,1,False,False,False,False,False,False,False,False,REVERSAL
2026-09-04T09:15:00Z,CRUDEOIL,2026-09-04,CHOP,SHORT,bearish_expansion,8587.0,8587.0,8559.0,8565.0,28.0,22.0,0.786,0.0,6.0,0.27,1.87,0.928,1.37,1.08,140.0,0.79,0.565,0.93,8550.0,8550.0,82500.0,131200.0,1200.0,-200.0,price_down_OI_down,-200.0,AT_POC,near_POC,2.5,-72.5,32.5,131.0,113.0,15.0,33.0,A_broke,15.0,0.8,0.5,0.966,0.919,0.4,8565.0,,8587.0,,8580.0,22.0,,1.48,,REJECTION,MIXED,MIXED,False,True,2,UP,DOWN,UP,10.0,-29.0,0.45,-1.32,0.45,-0.59,6,False,False,False,False,False,False,False,False,REVERSAL
2026-09-04T09:45:00Z,CRUDEOIL,2026-09-04,CHOP,SHORT,neutral,8584.0,8586.0,8572.0,8579.0,14.0,5.0,0.357,2.0,7.0,1.8,0.93,0.387,0.76,0.27,345.0,2.05,0.893,5.56,8600.0,8600.0,500700.0,592500.0,0.0,0.0,ambiguous,0.0,AT_POC,near_POC,11.5,-58.5,46.5,117.0,127.0,-2.0,24.0,E_open_space,,0.413,0.308,0.38,0.831,0.4,8579.0,,8586.0,,8577.0,7.0,,3.43,,NA,NA,NA,True,False,,UP,UP,DOWN,0.0,-15.0,0.0,-2.14,0.0,0.14,0,False,False,False,False,False,False,False,False,REVERSAL
2026-09-04T09:55:00Z,CRUDEOIL,2026-09-04,CHOP,LONG,bullish_expansion,8593.0,8606.0,8586.0,8605.0,20.0,12.0,0.6,1.0,7.0,0.67,1.33,0.766,1.09,0.65,300.0,1.77,0.87,2.8,8600.0,8600.0,500700.0,592500.0,0.0,0.0,ambiguous,0.0,UPPER_VA,inside_value,37.5,-27.5,72.5,91.0,153.0,-19.0,50.0,B_swept_returned,11.0,0.52,0.325,0.757,0.804,0.26,8605.0,,8586.0,,8555.0,19.0,,1.45,,REJECTION,REJECTION,REJECTION,True,False,,DOWN,DOWN,DOWN,1.0,-22.0,0.05,-1.16,0.05,-1.42,1,False,False,False,False,False,False,False,False,REVERSAL
2026-09-04T10:15:00Z,CRUDEOIL,2026-09-04,CHOP,SHORT,bearish_expansion,8586.0,8586.0,8552.0,8555.0,34.0,31.0,0.912,0.0,3.0,0.1,2.27,0.975,1.8,1.64,258.0,1.52,0.852,2.87,8550.0,8550.0,89200.0,143700.0,0.0,0.0,ambiguous,0.0,AT_POC,near_POC,-12.5,-77.5,22.5,141.0,103.0,51.0,-28.0,A_broke,28.0,0.36,0.333,0.932,0.838,0.34,8555.0,,8586.0,,8606.0,31.0,,0.73,,REJECTION,REJECTION,MIXED,False,True,2,UP,DOWN,DOWN,181.0,-32.0,5.84,-1.03,5.84,-0.74,66,True,True,True,True,True,False,False,False,CONTINUATION
2026-09-04T10:25:00Z,CRUDEOIL,2026-09-04,CHOP,SHORT,bearish_expansion,8573.0,8573.0,8549.0,8555.0,24.0,18.0,0.75,0.0,6.0,0.33,1.5,0.867,1.24,0.93,455.0,2.66,0.952,3.14,8550.0,8550.0,89200.0,143700.0,0.0,0.0,ambiguous,0.0,AT_POC,near_POC,-12.5,-77.5,22.5,141.0,103.0,51.0,3.0,D_failed_immediately,3.0,0.675,0.422,0.923,1.016,0.338,8555.0,8554.0,8573.0,8566.0,8606.0,18.0,12.0,0.17,0.17,ACCEPTANCE,ACCEPTANCE,ACCEPTANCE,False,True,2,DOWN,UP,DOWN,30.0,-18.0,1.67,-1.0,1.67,-1.28,12,True,False,False,False,False,False,False,False,REVERSAL
2026-09-04T10:45:00Z,CRUDEOIL,2026-09-04,CHOP,SHORT,neutral,8552.0,8552.0,8535.0,8543.0,17.0,9.0,0.529,0.0,8.0,0.89,1.06,0.644,0.93,0.49,314.0,1.81,0.874,3.2,8550.0,8550.0,179900.0,267900.0,9900.0,15500.0,price_down_OI_up,15500.0,LOWER_VA,inside_value,-24.5,-89.5,10.5,153.0,91.0,23.0,3.0,D_failed_immediately,3.0,0.412,0.461,1.188,0.953,0.412,8543.0,8535.0,8552.0,8550.0,8566.0,9.0,15.0,0.33,0.17,ACCEPTANCE,ACCEPTANCE,MIXED,True,True,,DOWN,DOWN,UP,18.0,-19.0,2.0,-2.11,2.0,-3.89,4,True,True,False,False,False,False,False,False,CONTINUATION
2026-09-04T10:50:00Z,CRUDEOIL,2026-09-04,CHOP,SHORT,bearish_rejection,8540.0,8550.0,8533.0,8535.0,17.0,5.0,0.294,10.0,2.0,2.4,1.06,0.648,0.94,0.28,320.0,1.83,0.875,1.02,8550.0,8550.0,201700.0,278000.0,21800.0,10100.0,price_down_OI_up,10100.0,LOWER_VA,inside_value,-32.5,-92.5,2.5,161.0,83.0,31.0,-5.0,D_failed_immediately,0.0,0.475,0.461,1.371,0.925,0.444,8535.0,8535.0,8550.0,8550.0,8566.0,15.0,15.0,0.17,0.17,REJECTION,REJECTION,REJECTION,True,True,,DOWN,UP,UP,10.0,-27.0,0.67,-1.8,0.67,-2.87,3,False,False,False,False,False,False,False,False,REVERSAL
2026-09-04T11:50:00Z,CRUDEOIL,2026-09-04,CHOP,SHORT,neutral,8570.0,8574.0,8556.0,8561.0,18.0,9.0,0.5,4.0,5.0,1.0,1.16,0.71,1.13,0.57,511.0,2.99,0.97,5.44,8550.0,8550.0,250800.0,346800.0,2800.0,3900.0,price_down_OI_up,3900.0,AT_POC,near_POC,-1.5,-66.5,28.5,135.0,109.0,9.0,4.0,B_swept_returned,4.0,0.297,0.226,0.585,0.756,0.226,8561.0,,8574.0,,8570.0,13.0,,0.31,,REJECTION,MIXED,MIXED,False,True,,UP,DOWN,DOWN,187.0,-15.0,14.38,-1.15,14.38,-1.31,36,True,True,True,True,True,True,True,True,CONTINUATION
2026-09-04T12:05:00Z,CRUDEOIL,2026-09-04,CHOP,SHORT,bearish_expansion,8549.0,8549.0,8532.0,8538.0,17.0,11.0,0.647,0.0,6.0,0.55,1.13,0.68,1.07,0.69,376.0,2.18,0.913,3.69,8550.0,8550.0,262800.0,357100.0,9200.0,10000.0,price_down_OI_up,10000.0,LOWER_VA,inside_value,-24.5,-84.5,5.5,158.0,86.0,36.0,-15.0,B_swept_returned,5.5,0.293,0.2,1.02,0.844,0.18,8538.0,8536.0,8549.0,8548.0,8574.0,11.0,12.0,0.5,0.29,ACCEPTANCE,ACCEPTANCE,ACCEPTANCE,True,True,,UP,UP,DOWN,20.0,-32.0,1.82,-2.91,1.82,-3.64,4,True,False,False,False,False,False,False,False,REVERSAL
2026-09-04T12:15:00Z,CRUDEOIL,2026-09-04,CHOP,LONG,neutral,8535.0,8542.0,8532.0,8537.0,10.0,2.0,0.2,5.0,3.0,4.0,0.67,0.238,0.65,0.13,367.0,2.1,0.895,2.37,8550.0,8550.0,265400.0,349800.0,2800.0,4900.0,price_up_OI_up,2800.0,LOWER_VA,inside_value,-25.5,-85.5,4.5,159.0,85.0,37.0,5.0,E_open_space,,0.56,0.35,1.421,0.943,0.28,8537.0,,8532.0,,8532.0,5.0,,7.4,,NA,NA,NA,True,True,,DOWN,UP,DOWN,0.0,-19.0,0.0,-3.8,0.0,8.2,0,False,False,False,False,False,False,False,False,REVERSAL
2026-09-04T12:20:00Z,CRUDEOIL,2026-09-04,CHOP,SHORT,bearish_expansion,8536.0,8536.0,8518.0,8522.0,18.0,14.0,0.778,0.0,4.0,0.29,1.2,0.726,1.16,0.9,276.0,1.56,0.84,0.75,8500.0,8500.0,798900.0,1185800.0,-1400.0,-7000.0,price_down_OI_down,-7000.0,BELOW_VA,below_VAL,-40.5,-95.5,-10.5,174.0,70.0,52.0,-10.0,A_broke,10.0,0.52,0.35,1.243,0.824,0.28,8522.0,8524.0,8536.0,8532.0,8574.0,14.0,8.0,5.0,9.0,REJECTION,REJECTION,REJECTION,True,False,,UP,DOWN,UP,2.0,-48.0,0.14,-3.43,0.14,-4.0,1,False,False,False,False,False,False,False,False,REVERSAL
2026-09-04T12:30:00Z,CRUDEOIL,2026-09-04,CHOP,SHORT,bearish_rejection,8548.0,8570.0,8524.0,8533.0,46.0,15.0,0.326,22.0,9.0,2.07,3.07,0.991,2.63,0.86,1302.0,7.34,1.0,7.08,8550.0,8550.0,296100.0,316700.0,9000.0,-15300.0,price_down_OI_down,-15300.0,LOWER_VA,inside_value,-29.5,-84.5,5.5,163.0,81.0,41.0,15.0,B_swept_returned,5.5,0.413,0.467,1.531,0.801,0.373,8533.0,8533.0,8570.0,8570.0,8574.0,37.0,37.0,0.15,0.15,REJECTION,REJECTION,REJECTION,False,True,,UP,DOWN,UP,159.0,-43.0,4.3,-1.16,4.3,-1.22,28,True,True,True,True,False,False,False,False,CONTINUATION
2026-09-04T12:35:00Z,CRUDEOIL,2026-09-04,CHOP,LONG,bullish_expansion,8531.0,8551.0,8526.0,8547.0,25.0,16.0,0.64,4.0,5.0,0.56,1.67,0.908,1.39,0.89,458.0,2.44,0.945,0.35,8550.0,8550.0,277100.0,323200.0,-19000.0,6500.0,price_up_OI_down,-19000.0,LOWER_VA,inside_value,-15.5,-55.5,24.5,149.0,95.0,27.0,29.0,E_open_space,,0.693,0.442,2.434,1.099,0.373,8547.0,8538.0,8526.0,8530.0,8518.0,21.0,8.0,1.29,4.5,NA,NA,NA,True,False,,DOWN,UP,DOWN,3.0,-64.0,0.14,-3.05,0.14,1.48,2,False,False,False,False,False,False,False,False,REVERSAL
2026-09-04T12:50:00Z,CRUDEOIL,2026-09-04,CHOP,SHORT,bearish_expansion,8535.0,8535.0,8483.0,8493.0,52.0,42.0,0.808,0.0,10.0,0.24,3.35,0.991,2.58,2.09,1138.0,5.97,0.991,4.18,8500.0,8500.0,871700.0,1161000.0,,,ambiguous,,BELOW_VA,acceptance_outside_value,-69.5,-104.5,-29.5,203.0,41.0,77.0,-25.0,C_broke_accepted,25.0,0.645,0.419,2.507,1.103,0.335,8493.0,8486.0,8535.0,8498.0,8570.0,42.0,12.0,0.98,2.83,ACCEPTANCE,MIXED,MIXED,False,True,5,DOWN,UP,UP,119.0,-60.0,2.83,-1.43,2.83,-2.02,22,True,True,False,False,False,False,False,False,CONTINUATION
2026-09-04T12:55:00Z,CRUDEOIL,2026-09-04,CHOP,SHORT,bearish_rejection,8492.0,8498.0,8479.0,8486.0,19.0,6.0,0.316,6.0,7.0,2.17,1.19,0.743,0.95,0.3,709.0,3.56,0.973,0.62,8500.0,8500.0,893600.0,1174600.0,21900.0,13600.0,price_down_OI_up,13600.0,BELOW_VA,below_VAL,-76.5,-116.5,-36.5,210.0,34.0,84.0,-32.0,B_swept_returned,3.0,1.087,0.68,3.36,1.506,0.544,8486.0,8486.0,8498.0,8498.0,8570.0,12.0,12.0,2.83,2.83,REJECTION,REJECTION,REJECTION,True,False,,UP,UP,UP,0.0,-30.0,0.0,-2.5,0.0,-7.67,0,False,False,False,False,False,False,False,False,REVERSAL
2026-09-04T13:00:00Z,CRUDEOIL,2026-09-04,CHOP,LONG,bullish_expansion,8488.0,8516.0,8488.0,8514.0,28.0,26.0,0.929,2.0,0.0,0.08,1.75,0.93,1.35,1.25,624.0,3.06,0.965,0.88,8500.0,8500.0,902400.0,1170400.0,8800.0,-4200.0,price_up_OI_up,8800.0,BELOW_VA,acceptance_outside_value,-48.5,-98.5,-3.5,182.0,62.0,56.0,-4.0,C_broke_accepted,16.0,0.9,0.711,2.703,1.195,0.569,8514.0,,8488.0,,8518.0,26.0,,2.15,,REJECTION,MIXED,MIXED,True,True,,UP,UP,DOWN,19.0,-29.0,0.73,-1.12,0.73,2.46,4,False,False,False,False,False,False,False,False,REVERSAL
2026-09-04T13:25:00Z,CRUDEOIL,2026-09-04,CHOP,LONG,bullish_rejection,8508.0,8515.0,8485.0,8504.0,30.0,4.0,0.133,7.0,19.0,6.5,1.88,0.941,1.43,0.19,242.0,1.17,0.723,1.91,8500.0,8500.0,981200.0,1125400.0,-900.0,22100.0,price_up_OI_down,-900.0,LOWER_VA,inside_value,-58.5,-93.5,6.5,192.0,52.0,29.0,25.0,E_open_space,,0.562,0.484,1.367,0.991,0.45,8504.0,8504.0,8485.0,8485.0,8479.0,19.0,19.0,1.53,1.53,NA,NA,NA,True,False,,DOWN,DOWN,UP,2.0,-38.0,0.11,-2.0,0.11,3.89,0,False,False,False,False,False,False,False,False,REVERSAL
2026-09-04T13:30:00Z,CRUDEOIL,2026-09-04,CHOP,SHORT,bearish_expansion,8506.0,8506.0,8466.0,8466.0,40.0,40.0,1.0,0.0,0.0,0.0,2.5,0.975,1.79,1.79,565.0,2.73,0.942,2.33,8450.0,8450.0,52100.0,173000.0,2200.0,2300.0,price_down_OI_up,2300.0,BELOW_VA,acceptance_outside_value,-96.5,-126.5,-31.5,230.0,14.0,67.0,-13.0,C_broke_accepted,13.0,0.6,0.438,0.996,0.949,0.444,8466.0,,8506.0,,8533.0,40.0,,0.35,,ACCEPTANCE,ACCEPTANCE,ACCEPTANCE,False,True,3,DOWN,UP,DOWN,92.0,-54.0,2.3,-1.35,2.3,-2.8,13,True,True,False,False,False,False,False,False,CONTINUATION
2026-09-04T13:35:00Z,CRUDEOIL,2026-09-04,CHOP,SHORT,bearish_expansion,8467.0,8469.0,8416.0,8419.0,53.0,48.0,0.906,2.0,3.0,0.1,3.31,0.992,2.16,1.96,1715.0,8.16,1.0,3.04,8400.0,8400.0,175200.0,528200.0,15800.0,-17000.0,price_down_OI_down,-17000.0,BELOW_VA,acceptance_outside_value,-143.5,-173.5,-73.5,277.0,-33.0,114.0,-60.0,C_broke_accepted,33.0,0.838,0.523,1.334,1.019,0.469,8419.0,,8469.0,,8533.0,50.0,,,,REJECTION,MIXED,MIXED,False,True,2,UP,DOWN,DOWN,45.0,-60.0,0.9,-1.2,0.9,-3.18,10,False,False,False,False,False,False,False,False,REVERSAL
2026-09-04T13:40:00Z,CRUDEOIL,2026-09-04,CHOP,LONG,bullish_rejection,8417.0,8422.0,8388.0,8419.0,34.0,2.0,0.059,3.0,29.0,16.0,2.12,0.951,1.35,0.08,1669.0,7.5,0.992,0.97,8400.0,8400.0,187300.0,509500.0,12100.0,-18700.0,price_up_OI_up,12100.0,BELOW_VA,below_VAL,-143.5,-178.5,-63.5,277.0,3.0,114.0,-60.0,E_open_space,,1.462,0.914,2.626,1.278,0.744,8419.0,8419.0,8388.0,8388.0,8479.0,31.0,31.0,3.68,3.68,NA,NA,NA,True,True,5,DOWN,DOWN,UP,7.0,-42.0,0.23,-1.35,0.23,5.13,1,False,False,False,False,False,False,False,False,REVERSAL
2026-09-04T13:45:00Z,CRUDEOIL,2026-09-04,CHOP,SHORT,bearish_expansion,8419.0,8426.0,8395.0,8401.0,31.0,18.0,0.581,7.0,6.0,0.72,1.94,0.927,1.21,0.7,724.0,3.09,0.959,0.43,8400.0,8400.0,197600.0,518500.0,10300.0,9000.0,price_down_OI_up,9000.0,BELOW_VA,acceptance_outside_value,-161.5,-221.5,-76.5,295.0,13.0,132.0,-78.0,C_broke_accepted,76.5,1.65,1.133,3.686,1.351,0.906,8401.0,,8426.0,,8533.0,25.0,,0.52,,ACCEPTANCE,ACCEPTANCE,MIXED,True,True,,DOWN,UP,UP,27.0,-56.0,1.08,-2.24,1.08,-7.08,2,True,False,False,False,False,False,False,False,REVERSAL
2026-09-04T13:50:00Z,CRUDEOIL,2026-09-04,CHOP,SHORT,bearish_expansion,8397.0,8402.0,8377.0,8380.0,25.0,17.0,0.68,5.0,3.0,0.47,1.52,0.863,0.98,0.66,662.0,2.78,0.944,0.91,8400.0,8400.0,236200.0,554900.0,38600.0,36400.0,price_down_OI_up,36400.0,BELOW_VA,acceptance_outside_value,-182.5,-247.5,-97.5,316.0,-8.0,153.0,-8.0,C_broke_accepted,8.0,1.539,1.098,4.126,1.47,0.879,8380.0,,8402.0,,8533.0,22.0,,,,REJECTION,REJECTION,REJECTION,True,True,,UP,UP,DOWN,6.0,-23.0,0.27,-1.05,0.27,-9.0,0,False,False,False,False,False,False,False,False,REVERSAL
2026-09-04T13:55:00Z,CRUDEOIL,2026-09-04,CHOP,LONG,bullish_expansion,8381.0,8403.0,8374.0,8400.0,29.0,19.0,0.655,3.0,7.0,0.53,1.71,0.904,1.12,0.74,697.0,2.88,0.944,1.05,8400.0,8400.0,277800.0,584400.0,41600.0,29500.0,price_up_OI_up,41600.0,BELOW_VA,below_VAL,-162.5,-232.5,-77.5,296.0,23.0,26.0,12.0,D_failed_immediately,2.0,1.518,1.147,4.416,1.418,0.918,8400.0,8430.0,8374.0,8401.0,8388.0,26.0,29.0,1.0,6.98,ACCEPTANCE,ACCEPTANCE,ACCEPTANCE,False,True,2,UP,DOWN,DOWN,215.0,0.0,8.27,0.0,8.27,6.85,,True,True,True,True,True,True,True,False,CONTINUATION
2026-09-04T14:00:00Z,CRUDEOIL,2026-09-04,CHOP,LONG,bullish_expansion,8406.0,8457.0,8406.0,8449.0,51.0,43.0,0.843,8.0,0.0,0.19,3.0,0.976,1.82,1.53,1479.0,6.03,0.984,2.12,8450.0,8450.0,158700.0,162700.0,3400.0,-8200.0,price_up_OI_up,3400.0,BELOW_VA,below_VAL,-113.5,-188.5,-28.5,247.0,75.0,-23.0,61.0,A_broke,23.0,1.118,1.074,4.459,1.227,0.935,8449.0,8430.0,8406.0,8401.0,8388.0,43.0,29.0,4.38,7.16,REJECTION,REJECTION,REJECTION,True,True,5,DOWN,DOWN,UP,0.0,-48.0,0.0,-1.12,0.0,3.0,0,False,False,False,False,False,False,False,False,REVERSAL
2026-09-04T14:05:00Z,CRUDEOIL,2026-09-04,CHOP,LONG,bullish_rejection,8446.0,8446.0,8401.0,8430.0,45.0,16.0,0.356,0.0,29.0,1.81,2.65,0.961,1.53,0.54,687.0,2.69,0.929,0.46,8450.0,8450.0,161900.0,149100.0,3200.0,-13600.0,price_up_OI_up,3200.0,BELOW_VA,below_VAL,-132.5,-217.5,-47.5,266.0,56.0,-4.0,56.0,B_swept_returned,4.0,0.976,1.037,4.104,1.154,0.935,8430.0,8430.0,8401.0,8401.0,8374.0,29.0,29.0,7.5,7.5,REJECTION,MIXED,MIXED,False,True,4,DOWN,UP,UP,185.0,-18.0,6.38,-0.62,6.38,5.1,,True,True,True,True,True,True,False,False,CONTINUATION
2026-09-04T14:15:00Z,CRUDEOIL,2026-09-04,CHOP,LONG,bullish_expansion,8415.0,8445.0,8415.0,8442.0,30.0,27.0,0.9,3.0,0.0,0.11,1.76,0.899,1.04,0.94,231.0,0.9,0.674,1.08,8450.0,8450.0,136500.0,181600.0,-2900.0,29600.0,price_up_OI_down,-2900.0,BELOW_VA,acceptance_outside_value,-120.5,-210.5,-35.5,254.0,68.0,15.0,41.0,C_broke_accepted,13.0,0.976,0.699,2.899,1.162,0.829,8442.0,8454.0,8415.0,8446.0,8401.0,27.0,8.0,0.56,0.38,ACCEPTANCE,ACCEPTANCE,ACCEPTANCE,False,True,2,UP,UP,UP,173.0,-7.0,6.41,-0.26,6.41,5.04,,True,True,True,True,True,True,False,False,CONTINUATION
2026-09-04T14:20:00Z,CRUDEOIL,2026-09-04,CHOP,LONG,bullish_rejection,8450.0,8458.0,8446.0,8454.0,12.0,4.0,0.333,4.0,4.0,2.0,0.71,0.292,0.43,0.14,611.0,2.37,0.9,2.65,8450.0,8450.0,154700.0,188400.0,18200.0,6800.0,price_up_OI_up,18200.0,BELOW_VA,below_VAL,-108.5,-203.5,-23.5,242.0,80.0,3.0,53.0,B_swept_returned,3.0,0.976,0.61,2.567,1.236,0.776,8454.0,8454.0,8446.0,8446.0,8401.0,8.0,8.0,0.38,0.38,REJECTION,MIXED,MIXED,True,True,,UP,UP,UP,3.0,-19.0,0.38,-2.38,0.38,15.5,0,False,False,False,False,False,False,False,False,REVERSAL
2026-09-04T14:30:00Z,CRUDEOIL,2026-09-04,CHOP,LONG,bullish_expansion,8450.0,8479.0,8450.0,8473.0,29.0,23.0,0.793,6.0,0.0,0.26,1.71,0.886,1.05,0.84,571.0,2.19,0.886,1.65,8450.0,8450.0,150900.0,207100.0,2700.0,11500.0,price_up_OI_up,2700.0,BELOW_VA,acceptance_outside_value,-89.5,-199.5,-4.5,223.0,99.0,-15.0,72.0,C_broke_accepted,15.0,0.671,0.618,1.6,0.915,0.494,8473.0,,8450.0,,8401.0,23.0,,8.67,,ACCEPTANCE,ACCEPTANCE,ACCEPTANCE,False,True,,UP,UP,UP,142.0,-9.0,6.17,-0.39,6.17,4.57,,True,True,True,True,True,True,False,False,CONTINUATION
2026-09-04T14:35:00Z,CRUDEOIL,2026-09-04,CHOP,LONG,bullish_expansion,8474.0,8489.0,8464.0,8489.0,25.0,15.0,0.6,0.0,10.0,0.67,1.47,0.835,0.91,0.55,489.0,1.86,0.857,0.86,8500.0,8500.0,1138300.0,979300.0,0.0,22400.0,ambiguous,0.0,LOWER_VA,inside_value,-73.5,-118.5,66.5,207.0,115.0,-31.0,54.0,C_broke_accepted,10.0,0.788,0.772,1.498,0.804,0.618,8489.0,,8464.0,,8435.0,25.0,,4.74,,ACCEPTANCE,ACCEPTANCE,ACCEPTANCE,False,True,,UP,UP,UP,126.0,0.0,5.04,0.0,5.04,3.56,,True,True,True,True,True,False,False,False,CONTINUATION
2026-09-04T14:40:00Z,CRUDEOIL,2026-09-04,CHOP,LONG,bullish_expansion,8489.0,8520.0,8489.0,8511.0,31.0,22.0,0.71,9.0,0.0,0.41,1.82,0.918,1.12,0.8,1101.0,4.15,0.955,2.25,8500.0,8500.0,1137300.0,1002900.0,-1000.0,23600.0,price_up_OI_down,-1000.0,LOWER_VA,inside_value,-51.5,-86.5,88.5,185.0,137.0,-53.0,76.0,C_broke_accepted,22.0,0.871,0.647,1.696,0.855,0.676,8511.0,,8489.0,,8435.0,22.0,,3.93,,ACCEPTANCE,ACCEPTANCE,ACCEPTANCE,False,True,5,UP,UP,UP,104.0,-9.0,4.73,-0.41,4.73,3.05,,True,True,True,True,False,False,False,False,CONTINUATION
2026-09-04T14:45:00Z,CRUDEOIL,2026-09-04,CHOP,LONG,bullish_expansion,8513.0,8553.0,8508.0,8546.0,45.0,33.0,0.733,7.0,5.0,0.36,2.65,0.963,1.56,1.14,912.0,3.36,0.948,0.83,8550.0,8550.0,282900.0,174200.0,2100.0,7800.0,price_up_OI_up,2100.0,AT_POC,near_POC,-16.5,-51.5,123.5,150.0,172.0,-88.0,111.0,C_broke_accepted,26.0,1.0,0.875,2.298,0.825,0.859,8546.0,,8508.0,,8435.0,38.0,,1.36,,ACCEPTANCE,ACCEPTANCE,MIXED,True,True,,UP,UP,DOWN,36.0,-44.0,0.95,-1.16,0.95,0.84,3,False,False,False,False,False,False,False,False,REVERSAL
2026-09-04T14:50:00Z,CRUDEOIL,2026-09-04,CHOP,LONG,neutral,8547.0,8567.0,8531.0,8566.0,36.0,19.0,0.528,1.0,16.0,0.89,2.12,0.934,1.23,0.65,741.0,2.68,0.941,0.81,8550.0,8550.0,282100.0,184500.0,-800.0,10300.0,price_up_OI_down,-800.0,AT_POC,near_POC,3.5,-31.5,138.5,130.0,192.0,-108.0,131.0,C_broke_accepted,13.0,1.388,1.037,2.477,1.035,0.894,8566.0,,8531.0,,8435.0,35.0,,0.9,,ACCEPTANCE,MIXED,MIXED,True,True,,UP,DOWN,UP,16.0,-52.0,0.46,-1.49,0.46,0.34,1,False,False,False,False,False,False,False,False,REVERSAL
2026-09-04T14:55:00Z,CRUDEOIL,2026-09-04,CHOP,LONG,neutral,8565.0,8576.0,8560.0,8571.0,16.0,6.0,0.375,5.0,5.0,1.67,0.94,0.46,0.56,0.21,526.0,1.88,0.854,0.71,8550.0,8550.0,270900.0,225400.0,-11200.0,40900.0,price_up_OI_down,-11200.0,AT_POC,near_POC,8.5,-26.5,143.5,125.0,197.0,-113.0,136.0,C_broke_accepted,4.0,1.376,1.118,2.73,1.169,0.976,8571.0,8520.0,8560.0,8502.0,8435.0,11.0,18.0,2.41,4.31,REJECTION,REJECTION,REJECTION,True,True,,DOWN,UP,UP,11.0,-57.0,1.0,-5.18,1.0,0.64,0,True,False,False,False,False,False,False,False,REVERSAL
2026-09-04T15:00:00Z,CRUDEOIL,2026-09-04,CHOP,SHORT,bearish_expansion,8571.0,8582.0,8514.0,8516.0,68.0,55.0,0.809,11.0,2.0,0.24,4.0,0.993,2.18,1.76,1033.0,3.67,0.949,1.96,8500.0,8500.0,1043800.0,1254500.0,-23600.0,31500.0,price_down_OI_up,31500.0,LOWER_VA,inside_value,-46.5,-81.5,88.5,180.0,142.0,-58.0,81.0,C_broke_accepted,44.0,1.318,1.037,2.681,0.98,0.965,8516.0,,8582.0,,8458.0,66.0,,1.23,,REJECTION,REJECTION,REJECTION,False,True,,UP,UP,UP,14.0,-71.0,0.21,-1.08,0.21,-0.94,9,False,False,False,False,False,False,False,False,REVERSAL
2026-09-04T15:05:00Z,CRUDEOIL,2026-09-04,CHOP,LONG,bullish_rejection,8518.0,8530.0,8502.0,8520.0,28.0,2.0,0.071,10.0,16.0,13.0,1.65,0.842,0.9,0.06,775.0,2.7,0.935,0.75,8500.0,8500.0,1015200.0,1292500.0,-28600.0,38000.0,price_up_OI_down,-28600.0,LOWER_VA,inside_value,-42.5,-77.5,87.5,176.0,146.0,-62.0,85.0,C_broke_accepted,62.0,1.094,1.081,3.01,1.264,0.982,8520.0,8520.0,8502.0,8502.0,8435.0,18.0,18.0,4.31,4.31,ACCEPTANCE,ACCEPTANCE,ACCEPTANCE,False,True,,UP,UP,UP,95.0,-9.0,5.28,-0.5,5.28,3.22,,True,True,True,True,True,False,False,False,CONTINUATION
2026-09-04T15:25:00Z,CRUDEOIL,2026-09-04,CHOP,LONG,bullish_rejection,8545.0,8550.0,8530.0,8548.0,20.0,3.0,0.15,2.0,15.0,5.67,1.18,0.685,0.72,0.11,659.0,2.27,0.888,1.83,8550.0,8550.0,258700.0,261700.0,2000.0,-100.0,price_up_OI_up,2000.0,AT_POC,near_POC,-14.5,-49.5,110.5,148.0,174.0,34.0,46.0,C_broke_accepted,4.0,0.941,0.588,1.898,1.084,0.694,8548.0,8548.0,8530.0,8530.0,8502.0,18.0,18.0,1.89,1.89,ACCEPTANCE,ACCEPTANCE,ACCEPTANCE,False,True,3,UP,UP,DOWN,67.0,-14.0,3.72,-0.78,3.72,1.67,,True,True,True,False,False,False,False,False,CONTINUATION
2026-09-04T15:50:00Z,CRUDEOIL,2026-09-04,CHOP,LONG,bullish_expansion,8561.0,8587.0,8552.0,8587.0,35.0,26.0,0.743,0.0,9.0,0.35,2.06,0.926,1.33,0.99,1343.0,4.59,0.98,6.36,8600.0,8600.0,880000.0,761900.0,-3400.0,13400.0,price_up_OI_down,-3400.0,UPPER_VA,inside_value,24.5,-10.5,139.5,109.0,213.0,-16.0,49.0,C_broke_accepted,16.0,0.482,0.441,1.18,0.716,0.471,8587.0,8573.0,8552.0,8561.0,8538.0,35.0,12.0,0.3,2.04,REJECTION,REJECTION,REJECTION,True,True,2,DOWN,DOWN,UP,7.0,-35.0,0.2,-1.0,0.2,-0.26,3,False,False,False,False,False,False,False,False,REVERSAL
2026-09-04T15:55:00Z,CRUDEOIL,2026-09-04,CHOP,SHORT,bearish_expansion,8590.0,8594.0,8580.0,8580.0,14.0,10.0,0.714,4.0,0.0,0.4,0.82,0.322,0.55,0.39,464.0,1.55,0.812,0.35,8600.0,8600.0,871400.0,783700.0,-8600.0,21800.0,price_down_OI_up,21800.0,AT_POC,near_POC,17.5,-17.5,132.5,116.0,206.0,-9.0,42.0,E_open_space,,0.576,0.493,1.609,0.859,0.5,8580.0,8570.0,8594.0,8586.0,8571.0,14.0,16.0,3.0,2.0,NA,NA,NA,False,True,2,DOWN,UP,DOWN,46.0,-22.0,3.29,-1.57,3.29,0.14,11,True,True,True,False,False,False,False,False,CONTINUATION
2026-09-04T16:15:00Z,CRUDEOIL,2026-09-04,CHOP,SHORT,bearish_expansion,8558.0,8558.0,8534.0,8540.0,24.0,18.0,0.75,0.0,6.0,0.33,1.41,0.784,0.99,0.74,490.0,1.64,0.824,2.01,8550.0,8550.0,217900.0,343900.0,-3300.0,5800.0,price_down_OI_up,5800.0,LOWER_VA,inside_value,-22.5,-57.5,87.5,156.0,166.0,46.0,-21.0,B_swept_returned,12.0,0.494,0.412,1.68,0.87,0.376,8540.0,,8558.0,,8586.0,18.0,,4.86,,REJECTION,REJECTION,REJECTION,True,False,,UP,DOWN,DOWN,3.0,-19.0,0.17,-1.06,0.17,-2.11,0,False,False,False,False,False,False,False,False,REVERSAL
2026-09-04T16:45:00Z,CRUDEOIL,2026-09-04,CHOP,SHORT,neutral,8570.0,8574.0,8552.0,8564.0,22.0,6.0,0.273,4.0,12.0,2.67,1.29,0.736,0.99,0.27,538.0,1.82,0.849,1.56,8550.0,8550.0,229200.0,373300.0,500.0,-1700.0,price_down_OI_down,-1700.0,AT_POC,near_POC,1.5,-33.5,111.5,132.0,190.0,-3.0,23.0,B_swept_returned,10.0,0.376,0.382,0.556,0.807,0.353,8564.0,,8574.0,,8561.0,10.0,,2.3,,REJECTION,REJECTION,REJECTION,True,False,,UP,UP,UP,2.0,-16.0,0.2,-1.6,0.2,-1.4,0,False,False,False,False,False,False,False,False,REVERSAL
2026-09-04T16:55:00Z,CRUDEOIL,2026-09-04,CHOP,LONG,bullish_expansion,8575.0,8602.0,8571.0,8600.0,31.0,25.0,0.806,2.0,4.0,0.24,1.82,0.907,1.37,1.1,749.0,2.52,0.932,3.75,8600.0,8600.0,891200.0,815900.0,900.0,20900.0,price_up_OI_up,900.0,ABOVE_VA,acceptance_outside_value,37.5,2.5,142.5,96.0,226.0,-39.0,48.0,C_broke_accepted,2.5,0.459,0.338,0.885,0.787,0.306,8600.0,,8571.0,,8552.0,29.0,,3.31,,ACCEPTANCE,MIXED,MIXED,True,True,,UP,DOWN,DOWN,15.0,-34.0,0.52,-1.17,0.52,-0.76,1,False,False,False,False,False,False,False,False,REVERSAL
2026-09-04T17:00:00Z,CRUDEOIL,2026-09-04,CHOP,LONG,bullish_expansion,8600.0,8615.0,8597.0,8612.0,18.0,12.0,0.667,3.0,3.0,0.5,1.06,0.593,0.81,0.54,459.0,1.53,0.802,0.61,8600.0,8600.0,882900.0,830300.0,-8300.0,14400.0,price_up_OI_down,-8300.0,ABOVE_VA,above_VAH,49.5,9.5,154.5,84.0,238.0,-51.0,60.0,B_swept_returned,9.5,0.694,0.478,1.288,0.924,0.4,8612.0,,8597.0,,8552.0,15.0,,5.6,,REJECTION,REJECTION,REJECTION,True,False,,DOWN,DOWN,DOWN,3.0,-46.0,0.2,-3.07,0.2,-2.27,0,False,False,False,False,False,False,False,False,REVERSAL
2026-09-04T17:05:00Z,CRUDEOIL,2026-09-04,CHOP,SHORT,bearish_expansion,8613.0,8615.0,8566.0,8572.0,49.0,41.0,0.837,2.0,6.0,0.2,2.88,0.969,2.02,1.69,908.0,3.02,0.939,1.98,8550.0,8550.0,189600.0,347700.0,-19700.0,-7100.0,price_down_OI_down,-7100.0,AT_POC,near_POC,9.5,-55.5,94.5,124.0,198.0,-11.0,20.0,C_broke_accepted,25.0,0.741,0.544,1.522,0.859,0.476,8572.0,8558.0,8615.0,8573.0,8561.0,43.0,15.0,0.47,0.4,ACCEPTANCE,ACCEPTANCE,ACCEPTANCE,False,True,,DOWN,DOWN,UP,15.0,-21.0,0.35,-0.49,0.35,-0.14,,False,False,False,False,False,False,False,False,CHOP
