timestamp,symbol,session,split,day_regime,direction,spike_pctile,range_x,level_class,reclaim_within3,n1_agree,pf_loc,pf_poc_migr_dir,pf_va_width_contraction,bal_range_contraction,bal_rotations,of_imb_dir,of_vol_accel,of_oi_d_trade,idx_R,idx_MFE_R,idx_MAE_R,idx_max_R,idx_reached_3R,idx_reached_5R,atm_strike,p_entry,p_exit,prem_pts,prem_ret_pct,prem_mfe,prem_mae,prem_thin,outcome_w3
2026-07-13T10:25:00,NIFTY,2026-07-13,train,TRENDING,LONG,0.929,2.14,C_broke_accepted,False,True,NA,,,0.416,4,2.68,1.54,-189085,17.5,0.0,-1.11,0.0,False,False,24150.0,86.7,75.8,-12.525,-0.143,1.483,-13.317,False,CONTINUATION
2026-07-13T12:10:00,NIFTY,2026-07-13,train,TRENDING,LONG,1.0,2.72,C_broke_accepted,False,True,above_value,UP,0.882,0.248,3,2.41,2.23,275990,22.30999999999767,2.99,-1.19,2.99,False,False,24150.0,100.7,96.65,-6.0235,-0.0592,64.693,-9.057,False,CONTINUATION
2026-07-13T13:25:00,NIFTY,2026-07-13,train,TRENDING,SHORT,0.96,2.49,A_broke,True,False,inside_value,UP,1.527,0.485,3,2.49,2.37,400400,7.950000000000728,0.14,-2.07,0.14,False,False,24200.0,109.7,92.95,-18.7765,-0.1695,-2.397,-19.897,False,TRAP
2026-07-14T14:55:00,NIFTY,2026-07-14,train,OPENING_DRIVE,LONG,0.912,1.67,C_broke_accepted,False,True,below_value,FLAT,1.045,0.331,3,1.64,1.29,5135975,15.309999999997672,0.85,-1.57,0.85,False,False,24050.0,9.45,1.25,-8.307,-0.8703,14.0555,-8.7445,False,CONTINUATION
2026-07-16T15:00:00,NIFTY,2026-07-16,train,FAILED_BREAKOUT,SHORT,1.0,5.17,A_broke,False,False,below_value,DOWN,1.235,0.494,5,1.68,2.47,-166335,8.319999999999709,2.36,-0.33,2.36,False,False,24100.0,142.9,134.5,-11.174,-0.0774,-0.379,-11.179,False,CONTINUATION
2026-07-17T10:15:00,NIFTY,2026-07-17,train,TRENDING,LONG,0.917,2.1,A_broke,False,False,NA,,,0.293,2,1.82,1.87,-89505,2.780000000002474,11.46,-1.78,11.46,True,True,24250.0,131.15,123.55,-10.147,-0.0766,4.5385,-11.8115,False,CONTINUATION
2026-07-17T11:05:00,NIFTY,2026-07-17,train,TRENDING,SHORT,0.909,1.49,C_broke_accepted,False,True,inside_value,UP,1.007,0.273,2,0.76,1.16,214955,7.43999999999869,0.63,-1.62,0.63,False,False,24250.0,149.45,149.25,-3.187,-0.0211,4.0555,-150.9445,False,CONTINUATION
2026-07-17T14:10:00,NIFTY,2026-07-17,train,TRENDING,LONG,0.966,2.17,C_broke_accepted,False,True,near_POC,FLAT,1.0,0.548,2,2.71,1.41,216645,32.720000000001164,0.98,-0.92,0.98,False,False,24250.0,123.8,163.65,36.9755,0.2957,70.812,-0.488,False,CONTINUATION
2026-07-20T12:55:00,NIFTY,2026-07-20,train,OPENING_DRIVE,LONG,0.953,1.82,A_broke,False,True,inside_value,UP,1.126,0.546,3,1.48,1.03,350935,6.259999999998399,0.0,-1.41,0.0,False,False,24150.0,89.7,87.5,-3.972,-0.0438,3.403,-5.047,False,CONTINUATION
2026-07-21T12:55:00,NIFTY,2026-07-21,train,TRENDING,SHORT,0.93,1.79,C_broke_accepted,False,True,below_value,DOWN,0.767,0.243,5,2.0,1.51,106340,10.059999999997672,0.16,-1.54,0.16,False,False,24150.0,27.95,27.85,-0.658,-0.0233,12.5705,-5.5295,False,CONTINUATION
2026-07-22T15:10:00,NIFTY,2026-07-22,train,TRENDING,LONG,0.901,1.88,C_broke_accepted,True,False,inside_value,FLAT,1.0,0.32,4,1.28,1.21,-205465,5.30000000000291,0.16,-4.51,0.16,False,False,24000.0,152.8,149.65,-6.1745,-0.04,-0.028,-7.978,False,TRAP
2026-07-23T12:10:00,NIFTY,2026-07-23,train,OPENING_DRIVE,SHORT,0.971,2.18,C_broke_accepted,False,False,below_value,DOWN,0.88,0.325,5,1.34,0.78,70525,2.2999999999992724,55.82,-0.28,55.82,True,True,23950.0,137.8,136.3,-4.241,-0.0305,0.322,-139.178,False,CONTINUATION
2026-07-23T12:40:00,NIFTY,2026-07-23,train,OPENING_DRIVE,SHORT,0.976,2.37,C_broke_accepted,False,True,below_value,FLAT,1.091,0.812,3,2.82,1.57,132860,2.9500000000007276,15.64,-1.56,15.64,True,True,23900.0,166.65,164.4,-5.5605,-0.033,-1.8165,-8.3665,False,CONTINUATION
2026-07-23T13:35:00,NIFTY,2026-07-23,train,FAILED_BREAKOUT,LONG,0.942,2.27,C_broke_accepted,False,False,below_value,DOWN,1.221,0.438,2,0.85,0.87,82680,1.4399999999986903,31.94,-10.55,31.94,True,True,23850.0,130.7,130.0,-3.307,-0.0251,2.493,-2.007,False,CONTINUATION
2026-07-23T14:35:00,NIFTY,2026-07-23,train,FAILED_BREAKOUT,SHORT,1.0,3.22,C_broke_accepted,False,True,near_POC,DOWN,1.48,0.394,4,1.04,1.82,2925,16.69000000000233,1.8,-1.6,1.8,False,False,23850.0,130.7,122.2,-11.029,-0.0835,19.993,-14.807,False,CONTINUATION
2026-07-24T11:15:00,NIFTY,2026-07-24,train,OPENING_DRIVE,LONG,0.917,2.11,C_broke_accepted,False,True,inside_value,UP,0.737,0.344,3,1.04,1.44,116610,16.610000000000582,0.0,-1.34,0.0,False,False,23650.0,144.05,139.7,-7.1875,-0.0494,7.9095,-6.9405,False,CONTINUATION
2026-07-24T12:25:00,NIFTY,2026-07-24,train,OPENING_DRIVE,LONG,0.974,3.5,C_broke_accepted,False,False,above_value,FLAT,1.438,0.447,4,2.75,3.18,-364455,1.319999999999709,5.03,-7.95,5.03,True,True,23750.0,159.15,144.3,-17.8845,-0.1113,6.5585,-16.4415,False,CONTINUATION
2026-07-24T13:00:00,NIFTY,2026-07-24,train,TRENDING,SHORT,0.911,1.87,C_broke_accepted,True,True,above_value,UP,1.139,0.78,4,2.14,0.92,115765,7.419999999998254,0.0,-2.25,0.0,False,False,23800.0,117.8,115.9,-4.237,-0.0356,6.472,-3.178,False,TRAP
2026-07-27T10:55:00,NIFTY,2026-07-27,train,OPENING_DRIVE,LONG,0.9,1.61,A_broke,True,False,inside_value,,,0.334,5,1.21,0.75,516880,2.2599999999983993,1.92,-4.06,1.92,False,False,23950.0,71.6,72.7,-0.343,-0.0047,2.284,-6.016,False,NEUTRAL
2026-07-28T13:50:00,NIFTY,2026-07-28,train,OPENING_DRIVE,LONG,0.964,2.21,C_broke_accepted,False,False,inside_value,FLAT,1.25,0.371,4,1.47,1.54,166010,5.860000000000582,0.73,-1.77,0.73,False,False,24000.0,19.5,13.9,-5.934,-0.3013,3.405,-7.395,False,CONTINUATION
2026-07-30T12:30:00,NIFTY,2026-07-30,train,OPENING_DRIVE,LONG,1.0,5.65,A_broke,False,False,above_value,FLAT,0.937,0.194,3,1.57,5.31,8450,1.9200000000018917,6.86,-1.8,6.86,True,True,24300.0,121.9,111.5,-12.734,-0.1034,5.681,-11.619,False,NEUTRAL
2026-07-30T13:10:00,NIFTY,2026-07-30,train,OPENING_DRIVE,SHORT,0.957,2.73,A_broke,True,True,inside_value,DOWN,1.163,0.723,5,1.31,2.07,-252265,0.9499999999970896,0.0,-18.44,0.0,False,False,24300.0,134.3,124.75,-12.1405,-0.0895,-0.443,-10.893,False,TRAP
2026-07-30T14:30:00,NIFTY,2026-07-30,train,OPENING_DRIVE,LONG,0.952,2.24,C_broke_accepted,False,True,inside_value,FLAT,1.077,0.738,2,0.88,1.03,126230,23.590000000000146,3.16,-0.65,3.16,True,False,24250.0,109.7,133.3,21.17,0.1911,31.053,-5.897,False,CONTINUATION
2026-07-30T15:00:00,NIFTY,2026-07-30,train,OPENING_DRIVE,LONG,0.957,2.51,C_broke_accepted,False,True,above_value,FLAT,0.929,0.546,5,1.64,1.08,-54730,22.849999999998545,0.86,-0.88,0.86,False,False,24300.0,104.05,105.9,-0.2495,-0.0024,8.3595,-8.1405,False,CONTINUATION
2026-07-30T15:05:00,NIFTY,2026-07-30,train,TRENDING,LONG,0.929,2.17,C_broke_accepted,False,False,above_value,FLAT,0.929,0.768,4,1.66,1.9,-363480,2.639999999999418,0.0,-4.17,0.0,False,False,24300.0,105.45,99.45,-8.049,-0.0756,1.2955,-9.5545,False,CONTINUATION
2026-07-31T13:30:00,NIFTY,2026-07-31,train,FAILED_BREAKDOWN,SHORT,0.922,2.36,A_broke,False,False,above_value,DOWN,1.476,0.338,3,1.0,1.52,361725,9.75,0.98,-1.28,0.98,False,False,24400.0,94.2,86.4,-9.606,-0.101,0.808,-8.742,False,CONTINUATION
2026-07-31T14:30:00,NIFTY,2026-07-31,train,FAILED_BREAKDOWN,SHORT,0.968,2.78,C_broke_accepted,False,False,inside_value,FLAT,0.958,0.351,5,1.45,1.61,-97240,7.18999999999869,2.71,-1.37,2.71,False,False,24400.0,97.7,91.0,-8.587,-0.087,4.173,-10.677,False,CONTINUATION
2026-07-31T15:00:00,NIFTY,2026-07-31,train,FAILED_BREAKOUT,LONG,0.928,2.29,C_broke_accepted,False,True,inside_value,FLAT,1.0,0.653,4,1.15,1.38,193895,15.960000000002765,0.0,-1.45,0.0,False,False,24350.0,108.75,104.45,-6.432,-0.0586,0.1625,-9.7875,False,CONTINUATION
2026-08-04T10:20:00,NIFTY,2026-08-04,train,OPENING_DRIVE,SHORT,1.0,1.72,C_broke_accepted,False,False,NA,,,0.371,2,1.33,1.01,1646710,1.6700000000018917,14.23,-1.77,14.23,True,True,24600.0,38.85,43.25,3.579,0.0912,4.7615,-0.1885,False,CONTINUATION
2026-08-04T11:45:00,NIFTY,2026-08-04,train,FAILED_BREAKOUT,SHORT,1.0,2.56,A_broke,False,False,below_value,DOWN,1.195,0.607,1,2.45,1.87,-1982370,3.650000000001455,27.79,-22.29,27.79,True,True,24550.0,55.8,54.35,-2.5515,-0.0453,-0.558,-9.358,False,CONTINUATION
2026-08-04T13:25:00,NIFTY,2026-08-04,train,TRENDING,SHORT,0.96,2.25,C_broke_accepted,False,True,below_value,DOWN,1.497,0.445,4,2.98,0.99,164255,4.700000000000728,7.29,-1.65,7.29,True,True,24500.0,56.05,56.25,-0.923,-0.0163,5.3895,-6.2105,False,CONTINUATION
2026-08-04T13:50:00,NIFTY,2026-08-04,train,TRENDING,SHORT,1.0,2.73,C_broke_accepted,False,False,below_value,DOWN,1.081,0.549,4,2.16,1.1,-1034475,0.7399999999979627,10.03,-9.08,10.03,True,True,24450.0,37.9,37.5,-1.154,-0.0301,3.071,-3.579,False,CONTINUATION
2026-08-04T14:20:00,NIFTY,2026-08-04,train,TRENDING,SHORT,0.984,2.58,C_broke_accepted,False,True,below_value,UP,1.089,0.574,4,1.19,1.37,467220,11.360000000000582,0.77,-1.34,0.77,False,False,24500.0,54.7,58.75,2.9155,0.0528,4.953,-3.197,False,CONTINUATION
2026-08-04T14:30:00,NIFTY,2026-08-04,train,TRENDING,SHORT,0.984,2.61,C_broke_accepted,True,False,below_value,FLAT,1.065,0.815,3,1.85,0.81,1163630,11.819999999999709,0.0,-1.43,0.0,False,False,24450.0,30.55,32.85,1.666,0.054,4.0445,0.0945,False,NEUTRAL
2026-08-05T10:25:00,NIFTY,2026-08-05,train,OPENING_DRIVE,SHORT,1.0,2.66,D_failed_immediately,True,False,NA,,,0.457,5,1.64,1.09,8125,1.4599999999991269,3.69,-5.78,3.69,True,False,24600.0,130.65,134.3,1.0005,0.0076,18.9435,-1.8565,False,TRAP
2026-08-05T10:55:00,NIFTY,2026-08-05,train,OPENING_DRIVE,LONG,0.95,1.85,C_broke_accepted,True,True,above_value,,,0.461,2,1.98,1.67,6435,7.680000000000291,1.17,-2.68,1.17,False,False,24650.0,154.6,145.25,-12.3485,-0.0791,5.754,-10.896,False,TRAP
2026-08-05T11:05:00,NIFTY,2026-08-05,train,OPENING_DRIVE,SHORT,0.955,1.99,C_broke_accepted,False,False,inside_value,DOWN,1.258,0.772,1,0.62,1.31,569010,5.739999999997963,23.74,-0.18,23.74,True,True,24650.0,129.85,135.3,2.7985,0.0213,5.2015,-5.3985,False,CONTINUATION
2026-08-05T13:20:00,NIFTY,2026-08-05,train,TRENDING,SHORT,0.939,2.39,C_broke_accepted,False,False,below_value,UP,1.17,0.404,5,1.26,0.77,26910,2.75,3.11,-1.73,3.11,True,False,24550.0,156.85,161.6,1.5655,0.0099,3.1815,-6.2185,False,CONTINUATION
2026-08-06T11:40:00,NIFTY,2026-08-06,train,OPENING_DRIVE,SHORT,1.0,1.99,C_broke_accepted,True,False,near_POC,DOWN,1.33,0.595,1,1.72,1.35,57330,0.6499999999978172,0.0,-23.17,0.0,False,False,24650.0,131.1,124.4,-9.255,-0.0699,3.489,-9.111,False,TRAP
2026-08-06T11:55:00,NIFTY,2026-08-06,train,OPENING_DRIVE,LONG,0.906,1.73,A_broke,True,False,above_value,DOWN,1.561,0.537,2,1.38,0.99,104585,1.569999999999709,0.54,-2.71,0.54,False,False,24650.0,163.75,151.25,-15.65,-0.0946,-3.7875,-14.1375,False,TRAP
2026-08-06T13:55:00,NIFTY,2026-08-06,train,OPENING_DRIVE,LONG,0.964,2.27,A_broke,False,True,inside_value,FLAT,1.0,0.551,3,0.93,1.17,59735,11.0,1.43,-1.1,1.43,False,False,24650.0,148.0,141.35,-9.5435,-0.0638,6.77,-9.58,False,CONTINUATION
2026-08-06T14:30:00,NIFTY,2026-08-06,train,OPENING_DRIVE,SHORT,0.937,2.14,A_broke,False,True,inside_value,UP,1.111,0.635,3,1.28,1.52,-35295,7.709999999999127,3.48,-0.29,3.48,True,False,24650.0,114.15,115.35,-1.095,-0.0095,3.3085,-1.9915,False,CONTINUATION
2026-08-07T13:45:00,NIFTY,2026-08-07,train,FAILED_BREAKOUT,LONG,0.963,2.4,C_broke_accepted,False,False,inside_value,DOWN,0.909,0.333,3,0.61,1.05,248040,0.6999999999970896,2.14,-30.13,2.14,False,False,24550.0,142.85,134.0,-11.6185,-0.0805,5.7215,-14.6785,False,CONTINUATION
2026-08-10T10:15:00,NIFTY,2026-08-10,train,TRENDING,LONG,0.917,1.82,C_broke_accepted,False,True,NA,,,0.301,3,0.96,1.37,94640,17.56999999999971,1.5,-1.07,1.5,False,False,24550.0,109.15,113.0,1.6285,0.0148,28.0085,1.4585,False,CONTINUATION
2026-08-10T15:05:00,NIFTY,2026-08-10,train,OPENING_DRIVE,SHORT,0.914,1.91,C_broke_accepted,False,False,below_value,FLAT,1.182,0.575,1,1.78,1.07,-898950,0.5200000000004366,0.0,-1.15,0.0,False,False,24600.0,74.4,73.2,-2.676,-0.0356,3.256,-4.844,False,CONTINUATION
2026-08-11T12:40:00,NIFTY,2026-08-11,val,TRENDING,LONG,0.951,2.31,C_broke_accepted,True,True,inside_value,DOWN,1.096,0.319,5,0.9,1.25,-461110,7.110000000000582,0.4,-1.19,0.4,False,False,24450.0,49.4,47.95,-2.4235,-0.0486,4.556,-2.794,False,TRAP
2026-08-11T15:05:00,NIFTY,2026-08-11,val,TRENDING,SHORT,0.971,2.28,C_broke_accepted,False,False,near_POC,UP,0.941,0.515,2,1.69,1.58,1123720,3.459999999999127,0.2,-5.99,0.2,False,False,24450.0,15.5,0.3,-15.358,-0.981,1.395,-15.355,False,CONTINUATION
2026-08-12T10:30:00,NIFTY,2026-08-12,val,OPENING_DRIVE,LONG,1.0,1.72,A_broke,True,False,inside_value,,,0.43,2,0.93,1.12,112970,1.9700000000011642,0.0,-4.87,0.0,False,False,24400.0,150.35,141.75,-11.521,-0.0759,-1.8535,-10.5535,False,TRAP
2026-08-12T10:55:00,NIFTY,2026-08-12,val,OPENING_DRIVE,SHORT,1.0,3.19,C_broke_accepted,False,True,below_value,,,0.4,3,2.78,1.68,119015,17.37999999999738,2.05,-1.45,2.05,False,False,24350.0,121.5,105.6,-18.171,-0.1481,19.685,-17.115,False,CONTINUATION
2026-08-12T14:30:00,NIFTY,2026-08-12,val,TRENDING,LONG,0.984,3.15,A_broke,False,False,inside_value,FLAT,0.917,0.259,3,1.35,3.52,-171925,2.110000000000582,4.86,-1.14,4.86,True,False,24300.0,185.0,183.0,-5.68,-0.0304,-1.0,-9.55,False,CONTINUATION
2026-08-13T11:55:00,NIFTY,2026-08-13,val,OPENING_DRIVE,LONG,0.969,2.17,C_broke_accepted,False,True,above_value,UP,1.077,0.544,2,1.57,1.36,-66495,26.970000000001164,0.0,-1.42,0.0,False,False,24350.0,153.25,153.6,-2.7185,-0.0176,30.4675,-1.1825,False,CONTINUATION
2026-08-13T12:00:00,NIFTY,2026-08-13,val,OPENING_DRIVE,LONG,1.0,2.76,A_broke,False,False,above_value,UP,1.079,0.732,2,1.5,3.02,-513630,1.9399999999986903,0.7,-5.93,0.7,False,False,24400.0,151.15,134.1,-19.9025,-0.1304,-4.4615,-20.6115,False,NEUTRAL
2026-08-13T13:40:00,NIFTY,2026-08-13,val,FAILED_BREAKOUT,LONG,0.943,2.11,C_broke_accepted,False,False,above_value,FLAT,1.048,0.261,4,1.15,1.34,-189150,0.5999999999985448,32.25,-26.35,32.25,True,True,24350.0,163.15,157.4,-8.9555,-0.0543,-3.9315,-9.6315,False,CONTINUATION
2026-08-13T14:05:00,NIFTY,2026-08-13,val,FAILED_BREAKOUT,SHORT,0.931,2.03,C_broke_accepted,True,True,near_POC,UP,1.045,0.565,4,2.0,1.01,126360,5.789999999997235,1.1,-3.52,1.1,False,False,24350.0,64.65,62.45,-3.471,-0.0532,2.4035,-3.3965,False,TRAP
2026-08-14T10:55:00,NIFTY,2026-08-14,val,OPENING_DRIVE,SHORT,0.9,2.12,C_broke_accepted,False,False,below_value,,,0.518,1,1.63,1.04,318305,0.7999999999992724,9.11,-11.67,9.11,True,True,24300.0,65.15,64.9,-1.5505,-0.0236,3.5485,-1.6015,False,CONTINUATION
2026-08-14T13:35:00,NIFTY,2026-08-14,val,OPENING_DRIVE,LONG,0.942,2.74,C_broke_accepted,False,True,inside_value,UP,0.917,0.336,2,0.66,2.51,243295,7.460000000002765,6.06,-0.34,6.06,True,True,24350.0,99.8,107.65,5.7755,0.0573,6.852,-0.148,False,CONTINUATION
2026-08-14T13:45:00,NIFTY,2026-08-14,val,OPENING_DRIVE,LONG,1.0,4.03,C_broke_accepted,False,True,above_value,FLAT,0.956,0.492,2,1.6,3.99,29315,13.75,0.5,-1.15,0.5,False,False,24350.0,135.55,124.4,-13.7495,-0.1004,6.2445,-12.5055,False,CONTINUATION
2026-08-17T11:50:00,NIFTY,2026-08-17,val,TRENDING,LONG,0.9,1.82,A_broke,False,True,inside_value,DOWN,1.045,0.39,4,1.01,1.63,-7930,0.43000000000029104,10.03,-3.92,10.03,True,True,24250.0,82.2,82.85,-1.0005,-0.0121,3.228,-0.472,False,CONTINUATION
2026-08-17T12:45:00,NIFTY,2026-08-17,val,FAILED_BREAKDOWN,LONG,0.95,2.63,C_broke_accepted,False,True,above_value,UP,1.121,0.734,2,1.34,1.82,-283205,0.75,7.78,-7.98,7.78,True,True,24300.0,90.45,98.9,6.5565,0.0718,14.6955,3.4955,False,CONTINUATION
2026-08-18T14:25:00,NIFTY,2026-08-18,val,TRENDING,LONG,0.984,2.12,C_broke_accepted,False,False,inside_value,DOWN,0.875,0.303,5,0.91,1.56,251225,2.9899999999979627,1.07,-2.14,1.07,False,False,24200.0,28.25,29.7,0.8705,0.0305,3.2175,-3.7325,False,CONTINUATION
2026-08-18T15:00:00,NIFTY,2026-08-18,val,FAILED_BREAKOUT,SHORT,0.986,2.32,C_broke_accepted,False,True,near_POC,FLAT,1.0,0.556,2,1.33,1.58,-98215,9.860000000000582,4.23,-0.5,4.23,True,False,24200.0,13.2,16.4,2.904,0.2178,3.068,-4.032,False,CONTINUATION
2026-08-18T15:10:00,NIFTY,2026-08-18,val,TRENDING,SHORT,0.986,2.6,C_broke_accepted,False,False,below_value,FLAT,1.0,0.5,3,2.06,0.87,-849095,0.6400000000030559,18.0,0.0,18.0,True,True,24200.0,16.4,45.45,28.4315,1.7165,50.536,-3.864,False,CONTINUATION
2026-08-19T10:15:00,NIFTY,2026-08-19,val,OPENING_DRIVE,SHORT,0.917,1.79,C_broke_accepted,False,True,NA,,,0.514,3,3.22,1.41,156065,1.2400000000016007,1.21,-3.11,1.21,False,False,24100.0,111.85,113.75,-0.356,-0.0032,2.5315,-0.3185,False,CONTINUATION
2026-08-19T11:45:00,NIFTY,2026-08-19,val,TRENDING,LONG,0.9,1.86,C_broke_accepted,False,True,inside_value,DOWN,0.867,0.372,2,0.8,1.33,44070,8.960000000002765,0.2,-1.75,0.2,False,False,24050.0,162.1,157.3,-7.994,-0.0488,6.229,-6.421,False,CONTINUATION
2026-08-19T12:00:00,NIFTY,2026-08-19,val,OPENING_DRIVE,SHORT,0.97,2.05,C_broke_accepted,False,True,inside_value,DOWN,0.852,0.523,3,1.45,0.9,170625,8.420000000001892,3.18,-3.02,3.18,True,False,24100.0,114.05,115.25,-1.093,-0.0095,6.7595,-12.6905,False,CONTINUATION
2026-08-20T12:45:00,NIFTY,2026-08-20,val,OPENING_DRIVE,LONG,1.0,4.64,C_broke_accepted,False,True,above_value,DOWN,1.0,0.26,4,1.37,3.27,-230230,3.1599999999998545,1.46,-1.27,1.46,False,False,24250.0,143.0,144.35,-1.5235,-0.0105,15.27,-3.03,False,CONTINUATION
2026-08-20T14:15:00,NIFTY,2026-08-20,val,FAILED_BREAKOUT,LONG,0.95,2.4,C_broke_accepted,False,False,above_value,FLAT,1.642,0.457,2,1.0,0.93,-8775,5.580000000001746,2.12,-1.44,2.12,False,False,24200.0,165.05,160.8,-7.5085,-0.045,5.7495,-166.7005,False,CONTINUATION
2026-08-24T11:00:00,NIFTY,2026-08-24,oos,TRENDING,SHORT,1.0,4.0,C_broke_accepted,False,True,below_value,UP,1.127,0.544,2,2.01,2.61,25285,5.200000000000728,14.81,0.0,14.81,True,True,24250.0,63.55,69.05,4.174,0.065,9.7645,1.3645,False,CONTINUATION
2026-08-24T11:20:00,NIFTY,2026-08-24,oos,TRENDING,SHORT,0.96,3.34,C_broke_accepted,False,True,below_value,DOWN,1.749,1.485,1,1.64,0.79,603395,1.930000000000291,28.54,-8.7,28.54,True,True,24200.0,51.0,52.15,0.1185,0.0023,3.09,0.39,False,CONTINUATION
2026-08-24T11:30:00,NIFTY,2026-08-24,oos,TRENDING,SHORT,0.926,3.29,C_broke_accepted,False,False,below_value,UP,2.997,1.572,2,1.72,1.38,557310,0.569999999999709,2.97,-13.18,2.97,False,False,24200.0,66.15,64.35,-3.105,-0.0465,3.8385,-5.7115,False,CONTINUATION
2026-08-24T13:05:00,NIFTY,2026-08-24,oos,TRENDING,SHORT,0.933,2.48,A_broke,True,False,below_value,FLAT,1.05,0.568,2,2.97,2.9,-142220,0.4599999999991269,8.12,-10.93,8.12,True,True,24150.0,47.35,42.15,-6.095,-0.1274,0.7265,-5.6735,False,TRAP
2026-08-24T13:30:00,NIFTY,2026-08-24,oos,TRENDING,SHORT,0.94,2.65,A_broke,False,False,below_value,DOWN,1.029,0.669,1,2.24,1.03,271895,0.6999999999970896,2.58,-5.74,2.58,False,False,24150.0,44.5,42.35,-3.0185,-0.0672,-0.245,-3.895,False,NEUTRAL
2026-08-25T11:55:00,NIFTY,2026-08-25,oos,OPENING_DRIVE,LONG,0.906,2.05,A_broke,False,True,above_value,UP,0.809,0.259,4,2.07,3.02,-505960,15.889999999999418,0.0,-1.08,0.0,False,False,24150.0,58.4,51.45,-8.0485,-0.1365,0.016,-13.934,False,NEUTRAL
2026-08-25T14:25:00,NIFTY,2026-08-25,oos,OPENING_DRIVE,LONG,0.968,2.71,C_broke_accepted,False,True,above_value,UP,0.955,0.545,2,2.95,1.92,-2143180,23.760000000002037,5.7,-0.35,5.7,True,True,24150.0,52.05,168.95,114.69,2.1816,122.7795,-2.0205,False,CONTINUATION
2026-08-25T14:50:00,NIFTY,2026-08-25,oos,TRENDING,LONG,0.925,2.53,C_broke_accepted,False,True,above_value,DOWN,1.096,0.904,2,2.58,1.26,-157105,14.069999999999709,5.87,-0.74,5.87,True,True,24200.0,68.3,118.25,48.0845,0.697,56.617,-7.833,False,CONTINUATION
2026-08-26T10:15:00,NIFTY,2026-08-26,oos,OPENING_DRIVE,SHORT,0.917,2.8,C_broke_accepted,False,True,NA,,,0.463,4,2.44,1.71,-251875,20.220000000001164,0.21,-1.08,0.21,False,False,24350.0,88.75,86.6,-3.9035,-0.0435,13.0125,-3.0375,False,CONTINUATION
2026-08-27T12:35:00,NIFTY,2026-08-27,oos,TRENDING,LONG,0.925,1.87,C_broke_accepted,False,False,inside_value,DOWN,1.055,0.301,4,0.89,1.46,-78000,5.599999999998545,0.8,-1.09,0.8,False,False,24150.0,159.15,159.85,-2.49,-0.0155,-0.5415,-6.4415,False,CONTINUATION
2026-08-27T13:45:00,NIFTY,2026-08-27,oos,TRENDING,SHORT,0.963,2.39,C_broke_accepted,False,True,below_value,FLAT,0.928,0.365,5,2.43,1.87,-136175,4.94999999999709,3.1,-1.84,3.1,True,False,24150.0,70.0,77.25,5.7775,0.0817,9.85,1.25,False,CONTINUATION
2026-08-28T11:25:00,NIFTY,2026-08-28,oos,OPENING_DRIVE,SHORT,0.962,1.72,C_broke_accepted,False,True,below_value,DOWN,0.875,0.304,4,4.21,1.81,-716625,17.7599999999984,1.55,-1.06,1.55,False,False,24150.0,76.7,73.5,-4.702,-0.0607,26.083,-4.717,False,CONTINUATION
2026-08-28T11:55:00,NIFTY,2026-08-28,oos,OPENING_DRIVE,SHORT,0.938,1.68,A_broke,False,True,below_value,DOWN,1.226,0.712,2,2.53,1.56,-127725,1.639999999999418,0.0,-7.3,0.0,False,False,24100.0,76.25,72.75,-4.99,-0.0648,-0.7125,-7.9125,False,CONTINUATION
2026-09-03T05:45:00Z,NIFTY,2026-09-03,oos,OPENING_DRIVE,LONG,0.958,1.75,C_broke_accepted,False,False,below_value,DOWN,1.221,0.457,4,,,,3.9500000000007276,8.55,-5.03,8.55,True,True,24050.0,78.65,81.25,1.001,0.0126,4.7135,-0.2365,False,CONTINUATION
2026-09-03T06:30:00Z,NIFTY,2026-09-03,oos,OPENING_DRIVE,SHORT,0.939,1.65,C_broke_accepted,False,True,below_value,FLAT,0.964,0.267,4,,,,10.169999999998254,3.67,-1.13,3.67,True,False,24050.0,159.0,168.9,6.621,0.0412,14.56,-8.09,False,CONTINUATION
2026-09-04T06:30:00Z,NIFTY,2026-09-04,oos,TRENDING,SHORT,1.0,2.7,A_broke,False,True,inside_value,UP,1.088,0.295,3,,,,2.970000000001164,18.03,-0.67,18.03,True,True,24100.0,155.95,153.75,-5.297,-0.0336,0.3905,-3.7595,False,CONTINUATION
2026-07-13T11:35:00,NATURALGAS,2026-07-13,train,TRENDING,LONG,1.0,3.2,C_broke_accepted,True,True,above_value,UP,1.033,0.4,3,2.24,2.48,-88750,0.12000000000000455,2.42,-5.65,2.42,False,False,280.0,10.75,10.5,-0.4625,-0.0426,0.1925,-0.3575,False,TRAP
2026-07-13T11:50:00,NATURALGAS,2026-07-13,train,TRENDING,SHORT,1.0,2.67,A_broke,False,False,above_value,FLAT,1.117,0.625,1,0.52,1.24,88750,0.22000000000002728,29.46,-0.45,29.46,True,True,280.0,10.6,10.55,-0.2615,-0.0244,-0.106,-0.256,False,CONTINUATION
2026-07-13T12:00:00,NATURALGAS,2026-07-13,train,FAILED_BREAKOUT,SHORT,1.0,3.33,A_broke,False,False,inside_value,DOWN,1.194,0.625,1,0.64,0.55,22500,0.12999999999999545,2.31,-3.08,2.31,False,False,280.0,11.0,10.8,-0.418,-0.0376,-0.01,-0.41,False,CONTINUATION
2026-07-13T13:05:00,NATURALGAS,2026-07-13,train,FAILED_BREAKOUT,SHORT,0.978,2.67,C_broke_accepted,False,False,below_value,FLAT,0.932,0.25,1,0.37,1.89,-1250,0.01999999999998181,0.0,-8.33,0.0,False,False,280.0,11.15,11.1,-0.2725,-0.0242,-0.0115,-0.1615,False,CONTINUATION
2026-07-13T13:50:00,NATURALGAS,2026-07-13,train,FAILED_BREAKOUT,LONG,1.0,3.33,A_broke,False,False,below_value,DOWN,1.25,0.75,2,0.89,0.79,83750,0.03000000000002956,36.67,-3.33,36.67,True,True,280.0,9.4,9.25,-0.3365,-0.0354,-0.094,-0.244,False,CONTINUATION
2026-07-13T14:00:00,NATURALGAS,2026-07-13,train,FAILED_BREAKOUT,LONG,0.965,2.67,C_broke_accepted,False,True,below_value,UP,1.213,0.75,2,2.04,0.85,103750,0.5200000000000387,0.19,-1.34,0.19,False,False,280.0,9.6,9.25,-0.5385,-0.0555,0.004,-0.446,False,CONTINUATION
2026-07-13T15:40:00,NATURALGAS,2026-07-13,train,FAILED_BREAKOUT,LONG,0.909,2.33,B_swept_returned,True,False,below_value,FLAT,1.064,0.5,1,1.6,0.86,538750,0.6200000000000045,2.09,-1.45,2.09,False,False,280.0,9.05,9.0,-0.2305,-0.0252,0.6595,-0.1405,False,TRAP
2026-07-13T16:45:00,NATURALGAS,2026-07-13,train,FAILED_BREAKOUT,SHORT,0.978,3.33,C_broke_accepted,False,True,below_value,FLAT,0.943,0.667,4,0.58,0.98,51250,0.12999999999999545,0.0,-6.92,0.0,False,False,280.0,11.4,11.3,-0.327,-0.0284,0.136,-0.414,False,CONTINUATION
2026-07-13T17:30:00,NATURALGAS,2026-07-13,train,FAILED_BREAKOUT,LONG,0.99,4.0,C_broke_accepted,True,True,near_POC,FLAT,1.064,0.583,3,1.38,1.38,191250,0.23999999999995225,0.0,-5.93,0.0,False,False,280.0,9.45,9.05,-0.585,-0.0613,0.4555,-0.5945,False,TRAP
2026-07-13T18:50:00,NATURALGAS,2026-07-13,train,TRENDING,SHORT,1.0,5.75,A_broke,False,True,below_value,UP,1.035,0.844,4,3.72,2.62,-41250,0.4700000000000273,2.35,-2.13,2.35,False,False,280.0,13.05,12.35,-0.954,-0.0724,0.6695,-0.9305,False,CONTINUATION
2026-07-13T20:30:00,NATURALGAS,2026-07-13,train,TRENDING,LONG,0.948,2.44,C_broke_accepted,False,True,below_value,FLAT,1.081,0.444,1,2.49,2.01,11250,0.029999999999972715,18.18,-3.03,18.18,True,True,280.0,7.75,7.95,0.043,0.0055,0.2225,-0.1275,False,CONTINUATION
2026-07-14T10:00:00,NATURALGAS,2026-07-14,train,OPENING_DRIVE,SHORT,1.0,2.0,C_broke_accepted,False,True,NA,,,0.375,2,0.57,1.0,-52500,0.32000000000005,1.57,-2.2,1.57,False,False,280.0,10.65,10.5,-0.3615,-0.0336,0.4435,-0.2565,False,CONTINUATION
2026-07-14T10:20:00,NATURALGAS,2026-07-14,train,FAILED_BREAKOUT,LONG,1.0,2.0,C_broke_accepted,False,False,near_POC,,,0.708,3,0.9,1.4,-78750,0.020000000000038654,5.56,-5.56,5.56,True,True,280.0,9.15,9.0,-0.3315,-0.0359,-0.0915,-0.2915,False,CONTINUATION
2026-07-14T11:40:00,NATURALGAS,2026-07-14,train,TRENDING,LONG,0.906,2.0,C_broke_accepted,False,True,inside_value,DOWN,1.229,0.375,4,1.5,0.85,-11250,0.4200000000000159,0.72,-1.2,0.72,False,False,280.0,8.55,8.55,-0.171,-0.0198,0.2145,-0.1355,False,CONTINUATION
2026-07-14T13:00:00,NATURALGAS,2026-07-14,train,FAILED_BREAKOUT,LONG,1.0,2.0,C_broke_accepted,False,True,inside_value,DOWN,1.0,0.375,1,1.02,1.52,35000,0.7199999999999704,1.39,-1.53,1.39,False,False,280.0,8.8,8.8,-0.176,-0.0198,0.712,-0.388,False,CONTINUATION
2026-07-14T13:05:00,NATURALGAS,2026-07-14,train,FAILED_BREAKOUT,LONG,1.0,4.0,A_broke,True,True,above_value,DOWN,1.0,0.625,2,1.33,3.6,-78750,0.4399999999999977,1.38,-2.06,1.38,False,False,280.0,9.15,8.85,-0.48,-0.0519,0.3585,-0.3915,False,TRAP
2026-07-14T13:20:00,NATURALGAS,2026-07-14,train,FAILED_BREAKDOWN,SHORT,0.981,3.0,A_broke,False,False,inside_value,FLAT,1.0,1.042,1,0.35,1.0,-22500,0.2300000000000182,5.29,-1.76,5.29,True,True,280.0,10.55,10.4,-0.3595,-0.0337,-0.0555,-0.3555,False,CONTINUATION
2026-07-14T15:45:00,NATURALGAS,2026-07-14,train,FAILED_BREAKDOWN,SHORT,0.963,2.0,C_broke_accepted,False,False,above_value,DOWN,1.047,0.667,1,0.69,0.88,246250,0.020000000000038654,22.22,-5.56,22.22,True,True,280.0,9.5,9.65,-0.0415,-0.0043,0.305,-0.095,False,CONTINUATION
2026-07-14T17:25:00,NATURALGAS,2026-07-14,train,FAILED_BREAKOUT,SHORT,0.99,3.25,D_failed_immediately,True,False,below_value,FLAT,0.949,0.656,3,,,-41250,0.13999999999998636,0.0,-15.83,0.0,False,False,,,,,,,,,TRAP
2026-07-14T18:40:00,NATURALGAS,2026-07-14,train,FAILED_BREAKOUT,LONG,1.0,5.5,A_broke,False,False,inside_value,UP,1.027,1.156,2,1.45,6.05,28017500,0.06999999999999318,25.76,-13.64,25.76,True,True,280.0,8.4,7.9,-0.663,-0.0781,0.016,-0.584,False,CONTINUATION
2026-07-14T19:05:00,NATURALGAS,2026-07-14,train,FAILED_BREAKOUT,SHORT,0.991,3.5,A_broke,True,False,below_value,UP,1.032,1.219,4,0.8,1.03,-10000,0.1400000000000432,2.11,-7.75,2.11,False,False,280.0,10.85,10.1,-0.9595,-0.0876,-0.1085,-0.9085,False,TRAP
2026-07-14T19:15:00,NATURALGAS,2026-07-14,train,FAILED_BREAKOUT,LONG,0.991,3.5,A_broke,False,False,inside_value,UP,1.032,1.219,4,1.23,0.7,-32500,0.339999999999975,1.46,-1.75,1.46,False,False,280.0,8.0,7.85,-0.3085,-0.0382,0.12,-0.43,False,CONTINUATION
2026-07-14T21:05:00,NATURALGAS,2026-07-14,train,FAILED_BREAKDOWN,LONG,0.902,2.5,C_broke_accepted,False,True,above_value,FLAT,1.0,0.75,3,1.62,1.28,-85000,0.9300000000000068,0.0,-1.18,0.0,False,False,280.0,9.15,8.9,-0.4305,-0.0466,0.1085,-0.4415,False,CONTINUATION
2026-07-15T14:30:00,NATURALGAS,2026-07-15,train,OPENING_DRIVE,LONG,0.929,2.0,C_broke_accepted,False,True,above_value,,,0.5,2,0.63,1.05,36250,0.3199999999999932,6.35,-2.54,6.35,True,True,280.0,9.75,10.45,0.498,0.0506,0.6025,-0.0975,False,CONTINUATION
2026-07-15T14:40:00,NATURALGAS,2026-07-15,train,OPENING_DRIVE,LONG,0.938,2.0,C_broke_accepted,False,False,above_value,,,0.667,2,1.41,2.54,-93750,0.21999999999997044,4.59,-2.29,4.59,True,False,280.0,10.45,10.5,-0.1595,-0.0151,0.0455,-0.1545,False,CONTINUATION
2026-07-15T14:50:00,NATURALGAS,2026-07-15,train,TRENDING,LONG,0.944,2.33,C_broke_accepted,True,True,above_value,,,1.0,2,1.26,1.87,-52500,0.3199999999999932,0.31,-2.49,0.31,False,False,280.0,10.7,10.2,-0.709,-0.0656,-0.007,-0.707,False,TRAP
2026-07-15T16:05:00,NATURALGAS,2026-07-15,train,FAILED_BREAKDOWN,SHORT,1.0,3.33,A_broke,False,False,inside_value,FLAT,1.031,0.333,5,1.17,0.94,113750,0.2300000000000182,9.57,-3.91,9.57,True,True,280.0,7.9,8.05,-0.0095,-0.0012,0.071,-0.279,False,NEUTRAL
2026-07-15T17:35:00,NATURALGAS,2026-07-15,train,FAILED_BREAKOUT,SHORT,1.0,3.5,C_broke_accepted,False,True,near_POC,FLAT,0.966,0.813,3,0.72,2.57,33750,0.339999999999975,3.8,-1.17,3.8,True,False,280.0,8.3,8.8,0.329,0.0392,0.467,0.067,False,CONTINUATION
2026-07-15T18:25:00,NATURALGAS,2026-07-15,train,FAILED_BREAKOUT,SHORT,1.0,3.4,C_broke_accepted,False,True,below_value,DOWN,1.141,0.425,3,0.77,2.02,71250,0.3499999999999659,0.85,-1.14,0.85,False,False,280.0,9.8,10.4,0.398,0.0402,0.652,0.302,False,CONTINUATION
2026-07-15T19:50:00,NATURALGAS,2026-07-15,train,FAILED_BREAKOUT,LONG,0.987,3.2,C_broke_accepted,False,True,near_POC,FLAT,1.042,0.45,4,1.65,2.96,55000,0.44999999999998863,3.79,-1.56,3.79,True,False,280.0,9.15,9.95,0.609,0.0659,0.7085,-0.0915,False,CONTINUATION
2026-07-15T20:00:00,NATURALGAS,2026-07-15,train,FAILED_BREAKOUT,LONG,0.963,2.8,C_broke_accepted,False,False,inside_value,FLAT,1.085,0.85,2,1.61,1.73,-351250,0.339999999999975,1.46,-1.46,1.46,False,False,280.0,9.95,9.5,-0.6445,-0.0641,0.1505,-0.5495,False,CONTINUATION
2026-07-15T20:50:00,NATURALGAS,2026-07-15,train,FAILED_BREAKOUT,SHORT,0.922,2.4,C_broke_accepted,True,True,inside_value,FLAT,0.954,0.575,2,1.17,0.97,303750,0.4399999999999977,0.23,-2.75,0.23,False,False,280.0,8.45,8.15,-0.466,-0.0546,0.1655,-0.5845,False,TRAP
2026-07-15T21:05:00,NATURALGAS,2026-07-15,train,FAILED_BREAKOUT,LONG,0.946,2.6,A_broke,False,True,near_POC,FLAT,0.954,0.75,2,1.23,0.79,5000,0.23999999999995225,2.51,-4.18,2.51,False,False,280.0,8.9,8.7,-0.376,-0.0418,0.261,-8.989,False,CONTINUATION
2026-07-15T22:05:00,NATURALGAS,2026-07-15,train,FAILED_BREAKOUT,LONG,0.914,2.4,C_broke_accepted,False,True,inside_value,FLAT,1.0,0.375,3,1.2,1.82,-70000,0.339999999999975,0.0,-1.79,0.0,False,False,280.0,9.35,9.25,-0.286,-0.0303,0.1565,-0.3935,False,CONTINUATION
2026-07-16T12:25:00,NATURALGAS,2026-07-16,train,FAILED_BREAKOUT,SHORT,0.925,1.67,C_broke_accepted,False,False,below_value,UP,1.132,0.542,2,0.77,0.56,102500,0.11000000000001364,4.35,-1.74,4.35,True,False,280.0,9.35,9.45,-0.088,-0.0093,0.0565,-0.0435,False,CONTINUATION
2026-07-16T13:20:00,NATURALGAS,2026-07-16,train,FAILED_BREAKOUT,LONG,1.0,2.0,C_broke_accepted,False,True,below_value,DOWN,1.583,0.458,3,2.19,1.16,297500,0.4200000000000159,16.03,-2.63,16.03,True,True,280.0,8.3,8.7,0.23,0.0274,0.317,-0.183,False,CONTINUATION
2026-07-16T13:30:00,NATURALGAS,2026-07-16,train,FAILED_BREAKOUT,LONG,1.0,3.33,C_broke_accepted,False,True,near_POC,DOWN,1.482,0.792,2,1.58,1.38,-168750,0.22999999999996135,2.61,-2.61,2.61,False,False,280.0,8.7,8.7,-0.174,-0.0198,0.413,-0.137,False,CONTINUATION
2026-07-16T14:05:00,NATURALGAS,2026-07-16,train,FAILED_BREAKDOWN,SHORT,0.917,2.0,C_broke_accepted,True,False,inside_value,UP,0.922,0.917,2,0.75,1.04,7500,0.020000000000038654,5.56,-5.56,5.56,True,True,280.0,8.35,8.25,-0.266,-0.0315,-0.0335,-0.2335,False,TRAP
2026-07-16T16:45:00,NATURALGAS,2026-07-16,train,FAILED_BREAKDOWN,SHORT,0.978,2.67,C_broke_accepted,True,False,near_POC,FLAT,1.0,0.792,3,1.37,0.42,0,0.01999999999998181,0.0,-37.5,0.0,False,False,280.0,7.8,7.4,-0.552,-0.0701,-0.028,-0.478,False,TRAP
2026-07-16T17:35:00,NATURALGAS,2026-07-16,train,FAILED_BREAKDOWN,LONG,1.0,3.5,C_broke_accepted,False,True,above_value,FLAT,1.0,0.625,1,0.98,2.04,250000,1.240000000000009,1.05,-1.29,1.05,False,False,280.0,9.7,9.6,-0.293,-0.0299,1.553,-9.797,False,CONTINUATION
2026-07-16T17:40:00,NATURALGAS,2026-07-16,train,TRENDING,LONG,0.99,3.25,C_broke_accepted,False,True,above_value,FLAT,1.0,1.031,1,1.1,1.97,66250,0.2400000000000091,5.02,-1.26,5.02,True,True,280.0,10.45,10.5,-0.1595,-0.0151,0.7955,-0.2045,False,CONTINUATION
2026-07-16T18:30:00,NATURALGAS,2026-07-16,train,TRENDING,SHORT,0.956,2.75,C_broke_accepted,False,True,above_value,FLAT,1.093,0.469,1,1.61,1.46,97500,0.4300000000000068,0.46,-1.15,0.46,False,False,280.0,6.35,6.3,-0.1765,-0.0275,0.2365,-0.2135,False,CONTINUATION
2026-07-16T18:50:00,NATURALGAS,2026-07-16,train,FAILED_BREAKDOWN,LONG,1.0,3.75,C_broke_accepted,False,False,above_value,FLAT,1.085,0.906,1,1.07,0.75,-47500,0.14999999999997726,0.0,-4.83,0.0,False,False,280.0,10.55,10.2,-0.5575,-0.0523,-0.1055,-10.6555,False,CONTINUATION
2026-07-16T19:50:00,NATURALGAS,2026-07-16,train,TRENDING,LONG,0.953,2.75,C_broke_accepted,True,True,above_value,FLAT,1.124,0.531,3,2.79,2.32,307500,0.7299999999999613,0.0,-9.69,0.0,False,False,280.0,10.7,7.6,-3.283,-0.3038,0.543,-3.407,False,TRAP
2026-07-16T20:10:00,NATURALGAS,2026-07-16,train,CHOP,SHORT,0.992,4.25,C_broke_accepted,False,True,below_value,DOWN,1.273,2.437,2,0.83,0.57,111250,1.6499999999999773,2.06,0.0,2.06,False,False,280.0,9.3,11.15,1.6455,0.1752,3.257,-9.393,False,CONTINUATION
2026-07-16T20:15:00,NATURALGAS,2026-07-16,train,FAILED_BREAKOUT,SHORT,0.993,4.5,C_broke_accepted,False,True,below_value,DOWN,1.133,2.656,3,0.87,0.58,-17500,1.349999999999966,1.55,-0.81,1.55,False,False,280.0,10.1,11.15,0.8375,0.0821,2.449,-10.201,False,CONTINUATION
2026-07-16T20:20:00,NATURALGAS,2026-07-16,train,FAILED_BREAKOUT,SHORT,0.948,3.25,C_broke_accepted,False,True,below_value,DOWN,1.133,3.125,3,0.84,0.75,-95000,0.9399999999999977,1.49,-1.92,1.49,False,False,280.0,10.85,10.65,-0.415,-0.0379,1.6915,-0.7585,False,CONTINUATION
2026-07-16T20:25:00,NATURALGAS,2026-07-16,train,FAILED_BREAKOUT,SHORT,0.963,3.5,C_broke_accepted,False,True,below_value,DOWN,1.133,3.469,3,2.25,1.25,60000,1.240000000000009,0.64,-1.93,0.64,False,False,280.0,11.55,10.65,-1.122,-0.0962,0.9845,-1.4655,False,CONTINUATION
2026-07-16T20:50:00,NATURALGAS,2026-07-16,train,FAILED_BREAKOUT,SHORT,0.901,2.75,A_broke,False,False,below_value,FLAT,1.053,2.0,1,1.51,1.07,-52500,0.029999999999972715,18.18,-6.06,18.18,True,True,280.0,11.15,10.85,-0.52,-0.0462,-0.0115,-0.4615,False,NEUTRAL
2026-07-17T12:05:00,NATURALGAS,2026-07-17,train,TRENDING,SHORT,1.0,2.33,A_broke,False,False,below_value,DOWN,1.167,0.375,4,0.45,2.61,-21250,0.3199999999999932,0.93,-2.8,0.93,False,False,280.0,10.85,10.3,-0.7615,-0.0695,0.0415,-0.8085,False,CONTINUATION
2026-07-17T13:20:00,NATURALGAS,2026-07-17,train,TRENDING,LONG,0.962,1.67,A_broke,False,True,near_POC,DOWN,0.943,0.375,4,5.75,1.66,-155000,0.1099999999999568,18.26,-12.17,18.26,True,True,280.0,6.4,6.35,-0.1775,-0.0275,-0.064,-0.164,False,CONTINUATION
2026-07-17T14:10:00,NATURALGAS,2026-07-17,train,FAILED_BREAKDOWN,SHORT,0.968,1.67,A_broke,True,False,near_POC,UP,1.11,0.25,2,0.29,0.72,8750,0.21000000000003638,1.86,-1.4,1.86,False,False,280.0,9.7,9.65,-0.2435,-0.0249,0.203,-0.197,False,NEUTRAL
2026-07-17T15:45:00,NATURALGAS,2026-07-17,train,FAILED_BREAKDOWN,LONG,1.0,3.0,A_broke,True,False,above_value,DOWN,0.99,0.417,1,1.59,1.25,648750,0.2300000000000182,0.44,-1.32,0.44,False,False,280.0,6.8,6.6,-0.334,-0.0486,-0.018,-0.368,False,TRAP
2026-07-17T16:05:00,NATURALGAS,2026-07-17,train,FAILED_BREAKDOWN,LONG,0.941,2.0,A_broke,False,False,above_value,DOWN,1.152,0.667,1,1.65,1.07,657500,0.21999999999997044,0.46,-1.38,0.46,False,False,280.0,6.45,6.3,-0.2775,-0.0426,-0.0145,-6.5145,False,NEUTRAL
2026-07-17T16:30:00,NATURALGAS,2026-07-17,train,FAILED_BREAKOUT,SHORT,0.933,1.67,C_broke_accepted,False,False,near_POC,FLAT,1.066,0.5,3,0.53,1.01,126250,0.11000000000001364,1.74,-3.48,1.74,False,False,280.0,9.15,9.2,-0.1335,-0.0144,0.1085,-9.2415,False,CONTINUATION
2026-07-17T16:40:00,NATURALGAS,2026-07-17,train,FAILED_BREAKOUT,SHORT,0.957,2.0,C_broke_accepted,True,False,near_POC,FLAT,1.066,0.625,3,0.59,0.94,-118750,0.12000000000000455,0.0,-2.54,0.0,False,False,280.0,9.2,9.1,-0.283,-0.0305,0.158,-9.292,False,TRAP
2026-07-17T17:00:00,NATURALGAS,2026-07-17,train,FAILED_BREAKOUT,LONG,1.0,3.0,C_broke_accepted,False,True,above_value,FLAT,0.938,0.5,3,1.81,1.09,-82500,0.6299999999999955,0.48,-1.12,0.48,False,False,280.0,6.45,6.2,-0.3765,-0.0578,0.0855,-0.4145,False,CONTINUATION
2026-07-17T17:40:00,NATURALGAS,2026-07-17,train,FAILED_BREAKDOWN,SHORT,0.971,2.67,D_failed_immediately,False,True,above_value,DOWN,1.038,0.625,4,0.56,1.23,345000,1.919999999999959,0.1,-1.46,0.1,False,False,280.0,8.65,8.75,-0.074,-0.0085,1.9135,-0.3865,False,NEUTRAL
2026-07-17T17:55:00,NATURALGAS,2026-07-17,train,FAILED_BREAKOUT,LONG,0.935,2.67,C_broke_accepted,False,True,below_value,FLAT,1.064,1.375,4,1.53,0.88,986250,1.1200000000000045,4.54,-0.53,4.54,True,False,280.0,5.65,6.75,0.976,0.171,1.1935,-0.0565,False,CONTINUATION
2026-07-17T18:25:00,NATURALGAS,2026-07-17,train,FAILED_BREAKOUT,LONG,0.973,3.67,D_failed_immediately,False,True,above_value,UP,1.085,1.458,1,1.25,0.6,175000,1.2299999999999613,2.6,-0.49,2.6,False,False,280.0,6.1,8.45,2.2045,0.3578,2.739,0.039,False,NEUTRAL
2026-07-17T18:30:00,NATURALGAS,2026-07-17,train,FAILED_BREAKDOWN,LONG,0.982,4.29,A_broke,False,True,above_value,FLAT,1.058,1.25,2,1.36,1.92,313750,0.3499999999999659,5.51,-1.45,5.51,True,True,280.0,6.7,6.75,-0.0845,-0.0125,0.133,-0.167,False,CONTINUATION
2026-07-17T18:40:00,NATURALGAS,2026-07-17,train,FAILED_BREAKDOWN,LONG,0.974,3.5,A_broke,False,False,above_value,FLAT,1.058,1.031,2,1.88,1.5,-360000,0.23999999999995225,4.13,-1.65,4.13,True,False,280.0,7.55,7.15,-0.547,-0.0717,-0.1255,-0.6255,False,CONTINUATION
2026-07-17T19:25:00,NATURALGAS,2026-07-17,train,TRENDING,SHORT,0.952,3.0,C_broke_accepted,False,False,above_value,DOWN,1.015,0.5,2,1.19,1.23,-120000,0.5400000000000205,2.05,-2.24,2.05,False,False,280.0,7.1,6.65,-0.5875,-0.0819,0.529,-0.721,False,NEUTRAL
2026-07-17T21:55:00,NATURALGAS,2026-07-17,train,FAILED_BREAKDOWN,LONG,0.916,2.5,A_broke,False,False,above_value,FLAT,1.237,0.469,2,0.99,1.71,-716250,0.2300000000000182,0.0,-2.17,0.0,False,False,280.0,7.3,7.05,-0.3935,-0.0534,0.077,-0.373,False,NEUTRAL
2026-07-17T22:40:00,NATURALGAS,2026-07-17,train,TRENDING,LONG,0.902,2.25,C_broke_accepted,False,False,above_value,FLAT,1.131,0.437,3,1.45,2.57,-1466250,0.12999999999999545,0.79,-2.36,0.79,False,False,280.0,8.0,7.85,-0.3085,-0.0382,0.02,-0.43,False,CONTINUATION
2026-07-20T10:40:00,NATURALGAS,2026-07-20,train,TRENDING,LONG,0.95,3.0,C_broke_accepted,False,True,near_POC,,,0.5,2,2.28,0.57,52500,0.12000000000000455,6.78,-3.39,6.78,True,True,280.0,6.4,6.45,-0.0785,-0.0121,0.036,-0.164,False,CONTINUATION
2026-07-20T12:15:00,NATURALGAS,2026-07-20,train,OPENING_DRIVE,SHORT,0.947,2.5,C_broke_accepted,False,False,below_value,FLAT,1.086,0.563,3,0.57,1.46,40000,0.009999999999990905,26.67,-20.0,26.67,True,True,280.0,8.0,8.0,-0.16,-0.0198,0.02,-0.08,False,CONTINUATION
2026-07-20T12:35:00,NATURALGAS,2026-07-20,train,TRENDING,LONG,1.0,3.0,A_broke,True,False,below_value,UP,1.053,0.75,2,1.29,0.87,80000,0.12000000000000455,0.0,-2.54,0.0,False,False,280.0,6.15,6.1,-0.1725,-0.0278,-0.0115,-0.2115,False,TRAP
2026-07-20T12:50:00,NATURALGAS,2026-07-20,train,TRENDING,SHORT,0.933,2.5,E_open_space,False,True,below_value,UP,1.316,0.688,2,0.62,0.99,-46250,0.410000000000025,8.43,-1.69,8.43,True,True,280.0,8.15,8.7,0.3815,0.0463,0.5185,-0.0315,False,NEUTRAL
2026-07-20T13:05:00,NATURALGAS,2026-07-20,train,TRENDING,SHORT,1.0,3.0,C_broke_accepted,False,False,below_value,DOWN,1.6,0.688,2,0.67,1.61,-140000,0.12000000000000455,2.54,-1.69,2.54,False,False,280.0,8.65,8.35,-0.47,-0.0538,0.0135,-0.3865,False,CONTINUATION
2026-07-20T13:25:00,NATURALGAS,2026-07-20,train,TRENDING,SHORT,0.942,3.0,C_broke_accepted,False,True,below_value,UP,1.52,1.0,2,0.42,0.76,122500,0.32000000000005,4.09,-1.89,4.09,True,False,280.0,9.0,9.45,0.2655,0.0292,0.41,0.01,False,CONTINUATION
2026-07-20T13:30:00,NATURALGAS,2026-07-20,train,TRENDING,SHORT,0.906,2.5,C_broke_accepted,False,True,below_value,UP,1.391,1.375,2,0.48,1.26,-286250,0.3100000000000023,3.17,-1.27,3.17,True,False,280.0,9.2,9.8,0.41,0.0441,0.708,-0.042,False,CONTINUATION
2026-07-20T13:40:00,NATURALGAS,2026-07-20,train,TRENDING,SHORT,1.0,3.0,C_broke_accepted,False,True,below_value,UP,1.391,0.917,2,0.47,1.16,-23750,0.2300000000000182,0.44,-3.08,0.44,False,False,280.0,9.8,9.5,-0.493,-0.0498,0.102,-0.598,False,CONTINUATION
2026-07-20T13:50:00,NATURALGAS,2026-07-20,train,TRENDING,LONG,0.982,2.67,A_broke,False,False,below_value,DOWN,1.158,1.083,1,1.27,0.92,522500,0.020000000000038654,16.67,-8.33,16.67,True,True,280.0,4.85,4.75,-0.196,-0.04,0.0515,-0.1485,False,NEUTRAL
2026-07-20T15:05:00,NATURALGAS,2026-07-20,train,TRENDING,SHORT,0.972,2.33,C_broke_accepted,True,True,below_value,FLAT,1.643,0.292,1,0.48,1.76,23750,0.22000000000002728,0.0,-2.71,0.0,False,False,280.0,9.65,9.3,-0.5395,-0.0554,0.0535,-0.4465,False,TRAP
2026-07-20T15:15:00,NATURALGAS,2026-07-20,train,TRENDING,LONG,0.959,2.0,C_broke_accepted,False,True,below_value,FLAT,1.444,0.5,1,3.34,1.49,208750,0.3199999999999932,2.52,-1.26,2.52,False,False,280.0,4.75,4.45,-0.392,-0.0817,0.1525,-0.3975,False,CONTINUATION
2026-07-20T16:05:00,NATURALGAS,2026-07-20,train,TRENDING,SHORT,0.988,2.67,C_broke_accepted,False,True,below_value,FLAT,1.029,0.333,3,0.5,1.45,410000,0.5199999999999818,0.0,-1.15,0.0,False,False,280.0,9.05,8.8,-0.4285,-0.0469,-0.0405,-0.3405,False,NEUTRAL
2026-07-20T17:15:00,NATURALGAS,2026-07-20,train,TRENDING,LONG,0.959,2.33,C_broke_accepted,False,True,below_value,DOWN,1.0,0.833,3,2.0,0.57,553750,1.1200000000000045,2.77,-1.16,2.77,False,False,270.0,9.15,8.95,-0.381,-0.0412,2.6085,-0.3415,False,CONTINUATION
2026-07-20T17:20:00,NATURALGAS,2026-07-20,train,TRENDING,LONG,1.0,4.0,A_broke,False,True,inside_value,DOWN,1.0,0.833,3,1.51,1.47,-280000,0.339999999999975,9.23,-1.19,9.23,True,True,280.0,4.55,4.5,-0.1405,-0.0306,-0.0455,-0.1955,False,CONTINUATION
2026-07-20T17:30:00,NATURALGAS,2026-07-20,train,TRENDING,LONG,1.0,6.0,C_broke_accepted,False,True,inside_value,DOWN,0.973,1.042,2,1.99,1.79,-1253750,1.25,0.16,-1.04,0.16,False,False,280.0,5.05,4.9,-0.2495,-0.0489,0.5995,-0.3005,False,CONTINUATION
2026-07-20T18:45:00,NATURALGAS,2026-07-20,train,FAILED_BREAKDOWN,LONG,0.957,2.5,C_broke_accepted,True,False,near_POC,UP,1.017,0.625,5,1.22,0.54,151250,0.03000000000002956,0.0,-36.67,0.0,False,False,280.0,5.65,5.0,-0.7565,-0.1326,0.0435,-0.8565,False,TRAP
2026-07-20T18:55:00,NATURALGAS,2026-07-20,train,FAILED_BREAKDOWN,SHORT,0.958,2.5,C_broke_accepted,False,False,inside_value,UP,1.017,0.406,4,0.7,1.48,-355000,0.029999999999972715,50.0,-6.67,50.0,True,True,280.0,7.05,7.3,0.1065,0.015,0.4295,0.0795,False,CONTINUATION
2026-07-21T10:35:00,NATURALGAS,2026-07-21,train,TRENDING,LONG,0.944,3.0,C_broke_accepted,False,True,above_value,,,0.5,1,1.84,3.14,-510000,0.12000000000000455,0.0,-4.24,0.0,False,False,280.0,4.45,4.45,-0.089,-0.0198,0.0555,-0.1945,False,CONTINUATION
2026-07-21T12:40:00,NATURALGAS,2026-07-21,train,TRENDING,SHORT,0.907,1.67,C_broke_accepted,False,False,above_value,FLAT,1.416,0.375,4,0.62,1.09,-8750,0.009999999999990905,13.33,-6.67,13.33,True,True,280.0,7.5,7.45,-0.1995,-0.0263,-0.075,-0.225,False,CONTINUATION
2026-07-21T13:00:00,NATURALGAS,2026-07-21,train,TRENDING,SHORT,0.915,1.67,C_broke_accepted,False,True,inside_value,DOWN,1.09,0.375,3,0.48,0.75,26250,0.3100000000000023,3.49,-1.59,3.49,True,False,280.0,7.6,8.05,0.2935,0.0382,0.374,-0.076,False,CONTINUATION
2026-07-21T14:45:00,NATURALGAS,2026-07-21,train,TRENDING,LONG,0.941,1.67,C_broke_accepted,False,True,above_value,FLAT,0.931,0.625,0,2.34,2.05,201250,0.3100000000000023,3.17,-1.9,3.17,True,False,280.0,4.65,4.6,-0.1425,-0.0303,0.3035,-0.5465,False,CONTINUATION
2026-07-21T15:05:00,NATURALGAS,2026-07-21,train,TRENDING,LONG,0.972,2.33,C_broke_accepted,False,True,above_value,FLAT,1.071,0.667,0,3.09,1.18,127500,0.21999999999997044,0.0,-1.36,0.0,False,False,280.0,4.95,4.6,-0.4455,-0.0891,0.0005,-0.3995,False,NEUTRAL
2026-07-21T15:35:00,NATURALGAS,2026-07-21,train,TRENDING,SHORT,0.923,1.67,C_broke_accepted,False,True,above_value,UP,1.215,0.5,5,0.66,1.33,1417500,0.11000000000001364,1.74,-1.74,1.74,False,False,280.0,6.6,6.55,-0.1815,-0.0272,0.184,-0.216,False,CONTINUATION
2026-07-21T16:15:00,NATURALGAS,2026-07-21,train,TRENDING,LONG,0.988,2.67,D_failed_immediately,False,True,above_value,FLAT,1.074,0.417,1,1.44,1.15,-103750,0.4200000000000159,0.24,-1.65,0.24,False,False,280.0,4.6,4.45,-0.2405,-0.0518,0.154,-0.246,False,NEUTRAL
2026-07-21T17:05:00,NATURALGAS,2026-07-21,train,TRENDING,LONG,0.979,2.67,C_broke_accepted,True,True,inside_value,FLAT,0.967,0.792,2,1.62,0.98,-138750,0.01999999999998181,0.0,-25.0,0.0,False,False,280.0,4.4,4.15,-0.3355,-0.0755,0.106,-0.344,False,TRAP
2026-07-21T18:35:00,NATURALGAS,2026-07-21,train,FAILED_BREAKOUT,SHORT,0.974,3.0,B_swept_returned,True,False,below_value,FLAT,1.038,0.792,3,0.67,0.87,-348750,0.92999999999995,0.54,-1.29,0.54,False,False,280.0,7.65,7.2,-0.5985,-0.0775,0.4235,-0.7265,False,TRAP
2026-07-21T19:10:00,NATURALGAS,2026-07-21,train,FAILED_BREAKOUT,LONG,0.95,2.0,C_broke_accepted,False,True,inside_value,FLAT,0.963,0.531,2,2.76,1.04,920000,0.22000000000002728,1.79,-3.13,1.79,False,False,280.0,3.65,3.5,-0.2215,-0.0601,0.2635,-0.1865,False,CONTINUATION
2026-07-21T20:15:00,NATURALGAS,2026-07-21,train,FAILED_BREAKOUT,SHORT,0.985,2.5,C_broke_accepted,False,False,inside_value,DOWN,1.0,0.5,1,0.71,1.15,-157500,0.12999999999999545,1.54,-1.54,1.54,False,False,280.0,7.55,7.45,-0.25,-0.0328,-0.0255,-0.3255,False,CONTINUATION
2026-07-21T21:45:00,NATURALGAS,2026-07-21,train,TRENDING,SHORT,0.901,2.0,C_broke_accepted,False,False,inside_value,FLAT,0.963,0.25,3,0.82,1.2,65000,0.21999999999997044,6.7,-0.45,6.7,True,True,280.0,7.0,7.4,0.256,0.0362,0.63,0.08,False,CONTINUATION
2026-07-22T11:15:00,NATURALGAS,2026-07-22,train,OPENING_DRIVE,LONG,0.963,3.0,E_open_space,True,True,above_value,UP,1.326,0.437,0,1.59,2.49,-108750,0.82000000000005,0.61,-1.59,0.61,False,False,280.0,4.0,3.7,-0.377,-0.0933,0.31,-4.04,False,NEUTRAL
2026-07-22T13:00:00,NATURALGAS,2026-07-22,train,OPENING_DRIVE,LONG,0.979,2.0,A_broke,False,True,above_value,FLAT,1.0,0.5,1,1.43,0.85,-18750,0.21999999999997044,0.46,-1.83,0.46,False,False,280.0,4.25,4.25,-0.085,-0.0198,0.0575,-0.1925,False,CONTINUATION
2026-07-22T15:20:00,NATURALGAS,2026-07-22,train,OPENING_DRIVE,LONG,0.961,2.5,C_broke_accepted,False,True,inside_value,UP,1.034,0.312,3,1.01,1.98,1091250,0.40999999999996817,0.0,-1.45,0.0,False,False,280.0,4.1,4.05,-0.1315,-0.0318,0.109,-0.091,False,CONTINUATION
2026-07-22T16:15:00,NATURALGAS,2026-07-22,train,FAILED_BREAKDOWN,LONG,0.989,3.5,A_broke,False,False,above_value,FLAT,1.0,0.5,3,1.11,1.97,-1196250,0.12000000000000455,4.13,-1.65,4.13,True,False,280.0,4.45,4.3,-0.2375,-0.0528,-0.1945,-0.2445,False,CONTINUATION
2026-07-22T16:40:00,NATURALGAS,2026-07-22,train,FAILED_BREAKDOWN,LONG,0.957,2.5,C_broke_accepted,True,True,above_value,UP,1.035,0.875,4,1.15,0.69,955000,0.3100000000000023,0.0,-2.86,0.0,False,False,280.0,4.25,3.95,-0.382,-0.089,0.1575,-0.3425,False,TRAP
2026-07-22T17:00:00,NATURALGAS,2026-07-22,train,FAILED_BREAKOUT,LONG,0.969,2.4,A_broke,False,False,above_value,FLAT,1.05,0.55,2,1.32,1.53,662500,0.22000000000002728,21.1,0.0,21.1,True,True,280.0,4.1,3.95,-0.2305,-0.0557,-0.091,-0.241,False,CONTINUATION
2026-07-22T17:10:00,NATURALGAS,2026-07-22,train,FAILED_BREAKOUT,LONG,1.0,3.0,C_broke_accepted,False,True,above_value,FLAT,1.05,0.417,3,1.34,1.07,1103750,0.2300000000000182,14.98,-0.88,14.98,True,True,280.0,4.35,4.65,0.21,0.0478,0.5065,-0.0435,False,CONTINUATION
2026-07-22T17:20:00,NATURALGAS,2026-07-22,train,TRENDING,LONG,1.0,4.0,A_broke,False,False,above_value,FLAT,1.048,0.792,3,1.9,2.13,-3401250,0.23999999999995225,0.0,-1.27,0.0,False,False,280.0,5.4,5.3,-0.207,-0.038,0.146,-0.204,False,CONTINUATION
2026-07-22T17:55:00,NATURALGAS,2026-07-22,train,TRENDING,LONG,1.0,6.33,A_broke,True,False,above_value,UP,1.069,0.75,4,1.18,2.12,117500,0.060000000000002274,1.75,-21.05,1.75,False,False,280.0,6.15,5.5,-0.7665,-0.1234,0.0885,-0.9615,False,TRAP
2026-07-22T18:05:00,NATURALGAS,2026-07-22,train,TRENDING,SHORT,0.991,4.33,A_broke,False,True,above_value,UP,0.993,1.042,4,0.92,0.86,636250,0.2400000000000091,0.42,-1.26,0.42,False,False,280.0,3.95,3.95,-0.079,-0.0198,0.1105,-0.1895,False,CONTINUATION
2026-07-22T18:30:00,NATURALGAS,2026-07-22,train,FAILED_BREAKDOWN,LONG,0.904,2.0,A_broke,False,True,above_value,FLAT,1.086,1.125,2,1.4,1.16,-32500,0.7199999999999704,0.14,-1.53,0.14,False,False,280.0,5.15,4.8,-0.4495,-0.0864,0.0485,-0.6515,False,NEUTRAL
2026-07-22T18:35:00,NATURALGAS,2026-07-22,train,FAILED_BREAKOUT,LONG,0.93,2.33,C_broke_accepted,False,False,above_value,FLAT,1.086,1.125,2,1.41,0.9,2131250,0.12000000000000455,0.0,-5.79,0.0,False,False,280.0,5.15,4.8,-0.4495,-0.0864,0.0485,-0.6515,False,CONTINUATION
2026-07-22T18:45:00,NATURALGAS,2026-07-22,train,FAILED_BREAKOUT,LONG,0.932,2.33,C_broke_accepted,False,False,above_value,FLAT,1.086,0.792,4,0.87,1.16,538750,0.01999999999998181,9.52,-4.76,9.52,True,True,280.0,4.8,4.65,-0.2445,-0.0504,0.152,-0.398,False,CONTINUATION
2026-07-22T18:50:00,NATURALGAS,2026-07-22,train,FAILED_BREAKOUT,SHORT,0.932,2.33,C_broke_accepted,True,False,above_value,FLAT,1.086,0.708,4,1.11,1.34,-1208750,0.020000000000038654,0.0,-38.1,0.0,False,False,280.0,4.35,3.95,-0.483,-0.1099,-0.0435,-0.4435,False,TRAP
2026-07-22T19:00:00,NATURALGAS,2026-07-22,train,FAILED_BREAKOUT,LONG,0.933,2.33,C_broke_accepted,False,True,above_value,FLAT,1.171,0.708,4,1.49,0.84,841250,0.6200000000000045,2.74,-1.29,2.74,False,False,280.0,5.05,5.1,-0.0515,-0.0101,1.6995,-0.0005,False,CONTINUATION
2026-07-22T19:05:00,NATURALGAS,2026-07-22,train,FAILED_BREAKOUT,LONG,0.934,2.33,C_broke_accepted,False,True,above_value,FLAT,1.171,0.708,3,1.34,1.76,-943750,0.4200000000000159,2.14,-1.19,2.14,False,False,280.0,5.5,5.6,-0.011,-0.002,1.245,-0.005,False,CONTINUATION
2026-07-22T19:10:00,NATURALGAS,2026-07-22,train,TRENDING,LONG,0.934,2.67,A_broke,False,True,above_value,FLAT,1.171,0.792,2,1.17,2.56,-4228750,0.32000000000005,1.54,-1.23,1.54,False,False,280.0,5.95,6.15,0.079,0.0131,0.7905,0.0405,False,CONTINUATION
2026-07-22T19:35:00,NATURALGAS,2026-07-22,train,TRENDING,SHORT,0.921,2.33,C_broke_accepted,False,True,above_value,UP,1.14,1.458,1,1.05,0.67,520000,0.21999999999997044,3.17,-1.81,3.17,True,False,280.0,3.4,3.6,0.13,0.0379,0.166,-0.034,False,CONTINUATION
2026-07-22T22:00:00,NATURALGAS,2026-07-22,train,TRENDING,LONG,0.929,2.33,C_broke_accepted,False,True,above_value,FLAT,1.074,0.333,2,1.23,1.25,230000,0.4199999999999591,3.09,-0.95,3.09,True,False,280.0,5.6,6.55,0.8285,0.1465,0.994,-0.206,False,CONTINUATION
2026-07-23T11:05:00,NATURALGAS,2026-07-23,train,TRENDING,LONG,0.92,2.0,C_broke_accepted,False,True,above_value,UP,1.034,0.313,4,2.93,1.05,3750,0.40999999999996817,2.67,-1.21,2.67,False,False,290.0,2.6,2.8,0.146,0.0556,0.724,-2.626,False,CONTINUATION
2026-07-23T11:10:00,NATURALGAS,2026-07-23,train,TRENDING,LONG,0.923,2.0,C_broke_accepted,False,False,above_value,UP,1.034,0.438,3,2.35,1.91,-257500,0.009999999999990905,91.67,-16.67,91.67,True,True,290.0,2.8,2.8,-0.056,-0.0198,0.022,-0.078,False,CONTINUATION
2026-07-23T11:20:00,NATURALGAS,2026-07-23,train,TRENDING,LONG,1.0,2.5,C_broke_accepted,False,True,above_value,UP,1.296,0.813,2,3.26,1.73,-63750,0.11000000000001364,0.87,-3.48,0.87,False,False,290.0,3.05,3.15,0.038,0.0123,0.0695,-0.0805,False,CONTINUATION
2026-07-23T11:30:00,NATURALGAS,2026-07-23,train,TRENDING,LONG,1.0,2.5,C_broke_accepted,False,True,above_value,UP,1.333,1.25,0,2.9,1.46,-221250,0.21000000000003638,0.93,-2.79,0.93,False,False,290.0,3.15,3.05,-0.162,-0.0509,0.1685,-0.1315,False,CONTINUATION
2026-07-23T13:35:00,NATURALGAS,2026-07-23,train,TRENDING,SHORT,1.0,2.5,C_broke_accepted,False,False,inside_value,FLAT,0.967,0.312,4,0.27,1.15,-35000,0.01999999999998181,0.0,-6.67,0.0,False,False,290.0,6.2,6.15,-0.1735,-0.0277,0.038,-0.212,False,NEUTRAL
2026-07-23T14:15:00,NATURALGAS,2026-07-23,train,FAILED_BREAKOUT,SHORT,1.0,2.5,C_broke_accepted,False,True,below_value,FLAT,0.936,0.75,3,0.19,1.81,-20000,0.7099999999999795,0.56,-1.4,0.56,False,False,290.0,6.9,6.65,-0.3855,-0.0553,0.731,-0.469,False,CONTINUATION
2026-07-23T14:20:00,NATURALGAS,2026-07-23,train,FAILED_BREAKOUT,SHORT,1.0,3.5,A_broke,False,False,below_value,FLAT,0.936,0.875,3,2.28,2.45,-67500,0.21999999999997044,2.71,-1.36,2.71,False,False,290.0,7.35,7.05,-0.444,-0.0598,0.2765,-0.5235,False,CONTINUATION
2026-07-23T15:45:00,NATURALGAS,2026-07-23,train,FAILED_BREAKOUT,LONG,1.0,2.33,C_broke_accepted,False,True,inside_value,FLAT,1.289,0.542,1,3.74,1.29,2240000,0.4200000000000159,2.85,-1.43,2.85,False,False,290.0,1.95,1.95,-0.039,-0.0198,0.2805,-0.0695,False,CONTINUATION
2026-07-23T16:35:00,NATURALGAS,2026-07-23,train,FAILED_BREAKOUT,SHORT,1.0,2.33,C_broke_accepted,False,False,near_POC,FLAT,0.776,0.583,1,0.46,1.11,561250,0.01999999999998181,9.52,-9.52,9.52,True,True,290.0,6.05,6.4,0.2255,0.0369,0.5395,0.1895,False,CONTINUATION
2026-07-23T16:55:00,NATURALGAS,2026-07-23,train,FAILED_BREAKOUT,LONG,0.947,1.67,B_swept_returned,True,False,near_POC,FLAT,0.802,0.667,2,2.21,0.48,170000,1.0100000000000477,0.69,-1.18,0.69,False,False,290.0,2.1,1.95,-0.1905,-0.0898,0.229,-0.271,False,TRAP
2026-07-23T17:50:00,NATURALGAS,2026-07-23,train,FAILED_BREAKOUT,LONG,1.0,8.67,C_broke_accepted,False,True,above_value,DOWN,0.961,0.792,3,2.33,2.78,930000,0.4800000000000182,2.09,-2.93,2.09,False,False,290.0,2.7,2.6,-0.153,-0.0561,0.873,-0.377,False,CONTINUATION
2026-07-23T18:00:00,NATURALGAS,2026-07-23,train,TRENDING,LONG,0.981,4.0,C_broke_accepted,True,True,above_value,UP,0.888,1.542,3,1.89,1.1,-2265000,0.2400000000000091,0.0,-3.39,0.0,False,False,290.0,3.55,3.05,-0.566,-0.1579,0.0145,-0.5355,False,TRAP
2026-07-23T18:10:00,NATURALGAS,2026-07-23,train,TRENDING,SHORT,0.964,2.33,C_broke_accepted,True,False,above_value,UP,0.888,1.833,2,0.72,0.57,3182500,0.32000000000005,20.87,0.0,20.87,True,True,290.0,4.4,4.55,0.0605,0.0136,0.206,-0.144,False,TRAP
2026-07-23T18:45:00,NATURALGAS,2026-07-23,train,FAILED_BREAKOUT,SHORT,0.983,4.33,C_broke_accepted,False,True,inside_value,FLAT,1.052,1.0,2,0.43,0.94,-668750,0.5400000000000205,3.34,-1.3,3.34,True,False,290.0,5.85,6.95,0.972,0.1645,1.0415,0.1415,False,CONTINUATION
2026-07-23T21:15:00,NATURALGAS,2026-07-23,train,FAILED_BREAKOUT,SHORT,0.932,3.67,C_broke_accepted,True,True,inside_value,FLAT,0.955,0.792,2,0.61,1.16,20000,0.4300000000000068,0.0,-1.15,0.0,False,False,290.0,6.35,6.25,-0.226,-0.0352,0.2365,-6.4135,False,NEUTRAL
2026-07-23T22:50:00,NATURALGAS,2026-07-23,train,FAILED_BREAKOUT,SHORT,0.916,2.0,C_broke_accepted,True,True,below_value,FLAT,1.0,0.281,4,2.3,1.67,-531250,0.3199999999999932,0.93,-2.16,0.93,False,False,280.0,2.2,1.8,-0.44,-0.198,0.128,-0.422,False,NEUTRAL
2026-07-23T23:05:00,NATURALGAS,2026-07-23,train,FAILED_BREAKOUT,SHORT,0.917,2.25,A_broke,False,False,below_value,FLAT,1.041,0.656,5,1.27,0.85,-1007500,0.12999999999999545,1.57,-5.51,1.57,False,False,280.0,2.05,1.8,-0.2885,-0.1393,0.0295,-0.2705,False,NEUTRAL
2026-07-24T10:20:00,NATURALGAS,2026-07-24,train,TRENDING,SHORT,1.0,4.0,A_broke,False,False,below_value,,,0.25,4,2.63,3.8,122500,0.13999999999998636,25.74,-1.47,25.74,True,True,280.0,1.95,2.0,0.0105,0.0053,0.0305,-0.0695,False,CONTINUATION
2026-07-24T12:35:00,NATURALGAS,2026-07-24,train,TRENDING,SHORT,0.93,2.0,C_broke_accepted,True,False,below_value,UP,1.36,0.417,0,0.58,1.1,118750,0.12000000000000455,0.85,-3.39,0.85,False,False,280.0,3.3,3.2,-0.165,-0.0495,0.067,-0.233,False,TRAP
2026-07-24T17:15:00,NATURALGAS,2026-07-24,train,TRENDING,LONG,0.99,2.67,A_broke,False,True,above_value,FLAT,0.825,0.5,3,1.07,1.51,-357500,0.21999999999997044,20.09,-1.34,20.09,True,True,280.0,2.15,2.15,-0.043,-0.0198,0.0785,-0.1215,False,CONTINUATION
2026-07-24T17:30:00,NATURALGAS,2026-07-24,train,TRENDING,LONG,1.0,4.0,C_broke_accepted,False,True,above_value,FLAT,1.0,0.917,3,1.12,1.54,-2313750,1.4399999999999977,1.46,-1.46,1.46,False,False,280.0,2.9,2.45,-0.5035,-0.1719,2.921,-2.929,False,CONTINUATION
2026-07-24T17:35:00,NATURALGAS,2026-07-24,train,FAILED_BREAKDOWN,LONG,1.0,5.0,A_broke,False,False,above_value,FLAT,1.0,1.042,4,1.26,1.39,-1006250,0.44999999999998863,0.0,-2.02,0.0,False,False,280.0,4.1,3.55,-0.6265,-0.1513,0.059,-0.991,False,NEUTRAL
2026-07-24T17:50:00,NATURALGAS,2026-07-24,train,FAILED_BREAKDOWN,LONG,0.943,2.33,A_broke,False,False,above_value,FLAT,1.212,1.542,3,0.88,0.62,-10927500,0.020000000000038654,123.81,-9.52,123.81,True,True,280.0,3.65,3.65,-0.073,-0.0198,0.1635,-0.0365,False,CONTINUATION
2026-07-24T18:00:00,NATURALGAS,2026-07-24,train,FAILED_BREAKDOWN,LONG,0.972,3.67,C_broke_accepted,False,True,above_value,FLAT,1.14,1.125,4,0.74,1.27,-395000,0.5299999999999727,1.5,-1.31,1.5,False,False,280.0,4.9,4.4,-0.593,-0.1198,0.901,-0.549,False,CONTINUATION
2026-07-24T18:15:00,NATURALGAS,2026-07-24,train,FAILED_BREAKDOWN,LONG,0.964,3.0,A_broke,False,True,above_value,UP,1.2,1.458,3,0.59,0.87,-3047500,0.2300000000000182,0.44,-2.2,0.44,False,False,280.0,5.8,5.3,-0.611,-0.1043,-0.258,-0.808,False,NEUTRAL
2026-07-24T18:45:00,NATURALGAS,2026-07-24,train,FAILED_BREAKDOWN,LONG,0.922,1.75,A_broke,False,False,above_value,FLAT,1.097,0.469,3,0.52,1.3,-1236250,0.22000000000002728,1.36,-4.07,1.36,False,False,280.0,5.05,4.1,-1.0415,-0.2042,-0.0005,-1.3005,False,NEUTRAL
2026-07-24T19:05:00,NATURALGAS,2026-07-24,train,FAILED_BREAKDOWN,SHORT,0.917,1.75,C_broke_accepted,False,True,above_value,FLAT,1.046,0.469,6,1.34,1.49,-287500,0.8199999999999932,2.68,-1.46,2.68,False,False,280.0,0.65,0.5,-0.1615,-0.246,0.9435,-0.6565,False,CONTINUATION
2026-07-24T19:10:00,NATURALGAS,2026-07-24,train,FAILED_BREAKDOWN,SHORT,0.959,2.5,C_broke_accepted,False,True,above_value,FLAT,1.046,0.625,5,1.43,2.08,312500,0.7299999999999613,1.23,-2.74,1.23,False,False,280.0,0.85,0.65,-0.215,-0.2504,0.7415,-0.8585,False,CONTINUATION
2026-07-24T19:15:00,NATURALGAS,2026-07-24,train,FAILED_BREAKOUT,SHORT,0.959,2.5,C_broke_accepted,False,True,inside_value,FLAT,1.092,0.875,4,1.98,2.94,-973750,0.9300000000000068,0.54,-1.08,0.54,False,False,280.0,1.35,0.8,-0.5715,-0.4191,0.2365,-0.5635,False,CONTINUATION
2026-07-24T19:30:00,NATURALGAS,2026-07-24,train,FAILED_BREAKOUT,LONG,0.984,3.0,C_broke_accepted,False,True,inside_value,FLAT,1.092,1.219,1,0.74,0.79,2502500,0.6399999999999864,3.14,-1.73,3.14,True,False,280.0,2.45,3.95,1.436,0.5803,1.8755,-0.2245,False,CONTINUATION
2026-07-24T20:15:00,NATURALGAS,2026-07-24,train,FAILED_BREAKOUT,LONG,0.903,2.0,C_broke_accepted,False,True,above_value,FLAT,1.209,0.781,5,1.11,0.65,397500,0.5199999999999818,1.34,-1.53,1.34,False,False,280.0,3.25,3.15,-0.164,-0.05,1.0175,-0.2325,False,CONTINUATION
2026-07-24T20:35:00,NATURALGAS,2026-07-24,train,FAILED_BREAKDOWN,SHORT,0.949,2.5,C_broke_accepted,False,True,above_value,FLAT,1.075,0.469,3,1.62,0.88,131250,0.12999999999999545,53.85,0.0,53.85,True,True,280.0,0.5,0.45,-0.0595,-0.1178,0.095,-0.055,False,CONTINUATION
2026-07-24T21:10:00,NATURALGAS,2026-07-24,train,FAILED_BREAKOUT,LONG,0.952,2.5,C_broke_accepted,True,True,inside_value,FLAT,1.0,0.813,2,1.22,1.18,1878750,0.6299999999999955,0.0,-1.43,0.0,False,False,280.0,2.5,2.2,-0.347,-0.1374,0.375,-0.325,False,NEUTRAL
2026-07-24T21:50:00,NATURALGAS,2026-07-24,train,FAILED_BREAKOUT,SHORT,0.902,2.25,E_open_space,True,False,inside_value,FLAT,1.0,0.563,4,1.27,1.24,-120000,2.0299999999999727,1.63,-0.3,1.63,False,False,280.0,0.7,3.6,2.857,4.041,3.393,0.093,False,NEUTRAL
2026-07-24T22:05:00,NATURALGAS,2026-07-24,train,FAILED_BREAKOUT,SHORT,0.987,3.5,A_broke,False,False,near_POC,FLAT,1.0,0.375,6,1.0,2.81,-942500,0.4399999999999977,7.92,-0.9,7.92,True,True,280.0,1.55,1.95,0.365,0.2332,0.5345,-0.6655,False,CONTINUATION
2026-07-24T23:15:00,NATURALGAS,2026-07-24,train,TRENDING,SHORT,0.976,3.0,C_broke_accepted,False,False,below_value,UP,0.995,0.531,3,1.75,0.5,-2113750,0.03999999999996362,0.0,-11.11,0.0,False,False,280.0,3.1,3.6,0.433,0.1383,0.969,0.469,False,NEUTRAL
2026-07-27T10:20:00,NATURALGAS,2026-07-27,train,TRENDING,LONG,0.938,2.8,C_broke_accepted,False,True,inside_value,,,0.3,1,0.8,4.05,17500,0.12000000000000455,0.0,-2.48,0.0,False,False,270.0,15.5,15.45,-0.3595,-0.023,-0.155,-0.255,False,CONTINUATION
2026-07-27T11:45:00,NATURALGAS,2026-07-27,train,TRENDING,SHORT,1.0,5.0,A_broke,False,False,below_value,UP,1.115,0.688,2,1.08,2.49,16250,0.029999999999972715,190.0,-6.67,190.0,True,True,270.0,12.7,12.7,-0.254,-0.0198,-0.077,-0.227,False,CONTINUATION
2026-07-27T12:00:00,NATURALGAS,2026-07-27,train,TRENDING,SHORT,1.0,13.0,C_broke_accepted,False,True,below_value,UP,1.079,1.125,4,1.29,6.66,26250,0.6800000000000068,0.29,-1.18,0.29,False,False,270.0,13.65,13.75,-0.174,-0.0126,0.3635,-0.2365,False,CONTINUATION
2026-07-27T12:35:00,NATURALGAS,2026-07-27,train,TRENDING,SHORT,0.907,2.67,C_broke_accepted,False,True,below_value,UP,1.211,1.25,5,1.27,1.44,195000,0.6200000000000045,3.21,-1.28,3.21,True,False,270.0,14.1,15.5,1.104,0.0775,1.259,0.009,False,CONTINUATION
2026-07-27T12:50:00,NATURALGAS,2026-07-27,train,TRENDING,SHORT,0.978,3.33,A_broke,False,True,below_value,DOWN,1.345,1.0,4,7.97,1.15,55000,0.12999999999999545,3.08,-1.54,3.08,True,False,260.0,10.1,9.95,-0.3505,-0.0344,-0.251,-0.351,False,CONTINUATION
2026-07-27T14:15:00,NATURALGAS,2026-07-27,train,TRENDING,LONG,0.937,2.67,C_broke_accepted,False,True,below_value,UP,1.133,0.458,1,0.4,0.81,-1250,0.3199999999999932,0.0,-1.54,0.0,False,False,260.0,18.2,18.25,-0.3145,-0.0171,-0.132,-0.382,False,CONTINUATION
2026-07-27T16:00:00,NATURALGAS,2026-07-27,train,TRENDING,LONG,0.952,2.67,C_broke_accepted,False,False,near_POC,FLAT,1.0,0.583,1,0.34,1.31,30000,0.12000000000000455,0.0,-1.61,0.0,False,False,260.0,18.9,18.75,-0.5265,-0.0276,-0.189,-0.439,False,CONTINUATION
2026-07-27T16:15:00,NATURALGAS,2026-07-27,train,TRENDING,LONG,0.907,2.33,C_broke_accepted,False,False,inside_value,FLAT,0.973,0.583,0,0.45,1.04,-3750,0.01999999999998181,4.76,-4.76,4.76,True,False,260.0,19.05,18.95,-0.48,-0.0249,-0.0405,-0.4905,False,CONTINUATION
2026-07-27T16:30:00,NATURALGAS,2026-07-27,train,TRENDING,LONG,0.989,4.0,A_broke,True,True,inside_value,FLAT,0.973,0.917,3,1.59,1.05,33750,0.5400000000000205,0.0,-1.49,0.0,False,False,260.0,19.4,19.1,-0.685,-0.035,0.106,-0.494,False,NEUTRAL
2026-07-27T17:00:00,NATURALGAS,2026-07-27,train,FAILED_BREAKOUT,SHORT,0.968,3.67,C_broke_accepted,False,False,inside_value,FLAT,1.0,0.917,4,2.38,1.3,30000,0.4300000000000068,0.23,-1.15,0.23,False,False,270.0,14.6,14.4,-0.49,-0.0332,-0.096,-0.346,False,CONTINUATION
2026-07-27T17:30:00,NATURALGAS,2026-07-27,train,TRENDING,LONG,0.98,4.0,C_broke_accepted,True,True,inside_value,FLAT,0.974,0.708,3,1.29,2.7,241250,0.13999999999998636,0.0,-8.09,0.0,False,False,270.0,14.35,14.05,-0.584,-0.0403,0.0565,-0.5435,False,TRAP
2026-07-27T17:40:00,NATURALGAS,2026-07-27,train,FAILED_BREAKOUT,SHORT,0.951,3.33,C_broke_accepted,False,True,inside_value,FLAT,0.974,1.042,2,0.72,0.75,20000,0.5300000000000296,0.19,-2.26,0.19,False,False,270.0,14.25,13.95,-0.582,-0.0404,0.1575,-0.4925,False,CONTINUATION
2026-07-27T18:00:00,NATURALGAS,2026-07-27,train,TRENDING,LONG,0.981,3.0,A_broke,False,True,inside_value,FLAT,0.971,0.781,1,1.21,1.29,188750,0.5399999999999636,3.73,-1.49,3.73,True,False,270.0,14.1,14.3,-0.084,-0.0059,0.259,-0.541,False,CONTINUATION
2026-07-27T18:30:00,NATURALGAS,2026-07-27,train,FAILED_BREAKOUT,LONG,0.929,2.5,C_broke_accepted,False,False,inside_value,FLAT,0.972,0.813,3,1.03,1.0,-141250,0.03000000000002956,46.67,-10.0,46.67,True,True,270.0,14.4,14.05,-0.6345,-0.0436,-0.044,-0.494,False,CONTINUATION
2026-07-27T21:50:00,NATURALGAS,2026-07-27,train,FAILED_BREAKOUT,SHORT,0.948,2.5,C_broke_accepted,False,True,inside_value,FLAT,0.969,0.625,0,0.69,1.09,72500,1.0299999999999727,0.87,-0.68,0.87,False,False,270.0,14.1,14.85,0.4605,0.0323,0.709,-0.041,False,CONTINUATION
2026-07-28T14:20:00,NATURALGAS,2026-07-28,train,TRENDING,LONG,0.984,2.67,A_broke,False,True,inside_value,FLAT,0.885,0.375,2,0.65,3.15,-11250,0.01999999999998181,8.33,-12.5,8.33,True,True,260.0,16.3,16.05,-0.5735,-0.0348,-0.113,-0.413,False,CONTINUATION
2026-07-28T15:15:00,NATURALGAS,2026-07-28,train,TRENDING,SHORT,0.901,1.67,D_failed_immediately,False,True,below_value,FLAT,0.928,0.292,2,0.79,0.19,51250,0.20999999999997954,2.79,-14.42,2.79,False,False,260.0,11.05,10.5,-0.7655,-0.0686,0.3395,-0.9605,False,NEUTRAL
2026-07-28T15:30:00,NATURALGAS,2026-07-28,train,TRENDING,SHORT,0.905,1.67,C_broke_accepted,True,False,below_value,UP,1.078,0.625,1,1.63,2.0,118750,0.11000000000001364,0.87,-2.61,0.87,False,False,260.0,11.25,11.2,-0.2745,-0.0242,-0.0625,-0.4125,False,TRAP
2026-07-28T15:35:00,NATURALGAS,2026-07-28,train,TRENDING,LONG,0.933,2.0,E_open_space,True,False,below_value,UP,1.078,0.625,1,0.62,1.4,522500,2.82000000000005,0.39,-1.03,0.39,False,False,260.0,15.65,15.35,-0.61,-0.0386,1.0435,-15.8065,False,NEUTRAL
2026-07-28T15:45:00,NATURALGAS,2026-07-28,train,TRENDING,LONG,1.0,7.67,A_broke,False,False,above_value,UP,1.156,0.542,0,0.76,1.62,138750,0.17000000000001592,9.47,-1.78,9.47,True,True,260.0,16.3,16.4,-0.227,-0.0138,-0.063,-0.263,False,CONTINUATION
2026-07-28T16:15:00,NATURALGAS,2026-07-28,train,FAILED_BREAKDOWN,SHORT,0.964,3.0,C_broke_accepted,False,True,above_value,DOWN,1.216,1.792,4,1.22,0.8,-1250,0.42999999999995,19.91,0.0,19.91,True,True,260.0,10.9,11.25,0.1285,0.0117,0.391,-11.009,False,CONTINUATION
2026-07-28T16:25:00,NATURALGAS,2026-07-28,train,FAILED_BREAKOUT,SHORT,0.976,3.33,C_broke_accepted,False,False,inside_value,DOWN,1.216,1.208,4,1.7,1.32,1250,0.2300000000000182,0.0,-1.74,0.0,False,False,260.0,11.2,11.15,-0.2735,-0.0242,0.088,-0.212,False,CONTINUATION
2026-07-28T17:30:00,NATURALGAS,2026-07-28,train,FAILED_BREAKOUT,LONG,0.908,2.67,C_broke_accepted,True,True,near_POC,UP,1.089,0.792,4,0.99,1.58,371250,0.32000000000005,0.0,-3.09,0.0,False,False,260.0,15.5,15.3,-0.508,-0.0324,0.045,-0.605,False,TRAP
2026-07-28T17:40:00,NATURALGAS,2026-07-28,train,FAILED_BREAKOUT,SHORT,0.97,2.86,C_broke_accepted,False,True,below_value,UP,1.089,0.679,2,1.18,0.75,-85000,0.4300000000000068,0.0,-1.16,0.0,False,False,260.0,11.5,11.45,-0.2795,-0.0241,0.085,-0.215,False,CONTINUATION
2026-07-28T19:25:00,NATURALGAS,2026-07-28,train,TRENDING,SHORT,0.983,3.25,C_broke_accepted,False,True,below_value,FLAT,1.0,0.781,3,1.17,0.95,212500,0.8400000000000318,4.89,-0.36,4.89,True,False,260.0,12.05,13.65,1.343,0.1103,1.4795,-0.2205,False,CONTINUATION
2026-07-28T19:30:00,NATURALGAS,2026-07-28,train,TRENDING,SHORT,0.951,2.5,C_broke_accepted,False,True,below_value,UP,1.143,1.063,2,1.36,1.56,-23750,0.5299999999999727,0.94,-1.7,0.94,False,False,260.0,12.35,12.35,-0.247,-0.0198,0.3765,-0.2235,False,CONTINUATION
2026-07-28T19:35:00,NATURALGAS,2026-07-28,train,TRENDING,SHORT,0.911,2.25,C_broke_accepted,False,True,below_value,UP,1.143,1.281,2,1.34,1.41,302500,0.5299999999999727,0.0,-2.66,0.0,False,False,260.0,12.65,12.35,-0.55,-0.043,0.0735,-0.5265,False,CONTINUATION
2026-07-28T22:40:00,NATURALGAS,2026-07-28,train,TRENDING,LONG,0.95,2.5,C_broke_accepted,False,True,below_value,FLAT,1.124,0.656,2,0.84,0.73,220000,0.2300000000000182,1.74,-3.91,1.74,False,False,260.0,13.3,13.3,-0.266,-0.0198,0.067,-0.383,False,CONTINUATION
2026-07-30T12:30:00,NATURALGAS,2026-07-30,train,OPENING_DRIVE,SHORT,1.0,3.33,A_broke,False,True,below_value,FLAT,1.34,0.333,2,1.39,2.89,-25000,0.3300000000000409,2.42,-2.12,2.42,False,False,260.0,12.0,11.5,-0.735,-0.0606,0.18,-0.72,False,CONTINUATION
2026-07-30T13:35:00,NATURALGAS,2026-07-30,train,FAILED_BREAKOUT,SHORT,0.923,1.67,A_broke,True,False,below_value,FLAT,1.631,0.375,2,1.07,1.26,23750,0.009999999999990905,0.0,-20.0,0.0,False,False,260.0,12.05,11.75,-0.538,-0.0442,-0.1205,-0.4205,False,TRAP
2026-07-30T13:50:00,NATURALGAS,2026-07-30,train,FAILED_BREAKOUT,SHORT,0.929,1.67,C_broke_accepted,False,True,below_value,FLAT,1.546,0.292,3,1.2,0.9,-61250,0.22000000000002728,0.47,-1.4,0.47,False,False,260.0,12.0,11.8,-0.438,-0.0361,0.03,-0.32,False,CONTINUATION
2026-07-30T14:30:00,NATURALGAS,2026-07-30,train,FAILED_BREAKOUT,LONG,0.98,2.67,C_broke_accepted,False,False,inside_value,DOWN,1.027,0.417,2,0.83,1.42,32500,0.01999999999998181,8.33,-8.33,8.33,True,True,260.0,14.45,14.3,-0.4375,-0.03,-0.0445,-0.3945,False,CONTINUATION
2026-07-30T15:50:00,NATURALGAS,2026-07-30,train,FAILED_BREAKOUT,SHORT,1.0,5.67,C_broke_accepted,False,True,below_value,FLAT,0.969,0.5,1,0.89,1.82,42500,0.35000000000002274,1.14,-1.14,1.14,False,False,260.0,12.35,12.4,-0.1975,-0.0158,0.0765,-0.2735,False,CONTINUATION
2026-07-30T16:30:00,NATURALGAS,2026-07-30,train,FAILED_BREAKOUT,SHORT,0.973,3.0,C_broke_accepted,False,True,below_value,UP,1.051,0.833,3,0.9,1.95,1250,0.3299999999999841,7.65,-1.22,7.65,True,True,260.0,12.4,12.8,0.148,0.0118,0.376,-0.174,False,CONTINUATION
2026-07-30T17:20:00,NATURALGAS,2026-07-30,train,TRENDING,LONG,0.976,2.25,A_broke,True,False,below_value,DOWN,1.112,0.469,3,0.62,1.21,116250,0.12999999999999545,1.57,-3.15,1.57,False,False,260.0,13.25,12.9,-0.6115,-0.0457,-0.0825,-0.4825,False,TRAP
2026-07-30T17:50:00,NATURALGAS,2026-07-30,train,TRENDING,SHORT,0.978,2.25,A_broke,False,False,below_value,FLAT,1.048,0.5,3,0.87,1.75,16250,0.12999999999999545,3.94,-2.36,3.94,True,False,260.0,13.6,13.25,-0.6185,-0.045,-0.036,-0.486,False,NEUTRAL
2026-07-30T18:55:00,NATURALGAS,2026-07-30,train,TRENDING,LONG,0.99,3.5,A_broke,True,False,below_value,FLAT,1.089,0.5,5,1.75,1.93,-88750,0.040000000000020464,11.9,-11.9,11.9,True,True,260.0,13.25,12.55,-0.958,-0.0716,-0.3325,-0.9325,False,TRAP
2026-07-30T19:05:00,NATURALGAS,2026-07-30,train,FAILED_BREAKOUT,SHORT,0.981,2.5,C_broke_accepted,False,True,below_value,FLAT,1.13,0.844,4,0.79,1.05,51250,0.4300000000000068,1.4,-2.79,1.4,False,False,260.0,13.1,12.65,-0.7075,-0.0535,0.269,-0.581,False,CONTINUATION
2026-07-30T19:35:00,NATURALGAS,2026-07-30,train,TRENDING,LONG,0.982,2.75,A_broke,False,False,below_value,FLAT,1.115,0.75,4,1.45,1.7,-13750,0.2300000000000182,25.32,-0.86,25.32,True,True,260.0,13.0,12.9,-0.359,-0.0273,-0.13,-0.28,False,CONTINUATION
2026-07-30T19:55:00,NATURALGAS,2026-07-30,train,FAILED_BREAKOUT,LONG,0.913,2.0,E_open_space,False,True,inside_value,FLAT,1.076,0.781,6,1.36,0.89,-151250,3.6200000000000045,0.41,-0.55,0.41,False,False,260.0,13.2,14.9,1.419,0.1064,2.718,-0.082,False,NEUTRAL
2026-07-30T20:10:00,NATURALGAS,2026-07-30,train,FAILED_BREAKDOWN,SHORT,0.975,2.75,C_broke_accepted,False,True,inside_value,DOWN,1.022,1.844,5,1.07,0.51,371250,0.22999999999996135,0.0,-2.58,0.0,False,False,260.0,11.35,11.3,-0.2765,-0.0241,0.1865,-0.3635,False,CONTINUATION
2026-07-30T20:40:00,NATURALGAS,2026-07-30,train,FAILED_BREAKDOWN,LONG,0.984,3.2,A_broke,False,False,above_value,UP,1.0,0.975,1,2.15,2.66,-293750,0.44999999999998863,0.22,-1.34,0.22,False,False,260.0,15.75,15.35,-0.711,-0.0447,-0.0075,-0.6075,False,NEUTRAL
2026-07-30T21:50:00,NATURALGAS,2026-07-30,train,FAILED_BREAKDOWN,SHORT,0.978,2.8,C_broke_accepted,False,True,above_value,FLAT,1.041,0.3,2,1.95,2.45,-306250,1.240000000000009,0.0,-1.45,0.0,False,False,260.0,10.55,10.55,-0.211,-0.0198,0.2945,-0.3555,False,CONTINUATION
2026-07-30T22:00:00,NATURALGAS,2026-07-30,train,FAILED_BREAKOUT,LONG,0.9,1.8,C_broke_accepted,False,True,above_value,FLAT,1.041,0.65,0,0.63,0.84,-38750,0.3299999999999841,0.0,-1.53,0.0,False,False,260.0,15.0,14.95,-0.3495,-0.0231,0.2,-0.3,False,CONTINUATION
2026-07-31T12:05:00,NATURALGAS,2026-07-31,train,TRENDING,LONG,1.0,3.0,A_broke,False,True,above_value,FLAT,1.615,0.438,2,1.52,1.69,-13750,0.22000000000002728,6.42,-2.75,6.42,True,True,270.0,11.25,11.25,-0.225,-0.0198,-0.0625,-0.2625,False,CONTINUATION
2026-07-31T12:20:00,NATURALGAS,2026-07-31,train,TRENDING,LONG,1.0,5.5,A_broke,False,False,above_value,DOWN,1.656,0.563,2,1.74,2.24,-35000,0.029999999999972715,9.09,-12.12,9.09,True,True,270.0,11.75,11.5,-0.4825,-0.0407,-0.0675,-0.3675,False,CONTINUATION
2026-07-31T12:30:00,NATURALGAS,2026-07-31,train,TRENDING,SHORT,0.976,3.5,C_broke_accepted,False,True,above_value,UP,1.476,1.188,3,0.47,1.21,-5000,0.5199999999999818,5.18,-1.15,5.18,True,True,270.0,14.1,15.0,0.609,0.0428,0.859,-0.141,False,CONTINUATION
2026-07-31T12:35:00,NATURALGAS,2026-07-31,train,TRENDING,SHORT,0.977,3.5,C_broke_accepted,False,True,above_value,UP,1.476,1.313,2,0.45,0.81,-41250,1.0199999999999818,1.67,-1.57,1.67,False,False,270.0,14.35,14.2,-0.4355,-0.03,1.2065,-0.5935,False,CONTINUATION
2026-07-31T12:40:00,NATURALGAS,2026-07-31,train,TRENDING,SHORT,0.977,5.0,C_broke_accepted,False,False,above_value,UP,1.476,1.313,1,0.47,0.95,-53750,0.029999999999972715,3.33,-6.67,3.33,True,False,270.0,14.95,14.9,-0.3485,-0.0231,0.0005,-0.2495,False,CONTINUATION
2026-07-31T15:15:00,NATURALGAS,2026-07-31,train,FAILED_BREAKOUT,LONG,0.933,3.0,C_broke_accepted,True,True,above_value,FLAT,0.918,0.562,3,2.6,2.44,226250,0.22000000000002728,0.46,-1.83,0.46,False,False,270.0,11.1,10.9,-0.42,-0.0375,0.039,-0.411,False,TRAP
2026-07-31T15:30:00,NATURALGAS,2026-07-31,train,FAILED_BREAKOUT,SHORT,0.936,3.0,C_broke_accepted,True,True,inside_value,FLAT,1.09,1.0,1,0.25,1.29,255000,0.21999999999997044,0.46,-1.83,0.46,False,False,270.0,14.9,14.75,-0.4465,-0.0297,-0.049,-0.299,False,TRAP
2026-07-31T15:40:00,NATURALGAS,2026-07-31,train,FAILED_BREAKOUT,LONG,0.9,2.5,C_broke_accepted,False,True,above_value,FLAT,1.09,0.812,0,2.37,0.77,440000,0.21000000000003638,0.93,-5.12,0.93,False,False,270.0,10.8,10.65,-0.3645,-0.0334,0.142,-0.458,False,CONTINUATION
2026-07-31T17:15:00,NATURALGAS,2026-07-31,train,FAILED_BREAKOUT,LONG,0.919,2.67,C_broke_accepted,False,True,above_value,FLAT,1.0,0.792,6,2.85,1.13,-545000,0.3199999999999932,4.94,-3.4,4.94,True,False,270.0,11.1,11.45,0.1245,0.0111,0.339,-0.111,False,CONTINUATION
2026-07-31T17:30:00,NATURALGAS,2026-07-31,train,TRENDING,LONG,0.961,3.33,C_broke_accepted,True,True,above_value,FLAT,1.08,1.125,4,1.32,1.69,-446250,0.12999999999999545,0.0,-2.31,0.0,False,False,270.0,11.9,11.8,-0.337,-0.028,-0.119,-0.369,False,NEUTRAL
2026-07-31T17:45:00,NATURALGAS,2026-07-31,train,TRENDING,SHORT,0.914,2.67,D_failed_immediately,False,True,above_value,DOWN,1.14,1.333,2,0.51,0.65,26250,0.6200000000000045,10.42,-0.48,10.42,True,True,270.0,13.85,14.7,0.5645,0.0404,0.7115,-0.0385,False,NEUTRAL
2026-07-31T18:00:00,NATURALGAS,2026-07-31,train,FAILED_BREAKDOWN,SHORT,0.991,5.0,C_broke_accepted,False,True,inside_value,FLAT,1.25,0.792,1,0.91,1.23,106250,0.9499999999999886,4.76,-0.74,4.76,True,False,270.0,14.7,16.45,1.4385,0.0969,1.853,-0.147,False,CONTINUATION
2026-07-31T18:05:00,NATURALGAS,2026-07-31,train,FAILED_BREAKOUT,SHORT,0.908,3.0,C_broke_accepted,False,False,inside_value,FLAT,1.25,1.125,1,0.82,1.52,235000,0.4300000000000068,2.34,-2.11,2.34,False,False,270.0,15.05,15.2,-0.1525,-0.01,0.8995,-0.4505,False,CONTINUATION
2026-07-31T18:20:00,NATURALGAS,2026-07-31,train,FAILED_BREAKOUT,LONG,0.973,4.0,C_broke_accepted,True,False,inside_value,UP,1.026,1.917,0,1.92,0.75,1006250,0.040000000000020464,13.89,-22.22,13.89,True,True,260.0,14.85,14.45,-0.693,-0.0462,0.3015,-0.5485,False,TRAP
2026-07-31T18:45:00,NATURALGAS,2026-07-31,train,FAILED_BREAKOUT,SHORT,0.983,4.33,C_broke_accepted,False,False,below_value,FLAT,1.0,0.875,3,0.98,0.98,-70000,0.13999999999998636,2.16,-2.88,2.16,False,False,260.0,10.65,10.7,-0.1635,-0.0152,-0.0065,-0.4065,False,CONTINUATION
2026-07-31T19:20:00,NATURALGAS,2026-07-31,train,FAILED_BREAKOUT,SHORT,0.927,3.33,B_swept_returned,True,False,below_value,DOWN,1.154,0.792,5,0.82,1.42,-96250,1.2299999999999613,0.0,-1.06,0.0,False,False,260.0,10.7,10.65,-0.2635,-0.0244,0.343,-0.207,False,NEUTRAL
2026-07-31T19:45:00,NATURALGAS,2026-07-31,train,FAILED_BREAKOUT,SHORT,0.93,3.33,A_broke,False,True,below_value,UP,1.104,0.917,5,1.23,0.8,55000,0.22999999999996135,11.74,0.0,11.74,True,True,260.0,10.6,10.65,-0.1625,-0.0152,-0.056,-0.156,False,CONTINUATION
2026-07-31T22:20:00,NATURALGAS,2026-07-31,train,FAILED_BREAKOUT,LONG,0.906,3.0,C_broke_accepted,False,False,below_value,FLAT,1.177,0.333,1,1.32,1.38,-1250,0.12999999999999545,3.94,-1.57,3.94,True,False,260.0,13.35,13.35,-0.267,-0.0198,0.0165,-0.1335,False,CONTINUATION
2026-08-03T11:10:00,NATURALGAS,2026-08-03,train,OPENING_DRIVE,LONG,0.92,2.0,E_open_space,True,False,inside_value,UP,0.88,0.563,2,0.48,1.45,2500,0.7100000000000364,0.56,-1.69,0.56,False,False,260.0,13.95,13.65,-0.576,-0.0409,0.4605,-0.4395,False,NEUTRAL
2026-08-03T12:10:00,NATURALGAS,2026-08-03,train,FAILED_BREAKDOWN,SHORT,0.973,3.0,A_broke,False,False,inside_value,UP,1.18,0.375,2,3.2,1.3,-83750,0.12000000000000455,5.93,-2.54,5.93,True,True,260.0,9.95,9.9,-0.2485,-0.0247,-0.1495,-0.1995,False,CONTINUATION
2026-08-03T13:35:00,NATURALGAS,2026-08-03,train,FAILED_BREAKOUT,LONG,0.981,2.8,C_broke_accepted,False,True,above_value,DOWN,1.075,0.45,3,0.77,1.22,-1250,0.3199999999999932,3.12,-1.87,3.12,True,False,260.0,14.3,14.75,0.1595,0.011,0.557,-0.243,False,CONTINUATION
2026-08-03T13:45:00,NATURALGAS,2026-08-03,train,FAILED_BREAKDOWN,LONG,0.982,2.33,C_broke_accepted,False,False,above_value,DOWN,1.075,0.75,2,2.61,2.84,-18750,0.12000000000000455,1.65,-2.48,1.65,False,False,260.0,14.85,14.75,-0.396,-0.0264,0.0015,-0.4485,False,CONTINUATION
2026-08-03T15:30:00,NATURALGAS,2026-08-03,train,FAILED_BREAKDOWN,SHORT,0.961,2.0,A_broke,False,False,inside_value,FLAT,1.132,0.375,2,4.01,1.88,708750,0.12000000000000455,14.41,-5.08,14.41,True,True,270.0,15.0,15.0,-0.3,-0.0198,-0.05,-0.3,False,NEUTRAL
2026-08-03T16:05:00,NATURALGAS,2026-08-03,train,FAILED_BREAKOUT,SHORT,0.904,2.5,C_broke_accepted,False,True,inside_value,FLAT,0.966,0.5,1,1.37,1.37,2500,0.20999999999997954,5.12,-5.58,5.12,True,True,260.0,9.85,9.9,-0.1475,-0.0148,0.0515,-0.1485,False,CONTINUATION
2026-08-03T16:40:00,NATURALGAS,2026-08-03,train,FAILED_BREAKOUT,LONG,0.956,2.0,A_broke,True,False,near_POC,UP,0.993,0.708,3,0.77,0.88,10000,0.01999999999998181,16.67,-44.44,16.67,True,True,260.0,13.95,13.9,-0.3285,-0.0233,-0.0395,-0.1895,False,TRAP
2026-08-03T17:10:00,NATURALGAS,2026-08-03,train,FAILED_BREAKOUT,LONG,0.99,2.67,C_broke_accepted,False,False,near_POC,FLAT,1.0,0.5,2,0.48,0.72,47500,0.12000000000000455,36.29,-2.42,36.29,True,True,260.0,14.05,14.15,-0.182,-0.0128,-0.0405,-0.2905,False,CONTINUATION
2026-08-03T17:25:00,NATURALGAS,2026-08-03,train,FAILED_BREAKOUT,LONG,1.0,3.33,C_broke_accepted,True,False,above_value,FLAT,1.086,0.5,4,2.25,1.67,-13750,0.12999999999999545,0.77,-3.85,0.77,False,False,260.0,14.65,14.15,-0.788,-0.0533,-0.1465,-0.6465,False,TRAP
2026-08-03T17:35:00,NATURALGAS,2026-08-03,train,FAILED_BREAKDOWN,SHORT,0.901,2.0,C_broke_accepted,True,False,inside_value,FLAT,1.0,1.0,4,1.32,1.22,30000,0.22000000000002728,0.0,-2.29,0.0,False,False,260.0,9.7,9.45,-0.4415,-0.0451,-0.147,-0.397,False,TRAP
2026-08-03T17:50:00,NATURALGAS,2026-08-03,train,FAILED_BREAKDOWN,LONG,1.0,4.33,C_broke_accepted,False,True,above_value,FLAT,0.961,0.875,3,2.14,1.36,-16250,0.34000000000003183,6.49,-1.77,6.49,True,True,270.0,10.3,10.75,0.2395,0.023,0.347,-0.103,False,CONTINUATION
2026-08-03T18:00:00,NATURALGAS,2026-08-03,train,TRENDING,LONG,0.981,3.0,C_broke_accepted,False,True,above_value,DOWN,1.021,1.083,2,2.47,1.72,-508750,0.8299999999999841,0.6,-2.78,0.6,False,False,270.0,10.75,10.05,-0.908,-0.0836,0.6425,-0.8575,False,CONTINUATION
2026-08-03T18:05:00,NATURALGAS,2026-08-03,train,TRENDING,LONG,0.963,2.67,C_broke_accepted,True,True,above_value,DOWN,1.021,1.167,1,1.79,1.64,-408750,0.7199999999999704,0.0,-1.24,0.0,False,False,270.0,11.2,10.85,-0.5705,-0.0504,0.188,-0.462,False,TRAP
2026-08-03T18:20:00,NATURALGAS,2026-08-03,train,TRENDING,SHORT,1.0,4.33,C_broke_accepted,False,False,above_value,DOWN,1.021,1.667,1,0.78,0.94,37500,0.03999999999996362,23.08,-2.56,23.08,True,True,270.0,14.25,14.6,0.0615,0.0043,0.2075,-0.2425,False,CONTINUATION
2026-08-03T18:25:00,NATURALGAS,2026-08-03,train,FAILED_BREAKDOWN,LONG,0.91,2.33,C_broke_accepted,False,False,above_value,DOWN,1.021,1.583,1,1.42,1.05,432500,0.12000000000000455,4.13,-1.65,4.13,True,False,260.0,15.05,14.65,-0.697,-0.0459,-0.1005,-0.7505,False,CONTINUATION
2026-08-03T19:20:00,NATURALGAS,2026-08-03,train,FAILED_BREAKOUT,SHORT,0.926,2.67,D_failed_immediately,False,False,inside_value,FLAT,1.0,0.667,4,1.17,1.6,-282500,0.9199999999999591,0.43,-1.62,0.43,False,False,260.0,9.95,9.55,-0.595,-0.0592,0.4005,-0.4995,False,NEUTRAL
2026-08-03T19:40:00,NATURALGAS,2026-08-03,train,FAILED_BREAKOUT,LONG,0.929,2.67,C_broke_accepted,False,False,near_POC,FLAT,0.936,1.042,1,0.82,1.13,531250,0.020000000000038654,0.0,-20.83,0.0,False,False,260.0,13.5,13.5,-0.27,-0.0198,0.065,-0.285,False,NEUTRAL
2026-08-04T10:40:00,NATURALGAS,2026-08-04,train,TRENDING,LONG,1.0,3.0,C_broke_accepted,False,False,above_value,,,0.25,2,3.17,1.88,17500,0.01999999999998181,5.56,-5.56,5.56,True,True,270.0,9.85,9.8,-0.2465,-0.0248,0.0015,-0.1985,False,CONTINUATION
2026-08-04T11:30:00,NATURALGAS,2026-08-04,train,FAILED_BREAKOUT,LONG,0.9,1.5,A_broke,False,True,above_value,FLAT,1.367,0.438,3,1.03,0.58,0,0.21000000000003638,2.39,-3.83,2.39,False,False,270.0,9.7,9.35,-0.5405,-0.0552,0.253,-0.447,False,CONTINUATION
2026-08-04T12:15:00,NATURALGAS,2026-08-04,train,TRENDING,SHORT,1.0,3.0,C_broke_accepted,False,True,inside_value,DOWN,1.19,0.438,0,1.04,3.16,-17500,0.12000000000000455,92.37,0.0,92.37,True,True,270.0,14.4,14.55,-0.1395,-0.0096,0.006,-0.244,False,CONTINUATION
2026-08-04T13:25:00,NATURALGAS,2026-08-04,train,FAILED_BREAKOUT,SHORT,0.981,3.0,C_broke_accepted,False,True,below_value,DOWN,1.112,0.437,1,1.51,2.84,-10000,0.12000000000000455,0.85,-2.54,0.85,False,False,260.0,9.6,9.6,-0.192,-0.0198,0.054,-0.146,False,CONTINUATION
2026-08-04T14:35:00,NATURALGAS,2026-08-04,train,FAILED_BREAKOUT,SHORT,0.985,3.0,C_broke_accepted,False,False,below_value,DOWN,1.044,0.5,0,1.66,1.51,110000,0.020000000000038654,5.56,-5.56,5.56,True,True,260.0,9.5,9.7,0.008,0.0008,0.105,0.005,False,CONTINUATION
2026-08-04T15:15:00,NATURALGAS,2026-08-04,train,FAILED_BREAKOUT,LONG,0.946,2.5,C_broke_accepted,False,True,below_value,DOWN,1.026,0.75,3,0.95,1.75,140000,0.22000000000002728,0.93,-1.86,0.93,False,False,260.0,13.25,13.35,-0.166,-0.0124,0.1675,-0.1825,False,NEUTRAL
2026-08-04T15:50:00,NATURALGAS,2026-08-04,train,FAILED_BREAKOUT,SHORT,0.951,2.5,C_broke_accepted,False,False,below_value,FLAT,1.168,0.625,0,1.25,1.84,415000,0.20999999999997954,6.51,-1.4,6.51,True,True,260.0,10.0,10.4,0.196,0.0194,0.35,-0.1,False,CONTINUATION
2026-08-04T16:00:00,NATURALGAS,2026-08-04,train,TRENDING,SHORT,0.988,3.0,C_broke_accepted,False,True,below_value,UP,1.061,1.062,0,1.22,1.09,165000,0.12000000000000455,3.39,-1.69,3.39,True,False,260.0,10.4,10.65,0.0395,0.0038,0.146,-0.154,False,CONTINUATION
2026-08-04T16:10:00,NATURALGAS,2026-08-04,train,TRENDING,SHORT,0.988,3.0,C_broke_accepted,True,False,below_value,UP,1.061,1.25,0,1.39,0.85,457500,0.020000000000038654,0.0,-38.89,0.0,False,False,260.0,10.65,10.25,-0.609,-0.0566,0.0435,-0.5065,False,TRAP
2026-08-04T16:20:00,NATURALGAS,2026-08-04,train,TRENDING,LONG,0.989,3.0,C_broke_accepted,False,True,below_value,FLAT,1.028,1.625,1,0.91,0.97,730000,0.5199999999999818,0.77,-1.16,0.77,False,False,260.0,12.5,12.6,-0.151,-0.012,0.325,-0.075,False,CONTINUATION
2026-08-04T16:25:00,NATURALGAS,2026-08-04,train,FAILED_BREAKOUT,LONG,0.92,2.0,C_broke_accepted,True,False,below_value,FLAT,1.028,1.3,1,0.86,0.64,235000,0.11000000000001364,0.0,-3.48,0.0,False,False,260.0,12.85,12.6,-0.5045,-0.0389,-0.0285,-0.4285,False,TRAP
2026-08-04T16:30:00,NATURALGAS,2026-08-04,train,FAILED_BREAKOUT,SHORT,1.0,2.33,C_broke_accepted,False,True,below_value,DOWN,1.047,0.917,1,0.95,0.99,98750,0.32000000000005,25.86,0.0,25.86,True,True,260.0,10.05,10.55,0.294,0.029,0.4995,-0.0505,False,CONTINUATION
2026-08-04T17:05:00,NATURALGAS,2026-08-04,train,TRENDING,SHORT,1.0,2.8,C_broke_accepted,False,True,below_value,FLAT,1.164,0.85,1,1.41,1.32,98750,1.0199999999999818,6.27,-0.29,6.27,True,True,260.0,10.65,12.35,1.47,0.1367,1.7435,-0.1565,False,CONTINUATION
2026-08-04T17:10:00,NATURALGAS,2026-08-04,train,TRENDING,SHORT,1.0,3.33,C_broke_accepted,False,True,below_value,FLAT,1.164,0.833,1,0.96,1.85,-375000,1.0299999999999727,5.53,-0.19,5.53,True,True,260.0,11.1,12.75,1.4115,0.1259,1.689,-0.211,False,CONTINUATION
2026-08-04T17:15:00,NATURALGAS,2026-08-04,train,TRENDING,SHORT,1.0,4.67,C_broke_accepted,False,True,below_value,UP,1.031,0.917,1,0.94,2.28,153750,1.2399999999999523,0.16,-1.13,0.16,False,False,260.0,11.5,11.45,-0.2795,-0.0241,0.735,-0.265,False,CONTINUATION
2026-08-04T17:20:00,NATURALGAS,2026-08-04,train,TRENDING,SHORT,0.99,4.0,A_broke,True,True,below_value,UP,1.031,1.167,1,1.03,2.3,-208750,0.5399999999999636,0.0,-1.12,0.0,False,False,260.0,12.05,11.8,-0.4885,-0.0401,-0.1205,-0.3705,False,TRAP
2026-08-04T18:05:00,NATURALGAS,2026-08-04,train,TRENDING,SHORT,0.954,2.33,C_broke_accepted,False,True,below_value,UP,1.095,0.667,3,0.72,1.21,287500,0.5199999999999818,2.11,-1.92,2.11,False,False,260.0,12.15,12.1,-0.2925,-0.0238,0.6285,-0.5715,False,CONTINUATION
2026-08-04T18:40:00,NATURALGAS,2026-08-04,train,TRENDING,SHORT,0.957,2.33,C_broke_accepted,False,True,below_value,DOWN,1.061,1.25,1,0.56,0.96,-46250,1.0199999999999818,2.94,0.0,2.94,False,False,260.0,12.1,13.5,1.144,0.0936,2.479,0.029,False,CONTINUATION
2026-08-04T18:45:00,NATURALGAS,2026-08-04,train,TRENDING,SHORT,0.974,3.33,C_broke_accepted,False,True,below_value,UP,1.133,1.0,1,0.55,1.06,-115000,1.1299999999999955,1.68,-0.35,1.68,False,False,260.0,12.75,13.5,0.4875,0.0379,1.8225,-0.2275,False,CONTINUATION
2026-08-04T18:50:00,NATURALGAS,2026-08-04,train,TRENDING,SHORT,0.974,3.67,A_broke,False,False,below_value,UP,1.133,0.875,2,0.57,1.3,-173750,0.12999999999999545,16.54,-0.75,16.54,True,True,260.0,13.3,13.25,-0.3155,-0.0235,0.017,-0.183,False,CONTINUATION
2026-08-04T19:05:00,NATURALGAS,2026-08-04,train,TRENDING,SHORT,0.925,2.33,C_broke_accepted,False,False,below_value,UP,1.225,1.292,4,0.75,0.58,-75000,0.12000000000000455,13.22,-1.65,13.22,True,True,260.0,13.8,13.8,-0.276,-0.0198,-0.038,-0.238,False,CONTINUATION
2026-08-04T19:15:00,NATURALGAS,2026-08-04,train,TRENDING,SHORT,0.926,2.33,C_broke_accepted,False,True,below_value,UP,1.241,1.5,3,3.93,0.65,-106250,0.6200000000000045,0.97,-1.13,0.97,False,False,260.0,14.15,14.0,-0.4315,-0.0302,0.4085,-0.3415,False,CONTINUATION
2026-08-04T21:30:00,NATURALGAS,2026-08-04,train,TRENDING,LONG,0.926,2.33,A_broke,False,False,below_value,FLAT,1.076,0.25,4,1.44,1.9,-7500,0.020000000000010232,4.76,-9.52,4.76,True,False,260.0,9.3,9.25,-0.2355,-0.0251,-0.093,-0.243,False,NEUTRAL
2026-08-05T10:10:00,NATURALGAS,2026-08-05,train,TRENDING,SHORT,1.0,4.5,C_broke_accepted,False,False,NA,,,0.438,2,0.46,2.34,-67500,0.029999999999972715,3.7,-3.7,3.7,True,False,260.0,12.75,12.7,-0.3045,-0.0236,-0.1275,-0.2275,False,CONTINUATION
2026-08-05T11:25:00,NATURALGAS,2026-08-05,train,OPENING_DRIVE,LONG,0.966,2.5,C_broke_accepted,False,True,above_value,FLAT,0.732,0.313,5,2.54,0.63,-10000,0.010000000000047748,33.33,-6.67,33.33,True,True,260.0,9.95,9.95,-0.199,-0.0198,-0.0495,-0.0995,False,NEUTRAL
2026-08-05T13:05:00,NATURALGAS,2026-08-05,train,TRENDING,SHORT,0.98,2.5,C_broke_accepted,False,True,above_value,FLAT,1.178,0.563,2,0.76,0.85,12500,0.4200000000000159,2.41,-1.45,2.41,False,False,260.0,11.95,11.75,-0.437,-0.0362,0.6805,-0.3195,False,CONTINUATION
2026-08-05T13:10:00,NATURALGAS,2026-08-05,train,TRENDING,SHORT,0.9,2.0,C_broke_accepted,False,True,inside_value,FLAT,1.178,0.563,2,0.52,0.55,-25000,0.6099999999999568,0.65,-1.63,0.65,False,False,260.0,12.15,11.9,-0.4905,-0.04,0.4785,-0.3715,False,CONTINUATION
2026-08-05T13:15:00,NATURALGAS,2026-08-05,train,FAILED_BREAKOUT,SHORT,0.98,3.0,C_broke_accepted,False,False,inside_value,FLAT,1.154,0.563,2,0.75,1.45,-6250,0.01999999999998181,0.0,-16.67,0.0,False,False,260.0,12.55,12.35,-0.449,-0.0354,-0.1255,-0.3255,False,CONTINUATION
2026-08-05T16:15:00,NATURALGAS,2026-08-05,train,FAILED_BREAKOUT,LONG,0.977,3.0,C_broke_accepted,False,True,near_POC,FLAT,1.06,0.75,3,1.18,1.35,23750,0.6200000000000045,0.32,-1.13,0.32,False,False,260.0,9.5,9.4,-0.289,-0.0301,0.255,-0.245,False,CONTINUATION
2026-08-05T17:15:00,NATURALGAS,2026-08-05,train,FAILED_BREAKOUT,SHORT,0.919,2.5,A_broke,True,True,below_value,FLAT,1.0,0.562,5,0.96,1.37,-158750,0.11000000000001364,0.0,-4.35,0.0,False,False,260.0,12.35,12.35,-0.247,-0.0198,0.0265,-0.2735,False,TRAP
2026-08-05T17:30:00,NATURALGAS,2026-08-05,train,FAILED_BREAKOUT,SHORT,1.0,4.8,C_broke_accepted,False,False,below_value,FLAT,1.0,0.6,3,0.7,1.49,-70000,0.040000000000020464,16.67,-2.78,16.67,True,True,260.0,12.9,13.1,-0.06,-0.0046,0.071,-0.329,False,CONTINUATION
2026-08-05T17:50:00,NATURALGAS,2026-08-05,train,FAILED_BREAKOUT,SHORT,0.981,3.33,C_broke_accepted,True,True,below_value,DOWN,0.989,0.958,4,0.83,1.3,153750,0.5300000000000296,0.57,-2.45,0.57,False,False,260.0,13.05,12.4,-0.9045,-0.0686,0.4695,-0.8305,False,TRAP
2026-08-05T19:35:00,NATURALGAS,2026-08-05,train,FAILED_BREAKOUT,SHORT,0.945,3.0,C_broke_accepted,False,True,below_value,FLAT,1.147,0.583,3,0.69,1.19,-132500,0.12999999999999545,0.79,-3.15,0.79,False,False,260.0,13.25,12.95,-0.562,-0.042,0.0675,-0.4325,False,CONTINUATION
2026-08-05T20:00:00,NATURALGAS,2026-08-05,train,FAILED_BREAKOUT,SHORT,0.924,2.67,C_broke_accepted,False,False,below_value,FLAT,1.12,0.625,3,1.62,0.86,-98750,0.020000000000010232,4.17,-12.5,4.17,True,False,260.0,13.75,13.6,-0.4235,-0.0305,-0.0375,-0.4375,False,CONTINUATION
2026-08-05T21:45:00,NATURALGAS,2026-08-05,train,FAILED_BREAKOUT,LONG,0.954,3.0,C_broke_accepted,False,True,inside_value,FLAT,1.119,0.667,2,1.6,2.36,-177500,0.4300000000000068,1.17,-0.94,1.17,False,False,260.0,9.05,9.3,0.0665,0.0073,0.2095,-0.1405,False,CONTINUATION
2026-08-06T11:30:00,NATURALGAS,2026-08-06,train,OPENING_DRIVE,LONG,1.0,12.0,C_broke_accepted,False,True,above_value,UP,0.875,0.625,1,2.56,3.27,123750,0.5400000000000205,2.43,-1.68,2.43,False,False,260.0,9.15,8.6,-0.7275,-0.0787,0.5585,-9.2415,False,CONTINUATION
2026-08-06T11:35:00,NATURALGAS,2026-08-06,train,TRENDING,LONG,0.968,5.0,C_broke_accepted,False,True,above_value,UP,0.875,1.875,2,2.89,1.59,-168750,0.3199999999999932,2.86,-1.59,2.86,False,False,260.0,9.25,9.1,-0.3335,-0.0357,0.4575,-9.3425,False,CONTINUATION
2026-08-06T12:05:00,NATURALGAS,2026-08-06,train,TRENDING,LONG,0.946,2.0,C_broke_accepted,False,True,above_value,UP,1.31,1.563,2,1.41,2.01,-268750,0.11000000000001364,0.0,-3.57,0.0,False,False,260.0,9.65,9.65,-0.193,-0.0198,0.0535,-0.1965,False,CONTINUATION
2026-08-06T13:20:00,NATURALGAS,2026-08-06,train,FAILED_BREAKOUT,SHORT,0.942,2.0,C_broke_accepted,False,True,inside_value,FLAT,1.431,0.5,4,1.27,1.05,-52500,0.11000000000001364,0.89,-4.46,0.89,False,False,260.0,12.35,12.25,-0.346,-0.0277,0.0265,-0.3235,False,NEUTRAL
2026-08-06T15:05:00,NATURALGAS,2026-08-06,train,FAILED_BREAKOUT,SHORT,0.986,4.0,A_broke,False,False,inside_value,FLAT,0.969,0.25,3,0.45,3.56,0,0.12000000000000455,45.97,-0.81,45.97,True,True,260.0,12.65,12.65,-0.253,-0.0198,-0.1265,-0.3265,False,NEUTRAL
2026-08-06T16:10:00,NATURALGAS,2026-08-06,train,FAILED_BREAKOUT,LONG,0.941,3.0,C_broke_accepted,False,True,inside_value,UP,0.989,0.5,3,2.51,1.6,-102500,0.22000000000002728,0.0,-2.29,0.0,False,False,260.0,8.6,8.6,-0.172,-0.0198,0.114,-0.136,False,NEUTRAL
2026-08-06T17:15:00,NATURALGAS,2026-08-06,train,FAILED_BREAKOUT,SHORT,0.949,3.0,C_broke_accepted,False,False,below_value,DOWN,1.067,0.562,3,1.56,1.72,30000,0.3199999999999932,2.2,-2.2,2.2,False,False,250.0,8.35,8.1,-0.4145,-0.0491,0.4665,-0.3335,False,CONTINUATION
2026-08-06T17:40:00,NATURALGAS,2026-08-06,train,FAILED_BREAKOUT,SHORT,0.981,5.0,A_broke,True,False,below_value,DOWN,1.039,1.312,1,1.88,1.25,81250,0.030000000000001137,13.33,-6.67,13.33,True,True,250.0,8.5,8.3,-0.368,-0.0429,-0.135,-0.585,False,TRAP
2026-08-06T17:45:00,NATURALGAS,2026-08-06,train,FAILED_BREAKOUT,LONG,0.962,4.0,C_broke_accepted,False,False,below_value,UP,1.021,1.312,2,0.6,0.95,-258750,0.12000000000000455,7.26,-3.23,7.26,True,True,250.0,12.65,12.9,-0.0055,-0.0004,0.1235,-0.5265,False,CONTINUATION
2026-08-06T17:50:00,NATURALGAS,2026-08-06,train,FAILED_BREAKOUT,SHORT,0.924,3.0,C_broke_accepted,True,False,below_value,UP,1.021,1.25,3,1.61,0.6,241250,1.2199999999999989,0.33,-1.15,0.33,False,False,250.0,7.85,7.8,-0.2065,-0.026,0.4715,-0.2785,False,TRAP
2026-08-06T19:00:00,NATURALGAS,2026-08-06,train,FAILED_BREAKOUT,SHORT,0.975,6.0,C_broke_accepted,False,True,below_value,FLAT,1.0,0.937,4,1.4,2.63,75000,0.539999999999992,5.6,-1.31,5.6,True,True,250.0,8.4,8.9,0.327,0.0385,0.616,-0.284,False,CONTINUATION
2026-08-06T20:00:00,NATURALGAS,2026-08-06,train,FAILED_BREAKOUT,SHORT,0.916,2.33,C_broke_accepted,False,True,below_value,DOWN,0.984,0.458,2,1.47,4.03,77500,0.6200000000000045,0.81,-1.13,0.81,False,False,250.0,9.45,9.45,-0.189,-0.0198,0.3555,-9.5445,False,CONTINUATION
2026-08-06T22:15:00,NATURALGAS,2026-08-06,train,FAILED_BREAKOUT,LONG,0.968,3.33,C_broke_accepted,False,True,inside_value,FLAT,1.093,0.458,5,0.71,1.97,-30000,0.5300000000000011,0.0,-1.13,0.0,False,False,250.0,12.35,12.35,-0.247,-0.0198,0.0265,-0.3735,False,CONTINUATION
2026-08-07T10:00:00,NATURALGAS,2026-08-07,train,OPENING_DRIVE,SHORT,0.917,1.33,C_broke_accepted,False,True,NA,,,0.583,0,1.0,1.73,-48750,0.21000000000000796,0.0,-1.89,0.0,False,False,250.0,9.0,8.9,-0.279,-0.0307,0.01,-0.19,False,CONTINUATION
2026-08-07T10:35:00,NATURALGAS,2026-08-07,train,TRENDING,LONG,1.0,1.67,A_broke,True,True,above_value,,,0.292,1,0.9,1.85,0,0.009999999999990905,6.67,-13.33,6.67,True,True,250.0,11.6,11.45,-0.3805,-0.0325,-0.066,-0.266,False,NEUTRAL
2026-08-07T11:40:00,NATURALGAS,2026-08-07,train,TRENDING,LONG,0.903,2.0,C_broke_accepted,False,True,above_value,DOWN,1.03,0.375,2,1.03,0.58,-32500,0.5099999999999909,1.76,-1.37,1.76,False,False,250.0,11.85,11.7,-0.3855,-0.0322,0.6315,-0.3685,False,CONTINUATION
2026-08-07T11:45:00,NATURALGAS,2026-08-07,train,TRENDING,LONG,1.0,2.0,C_broke_accepted,False,True,above_value,UP,1.183,0.45,2,1.4,1.71,-13750,0.009999999999990905,6.67,-6.67,6.67,True,True,250.0,12.15,12.15,-0.243,-0.0198,-0.0215,-0.2215,False,CONTINUATION
2026-08-07T12:10:00,NATURALGAS,2026-08-07,train,TRENDING,LONG,1.0,4.5,A_broke,False,False,above_value,UP,1.243,0.875,0,0.78,1.41,-8750,0.030000000000001137,7.41,-7.41,7.41,True,True,250.0,12.45,12.45,-0.249,-0.0198,-0.0745,-0.1745,False,CONTINUATION
2026-08-07T14:05:00,NATURALGAS,2026-08-07,train,TRENDING,SHORT,0.966,3.0,C_broke_accepted,False,False,inside_value,UP,0.863,0.5,2,1.98,1.81,92500,0.12000000000000455,0.0,-1.69,0.0,False,False,250.0,8.25,8.15,-0.264,-0.0317,0.0175,-0.1825,False,CONTINUATION
2026-08-07T17:50:00,NATURALGAS,2026-08-07,train,TRENDING,SHORT,1.0,3.67,C_broke_accepted,True,True,inside_value,FLAT,0.931,0.833,2,0.84,1.42,251250,0.5300000000000011,0.0,-1.31,0.0,False,False,250.0,8.35,8.25,-0.266,-0.0315,0.1665,-0.1835,False,TRAP
2026-08-07T18:00:00,NATURALGAS,2026-08-07,train,FAILED_BREAKOUT,LONG,0.962,2.0,C_broke_accepted,True,True,inside_value,FLAT,0.964,0.75,2,0.84,1.48,477500,0.5199999999999818,0.0,-1.54,0.0,False,False,250.0,11.35,11.1,-0.4745,-0.0414,0.2365,-0.3635,False,TRAP
2026-08-07T18:30:00,NATURALGAS,2026-08-07,train,FAILED_BREAKOUT,LONG,0.991,4.0,C_broke_accepted,False,False,above_value,UP,0.958,0.875,5,0.82,1.66,-151250,0.03999999999999204,75.0,-2.78,75.0,True,True,250.0,12.1,11.9,-0.44,-0.036,0.029,-0.321,False,CONTINUATION
2026-08-07T18:40:00,NATURALGAS,2026-08-07,train,TRENDING,LONG,0.982,3.67,C_broke_accepted,False,True,above_value,UP,0.958,1.125,5,2.81,1.88,-447500,0.3300000000000125,2.7,-1.2,2.7,False,False,250.0,12.55,12.7,-0.1025,-0.0081,0.9245,-0.0755,False,CONTINUATION
2026-08-07T20:20:00,NATURALGAS,2026-08-07,train,TRENDING,SHORT,0.963,2.33,C_broke_accepted,False,False,above_value,FLAT,1.042,0.292,5,0.62,2.13,36250,0.11999999999997613,15.7,-0.83,15.7,True,True,260.0,12.65,12.6,-0.3025,-0.0237,-0.1265,-0.3265,False,CONTINUATION
2026-08-07T20:55:00,NATURALGAS,2026-08-07,train,TRENDING,SHORT,0.965,2.33,C_broke_accepted,False,False,above_value,FLAT,1.044,0.583,4,1.42,1.04,-116250,0.12000000000000455,6.61,-2.48,6.61,True,True,250.0,7.5,7.6,-0.051,-0.0067,0.075,-0.075,False,CONTINUATION
2026-08-07T21:55:00,NATURALGAS,2026-08-07,train,TRENDING,LONG,0.967,2.33,C_broke_accepted,True,True,above_value,FLAT,1.041,0.583,3,1.96,1.22,131250,0.020000000000010232,9.52,-9.52,9.52,True,True,260.0,8.0,7.95,-0.2095,-0.0259,0.02,-0.13,False,NEUTRAL
2026-08-10T11:40:00,NATURALGAS,2026-08-10,val,TRENDING,LONG,1.0,2.5,C_broke_accepted,False,True,above_value,FLAT,0.941,0.438,2,1.07,1.37,-21250,0.5099999999999909,10.68,-0.97,10.68,True,True,260.0,10.4,11.4,0.782,0.0744,1.146,-0.104,False,CONTINUATION
2026-08-10T11:45:00,NATURALGAS,2026-08-10,val,TRENDING,LONG,1.0,3.0,C_broke_accepted,False,False,above_value,UP,0.98,0.625,1,1.11,2.15,-271250,0.01999999999998181,5.56,-5.56,5.56,True,True,260.0,10.75,10.6,-0.3635,-0.0335,-0.1575,-0.2575,False,CONTINUATION
2026-08-10T14:25:00,NATURALGAS,2026-08-10,val,TRENDING,SHORT,0.905,2.0,C_broke_accepted,False,True,above_value,DOWN,1.084,0.625,2,1.53,0.61,-12500,0.20999999999997954,0.47,-1.42,0.47,False,False,260.0,7.9,7.8,-0.257,-0.0322,-0.029,-0.179,False,CONTINUATION
2026-08-10T17:00:00,NATURALGAS,2026-08-10,val,TRENDING,LONG,0.968,2.5,C_broke_accepted,False,False,near_POC,FLAT,1.0,0.5,3,0.55,1.54,-5000,0.009999999999990905,46.67,-26.67,46.67,True,True,260.0,11.6,11.6,-0.232,-0.0198,-0.016,-0.166,False,CONTINUATION
2026-08-10T17:25:00,NATURALGAS,2026-08-10,val,TRENDING,SHORT,1.0,3.5,C_broke_accepted,False,False,near_POC,DOWN,1.011,0.812,0,1.62,0.8,75000,0.01999999999998181,14.29,-9.52,14.29,True,True,260.0,7.7,7.7,-0.154,-0.0198,0.023,-0.177,False,CONTINUATION
2026-08-10T18:05:00,NATURALGAS,2026-08-10,val,TRENDING,LONG,0.943,2.0,C_broke_accepted,True,True,above_value,UP,1.104,0.958,2,2.39,1.29,63750,0.21999999999997044,0.0,-8.72,0.0,False,False,270.0,7.95,7.1,-1.0005,-0.1246,0.0205,-0.9295,False,TRAP
2026-08-10T18:15:00,NATURALGAS,2026-08-10,val,TRENDING,SHORT,0.991,5.0,C_broke_accepted,False,False,near_POC,DOWN,1.221,1.167,1,1.29,1.76,61250,0.1500000000000341,3.45,-2.07,3.45,True,False,270.0,13.25,13.2,-0.3145,-0.0235,0.1175,-0.2325,False,CONTINUATION
2026-08-10T18:30:00,NATURALGAS,2026-08-10,val,TRENDING,LONG,0.91,1.67,C_broke_accepted,False,True,inside_value,DOWN,1.043,1.083,0,0.97,0.58,420000,0.21000000000003638,14.88,0.0,14.88,True,True,260.0,11.75,12.05,0.062,0.0052,0.3325,0.0325,False,CONTINUATION
2026-08-10T18:55:00,NATURALGAS,2026-08-10,val,TRENDING,LONG,0.957,2.33,C_broke_accepted,False,True,above_value,FLAT,0.883,1.208,0,2.8,1.13,-51250,0.5199999999999818,2.5,-1.15,2.5,False,False,270.0,8.1,7.9,-0.36,-0.044,0.569,-0.331,False,CONTINUATION
2026-08-10T20:25:00,NATURALGAS,2026-08-10,val,TRENDING,SHORT,0.903,2.0,C_broke_accepted,False,True,inside_value,UP,1.055,0.542,3,0.85,1.03,222500,0.22000000000002728,0.0,-2.29,0.0,False,False,270.0,11.55,11.45,-0.33,-0.0283,0.0845,-0.2655,False,CONTINUATION
2026-08-10T22:05:00,NATURALGAS,2026-08-10,val,TRENDING,SHORT,0.981,3.0,A_broke,False,True,inside_value,FLAT,1.0,0.292,2,0.56,2.11,-80000,0.22999999999996135,1.32,-3.52,1.32,False,False,270.0,11.6,11.2,-0.628,-0.0536,0.084,-0.516,False,CONTINUATION
2026-08-10T22:25:00,NATURALGAS,2026-08-10,val,TRENDING,LONG,0.962,2.33,A_broke,False,True,inside_value,FLAT,1.0,0.583,1,1.95,1.01,-155000,0.32000000000005,0.0,-2.18,0.0,False,False,270.0,8.2,8.1,-0.263,-0.0318,-0.082,-0.382,False,NEUTRAL
2026-08-11T10:30:00,NATURALGAS,2026-08-11,val,OPENING_DRIVE,LONG,0.941,2.5,C_broke_accepted,False,True,near_POC,,,0.25,3,2.86,1.43,-1250,0.009999999999990905,0.0,-13.33,0.0,False,False,270.0,7.6,7.5,-0.251,-0.0327,0.024,-0.176,False,CONTINUATION
2026-08-11T11:20:00,NATURALGAS,2026-08-11,val,OPENING_DRIVE,LONG,1.0,7.5,C_broke_accepted,False,False,above_value,FLAT,0.911,0.25,3,2.48,2.73,-2500,0.13999999999998636,1.38,-1.38,1.38,False,False,270.0,8.15,8.05,-0.262,-0.0318,0.1185,-0.1815,False,CONTINUATION
2026-08-11T11:40:00,NATURALGAS,2026-08-11,val,FAILED_BREAKDOWN,LONG,0.968,3.5,C_broke_accepted,False,True,above_value,FLAT,1.019,1.125,2,2.49,0.6,108750,0.5199999999999818,0.38,-1.34,0.38,False,False,270.0,8.15,8.05,-0.262,-0.0318,0.2185,-0.2315,False,CONTINUATION
2026-08-11T12:25:00,NATURALGAS,2026-08-11,val,FAILED_BREAKOUT,SHORT,0.975,3.5,A_broke,False,False,near_POC,UP,1.288,0.563,2,0.51,2.41,36250,0.12000000000000455,4.13,-1.65,4.13,True,False,270.0,11.9,11.6,-0.535,-0.0445,-0.119,-0.519,False,NEUTRAL
2026-08-11T13:05:00,NATURALGAS,2026-08-11,val,FAILED_BREAKOUT,LONG,0.917,2.0,C_broke_accepted,True,True,above_value,FLAT,0.958,0.333,3,2.04,1.78,-17500,0.01999999999998181,0.0,-27.78,0.0,False,False,270.0,8.0,8.0,-0.16,-0.0198,0.22,-0.08,False,TRAP
2026-08-11T15:40:00,NATURALGAS,2026-08-11,val,FAILED_BREAKOUT,SHORT,0.949,2.0,C_broke_accepted,False,True,below_value,FLAT,0.943,0.333,2,2.0,0.69,73750,0.12000000000000455,15.25,-3.39,15.25,True,True,260.0,6.8,6.95,0.0125,0.0018,0.132,-0.018,False,CONTINUATION
2026-08-11T16:00:00,NATURALGAS,2026-08-11,val,FAILED_BREAKOUT,SHORT,0.988,3.0,A_broke,False,False,below_value,DOWN,1.06,0.667,0,2.03,1.61,-3750,0.03000000000002956,14.81,-11.11,14.81,True,True,260.0,7.35,7.25,-0.246,-0.0331,-0.0235,-0.1735,False,NEUTRAL
2026-08-11T16:40:00,NATURALGAS,2026-08-11,val,TRENDING,LONG,0.934,2.0,C_broke_accepted,False,False,below_value,UP,1.208,0.625,3,0.48,0.6,-101250,0.12000000000000455,0.0,-4.24,0.0,False,False,260.0,10.9,10.85,-0.2675,-0.0243,0.091,-0.309,False,NEUTRAL
2026-08-11T17:30:00,NATURALGAS,2026-08-11,val,FAILED_BREAKOUT,SHORT,0.97,2.33,C_broke_accepted,False,True,below_value,FLAT,1.197,0.458,4,1.69,2.02,360000,0.3199999999999932,0.62,-3.43,0.62,False,False,270.0,12.7,12.05,-0.8975,-0.07,0.023,-0.777,False,CONTINUATION
2026-08-11T17:45:00,NATURALGAS,2026-08-11,val,FAILED_BREAKOUT,LONG,0.981,3.0,C_broke_accepted,False,True,below_value,FLAT,1.12,0.458,4,0.77,0.72,-101250,2.0300000000000296,1.13,-1.04,1.13,False,False,260.0,11.6,11.55,-0.2815,-0.024,2.634,-0.216,False,CONTINUATION
2026-08-11T17:50:00,NATURALGAS,2026-08-11,val,FAILED_BREAKOUT,LONG,1.0,6.67,C_broke_accepted,False,True,inside_value,FLAT,1.12,0.583,3,1.73,3.04,-417500,1.5600000000000023,0.06,-1.54,0.06,False,False,260.0,12.75,12.9,-0.1065,-0.0083,1.3725,-0.4275,False,CONTINUATION
2026-08-11T17:55:00,NATURALGAS,2026-08-11,val,FAILED_BREAKDOWN,LONG,0.991,5.0,C_broke_accepted,True,False,above_value,FLAT,1.12,1.375,2,2.11,4.07,-295000,0.35000000000002274,4.64,-3.19,4.64,True,False,270.0,8.05,8.3,0.0865,0.0106,0.5195,-0.0305,False,TRAP
2026-08-11T18:30:00,NATURALGAS,2026-08-11,val,FAILED_BREAKDOWN,SHORT,0.912,2.67,C_broke_accepted,False,True,above_value,UP,1.07,1.792,2,0.65,0.56,15000,0.21999999999997044,6.7,-1.34,6.7,True,True,270.0,10.75,11.05,0.082,0.0076,0.3925,-0.0575,False,CONTINUATION
2026-08-12T11:20:00,NATURALGAS,2026-08-12,val,TRENDING,LONG,1.0,4.0,C_broke_accepted,True,False,above_value,DOWN,1.515,0.5,3,3.82,1.26,25000,0.3199999999999932,0.31,-2.16,0.31,False,False,270.0,7.55,7.35,-0.349,-0.0458,0.0245,-0.3255,False,NEUTRAL
2026-08-12T11:30:00,NATURALGAS,2026-08-12,val,TRENDING,SHORT,0.967,4.0,A_broke,False,False,above_value,DOWN,1.523,0.813,2,0.35,1.83,21250,0.22000000000002728,8.93,-1.79,8.93,True,True,270.0,11.15,11.35,-0.025,-0.0022,0.2385,-0.1115,False,CONTINUATION
2026-08-12T12:00:00,NATURALGAS,2026-08-12,val,TRENDING,SHORT,0.917,2.5,C_broke_accepted,False,True,inside_value,FLAT,1.284,0.75,2,0.3,1.3,-1250,0.6100000000000136,0.98,-1.14,0.98,False,False,270.0,11.5,11.5,-0.23,-0.0198,0.635,-0.115,False,CONTINUATION
2026-08-12T12:05:00,NATURALGAS,2026-08-12,val,FAILED_BREAKOUT,SHORT,0.946,3.0,C_broke_accepted,False,True,below_value,FLAT,1.284,0.875,2,1.24,4.11,2500,0.22000000000002728,0.46,-1.83,0.46,False,False,260.0,6.65,6.65,-0.133,-0.0198,0.0835,-0.0665,False,CONTINUATION
2026-08-12T12:30:00,NATURALGAS,2026-08-12,val,FAILED_BREAKOUT,LONG,0.952,3.0,C_broke_accepted,False,True,below_value,DOWN,1.047,1.125,3,0.61,0.6,-55000,0.6200000000000045,7.12,-0.32,7.12,True,True,260.0,11.5,12.7,0.958,0.0825,1.085,-0.215,False,CONTINUATION
2026-08-12T12:35:00,NATURALGAS,2026-08-12,val,FAILED_BREAKOUT,LONG,0.953,3.0,A_broke,False,False,inside_value,DOWN,1.047,1.125,3,2.25,1.38,11250,0.020000000000038654,255.56,0.0,255.56,True,True,270.0,7.1,6.95,-0.2905,-0.0405,-0.171,-0.221,False,CONTINUATION
2026-08-12T12:55:00,NATURALGAS,2026-08-12,val,FAILED_BREAKOUT,LONG,0.936,3.0,C_broke_accepted,False,True,above_value,FLAT,1.143,0.938,5,3.5,0.94,-68750,0.5200000000000387,0.0,-1.35,0.0,False,False,270.0,7.4,7.25,-0.2965,-0.0397,0.076,-0.224,False,CONTINUATION
2026-08-12T16:35:00,NATURALGAS,2026-08-12,val,TRENDING,SHORT,0.912,2.0,A_broke,False,False,inside_value,UP,1.078,0.417,3,0.57,1.31,67500,0.01999999999998181,5.56,-5.56,5.56,True,True,270.0,11.05,11.0,-0.2705,-0.0242,-0.0105,-0.2105,False,NEUTRAL
2026-08-12T17:00:00,NATURALGAS,2026-08-12,val,FAILED_BREAKOUT,LONG,0.99,3.0,C_broke_accepted,True,True,above_value,FLAT,0.964,0.542,2,1.22,2.23,33750,0.2300000000000182,0.0,-5.29,0.0,False,False,270.0,7.55,7.1,-0.5965,-0.0782,0.2245,-0.5255,False,TRAP
2026-08-12T17:20:00,NATURALGAS,2026-08-12,val,FAILED_BREAKDOWN,LONG,1.0,4.67,C_broke_accepted,True,False,above_value,UP,1.038,0.875,1,1.21,0.96,-47500,0.03999999999996362,14.29,-7.14,14.29,True,True,270.0,7.85,7.6,-0.4045,-0.051,0.1715,-0.3285,False,NEUTRAL
2026-08-12T17:35:00,NATURALGAS,2026-08-12,val,TRENDING,LONG,0.971,3.0,C_broke_accepted,False,True,above_value,UP,1.081,0.958,3,1.54,1.29,-452500,0.4300000000000068,3.28,-2.34,3.28,True,False,270.0,7.9,8.6,0.535,0.0671,0.871,-0.029,False,CONTINUATION
2026-08-12T17:45:00,NATURALGAS,2026-08-12,val,TRENDING,LONG,0.99,4.33,C_broke_accepted,False,False,above_value,DOWN,0.974,0.875,3,1.69,1.29,102500,0.03999999999996362,25.64,-7.69,25.64,True,True,270.0,8.8,8.4,-0.572,-0.0644,-0.038,-0.488,False,CONTINUATION
2026-08-12T18:20:00,NATURALGAS,2026-08-12,val,TRENDING,LONG,0.911,2.33,C_broke_accepted,False,False,above_value,DOWN,1.011,0.75,3,1.59,0.74,-232500,0.12000000000000455,0.0,-9.09,0.0,False,False,270.0,8.45,8.15,-0.466,-0.0546,0.1155,-0.4845,False,CONTINUATION
2026-08-12T18:40:00,NATURALGAS,2026-08-12,val,TRENDING,SHORT,0.905,2.33,C_broke_accepted,True,False,above_value,UP,1.038,0.75,3,1.12,1.2,-52500,0.12000000000000455,1.65,-13.22,1.65,False,False,270.0,10.05,9.4,-0.8445,-0.0832,0.1495,-0.7505,False,TRAP
2026-08-12T18:55:00,NATURALGAS,2026-08-12,val,TRENDING,LONG,1.0,5.0,A_broke,False,False,above_value,FLAT,1.063,0.917,1,1.65,0.92,232500,0.14999999999997726,0.0,-3.45,0.0,False,False,270.0,8.35,7.8,-0.7115,-0.0844,-0.1835,-0.6835,False,NEUTRAL
2026-08-12T19:30:00,NATURALGAS,2026-08-12,val,TRENDING,LONG,0.913,2.67,A_broke,False,True,above_value,FLAT,1.059,0.75,4,1.6,1.8,100000,0.22000000000002728,0.0,-1.79,0.0,False,False,270.0,8.35,8.0,-0.5135,-0.0609,-0.1835,-0.4335,False,NEUTRAL
2026-08-13T22:40:00,NATURALGAS,2026-08-13,val,OPENING_DRIVE,SHORT,0.917,2.67,C_broke_accepted,False,False,below_value,DOWN,1.389,1.125,1,1.42,1.27,-293750,0.01999999999998181,12.5,-8.33,12.5,True,True,260.0,6.7,6.95,0.1135,0.0168,0.233,-0.017,False,CONTINUATION
2026-08-14T12:10:00,NATURALGAS,2026-08-14,val,TRENDING,SHORT,0.947,1.5,C_broke_accepted,False,False,inside_value,DOWN,1.518,0.375,1,1.36,0.55,-2500,0.009999999999990905,0.0,-44.44,0.0,False,False,260.0,6.0,5.9,-0.219,-0.0361,0.04,-0.16,False,NEUTRAL
2026-08-14T12:40:00,NATURALGAS,2026-08-14,val,FAILED_BREAKOUT,SHORT,0.932,2.0,C_broke_accepted,False,True,near_POC,FLAT,1.082,0.563,1,1.02,1.57,-1250,0.11000000000001364,1.79,-1.79,1.79,False,False,260.0,6.1,6.1,-0.122,-0.0198,0.139,-0.061,False,CONTINUATION
2026-08-14T12:55:00,NATURALGAS,2026-08-14,val,FAILED_BREAKOUT,LONG,0.936,2.0,B_swept_returned,True,False,near_POC,FLAT,0.927,0.688,2,0.85,1.0,6250,0.3100000000000023,4.17,-1.6,4.17,True,False,260.0,8.6,9.15,0.3725,0.0429,0.464,-0.036,False,TRAP
2026-08-14T13:30:00,NATURALGAS,2026-08-14,val,TRENDING,LONG,0.944,2.0,A_broke,False,True,above_value,FLAT,1.0,0.625,4,0.75,0.71,-37500,0.009999999999990905,25.0,-16.67,25.0,True,True,260.0,9.1,9.15,-0.1325,-0.0144,-0.041,-0.141,False,CONTINUATION
2026-08-14T15:15:00,NATURALGAS,2026-08-14,val,TRENDING,LONG,1.0,4.5,A_broke,True,False,above_value,UP,0.891,0.375,4,0.73,1.45,-287500,0.029999999999972715,0.0,-14.81,0.0,False,False,260.0,9.0,9.1,-0.081,-0.0089,0.16,-0.09,False,NEUTRAL
2026-08-14T15:25:00,NATURALGAS,2026-08-14,val,TRENDING,SHORT,0.933,2.0,A_broke,False,False,above_value,DOWN,0.989,0.813,4,2.78,2.67,-117500,0.1099999999999568,2.68,-1.79,2.68,False,False,260.0,5.45,5.4,-0.1585,-0.0288,0.1455,-0.1045,False,CONTINUATION
2026-08-14T16:00:00,NATURALGAS,2026-08-14,val,TRENDING,SHORT,0.939,2.0,A_broke,False,False,inside_value,FLAT,1.087,0.438,3,1.66,1.18,72500,0.009999999999990905,125.0,-50.0,125.0,True,True,260.0,5.55,5.45,-0.21,-0.0375,-0.1055,-0.1555,False,CONTINUATION
2026-08-14T16:10:00,NATURALGAS,2026-08-14,val,TRENDING,SHORT,0.94,2.0,C_broke_accepted,False,False,inside_value,UP,0.99,0.438,5,1.15,1.16,28750,0.009999999999990905,75.0,-8.33,75.0,True,True,260.0,5.75,5.8,-0.0655,-0.0113,-0.0075,-0.1575,False,CONTINUATION
2026-08-14T16:30:00,NATURALGAS,2026-08-14,val,FAILED_BREAKOUT,SHORT,0.965,2.5,A_broke,True,False,below_value,UP,0.95,0.75,6,1.95,1.34,0,0.22000000000002728,0.47,-1.86,0.47,False,False,260.0,5.9,5.7,-0.316,-0.053,-0.009,-0.259,False,TRAP
2026-08-14T17:20:00,NATURALGAS,2026-08-14,val,FAILED_BREAKOUT,LONG,0.938,3.0,E_open_space,False,True,near_POC,FLAT,1.04,0.75,4,0.53,1.83,347500,0.5200000000000387,4.83,-1.54,4.83,True,False,260.0,8.45,9.65,1.019,0.1194,1.1155,-0.0345,False,NEUTRAL
2026-08-14T17:25:00,NATURALGAS,2026-08-14,val,FAILED_BREAKOUT,LONG,0.969,3.5,D_failed_immediately,False,True,inside_value,FLAT,1.04,0.75,4,0.55,1.57,130000,0.5200000000000387,3.26,-1.15,3.26,True,False,260.0,8.8,9.65,0.6655,0.0749,0.762,0.012,False,NEUTRAL
2026-08-14T17:45:00,NATURALGAS,2026-08-14,val,TRENDING,LONG,0.97,3.5,C_broke_accepted,True,True,above_value,UP,1.01,1.625,2,0.86,0.98,-257500,0.6200000000000045,0.32,-1.13,0.32,False,False,260.0,9.65,9.55,-0.292,-0.03,0.6535,-0.1965,False,TRAP
2026-08-14T18:00:00,NATURALGAS,2026-08-14,val,TRENDING,SHORT,0.952,2.67,C_broke_accepted,False,True,above_value,DOWN,0.99,1.542,2,1.66,0.62,1135000,0.22000000000002728,0.89,-1.79,0.89,False,False,260.0,5.0,5.15,0.0485,0.0096,0.15,-0.15,False,CONTINUATION
2026-08-14T19:05:00,NATURALGAS,2026-08-14,val,FAILED_BREAKOUT,LONG,1.0,4.33,C_broke_accepted,False,True,above_value,FLAT,1.0,0.792,4,0.59,2.09,532500,0.839999999999975,2.03,-1.07,2.03,False,False,260.0,8.95,8.8,-0.3275,-0.0362,1.3605,-0.2895,False,CONTINUATION
2026-08-14T19:10:00,NATURALGAS,2026-08-14,val,FAILED_BREAKOUT,LONG,0.949,2.67,A_broke,False,True,above_value,FLAT,1.0,0.833,4,0.64,1.5,217500,0.12000000000000455,15.32,-1.61,15.32,True,True,260.0,9.2,9.3,-0.085,-0.0091,0.108,-0.142,False,CONTINUATION
2026-08-14T20:05:00,NATURALGAS,2026-08-14,val,TRENDING,SHORT,0.922,2.33,C_broke_accepted,True,True,above_value,UP,1.102,0.5,5,1.26,1.17,-151250,0.3199999999999932,0.0,-1.25,0.0,False,False,270.0,10.1,10.1,-0.202,-0.0198,-0.051,-0.201,False,TRAP
2026-08-17T11:00:00,NATURALGAS,2026-08-17,val,TRENDING,SHORT,1.0,2.0,A_broke,False,False,below_value,DOWN,0.944,0.375,3,2.33,0.86,13750,0.010000000000019327,141.67,-16.67,141.67,True,True,260.0,9.3,9.4,-0.087,-0.0093,0.057,-0.093,False,CONTINUATION
2026-08-17T11:10:00,NATURALGAS,2026-08-17,val,TRENDING,SHORT,1.0,2.0,A_broke,False,False,below_value,DOWN,0.944,0.563,4,1.86,2.03,102500,0.009999999999990905,0.0,-16.67,0.0,False,False,250.0,4.2,4.2,-0.084,-0.0198,-0.042,-0.092,False,NEUTRAL
2026-08-17T11:30:00,NATURALGAS,2026-08-17,val,TRENDING,SHORT,1.0,2.0,A_broke,True,False,below_value,DOWN,1.441,0.563,4,1.07,1.51,12500,0.009999999999990905,33.33,-33.33,33.33,True,True,250.0,4.35,4.5,0.0615,0.014,0.1065,-0.0435,False,TRAP
2026-08-17T13:20:00,NATURALGAS,2026-08-17,val,TRENDING,SHORT,0.98,2.0,D_failed_immediately,False,True,below_value,UP,1.186,0.312,4,2.4,0.84,81250,0.21000000000000796,0.0,-2.36,0.0,False,False,250.0,4.6,4.6,-0.092,-0.0198,0.104,-0.146,False,NEUTRAL
2026-08-17T15:35:00,NATURALGAS,2026-08-17,val,FAILED_BREAKOUT,LONG,0.973,2.0,A_broke,False,True,inside_value,FLAT,0.947,0.75,0,3.65,1.29,1515000,0.10999999999998522,0.89,-1.79,0.89,False,False,250.0,9.2,9.15,-0.2335,-0.0251,-0.092,-0.292,False,NEUTRAL
2026-08-17T16:45:00,NATURALGAS,2026-08-17,val,TRENDING,LONG,0.978,2.5,C_broke_accepted,True,True,inside_value,FLAT,1.0,0.5,4,0.95,1.63,48750,0.010000000000019327,0.0,-20.0,0.0,False,False,250.0,8.95,8.85,-0.278,-0.0308,0.1105,-0.2395,False,TRAP
2026-08-17T17:15:00,NATURALGAS,2026-08-17,val,TRENDING,LONG,0.968,3.0,C_broke_accepted,False,True,near_POC,FLAT,0.94,1.0,0,0.52,1.04,135000,0.5199999999999818,9.65,-0.19,9.65,True,True,250.0,8.5,9.55,0.8695,0.1013,1.015,0.015,False,CONTINUATION
2026-08-17T17:20:00,NATURALGAS,2026-08-17,val,TRENDING,LONG,0.958,2.5,C_broke_accepted,False,True,inside_value,FLAT,0.966,1.187,1,0.57,1.06,173750,0.6099999999999852,7.32,-0.98,7.32,True,True,250.0,8.8,9.85,0.8635,0.0972,1.162,-0.138,False,CONTINUATION
2026-08-17T17:35:00,NATURALGAS,2026-08-17,val,TRENDING,LONG,0.939,2.5,D_failed_immediately,False,True,inside_value,FLAT,0.971,1.062,2,0.71,0.73,-196250,0.8100000000000023,4.42,-0.61,4.42,True,False,260.0,4.35,5.55,1.101,0.2506,1.1565,-0.0435,False,NEUTRAL
2026-08-17T17:50:00,NATURALGAS,2026-08-17,val,FAILED_BREAKDOWN,LONG,0.971,3.0,C_broke_accepted,False,True,above_value,FLAT,0.977,1.875,3,2.14,0.76,95000,0.12000000000000455,1.69,-5.08,1.69,False,False,260.0,4.65,4.5,-0.2415,-0.0514,0.2535,-0.1965,False,CONTINUATION
2026-08-17T18:00:00,NATURALGAS,2026-08-17,val,FAILED_BREAKDOWN,SHORT,0.99,4.0,C_broke_accepted,True,False,above_value,FLAT,0.977,1.562,4,0.53,0.78,-32500,0.21999999999997044,0.45,-2.23,0.45,False,False,260.0,8.75,8.45,-0.472,-0.0534,0.0125,-0.3875,False,TRAP
2026-08-17T18:10:00,NATURALGAS,2026-08-17,val,FAILED_BREAKDOWN,LONG,0.962,3.0,C_broke_accepted,False,True,above_value,UP,1.071,1.312,3,1.98,0.53,721250,0.12000000000000455,2.54,-2.54,2.54,False,False,260.0,4.65,4.6,-0.1425,-0.0303,0.2035,-0.0965,False,CONTINUATION
2026-08-17T18:30:00,NATURALGAS,2026-08-17,val,FAILED_BREAKDOWN,SHORT,0.991,3.6,A_broke,True,False,above_value,UP,1.107,0.65,1,0.59,0.96,123750,0.029999999999972715,0.0,-18.52,0.0,False,False,260.0,8.6,8.3,-0.469,-0.054,-0.036,-0.386,False,TRAP
2026-08-17T18:45:00,NATURALGAS,2026-08-17,val,FAILED_BREAKDOWN,LONG,0.956,2.0,C_broke_accepted,False,True,above_value,DOWN,1.061,0.458,1,1.96,1.99,-116250,0.4200000000000159,4.78,-1.2,4.78,True,False,260.0,5.0,5.55,0.4445,0.088,0.5,0.0,False,CONTINUATION
2026-08-17T19:25:00,NATURALGAS,2026-08-17,val,FAILED_BREAKDOWN,SHORT,0.959,2.33,C_broke_accepted,False,True,above_value,UP,1.118,1.042,3,0.69,0.5,-66250,0.6200000000000045,0.0,-1.13,0.0,False,False,260.0,7.25,7.2,-0.1945,-0.0266,0.0775,-0.1225,False,CONTINUATION
2026-08-17T20:00:00,NATURALGAS,2026-08-17,val,TRENDING,SHORT,0.961,2.33,C_broke_accepted,False,True,above_value,FLAT,1.0,0.75,1,0.69,0.89,-92500,0.5199999999999818,4.61,0.0,4.61,True,False,260.0,6.8,7.7,0.755,0.1099,0.882,-0.068,False,CONTINUATION
2026-08-17T20:45:00,NATURALGAS,2026-08-17,val,FAILED_BREAKOUT,SHORT,0.949,2.0,A_broke,True,False,above_value,FLAT,1.059,0.958,4,0.92,1.27,341250,0.01999999999998181,0.0,-16.67,0.0,False,False,260.0,8.25,7.9,-0.5115,-0.0614,-0.0325,-0.4325,False,TRAP
2026-08-18T10:55:00,NATURALGAS,2026-08-18,val,TRENDING,SHORT,1.0,2.0,C_broke_accepted,False,True,inside_value,FLAT,1.1,0.625,3,0.72,0.59,152500,0.7099999999999795,0.28,-1.97,0.28,False,False,260.0,6.6,6.35,-0.3795,-0.0569,0.384,-0.566,False,CONTINUATION
2026-08-18T11:00:00,NATURALGAS,2026-08-18,val,FAILED_BREAKOUT,SHORT,1.0,3.5,C_broke_accepted,False,True,below_value,FLAT,1.263,0.563,3,0.61,1.22,112500,0.4200000000000159,0.0,-2.14,0.0,False,False,260.0,6.9,6.5,-0.534,-0.0766,0.081,-0.469,False,CONTINUATION
2026-08-18T11:25:00,NATURALGAS,2026-08-18,val,FAILED_BREAKOUT,LONG,1.0,4.0,C_broke_accepted,False,False,near_POC,UP,1.136,0.813,3,0.93,3.69,98750,0.01999999999998181,16.67,-4.17,16.67,True,True,260.0,5.7,5.75,-0.0645,-0.0112,0.193,-0.007,False,CONTINUATION
2026-08-18T12:35:00,NATURALGAS,2026-08-18,val,TRENDING,SHORT,0.952,2.5,E_open_space,False,False,inside_value,UP,1.273,0.625,2,1.1,0.64,-8750,0.11000000000001364,2.61,-1.74,2.61,False,False,260.0,6.3,6.55,0.1215,0.0191,0.187,-0.063,False,NEUTRAL
2026-08-18T12:45:00,NATURALGAS,2026-08-18,val,FAILED_BREAKOUT,SHORT,0.955,2.5,C_broke_accepted,True,True,near_POC,UP,1.16,0.5,3,1.32,1.26,115000,0.3100000000000023,0.95,-1.9,0.95,False,False,260.0,6.55,6.4,-0.2795,-0.0422,0.1845,-0.2155,False,TRAP
2026-08-18T13:00:00,NATURALGAS,2026-08-18,val,FAILED_BREAKOUT,LONG,0.979,3.5,C_broke_accepted,False,True,inside_value,FLAT,1.036,1.0,2,1.19,1.42,257500,0.32000000000005,0.31,-1.56,0.31,False,False,260.0,5.75,5.7,-0.1645,-0.0283,0.0925,-0.2075,False,CONTINUATION
2026-08-18T14:15:00,NATURALGAS,2026-08-18,val,FAILED_BREAKOUT,LONG,0.984,2.8,C_broke_accepted,False,True,inside_value,FLAT,0.949,0.4,1,1.19,2.3,65000,0.4200000000000159,0.95,-1.19,0.95,False,False,260.0,5.75,5.7,-0.1645,-0.0283,0.3425,-0.1075,False,CONTINUATION
2026-08-18T14:40:00,NATURALGAS,2026-08-18,val,TRENDING,SHORT,0.94,1.67,C_broke_accepted,False,False,inside_value,FLAT,1.0,0.583,2,0.86,0.87,226250,0.11000000000001364,9.57,-5.22,9.57,True,True,260.0,6.2,6.3,-0.025,-0.004,0.088,-0.062,False,CONTINUATION
2026-08-18T16:50:00,NATURALGAS,2026-08-18,val,FAILED_BREAKOUT,LONG,0.946,1.67,C_broke_accepted,False,True,near_POC,FLAT,1.06,0.375,5,1.15,0.87,136250,0.40999999999996817,13.25,-0.96,13.25,True,True,260.0,5.15,5.8,0.5405,0.1039,0.5985,-0.0015,False,CONTINUATION
2026-08-18T16:55:00,NATURALGAS,2026-08-18,val,FAILED_BREAKOUT,LONG,0.989,2.33,C_broke_accepted,False,True,above_value,FLAT,1.06,0.25,5,1.32,2.42,272500,0.21999999999997044,6.33,-1.36,6.33,True,True,260.0,5.4,5.8,0.288,0.0528,0.346,-0.054,False,CONTINUATION
2026-08-18T17:10:00,NATURALGAS,2026-08-18,val,TRENDING,LONG,0.948,2.0,C_broke_accepted,False,False,above_value,FLAT,1.06,0.792,3,1.51,1.13,-636250,0.3199999999999932,1.26,-1.89,1.26,False,False,260.0,6.05,5.8,-0.3685,-0.0603,0.2395,-0.3605,False,CONTINUATION
2026-08-18T17:25:00,NATURALGAS,2026-08-18,val,TRENDING,SHORT,0.95,2.0,C_broke_accepted,False,True,above_value,DOWN,1.023,1.125,2,0.81,0.89,1538750,0.32000000000005,1.89,-1.89,1.89,False,False,260.0,5.15,5.05,-0.202,-0.0388,0.3485,-0.1515,False,CONTINUATION
2026-08-18T17:35:00,NATURALGAS,2026-08-18,val,TRENDING,LONG,0.922,2.0,C_broke_accepted,True,True,above_value,UP,1.068,0.833,3,1.17,1.57,312500,0.7200000000000273,0.0,-1.95,0.0,False,False,260.0,5.6,5.6,-0.112,-0.0198,0.344,-0.156,False,TRAP
2026-08-18T18:35:00,NATURALGAS,2026-08-18,val,FAILED_BREAKOUT,LONG,0.991,2.67,C_broke_accepted,False,True,above_value,FLAT,1.06,0.5,3,1.22,1.51,1627500,0.4200000000000159,10.85,-0.94,10.85,True,True,260.0,5.65,6.4,0.6295,0.1103,0.6935,-0.0565,False,CONTINUATION
2026-08-18T19:50:00,NATURALGAS,2026-08-18,val,TRENDING,SHORT,0.992,3.33,C_broke_accepted,True,True,above_value,FLAT,1.067,0.5,3,0.88,0.96,233750,0.4300000000000068,0.0,-1.63,0.0,False,False,260.0,5.25,5.0,-0.3525,-0.0665,0.0975,-0.3025,False,NEUTRAL
2026-08-18T20:10:00,NATURALGAS,2026-08-18,val,FAILED_BREAKOUT,LONG,0.962,2.33,C_broke_accepted,False,True,above_value,FLAT,1.067,0.5,4,1.38,0.64,213750,0.12000000000000455,34.71,-0.83,34.71,True,True,260.0,5.85,5.95,-0.018,-0.003,0.1415,-0.1085,False,CONTINUATION
2026-08-18T21:00:00,NATURALGAS,2026-08-18,val,TRENDING,LONG,0.965,2.33,C_broke_accepted,False,True,above_value,UP,1.111,0.5,6,0.99,1.83,177500,0.21999999999997044,1.36,-1.36,1.36,False,False,260.0,6.75,6.9,0.0135,0.002,0.1325,-0.3175,False,CONTINUATION
2026-08-18T21:40:00,NATURALGAS,2026-08-18,val,TRENDING,LONG,1.0,4.67,C_broke_accepted,False,True,above_value,DOWN,1.051,0.417,0,1.09,4.48,-227500,0.2400000000000091,0.0,-3.31,0.0,False,False,260.0,8.6,8.25,-0.5185,-0.0597,0.114,-0.686,False,CONTINUATION
2026-08-18T21:50:00,NATURALGAS,2026-08-18,val,TRENDING,LONG,0.914,2.0,C_broke_accepted,False,False,above_value,DOWN,1.051,1.125,0,0.65,0.78,-903750,0.01999999999998181,11.11,-5.56,11.11,True,True,260.0,8.25,8.0,-0.4125,-0.0495,0.0675,-0.3325,False,CONTINUATION
2026-08-18T22:25:00,NATURALGAS,2026-08-18,val,TRENDING,LONG,0.962,2.33,C_broke_accepted,False,True,above_value,FLAT,1.074,0.458,2,0.59,0.98,-72500,0.12000000000000455,4.96,-0.83,4.96,True,False,260.0,8.4,8.6,0.03,0.0035,0.116,-0.134,False,CONTINUATION
2026-08-19T10:00:00,NATURALGAS,2026-08-19,val,TRENDING,LONG,1.0,5.0,C_broke_accepted,False,True,NA,,,0.5,5,4.74,1.98,128750,0.22000000000002728,0.93,-1.4,0.93,False,False,270.0,4.3,4.3,-0.086,-0.0198,0.207,-0.043,False,CONTINUATION
2026-08-19T10:05:00,NATURALGAS,2026-08-19,val,TRENDING,LONG,0.923,3.0,C_broke_accepted,False,True,NA,,,0.875,6,4.16,2.22,-505000,0.11000000000001364,0.92,-3.67,0.92,False,False,270.0,4.4,4.3,-0.187,-0.0421,0.106,-0.144,False,CONTINUATION
2026-08-19T11:40:00,NATURALGAS,2026-08-19,val,TRENDING,SHORT,0.933,1.5,C_broke_accepted,False,False,near_POC,UP,1.149,0.25,1,0.49,3.02,16250,0.010000000000047748,77.78,-22.22,77.78,True,True,270.0,7.4,7.55,0.0005,0.0001,0.076,-0.074,False,CONTINUATION
2026-08-19T14:30:00,NATURALGAS,2026-08-19,val,FAILED_BREAKOUT,LONG,0.952,2.0,C_broke_accepted,False,True,near_POC,FLAT,1.0,0.438,2,2.33,2.06,-135000,0.20999999999997954,2.36,-1.89,2.36,False,False,270.0,4.3,4.05,-0.3335,-0.0768,0.107,-0.293,False,CONTINUATION
2026-08-19T16:00:00,NATURALGAS,2026-08-19,val,TRENDING,LONG,0.975,3.0,A_broke,False,True,above_value,DOWN,1.022,0.75,1,1.56,1.54,88750,0.12000000000000455,1.69,-1.69,1.69,False,False,270.0,4.5,4.5,-0.09,-0.0198,0.005,-0.195,False,CONTINUATION
2026-08-19T17:05:00,NATURALGAS,2026-08-19,val,TRENDING,LONG,0.957,2.5,C_broke_accepted,False,True,above_value,DOWN,1.043,0.687,3,1.72,3.33,32500,0.5100000000000477,10.29,-0.39,10.29,True,True,270.0,5.3,6.15,0.7355,0.1374,0.797,-0.253,False,CONTINUATION
2026-08-19T17:15:00,NATURALGAS,2026-08-19,val,TRENDING,LONG,0.948,2.5,C_broke_accepted,False,True,above_value,DOWN,0.99,1.312,1,1.37,1.11,0,0.7099999999999795,5.45,-0.98,5.45,True,True,270.0,5.55,7.45,1.77,0.3158,1.9945,0.0445,False,CONTINUATION
2026-08-19T17:20:00,NATURALGAS,2026-08-19,val,TRENDING,LONG,0.979,3.5,C_broke_accepted,False,True,above_value,DOWN,0.99,1.125,1,1.43,1.32,-547500,0.21999999999997044,14.48,-3.62,14.48,True,True,270.0,6.15,6.8,0.5205,0.0838,0.6385,0.2385,False,CONTINUATION
2026-08-19T17:30:00,NATURALGAS,2026-08-19,val,TRENDING,LONG,0.939,2.5,E_open_space,False,True,above_value,DOWN,1.052,2.375,0,1.18,1.06,-792500,1.009999999999991,2.17,-1.77,2.17,False,False,270.0,6.8,6.3,-0.631,-0.0919,1.732,-1.118,False,NEUTRAL
2026-08-19T17:40:00,NATURALGAS,2026-08-19,val,TRENDING,LONG,0.96,3.0,C_broke_accepted,False,False,above_value,DOWN,1.052,2.312,0,1.25,0.85,-76250,0.020000000000038654,27.78,-5.56,27.78,True,True,270.0,7.45,7.45,-0.149,-0.0198,0.0755,-0.2745,False,CONTINUATION
2026-08-19T18:10:00,NATURALGAS,2026-08-19,val,TRENDING,LONG,0.907,2.5,C_broke_accepted,False,True,above_value,UP,1.198,1.062,3,0.86,1.15,177500,0.3199999999999932,1.27,-2.54,1.27,False,False,270.0,7.0,6.75,-0.3875,-0.0548,0.28,-0.42,False,CONTINUATION
2026-08-19T19:00:00,NATURALGAS,2026-08-19,val,TRENDING,LONG,1.0,5.0,C_broke_accepted,False,True,above_value,FLAT,1.256,0.5,3,0.76,1.47,-147500,0.3499999999999659,0.58,-2.03,0.58,False,False,270.0,8.05,8.0,-0.2105,-0.0259,0.4695,-0.2305,False,CONTINUATION
2026-08-19T19:20:00,NATURALGAS,2026-08-19,val,TRENDING,SHORT,0.942,2.0,C_broke_accepted,False,True,above_value,DOWN,1.372,0.958,3,1.21,0.66,560000,0.7199999999999704,4.18,-0.42,4.18,True,False,270.0,3.95,4.6,0.5645,0.1415,0.6105,-0.0895,False,CONTINUATION
2026-08-19T19:25:00,NATURALGAS,2026-08-19,val,TRENDING,SHORT,0.967,2.67,C_broke_accepted,False,True,above_value,DOWN,1.372,0.958,2,1.02,0.96,-106250,1.8199999999999932,0.82,-0.11,0.82,False,False,270.0,4.15,4.5,0.2635,0.0629,1.0085,-0.1415,False,CONTINUATION
2026-08-19T19:30:00,NATURALGAS,2026-08-19,val,TRENDING,SHORT,1.0,6.0,C_broke_accepted,False,False,above_value,DOWN,1.237,0.958,1,1.09,1.97,-420000,0.05000000000001137,24.07,-5.56,24.07,True,True,270.0,4.6,4.6,-0.092,-0.0198,0.204,-0.096,False,CONTINUATION
2026-08-19T19:35:00,NATURALGAS,2026-08-19,val,TRENDING,LONG,0.96,2.67,A_broke,False,False,above_value,DOWN,1.237,1.292,1,0.76,2.93,397500,0.22000000000002728,6.25,-1.34,6.25,True,True,270.0,6.3,5.9,-0.522,-0.082,-0.263,-0.713,False,NEUTRAL
2026-08-19T19:40:00,NATURALGAS,2026-08-19,val,TRENDING,SHORT,0.96,2.67,A_broke,True,False,above_value,DOWN,1.237,1.667,1,1.32,1.96,-2988750,0.12000000000000455,0.0,-4.84,0.0,False,False,270.0,5.15,4.85,-0.4,-0.0769,-0.0015,-0.4515,False,TRAP
2026-08-19T19:50:00,NATURALGAS,2026-08-19,val,FAILED_BREAKOUT,LONG,0.913,2.0,A_broke,False,True,above_value,FLAT,1.096,1.875,1,0.89,0.44,1205000,0.3199999999999932,0.63,-1.26,0.63,False,False,270.0,6.1,5.95,-0.2705,-0.0439,0.039,-0.361,False,CONTINUATION
2026-08-19T20:50:00,NATURALGAS,2026-08-19,val,TRENDING,LONG,0.964,2.67,A_broke,True,False,above_value,FLAT,1.587,0.583,0,0.98,1.37,-21250,0.020000000000038654,0.0,-20.83,0.0,False,False,270.0,6.35,5.95,-0.523,-0.0815,-0.0635,-0.5635,False,TRAP
2026-08-19T22:50:00,NATURALGAS,2026-08-19,val,TRENDING,SHORT,0.914,2.0,C_broke_accepted,False,True,inside_value,FLAT,1.039,0.292,5,0.93,1.34,-448750,0.21999999999997044,0.0,-1.38,0.0,False,False,270.0,4.9,4.8,-0.197,-0.0398,0.101,-0.149,False,CONTINUATION
2026-08-20T12:00:00,NATURALGAS,2026-08-20,oos,OPENING_DRIVE,SHORT,1.0,3.5,E_open_space,False,True,below_value,UP,1.0,0.812,4,0.51,1.24,-362500,0.6200000000000045,10.31,-0.64,10.31,True,True,270.0,6.45,7.8,1.2075,0.1854,1.2855,-0.0145,False,NEUTRAL
2026-08-20T12:35:00,NATURALGAS,2026-08-20,oos,TRENDING,SHORT,1.0,4.5,A_broke,False,False,below_value,FLAT,1.238,0.75,1,0.43,1.5,-55000,0.03000000000002956,218.52,0.0,218.52,True,True,270.0,7.25,7.1,-0.2935,-0.0401,-0.0725,-0.2225,False,CONTINUATION
2026-08-20T12:55:00,NATURALGAS,2026-08-20,oos,TRENDING,SHORT,0.957,3.0,C_broke_accepted,False,True,below_value,DOWN,1.299,1.0,2,1.97,0.79,46250,0.6200000000000045,2.75,-1.29,2.75,False,False,270.0,7.8,8.1,0.141,0.0179,1.572,-7.878,False,CONTINUATION
2026-08-20T13:00:00,NATURALGAS,2026-08-20,oos,TRENDING,SHORT,0.917,3.0,A_broke,False,False,below_value,DOWN,1.308,1.312,2,2.32,1.28,58750,0.01999999999998181,105.56,-16.67,105.56,True,True,260.0,2.8,2.8,-0.056,-0.0198,0.022,-0.028,False,CONTINUATION
2026-08-20T13:10:00,NATURALGAS,2026-08-20,oos,TRENDING,SHORT,0.96,3.0,A_broke,False,False,below_value,DOWN,1.308,1.625,3,2.95,1.22,190000,0.12000000000000455,11.02,-2.54,11.02,True,True,260.0,2.95,3.0,-0.0095,-0.0032,0.0205,-0.0795,False,CONTINUATION
2026-08-20T13:30:00,NATURALGAS,2026-08-20,oos,TRENDING,SHORT,1.0,5.5,A_broke,False,False,below_value,UP,1.275,1.312,2,1.9,2.1,503750,0.3300000000000409,0.3,-2.7,0.3,False,False,260.0,3.3,2.95,-0.4125,-0.1238,0.017,-0.383,False,NEUTRAL
2026-08-20T15:50:00,NATURALGAS,2026-08-20,oos,TRENDING,SHORT,0.963,3.0,C_broke_accepted,False,False,below_value,FLAT,1.033,0.5,2,1.68,1.14,2500,0.020000000000038654,11.11,-5.56,11.11,True,True,260.0,3.1,3.1,-0.062,-0.0198,0.069,-0.081,False,CONTINUATION
2026-08-20T16:20:00,NATURALGAS,2026-08-20,oos,TRENDING,LONG,0.966,3.0,C_broke_accepted,False,True,below_value,FLAT,1.031,0.875,2,0.66,1.05,292500,0.21999999999997044,0.0,-1.83,0.0,False,False,260.0,7.3,7.3,-0.146,-0.0198,0.227,-0.173,False,CONTINUATION
2026-08-20T16:25:00,NATURALGAS,2026-08-20,oos,TRENDING,SHORT,0.966,3.0,D_failed_immediately,False,True,inside_value,FLAT,1.031,0.75,1,1.7,1.76,0,0.12000000000000455,5.08,-1.69,5.08,True,True,260.0,2.8,3.0,0.142,0.0502,0.172,0.022,False,NEUTRAL
2026-08-20T17:05:00,NATURALGAS,2026-08-20,oos,TRENDING,LONG,0.979,4.0,C_broke_accepted,True,False,inside_value,FLAT,1.033,0.812,4,0.8,1.71,211250,0.01999999999998181,12.5,-58.33,12.5,True,True,260.0,7.65,7.1,-0.6975,-0.0903,0.2235,-1.0265,False,TRAP
2026-08-20T17:45:00,NATURALGAS,2026-08-20,oos,TRENDING,SHORT,0.933,2.0,B_swept_returned,True,False,below_value,FLAT,1.0,0.833,3,1.58,0.76,-21250,0.7199999999999704,0.56,-1.25,0.56,False,False,260.0,2.95,2.85,-0.158,-0.053,0.2205,-0.1795,False,TRAP
2026-08-20T18:10:00,NATURALGAS,2026-08-20,oos,TRENDING,LONG,0.963,2.67,C_broke_accepted,True,True,inside_value,FLAT,1.0,0.542,4,0.75,1.44,521250,0.4199999999999591,0.24,-2.36,0.24,False,False,260.0,7.35,6.9,-0.5925,-0.0798,0.3765,-0.5235,False,TRAP
2026-08-20T18:20:00,NATURALGAS,2026-08-20,oos,TRENDING,SHORT,0.982,3.67,C_broke_accepted,False,True,near_POC,DOWN,1.121,0.542,5,1.11,1.46,308750,0.8299999999999841,0.24,-1.44,0.24,False,False,260.0,3.1,2.85,-0.3095,-0.0989,0.419,-0.281,False,CONTINUATION
2026-08-20T18:30:00,NATURALGAS,2026-08-20,oos,TRENDING,LONG,0.991,4.67,C_broke_accepted,True,False,near_POC,DOWN,1.121,0.75,4,0.83,1.81,3097500,0.23999999999995225,1.24,-2.07,1.24,False,False,260.0,7.2,6.85,-0.4905,-0.0675,0.128,-0.422,False,NEUTRAL
2026-08-20T20:05:00,NATURALGAS,2026-08-20,oos,TRENDING,SHORT,0.977,3.67,C_broke_accepted,False,True,below_value,FLAT,1.0,1.042,1,1.43,2.32,-867500,0.6299999999999955,0.79,-1.42,0.79,False,False,260.0,3.7,3.4,-0.371,-0.0993,0.363,-0.337,False,CONTINUATION
2026-08-20T20:10:00,NATURALGAS,2026-08-20,oos,TRENDING,SHORT,0.902,2.33,C_broke_accepted,False,True,below_value,FLAT,1.0,1.25,0,1.71,0.9,1300000,0.32000000000005,0.31,-1.56,0.31,False,False,260.0,3.9,3.9,-0.078,-0.0198,0.161,-0.189,False,CONTINUATION
2026-08-21T10:15:00,NATURALGAS,2026-08-21,oos,OPENING_DRIVE,SHORT,1.0,2.0,C_broke_accepted,False,True,below_value,,,0.375,5,0.96,1.64,-108750,0.21000000000003638,0.0,-1.89,0.0,False,False,260.0,2.7,2.7,-0.054,-0.0198,0.123,-0.077,False,NEUTRAL
2026-08-21T10:30:00,NATURALGAS,2026-08-21,oos,TRENDING,LONG,0.944,1.5,A_broke,False,True,below_value,,,0.625,4,0.5,0.57,-133750,0.009999999999990905,0.0,-11.11,0.0,False,False,260.0,5.65,5.7,-0.0635,-0.0111,0.0435,-0.1065,False,CONTINUATION
2026-08-21T11:25:00,NATURALGAS,2026-08-21,oos,FAILED_BREAKOUT,LONG,1.0,6.0,A_broke,False,False,above_value,FLAT,0.958,0.375,1,0.44,7.74,-140000,0.4399999999999977,7.57,-0.92,7.57,True,True,260.0,6.7,7.4,0.559,0.0826,0.633,-0.367,False,NEUTRAL
2026-08-21T11:50:00,NATURALGAS,2026-08-21,oos,FAILED_BREAKDOWN,LONG,0.939,2.0,C_broke_accepted,False,True,above_value,UP,1.029,0.875,2,0.7,0.71,-87500,0.3100000000000023,0.0,-1.6,0.0,False,False,260.0,6.9,6.8,-0.237,-0.034,0.081,-0.319,False,CONTINUATION
2026-08-21T12:55:00,NATURALGAS,2026-08-21,oos,TRENDING,LONG,0.935,2.0,C_broke_accepted,False,True,above_value,FLAT,1.832,0.55,2,2.79,0.98,-133750,0.20999999999997954,4.19,-1.86,4.19,True,False,270.0,2.25,2.45,0.153,0.0673,0.1775,-0.1225,False,CONTINUATION
2026-08-21T14:35:00,NATURALGAS,2026-08-21,oos,TRENDING,LONG,0.955,2.5,A_broke,False,True,above_value,FLAT,1.148,0.437,2,2.85,1.74,33750,0.11000000000001364,4.35,-1.74,4.35,True,False,270.0,2.35,2.5,0.1015,0.0428,0.1265,-0.1235,False,CONTINUATION
2026-08-21T16:15:00,NATURALGAS,2026-08-21,oos,TRENDING,LONG,0.965,2.5,E_open_space,False,True,near_POC,FLAT,0.975,0.375,4,1.67,1.59,1081250,0.410000000000025,1.93,-1.2,1.93,False,False,270.0,2.3,2.4,0.053,0.0228,0.627,0.027,False,NEUTRAL
2026-08-21T16:30:00,NATURALGAS,2026-08-21,oos,TRENDING,LONG,0.989,4.0,C_broke_accepted,False,True,inside_value,UP,1.225,1.0,3,2.7,1.65,-228750,0.21999999999997044,0.89,-1.79,0.89,False,False,270.0,2.9,2.65,-0.3055,-0.1043,0.021,-0.279,False,CONTINUATION
2026-08-21T17:10:00,NATURALGAS,2026-08-21,oos,TRENDING,SHORT,0.938,1.67,C_broke_accepted,True,False,near_POC,UP,1.057,0.583,3,0.34,0.91,-93750,1.1099999999999568,0.0,-1.17,0.0,False,False,270.0,5.9,5.85,-0.1675,-0.0281,0.491,-0.309,False,TRAP
2026-08-21T17:55:00,NATURALGAS,2026-08-21,oos,FAILED_BREAKOUT,SHORT,0.981,3.33,C_broke_accepted,False,False,inside_value,FLAT,0.94,0.625,2,1.84,0.9,58750,0.5299999999999727,0.38,-1.51,0.38,False,False,270.0,7.15,6.55,-0.737,-0.1021,0.1785,-0.7215,False,CONTINUATION
2026-08-21T19:05:00,NATURALGAS,2026-08-21,oos,FAILED_BREAKOUT,LONG,0.975,2.67,C_broke_accepted,True,False,near_POC,FLAT,0.926,0.333,3,2.11,1.5,455000,0.01999999999998181,0.0,-29.17,0.0,False,False,270.0,2.15,1.9,-0.2905,-0.1338,-0.0215,-2.1715,False,TRAP
2026-08-21T19:40:00,NATURALGAS,2026-08-21,oos,TRENDING,LONG,0.944,2.33,A_broke,False,False,inside_value,DOWN,0.92,0.542,2,2.95,1.04,-546250,0.32000000000005,1.25,-2.8,1.25,False,False,270.0,2.0,1.8,-0.238,-0.1178,0.13,-0.32,False,NEUTRAL
2026-08-21T20:30:00,NATURALGAS,2026-08-21,oos,TRENDING,SHORT,0.904,1.67,C_broke_accepted,False,True,near_POC,FLAT,1.0,0.292,1,0.37,1.26,860000,0.5099999999999909,0.0,-1.17,0.0,False,False,270.0,5.4,5.6,0.09,0.0165,0.596,0.046,False,CONTINUATION
2026-08-21T22:00:00,NATURALGAS,2026-08-21,oos,FAILED_BREAKOUT,LONG,0.909,1.67,C_broke_accepted,False,True,inside_value,FLAT,1.0,0.417,1,2.56,2.01,61316250,0.3100000000000023,1.27,-1.9,1.27,False,False,270.0,1.5,0.0,-1.515,-1.0,0.235,-1.515,False,CONTINUATION
2026-08-24T11:35:00,NATURALGAS,2026-08-24,oos,OPENING_DRIVE,SHORT,1.0,2.5,C_broke_accepted,False,True,inside_value,UP,1.054,0.438,1,2.19,1.69,203750,0.5099999999999909,1.94,-1.94,1.94,False,False,260.0,1.4,1.3,-0.127,-0.0898,0.536,-0.164,False,CONTINUATION
2026-08-24T12:15:00,NATURALGAS,2026-08-24,oos,TRENDING,SHORT,1.0,3.0,A_broke,False,False,below_value,FLAT,1.095,0.625,4,0.9,2.01,23750,0.020000000000038654,0.0,-11.11,0.0,False,False,260.0,1.9,1.7,-0.236,-0.123,-0.019,-0.269,False,NEUTRAL
2026-08-24T12:50:00,NATURALGAS,2026-08-24,oos,TRENDING,LONG,1.0,3.0,C_broke_accepted,False,True,below_value,FLAT,1.217,0.688,2,0.91,0.95,120000,0.3199999999999932,30.82,-0.63,30.82,True,True,260.0,2.8,3.2,0.34,0.1202,0.422,-0.028,False,CONTINUATION
2026-08-24T12:55:00,NATURALGAS,2026-08-24,oos,FAILED_BREAKOUT,LONG,0.955,2.5,B_swept_returned,True,False,inside_value,FLAT,1.217,0.563,1,1.08,1.56,-192500,0.5099999999999909,18.45,0.0,18.45,True,True,260.0,2.95,4.1,1.0795,0.3623,1.2205,0.0205,False,TRAP
2026-08-24T13:10:00,NATURALGAS,2026-08-24,oos,FAILED_BREAKOUT,LONG,1.0,3.0,B_swept_returned,True,False,above_value,DOWN,1.25,0.875,3,0.52,1.29,-761250,0.5199999999999818,16.8,-0.58,16.8,True,True,260.0,3.55,4.7,1.0675,0.2977,1.1645,-0.1855,False,TRAP
2026-08-24T13:35:00,NATURALGAS,2026-08-24,oos,FAILED_BREAKDOWN,LONG,1.0,3.0,A_broke,False,True,above_value,UP,1.25,0.937,3,0.46,1.01,223750,0.12000000000000455,0.0,-2.54,0.0,False,False,260.0,4.05,3.8,-0.3285,-0.0803,-0.1405,-0.2905,False,NEUTRAL
2026-08-24T14:00:00,NATURALGAS,2026-08-24,oos,FAILED_BREAKDOWN,SHORT,0.93,2.5,C_broke_accepted,True,False,above_value,UP,1.453,0.625,3,1.89,1.09,192500,0.11000000000001364,0.87,-2.61,0.87,False,False,260.0,1.2,1.1,-0.123,-0.1015,0.038,-0.112,False,NEUTRAL
2026-08-24T14:45:00,NATURALGAS,2026-08-24,oos,TRENDING,LONG,0.97,3.0,C_broke_accepted,False,False,above_value,DOWN,1.008,1.062,0,0.42,1.89,-58750,0.020000000000038654,394.44,0.0,394.44,True,True,260.0,5.25,4.95,-0.402,-0.0758,0.1475,-0.3525,False,CONTINUATION
2026-08-24T15:05:00,NATURALGAS,2026-08-24,oos,TRENDING,LONG,0.971,2.4,C_broke_accepted,False,False,above_value,UP,1.0,0.85,2,4.17,0.96,-327500,0.22000000000002728,0.92,-2.29,0.92,False,False,260.0,5.85,5.65,-0.315,-0.0533,0.0915,-0.5085,False,CONTINUATION
2026-08-24T15:50:00,NATURALGAS,2026-08-24,oos,FAILED_BREAKDOWN,LONG,0.924,1.67,C_broke_accepted,False,False,above_value,FLAT,1.2,0.458,2,0.36,0.83,250000,0.11000000000001364,1.74,-1.74,1.74,False,False,260.0,5.45,5.45,-0.109,-0.0198,0.0955,-0.2545,False,CONTINUATION
2026-08-24T16:10:00,NATURALGAS,2026-08-24,oos,TRENDING,LONG,1.0,2.33,A_broke,False,True,above_value,FLAT,1.176,0.333,3,2.07,0.79,1103750,0.7200000000000273,7.49,-1.11,7.49,True,True,270.0,0.6,1.15,0.5325,0.8787,0.544,-0.006,False,NEUTRAL
2026-08-24T16:50:00,NATURALGAS,2026-08-24,oos,TRENDING,LONG,0.923,1.67,C_broke_accepted,False,True,above_value,UP,1.187,0.792,3,3.24,2.34,-1378750,1.2099999999999795,2.06,-1.4,2.06,False,False,270.0,1.15,0.4,-0.7655,-0.6591,1.7885,-0.7615,False,CONTINUATION
2026-08-24T16:55:00,NATURALGAS,2026-08-24,oos,TRENDING,LONG,1.0,4.0,C_broke_accepted,False,False,above_value,UP,1.187,0.917,2,3.49,3.14,1963750,0.13999999999998636,0.0,-2.94,0.0,False,False,270.0,2.05,1.6,-0.4865,-0.235,-0.0205,-0.5705,False,CONTINUATION
2026-08-24T17:10:00,NATURALGAS,2026-08-24,oos,TRENDING,LONG,0.989,2.67,C_broke_accepted,False,True,above_value,UP,1.128,1.292,1,2.09,0.75,-727500,0.6200000000000045,0.16,-1.6,0.16,False,False,270.0,2.05,2.0,-0.0905,-0.0437,0.3795,-0.1705,False,CONTINUATION
2026-08-24T17:40:00,NATURALGAS,2026-08-24,oos,TRENDING,LONG,0.97,2.33,C_broke_accepted,True,False,above_value,DOWN,1.403,0.792,3,1.53,0.82,-168750,0.020000000000038654,0.0,-28.57,0.0,False,False,270.0,2.5,2.5,-0.05,-0.0198,0.375,-0.225,False,TRAP
2026-08-24T18:15:00,NATURALGAS,2026-08-24,oos,TRENDING,LONG,0.991,3.0,E_open_space,False,True,above_value,UP,1.044,0.458,2,1.15,1.18,82500,0.6299999999999955,0.96,-1.59,0.96,False,False,270.0,2.35,2.4,0.0025,0.0011,0.5765,-0.3235,False,NEUTRAL
2026-08-24T18:40:00,NATURALGAS,2026-08-24,oos,TRENDING,SHORT,0.991,3.0,C_broke_accepted,False,False,above_value,UP,1.04,0.792,3,0.9,0.84,213750,0.12999999999999545,43.31,0.0,43.31,True,True,270.0,2.15,2.05,-0.142,-0.0654,0.3285,-0.1215,False,CONTINUATION
2026-08-24T18:45:00,NATURALGAS,2026-08-24,oos,TRENDING,LONG,0.982,3.0,A_broke,False,False,above_value,DOWN,1.05,0.792,3,1.1,1.1,126250,0.029999999999972715,0.0,-11.11,0.0,False,False,260.0,10.45,9.75,-0.902,-0.0855,-0.1045,-1.1045,False,NEUTRAL
2026-08-24T19:45:00,NATURALGAS,2026-08-24,oos,TRENDING,SHORT,0.921,2.0,E_open_space,True,False,above_value,FLAT,1.096,0.375,2,1.09,0.7,2101250,0.6200000000000045,0.0,-1.13,0.0,False,False,270.0,2.5,2.6,0.049,0.0194,0.625,-0.275,False,NEUTRAL
2026-08-24T20:10:00,NATURALGAS,2026-08-24,oos,TRENDING,SHORT,0.954,2.33,A_broke,False,False,above_value,FLAT,1.19,0.792,6,1.07,0.69,535000,0.020000000000038654,4.76,-9.52,4.76,True,False,270.0,3.05,2.85,-0.259,-0.0841,-0.0305,-0.3805,False,NEUTRAL
2026-08-24T20:35:00,NATURALGAS,2026-08-24,oos,TRENDING,SHORT,0.971,2.67,C_broke_accepted,False,False,inside_value,FLAT,1.28,0.5,5,0.85,1.42,-572500,0.020000000000038654,0.0,-16.67,0.0,False,False,270.0,3.4,2.95,-0.5135,-0.1495,0.116,-0.534,False,NEUTRAL
2026-08-24T20:55:00,NATURALGAS,2026-08-24,oos,TRENDING,SHORT,0.914,2.0,C_broke_accepted,False,False,inside_value,FLAT,1.102,0.625,4,0.78,0.47,-213750,0.4200000000000159,4.55,-1.67,4.55,True,False,270.0,3.4,4.4,0.922,0.2685,1.066,-0.234,False,CONTINUATION
2026-08-24T21:15:00,NATURALGAS,2026-08-24,oos,FAILED_BREAKOUT,SHORT,0.972,2.67,C_broke_accepted,False,False,inside_value,FLAT,0.969,0.75,2,0.45,1.07,-527500,0.22000000000002728,0.45,-1.34,0.45,False,False,270.0,4.4,4.2,-0.286,-0.0644,0.056,-0.344,False,CONTINUATION
2026-08-24T21:55:00,NATURALGAS,2026-08-24,oos,FAILED_BREAKOUT,LONG,0.907,1.5,C_broke_accepted,False,True,inside_value,FLAT,0.968,0.531,2,3.2,0.93,-997500,0.5200000000000387,0.0,-1.93,0.0,False,False,270.0,0.2,0.2,-0.004,-0.0198,0.148,-0.052,False,NEUTRAL
2026-08-24T22:45:00,NATURALGAS,2026-08-24,oos,FAILED_BREAKOUT,SHORT,0.994,3.25,C_broke_accepted,True,False,inside_value,FLAT,0.967,0.531,1,0.95,1.36,2462500,0.040000000000020464,0.0,-17.95,0.0,False,False,270.0,4.85,4.2,-0.7405,-0.1512,0.3515,-0.6985,False,TRAP
2026-08-25T11:20:00,NATURALGAS,2026-08-25,oos,TRENDING,SHORT,1.0,2.0,C_broke_accepted,False,False,below_value,DOWN,0.919,0.208,1,5.14,1.51,65000,0.12000000000000455,5.08,-3.39,5.08,True,True,260.0,9.45,9.45,-0.189,-0.0198,-0.0945,-0.1445,False,CONTINUATION
2026-08-25T11:30:00,NATURALGAS,2026-08-25,oos,TRENDING,SHORT,0.931,1.67,C_broke_accepted,True,False,below_value,FLAT,0.977,0.458,0,1.58,1.36,10000,0.009999999999990905,20.0,-46.67,20.0,True,True,260.0,9.5,9.6,-0.091,-0.0095,0.055,-0.045,False,TRAP
2026-08-25T11:45:00,NATURALGAS,2026-08-25,oos,TRENDING,LONG,1.0,3.33,C_broke_accepted,True,True,below_value,UP,1.21,0.625,0,0.34,0.83,2500,0.12999999999999545,0.0,-5.38,0.0,False,False,260.0,18.25,17.85,-0.761,-0.0413,-0.1825,-0.5825,False,NEUTRAL
2026-08-25T11:55:00,NATURALGAS,2026-08-25,oos,TRENDING,SHORT,0.971,2.33,A_broke,True,False,below_value,UP,1.21,0.5,1,1.95,0.54,-11250,0.22000000000002728,0.0,-4.98,0.0,False,False,260.0,9.5,9.1,-0.586,-0.0611,-0.095,-0.495,False,TRAP
2026-08-25T12:05:00,NATURALGAS,2026-08-25,oos,TRENDING,LONG,1.0,3.67,C_broke_accepted,False,True,inside_value,UP,1.402,0.458,3,0.5,0.91,1250,0.029999999999972715,9.09,-21.21,9.09,True,True,260.0,18.3,18.45,-0.2175,-0.0118,0.017,-0.233,False,CONTINUATION
2026-08-25T12:25:00,NATURALGAS,2026-08-25,oos,TRENDING,SHORT,0.95,2.33,A_broke,False,False,inside_value,UP,1.133,0.833,5,2.34,1.35,11250,0.12000000000000455,0.83,-2.48,0.83,False,False,260.0,9.35,9.15,-0.385,-0.0408,-0.1435,-0.3935,False,NEUTRAL
2026-08-25T13:20:00,NATURALGAS,2026-08-25,oos,FAILED_BREAKOUT,LONG,0.961,3.0,A_broke,True,False,above_value,FLAT,0.891,0.292,3,0.46,3.33,-47500,0.029999999999972715,0.0,-14.81,0.0,False,False,260.0,18.95,18.65,-0.676,-0.0353,-0.1895,-0.5395,False,TRAP
2026-08-25T13:40:00,NATURALGAS,2026-08-25,oos,TRENDING,LONG,0.964,3.0,A_broke,True,False,above_value,FLAT,1.0,0.667,2,0.31,0.6,12500,0.029999999999972715,3.7,-33.33,3.7,True,False,260.0,18.8,18.3,-0.871,-0.0459,-0.138,-0.688,False,TRAP
2026-08-25T14:05:00,NATURALGAS,2026-08-25,oos,TRENDING,LONG,0.917,2.67,C_broke_accepted,True,True,inside_value,FLAT,1.0,0.625,2,0.45,1.25,11250,0.12000000000000455,0.0,-2.42,0.0,False,False,260.0,18.45,18.25,-0.567,-0.0304,-0.1845,-0.5345,False,TRAP
2026-08-25T15:15:00,NATURALGAS,2026-08-25,oos,TRENDING,LONG,0.905,2.33,C_broke_accepted,True,True,near_POC,FLAT,1.121,0.75,4,1.12,1.42,-3750,0.12000000000000455,3.31,-4.96,3.31,True,False,260.0,17.75,17.15,-0.949,-0.0529,-0.1275,-0.7775,False,TRAP
2026-08-25T15:30:00,NATURALGAS,2026-08-25,oos,TRENDING,LONG,0.909,2.67,C_broke_accepted,False,True,near_POC,FLAT,1.065,0.542,3,0.33,1.8,122500,0.12000000000000455,4.03,-1.61,4.03,True,False,260.0,17.8,17.9,-0.257,-0.0143,-0.028,-0.178,False,CONTINUATION
2026-08-25T16:35:00,NATURALGAS,2026-08-25,oos,FAILED_BREAKOUT,SHORT,0.9,2.33,A_broke,True,False,inside_value,FLAT,1.0,0.708,2,2.32,1.0,18750,0.020000000000038654,4.76,-23.81,4.76,True,False,260.0,9.2,9.15,-0.2335,-0.0251,0.108,-0.142,False,TRAP
2026-08-25T17:25:00,NATURALGAS,2026-08-25,oos,FAILED_BREAKDOWN,SHORT,0.99,3.67,C_broke_accepted,False,False,below_value,FLAT,1.0,0.792,3,1.68,2.36,206250,0.03000000000002956,15.15,-30.3,15.15,True,True,260.0,9.85,10.05,0.001,0.0001,0.2515,-0.3985,False,CONTINUATION
2026-08-25T17:35:00,NATURALGAS,2026-08-25,oos,TRENDING,SHORT,1.0,5.0,A_broke,False,False,below_value,FLAT,1.0,1.458,4,2.29,1.45,162500,0.35000000000002274,9.28,-1.16,9.28,True,True,260.0,10.05,10.05,-0.201,-0.0198,-0.1005,-0.2505,False,CONTINUATION
2026-08-25T17:55:00,NATURALGAS,2026-08-25,oos,TRENDING,SHORT,0.906,3.0,C_broke_accepted,False,True,below_value,FLAT,1.065,1.708,4,2.58,0.61,-211250,2.0300000000000296,0.2,-1.13,0.2,False,False,260.0,10.15,10.3,-0.0545,-0.0053,0.9485,-0.1515,False,CONTINUATION
2026-08-25T18:00:00,NATURALGAS,2026-08-25,oos,TRENDING,SHORT,1.0,6.67,A_broke,False,False,below_value,DOWN,1.163,1.708,4,1.92,1.2,101250,0.4600000000000364,0.43,-1.52,0.43,False,False,260.0,10.75,10.75,-0.215,-0.0198,0.1425,-0.2575,False,CONTINUATION
2026-08-25T22:15:00,NATURALGAS,2026-08-25,oos,FAILED_BREAKDOWN,SHORT,0.924,2.25,C_broke_accepted,False,True,above_value,UP,1.038,0.938,2,1.15,0.68,83750,0.7299999999999613,0.0,-1.1,0.0,False,False,270.0,13.65,13.6,-0.3225,-0.0234,0.0135,-0.1865,False,CONTINUATION
2026-08-26T10:20:00,NATURALGAS,2026-08-26,oos,OPENING_DRIVE,SHORT,1.0,2.67,A_broke,False,False,below_value,,,0.208,0,0.81,1.85,-16250,0.01999999999998181,8.33,-4.17,8.33,True,True,270.0,12.0,12.05,-0.1905,-0.0157,-0.07,-0.17,False,NEUTRAL
2026-08-26T12:00:00,NATURALGAS,2026-08-26,oos,TRENDING,LONG,0.944,1.67,C_broke_accepted,False,True,near_POC,UP,1.038,0.583,3,0.57,2.29,-6250,0.20999999999997954,0.93,-3.26,0.93,False,False,270.0,15.7,15.3,-0.71,-0.0448,0.143,-0.607,False,CONTINUATION
2026-08-26T13:35:00,NATURALGAS,2026-08-26,oos,TRENDING,LONG,0.981,2.33,A_broke,False,True,inside_value,DOWN,0.935,0.25,1,0.78,2.03,-10000,0.22000000000002728,3.62,-1.36,3.62,True,False,270.0,15.25,15.15,-0.404,-0.0262,-0.1525,-0.3525,False,CONTINUATION
2026-08-26T13:50:00,NATURALGAS,2026-08-26,oos,FAILED_BREAKOUT,LONG,0.964,2.0,C_broke_accepted,True,False,inside_value,DOWN,0.97,0.292,1,1.07,2.73,0,0.01999999999998181,0.0,-27.78,0.0,False,False,270.0,15.55,14.9,-0.9545,-0.0608,-0.2555,-0.8055,False,TRAP
2026-08-26T14:05:00,NATURALGAS,2026-08-26,oos,FAILED_BREAKOUT,SHORT,0.912,1.67,A_broke,False,True,inside_value,FLAT,0.962,0.583,2,1.8,0.92,-27500,0.11000000000001364,0.87,-1.74,0.87,False,False,270.0,12.1,12.1,-0.242,-0.0198,-0.071,-0.121,False,CONTINUATION
2026-08-26T14:25:00,NATURALGAS,2026-08-26,oos,FAILED_BREAKOUT,LONG,0.918,1.67,E_open_space,False,True,near_POC,UP,0.923,0.5,2,1.12,1.43,15000,0.3100000000000023,31.11,-0.32,31.11,True,True,270.0,15.3,16.25,0.6345,0.0411,0.797,-0.003,False,NEUTRAL
2026-08-26T16:30:00,NATURALGAS,2026-08-26,oos,FAILED_BREAKDOWN,LONG,1.0,2.67,C_broke_accepted,False,True,above_value,UP,1.092,0.542,0,0.62,1.43,-22500,0.21999999999997044,10.27,-1.79,10.27,True,True,270.0,16.75,17.0,-0.0875,-0.0052,0.1825,-0.3175,False,CONTINUATION
2026-08-26T16:45:00,NATURALGAS,2026-08-26,oos,TRENDING,LONG,0.933,1.67,C_broke_accepted,False,False,above_value,DOWN,1.055,0.875,1,1.05,1.25,-201250,0.11000000000001364,13.91,-2.61,13.91,True,True,270.0,17.1,16.95,-0.4905,-0.0284,-0.121,-0.471,False,CONTINUATION
2026-08-26T17:15:00,NATURALGAS,2026-08-26,oos,TRENDING,SHORT,1.0,5.67,A_broke,False,True,above_value,UP,1.037,1.042,2,1.31,1.18,133750,0.44999999999998863,1.77,-1.33,1.77,False,False,270.0,10.8,10.65,-0.3645,-0.0334,0.192,-0.258,False,CONTINUATION
2026-08-26T17:35:00,NATURALGAS,2026-08-26,oos,FAILED_BREAKDOWN,LONG,0.99,3.0,C_broke_accepted,False,True,above_value,FLAT,1.048,0.917,1,0.53,1.06,50000,0.6299999999999955,0.0,-1.75,0.0,False,False,270.0,16.7,16.55,-0.4825,-0.0286,0.383,-0.467,False,CONTINUATION
2026-08-26T17:50:00,NATURALGAS,2026-08-26,oos,FAILED_BREAKDOWN,SHORT,0.941,2.0,A_broke,False,False,above_value,FLAT,1.093,1.125,3,1.46,0.54,36250,0.01999999999998181,16.67,-16.67,16.67,True,True,270.0,10.95,10.85,-0.318,-0.0288,-0.0095,-0.2095,False,CONTINUATION
2026-08-26T18:10:00,NATURALGAS,2026-08-26,oos,FAILED_BREAKOUT,SHORT,0.981,2.67,C_broke_accepted,True,True,above_value,FLAT,1.0,0.583,4,1.91,1.66,-185000,0.7200000000000273,0.0,-1.24,0.0,False,False,270.0,11.55,11.35,-0.429,-0.0368,-0.0155,-0.3155,False,TRAP
2026-08-26T18:30:00,NATURALGAS,2026-08-26,oos,FAILED_BREAKOUT,LONG,0.945,2.33,C_broke_accepted,False,False,above_value,FLAT,1.163,0.792,2,0.65,0.89,-137500,0.01999999999998181,9.52,-19.05,9.52,True,True,270.0,16.65,16.2,-0.7785,-0.0463,-0.0665,-0.6165,False,NEUTRAL
2026-08-26T19:25:00,NATURALGAS,2026-08-26,oos,FAILED_BREAKDOWN,SHORT,0.942,2.33,C_broke_accepted,True,True,above_value,FLAT,1.256,0.667,4,1.49,0.8,50000,0.12000000000000455,2.48,-4.96,2.48,False,False,270.0,11.05,10.95,-0.32,-0.0287,-0.0105,-0.2605,False,TRAP
2026-08-26T19:35:00,NATURALGAS,2026-08-26,oos,FAILED_BREAKOUT,LONG,0.984,3.0,C_broke_accepted,False,True,above_value,FLAT,1.296,0.667,4,0.56,1.06,22500,0.12999999999999545,52.76,0.0,52.76,True,True,270.0,16.7,16.8,-0.235,-0.0139,-0.067,-0.167,False,CONTINUATION
2026-08-26T19:45:00,NATURALGAS,2026-08-26,oos,FAILED_BREAKDOWN,LONG,0.968,2.67,C_broke_accepted,False,True,above_value,FLAT,1.098,0.583,2,0.78,1.4,73750,0.9199999999999591,5.41,-0.32,5.41,True,True,270.0,17.15,19.35,1.835,0.1059,2.1785,-0.1715,False,CONTINUATION
2026-08-26T19:50:00,NATURALGAS,2026-08-26,oos,TRENDING,LONG,0.984,3.0,C_broke_accepted,False,True,above_value,FLAT,1.098,0.833,2,0.78,2.73,35000,0.6299999999999955,1.12,-1.28,1.12,False,False,270.0,17.8,18.05,-0.1085,-0.006,0.822,-0.178,False,CONTINUATION
2026-08-26T20:10:00,NATURALGAS,2026-08-26,oos,TRENDING,LONG,0.915,2.33,C_broke_accepted,False,False,above_value,UP,1.114,1.667,1,0.72,0.56,-102500,0.020000000000038654,0.0,-23.81,0.0,False,False,270.0,18.4,18.05,-0.7145,-0.0384,-0.134,-0.784,False,CONTINUATION
2026-08-26T20:55:00,NATURALGAS,2026-08-26,oos,TRENDING,LONG,0.978,3.0,A_broke,False,False,above_value,FLAT,1.044,0.75,3,0.61,0.54,-33750,0.4300000000000068,0.47,-1.64,0.47,False,False,270.0,18.6,18.3,-0.669,-0.0356,-0.136,-0.836,False,NEUTRAL
2026-08-26T22:00:00,NATURALGAS,2026-08-26,oos,TRENDING,LONG,0.993,3.67,A_broke,False,False,above_value,FLAT,1.041,0.458,3,0.42,1.65,-32500,0.22999999999996135,18.03,0.0,18.03,True,True,270.0,18.5,18.75,-0.1225,-0.0066,0.115,-0.335,False,CONTINUATION
2026-08-26T22:30:00,NATURALGAS,2026-08-26,oos,TRENDING,LONG,0.994,4.33,C_broke_accepted,False,True,above_value,UP,1.054,0.75,4,2.16,1.42,-208750,0.4399999999999977,0.68,-1.37,0.68,False,False,270.0,19.35,19.1,-0.6345,-0.0325,0.1565,-0.4435,False,CONTINUATION
2026-08-26T22:35:00,NATURALGAS,2026-08-26,oos,TRENDING,LONG,0.937,2.67,A_broke,True,True,above_value,UP,1.054,1.208,4,3.04,1.36,-331250,0.4199999999999591,0.0,-2.12,0.0,False,False,280.0,14.35,13.9,-0.7325,-0.0505,-0.1435,-0.5935,False,TRAP
2026-08-26T22:55:00,NATURALGAS,2026-08-26,oos,TRENDING,LONG,0.969,2.5,A_broke,False,False,above_value,UP,1.067,0.875,4,1.5,0.62,-146250,0.029999999999972715,10.0,-6.67,10.0,True,True,280.0,13.95,13.9,-0.3285,-0.0233,-0.0895,-0.3895,False,CONTINUATION
2026-08-26T23:20:00,NATURALGAS,2026-08-26,oos,TRENDING,SHORT,0.994,3.75,C_broke_accepted,False,True,above_value,DOWN,1.032,0.75,4,0.82,2.3,-223750,1.1499999999999773,0.0,-0.17,0.0,False,False,280.0,15.4,15.55,-0.1595,-0.0103,0.046,-0.254,False,CONTINUATION
2026-08-26T23:25:00,NATURALGAS,2026-08-26,oos,TRENDING,SHORT,0.982,2.75,A_broke,False,False,above_value,DOWN,1.032,0.906,3,1.88,1.75,-796250,0.03000000000002956,0.0,0.0,0.0,False,False,280.0,15.3,15.55,-0.0585,-0.0038,0.097,0.097,False,NEUTRAL
2026-09-02T04:30:00Z,NATURALGAS,2026-09-02,oos,TRENDING,SHORT,0.917,1.67,C_broke_accepted,True,False,NA,,,0.292,1,,,,0.009999999999990905,6.67,-26.67,6.67,True,True,280.0,12.25,12.05,-0.443,-0.0358,-0.0725,-0.3225,False,TRAP
2026-09-02T04:40:00Z,NATURALGAS,2026-09-02,oos,TRENDING,LONG,0.929,1.67,C_broke_accepted,False,False,NA,,,0.458,2,,,,0.12000000000000455,0.87,-1.74,0.87,False,False,280.0,12.5,12.45,-0.2995,-0.0237,-0.075,-0.275,False,CONTINUATION
2026-09-02T05:40:00Z,NATURALGAS,2026-09-02,oos,TRENDING,SHORT,0.962,2.0,A_broke,False,False,inside_value,FLAT,1.0,0.375,2,,,,0.12000000000000455,0.85,-1.69,0.85,False,False,280.0,11.85,11.85,-0.237,-0.0198,-0.1185,-0.1185,True,NEUTRAL
2026-09-02T08:20:00Z,NATURALGAS,2026-09-02,oos,TRENDING,LONG,0.966,2.0,C_broke_accepted,False,True,near_POC,FLAT,1.127,0.5,0,,,,0.22000000000002728,0.46,-2.29,0.46,False,False,280.0,12.45,12.45,-0.249,-0.0198,-0.1245,-0.1245,True,NEUTRAL
2026-09-02T10:45:00Z,NATURALGAS,2026-09-02,oos,TRENDING,LONG,0.989,4.0,C_broke_accepted,True,False,above_value,FLAT,1.0,0.5,2,,,,0.13999999999998636,1.47,-8.09,1.47,False,False,280.0,13.2,12.7,-0.759,-0.0569,-0.032,-0.682,False,TRAP
2026-09-02T11:10:00Z,NATURALGAS,2026-09-02,oos,OPENING_DRIVE,SHORT,0.989,5.0,C_broke_accepted,False,False,below_value,FLAT,1.0,0.708,2,,,,0.25,1.63,-2.04,1.63,False,False,280.0,12.85,12.95,-0.158,-0.0122,0.0715,-0.3785,False,CONTINUATION
2026-09-02T11:20:00Z,NATURALGAS,2026-09-02,oos,OPENING_DRIVE,SHORT,0.936,3.0,C_broke_accepted,False,True,below_value,FLAT,1.0,1.208,2,,,,0.3299999999999841,1.22,-1.53,1.22,False,False,280.0,12.95,13.05,-0.16,-0.0122,0.1205,-0.2295,False,CONTINUATION
2026-09-02T12:10:00Z,NATURALGAS,2026-09-02,oos,OPENING_DRIVE,LONG,0.99,4.75,A_broke,False,False,below_value,DOWN,1.259,0.938,3,,,,0.060000000000002274,10.53,-1.75,10.53,True,True,280.0,12.25,12.35,-0.146,-0.0118,-0.0225,-0.3725,False,CONTINUATION
2026-09-02T13:15:00Z,NATURALGAS,2026-09-02,oos,OPENING_DRIVE,SHORT,0.915,2.5,A_broke,False,False,below_value,FLAT,1.13,0.844,2,,,,0.12999999999999545,6.92,-2.31,6.92,True,True,280.0,12.9,13.2,0.039,0.003,0.171,-0.329,False,CONTINUATION
2026-09-02T14:10:00Z,NATURALGAS,2026-09-02,oos,OPENING_DRIVE,LONG,0.953,3.25,C_broke_accepted,True,False,near_POC,FLAT,1.198,0.562,3,,,,0.339999999999975,0.0,-3.54,0.0,False,False,280.0,12.7,12.15,-0.7985,-0.0623,-0.027,-0.727,False,TRAP
2026-09-02T14:20:00Z,NATURALGAS,2026-09-02,oos,OPENING_DRIVE,SHORT,0.923,2.75,C_broke_accepted,True,False,below_value,FLAT,1.179,0.969,3,,,,0.12999999999999545,4.51,-6.02,4.51,True,False,280.0,12.75,12.75,-0.255,-0.0198,-0.0775,-0.2775,False,TRAP
2026-09-02T14:35:00Z,NATURALGAS,2026-09-02,oos,OPENING_DRIVE,LONG,0.955,3.25,C_broke_accepted,False,False,inside_value,FLAT,1.165,0.719,2,,,,0.4399999999999977,0.68,-1.37,0.68,False,False,280.0,12.5,12.2,-0.547,-0.0433,0.025,-0.425,False,CONTINUATION
2026-09-02T16:50:00Z,NATURALGAS,2026-09-02,oos,TRENDING,SHORT,0.963,2.8,C_broke_accepted,False,True,inside_value,FLAT,1.156,0.35,3,,,,0.5400000000000205,2.03,-0.37,2.03,False,False,280.0,12.2,12.7,0.251,0.0204,0.528,-0.022,False,CONTINUATION
2026-09-03T05:40:00Z,NATURALGAS,2026-09-03,oos,OPENING_DRIVE,LONG,0.962,1.71,A_broke,True,False,inside_value,DOWN,1.014,0.357,2,,,,0.01999999999998181,5.56,-22.22,5.56,True,True,285.0,12.35,12.25,-0.346,-0.0277,-0.1235,-0.3235,False,TRAP
2026-09-03T06:30:00Z,NATURALGAS,2026-09-03,oos,TRENDING,SHORT,0.972,2.67,A_broke,False,True,near_POC,FLAT,0.921,0.375,3,,,,0.22000000000002728,12.5,-1.34,12.5,True,True,285.0,12.55,12.85,0.046,0.0036,0.1745,-0.2255,False,CONTINUATION
2026-09-03T06:40:00Z,NATURALGAS,2026-09-03,oos,TRENDING,SHORT,0.921,1.43,C_broke_accepted,False,False,below_value,FLAT,0.921,0.357,2,,,,0.11000000000001364,20.0,-6.96,20.0,True,True,285.0,12.85,12.95,-0.158,-0.0122,0.0215,-0.1785,False,CONTINUATION
2026-09-03T07:00:00Z,NATURALGAS,2026-09-03,oos,OPENING_DRIVE,SHORT,0.952,2.29,C_broke_accepted,False,True,below_value,DOWN,1.086,0.5,1,,,,0.6200000000000045,1.92,-1.44,1.92,False,False,285.0,13.15,13.0,-0.4115,-0.031,0.5185,-0.3315,False,CONTINUATION
2026-09-03T07:20:00Z,NATURALGAS,2026-09-03,oos,OPENING_DRIVE,SHORT,0.978,2.0,A_broke,False,False,below_value,UP,1.243,0.625,0,,,,0.020000000000038654,4.17,-12.5,4.17,True,False,285.0,13.3,13.15,-0.4145,-0.0309,-0.133,-0.283,False,NEUTRAL
2026-09-03T10:40:00Z,NATURALGAS,2026-09-03,oos,OPENING_DRIVE,LONG,0.93,1.75,A_broke,False,False,inside_value,DOWN,0.975,0.406,3,,,,0.32000000000005,4.36,-1.56,4.36,True,False,285.0,11.85,12.15,0.06,0.005,0.2315,-0.1185,False,CONTINUATION
2026-09-03T11:05:00Z,NATURALGAS,2026-09-03,oos,OPENING_DRIVE,SHORT,0.978,2.5,C_broke_accepted,False,True,inside_value,FLAT,0.944,0.781,2,,,,0.6299999999999955,0.32,-1.75,0.32,False,False,285.0,13.15,13.1,-0.3125,-0.0235,0.1685,-0.3815,False,CONTINUATION
2026-09-03T12:10:00Z,NATURALGAS,2026-09-03,oos,OPENING_DRIVE,SHORT,0.981,3.5,C_broke_accepted,False,False,inside_value,FLAT,0.94,0.875,3,,,,0.03999999999996362,59.52,-2.38,59.52,True,True,285.0,13.15,13.25,-0.164,-0.0123,0.0185,-0.1815,False,CONTINUATION
2026-09-03T12:50:00Z,NATURALGAS,2026-09-03,oos,OPENING_DRIVE,SHORT,0.911,2.25,C_broke_accepted,True,True,below_value,FLAT,0.931,0.656,5,,,,0.5300000000000296,0.0,-2.85,0.0,False,False,285.0,13.8,13.3,-0.771,-0.0553,0.162,-0.688,False,TRAP
2026-09-03T13:00:00Z,NATURALGAS,2026-09-03,oos,FAILED_BREAKOUT,LONG,0.982,3.75,C_broke_accepted,False,False,near_POC,UP,0.987,0.781,4,,,,0.049999999999954525,2.22,-8.89,2.22,False,False,280.0,13.95,13.75,-0.477,-0.0339,0.0605,-0.5895,False,CONTINUATION
2026-09-03T14:45:00Z,NATURALGAS,2026-09-03,oos,FAILED_BREAKOUT,SHORT,0.948,2.6,C_broke_accepted,False,True,below_value,DOWN,0.986,0.95,3,,,,0.7400000000000091,7.04,-1.49,7.04,True,True,280.0,12.3,13.35,0.7935,0.0639,0.927,-0.173,False,CONTINUATION
2026-09-03T14:55:00Z,NATURALGAS,2026-09-03,oos,TRENDING,SHORT,0.985,4.0,C_broke_accepted,False,True,below_value,DOWN,0.986,1.25,1,,,,1.1599999999999682,2.24,-1.72,2.24,False,False,280.0,13.35,12.6,-1.0095,-0.0749,1.8165,-0.8835,False,CONTINUATION
2026-09-03T15:00:00Z,NATURALGAS,2026-09-03,oos,TRENDING,SHORT,0.913,2.2,C_broke_accepted,False,True,below_value,UP,0.977,1.7,0,,,,1.5299999999999727,1.04,-1.04,1.04,False,False,275.0,11.0,10.6,-0.616,-0.0554,1.24,-0.51,False,CONTINUATION
2026-09-03T15:05:00Z,NATURALGAS,2026-09-03,oos,TRENDING,SHORT,0.964,3.0,C_broke_accepted,False,False,below_value,UP,0.977,1.9,0,,,,0.5499999999999545,2.94,-1.65,2.94,False,False,275.0,11.35,11.0,-0.5735,-0.05,0.8865,-0.4635,False,CONTINUATION
2026-09-03T16:50:00Z,NATURALGAS,2026-09-03,oos,TRENDING,LONG,0.912,2.0,C_broke_accepted,False,True,below_value,FLAT,1.0,0.5,4,,,,1.4300000000000068,1.54,-1.47,1.54,False,False,275.0,12.75,12.2,-0.7995,-0.0621,1.8225,-0.6775,False,CONTINUATION
2026-09-03T16:55:00Z,NATURALGAS,2026-09-03,oos,TRENDING,LONG,0.969,3.0,C_broke_accepted,False,True,below_value,FLAT,1.0,0.625,4,,,,0.9499999999999886,1.59,-1.16,1.59,False,False,275.0,13.45,13.25,-0.467,-0.0344,1.1155,-0.4345,False,CONTINUATION
2026-09-03T17:00:00Z,NATURALGAS,2026-09-03,oos,FAILED_BREAKOUT,LONG,0.907,2.0,C_broke_accepted,False,True,below_value,FLAT,1.0,0.925,4,,,,0.8299999999999841,0.84,-1.08,0.84,False,False,280.0,11.5,11.7,-0.032,-0.0028,0.585,-0.215,False,CONTINUATION
2026-09-03T17:10:00Z,NATURALGAS,2026-09-03,oos,FAILED_BREAKOUT,SHORT,0.945,2.8,C_broke_accepted,False,False,below_value,FLAT,1.0,1.25,2,,,,0.339999999999975,0.29,-2.05,0.29,False,False,285.0,15.0,14.8,-0.498,-0.0329,0.0,-0.65,False,CONTINUATION
2026-09-03T17:35:00Z,NATURALGAS,2026-09-03,oos,FAILED_BREAKOUT,SHORT,0.947,2.33,C_broke_accepted,False,True,below_value,FLAT,1.098,0.75,3,,,,0.839999999999975,1.66,-0.59,1.66,False,False,280.0,12.8,13.6,0.536,0.0415,0.672,-0.178,False,CONTINUATION
2026-09-04T06:50:00Z,NATURALGAS,2026-09-04,oos,FAILED_BREAKOUT,LONG,0.975,2.33,C_broke_accepted,False,True,below_value,UP,1.261,0.792,1,,,,0.5199999999999818,4.03,-1.15,4.03,True,False,275.0,12.3,13.0,0.447,0.036,0.777,-0.123,False,CONTINUATION
2026-09-04T06:55:00Z,NATURALGAS,2026-09-04,oos,FAILED_BREAKOUT,LONG,0.951,2.0,C_broke_accepted,False,True,below_value,UP,1.261,0.625,1,,,,0.5200000000000387,1.74,-1.54,1.74,False,False,275.0,12.55,12.45,-0.35,-0.0276,0.5245,-0.2255,False,CONTINUATION
2026-09-04T12:10:00Z,NATURALGAS,2026-09-04,oos,FAILED_BREAKOUT,LONG,0.99,3.5,C_broke_accepted,False,True,near_POC,UP,1.0,0.844,3,,,,2.1399999999999864,1.45,-0.65,1.45,False,False,275.0,12.8,13.8,0.734,0.0568,2.622,-0.228,False,CONTINUATION
2026-09-04T12:15:00Z,NATURALGAS,2026-09-04,oos,FAILED_BREAKOUT,LONG,1.0,5.25,C_broke_accepted,False,True,above_value,FLAT,1.0,0.938,4,,,,0.45999999999997954,6.26,-1.51,6.26,True,True,280.0,11.35,12.75,1.159,0.1011,1.2865,-0.0635,False,CONTINUATION
2026-09-04T12:20:00Z,NATURALGAS,2026-09-04,oos,TRENDING,LONG,0.943,2.25,C_broke_accepted,False,True,above_value,FLAT,1.0,1.031,3,,,,0.8299999999999841,2.42,-1.21,2.42,False,False,280.0,11.5,11.9,0.166,0.0143,1.285,-0.015,False,CONTINUATION
2026-09-04T12:25:00Z,NATURALGAS,2026-09-04,oos,TRENDING,LONG,0.944,2.75,C_broke_accepted,True,True,above_value,FLAT,1.0,1.25,2,,,,1.5299999999999727,0.07,-1.44,0.07,False,False,280.0,12.75,11.75,-1.245,-0.0967,0.0225,-1.1275,False,TRAP
2026-09-04T12:40:00Z,NATURALGAS,2026-09-04,oos,FAILED_BREAKDOWN,LONG,0.918,2.5,C_broke_accepted,False,True,above_value,UP,1.127,2.0,2,,,,0.2300000000000182,1.74,-1.3,1.74,False,False,280.0,11.9,11.65,-0.4855,-0.0404,-0.019,-0.369,False,CONTINUATION
2026-09-04T13:15:00Z,NATURALGAS,2026-09-04,oos,FAILED_BREAKOUT,LONG,0.94,3.0,C_broke_accepted,False,True,above_value,FLAT,1.187,0.906,3,,,,0.13999999999998636,0.0,-5.15,0.0,False,False,280.0,11.75,11.75,-0.235,-0.0198,0.1825,-0.4175,False,CONTINUATION
2026-09-04T13:35:00Z,NATURALGAS,2026-09-04,oos,FAILED_BREAKOUT,SHORT,0.967,3.75,C_broke_accepted,False,True,above_value,FLAT,1.187,0.594,4,,,,0.7400000000000091,0.0,-1.61,0.0,False,False,280.0,12.1,12.05,-0.2915,-0.0239,0.229,-0.321,False,CONTINUATION
2026-09-04T14:25:00Z,NATURALGAS,2026-09-04,oos,FAILED_BREAKOUT,LONG,0.977,4.25,C_broke_accepted,False,True,above_value,FLAT,1.143,0.594,4,,,,0.25,1.2,-1.99,1.2,False,False,280.0,12.35,12.15,-0.445,-0.0357,0.1265,-0.4235,False,CONTINUATION
2026-09-04T16:20:00Z,NATURALGAS,2026-09-04,oos,FAILED_BREAKDOWN,SHORT,0.909,2.0,C_broke_accepted,False,True,above_value,FLAT,1.235,0.4,3,,,,0.22999999999996135,1.3,-1.74,1.3,False,False,280.0,11.8,11.55,-0.4835,-0.0406,0.082,-0.368,False,CONTINUATION
2026-07-13T10:10:00,CRUDEOIL,2026-07-13,train,OPENING_DRIVE,LONG,0.917,2.0,C_broke_accepted,False,True,NA,,,0.333,3,6.27,1.62,-6900,4.359999999999673,0.69,-1.38,0.69,False,False,7150.0,175.3,180.7,1.84,0.0104,3.747,-1.253,False,CONTINUATION
2026-07-13T11:10:00,CRUDEOIL,2026-07-13,train,TRENDING,LONG,1.0,3.33,C_broke_accepted,True,False,above_value,UP,1.151,0.688,2,4.23,0.63,1700,0.6000000000003638,0.0,-26.67,0.0,False,False,7200.0,178.0,175.0,-6.53,-0.0363,12.62,-7.28,False,TRAP
2026-07-13T11:45:00,CRUDEOIL,2026-07-13,train,FAILED_BREAKOUT,SHORT,0.935,2.0,C_broke_accepted,False,False,near_POC,DOWN,1.565,0.946,1,0.74,0.95,1900,6.420000000000073,0.0,-1.4,0.0,False,False,7150.0,190.1,189.3,-4.594,-0.0239,-0.201,-5.001,False,CONTINUATION
2026-07-13T12:40:00,CRUDEOIL,2026-07-13,train,FAILED_BREAKOUT,SHORT,1.0,3.47,B_swept_returned,True,False,below_value,DOWN,1.185,0.533,2,0.97,0.59,1400,22.779999999999745,5.4,-1.54,5.4,True,True,7100.0,172.2,208.3,32.295,0.1857,36.378,2.178,False,TRAP
2026-07-13T13:00:00,CRUDEOIL,2026-07-13,train,FAILED_BREAKOUT,SHORT,0.935,1.87,C_broke_accepted,False,True,below_value,UP,1.245,0.467,3,0.88,1.57,-4200,12.420000000000073,1.21,-1.45,1.21,False,False,7100.0,172.2,178.1,2.397,0.0138,17.878,2.178,False,CONTINUATION
2026-07-13T13:30:00,CRUDEOIL,2026-07-13,train,FAILED_BREAKOUT,SHORT,1.0,4.5,C_broke_accepted,False,True,below_value,DOWN,1.072,0.812,4,1.55,2.54,-5300,15.079999999999927,5.97,-1.33,5.97,True,True,7050.0,165.3,193.7,24.81,0.1486,30.947,-0.953,False,CONTINUATION
2026-07-13T13:35:00,CRUDEOIL,2026-07-13,train,FAILED_BREAKOUT,SHORT,0.906,1.75,C_broke_accepted,False,True,below_value,DOWN,1.072,0.938,5,2.02,2.39,3100,16.420000000000073,4.57,-1.46,4.57,True,False,7050.0,173.2,193.7,16.831,0.0962,22.968,-3.332,False,CONTINUATION
2026-07-13T13:40:00,CRUDEOIL,2026-07-13,train,FAILED_BREAKOUT,SHORT,0.944,2.38,C_broke_accepted,False,True,below_value,UP,1.082,1.094,4,1.93,1.21,2000,18.56999999999971,0.32,-1.51,0.32,False,False,7050.0,179.4,197.9,14.727,0.0813,16.706,-4.294,False,CONTINUATION
2026-07-13T13:45:00,CRUDEOIL,2026-07-13,train,TRENDING,SHORT,0.945,2.38,A_broke,False,False,below_value,UP,1.082,1.078,3,1.67,1.51,-4900,0.569999999999709,42.11,-17.54,42.11,True,True,7050.0,192.4,197.9,1.597,0.0082,3.576,-17.424,False,CONTINUATION
2026-07-13T14:15:00,CRUDEOIL,2026-07-13,train,FAILED_BREAKOUT,SHORT,0.951,2.22,C_broke_accepted,False,True,below_value,DOWN,1.214,0.806,4,1.21,0.65,2100,17.600000000000364,0.4,-1.25,0.4,False,False,7000.0,164.6,173.7,5.717,0.0344,12.254,-1.446,False,CONTINUATION
2026-07-13T15:30:00,CRUDEOIL,2026-07-13,train,FAILED_BREAKOUT,LONG,0.947,2.2,A_broke,False,False,below_value,DOWN,1.418,0.588,1,4.43,3.81,44100,0.6599999999998545,610.61,0.0,610.61,True,True,7000.0,195.3,190.0,-9.153,-0.0464,-1.253,-7.253,False,CONTINUATION
2026-07-13T15:40:00,CRUDEOIL,2026-07-13,train,FAILED_BREAKOUT,LONG,0.936,2.1,A_broke,False,False,inside_value,FLAT,1.722,0.85,1,2.53,1.25,69100,4.630000000000109,1.73,-2.16,1.73,False,False,7050.0,183.0,183.7,-2.967,-0.0161,-1.13,-9.83,False,CONTINUATION
2026-07-13T17:40:00,CRUDEOIL,2026-07-13,train,FAILED_BREAKOUT,LONG,1.0,3.7,C_broke_accepted,False,False,inside_value,FLAT,0.92,0.225,5,1.4,3.32,-32400,1.1099999999996726,42.34,-4.5,42.34,True,True,7100.0,175.8,171.8,-7.476,-0.0421,-0.958,-5.958,False,CONTINUATION
2026-07-13T19:20:00,CRUDEOIL,2026-07-13,train,FAILED_BREAKOUT,SHORT,0.942,2.27,C_broke_accepted,False,True,near_POC,FLAT,1.05,0.705,1,0.57,0.88,20500,20.75,0.77,-1.11,0.77,False,False,7100.0,175.7,176.1,-3.118,-0.0176,16.943,-4.757,False,CONTINUATION
2026-07-13T19:35:00,CRUDEOIL,2026-07-13,train,FAILED_BREAKOUT,LONG,0.952,2.36,C_broke_accepted,False,True,near_POC,FLAT,0.952,0.568,1,1.37,1.28,78600,1.7799999999997453,48.88,-3.37,48.88,True,True,7050.0,183.5,249.0,61.175,0.3301,63.665,-3.035,False,CONTINUATION
2026-07-13T19:55:00,CRUDEOIL,2026-07-13,train,FAILED_BREAKDOWN,LONG,0.961,3.0,A_broke,True,False,above_value,FLAT,0.952,1.659,2,1.28,1.42,-43100,0.9899999999997817,13.13,-2.02,13.13,True,True,7150.0,190.0,182.0,-11.72,-0.0611,-6.8,-16.4,False,TRAP
2026-07-13T22:15:00,CRUDEOIL,2026-07-13,train,FAILED_BREAKDOWN,LONG,0.962,2.67,C_broke_accepted,False,True,above_value,UP,1.033,0.385,2,3.18,1.36,8700,17.960000000000036,1.17,-1.89,1.17,False,False,7200.0,201.1,204.1,-1.052,-0.0052,43.089,0.989,False,CONTINUATION
2026-07-13T22:40:00,CRUDEOIL,2026-07-13,train,FAILED_BREAKDOWN,LONG,0.938,2.25,C_broke_accepted,False,True,above_value,DOWN,1.079,0.99,1,1.73,0.98,18500,3.8100000000004,40.94,0.0,40.94,True,True,7250.0,203.6,212.6,4.838,0.0235,7.364,-3.436,False,CONTINUATION
2026-07-13T23:15:00,CRUDEOIL,2026-07-13,train,TRENDING,LONG,0.94,2.25,C_broke_accepted,False,True,above_value,UP,1.062,1.26,0,2.86,1.35,-1200,32.8100000000004,0.49,-0.12,0.49,False,False,7350.0,220.7,257.9,32.414,0.1454,34.993,11.693,False,NEUTRAL
2026-07-14T11:05:00,CRUDEOIL,2026-07-14,train,OPENING_DRIVE,SHORT,0.96,2.83,C_broke_accepted,False,True,below_value,DOWN,0.92,0.615,3,1.5,3.94,2300,14.020000000000437,0.43,-2.21,0.43,False,False,7650.0,257.2,247.2,-15.044,-0.0579,4.328,-13.072,False,CONTINUATION
2026-07-14T11:20:00,CRUDEOIL,2026-07-14,train,TRENDING,LONG,0.929,1.85,C_broke_accepted,False,True,below_value,DOWN,1.098,0.933,1,0.85,0.67,17000,13.720000000000255,13.85,-1.9,13.85,True,True,7600.0,240.5,259.7,14.198,0.0585,23.095,-0.905,False,CONTINUATION
2026-07-14T11:50:00,CRUDEOIL,2026-07-14,train,FAILED_BREAKDOWN,LONG,1.0,2.92,C_broke_accepted,False,True,inside_value,UP,1.137,0.827,1,2.13,1.13,1900,35.14000000000033,3.13,-1.25,3.13,True,False,7650.0,247.8,316.2,62.76,0.2508,89.722,-3.278,False,CONTINUATION
2026-07-14T11:55:00,CRUDEOIL,2026-07-14,train,FAILED_BREAKDOWN,LONG,0.943,2.62,A_broke,False,False,above_value,UP,1.137,0.942,2,2.5,2.23,11900,6.020000000000437,21.1,-4.49,21.1,True,True,7700.0,243.9,233.5,-15.174,-0.0616,-6.039,-17.739,False,CONTINUATION
2026-07-14T12:30:00,CRUDEOIL,2026-07-14,train,TRENDING,SHORT,0.905,2.15,C_broke_accepted,True,False,above_value,UP,1.553,1.0,4,0.64,0.75,6800,0.8400000000001455,14.29,-20.24,14.29,True,True,7750.0,257.0,263.1,0.899,0.0035,8.43,-8.47,False,NEUTRAL
2026-07-14T13:00:00,CRUDEOIL,2026-07-14,train,TRENDING,LONG,1.0,2.76,A_broke,False,False,above_value,DOWN,1.797,0.457,3,3.86,2.13,-4300,3.199999999999818,7.81,-2.5,7.81,True,True,7750.0,263.0,252.4,-15.754,-0.0593,-4.83,-14.63,False,NEUTRAL
2026-07-14T13:15:00,CRUDEOIL,2026-07-14,train,TRENDING,SHORT,0.902,2.0,C_broke_accepted,True,True,above_value,DOWN,1.707,0.767,5,0.38,0.8,11600,26.899999999999636,0.0,-1.45,0.0,False,False,7750.0,244.9,245.0,-4.799,-0.0194,14.851,-3.649,False,TRAP
2026-07-14T13:30:00,CRUDEOIL,2026-07-14,train,FAILED_BREAKDOWN,LONG,0.981,2.6,C_broke_accepted,True,True,above_value,DOWN,1.324,0.608,5,2.47,1.11,12800,3.1700000000000728,1.58,-11.67,1.58,False,False,7750.0,262.7,254.4,-13.471,-0.0508,9.173,-15.227,False,TRAP
2026-07-14T13:40:00,CRUDEOIL,2026-07-14,train,TRENDING,SHORT,1.0,2.8,C_broke_accepted,False,True,above_value,DOWN,1.324,0.667,3,0.81,0.85,-6900,26.26000000000022,0.76,-1.07,0.76,False,False,7800.0,271.6,278.1,1.003,0.0037,26.084,-1.416,False,CONTINUATION
2026-07-14T14:25:00,CRUDEOIL,2026-07-14,train,FAILED_BREAKDOWN,LONG,1.0,3.29,D_failed_immediately,True,False,above_value,FLAT,1.042,0.478,4,1.54,2.26,3800,1.680000000000291,7.14,-21.43,7.14,True,True,7800.0,248.6,237.0,-16.456,-0.0655,8.114,-14.086,False,TRAP
2026-07-14T14:35:00,CRUDEOIL,2026-07-14,train,TRENDING,SHORT,0.985,2.82,C_broke_accepted,False,True,above_value,UP,1.352,0.831,4,0.4,1.28,3600,46.4399999999996,0.22,-1.23,0.22,False,False,7800.0,264.7,265.0,-4.997,-0.0187,26.653,-8.947,False,CONTINUATION
2026-07-14T14:40:00,CRUDEOIL,2026-07-14,train,TRENDING,SHORT,0.971,2.65,C_broke_accepted,True,False,inside_value,UP,1.352,0.618,4,0.61,1.11,-1400,1.3500000000003638,0.0,-14.07,0.0,False,False,7750.0,256.0,239.2,-21.752,-0.0841,3.74,-19.36,False,TRAP
2026-07-14T17:15:00,CRUDEOIL,2026-07-14,train,FAILED_BREAKOUT,LONG,0.909,2.06,B_swept_returned,True,False,inside_value,FLAT,0.929,0.919,1,1.2,0.77,86600,91.05000000000018,0.11,-1.03,0.11,False,False,7700.0,206.1,202.1,-8.082,-0.0388,46.939,-19.561,False,TRAP
2026-07-14T18:50:00,CRUDEOIL,2026-07-14,train,FAILED_BREAKDOWN,SHORT,0.99,3.0,A_broke,False,False,inside_value,FLAT,0.962,0.794,3,1.16,0.25,54900,10.529999999999745,0.0,-3.23,0.0,False,False,7750.0,235.8,213.2,-27.09,-0.1137,-7.858,-26.458,False,CONTINUATION
2026-07-14T19:10:00,CRUDEOIL,2026-07-14,train,FAILED_BREAKOUT,SHORT,0.917,2.24,C_broke_accepted,True,False,near_POC,FLAT,1.0,0.713,3,0.98,0.96,79500,36.14000000000033,4.76,-0.77,4.76,True,False,7700.0,201.8,263.0,56.552,0.2775,70.182,-4.918,False,TRAP
2026-07-14T20:00:00,CRUDEOIL,2026-07-14,train,FAILED_BREAKOUT,SHORT,0.95,2.21,C_broke_accepted,False,True,below_value,FLAT,1.0,0.454,2,1.54,2.04,-20900,20.26000000000022,0.0,-1.18,0.0,False,False,7650.0,221.1,204.8,-20.559,-0.0921,-3.211,-18.511,False,CONTINUATION
2026-07-14T20:30:00,CRUDEOIL,2026-07-14,train,FAILED_BREAKOUT,SHORT,1.0,3.0,C_broke_accepted,True,True,below_value,FLAT,1.043,0.717,2,2.12,2.09,-8000,32.710000000000036,0.12,-1.47,0.12,False,False,7550.0,191.2,187.2,-7.784,-0.0403,26.088,-5.912,False,NEUTRAL
2026-07-14T20:40:00,CRUDEOIL,2026-07-14,train,FAILED_BREAKOUT,LONG,0.984,2.74,C_broke_accepted,False,False,below_value,UP,1.041,0.967,2,0.62,1.25,-1900,11.5600000000004,1.99,-1.38,1.99,False,False,7550.0,190.4,190.0,-4.204,-0.0219,17.496,-2.304,False,CONTINUATION
2026-07-14T21:00:00,CRUDEOIL,2026-07-14,train,FAILED_BREAKOUT,LONG,1.0,3.32,C_broke_accepted,False,True,below_value,UP,1.007,0.789,2,1.48,1.21,6100,19.890000000000327,1.36,-2.77,1.36,False,False,7600.0,213.2,186.7,-30.499,-0.1416,17.868,-30.432,False,CONTINUATION
2026-07-14T23:15:00,CRUDEOIL,2026-07-14,train,FAILED_BREAKOUT,SHORT,0.93,2.16,C_broke_accepted,False,False,below_value,FLAT,1.048,0.263,5,2.23,1.81,21000,1.2299999999995634,4.88,-2.44,4.88,True,False,7600.0,201.0,193.3,-11.643,-0.0574,3.39,-9.71,False,NEUTRAL
2026-07-15T18:35:00,CRUDEOIL,2026-07-15,train,OPENING_DRIVE,LONG,0.952,1.86,D_failed_immediately,False,True,near_POC,FLAT,0.941,0.277,2,1.02,1.86,19700,13.779999999999745,1.74,-1.09,1.74,False,False,7700.0,132.4,140.5,5.371,0.0402,29.676,6.276,False,NEUTRAL
2026-07-15T19:25:00,CRUDEOIL,2026-07-15,train,OPENING_DRIVE,SHORT,1.0,3.14,A_broke,False,False,inside_value,FLAT,1.067,0.482,2,1.04,2.68,30400,5.319999999999709,27.44,-0.56,27.44,True,True,7700.0,131.2,133.2,-0.644,-0.0049,3.188,-8.312,False,CONTINUATION
2026-07-15T20:15:00,CRUDEOIL,2026-07-15,train,OPENING_DRIVE,SHORT,0.952,1.93,C_broke_accepted,False,True,below_value,DOWN,1.077,0.58,1,2.02,0.77,-4500,11.8100000000004,1.27,-1.1,1.27,False,False,7650.0,139.1,149.3,7.316,0.0521,22.709,5.209,False,CONTINUATION
2026-07-15T20:50:00,CRUDEOIL,2026-07-15,train,TRENDING,SHORT,0.922,1.79,C_broke_accepted,True,True,below_value,UP,1.131,0.661,4,1.99,0.94,83500,8.75,0.46,-1.94,0.46,False,False,7600.0,133.9,144.3,7.618,0.0563,15.761,0.561,False,NEUTRAL
2026-07-15T21:50:00,CRUDEOIL,2026-07-15,train,FAILED_BREAKOUT,LONG,0.951,2.0,C_broke_accepted,False,False,below_value,FLAT,1.143,0.58,0,1.71,0.91,-54400,3.8400000000001455,11.72,-4.17,11.72,True,True,7650.0,121.0,117.5,-5.885,-0.0482,-0.71,-9.51,False,CONTINUATION
2026-07-15T22:20:00,CRUDEOIL,2026-07-15,train,FAILED_BREAKOUT,LONG,0.926,1.86,C_broke_accepted,True,False,inside_value,FLAT,1.125,0.446,3,0.8,1.49,34900,0.7799999999997453,0.0,-33.33,0.0,False,False,7650.0,127.3,108.0,-21.653,-0.1684,4.227,-20.573,False,TRAP
2026-07-15T22:55:00,CRUDEOIL,2026-07-15,train,FAILED_BREAKOUT,SHORT,0.913,1.79,C_broke_accepted,True,False,below_value,FLAT,1.0,0.545,4,1.98,1.03,53400,0.75,4.0,-17.33,4.0,True,False,7600.0,102.7,100.0,-4.727,-0.0456,9.673,-6.327,False,NEUTRAL
2026-07-16T10:25:00,CRUDEOIL,2026-07-16,train,OPENING_DRIVE,LONG,1.0,2.33,A_broke,False,False,inside_value,,,0.542,2,1.17,0.98,4600,3.4200000000000728,0.0,-2.34,0.0,False,False,7650.0,93.6,92.4,-3.06,-0.0324,-0.136,-4.336,False,NEUTRAL
2026-07-16T11:05:00,CRUDEOIL,2026-07-16,train,OPENING_DRIVE,LONG,1.0,2.33,C_broke_accepted,False,False,inside_value,FLAT,1.0,0.646,2,0.86,1.37,-2500,0.42000000000007276,4.76,-14.29,4.76,True,False,7650.0,89.5,85.3,-5.948,-0.0658,1.105,-6.195,False,CONTINUATION
2026-07-16T11:50:00,CRUDEOIL,2026-07-16,train,OPENING_DRIVE,LONG,0.909,1.88,C_broke_accepted,True,False,above_value,DOWN,1.016,0.594,3,2.09,0.81,-400,0.4499999999998181,22.22,-35.56,22.22,True,True,7650.0,96.1,94.4,-3.605,-0.0371,0.939,-3.961,False,TRAP
2026-07-16T12:35:00,CRUDEOIL,2026-07-16,train,OPENING_DRIVE,SHORT,0.929,1.88,C_broke_accepted,False,True,inside_value,FLAT,1.0,0.516,2,0.98,1.02,11300,16.449999999999818,0.06,-2.43,0.06,False,False,7650.0,77.3,67.0,-11.743,-0.1504,10.227,-12.073,False,CONTINUATION
2026-07-16T14:30:00,CRUDEOIL,2026-07-16,train,FAILED_BREAKOUT,SHORT,0.938,1.89,C_broke_accepted,False,False,below_value,FLAT,1.0,0.375,4,0.88,2.08,6500,0.5100000000002183,49.02,-3.92,49.02,True,True,7650.0,81.7,93.5,10.048,0.1218,12.883,-3.517,False,CONTINUATION
2026-07-16T15:05:00,CRUDEOIL,2026-07-16,train,FAILED_BREAKOUT,LONG,0.903,1.8,C_broke_accepted,False,True,inside_value,UP,1.174,0.725,5,1.45,1.0,26100,8.539999999999964,1.17,-1.05,1.17,False,False,7650.0,78.2,83.0,3.188,0.0404,12.218,-0.582,False,CONTINUATION
2026-07-16T17:20:00,CRUDEOIL,2026-07-16,train,FAILED_BREAKOUT,LONG,0.929,2.0,A_broke,False,False,above_value,FLAT,1.0,0.333,1,1.35,2.59,78300,0.5399999999999636,211.11,-18.52,211.11,True,True,7700.0,57.0,49.4,-8.664,-0.1505,2.43,-8.17,False,CONTINUATION
2026-07-16T18:00:00,CRUDEOIL,2026-07-16,train,TRENDING,LONG,1.0,2.7,C_broke_accepted,False,True,above_value,UP,0.987,1.125,1,1.27,1.62,37400,6.8100000000004,1.32,-3.82,1.32,False,False,7700.0,106.9,100.8,-8.177,-0.0757,9.531,-14.969,False,CONTINUATION
2026-07-16T18:15:00,CRUDEOIL,2026-07-16,train,TRENDING,SHORT,1.0,3.5,A_broke,True,False,above_value,UP,1.115,0.863,0,1.05,0.78,39200,6.050000000000182,0.0,-1.82,0.0,False,False,7750.0,64.8,58.0,-8.028,-0.1227,-1.148,-7.748,False,TRAP
2026-07-16T18:55:00,CRUDEOIL,2026-07-16,train,TRENDING,SHORT,0.949,2.0,C_broke_accepted,False,False,above_value,UP,0.979,0.662,3,1.08,1.16,56600,0.6000000000003638,33.33,-3.33,33.33,True,True,7750.0,70.1,67.5,-3.976,-0.0562,3.199,-12.601,False,CONTINUATION
2026-07-16T19:00:00,CRUDEOIL,2026-07-16,train,FAILED_BREAKOUT,LONG,0.983,2.7,C_broke_accepted,False,False,above_value,UP,1.108,0.825,3,1.02,2.19,13300,0.8100000000004002,3.7,-17.28,3.7,True,False,7650.0,120.9,95.6,-27.465,-0.2249,0.391,-26.509,False,CONTINUATION
2026-07-16T19:05:00,CRUDEOIL,2026-07-16,train,TRENDING,SHORT,0.95,2.2,C_broke_accepted,False,True,above_value,UP,1.108,0.95,4,0.92,1.6,35200,17.659999999999854,1.3,-1.36,1.3,False,False,7750.0,67.5,61.8,-6.993,-0.1026,17.325,-8.075,False,CONTINUATION
2026-07-16T19:30:00,CRUDEOIL,2026-07-16,train,FAILED_BREAKOUT,SHORT,0.96,2.36,C_broke_accepted,True,False,above_value,FLAT,1.143,0.636,3,1.26,1.1,76000,0.7799999999997453,3.85,-7.69,3.85,True,False,7700.0,52.0,42.1,-10.841,-0.2064,1.98,-10.42,False,TRAP
2026-07-16T21:30:00,CRUDEOIL,2026-07-16,train,FAILED_BREAKOUT,LONG,0.946,2.18,C_broke_accepted,True,False,inside_value,FLAT,0.917,0.455,2,1.58,0.92,-126400,1.7200000000002547,1.74,-11.05,1.74,False,False,7650.0,54.3,36.5,-18.708,-0.3411,2.157,-18.643,False,TRAP
2026-07-16T22:45:00,CRUDEOIL,2026-07-16,train,FAILED_BREAKOUT,SHORT,0.939,2.18,C_broke_accepted,True,True,below_value,DOWN,1.112,0.682,2,1.91,1.19,16400,6.720000000000255,0.74,-2.53,0.74,False,False,7650.0,38.7,25.9,-13.446,-0.344,7.013,-15.887,False,TRAP
2026-07-16T23:00:00,CRUDEOIL,2026-07-16,train,FAILED_BREAKOUT,LONG,0.904,1.91,A_broke,True,False,below_value,DOWN,1.226,0.568,2,1.69,0.83,55200,0.6300000000001091,0.0,-38.1,0.0,False,False,7600.0,33.1,22.7,-10.958,-0.3278,0.769,-15.431,False,TRAP
2026-07-17T10:40:00,CRUDEOIL,2026-07-17,train,OPENING_DRIVE,SHORT,0.9,1.17,A_broke,False,False,below_value,,,0.417,1,0.74,1.58,700,0.21000000000003638,500.0,-33.33,500.0,True,True,7700.0,543.2,541.2,-12.844,-0.0234,-7.032,-7.632,False,CONTINUATION
2026-07-17T10:55:00,CRUDEOIL,2026-07-17,train,OPENING_DRIVE,SHORT,0.957,1.67,B_swept_returned,True,True,below_value,DOWN,0.826,0.438,3,0.34,2.35,-800,25.300000000000182,3.16,-1.26,3.16,True,False,7650.0,509.8,556.5,36.037,0.07,41.602,-5.098,False,TRAP
2026-07-17T11:00:00,CRUDEOIL,2026-07-17,train,OPENING_DRIVE,SHORT,0.958,1.67,C_broke_accepted,False,True,below_value,UP,1.257,0.583,3,0.47,2.21,600,7.300000000000182,10.96,-1.51,10.96,True,True,7700.0,545.8,551.3,-5.471,-0.0099,0.742,-4.558,False,CONTINUATION
2026-07-17T11:10:00,CRUDEOIL,2026-07-17,train,OPENING_DRIVE,SHORT,1.0,8.31,C_broke_accepted,False,True,below_value,UP,1.257,0.731,4,1.09,3.43,-400,11.61999999999989,0.0,-2.41,0.0,False,False,7650.0,539.4,538.3,-11.877,-0.0218,5.206,-6.494,False,CONTINUATION
2026-07-17T11:20:00,CRUDEOIL,2026-07-17,train,TRENDING,LONG,0.964,3.29,A_broke,True,False,below_value,UP,1.421,1.518,3,2.29,0.56,1400,2.6899999999996,0.37,-10.04,0.37,False,False,7600.0,514.4,494.2,-30.286,-0.0583,-11.044,-28.944,False,TRAP
2026-07-17T11:30:00,CRUDEOIL,2026-07-17,train,TRENDING,SHORT,0.967,4.0,C_broke_accepted,True,False,below_value,UP,1.268,1.482,4,0.78,0.56,600,7.8400000000001455,0.0,-3.95,0.0,False,False,7600.0,524.8,519.8,-15.446,-0.0291,4.352,-10.248,False,TRAP
2026-07-17T11:45:00,CRUDEOIL,2026-07-17,train,TRENDING,LONG,0.939,3.29,C_broke_accepted,False,False,below_value,DOWN,1.49,1.554,3,1.18,0.66,700,0.6899999999995998,520.29,0.0,520.29,True,True,7600.0,505.4,500.0,-15.454,-0.0303,-4.354,-11.754,False,CONTINUATION
2026-07-17T11:55:00,CRUDEOIL,2026-07-17,train,TRENDING,LONG,0.943,3.86,A_broke,False,False,below_value,DOWN,1.49,0.964,3,6.67,0.54,-200,6.8100000000004,49.63,0.0,49.63,True,True,7600.0,513.3,511.7,-11.85,-0.0229,-6.033,-9.033,False,CONTINUATION
2026-07-17T12:05:00,CRUDEOIL,2026-07-17,train,FAILED_BREAKOUT,LONG,0.973,4.0,C_broke_accepted,False,False,below_value,DOWN,1.812,0.946,4,4.88,1.67,-800,0.8400000000001455,4.76,-5.95,4.76,True,False,7650.0,512.3,500.8,-21.631,-0.0418,-4.323,-16.623,False,CONTINUATION
2026-07-17T13:50:00,CRUDEOIL,2026-07-17,train,FAILED_BREAKOUT,LONG,0.983,4.0,C_broke_accepted,False,True,inside_value,FLAT,1.0,0.767,4,4.79,0.73,100,6.899999999999636,0.72,-1.16,0.72,False,False,7650.0,507.8,517.9,-0.157,-0.0003,9.122,-3.378,False,CONTINUATION
2026-07-17T17:05:00,CRUDEOIL,2026-07-17,train,FAILED_BREAKDOWN,SHORT,0.948,2.4,C_broke_accepted,True,True,above_value,UP,1.331,0.438,4,1.08,1.24,1500,2.7200000000002547,2.21,-1.47,2.21,False,False,7750.0,558.8,554.5,-15.433,-0.0273,-5.788,-10.188,False,TRAP
2026-07-17T18:30:00,CRUDEOIL,2026-07-17,train,FAILED_BREAKDOWN,LONG,1.0,5.4,A_broke,False,False,above_value,DOWN,1.003,0.487,2,67.25,4.99,-1100,1.6199999999998909,11.73,-1.85,11.73,True,True,7800.0,571.0,567.4,-14.984,-0.026,-1.71,-19.61,False,NEUTRAL
2026-07-17T18:40:00,CRUDEOIL,2026-07-17,train,TRENDING,LONG,0.914,2.2,A_broke,False,True,above_value,DOWN,1.003,1.062,2,6.8,1.52,2700,10.659999999999854,1.78,-1.69,1.78,False,False,7750.0,587.0,568.7,-29.857,-0.0504,1.33,-24.17,False,CONTINUATION
2026-07-17T19:10:00,CRUDEOIL,2026-07-17,train,TRENDING,LONG,0.984,2.86,E_open_space,False,True,above_value,DOWN,1.035,0.786,6,3.76,1.48,2200,4.899999999999636,4.69,-2.24,4.69,True,False,7850.0,545.1,560.6,4.443,0.0081,11.349,-2.751,False,NEUTRAL
2026-07-17T19:35:00,CRUDEOIL,2026-07-17,train,TRENDING,SHORT,0.984,3.09,B_swept_returned,True,False,above_value,DOWN,0.96,0.682,2,0.47,1.15,3000,20.020000000000437,5.29,-2.25,5.29,True,True,7850.0,569.5,584.6,3.559,0.0062,9.405,-4.295,False,TRAP
2026-07-17T20:30:00,CRUDEOIL,2026-07-17,train,FAILED_BREAKDOWN,SHORT,0.92,2.09,C_broke_accepted,True,False,inside_value,FLAT,1.0,0.807,3,1.15,2.53,2300,11.6899999999996,1.8,-2.74,1.8,False,False,7800.0,566.3,560.0,-17.563,-0.0307,2.037,-18.263,False,TRAP
2026-07-17T20:40:00,CRUDEOIL,2026-07-17,train,FAILED_BREAKOUT,LONG,0.921,2.09,D_failed_immediately,False,True,inside_value,FLAT,1.0,0.909,3,0.77,1.1,6400,9.6899999999996,1.55,-1.34,1.55,False,False,7750.0,523.4,546.5,12.401,0.0235,17.866,1.766,False,NEUTRAL
2026-07-17T20:50:00,CRUDEOIL,2026-07-17,train,FAILED_BREAKOUT,LONG,0.965,2.55,C_broke_accepted,False,True,above_value,FLAT,1.033,1.057,3,1.2,0.83,4100,7.8400000000001455,18.24,-0.51,18.24,True,True,7800.0,526.5,531.0,-6.075,-0.0114,3.635,-4.765,False,CONTINUATION
2026-07-17T21:35:00,CRUDEOIL,2026-07-17,train,TRENDING,LONG,0.954,2.42,C_broke_accepted,True,False,above_value,FLAT,1.0,0.979,4,3.45,3.27,-1200,0.8699999999998909,13.79,-8.05,13.79,True,True,7900.0,549.5,546.5,-13.96,-0.0252,2.605,-9.995,False,TRAP
2026-07-17T22:20:00,CRUDEOIL,2026-07-17,train,TRENDING,LONG,0.925,2.25,C_broke_accepted,True,False,above_value,UP,1.125,0.281,4,1.85,1.09,2100,3.8100000000004,0.0,-3.94,0.0,False,False,7900.0,549.8,540.5,-20.203,-0.0364,-0.798,-16.298,False,NEUTRAL
2026-07-17T23:10:00,CRUDEOIL,2026-07-17,train,TRENDING,LONG,0.918,2.0,A_broke,True,False,above_value,DOWN,1.102,0.562,0,21.8,0.8,0,5.720000000000255,1.4,-1.22,1.4,False,False,7950.0,539.4,532.0,-18.114,-0.0332,-4.294,-13.794,False,TRAP
2026-07-20T10:55:00,CRUDEOIL,2026-07-20,train,OPENING_DRIVE,LONG,0.957,2.25,B_swept_returned,True,False,inside_value,DOWN,1.115,0.391,4,2.2,3.69,100,21.539999999999964,1.9,-1.49,1.9,False,False,8150.0,549.2,540.3,-19.795,-0.0357,24.008,-14.392,False,TRAP
2026-07-20T11:10:00,CRUDEOIL,2026-07-20,train,OPENING_DRIVE,LONG,1.0,2.62,C_broke_accepted,False,True,inside_value,DOWN,1.01,0.406,2,3.43,0.66,-200,11.63000000000011,0.0,-1.38,0.0,False,False,8150.0,549.2,550.0,-10.192,-0.0184,0.808,-5.492,False,CONTINUATION
2026-07-20T12:10:00,CRUDEOIL,2026-07-20,train,TRENDING,SHORT,1.0,3.1,D_failed_immediately,True,True,above_value,DOWN,1.205,0.512,2,0.19,1.88,-200,11.930000000000291,0.34,-1.26,0.34,False,False,8150.0,590.1,583.0,-18.831,-0.0316,-5.901,-13.001,False,NEUTRAL
2026-07-20T12:50:00,CRUDEOIL,2026-07-20,train,TRENDING,SHORT,0.935,2.76,C_broke_accepted,False,True,near_POC,FLAT,1.235,0.476,4,0.47,1.22,-100,23.86999999999989,14.24,0.0,14.24,True,True,8150.0,603.8,627.0,10.892,0.0179,17.162,-6.038,False,CONTINUATION
2026-07-20T12:55:00,CRUDEOIL,2026-07-20,train,FAILED_BREAKOUT,SHORT,0.915,2.09,C_broke_accepted,False,True,below_value,FLAT,1.235,0.761,4,0.51,3.4,-500,18.6899999999996,16.96,-0.37,16.96,True,True,8100.0,583.2,593.3,-1.665,-0.0028,4.968,-4.732,False,CONTINUATION
2026-07-20T13:10:00,CRUDEOIL,2026-07-20,train,FAILED_BREAKOUT,SHORT,0.98,2.82,C_broke_accepted,False,False,below_value,UP,1.098,1.568,1,1.29,1.36,13900,11.930000000000291,22.55,0.0,22.55,True,True,8050.0,851.9,851.9,-17.038,-0.0198,-8.519,-8.519,False,CONTINUATION
2026-07-20T13:40:00,CRUDEOIL,2026-07-20,train,TRENDING,SHORT,0.964,2.87,C_broke_accepted,False,True,below_value,UP,1.355,1.413,2,0.3,0.92,-100,7.989999999999782,1.38,-1.75,1.38,False,False,7950.0,550.1,562.0,0.779,0.0014,6.399,-9.301,False,CONTINUATION
2026-07-20T16:30:00,CRUDEOIL,2026-07-20,train,TRENDING,SHORT,0.911,2.24,C_broke_accepted,True,False,below_value,FLAT,1.0,0.61,1,,2.08,-2700,0.8400000000001455,0.0,-16.67,0.0,False,False,7950.0,567.6,558.2,-20.658,-0.036,-5.776,-17.276,False,TRAP
2026-07-20T17:00:00,CRUDEOIL,2026-07-20,train,TRENDING,SHORT,1.0,5.83,C_broke_accepted,False,True,below_value,FLAT,1.0,0.521,2,1.29,11.16,300,34.100000000000364,0.38,-1.55,0.38,False,False,7850.0,564.8,549.9,-26.047,-0.0457,7.352,-20.548,False,CONTINUATION
2026-07-20T17:05:00,CRUDEOIL,2026-07-20,train,TRENDING,SHORT,0.959,2.67,C_broke_accepted,True,False,below_value,FLAT,1.0,1.698,2,,6.62,0,0.9600000000000364,0.0,-48.96,0.0,False,False,7800.0,544.0,521.8,-32.858,-0.0598,-0.44,-29.64,False,TRAP
2026-07-20T17:15:00,CRUDEOIL,2026-07-20,train,TRENDING,LONG,0.99,3.83,C_broke_accepted,False,False,below_value,UP,1.0,2.052,2,1.34,0.73,40400,1.3800000000001091,150.0,0.0,150.0,True,True,7750.0,520.5,515.6,-15.261,-0.029,0.395,-13.705,False,CONTINUATION
2026-07-20T17:30:00,CRUDEOIL,2026-07-20,train,TRENDING,LONG,1.0,7.26,C_broke_accepted,False,True,below_value,UP,1.035,1.741,3,,1.66,0,20.9399999999996,2.87,-1.62,2.87,False,False,7800.0,570.4,573.8,-8.042,-0.014,44.896,-10.104,False,CONTINUATION
2026-07-20T18:30:00,CRUDEOIL,2026-07-20,train,FAILED_BREAKOUT,SHORT,0.921,2.21,C_broke_accepted,False,False,inside_value,FLAT,0.966,0.518,4,0.41,1.14,2200,0.930000000000291,60.22,-4.3,60.22,True,True,7950.0,582.0,579.0,-14.61,-0.0249,-6.82,-11.32,False,CONTINUATION
2026-07-20T20:30:00,CRUDEOIL,2026-07-20,train,FAILED_BREAKOUT,SHORT,0.906,2.0,C_broke_accepted,False,True,near_POC,FLAT,1.0,0.633,1,0.49,1.45,6100,39.899999999999636,0.23,-1.4,0.23,False,False,7950.0,563.1,556.5,-17.796,-0.0313,12.269,-568.731,False,CONTINUATION
2026-07-20T20:35:00,CRUDEOIL,2026-07-20,train,FAILED_BREAKOUT,SHORT,0.964,2.6,A_broke,False,False,near_POC,FLAT,1.0,0.633,2,,1.1,-1200,18.170000000000073,0.11,-1.49,0.11,False,False,7950.0,577.0,563.0,-25.4,-0.0436,-2.47,-25.77,False,NEUTRAL
2026-07-21T11:00:00,CRUDEOIL,2026-07-21,train,OPENING_DRIVE,SHORT,1.0,2.6,B_swept_returned,True,True,inside_value,DOWN,1.265,0.75,2,0.22,1.43,100,24.390000000000327,0.82,-1.15,0.82,False,False,7950.0,529.9,533.5,-7.034,-0.0131,15.301,-3.099,False,NEUTRAL
2026-07-21T11:25:00,CRUDEOIL,2026-07-21,train,TRENDING,LONG,0.964,2.83,C_broke_accepted,False,False,below_value,FLAT,1.211,0.938,1,0.36,1.44,1700,0.5100000000002183,25.49,-13.73,25.49,True,True,7900.0,540.3,539.7,-11.4,-0.0209,-0.503,-7.903,False,CONTINUATION
2026-07-21T12:40:00,CRUDEOIL,2026-07-21,train,OPENING_DRIVE,LONG,1.0,2.75,C_broke_accepted,False,True,above_value,UP,1.167,0.75,1,2.47,0.99,-400,2.6599999999998545,11.65,-6.02,11.65,True,True,7950.0,553.1,563.0,-1.261,-0.0023,8.369,-2.231,False,CONTINUATION
2026-07-21T13:00:00,CRUDEOIL,2026-07-21,train,TRENDING,SHORT,1.0,5.88,C_broke_accepted,False,True,above_value,UP,1.016,1.188,0,0.93,1.41,-3300,9.409999999999854,9.56,-5.31,9.56,True,True,8000.0,562.0,573.0,-0.35,-0.0006,10.08,-1.82,False,CONTINUATION
2026-07-21T13:20:00,CRUDEOIL,2026-07-21,train,FAILED_BREAKOUT,SHORT,0.98,2.75,C_broke_accepted,False,True,below_value,UP,0.995,1.516,1,0.93,0.82,400,7.6599999999998545,6.01,-1.96,6.01,True,True,7900.0,525.6,538.4,2.16,0.0041,7.544,-6.556,False,CONTINUATION
2026-07-21T13:30:00,CRUDEOIL,2026-07-21,train,FAILED_BREAKOUT,SHORT,0.981,3.38,C_broke_accepted,False,True,below_value,DOWN,1.085,1.672,1,1.01,1.59,500,20.8100000000004,0.19,-1.44,0.19,False,False,7900.0,538.4,537.6,-11.56,-0.0213,4.216,-9.584,False,CONTINUATION
2026-07-21T13:35:00,CRUDEOIL,2026-07-21,train,FAILED_BREAKOUT,SHORT,0.907,2.35,A_broke,False,True,below_value,DOWN,1.085,1.882,0,1.98,3.02,-600,7.600000000000364,1.32,-1.32,1.32,False,False,7900.0,544.5,538.6,-16.731,-0.0304,-1.945,-11.945,False,CONTINUATION
2026-07-21T13:45:00,CRUDEOIL,2026-07-21,train,TRENDING,LONG,0.911,2.35,D_failed_immediately,False,True,below_value,DOWN,1.097,1.382,1,1.16,0.74,5900,4.600000000000364,68.26,-0.43,68.26,True,True,7900.0,516.9,525.0,-2.319,-0.0044,7.931,-0.069,False,NEUTRAL
2026-07-21T13:55:00,CRUDEOIL,2026-07-21,train,FAILED_BREAKOUT,LONG,0.983,3.0,C_broke_accepted,False,True,below_value,DOWN,1.097,1.056,1,0.51,1.1,-400,6.8100000000004,0.44,-1.91,0.44,False,False,7900.0,539.0,542.0,-7.81,-0.0143,3.51,-9.79,False,CONTINUATION
2026-07-21T14:15:00,CRUDEOIL,2026-07-21,train,FAILED_BREAKOUT,LONG,0.903,2.33,C_broke_accepted,True,True,inside_value,DOWN,1.12,0.847,1,2.09,0.73,900,9.63000000000011,0.1,-1.35,0.1,False,False,7900.0,549.0,552.0,-8.01,-0.0144,8.41,-8.79,False,NEUTRAL
2026-07-21T14:55:00,CRUDEOIL,2026-07-21,train,FAILED_BREAKOUT,LONG,0.986,3.9,C_broke_accepted,False,False,above_value,FLAT,1.0,0.525,2,2.17,4.08,-900,1.1700000000000728,54.7,-20.51,54.7,True,True,7950.0,569.0,556.0,-24.25,-0.0422,-2.19,-19.29,False,CONTINUATION
2026-07-21T15:05:00,CRUDEOIL,2026-07-21,train,FAILED_BREAKDOWN,LONG,0.958,2.86,C_broke_accepted,False,False,above_value,FLAT,1.0,1.179,2,1.34,1.58,-10300,6.899999999999636,3.77,-1.01,3.77,True,False,7950.0,572.3,583.8,-0.061,-0.0001,6.977,-13.923,False,CONTINUATION
2026-07-21T15:20:00,CRUDEOIL,2026-07-21,train,FAILED_BREAKDOWN,LONG,0.973,3.0,C_broke_accepted,False,True,above_value,FLAT,1.0,1.102,3,2.33,1.81,400,9.989999999999782,0.0,-2.2,0.0,False,False,8000.0,562.7,559.4,-14.521,-0.0256,4.573,-12.227,False,CONTINUATION
2026-07-21T15:40:00,CRUDEOIL,2026-07-21,train,FAILED_BREAKDOWN,SHORT,1.0,6.73,A_broke,False,False,above_value,DOWN,1.185,0.727,3,0.85,1.49,21800,2.2200000000002547,4.05,-2.25,4.05,True,False,8000.0,557.1,545.5,-22.626,-0.0402,-14.171,-18.971,False,NEUTRAL
2026-07-21T17:45:00,CRUDEOIL,2026-07-21,train,TRENDING,LONG,0.971,2.87,C_broke_accepted,False,False,above_value,DOWN,0.87,0.63,2,1.9,1.24,3800,0.9899999999997817,26.26,-1.01,26.26,True,True,8050.0,588.3,601.6,1.401,0.0024,7.417,-12.183,False,CONTINUATION
2026-07-21T17:55:00,CRUDEOIL,2026-07-21,train,TRENDING,LONG,0.934,2.25,B_swept_returned,True,False,above_value,DOWN,0.87,0.667,3,1.72,1.13,9100,12.8100000000004,0.0,-1.41,0.0,False,False,8100.0,574.9,573.3,-13.082,-0.0225,6.151,-7.349,False,NEUTRAL
2026-07-21T19:05:00,CRUDEOIL,2026-07-21,train,TRENDING,LONG,0.942,2.56,C_broke_accepted,True,True,above_value,DOWN,1.035,0.7,3,1.65,1.56,1800,24.960000000000036,0.0,-1.56,0.0,False,False,8150.0,597.3,589.3,-19.866,-0.0329,14.527,-13.973,False,NEUTRAL
2026-07-21T20:10:00,CRUDEOIL,2026-07-21,train,TRENDING,SHORT,0.91,2.0,C_broke_accepted,False,True,above_value,FLAT,1.045,0.654,3,0.62,0.83,3700,13.779999999999745,0.22,-1.23,0.22,False,False,8200.0,609.0,612.4,-8.814,-0.0143,4.91,-10.09,False,CONTINUATION
2026-07-21T20:25:00,CRUDEOIL,2026-07-21,train,TRENDING,LONG,0.978,2.77,C_broke_accepted,True,True,above_value,UP,1.068,0.663,2,1.3,0.88,3000,10.079999999999927,0.69,-1.39,0.69,False,False,8150.0,593.5,591.3,-14.048,-0.0234,4.565,-8.135,False,TRAP
2026-07-21T20:40:00,CRUDEOIL,2026-07-21,train,TRENDING,SHORT,0.921,2.08,C_broke_accepted,True,True,above_value,UP,1.066,0.663,2,0.96,0.84,4400,16.8100000000004,0.3,-1.25,0.3,False,False,8150.0,586.9,582.8,-15.797,-0.0266,4.631,-9.969,False,TRAP
2026-07-21T22:40:00,CRUDEOIL,2026-07-21,train,TRENDING,SHORT,0.939,2.21,A_broke,False,False,inside_value,FLAT,1.032,0.33,3,1.0,2.08,-200,0.930000000000291,10.75,-11.83,10.75,True,True,8150.0,577.4,569.9,-18.973,-0.0325,-6.574,-13.274,False,NEUTRAL
2026-07-22T11:05:00,CRUDEOIL,2026-07-22,train,TRENDING,SHORT,1.0,3.29,C_broke_accepted,False,True,inside_value,DOWN,1.485,0.375,2,1.17,1.66,700,6.690000000000509,1.35,-1.2,1.35,False,False,8250.0,582.1,584.0,-9.761,-0.0166,2.079,-4.121,False,CONTINUATION
2026-07-22T11:45:00,CRUDEOIL,2026-07-22,train,FAILED_BREAKOUT,LONG,1.0,8.0,C_broke_accepted,False,True,above_value,DOWN,0.914,0.625,2,2.14,2.67,700,17.68000000000029,14.37,-0.85,14.37,True,True,8250.0,608.8,635.0,13.762,0.0224,34.012,-5.688,False,CONTINUATION
2026-07-22T11:50:00,CRUDEOIL,2026-07-22,train,TRENDING,LONG,0.941,2.29,C_broke_accepted,False,True,above_value,DOWN,0.914,1.446,3,1.66,4.87,1600,1.4799999999995634,2.03,-3.38,2.03,False,False,8300.0,601.8,603.7,-10.155,-0.0167,-3.518,-8.118,False,CONTINUATION
2026-07-22T12:15:00,CRUDEOIL,2026-07-22,train,TRENDING,LONG,0.974,3.88,C_broke_accepted,False,False,above_value,UP,1.082,1.312,2,3.12,1.63,-700,0.930000000000291,262.37,-5.38,262.37,True,True,8350.0,599.4,592.0,-19.314,-0.0319,-0.394,-13.394,False,CONTINUATION
2026-07-22T12:30:00,CRUDEOIL,2026-07-22,train,TRENDING,LONG,0.952,3.75,C_broke_accepted,False,True,above_value,DOWN,1.135,0.766,3,5.14,1.68,1400,18.899999999999636,0.0,-1.27,0.0,False,False,8350.0,620.0,616.0,-16.36,-0.0261,0.9,-15.6,False,CONTINUATION
2026-07-22T13:00:00,CRUDEOIL,2026-07-22,train,TRENDING,LONG,0.938,2.67,C_broke_accepted,False,True,above_value,DOWN,1.594,0.889,2,3.09,1.97,-3800,59.719999999999345,1.67,-1.34,1.67,False,False,8400.0,625.8,622.7,-15.585,-0.0247,119.342,-9.358,False,CONTINUATION
2026-07-22T13:05:00,CRUDEOIL,2026-07-22,train,TRENDING,LONG,1.0,6.56,C_broke_accepted,False,False,above_value,DOWN,1.594,1.139,2,23.5,5.7,800,1.7700000000004366,13.56,-2.82,13.56,True,True,8400.0,665.0,668.9,-9.439,-0.0141,11.95,-2.75,False,CONTINUATION
2026-07-22T13:20:00,CRUDEOIL,2026-07-22,train,TRENDING,SHORT,0.923,3.22,C_broke_accepted,True,False,above_value,UP,2.233,1.931,1,0.07,0.6,300,34.8700000000008,0.66,-1.35,0.66,False,False,8500.0,638.9,643.9,-7.828,-0.0121,16.711,-3.589,False,TRAP
2026-07-22T13:25:00,CRUDEOIL,2026-07-22,train,TRENDING,LONG,0.943,3.33,A_broke,False,False,above_value,UP,2.233,1.944,1,1.59,0.78,5100,0.8999999999996362,3.33,-17.78,3.33,True,False,8300.0,720.0,682.1,-51.921,-0.0714,-18.4,-47.9,False,NEUTRAL
2026-07-22T15:05:00,CRUDEOIL,2026-07-22,train,TRENDING,SHORT,0.918,2.45,C_broke_accepted,True,True,above_value,UP,1.394,0.864,3,0.62,1.39,7600,13.80999999999949,0.0,-2.1,0.0,False,False,8550.0,670.0,666.5,-16.865,-0.0249,-6.5,-10.2,False,TRAP
2026-07-22T15:20:00,CRUDEOIL,2026-07-22,train,TRENDING,LONG,0.974,3.36,A_broke,True,False,above_value,UP,1.309,0.625,3,11.06,1.84,-1500,1.110000000000582,0.0,-23.42,0.0,False,False,8550.0,688.0,661.8,-39.698,-0.0571,-7.58,-35.18,False,TRAP
2026-07-22T15:45:00,CRUDEOIL,2026-07-22,train,TRENDING,SHORT,0.926,2.64,C_broke_accepted,False,True,above_value,UP,1.045,0.784,2,1.17,1.92,600,32.8700000000008,0.82,-1.61,0.82,False,False,8500.0,657.0,660.1,-10.071,-0.0152,20.73,-11.87,False,CONTINUATION
2026-07-22T15:50:00,CRUDEOIL,2026-07-22,train,TRENDING,SHORT,0.976,3.74,C_broke_accepted,False,True,inside_value,UP,1.045,1.163,1,1.54,2.92,1900,30.290000000000873,0.0,-1.49,0.0,False,False,8450.0,635.0,634.2,-13.492,-0.021,5.45,-13.55,False,CONTINUATION
2026-07-22T17:55:00,CRUDEOIL,2026-07-22,train,TRENDING,SHORT,0.953,2.75,C_broke_accepted,False,False,inside_value,UP,1.281,0.625,4,0.81,1.53,10200,4.989999999999782,3.81,-1.0,3.81,True,False,8400.0,626.7,627.0,-12.237,-0.0193,-4.967,-13.267,False,CONTINUATION
2026-07-22T18:15:00,CRUDEOIL,2026-07-22,train,FAILED_BREAKOUT,LONG,0.955,2.75,C_broke_accepted,True,False,near_POC,FLAT,1.0,0.927,5,1.72,0.87,1000,42.98999999999978,0.42,-1.05,0.42,False,False,8400.0,624.6,612.1,-24.867,-0.0394,29.154,-18.746,False,TRAP
2026-07-22T18:45:00,CRUDEOIL,2026-07-22,train,TRENDING,SHORT,0.957,2.85,C_broke_accepted,False,True,inside_value,FLAT,0.854,0.837,5,0.81,0.69,0,25.110000000000582,0.28,-1.91,0.28,False,False,8450.0,646.9,634.9,-24.818,-0.038,14.231,-18.469,False,CONTINUATION
2026-07-22T19:10:00,CRUDEOIL,2026-07-22,train,FAILED_BREAKOUT,LONG,0.943,2.59,A_broke,False,False,inside_value,FLAT,0.889,1.083,4,1.37,1.13,300,1.0499999999992724,4.76,-2.86,4.76,True,False,8350.0,628.0,611.7,-28.697,-0.0452,-7.28,-27.38,False,CONTINUATION
2026-07-22T19:25:00,CRUDEOIL,2026-07-22,train,FAILED_BREAKOUT,LONG,0.936,2.36,C_broke_accepted,True,True,inside_value,FLAT,0.886,0.812,5,1.21,0.7,-700,4.989999999999782,0.0,-2.81,0.0,False,False,8400.0,610.4,600.8,-21.712,-0.0352,-0.904,-15.704,False,NEUTRAL
2026-07-22T20:05:00,CRUDEOIL,2026-07-22,train,TRENDING,SHORT,0.91,2.46,C_broke_accepted,False,True,inside_value,FLAT,0.968,0.49,4,0.92,2.28,8300,17.959999999999127,0.17,-1.39,0.17,False,False,8400.0,602.0,600.0,-14.02,-0.0231,4.18,-8.02,False,CONTINUATION
2026-07-22T20:35:00,CRUDEOIL,2026-07-22,train,FAILED_BREAKOUT,LONG,0.964,2.79,C_broke_accepted,True,False,near_POC,FLAT,0.967,0.5,2,1.84,0.77,1800,6.170000000000073,0.32,-2.59,0.32,False,False,8400.0,616.0,600.9,-27.269,-0.0438,5.44,-21.26,False,TRAP
2026-07-23T10:00:00,CRUDEOIL,2026-07-23,train,TRENDING,SHORT,0.917,1.4,C_broke_accepted,False,True,NA,,,0.45,4,0.51,1.3,100,5.420000000000073,0.55,-1.48,0.55,False,False,8550.0,625.2,630.0,-7.752,-0.0123,5.448,-2.652,False,CONTINUATION
2026-07-23T10:55:00,CRUDEOIL,2026-07-23,train,TRENDING,SHORT,0.913,1.7,C_broke_accepted,False,True,below_value,FLAT,1.438,0.388,5,1.1,0.81,1200,14.510000000000218,0.07,-1.72,0.07,False,False,8500.0,607.7,611.8,-8.095,-0.0132,10.623,-5.777,False,CONTINUATION
2026-07-23T11:05:00,CRUDEOIL,2026-07-23,train,TRENDING,LONG,1.0,2.6,C_broke_accepted,False,True,below_value,FLAT,0.885,0.887,3,0.94,2.58,3600,10.780000000000655,49.72,-0.19,49.72,True,True,8500.0,618.7,639.0,7.723,0.0124,14.113,-8.087,False,CONTINUATION
2026-07-23T12:20:00,CRUDEOIL,2026-07-23,train,FAILED_BREAKDOWN,LONG,0.975,2.29,A_broke,False,False,above_value,DOWN,0.999,0.655,1,1.66,1.07,300,0.7199999999993452,655.56,0.0,655.56,True,True,8550.0,644.0,644.3,-12.583,-0.0193,-1.44,-7.44,False,CONTINUATION
2026-07-23T12:35:00,CRUDEOIL,2026-07-23,train,FAILED_BREAKDOWN,LONG,1.0,2.45,C_broke_accepted,False,False,above_value,UP,1.064,0.932,4,,1.87,900,0.8099999999994907,49.38,-4.94,49.38,True,True,8600.0,654.9,650.4,-17.553,-0.0265,0.151,-11.049,False,CONTINUATION
2026-07-23T12:45:00,CRUDEOIL,2026-07-23,train,FAILED_BREAKDOWN,LONG,1.0,2.82,A_broke,True,False,above_value,UP,1.28,1.136,5,37.8,1.88,4300,2.930000000000291,0.0,-9.56,0.0,False,False,8650.0,652.0,633.0,-31.85,-0.0484,-6.32,-35.52,False,TRAP
2026-07-23T13:20:00,CRUDEOIL,2026-07-23,train,TRENDING,SHORT,1.0,3.08,C_broke_accepted,False,True,above_value,DOWN,1.228,0.74,3,0.25,1.43,0,9.110000000000582,0.0,-3.18,0.0,False,False,8650.0,644.8,640.0,-17.648,-0.0271,-3.648,-651.248,False,CONTINUATION
2026-07-23T13:40:00,CRUDEOIL,2026-07-23,train,FAILED_BREAKOUT,LONG,0.982,2.48,C_broke_accepted,False,False,above_value,UP,1.489,0.76,3,5.85,0.6,-600,3.930000000000291,106.11,-0.25,106.11,True,True,8550.0,677.9,677.0,-14.449,-0.0211,-4.179,-7.679,False,CONTINUATION
2026-07-23T14:15:00,CRUDEOIL,2026-07-23,train,TRENDING,SHORT,0.952,2.15,C_broke_accepted,False,False,above_value,FLAT,1.722,0.702,4,0.39,0.6,400,5.8400000000001455,0.86,-1.2,0.86,False,False,8650.0,644.9,636.4,-21.313,-0.0327,-6.349,-15.349,False,CONTINUATION
2026-07-23T14:35:00,CRUDEOIL,2026-07-23,train,FAILED_BREAKDOWN,LONG,0.985,2.69,C_broke_accepted,False,True,above_value,FLAT,1.435,0.433,3,2.76,1.16,100,29.049999999999272,11.88,-0.45,11.88,True,True,8650.0,662.0,708.3,32.597,0.0488,42.38,-10.62,False,CONTINUATION
2026-07-23T14:40:00,CRUDEOIL,2026-07-23,train,TRENDING,LONG,0.926,2.15,C_broke_accepted,False,True,above_value,FLAT,1.435,0.433,4,1.67,2.76,2000,7.8400000000001455,3.44,-2.55,3.44,True,False,8700.0,656.0,659.0,-10.15,-0.0153,-3.56,-7.46,False,CONTINUATION
2026-07-23T14:50:00,CRUDEOIL,2026-07-23,train,TRENDING,LONG,0.929,2.23,A_broke,False,False,above_value,DOWN,1.12,0.702,3,73.0,2.23,1600,2.8700000000008004,0.0,-6.62,0.0,False,False,8700.0,668.6,665.1,-16.837,-0.0249,-3.486,-17.286,False,NEUTRAL
2026-07-23T15:45:00,CRUDEOIL,2026-07-23,train,TRENDING,LONG,0.975,2.43,C_broke_accepted,False,True,above_value,DOWN,1.041,0.438,3,2.5,0.67,3100,20.020000000000437,0.5,-1.45,0.5,False,False,8750.0,649.1,645.5,-16.546,-0.0252,11.409,-12.191,False,CONTINUATION
2026-07-23T16:10:00,CRUDEOIL,2026-07-23,train,TRENDING,SHORT,1.0,2.64,A_broke,False,False,above_value,DOWN,1.03,0.661,3,0.56,1.04,2000,4.110000000000582,5.84,-5.6,5.84,True,True,8750.0,654.2,647.1,-20.113,-0.0304,-6.142,-13.642,False,CONTINUATION
2026-07-23T16:35:00,CRUDEOIL,2026-07-23,train,TRENDING,LONG,0.901,2.07,A_broke,False,False,above_value,DOWN,1.071,0.473,5,1.59,1.48,3600,0.8700000000008004,345.98,0.0,345.98,True,True,8750.0,647.0,646.4,-13.534,-0.0207,1.53,-7.07,False,CONTINUATION
2026-07-23T16:45:00,CRUDEOIL,2026-07-23,train,TRENDING,LONG,0.957,2.36,C_broke_accepted,False,False,above_value,FLAT,1.069,0.473,4,1.61,1.47,1800,8.989999999999782,0.22,-1.45,0.22,False,False,8800.0,644.1,644.1,-12.882,-0.0198,-2.141,-10.741,False,CONTINUATION
2026-07-23T17:40:00,CRUDEOIL,2026-07-23,train,TRENDING,LONG,0.942,2.21,C_broke_accepted,False,False,above_value,DOWN,1.123,0.569,2,2.21,0.83,6100,0.9599999999991269,10.42,-16.67,10.42,True,True,8800.0,659.0,664.8,-7.438,-0.0112,12.41,-14.79,False,CONTINUATION
2026-07-23T18:45:00,CRUDEOIL,2026-07-23,train,TRENDING,SHORT,1.0,4.13,C_broke_accepted,False,False,above_value,UP,1.022,0.733,6,0.77,1.03,7600,1.860000000000582,9.68,-2.15,9.68,True,True,8850.0,671.0,662.5,-21.835,-0.0322,-2.71,-20.91,False,CONTINUATION
2026-07-23T18:50:00,CRUDEOIL,2026-07-23,train,TRENDING,LONG,0.958,2.19,C_broke_accepted,False,False,above_value,UP,1.022,0.79,6,2.78,1.47,1700,13.020000000000437,0.15,-2.0,0.15,False,False,8750.0,688.5,670.0,-32.085,-0.0461,-7.585,-25.385,False,CONTINUATION
2026-07-23T19:05:00,CRUDEOIL,2026-07-23,train,TRENDING,LONG,0.983,2.5,C_broke_accepted,False,True,above_value,UP,1.051,0.625,5,3.06,0.66,2200,6.200000000000728,7.9,-4.35,7.9,True,True,8850.0,649.4,661.0,-1.504,-0.0023,7.006,1.306,False,CONTINUATION
2026-07-23T20:05:00,CRUDEOIL,2026-07-23,train,TRENDING,SHORT,0.985,2.35,C_broke_accepted,True,False,above_value,UP,1.053,0.581,3,0.38,0.92,1500,1.2000000000007276,0.0,-35.83,0.0,False,False,8900.0,673.4,652.0,-34.654,-0.051,-1.434,-28.134,False,TRAP
2026-07-23T20:15:00,CRUDEOIL,2026-07-23,train,TRENDING,LONG,0.941,2.0,C_broke_accepted,False,False,above_value,UP,1.074,0.581,3,1.69,0.84,4600,11.020000000000437,0.45,-1.91,0.45,False,False,8900.0,680.1,676.0,-17.661,-0.0257,-1.501,-16.901,False,CONTINUATION
2026-07-23T21:30:00,CRUDEOIL,2026-07-23,train,TRENDING,LONG,0.973,2.18,C_broke_accepted,False,True,above_value,UP,1.042,0.669,3,3.19,1.03,4700,13.110000000000582,0.53,-1.22,0.53,False,False,8800.0,738.5,738.2,-15.067,-0.0202,13.115,-7.685,False,CONTINUATION
2026-07-23T22:00:00,CRUDEOIL,2026-07-23,train,TRENDING,LONG,0.987,2.35,C_broke_accepted,False,True,above_value,FLAT,1.034,0.507,4,1.58,1.07,-400,11.200000000000728,0.0,-2.05,0.0,False,False,8950.0,691.5,687.0,-18.285,-0.0262,0.585,-698.415,False,CONTINUATION
2026-07-23T23:10:00,CRUDEOIL,2026-07-23,train,TRENDING,LONG,0.947,2.06,C_broke_accepted,False,False,above_value,FLAT,1.032,0.301,3,22.83,3.8,-500,1.0499999999992724,17.14,-6.67,17.14,True,True,9000.0,718.2,726.8,-5.85,-0.0081,4.618,-13.382,False,CONTINUATION
2026-07-24T11:05:00,CRUDEOIL,2026-07-24,train,TRENDING,SHORT,0.96,2.0,C_broke_accepted,False,True,inside_value,UP,0.7,0.362,3,1.47,0.74,-900,18.600000000000364,19.78,-0.86,19.78,True,True,8850.0,675.8,699.7,10.145,0.0149,18.542,-12.458,False,CONTINUATION
2026-07-24T11:10:00,CRUDEOIL,2026-07-24,train,TRENDING,SHORT,0.923,1.9,C_broke_accepted,False,True,below_value,UP,0.7,0.362,3,0.84,1.96,100,25.56999999999971,0.0,-1.33,0.0,False,False,8850.0,685.0,677.5,-21.125,-0.0305,3.95,-16.85,False,NEUTRAL
2026-07-24T12:25:00,CRUDEOIL,2026-07-24,train,TRENDING,SHORT,0.951,2.36,C_broke_accepted,False,True,below_value,DOWN,1.376,0.75,4,1.62,3.15,-500,6.780000000000655,0.0,-1.77,0.0,False,False,8800.0,672.5,669.0,-16.915,-0.0249,1.175,-10.225,False,CONTINUATION
2026-07-24T13:05:00,CRUDEOIL,2026-07-24,train,TRENDING,LONG,0.939,2.55,C_broke_accepted,True,False,below_value,DOWN,1.234,0.909,5,0.75,1.16,-100,0.8400000000001455,3.57,-10.71,3.57,True,False,8750.0,650.0,636.0,-26.86,-0.0409,-4.8,-20.5,False,TRAP
2026-07-24T13:35:00,CRUDEOIL,2026-07-24,train,TRENDING,SHORT,0.909,1.85,A_broke,False,True,below_value,UP,1.295,0.529,2,0.27,1.17,-300,12.719999999999345,0.79,-1.18,0.79,False,False,8800.0,674.2,667.0,-20.612,-0.0303,-6.542,-15.142,False,CONTINUATION
2026-07-24T13:55:00,CRUDEOIL,2026-07-24,train,TRENDING,SHORT,1.0,3.54,C_broke_accepted,False,True,below_value,FLAT,1.556,0.587,4,1.95,1.38,-1700,30.3799999999992,3.52,-1.74,3.52,True,False,8750.0,656.2,702.0,32.218,0.0486,48.938,-11.362,False,CONTINUATION
2026-07-24T14:05:00,CRUDEOIL,2026-07-24,train,TRENDING,SHORT,0.918,2.15,C_broke_accepted,False,True,below_value,FLAT,1.667,0.779,3,1.18,2.01,-100,12.840000000000146,0.62,-1.09,0.62,False,False,8700.0,636.2,642.8,-6.19,-0.0096,1.438,-8.062,False,CONTINUATION
2026-07-24T14:30:00,CRUDEOIL,2026-07-24,train,TRENDING,SHORT,0.985,2.59,C_broke_accepted,False,True,below_value,UP,1.037,1.019,1,4.86,0.85,-300,22.049999999999272,1.54,-1.5,1.54,False,False,8650.0,643.6,627.2,-29.108,-0.0448,11.964,-25.536,False,CONTINUATION
2026-07-24T15:30:00,CRUDEOIL,2026-07-24,train,TRENDING,LONG,0.987,2.62,C_broke_accepted,False,True,below_value,DOWN,1.05,0.289,5,1.37,2.81,3700,19.26000000000022,3.95,-1.25,3.95,True,False,8650.0,622.3,668.1,32.896,0.0523,39.577,-10.123,False,CONTINUATION
2026-07-24T16:00:00,CRUDEOIL,2026-07-24,train,TRENDING,LONG,0.929,1.81,C_broke_accepted,True,False,below_value,FLAT,1.111,0.719,3,1.63,0.62,4300,10.8700000000008,0.0,-1.1,0.0,False,False,8700.0,647.8,653.9,-6.917,-0.0106,4.322,-4.978,False,TRAP
2026-07-24T18:30:00,CRUDEOIL,2026-07-24,train,TRENDING,LONG,0.974,2.61,C_broke_accepted,False,True,below_value,FLAT,1.029,0.576,2,1.18,1.03,-800,22.290000000000873,2.96,-1.44,2.96,False,False,8650.0,629.2,627.9,-13.871,-0.0218,46.708,-11.492,False,CONTINUATION
2026-07-24T18:50:00,CRUDEOIL,2026-07-24,train,TRENDING,LONG,0.975,2.61,C_broke_accepted,False,False,inside_value,FLAT,1.029,0.803,2,1.53,2.0,500,17.290000000000873,0.06,-1.39,0.06,False,False,8700.0,661.7,652.2,-22.639,-0.0339,-5.917,-20.317,False,CONTINUATION
2026-07-24T19:55:00,CRUDEOIL,2026-07-24,train,TRENDING,SHORT,0.954,2.47,A_broke,True,True,inside_value,DOWN,0.857,0.596,3,1.49,1.99,-600,9.260000000000218,0.11,-3.67,0.11,False,False,8650.0,618.2,604.8,-25.63,-0.041,-0.482,-19.582,False,TRAP
2026-07-24T20:40:00,CRUDEOIL,2026-07-24,train,TRENDING,SHORT,1.0,5.44,C_broke_accepted,False,True,inside_value,FLAT,0.862,0.406,4,0.82,4.32,-4700,42.61000000000058,1.57,-1.01,1.57,False,False,8650.0,628.8,654.4,12.768,0.0201,67.412,-635.088,False,CONTINUATION
2026-07-24T20:45:00,CRUDEOIL,2026-07-24,train,TRENDING,SHORT,0.986,3.75,C_broke_accepted,False,True,below_value,FLAT,0.889,0.711,4,2.35,9.82,0,26.799999999999272,1.46,-1.27,1.46,False,False,8600.0,634.3,634.9,-12.092,-0.0189,33.457,-5.743,False,CONTINUATION
2026-07-27T10:10:00,CRUDEOIL,2026-07-27,train,TRENDING,SHORT,0.929,1.7,A_broke,True,False,NA,,,0.512,1,3.53,1.78,700,0.5100000000002183,0.0,-33.33,0.0,False,False,8200.0,539.4,530.1,-19.995,-0.0367,-5.294,-16.294,False,TRAP
2026-07-27T11:00:00,CRUDEOIL,2026-07-27,train,TRENDING,LONG,0.958,1.83,A_broke,True,False,near_POC,DOWN,0.967,0.348,4,1.47,1.1,1900,0.6300000000001091,0.0,-19.05,0.0,False,False,8150.0,530.0,517.1,-23.371,-0.0437,-5.3,-18.2,False,TRAP
2026-07-27T11:30:00,CRUDEOIL,2026-07-27,train,TRENDING,SHORT,1.0,3.08,C_broke_accepted,False,True,below_value,DOWN,1.27,0.5,2,1.83,1.53,100,17.109999999999673,4.68,-2.4,4.68,True,False,8150.0,522.6,544.2,10.932,0.0207,22.774,-8.326,False,CONTINUATION
2026-07-27T12:20:00,CRUDEOIL,2026-07-27,train,TRENDING,SHORT,0.949,2.0,C_broke_accepted,True,True,below_value,DOWN,2.238,0.302,2,2.43,1.24,-100,18.720000000000255,0.59,-2.3,0.59,False,False,8050.0,490.5,481.5,-18.72,-0.0378,7.695,-13.905,False,TRAP
2026-07-27T12:30:00,CRUDEOIL,2026-07-27,train,TRENDING,LONG,1.0,4.15,C_broke_accepted,True,False,below_value,DOWN,1.478,0.49,2,0.63,1.57,1900,1.6199999999998909,0.0,-20.99,0.0,False,False,8050.0,513.3,495.0,-28.383,-0.0547,-2.133,-23.433,False,TRAP
2026-07-27T12:40:00,CRUDEOIL,2026-07-27,train,TRENDING,SHORT,0.953,2.07,C_broke_accepted,False,True,below_value,DOWN,1.478,0.554,2,3.98,0.82,400,7.869999999999891,0.64,-2.29,0.64,False,False,8100.0,527.9,526.3,-12.142,-0.0228,0.621,-9.179,False,NEUTRAL
2026-07-27T13:25:00,CRUDEOIL,2026-07-27,train,TRENDING,LONG,1.0,4.0,C_broke_accepted,True,True,inside_value,DOWN,1.259,0.67,2,1.3,1.12,-900,32.68000000000029,0.0,-1.96,0.0,False,False,8100.0,522.5,512.5,-20.35,-0.0386,14.475,-20.825,False,NEUTRAL
2026-07-27T13:35:00,CRUDEOIL,2026-07-27,train,FAILED_BREAKOUT,SHORT,1.0,4.07,A_broke,False,False,near_POC,DOWN,1.0,0.81,3,1.15,1.28,-800,18.770000000000437,11.19,-1.39,11.19,True,True,8100.0,512.2,524.9,2.329,0.0045,12.678,-15.822,False,CONTINUATION
2026-07-27T13:45:00,CRUDEOIL,2026-07-27,train,TRENDING,SHORT,0.929,2.0,C_broke_accepted,False,True,near_POC,FLAT,0.971,0.734,4,3.89,0.6,400,5.930000000000291,29.85,-2.19,29.85,True,True,8100.0,525.0,524.9,-10.599,-0.02,-0.25,-7.25,False,CONTINUATION
2026-07-27T13:55:00,CRUDEOIL,2026-07-27,train,TRENDING,SHORT,0.948,2.39,C_broke_accepted,False,True,inside_value,FLAT,0.971,0.734,4,2.58,1.78,-1000,20.109999999999673,0.0,-1.59,0.0,False,False,8050.0,508.0,503.6,-14.516,-0.0283,-0.68,-13.28,False,CONTINUATION
2026-07-27T14:20:00,CRUDEOIL,2026-07-27,train,TRENDING,SHORT,0.952,2.44,C_broke_accepted,False,True,below_value,UP,1.003,0.805,3,1.39,1.19,2900,15.170000000000073,0.0,-2.04,0.0,False,False,8000.0,509.8,499.0,-20.888,-0.0406,0.102,-15.898,False,CONTINUATION
2026-07-27T15:35:00,CRUDEOIL,2026-07-27,train,TRENDING,LONG,0.923,2.06,C_broke_accepted,False,True,below_value,DOWN,1.072,0.561,3,1.14,1.41,11000,26.020000000000437,0.0,-1.15,0.0,False,False,7900.0,520.0,533.5,2.965,0.0056,33.5,4.3,False,CONTINUATION
2026-07-27T15:40:00,CRUDEOIL,2026-07-27,train,TRENDING,LONG,0.962,2.59,A_broke,False,False,below_value,DOWN,1.072,0.544,2,1.2,2.19,-4600,4.319999999999709,4.17,-2.55,4.17,True,False,7950.0,521.7,519.3,-12.81,-0.0243,-3.917,-23.217,False,NEUTRAL
2026-07-27T17:40:00,CRUDEOIL,2026-07-27,train,FAILED_BREAKOUT,LONG,0.932,2.19,C_broke_accepted,False,True,near_POC,FLAT,0.971,0.461,0,2.0,2.9,2300,21.050000000000182,0.43,-1.14,0.43,False,False,8050.0,530.6,521.8,-19.324,-0.0361,2.794,-14.106,False,CONTINUATION
2026-07-27T18:00:00,CRUDEOIL,2026-07-27,train,FAILED_BREAKOUT,SHORT,0.907,2.06,C_broke_accepted,False,False,near_POC,FLAT,0.909,0.797,2,1.19,0.64,7200,3.9899999999997817,0.5,-3.01,0.5,False,False,8100.0,528.6,530.3,-8.889,-0.0166,-2.286,-9.486,False,CONTINUATION
2026-07-27T18:20:00,CRUDEOIL,2026-07-27,train,FAILED_BREAKOUT,LONG,0.919,2.12,A_broke,False,True,near_POC,FLAT,0.906,0.43,5,1.45,1.25,700,4.020000000000437,4.98,-2.74,4.98,True,False,8100.0,522.5,518.2,-14.707,-0.0279,-6.525,-13.725,False,CONTINUATION
2026-07-27T19:00:00,CRUDEOIL,2026-07-27,train,FAILED_BREAKOUT,SHORT,0.966,2.62,C_broke_accepted,False,True,near_POC,FLAT,0.929,0.445,3,0.87,1.31,4700,34.26000000000022,0.0,-1.43,0.0,False,False,8100.0,527.2,523.5,-14.207,-0.0267,6.928,-12.472,False,CONTINUATION
2026-07-27T19:05:00,CRUDEOIL,2026-07-27,train,FAILED_BREAKOUT,SHORT,0.9,2.06,A_broke,True,False,inside_value,FLAT,0.929,0.367,4,1.51,2.28,-1300,0.9899999999997817,12.12,-4.04,12.12,True,True,8100.0,539.4,538.3,-11.877,-0.0218,-5.794,-14.294,False,TRAP
2026-07-27T19:20:00,CRUDEOIL,2026-07-27,train,FAILED_BREAKOUT,LONG,0.935,2.25,C_broke_accepted,True,True,near_POC,FLAT,0.929,0.609,5,0.87,0.71,1300,2.0799999999999272,0.0,-19.23,0.0,False,False,8100.0,518.3,500.9,-27.592,-0.0527,4.517,-22.583,False,TRAP
2026-07-27T19:30:00,CRUDEOIL,2026-07-27,train,FAILED_BREAKOUT,SHORT,0.96,2.5,C_broke_accepted,False,True,near_POC,FLAT,0.962,0.586,4,1.35,0.93,0,13.199999999999818,10.0,-0.38,10.0,True,True,8100.0,536.0,544.5,-2.305,-0.0043,11.04,-6.16,False,CONTINUATION
2026-07-27T21:45:00,CRUDEOIL,2026-07-27,train,TRENDING,LONG,0.947,2.38,C_broke_accepted,True,True,inside_value,DOWN,0.95,0.211,3,1.57,1.61,-1600,7.140000000000327,0.0,-9.52,0.0,False,False,8000.0,522.1,500.1,-32.222,-0.0611,0.679,-39.421,False,TRAP
2026-07-27T21:55:00,CRUDEOIL,2026-07-27,train,FAILED_BREAKOUT,SHORT,1.0,4.06,D_failed_immediately,False,True,near_POC,DOWN,0.95,0.438,3,1.1,2.92,-8600,57.94999999999982,0.0,-1.23,0.0,False,False,8000.0,505.2,502.0,-13.272,-0.026,24.848,-10.252,False,NEUTRAL
2026-07-27T22:00:00,CRUDEOIL,2026-07-27,train,TRENDING,SHORT,0.987,3.5,A_broke,True,True,below_value,DOWN,0.947,0.547,3,1.84,2.57,-9700,6.680000000000291,0.0,-2.69,0.0,False,False,8000.0,535.1,523.0,-22.681,-0.042,-6.451,-19.651,False,TRAP
2026-07-28T11:00:00,CRUDEOIL,2026-07-28,train,OPENING_DRIVE,LONG,1.0,3.38,C_broke_accepted,False,True,above_value,DOWN,0.857,0.297,5,0.81,2.1,600,37.8100000000004,0.0,-1.06,0.0,False,False,7850.0,481.3,491.1,0.076,0.0002,19.187,-1.513,False,CONTINUATION
2026-07-28T11:05:00,CRUDEOIL,2026-07-28,train,TRENDING,LONG,1.0,4.62,A_broke,False,False,above_value,DOWN,0.857,0.828,5,0.86,2.68,700,1.1099999999996726,0.0,-8.11,0.0,False,False,7900.0,483.2,464.0,-28.672,-0.0588,-6.532,-24.032,False,NEUTRAL
2026-07-28T11:30:00,CRUDEOIL,2026-07-28,train,TRENDING,LONG,0.9,2.19,C_broke_accepted,False,False,above_value,UP,1.361,1.083,2,1.69,0.55,1400,0.6899999999995998,2.9,-8.7,2.9,False,False,7850.0,498.0,495.5,-12.435,-0.0247,2.02,-7.48,False,CONTINUATION
2026-07-28T12:00:00,CRUDEOIL,2026-07-28,train,FAILED_BREAKOUT,SHORT,0.972,3.0,C_broke_accepted,False,True,near_POC,FLAT,1.857,0.568,3,1.27,2.16,500,15.989999999999782,8.07,-1.19,8.07,True,True,7850.0,481.7,501.8,10.265,0.0211,22.283,-0.317,False,CONTINUATION
2026-07-28T12:10:00,CRUDEOIL,2026-07-28,train,FAILED_BREAKOUT,SHORT,0.947,2.78,C_broke_accepted,False,False,below_value,FLAT,1.857,1.13,2,1.27,2.75,-2500,3.9600000000000364,8.59,-2.78,8.59,True,True,7800.0,477.0,472.3,-14.193,-0.0295,-3.17,-13.57,False,CONTINUATION
2026-07-28T12:20:00,CRUDEOIL,2026-07-28,train,FAILED_BREAKOUT,SHORT,0.925,2.48,A_broke,True,False,below_value,DOWN,1.643,1.27,3,5.37,1.25,500,3.930000000000291,3.05,-5.6,3.05,True,False,7750.0,456.0,438.9,-26.049,-0.0566,-3.26,-21.66,False,TRAP
2026-07-28T12:30:00,CRUDEOIL,2026-07-28,train,FAILED_BREAKOUT,LONG,0.976,2.72,C_broke_accepted,False,False,below_value,DOWN,1.256,1.42,3,1.27,1.21,1800,1.0200000000004366,40.2,-1.96,40.2,True,True,7750.0,480.4,469.5,-20.399,-0.042,-0.504,-15.704,False,CONTINUATION
2026-07-28T18:05:00,CRUDEOIL,2026-07-28,train,FAILED_BREAKOUT,SHORT,0.991,2.67,A_broke,False,False,inside_value,FLAT,0.952,0.4,4,1.17,1.46,-3000,6.199999999999818,8.55,-1.29,8.55,True,True,7800.0,464.9,466.4,-7.813,-0.0166,1.151,-3.749,False,CONTINUATION
2026-07-28T19:15:00,CRUDEOIL,2026-07-28,train,FAILED_BREAKOUT,LONG,0.976,2.33,C_broke_accepted,False,False,inside_value,FLAT,1.0,0.475,4,1.18,1.01,9100,1.050000000000182,25.71,-12.38,25.71,True,True,7800.0,468.5,470.8,-7.093,-0.015,1.215,-4.585,False,CONTINUATION
2026-07-28T20:40:00,CRUDEOIL,2026-07-28,train,FAILED_BREAKOUT,SHORT,1.0,4.75,C_broke_accepted,False,True,below_value,FLAT,1.0,0.445,1,1.24,7.47,1000,62.279999999999745,3.2,-0.14,3.2,True,False,7750.0,455.5,560.0,94.345,0.2051,103.245,-1.655,False,CONTINUATION
2026-07-28T20:45:00,CRUDEOIL,2026-07-28,train,FAILED_BREAKOUT,SHORT,0.986,3.75,C_broke_accepted,False,False,below_value,FLAT,0.944,0.758,1,1.58,8.05,200,11.800000000000182,16.78,0.0,16.78,True,True,7700.0,462.0,456.9,-14.289,-0.0306,15.98,-14.02,False,CONTINUATION
2026-07-28T21:10:00,CRUDEOIL,2026-07-28,train,TRENDING,SHORT,0.945,2.19,C_broke_accepted,False,False,below_value,UP,1.019,1.852,1,1.23,0.71,22100,2.050000000000182,22.93,-2.44,22.93,True,True,7750.0,527.3,537.8,-0.151,-0.0003,5.227,-22.473,False,CONTINUATION
2026-07-28T21:20:00,CRUDEOIL,2026-07-28,train,TRENDING,SHORT,0.98,3.15,C_broke_accepted,False,True,below_value,DOWN,1.067,1.659,3,3.21,1.05,-4500,37.5600000000004,1.3,-1.2,1.3,False,False,7600.0,444.0,466.2,13.098,0.0292,55.76,5.06,False,CONTINUATION
2026-07-28T21:25:00,CRUDEOIL,2026-07-28,train,TRENDING,SHORT,0.94,2.12,A_broke,False,True,below_value,DOWN,1.067,1.162,4,2.08,2.26,-10300,18.079999999999927,3.04,-1.71,3.04,True,False,7550.0,446.0,466.4,11.276,0.025,16.74,-16.46,False,CONTINUATION
2026-07-28T22:15:00,CRUDEOIL,2026-07-28,train,TRENDING,LONG,0.975,2.82,A_broke,False,False,below_value,DOWN,1.106,0.537,3,0.71,1.43,2900,1.4399999999995998,75.69,0.0,75.69,True,True,7500.0,451.9,437.3,-23.492,-0.0515,-6.619,-19.119,False,CONTINUATION
2026-07-28T22:40:00,CRUDEOIL,2026-07-28,train,TRENDING,LONG,0.933,2.06,C_broke_accepted,False,False,below_value,UP,1.15,0.691,4,1.13,1.71,1800,1.050000000000182,5.71,-26.67,5.71,True,True,7550.0,444.9,445.9,-7.908,-0.0176,4.051,-16.349,False,CONTINUATION
2026-07-28T22:50:00,CRUDEOIL,2026-07-28,train,TRENDING,LONG,0.916,2.0,C_broke_accepted,False,True,below_value,FLAT,1.091,0.919,5,1.43,1.42,-3800,10.020000000000437,4.49,-0.6,4.49,True,False,7550.0,445.9,460.0,5.041,0.0112,18.341,-1.259,False,CONTINUATION
2026-07-29T11:25:00,CRUDEOIL,2026-07-29,train,FAILED_BREAKOUT,LONG,1.0,2.42,C_broke_accepted,True,False,inside_value,UP,1.267,0.406,5,2.57,0.77,2700,29.86999999999989,0.03,-1.0,0.03,False,False,7900.0,483.1,477.7,-15.008,-0.0308,7.169,-10.231,False,NEUTRAL
2026-07-29T12:05:00,CRUDEOIL,2026-07-29,train,FAILED_BREAKOUT,SHORT,0.973,2.17,C_broke_accepted,False,True,inside_value,FLAT,0.973,0.438,4,1.4,1.27,-200,18.779999999999745,0.0,-1.01,0.0,False,False,7900.0,507.5,517.1,-0.646,-0.0013,7.925,-1.875,False,CONTINUATION
2026-07-29T13:00:00,CRUDEOIL,2026-07-29,train,FAILED_BREAKOUT,SHORT,0.958,1.85,C_broke_accepted,False,True,near_POC,FLAT,0.889,0.385,3,2.95,0.43,-400,22.720000000000255,0.53,-1.76,0.53,False,False,7850.0,486.0,470.5,-25.065,-0.0511,6.74,-20.36,False,CONTINUATION
2026-07-29T15:35:00,CRUDEOIL,2026-07-29,train,FAILED_BREAKOUT,LONG,1.0,4.08,C_broke_accepted,False,True,above_value,UP,0.944,0.423,5,1.26,2.81,15800,22.590000000000146,12.79,-0.8,12.79,True,True,7900.0,492.3,547.0,44.307,0.0891,65.777,-6.023,False,CONTINUATION
2026-07-29T16:05:00,CRUDEOIL,2026-07-29,train,FAILED_BREAKDOWN,LONG,0.941,1.86,C_broke_accepted,True,False,above_value,FLAT,1.059,0.714,4,2.34,0.88,6000,22.779999999999745,1.05,-1.27,1.05,False,False,7950.0,506.8,517.2,0.16,0.0003,31.032,-5.868,False,NEUTRAL
2026-07-29T17:15:00,CRUDEOIL,2026-07-29,train,FAILED_BREAKDOWN,SHORT,1.0,3.8,A_broke,False,False,inside_value,FLAT,1.278,0.375,6,1.0,2.99,3200,5.710000000000036,2.8,-1.23,2.8,False,False,7950.0,530.8,516.0,-25.268,-0.0471,-10.808,-20.108,False,NEUTRAL
2026-07-29T17:45:00,CRUDEOIL,2026-07-29,train,FAILED_BREAKDOWN,LONG,1.0,4.4,A_broke,False,True,above_value,FLAT,1.044,0.567,4,2.92,5.52,-1100,1.9799999999995634,76.77,0.0,76.77,True,True,8000.0,575.0,588.8,2.162,0.0037,17.25,-3.75,False,CONTINUATION
2026-07-29T18:00:00,CRUDEOIL,2026-07-29,train,TRENDING,LONG,0.991,4.07,A_broke,False,False,above_value,DOWN,0.994,1.225,1,2.88,0.71,-2600,5.829999999999927,24.53,0.0,24.53,True,True,8050.0,573.3,551.5,-33.048,-0.0571,-15.533,-41.233,False,NEUTRAL
2026-07-29T18:20:00,CRUDEOIL,2026-07-29,train,TRENDING,LONG,0.918,1.73,C_broke_accepted,False,False,above_value,DOWN,1.021,1.358,2,2.61,0.72,25200,0.7799999999997453,25.64,-19.23,25.64,True,True,8100.0,552.5,560.5,-3.13,-0.0056,5.975,-17.025,False,CONTINUATION
2026-07-29T21:00:00,CRUDEOIL,2026-07-29,train,TRENDING,SHORT,0.908,1.69,A_broke,False,True,above_value,UP,1.093,0.492,3,1.15,1.32,-13800,16.8100000000004,0.77,-2.74,0.77,False,False,8150.0,548.5,530.9,-28.394,-0.0513,2.115,-23.985,False,CONTINUATION
2026-07-29T21:25:00,CRUDEOIL,2026-07-29,train,TRENDING,LONG,0.952,1.88,C_broke_accepted,False,True,above_value,FLAT,1.125,0.625,3,1.69,1.4,5700,4.899999999999636,0.0,-3.67,0.0,False,False,8150.0,544.5,545.8,-9.603,-0.0175,5.755,-10.645,False,CONTINUATION
2026-07-29T21:50:00,CRUDEOIL,2026-07-29,train,TRENDING,SHORT,0.954,1.94,C_broke_accepted,False,True,above_value,FLAT,1.611,0.586,2,1.02,1.43,5000,17.93000000000029,0.0,-1.73,0.0,False,False,8150.0,558.5,553.5,-16.12,-0.0286,-0.585,-12.685,False,CONTINUATION
2026-07-30T10:20:00,CRUDEOIL,2026-07-30,train,OPENING_DRIVE,LONG,1.0,2.78,C_broke_accepted,False,True,above_value,,,0.319,4,1.36,1.32,400,8.75,20.91,-2.63,20.91,True,True,8050.0,516.3,529.7,2.94,0.0056,9.437,-2.163,False,CONTINUATION
2026-07-30T10:35:00,CRUDEOIL,2026-07-30,train,TRENDING,LONG,0.947,2.33,C_broke_accepted,False,True,above_value,,,0.736,3,3.37,0.41,-200,22.63000000000011,6.45,-1.9,6.45,True,True,8050.0,529.7,569.8,29.105,0.0544,50.003,-4.297,False,CONTINUATION
2026-07-30T10:40:00,CRUDEOIL,2026-07-30,train,TRENDING,LONG,0.95,2.32,C_broke_accepted,False,True,above_value,,,0.776,4,6.75,1.05,-6200,12.659999999999854,10.74,-1.5,10.74,True,True,8050.0,542.0,568.8,15.692,0.0287,32.08,-5.42,False,CONTINUATION
2026-07-30T11:00:00,CRUDEOIL,2026-07-30,train,TRENDING,LONG,1.0,2.67,C_broke_accepted,False,True,above_value,DOWN,2.031,1.274,3,4.86,1.56,900,16.840000000000146,0.0,-1.13,0.0,False,False,8150.0,530.8,533.6,-7.844,-0.0146,8.592,-2.508,False,CONTINUATION
2026-07-30T11:35:00,CRUDEOIL,2026-07-30,train,TRENDING,LONG,0.935,2.5,C_broke_accepted,False,True,above_value,UP,2.368,0.844,3,2.8,1.2,-2600,10.899999999999636,1.56,-1.1,1.56,False,False,8200.0,541.6,555.2,2.632,0.0048,21.984,1.584,False,CONTINUATION
2026-07-30T12:30:00,CRUDEOIL,2026-07-30,train,TRENDING,SHORT,1.0,4.15,A_broke,False,False,inside_value,UP,1.246,0.546,3,1.09,3.33,2300,1.680000000000291,8.33,-2.38,8.33,True,True,8200.0,581.8,572.5,-20.843,-0.0355,-7.618,-22.618,False,NEUTRAL
2026-07-30T13:00:00,CRUDEOIL,2026-07-30,train,TRENDING,LONG,0.938,2.0,C_broke_accepted,True,True,above_value,FLAT,1.0,0.75,5,2.87,0.79,200,13.989999999999782,0.0,-2.57,0.0,False,False,8200.0,556.4,543.1,-24.295,-0.0432,6.636,-19.964,False,TRAP
2026-07-30T13:30:00,CRUDEOIL,2026-07-30,train,TRENDING,SHORT,0.963,2.53,C_broke_accepted,True,True,inside_value,FLAT,1.094,0.632,2,0.51,0.94,-300,8.289999999999964,1.81,-3.5,1.81,False,False,8150.0,536.0,527.0,-19.63,-0.0363,7.64,-14.36,False,NEUTRAL
2026-07-30T13:45:00,CRUDEOIL,2026-07-30,train,TRENDING,LONG,0.947,2.18,C_broke_accepted,True,True,inside_value,FLAT,1.0,0.875,2,1.23,0.59,1900,8.109999999999673,0.0,-4.44,0.0,False,False,8150.0,544.2,532.0,-22.962,-0.0418,3.558,-20.342,False,TRAP
2026-07-30T14:00:00,CRUDEOIL,2026-07-30,train,TRENDING,SHORT,1.0,3.66,A_broke,True,False,inside_value,FLAT,0.971,0.479,3,1.15,1.3,1600,4.920000000000073,1.02,-2.85,1.02,False,False,8100.0,531.0,521.9,-19.629,-0.0366,-3.21,-14.41,False,TRAP
2026-07-30T14:45:00,CRUDEOIL,2026-07-30,train,FAILED_BREAKOUT,SHORT,0.942,2.11,C_broke_accepted,False,False,inside_value,FLAT,0.971,0.549,1,1.2,1.85,-1300,1.1400000000003274,4.39,-18.42,4.39,True,False,8100.0,549.7,552.1,-8.618,-0.0155,1.803,-3.097,False,CONTINUATION
2026-07-30T15:45:00,CRUDEOIL,2026-07-30,train,FAILED_BREAKOUT,SHORT,0.926,1.94,C_broke_accepted,False,True,inside_value,FLAT,0.969,0.479,3,1.46,0.8,4000,10.050000000000182,0.1,-1.19,0.1,False,False,8100.0,541.6,542.3,-10.139,-0.0185,-0.416,-9.316,False,CONTINUATION
2026-07-30T17:55:00,CRUDEOIL,2026-07-30,train,FAILED_BREAKOUT,LONG,0.944,2.18,A_broke,True,False,inside_value,DOWN,1.027,0.39,5,1.18,2.26,-3600,1.1099999999996726,0.0,-18.02,0.0,False,False,8050.0,523.7,500.0,-33.937,-0.0642,-12.037,-29.537,False,TRAP
2026-07-30T21:10:00,CRUDEOIL,2026-07-30,train,FAILED_BREAKOUT,SHORT,0.945,2.06,C_broke_accepted,False,False,near_POC,FLAT,0.957,0.465,3,1.34,1.85,-2800,1.1099999999996726,7.21,-11.71,7.21,True,True,8050.0,518.0,502.0,-26.2,-0.0501,-0.68,-21.18,False,CONTINUATION
2026-07-31T10:25:00,CRUDEOIL,2026-07-31,train,TRENDING,SHORT,0.941,1.78,C_broke_accepted,True,False,below_value,,,0.5,3,1.46,2.0,400,11.479999999999563,0.26,-1.57,0.26,False,False,7800.0,455.0,445.0,-19.0,-0.0413,-0.65,-14.55,False,TRAP
2026-07-31T11:20:00,CRUDEOIL,2026-07-31,train,TRENDING,LONG,0.929,2.18,A_broke,False,True,below_value,UP,1.357,0.739,1,1.02,0.42,0,3.7200000000002547,112.1,-0.27,112.1,True,True,7800.0,461.5,457.0,-13.685,-0.0294,-6.115,-10.115,False,CONTINUATION
2026-07-31T13:00:00,CRUDEOIL,2026-07-31,train,FAILED_BREAKDOWN,LONG,0.979,2.17,C_broke_accepted,True,False,above_value,UP,1.013,0.646,3,1.13,1.2,-300,1.7799999999997453,0.56,-12.92,0.56,False,False,7900.0,472.6,471.1,-10.937,-0.0229,-3.926,-18.626,False,TRAP
2026-07-31T13:20:00,CRUDEOIL,2026-07-31,train,FAILED_BREAKDOWN,SHORT,0.981,2.17,C_broke_accepted,False,True,inside_value,DOWN,1.042,0.479,3,1.26,0.76,-200,7.779999999999745,1.54,-1.67,1.54,False,False,7850.0,460.0,464.9,-4.349,-0.0094,2.7,-8.5,False,CONTINUATION
2026-07-31T15:00:00,CRUDEOIL,2026-07-31,train,FAILED_BREAKDOWN,LONG,1.0,3.85,C_broke_accepted,False,True,above_value,UP,1.125,0.894,2,0.91,1.88,500,14.5,16.55,-0.97,16.55,True,True,7950.0,494.0,517.6,13.484,0.027,24.06,-7.84,False,CONTINUATION
2026-07-31T16:45:00,CRUDEOIL,2026-07-31,train,TRENDING,LONG,1.0,5.23,C_broke_accepted,False,True,above_value,UP,1.213,0.337,4,1.94,2.22,-6800,6.039999999999964,0.66,-1.99,0.66,False,False,8050.0,520.5,525.8,-5.163,-0.0098,4.395,-5.605,False,CONTINUATION
2026-07-31T17:00:00,CRUDEOIL,2026-07-31,train,TRENDING,LONG,0.969,2.31,B_swept_returned,True,False,above_value,DOWN,1.266,0.731,2,1.99,0.72,400,24.899999999999636,3.73,-2.09,3.73,True,False,8100.0,516.3,545.3,18.384,0.0353,32.837,-12.663,False,NEUTRAL
2026-07-31T17:30:00,CRUDEOIL,2026-07-31,train,TRENDING,LONG,0.99,3.7,C_broke_accepted,False,True,above_value,UP,1.161,0.389,4,2.1,1.87,1900,15.5,0.45,-1.16,0.45,False,False,8150.0,519.1,512.4,-17.015,-0.0325,-0.191,-11.891,False,CONTINUATION
2026-07-31T19:20:00,CRUDEOIL,2026-07-31,train,TRENDING,SHORT,0.919,2.0,C_broke_accepted,False,False,above_value,FLAT,1.037,0.411,3,1.1,0.58,-800,5.8400000000001455,11.3,-3.08,11.3,True,True,8200.0,525.7,523.0,-13.187,-0.0248,-1.357,-9.357,False,CONTINUATION
2026-07-31T19:35:00,CRUDEOIL,2026-07-31,train,TRENDING,SHORT,0.953,2.29,C_broke_accepted,False,False,above_value,FLAT,1.074,0.446,4,0.86,2.36,7900,11.960000000000036,0.25,-1.17,0.25,False,False,8150.0,509.7,509.3,-10.59,-0.0206,5.903,-14.097,False,CONTINUATION
2026-07-31T19:40:00,CRUDEOIL,2026-07-31,train,TRENDING,LONG,0.953,2.55,C_broke_accepted,False,False,above_value,FLAT,1.074,0.664,3,1.22,2.13,1400,1.1099999999996726,7.21,-8.11,7.21,True,True,8050.0,541.0,544.0,-7.85,-0.0144,4.99,-11.41,False,CONTINUATION
2026-07-31T20:15:00,CRUDEOIL,2026-07-31,train,TRENDING,LONG,0.919,1.93,C_broke_accepted,False,False,above_value,FLAT,1.172,0.517,3,1.96,1.33,-300,0.8699999999998909,34.48,-1.15,34.48,True,True,8200.0,508.6,502.4,-16.31,-0.0318,-1.286,-12.386,False,CONTINUATION
2026-07-31T20:55:00,CRUDEOIL,2026-07-31,train,TRENDING,SHORT,0.923,1.93,C_broke_accepted,False,True,above_value,FLAT,1.059,0.367,2,1.14,1.17,3900,45.86999999999989,2.22,-0.41,2.22,False,False,8200.0,515.0,527.9,2.471,0.0048,50.55,-7.05,False,CONTINUATION
2026-07-31T21:00:00,CRUDEOIL,2026-07-31,train,TRENDING,SHORT,0.972,3.0,A_broke,False,False,above_value,FLAT,1.057,0.392,1,1.18,1.73,2000,6.350000000000364,18.27,0.0,18.27,True,True,8150.0,503.1,498.0,-15.111,-0.0297,-8.531,-12.931,False,CONTINUATION
2026-07-31T21:15:00,CRUDEOIL,2026-07-31,train,TRENDING,SHORT,0.952,2.53,C_broke_accepted,False,True,inside_value,FLAT,1.056,0.792,2,1.0,2.42,7200,45.14000000000033,0.0,-1.15,0.0,False,False,8100.0,492.0,492.0,-9.84,-0.0198,13.58,-11.82,False,CONTINUATION
2026-07-31T21:20:00,CRUDEOIL,2026-07-31,train,FAILED_BREAKOUT,SHORT,0.973,3.07,A_broke,False,False,inside_value,FLAT,1.056,1.142,2,1.29,3.55,3500,20.38000000000011,0.0,-1.13,0.0,False,False,8100.0,510.5,498.4,-22.189,-0.043,-6.705,-18.805,False,NEUTRAL
2026-07-31T23:10:00,CRUDEOIL,2026-07-31,train,TRENDING,LONG,0.941,2.4,A_broke,True,True,above_value,FLAT,1.0,0.383,4,1.13,1.61,-6100,12.079999999999927,0.0,-1.9,0.0,False,False,8100.0,488.0,477.1,-20.551,-0.0417,-3.78,-15.98,False,NEUTRAL
2026-08-03T10:15:00,CRUDEOIL,2026-08-03,train,TRENDING,SHORT,1.0,2.86,C_broke_accepted,False,True,below_value,,,0.429,3,1.34,0.77,2000,4.600000000000364,0.43,-1.3,0.43,False,False,7600.0,393.3,398.8,-2.421,-0.0061,1.767,-3.933,False,CONTINUATION
2026-08-03T11:10:00,CRUDEOIL,2026-08-03,train,TRENDING,LONG,0.923,1.53,C_broke_accepted,False,True,inside_value,UP,1.159,0.279,4,0.43,1.7,5600,10.390000000000327,0.77,-1.15,0.77,False,False,7600.0,386.0,391.5,-2.275,-0.0058,11.34,-1.26,False,CONTINUATION
2026-08-03T11:25:00,CRUDEOIL,2026-08-03,train,OPENING_DRIVE,SHORT,0.966,1.89,C_broke_accepted,False,True,inside_value,DOWN,1.053,0.694,1,1.41,0.77,-14300,8.510000000000218,7.05,-6.93,7.05,True,True,7600.0,390.1,398.0,0.019,0.0,3.999,-3.601,False,CONTINUATION
2026-08-03T11:30:00,CRUDEOIL,2026-08-03,train,OPENING_DRIVE,SHORT,0.933,1.56,C_broke_accepted,False,True,inside_value,FLAT,1.0,0.694,2,1.71,0.75,-4100,4.420000000000073,11.31,-1.36,11.31,True,True,7600.0,392.8,398.0,-2.708,-0.0068,1.272,-2.328,False,CONTINUATION
2026-08-03T12:10:00,CRUDEOIL,2026-08-03,train,TRENDING,SHORT,1.0,2.7,A_broke,False,False,below_value,DOWN,0.958,0.588,4,1.54,1.0,1800,9.8100000000004,1.12,-4.28,1.12,False,False,7550.0,388.8,365.5,-30.843,-0.0785,-3.788,-27.188,False,CONTINUATION
2026-08-03T13:05:00,CRUDEOIL,2026-08-03,train,FAILED_BREAKOUT,LONG,0.918,2.27,A_broke,True,False,above_value,UP,1.02,1.352,2,1.27,0.51,1200,9.75,0.21,-2.36,0.21,False,False,7600.0,403.2,384.3,-26.775,-0.0657,-4.332,-22.932,False,TRAP
2026-08-03T13:15:00,CRUDEOIL,2026-08-03,train,FAILED_BREAKDOWN,SHORT,0.922,2.27,C_broke_accepted,True,True,inside_value,UP,1.069,0.966,3,0.85,0.92,3700,13.75,0.0,-1.02,0.0,False,False,7600.0,381.2,384.0,-4.852,-0.0126,7.188,-1.712,False,NEUTRAL
2026-08-03T13:45:00,CRUDEOIL,2026-08-03,train,FAILED_BREAKOUT,LONG,0.947,2.45,C_broke_accepted,True,False,above_value,FLAT,0.95,0.648,2,2.21,1.07,-1000,4.8100000000004,13.1,-2.7,13.1,True,True,7650.0,367.9,369.6,-5.675,-0.0153,7.021,-1.979,False,NEUTRAL
2026-08-03T14:10:00,CRUDEOIL,2026-08-03,train,FAILED_BREAKDOWN,LONG,0.935,2.16,C_broke_accepted,True,True,above_value,UP,1.053,0.58,4,1.83,1.42,-4800,18.8100000000004,0.37,-1.7,0.37,False,False,7650.0,392.3,383.5,-16.558,-0.0418,12.577,-12.723,False,TRAP
2026-08-03T14:40:00,CRUDEOIL,2026-08-03,train,FAILED_BREAKDOWN,SHORT,0.941,2.46,A_broke,False,True,near_POC,DOWN,1.18,0.644,3,1.1,0.89,1000,19.960000000000036,1.25,-1.25,1.25,False,False,7650.0,398.9,396.5,-10.354,-0.0257,9.411,-11.589,False,CONTINUATION
2026-08-03T18:15:00,CRUDEOIL,2026-08-03,train,TRENDING,LONG,0.982,3.15,A_broke,True,False,below_value,DOWN,1.132,0.26,4,1.31,1.2,4700,1.2299999999995634,0.0,-21.95,0.0,False,False,7550.0,393.4,379.9,-21.233,-0.0534,-2.234,-19.334,False,TRAP
2026-08-03T18:40:00,CRUDEOIL,2026-08-03,train,TRENDING,LONG,0.983,3.23,C_broke_accepted,False,False,below_value,FLAT,1.059,0.615,3,1.39,0.95,10800,6.260000000000218,2.4,-8.15,2.4,False,False,7550.0,390.9,358.3,-40.092,-0.1015,1.391,-36.509,False,CONTINUATION
2026-08-03T19:20:00,CRUDEOIL,2026-08-03,train,TRENDING,LONG,0.935,2.23,C_broke_accepted,False,True,below_value,DOWN,1.032,0.75,4,1.39,0.59,8400,26.86999999999989,3.87,-0.22,3.87,True,False,7500.0,392.0,418.2,18.098,0.0457,36.48,-7.02,False,CONTINUATION
2026-08-03T20:35:00,CRUDEOIL,2026-08-03,train,FAILED_BREAKOUT,SHORT,0.95,2.46,A_broke,False,False,inside_value,FLAT,1.0,0.654,2,0.96,1.77,38100,8.960000000000036,0.0,-1.45,0.0,False,False,7600.0,386.0,382.7,-10.987,-0.0282,-2.56,-10.06,False,NEUTRAL
2026-08-03T22:30:00,CRUDEOIL,2026-08-03,train,FAILED_BREAKOUT,LONG,0.92,2.08,C_broke_accepted,False,True,above_value,FLAT,1.0,0.346,4,1.72,1.64,4500,4.8100000000004,3.53,-2.08,3.53,True,False,7650.0,371.5,374.8,-4.163,-0.0111,-0.215,-4.915,False,CONTINUATION
2026-08-04T11:20:00,CRUDEOIL,2026-08-04,train,OPENING_DRIVE,SHORT,1.0,2.75,C_broke_accepted,False,True,below_value,DOWN,1.083,0.422,2,0.64,0.84,900,8.659999999999854,0.58,-1.62,0.58,False,False,7750.0,387.2,390.0,-4.972,-0.0127,0.928,-5.072,False,CONTINUATION
2026-08-04T12:25:00,CRUDEOIL,2026-08-04,train,FAILED_BREAKOUT,SHORT,0.976,2.62,C_broke_accepted,True,True,below_value,UP,1.305,0.5,4,1.35,1.14,800,16.63000000000011,0.0,-2.22,0.0,False,False,7700.0,383.6,374.0,-17.176,-0.0443,9.564,-13.436,False,TRAP
2026-08-04T12:40:00,CRUDEOIL,2026-08-04,train,FAILED_BREAKOUT,LONG,0.977,2.56,A_broke,False,False,below_value,DOWN,1.312,0.958,3,1.03,0.86,3800,0.6899999999995998,59.42,-8.7,59.42,True,True,7700.0,380.0,370.4,-17.104,-0.0446,-3.8,-16.0,False,CONTINUATION
2026-08-04T12:50:00,CRUDEOIL,2026-08-04,train,FAILED_BREAKOUT,LONG,1.0,3.0,C_broke_accepted,False,True,below_value,DOWN,1.079,0.889,4,1.38,0.78,6100,17.8100000000004,0.0,-1.4,0.0,False,False,7700.0,381.5,381.0,-8.125,-0.0211,5.085,-5.915,False,CONTINUATION
2026-08-04T13:35:00,CRUDEOIL,2026-08-04,train,FAILED_BREAKOUT,LONG,0.982,2.36,A_broke,False,False,below_value,FLAT,1.059,0.534,2,0.75,2.12,600,1.7799999999997453,5.06,-1.12,5.06,True,True,7700.0,387.5,387.3,-7.948,-0.0203,-3.275,-8.875,False,CONTINUATION
2026-08-04T14:10:00,CRUDEOIL,2026-08-04,train,FAILED_BREAKDOWN,LONG,0.984,3.27,C_broke_accepted,False,True,above_value,FLAT,1.056,1.08,4,2.38,2.1,-1200,17.079999999999927,2.58,-1.46,2.58,False,False,7800.0,383.4,382.6,-8.46,-0.0218,34.766,-8.934,False,CONTINUATION
2026-08-04T14:20:00,CRUDEOIL,2026-08-04,train,TRENDING,LONG,0.984,3.27,C_broke_accepted,False,False,above_value,DOWN,1.047,1.216,2,3.27,2.62,2900,1.0799999999999272,3.7,-4.63,3.7,True,False,7800.0,417.1,408.0,-17.351,-0.0412,-4.071,-13.871,False,CONTINUATION
2026-08-04T15:25:00,CRUDEOIL,2026-08-04,train,TRENDING,SHORT,0.961,2.45,C_broke_accepted,False,True,above_value,FLAT,1.083,0.591,2,0.84,2.03,10400,8.8100000000004,1.93,-2.5,1.93,False,False,7850.0,401.3,413.0,3.557,0.0088,14.687,-4.413,False,CONTINUATION
2026-08-04T16:15:00,CRUDEOIL,2026-08-04,train,FAILED_BREAKDOWN,SHORT,1.0,5.58,A_broke,False,True,inside_value,FLAT,1.294,0.448,4,1.24,9.82,1200,20.01000000000022,26.84,0.0,26.84,True,True,7800.0,425.0,451.7,17.933,0.0418,22.45,-13.45,False,CONTINUATION
2026-08-04T16:20:00,CRUDEOIL,2026-08-04,train,FAILED_BREAKOUT,SHORT,0.955,2.67,C_broke_accepted,False,True,inside_value,FLAT,1.294,1.344,4,1.21,3.47,-16900,10.960000000000036,1.73,-1.19,1.73,False,False,7800.0,423.0,432.1,0.549,0.0013,13.67,-4.93,False,CONTINUATION
2026-08-04T16:35:00,CRUDEOIL,2026-08-04,train,FAILED_BREAKOUT,SHORT,0.956,2.75,C_broke_accepted,False,True,below_value,FLAT,1.105,1.448,4,1.8,0.89,600,4.989999999999782,5.61,-1.4,5.61,True,True,7700.0,392.4,418.7,18.189,0.0459,22.376,2.576,False,CONTINUATION
2026-08-04T16:45:00,CRUDEOIL,2026-08-04,train,FAILED_BREAKOUT,SHORT,0.957,2.92,C_broke_accepted,False,False,below_value,DOWN,0.969,1.76,3,1.21,2.16,6500,4.050000000000182,111.11,0.0,111.11,True,True,7650.0,390.1,387.6,-10.277,-0.0261,-0.701,-10.601,False,CONTINUATION
2026-08-04T17:05:00,CRUDEOIL,2026-08-04,train,FAILED_BREAKOUT,SHORT,0.979,3.75,C_broke_accepted,False,True,below_value,DOWN,1.213,1.198,3,1.24,1.4,12700,61.350000000000364,5.75,0.0,5.75,True,True,7600.0,374.6,492.7,109.427,0.2892,115.954,-6.346,False,CONTINUATION
2026-08-04T17:10:00,CRUDEOIL,2026-08-04,train,TRENDING,SHORT,0.99,4.8,C_broke_accepted,False,True,below_value,DOWN,1.213,1.33,4,1.95,2.67,600,66.80000000000018,4.09,-0.01,4.09,True,False,7600.0,402.9,475.9,64.212,0.1578,88.571,3.171,False,CONTINUATION
2026-08-04T17:15:00,CRUDEOIL,2026-08-04,train,TRENDING,SHORT,1.0,5.15,C_broke_accepted,False,True,below_value,DOWN,1.519,1.596,4,3.39,5.35,1600,86.01000000000022,2.21,-0.84,2.21,False,False,7550.0,413.2,479.0,56.878,0.1363,73.568,-10.132,False,CONTINUATION
2026-08-04T17:20:00,CRUDEOIL,2026-08-04,train,TRENDING,SHORT,1.0,7.38,C_broke_accepted,False,True,below_value,DOWN,1.519,1.981,4,2.35,3.88,-12800,65.88000000000011,0.0,-1.7,0.0,False,False,7450.0,398.0,379.9,-25.879,-0.0644,30.82,-32.38,False,CONTINUATION
2026-08-04T17:30:00,CRUDEOIL,2026-08-04,train,TRENDING,LONG,0.931,2.85,C_broke_accepted,False,True,below_value,DOWN,1.196,3.144,2,0.7,1.06,15000,18.109999999999673,2.32,-1.38,2.32,False,False,7400.0,347.5,348.9,-5.564,-0.0159,31.825,-2.075,False,CONTINUATION
2026-08-04T17:35:00,CRUDEOIL,2026-08-04,train,TRENDING,LONG,0.903,2.69,C_broke_accepted,False,True,below_value,DOWN,1.196,3.096,2,0.95,0.81,31200,21.050000000000182,1.0,-2.19,1.0,False,False,7400.0,359.9,348.9,-18.088,-0.0498,19.301,-14.599,False,CONTINUATION
2026-08-04T18:50:00,CRUDEOIL,2026-08-04,train,TRENDING,SHORT,1.0,6.83,C_broke_accepted,False,True,below_value,FLAT,1.083,0.603,3,1.61,4.88,11100,15.970000000000255,2.0,-1.0,2.0,False,False,7300.0,340.0,347.0,0.13,0.0004,27.8,3.6,False,CONTINUATION
2026-08-04T21:05:00,CRUDEOIL,2026-08-04,train,TRENDING,SHORT,0.959,3.27,C_broke_accepted,False,True,below_value,FLAT,1.722,0.783,5,1.39,4.12,-27800,15.470000000000255,0.39,-1.1,0.39,False,False,7200.0,323.7,326.0,-4.197,-0.0128,14.263,-1.237,False,CONTINUATION
2026-08-05T11:00:00,CRUDEOIL,2026-08-05,train,TRENDING,SHORT,1.0,2.75,C_broke_accepted,False,False,inside_value,UP,0.957,0.26,3,1.01,2.3,2300,0.9899999999997817,0.0,-13.13,0.0,False,False,7150.0,329.8,322.0,-14.318,-0.043,0.302,-11.098,False,CONTINUATION
2026-08-05T11:40:00,CRUDEOIL,2026-08-05,train,TRENDING,SHORT,0.906,1.63,B_swept_returned,True,False,near_POC,FLAT,0.871,0.556,1,1.28,1.14,5000,30.659999999999854,0.0,-1.21,0.0,False,False,7150.0,312.8,309.8,-9.226,-0.0292,9.272,-9.728,False,TRAP
2026-08-05T12:30:00,CRUDEOIL,2026-08-05,train,OPENING_DRIVE,LONG,0.952,1.86,C_broke_accepted,False,True,inside_value,UP,1.009,0.402,3,0.76,1.25,2800,21.779999999999745,5.33,-1.1,5.33,True,True,7150.0,319.0,369.7,43.813,0.136,47.51,8.71,False,CONTINUATION
2026-08-05T12:40:00,CRUDEOIL,2026-08-05,train,TRENDING,LONG,0.955,1.86,C_broke_accepted,False,True,above_value,UP,1.009,0.473,4,1.85,2.73,-1000,25.779999999999745,2.79,-1.51,2.79,False,False,7200.0,340.0,308.3,-38.183,-0.1112,44.1,-35.1,False,CONTINUATION
2026-08-05T13:40:00,CRUDEOIL,2026-08-05,train,TRENDING,LONG,0.911,1.79,B_swept_returned,True,False,above_value,DOWN,1.351,0.438,2,0.61,1.19,-500,16.75,0.3,-1.49,0.3,False,False,7250.0,326.8,334.1,0.691,0.0021,9.932,-7.468,False,NEUTRAL
2026-08-05T17:55:00,CRUDEOIL,2026-08-05,train,TRENDING,LONG,1.0,2.5,C_broke_accepted,True,False,near_POC,DOWN,1.0,0.393,4,0.96,1.12,-400,1.050000000000182,11.43,-5.71,11.43,True,True,7250.0,327.1,327.3,-6.344,-0.0192,14.429,-3.071,False,NEUTRAL
2026-08-05T18:30:00,CRUDEOIL,2026-08-05,train,TRENDING,SHORT,0.982,2.29,C_broke_accepted,False,True,inside_value,UP,0.967,0.571,2,1.02,1.82,-3800,8.960000000000036,0.0,-2.01,0.0,False,False,7250.0,333.0,332.9,-6.759,-0.0201,2.27,-10.13,False,CONTINUATION
2026-08-05T19:05:00,CRUDEOIL,2026-08-05,train,FAILED_BREAKOUT,SHORT,1.0,3.0,C_broke_accepted,False,False,inside_value,FLAT,1.0,0.821,4,2.04,1.61,-5100,1.2600000000002183,4.76,-5.56,4.76,True,False,7200.0,322.7,320.6,-8.533,-0.0262,13.673,-6.327,False,CONTINUATION
2026-08-05T19:30:00,CRUDEOIL,2026-08-05,train,FAILED_BREAKOUT,SHORT,0.984,2.43,E_open_space,False,True,inside_value,FLAT,1.0,0.634,3,2.11,0.86,16200,17.020000000000437,0.24,-1.12,0.24,False,False,7150.0,298.0,314.8,10.672,0.0355,19.02,4.22,False,NEUTRAL
2026-08-05T19:35:00,CRUDEOIL,2026-08-05,train,FAILED_BREAKOUT,SHORT,0.992,2.5,A_broke,False,True,below_value,FLAT,1.0,0.571,4,2.03,2.05,5100,24.050000000000182,0.21,-1.75,0.21,False,False,7150.0,310.2,297.2,-19.074,-0.0609,5.198,-20.802,False,NEUTRAL
2026-08-05T20:35:00,CRUDEOIL,2026-08-05,train,FAILED_BREAKOUT,LONG,1.0,3.29,C_broke_accepted,False,False,inside_value,FLAT,1.034,0.571,2,0.8,2.03,-3600,40.38000000000011,0.0,-1.19,0.0,False,False,7150.0,307.7,298.5,-15.262,-0.0491,17.923,-12.277,False,NEUTRAL
2026-08-06T10:30:00,CRUDEOIL,2026-08-06,train,TRENDING,LONG,0.944,1.88,A_broke,True,False,inside_value,,,0.234,2,1.53,1.62,800,0.4499999999998181,6.67,-24.44,6.67,True,True,7150.0,293.7,287.9,-11.616,-0.0392,-1.537,-9.837,False,TRAP
2026-08-06T10:40:00,CRUDEOIL,2026-08-06,train,TRENDING,SHORT,0.9,1.75,C_broke_accepted,False,True,inside_value,,,0.422,2,0.42,1.2,1800,10.420000000000073,0.38,-1.82,0.38,False,False,7150.0,307.2,304.2,-9.114,-0.0294,3.628,-8.472,False,CONTINUATION
2026-08-06T11:30:00,CRUDEOIL,2026-08-06,train,TRENDING,LONG,1.0,3.5,A_broke,False,True,above_value,FLAT,0.857,0.359,3,2.24,2.13,2100,10.840000000000146,6.09,-1.38,6.09,True,True,7150.0,299.3,300.0,-5.293,-0.0175,-1.293,-7.493,False,CONTINUATION
2026-08-06T11:40:00,CRUDEOIL,2026-08-06,train,OPENING_DRIVE,LONG,1.0,3.5,A_broke,False,False,above_value,FLAT,0.857,0.719,3,1.4,1.25,-200,0.8400000000001455,16.67,-4.76,16.67,True,True,7150.0,316.7,318.4,-4.651,-0.0145,-1.467,-10.567,False,NEUTRAL
2026-08-06T11:50:00,CRUDEOIL,2026-08-06,train,OPENING_DRIVE,LONG,0.912,2.25,A_broke,False,False,above_value,UP,1.085,0.984,4,1.42,1.19,10600,0.5399999999999636,31.48,-9.26,31.48,True,True,7150.0,318.4,317.3,-7.457,-0.0232,-1.984,-13.184,False,CONTINUATION
2026-08-06T12:05:00,CRUDEOIL,2026-08-06,train,FAILED_BREAKDOWN,LONG,0.919,2.33,C_broke_accepted,False,False,above_value,UP,1.464,0.861,6,1.28,1.4,-6700,0.6300000000001091,9.52,-9.52,9.52,True,True,7200.0,303.6,303.9,-5.775,-0.0188,-0.036,-6.536,False,NEUTRAL
2026-08-06T13:40:00,CRUDEOIL,2026-08-06,train,FAILED_BREAKDOWN,LONG,0.946,2.2,C_broke_accepted,True,True,above_value,FLAT,1.217,0.537,4,1.51,0.66,2600,2.6599999999998545,2.63,-3.38,2.63,False,False,7200.0,302.2,300.1,-8.123,-0.0266,1.178,-8.522,False,TRAP
2026-08-06T13:55:00,CRUDEOIL,2026-08-06,train,FAILED_BREAKDOWN,SHORT,1.0,2.91,C_broke_accepted,False,True,inside_value,FLAT,1.2,0.511,5,1.12,1.48,7800,16.960000000000036,0.94,-1.36,0.94,False,False,7200.0,307.5,302.9,-10.704,-0.0345,9.925,-9.575,False,CONTINUATION
2026-08-06T14:00:00,CRUDEOIL,2026-08-06,train,FAILED_BREAKDOWN,SHORT,0.9,1.91,A_broke,False,False,inside_value,DOWN,1.137,0.557,4,1.48,3.25,-4100,22.63000000000011,0.44,-1.28,0.44,False,False,7200.0,305.8,302.9,-8.987,-0.0291,11.642,-7.858,False,NEUTRAL
2026-08-06T17:35:00,CRUDEOIL,2026-08-06,train,FAILED_BREAKDOWN,LONG,0.99,2.91,A_broke,False,False,above_value,DOWN,1.043,0.568,5,1.21,0.85,17900,0.9600000000000364,17.71,-1.04,17.71,True,True,7250.0,289.8,292.7,-2.925,-0.01,0.002,-12.498,False,CONTINUATION
2026-08-06T18:35:00,CRUDEOIL,2026-08-06,train,TRENDING,LONG,1.0,4.64,A_broke,True,False,above_value,UP,1.071,0.273,5,1.78,2.84,16700,1.5299999999997453,0.0,-10.46,0.0,False,False,7300.0,304.9,300.2,-10.751,-0.0349,2.851,-9.449,False,TRAP
2026-08-06T20:15:00,CRUDEOIL,2026-08-06,train,TRENDING,LONG,0.904,1.91,C_broke_accepted,False,True,above_value,FLAT,1.038,0.443,4,1.5,1.3,23800,3.630000000000109,0.0,-2.2,0.0,False,False,7300.0,299.0,301.4,-3.604,-0.0119,4.81,-301.99,False,CONTINUATION
2026-08-06T20:45:00,CRUDEOIL,2026-08-06,train,TRENDING,LONG,0.965,2.73,C_broke_accepted,False,True,above_value,FLAT,1.037,0.511,5,1.96,2.09,-1700,6.899999999999636,0.0,-4.35,0.0,False,False,7300.0,330.3,314.1,-22.644,-0.0679,2.297,-21.303,False,CONTINUATION
2026-08-06T20:55:00,CRUDEOIL,2026-08-06,train,TRENDING,SHORT,0.958,2.55,C_broke_accepted,False,False,above_value,FLAT,1.037,0.818,4,0.58,1.22,24500,0.8400000000001455,11.9,-7.14,11.9,True,True,7350.0,314.0,310.2,-10.042,-0.0317,-3.74,-10.64,False,CONTINUATION
2026-08-06T21:20:00,CRUDEOIL,2026-08-06,train,TRENDING,LONG,1.0,7.25,C_broke_accepted,False,False,above_value,DOWN,1.049,0.521,4,4.62,2.39,-500,21.609999999999673,1.25,-2.22,1.25,False,False,7350.0,360.3,319.3,-47.796,-0.1313,7.197,-44.603,False,CONTINUATION
2026-08-06T21:50:00,CRUDEOIL,2026-08-06,train,TRENDING,SHORT,0.929,2.08,A_broke,False,True,above_value,DOWN,1.045,1.25,4,0.68,0.91,14700,16.75,0.48,-1.25,0.48,False,False,7450.0,341.9,332.3,-16.342,-0.0473,-1.619,-15.019,False,CONTINUATION
2026-08-06T23:00:00,CRUDEOIL,2026-08-06,train,TRENDING,SHORT,0.982,3.33,A_broke,False,False,above_value,FLAT,1.0,0.417,2,1.24,2.09,1900,3.199999999999818,0.31,-1.88,0.31,False,False,7400.0,327.8,324.6,-9.724,-0.0294,-2.278,-6.478,False,NEUTRAL
2026-08-07T10:00:00,CRUDEOIL,2026-08-07,train,TRENDING,SHORT,1.0,3.89,A_broke,False,True,NA,,,0.806,3,0.54,1.38,4200,6.050000000000182,0.0,-1.49,0.0,False,False,7500.0,355.0,351.9,-10.169,-0.0284,-3.55,-7.55,False,NEUTRAL
2026-08-07T11:30:00,CRUDEOIL,2026-08-07,train,OPENING_DRIVE,SHORT,0.933,2.88,C_broke_accepted,False,False,below_value,UP,0.917,0.547,3,1.62,1.07,12800,5.6899999999996,0.7,-1.23,0.7,False,False,7450.0,349.0,348.8,-7.178,-0.0204,0.01,-6.29,False,CONTINUATION
2026-08-07T11:50:00,CRUDEOIL,2026-08-07,train,OPENING_DRIVE,SHORT,0.941,2.88,C_broke_accepted,True,True,below_value,DOWN,1.254,0.875,3,1.25,1.17,4500,7.6899999999996,0.39,-2.6,0.39,False,False,7400.0,336.3,328.8,-14.151,-0.0417,-1.663,-10.863,False,TRAP
2026-08-07T12:00:00,CRUDEOIL,2026-08-07,train,FAILED_BREAKOUT,LONG,0.944,2.88,C_broke_accepted,False,True,below_value,UP,1.658,0.969,2,0.83,1.3,4400,12.6899999999996,1.34,-1.58,1.34,False,False,7400.0,339.2,336.7,-9.259,-0.027,13.108,-5.892,False,CONTINUATION
2026-08-07T15:05:00,CRUDEOIL,2026-08-07,train,FAILED_BREAKOUT,SHORT,0.945,2.67,C_broke_accepted,False,True,below_value,DOWN,0.75,0.556,4,2.84,2.46,14100,3.7200000000002547,1.34,-4.03,1.34,False,False,7400.0,341.2,338.4,-9.596,-0.0278,1.888,-6.612,False,CONTINUATION
2026-08-07T18:05:00,CRUDEOIL,2026-08-07,train,TRENDING,SHORT,0.982,2.45,C_broke_accepted,False,True,below_value,FLAT,1.333,0.716,2,1.3,1.51,-9900,14.8100000000004,0.0,-1.15,0.0,False,False,7300.0,289.5,290.8,-4.503,-0.0154,4.305,-4.895,False,CONTINUATION
2026-08-07T19:30:00,CRUDEOIL,2026-08-07,train,FAILED_BREAKOUT,LONG,0.984,2.64,C_broke_accepted,False,True,inside_value,FLAT,1.03,0.591,4,1.53,1.71,2400,21.86999999999989,0.37,-1.65,0.37,False,False,7350.0,309.0,308.0,-7.17,-0.023,23.81,-6.09,False,CONTINUATION
2026-08-07T19:35:00,CRUDEOIL,2026-08-07,train,FAILED_BREAKOUT,LONG,0.945,2.36,C_broke_accepted,True,False,near_POC,FLAT,1.03,0.75,4,1.75,2.81,-11000,5.779999999999745,0.69,-3.81,0.69,False,False,7400.0,307.4,286.0,-27.334,-0.088,3.926,-26.074,False,TRAP
2026-08-07T19:45:00,CRUDEOIL,2026-08-07,train,FAILED_BREAKOUT,SHORT,0.938,2.36,C_broke_accepted,False,False,inside_value,FLAT,1.0,1.125,3,0.61,1.04,42000,1.7799999999997453,0.0,-7.3,0.0,False,False,7400.0,310.3,302.6,-13.829,-0.0441,0.897,-13.403,False,CONTINUATION
2026-08-10T10:10:00,CRUDEOIL,2026-08-10,train,OPENING_DRIVE,SHORT,0.929,1.33,D_failed_immediately,False,False,NA,,,0.347,4,0.9,0.66,2600,22.359999999999673,2.37,-2.06,2.37,False,False,7500.0,299.7,276.3,-29.16,-0.0963,34.803,-27.897,False,NEUTRAL
2026-08-10T10:20:00,CRUDEOIL,2026-08-10,train,OPENING_DRIVE,SHORT,0.938,1.33,A_broke,False,True,below_value,,,0.417,4,0.85,2.31,900,7.359999999999673,0.0,-1.36,0.0,False,False,7500.0,310.0,308.3,-7.883,-0.0252,-2.9,-8.1,False,NEUTRAL
2026-08-10T11:20:00,CRUDEOIL,2026-08-10,train,TRENDING,SHORT,1.0,2.0,C_broke_accepted,False,True,below_value,DOWN,1.727,0.471,1,1.15,2.98,5800,9.510000000000218,0.0,-4.1,0.0,False,False,7450.0,300.9,290.5,-16.314,-0.0537,5.591,-15.909,False,CONTINUATION
2026-08-10T11:30:00,CRUDEOIL,2026-08-10,train,TRENDING,LONG,1.0,4.0,C_broke_accepted,False,False,below_value,DOWN,1.24,0.903,1,0.48,1.29,1100,1.0799999999999272,0.93,-9.26,0.93,False,False,7400.0,313.1,312.6,-6.757,-0.0214,-0.231,-10.531,False,CONTINUATION
2026-08-10T11:45:00,CRUDEOIL,2026-08-10,train,FAILED_BREAKOUT,SHORT,0.909,1.56,C_broke_accepted,False,True,below_value,UP,1.094,0.903,1,1.12,0.6,7200,9.420000000000073,1.27,-1.7,1.27,False,False,7450.0,294.0,288.5,-11.325,-0.0381,5.06,-9.44,False,CONTINUATION
2026-08-10T12:10:00,CRUDEOIL,2026-08-10,train,TRENDING,LONG,0.921,1.56,C_broke_accepted,False,False,below_value,FLAT,1.095,0.542,3,0.97,1.46,8200,0.42000000000007276,38.1,-14.29,38.1,True,True,7400.0,298.9,300.5,-4.394,-0.0146,2.511,-2.589,False,CONTINUATION
2026-08-10T12:30:00,CRUDEOIL,2026-08-10,train,TRENDING,LONG,1.0,4.0,C_broke_accepted,False,True,inside_value,FLAT,1.348,0.389,3,0.72,1.57,-1800,3.0799999999999272,0.32,-1.62,0.32,False,False,7450.0,290.0,297.7,1.823,0.0062,13.1,1.7,False,CONTINUATION
2026-08-10T13:55:00,CRUDEOIL,2026-08-10,train,FAILED_BREAKOUT,LONG,0.915,2.4,C_broke_accepted,False,True,inside_value,FLAT,1.0,0.762,3,1.0,1.8,8700,29.720000000000255,1.62,-1.01,1.62,False,False,7500.0,274.4,265.5,-14.299,-0.0516,36.956,-15.244,False,CONTINUATION
2026-08-10T14:00:00,CRUDEOIL,2026-08-10,train,FAILED_BREAKOUT,LONG,0.967,3.2,A_broke,False,True,above_value,FLAT,0.935,0.5,2,1.12,2.11,24000,15.960000000000036,3.26,-1.63,3.26,True,False,7500.0,288.0,294.8,0.972,0.0033,9.42,-13.38,False,CONTINUATION
2026-08-10T14:50:00,CRUDEOIL,2026-08-10,train,FAILED_BREAKDOWN,SHORT,0.943,2.27,C_broke_accepted,True,False,above_value,UP,1.124,0.489,4,0.76,1.22,9100,7.75,0.0,-2.19,0.0,False,False,7500.0,275.6,274.5,-6.601,-0.0237,-0.256,-9.856,False,TRAP
2026-08-10T16:05:00,CRUDEOIL,2026-08-10,train,FAILED_BREAKDOWN,LONG,0.906,2.09,C_broke_accepted,False,True,above_value,UP,0.897,0.568,3,1.09,1.52,11600,18.6899999999996,0.0,-1.12,0.0,False,False,7550.0,273.7,269.7,-9.434,-0.0341,6.663,-9.837,False,CONTINUATION
2026-08-10T18:25:00,CRUDEOIL,2026-08-10,train,TRENDING,SHORT,0.929,2.09,D_failed_immediately,False,True,above_value,UP,1.065,0.648,1,0.59,1.64,48000,20.6899999999996,0.0,-1.06,0.0,False,False,7600.0,261.4,265.8,-0.872,-0.0033,12.186,0.986,False,NEUTRAL
2026-08-10T19:00:00,CRUDEOIL,2026-08-10,train,FAILED_BREAKDOWN,LONG,0.908,1.83,C_broke_accepted,False,True,above_value,FLAT,1.115,0.583,3,1.58,1.55,17200,4.6599999999998545,45.06,0.0,45.06,True,True,7600.0,263.3,264.8,-3.781,-0.0142,0.667,-3.833,False,CONTINUATION
2026-08-10T19:20:00,CRUDEOIL,2026-08-10,train,TRENDING,LONG,0.984,2.83,C_broke_accepted,False,True,above_value,DOWN,1.097,1.115,1,2.17,2.59,-400,31.020000000000437,0.0,-1.61,0.0,False,False,7650.0,295.5,267.8,-33.333,-0.1117,8.345,-30.655,False,CONTINUATION
2026-08-10T19:25:00,CRUDEOIL,2026-08-10,train,TRENDING,LONG,0.968,2.5,B_swept_returned,True,False,above_value,DOWN,1.097,1.479,0,1.76,1.64,-4800,14.899999999999636,0.0,-2.42,0.0,False,False,7700.0,270.0,244.9,-30.249,-0.1109,0.5,-27.8,False,TRAP
2026-08-10T19:45:00,CRUDEOIL,2026-08-10,train,TRENDING,SHORT,0.922,2.0,C_broke_accepted,False,True,above_value,UP,1.038,1.135,2,0.99,1.16,2300,15.720000000000255,0.51,-1.34,0.51,False,False,7700.0,279.9,276.3,-9.162,-0.0324,-1.699,-10.699,False,CONTINUATION
2026-08-10T22:00:00,CRUDEOIL,2026-08-10,train,TRENDING,LONG,0.923,1.92,A_broke,False,True,above_value,FLAT,1.048,0.406,4,1.64,1.9,-500,9.6899999999996,6.91,0.0,6.91,True,True,7750.0,268.1,278.6,5.033,0.0186,11.619,-7.381,False,CONTINUATION
2026-08-11T10:05:00,CRUDEOIL,2026-08-11,val,TRENDING,LONG,1.0,2.83,C_broke_accepted,False,True,NA,,,0.458,5,1.86,1.77,500,10.510000000000218,21.31,-2.57,21.31,True,True,7850.0,275.3,289.8,8.849,0.0318,26.247,-3.853,False,CONTINUATION
2026-08-11T11:05:00,CRUDEOIL,2026-08-11,val,FAILED_BREAKDOWN,SHORT,1.0,2.71,C_broke_accepted,True,False,above_value,DOWN,1.219,0.643,2,0.3,1.38,1600,1.569999999999709,0.0,-7.64,0.0,False,False,7850.0,279.8,272.4,-12.922,-0.0457,-0.698,-10.198,False,TRAP
2026-08-11T12:00:00,CRUDEOIL,2026-08-11,val,TRENDING,LONG,1.0,8.0,C_broke_accepted,False,False,above_value,UP,1.255,0.633,3,3.3,5.22,100,2.800000000000182,43.21,-2.5,43.21,True,True,7900.0,309.2,302.9,-12.421,-0.0398,2.008,-9.792,False,CONTINUATION
2026-08-11T12:10:00,CRUDEOIL,2026-08-11,val,TRENDING,LONG,0.974,3.0,C_broke_accepted,False,True,above_value,UP,1.255,1.719,3,2.08,1.73,7800,13.720000000000255,0.15,-1.24,0.15,False,False,7950.0,294.1,304.0,3.919,0.0132,9.959,-2.341,False,CONTINUATION
2026-08-11T12:35:00,CRUDEOIL,2026-08-11,val,TRENDING,LONG,0.977,2.89,C_broke_accepted,False,True,above_value,UP,1.161,1.389,3,1.15,1.23,0,13.779999999999745,6.97,-1.67,6.97,True,True,7850.0,342.4,357.3,7.903,0.0229,24.076,-6.024,False,CONTINUATION
2026-08-11T12:50:00,CRUDEOIL,2026-08-11,val,TRENDING,LONG,0.957,2.4,B_swept_returned,True,False,above_value,DOWN,1.181,0.5,2,2.18,1.41,-4300,21.720000000000255,0.0,-1.06,0.0,False,False,8000.0,277.6,283.1,-0.107,-0.0004,9.724,-3.376,False,TRAP
2026-08-11T13:15:00,CRUDEOIL,2026-08-11,val,TRENDING,LONG,0.902,2.0,C_broke_accepted,False,True,above_value,UP,1.361,0.775,3,1.9,0.74,-4800,9.600000000000364,0.62,-1.46,0.62,False,False,8000.0,283.1,279.5,-9.226,-0.0323,5.969,-8.431,False,CONTINUATION
2026-08-11T15:00:00,CRUDEOIL,2026-08-11,val,TRENDING,SHORT,0.944,1.83,A_broke,False,False,above_value,UP,1.068,0.302,3,0.98,1.98,17400,0.6599999999998545,15.15,-3.03,15.15,True,True,8050.0,301.0,289.8,-17.108,-0.0563,-7.51,-14.51,False,NEUTRAL
2026-08-11T15:50:00,CRUDEOIL,2026-08-11,val,TRENDING,SHORT,0.988,2.42,C_broke_accepted,False,True,inside_value,FLAT,1.086,0.469,2,0.94,1.18,77200,30.86999999999989,7.09,-0.65,7.09,True,True,8000.0,268.8,285.4,11.058,0.0407,26.112,3.212,False,CONTINUATION
2026-08-11T15:55:00,CRUDEOIL,2026-08-11,val,TRENDING,SHORT,0.988,3.67,A_broke,False,True,inside_value,FLAT,1.086,0.615,3,1.66,3.21,6100,15.319999999999709,14.69,-0.72,14.69,True,True,8000.0,290.8,285.4,-11.162,-0.038,0.292,-17.208,False,NEUTRAL
2026-08-11T16:15:00,CRUDEOIL,2026-08-11,val,TRENDING,SHORT,0.954,2.0,C_broke_accepted,False,False,inside_value,FLAT,1.0,0.854,2,1.46,0.82,3400,0.7200000000002547,0.0,-13.89,0.0,False,False,7950.0,261.0,258.7,-7.497,-0.0284,4.19,-8.21,False,CONTINUATION
2026-08-11T16:30:00,CRUDEOIL,2026-08-11,val,FAILED_BREAKOUT,SHORT,1.0,11.12,C_broke_accepted,False,False,near_POC,FLAT,0.974,0.83,1,2.52,4.22,1700,16.170000000000073,1.42,-1.61,1.42,False,False,7950.0,339.0,324.0,-21.63,-0.0632,10.31,-21.99,False,CONTINUATION
2026-08-11T16:50:00,CRUDEOIL,2026-08-11,val,FAILED_BREAKOUT,LONG,0.968,2.92,C_broke_accepted,True,True,near_POC,UP,1.102,1.856,2,1.06,0.57,16300,17.140000000000327,0.82,-2.1,0.82,False,False,7800.0,279.1,265.1,-19.442,-0.069,11.509,-16.791,False,TRAP
2026-08-11T17:05:00,CRUDEOIL,2026-08-11,val,FAILED_BREAKOUT,SHORT,0.959,2.85,A_broke,True,False,inside_value,UP,1.102,1.712,2,1.4,0.92,58000,1.1099999999996726,2.7,-18.02,2.7,False,False,7850.0,281.0,265.9,-20.569,-0.0725,-3.91,-19.61,False,TRAP
2026-08-11T17:35:00,CRUDEOIL,2026-08-11,val,FAILED_BREAKOUT,SHORT,0.932,1.85,C_broke_accepted,True,False,near_POC,FLAT,0.973,0.481,3,0.81,1.41,-1400,0.7200000000002547,1.39,-18.06,1.39,False,False,7850.0,271.1,269.3,-7.204,-0.0263,10.589,-8.311,False,TRAP
2026-08-11T17:50:00,CRUDEOIL,2026-08-11,val,FAILED_BREAKOUT,LONG,0.972,3.19,C_broke_accepted,True,False,inside_value,FLAT,1.0,0.426,4,1.35,1.49,9700,1.2899999999999636,0.78,-3.88,0.78,False,False,7850.0,289.8,274.3,-21.141,-0.0722,-5.698,-21.898,False,TRAP
2026-08-11T18:30:00,CRUDEOIL,2026-08-11,val,FAILED_BREAKOUT,SHORT,0.991,5.19,C_broke_accepted,False,False,near_POC,FLAT,0.971,0.407,1,1.67,2.71,5800,5.100000000000364,11.57,-2.75,11.57,True,True,7850.0,279.2,285.4,0.554,0.002,3.408,-3.492,False,CONTINUATION
2026-08-11T19:20:00,CRUDEOIL,2026-08-11,val,FAILED_BREAKOUT,LONG,0.919,1.86,B_swept_returned,True,False,inside_value,DOWN,1.078,0.562,4,0.76,1.23,17100,38.779999999999745,3.84,0.0,3.84,True,False,7750.0,263.5,321.3,51.952,0.1952,71.365,6.865,False,NEUTRAL
2026-08-11T21:00:00,CRUDEOIL,2026-08-11,val,FAILED_BREAKOUT,LONG,0.965,2.86,C_broke_accepted,False,False,inside_value,FLAT,0.971,0.321,5,1.59,2.31,15800,5.199999999999818,4.23,-1.92,4.23,True,False,7900.0,276.8,282.0,-0.388,-0.0014,15.432,2.432,False,CONTINUATION
2026-08-11T21:30:00,CRUDEOIL,2026-08-11,val,FAILED_BREAKOUT,SHORT,0.907,1.71,A_broke,False,True,inside_value,FLAT,1.0,0.812,3,0.55,1.05,4500,7.720000000000255,1.04,-1.3,1.04,False,False,7950.0,276.9,277.1,-5.34,-0.0191,3.831,-4.869,False,CONTINUATION
2026-08-12T10:10:00,CRUDEOIL,2026-08-12,val,OPENING_DRIVE,SHORT,1.0,2.0,A_broke,False,False,NA,,,0.544,4,1.08,1.11,-400,3.5100000000002183,3.7,-1.99,3.7,True,False,8000.0,259.9,261.4,-3.713,-0.0141,-0.699,-3.999,False,CONTINUATION
2026-08-12T10:50:00,CRUDEOIL,2026-08-12,val,OPENING_DRIVE,SHORT,0.955,1.75,C_broke_accepted,False,False,inside_value,DOWN,1.657,0.453,3,0.61,0.42,600,0.42000000000007276,52.38,-19.05,52.38,True,True,8000.0,262.0,262.9,-4.349,-0.0164,0.78,-1.72,False,CONTINUATION
2026-08-12T11:15:00,CRUDEOIL,2026-08-12,val,FAILED_BREAKOUT,LONG,1.0,2.62,C_broke_accepted,False,True,inside_value,UP,1.021,0.625,2,0.73,0.41,1800,10.63000000000011,1.6,-1.22,1.6,False,False,8000.0,259.5,256.4,-8.259,-0.0315,9.905,-5.695,False,CONTINUATION
2026-08-12T11:20:00,CRUDEOIL,2026-08-12,val,FAILED_BREAKOUT,LONG,0.929,1.65,D_failed_immediately,True,True,inside_value,UP,1.021,0.588,1,1.21,1.01,-2800,8.420000000000073,0.0,-2.38,0.0,False,False,8000.0,265.2,263.1,-7.383,-0.0276,4.148,-7.452,False,TRAP
2026-08-12T11:30:00,CRUDEOIL,2026-08-12,val,FAILED_BREAKOUT,SHORT,0.967,2.22,B_swept_returned,True,False,inside_value,UP,0.977,0.75,1,0.57,1.6,-5400,22.600000000000364,1.5,-1.06,1.5,False,False,8000.0,252.7,248.0,-9.707,-0.038,20.273,-16.327,False,TRAP
2026-08-12T12:00:00,CRUDEOIL,2026-08-12,val,FAILED_BREAKOUT,SHORT,1.0,2.74,C_broke_accepted,True,True,below_value,DOWN,0.92,0.434,4,0.76,0.86,3800,11.779999999999745,0.0,-2.8,0.0,False,False,8000.0,266.9,258.1,-14.05,-0.0521,5.931,-11.469,False,TRAP
2026-08-12T12:25:00,CRUDEOIL,2026-08-12,val,FAILED_BREAKOUT,LONG,0.902,1.73,C_broke_accepted,False,True,inside_value,DOWN,0.992,0.557,3,1.08,0.57,-4900,9.569999999999709,0.94,-1.57,0.94,False,False,7950.0,276.9,273.2,-9.201,-0.0329,8.631,-6.469,False,CONTINUATION
2026-08-12T12:30:00,CRUDEOIL,2026-08-12,val,FAILED_BREAKOUT,LONG,0.905,1.65,A_broke,False,True,near_POC,FLAT,1.133,0.511,3,1.26,1.02,-3900,9.569999999999709,0.42,-2.09,0.42,False,False,8000.0,258.8,247.0,-16.858,-0.0645,1.612,-14.388,False,NEUTRAL
2026-08-12T14:05:00,CRUDEOIL,2026-08-12,val,FAILED_BREAKOUT,SHORT,0.951,2.27,A_broke,False,False,below_value,DOWN,1.094,0.75,1,1.46,0.83,6700,1.75,60.57,-2.29,60.57,True,True,8000.0,264.8,264.6,-5.494,-0.0205,-0.648,-6.248,False,CONTINUATION
2026-08-12T14:50:00,CRUDEOIL,2026-08-12,val,TRENDING,SHORT,1.0,5.13,C_broke_accepted,False,True,below_value,DOWN,1.16,0.359,4,1.95,3.65,1900,15.770000000000437,1.2,-1.9,1.2,False,False,7950.0,272.6,257.1,-20.797,-0.0755,5.574,-18.226,False,CONTINUATION
2026-08-12T15:20:00,CRUDEOIL,2026-08-12,val,TRENDING,LONG,0.987,4.08,C_broke_accepted,False,False,below_value,DOWN,1.094,1.0,2,0.73,1.74,26500,1.4700000000002547,8.84,-4.76,8.84,True,True,7900.0,248.1,243.5,-9.516,-0.038,3.819,-7.081,False,CONTINUATION
2026-08-12T16:15:00,CRUDEOIL,2026-08-12,val,FAILED_BREAKOUT,LONG,0.989,4.5,C_broke_accepted,False,True,inside_value,FLAT,1.125,0.375,1,1.26,1.77,8400,6.619999999999891,0.0,-1.51,0.0,False,False,7950.0,241.3,231.8,-14.231,-0.0584,0.587,-11.913,False,CONTINUATION
2026-08-12T18:05:00,CRUDEOIL,2026-08-12,val,FAILED_BREAKOUT,SHORT,0.954,2.25,C_broke_accepted,False,True,inside_value,FLAT,1.0,0.281,2,0.92,2.27,12800,17.8100000000004,4.72,-0.62,4.72,True,False,7950.0,212.9,238.1,20.69,0.0962,23.171,-4.129,False,CONTINUATION
2026-08-12T19:00:00,CRUDEOIL,2026-08-12,val,TRENDING,SHORT,0.908,1.76,C_broke_accepted,False,True,below_value,FLAT,1.105,0.59,3,1.28,0.68,13500,9.659999999999854,3.21,-1.04,3.21,True,False,7950.0,243.2,258.0,9.788,0.0398,12.368,-3.632,False,CONTINUATION
2026-08-12T19:40:00,CRUDEOIL,2026-08-12,val,TRENDING,LONG,0.961,2.15,A_broke,False,False,below_value,FLAT,1.095,0.5,4,1.0,1.2,28300,3.8400000000001455,0.0,-4.17,0.0,False,False,7900.0,218.1,211.2,-11.193,-0.0508,-2.281,-11.081,False,CONTINUATION
2026-08-12T20:15:00,CRUDEOIL,2026-08-12,val,TRENDING,LONG,0.926,1.92,C_broke_accepted,False,False,below_value,FLAT,1.08,0.471,5,0.7,0.45,8600,2.75,18.55,-2.18,18.55,True,True,7900.0,223.3,222.7,-5.06,-0.0224,3.367,-4.833,False,CONTINUATION
2026-08-12T20:30:00,CRUDEOIL,2026-08-12,val,TRENDING,LONG,0.957,2.08,C_broke_accepted,False,False,inside_value,FLAT,1.077,0.471,6,1.64,1.06,3900,3.8100000000004,0.0,-2.89,0.0,False,False,7950.0,213.3,210.0,-7.533,-0.035,-1.033,-8.433,False,CONTINUATION
2026-08-12T22:50:00,CRUDEOIL,2026-08-12,val,FAILED_BREAKOUT,SHORT,0.982,3.08,C_broke_accepted,True,False,below_value,FLAT,1.038,0.521,3,1.1,1.75,-11000,1.1099999999996726,0.0,-9.01,0.0,False,False,7900.0,205.8,203.5,-6.393,-0.0308,-2.258,-10.458,False,NEUTRAL
2026-08-13T22:00:00,CRUDEOIL,2026-08-13,val,TRENDING,SHORT,0.933,2.0,C_broke_accepted,False,True,inside_value,,,0.292,2,1.38,1.28,46300,15.079999999999927,0.53,-1.19,0.53,False,False,7850.0,178.7,168.8,-13.375,-0.0741,-0.687,-13.887,False,CONTINUATION
2026-08-14T11:05:00,CRUDEOIL,2026-08-14,val,OPENING_DRIVE,LONG,1.0,2.71,A_broke,False,False,above_value,FLAT,0.909,0.482,4,2.08,2.53,14700,2.569999999999709,1.95,-1.56,1.95,False,False,7800.0,145.3,142.0,-6.173,-0.0421,-3.753,-10.453,False,CONTINUATION
2026-08-14T11:25:00,CRUDEOIL,2026-08-14,val,TRENDING,LONG,0.966,1.5,C_broke_accepted,False,False,above_value,UP,1.193,0.734,4,1.89,1.39,10600,6.359999999999673,1.1,-2.67,1.1,False,False,7800.0,159.0,152.3,-9.813,-0.0611,5.71,-9.19,False,CONTINUATION
2026-08-14T11:45:00,CRUDEOIL,2026-08-14,val,FAILED_BREAKDOWN,LONG,0.97,2.0,C_broke_accepted,False,False,above_value,UP,1.372,0.906,2,2.23,0.82,-2200,0.47999999999956344,200.0,-2.08,200.0,True,True,7800.0,162.6,158.8,-7.014,-0.0427,2.674,-5.426,False,CONTINUATION
2026-08-14T12:30:00,CRUDEOIL,2026-08-14,val,TRENDING,LONG,1.0,4.71,C_broke_accepted,False,True,above_value,FLAT,1.933,0.353,5,1.69,1.84,-5800,6.199999999999818,5.16,-2.42,5.16,True,True,7850.0,166.9,171.0,0.721,0.0043,2.431,-6.169,False,CONTINUATION
2026-08-14T12:40:00,CRUDEOIL,2026-08-14,val,TRENDING,LONG,0.977,3.41,A_broke,False,True,above_value,FLAT,1.933,0.941,5,1.68,2.27,17300,11.86999999999989,0.0,-1.68,0.0,False,False,7900.0,162.9,149.1,-16.92,-0.1028,-7.729,-15.429,False,NEUTRAL
2026-08-14T13:55:00,CRUDEOIL,2026-08-14,val,TRENDING,SHORT,0.948,2.56,A_broke,False,True,above_value,FLAT,1.087,0.347,3,1.99,1.5,26000,11.6899999999996,13.86,-0.43,13.86,True,True,7900.0,159.9,165.6,2.445,0.0151,7.901,-9.799,False,CONTINUATION
2026-08-14T14:10:00,CRUDEOIL,2026-08-14,val,FAILED_BREAKOUT,LONG,0.918,2.33,C_broke_accepted,False,True,above_value,FLAT,1.125,0.917,3,0.99,1.16,-12600,5.630000000000109,1.42,-1.24,1.42,False,False,7850.0,157.0,157.3,-2.843,-0.0179,4.93,-2.57,False,CONTINUATION
2026-08-14T14:50:00,CRUDEOIL,2026-08-14,val,TRENDING,SHORT,0.913,2.22,A_broke,True,False,inside_value,FLAT,1.03,0.486,4,1.81,1.75,4300,1.6000000000003638,10.62,-3.12,10.62,True,True,7850.0,144.5,140.9,-6.454,-0.0442,6.955,-5.045,False,TRAP
2026-08-14T15:00:00,CRUDEOIL,2026-08-14,val,FAILED_BREAKOUT,LONG,0.944,2.44,C_broke_accepted,False,True,inside_value,FLAT,1.03,0.653,4,0.62,1.55,13000,13.659999999999854,0.0,-1.54,0.0,False,False,7850.0,142.4,147.4,2.102,0.0146,9.176,-6.824,False,CONTINUATION
2026-08-14T16:30:00,CRUDEOIL,2026-08-14,val,FAILED_BREAKOUT,LONG,0.977,2.4,C_broke_accepted,False,False,inside_value,FLAT,0.935,0.6,4,0.89,1.05,61500,0.7200000000002547,22.22,-2.78,22.22,True,True,7800.0,135.3,128.7,-9.24,-0.0676,0.247,-8.653,False,CONTINUATION
2026-08-14T17:30:00,CRUDEOIL,2026-08-14,val,FAILED_BREAKOUT,LONG,0.92,2.1,C_broke_accepted,False,True,inside_value,FLAT,0.964,0.312,2,1.12,1.24,23900,18.63000000000011,0.7,-2.79,0.7,False,False,7800.0,127.8,111.0,-19.188,-0.1487,17.322,-18.078,False,CONTINUATION
2026-08-14T18:00:00,CRUDEOIL,2026-08-14,val,FAILED_BREAKOUT,SHORT,1.0,4.1,A_broke,False,False,near_POC,FLAT,0.963,0.713,2,2.15,1.86,2800,7.229999999999563,3.6,-1.66,3.6,True,False,7800.0,147.6,145.0,-5.526,-0.0371,-1.076,-12.476,False,CONTINUATION
2026-08-14T19:30:00,CRUDEOIL,2026-08-14,val,FAILED_BREAKOUT,LONG,0.968,2.18,C_broke_accepted,False,True,near_POC,DOWN,1.028,0.705,1,1.04,1.74,-16900,8.720000000000255,1.03,-2.64,1.03,False,False,7750.0,133.7,125.7,-10.594,-0.0785,6.563,-9.337,False,CONTINUATION
2026-08-14T20:15:00,CRUDEOIL,2026-08-14,val,FAILED_BREAKOUT,LONG,0.977,2.82,C_broke_accepted,False,True,inside_value,FLAT,0.955,0.716,3,1.25,1.48,-95100,19.93000000000029,0.5,-1.4,0.5,False,False,7800.0,123.7,119.5,-6.632,-0.0531,11.963,-10.537,False,CONTINUATION
2026-08-17T12:45:00,CRUDEOIL,2026-08-17,val,TRENDING,SHORT,1.0,2.22,C_broke_accepted,True,False,below_value,DOWN,0.839,0.333,3,1.09,1.19,10100,2.600000000000364,0.0,-5.0,0.0,False,False,7800.0,75.1,66.5,-10.016,-0.132,0.149,-9.351,False,TRAP
2026-08-17T13:15:00,CRUDEOIL,2026-08-17,val,TRENDING,LONG,0.918,1.89,C_broke_accepted,False,True,near_POC,DOWN,1.207,0.472,2,1.36,0.67,13300,28.51000000000022,0.0,-1.12,0.0,False,False,7800.0,89.4,99.3,8.013,0.0887,15.106,-7.094,False,CONTINUATION
2026-08-17T15:05:00,CRUDEOIL,2026-08-17,val,FAILED_BREAKDOWN,LONG,0.972,2.2,C_broke_accepted,False,False,above_value,DOWN,1.042,0.5,2,1.2,1.71,-27200,0.6599999999998545,9.09,-10.61,9.09,True,True,7900.0,84.4,83.7,-2.381,-0.0279,1.756,-11.744,False,CONTINUATION
2026-08-17T15:20:00,CRUDEOIL,2026-08-17,val,FAILED_BREAKDOWN,LONG,0.973,2.5,C_broke_accepted,False,False,above_value,UP,1.042,0.637,3,2.28,1.51,83700,0.75,8.0,-13.33,8.0,True,True,7950.0,70.6,63.7,-8.243,-0.1156,-0.906,-16.406,False,CONTINUATION
2026-08-17T16:00:00,CRUDEOIL,2026-08-17,val,FAILED_BREAKDOWN,LONG,1.0,3.6,C_broke_accepted,False,True,above_value,UP,1.083,0.475,3,0.8,3.19,21200,11.079999999999927,0.72,-2.62,0.72,False,False,7900.0,73.3,65.7,-8.99,-0.1214,8.667,-11.333,False,CONTINUATION
2026-08-17T17:55:00,CRUDEOIL,2026-08-17,val,FAILED_BREAKOUT,LONG,1.0,4.1,A_broke,False,True,inside_value,FLAT,1.2,0.35,2,1.13,2.46,-13500,11.229999999999563,2.76,-1.78,2.76,False,False,7900.0,65.3,48.4,-18.037,-0.2735,14.447,-18.053,False,CONTINUATION
2026-08-17T18:30:00,CRUDEOIL,2026-08-17,val,FAILED_BREAKDOWN,SHORT,0.929,2.0,C_broke_accepted,False,True,inside_value,FLAT,1.034,0.9,3,1.22,1.26,120800,16.600000000000364,1.02,-1.45,1.02,False,False,7950.0,66.0,62.3,-4.983,-0.0748,17.64,-7.56,False,CONTINUATION
2026-08-17T19:30:00,CRUDEOIL,2026-08-17,val,FAILED_BREAKOUT,SHORT,0.935,2.0,C_broke_accepted,False,False,inside_value,FLAT,0.966,0.425,2,0.99,1.67,21400,8.600000000000364,0.0,-1.28,0.0,False,False,7900.0,54.5,48.9,-6.634,-0.1205,-1.445,-6.145,False,CONTINUATION
2026-08-17T20:45:00,CRUDEOIL,2026-08-17,val,FAILED_BREAKOUT,LONG,0.935,2.0,C_broke_accepted,False,True,inside_value,UP,0.961,0.463,1,1.08,0.92,17700,13.600000000000364,0.0,-1.03,0.0,False,False,7900.0,39.6,34.6,-5.742,-0.1436,6.904,-5.396,False,CONTINUATION
2026-08-17T22:30:00,CRUDEOIL,2026-08-17,val,FAILED_BREAKDOWN,LONG,0.956,2.4,C_broke_accepted,False,True,above_value,FLAT,0.958,0.475,1,2.1,2.18,49800,8.720000000000255,17.55,0.0,17.55,True,True,7900.0,48.0,76.1,26.859,0.554,32.52,9.02,False,CONTINUATION
2026-08-17T22:45:00,CRUDEOIL,2026-08-17,val,TRENDING,LONG,0.969,2.6,A_broke,False,True,above_value,UP,1.007,0.887,2,1.87,1.61,-55100,9.779999999999745,10.94,0.0,10.94,True,True,7950.0,57.8,75.0,15.872,0.2719,21.222,-4.578,False,CONTINUATION
2026-08-17T22:55:00,CRUDEOIL,2026-08-17,val,TRENDING,LONG,0.939,2.3,C_broke_accepted,False,True,above_value,UP,1.007,1.163,2,1.11,0.97,99700,36.6899999999996,1.53,-0.55,1.53,False,False,8000.0,31.2,114.4,81.744,2.5941,82.888,-16.712,False,CONTINUATION
2026-08-17T23:00:00,CRUDEOIL,2026-08-17,val,TRENDING,LONG,0.994,4.0,C_broke_accepted,False,True,above_value,DOWN,1.057,1.45,1,2.32,2.05,-40478400,10.199999999999818,0.0,-2.35,0.0,False,False,8050.0,19.3,7.5,-12.068,-0.6191,0.907,-11.993,False,CONTINUATION
2026-08-17T23:10:00,CRUDEOIL,2026-08-17,val,TRENDING,SHORT,0.94,2.4,C_broke_accepted,True,False,above_value,DOWN,1.057,1.875,0,0.87,0.98,3800,0.7200000000002547,0.0,-26.39,0.0,False,False,8050.0,21.8,0.1,-21.919,-0.9955,3.682,-21.918,False,TRAP
2026-08-17T23:25:00,CRUDEOIL,2026-08-17,val,TRENDING,LONG,0.982,3.18,C_broke_accepted,False,True,above_value,UP,1.084,1.011,2,2.22,0.32,-10300,1.050000000000182,0.0,0.0,0.0,False,False,8050.0,55.0,69.9,13.651,0.2457,14.35,14.35,False,CONTINUATION
2026-08-18T10:30:00,CRUDEOIL,2026-08-18,val,OPENING_DRIVE,LONG,0.941,2.17,A_broke,False,False,inside_value,,,0.292,4,16.33,2.69,-400,0.3900000000003274,2.56,-10.26,2.56,False,False,8150.0,475.9,473.6,-11.795,-0.0245,-3.259,-7.659,False,NEUTRAL
2026-08-18T11:00:00,CRUDEOIL,2026-08-18,val,OPENING_DRIVE,SHORT,0.957,2.67,C_broke_accepted,False,True,inside_value,UP,0.954,0.458,5,0.29,2.76,0,2.4799999999995634,0.0,-1.21,0.0,False,False,8150.0,522.5,520.5,-12.43,-0.0236,-3.425,-7.225,False,CONTINUATION
2026-08-18T14:00:00,CRUDEOIL,2026-08-18,val,FAILED_BREAKOUT,SHORT,0.932,2.0,C_broke_accepted,True,False,inside_value,FLAT,0.947,0.611,3,0.17,1.45,0,3.5399999999999636,3.11,-4.8,3.11,True,False,8150.0,527.8,531.6,-6.794,-0.0127,1.022,-5.278,False,NEUTRAL
2026-08-18T14:15:00,CRUDEOIL,2026-08-18,val,FAILED_BREAKOUT,LONG,0.968,2.78,A_broke,True,False,near_POC,FLAT,1.0,0.806,2,7.33,0.48,700,0.75,0.0,-8.0,0.0,False,False,8150.0,461.0,452.4,-17.734,-0.0381,-4.61,-16.11,False,TRAP
2026-08-18T15:05:00,CRUDEOIL,2026-08-18,val,FAILED_BREAKOUT,SHORT,0.931,2.0,B_swept_returned,True,True,inside_value,FLAT,1.0,0.208,5,0.12,1.75,200,21.539999999999964,0.0,-1.39,0.0,False,False,8100.0,496.8,488.6,-18.054,-0.036,0.232,-15.268,False,TRAP
2026-08-18T15:20:00,CRUDEOIL,2026-08-18,val,FAILED_BREAKOUT,SHORT,0.947,2.1,D_failed_immediately,True,True,below_value,FLAT,1.0,0.25,4,0.31,0.94,0,7.630000000000109,0.0,-1.44,0.0,False,False,8150.0,525.4,529.3,-6.647,-0.0125,1.746,-7.054,False,NEUTRAL
2026-08-18T16:05:00,CRUDEOIL,2026-08-18,val,FAILED_BREAKOUT,SHORT,0.929,1.8,C_broke_accepted,False,True,below_value,FLAT,1.0,0.575,1,0.65,1.39,17800,5.539999999999964,0.0,-3.07,0.0,False,False,8150.0,530.6,528.6,-12.592,-0.0235,-5.106,-12.006,False,CONTINUATION
2026-08-18T17:35:00,CRUDEOIL,2026-08-18,val,FAILED_BREAKOUT,LONG,1.0,4.3,C_broke_accepted,True,False,above_value,FLAT,0.95,0.275,3,0.98,2.93,400,3.2899999999999636,0.0,-4.26,0.0,False,False,8150.0,451.0,452.0,-8.03,-0.0176,0.49,-7.91,False,NEUTRAL
2026-08-18T19:20:00,CRUDEOIL,2026-08-18,val,FAILED_BREAKOUT,LONG,1.0,4.4,A_broke,True,True,above_value,DOWN,1.047,0.925,3,1.77,0.9,1100,1.319999999999709,0.0,-28.79,0.0,False,False,8150.0,453.0,430.9,-30.939,-0.0676,-4.53,-26.63,False,TRAP
2026-08-18T19:30:00,CRUDEOIL,2026-08-18,val,FAILED_BREAKOUT,SHORT,0.984,3.8,C_broke_accepted,False,True,inside_value,DOWN,1.035,0.95,4,0.48,0.99,-400,16.140000000000327,0.0,-1.18,0.0,False,False,8150.0,494.4,497.6,-6.72,-0.0135,-1.044,-9.544,False,CONTINUATION
2026-08-18T20:30:00,CRUDEOIL,2026-08-18,val,FAILED_BREAKDOWN,SHORT,0.963,3.27,A_broke,True,False,inside_value,DOWN,1.029,0.898,1,0.37,1.19,3200,2.0799999999999272,6.25,-12.02,6.25,True,True,8150.0,486.0,481.2,-14.472,-0.0295,-5.46,-10.86,False,TRAP
2026-08-19T10:25:00,CRUDEOIL,2026-08-19,val,OPENING_DRIVE,SHORT,1.0,2.67,A_broke,False,False,below_value,,,0.375,4,0.61,1.33,200,0.47999999999956344,0.0,-2.08,0.0,False,False,8200.0,502.3,504.5,-7.868,-0.0155,-2.723,-6.823,False,NEUTRAL
2026-08-19T11:00:00,CRUDEOIL,2026-08-19,val,OPENING_DRIVE,LONG,0.957,2.17,B_swept_returned,True,True,near_POC,FLAT,2.099,0.333,4,1.55,0.73,-500,16.390000000000327,1.65,-1.22,1.65,False,False,8200.0,425.2,425.0,-8.702,-0.0203,11.548,-6.852,False,TRAP
2026-08-19T11:35:00,CRUDEOIL,2026-08-19,val,TRENDING,SHORT,1.0,4.29,B_swept_returned,True,False,above_value,FLAT,1.0,0.786,6,0.31,2.71,-1700,25.899999999999636,0.77,-1.12,0.77,False,False,8200.0,490.7,496.2,-4.369,-0.0088,13.893,-10.607,False,NEUTRAL
2026-08-19T11:55:00,CRUDEOIL,2026-08-19,val,FAILED_BREAKOUT,SHORT,0.912,1.73,C_broke_accepted,True,False,below_value,DOWN,1.188,0.783,3,0.71,0.56,-600,0.3900000000003274,15.38,-33.33,15.38,True,True,8200.0,503.9,498.0,-15.919,-0.0313,0.561,-11.939,False,TRAP
2026-08-19T12:50:00,CRUDEOIL,2026-08-19,val,FAILED_BREAKOUT,SHORT,0.956,2.88,C_broke_accepted,False,True,near_POC,FLAT,1.0,0.516,4,0.18,1.85,0,16.6899999999996,1.68,-2.64,1.68,False,False,8200.0,496.2,472.0,-33.882,-0.0676,7.838,-29.262,False,CONTINUATION
2026-08-19T14:25:00,CRUDEOIL,2026-08-19,val,FAILED_BREAKOUT,LONG,1.0,4.25,C_broke_accepted,False,False,above_value,DOWN,1.047,0.672,3,2.92,3.78,-2300,1.0200000000004366,50.0,-10.78,50.0,True,True,8200.0,430.0,426.0,-12.56,-0.0289,3.1,-10.3,False,CONTINUATION
2026-08-19T14:35:00,CRUDEOIL,2026-08-19,val,FAILED_BREAKDOWN,LONG,0.955,2.82,C_broke_accepted,True,False,above_value,DOWN,1.07,1.309,3,12.57,1.72,200,0.7199999999993452,22.22,-22.22,22.22,True,True,8250.0,418.8,419.4,-7.782,-0.0184,7.512,-3.588,False,NEUTRAL
2026-08-19T14:50:00,CRUDEOIL,2026-08-19,val,TRENDING,SHORT,0.971,3.11,C_broke_accepted,False,True,above_value,DOWN,1.105,1.417,2,0.59,0.52,3800,5.8400000000001455,4.28,-1.03,4.28,True,False,8250.0,504.1,503.0,-11.171,-0.0219,-4.941,-6.941,False,CONTINUATION
2026-08-19T15:00:00,CRUDEOIL,2026-08-19,val,FAILED_BREAKOUT,SHORT,0.915,2.56,C_broke_accepted,True,False,above_value,DOWN,1.228,1.069,3,0.48,0.94,100,0.6900000000005093,1.45,-14.49,1.45,False,False,8200.0,482.9,470.0,-22.429,-0.046,-3.529,-17.729,False,TRAP
2026-08-19T18:00:00,CRUDEOIL,2026-08-19,val,FAILED_BREAKOUT,SHORT,0.953,2.4,C_broke_accepted,False,True,below_value,FLAT,1.0,0.525,1,0.39,1.02,600,65.72000000000025,0.08,-1.28,0.08,False,False,8150.0,469.8,465.5,-13.653,-0.0288,30.602,-8.998,False,CONTINUATION
2026-08-19T18:05:00,CRUDEOIL,2026-08-19,val,FAILED_BREAKOUT,SHORT,1.0,6.5,C_broke_accepted,False,False,below_value,FLAT,1.0,0.662,2,0.88,1.91,7200,1.949999999999818,3.08,-3.08,3.08,True,False,8150.0,504.9,490.4,-24.453,-0.048,-4.849,-28.049,False,CONTINUATION
2026-08-19T18:25:00,CRUDEOIL,2026-08-19,val,TRENDING,LONG,0.911,2.3,C_broke_accepted,False,True,below_value,UP,1.086,1.425,4,0.94,0.53,1700,32.6899999999996,5.78,-0.7,5.78,True,True,8100.0,403.9,461.3,48.748,0.1195,53.361,-1.739,False,CONTINUATION
2026-08-19T18:30:00,CRUDEOIL,2026-08-19,val,FAILED_BREAKOUT,LONG,0.973,3.2,C_broke_accepted,False,False,below_value,UP,1.086,1.188,4,2.17,1.05,-3800,13.960000000000036,14.26,-0.79,14.26,True,True,8100.0,424.0,423.8,-8.678,-0.0203,7.16,-17.04,False,CONTINUATION
2026-08-19T18:35:00,CRUDEOIL,2026-08-19,val,FAILED_BREAKOUT,SHORT,0.956,2.9,A_broke,False,True,below_value,UP,1.086,1.188,3,0.55,1.61,200,9.86999999999989,0.3,-3.04,0.3,False,False,8200.0,504.9,495.3,-19.602,-0.0384,-2.249,-16.649,False,NEUTRAL
2026-08-19T21:30:00,CRUDEOIL,2026-08-19,val,FAILED_BREAKDOWN,LONG,0.926,2.45,D_failed_immediately,False,True,above_value,FLAT,1.167,0.352,2,1.44,1.0,-200,3.8099999999994907,1.31,-2.62,1.31,False,False,8300.0,390.0,393.3,-4.533,-0.0115,0.7,-8.9,False,NEUTRAL
2026-08-20T10:15:00,CRUDEOIL,2026-08-20,val,TRENDING,SHORT,1.0,2.5,C_broke_accepted,False,True,below_value,,,0.292,4,1.04,1.45,5400,5.449999999999818,0.0,-1.47,0.0,False,False,8100.0,431.8,432.3,-8.141,-0.0187,-0.518,-5.118,False,CONTINUATION
2026-08-20T11:25:00,CRUDEOIL,2026-08-20,val,TRENDING,SHORT,0.931,1.71,C_broke_accepted,False,False,inside_value,FLAT,1.083,0.625,2,0.78,1.36,-5100,4.359999999999673,1.61,-1.83,1.61,False,False,8100.0,426.6,424.0,-11.106,-0.0258,0.134,-6.866,False,CONTINUATION
2026-08-20T12:05:00,CRUDEOIL,2026-08-20,val,TRENDING,LONG,1.0,2.29,C_broke_accepted,False,False,above_value,FLAT,0.92,0.446,1,1.11,0.94,100,4.479999999999563,61.16,0.0,61.16,True,True,8100.0,444.0,446.2,-6.702,-0.0149,0.46,-7.84,False,CONTINUATION
2026-08-20T12:30:00,CRUDEOIL,2026-08-20,val,TRENDING,LONG,1.0,2.29,A_broke,False,False,above_value,DOWN,1.138,0.607,3,5.34,2.35,3100,3.4799999999995634,2.59,-2.01,2.59,False,False,8150.0,438.3,440.0,-7.083,-0.016,-0.783,-9.483,False,CONTINUATION
2026-08-20T12:45:00,CRUDEOIL,2026-08-20,val,TRENDING,LONG,1.0,3.57,C_broke_accepted,False,True,above_value,UP,1.082,1.0,4,2.08,1.36,1100,5.75,5.57,-2.78,5.57,True,True,8150.0,453.4,460.0,-2.534,-0.0055,5.866,-5.634,False,CONTINUATION
2026-08-20T13:30:00,CRUDEOIL,2026-08-20,val,TRENDING,SHORT,0.981,2.8,A_broke,True,False,above_value,DOWN,1.536,0.617,3,2.07,2.27,4800,8.6299999999992,0.0,-5.33,0.0,False,False,8200.0,441.3,419.9,-30.012,-0.0673,-6.113,-25.813,False,TRAP
2026-08-20T13:55:00,CRUDEOIL,2026-08-20,val,TRENDING,LONG,0.966,2.62,C_broke_accepted,False,False,above_value,FLAT,1.667,1.031,2,1.43,3.45,-700,10.6299999999992,0.56,-1.13,0.56,False,False,8250.0,448.5,456.6,-0.951,-0.0021,7.015,-4.385,False,CONTINUATION
2026-08-20T15:15:00,CRUDEOIL,2026-08-20,val,TRENDING,LONG,0.973,2.47,C_broke_accepted,False,True,above_value,UP,1.095,0.471,3,0.8,1.49,300,12.6299999999992,1.03,-1.03,1.03,False,False,8300.0,448.5,451.3,-6.198,-0.0137,13.315,-2.885,False,CONTINUATION
2026-08-20T15:20:00,CRUDEOIL,2026-08-20,val,TRENDING,LONG,0.92,2.11,C_broke_accepted,True,True,above_value,UP,1.095,0.444,3,1.23,1.95,10800,4.569999999999709,0.0,-5.03,0.0,False,False,8300.0,456.5,451.3,-14.278,-0.031,5.235,-10.965,False,TRAP
2026-08-20T15:30:00,CRUDEOIL,2026-08-20,val,TRENDING,SHORT,0.974,2.56,C_broke_accepted,False,False,above_value,DOWN,1.111,0.736,2,0.78,2.02,33800,0.6900000000005093,2.9,-7.25,2.9,False,False,8300.0,455.5,449.1,-15.446,-0.0336,-1.055,-11.755,False,CONTINUATION
2026-08-20T17:40:00,CRUDEOIL,2026-08-20,val,TRENDING,LONG,0.932,2.22,C_broke_accepted,False,True,above_value,DOWN,1.057,0.403,2,1.09,1.79,1500,10.600000000000364,0.57,-1.42,0.57,False,False,8350.0,469.2,475.0,-3.642,-0.0077,13.108,-4.692,False,CONTINUATION
2026-08-20T18:10:00,CRUDEOIL,2026-08-20,val,TRENDING,SHORT,0.991,3.44,C_broke_accepted,False,True,above_value,UP,1.042,0.556,3,0.97,1.88,12400,18.93000000000029,5.49,-0.42,5.49,True,True,8400.0,478.2,505.2,17.166,0.0355,30.418,-2.382,False,CONTINUATION
2026-08-20T18:25:00,CRUDEOIL,2026-08-20,val,TRENDING,SHORT,0.901,2.0,B_swept_returned,True,True,above_value,UP,1.024,1.181,2,0.83,1.16,-4400,28.540000000000873,0.6,-1.26,0.6,False,False,8300.0,433.5,431.5,-10.65,-0.0243,9.365,-10.635,False,TRAP
2026-08-20T19:30:00,CRUDEOIL,2026-08-20,val,TRENDING,LONG,0.903,2.11,C_broke_accepted,True,True,above_value,FLAT,1.0,0.819,4,1.12,0.74,8700,8.569999999999709,0.0,-3.27,0.0,False,False,8300.0,447.0,439.4,-16.464,-0.0365,0.13,-14.47,False,TRAP
2026-08-20T19:40:00,CRUDEOIL,2026-08-20,val,TRENDING,SHORT,0.968,2.44,C_broke_accepted,False,True,inside_value,FLAT,1.0,0.819,3,0.72,1.23,1300,31.659999999999854,1.07,-1.3,1.07,False,False,8300.0,447.2,449.6,-6.568,-0.0145,27.228,-7.972,False,CONTINUATION
2026-08-20T19:45:00,CRUDEOIL,2026-08-20,val,TRENDING,SHORT,0.992,3.44,C_broke_accepted,False,True,inside_value,FLAT,1.0,0.625,3,1.47,1.43,2200,38.93000000000029,0.0,-1.08,0.0,False,False,8300.0,460.9,466.2,-3.971,-0.0085,13.391,-6.009,False,CONTINUATION
2026-08-20T19:50:00,CRUDEOIL,2026-08-20,val,TRENDING,SHORT,1.0,4.0,A_broke,False,False,inside_value,FLAT,1.0,0.816,2,1.4,2.21,-4900,5.139999999999418,0.0,-3.11,0.0,False,False,8250.0,451.3,436.3,-23.876,-0.0524,-7.313,-21.413,False,NEUTRAL
2026-08-20T20:40:00,CRUDEOIL,2026-08-20,val,TRENDING,LONG,0.993,3.7,D_failed_immediately,False,False,inside_value,FLAT,1.0,0.512,3,0.91,1.54,-1300,3.110000000000582,2.89,-1.29,2.89,False,False,8250.0,455.0,461.0,-3.16,-0.0069,1.45,-4.55,False,NEUTRAL
2026-08-20T21:00:00,CRUDEOIL,2026-08-20,val,TRENDING,LONG,0.937,2.1,C_broke_accepted,False,True,above_value,FLAT,0.97,0.762,3,1.92,1.08,1400,9.6299999999992,1.14,-2.08,1.14,False,False,8300.0,450.9,442.8,-17.037,-0.0374,7.791,-12.709,False,CONTINUATION
2026-08-20T21:35:00,CRUDEOIL,2026-08-20,val,TRENDING,LONG,0.966,2.8,A_broke,False,False,near_POC,UP,1.094,0.575,1,1.21,1.49,-2500,1.8400000000001455,0.0,-2.72,0.0,False,False,8300.0,455.9,447.1,-17.83,-0.0387,-5.659,-13.359,False,NEUTRAL
2026-08-20T22:00:00,CRUDEOIL,2026-08-20,val,TRENDING,SHORT,0.955,2.5,B_swept_returned,True,False,near_POC,FLAT,0.914,0.5,4,0.75,1.56,-2300,9.75,4.41,-1.13,4.41,True,False,8300.0,448.5,457.9,0.336,0.0007,5.915,-2.885,False,NEUTRAL
2026-08-20T22:35:00,CRUDEOIL,2026-08-20,val,TRENDING,LONG,0.944,2.3,C_broke_accepted,False,True,inside_value,FLAT,0.938,0.875,2,0.71,1.73,4200,12.69000000000051,2.92,-0.47,2.92,False,False,8250.0,449.2,465.5,7.153,0.0158,22.908,-2.492,False,CONTINUATION
2026-08-21T10:10:00,CRUDEOIL,2026-08-21,val,TRENDING,SHORT,0.929,1.38,C_broke_accepted,False,True,NA,,,0.327,2,0.62,0.82,-300,5.270000000000437,5.31,-1.52,5.31,True,True,8300.0,450.2,457.3,-1.975,-0.0043,2.598,-4.002,False,CONTINUATION
2026-08-21T10:25:00,CRUDEOIL,2026-08-21,val,OPENING_DRIVE,SHORT,1.0,1.71,C_broke_accepted,False,True,below_value,,,0.375,1,1.49,2.57,400,8.360000000000582,0.36,-1.91,0.36,False,False,8300.0,462.8,459.2,-12.82,-0.0274,-0.028,-9.428,False,CONTINUATION
2026-08-21T10:55:00,CRUDEOIL,2026-08-21,val,FAILED_BREAKOUT,LONG,1.0,2.57,C_broke_accepted,False,False,near_POC,UP,1.706,0.589,1,1.29,1.22,1600,7.540000000000873,0.0,-1.19,0.0,False,False,8300.0,442.8,438.4,-13.212,-0.0295,-2.828,-10.628,False,CONTINUATION
2026-08-21T11:20:00,CRUDEOIL,2026-08-21,val,FAILED_BREAKOUT,SHORT,0.929,1.71,C_broke_accepted,False,True,below_value,DOWN,1.125,0.589,2,1.33,0.43,1600,5.360000000000582,0.93,-1.87,0.93,False,False,8300.0,454.6,458.7,-5.033,-0.011,3.254,-1.746,False,CONTINUATION
2026-08-21T12:40:00,CRUDEOIL,2026-08-21,val,FAILED_BREAKOUT,SHORT,0.977,2.5,C_broke_accepted,True,False,below_value,FLAT,0.885,0.562,5,0.82,1.16,1400,11.600000000000364,0.0,-1.03,0.0,False,False,8250.0,428.0,428.0,-8.56,-0.0198,1.12,-5.08,False,NEUTRAL
2026-08-21T13:45:00,CRUDEOIL,2026-08-21,val,FAILED_BREAKDOWN,SHORT,0.965,2.78,C_broke_accepted,False,True,inside_value,UP,0.994,0.806,3,0.81,0.63,500,12.75,3.53,-1.25,3.53,True,False,8300.0,451.7,470.1,9.182,0.0201,13.883,-8.117,False,CONTINUATION
2026-08-21T15:30:00,CRUDEOIL,2026-08-21,val,FAILED_BREAKOUT,LONG,1.0,3.78,C_broke_accepted,False,True,above_value,UP,1.0,0.625,1,4.72,4.33,900,29.020000000000437,0.55,-1.9,0.55,False,False,8300.0,464.0,445.9,-27.199,-0.058,23.16,-22.74,False,CONTINUATION
2026-08-21T15:35:00,CRUDEOIL,2026-08-21,val,TRENDING,LONG,0.987,3.11,C_broke_accepted,False,True,above_value,UP,1.0,1.111,2,2.75,5.38,6900,3.8400000000001455,1.04,-4.95,1.04,False,False,8350.0,456.7,456.0,-9.827,-0.0213,7.433,-14.567,False,CONTINUATION
2026-08-21T15:45:00,CRUDEOIL,2026-08-21,val,TRENDING,LONG,0.938,2.3,A_broke,False,False,above_value,UP,1.039,1.363,2,1.04,1.44,-6400,0.6900000000005093,1.45,-47.83,1.45,False,False,8300.0,478.0,445.9,-41.339,-0.0856,-3.48,-36.88,False,NEUTRAL
2026-08-21T15:55:00,CRUDEOIL,2026-08-21,val,FAILED_BREAKDOWN,SHORT,1.0,3.4,A_broke,False,False,above_value,UP,1.039,1.238,3,1.09,0.92,1500,1.0200000000004366,14.71,-9.8,14.71,True,True,8350.0,466.0,458.0,-17.24,-0.0366,-7.66,-12.66,False,NEUTRAL
2026-08-21T16:50:00,CRUDEOIL,2026-08-21,val,FAILED_BREAKDOWN,SHORT,1.0,4.45,C_broke_accepted,False,True,above_value,FLAT,1.091,0.5,1,0.9,1.75,13500,21.469999999999345,1.07,-1.07,1.07,False,False,8350.0,464.5,468.9,-4.934,-0.0105,15.855,-4.145,False,CONTINUATION
2026-08-21T20:20:00,CRUDEOIL,2026-08-21,val,FAILED_BREAKOUT,LONG,0.912,2.0,C_broke_accepted,True,True,inside_value,FLAT,1.0,0.438,3,1.2,0.55,4200,0.7199999999993452,0.0,-31.94,0.0,False,False,8300.0,442.6,427.5,-23.801,-0.0532,-4.026,-19.526,False,TRAP
2026-08-21T20:40:00,CRUDEOIL,2026-08-21,val,FAILED_BREAKOUT,LONG,0.979,2.42,C_broke_accepted,False,True,inside_value,FLAT,0.947,0.573,3,1.36,1.72,26900,22.8700000000008,0.35,-1.31,0.35,False,False,8300.0,439.8,431.0,-17.508,-0.0394,5.802,-13.198,False,CONTINUATION
2026-08-21T21:50:00,CRUDEOIL,2026-08-21,val,FAILED_BREAKOUT,LONG,0.955,2.25,B_swept_returned,True,True,above_value,FLAT,1.0,0.292,2,0.99,0.07,900,25.80999999999949,1.9,-0.5,1.9,False,False,,,,,,,,,TRAP
2026-08-24T11:00:00,CRUDEOIL,2026-08-24,oos,TRENDING,LONG,1.0,2.67,E_open_space,True,True,inside_value,FLAT,0.955,0.458,5,1.06,2.07,700,10.479999999999563,0.1,-1.53,0.1,False,False,8200.0,419.3,415.9,-11.752,-0.0278,1.107,-7.893,False,NEUTRAL
2026-08-24T11:25:00,CRUDEOIL,2026-08-24,oos,OPENING_DRIVE,SHORT,0.931,1.83,C_broke_accepted,False,True,inside_value,UP,0.951,0.521,3,0.76,0.83,3400,12.329999999999927,3.49,-1.22,3.49,True,False,8200.0,412.0,429.4,8.986,0.0216,13.38,-5.62,False,CONTINUATION
2026-08-24T11:30:00,CRUDEOIL,2026-08-24,oos,TRENDING,SHORT,0.967,2.0,C_broke_accepted,False,False,below_value,UP,1.006,0.521,3,0.65,0.8,-1600,0.3600000000005821,119.44,-41.67,119.44,True,True,8200.0,414.6,415.5,-7.401,-0.0177,0.954,-4.146,False,CONTINUATION
2026-08-24T11:40:00,CRUDEOIL,2026-08-24,oos,TRENDING,SHORT,0.938,2.17,C_broke_accepted,True,False,below_value,UP,1.006,0.792,3,0.87,1.57,-2500,0.3900000000003274,0.0,-17.95,0.0,False,False,8200.0,424.4,424.0,-8.884,-0.0207,-0.944,-7.644,False,TRAP
2026-08-24T12:00:00,CRUDEOIL,2026-08-24,oos,TRENDING,SHORT,1.0,3.29,C_broke_accepted,True,True,below_value,DOWN,1.259,0.786,0,1.23,1.07,300,3.6899999999996,1.63,-3.25,1.63,False,False,8200.0,424.9,424.0,-9.389,-0.0219,-0.349,-9.149,False,NEUTRAL
2026-08-24T13:10:00,CRUDEOIL,2026-08-24,oos,TRENDING,LONG,1.0,4.38,C_broke_accepted,False,True,near_POC,UP,1.939,0.422,5,1.87,1.69,-600,26.049999999999272,0.0,-1.27,0.0,False,False,8200.0,417.1,406.3,-19.034,-0.0452,3.729,-14.971,False,CONTINUATION
2026-08-24T14:45:00,CRUDEOIL,2026-08-24,oos,TRENDING,LONG,0.985,2.76,C_broke_accepted,False,True,inside_value,DOWN,1.24,0.857,2,1.68,0.65,1900,10.86999999999989,0.83,-2.58,0.83,False,False,8150.0,424.4,418.0,-14.824,-0.0346,1.356,-15.244,False,CONTINUATION
2026-08-24T15:15:00,CRUDEOIL,2026-08-24,oos,FAILED_BREAKOUT,SHORT,0.959,2.27,D_failed_immediately,True,True,below_value,FLAT,1.0,0.682,2,1.29,0.91,-1000,16.75,0.84,-1.19,0.84,False,False,8150.0,396.7,390.4,-14.171,-0.0354,5.733,-10.267,False,NEUTRAL
2026-08-24T17:00:00,CRUDEOIL,2026-08-24,oos,FAILED_BREAKOUT,SHORT,0.979,2.8,C_broke_accepted,False,True,inside_value,FLAT,1.0,0.475,1,0.81,1.93,-1400,14.840000000000146,0.47,-1.15,0.47,False,False,8200.0,415.7,415.2,-8.809,-0.021,3.143,-9.057,False,CONTINUATION
2026-08-24T18:55:00,CRUDEOIL,2026-08-24,oos,FAILED_BREAKDOWN,LONG,0.975,2.55,C_broke_accepted,True,True,above_value,FLAT,0.958,0.386,4,1.66,1.58,700,6.8400000000001455,1.02,-1.17,1.02,False,False,8200.0,413.0,417.7,-3.607,-0.0086,2.87,-6.13,False,NEUTRAL
2026-08-24T19:20:00,CRUDEOIL,2026-08-24,oos,FAILED_BREAKDOWN,SHORT,0.992,3.45,A_broke,True,False,inside_value,UP,1.021,0.568,1,0.71,1.19,-600,30.139999999999418,2.46,-0.4,2.46,False,False,8200.0,396.0,420.1,15.939,0.0399,40.94,-3.06,False,TRAP
2026-08-24T19:55:00,CRUDEOIL,2026-08-24,oos,TRENDING,SHORT,0.977,3.0,A_broke,True,False,below_value,FLAT,0.953,0.602,4,0.79,2.59,-800,2.9899999999997817,1.34,-1.0,1.34,False,False,8150.0,395.0,388.6,-14.236,-0.0357,-6.95,-11.65,False,TRAP
2026-08-24T20:55:00,CRUDEOIL,2026-08-24,oos,TRENDING,SHORT,1.0,4.73,C_broke_accepted,True,False,below_value,FLAT,1.048,0.375,3,0.91,3.39,-200,6.5600000000004,0.61,-2.29,0.61,False,False,8150.0,409.6,401.9,-15.815,-0.0382,-2.196,-13.396,False,NEUTRAL
2026-08-25T10:10:00,CRUDEOIL,2026-08-25,oos,OPENING_DRIVE,SHORT,1.0,2.2,A_broke,False,True,NA,,,0.825,2,1.27,1.65,400,2.3299999999999272,0.43,-1.72,0.43,False,False,8150.0,386.1,386.0,-7.821,-0.0201,-2.561,-4.561,False,NEUTRAL
2026-08-25T11:00:00,CRUDEOIL,2026-08-25,oos,TRENDING,LONG,1.0,3.2,C_broke_accepted,True,False,below_value,DOWN,1.492,0.525,3,1.11,2.35,700,6.479999999999563,0.0,-1.23,0.0,False,False,8150.0,385.2,386.5,-6.417,-0.0165,0.748,-4.152,False,TRAP
2026-08-25T11:15:00,CRUDEOIL,2026-08-25,oos,TRENDING,SHORT,1.0,5.8,C_broke_accepted,False,True,below_value,DOWN,1.195,0.625,2,1.15,1.33,900,19.86999999999989,16.21,-0.4,16.21,True,True,8150.0,401.8,410.1,0.181,0.0004,20.982,-7.918,False,CONTINUATION
2026-08-25T11:20:00,CRUDEOIL,2026-08-25,oos,TRENDING,SHORT,0.964,4.2,C_broke_accepted,False,True,below_value,DOWN,1.195,0.925,2,1.49,2.45,1300,10.63000000000011,2.92,-1.22,2.92,False,False,8100.0,378.2,375.8,-9.94,-0.026,14.218,-6.182,False,CONTINUATION
2026-08-25T11:25:00,CRUDEOIL,2026-08-25,oos,TRENDING,SHORT,0.966,4.6,C_broke_accepted,False,True,below_value,DOWN,1.195,1.25,1,1.37,1.77,-1300,12.6899999999996,1.81,-1.65,1.81,False,False,8100.0,383.2,375.8,-14.99,-0.0387,9.168,-11.232,False,CONTINUATION
2026-08-25T12:05:00,CRUDEOIL,2026-08-25,oos,TRENDING,LONG,0.973,3.86,A_broke,True,False,below_value,UP,1.029,0.732,1,1.02,1.4,5800,2.8100000000004,3.91,-8.19,3.91,True,False,8100.0,383.6,380.9,-10.345,-0.0267,-5.436,-12.436,False,TRAP
2026-08-25T12:20:00,CRUDEOIL,2026-08-25,oos,TRENDING,SHORT,1.0,4.14,C_broke_accepted,False,False,below_value,UP,1.061,0.786,3,1.19,0.74,-300,4.869999999999891,0.41,-1.03,0.41,False,False,8100.0,395.6,395.3,-8.209,-0.0205,-2.756,-7.556,False,CONTINUATION
2026-08-25T13:50:00,CRUDEOIL,2026-08-25,oos,TRENDING,SHORT,1.0,10.25,C_broke_accepted,False,False,below_value,FLAT,1.0,0.531,3,1.42,4.0,800,8.460000000000036,0.83,-2.01,0.83,False,False,8050.0,391.0,394.1,-4.751,-0.012,1.29,-18.21,False,CONTINUATION
2026-08-25T14:00:00,CRUDEOIL,2026-08-25,oos,TRENDING,SHORT,0.917,3.0,C_broke_accepted,False,False,below_value,DOWN,1.011,1.766,3,1.22,1.96,-1700,2.7200000000002547,84.56,0.0,84.56,True,True,8100.0,422.5,420.8,-10.133,-0.0237,0.675,-8.925,False,CONTINUATION
2026-08-25T14:25:00,CRUDEOIL,2026-08-25,oos,TRENDING,SHORT,0.969,2.9,A_broke,False,False,below_value,DOWN,1.012,1.788,2,1.32,3.14,400,4.869999999999891,32.65,0.0,32.65,True,True,7950.0,371.9,368.7,-10.606,-0.0282,-4.219,-8.319,False,CONTINUATION
2026-08-25T15:00:00,CRUDEOIL,2026-08-25,oos,TRENDING,SHORT,0.986,3.4,C_broke_accepted,False,True,below_value,UP,1.137,1.012,3,1.21,1.08,14200,12.020000000000437,2.41,-1.91,2.41,False,False,7900.0,370.8,368.8,-9.396,-0.0251,18.992,-8.708,False,CONTINUATION
2026-08-25T15:30:00,CRUDEOIL,2026-08-25,oos,TRENDING,LONG,0.974,3.14,C_broke_accepted,False,False,below_value,UP,0.994,0.833,3,0.99,1.79,11900,4.989999999999782,1.6,-1.4,1.6,False,False,7850.0,381.0,387.9,-0.789,-0.0021,3.29,-3.81,False,CONTINUATION
2026-08-25T17:15:00,CRUDEOIL,2026-08-25,oos,TRENDING,SHORT,0.909,2.27,C_broke_accepted,False,False,below_value,DOWN,1.161,0.466,4,1.18,3.6,6500,1.75,4.0,-2.29,4.0,True,False,7850.0,373.7,369.8,-11.335,-0.03,-3.037,-9.437,False,CONTINUATION
2026-08-25T17:40:00,CRUDEOIL,2026-08-25,oos,TRENDING,LONG,0.99,3.09,C_broke_accepted,False,True,near_POC,DOWN,1.065,0.648,1,1.17,1.09,3900,11.020000000000437,1.91,-1.63,1.91,False,False,7850.0,372.0,368.1,-11.301,-0.0301,8.38,-10.82,False,CONTINUATION
2026-08-25T18:45:00,CRUDEOIL,2026-08-25,oos,TRENDING,LONG,0.906,2.27,C_broke_accepted,False,True,near_POC,FLAT,0.972,0.727,3,0.66,1.54,6800,5.75,1.57,-1.57,1.57,False,False,7850.0,371.9,378.1,-1.3,-0.0035,6.881,-2.619,False,CONTINUATION
2026-08-26T10:20:00,CRUDEOIL,2026-08-26,oos,OPENING_DRIVE,LONG,1.0,1.87,C_broke_accepted,False,True,above_value,,,0.333,2,1.16,2.57,200,12.420000000000073,0.0,-1.45,0.0,False,False,7700.0,336.9,334.2,-9.411,-0.0277,1.931,-6.769,False,CONTINUATION
2026-08-26T11:05:00,CRUDEOIL,2026-08-26,oos,TRENDING,LONG,0.96,2.0,C_broke_accepted,False,True,above_value,DOWN,1.992,0.531,4,3.65,2.09,24800,5.479999999999563,0.55,-1.64,0.55,False,False,7700.0,353.5,353.0,-7.565,-0.0212,0.065,-5.035,False,CONTINUATION
2026-08-26T12:05:00,CRUDEOIL,2026-08-26,oos,TRENDING,SHORT,1.0,2.88,C_broke_accepted,False,True,inside_value,UP,1.161,0.234,3,0.4,1.83,900,15.6899999999996,0.32,-1.59,0.32,False,False,7700.0,348.1,359.7,4.522,0.0129,10.219,-3.381,False,CONTINUATION
2026-08-26T12:10:00,CRUDEOIL,2026-08-26,oos,FAILED_BREAKOUT,SHORT,0.921,1.88,C_broke_accepted,False,False,inside_value,UP,1.161,0.516,2,0.77,2.06,-700,6.449999999999818,0.0,-1.86,0.0,False,False,7700.0,357.4,355.4,-9.128,-0.0253,0.826,-7.574,False,CONTINUATION
2026-08-26T12:30:00,CRUDEOIL,2026-08-26,oos,FAILED_BREAKOUT,SHORT,1.0,3.38,C_broke_accepted,False,True,inside_value,FLAT,0.972,0.844,2,3.23,1.16,-2300,5.8100000000004,6.88,-2.75,6.88,True,True,7700.0,359.7,362.9,-4.026,-0.0111,5.403,-2.697,False,CONTINUATION
2026-08-26T13:15:00,CRUDEOIL,2026-08-26,oos,FAILED_BREAKOUT,SHORT,0.941,2.11,A_broke,False,False,below_value,UP,0.969,0.389,3,1.99,0.77,900,0.569999999999709,24.56,-24.56,24.56,True,True,7650.0,351.6,352.0,-6.636,-0.0187,1.184,-3.116,False,CONTINUATION
2026-08-26T14:15:00,CRUDEOIL,2026-08-26,oos,FAILED_BREAKOUT,SHORT,0.905,2.0,C_broke_accepted,False,False,below_value,UP,1.044,0.986,4,1.3,0.67,11200,0.5399999999999636,16.67,-7.41,16.67,True,True,7650.0,361.8,362.8,-6.246,-0.0171,1.082,-7.018,False,CONTINUATION
2026-08-26T18:45:00,CRUDEOIL,2026-08-26,oos,FAILED_BREAKDOWN,SHORT,0.94,2.0,A_broke,True,True,above_value,UP,1.011,0.955,4,0.72,0.93,6200,4.6599999999998545,0.64,-6.65,0.64,False,False,7700.0,336.8,322.0,-21.388,-0.0629,-3.168,-18.168,False,TRAP
2026-08-26T19:00:00,CRUDEOIL,2026-08-26,oos,FAILED_BREAKDOWN,LONG,0.975,2.95,C_broke_accepted,False,True,above_value,UP,1.059,0.964,5,1.19,1.06,400,8.930000000000291,23.52,-0.22,23.52,True,True,7750.0,339.4,359.1,12.715,0.0371,16.306,-0.894,False,CONTINUATION
2026-08-26T19:15:00,CRUDEOIL,2026-08-26,oos,TRENDING,LONG,0.967,2.55,C_broke_accepted,False,False,above_value,DOWN,1.036,0.773,3,2.92,1.68,-2400,0.8400000000001455,0.0,-9.52,0.0,False,False,7750.0,379.2,368.6,-18.078,-0.0472,2.208,-17.392,False,CONTINUATION
2026-08-26T20:40:00,CRUDEOIL,2026-08-26,oos,TRENDING,LONG,0.914,1.91,C_broke_accepted,False,False,above_value,UP,1.176,0.352,1,1.82,1.0,-1700,0.6300000000001091,188.89,0.0,188.89,True,True,7850.0,354.0,357.0,-4.11,-0.0115,7.16,-0.54,False,CONTINUATION
2026-08-26T20:55:00,CRUDEOIL,2026-08-26,oos,TRENDING,LONG,0.902,1.82,C_broke_accepted,False,True,above_value,DOWN,1.066,0.602,0,2.05,1.05,-6800,13.600000000000364,0.29,-1.25,0.29,False,False,7850.0,370.6,364.6,-13.352,-0.0357,3.694,-9.706,False,CONTINUATION
2026-08-26T21:20:00,CRUDEOIL,2026-08-26,oos,TRENDING,LONG,1.0,4.0,C_broke_accepted,False,False,above_value,UP,1.031,0.693,3,1.72,2.18,-1600,11.319999999999709,4.24,-1.15,4.24,True,False,7900.0,367.7,374.5,-0.622,-0.0017,6.423,-8.977,False,CONTINUATION
2026-08-26T21:45:00,CRUDEOIL,2026-08-26,oos,TRENDING,LONG,0.974,3.0,C_broke_accepted,False,True,above_value,UP,1.078,0.795,4,2.45,1.43,-4500,10.989999999999782,0.73,-1.55,0.73,False,False,7900.0,390.0,385.6,-12.156,-0.0309,3.6,-11.1,False,CONTINUATION
2026-08-26T21:55:00,CRUDEOIL,2026-08-26,oos,TRENDING,SHORT,0.942,2.27,B_swept_returned,True,False,above_value,UP,1.078,1.125,2,0.52,1.32,12500,17.75,2.65,0.0,2.65,False,False,7950.0,370.4,382.8,4.868,0.013,17.396,-1.104,False,NEUTRAL
2026-08-27T12:05:00,CRUDEOIL,2026-08-27,oos,TRENDING,SHORT,1.0,3.67,C_broke_accepted,False,False,below_value,DOWN,1.979,0.583,3,3.22,0.81,100,3.6599999999998545,1.37,-2.46,1.37,False,False,7800.0,372.3,365.0,-14.673,-0.039,-4.023,-11.023,False,CONTINUATION
2026-08-27T12:30:00,CRUDEOIL,2026-08-27,oos,TRENDING,SHORT,0.952,3.0,C_broke_accepted,False,True,below_value,DOWN,1.372,0.833,2,2.49,1.22,-500,6.539999999999964,0.0,-1.83,0.0,False,False,7750.0,353.2,356.7,-3.599,-0.0101,2.868,-4.732,False,CONTINUATION
2026-08-27T12:55:00,CRUDEOIL,2026-08-27,oos,TRENDING,LONG,0.936,2.67,C_broke_accepted,False,False,below_value,UP,1.402,1.042,2,0.7,0.89,1700,0.47999999999956344,47.92,-2.08,47.92,True,True,7750.0,349.0,350.2,-5.792,-0.0164,2.51,-2.29,False,CONTINUATION
2026-08-27T13:25:00,CRUDEOIL,2026-08-27,oos,TRENDING,LONG,1.0,4.14,C_broke_accepted,False,False,inside_value,FLAT,1.158,0.804,2,1.09,1.16,500,0.8699999999998909,5.75,-4.6,5.75,True,True,7800.0,340.5,339.0,-8.295,-0.0241,-1.005,-8.105,False,CONTINUATION
2026-08-27T14:40:00,CRUDEOIL,2026-08-27,oos,FAILED_BREAKDOWN,LONG,0.985,2.44,C_broke_accepted,False,True,above_value,FLAT,0.957,0.681,3,2.23,1.39,5400,9.659999999999854,0.0,-2.17,0.0,False,False,7850.0,360.0,353.9,-13.239,-0.0364,0.1,-12.1,False,CONTINUATION
2026-08-27T14:50:00,CRUDEOIL,2026-08-27,oos,FAILED_BREAKDOWN,SHORT,0.957,2.33,A_broke,False,False,above_value,DOWN,1.006,0.958,1,0.36,1.44,-700,2.630000000000109,3.8,-1.9,3.8,True,False,7850.0,345.9,344.7,-8.106,-0.0232,-1.559,-4.659,False,CONTINUATION
2026-08-27T16:20:00,CRUDEOIL,2026-08-27,oos,FAILED_BREAKDOWN,LONG,0.955,2.33,A_broke,False,False,above_value,FLAT,1.095,0.472,4,2.05,1.05,17100,1.6300000000001091,9.82,-1.84,9.82,True,True,7850.0,366.0,370.1,-3.261,-0.0088,1.44,-9.76,False,NEUTRAL
2026-08-27T18:15:00,CRUDEOIL,2026-08-27,oos,FAILED_BREAKDOWN,LONG,0.919,2.22,D_failed_immediately,True,True,above_value,FLAT,1.033,0.444,4,1.4,1.15,-100,14.600000000000364,0.0,-1.71,0.0,False,False,7900.0,352.4,349.6,-9.82,-0.0276,5.076,-7.124,False,TRAP
2026-08-27T20:25:00,CRUDEOIL,2026-08-27,oos,FAILED_BREAKOUT,SHORT,0.92,2.0,A_broke,True,True,near_POC,FLAT,1.036,0.838,3,1.5,1.27,7000,6.600000000000364,0.0,-3.64,0.0,False,False,7850.0,337.0,324.1,-19.511,-0.0573,-3.87,-16.27,False,TRAP
2026-08-27T20:35:00,CRUDEOIL,2026-08-27,oos,FAILED_BREAKOUT,LONG,0.942,2.1,C_broke_accepted,False,True,inside_value,FLAT,1.0,1.012,3,0.95,0.72,-4500,12.63000000000011,0.0,-1.11,0.0,False,False,7850.0,351.3,348.3,-9.996,-0.0282,1.587,-6.513,False,CONTINUATION
2026-08-27T23:10:00,CRUDEOIL,2026-08-27,oos,FAILED_BREAKDOWN,LONG,0.906,1.9,C_broke_accepted,False,True,above_value,FLAT,1.0,0.275,4,1.63,0.94,-2200,6.569999999999709,6.24,-2.28,6.24,True,True,7950.0,329.9,365.8,28.943,0.0869,32.601,1.601,False,CONTINUATION
2026-08-27T23:20:00,CRUDEOIL,2026-08-27,oos,FAILED_BREAKDOWN,LONG,1.0,5.6,C_broke_accepted,False,True,above_value,FLAT,1.033,0.875,2,3.15,2.26,-7400,42.68000000000029,0.0,0.0,0.0,False,False,8000.0,340.4,359.5,12.101,0.0352,19.296,-3.804,False,CONTINUATION
2026-08-27T23:25:00,CRUDEOIL,2026-08-27,oos,TRENDING,LONG,0.994,4.6,A_broke,False,True,above_value,FLAT,1.033,1.1,1,7.26,2.23,-100,1.3800000000001091,0.0,0.0,0.0,False,False,8000.0,359.6,359.5,-7.291,-0.0201,-3.696,-3.696,False,NEUTRAL
2026-08-28T10:00:00,CRUDEOIL,2026-08-28,oos,OPENING_DRIVE,LONG,1.0,2.0,C_broke_accepted,False,True,NA,,,0.278,0,0.8,1.45,500,1.2700000000004366,4.72,-1.57,4.72,True,False,7950.0,348.0,350.8,-4.188,-0.0119,-0.48,-3.48,False,CONTINUATION
2026-08-28T10:10:00,CRUDEOIL,2026-08-28,oos,OPENING_DRIVE,LONG,0.929,1.78,C_broke_accepted,False,True,NA,,,0.5,0,2.68,2.24,1600,3.2399999999997817,1.85,-1.54,1.85,False,False,7950.0,350.8,351.3,-6.521,-0.0184,3.892,-4.008,False,CONTINUATION
2026-08-28T11:00:00,CRUDEOIL,2026-08-28,oos,FAILED_BREAKOUT,SHORT,1.0,4.67,C_broke_accepted,True,True,below_value,DOWN,1.441,0.5,5,0.71,3.92,900,15.63000000000011,0.0,-2.3,0.0,False,False,7950.0,346.9,336.9,-16.838,-0.0481,0.831,-13.469,False,TRAP
2026-08-28T11:10:00,CRUDEOIL,2026-08-28,oos,TRENDING,LONG,1.0,6.4,A_broke,False,True,inside_value,DOWN,1.441,1.15,3,0.59,1.28,-500,7.960000000000036,0.5,-1.01,0.5,False,False,7950.0,349.2,347.0,-9.162,-0.026,-0.792,-8.392,False,NEUTRAL
2026-08-28T11:35:00,CRUDEOIL,2026-08-28,oos,FAILED_BREAKOUT,SHORT,0.935,3.2,C_broke_accepted,False,False,below_value,UP,1.023,0.9,3,0.81,1.36,-700,1.4799999999995634,7.43,-1.35,7.43,True,True,7950.0,347.1,351.8,-2.289,-0.0065,1.229,-5.571,False,CONTINUATION
2026-08-28T12:35:00,CRUDEOIL,2026-08-28,oos,TRENDING,LONG,1.0,6.33,A_broke,False,False,inside_value,DOWN,1.253,0.604,2,0.96,2.02,500,1.1400000000003274,9.65,-5.26,9.65,True,True,7950.0,355.0,342.0,-19.97,-0.0557,-4.45,-17.55,False,NEUTRAL
2026-08-28T15:10:00,CRUDEOIL,2026-08-28,oos,FAILED_BREAKDOWN,SHORT,0.919,2.0,C_broke_accepted,False,False,inside_value,UP,0.964,0.607,2,1.11,0.97,1700,0.6300000000001091,46.03,-4.76,46.03,True,True,7950.0,349.0,342.2,-13.712,-0.0389,1.31,-10.29,False,CONTINUATION
2026-08-28T19:40:00,CRUDEOIL,2026-08-28,oos,TRENDING,LONG,0.977,2.82,C_broke_accepted,False,False,inside_value,FLAT,1.125,0.409,3,1.27,2.51,-300,5.930000000000291,4.22,-1.85,4.22,True,False,7900.0,338.2,342.0,-3.002,-0.0088,1.218,-5.082,False,CONTINUATION
2026-08-28T20:30:00,CRUDEOIL,2026-08-28,oos,FAILED_BREAKOUT,LONG,0.942,2.0,C_broke_accepted,False,False,inside_value,FLAT,1.0,0.409,1,1.82,1.39,200,0.6599999999998545,28.79,-12.12,28.79,True,True,7950.0,322.1,326.5,-2.086,-0.0064,3.579,-9.421,False,CONTINUATION
2026-09-02T05:00:00Z,CRUDEOIL,2026-09-02,oos,OPENING_DRIVE,LONG,1.0,1.9,C_broke_accepted,False,True,near_POC,,,0.345,4,,,,14.600000000000364,0.27,-1.78,0.27,False,False,8600.0,374.9,374.9,-7.498,-0.0198,-3.749,-3.749,True,CONTINUATION
2026-09-02T06:55:00Z,CRUDEOIL,2026-09-02,oos,FAILED_BREAKDOWN,SHORT,0.902,1.53,C_broke_accepted,False,True,inside_value,DOWN,1.014,0.4,3,,,,16.69000000000051,11.56,-1.14,11.56,True,True,8600.0,376.7,376.7,-7.534,-0.0198,-3.767,-3.767,True,CONTINUATION
2026-09-02T07:05:00Z,CRUDEOIL,2026-09-02,oos,FAILED_BREAKOUT,SHORT,1.0,3.33,C_broke_accepted,False,False,below_value,DOWN,0.997,0.45,2,,,,8.5,0.35,-1.29,0.35,False,False,8600.0,376.7,376.7,-7.534,-0.0198,-3.767,-3.767,True,CONTINUATION
2026-09-02T07:45:00Z,CRUDEOIL,2026-09-02,oos,TRENDING,LONG,0.941,1.87,C_broke_accepted,True,False,below_value,DOWN,1.16,0.592,5,,,,5.8400000000001455,1.54,-1.2,1.54,False,False,8550.0,396.6,396.6,-7.932,-0.0198,-3.966,-3.966,True,TRAP
2026-09-02T08:15:00Z,CRUDEOIL,2026-09-02,oos,FAILED_BREAKOUT,LONG,0.982,2.2,C_broke_accepted,True,True,below_value,FLAT,1.167,0.308,5,,,,9.989999999999782,0.4,-3.0,0.4,False,False,8550.0,396.6,396.6,-7.932,-0.0198,-3.966,-3.966,True,TRAP
2026-09-02T08:25:00Z,CRUDEOIL,2026-09-02,oos,FAILED_BREAKOUT,SHORT,0.983,2.27,C_broke_accepted,True,True,below_value,FLAT,1.167,0.45,3,,,,3.0200000000004366,4.3,-7.28,4.3,True,False,8550.0,350.0,350.0,-7.0,-0.0198,-3.5,-3.5,True,TRAP
2026-09-02T08:40:00Z,CRUDEOIL,2026-09-02,oos,FAILED_BREAKOUT,LONG,0.952,2.06,A_broke,False,True,below_value,FLAT,1.308,0.395,1,,,,4.959999999999127,2.42,-3.23,2.42,False,False,8550.0,396.6,396.6,-7.932,-0.0198,-3.966,-3.966,True,NEUTRAL
2026-09-02T10:10:00Z,CRUDEOIL,2026-09-02,oos,FAILED_BREAKOUT,SHORT,0.95,2.07,C_broke_accepted,True,False,below_value,FLAT,1.0,0.375,2,,,,5.930000000000291,1.69,-2.53,1.69,False,False,8550.0,352.1,350.0,-9.121,-0.0256,6.379,-5.621,False,NEUTRAL
2026-09-02T11:05:00Z,CRUDEOIL,2026-09-02,oos,FAILED_BREAKOUT,SHORT,0.912,1.8,C_broke_accepted,False,True,below_value,FLAT,1.0,0.258,2,,,,58.80999999999949,1.6,-1.26,1.6,False,False,8550.0,354.9,343.3,-18.582,-0.0518,57.951,-16.449,False,CONTINUATION
2026-09-02T11:10:00Z,CRUDEOIL,2026-09-02,oos,FAILED_BREAKOUT,SHORT,1.0,4.33,A_broke,False,False,below_value,FLAT,1.0,0.358,3,,,,10.950000000000728,10.41,-1.19,10.41,True,True,8550.0,381.5,381.1,-8.026,-0.0208,-2.715,-17.315,False,NEUTRAL
2026-09-02T11:50:00Z,CRUDEOIL,2026-09-02,oos,TRENDING,SHORT,0.98,2.6,C_broke_accepted,False,True,below_value,UP,1.109,0.6,3,,,,14.170000000000073,0.42,-1.48,0.42,False,False,8500.0,366.5,361.6,-12.181,-0.0329,1.535,-11.265,False,CONTINUATION
2026-09-02T13:20:00Z,CRUDEOIL,2026-09-02,oos,TRENDING,SHORT,0.907,1.75,C_broke_accepted,False,False,below_value,FLAT,1.059,0.422,1,,,,7.8400000000001455,1.53,-2.17,1.53,False,False,8450.0,336.3,338.6,-4.449,-0.0131,4.037,-11.463,False,CONTINUATION
2026-09-02T13:30:00Z,CRUDEOIL,2026-09-02,oos,TRENDING,SHORT,0.917,1.81,A_broke,False,False,below_value,UP,1.114,0.688,0,,,,6.8700000000008,3.06,-2.47,3.06,True,False,8450.0,338.6,337.1,-8.257,-0.0241,-1.286,-7.986,False,CONTINUATION
2026-09-02T13:55:00Z,CRUDEOIL,2026-09-02,oos,TRENDING,SHORT,0.984,2.94,C_broke_accepted,True,False,below_value,DOWN,1.068,0.508,4,,,,10.409999999999854,0.0,-4.32,0.0,False,False,8450.0,355.9,335.2,-27.611,-0.0768,-0.559,-24.259,False,TRAP
2026-09-02T14:05:00Z,CRUDEOIL,2026-09-02,oos,TRENDING,LONG,0.969,2.81,C_broke_accepted,False,False,below_value,DOWN,1.086,0.555,5,,,,15.350000000000364,10.55,-0.98,10.55,True,True,8450.0,335.5,357.6,15.169,0.0448,23.245,-2.855,False,CONTINUATION
2026-09-02T14:20:00Z,CRUDEOIL,2026-09-02,oos,TRENDING,LONG,0.954,2.3,C_broke_accepted,False,True,below_value,UP,1.089,0.523,3,,,,17.139999999999418,7.53,-0.41,7.53,True,True,8450.0,355.3,383.6,20.911,0.0583,24.747,-3.953,False,CONTINUATION
2026-09-02T15:05:00Z,CRUDEOIL,2026-09-02,oos,FAILED_BREAKOUT,LONG,0.95,2.12,C_broke_accepted,False,False,inside_value,FLAT,1.1,0.574,3,,,,9.079999999999927,1.65,-1.76,1.65,False,False,8550.0,362.2,353.2,-16.154,-0.0442,7.678,-16.322,False,CONTINUATION
2026-09-03T04:30:00Z,CRUDEOIL,2026-09-03,oos,OPENING_DRIVE,SHORT,0.917,2.38,A_broke,False,True,NA,,,0.359,4,,,,4.569999999999709,21.44,-1.09,21.44,True,True,8550.0,327.3,334.8,0.879,0.0027,4.227,-3.273,False,CONTINUATION
2026-09-03T05:15:00Z,CRUDEOIL,2026-09-03,oos,TRENDING,SHORT,0.952,2.62,C_broke_accepted,False,True,below_value,DOWN,1.75,0.344,2,,,,16.6299999999992,3.55,-1.74,3.55,True,False,8550.0,332.6,347.5,8.099,0.0241,17.474,-0.226,False,CONTINUATION
2026-09-03T06:15:00Z,CRUDEOIL,2026-09-03,oos,TRENDING,SHORT,0.97,3.36,C_broke_accepted,True,False,below_value,FLAT,1.75,0.33,2,,,,4.110000000000582,0.0,-3.65,0.0,False,False,8500.0,329.0,321.2,-14.302,-0.043,-3.59,-11.29,False,TRAP
2026-09-03T08:50:00Z,CRUDEOIL,2026-09-03,oos,FAILED_BREAKOUT,LONG,0.922,2.07,C_broke_accepted,False,True,above_value,UP,1.0,0.817,2,,,,24.93000000000029,6.98,-0.84,6.98,True,True,8600.0,331.0,350.2,12.388,0.0371,23.59,-5.51,False,CONTINUATION
2026-09-03T09:20:00Z,CRUDEOIL,2026-09-03,oos,FAILED_BREAKDOWN,LONG,0.9,1.87,A_broke,False,False,above_value,UP,1.071,0.718,1,,,,3.8700000000008004,4.13,-1.03,4.13,True,False,8600.0,357.9,350.2,-14.781,-0.0409,-5.479,-11.279,False,CONTINUATION
2026-09-03T09:55:00Z,CRUDEOIL,2026-09-03,oos,FAILED_BREAKDOWN,LONG,0.974,3.94,A_broke,False,False,above_value,UP,1.092,0.578,4,,,,13.889999999999418,5.98,-1.22,5.98,True,True,8650.0,327.6,327.6,-6.552,-0.0198,-3.276,-3.276,True,CONTINUATION
2026-09-03T10:05:00Z,CRUDEOIL,2026-09-03,oos,FAILED_BREAKDOWN,LONG,0.937,2.44,C_broke_accepted,False,False,above_value,UP,1.073,0.828,3,,,,1.1700000000000728,52.14,-23.08,52.14,True,True,8750.0,281.0,281.0,-5.62,-0.0198,-2.81,-2.81,True,CONTINUATION
2026-09-03T10:30:00Z,CRUDEOIL,2026-09-03,oos,FAILED_BREAKDOWN,LONG,0.917,2.0,C_broke_accepted,False,True,above_value,UP,1.021,0.919,5,,,,14.020000000000437,0.36,-1.21,0.36,False,False,8750.0,366.5,365.0,-8.815,-0.0238,4.635,-12.865,False,CONTINUATION
2026-09-03T11:00:00Z,CRUDEOIL,2026-09-03,oos,TRENDING,SHORT,0.922,2.0,C_broke_accepted,False,True,above_value,DOWN,1.279,0.397,4,,,,49.02000000000044,0.12,-1.29,0.12,False,False,8750.0,354.8,361.2,-0.76,-0.0021,12.652,-7.548,False,CONTINUATION
2026-09-03T11:05:00Z,CRUDEOIL,2026-09-03,oos,FAILED_BREAKDOWN,SHORT,0.967,2.88,C_broke_accepted,False,False,above_value,DOWN,1.279,0.434,3,,,,4.469999999999345,3.36,-4.92,3.36,True,False,8750.0,369.8,364.0,-13.138,-0.0352,-2.498,-10.798,False,CONTINUATION
2026-09-03T12:30:00Z,CRUDEOIL,2026-09-03,oos,FAILED_BREAKDOWN,LONG,0.935,2.41,C_broke_accepted,True,True,above_value,FLAT,1.12,0.647,2,,,,15.229999999999563,0.39,-1.31,0.39,False,False,8700.0,351.0,358.2,0.108,0.0003,4.29,-9.41,False,NEUTRAL
2026-09-03T13:45:00Z,CRUDEOIL,2026-09-03,oos,FAILED_BREAKOUT,LONG,0.935,2.05,A_broke,True,False,above_value,FLAT,0.969,0.283,5,,,,9.170000000000073,0.11,-4.47,0.11,False,False,8700.0,344.7,318.0,-33.327,-0.0957,-5.547,-31.947,False,TRAP
2026-09-03T15:25:00Z,CRUDEOIL,2026-09-03,oos,FAILED_BREAKDOWN,SHORT,0.979,2.6,C_broke_accepted,False,True,inside_value,FLAT,1.03,0.431,4,,,,27.55999999999949,1.96,-1.23,1.96,False,False,8700.0,335.0,335.1,-6.601,-0.0195,35.55,-4.95,False,CONTINUATION
2026-09-03T15:50:00Z,CRUDEOIL,2026-09-03,oos,FAILED_BREAKOUT,SHORT,0.98,2.48,C_broke_accepted,False,True,inside_value,FLAT,1.0,0.625,5,,,,15.55999999999949,0.84,-1.35,0.84,False,False,8650.0,340.9,332.5,-15.134,-0.044,2.691,-12.809,False,CONTINUATION
2026-09-04T07:25:00Z,CRUDEOIL,2026-09-04,oos,OPENING_DRIVE,SHORT,0.915,1.77,C_broke_accepted,False,True,inside_value,FLAT,0.889,0.356,5,,,,16.69000000000051,14.5,-0.54,14.5,True,True,8650.0,328.2,340.1,5.217,0.0157,11.218,-2.782,False,CONTINUATION
2026-09-04T07:40:00Z,CRUDEOIL,2026-09-04,oos,OPENING_DRIVE,SHORT,0.98,2.3,C_broke_accepted,False,True,below_value,UP,0.778,0.509,4,,,,31.93000000000029,1.13,-1.19,1.13,False,False,8600.0,312.1,326.8,8.311,0.0264,26.379,0.179,False,CONTINUATION
2026-09-04T07:45:00Z,CRUDEOIL,2026-09-04,oos,OPENING_DRIVE,SHORT,0.98,2.71,C_broke_accepted,False,False,below_value,FLAT,1.0,0.625,4,,,,4.139999999999418,2.17,-2.66,2.17,False,False,8600.0,317.5,317.5,-6.35,-0.0198,-3.175,-3.175,True,CONTINUATION
2026-09-04T09:15:00Z,CRUDEOIL,2026-09-04,oos,OPENING_DRIVE,SHORT,0.928,1.87,A_broke,False,False,below_value,FLAT,1.077,0.5,3,,,,1.8400000000001455,7.61,-1.63,7.61,True,True,8600.0,329.0,330.6,-4.996,-0.015,-1.69,-11.79,False,CONTINUATION
2026-09-04T10:15:00Z,CRUDEOIL,2026-09-04,oos,OPENING_DRIVE,SHORT,0.975,2.27,A_broke,False,False,below_value,FLAT,0.954,0.333,3,,,,3.0200000000004366,65.23,-1.66,65.23,True,True,8600.0,326.8,326.8,-6.536,-0.0198,-3.268,-3.268,True,CONTINUATION
2026-09-04T12:50:00Z,CRUDEOIL,2026-09-04,oos,OPENING_DRIVE,SHORT,0.991,3.35,C_broke_accepted,False,True,below_value,FLAT,1.095,0.419,4,,,,13.55999999999949,0.0,-2.21,0.0,False,False,8500.0,298.0,287.8,-16.058,-0.0534,2.02,-13.18,False,CONTINUATION
2026-09-04T13:00:00Z,CRUDEOIL,2026-09-04,oos,OPENING_DRIVE,LONG,0.93,1.75,C_broke_accepted,False,True,below_value,FLAT,1.0,0.711,3,,,,12.840000000000146,1.48,-2.26,1.48,False,False,8500.0,304.0,293.2,-16.772,-0.0546,5.16,-13.84,False,CONTINUATION
2026-09-04T13:30:00Z,CRUDEOIL,2026-09-04,oos,OPENING_DRIVE,SHORT,0.975,2.5,C_broke_accepted,False,True,below_value,FLAT,1.261,0.438,2,,,,51.20000000000073,0.88,-1.17,0.88,False,False,8500.0,306.7,307.4,-5.441,-0.0176,48.233,-4.067,False,CONTINUATION
2026-09-04T13:35:00Z,CRUDEOIL,2026-09-04,oos,TRENDING,SHORT,0.992,3.31,C_broke_accepted,False,False,below_value,FLAT,1.261,0.523,1,,,,4.5900000000001455,5.23,-1.53,5.23,True,True,8450.0,301.7,319.8,11.885,0.039,19.283,2.983,False,CONTINUATION
2026-09-04T13:45:00Z,CRUDEOIL,2026-09-04,oos,TRENDING,SHORT,0.927,1.94,C_broke_accepted,False,True,below_value,UP,1.21,1.133,1,,,,22.93000000000029,0.26,-1.0,0.26,False,False,8500.0,346.8,334.6,-19.014,-0.0543,7.732,-15.668,False,CONTINUATION
2026-09-04T13:55:00Z,CRUDEOIL,2026-09-04,oos,TRENDING,LONG,0.904,1.71,D_failed_immediately,False,True,below_value,UP,1.21,1.147,0,,,,43.8700000000008,0.0,-1.09,0.0,False,False,8400.0,302.8,306.0,-2.888,-0.0094,14.172,-8.328,False,NEUTRAL
2026-09-04T14:40:00Z,CRUDEOIL,2026-09-04,oos,OPENING_DRIVE,LONG,0.918,1.82,C_broke_accepted,False,True,inside_value,FLAT,1.0,0.647,3,,,,38.93000000000029,0.92,-1.13,0.92,False,False,8500.0,307.1,309.3,-3.964,-0.0128,31.929,-14.971,False,CONTINUATION
2026-09-04T14:45:00Z,CRUDEOIL,2026-09-04,oos,OPENING_DRIVE,LONG,0.963,2.65,C_broke_accepted,True,True,near_POC,FLAT,1.043,0.875,3,,,,36.350000000000364,0.44,-1.43,0.44,False,False,8500.0,315.8,304.8,-17.206,-0.0539,23.142,-14.158,False,TRAP
2026-09-04T14:50:00Z,CRUDEOIL,2026-09-04,oos,OPENING_DRIVE,LONG,0.934,2.12,C_broke_accepted,True,True,near_POC,FLAT,1.043,1.037,2,,,,12.079999999999927,0.91,-4.72,0.91,False,False,8550.0,312.4,282.3,-36.047,-0.1142,2.076,-33.224,False,TRAP
2026-09-04T15:00:00Z,CRUDEOIL,2026-09-04,oos,OPENING_DRIVE,SHORT,0.993,4.0,C_broke_accepted,False,False,inside_value,FLAT,1.043,1.037,1,,,,12.040000000000873,0.75,-1.16,0.75,False,False,8550.0,310.7,306.6,-10.273,-0.0327,4.393,-9.907,False,CONTINUATION
2026-09-04T15:50:00Z,CRUDEOIL,2026-09-04,oos,OPENING_DRIVE,LONG,0.926,2.06,C_broke_accepted,True,False,near_POC,FLAT,1.0,0.441,2,,,,1.0499999999992724,0.0,-18.1,0.0,False,False,8550.0,320.2,309.7,-16.799,-0.0519,-3.702,-18.402,False,TRAP
2026-09-04T16:55:00Z,CRUDEOIL,2026-09-04,oos,OPENING_DRIVE,LONG,0.907,1.82,C_broke_accepted,True,True,inside_value,FLAT,1.0,0.338,2,,,,15.930000000000291,0.19,-2.89,0.19,False,False,8600.0,295.7,277.8,-23.635,-0.0791,5.243,-20.857,False,TRAP
2026-09-04T17:05:00Z,CRUDEOIL,2026-09-04,oos,OPENING_DRIVE,SHORT,0.969,2.88,C_broke_accepted,False,True,near_POC,FLAT,0.958,0.544,1,,,,18.469999999999345,0.16,-1.25,0.16,False,False,8600.0,309.3,303.8,-11.631,-0.0372,2.607,-8.593,False,CONTINUATION
