timestamp,symbol,session,src,regime,split,new_state,new_action,new_research_status,baseline_state,spike_direction,entry_ref,structural_level,sl_price,risk_points,available_R,n1_agreement,disp_atr,body_fraction,reclaim_distance_ratio,reclaimed_within_3,acc1,acc2,reclaim2,MFE_R,MAE_R,reached_1R,reached_2R,reached_3R,sl_first,fix3_R,exit
2026-07-13T10:10:00,CRUDEOIL,2026-07-13,cycles_resampled,TREND_UP,TRAIN,H1_CONT_BLOCKED,NO_ACTION,NO_ESTABLISHED_EDGE,H1_CONT,LONG,7145.0,7141.0,7135.64,9.36,,True,1.3,0.75,0.0,False,True,True,False,3.4188,-0.1068,True,True,True,False,2.8932,T3
2026-07-13T11:00:00,CRUDEOIL,2026-07-13,cycles_resampled,TREND_UP,TRAIN,SPIKE_NO_LEVEL,NO_ACTION,NO_ESTABLISHED_EDGE,AMBIG,SHORT,7167.0,,,,,,1.009,0.7273,,,,,,,,,,,,,
2026-07-13T11:10:00,CRUDEOIL,2026-07-13,cycles_resampled,TREND_UP,TRAIN,H7_LEANING_TRAP,AVOID,SUPPORTED,AMBIG,LONG,7183.0,7177.0,7162.4,20.6,,False,2.0342,0.85,0.5,True,True,False,False,1.0194,-1.1165,True,False,False,False,-1.165,SL
2026-07-13T11:15:00,CRUDEOIL,2026-07-13,cycles_resampled,TREND_UP,TRAIN,SPIKE_NO_LEVEL,NO_ACTION,NO_ESTABLISHED_EDGE,AMBIG,SHORT,7185.0,,,,,,1.2632,0.6316,,,,,,,,,,,,,
2026-07-13T11:45:00,CRUDEOIL,2026-07-13,cycles_resampled,TREND_UP,TRAIN,AMBIGUOUS,NO_ACTION,NO_ESTABLISHED_EDGE,AMBIG,SHORT,7136.0,7151.0,7150.42,14.42,1.46,False,1.2327,1.0,0.0,False,True,True,False,3.3287,-0.6241,True,True,True,False,2.9307,T3
2026-07-13T12:00:00,CRUDEOIL,2026-07-13,cycles_resampled,TREND_UP,TRAIN,SPIKE_NO_LEVEL,NO_ACTION,NO_ESTABLISHED_EDGE,AMBIG,LONG,7140.0,,,,,,0.4118,0.3571,,,,,,,,,,,,,
2026-07-13T12:30:00,CRUDEOIL,2026-07-13,cycles_resampled,TREND_UP,TRAIN,H7_LEANING_TRAP,AVOID,SUPPORTED,H7_TRAP,SHORT,7108.0,7111.0,7122.42,14.42,,False,0.2897,0.2143,0.5,True,False,False,True,0.9709,-1.1789,False,False,False,True,-1.2483,SL
2026-07-13T12:40:00,CRUDEOIL,2026-07-13,cycles_resampled,TREND_UP,TRAIN,AMBIGUOUS,NO_ACTION,NO_ESTABLISHED_EDGE,H7_TRAP,SHORT,7094.0,7108.0,7120.78,26.78,,False,2.2331,1.0,0.0769,True,False,False,True,0.0,-1.1576,False,False,False,True,-1.1949,SL
2026-07-13T13:00:00,CRUDEOIL,2026-07-13,cycles_resampled,TREND_UP,TRAIN,H1_WEAK,NO_ACTION,NO_ESTABLISHED_EDGE,H1_WEAK,SHORT,7111.0,7122.65,7125.42,14.42,1.18,True,0.4487,0.3571,0.0,False,True,True,False,3.19,0.0,True,True,True,False,2.9307,T3
2026-07-13T13:10:00,CRUDEOIL,2026-07-13,cycles_resampled,TREND_UP,TRAIN,SPIKE_NO_LEVEL,NO_ACTION,NO_ESTABLISHED_EDGE,AMBIG,LONG,7089.0,,,,,,0.5632,0.3889,,,,,,,,,,,,,
2026-07-13T13:30:00,CRUDEOIL,2026-07-13,cycles_resampled,TREND_UP,TRAIN,H1_CONT_BLOCKED,NO_ACTION,NO_ESTABLISHED_EDGE,H1_CONT,SHORT,7072.0,7073.0,7102.08,30.08,,True,1.9805,0.8056,0.0,False,True,True,False,3.125,0.0,True,True,True,False,2.9668,T3
2026-07-13T13:35:00,CRUDEOIL,2026-07-13,cycles_resampled,TREND_UP,TRAIN,H1_WEAK,NO_ACTION,NO_ESTABLISHED_EDGE,H1_CONT,SHORT,7055.0,7065.0,7069.42,14.42,,True,0.895,1.0,0.0,False,True,True,False,3.0513,-0.0693,True,True,True,False,2.9307,T3
2026-07-13T13:40:00,CRUDEOIL,2026-07-13,cycles_resampled,TREND_UP,TRAIN,H1_WEAK,NO_ACTION,NO_ESTABLISHED_EDGE,H1_CONT,SHORT,7040.0,7055.0,7056.57,16.57,,True,0.6875,0.5789,0.0,False,True,True,False,3.3193,-0.3018,True,True,True,False,2.9396,T3
2026-07-13T13:45:00,CRUDEOIL,2026-07-13,cycles_resampled,TREND_UP,TRAIN,AMBIGUOUS,NO_ACTION,NO_ESTABLISHED_EDGE,AMBIG,SHORT,7017.0,7037.0,7035.57,18.57,,False,1.0,0.8947,0.0,False,True,True,False,0.3231,-1.5078,False,False,False,True,-1.5617,SL
2026-07-13T13:55:00,CRUDEOIL,2026-07-13,cycles_resampled,TREND_UP,TRAIN,H7_TRAP,AVOID,SUPPORTED,H7_TRAP,SHORT,7011.0,7016.0,7046.02,35.02,,False,1.5806,0.8235,0.8235,True,False,False,True,1.3135,-1.1422,True,False,False,False,-1.1708,SL
2026-07-13T14:05:00,CRUDEOIL,2026-07-13,cycles_resampled,TREND_UP,TRAIN,H7_TRAP,AVOID,SUPPORTED,H7_TRAP,LONG,7044.0,7045.0,7024.4,19.6,0.05,False,0.95,0.95,3.0,True,False,False,True,0.0,-1.7347,False,False,False,True,-1.7857,SL
2026-07-13T14:15:00,CRUDEOIL,2026-07-13,cycles_resampled,TREND_UP,TRAIN,H1_WEAK,NO_ACTION,NO_ESTABLISHED_EDGE,H1_CONT,SHORT,7010.0,7011.0,7030.6,20.6,,True,0.9638,0.95,0.0,False,True,True,False,2.1845,-1.1165,True,True,False,False,-1.165,SL
2026-07-13T14:25:00,CRUDEOIL,2026-07-13,cycles_resampled,TREND_UP,TRAIN,SPIKE_NO_LEVEL,NO_ACTION,NO_ESTABLISHED_EDGE,AMBIG,LONG,6998.0,,,,,,0.381,0.4,,,,,,,,,,,,,
2026-07-13T14:45:00,CRUDEOIL,2026-07-13,cycles_resampled,TREND_UP,TRAIN,H1_CONT_BLOCKED,NO_ACTION,NO_ESTABLISHED_EDGE,H1_CONT,SHORT,6969.0,6975.0,6994.75,25.75,,True,1.1905,1.0,0.0,False,True,True,False,0.1553,-1.6699,False,False,False,True,-1.7087,SL
2026-07-13T15:30:00,CRUDEOIL,2026-07-13,cycles_resampled,TREND_UP,TRAIN,AMBIGUOUS,NO_ACTION,NO_ESTABLISHED_EDGE,AMBIG,LONG,7029.0,7012.0,7010.34,18.66,8.18,False,1.0957,0.8182,0.0,False,True,True,False,3.1083,-0.268,True,True,True,False,2.9464,T3
2026-07-13T15:40:00,CRUDEOIL,2026-07-13,cycles_resampled,TREND_UP,TRAIN,AMBIGUOUS,NO_ACTION,NO_ESTABLISHED_EDGE,AMBIG,LONG,7049.0,7033.0,7029.37,19.63,7.77,False,1.1616,0.9048,0.0,False,True,True,False,3.7697,-0.7641,True,True,True,False,2.9491,T3
2026-07-13T16:35:00,CRUDEOIL,2026-07-13,cycles_resampled,TREND_UP,TRAIN,H7_LEANING_TRAP,AVOID,SUPPORTED,H7_TRAP,LONG,7079.0,7087.0,7059.16,19.84,0.4,False,0.586,0.3214,0.5,True,False,False,True,2.9738,-1.0081,True,True,False,False,-1.0585,SL
2026-07-13T17:40:00,CRUDEOIL,2026-07-13,cycles_resampled,TREND_UP,TRAIN,AMBIGUOUS,NO_ACTION,NO_ESTABLISHED_EDGE,AMBIG,LONG,7099.0,7088.0,7060.89,38.11,2.04,False,0.9502,0.4054,0.0,False,True,True,False,1.0234,-1.0496,True,False,False,False,-1.0758,SL
2026-07-13T18:20:00,CRUDEOIL,2026-07-13,cycles_resampled,TREND_UP,TRAIN,H1_CONT,CONTINUATION_CANDIDATE,RESEARCH_ONLY_PROMISING,H1_CONT,SHORT,7094.0,7095.0,7115.87,21.87,1.46,True,1.3486,0.7241,0.0,False,True,True,False,2.3777,-3.6123,True,True,False,False,-3.658,SL
2026-07-13T18:30:00,CRUDEOIL,2026-07-13,cycles_resampled,TREND_UP,TRAIN,SPIKE_NO_LEVEL,NO_ACTION,NO_ESTABLISHED_EDGE,AMBIG,LONG,7086.0,,,,,,1.5816,1.0,,,,,,,,,,,,,
2026-07-13T18:50:00,CRUDEOIL,2026-07-13,cycles_resampled,TREND_UP,TRAIN,H7_TRAP,AVOID,SUPPORTED,H7_TRAP,SHORT,7054.0,7059.0,7065.69,11.69,7.61,True,0.6553,0.4783,1.6087,True,False,False,True,0.0,-1.6253,False,False,False,True,-1.7109,SL
2026-07-13T19:05:00,CRUDEOIL,2026-07-13,cycles_resampled,TREND_UP,TRAIN,AMBIGUOUS,NO_ACTION,NO_ESTABLISHED_EDGE,H1_CONT,LONG,7096.0,7090.0,7074.25,21.75,3.25,True,1.1855,0.84,0.16,True,True,True,False,0.3678,-1.1954,False,False,False,True,-1.2414,SL
2026-07-13T19:20:00,CRUDEOIL,2026-07-13,cycles_resampled,TREND_UP,TRAIN,H1_WEAK,NO_ACTION,NO_ESTABLISHED_EDGE,H1_CONT,SHORT,7086.0,7097.0,7100.75,14.75,1.62,True,0.7935,0.56,0.0,False,True,True,False,2.1695,-5.8983,True,True,False,False,-5.9661,SL
2026-07-13T19:35:00,CRUDEOIL,2026-07-13,cycles_resampled,TREND_UP,TRAIN,H1_CONT_BLOCKED,NO_ACTION,NO_ESTABLISHED_EDGE,H1_CONT,LONG,7082.0,7061.0,7058.22,23.78,0.93,True,1.2829,0.8846,0.0,False,True,True,False,3.8267,-0.0841,True,True,True,False,2.9579,T3
2026-07-13T19:45:00,CRUDEOIL,2026-07-13,cycles_resampled,TREND_UP,TRAIN,AMBIGUOUS,NO_ACTION,NO_ESTABLISHED_EDGE,H7_TRAP,LONG,7173.0,7156.7,7077.21,95.79,0.32,False,4.0127,0.9677,0.0183,True,False,False,True,2.6516,-0.5637,True,True,False,False,2.6516,EOD
2026-07-13T19:50:00,CRUDEOIL,2026-07-13,cycles_resampled,TREND_UP,TRAIN,SPIKE_NO_LEVEL,NO_ACTION,NO_ESTABLISHED_EDGE,AMBIG,SHORT,7155.0,,,,,,0.5156,0.2889,,,,,,,,,,,,,
2026-07-13T19:55:00,CRUDEOIL,2026-07-13,cycles_resampled,TREND_UP,TRAIN,H7_LEANING_TRAP,AVOID,SUPPORTED,AMBIG,LONG,7172.0,7156.7,7138.01,33.99,0.94,False,0.8703,0.697,0.3545,True,True,True,False,0.0,-1.2357,False,False,False,True,-1.2651,SL
2026-07-13T20:20:00,CRUDEOIL,2026-07-13,cycles_resampled,TREND_UP,TRAIN,SPIKE_NO_LEVEL,NO_ACTION,NO_ESTABLISHED_EDGE,AMBIG,LONG,7148.0,,,,,,0.9844,0.931,,,,,,,,,,,,,
2026-07-13T22:15:00,CRUDEOIL,2026-07-13,cycles_resampled,TREND_UP,TRAIN,H1_CONT_BLOCKED,NO_ACTION,NO_ESTABLISHED_EDGE,H1_CONT,LONG,7233.0,7212.0,7201.04,31.96,,True,2.2604,0.9688,0.0,False,True,True,False,3.4418,0.0,True,True,True,False,2.9687,T3
2026-07-13T22:40:00,CRUDEOIL,2026-07-13,cycles_resampled,TREND_UP,TRAIN,H1_CONT_BLOCKED,NO_ACTION,NO_ESTABLISHED_EDGE,H1_CONT,LONG,7266.0,7252.0,7241.19,24.81,0.93,True,1.2105,0.8519,0.0,False,True,True,False,3.1036,0.0,True,True,True,False,2.9597,T3
2026-07-14T11:05:00,CRUDEOIL,2026-07-14,cycles_resampled,CHOP,TRAIN,H1_CONT_BLOCKED,NO_ACTION,NO_ESTABLISHED_EDGE,H1_CONT,SHORT,7599.0,7627.0,7633.02,34.02,,True,2.2985,0.9706,0.0,False,True,True,False,0.4703,-1.264,False,False,False,True,-1.2934,SL
2026-07-14T11:20:00,CRUDEOIL,2026-07-14,cycles_resampled,CHOP,TRAIN,H1_CONT,CONTINUATION_CANDIDATE,RESEARCH_ONLY_PROMISING,H1_CONT,LONG,7620.0,7596.0,7595.28,24.72,2.27,True,1.3009,0.875,0.0,False,True,True,False,3.843,0.0,True,True,True,False,2.9595,T3
2026-07-14T11:50:00,CRUDEOIL,2026-07-14,cycles_resampled,CHOP,TRAIN,H1_CONT_BLOCKED,NO_ACTION,NO_ESTABLISHED_EDGE,H1_CONT,LONG,7678.0,7669.0,7641.86,36.14,0.1,True,1.3846,0.7105,0.0,False,True,True,False,3.1544,0.0,True,True,True,False,2.9723,T3
2026-07-14T11:55:00,CRUDEOIL,2026-07-14,cycles_resampled,CHOP,TRAIN,AMBIGUOUS,NO_ACTION,NO_ESTABLISHED_EDGE,AMBIG,LONG,7715.0,7687.0,7679.98,35.02,,False,1.2852,0.8235,0.0,False,True,True,False,3.1411,-0.6282,True,True,True,False,2.9714,T3
2026-07-14T12:30:00,CRUDEOIL,2026-07-14,cycles_resampled,CHOP,TRAIN,AMBIGUOUS,NO_ACTION,NO_ESTABLISHED_EDGE,AMBIG,SHORT,7725.0,7726.0,7753.84,28.84,1.01,False,1.225,1.0,0.1429,True,True,True,False,0.8669,-2.3232,False,False,False,True,-2.3578,SL
2026-07-14T12:40:00,CRUDEOIL,2026-07-14,cycles_resampled,CHOP,TRAIN,SPIKE_NO_LEVEL,NO_ACTION,NO_ESTABLISHED_EDGE,AMBIG,SHORT,7708.0,,,,,,0.5015,0.4138,,,,,,,,,,,,,
2026-07-14T13:00:00,CRUDEOIL,2026-07-14,cycles_resampled,CHOP,TRAIN,AMBIGUOUS,NO_ACTION,NO_ESTABLISHED_EDGE,AMBIG,LONG,7783.0,7753.0,7750.8,32.2,,False,1.2157,0.775,0.0,False,True,True,False,0.1863,-1.9876,False,False,False,True,-2.0186,SL
2026-07-14T13:15:00,CRUDEOIL,2026-07-14,cycles_resampled,CHOP,TRAIN,H7_LEANING_TRAP,AVOID,SUPPORTED,H1_CONT,SHORT,7756.0,7765.0,7786.9,30.9,0.97,True,1.095,0.9333,0.4333,True,True,True,False,1.1974,-1.3916,True,False,False,False,-1.4239,SL
2026-07-14T13:30:00,CRUDEOIL,2026-07-14,cycles_resampled,CHOP,TRAIN,H7_TRAP,AVOID,SUPPORTED,H1_WEAK,LONG,7778.0,7758.0,7743.83,34.17,0.32,True,0.6284,0.4615,0.8462,True,True,True,False,0.6146,-1.5511,False,False,False,True,-1.5803,SL
2026-07-14T13:40:00,CRUDEOIL,2026-07-14,cycles_resampled,CHOP,TRAIN,H1_CONT,CONTINUATION_CANDIDATE,RESEARCH_ONLY_PROMISING,H1_CONT,SHORT,7763.0,7789.0,7797.26,34.26,1.28,True,1.1106,0.7857,0.0,False,True,True,False,1.6929,-1.1384,True,False,False,False,-1.1675,SL
2026-07-14T14:25:00,CRUDEOIL,2026-07-14,cycles_resampled,CHOP,TRAIN,H7_TRAP,AVOID,SUPPORTED,H7_TRAP,LONG,7796.0,7799.0,7744.32,51.68,0.06,False,1.737,0.8929,1.3036,True,False,False,True,0.4257,-1.3545,False,False,False,True,-1.3738,SL
2026-07-14T14:35:00,CRUDEOIL,2026-07-14,cycles_resampled,CHOP,TRAIN,H1_CONT_BLOCKED,NO_ACTION,NO_ESTABLISHED_EDGE,H1_CONT,SHORT,7767.0,7803.0,7816.44,49.44,0.42,True,1.3401,0.7917,0.0,False,True,True,False,1.0316,-1.1731,True,False,False,False,-1.1934,SL
2026-07-14T14:40:00,CRUDEOIL,2026-07-14,cycles_resampled,CHOP,TRAIN,H7_LEANING_TRAP,AVOID,SUPPORTED,H7_TRAP,SHORT,7726.0,7746.0,7772.35,46.35,3.04,False,1.5633,1.0,0.4889,True,True,False,True,0.2157,-1.2298,False,False,False,True,-1.2513,SL
2026-07-14T16:05:00,CRUDEOIL,2026-07-14,cycles_resampled,CHOP,TRAIN,H7_TRAP,AVOID,SUPPORTED,H7_TRAP,SHORT,7760.0,7776.0,7798.44,38.44,3.65,False,1.589,0.7708,0.6667,True,False,False,True,0.0,-1.3267,False,False,False,True,-1.3528,SL
2026-07-14T17:15:00,CRUDEOIL,2026-07-14,cycles_resampled,CHOP,TRAIN,H7_TRAP,AVOID,SUPPORTED,H7_TRAP,LONG,7699.0,7706.0,7673.95,25.05,2.51,False,0.04,0.0286,0.6286,True,False,False,True,3.1537,-0.8383,True,True,True,False,2.9601,T3
2026-07-14T18:50:00,CRUDEOIL,2026-07-14,cycles_resampled,CHOP,TRAIN,AMBIGUOUS,NO_ACTION,NO_ESTABLISHED_EDGE,AMBIG,SHORT,7692.0,7746.0,7744.53,52.53,0.32,False,1.5624,1.0,0.0,False,True,True,False,3.5789,-0.9138,True,True,True,False,2.981,T3
2026-07-14T19:05:00,CRUDEOIL,2026-07-14,cycles_resampled,CHOP,TRAIN,H7_LEANING_TRAP,AVOID,SUPPORTED,H7_TRAP,SHORT,7688.0,7692.0,7741.56,53.56,0.78,True,1.5589,1.0,0.2885,True,True,False,True,3.4354,-0.5041,True,True,True,False,2.9813,T3
2026-07-14T19:10:00,CRUDEOIL,2026-07-14,cycles_resampled,CHOP,TRAIN,H7_LEANING_TRAP,AVOID,SUPPORTED,H7_TRAP,SHORT,7677.0,7688.0,7716.14,39.14,0.79,False,0.3722,0.3421,0.5,True,False,False,True,3.2703,-0.8942,True,True,True,False,2.9745,T3
2026-07-14T20:00:00,CRUDEOIL,2026-07-14,cycles_resampled,CHOP,TRAIN,H1_CONT_BLOCKED,NO_ACTION,NO_ESTABLISHED_EDGE,H1_CONT,SHORT,7609.0,7643.0,7652.26,43.26,0.6,True,1.3835,1.0,0.0,False,True,True,False,2.5196,-1.4563,True,True,False,False,-1.4794,SL
2026-07-14T20:20:00,CRUDEOIL,2026-07-14,cycles_resampled,CHOP,TRAIN,AMBIGUOUS,NO_ACTION,NO_ESTABLISHED_EDGE,AMBIG,SHORT,7580.0,7583.0,7621.2,41.2,,False,1.4973,1.0,0.0,False,True,True,False,1.9417,-1.3592,True,False,False,False,-1.3835,SL
2026-07-14T20:30:00,CRUDEOIL,2026-07-14,cycles_resampled,CHOP,TRAIN,AMBIGUOUS,NO_ACTION,NO_ESTABLISHED_EDGE,H1_CONT,SHORT,7549.0,7565.0,7607.71,58.71,,True,1.4554,0.7368,0.0351,True,True,True,False,0.8346,-1.4819,False,False,False,True,-1.4989,SL
2026-07-14T20:40:00,CRUDEOIL,2026-07-14,cycles_resampled,CHOP,TRAIN,AMBIGUOUS,NO_ACTION,NO_ESTABLISHED_EDGE,AMBIG,LONG,7552.0,7535.0,7498.44,53.56,1.01,False,1.593,1.0,0.0,False,True,True,False,2.3525,-0.0187,True,True,False,False,0.4854,EOD
2026-07-14T21:00:00,CRUDEOIL,2026-07-14,cycles_resampled,CHOP,TRAIN,H1_CONT,CONTINUATION_CANDIDATE,RESEARCH_ONLY_PROMISING,H1_CONT,LONG,7636.0,7590.0,7571.11,64.89,2.03,True,1.7465,1.0,0.0,False,True,True,False,0.6472,-1.0633,False,False,False,True,-1.0787,SL
2026-07-15T18:35:00,CRUDEOIL,2026-07-15,cycles_resampled,CHOP,TRAIN,AMBIGUOUS,NO_ACTION,NO_ESTABLISHED_EDGE,AMBIG,LONG,7704.0,7707.0,7684.22,19.78,0.15,True,1.2115,0.6923,0.0,False,False,False,False,2.6289,-1.2133,True,True,False,False,-1.2639,SL
2026-07-15T19:25:00,CRUDEOIL,2026-07-15,cycles_resampled,CHOP,TRAIN,AMBIGUOUS,NO_ACTION,NO_ESTABLISHED_EDGE,AMBIG,SHORT,7689.0,7702.0,7731.32,42.32,0.16,False,2.0427,0.9318,0.0,False,True,True,False,3.1664,-0.1654,True,True,True,False,2.9764,T3
2026-07-15T20:00:00,CRUDEOIL,2026-07-15,cycles_resampled,CHOP,TRAIN,AMBIGUOUS,NO_ACTION,NO_ESTABLISHED_EDGE,H7_TRAP,SHORT,7630.0,7642.0,7657.81,27.81,,False,1.3948,1.0,0.1852,True,False,False,True,3.0205,-0.827,True,True,True,False,2.964,T3
2026-07-15T20:15:00,CRUDEOIL,2026-07-15,cycles_resampled,CHOP,TRAIN,H1_CONT_BLOCKED,NO_ACTION,NO_ESTABLISHED_EDGE,H1_CONT,SHORT,7621.0,7630.0,7644.81,23.81,,True,1.2432,0.8519,0.0,False,True,True,False,3.1499,0.0,True,True,True,False,2.958,T3
2026-07-15T20:50:00,CRUDEOIL,2026-07-15,cycles_resampled,CHOP,TRAIN,AMBIGUOUS,NO_ACTION,NO_ESTABLISHED_EDGE,H1_CONT,SHORT,7575.0,7579.0,7600.75,25.75,,True,0.7619,0.64,0.24,True,True,True,False,1.1262,-1.5922,True,False,False,False,-1.6311,SL
2026-07-15T21:05:00,CRUDEOIL,2026-07-15,cycles_resampled,CHOP,TRAIN,AMBIGUOUS,NO_ACTION,NO_ESTABLISHED_EDGE,AMBIG,LONG,7585.0,7577.0,7544.83,40.17,0.6,False,1.4922,0.8718,0.0,False,False,False,False,2.4894,-0.3983,True,True,False,False,0.8215,EOD
2026-07-15T21:50:00,CRUDEOIL,2026-07-15,cycles_resampled,CHOP,TRAIN,AMBIGUOUS,NO_ACTION,NO_ESTABLISHED_EDGE,AMBIG,LONG,7653.0,7634.0,7624.16,28.84,3.27,False,1.4682,1.0,0.0,False,True,True,False,1.1096,-1.0055,True,False,False,False,-1.0402,SL
2026-07-15T22:20:00,CRUDEOIL,2026-07-15,cycles_resampled,CHOP,TRAIN,H7_TRAP,AVOID,SUPPORTED,H7_TRAP,LONG,7674.0,7665.0,7647.22,26.78,2.54,False,1.5758,1.0,1.3462,True,True,False,True,0.4108,-1.2696,False,False,False,True,-1.3069,SL
2026-07-15T22:55:00,CRUDEOIL,2026-07-15,cycles_resampled,CHOP,TRAIN,AMBIGUOUS,NO_ACTION,NO_ESTABLISHED_EDGE,H7_TRAP,SHORT,7618.0,7624.0,7643.75,25.75,2.8,False,1.3725,1.0,0.08,True,True,False,True,0.699,-0.5049,False,False,False,False,0.0,EOD
2026-07-16T10:25:00,CRUDEOIL,2026-07-16,cycles_resampled,CHOP,TRAIN,AMBIGUOUS,NO_ACTION,NO_ESTABLISHED_EDGE,AMBIG,LONG,7658.0,7650.0,7646.58,11.42,0.89,False,1.4808,0.7857,0.0,False,True,False,False,0.0,-1.2259,False,False,False,True,-1.3135,SL
2026-07-16T10:45:00,CRUDEOIL,2026-07-16,cycles_resampled,CHOP,TRAIN,H7_TRAP,AVOID,SUPPORTED,H7_TRAP,LONG,7655.0,7652.0,7644.64,10.36,0.58,False,0.8077,0.5,1.3333,True,True,False,True,0.0,-1.0618,False,False,False,True,-1.1583,SL
2026-07-16T11:05:00,CRUDEOIL,2026-07-16,cycles_resampled,CHOP,TRAIN,AMBIGUOUS,NO_ACTION,NO_ESTABLISHED_EDGE,AMBIG,LONG,7653.0,7641.0,7638.58,14.42,0.14,False,1.5935,1.0,0.0,False,True,True,False,2.0804,-1.3176,True,True,False,False,-1.387,SL
2026-07-16T11:20:00,CRUDEOIL,2026-07-16,cycles_resampled,CHOP,TRAIN,AMBIGUOUS,NO_ACTION,NO_ESTABLISHED_EDGE,H7_TRAP,LONG,7661.0,7656.0,7644.52,16.48,0.21,False,1.6716,1.0,0.125,True,False,False,True,1.2136,-1.0922,True,False,False,False,-1.1529,SL
2026-07-16T11:35:00,CRUDEOIL,2026-07-16,cycles_resampled,CHOP,TRAIN,H7_TRAP,AVOID,SUPPORTED,H7_TRAP,LONG,7673.0,7673.0,7653.43,19.57,,False,1.8732,1.0,0.6842,True,False,False,True,0.4088,-1.1753,False,False,False,True,-1.2264,SL
2026-07-16T11:40:00,CRUDEOIL,2026-07-16,cycles_resampled,CHOP,TRAIN,SPIKE_NO_LEVEL,NO_ACTION,NO_ESTABLISHED_EDGE,AMBIG,SHORT,7663.0,,,,,,1.1667,0.65,,,,,,,,,,,,,
2026-07-16T11:50:00,CRUDEOIL,2026-07-16,cycles_resampled,CHOP,TRAIN,H7_LEANING_TRAP,AVOID,SUPPORTED,AMBIG,LONG,7678.0,7664.53,7662.55,15.45,0.19,False,1.2281,1.0,0.502,True,True,True,False,0.0647,-1.6828,False,False,False,True,-1.7476,SL
2026-07-16T12:35:00,CRUDEOIL,2026-07-16,cycles_resampled,CHOP,TRAIN,H1_CONT_BLOCKED,NO_ACTION,NO_ESTABLISHED_EDGE,H1_CONT,SHORT,7657.0,7665.0,7671.45,14.45,0.73,True,1.0155,0.9333,0.0,False,True,True,False,1.0381,-1.7993,True,False,False,False,-1.8685,SL
2026-07-16T12:40:00,CRUDEOIL,2026-07-16,cycles_resampled,CHOP,TRAIN,H7_TRAP,AVOID,SUPPORTED,H7_TRAP,SHORT,7643.0,7646.0,7659.48,16.48,0.79,False,0.9608,0.875,2.3125,True,False,False,True,0.0607,-2.4272,False,False,False,True,-2.4879,SL
2026-07-16T12:55:00,CRUDEOIL,2026-07-16,cycles_resampled,CHOP,TRAIN,H7_LEANING_TRAP,AVOID,SUPPORTED,H7_TRAP,LONG,7683.0,7681.0,7656.22,26.78,,False,1.8571,1.0,0.4231,True,False,False,True,0.0,-1.0082,False,False,False,True,-1.0456,SL
2026-07-16T14:00:00,CRUDEOIL,2026-07-16,cycles_resampled,CHOP,TRAIN,H7_LEANING_TRAP,AVOID,SUPPORTED,H1_CONT,LONG,7671.0,7669.2,7656.55,14.45,0.21,True,1.12,0.9333,0.48,True,True,True,False,0.346,-1.5225,False,False,False,True,-1.5917,SL
2026-07-16T14:05:00,CRUDEOIL,2026-07-16,cycles_resampled,CHOP,TRAIN,H7_TRAP,AVOID,SUPPORTED,H7_TRAP,LONG,7675.0,7674.0,7660.55,14.45,0.55,False,0.4268,0.3333,0.8,True,False,False,True,0.0,-1.1765,False,False,False,True,-1.2457,SL
2026-07-16T14:20:00,CRUDEOIL,2026-07-16,cycles_resampled,CHOP,TRAIN,H7_TRAP,AVOID,SUPPORTED,H7_TRAP,LONG,7673.0,7670.0,7657.55,15.45,0.19,False,1.3208,1.0,2.4,True,False,False,True,0.0,-1.5534,False,False,False,True,-1.6181,SL
2026-07-16T14:25:00,CRUDEOIL,2026-07-16,cycles_resampled,CHOP,TRAIN,H1_CONT_BLOCKED,NO_ACTION,NO_ESTABLISHED_EDGE,H1_CONT,SHORT,7649.0,7649.32,7671.66,22.66,0.84,True,1.8225,1.0,0.0,False,True,True,False,1.5887,-1.1915,True,False,False,False,-1.2357,SL
2026-07-16T14:30:00,CRUDEOIL,2026-07-16,cycles_resampled,CHOP,TRAIN,AMBIGUOUS,NO_ACTION,NO_ESTABLISHED_EDGE,AMBIG,SHORT,7634.0,7649.0,7651.51,17.51,0.23,False,0.9385,0.7059,0.0,False,True,True,False,1.1993,-1.5991,True,False,False,False,-1.6562,SL
2026-07-16T14:35:00,CRUDEOIL,2026-07-16,cycles_resampled,CHOP,TRAIN,SPIKE_NO_LEVEL,NO_ACTION,NO_ESTABLISHED_EDGE,AMBIG,LONG,7638.0,,,,,,0.1466,0.1176,,,,,,,,,,,,,
2026-07-16T14:40:00,CRUDEOIL,2026-07-16,cycles_resampled,CHOP,TRAIN,H7_TRAP,AVOID,SUPPORTED,H7_TRAP,SHORT,7613.0,7621.0,7640.81,27.81,,False,1.89,1.0,0.7037,True,False,False,True,0.0,-1.3305,False,False,False,True,-1.3664,SL
2026-07-16T14:45:00,CRUDEOIL,2026-07-16,cycles_resampled,CHOP,TRAIN,SPIKE_NO_LEVEL,NO_ACTION,NO_ESTABLISHED_EDGE,AMBIG,LONG,7635.0,,,,,,1.2913,1.0,,,,,,,,,,,,,
2026-07-16T14:55:00,CRUDEOIL,2026-07-16,cycles_resampled,CHOP,TRAIN,H7_TRAP,AVOID,SUPPORTED,H7_TRAP,SHORT,7631.0,7640.0,7648.57,17.57,1.02,False,1.0868,0.8947,1.3684,True,False,False,True,0.3415,-1.7644,False,False,False,True,-1.8213,SL
2026-07-16T15:05:00,CRUDEOIL,2026-07-16,cycles_resampled,CHOP,TRAIN,H1_WEAK,NO_ACTION,NO_ESTABLISHED_EDGE,H1_CONT,LONG,7662.0,7650.0,7643.46,18.54,0.62,True,0.8201,0.7778,0.0,False,True,True,False,3.452,-0.8091,True,True,True,False,2.9461,T3
2026-07-16T17:20:00,CRUDEOIL,2026-07-16,cycles_resampled,CHOP,TRAIN,AMBIGUOUS,NO_ACTION,NO_ESTABLISHED_EDGE,AMBIG,LONG,7697.0,7683.0,7683.46,13.54,,False,0.0,0.0,0.0,False,True,True,False,3.4712,-0.9601,True,True,True,False,2.9261,T3
2026-07-16T17:25:00,CRUDEOIL,2026-07-16,cycles_resampled,CHOP,TRAIN,H7_TRAP,AVOID,SUPPORTED,H7_TRAP,SHORT,7684.0,7684.0,7702.54,18.54,1.4,False,0.5506,0.3889,1.8889,True,False,False,True,0.0,-1.0248,False,False,False,True,-1.0787,SL
2026-07-16T18:00:00,CRUDEOIL,2026-07-16,cycles_resampled,CHOP,TRAIN,H1_WEAK,NO_ACTION,NO_ESTABLISHED_EDGE,H1_WEAK,LONG,7761.0,7702.0,7743.19,17.81,0.73,True,0.5185,0.3333,0.0,False,True,True,False,2.0775,-1.6283,True,True,False,False,-1.6844,SL
2026-07-16T18:15:00,CRUDEOIL,2026-07-16,cycles_resampled,CHOP,TRAIN,H7_LEANING_TRAP,AVOID,SUPPORTED,H7_TRAP,SHORT,7753.0,7769.0,7781.05,28.05,0.32,False,1.4373,0.7714,0.5143,True,True,False,True,0.0,-1.6043,False,False,False,True,-1.6399,SL
2026-07-16T18:30:00,CRUDEOIL,2026-07-16,cycles_resampled,CHOP,TRAIN,H7_TRAP,AVOID,SUPPORTED,H7_TRAP,LONG,7787.0,7780.0,7762.98,24.02,,False,1.2243,0.6765,0.6471,True,False,False,True,0.0,-1.2906,False,False,False,True,-1.3322,SL
2026-07-16T18:55:00,CRUDEOIL,2026-07-16,cycles_resampled,CHOP,TRAIN,AMBIGUOUS,NO_ACTION,NO_ESTABLISHED_EDGE,AMBIG,SHORT,7732.0,7752.0,7752.6,20.6,4.0,False,1.0332,1.0,0.0,False,True,True,False,3.0097,-0.9223,True,True,True,False,2.9515,T3
2026-07-16T19:00:00,CRUDEOIL,2026-07-16,cycles_resampled,CHOP,TRAIN,AMBIGUOUS,NO_ACTION,NO_ESTABLISHED_EDGE,AMBIG,LONG,7749.0,7672.74,7721.19,27.81,1.76,False,0.6926,0.5185,0.0,False,True,True,False,0.0719,-1.2226,False,False,False,True,-1.2585,SL
2026-07-16T19:05:00,CRUDEOIL,2026-07-16,cycles_resampled,CHOP,TRAIN,H1_WEAK,NO_ACTION,NO_ESTABLISHED_EDGE,H1_CONT,SHORT,7729.0,7752.0,7751.66,22.66,3.67,True,0.9673,0.8636,0.0,False,True,True,False,3.2657,-0.4413,True,True,True,False,2.9559,T3
2026-07-16T19:30:00,CRUDEOIL,2026-07-16,cycles_resampled,CHOP,TRAIN,AMBIGUOUS,NO_ACTION,NO_ESTABLISHED_EDGE,H7_TRAP,SHORT,7702.0,7709.0,7728.78,26.78,2.1,False,1.3382,1.0,0.1923,True,True,False,True,0.3734,-1.3816,False,False,False,True,-1.419,SL
2026-07-16T19:50:00,CRUDEOIL,2026-07-16,cycles_resampled,CHOP,TRAIN,H7_LEANING_TRAP,AVOID,SUPPORTED,H7_TRAP,LONG,7733.0,7728.0,7705.01,27.99,2.32,False,1.4373,0.8182,0.5455,True,False,False,True,0.0,-1.0361,False,False,False,True,-1.0718,SL
2026-07-16T21:30:00,CRUDEOIL,2026-07-16,cycles_resampled,CHOP,TRAIN,AMBIGUOUS,NO_ACTION,NO_ESTABLISHED_EDGE,H7_TRAP,LONG,7680.0,7665.0,7655.28,24.72,0.17,False,1.7143,1.0,0.2083,True,True,False,True,0.2023,-1.0922,False,False,False,True,-1.1327,SL
2026-07-16T21:40:00,CRUDEOIL,2026-07-16,cycles_resampled,CHOP,TRAIN,H7_LEANING_TRAP,AVOID,SUPPORTED,H7_TRAP,SHORT,7660.0,7676.0,7680.66,20.66,0.24,False,0.901,0.5909,0.4091,True,False,False,True,0.3388,-2.7106,False,False,False,True,-2.759,SL
2026-07-16T21:45:00,CRUDEOIL,2026-07-16,cycles_resampled,CHOP,TRAIN,H7_LEANING_TRAP,AVOID,SUPPORTED,H7_TRAP,LONG,7680.0,7680.0,7652.19,27.81,0.15,False,1.5261,0.8519,0.4815,True,False,False,True,1.2945,-1.0787,True,False,False,False,-1.1147,SL
2026-07-16T21:50:00,CRUDEOIL,2026-07-16,cycles_resampled,CHOP,TRAIN,SPIKE_NO_LEVEL,NO_ACTION,NO_ESTABLISHED_EDGE,AMBIG,SHORT,7685.0,,,,,,1.8083,0.7949,,,,,,,,,,,,,
2026-07-16T22:40:00,CRUDEOIL,2026-07-16,cycles_resampled,CHOP,TRAIN,H7_LEANING_TRAP,AVOID,SUPPORTED,H7_TRAP,LONG,7643.0,7624.0,7627.28,15.72,1.78,False,0.8607,0.625,0.4583,True,False,False,True,0.0636,-1.4631,False,False,False,True,-1.5267,SL
2026-07-16T22:45:00,CRUDEOIL,2026-07-16,cycles_resampled,CHOP,TRAIN,AMBIGUOUS,NO_ACTION,NO_ESTABLISHED_EDGE,H1_CONT,SHORT,7620.0,7628.0,7644.72,24.72,0.36,True,1.2973,1.0,0.125,True,True,True,False,0.9304,-0.6068,False,False,False,False,0.7686,EOD
2026-07-16T23:00:00,CRUDEOIL,2026-07-16,cycles_resampled,CHOP,TRAIN,AMBIGUOUS,NO_ACTION,NO_ESTABLISHED_EDGE,H7_TRAP,LONG,7631.0,7618.0,7613.37,17.63,1.19,False,0.6573,0.4762,0.1429,True,True,False,True,0.0,-1.7584,False,False,False,True,-1.8151,SL
2026-07-16T23:10:00,CRUDEOIL,2026-07-16,cycles_resampled,CHOP,TRAIN,SPIKE_NO_LEVEL,NO_ACTION,NO_ESTABLISHED_EDGE,AMBIG,LONG,7616.0,,,,,,0.3256,0.2381,,,,,,,,,,,,,
2026-07-17T10:40:00,CRUDEOIL,2026-07-17,cycles_resampled,TREND_UP,TRAIN,AMBIGUOUS,NO_ACTION,NO_ESTABLISHED_EDGE,AMBIG,SHORT,7677.0,7682.03,7684.21,7.21,0.97,False,1.1011,1.0,0.0,False,True,True,False,10.6796,-0.6935,True,True,True,False,2.8613,T3
2026-07-17T10:50:00,CRUDEOIL,2026-07-17,cycles_resampled,TREND_UP,TRAIN,SPIKE_NO_LEVEL,NO_ACTION,NO_ESTABLISHED_EDGE,AMBIG,LONG,7680.0,,,,,,0.1591,0.1429,,,,,,,,,,,,,
2026-07-17T10:55:00,CRUDEOIL,2026-07-17,cycles_resampled,TREND_UP,TRAIN,H7_LEANING_TRAP,AVOID,SUPPORTED,H7_TRAP,SHORT,7669.0,7670.0,7677.3,8.3,,True,1.1915,0.8,0.3,True,False,False,True,0.0,-1.5663,False,False,False,True,-1.6867,SL
2026-07-17T11:00:00,CRUDEOIL,2026-07-17,cycles_resampled,TREND_UP,TRAIN,H1_WEAK,NO_ACTION,NO_ESTABLISHED_EDGE,H1_WEAK,SHORT,7673.0,7677.0,7682.3,9.3,0.65,True,0.1359,0.1,0.0,False,True,True,False,7.8495,0.0,True,True,True,False,2.8925,T3
2026-07-17T11:10:00,CRUDEOIL,2026-07-17,cycles_resampled,TREND_UP,TRAIN,H1_CONT_BLOCKED,NO_ACTION,NO_ESTABLISHED_EDGE,H1_CONT,SHORT,7617.0,7657.0,7655.62,38.62,,True,3.1779,0.6852,0.0,False,True,True,False,1.0357,-1.0357,True,False,False,False,-1.0616,SL
2026-07-17T11:15:00,CRUDEOIL,2026-07-17,cycles_resampled,TREND_UP,TRAIN,H7_TRAP,AVOID,SUPPORTED,H7_TRAP,SHORT,7603.0,7600.0,7613.42,10.42,0.29,False,0.7283,0.6429,2.2143,True,False,False,True,0.0,-2.6871,False,False,False,True,-2.7831,SL
2026-07-17T11:20:00,CRUDEOIL,2026-07-17,cycles_resampled,TREND_UP,TRAIN,H7_TRAP,AVOID,SUPPORTED,H7_TRAP,LONG,7631.0,7613.0,7607.31,23.69,2.15,False,1.6429,1.0,1.5217,True,True,False,True,0.0,-1.7307,False,False,False,True,-1.7729,SL
2026-07-17T11:30:00,CRUDEOIL,2026-07-17,cycles_resampled,TREND_UP,TRAIN,H7_LEANING_TRAP,AVOID,SUPPORTED,AMBIG,SHORT,7594.0,7599.0,7618.84,24.84,,False,1.4545,0.8571,0.3571,True,True,True,False,0.6844,-1.3688,False,False,False,True,-1.409,SL
2026-07-17T11:45:00,CRUDEOIL,2026-07-17,cycles_resampled,TREND_UP,TRAIN,AMBIGUOUS,NO_ACTION,NO_ESTABLISHED_EDGE,AMBIG,LONG,7609.0,7585.0,7585.31,23.69,0.93,False,0.8947,0.7391,0.0,False,True,True,False,3.377,-0.3799,True,True,True,False,2.9578,T3
2026-07-17T11:55:00,CRUDEOIL,2026-07-17,cycles_resampled,TREND_UP,TRAIN,AMBIGUOUS,NO_ACTION,NO_ESTABLISHED_EDGE,AMBIG,LONG,7628.0,7612.0,7600.19,27.81,0.11,False,1.3125,1.0,0.0,False,True,True,False,3.8835,-0.4675,True,True,True,False,2.964,T3
2026-07-17T12:05:00,CRUDEOIL,2026-07-17,cycles_resampled,TREND_UP,TRAIN,AMBIGUOUS,NO_ACTION,NO_ESTABLISHED_EDGE,AMBIG,LONG,7657.0,7628.0,7628.16,28.84,1.62,False,1.2405,1.0,0.0,False,True,True,False,3.1553,-0.9362,True,True,True,False,2.9653,T3
2026-07-17T13:45:00,CRUDEOIL,2026-07-17,cycles_resampled,TREND_UP,TRAIN,H7_TRAP,AVOID,SUPPORTED,H7_TRAP,SHORT,7640.0,7646.0,7664.72,24.72,0.4,False,1.6552,1.0,1.7083,True,False,False,True,0.0,-1.2136,False,False,False,True,-1.254,SL
2026-07-17T13:50:00,CRUDEOIL,2026-07-17,cycles_resampled,TREND_UP,TRAIN,H1_CONT,CONTINUATION_CANDIDATE,RESEARCH_ONLY_PROMISING,H1_CONT,LONG,7670.0,7667.0,7639.1,30.9,1.0,True,1.8667,1.0,0.0,False,True,True,False,3.0744,-0.1294,True,True,True,False,2.9676,T3
2026-07-17T17:05:00,CRUDEOIL,2026-07-17,cycles_resampled,TREND_UP,TRAIN,H7_TRAP,AVOID,SUPPORTED,H1_WEAK,SHORT,7764.0,7766.0,7788.72,24.72,7.47,True,2.0741,1.0,0.625,True,True,False,False,0.3236,-1.0518,False,False,False,True,-1.0922,SL
2026-07-17T18:30:00,CRUDEOIL,2026-07-17,cycles_resampled,TREND_UP,TRAIN,AMBIGUOUS,NO_ACTION,NO_ESTABLISHED_EDGE,AMBIG,LONG,7854.0,7808.0,7798.38,55.62,,False,3.3013,1.0,0.0,False,True,True,False,0.6113,-1.1327,False,False,False,True,-1.1507,SL
2026-07-17T18:35:00,CRUDEOIL,2026-07-17,cycles_resampled,TREND_UP,TRAIN,SPIKE_NO_LEVEL,NO_ACTION,NO_ESTABLISHED_EDGE,AMBIG,SHORT,7831.0,,,,,,1.1523,0.9524,,,,,,,,,,,,,
2026-07-17T18:40:00,CRUDEOIL,2026-07-17,cycles_resampled,TREND_UP,TRAIN,H1_CONT_BLOCKED,NO_ACTION,NO_ESTABLISHED_EDGE,H1_CONT,LONG,7850.0,7752.66,7827.34,22.66,0.18,True,1.1892,1.0,0.0,False,True,True,False,0.7061,-1.015,False,False,False,True,-1.0591,SL
2026-07-17T19:05:00,CRUDEOIL,2026-07-17,cycles_resampled,TREND_UP,TRAIN,H7_TRAP,AVOID,SUPPORTED,H7_TRAP,SHORT,7829.0,7855.0,7857.84,28.84,0.03,False,1.3659,1.0,0.7857,True,False,False,True,0.0693,-1.2483,False,False,False,True,-1.2829,SL
2026-07-17T19:10:00,CRUDEOIL,2026-07-17,cycles_resampled,TREND_UP,TRAIN,AMBIGUOUS,NO_ACTION,NO_ESTABLISHED_EDGE,AMBIG,LONG,7857.0,7857.0,7826.1,30.9,0.29,True,1.3953,1.0,0.0,False,False,False,False,1.0032,-1.2945,True,False,False,False,-1.3269,SL
2026-07-17T19:35:00,CRUDEOIL,2026-07-17,cycles_resampled,TREND_UP,TRAIN,AMBIGUOUS,NO_ACTION,NO_ESTABLISHED_EDGE,H7_TRAP,SHORT,7854.0,7873.0,7889.02,35.02,0.77,False,1.5556,1.0,0.0588,True,False,False,True,2.9126,-1.3992,True,True,False,False,-1.4278,SL
2026-07-17T20:30:00,CRUDEOIL,2026-07-17,cycles_resampled,TREND_UP,TRAIN,AMBIGUOUS,NO_ACTION,NO_ESTABLISHED_EDGE,AMBIG,SHORT,7772.0,7791.0,7795.69,23.69,8.09,False,1.2419,0.9565,0.1304,True,True,True,False,0.8442,-1.393,False,False,False,True,-1.4352,SL
2026-07-17T20:40:00,CRUDEOIL,2026-07-17,cycles_resampled,TREND_UP,TRAIN,AMBIGUOUS,NO_ACTION,NO_ESTABLISHED_EDGE,AMBIG,LONG,7772.0,7774.61,7751.31,20.69,0.13,True,1.0646,0.8696,0.0,False,False,False,False,3.6733,0.0,True,True,True,False,2.9517,T3
2026-07-17T20:50:00,CRUDEOIL,2026-07-17,cycles_resampled,TREND_UP,TRAIN,H1_CONT,CONTINUATION_CANDIDATE,RESEARCH_ONLY_PROMISING,H1_CONT,LONG,7809.0,7805.0,7780.16,28.84,1.25,True,1.1536,0.7857,0.0,False,True,True,False,3.2594,0.0,True,True,True,False,2.9653,T3
2026-07-17T21:00:00,CRUDEOIL,2026-07-17,cycles_resampled,TREND_UP,TRAIN,AMBIGUOUS,NO_ACTION,NO_ESTABLISHED_EDGE,H7_TRAP,LONG,7848.0,7845.0,7810.92,37.08,1.08,True,1.7684,1.0,0.1667,True,True,False,True,2.9935,-0.5394,True,True,False,False,2.8587,EOD
2026-07-17T21:30:00,CRUDEOIL,2026-07-17,cycles_resampled,TREND_UP,TRAIN,H1_CONT_BLOCKED,NO_ACTION,NO_ESTABLISHED_EDGE,H1_CONT,LONG,7900.0,7888.0,7843.26,56.74,,True,2.2781,0.9483,0.0,False,True,True,False,1.0398,-0.2467,True,False,False,False,0.9517,EOD
2026-07-17T21:35:00,CRUDEOIL,2026-07-17,cycles_resampled,TREND_UP,TRAIN,AMBIGUOUS,NO_ACTION,NO_ESTABLISHED_EDGE,H7_TRAP,LONG,7905.0,7903.0,7885.13,19.87,,False,0.0411,0.0345,0.069,True,True,False,True,2.7177,-0.6039,True,True,False,False,2.466,EOD
2026-07-17T22:20:00,CRUDEOIL,2026-07-17,cycles_resampled,TREND_UP,TRAIN,H7_LEANING_TRAP,AVOID,SUPPORTED,H7_TRAP,LONG,7921.0,7920.0,7893.19,27.81,,False,1.4318,1.0,0.3704,True,True,False,True,1.3664,-0.5753,True,False,False,False,1.1866,EOD
2026-07-17T23:10:00,CRUDEOIL,2026-07-17,cycles_resampled,TREND_UP,TRAIN,AMBIGUOUS,NO_ACTION,NO_ESTABLISHED_EDGE,H7_TRAP,LONG,7955.0,7940.0,7930.28,24.72,0.16,False,1.697,1.0,0.0417,True,True,False,True,0.0,-0.6472,False,False,False,False,-0.0405,EOD
2026-07-20T10:20:00,CRUDEOIL,2026-07-20,cycles_resampled,CHOP,TRAIN,AMBIGUOUS,NO_ACTION,NO_ESTABLISHED_EDGE,H7_TRAP,LONG,8143.0,8130.0,8121.37,21.63,0.31,False,2.0144,0.9524,0.2381,True,False,False,True,0.0,-1.0171,False,False,False,True,-1.0633,SL
2026-07-20T10:55:00,CRUDEOIL,2026-07-20,cycles_resampled,CHOP,TRAIN,H7_TRAP,AVOID,SUPPORTED,H7_TRAP,LONG,8140.0,8142.6,8125.46,14.54,0.18,False,1.5433,0.7778,1.2,True,False,False,True,0.1376,-1.3067,False,False,False,True,-1.3755,SL
2026-07-20T11:10:00,CRUDEOIL,2026-07-20,cycles_resampled,CHOP,TRAIN,H1_CONT_BLOCKED,NO_ACTION,NO_ESTABLISHED_EDGE,H1_CONT,LONG,8142.0,8133.0,8120.37,21.63,0.01,True,1.8968,1.0,0.0,False,True,True,False,2.4965,-2.4503,True,True,False,False,-2.4965,SL
2026-07-20T11:45:00,CRUDEOIL,2026-07-20,cycles_resampled,CHOP,TRAIN,H7_TRAP,AVOID,SUPPORTED,H7_TRAP,LONG,8190.0,8185.0,8172.43,17.57,,False,0.9081,0.6316,1.3158,True,False,False,True,0.3415,-1.366,False,False,False,True,-1.4229,SL
2026-07-20T11:50:00,CRUDEOIL,2026-07-20,cycles_resampled,CHOP,TRAIN,H7_LEANING_TRAP,AVOID,SUPPORTED,H1_CONT,SHORT,8166.0,8173.0,8196.9,30.9,0.87,True,1.8937,0.9333,0.3667,True,True,True,False,3.2362,-0.7767,True,True,True,False,2.9676,T3
2026-07-20T12:10:00,CRUDEOIL,2026-07-20,cycles_resampled,CHOP,TRAIN,H7_LEANING_TRAP,AVOID,SUPPORTED,AMBIG,SHORT,8170.0,8160.0,8190.93,20.93,0.48,True,1.1966,0.6452,0.3871,True,False,False,False,3.87,-0.9556,True,True,True,False,2.9522,T3
2026-07-20T12:25:00,CRUDEOIL,2026-07-20,cycles_resampled,CHOP,TRAIN,H7_LEANING_TRAP,AVOID,SUPPORTED,H7_TRAP,LONG,8172.0,8159.0,8152.43,19.57,0.92,True,0.9013,0.7895,0.4211,True,False,False,True,0.0,-1.1242,False,False,False,True,-1.1753,SL
2026-07-20T12:35:00,CRUDEOIL,2026-07-20,cycles_resampled,CHOP,TRAIN,H7_TRAP,AVOID,SUPPORTED,H7_TRAP,LONG,8188.0,8172.0,8149.83,38.17,0.21,False,1.9696,0.9487,1.2564,True,True,False,True,0.0,-1.7029,False,False,False,True,-1.7291,SL
2026-07-20T12:50:00,CRUDEOIL,2026-07-20,cycles_resampled,CHOP,TRAIN,H1_CONT_BLOCKED,NO_ACTION,NO_ESTABLISHED_EDGE,H1_CONT,SHORT,8123.0,8150.0,8152.87,29.87,0.09,True,1.381,1.0,0.0,False,True,True,False,3.9839,0.0,True,True,True,False,2.9665,T3
2026-07-20T12:55:00,CRUDEOIL,2026-07-20,cycles_resampled,CHOP,TRAIN,H1_WEAK,NO_ACTION,NO_ESTABLISHED_EDGE,H1_CONT,SHORT,8089.0,8118.0,8112.69,23.69,,True,0.7702,0.7391,0.0,False,True,True,False,3.588,0.0,True,True,True,False,2.9578,T3
2026-07-20T13:10:00,CRUDEOIL,2026-07-20,cycles_resampled,CHOP,TRAIN,AMBIGUOUS,NO_ACTION,NO_ESTABLISHED_EDGE,AMBIG,SHORT,8004.0,8052.0,8035.93,31.93,,False,1.2365,1.0,0.0,False,True,True,False,3.0692,-0.783,True,True,True,False,2.9687,T3
2026-07-20T13:15:00,CRUDEOIL,2026-07-20,cycles_resampled,CHOP,TRAIN,SPIKE_NO_LEVEL,NO_ACTION,NO_ESTABLISHED_EDGE,AMBIG,LONG,8018.0,,,,,,0.5526,0.3488,,,,,,,,,,,,,
2026-07-20T13:40:00,CRUDEOIL,2026-07-20,cycles_resampled,CHOP,TRAIN,H1_CONT_BLOCKED,NO_ACTION,NO_ESTABLISHED_EDGE,H1_CONT,SHORT,7941.0,7954.0,7974.99,33.99,,True,1.0437,0.8788,0.0,False,True,True,False,4.5307,-0.6472,True,True,True,False,2.9706,T3
2026-07-20T14:15:00,CRUDEOIL,2026-07-20,cycles_resampled,CHOP,TRAIN,H7_TRAP,AVOID,SUPPORTED,H7_TRAP,SHORT,7896.0,7905.0,7926.9,30.9,,False,1.2,1.0,0.7333,True,False,False,True,0.0324,-1.0032,False,False,False,True,-1.0356,SL
2026-07-20T16:30:00,CRUDEOIL,2026-07-20,cycles_resampled,CHOP,TRAIN,H7_LEANING_TRAP,AVOID,SUPPORTED,H7_TRAP,SHORT,7915.0,7931.84,7943.84,28.84,0.45,False,1.9406,1.0,0.2914,True,True,False,True,0.0693,-1.0749,False,False,False,True,-1.1096,SL
2026-07-20T17:00:00,CRUDEOIL,2026-07-20,cycles_resampled,CHOP,TRAIN,H1_CONT_BLOCKED,NO_ACTION,NO_ESTABLISHED_EDGE,H1_CONT,SHORT,7793.0,7875.0,7859.1,66.1,,True,2.6906,0.8429,0.0,False,True,True,False,0.6657,-1.9516,False,False,False,True,-1.9667,SL
2026-07-20T17:05:00,CRUDEOIL,2026-07-20,cycles_resampled,CHOP,TRAIN,H7_TRAP,AVOID,SUPPORTED,H7_TRAP,SHORT,7762.0,7787.0,7794.96,32.96,,False,0.5465,0.4062,0.875,True,True,False,True,0.3944,-1.608,False,False,False,True,-1.6383,SL
2026-07-20T17:15:00,CRUDEOIL,2026-07-20,cycles_resampled,CHOP,TRAIN,AMBIGUOUS,NO_ACTION,NO_ESTABLISHED_EDGE,AMBIG,LONG,7815.0,7768.0,7767.62,47.38,2.76,False,1.7082,1.0,0.0,False,True,True,False,3.2081,-0.2111,True,True,True,False,2.9789,T3
2026-07-20T17:30:00,CRUDEOIL,2026-07-20,cycles_resampled,CHOP,TRAIN,H1_CONT_BLOCKED,NO_ACTION,NO_ESTABLISHED_EDGE,H1_CONT,LONG,7909.0,7825.0,7821.06,87.94,0.42,True,2.4587,0.8673,0.0,False,True,True,False,1.1713,-0.1933,True,False,False,False,1.0462,EOD
2026-07-20T17:40:00,CRUDEOIL,2026-07-20,cycles_resampled,CHOP,TRAIN,H7_TRAP,AVOID,SUPPORTED,H7_TRAP,SHORT,7912.0,7911.0,7941.96,29.96,3.57,False,0.4828,0.5312,1.75,True,False,False,True,0.0668,-1.8358,False,False,False,True,-1.8692,SL
2026-07-20T18:10:00,CRUDEOIL,2026-07-20,cycles_resampled,CHOP,TRAIN,H7_TRAP,AVOID,SUPPORTED,H7_TRAP,LONG,7976.0,7979.0,7957.07,18.93,0.16,False,0.5514,0.5806,1.2258,True,False,False,True,0.1585,-2.3772,False,False,False,True,-2.43,SL
2026-07-20T18:15:00,CRUDEOIL,2026-07-20,cycles_resampled,CHOP,TRAIN,H7_TRAP,AVOID,SUPPORTED,H7_TRAP,SHORT,7941.0,7939.0,7980.44,39.44,0.05,False,1.0359,0.7292,0.7292,True,False,False,True,0.0,-1.141,False,False,False,True,-1.1663,SL
2026-07-20T18:30:00,CRUDEOIL,2026-07-20,cycles_resampled,CHOP,TRAIN,AMBIGUOUS,NO_ACTION,NO_ESTABLISHED_EDGE,AMBIG,SHORT,7933.0,7963.0,7964.93,31.93,0.06,False,0.7261,0.8065,0.0,False,True,True,False,1.2841,-1.2527,True,False,False,False,-1.2841,SL
2026-07-20T20:30:00,CRUDEOIL,2026-07-20,cycles_resampled,CHOP,TRAIN,H1_CONT,CONTINUATION_CANDIDATE,RESEARCH_ONLY_PROMISING,H1_CONT,SHORT,7945.0,7957.0,7975.9,30.9,1.23,True,1.377,1.0,0.0,False,True,True,False,1.3269,-1.6505,True,False,False,False,-1.6828,SL
2026-07-20T20:35:00,CRUDEOIL,2026-07-20,cycles_resampled,CHOP,TRAIN,AMBIGUOUS,NO_ACTION,NO_ESTABLISHED_EDGE,AMBIG,SHORT,7913.0,7945.0,7953.17,40.17,0.15,False,1.3099,0.8205,0.0,False,True,True,False,0.224,-1.3941,False,False,False,True,-1.419,SL
2026-07-20T22:10:00,CRUDEOIL,2026-07-20,cycles_resampled,CHOP,TRAIN,H7_LEANING_TRAP,AVOID,SUPPORTED,H7_TRAP,SHORT,7964.0,7944.0,7997.56,33.56,1.79,True,1.2785,0.3846,0.4615,True,False,False,True,0.6853,-1.0727,False,False,False,True,-1.1025,SL
2026-07-21T10:05:00,CRUDEOIL,2026-07-21,cycles_resampled,TREND_UP,TRAIN,AMBIGUOUS,NO_ACTION,NO_ESTABLISHED_EDGE,H7_TRAP,SHORT,7940.0,7941.0,7951.36,11.36,1.06,False,1.3051,0.9167,0.0833,True,False,False,True,0.3521,-1.6725,False,False,False,True,-1.7606,SL
2026-07-21T11:00:00,CRUDEOIL,2026-07-21,cycles_resampled,TREND_UP,TRAIN,AMBIGUOUS,NO_ACTION,NO_ESTABLISHED_EDGE,H7_TRAP,SHORT,7953.0,7950.0,7960.39,7.39,0.41,True,0.8596,0.5385,0.0769,True,False,False,True,3.1123,-0.1353,True,True,True,False,2.8647,T3
2026-07-21T11:10:00,CRUDEOIL,2026-07-21,cycles_resampled,TREND_UP,TRAIN,H1_CONT_BLOCKED,NO_ACTION,NO_ESTABLISHED_EDGE,H1_CONT,SHORT,7930.0,7938.04,7945.45,15.45,0.52,True,1.4483,0.8,0.0,False,True,True,False,1.2945,-1.5534,True,False,False,False,-1.6181,SL
2026-07-21T11:15:00,CRUDEOIL,2026-07-21,cycles_resampled,TREND_UP,TRAIN,H7_LEANING_TRAP,AVOID,SUPPORTED,H7_TRAP,SHORT,7918.0,7922.0,7940.66,22.66,,False,2.24,0.9091,0.4091,True,True,False,True,0.353,-1.0591,False,False,False,True,-1.1033,SL
2026-07-21T11:25:00,CRUDEOIL,2026-07-21,cycles_resampled,TREND_UP,TRAIN,AMBIGUOUS,NO_ACTION,NO_ESTABLISHED_EDGE,AMBIG,LONG,7931.0,7922.0,7913.49,17.51,1.66,False,1.7122,1.0,0.0,False,True,True,False,0.514,-1.1993,False,False,False,True,-1.2564,SL
2026-07-21T11:40:00,CRUDEOIL,2026-07-21,cycles_resampled,TREND_UP,TRAIN,H7_TRAP,AVOID,SUPPORTED,H7_TRAP,LONG,7936.0,7935.0,7926.61,9.39,2.45,False,0.8571,0.6923,1.6154,True,False,False,True,0.0,-1.7039,False,False,False,True,-1.8104,SL
2026-07-21T11:45:00,CRUDEOIL,2026-07-21,cycles_resampled,TREND_UP,TRAIN,H7_TRAP,AVOID,SUPPORTED,H7_TRAP,LONG,7931.0,7935.0,7919.55,11.45,0.35,False,0.3733,0.2667,1.4,True,False,False,True,0.3493,-1.4847,False,False,False,True,-1.5721,SL
2026-07-21T11:55:00,CRUDEOIL,2026-07-21,cycles_resampled,TREND_UP,TRAIN,H7_TRAP,AVOID,SUPPORTED,H7_TRAP,SHORT,7914.0,7914.0,7930.48,16.48,,False,1.4088,1.0,0.75,True,False,False,True,0.2427,-1.2136,False,False,False,True,-1.2743,SL
2026-07-21T12:00:00,CRUDEOIL,2026-07-21,cycles_resampled,TREND_UP,TRAIN,SPIKE_NO_LEVEL,NO_ACTION,NO_ESTABLISHED_EDGE,AMBIG,LONG,7922.0,,,,,,0.814,0.5882,,,,,,,,,,,,,
2026-07-21T12:40:00,CRUDEOIL,2026-07-21,cycles_resampled,TREND_UP,TRAIN,H1_CONT_BLOCKED,NO_ACTION,NO_ESTABLISHED_EDGE,H1_CONT,LONG,7979.0,7966.0,7958.34,20.66,,True,1.6568,0.9091,0.0,False,True,True,False,1.7909,-1.7909,True,False,False,False,-1.8393,SL
2026-07-21T13:00:00,CRUDEOIL,2026-07-21,cycles_resampled,TREND_UP,TRAIN,H1_CONT_BLOCKED,NO_ACTION,NO_ESTABLISHED_EDGE,H1_CONT,SHORT,7969.0,7990.0,8017.41,48.41,0.86,True,2.951,0.9149,0.0,False,True,True,False,2.169,-1.2807,True,True,False,False,-1.3014,SL
2026-07-21T13:05:00,CRUDEOIL,2026-07-21,cycles_resampled,TREND_UP,TRAIN,H7_TRAP,AVOID,SUPPORTED,H7_TRAP,LONG,7954.0,7958.03,7941.4,12.6,0.32,True,0.5209,0.4,2.0015,True,False,False,True,0.0,-1.6667,False,False,False,True,-1.746,SL
2026-07-21T13:20:00,CRUDEOIL,2026-07-21,cycles_resampled,TREND_UP,TRAIN,H1_WEAK,NO_ACTION,NO_ESTABLISHED_EDGE,H1_CONT,SHORT,7918.0,7919.0,7940.66,22.66,0.35,True,0.9261,0.7727,0.0,False,True,True,False,2.3831,-1.677,True,True,False,False,-1.7211,SL
2026-07-21T13:30:00,CRUDEOIL,2026-07-21,cycles_resampled,TREND_UP,TRAIN,H1_CONT_BLOCKED,NO_ACTION,NO_ESTABLISHED_EDGE,H1_CONT,SHORT,7888.0,7909.0,7915.81,27.81,,True,1.3188,0.963,0.0,False,True,True,False,0.863,-1.3305,False,False,False,True,-1.3664,SL
2026-07-21T13:35:00,CRUDEOIL,2026-07-21,cycles_resampled,TREND_UP,TRAIN,H1_WEAK,NO_ACTION,NO_ESTABLISHED_EDGE,H1_CONT,SHORT,7868.0,7888.0,7888.6,20.6,,True,0.9929,1.0,0.0,False,True,True,False,0.1942,-1.4563,False,False,False,True,-1.5049,SL
2026-07-21T13:45:00,CRUDEOIL,2026-07-21,cycles_resampled,TREND_UP,TRAIN,AMBIGUOUS,NO_ACTION,NO_ESTABLISHED_EDGE,AMBIG,LONG,7876.0,7881.0,7863.4,12.6,5.08,True,0.5753,0.6,0.0,False,False,False,False,3.8889,0.0,True,True,True,False,2.9206,T3
2026-07-21T13:55:00,CRUDEOIL,2026-07-21,cycles_resampled,TREND_UP,TRAIN,H1_CONT,CONTINUATION_CANDIDATE,RESEARCH_ONLY_PROMISING,H1_CONT,LONG,7912.0,7898.0,7884.19,27.81,1.01,True,1.1351,0.8889,0.0,False,True,True,False,3.3082,-0.1798,True,True,True,False,2.964,T3
2026-07-21T14:15:00,CRUDEOIL,2026-07-21,cycles_resampled,TREND_UP,TRAIN,AMBIGUOUS,NO_ACTION,NO_ESTABLISHED_EDGE,H1_CONT,LONG,7932.0,7925.0,7915.37,16.63,1.53,True,0.8266,0.7619,0.0952,True,True,True,False,1.4432,-1.0824,True,False,False,False,-1.1425,SL
2026-07-21T14:20:00,CRUDEOIL,2026-07-21,cycles_resampled,TREND_UP,TRAIN,SPIKE_NO_LEVEL,NO_ACTION,NO_ESTABLISHED_EDGE,AMBIG,SHORT,7939.0,,,,,,0.4565,0.3462,,,,,,,,,,,,,
2026-07-21T14:55:00,CRUDEOIL,2026-07-21,cycles_resampled,TREND_UP,TRAIN,AMBIGUOUS,NO_ACTION,NO_ESTABLISHED_EDGE,AMBIG,LONG,8004.0,7954.25,7963.83,40.17,0.3,False,1.9362,1.0,0.0,False,True,True,False,0.9958,-1.1949,False,False,False,True,-1.2198,SL
2026-07-21T15:00:00,CRUDEOIL,2026-07-21,cycles_resampled,TREND_UP,TRAIN,SPIKE_NO_LEVEL,NO_ACTION,NO_ESTABLISHED_EDGE,AMBIG,SHORT,7980.0,,,,,,1.5768,1.0,,,,,,,,,,,,,
2026-07-21T15:05:00,CRUDEOIL,2026-07-21,cycles_resampled,TREND_UP,TRAIN,AMBIGUOUS,NO_ACTION,NO_ESTABLISHED_EDGE,AMBIG,LONG,8011.0,7954.25,7980.1,30.9,0.16,False,1.4141,1.0,0.0,False,True,True,False,1.068,-1.7799,True,False,False,False,-1.8123,SL
2026-07-21T15:20:00,CRUDEOIL,2026-07-21,cycles_resampled,TREND_UP,TRAIN,H1_CONT_BLOCKED,NO_ACTION,NO_ESTABLISHED_EDGE,H1_CONT,LONG,8028.0,8016.0,7997.01,30.99,,True,1.3249,0.9091,0.0,False,True,True,False,0.5163,-2.3233,False,False,False,True,-2.3556,SL
2026-07-21T15:40:00,CRUDEOIL,2026-07-21,cycles_resampled,TREND_UP,TRAIN,AMBIGUOUS,NO_ACTION,NO_ESTABLISHED_EDGE,AMBIG,SHORT,7979.0,8015.0,8032.22,53.22,1.21,False,2.0169,0.6892,0.0,False,True,True,False,0.0,-1.1274,False,False,False,True,-1.1462,SL
2026-07-21T17:45:00,CRUDEOIL,2026-07-21,cycles_resampled,TREND_UP,TRAIN,AMBIGUOUS,NO_ACTION,NO_ESTABLISHED_EDGE,AMBIG,LONG,8099.0,8072.0,8065.01,33.99,0.15,False,1.8629,1.0,0.0,False,True,True,False,3.0009,-0.1471,True,True,True,False,2.9706,T3
2026-07-21T17:55:00,CRUDEOIL,2026-07-21,cycles_resampled,TREND_UP,TRAIN,AMBIGUOUS,NO_ACTION,NO_ESTABLISHED_EDGE,H7_TRAP,LONG,8121.0,8110.0,8093.19,27.81,,False,1.4318,1.0,0.0741,True,False,False,True,2.8767,-0.6832,True,True,False,False,1.0787,EOD
2026-07-21T18:30:00,CRUDEOIL,2026-07-21,cycles_resampled,TREND_UP,TRAIN,H1_WEAK,NO_ACTION,NO_ESTABLISHED_EDGE,H1_CONT,LONG,8145.0,8134.0,8122.31,22.69,,True,0.9673,0.8261,0.0,False,True,True,False,2.468,-1.0577,True,True,False,False,-1.1018,SL
2026-07-21T19:00:00,CRUDEOIL,2026-07-21,cycles_resampled,TREND_UP,TRAIN,H7_TRAP,AVOID,SUPPORTED,H7_TRAP,SHORT,8148.0,8150.0,8181.99,33.99,0.53,False,1.3258,0.7576,1.3333,True,False,False,True,0.2354,-1.3533,False,False,False,True,-1.3828,SL
2026-07-21T19:05:00,CRUDEOIL,2026-07-21,cycles_resampled,TREND_UP,TRAIN,AMBIGUOUS,NO_ACTION,NO_ESTABLISHED_EDGE,H1_CONT,LONG,8159.0,8157.0,8139.04,19.96,1.1,True,0.9368,0.5625,0.0625,True,True,True,False,1.7535,-1.3026,True,False,False,False,-1.3527,SL
2026-07-21T20:00:00,CRUDEOIL,2026-07-21,cycles_resampled,TREND_UP,TRAIN,H7_TRAP,AVOID,SUPPORTED,H7_TRAP,LONG,8195.0,8194.0,8169.25,25.75,,False,1.0355,1.0,1.72,True,False,False,True,0.233,-1.0874,False,False,False,True,-1.1262,SL
2026-07-21T20:10:00,CRUDEOIL,2026-07-21,cycles_resampled,TREND_UP,TRAIN,H1_CONT,CONTINUATION_CANDIDATE,RESEARCH_ONLY_PROMISING,H1_CONT,SHORT,8167.0,8187.0,8193.78,26.78,1.27,True,1.1304,1.0,0.0,False,True,True,False,1.9044,-0.8215,True,False,False,False,0.5975,EOD
2026-07-21T20:15:00,CRUDEOIL,2026-07-21,cycles_resampled,TREND_UP,TRAIN,H7_TRAP,AVOID,SUPPORTED,H7_TRAP,SHORT,8151.0,8133.0,8164.96,13.96,1.29,True,0.5169,0.375,1.5312,True,False,False,True,0.2149,-1.2178,False,False,False,True,-1.2894,SL
2026-07-21T20:25:00,CRUDEOIL,2026-07-21,cycles_resampled,TREND_UP,TRAIN,H7_TRAP,AVOID,SUPPORTED,H1_WEAK,LONG,8173.0,8168.0,8141.92,31.08,0.9,True,1.156,0.75,0.8333,True,True,False,False,0.5148,-1.1261,False,False,False,True,-1.1583,SL
2026-07-21T20:40:00,CRUDEOIL,2026-07-21,cycles_resampled,TREND_UP,TRAIN,H7_TRAP,AVOID,SUPPORTED,H1_CONT,SHORT,8138.0,8143.0,8165.81,27.81,8.21,True,1.1351,1.0,0.6667,True,True,True,False,0.7911,-1.0068,False,False,False,True,-1.0428,SL
2026-07-21T22:40:00,CRUDEOIL,2026-07-21,cycles_resampled,TREND_UP,TRAIN,AMBIGUOUS,NO_ACTION,NO_ESTABLISHED_EDGE,AMBIG,SHORT,8125.0,8147.0,8156.93,31.93,6.74,False,1.6716,0.7742,0.0,False,True,True,False,0.0,-1.0022,False,False,False,True,-1.0335,SL
2026-07-22T10:50:00,CRUDEOIL,2026-07-22,cycles_resampled,TREND_UP,TRAIN,AMBIGUOUS,NO_ACTION,NO_ESTABLISHED_EDGE,AMBIG,SHORT,8263.0,8260.0,8272.36,9.36,0.32,True,1.1455,0.75,0.0,False,False,False,False,3.0983,-0.3205,True,True,True,False,2.8932,T3
2026-07-22T11:00:00,CRUDEOIL,2026-07-22,cycles_resampled,TREND_UP,TRAIN,AMBIGUOUS,NO_ACTION,NO_ESTABLISHED_EDGE,AMBIG,SHORT,8259.0,8257.0,8266.45,7.45,4.76,True,0.8033,0.4667,0.0,False,False,False,False,3.3557,-0.1342,True,True,True,False,2.8658,T3
2026-07-22T11:05:00,CRUDEOIL,2026-07-22,cycles_resampled,TREND_UP,TRAIN,H1_CONT,CONTINUATION_CANDIDATE,RESEARCH_ONLY_PROMISING,H1_WEAK,SHORT,8243.0,8251.0,8260.69,17.69,1.1,True,1.2632,0.5217,0.0,False,True,True,False,1.0175,-3.5613,True,False,False,False,-3.6179,SL
2026-07-22T11:20:00,CRUDEOIL,2026-07-22,cycles_resampled,TREND_UP,TRAIN,AMBIGUOUS,NO_ACTION,NO_ESTABLISHED_EDGE,AMBIG,LONG,8233.0,8233.0,8226.64,6.36,5.19,True,0.0,0.0,0.0,False,False,False,False,4.0881,-0.1572,True,True,True,False,2.8428,T3
2026-07-22T11:35:00,CRUDEOIL,2026-07-22,cycles_resampled,TREND_UP,TRAIN,H7_TRAP,AVOID,SUPPORTED,H7_TRAP,LONG,8257.0,8258.22,8244.58,12.42,0.1,False,0.5793,0.4286,0.6586,True,False,False,True,3.9452,-0.9662,True,True,True,False,2.9195,T3
2026-07-22T11:45:00,CRUDEOIL,2026-07-22,cycles_resampled,TREND_UP,TRAIN,H1_CONT_BLOCKED,NO_ACTION,NO_ESTABLISHED_EDGE,H1_CONT,LONG,8306.0,8272.0,8248.32,57.68,,True,3.8621,1.0,0.0,False,True,True,False,3.3807,-0.0173,True,True,True,False,2.9827,T3
2026-07-22T11:50:00,CRUDEOIL,2026-07-22,cycles_resampled,TREND_UP,TRAIN,H1_CONT_BLOCKED,NO_ACTION,NO_ESTABLISHED_EDGE,H1_CONT,LONG,8321.0,8306.0,8304.52,16.48,,True,1.0566,1.0,0.0,False,True,True,False,3.5801,-0.6068,True,True,True,False,2.9393,T3
2026-07-22T12:15:00,CRUDEOIL,2026-07-22,cycles_resampled,TREND_UP,TRAIN,AMBIGUOUS,NO_ACTION,NO_ESTABLISHED_EDGE,AMBIG,LONG,8350.0,8329.0,8321.07,28.93,,False,1.8491,0.9032,0.0,False,True,True,False,4.3208,-0.6568,True,True,True,False,2.9654,T3
2026-07-22T12:20:00,CRUDEOIL,2026-07-22,cycles_resampled,TREND_UP,TRAIN,SPIKE_NO_LEVEL,NO_ACTION,NO_ESTABLISHED_EDGE,AMBIG,SHORT,8331.0,,,,,,1.2389,0.8696,,,,,,,,,,,,,
2026-07-22T12:30:00,CRUDEOIL,2026-07-22,cycles_resampled,TREND_UP,TRAIN,H1_CONT_BLOCKED,NO_ACTION,NO_ESTABLISHED_EDGE,H1_CONT,LONG,8372.0,8354.0,8349.1,22.9,,True,1.1623,0.7333,0.0,False,True,True,False,4.4978,-0.4367,True,True,True,False,2.9563,T3
2026-07-22T13:00:00,CRUDEOIL,2026-07-22,cycles_resampled,TREND_UP,TRAIN,H1_CONT_BLOCKED,NO_ACTION,NO_ESTABLISHED_EDGE,H1_CONT,LONG,8416.0,8395.0,8391.28,24.72,,True,1.2973,1.0,0.0,False,True,True,False,3.4385,0.0,True,True,True,False,2.9595,T3
2026-07-22T13:05:00,CRUDEOIL,2026-07-22,cycles_resampled,TREND_UP,TRAIN,AMBIGUOUS,NO_ACTION,NO_ESTABLISHED_EDGE,AMBIG,LONG,8475.0,8416.0,8414.23,60.77,,False,2.6306,1.0,0.0,False,True,True,False,1.6455,-1.3164,True,False,False,False,-1.3329,SL
2026-07-22T13:10:00,CRUDEOIL,2026-07-22,cycles_resampled,TREND_UP,TRAIN,SPIKE_NO_LEVEL,NO_ACTION,NO_ESTABLISHED_EDGE,AMBIG,SHORT,8478.0,,,,,,0.253,0.2609,,,,,,,,,,,,,
2026-07-22T13:20:00,CRUDEOIL,2026-07-22,cycles_resampled,TREND_UP,TRAIN,H7_LEANING_TRAP,AVOID,SUPPORTED,H7_TRAP,SHORT,8473.0,8478.0,8502.87,29.87,3.72,False,1.16,1.0,0.5517,True,False,False,True,1.2052,-1.1383,True,False,False,False,-1.1717,SL
2026-07-22T13:25:00,CRUDEOIL,2026-07-22,cycles_resampled,TREND_UP,TRAIN,AMBIGUOUS,NO_ACTION,NO_ESTABLISHED_EDGE,AMBIG,LONG,8494.0,8318.56,8463.1,30.9,0.23,False,0.8069,0.6667,0.0,False,True,True,False,0.0,-1.1003,False,False,False,True,-1.1327,SL
2026-07-22T15:05:00,CRUDEOIL,2026-07-22,cycles_resampled,TREND_UP,TRAIN,H7_TRAP,AVOID,SUPPORTED,H7_TRAP,SHORT,8518.0,8527.0,8540.81,22.81,0.48,True,1.232,0.8148,1.7407,True,True,False,True,0.5261,-1.0522,False,False,False,True,-1.096,SL
2026-07-22T15:15:00,CRUDEOIL,2026-07-22,cycles_resampled,TREND_UP,TRAIN,H1_CONT_BLOCKED,NO_ACTION,NO_ESTABLISHED_EDGE,H1_CONT,LONG,8542.0,8540.0,8515.22,26.78,,True,1.3432,1.0,0.0,False,True,True,False,1.2323,-1.3069,True,False,False,False,-1.3443,SL
2026-07-22T15:20:00,CRUDEOIL,2026-07-22,cycles_resampled,TREND_UP,TRAIN,AMBIGUOUS,NO_ACTION,NO_ESTABLISHED_EDGE,H7_TRAP,LONG,8574.0,8542.0,8536.89,37.11,,False,1.8667,0.973,0.2703,True,True,False,True,0.0,-1.2396,False,False,False,True,-1.2665,SL
2026-07-22T15:45:00,CRUDEOIL,2026-07-22,cycles_resampled,TREND_UP,TRAIN,H1_CONT,CONTINUATION_CANDIDATE,RESEARCH_ONLY_PROMISING,H1_CONT,SHORT,8468.0,8506.0,8497.87,29.87,8.08,True,1.3013,1.0,0.0,False,True,True,False,1.6404,-1.0378,True,False,False,False,-1.0713,SL
2026-07-22T15:50:00,CRUDEOIL,2026-07-22,cycles_resampled,TREND_UP,TRAIN,H1_CONT,CONTINUATION_CANDIDATE,RESEARCH_ONLY_PROMISING,H1_CONT,SHORT,8446.0,8468.0,8479.29,33.29,6.59,True,1.3576,0.7442,0.0,False,True,True,False,0.8111,-1.5921,False,False,False,True,-1.6221,SL
2026-07-22T15:55:00,CRUDEOIL,2026-07-22,cycles_resampled,TREND_UP,TRAIN,H7_TRAP,AVOID,SUPPORTED,H7_TRAP,SHORT,8419.0,8435.0,8448.87,29.87,6.44,False,0.8497,0.7241,0.6207,True,False,False,True,0.0,-1.5065,False,False,False,True,-1.54,SL
2026-07-22T17:10:00,CRUDEOIL,2026-07-22,cycles_resampled,TREND_UP,TRAIN,H7_LEANING_TRAP,AVOID,SUPPORTED,H7_TRAP,LONG,8487.0,8470.0,8453.68,33.32,2.64,False,1.5775,0.7273,0.4545,True,False,False,True,0.0,-1.0204,False,False,False,True,-1.0504,SL
2026-07-22T17:15:00,CRUDEOIL,2026-07-22,cycles_resampled,TREND_UP,TRAIN,H7_LEANING_TRAP,AVOID,SUPPORTED,H1_CONT,SHORT,8453.0,8455.0,8484.93,31.93,0.81,True,1.3953,0.9677,0.2903,True,True,True,False,3.3198,-0.5951,True,True,True,False,2.9687,T3
2026-07-22T17:55:00,CRUDEOIL,2026-07-22,cycles_resampled,TREND_UP,TRAIN,AMBIGUOUS,NO_ACTION,NO_ESTABLISHED_EDGE,AMBIG,SHORT,8395.0,8424.0,8428.99,33.99,3.66,False,1.4437,1.0,0.0,False,True,True,False,0.5001,-1.0297,False,False,False,True,-1.0591,SL
2026-07-22T18:15:00,CRUDEOIL,2026-07-22,cycles_resampled,TREND_UP,TRAIN,AMBIGUOUS,NO_ACTION,NO_ESTABLISHED_EDGE,H7_TRAP,LONG,8428.0,8402.0,8394.01,33.99,4.22,False,1.3958,1.0,0.0909,True,False,False,True,1.0886,-2.3831,True,False,False,False,-2.4125,SL
2026-07-22T18:20:00,CRUDEOIL,2026-07-22,cycles_resampled,TREND_UP,TRAIN,SPIKE_NO_LEVEL,NO_ACTION,NO_ESTABLISHED_EDGE,AMBIG,SHORT,8399.0,,,,,,1.4371,1.0,,,,,,,,,,,,,
2026-07-22T18:25:00,CRUDEOIL,2026-07-22,cycles_resampled,TREND_UP,TRAIN,H1_CONT,CONTINUATION_CANDIDATE,RESEARCH_ONLY_PROMISING,H1_WEAK,LONG,8441.0,8430.0,8409.38,31.62,4.12,True,1.2156,0.537,0.0,False,True,True,False,0.5693,-1.4231,False,False,False,True,-1.4548,SL
2026-07-22T18:45:00,CRUDEOIL,2026-07-22,cycles_resampled,TREND_UP,TRAIN,H1_CONT_BLOCKED,NO_ACTION,NO_ESTABLISHED_EDGE,H1_CONT,SHORT,8396.0,8436.0,8434.11,38.11,0.47,True,1.5191,1.0,0.0,False,True,True,False,1.417,-1.3382,True,False,False,False,-1.3645,SL
2026-07-22T19:10:00,CRUDEOIL,2026-07-22,cycles_resampled,TREND_UP,TRAIN,AMBIGUOUS,NO_ACTION,NO_ESTABLISHED_EDGE,AMBIG,LONG,8397.0,8357.0,8360.95,36.05,1.72,False,1.2099,1.0,0.0,False,True,True,False,1.387,-1.4979,True,False,False,False,-1.5257,SL
2026-07-22T19:25:00,CRUDEOIL,2026-07-22,cycles_resampled,TREND_UP,TRAIN,AMBIGUOUS,NO_ACTION,NO_ESTABLISHED_EDGE,H7_TRAP,LONG,8408.0,8397.0,8379.01,28.99,4.62,True,0.9776,0.8485,0.0303,True,True,False,True,0.7934,-1.0348,False,False,False,True,-1.0693,SL
2026-07-22T19:40:00,CRUDEOIL,2026-07-22,cycles_resampled,TREND_UP,TRAIN,AMBIGUOUS,NO_ACTION,NO_ESTABLISHED_EDGE,AMBIG,LONG,8431.0,8419.0,8394.95,36.05,3.08,False,1.3803,1.0,0.0,False,False,False,False,0.0,-1.4702,False,False,False,True,-1.4979,SL
2026-07-22T20:05:00,CRUDEOIL,2026-07-22,cycles_resampled,TREND_UP,TRAIN,H1_CONT,CONTINUATION_CANDIDATE,RESEARCH_ONLY_PROMISING,H1_CONT,SHORT,8395.0,8413.0,8427.96,32.96,2.21,True,1.5395,1.0,0.0,False,True,True,False,0.6068,-1.0316,False,False,False,True,-1.0619,SL
2026-07-22T20:35:00,CRUDEOIL,2026-07-22,cycles_resampled,TREND_UP,TRAIN,H7_TRAP,AVOID,SUPPORTED,H7_TRAP,LONG,8429.0,8414.0,8388.83,40.17,2.81,False,1.8304,0.9487,0.7436,True,True,False,True,0.4481,-1.0953,False,False,False,True,-1.1202,SL
2026-07-23T10:00:00,CRUDEOIL,2026-07-23,cycles_resampled,TREND_UP,TRAIN,H1_WEAK,NO_ACTION,NO_ESTABLISHED_EDGE,H1_WEAK,SHORT,8533.0,8546.0,8543.42,10.42,0.67,True,0.3636,0.2857,0.0,False,True,True,False,2.2073,-2.1113,True,True,False,False,-2.2073,SL
2026-07-23T10:05:00,CRUDEOIL,2026-07-23,cycles_resampled,TREND_UP,TRAIN,SPIKE_NO_LEVEL,NO_ACTION,NO_ESTABLISHED_EDGE,AMBIG,LONG,8525.0,,,,,,0.4217,0.25,,,,,,,,,,,,,
2026-07-23T10:55:00,CRUDEOIL,2026-07-23,cycles_resampled,TREND_UP,TRAIN,H1_CONT_BLOCKED,NO_ACTION,NO_ESTABLISHED_EDGE,H1_CONT,SHORT,8519.0,8525.0,8536.51,17.51,0.51,True,1.1732,0.8824,0.0,False,True,True,False,1.9989,-1.4278,True,False,False,False,-1.4849,SL
2026-07-23T11:00:00,CRUDEOIL,2026-07-23,cycles_resampled,TREND_UP,TRAIN,H7_TRAP,AVOID,SUPPORTED,H7_TRAP,SHORT,8490.0,8510.0,8504.6,14.6,,False,0.3431,0.25,1.15,True,False,False,True,0.0685,-1.7123,False,False,False,True,-1.7808,SL
2026-07-23T11:05:00,CRUDEOIL,2026-07-23,cycles_resampled,TREND_UP,TRAIN,H1_CONT,CONTINUATION_CANDIDATE,RESEARCH_ONLY_PROMISING,H1_CONT,LONG,8511.0,8504.0,8488.22,22.78,1.93,True,1.4528,0.8462,0.0,False,True,True,False,3.468,-0.1756,True,True,True,False,2.9561,T3
2026-07-23T11:30:00,CRUDEOIL,2026-07-23,cycles_resampled,TREND_UP,TRAIN,H7_LEANING_TRAP,AVOID,SUPPORTED,H7_TRAP,SHORT,8524.0,8529.27,8539.57,15.57,2.57,False,0.9292,0.7895,0.4595,True,False,False,True,0.5138,-1.2845,False,False,False,True,-1.3487,SL
2026-07-23T12:20:00,CRUDEOIL,2026-07-23,cycles_resampled,TREND_UP,TRAIN,AMBIGUOUS,NO_ACTION,NO_ESTABLISHED_EDGE,AMBIG,LONG,8585.0,8571.0,8565.28,19.72,,False,1.3168,0.7917,0.0,False,True,True,False,3.0933,-0.2028,True,True,True,False,2.9493,T3
2026-07-23T12:35:00,CRUDEOIL,2026-07-23,cycles_resampled,TREND_UP,TRAIN,AMBIGUOUS,NO_ACTION,NO_ESTABLISHED_EDGE,AMBIG,LONG,8635.0,8616.0,8607.19,27.81,,False,1.2458,0.7778,0.0,False,True,True,False,3.8475,-0.827,True,True,True,False,2.964,T3
2026-07-23T12:45:00,CRUDEOIL,2026-07-23,cycles_resampled,TREND_UP,TRAIN,H7_LEANING_TRAP,AVOID,SUPPORTED,H7_TRAP,LONG,8670.0,8646.0,8638.07,31.93,,False,1.5494,0.9032,0.4516,True,True,False,True,0.0,-1.378,False,False,False,True,-1.4093,SL
2026-07-23T12:55:00,CRUDEOIL,2026-07-23,cycles_resampled,TREND_UP,TRAIN,H7_TRAP,AVOID,SUPPORTED,H7_TRAP,SHORT,8632.0,8652.0,8651.75,19.75,4.1,False,0.9925,0.76,0.96,True,False,False,True,0.0,-1.2658,False,False,False,True,-1.3165,SL
2026-07-23T13:15:00,CRUDEOIL,2026-07-23,cycles_resampled,TREND_UP,TRAIN,SPIKE_NO_LEVEL,NO_ACTION,NO_ESTABLISHED_EDGE,AMBIG,SHORT,8672.0,,,,,,0.7111,0.64,,,,,,,,,,,,,
2026-07-23T13:20:00,CRUDEOIL,2026-07-23,cycles_resampled,TREND_UP,TRAIN,H1_CONT_BLOCKED,NO_ACTION,NO_ESTABLISHED_EDGE,H1_CONT,SHORT,8638.0,8672.0,8676.11,38.11,0.31,True,1.375,0.8919,0.0,False,True,True,False,0.6822,-1.0758,False,False,False,True,-1.1021,SL
2026-07-23T13:35:00,CRUDEOIL,2026-07-23,cycles_resampled,TREND_UP,TRAIN,H7_TRAP,AVOID,SUPPORTED,H7_TRAP,SHORT,8621.0,8634.0,8647.78,26.78,4.2,False,1.0055,1.0,0.9615,True,False,False,True,0.3361,-1.0829,False,False,False,True,-1.1202,SL
2026-07-23T13:40:00,CRUDEOIL,2026-07-23,cycles_resampled,TREND_UP,TRAIN,AMBIGUOUS,NO_ACTION,NO_ESTABLISHED_EDGE,AMBIG,LONG,8643.0,8566.09,8611.07,31.93,0.69,False,1.2123,1.0,0.0,False,True,True,False,3.1005,-0.3132,True,True,True,False,2.9687,T3
2026-07-23T14:15:00,CRUDEOIL,2026-07-23,cycles_resampled,TREND_UP,TRAIN,AMBIGUOUS,NO_ACTION,NO_ESTABLISHED_EDGE,AMBIG,SHORT,8645.0,8671.0,8673.84,28.84,0.17,False,1.2062,1.0,0.0,False,True,True,False,0.104,-1.0402,False,False,False,True,-1.0749,SL
2026-07-23T14:30:00,CRUDEOIL,2026-07-23,cycles_resampled,TREND_UP,TRAIN,H7_TRAP,AVOID,SUPPORTED,H7_TRAP,SHORT,8662.0,8653.0,8675.96,13.96,1.43,False,0.4889,0.3438,1.9375,True,False,False,True,0.9312,-1.5759,False,False,False,True,-1.6476,SL
2026-07-23T14:35:00,CRUDEOIL,2026-07-23,cycles_resampled,TREND_UP,TRAIN,H1_CONT_BLOCKED,NO_ACTION,NO_ESTABLISHED_EDGE,H1_CONT,LONG,8684.0,8675.0,8647.95,36.05,0.03,True,1.4412,1.0,0.0,False,True,True,False,3.1068,-0.111,True,True,True,False,2.9723,T3
2026-07-23T14:40:00,CRUDEOIL,2026-07-23,cycles_resampled,TREND_UP,TRAIN,H1_CONT_BLOCKED,NO_ACTION,NO_ESTABLISHED_EDGE,H1_CONT,LONG,8708.0,8697.0,8679.16,28.84,,True,1.1563,1.0,0.0,False,True,True,False,3.0513,-0.4508,True,True,True,False,2.9653,T3
2026-07-23T14:50:00,CRUDEOIL,2026-07-23,cycles_resampled,TREND_UP,TRAIN,AMBIGUOUS,NO_ACTION,NO_ESTABLISHED_EDGE,AMBIG,LONG,8727.0,8715.0,8712.13,14.87,,False,0.6426,0.4828,0.0,False,True,True,False,0.6725,-1.076,False,False,False,True,-1.1432,SL
2026-07-23T15:25:00,CRUDEOIL,2026-07-23,cycles_resampled,TREND_UP,TRAIN,H7_TRAP,AVOID,SUPPORTED,H7_TRAP,LONG,8740.0,8739.0,8706.01,33.99,0.06,False,1.293,0.8788,0.8788,True,False,False,True,0.1177,-1.0591,False,False,False,True,-1.0886,SL
2026-07-23T15:30:00,CRUDEOIL,2026-07-23,cycles_resampled,TREND_UP,TRAIN,SPIKE_NO_LEVEL,NO_ACTION,NO_ESTABLISHED_EDGE,AMBIG,SHORT,8712.0,,,,,,1.2492,0.9062,,,,,,,,,,,,,
2026-07-23T15:45:00,CRUDEOIL,2026-07-23,cycles_resampled,TREND_UP,TRAIN,H1_CONT_BLOCKED,NO_ACTION,NO_ESTABLISHED_EDGE,H1_CONT,LONG,8752.0,8744.0,8716.98,35.02,,True,1.5607,1.0,0.0,False,True,True,False,3.2838,-0.771,True,True,True,False,2.9714,T3
2026-07-23T16:10:00,CRUDEOIL,2026-07-23,cycles_resampled,TREND_UP,TRAIN,AMBIGUOUS,NO_ACTION,NO_ESTABLISHED_EDGE,AMBIG,SHORT,8739.0,8755.0,8777.11,38.11,0.92,False,1.6238,1.0,0.0,False,True,True,False,0.3674,-1.2858,False,False,False,True,-1.312,SL
2026-07-23T16:35:00,CRUDEOIL,2026-07-23,cycles_resampled,TREND_UP,TRAIN,AMBIGUOUS,NO_ACTION,NO_ESTABLISHED_EDGE,AMBIG,LONG,8757.0,8744.0,8742.13,14.87,1.41,False,0.6667,0.4828,0.0,False,True,True,False,4.2367,-0.3362,True,True,True,False,2.9328,T3
2026-07-23T16:45:00,CRUDEOIL,2026-07-23,cycles_resampled,TREND_UP,TRAIN,AMBIGUOUS,NO_ACTION,NO_ESTABLISHED_EDGE,AMBIG,LONG,8785.0,8778.0,8754.01,30.99,,False,1.377,0.9091,0.0,False,True,True,False,3.001,-0.9035,True,True,True,False,2.9677,T3
2026-07-23T17:40:00,CRUDEOIL,2026-07-23,cycles_resampled,TREND_UP,TRAIN,AMBIGUOUS,NO_ACTION,NO_ESTABLISHED_EDGE,AMBIG,LONG,8812.0,8792.0,8779.04,32.96,0.33,False,1.2814,0.8438,0.0,False,True,True,False,1.0619,-1.0012,True,False,False,False,-1.0316,SL
2026-07-23T17:45:00,CRUDEOIL,2026-07-23,cycles_resampled,TREND_UP,TRAIN,SPIKE_NO_LEVEL,NO_ACTION,NO_ESTABLISHED_EDGE,AMBIG,SHORT,8803.0,,,,,,0.4131,0.2045,,,,,,,,,,,,,
2026-07-23T18:30:00,CRUDEOIL,2026-07-23,cycles_resampled,TREND_UP,TRAIN,H7_TRAP,AVOID,SUPPORTED,H7_TRAP,LONG,8844.0,8847.0,8819.98,24.02,0.12,True,0.9045,0.6765,0.9118,True,False,False,True,1.4155,-1.1657,True,False,False,True,-1.2073,SL
2026-07-23T18:45:00,CRUDEOIL,2026-07-23,cycles_resampled,TREND_UP,TRAIN,AMBIGUOUS,NO_ACTION,NO_ESTABLISHED_EDGE,AMBIG,SHORT,8816.0,8845.0,8879.86,63.86,0.28,False,2.0716,1.0,0.0,False,True,True,False,0.2036,-1.0648,False,False,False,True,-1.0805,SL
2026-07-23T18:50:00,CRUDEOIL,2026-07-23,cycles_resampled,TREND_UP,TRAIN,AMBIGUOUS,NO_ACTION,NO_ESTABLISHED_EDGE,AMBIG,LONG,8837.0,8735.34,8801.98,35.02,0.51,False,0.8646,0.7647,0.0,False,True,True,False,3.3981,-0.9138,True,True,True,False,2.9714,T3
2026-07-23T19:05:00,CRUDEOIL,2026-07-23,cycles_resampled,TREND_UP,TRAIN,H1_CONT_BLOCKED,NO_ACTION,NO_ESTABLISHED_EDGE,H1_CONT,LONG,8845.0,8841.0,8803.8,41.2,0.8,True,1.1148,0.85,0.0,False,True,True,False,3.3252,-0.1942,True,True,True,False,2.9757,T3
2026-07-23T19:45:00,CRUDEOIL,2026-07-23,cycles_resampled,TREND_UP,TRAIN,H7_TRAP,AVOID,SUPPORTED,H7_TRAP,SHORT,8857.0,8870.0,8875.11,18.11,20.35,False,0.5548,0.4595,1.0,True,False,False,True,0.1104,-1.4357,False,False,False,True,-1.4909,SL
2026-07-23T20:05:00,CRUDEOIL,2026-07-23,cycles_resampled,TREND_UP,TRAIN,H7_TRAP,AVOID,SUPPORTED,H7_TRAP,SHORT,8875.0,8899.0,8916.2,41.2,0.92,False,1.3788,0.975,0.75,True,True,False,True,0.1942,-1.2136,False,False,False,True,-1.2379,SL
2026-07-23T20:15:00,CRUDEOIL,2026-07-23,cycles_resampled,TREND_UP,TRAIN,AMBIGUOUS,NO_ACTION,NO_ESTABLISHED_EDGE,AMBIG,LONG,8925.0,8916.0,8889.98,35.02,,False,1.2332,1.0,0.0,False,True,True,False,3.3695,-0.9994,True,True,True,False,2.9714,T3
2026-07-23T21:00:00,CRUDEOIL,2026-07-23,cycles_resampled,TREND_UP,TRAIN,H7_TRAP,AVOID,SUPPORTED,H7_TRAP,LONG,8982.0,8996.0,8963.98,18.02,0.78,False,0.3457,0.2353,2.3529,True,False,False,True,0.0,-1.6093,False,False,False,True,-1.6648,SL
2026-07-23T21:30:00,CRUDEOIL,2026-07-23,cycles_resampled,TREND_UP,TRAIN,H1_CONT,CONTINUATION_CANDIDATE,RESEARCH_ONLY_PROMISING,H1_CONT,LONG,8927.0,8800.51,8888.89,38.11,1.89,True,1.4043,0.8919,0.0,False,True,True,False,3.0438,-0.4198,True,True,True,False,2.9738,T3
2026-07-23T22:00:00,CRUDEOIL,2026-07-23,cycles_resampled,TREND_UP,TRAIN,H1_CONT_BLOCKED,NO_ACTION,NO_ESTABLISHED_EDGE,H1_CONT,LONG,8954.0,8926.0,8912.8,41.2,0.12,True,1.4819,0.95,0.0,False,True,True,False,2.4029,-0.2427,True,True,False,False,2.4029,EOD
2026-07-23T23:10:00,CRUDEOIL,2026-07-23,cycles_resampled,TREND_UP,TRAIN,AMBIGUOUS,NO_ACTION,NO_ESTABLISHED_EDGE,AMBIG,LONG,9026.0,8999.0,8989.95,36.05,,False,1.8561,1.0,0.0,False,True,True,False,0.749,-0.1942,False,False,False,False,0.749,EOD
2026-07-24T11:05:00,CRUDEOIL,2026-07-24,cycles_resampled,TREND_DOWN,TRAIN,H1_CONT_BLOCKED,NO_ACTION,NO_ESTABLISHED_EDGE,H1_CONT,SHORT,8869.0,8871.0,8889.6,20.6,0.12,True,1.7722,1.0,0.0,False,True,True,False,3.0583,0.0,True,True,True,False,2.9515,T3
2026-07-24T11:10:00,CRUDEOIL,2026-07-24,cycles_resampled,TREND_DOWN,TRAIN,H1_WEAK,NO_ACTION,NO_ESTABLISHED_EDGE,H1_WEAK,SHORT,8851.0,8856.0,8869.57,18.57,,True,1.4783,0.8947,0.0,False,True,False,False,3.5541,-0.8616,True,True,True,False,2.9461,T3
2026-07-24T11:15:00,CRUDEOIL,2026-07-24,cycles_resampled,TREND_DOWN,TRAIN,AMBIGUOUS,NO_ACTION,NO_ESTABLISHED_EDGE,H7_TRAP,SHORT,8824.0,8850.0,8849.9,25.9,,False,1.7872,0.8,0.2,True,False,False,True,0.0,-1.3127,False,False,False,True,-1.3514,SL
2026-07-24T11:20:00,CRUDEOIL,2026-07-24,cycles_resampled,TREND_DOWN,TRAIN,AMBIGUOUS,NO_ACTION,NO_ESTABLISHED_EDGE,AMBIG,LONG,8856.0,8849.0,8826.07,29.93,1.1,False,1.8884,0.9355,0.2258,True,True,True,False,0.3675,-1.0023,False,False,False,True,-1.0358,SL
2026-07-24T11:45:00,CRUDEOIL,2026-07-24,cycles_resampled,TREND_DOWN,TRAIN,H7_TRAP,AVOID,SUPPORTED,H7_TRAP,LONG,8838.0,8845.0,8828.34,9.66,3.0,False,0.5081,0.4091,1.4545,True,False,False,True,0.0,-1.6563,False,False,False,True,-1.7598,SL
2026-07-24T12:00:00,CRUDEOIL,2026-07-24,cycles_resampled,TREND_DOWN,TRAIN,AMBIGUOUS,NO_ACTION,NO_ESTABLISHED_EDGE,H7_TRAP,SHORT,8813.0,8819.0,8837.72,24.72,,False,1.1709,0.9583,0.25,True,False,False,True,3.7217,-0.6877,True,True,True,False,2.9595,T3
2026-07-24T12:05:00,CRUDEOIL,2026-07-24,cycles_resampled,TREND_DOWN,TRAIN,SPIKE_NO_LEVEL,NO_ACTION,NO_ESTABLISHED_EDGE,AMBIG,LONG,8825.0,,,,,,0.9204,0.7917,,,,,,,,,,,,,
2026-07-24T12:25:00,CRUDEOIL,2026-07-24,cycles_resampled,TREND_DOWN,TRAIN,H1_CONT_BLOCKED,NO_ACTION,NO_ESTABLISHED_EDGE,H1_CONT,SHORT,8764.0,8785.0,8790.78,26.78,,True,1.1241,0.8462,0.0,False,True,True,False,3.2487,-0.5601,True,True,True,False,2.9627,T3
2026-07-24T13:00:00,CRUDEOIL,2026-07-24,cycles_resampled,TREND_DOWN,TRAIN,H1_WEAK,NO_ACTION,NO_ESTABLISHED_EDGE,H1_CONT,LONG,8739.0,8737.0,8709.13,29.87,1.07,True,0.847,0.5862,0.0,False,True,True,False,1.3391,-1.3726,True,False,False,False,-1.4061,SL
2026-07-24T13:05:00,CRUDEOIL,2026-07-24,cycles_resampled,TREND_DOWN,TRAIN,H7_LEANING_TRAP,AVOID,SUPPORTED,AMBIG,LONG,8758.0,8739.0,8729.16,28.84,0.45,False,1.3379,1.0,0.3571,True,True,True,False,0.2427,-1.2829,False,False,False,True,-1.3176,SL
2026-07-24T13:35:00,CRUDEOIL,2026-07-24,cycles_resampled,TREND_DOWN,TRAIN,H1_WEAK,NO_ACTION,NO_ESTABLISHED_EDGE,H1_WEAK,SHORT,8755.0,8811.65,8779.72,24.72,1.5,True,0.531,0.4583,0.0,False,True,True,False,3.1553,-0.8091,True,True,True,False,2.9595,T3
2026-07-24T13:45:00,CRUDEOIL,2026-07-24,cycles_resampled,TREND_DOWN,TRAIN,H7_TRAP,AVOID,SUPPORTED,H7_TRAP,LONG,8768.0,8772.0,8749.25,18.75,0.59,False,0.8372,0.72,2.96,True,False,False,True,0.1067,-2.7733,False,False,False,True,-2.8267,SL
2026-07-24T13:55:00,CRUDEOIL,2026-07-24,cycles_resampled,TREND_DOWN,TRAIN,H1_CONT_BLOCKED,NO_ACTION,NO_ESTABLISHED_EDGE,H1_CONT,SHORT,8716.0,8750.0,8763.38,47.38,0.13,True,2.0575,1.0,0.0,False,True,True,False,3.9257,-0.802,True,True,True,False,2.9789,T3
2026-07-24T14:00:00,CRUDEOIL,2026-07-24,cycles_resampled,TREND_DOWN,TRAIN,H1_WEAK,NO_ACTION,NO_ESTABLISHED_EDGE,H1_WEAK,SHORT,8698.0,8710.0,8727.87,29.87,,True,0.56,0.4483,0.0,False,True,True,False,3.08,-0.6026,True,True,True,False,2.9665,T3
2026-07-24T14:05:00,CRUDEOIL,2026-07-24,cycles_resampled,TREND_DOWN,TRAIN,H1_WEAK,NO_ACTION,NO_ESTABLISHED_EDGE,H1_WEAK,SHORT,8688.0,8698.0,8716.84,28.84,,True,0.6442,0.5357,0.0,False,True,True,False,3.2247,-0.3814,True,True,True,False,2.9653,T3
2026-07-24T14:30:00,CRUDEOIL,2026-07-24,cycles_resampled,TREND_DOWN,TRAIN,H1_CONT_BLOCKED,NO_ACTION,NO_ESTABLISHED_EDGE,H1_CONT,SHORT,8645.0,8660.0,8671.05,26.05,,True,1.0355,0.7143,0.0,False,True,True,False,2.0729,-1.6123,True,True,False,False,-1.6507,SL
2026-07-24T15:30:00,CRUDEOIL,2026-07-24,cycles_resampled,TREND_DOWN,TRAIN,H1_CONT,CONTINUATION_CANDIDATE,RESEARCH_ONLY_PROMISING,H1_CONT,LONG,8640.0,8628.0,8596.74,43.26,7.03,True,1.125,0.6429,0.0,False,True,True,False,2.6352,-2.5428,True,True,False,False,-2.5659,SL
2026-07-24T15:50:00,CRUDEOIL,2026-07-24,cycles_resampled,TREND_DOWN,TRAIN,H7_TRAP,AVOID,SUPPORTED,H7_TRAP,SHORT,8657.0,8666.0,8690.99,33.99,1.74,True,1.3112,0.9394,1.2727,True,False,False,True,0.0,-1.3239,False,False,False,True,-1.3533,SL
2026-07-24T16:00:00,CRUDEOIL,2026-07-24,cycles_resampled,TREND_DOWN,TRAIN,AMBIGUOUS,NO_ACTION,NO_ESTABLISHED_EDGE,AMBIG,LONG,8702.0,8690.0,8672.13,29.87,8.11,False,1.234,1.0,0.2069,True,True,True,False,0.77,-1.3391,False,False,False,True,-1.3726,SL
2026-07-24T16:20:00,CRUDEOIL,2026-07-24,cycles_resampled,TREND_DOWN,TRAIN,H7_LEANING_TRAP,AVOID,SUPPORTED,H7_TRAP,LONG,8725.0,8710.0,8687.92,37.08,5.91,False,1.4694,1.0,0.5833,True,True,False,True,0.0,-1.0248,False,False,False,True,-1.0518,SL
2026-07-24T17:05:00,CRUDEOIL,2026-07-24,cycles_resampled,TREND_DOWN,TRAIN,H7_LEANING_TRAP,AVOID,SUPPORTED,H7_TRAP,SHORT,8679.0,8684.0,8711.44,32.44,2.71,False,1.5228,0.6458,0.5417,True,False,False,True,0.0,-1.1097,False,False,False,True,-1.1406,SL
2026-07-24T17:25:00,CRUDEOIL,2026-07-24,cycles_resampled,TREND_DOWN,TRAIN,H7_LEANING_TRAP,AVOID,SUPPORTED,H7_TRAP,SHORT,8625.0,8662.0,8711.52,86.52,0.39,False,3.3696,1.0,0.3571,True,False,False,True,0.2312,-1.4563,False,False,False,True,-1.4679,SL
2026-07-24T18:30:00,CRUDEOIL,2026-07-24,cycles_resampled,TREND_DOWN,TRAIN,H1_CONT_BLOCKED,NO_ACTION,NO_ESTABLISHED_EDGE,H1_CONT,LONG,8659.0,8655.0,8619.71,39.29,0.56,True,1.2881,0.8837,0.0,False,True,True,False,2.4179,-1.5017,True,True,False,False,-1.5271,SL
2026-07-24T18:50:00,CRUDEOIL,2026-07-24,cycles_resampled,TREND_DOWN,TRAIN,AMBIGUOUS,NO_ACTION,NO_ESTABLISHED_EDGE,AMBIG,LONG,8751.0,8711.0,8706.71,44.29,4.36,False,1.7083,0.9535,0.0,False,True,True,False,0.0677,-1.6708,False,False,False,True,-1.6934,SL
2026-07-24T19:15:00,CRUDEOIL,2026-07-24,cycles_resampled,TREND_DOWN,TRAIN,H7_LEANING_TRAP,AVOID,SUPPORTED,H7_TRAP,SHORT,8683.0,8683.97,8738.8,55.8,1.65,False,2.0712,0.9,0.4338,True,False,False,True,3.4946,-0.5735,True,True,True,False,2.9821,T3
2026-07-24T19:25:00,CRUDEOIL,2026-07-24,cycles_resampled,TREND_DOWN,TRAIN,AMBIGUOUS,NO_ACTION,NO_ESTABLISHED_EDGE,H1_CONT,SHORT,8682.0,8683.97,8712.9,30.9,0.16,True,1.0825,1.0,0.0677,True,True,True,False,4.9191,-0.6796,True,True,True,False,2.9676,T3
2026-07-24T19:55:00,CRUDEOIL,2026-07-24,cycles_resampled,TREND_DOWN,TRAIN,H7_LEANING_TRAP,AVOID,SUPPORTED,H7_TRAP,SHORT,8646.0,8656.0,8681.26,35.26,1.45,True,1.2428,0.8095,0.4286,True,True,False,True,0.1985,-1.2762,False,False,False,True,-1.3046,SL
2026-07-24T20:05:00,CRUDEOIL,2026-07-24,cycles_resampled,TREND_DOWN,TRAIN,AMBIGUOUS,NO_ACTION,NO_ESTABLISHED_EDGE,H7_TRAP,LONG,8674.0,8648.0,8637.95,36.05,0.17,False,1.3611,1.0,0.0857,True,False,False,True,0.4716,-2.0527,False,False,False,True,-2.0804,SL
2026-07-24T20:10:00,CRUDEOIL,2026-07-24,cycles_resampled,TREND_DOWN,TRAIN,SPIKE_NO_LEVEL,NO_ACTION,NO_ESTABLISHED_EDGE,AMBIG,SHORT,8645.0,,,,,,1.29,1.0,,,,,,,,,,,,,
2026-07-24T20:40:00,CRUDEOIL,2026-07-24,cycles_resampled,TREND_DOWN,TRAIN,H1_CONT_BLOCKED,NO_ACTION,NO_ESTABLISHED_EDGE,H1_CONT,SHORT,8621.0,8642.0,8689.61,68.61,0.38,True,2.6476,0.7586,0.0,False,True,True,False,2.0114,0.0,True,True,False,False,0.0146,EOD
2026-07-24T20:45:00,CRUDEOIL,2026-07-24,cycles_resampled,TREND_DOWN,TRAIN,H1_CONT_BLOCKED,NO_ACTION,NO_ESTABLISHED_EDGE,H1_CONT,SHORT,8550.0,8591.0,8591.8,41.8,,True,1.3302,0.6667,0.0,False,True,True,False,1.6029,-1.0287,True,False,False,False,-1.0526,SL
2026-07-24T20:55:00,CRUDEOIL,2026-07-24,cycles_resampled,TREND_DOWN,TRAIN,AMBIGUOUS,NO_ACTION,NO_ESTABLISHED_EDGE,H7_TRAP,SHORT,8512.0,8521.0,8543.62,31.62,,False,0.3235,0.2037,0.0926,True,False,False,True,0.9171,-1.3915,False,False,False,True,-1.4231,SL
2026-07-24T21:00:00,CRUDEOIL,2026-07-24,cycles_resampled,TREND_DOWN,TRAIN,SPIKE_NO_LEVEL,NO_ACTION,NO_ESTABLISHED_EDGE,AMBIG,LONG,8522.0,,,,,,0.338,0.3158,,,,,,,,,,,,,
2026-07-24T21:05:00,CRUDEOIL,2026-07-24,cycles_resampled,TREND_DOWN,TRAIN,H7_TRAP,AVOID,SUPPORTED,H7_TRAP,SHORT,8485.0,8484.0,8535.53,50.53,0.02,False,1.1067,0.7843,1.4118,True,False,False,True,0.0,-1.4051,False,False,False,True,-1.4249,SL
2026-07-24T21:10:00,CRUDEOIL,2026-07-24,cycles_resampled,TREND_DOWN,TRAIN,SPIKE_NO_LEVEL,NO_ACTION,NO_ESTABLISHED_EDGE,AMBIG,LONG,8526.0,,,,,,0.8831,0.85,,,,,,,,,,,,,
2026-07-27T10:10:00,CRUDEOIL,2026-07-27,cycles_resampled,TREND_DOWN,TRAIN,H7_LEANING_TRAP,AVOID,SUPPORTED,AMBIG,SHORT,8160.0,8178.0,8177.51,17.51,,False,1.19,1.0,0.4118,True,True,True,False,0.0,-1.4849,False,False,False,True,-1.542,SL
2026-07-27T10:45:00,CRUDEOIL,2026-07-27,cycles_resampled,TREND_DOWN,TRAIN,H7_TRAP,AVOID,SUPPORTED,H7_TRAP,LONG,8195.0,8181.0,8177.49,17.51,0.06,False,1.5063,1.0,1.0,True,False,False,True,0.0,-1.7704,False,False,False,True,-1.8275,SL
2026-07-27T10:50:00,CRUDEOIL,2026-07-27,cycles_resampled,TREND_DOWN,TRAIN,H7_LEANING_TRAP,AVOID,SUPPORTED,H7_TRAP,SHORT,8164.0,8174.0,8190.78,26.78,0.15,False,1.9783,1.0,0.5,True,True,False,True,3.286,-0.8588,True,True,True,False,2.9627,T3
2026-07-27T11:00:00,CRUDEOIL,2026-07-27,cycles_resampled,TREND_DOWN,TRAIN,H7_LEANING_TRAP,AVOID,SUPPORTED,H7_TRAP,LONG,8187.0,8175.0,8165.37,21.63,0.37,False,1.47,1.0,0.5714,True,True,False,True,0.0,-1.202,False,False,False,True,-1.2483,SL
2026-07-27T11:30:00,CRUDEOIL,2026-07-27,cycles_resampled,TREND_DOWN,TRAIN,H1_CONT_BLOCKED,NO_ACTION,NO_ESTABLISHED_EDGE,H1_CONT,SHORT,8121.0,8142.0,8159.11,38.11,,True,2.262,1.0,0.0,False,True,True,False,3.6473,-0.8659,True,True,True,False,2.9738,T3
2026-07-27T12:10:00,CRUDEOIL,2026-07-27,cycles_resampled,TREND_DOWN,TRAIN,H1_WEAK,NO_ACTION,NO_ESTABLISHED_EDGE,H1_WEAK,SHORT,8071.0,8076.0,8089.54,18.54,0.05,True,0.3962,0.3333,0.0,False,True,True,False,2.0496,-1.2406,True,True,False,False,-1.2945,SL
2026-07-27T12:20:00,CRUDEOIL,2026-07-27,cycles_resampled,TREND_DOWN,TRAIN,H7_TRAP,AVOID,SUPPORTED,H7_TRAP,SHORT,8057.0,8066.0,8076.72,19.72,,True,0.487,0.3333,0.875,True,True,False,True,1.217,-1.5213,True,False,False,True,-1.572,SL
2026-07-27T12:25:00,CRUDEOIL,2026-07-27,cycles_resampled,TREND_DOWN,TRAIN,H7_TRAP,AVOID,SUPPORTED,H7_TRAP,SHORT,8044.0,8052.0,8062.54,18.54,,False,1.0723,1.0,1.9444,True,False,False,True,0.5933,-2.3193,False,False,False,True,-2.3732,SL
2026-07-27T12:30:00,CRUDEOIL,2026-07-27,cycles_resampled,TREND_DOWN,TRAIN,H7_LEANING_TRAP,AVOID,SUPPORTED,H7_TRAP,LONG,8087.0,8062.0,8031.38,55.62,0.04,False,2.2214,0.7963,0.3333,True,True,False,True,1.2046,-1.2226,True,False,False,False,-1.2406,SL
2026-07-27T12:40:00,CRUDEOIL,2026-07-27,cycles_resampled,TREND_DOWN,TRAIN,H1_CONT_BLOCKED,NO_ACTION,NO_ESTABLISHED_EDGE,H1_CONT,SHORT,8047.0,8080.0,8075.87,28.87,0.48,True,1.4848,0.9655,0.0,False,True,True,False,0.2771,-1.2123,False,False,False,True,-1.247,SL
2026-07-27T13:15:00,CRUDEOIL,2026-07-27,cycles_resampled,TREND_DOWN,TRAIN,H7_TRAP,AVOID,SUPPORTED,H7_TRAP,LONG,8103.0,8108.0,8089.28,13.72,0.36,False,0.5322,0.5417,0.7917,True,False,False,True,0.0,-1.7493,False,False,False,True,-1.8222,SL
2026-07-27T13:25:00,CRUDEOIL,2026-07-27,cycles_resampled,TREND_DOWN,TRAIN,AMBIGUOUS,NO_ACTION,NO_ESTABLISHED_EDGE,H7_TRAP,LONG,8119.0,8114.0,8061.32,57.68,1.15,True,2.0103,1.0,0.2321,True,True,False,True,0.6068,-1.3696,False,False,False,True,-1.387,SL
2026-07-27T13:30:00,CRUDEOIL,2026-07-27,cycles_resampled,TREND_DOWN,TRAIN,H7_TRAP,AVOID,SUPPORTED,H7_TRAP,LONG,8154.0,8119.0,8122.07,31.93,0.98,False,1.0823,1.0,1.4839,True,False,False,True,0.0,-2.0044,False,False,False,True,-2.0357,SL
2026-07-27T13:35:00,CRUDEOIL,2026-07-27,cycles_resampled,TREND_DOWN,TRAIN,AMBIGUOUS,NO_ACTION,NO_ESTABLISHED_EDGE,AMBIG,SHORT,8101.0,8123.0,8150.77,49.77,0.76,False,1.5034,0.8136,0.0,False,True,True,False,3.1947,-0.4219,True,True,True,False,2.9799,T3
2026-07-27T13:45:00,CRUDEOIL,2026-07-27,cycles_resampled,TREND_DOWN,TRAIN,H1_CONT,CONTINUATION_CANDIDATE,RESEARCH_ONLY_PROMISING,H1_CONT,SHORT,8073.0,8090.0,8104.93,31.93,1.05,True,1.0046,1.0,0.0,False,True,True,False,3.3824,-0.1253,True,True,True,False,2.9687,T3
2026-07-27T13:55:00,CRUDEOIL,2026-07-27,cycles_resampled,TREND_DOWN,TRAIN,H1_WEAK,NO_ACTION,NO_ESTABLISHED_EDGE,H1_CONT,SHORT,8050.0,8065.0,8078.11,28.11,0.38,True,0.867,0.7297,0.0,False,True,True,False,3.0238,-0.7115,True,True,True,False,2.9644,T3
2026-07-27T14:10:00,CRUDEOIL,2026-07-27,cycles_resampled,TREND_DOWN,TRAIN,AMBIGUOUS,NO_ACTION,NO_ESTABLISHED_EDGE,AMBIG,SHORT,8022.0,8033.0,8050.93,28.93,,False,0.8615,0.9032,0.0,False,True,True,False,3.111,-0.5876,True,True,True,False,2.9654,T3
2026-07-27T14:20:00,CRUDEOIL,2026-07-27,cycles_resampled,TREND_DOWN,TRAIN,H1_CONT_BLOCKED,NO_ACTION,NO_ESTABLISHED_EDGE,H1_CONT,SHORT,7982.0,8019.0,8022.17,40.17,,True,1.1767,1.0,0.0,False,True,True,False,2.1658,-1.0953,True,True,False,False,-1.1202,SL
2026-07-27T15:35:00,CRUDEOIL,2026-07-27,cycles_resampled,TREND_DOWN,TRAIN,H1_CONT_BLOCKED,NO_ACTION,NO_ESTABLISHED_EDGE,H1_CONT,LONG,7960.0,7925.0,7924.98,35.02,0.26,True,1.4875,1.0,0.0,False,True,True,False,3.5694,0.0,True,True,True,False,2.9714,T3
2026-07-27T15:40:00,CRUDEOIL,2026-07-27,cycles_resampled,TREND_DOWN,TRAIN,AMBIGUOUS,NO_ACTION,NO_ESTABLISHED_EDGE,AMBIG,LONG,8007.0,7969.0,7980.68,26.32,7.32,False,0.9859,0.5682,0.0,False,True,True,False,0.0,-1.1398,False,False,False,True,-1.1778,SL
2026-07-27T16:25:00,CRUDEOIL,2026-07-27,cycles_resampled,TREND_DOWN,TRAIN,AMBIGUOUS,NO_ACTION,NO_ESTABLISHED_EDGE,H7_TRAP,LONG,8010.0,8012.0,7977.95,32.05,6.36,True,1.2765,0.8857,0.2,True,False,False,True,3.0577,-0.4992,True,True,True,False,2.9688,T3
2026-07-27T17:40:00,CRUDEOIL,2026-07-27,cycles_resampled,TREND_DOWN,TRAIN,H1_CONT,CONTINUATION_CANDIDATE,RESEARCH_ONLY_PROMISING,H1_CONT,LONG,8085.0,8053.0,8048.95,36.05,1.79,True,2.1586,1.0,0.0,False,True,True,False,1.276,-1.4702,True,False,False,False,-1.4979,SL
2026-07-27T18:00:00,CRUDEOIL,2026-07-27,cycles_resampled,TREND_DOWN,TRAIN,AMBIGUOUS,NO_ACTION,NO_ESTABLISHED_EDGE,AMBIG,SHORT,8072.0,8080.0,8105.99,33.99,2.29,False,1.2126,0.6667,0.0,False,True,True,False,0.2942,-1.0591,False,False,False,True,-1.0886,SL
2026-07-27T18:20:00,CRUDEOIL,2026-07-27,cycles_resampled,TREND_DOWN,TRAIN,H1_CONT_BLOCKED,NO_ACTION,NO_ESTABLISHED_EDGE,H1_CONT,LONG,8108.0,8088.0,8072.98,35.02,0.57,True,1.763,1.0,0.0,False,True,True,False,0.6568,-1.5705,False,False,False,True,-1.5991,SL
2026-07-27T19:00:00,CRUDEOIL,2026-07-27,cycles_resampled,TREND_DOWN,TRAIN,H1_CONT_BLOCKED,NO_ACTION,NO_ESTABLISHED_EDGE,H1_CONT,SHORT,8089.0,8110.0,8129.26,40.26,0.12,True,1.7444,0.9286,0.0,False,True,True,False,4.0735,-0.621,True,True,True,False,2.9752,T3
2026-07-27T19:05:00,CRUDEOIL,2026-07-27,cycles_resampled,TREND_DOWN,TRAIN,H7_LEANING_TRAP,AVOID,SUPPORTED,AMBIG,SHORT,8053.0,8084.0,8086.99,33.99,3.28,False,1.3669,1.0,0.3636,True,True,True,False,0.0,-1.4416,False,False,False,True,-1.471,SL
2026-07-27T19:20:00,CRUDEOIL,2026-07-27,cycles_resampled,TREND_DOWN,TRAIN,H7_LEANING_TRAP,AVOID,SUPPORTED,H7_TRAP,LONG,8096.0,8077.0,8064.92,31.08,1.03,True,1.1898,0.8333,0.5556,True,True,False,True,0.5792,-1.3192,False,False,False,True,-1.3514,SL
2026-07-27T19:30:00,CRUDEOIL,2026-07-27,cycles_resampled,TREND_DOWN,TRAIN,H1_CONT_BLOCKED,NO_ACTION,NO_ESTABLISHED_EDGE,H1_CONT,SHORT,8069.0,8108.0,8110.2,41.2,0.19,True,1.5686,1.0,0.0,False,True,True,False,3.4951,0.0,True,True,True,False,2.9757,T3
2026-07-27T20:30:00,CRUDEOIL,2026-07-27,cycles_resampled,TREND_DOWN,TRAIN,H1_CONT_BLOCKED,NO_ACTION,NO_ESTABLISHED_EDGE,H1_CONT,SHORT,8018.0,8035.0,8062.41,44.41,0.91,True,1.4863,0.6596,0.0,False,True,True,False,2.0941,-0.6305,True,True,False,False,1.5987,EOD
2026-07-27T21:45:00,CRUDEOIL,2026-07-27,cycles_resampled,TREND_DOWN,TRAIN,H7_TRAP,AVOID,SUPPORTED,H7_TRAP,LONG,8039.0,8017.0,7999.86,39.14,2.09,True,2.2167,1.0,2.4211,True,True,False,True,0.1788,-1.6096,False,False,False,True,-1.6352,SL
2026-07-27T21:55:00,CRUDEOIL,2026-07-27,cycles_resampled,TREND_DOWN,TRAIN,AMBIGUOUS,NO_ACTION,NO_ESTABLISHED_EDGE,AMBIG,SHORT,7996.0,7984.58,8042.95,46.95,0.24,True,2.1951,0.6923,0.0,False,False,False,False,1.5122,0.0,True,False,False,False,1.0437,EOD
2026-07-27T22:00:00,CRUDEOIL,2026-07-27,cycles_resampled,TREND_DOWN,TRAIN,AMBIGUOUS,NO_ACTION,NO_ESTABLISHED_EDGE,H1_CONT,SHORT,7925.0,7976.0,7982.68,57.68,0.52,True,2.1928,0.9286,0.0179,True,True,True,False,0.0,-1.2309,False,False,False,True,-1.2483,SL
2026-07-28T11:00:00,CRUDEOIL,2026-07-28,cycles_resampled,CHOP,TRAIN,H1_CONT_BLOCKED,NO_ACTION,NO_ESTABLISHED_EDGE,H1_CONT,LONG,7873.0,7872.0,7848.19,24.81,,True,2.2703,0.8889,0.0,False,True,True,False,1.6526,-1.6123,True,False,False,False,-1.6526,SL
2026-07-28T11:05:00,CRUDEOIL,2026-07-28,cycles_resampled,CHOP,TRAIN,AMBIGUOUS,NO_ACTION,NO_ESTABLISHED_EDGE,AMBIG,LONG,7914.0,7876.0,7875.89,38.11,,False,2.3846,0.8378,0.0,False,True,True,False,0.0,-1.0496,False,False,False,True,-1.0758,SL
2026-07-28T11:10:00,CRUDEOIL,2026-07-28,cycles_resampled,CHOP,TRAIN,SPIKE_NO_LEVEL,NO_ACTION,NO_ESTABLISHED_EDGE,AMBIG,SHORT,7886.0,,,,,,1.19,0.6538,,,,,,,,,,,,,
2026-07-28T11:30:00,CRUDEOIL,2026-07-28,cycles_resampled,CHOP,TRAIN,AMBIGUOUS,NO_ACTION,NO_ESTABLISHED_EDGE,AMBIG,LONG,7900.0,7847.65,7876.31,23.69,0.59,False,0.7089,0.5217,0.0,False,True,True,False,0.4643,-1.6463,False,False,False,True,-1.6885,SL
2026-07-28T12:00:00,CRUDEOIL,2026-07-28,cycles_resampled,CHOP,TRAIN,H1_CONT_BLOCKED,NO_ACTION,NO_ESTABLISHED_EDGE,H1_CONT,SHORT,7833.0,7861.0,7866.99,33.99,0.47,True,1.5503,1.0,0.0,False,True,True,False,3.0597,0.0,True,True,True,False,2.9706,T3
2026-07-28T12:10:00,CRUDEOIL,2026-07-28,cycles_resampled,CHOP,TRAIN,AMBIGUOUS,NO_ACTION,NO_ESTABLISHED_EDGE,AMBIG,SHORT,7776.0,7807.0,7808.96,32.96,,False,1.4785,1.0,0.0,False,True,True,False,0.6978,-1.0922,False,False,False,True,-1.1226,SL
2026-07-28T12:20:00,CRUDEOIL,2026-07-28,cycles_resampled,CHOP,TRAIN,H7_LEANING_TRAP,AVOID,SUPPORTED,H7_TRAP,SHORT,7754.0,7773.0,7785.93,31.93,,False,1.5282,1.0,0.4516,True,True,False,True,0.0313,-1.0335,False,False,False,True,-1.0648,SL
2026-07-28T12:30:00,CRUDEOIL,2026-07-28,cycles_resampled,CHOP,TRAIN,AMBIGUOUS,NO_ACTION,NO_ESTABLISHED_EDGE,AMBIG,LONG,7787.0,7768.0,7751.98,35.02,2.72,False,1.5556,1.0,0.0,False,True,True,False,1.028,-1.1136,True,False,False,False,-1.1422,SL
2026-07-28T13:20:00,CRUDEOIL,2026-07-28,cycles_resampled,CHOP,TRAIN,AMBIGUOUS,NO_ACTION,NO_ESTABLISHED_EDGE,H7_TRAP,SHORT,7748.0,7753.0,7810.83,62.83,,False,2.4611,1.0,0.1803,True,False,False,True,1.0982,-1.0505,True,False,False,False,-1.0664,SL
2026-07-28T14:45:00,CRUDEOIL,2026-07-28,cycles_resampled,CHOP,TRAIN,SPIKE_NO_LEVEL,NO_ACTION,NO_ESTABLISHED_EDGE,AMBIG,SHORT,7767.0,,,,,,1.2844,0.9375,,,,,,,,,,,,,
2026-07-28T16:05:00,CRUDEOIL,2026-07-28,cycles_resampled,CHOP,TRAIN,AMBIGUOUS,NO_ACTION,NO_ESTABLISHED_EDGE,H7_TRAP,SHORT,7781.0,7795.0,7814.99,33.99,0.56,False,0.7313,0.4242,0.1515,True,False,False,True,0.0,-1.0297,False,False,False,True,-1.0591,SL
2026-07-28T17:50:00,CRUDEOIL,2026-07-28,cycles_resampled,CHOP,TRAIN,H7_LEANING_TRAP,AVOID,SUPPORTED,H7_TRAP,SHORT,7814.0,7818.0,7844.9,30.9,2.07,False,1.4433,1.0,0.6,True,False,False,True,2.1359,-1.068,True,True,False,False,-1.1003,SL
2026-07-28T18:05:00,CRUDEOIL,2026-07-28,cycles_resampled,CHOP,TRAIN,AMBIGUOUS,NO_ACTION,NO_ESTABLISHED_EDGE,AMBIG,SHORT,7806.0,7814.0,7828.2,22.2,2.3,False,1.0769,0.525,0.0,False,True,True,False,2.6126,-1.1261,True,True,False,False,-1.1712,SL
2026-07-28T19:15:00,CRUDEOIL,2026-07-28,cycles_resampled,CHOP,TRAIN,AMBIGUOUS,NO_ACTION,NO_ESTABLISHED_EDGE,AMBIG,LONG,7819.0,7809.0,7782.95,36.05,0.8,False,1.4985,1.0,0.0,False,True,True,False,0.7767,-1.4702,False,False,False,True,-1.4979,SL
2026-07-28T20:40:00,CRUDEOIL,2026-07-28,cycles_resampled,CHOP,TRAIN,H1_CONT_BLOCKED,NO_ACTION,NO_ESTABLISHED_EDGE,H1_WEAK,SHORT,7726.0,7759.78,7804.28,78.28,0.6,True,1.7994,0.5395,0.0,False,True,True,False,3.0404,0.0,True,True,True,False,2.9872,T3
2026-07-28T20:45:00,CRUDEOIL,2026-07-28,cycles_resampled,CHOP,TRAIN,AMBIGUOUS,NO_ACTION,NO_ESTABLISHED_EDGE,AMBIG,SHORT,7664.0,7679.0,7725.8,61.8,,False,2.3529,1.0,0.0,False,True,True,False,3.0583,-0.1456,True,True,True,False,2.9838,T3
2026-07-28T20:50:00,CRUDEOIL,2026-07-28,cycles_resampled,CHOP,TRAIN,SPIKE_NO_LEVEL,NO_ACTION,NO_ESTABLISHED_EDGE,AMBIG,LONG,7663.0,,,,,,1.0053,0.5745,,,,,,,,,,,,,
2026-07-28T20:55:00,CRUDEOIL,2026-07-28,cycles_resampled,CHOP,TRAIN,H1_CONT_BLOCKED,NO_ACTION,NO_ESTABLISHED_EDGE,H1_CONT,SHORT,7620.0,7626.0,7651.32,31.32,,True,1.0145,0.6818,0.0,False,True,True,False,3.3844,-0.2235,True,True,True,False,2.9681,T3
2026-07-28T21:00:00,CRUDEOIL,2026-07-28,cycles_resampled,CHOP,TRAIN,AMBIGUOUS,NO_ACTION,NO_ESTABLISHED_EDGE,H7_TRAP,SHORT,7598.0,7606.0,7628.11,30.11,,True,0.6129,0.5135,0.1892,True,False,False,True,3.2547,-0.7971,True,True,True,False,2.9668,T3
2026-07-28T21:10:00,CRUDEOIL,2026-07-28,cycles_resampled,CHOP,TRAIN,AMBIGUOUS,NO_ACTION,NO_ESTABLISHED_EDGE,AMBIG,SHORT,7587.0,7756.79,7623.05,36.05,0.03,False,0.8053,0.7429,0.0,False,True,True,False,3.1068,-0.8599,True,True,True,False,2.9723,T3
2026-07-28T21:20:00,CRUDEOIL,2026-07-28,cycles_resampled,CHOP,TRAIN,H1_CONT_BLOCKED,NO_ACTION,NO_ESTABLISHED_EDGE,H1_CONT,SHORT,7566.0,7583.0,7619.56,53.56,,True,1.456,1.0,0.0,False,True,True,False,1.8857,-1.1949,True,False,False,False,-1.2136,SL
2026-07-28T21:25:00,CRUDEOIL,2026-07-28,cycles_resampled,CHOP,TRAIN,H1_WEAK,NO_ACTION,NO_ESTABLISHED_EDGE,H1_CONT,SHORT,7514.0,7566.0,7551.08,37.08,,True,0.9282,1.0,0.0,False,True,True,False,1.3215,-1.2136,True,False,False,False,-1.2406,SL
2026-07-28T22:00:00,CRUDEOIL,2026-07-28,cycles_resampled,CHOP,TRAIN,H7_TRAP,AVOID,SUPPORTED,H7_TRAP,SHORT,7486.0,7488.0,7512.96,26.96,,True,0.8311,0.8125,1.9688,True,True,False,True,0.7789,-2.411,False,False,False,True,-2.4481,SL
2026-07-28T22:15:00,CRUDEOIL,2026-07-28,cycles_resampled,CHOP,TRAIN,AMBIGUOUS,NO_ACTION,NO_ESTABLISHED_EDGE,AMBIG,LONG,7551.0,7512.0,7501.56,49.44,5.92,False,1.5664,1.0,0.0,False,True,True,False,1.5979,-0.6068,True,False,False,False,1.4361,EOD
2026-07-28T22:40:00,CRUDEOIL,2026-07-28,cycles_resampled,CHOP,TRAIN,AMBIGUOUS,NO_ACTION,NO_ESTABLISHED_EDGE,AMBIG,LONG,7583.0,7559.0,7546.95,36.05,7.5,False,1.3243,1.0,0.0,False,True,True,False,0.1942,-1.0264,False,False,False,True,-1.0541,SL
2026-07-28T22:50:00,CRUDEOIL,2026-07-28,cycles_resampled,CHOP,TRAIN,H1_WEAK,NO_ACTION,NO_ESTABLISHED_EDGE,H1_WEAK,LONG,7574.0,7559.0,7544.98,29.02,9.62,True,0.2234,0.1765,0.0,False,True,True,False,1.9297,0.0,True,False,False,False,1.654,EOD
2026-07-29T10:30:00,CRUDEOIL,2026-07-29,cycles_resampled,TREND_UP,TRAIN,AMBIGUOUS,NO_ACTION,NO_ESTABLISHED_EDGE,AMBIG,SHORT,7857.0,7857.0,7874.63,17.63,,True,1.0307,0.5714,0.0,False,False,False,False,0.8508,-1.3613,False,False,False,True,-1.418,SL
2026-07-29T11:00:00,CRUDEOIL,2026-07-29,cycles_resampled,TREND_UP,TRAIN,AMBIGUOUS,NO_ACTION,NO_ESTABLISHED_EDGE,H7_TRAP,LONG,7868.0,7863.0,7843.28,24.72,3.11,False,1.5892,0.875,0.25,True,False,False,True,1.3754,-1.2136,True,False,False,False,-1.254,SL
2026-07-29T11:10:00,CRUDEOIL,2026-07-29,cycles_resampled,TREND_UP,TRAIN,H7_TRAP,AVOID,SUPPORTED,H7_TRAP,SHORT,7857.0,7860.0,7881.72,24.72,0.53,False,1.697,1.0,1.0417,True,False,False,True,0.0,-1.2945,False,False,False,True,-1.335,SL
2026-07-29T11:25:00,CRUDEOIL,2026-07-29,cycles_resampled,TREND_UP,TRAIN,AMBIGUOUS,NO_ACTION,NO_ESTABLISHED_EDGE,H7_TRAP,LONG,7885.0,7881.0,7859.13,25.87,2.32,False,1.6279,0.8621,0.0345,True,False,False,True,0.6571,-1.4689,False,False,False,True,-1.5075,SL
2026-07-29T11:30:00,CRUDEOIL,2026-07-29,cycles_resampled,TREND_UP,TRAIN,SPIKE_NO_LEVEL,NO_ACTION,NO_ESTABLISHED_EDGE,AMBIG,SHORT,7880.0,,,,,,0.7401,0.5455,,,,,,,,,,,,,
2026-07-29T12:05:00,CRUDEOIL,2026-07-29,cycles_resampled,TREND_UP,TRAIN,H1_WEAK,NO_ACTION,NO_ESTABLISHED_EDGE,H1_CONT,SHORT,7869.0,7881.0,7895.78,26.78,0.08,True,0.9882,0.6923,0.0,False,True,True,False,2.1285,-1.643,True,True,False,False,-1.6804,SL
2026-07-29T13:00:00,CRUDEOIL,2026-07-29,cycles_resampled,TREND_UP,TRAIN,H1_CONT_BLOCKED,NO_ACTION,NO_ESTABLISHED_EDGE,H1_CONT,SHORT,7857.0,7866.0,7881.72,24.72,0.39,True,1.344,1.0,0.0,False,True,True,False,1.254,-1.0518,True,False,False,False,-1.0922,SL
2026-07-29T13:35:00,CRUDEOIL,2026-07-29,cycles_resampled,TREND_UP,TRAIN,H7_TRAP,AVOID,SUPPORTED,H7_TRAP,LONG,7883.0,7880.0,7849.01,33.99,0.49,False,1.2153,0.7576,1.0,True,False,False,True,0.0,-1.0591,False,False,False,True,-1.0886,SL
2026-07-29T13:40:00,CRUDEOIL,2026-07-29,cycles_resampled,TREND_UP,TRAIN,H7_TRAP,AVOID,SUPPORTED,H7_TRAP,SHORT,7847.0,7847.25,7876.87,29.87,0.7,False,1.3311,1.0,1.0259,True,False,False,True,0.4352,-1.3726,False,False,False,True,-1.4061,SL
2026-07-29T14:05:00,CRUDEOIL,2026-07-29,cycles_resampled,TREND_UP,TRAIN,H1_CONT_BLOCKED,NO_ACTION,NO_ESTABLISHED_EDGE,H1_CONT,SHORT,7842.0,7847.25,7868.78,26.78,0.3,True,1.0533,0.9231,0.0,False,True,True,False,1.1202,-1.0082,True,False,False,False,-1.0456,SL
2026-07-29T14:20:00,CRUDEOIL,2026-07-29,cycles_resampled,TREND_UP,TRAIN,H1_WEAK,NO_ACTION,NO_ESTABLISHED_EDGE,H1_CONT,LONG,7840.0,7839.0,7811.16,28.84,1.66,True,0.7089,0.5714,0.0,False,True,True,False,3.4327,-0.2774,True,True,True,False,2.9653,T3
2026-07-29T15:35:00,CRUDEOIL,2026-07-29,cycles_resampled,TREND_UP,TRAIN,H1_CONT_BLOCKED,NO_ACTION,NO_ESTABLISHED_EDGE,H1_CONT,LONG,7905.0,7891.56,7858.41,46.59,0.88,True,2.5066,0.7736,0.0,False,True,True,False,3.3054,-0.0859,True,True,True,False,2.9785,T3
2026-07-29T16:05:00,CRUDEOIL,2026-07-29,cycles_resampled,TREND_UP,TRAIN,AMBIGUOUS,NO_ACTION,NO_ESTABLISHED_EDGE,H7_TRAP,LONG,7953.0,7946.0,7926.22,26.78,,False,1.1926,0.8846,0.1538,True,False,False,True,1.3069,-1.8297,True,False,False,False,-1.8671,SL
2026-07-29T16:55:00,CRUDEOIL,2026-07-29,cycles_resampled,TREND_UP,TRAIN,AMBIGUOUS,NO_ACTION,NO_ESTABLISHED_EDGE,H7_TRAP,SHORT,7945.0,7955.0,7972.81,27.81,3.93,False,1.4538,1.0,0.1852,True,False,False,True,1.4743,-4.0992,True,False,False,False,-4.1352,SL
2026-07-29T17:15:00,CRUDEOIL,2026-07-29,cycles_resampled,TREND_UP,TRAIN,AMBIGUOUS,NO_ACTION,NO_ESTABLISHED_EDGE,AMBIG,SHORT,7904.0,7935.0,7962.71,58.71,1.22,False,2.4536,0.8947,0.0,False,True,True,False,0.0,-1.0049,False,False,False,True,-1.022,SL
2026-07-29T17:45:00,CRUDEOIL,2026-07-29,cycles_resampled,TREND_UP,TRAIN,H1_CONT_BLOCKED,NO_ACTION,NO_ESTABLISHED_EDGE,H1_CONT,LONG,8059.0,7988.0,7991.02,67.98,,True,2.4839,1.0,0.0,False,True,True,False,2.236,0.0,True,True,False,False,0.912,EOD
2026-07-29T18:00:00,CRUDEOIL,2026-07-29,cycles_resampled,TREND_UP,TRAIN,AMBIGUOUS,NO_ACTION,NO_ESTABLISHED_EDGE,AMBIG,LONG,8107.0,8059.0,8057.17,49.83,,False,1.732,0.7869,0.0,False,True,True,False,2.0871,-0.8629,True,True,False,False,0.281,EOD
2026-07-29T18:20:00,CRUDEOIL,2026-07-29,cycles_resampled,TREND_UP,TRAIN,AMBIGUOUS,NO_ACTION,NO_ESTABLISHED_EDGE,AMBIG,LONG,8114.0,8083.0,8087.22,26.78,0.22,False,0.8814,1.0,0.0,False,True,True,False,0.5975,-1.1576,False,False,False,True,-1.1949,SL
2026-07-29T18:30:00,CRUDEOIL,2026-07-29,cycles_resampled,TREND_UP,TRAIN,H7_LEANING_TRAP,AVOID,SUPPORTED,H7_TRAP,LONG,8126.0,8123.0,8091.95,34.05,,False,0.8519,0.6571,0.6,True,False,False,True,0.1175,-1.2628,False,False,False,True,-1.2922,SL
2026-07-29T18:45:00,CRUDEOIL,2026-07-29,cycles_resampled,TREND_UP,TRAIN,H7_TRAP,AVOID,SUPPORTED,H7_TRAP,LONG,8112.0,8110.0,8082.13,29.87,0.6,False,0.6398,0.5862,1.1034,True,False,False,True,0.0,-1.1383,False,False,False,True,-1.1717,SL
2026-07-29T18:50:00,CRUDEOIL,2026-07-29,cycles_resampled,TREND_UP,TRAIN,H7_TRAP,AVOID,SUPPORTED,H7_TRAP,SHORT,8078.0,8083.0,8110.96,32.96,7.37,False,1.1458,1.0,0.75,True,False,False,True,0.091,-1.0922,False,False,False,True,-1.1226,SL
2026-07-29T19:15:00,CRUDEOIL,2026-07-29,cycles_resampled,TREND_UP,TRAIN,H7_TRAP,AVOID,SUPPORTED,AMBIG,LONG,8118.0,8130.0,8104.1,13.9,0.86,True,0.5815,0.4333,0.7333,True,False,False,False,1.7266,-1.6547,True,False,False,False,-1.7266,SL
2026-07-29T20:40:00,CRUDEOIL,2026-07-29,cycles_resampled,TREND_UP,TRAIN,H7_TRAP,AVOID,SUPPORTED,H7_TRAP,SHORT,8167.0,8165.0,8179.84,12.84,0.16,False,0.4912,0.3571,0.6786,True,False,False,True,0.0,-1.324,False,False,False,True,-1.4019,SL
2026-07-29T21:00:00,CRUDEOIL,2026-07-29,cycles_resampled,TREND_UP,TRAIN,H1_CONT,CONTINUATION_CANDIDATE,RESEARCH_ONLY_PROMISING,H1_CONT,SHORT,8118.0,8148.0,8145.81,27.81,10.26,True,1.2115,1.0,0.0,False,True,True,False,0.4315,-1.69,False,False,False,True,-1.726,SL
2026-07-29T21:25:00,CRUDEOIL,2026-07-29,cycles_resampled,TREND_UP,TRAIN,H1_CONT_BLOCKED,NO_ACTION,NO_ESTABLISHED_EDGE,H1_CONT,LONG,8163.0,8134.0,8134.1,28.9,0.8,True,1.1934,0.8667,0.0,False,True,True,False,0.6228,-1.0035,False,False,False,True,-1.0381,SL
2026-07-29T21:50:00,CRUDEOIL,2026-07-29,cycles_resampled,TREND_UP,TRAIN,H1_CONT_BLOCKED,NO_ACTION,NO_ESTABLISHED_EDGE,H1_CONT,SHORT,8107.0,8134.0,8138.93,31.93,0.03,True,1.423,1.0,0.0,False,True,True,False,0.5951,-1.0022,False,False,False,True,-1.0335,SL
2026-07-29T23:05:00,CRUDEOIL,2026-07-29,cycles_resampled,TREND_UP,TRAIN,H7_LEANING_TRAP,AVOID,SUPPORTED,H7_TRAP,SHORT,8102.0,8107.0,8129.81,27.81,0.04,True,1.6875,1.0,0.5556,True,True,False,True,0.1798,-0.863,False,False,False,False,-0.6832,EOD
2026-07-30T10:10:00,CRUDEOIL,2026-07-30,cycles_resampled,CHOP,TRAIN,H7_LEANING_TRAP,AVOID,SUPPORTED,H7_TRAP,LONG,8025.0,8028.0,8015.49,9.51,1.47,False,0.1918,0.1176,0.3529,True,False,False,True,4.6267,-0.3155,True,True,True,False,2.8948,T3
2026-07-30T10:20:00,CRUDEOIL,2026-07-30,cycles_resampled,CHOP,TRAIN,H1_CONT_BLOCKED,NO_ACTION,NO_ESTABLISHED_EDGE,H1_CONT,LONG,8045.0,8039.0,8021.25,23.75,,True,1.9877,0.92,0.0,False,True,True,False,3.5368,0.0,True,True,True,False,2.9579,T3
2026-07-30T10:35:00,CRUDEOIL,2026-07-30,cycles_resampled,CHOP,TRAIN,H1_CONT_BLOCKED,NO_ACTION,NO_ESTABLISHED_EDGE,H1_CONT,LONG,8073.0,8069.0,8053.37,19.63,,True,1.4696,0.9048,0.0,False,True,True,False,3.6169,0.0,True,True,True,False,2.9491,T3
2026-07-30T10:40:00,CRUDEOIL,2026-07-30,cycles_resampled,CHOP,TRAIN,H1_CONT_BLOCKED,NO_ACTION,NO_ESTABLISHED_EDGE,H1_CONT,LONG,8098.0,8075.0,8075.34,22.66,,True,1.5556,1.0,0.0,False,True,True,False,3.4863,-0.0883,True,True,True,False,2.9559,T3
2026-07-30T11:00:00,CRUDEOIL,2026-07-30,cycles_resampled,CHOP,TRAIN,H1_CONT_BLOCKED,NO_ACTION,NO_ESTABLISHED_EDGE,H1_CONT,LONG,8144.0,8129.0,8115.16,28.84,,True,1.661,1.0,0.0,False,True,True,False,3.294,-0.6588,True,True,True,False,2.9653,T3
2026-07-30T11:20:00,CRUDEOIL,2026-07-30,cycles_resampled,CHOP,TRAIN,AMBIGUOUS,NO_ACTION,NO_ESTABLISHED_EDGE,H7_TRAP,LONG,8177.0,8164.0,8129.62,47.38,,False,1.9803,0.9348,0.0217,True,True,False,True,1.4141,-1.3086,True,False,False,False,-1.3297,SL
2026-07-30T11:25:00,CRUDEOIL,2026-07-30,cycles_resampled,CHOP,TRAIN,SPIKE_NO_LEVEL,NO_ACTION,NO_ESTABLISHED_EDGE,AMBIG,SHORT,8172.0,,,,,,0.773,0.5806,,,,,,,,,,,,,
2026-07-30T11:30:00,CRUDEOIL,2026-07-30,cycles_resampled,CHOP,TRAIN,SPIKE_NO_LEVEL,NO_ACTION,NO_ESTABLISHED_EDGE,AMBIG,SHORT,8163.0,,,,,,0.4724,0.44,,,,,,,,,,,,,
2026-07-30T11:35:00,CRUDEOIL,2026-07-30,cycles_resampled,CHOP,TRAIN,H1_CONT_BLOCKED,NO_ACTION,NO_ESTABLISHED_EDGE,H1_CONT,LONG,8200.0,8190.0,8169.1,30.9,,True,1.2389,1.0,0.0,False,True,True,False,1.4239,-2.7508,True,False,False,False,-2.7832,SL
2026-07-30T11:50:00,CRUDEOIL,2026-07-30,cycles_resampled,CHOP,TRAIN,H7_LEANING_TRAP,AVOID,SUPPORTED,H7_TRAP,SHORT,8215.0,8221.0,8241.87,26.87,3.35,False,0.8235,0.7241,0.4483,True,False,False,True,0.0,-1.0793,False,False,False,True,-1.1165,SL
2026-07-30T12:30:00,CRUDEOIL,2026-07-30,cycles_resampled,CHOP,TRAIN,AMBIGUOUS,NO_ACTION,NO_ESTABLISHED_EDGE,AMBIG,SHORT,8115.0,8185.0,8172.68,57.68,1.92,False,2.1247,1.0,0.0,False,True,True,False,0.0,-1.1096,False,False,False,True,-1.1269,SL
2026-07-30T12:35:00,CRUDEOIL,2026-07-30,cycles_resampled,CHOP,TRAIN,SPIKE_NO_LEVEL,NO_ACTION,NO_ESTABLISHED_EDGE,AMBIG,LONG,8155.0,,,,,,1.2963,1.0,,,,,,,,,,,,,
2026-07-30T12:45:00,CRUDEOIL,2026-07-30,cycles_resampled,CHOP,TRAIN,AMBIGUOUS,NO_ACTION,NO_ESTABLISHED_EDGE,H7_TRAP,LONG,8176.0,8160.81,8145.01,30.99,2.19,False,1.1413,0.9091,0.1458,True,False,False,True,2.1297,-1.6457,True,True,False,False,-1.678,SL
2026-07-30T12:50:00,CRUDEOIL,2026-07-30,cycles_resampled,CHOP,TRAIN,SPIKE_NO_LEVEL,NO_ACTION,NO_ESTABLISHED_EDGE,AMBIG,SHORT,8156.0,,,,,,0.8912,0.7273,,,,,,,,,,,,,
2026-07-30T13:00:00,CRUDEOIL,2026-07-30,cycles_resampled,CHOP,TRAIN,AMBIGUOUS,NO_ACTION,NO_ESTABLISHED_EDGE,H1_CONT,LONG,8215.0,8189.0,8181.01,33.99,0.85,True,0.9262,0.7879,0.1818,True,True,True,False,0.7944,-1.0591,False,False,False,True,-1.0886,SL
2026-07-30T13:30:00,CRUDEOIL,2026-07-30,cycles_resampled,CHOP,TRAIN,AMBIGUOUS,NO_ACTION,NO_ESTABLISHED_EDGE,H1_CONT,SHORT,8146.0,8164.0,8190.29,44.29,3.19,True,1.0987,0.814,0.0698,True,True,True,False,3.5448,-0.7902,True,True,True,False,2.9774,T3
2026-07-30T13:45:00,CRUDEOIL,2026-07-30,cycles_resampled,CHOP,TRAIN,H7_TRAP,AVOID,SUPPORTED,H1_CONT,LONG,8167.0,8136.0,8128.89,38.11,0.23,True,1.342,1.0,1.1622,True,True,True,False,0.3674,-2.0467,False,False,False,True,-2.0729,SL
2026-07-30T14:00:00,CRUDEOIL,2026-07-30,cycles_resampled,CHOP,TRAIN,AMBIGUOUS,NO_ACTION,NO_ESTABLISHED_EDGE,AMBIG,SHORT,8093.0,8123.0,8154.92,61.92,1.43,False,2.0241,0.9375,0.1719,True,True,True,False,0.0,-1.0659,False,False,False,True,-1.082,SL
2026-07-30T14:45:00,CRUDEOIL,2026-07-30,cycles_resampled,CHOP,TRAIN,AMBIGUOUS,NO_ACTION,NO_ESTABLISHED_EDGE,AMBIG,SHORT,8055.0,8080.0,8094.14,39.14,1.29,False,0.9874,0.7368,0.0,False,True,True,False,0.4343,-1.0731,False,False,False,True,-1.0986,SL
2026-07-30T15:45:00,CRUDEOIL,2026-07-30,cycles_resampled,CHOP,TRAIN,H1_CONT_BLOCKED,NO_ACTION,NO_ESTABLISHED_EDGE,H1_CONT,SHORT,8070.0,8088.0,8106.05,36.05,0.55,True,1.5806,1.0,0.0,False,True,True,False,3.301,-0.4161,True,True,True,False,2.9723,T3
2026-07-30T16:10:00,CRUDEOIL,2026-07-30,cycles_resampled,CHOP,TRAIN,H7_LEANING_TRAP,AVOID,SUPPORTED,H7_TRAP,SHORT,8010.0,8002.0,8030.2,20.2,0.27,True,0.821,0.475,0.475,True,False,False,True,0.9406,-1.1881,False,False,False,True,-1.2376,SL
2026-07-30T17:55:00,CRUDEOIL,2026-07-30,cycles_resampled,CHOP,TRAIN,H7_LEANING_TRAP,AVOID,SUPPORTED,H7_TRAP,LONG,8071.0,8035.0,8033.89,37.11,1.94,False,1.7439,0.973,0.4324,True,True,False,True,0.0,-1.1048,False,False,False,True,-1.1318,SL
2026-07-30T18:35:00,CRUDEOIL,2026-07-30,cycles_resampled,CHOP,TRAIN,AMBIGUOUS,NO_ACTION,NO_ESTABLISHED_EDGE,AMBIG,SHORT,7983.0,7982.0,8059.52,76.52,0.01,True,2.4726,0.881,0.0,False,False,False,False,0.4182,-1.0716,False,False,False,True,-1.0847,SL
2026-07-30T18:40:00,CRUDEOIL,2026-07-30,cycles_resampled,CHOP,TRAIN,H7_LEANING_TRAP,AVOID,SUPPORTED,H7_TRAP,SHORT,7954.0,7973.0,8001.47,47.47,,False,1.4737,0.9388,0.3469,True,False,False,True,0.0,-1.0322,False,False,False,True,-1.0533,SL
2026-07-30T21:10:00,CRUDEOIL,2026-07-30,cycles_resampled,CHOP,TRAIN,AMBIGUOUS,NO_ACTION,NO_ESTABLISHED_EDGE,AMBIG,SHORT,8008.0,8043.0,8039.11,31.11,0.75,False,1.1732,0.8108,0.0,False,True,True,False,0.3536,-1.1893,False,False,False,True,-1.2215,SL
2026-07-30T23:05:00,CRUDEOIL,2026-07-30,cycles_resampled,CHOP,TRAIN,H7_LEANING_TRAP,AVOID,SUPPORTED,H7_TRAP,LONG,8047.0,8048.0,8009.29,37.71,0.03,False,1.7746,0.6316,0.4211,True,False,False,True,0.053,-0.769,False,False,False,False,-0.2121,EOD
2026-07-30T23:10:00,CRUDEOIL,2026-07-30,cycles_resampled,CHOP,TRAIN,SPIKE_NO_LEVEL,NO_ACTION,NO_ESTABLISHED_EDGE,AMBIG,SHORT,8024.0,,,,,,1.1864,0.8065,,,,,,,,,,,,,
2026-07-31T10:25:00,CRUDEOIL,2026-07-31,cycles_resampled,TREND_UP,TRAIN,AMBIGUOUS,NO_ACTION,NO_ESTABLISHED_EDGE,H7_TRAP,SHORT,7807.0,7824.0,7821.48,14.48,,False,1.3706,0.875,0.25,True,True,False,True,0.6906,-1.3812,False,False,False,True,-1.4503,SL
2026-07-31T10:30:00,CRUDEOIL,2026-07-31,cycles_resampled,TREND_UP,TRAIN,SPIKE_NO_LEVEL,NO_ACTION,NO_ESTABLISHED_EDGE,AMBIG,LONG,7809.0,,,,,,0.4516,0.2174,,,,,,,,,,,,,
2026-07-31T10:35:00,CRUDEOIL,2026-07-31,cycles_resampled,TREND_UP,TRAIN,H7_TRAP,AVOID,SUPPORTED,H1_CONT,LONG,7827.0,7820.0,7805.37,21.63,0.37,True,1.7396,1.0,0.6667,True,True,True,False,0.2312,-1.1558,False,False,False,True,-1.202,SL
2026-07-31T11:05:00,CRUDEOIL,2026-07-31,cycles_resampled,TREND_UP,TRAIN,H7_TRAP,AVOID,SUPPORTED,H7_TRAP,SHORT,7767.0,7777.0,7795.84,28.84,,False,1.6432,0.8929,1.1786,True,False,False,True,0.0,-1.491,False,False,False,True,-1.5257,SL
2026-07-31T11:10:00,CRUDEOIL,2026-07-31,cycles_resampled,TREND_UP,TRAIN,H7_LEANING_TRAP,AVOID,SUPPORTED,H7_TRAP,LONG,7785.0,7795.0,7769.25,15.75,2.98,False,0.9013,0.6,0.36,True,False,False,True,4.127,-0.254,True,True,True,False,2.9365,T3
2026-07-31T11:20:00,CRUDEOIL,2026-07-31,cycles_resampled,TREND_UP,TRAIN,H1_CONT,CONTINUATION_CANDIDATE,RESEARCH_ONLY_PROMISING,H1_CONT,LONG,7810.0,7795.0,7785.28,24.72,2.82,True,1.344,1.0,0.0,False,True,True,False,3.1149,-0.2832,True,True,True,False,2.9595,T3
2026-07-31T12:45:00,CRUDEOIL,2026-07-31,cycles_resampled,TREND_UP,TRAIN,AMBIGUOUS,NO_ACTION,NO_ESTABLISHED_EDGE,H7_TRAP,LONG,7878.0,7881.0,7862.28,15.72,0.06,False,0.8898,0.625,0.0417,True,False,False,True,1.5267,-1.145,True,False,False,False,-1.2087,SL
2026-07-31T13:00:00,CRUDEOIL,2026-07-31,cycles_resampled,TREND_UP,TRAIN,AMBIGUOUS,NO_ACTION,NO_ESTABLISHED_EDGE,AMBIG,LONG,7901.0,7893.0,7874.22,26.78,,False,0.7521,0.5,0.2692,True,True,True,False,0.0373,-1.0456,False,False,False,True,-1.0829,SL
2026-07-31T13:10:00,CRUDEOIL,2026-07-31,cycles_resampled,TREND_UP,TRAIN,H7_TRAP,AVOID,SUPPORTED,H7_TRAP,LONG,7897.0,7887.0,7872.28,24.72,0.2,False,0.5431,0.375,1.2083,True,False,False,True,0.0,-1.4968,False,False,False,True,-1.5372,SL
2026-07-31T13:20:00,CRUDEOIL,2026-07-31,cycles_resampled,TREND_UP,TRAIN,H1_CONT,CONTINUATION_CANDIDATE,RESEARCH_ONLY_PROMISING,H1_CONT,SHORT,7864.0,7873.0,7886.78,22.78,2.22,True,1.12,0.7692,0.0,False,True,True,False,1.0097,-1.7998,True,False,False,False,-1.8437,SL
2026-07-31T13:30:00,CRUDEOIL,2026-07-31,cycles_resampled,TREND_UP,TRAIN,AMBIGUOUS,NO_ACTION,NO_ESTABLISHED_EDGE,H7_TRAP,SHORT,7846.0,7850.0,7871.75,25.75,1.05,False,0.8718,0.68,0.28,True,False,False,True,0.1942,-2.2913,False,False,False,True,-2.3301,SL
2026-07-31T13:55:00,CRUDEOIL,2026-07-31,cycles_resampled,TREND_UP,TRAIN,H7_LEANING_TRAP,AVOID,SUPPORTED,H7_TRAP,LONG,7905.0,7902.0,7859.68,45.32,,False,1.8129,0.8182,0.4545,True,False,False,True,3.0009,-0.9929,True,True,True,False,2.9779,T3
2026-07-31T15:00:00,CRUDEOIL,2026-07-31,cycles_resampled,TREND_UP,TRAIN,H1_CONT_BLOCKED,NO_ACTION,NO_ESTABLISHED_EDGE,H1_CONT,LONG,7975.0,7953.0,7923.5,51.5,,True,2.1875,1.0,0.0,False,True,True,False,3.0097,-0.1165,True,True,True,False,2.9806,T3
2026-07-31T16:25:00,CRUDEOIL,2026-07-31,cycles_resampled,TREND_UP,TRAIN,H7_TRAP,AVOID,SUPPORTED,H7_TRAP,LONG,8064.0,8060.0,8038.1,25.9,,False,1.4644,0.8333,0.6333,True,False,False,True,1.583,-1.0425,True,False,False,True,-1.0811,SL
2026-07-31T16:45:00,CRUDEOIL,2026-07-31,cycles_resampled,TREND_UP,TRAIN,H1_CONT_BLOCKED,NO_ACTION,NO_ESTABLISHED_EDGE,H1_CONT,LONG,8090.0,8069.0,8034.96,55.04,,True,2.5238,0.7794,0.0,False,True,True,False,2.4164,-1.0538,True,True,False,False,-1.0719,SL
2026-07-31T17:00:00,CRUDEOIL,2026-07-31,cycles_resampled,TREND_UP,TRAIN,AMBIGUOUS,NO_ACTION,NO_ESTABLISHED_EDGE,H7_TRAP,LONG,8122.0,8111.0,8091.1,30.9,,False,1.2484,0.9333,0.0333,True,False,False,True,3.1715,-0.5178,True,True,True,False,2.9676,T3
2026-07-31T17:30:00,CRUDEOIL,2026-07-31,cycles_resampled,TREND_UP,TRAIN,H1_CONT_BLOCKED,NO_ACTION,NO_ESTABLISHED_EDGE,H1_CONT,LONG,8166.0,8130.0,8114.5,51.5,,True,2.0528,1.0,0.0,False,True,True,False,1.1068,-1.7087,True,False,False,False,-1.7282,SL
2026-07-31T18:25:00,CRUDEOIL,2026-07-31,cycles_resampled,TREND_UP,TRAIN,H7_LEANING_TRAP,AVOID,SUPPORTED,H7_TRAP,LONG,8212.0,8191.0,8175.71,36.29,,False,1.7254,0.814,0.3488,True,False,False,True,0.3031,-1.0471,False,False,False,True,-1.0747,SL
2026-07-31T18:30:00,CRUDEOIL,2026-07-31,cycles_resampled,TREND_UP,TRAIN,AMBIGUOUS,NO_ACTION,NO_ESTABLISHED_EDGE,H7_TRAP,SHORT,8176.0,8177.0,8224.47,48.47,0.83,False,2.0498,0.9592,0.2653,True,False,False,True,2.9709,-0.8046,True,True,False,False,1.4029,EOD
2026-07-31T18:40:00,CRUDEOIL,2026-07-31,cycles_resampled,TREND_UP,TRAIN,H7_TRAP,AVOID,SUPPORTED,H7_TRAP,LONG,8190.0,8196.0,8172.13,17.87,1.85,False,0.4516,0.3448,0.7931,True,False,False,True,0.6715,-1.2311,False,False,False,True,-1.2871,SL
2026-07-31T19:00:00,CRUDEOIL,2026-07-31,cycles_resampled,TREND_UP,TRAIN,H7_TRAP,AVOID,SUPPORTED,H7_TRAP,SHORT,8171.0,8173.0,8199.93,28.93,13.8,False,0.1217,0.0968,0.7097,True,False,False,True,0.0,-1.4863,False,False,False,True,-1.5209,SL
2026-07-31T19:20:00,CRUDEOIL,2026-07-31,cycles_resampled,TREND_UP,TRAIN,AMBIGUOUS,NO_ACTION,NO_ESTABLISHED_EDGE,AMBIG,SHORT,8175.0,8195.0,8203.84,28.84,0.24,False,0.7588,0.7143,0.0,False,True,True,False,2.0458,-1.0402,True,True,False,False,-1.0749,SL
2026-07-31T19:35:00,CRUDEOIL,2026-07-31,cycles_resampled,TREND_UP,TRAIN,AMBIGUOUS,NO_ACTION,NO_ESTABLISHED_EDGE,AMBIG,SHORT,8137.0,8164.0,8169.96,32.96,11.08,False,1.28,1.0,0.0,False,True,True,False,0.6371,-1.1833,False,False,False,True,-1.2136,SL
2026-07-31T19:40:00,CRUDEOIL,2026-07-31,cycles_resampled,TREND_UP,TRAIN,AMBIGUOUS,NO_ACTION,NO_ESTABLISHED_EDGE,AMBIG,LONG,8142.0,8047.25,8114.89,27.11,2.66,False,1.0769,0.7027,0.0,False,True,True,False,2.6927,-2.3608,True,True,False,False,-2.3976,SL
2026-07-31T20:15:00,CRUDEOIL,2026-07-31,cycles_resampled,TREND_UP,TRAIN,AMBIGUOUS,NO_ACTION,NO_ESTABLISHED_EDGE,AMBIG,LONG,8200.0,8178.0,8170.13,29.87,0.77,False,1.3533,1.0,0.0,False,True,True,False,0.5022,-1.0713,False,False,False,True,-1.1048,SL
2026-07-31T20:55:00,CRUDEOIL,2026-07-31,cycles_resampled,TREND_UP,TRAIN,H1_CONT,CONTINUATION_CANDIDATE,RESEARCH_ONLY_PROMISING,H1_CONT,SHORT,8175.0,8184.0,8197.87,22.87,1.97,True,1.3162,0.7586,0.0,False,True,True,False,4.2414,-0.1749,True,True,True,False,2.9563,T3
2026-07-31T21:00:00,CRUDEOIL,2026-07-31,cycles_resampled,TREND_UP,TRAIN,AMBIGUOUS,NO_ACTION,NO_ESTABLISHED_EDGE,AMBIG,SHORT,8134.0,8168.0,8180.35,46.35,0.09,False,2.4046,1.0,0.0,False,True,True,False,2.2006,-0.4099,True,True,False,False,0.5609,EOD
2026-07-31T21:15:00,CRUDEOIL,2026-07-31,cycles_resampled,TREND_UP,TRAIN,H1_CONT,CONTINUATION_CANDIDATE,RESEARCH_ONLY_PROMISING,H1_CONT,SHORT,8081.0,8120.0,8117.14,36.14,8.56,True,1.571,0.8947,0.0,False,True,True,False,1.3558,-1.3558,True,False,False,False,-1.3835,SL
2026-07-31T21:20:00,CRUDEOIL,2026-07-31,cycles_resampled,TREND_UP,TRAIN,AMBIGUOUS,NO_ACTION,NO_ESTABLISHED_EDGE,AMBIG,SHORT,8034.0,8078.0,8079.38,45.38,5.78,False,1.7907,0.9565,0.0,False,True,True,False,0.0,-1.1459,False,False,False,True,-1.1679,SL
2026-07-31T23:10:00,CRUDEOIL,2026-07-31,cycles_resampled,TREND_UP,TRAIN,AMBIGUOUS,NO_ACTION,NO_ESTABLISHED_EDGE,H7_TRAP,LONG,8124.0,8113.75,8093.92,30.08,3.29,True,1.7203,0.8056,0.1597,True,True,False,True,0.1662,-0.5984,False,False,False,False,-0.5319,EOD
2026-08-03T10:15:00,CRUDEOIL,2026-08-03,cycles_resampled,CHOP,TRAIN,H1_CONT_BLOCKED,NO_ACTION,NO_ESTABLISHED_EDGE,H1_CONT,SHORT,7585.0,7592.0,7605.6,20.6,,True,1.8543,1.0,0.0,False,True,True,False,0.7282,-1.3107,False,False,False,True,-1.3592,SL
2026-08-03T11:10:00,CRUDEOIL,2026-08-03,cycles_resampled,CHOP,TRAIN,H1_WEAK,NO_ACTION,NO_ESTABLISHED_EDGE,H1_CONT,LONG,7595.0,7584.0,7582.61,12.39,2.16,True,0.8182,0.6923,0.0,False,True,True,False,2.0178,-2.4213,True,True,False,False,-2.502,SL
2026-08-03T11:25:00,CRUDEOIL,2026-08-03,cycles_resampled,CHOP,TRAIN,H1_CONT,CONTINUATION_CANDIDATE,RESEARCH_ONLY_PROMISING,H1_CONT,SHORT,7602.0,7609.0,7617.51,15.51,2.01,True,1.2963,0.8824,0.0,False,True,True,False,4.0619,-0.1289,True,True,True,False,2.9355,T3
2026-08-03T11:30:00,CRUDEOIL,2026-08-03,cycles_resampled,CHOP,TRAIN,H1_WEAK,NO_ACTION,NO_ESTABLISHED_EDGE,H1_CONT,SHORT,7596.0,7600.0,7604.42,8.42,1.93,True,0.655,0.5714,0.0,False,True,True,False,3.6817,0.0,True,True,True,False,2.8812,T3
2026-08-03T11:40:00,CRUDEOIL,2026-08-03,cycles_resampled,CHOP,TRAIN,H7_LEANING_TRAP,AVOID,SUPPORTED,H7_TRAP,SHORT,7565.0,7570.0,7587.66,22.66,,False,1.6739,1.0,0.5909,True,False,False,True,0.0,-1.015,False,False,False,True,-1.0591,SL
2026-08-03T11:45:00,CRUDEOIL,2026-08-03,cycles_resampled,CHOP,TRAIN,SPIKE_NO_LEVEL,NO_ACTION,NO_ESTABLISHED_EDGE,AMBIG,LONG,7582.0,,,,,,1.1111,1.0,,,,,,,,,,,,,
2026-08-03T11:55:00,CRUDEOIL,2026-08-03,cycles_resampled,CHOP,TRAIN,AMBIGUOUS,NO_ACTION,NO_ESTABLISHED_EDGE,AMBIG,SHORT,7564.0,7565.0,7580.66,16.66,,True,1.1546,0.7273,0.0,False,False,False,False,1.6807,-1.5006,True,False,False,False,-1.5606,SL
2026-08-03T12:10:00,CRUDEOIL,2026-08-03,cycles_resampled,CHOP,TRAIN,AMBIGUOUS,NO_ACTION,NO_ESTABLISHED_EDGE,AMBIG,SHORT,7539.0,7557.0,7566.81,27.81,,False,1.7339,1.0,0.0,False,True,True,False,0.1079,-1.7979,False,False,False,True,-1.8339,SL
2026-08-03T12:25:00,CRUDEOIL,2026-08-03,cycles_resampled,CHOP,TRAIN,SPIKE_NO_LEVEL,NO_ACTION,NO_ESTABLISHED_EDGE,AMBIG,LONG,7548.0,,,,,,0.7434,0.6667,,,,,,,,,,,,,
2026-08-03T12:30:00,CRUDEOIL,2026-08-03,cycles_resampled,CHOP,TRAIN,H1_CONT,CONTINUATION_CANDIDATE,RESEARCH_ONLY_PROMISING,H1_CONT,LONG,7580.0,7574.0,7553.98,26.02,1.32,True,1.3672,0.7353,0.0,False,True,True,False,3.4589,-0.3843,True,True,True,False,2.9616,T3
2026-08-03T12:45:00,CRUDEOIL,2026-08-03,cycles_resampled,CHOP,TRAIN,H7_LEANING_TRAP,AVOID,SUPPORTED,H7_TRAP,LONG,7654.0,7642.0,7591.14,62.86,,False,2.5705,0.9032,0.5161,True,False,False,True,0.0,-1.05,False,False,False,True,-1.0659,SL
2026-08-03T12:50:00,CRUDEOIL,2026-08-03,cycles_resampled,CHOP,TRAIN,SPIKE_NO_LEVEL,NO_ACTION,NO_ESTABLISHED_EDGE,AMBIG,SHORT,7610.0,,,,,,1.8333,0.8302,,,,,,,,,,,,,
2026-08-03T13:05:00,CRUDEOIL,2026-08-03,cycles_resampled,CHOP,TRAIN,H7_TRAP,AVOID,SUPPORTED,H7_TRAP,LONG,7641.0,7614.09,7619.25,21.75,0.64,False,0.8473,0.84,1.0436,True,True,False,True,0.0,-1.1034,False,False,False,True,-1.1494,SL
2026-08-03T13:15:00,CRUDEOIL,2026-08-03,cycles_resampled,CHOP,TRAIN,AMBIGUOUS,NO_ACTION,NO_ESTABLISHED_EDGE,H1_CONT,SHORT,7603.0,7617.0,7628.75,25.75,0.23,True,0.9409,1.0,0.04,True,True,True,False,0.5825,-1.3204,False,False,False,True,-1.3592,SL
2026-08-03T13:45:00,CRUDEOIL,2026-08-03,cycles_resampled,CHOP,TRAIN,AMBIGUOUS,NO_ACTION,NO_ESTABLISHED_EDGE,H7_TRAP,LONG,7636.0,7627.0,7609.19,26.81,0.34,False,1.0341,0.963,0.0741,True,False,False,True,2.0888,-1.0817,True,True,False,False,-1.119,SL
2026-08-03T14:05:00,CRUDEOIL,2026-08-03,cycles_resampled,CHOP,TRAIN,H1_CONT_BLOCKED,NO_ACTION,NO_ESTABLISHED_EDGE,H1_CONT,LONG,7658.0,7655.0,7624.01,33.99,,True,1.122,0.697,0.0,False,True,True,False,1.0003,-1.2357,True,False,False,False,-1.2651,SL
2026-08-03T14:10:00,CRUDEOIL,2026-08-03,cycles_resampled,CHOP,TRAIN,AMBIGUOUS,NO_ACTION,NO_ESTABLISHED_EDGE,H1_CONT,LONG,7670.0,7658.0,7642.19,27.81,,True,0.8896,0.7037,0.1852,True,True,True,False,0.7911,-1.9417,False,False,False,True,-1.9777,SL
2026-08-03T14:40:00,CRUDEOIL,2026-08-03,cycles_resampled,CHOP,TRAIN,H1_CONT,CONTINUATION_CANDIDATE,RESEARCH_ONLY_PROMISING,H1_CONT,SHORT,7616.0,7650.0,7648.96,32.96,1.39,True,1.4834,1.0,0.0,False,True,True,False,3.0643,-0.8495,True,True,True,False,2.9697,T3
2026-08-03T15:25:00,CRUDEOIL,2026-08-03,cycles_resampled,CHOP,TRAIN,H7_TRAP,AVOID,SUPPORTED,H7_TRAP,LONG,7636.0,7643.0,7616.19,19.81,0.12,False,0.5329,0.4074,1.2222,True,False,False,True,0.101,-1.1106,False,False,False,True,-1.161,SL
2026-08-03T18:15:00,CRUDEOIL,2026-08-03,cycles_resampled,CHOP,TRAIN,H7_TRAP,AVOID,SUPPORTED,H7_TRAP,LONG,7574.0,7557.0,7536.77,37.23,1.63,False,2.1088,0.878,0.6341,True,True,False,True,0.1343,-1.5847,False,False,False,True,-1.6116,SL
2026-08-03T18:30:00,CRUDEOIL,2026-08-03,cycles_resampled,CHOP,TRAIN,H7_TRAP,AVOID,SUPPORTED,H7_TRAP,SHORT,7531.0,7535.0,7544.87,13.87,,False,0.1707,0.1034,1.1724,True,True,False,True,0.3605,-1.2257,False,False,False,True,-1.2978,SL
2026-08-03T18:40:00,CRUDEOIL,2026-08-03,cycles_resampled,CHOP,TRAIN,AMBIGUOUS,NO_ACTION,NO_ESTABLISHED_EDGE,AMBIG,LONG,7569.0,7548.0,7525.74,43.26,0.23,False,2.1075,1.0,0.0,False,True,True,False,0.1618,-1.3638,False,False,False,True,-1.387,SL
2026-08-03T19:00:00,CRUDEOIL,2026-08-03,cycles_resampled,CHOP,TRAIN,AMBIGUOUS,NO_ACTION,NO_ESTABLISHED_EDGE,H7_TRAP,SHORT,7510.0,7515.0,7563.56,53.56,,True,2.3111,1.0,0.0962,True,True,False,True,0.224,-1.1202,False,False,False,True,-1.1389,SL
2026-08-03T19:20:00,CRUDEOIL,2026-08-03,cycles_resampled,CHOP,TRAIN,H1_CONT,CONTINUATION_CANDIDATE,RESEARCH_ONLY_PROMISING,H1_CONT,LONG,7535.0,7520.0,7505.13,29.87,1.37,True,1.0029,0.8621,0.0,False,True,True,False,3.85,-0.1674,True,True,True,False,2.9665,T3
2026-08-03T20:00:00,CRUDEOIL,2026-08-03,cycles_resampled,CHOP,TRAIN,AMBIGUOUS,NO_ACTION,NO_ESTABLISHED_EDGE,H7_TRAP,LONG,7587.0,7584.0,7569.07,17.93,2.59,True,0.7702,0.5484,0.1935,True,True,False,True,3.5137,-0.8924,True,True,True,False,2.9442,T3
2026-08-03T20:35:00,CRUDEOIL,2026-08-03,cycles_resampled,CHOP,TRAIN,AMBIGUOUS,NO_ACTION,NO_ESTABLISHED_EDGE,AMBIG,SHORT,7588.0,7609.0,7614.96,26.96,0.63,False,1.2727,0.75,0.0,False,True,True,False,0.1113,-2.2997,False,False,False,True,-2.3368,SL
2026-08-03T20:55:00,CRUDEOIL,2026-08-03,cycles_resampled,CHOP,TRAIN,H7_TRAP,AVOID,SUPPORTED,H7_TRAP,LONG,7650.0,7633.4,7591.29,58.71,0.72,False,2.2935,0.8421,0.6737,True,False,False,True,0.0,-1.056,False,False,False,True,-1.0731,SL
2026-08-03T22:30:00,CRUDEOIL,2026-08-03,cycles_resampled,CHOP,TRAIN,H1_CONT,CONTINUATION_CANDIDATE,RESEARCH_ONLY_PROMISING,H1_CONT,LONG,7630.0,7629.35,7605.19,24.81,2.5,True,1.6077,0.8889,0.0,False,True,True,False,1.2092,-0.1209,True,False,False,False,0.8061,EOD
2026-08-04T11:05:00,CRUDEOIL,2026-08-04,cycles_resampled,TREND_DOWN,TRAIN,AMBIGUOUS,NO_ACTION,NO_ESTABLISHED_EDGE,H7_TRAP,SHORT,7757.0,7751.0,7768.51,11.51,0.52,True,1.2941,0.6471,0.1765,True,False,False,True,3.3015,-0.2606,True,True,True,False,2.9131,T3
2026-08-04T11:20:00,CRUDEOIL,2026-08-04,cycles_resampled,TREND_DOWN,TRAIN,H1_CONT_BLOCKED,NO_ACTION,NO_ESTABLISHED_EDGE,H1_CONT,SHORT,7732.0,7741.4,7751.66,19.66,0.66,True,1.8601,0.8636,0.0,False,True,True,False,3.5605,-0.3052,True,True,True,False,2.9491,T3
2026-08-04T11:30:00,CRUDEOIL,2026-08-04,cycles_resampled,TREND_DOWN,TRAIN,H7_TRAP,AVOID,SUPPORTED,H7_TRAP,LONG,7727.0,7732.0,7718.43,8.57,3.85,False,0.7226,0.4211,1.0526,True,False,False,True,0.1167,-1.7503,False,False,False,True,-1.867,SL
2026-08-04T11:40:00,CRUDEOIL,2026-08-04,cycles_resampled,TREND_DOWN,TRAIN,H7_TRAP,AVOID,SUPPORTED,H7_TRAP,SHORT,7712.0,7719.0,7728.48,16.48,,False,0.759,0.5625,0.9375,True,False,False,True,0.182,-1.0922,False,False,False,True,-1.1529,SL
2026-08-04T11:45:00,CRUDEOIL,2026-08-04,cycles_resampled,TREND_DOWN,TRAIN,H7_LEANING_TRAP,AVOID,SUPPORTED,H7_TRAP,LONG,7730.0,7728.0,7708.37,21.63,0.37,True,1.6425,1.0,0.2857,True,True,False,True,0.1849,-1.0633,False,False,False,True,-1.1096,SL
2026-08-04T11:55:00,CRUDEOIL,2026-08-04,cycles_resampled,TREND_DOWN,TRAIN,AMBIGUOUS,NO_ACTION,NO_ESTABLISHED_EDGE,H7_TRAP,SHORT,7722.0,7725.0,7730.57,8.57,1.52,False,0.5773,0.4211,0.1053,True,False,False,True,0.9335,-1.0502,False,False,False,True,-1.1669,SL
2026-08-04T12:10:00,CRUDEOIL,2026-08-04,cycles_resampled,TREND_DOWN,TRAIN,H1_CONT_BLOCKED,NO_ACTION,NO_ESTABLISHED_EDGE,H1_CONT,SHORT,7707.0,7709.0,7726.57,19.57,,True,1.285,1.0,0.0,False,True,True,False,2.2994,-1.0731,True,True,False,False,-1.1242,SL
2026-08-04T12:25:00,CRUDEOIL,2026-08-04,cycles_resampled,TREND_DOWN,TRAIN,AMBIGUOUS,NO_ACTION,NO_ESTABLISHED_EDGE,H1_CONT,SHORT,7682.0,7702.0,7703.63,21.63,,True,1.0821,0.7619,0.2381,True,True,True,False,0.9246,-1.1558,False,False,False,True,-1.202,SL
2026-08-04T12:30:00,CRUDEOIL,2026-08-04,cycles_resampled,TREND_DOWN,TRAIN,H7_TRAP,AVOID,SUPPORTED,H7_TRAP,SHORT,7670.0,7682.0,7686.72,16.72,,False,0.6796,0.4167,1.0417,True,False,False,True,0.0,-2.2129,False,False,False,True,-2.2727,SL
2026-08-04T12:40:00,CRUDEOIL,2026-08-04,cycles_resampled,TREND_DOWN,TRAIN,AMBIGUOUS,NO_ACTION,NO_ESTABLISHED_EDGE,AMBIG,LONG,7707.0,7684.0,7683.31,23.69,1.01,False,1.4839,1.0,0.0,False,True,True,False,0.8864,-1.0975,False,False,False,True,-1.1397,SL
2026-08-04T12:50:00,CRUDEOIL,2026-08-04,cycles_resampled,TREND_DOWN,TRAIN,H1_CONT,CONTINUATION_CANDIDATE,RESEARCH_ONLY_PROMISING,H1_CONT,LONG,7711.0,7707.0,7686.19,24.81,1.93,True,1.3942,0.8889,0.0,False,True,True,False,0.6852,-1.2092,False,False,False,True,-1.2495,SL
2026-08-04T13:35:00,CRUDEOIL,2026-08-04,cycles_resampled,TREND_DOWN,TRAIN,AMBIGUOUS,NO_ACTION,NO_ESTABLISHED_EDGE,AMBIG,LONG,7715.0,7701.0,7695.22,19.78,0.56,False,0.9444,0.6538,0.0,False,True,True,False,3.0839,-0.3539,True,True,True,False,2.9494,T3
2026-08-04T14:00:00,CRUDEOIL,2026-08-04,cycles_resampled,TREND_DOWN,TRAIN,H1_CONT_BLOCKED,NO_ACTION,NO_ESTABLISHED_EDGE,H1_CONT,LONG,7763.0,7758.97,7715.62,47.38,0.13,True,2.6502,1.0,0.0,False,True,True,False,2.0262,-1.3086,True,True,False,False,-1.3297,SL
2026-08-04T14:10:00,CRUDEOIL,2026-08-04,cycles_resampled,TREND_DOWN,TRAIN,H1_CONT_BLOCKED,NO_ACTION,NO_ESTABLISHED_EDGE,H1_CONT,LONG,7795.0,7776.0,7757.92,37.08,,True,1.8876,1.0,0.0,False,True,True,False,1.726,-2.5351,True,False,False,False,-2.562,SL
2026-08-04T14:20:00,CRUDEOIL,2026-08-04,cycles_resampled,TREND_DOWN,TRAIN,AMBIGUOUS,NO_ACTION,NO_ESTABLISHED_EDGE,AMBIG,LONG,7847.0,7815.0,7809.92,37.08,,False,1.6225,0.9722,0.0,False,True,True,False,0.3236,-1.1597,False,False,False,True,-1.1866,SL
2026-08-04T14:55:00,CRUDEOIL,2026-08-04,cycles_resampled,TREND_DOWN,TRAIN,H1_WEAK,NO_ACTION,NO_ESTABLISHED_EDGE,H1_CONT,SHORT,7831.0,7839.0,7853.66,22.66,5.38,True,0.84,0.8182,0.0,False,True,True,False,1.1915,-1.0591,True,False,False,False,-1.1033,SL
2026-08-04T15:25:00,CRUDEOIL,2026-08-04,cycles_resampled,TREND_DOWN,TRAIN,H1_CONT_BLOCKED,NO_ACTION,NO_ESTABLISHED_EDGE,H1_CONT,SHORT,7826.0,7846.0,7853.81,27.81,0.79,True,1.3897,1.0,0.0,False,True,True,False,4.4948,-0.1438,True,True,True,False,2.964,T3
2026-08-04T15:45:00,CRUDEOIL,2026-08-04,cycles_resampled,TREND_DOWN,TRAIN,H7_TRAP,AVOID,SUPPORTED,H7_TRAP,SHORT,7804.0,7804.0,7826.66,22.66,4.91,False,0.6292,0.5455,1.1818,True,False,False,True,0.1765,-1.1474,False,False,False,True,-1.1915,SL
2026-08-04T16:15:00,CRUDEOIL,2026-08-04,cycles_resampled,TREND_DOWN,TRAIN,H1_CONT_BLOCKED,NO_ACTION,NO_ESTABLISHED_EDGE,H1_CONT,SHORT,7718.0,7804.0,7770.01,52.01,0.72,True,1.9608,0.7463,0.0,False,True,True,False,3.4224,-0.4614,True,True,True,False,2.9808,T3
2026-08-04T16:20:00,CRUDEOIL,2026-08-04,cycles_resampled,TREND_DOWN,TRAIN,H1_WEAK,NO_ACTION,NO_ESTABLISHED_EDGE,H1_WEAK,SHORT,7724.0,7804.0,7742.96,18.96,2.3,True,0.312,0.25,0.0,False,True,True,False,3.9557,0.0,True,True,True,False,2.9473,T3
2026-08-04T16:30:00,CRUDEOIL,2026-08-04,cycles_resampled,TREND_DOWN,TRAIN,AMBIGUOUS,NO_ACTION,NO_ESTABLISHED_EDGE,AMBIG,SHORT,7707.0,7701.0,7723.96,16.96,0.35,True,0.4777,0.4062,0.0,False,False,False,False,3.4198,0.0,True,True,True,False,2.941,T3
2026-08-04T16:35:00,CRUDEOIL,2026-08-04,cycles_resampled,TREND_DOWN,TRAIN,H1_CONT_BLOCKED,NO_ACTION,NO_ESTABLISHED_EDGE,H1_CONT,SHORT,7673.0,7680.47,7706.99,33.99,0.32,True,1.0464,0.8788,0.0,False,True,True,False,3.9129,0.0,True,True,True,False,2.9706,T3
2026-08-04T16:45:00,CRUDEOIL,2026-08-04,cycles_resampled,TREND_DOWN,TRAIN,AMBIGUOUS,NO_ACTION,NO_ESTABLISHED_EDGE,AMBIG,SHORT,7629.0,7649.0,7665.05,36.05,,False,1.1922,1.0,0.0,False,True,True,False,4.7434,-0.3051,True,True,True,False,2.9723,T3
2026-08-04T17:05:00,CRUDEOIL,2026-08-04,cycles_resampled,TREND_DOWN,TRAIN,H1_CONT_BLOCKED,NO_ACTION,NO_ESTABLISHED_EDGE,H1_CONT,SHORT,7590.0,7608.0,7636.35,46.35,,True,1.4031,1.0,0.0,False,True,True,False,4.8544,-0.2157,True,True,True,False,2.9784,T3
2026-08-04T17:10:00,CRUDEOIL,2026-08-04,cycles_resampled,TREND_DOWN,TRAIN,H1_CONT_BLOCKED,NO_ACTION,NO_ESTABLISHED_EDGE,H1_CONT,SHORT,7540.0,7590.0,7601.8,61.8,,True,1.6812,0.9667,0.0,False,True,True,False,3.6731,0.0,True,True,True,False,2.9838,T3
2026-08-04T17:15:00,CRUDEOIL,2026-08-04,cycles_resampled,TREND_DOWN,TRAIN,H1_CONT_BLOCKED,NO_ACTION,NO_ESTABLISHED_EDGE,H1_CONT,SHORT,7460.0,7540.0,7527.01,67.01,,True,1.6515,0.9701,0.0,False,True,True,False,3.1189,-0.0149,True,True,True,False,2.9851,T3
2026-08-04T17:20:00,CRUDEOIL,2026-08-04,cycles_resampled,TREND_DOWN,TRAIN,H1_CONT_BLOCKED,NO_ACTION,NO_ESTABLISHED_EDGE,H1_CONT,SHORT,7377.0,7458.0,7463.88,86.88,,True,1.8462,0.875,0.0,False,True,True,False,2.1869,-0.8287,True,True,False,False,1.7726,EOD
2026-08-04T17:25:00,CRUDEOIL,2026-08-04,cycles_resampled,TREND_DOWN,TRAIN,H7_TRAP,AVOID,SUPPORTED,H7_TRAP,SHORT,7313.0,7365.0,7377.89,64.89,,False,1.5026,1.0,1.0,True,False,False,True,0.0,-1.726,False,False,False,True,-1.7414,SL
2026-08-04T17:30:00,CRUDEOIL,2026-08-04,cycles_resampled,TREND_DOWN,TRAIN,H1_WEAK,NO_ACTION,NO_ESTABLISHED_EDGE,H1_CONT,LONG,7377.0,7376.0,7338.89,38.11,6.77,True,0.7237,0.8649,0.0,False,True,True,False,1.8893,-2.0205,True,False,False,False,-2.0467,SL
2026-08-04T17:35:00,CRUDEOIL,2026-08-04,cycles_resampled,TREND_DOWN,TRAIN,H1_WEAK,NO_ACTION,NO_ESTABLISHED_EDGE,H1_WEAK,LONG,7407.0,7377.0,7388.95,18.05,12.63,True,0.3673,0.4857,0.0,False,True,True,False,2.3269,-1.385,True,True,False,False,-1.4404,SL
2026-08-04T18:50:00,CRUDEOIL,2026-08-04,cycles_resampled,TREND_DOWN,TRAIN,H1_CONT_BLOCKED,NO_ACTION,NO_ESTABLISHED_EDGE,H1_CONT,SHORT,7308.0,7313.0,7401.97,93.97,,True,3.3526,0.9192,0.0,False,True,True,False,1.2876,-0.3299,True,False,False,False,0.9045,EOD
2026-08-04T19:00:00,CRUDEOIL,2026-08-04,cycles_resampled,TREND_DOWN,TRAIN,H7_TRAP,AVOID,SUPPORTED,H7_TRAP,LONG,7299.0,7296.0,7249.56,49.44,2.45,False,0.4253,0.25,1.1458,True,False,False,True,0.0,-1.1731,False,False,False,True,-1.1934,SL
2026-08-04T19:05:00,CRUDEOIL,2026-08-04,cycles_resampled,TREND_DOWN,TRAIN,H7_TRAP,AVOID,SUPPORTED,H7_TRAP,SHORT,7241.0,7251.0,7291.47,50.47,,False,1.552,1.0,0.6122,True,False,False,True,0.3963,-1.4068,False,False,False,True,-1.4266,SL
2026-08-04T20:05:00,CRUDEOIL,2026-08-04,cycles_resampled,TREND_DOWN,TRAIN,AMBIGUOUS,NO_ACTION,NO_ESTABLISHED_EDGE,H7_TRAP,LONG,7309.0,7312.0,7274.92,34.08,15.94,True,0.1746,0.1389,0.25,True,False,False,True,0.8803,-1.8779,False,False,False,True,-1.9073,SL
2026-08-04T21:05:00,CRUDEOIL,2026-08-04,cycles_resampled,TREND_DOWN,TRAIN,H1_CONT_BLOCKED,NO_ACTION,NO_ESTABLISHED_EDGE,H1_CONT,SHORT,7208.0,7221.0,7251.47,43.47,,True,1.5191,0.7551,0.0,False,True,True,False,0.4831,-1.0122,False,False,False,True,-1.0352,SL
2026-08-05T11:00:00,CRUDEOIL,2026-08-05,cycles_resampled,CHOP,VALIDATION,AMBIGUOUS,NO_ACTION,NO_ESTABLISHED_EDGE,AMBIG,SHORT,7127.0,7147.0,7160.99,33.99,0.49,False,2.5667,1.0,0.0,False,True,True,False,0.2354,-1.5299,False,False,False,True,-1.5593,SL
2026-08-05T11:40:00,CRUDEOIL,2026-08-05,cycles_resampled,CHOP,VALIDATION,AMBIGUOUS,NO_ACTION,NO_ESTABLISHED_EDGE,H7_TRAP,SHORT,7152.0,7164.0,7174.66,22.66,1.06,False,0.8311,0.5909,0.0455,True,False,False,True,0.5296,-1.2357,False,False,False,True,-1.2798,SL
2026-08-05T11:50:00,CRUDEOIL,2026-08-05,cycles_resampled,CHOP,VALIDATION,H7_TRAP,AVOID,SUPPORTED,H7_TRAP,SHORT,7143.0,7152.0,7162.66,19.66,0.9,False,0.7778,0.6364,1.5,True,False,False,True,0.0,-1.0682,False,False,False,True,-1.119,SL
2026-08-05T12:30:00,CRUDEOIL,2026-08-05,cycles_resampled,CHOP,VALIDATION,H1_WEAK,NO_ACTION,NO_ESTABLISHED_EDGE,H1_WEAK,LONG,7155.0,7153.0,7137.22,17.78,1.0,True,0.2583,0.1923,0.0,False,True,True,False,4.162,0.0,True,True,True,False,2.9438,T3
2026-08-05T12:40:00,CRUDEOIL,2026-08-05,cycles_resampled,CHOP,VALIDATION,H1_CONT_BLOCKED,NO_ACTION,NO_ESTABLISHED_EDGE,H1_CONT,LONG,7229.0,7191.0,7202.22,26.78,,True,1.1592,1.0,0.0,False,True,True,False,2.9126,-1.2323,True,True,False,False,-1.2696,SL
2026-08-05T12:45:00,CRUDEOIL,2026-08-05,cycles_resampled,CHOP,VALIDATION,H1_WEAK,NO_ACTION,NO_ESTABLISHED_EDGE,H1_WEAK,LONG,7235.0,7229.0,7209.25,25.75,,True,0.5796,0.52,0.0,False,True,True,False,2.7961,-1.5146,True,True,False,False,-1.5534,SL
2026-08-05T13:35:00,CRUDEOIL,2026-08-05,cycles_resampled,CHOP,VALIDATION,H7_TRAP,AVOID,SUPPORTED,H7_TRAP,SHORT,7222.0,7238.0,7251.87,29.87,3.81,False,1.4448,1.0,0.6897,True,False,False,True,0.0,-1.2722,False,False,False,True,-1.3057,SL
2026-08-05T13:40:00,CRUDEOIL,2026-08-05,cycles_resampled,CHOP,VALIDATION,H7_LEANING_TRAP,AVOID,SUPPORTED,H7_TRAP,LONG,7250.0,7251.0,7234.25,15.75,0.95,False,0.7167,0.6,0.32,True,False,False,True,1.0794,-1.0794,True,False,False,False,-1.1429,SL
2026-08-05T14:00:00,CRUDEOIL,2026-08-05,cycles_resampled,CHOP,VALIDATION,H1_WEAK,NO_ACTION,NO_ESTABLISHED_EDGE,H1_WEAK,LONG,7257.0,7256.0,7232.1,24.9,0.4,True,0.8116,0.5333,0.0,False,True,True,False,0.9237,-1.004,False,False,False,True,-1.0442,SL
2026-08-05T14:10:00,CRUDEOIL,2026-08-05,cycles_resampled,CHOP,VALIDATION,AMBIGUOUS,NO_ACTION,NO_ESTABLISHED_EDGE,AMBIG,LONG,7266.0,7267.0,7241.25,24.75,0.04,True,0.0505,0.04,0.0,False,False,False,False,0.5657,-1.3737,False,False,False,True,-1.4141,SL
2026-08-05T16:25:00,CRUDEOIL,2026-08-05,cycles_resampled,CHOP,VALIDATION,AMBIGUOUS,NO_ACTION,NO_ESTABLISHED_EDGE,AMBIG,SHORT,7265.0,7272.0,7290.84,25.84,7.14,False,1.7241,0.8929,0.0,False,True,True,False,1.9737,-1.161,True,False,False,False,-1.1997,SL
2026-08-05T17:20:00,CRUDEOIL,2026-08-05,cycles_resampled,CHOP,VALIDATION,H7_TRAP,AVOID,SUPPORTED,H7_TRAP,SHORT,7240.0,7229.0,7255.87,15.87,1.39,True,0.8015,0.5172,1.0,True,False,False,True,0.5041,-1.1342,False,False,False,True,-1.1972,SL
2026-08-05T17:55:00,CRUDEOIL,2026-08-05,cycles_resampled,CHOP,VALIDATION,AMBIGUOUS,NO_ACTION,NO_ESTABLISHED_EDGE,AMBIG,LONG,7260.0,7258.0,7229.95,30.05,1.48,False,1.2043,0.6857,0.0286,True,True,True,False,1.1647,-1.1314,True,False,False,False,-1.1647,SL
2026-08-05T18:00:00,CRUDEOIL,2026-08-05,cycles_resampled,CHOP,VALIDATION,SPIKE_NO_LEVEL,NO_ACTION,NO_ESTABLISHED_EDGE,AMBIG,SHORT,7263.0,,,,,,0.2857,0.1875,,,,,,,,,,,,,
2026-08-05T18:30:00,CRUDEOIL,2026-08-05,cycles_resampled,CHOP,VALIDATION,H1_CONT,CONTINUATION_CANDIDATE,RESEARCH_ONLY_PROMISING,H1_CONT,SHORT,7226.0,7247.0,7258.96,32.96,1.81,True,1.4268,1.0,0.0,False,True,True,False,3.4284,-0.3944,True,True,True,False,2.9697,T3
2026-08-05T19:05:00,CRUDEOIL,2026-08-05,cycles_resampled,CHOP,VALIDATION,AMBIGUOUS,NO_ACTION,NO_ESTABLISHED_EDGE,AMBIG,SHORT,7167.0,7196.0,7210.26,43.26,0.02,False,1.767,0.9286,0.0,False,True,True,False,1.7106,-0.9709,True,False,False,False,1.1789,EOD
2026-08-05T19:20:00,CRUDEOIL,2026-08-05,cycles_resampled,CHOP,VALIDATION,SPIKE_NO_LEVEL,NO_ACTION,NO_ESTABLISHED_EDGE,AMBIG,SHORT,7171.0,,,,,,0.6007,0.52,,,,,,,,,,,,,
2026-08-05T19:25:00,CRUDEOIL,2026-08-05,cycles_resampled,CHOP,VALIDATION,SPIKE_NO_LEVEL,NO_ACTION,NO_ESTABLISHED_EDGE,AMBIG,LONG,7189.0,,,,,,0.8,0.72,,,,,,,,,,,,,
2026-08-05T19:30:00,CRUDEOIL,2026-08-05,cycles_resampled,CHOP,VALIDATION,AMBIGUOUS,NO_ACTION,NO_ESTABLISHED_EDGE,AMBIG,SHORT,7170.0,7155.0,7190.02,20.02,0.19,True,0.7301,0.5,0.0,False,False,False,False,3.1968,0.0,True,True,True,False,2.95,T3
2026-08-05T19:35:00,CRUDEOIL,2026-08-05,cycles_resampled,CHOP,VALIDATION,H1_WEAK,NO_ACTION,NO_ESTABLISHED_EDGE,H1_WEAK,SHORT,7132.0,7155.0,7149.05,17.05,3.17,True,0.6257,0.4571,0.0,False,True,True,False,0.2346,-1.1144,False,False,False,True,-1.173,SL
2026-08-05T20:30:00,CRUDEOIL,2026-08-05,cycles_resampled,CHOP,VALIDATION,H7_TRAP,AVOID,SUPPORTED,H7_TRAP,SHORT,7125.0,7144.0,7153.38,28.38,1.66,False,1.125,0.587,1.2609,True,False,False,True,0.0,-1.6561,False,False,False,True,-1.6913,SL
2026-08-05T20:35:00,CRUDEOIL,2026-08-05,cycles_resampled,CHOP,VALIDATION,AMBIGUOUS,NO_ACTION,NO_ESTABLISHED_EDGE,AMBIG,LONG,7172.0,7170.0,7124.62,47.38,2.8,False,1.7989,1.0,0.0,False,False,False,False,0.7809,-1.0975,False,False,False,True,-1.1186,SL
2026-08-05T22:20:00,CRUDEOIL,2026-08-05,cycles_resampled,CHOP,VALIDATION,AMBIGUOUS,NO_ACTION,NO_ESTABLISHED_EDGE,H7_TRAP,SHORT,7133.0,7128.09,7147.81,14.81,0.33,True,0.8,0.5185,0.1448,True,False,False,True,2.7009,-0.8103,True,True,False,False,1.1479,EOD
2026-08-06T10:30:00,CRUDEOIL,2026-08-06,cycles_resampled,TREND_UP,VALIDATION,H7_TRAP,AVOID,SUPPORTED,H7_TRAP,LONG,7143.0,7133.0,7129.55,13.45,0.19,False,1.4331,0.8667,0.7333,True,True,False,True,0.0,-1.1896,False,False,False,True,-1.2639,SL
2026-08-06T10:40:00,CRUDEOIL,2026-08-06,cycles_resampled,TREND_UP,VALIDATION,H1_WEAK,NO_ACTION,NO_ESTABLISHED_EDGE,H1_CONT,SHORT,7132.0,7138.0,7141.42,9.42,1.38,True,0.9412,0.5714,0.0,False,True,True,False,1.5924,-3.397,True,False,False,False,-3.5032,SL
2026-08-06T10:45:00,CRUDEOIL,2026-08-06,cycles_resampled,TREND_UP,VALIDATION,H7_LEANING_TRAP,AVOID,SUPPORTED,H7_TRAP,SHORT,7122.0,7118.0,7132.45,10.45,0.14,False,1.12,0.6667,0.5333,True,False,False,True,0.3828,-1.8182,False,False,False,True,-1.9139,SL
2026-08-06T11:30:00,CRUDEOIL,2026-08-06,cycles_resampled,TREND_UP,VALIDATION,H1_CONT_BLOCKED,NO_ACTION,NO_ESTABLISHED_EDGE,H1_CONT,LONG,7164.0,7140.0,7135.16,28.84,0.07,True,2.6309,1.0,0.0,False,True,True,False,3.5021,-0.6935,True,True,True,False,2.9653,T3
2026-08-06T11:40:00,CRUDEOIL,2026-08-06,cycles_resampled,TREND_UP,VALIDATION,AMBIGUOUS,NO_ACTION,NO_ESTABLISHED_EDGE,AMBIG,LONG,7193.0,7166.0,7164.16,28.84,,False,2.24,1.0,0.0,False,True,True,False,0.6588,-1.0055,False,False,False,True,-1.0402,SL
2026-08-06T11:45:00,CRUDEOIL,2026-08-06,cycles_resampled,TREND_UP,VALIDATION,SPIKE_NO_LEVEL,NO_ACTION,NO_ESTABLISHED_EDGE,AMBIG,SHORT,7176.0,,,,,,0.9733,0.8667,,,,,,,,,,,,,
2026-08-06T11:50:00,CRUDEOIL,2026-08-06,cycles_resampled,TREND_UP,VALIDATION,AMBIGUOUS,NO_ACTION,NO_ESTABLISHED_EDGE,AMBIG,LONG,7190.0,7141.54,7171.46,18.54,0.16,False,1.3194,1.0,0.0,False,True,True,False,1.1866,-1.4024,True,False,False,False,-1.4563,SL
2026-08-06T12:00:00,CRUDEOIL,2026-08-06,cycles_resampled,TREND_UP,VALIDATION,AMBIGUOUS,NO_ACTION,NO_ESTABLISHED_EDGE,AMBIG,LONG,7192.0,7193.0,7172.34,19.66,0.05,True,1.3234,0.8636,0.0,False,False,False,False,1.0173,-1.4242,True,False,False,False,-1.4751,SL
2026-08-06T12:05:00,CRUDEOIL,2026-08-06,cycles_resampled,TREND_UP,VALIDATION,AMBIGUOUS,NO_ACTION,NO_ESTABLISHED_EDGE,AMBIG,LONG,7205.0,7195.0,7186.37,18.63,,False,1.107,0.8095,0.0,False,True,True,False,0.3757,-1.2882,False,False,False,True,-1.3419,SL
2026-08-06T13:05:00,CRUDEOIL,2026-08-06,cycles_resampled,TREND_UP,VALIDATION,AMBIGUOUS,NO_ACTION,NO_ESTABLISHED_EDGE,H7_TRAP,LONG,7193.0,7190.0,7161.07,31.93,0.6,False,1.7807,0.9355,0.0645,True,False,False,True,1.0022,-1.1901,True,False,False,False,-1.2214,SL
2026-08-06T13:30:00,CRUDEOIL,2026-08-06,cycles_resampled,TREND_UP,VALIDATION,H7_LEANING_TRAP,AVOID,SUPPORTED,H7_TRAP,LONG,7198.0,7200.0,7182.4,15.6,0.9,False,0.4495,0.35,0.5,True,False,False,True,1.7308,-1.4103,True,False,False,False,-1.4744,SL
2026-08-06T13:40:00,CRUDEOIL,2026-08-06,cycles_resampled,TREND_UP,VALIDATION,H7_TRAP,AVOID,SUPPORTED,H1_CONT,LONG,7211.0,7205.0,7188.34,22.66,0.04,True,1.1875,0.8636,1.2727,True,True,True,False,0.6178,-1.5446,False,False,False,True,-1.5887,SL
2026-08-06T13:55:00,CRUDEOIL,2026-08-06,cycles_resampled,TREND_UP,VALIDATION,H1_CONT,CONTINUATION_CANDIDATE,RESEARCH_ONLY_PROMISING,H1_CONT,SHORT,7177.0,7189.0,7208.96,31.96,1.78,True,1.7222,0.9688,0.0,False,True,True,False,1.0325,-1.0013,True,False,False,False,-1.0325,SL
2026-08-06T14:00:00,CRUDEOIL,2026-08-06,cycles_resampled,TREND_UP,VALIDATION,AMBIGUOUS,NO_ACTION,NO_ESTABLISHED_EDGE,AMBIG,SHORT,7160.0,7176.0,7176.63,16.63,2.52,False,0.2745,0.2381,0.0,False,False,False,False,0.9621,-1.383,False,False,False,True,-1.4432,SL
2026-08-06T14:30:00,CRUDEOIL,2026-08-06,cycles_resampled,TREND_UP,VALIDATION,H7_LEANING_TRAP,AVOID,SUPPORTED,H1_CONT,LONG,7182.0,7178.88,7160.34,21.66,1.99,True,1.1136,0.9545,0.3127,True,True,True,False,3.1394,-0.9234,True,True,True,False,2.9538,T3
2026-08-06T15:50:00,CRUDEOIL,2026-08-06,cycles_resampled,TREND_UP,VALIDATION,H7_LEANING_TRAP,AVOID,SUPPORTED,H7_TRAP,LONG,7231.0,7225.0,7214.25,16.75,,False,0.7817,0.44,0.36,True,False,False,True,3.0448,-0.8955,True,True,True,False,2.9403,T3
2026-08-06T17:20:00,CRUDEOIL,2026-08-06,cycles_resampled,TREND_UP,VALIDATION,H7_TRAP,AVOID,SUPPORTED,H7_TRAP,LONG,7265.0,7250.0,7240.28,24.72,,False,2.0137,0.875,1.2083,True,False,False,True,0.0405,-1.7799,False,False,False,True,-1.8204,SL
2026-08-06T17:25:00,CRUDEOIL,2026-08-06,cycles_resampled,TREND_UP,VALIDATION,H7_LEANING_TRAP,AVOID,SUPPORTED,H7_TRAP,SHORT,7221.0,7224.0,7267.35,46.35,2.03,False,3.4615,1.0,0.5333,True,True,False,True,0.1079,-1.0787,False,False,False,True,-1.1003,SL
2026-08-06T17:35:00,CRUDEOIL,2026-08-06,cycles_resampled,TREND_UP,VALIDATION,AMBIGUOUS,NO_ACTION,NO_ESTABLISHED_EDGE,AMBIG,LONG,7248.0,7232.0,7217.04,30.96,0.58,False,1.9811,0.9375,0.0,False,True,True,False,3.3915,-0.4845,True,True,True,False,2.9677,T3
2026-08-06T18:30:00,CRUDEOIL,2026-08-06,cycles_resampled,TREND_UP,VALIDATION,AMBIGUOUS,NO_ACTION,NO_ESTABLISHED_EDGE,AMBIG,LONG,7275.0,7282.0,7261.37,13.63,0.51,True,0.7398,0.619,0.0,False,False,False,False,3.5216,-0.2201,True,True,True,False,2.9266,T3
2026-08-06T18:35:00,CRUDEOIL,2026-08-06,cycles_resampled,TREND_UP,VALIDATION,H7_LEANING_TRAP,AVOID,SUPPORTED,AMBIG,LONG,7300.0,7283.0,7270.47,29.53,,False,1.5556,0.549,0.3333,True,True,True,False,0.4064,-1.1514,False,False,False,True,-1.1852,SL
2026-08-06T19:15:00,CRUDEOIL,2026-08-06,cycles_resampled,TREND_UP,VALIDATION,H7_TRAP,AVOID,SUPPORTED,H7_TRAP,LONG,7270.0,7265.0,7246.31,23.69,0.17,False,1.2778,1.0,0.9565,True,False,False,True,0.0,-1.2241,False,False,False,True,-1.2664,SL
2026-08-06T20:15:00,CRUDEOIL,2026-08-06,cycles_resampled,TREND_UP,VALIDATION,H1_WEAK,NO_ACTION,NO_ESTABLISHED_EDGE,H1_CONT,LONG,7299.0,7289.0,7286.37,12.63,1.9,True,0.7179,0.5714,0.0,False,True,True,False,4.2755,-0.2375,True,True,True,False,2.9208,T3
2026-08-06T20:45:00,CRUDEOIL,2026-08-06,cycles_resampled,TREND_UP,VALIDATION,H1_CONT_BLOCKED,NO_ACTION,NO_ESTABLISHED_EDGE,H1_CONT,LONG,7353.0,7323.0,7322.1,30.9,,True,1.9718,1.0,0.0,False,True,True,False,2.9773,-0.9061,True,True,False,False,0.6796,EOD
2026-08-06T20:55:00,CRUDEOIL,2026-08-06,cycles_resampled,TREND_UP,VALIDATION,AMBIGUOUS,NO_ACTION,NO_ESTABLISHED_EDGE,AMBIG,SHORT,7327.0,7351.0,7355.84,28.84,1.07,False,1.7345,1.0,0.0,False,True,True,False,0.0693,-3.4327,False,False,False,True,-3.4674,SL
2026-08-06T21:20:00,CRUDEOIL,2026-08-06,cycles_resampled,TREND_UP,VALIDATION,AMBIGUOUS,NO_ACTION,NO_ESTABLISHED_EDGE,AMBIG,LONG,7426.0,7359.0,7336.39,89.61,,False,3.8101,0.9885,0.0,False,True,True,False,0.212,-0.7142,False,False,False,False,-0.5803,EOD
2026-08-06T21:25:00,CRUDEOIL,2026-08-06,cycles_resampled,TREND_UP,VALIDATION,SPIKE_NO_LEVEL,NO_ACTION,NO_ESTABLISHED_EDGE,AMBIG,SHORT,7418.0,,,,,,0.6442,0.4412,,,,,,,,,,,,,
2026-08-06T21:50:00,CRUDEOIL,2026-08-06,cycles_resampled,TREND_UP,VALIDATION,H1_WEAK,NO_ACTION,NO_ESTABLISHED_EDGE,H1_CONT,SHORT,7419.0,7435.0,7443.75,24.75,0.36,True,0.814,0.8,0.0,False,True,True,False,0.3636,-1.0101,False,False,False,True,-1.0505,SL
2026-08-06T23:00:00,CRUDEOIL,2026-08-06,cycles_resampled,TREND_UP,VALIDATION,AMBIGUOUS,NO_ACTION,NO_ESTABLISHED_EDGE,AMBIG,SHORT,7370.0,7403.0,7411.2,41.2,6.06,False,2.354,0.95,0.0,False,True,True,False,0.1942,-0.3883,False,False,False,False,-0.0971,EOD
2026-08-07T10:00:00,CRUDEOIL,2026-08-07,cycles_resampled,CHOP,VALIDATION,H1_CONT_BLOCKED,NO_ACTION,NO_ESTABLISHED_EDGE,H1_CONT,SHORT,7469.0,7488.0,7505.05,36.05,0.86,True,2.5138,1.0,0.0,False,True,True,False,3.0791,-0.4716,True,True,True,False,2.9723,T3
2026-08-07T11:30:00,CRUDEOIL,2026-08-07,cycles_resampled,CHOP,VALIDATION,AMBIGUOUS,NO_ACTION,NO_ESTABLISHED_EDGE,AMBIG,SHORT,7424.0,7434.0,7447.69,23.69,,False,1.803,0.7391,0.0,False,True,True,False,3.2503,-0.7598,True,True,True,False,2.9578,T3
2026-08-07T11:35:00,CRUDEOIL,2026-08-07,cycles_resampled,CHOP,VALIDATION,SPIKE_NO_LEVEL,NO_ACTION,NO_ESTABLISHED_EDGE,AMBIG,LONG,7425.0,,,,,,1.1831,0.7059,,,,,,,,,,,,,
2026-08-07T11:50:00,CRUDEOIL,2026-08-07,cycles_resampled,CHOP,VALIDATION,H7_LEANING_TRAP,AVOID,SUPPORTED,H1_WEAK,SHORT,7396.0,7413.0,7419.69,23.69,,True,1.9053,1.0,0.5217,True,True,False,False,0.2533,-1.2241,False,False,False,True,-1.2664,SL
2026-08-07T12:00:00,CRUDEOIL,2026-08-07,cycles_resampled,CHOP,VALIDATION,H1_CONT_BLOCKED,NO_ACTION,NO_ESTABLISHED_EDGE,H1_CONT,LONG,7413.0,7400.0,7389.31,23.69,0.8,True,1.7405,1.0,0.0,False,True,True,False,1.2241,-1.0131,True,False,False,False,-1.0553,SL
2026-08-07T13:00:00,CRUDEOIL,2026-08-07,cycles_resampled,CHOP,VALIDATION,H1_CONT_BLOCKED,NO_ACTION,NO_ESTABLISHED_EDGE,H1_CONT,LONG,7414.0,7404.0,7388.25,25.75,0.78,True,1.5959,0.88,0.0,False,True,True,False,0.5049,-1.0874,False,False,False,True,-1.1262,SL
2026-08-07T13:55:00,CRUDEOIL,2026-08-07,cycles_resampled,CHOP,VALIDATION,H7_TRAP,AVOID,SUPPORTED,H7_TRAP,LONG,7427.0,7427.0,7399.19,27.81,2.46,False,0.9859,0.5556,1.0,True,False,False,True,0.2517,-1.2945,False,False,False,True,-1.3305,SL
2026-08-07T15:05:00,CRUDEOIL,2026-08-07,cycles_resampled,CHOP,VALIDATION,H1_CONT_BLOCKED,NO_ACTION,NO_ESTABLISHED_EDGE,H1_CONT,SHORT,7358.0,7378.0,7382.72,24.72,,True,1.5484,1.0,0.0,False,True,True,False,3.034,-0.3641,True,True,True,False,2.9595,T3
2026-08-07T18:05:00,CRUDEOIL,2026-08-07,cycles_resampled,CHOP,VALIDATION,H1_CONT_BLOCKED,NO_ACTION,NO_ESTABLISHED_EDGE,H1_CONT,SHORT,7302.0,7320.0,7329.81,27.81,0.04,True,1.5172,0.8148,0.0,False,True,True,False,0.6832,-1.0787,False,False,False,True,-1.1147,SL
2026-08-07T18:30:00,CRUDEOIL,2026-08-07,cycles_resampled,CHOP,VALIDATION,AMBIGUOUS,NO_ACTION,NO_ESTABLISHED_EDGE,H7_TRAP,LONG,7310.0,7307.0,7282.19,27.81,6.73,False,0.3904,0.2593,0.1481,True,False,False,True,3.8475,-0.5753,True,True,True,False,2.964,T3
2026-08-07T18:50:00,CRUDEOIL,2026-08-07,cycles_resampled,CHOP,VALIDATION,AMBIGUOUS,NO_ACTION,NO_ESTABLISHED_EDGE,AMBIG,LONG,7327.0,7324.0,7302.13,24.87,6.84,False,1.2263,0.8276,0.0,False,True,True,False,3.6188,-0.6031,True,True,True,False,2.9598,T3
2026-08-07T19:30:00,CRUDEOIL,2026-08-07,cycles_resampled,CHOP,VALIDATION,H1_CONT,CONTINUATION_CANDIDATE,RESEARCH_ONLY_PROMISING,H1_CONT,LONG,7377.0,7355.0,7348.13,28.87,4.16,True,1.6897,0.9655,0.0,False,True,True,False,3.0481,-0.4503,True,True,True,False,2.9654,T3
2026-08-07T19:35:00,CRUDEOIL,2026-08-07,cycles_resampled,CHOP,VALIDATION,AMBIGUOUS,NO_ACTION,NO_ESTABLISHED_EDGE,H7_TRAP,LONG,7412.0,7378.0,7390.22,21.78,3.91,False,1.027,0.7308,0.0769,True,True,False,True,0.3673,-1.6529,False,False,False,True,-1.6988,SL
2026-08-07T19:40:00,CRUDEOIL,2026-08-07,cycles_resampled,CHOP,VALIDATION,SPIKE_NO_LEVEL,NO_ACTION,NO_ESTABLISHED_EDGE,AMBIG,SHORT,7398.0,,,,,,1.1892,0.8148,,,,,,,,,,,,,
2026-08-07T19:45:00,CRUDEOIL,2026-08-07,cycles_resampled,CHOP,VALIDATION,AMBIGUOUS,NO_ACTION,NO_ESTABLISHED_EDGE,AMBIG,SHORT,7376.0,7393.0,7402.78,26.78,1.19,False,1.3582,1.0,0.0,False,True,True,False,0.4481,-1.3443,False,False,False,True,-1.3816,SL
2026-08-07T19:50:00,CRUDEOIL,2026-08-07,cycles_resampled,CHOP,VALIDATION,SPIKE_NO_LEVEL,NO_ACTION,NO_ESTABLISHED_EDGE,AMBIG,LONG,7389.0,,,,,,1.2821,0.9615,,,,,,,,,,,,,
2026-08-07T22:30:00,CRUDEOIL,2026-08-07,cycles_resampled,CHOP,VALIDATION,AMBIGUOUS,NO_ACTION,NO_ESTABLISHED_EDGE,AMBIG,SHORT,7438.0,7437.0,7458.66,20.66,0.05,True,1.5642,0.9091,0.0,False,False,False,False,1.3069,-0.0968,True,False,False,False,0.0,EOD
2026-08-10T10:00:00,CRUDEOIL,2026-08-10,cycles_resampled,TREND_UP,VALIDATION,H7_LEANING_TRAP,AVOID,SUPPORTED,H7_TRAP,SHORT,7492.0,7495.0,7504.36,12.36,,False,1.3,0.9167,0.3333,True,False,False,True,5.178,-0.7282,True,True,True,False,2.9191,T3
2026-08-10T10:10:00,CRUDEOIL,2026-08-10,cycles_resampled,TREND_UP,VALIDATION,AMBIGUOUS,NO_ACTION,NO_ESTABLISHED_EDGE,AMBIG,SHORT,7491.0,7490.0,7501.36,10.36,0.1,False,1.129,0.8333,0.0,False,False,False,False,3.3784,0.0,True,True,True,False,2.9035,T3
2026-08-10T10:20:00,CRUDEOIL,2026-08-10,cycles_resampled,TREND_UP,VALIDATION,H1_WEAK,NO_ACTION,NO_ESTABLISHED_EDGE,H1_CONT,SHORT,7468.0,7485.0,7475.36,7.36,,True,0.7259,0.5833,0.0,False,True,True,False,0.0,-1.6304,False,False,False,True,-1.7663,SL
2026-08-10T10:40:00,CRUDEOIL,2026-08-10,cycles_resampled,TREND_UP,VALIDATION,H7_TRAP,AVOID,SUPPORTED,H7_TRAP,LONG,7482.0,7483.0,7472.55,9.45,0.11,False,0.8456,0.6,1.0,True,False,False,True,0.0,-1.4815,False,False,False,True,-1.5873,SL
2026-08-10T11:20:00,CRUDEOIL,2026-08-10,cycles_resampled,TREND_UP,VALIDATION,H1_CONT_BLOCKED,NO_ACTION,NO_ESTABLISHED_EDGE,H1_CONT,SHORT,7428.0,7456.0,7445.51,17.51,,True,1.4083,1.0,0.0,False,True,True,False,0.7424,-1.4849,False,False,False,True,-1.542,SL
2026-08-10T11:30:00,CRUDEOIL,2026-08-10,cycles_resampled,TREND_UP,VALIDATION,AMBIGUOUS,NO_ACTION,NO_ESTABLISHED_EDGE,AMBIG,LONG,7449.0,7424.0,7416.92,32.08,0.97,False,2.3085,0.8611,0.0,False,True,True,False,3.4289,-0.9663,True,True,True,False,2.9688,T3
2026-08-10T11:45:00,CRUDEOIL,2026-08-10,cycles_resampled,TREND_UP,VALIDATION,H1_WEAK,NO_ACTION,NO_ESTABLISHED_EDGE,H1_CONT,SHORT,7437.0,7441.0,7450.42,13.42,1.64,True,0.9333,0.9286,0.0,False,True,True,False,1.4158,-1.6393,True,False,False,False,-1.7139,SL
2026-08-10T12:10:00,CRUDEOIL,2026-08-10,cycles_resampled,TREND_UP,VALIDATION,AMBIGUOUS,NO_ACTION,NO_ESTABLISHED_EDGE,AMBIG,LONG,7429.0,7423.0,7417.58,11.42,0.79,False,0.77,0.7857,0.0,False,True,True,False,4.9912,-0.5254,True,True,True,False,2.9124,T3
2026-08-10T12:25:00,CRUDEOIL,2026-08-10,cycles_resampled,TREND_UP,VALIDATION,H7_TRAP,AVOID,SUPPORTED,H7_TRAP,SHORT,7424.0,7438.0,7441.51,17.51,0.34,False,1.0968,1.0,2.0,True,False,False,True,0.0571,-1.9989,False,False,False,True,-2.056,SL
2026-08-10T12:30:00,CRUDEOIL,2026-08-10,cycles_resampled,TREND_UP,VALIDATION,H1_CONT,CONTINUATION_CANDIDATE,RESEARCH_ONLY_PROMISING,H1_CONT,LONG,7457.0,7446.0,7421.92,35.08,1.68,True,2.1156,0.9444,0.0,False,True,True,False,0.8267,-1.0547,False,False,False,True,-1.0832,SL
2026-08-10T12:35:00,CRUDEOIL,2026-08-10,cycles_resampled,TREND_UP,VALIDATION,SPIKE_NO_LEVEL,NO_ACTION,NO_ESTABLISHED_EDGE,AMBIG,SHORT,7472.0,,,,,,0.0,0.0,,,,,,,,,,,,,
2026-08-10T12:50:00,CRUDEOIL,2026-08-10,cycles_resampled,TREND_UP,VALIDATION,H7_LEANING_TRAP,AVOID,SUPPORTED,H7_TRAP,SHORT,7453.0,7450.06,7479.87,26.87,0.11,True,1.5359,0.8966,0.3428,True,False,False,True,1.2281,-1.0421,True,False,False,False,-1.0793,SL
2026-08-10T12:55:00,CRUDEOIL,2026-08-10,cycles_resampled,TREND_UP,VALIDATION,H7_LEANING_TRAP,AVOID,SUPPORTED,H7_TRAP,SHORT,7441.0,7450.0,7466.75,25.75,1.01,False,0.8537,0.6,0.4,True,False,False,True,0.8155,-1.2039,False,False,False,True,-1.2427,SL
2026-08-10T13:05:00,CRUDEOIL,2026-08-10,cycles_resampled,TREND_UP,VALIDATION,H7_LEANING_TRAP,AVOID,SUPPORTED,H7_TRAP,LONG,7460.0,7451.0,7443.49,16.51,1.45,False,0.8682,0.9412,0.3529,True,False,False,True,0.0,-2.4228,False,False,False,True,-2.4833,SL
2026-08-10T13:15:00,CRUDEOIL,2026-08-10,cycles_resampled,TREND_UP,VALIDATION,SPIKE_NO_LEVEL,NO_ACTION,NO_ESTABLISHED_EDGE,AMBIG,LONG,7445.0,,,,,,0.4043,0.32,,,,,,,,,,,,,
2026-08-10T13:35:00,CRUDEOIL,2026-08-10,cycles_resampled,TREND_UP,VALIDATION,AMBIGUOUS,NO_ACTION,NO_ESTABLISHED_EDGE,AMBIG,LONG,7465.0,7459.0,7447.49,17.51,2.91,True,0.5344,0.5882,0.0,False,False,False,False,3.9406,-0.7995,True,True,True,False,2.9429,T3
2026-08-10T13:50:00,CRUDEOIL,2026-08-10,cycles_resampled,TREND_UP,VALIDATION,H1_CONT_BLOCKED,NO_ACTION,NO_ESTABLISHED_EDGE,H1_CONT,LONG,7477.0,7472.0,7458.34,18.66,0.38,True,1.05,0.8182,0.0,False,True,True,False,3.0547,-0.911,True,True,True,False,2.9464,T3
2026-08-10T13:55:00,CRUDEOIL,2026-08-10,cycles_resampled,TREND_UP,VALIDATION,H1_CONT_BLOCKED,NO_ACTION,NO_ESTABLISHED_EDGE,H1_CONT,LONG,7484.0,7481.0,7459.28,24.72,0.0,True,1.344,1.0,0.0,False,True,True,False,3.034,-0.0809,True,True,True,False,2.9595,T3
2026-08-10T14:00:00,CRUDEOIL,2026-08-10,cycles_resampled,TREND_UP,VALIDATION,H1_CONT_BLOCKED,NO_ACTION,NO_ESTABLISHED_EDGE,H1_CONT,LONG,7511.0,7484.06,7481.04,29.96,0.2,True,1.6371,0.9062,0.0,False,True,True,False,1.6021,-1.0013,True,False,False,False,-1.0347,SL
2026-08-10T14:50:00,CRUDEOIL,2026-08-10,cycles_resampled,TREND_UP,VALIDATION,AMBIGUOUS,NO_ACTION,NO_ESTABLISHED_EDGE,AMBIG,SHORT,7503.0,7521.0,7526.75,23.75,3.52,False,1.15,0.92,0.12,True,True,True,False,0.2526,-1.1789,False,False,False,True,-1.2211,SL
2026-08-10T16:05:00,CRUDEOIL,2026-08-10,cycles_resampled,TREND_UP,VALIDATION,H1_CONT_BLOCKED,NO_ACTION,NO_ESTABLISHED_EDGE,H1_CONT,LONG,7550.0,7533.5,7526.31,23.69,0.38,True,1.4977,1.0,0.0,False,True,True,False,3.4192,-0.802,True,True,True,False,2.9578,T3
2026-08-10T18:25:00,CRUDEOIL,2026-08-10,cycles_resampled,TREND_UP,VALIDATION,AMBIGUOUS,NO_ACTION,NO_ESTABLISHED_EDGE,AMBIG,SHORT,7597.0,7596.0,7612.69,15.69,1.21,True,1.1053,0.6522,0.0,False,False,False,False,2.6131,-1.0835,True,True,False,False,-1.1472,SL
2026-08-10T18:30:00,CRUDEOIL,2026-08-10,cycles_resampled,TREND_UP,VALIDATION,AMBIGUOUS,NO_ACTION,NO_ESTABLISHED_EDGE,H7_TRAP,SHORT,7564.0,7578.0,7584.75,20.75,6.49,False,1.2963,0.8,0.28,True,False,False,True,0.0,-1.0602,False,False,False,True,-1.1084,SL
2026-08-10T18:35:00,CRUDEOIL,2026-08-10,cycles_resampled,TREND_UP,VALIDATION,H7_TRAP,AVOID,SUPPORTED,H7_TRAP,LONG,7585.0,7584.0,7563.34,21.66,1.25,False,1.2783,0.9545,0.7273,True,False,False,True,0.277,-1.3389,False,False,False,True,-1.385,SL
2026-08-10T19:00:00,CRUDEOIL,2026-08-10,cycles_resampled,TREND_UP,VALIDATION,H1_CONT_BLOCKED,NO_ACTION,NO_ESTABLISHED_EDGE,H1_CONT,LONG,7608.0,7591.0,7586.34,21.66,0.18,True,1.0849,0.9545,0.0,False,True,True,False,4.1551,-0.1385,True,True,True,False,2.9538,T3
2026-08-10T19:20:00,CRUDEOIL,2026-08-10,cycles_resampled,TREND_UP,VALIDATION,H1_CONT_BLOCKED,NO_ACTION,NO_ESTABLISHED_EDGE,H1_CONT,LONG,7691.0,7663.0,7662.98,28.02,,True,1.2642,0.7941,0.0,False,True,True,False,0.8208,-1.2491,False,False,False,True,-1.2848,SL
2026-08-10T19:25:00,CRUDEOIL,2026-08-10,cycles_resampled,TREND_UP,VALIDATION,H7_LEANING_TRAP,AVOID,SUPPORTED,H7_TRAP,LONG,7714.0,7698.0,7683.1,30.9,,False,1.3084,1.0,0.4,True,False,False,True,0.0,-1.6181,False,False,False,True,-1.6505,SL
2026-08-10T19:45:00,CRUDEOIL,2026-08-10,cycles_resampled,TREND_UP,VALIDATION,H1_CONT,CONTINUATION_CANDIDATE,RESEARCH_ONLY_PROMISING,H1_CONT,SHORT,7664.0,7685.0,7688.72,24.72,9.69,True,1.0769,1.0,0.0,False,True,True,False,0.3236,-1.2136,False,False,False,True,-1.254,SL
2026-08-10T22:00:00,CRUDEOIL,2026-08-10,cycles_resampled,TREND_UP,VALIDATION,H1_CONT_BLOCKED,NO_ACTION,NO_ESTABLISHED_EDGE,H1_CONT,LONG,7749.0,7742.0,7728.31,20.69,0.39,True,1.3725,0.8696,0.0,False,True,True,False,3.1416,-0.29,True,True,True,False,2.9517,T3
2026-08-11T10:05:00,CRUDEOIL,2026-08-11,cycles_resampled,CHOP,VALIDATION,H1_CONT_BLOCKED,NO_ACTION,NO_ESTABLISHED_EDGE,H1_CONT,LONG,7838.0,7828.0,7825.49,12.51,0.56,True,1.6634,0.7059,0.0,False,True,True,False,3.1175,0.0,True,True,True,False,2.9201,T3
2026-08-11T10:35:00,CRUDEOIL,2026-08-11,cycles_resampled,CHOP,VALIDATION,AMBIGUOUS,NO_ACTION,NO_ESTABLISHED_EDGE,AMBIG,LONG,7854.0,7856.0,7845.64,8.36,0.24,True,0.9825,0.6667,0.0,False,False,False,False,2.8708,-1.3158,True,True,False,False,-1.4354,SL
2026-08-11T10:50:00,CRUDEOIL,2026-08-11,cycles_resampled,CHOP,VALIDATION,SPIKE_NO_LEVEL,NO_ACTION,NO_ESTABLISHED_EDGE,AMBIG,SHORT,7869.0,,,,,,0.4341,0.3333,,,,,,,,,,,,,
2026-08-11T11:00:00,CRUDEOIL,2026-08-11,cycles_resampled,CHOP,VALIDATION,H7_TRAP,AVOID,SUPPORTED,H7_TRAP,LONG,7870.0,7877.0,7862.55,7.45,0.94,False,0.6806,0.4667,1.8667,True,False,False,True,0.1342,-2.4161,False,False,False,True,-2.5503,SL
2026-08-11T11:05:00,CRUDEOIL,2026-08-11,cycles_resampled,CHOP,VALIDATION,H7_TRAP,AVOID,SUPPORTED,AMBIG,SHORT,7852.0,7861.0,7871.57,19.57,1.41,False,1.7273,1.0,0.6842,True,True,False,False,0.4599,-1.2775,False,False,False,True,-1.3286,SL
2026-08-11T11:30:00,CRUDEOIL,2026-08-11,cycles_resampled,CHOP,VALIDATION,H7_TRAP,AVOID,SUPPORTED,H7_TRAP,SHORT,7858.0,7868.0,7876.54,18.54,0.81,False,1.037,0.6667,1.5556,True,True,False,True,0.0,-1.2406,False,False,False,True,-1.2945,SL
2026-08-11T11:45:00,CRUDEOIL,2026-08-11,cycles_resampled,CHOP,VALIDATION,AMBIGUOUS,NO_ACTION,NO_ESTABLISHED_EDGE,AMBIG,LONG,7896.0,7881.0,7874.37,21.63,,False,1.4301,0.9048,0.0,False,True,True,False,3.3287,-0.7397,True,True,True,False,2.9538,T3
2026-08-11T12:00:00,CRUDEOIL,2026-08-11,cycles_resampled,CHOP,VALIDATION,AMBIGUOUS,NO_ACTION,NO_ESTABLISHED_EDGE,AMBIG,LONG,7960.0,7896.0,7898.2,61.8,,False,3.1111,0.9,0.0,False,True,True,False,1.8447,-2.2168,True,False,False,False,-2.233,SL
2026-08-11T12:10:00,CRUDEOIL,2026-08-11,cycles_resampled,CHOP,VALIDATION,H1_CONT_BLOCKED,NO_ACTION,NO_ESTABLISHED_EDGE,H1_CONT,LONG,7975.0,7968.0,7950.28,24.72,,True,1.2923,1.0,0.0,False,True,True,False,3.479,-0.9304,True,True,True,False,2.9595,T3
2026-08-11T12:20:00,CRUDEOIL,2026-08-11,cycles_resampled,CHOP,VALIDATION,H7_TRAP,AVOID,SUPPORTED,H7_TRAP,LONG,7986.0,7989.0,7971.43,14.57,0.21,False,0.2642,0.2632,1.3158,True,False,False,True,0.2745,-1.304,False,False,False,True,-1.3727,SL
2026-08-11T12:35:00,CRUDEOIL,2026-08-11,cycles_resampled,CHOP,VALIDATION,H1_WEAK,NO_ACTION,NO_ESTABLISHED_EDGE,H1_WEAK,LONG,7964.0,7870.96,7951.22,12.78,2.11,True,0.1505,0.1154,0.0,False,True,True,False,3.9124,0.0,True,True,True,False,2.9218,T3
2026-08-11T12:50:00,CRUDEOIL,2026-08-11,cycles_resampled,CHOP,VALIDATION,AMBIGUOUS,NO_ACTION,NO_ESTABLISHED_EDGE,H7_TRAP,LONG,8013.0,7991.0,7989.28,23.72,,False,1.0441,0.9167,0.1667,True,False,False,True,0.0,-1.0961,False,False,False,True,-1.1383,SL
2026-08-11T13:15:00,CRUDEOIL,2026-08-11,cycles_resampled,CHOP,VALIDATION,H1_WEAK,NO_ACTION,NO_ESTABLISHED_EDGE,H1_CONT,LONG,8000.0,7997.0,7984.4,15.6,0.51,True,0.8108,0.75,0.0,False,True,True,False,3.141,0.0,True,True,True,False,2.9359,T3
2026-08-11T15:00:00,CRUDEOIL,2026-08-11,cycles_resampled,CHOP,VALIDATION,AMBIGUOUS,NO_ACTION,NO_ESTABLISHED_EDGE,AMBIG,SHORT,8020.0,8045.0,8038.66,18.66,10.63,False,1.1613,0.8182,0.0,False,True,True,False,0.0,-1.179,False,False,False,True,-1.2326,SL
2026-08-11T15:15:00,CRUDEOIL,2026-08-11,cycles_resampled,CHOP,VALIDATION,SPIKE_NO_LEVEL,NO_ACTION,NO_ESTABLISHED_EDGE,AMBIG,SHORT,8042.0,,,,,,1.0818,0.8947,,,,,,,,,,,,,
2026-08-11T15:50:00,CRUDEOIL,2026-08-11,cycles_resampled,CHOP,VALIDATION,H1_CONT,CONTINUATION_CANDIDATE,RESEARCH_ONLY_PROMISING,H1_CONT,SHORT,8004.0,8014.0,8029.87,25.87,7.05,True,1.4831,0.8621,0.0,False,True,True,False,6.9965,0.0,True,True,True,False,2.9613,T3
2026-08-11T15:55:00,CRUDEOIL,2026-08-11,cycles_resampled,CHOP,VALIDATION,H1_CONT,CONTINUATION_CANDIDATE,RESEARCH_ONLY_PROMISING,H1_CONT,SHORT,7969.0,8000.0,8000.32,31.32,4.7,True,1.5273,0.6818,0.0,False,True,True,False,4.6616,-0.6386,True,True,True,False,2.9681,T3
2026-08-11T16:15:00,CRUDEOIL,2026-08-11,cycles_resampled,CHOP,VALIDATION,AMBIGUOUS,NO_ACTION,NO_ESTABLISHED_EDGE,AMBIG,SHORT,7961.0,7974.0,7985.72,24.72,5.64,False,1.3228,1.0,0.0,False,True,True,False,5.5825,-0.4045,True,True,True,False,2.9595,T3
2026-08-11T16:30:00,CRUDEOIL,2026-08-11,cycles_resampled,CHOP,VALIDATION,AMBIGUOUS,NO_ACTION,NO_ESTABLISHED_EDGE,AMBIG,SHORT,7823.0,7946.0,7966.17,143.17,0.01,False,5.0341,0.9856,0.0,False,True,True,False,0.5099,-0.8871,False,False,False,False,-0.8521,EOD
2026-08-11T16:50:00,CRUDEOIL,2026-08-11,cycles_resampled,CHOP,VALIDATION,AMBIGUOUS,NO_ACTION,NO_ESTABLISHED_EDGE,H1_CONT,LONG,7839.0,7819.0,7802.86,36.14,3.65,True,1.1722,0.9211,0.2368,True,True,True,False,1.3005,-1.0238,True,False,False,False,-1.0515,SL
2026-08-11T17:05:00,CRUDEOIL,2026-08-11,cycles_resampled,CHOP,VALIDATION,AMBIGUOUS,NO_ACTION,NO_ESTABLISHED_EDGE,H7_TRAP,SHORT,7810.0,7840.0,7848.11,38.11,0.37,False,1.2854,1.0,0.027,True,True,False,True,0.0,-1.1808,False,False,False,True,-1.207,SL
2026-08-11T17:35:00,CRUDEOIL,2026-08-11,cycles_resampled,CHOP,VALIDATION,H7_TRAP,AVOID,SUPPORTED,H7_TRAP,SHORT,7829.0,7835.0,7853.72,24.72,0.77,False,0.7316,0.9167,2.0833,True,True,False,True,0.8091,-2.2654,False,False,False,True,-2.3058,SL
2026-08-11T17:50:00,CRUDEOIL,2026-08-11,cycles_resampled,CHOP,VALIDATION,AMBIGUOUS,NO_ACTION,NO_ESTABLISHED_EDGE,AMBIG,LONG,7885.0,7855.0,7840.71,44.29,2.75,False,1.7178,0.9302,0.1163,True,True,True,False,0.0226,-1.874,False,False,False,True,-1.8966,SL
2026-08-11T18:30:00,CRUDEOIL,2026-08-11,cycles_resampled,CHOP,VALIDATION,AMBIGUOUS,NO_ACTION,NO_ESTABLISHED_EDGE,AMBIG,SHORT,7814.0,7848.0,7874.1,60.1,0.3,False,2.7067,0.8286,0.0,False,True,True,False,1.0649,-1.1814,True,False,False,False,-1.198,SL
2026-08-11T18:45:00,CRUDEOIL,2026-08-11,cycles_resampled,CHOP,VALIDATION,H7_LEANING_TRAP,AVOID,SUPPORTED,H7_TRAP,SHORT,7792.0,7793.0,7805.81,13.81,,False,0.4286,0.3333,0.3704,True,False,False,True,0.0,-1.5206,False,False,False,True,-1.593,SL
2026-08-11T19:00:00,CRUDEOIL,2026-08-11,cycles_resampled,CHOP,VALIDATION,H7_TRAP,AVOID,SUPPORTED,H7_TRAP,LONG,7803.0,7793.0,7773.13,29.87,0.33,False,1.4097,1.0,1.4828,True,False,False,True,0.2343,-1.7744,False,False,False,True,-1.8078,SL
2026-08-11T19:05:00,CRUDEOIL,2026-08-11,cycles_resampled,CHOP,VALIDATION,SPIKE_NO_LEVEL,NO_ACTION,NO_ESTABLISHED_EDGE,AMBIG,SHORT,7790.0,,,,,,0.9524,0.8,,,,,,,,,,,,,
2026-08-11T19:20:00,CRUDEOIL,2026-08-11,cycles_resampled,CHOP,VALIDATION,AMBIGUOUS,NO_ACTION,NO_ESTABLISHED_EDGE,H7_TRAP,LONG,7779.0,7771.0,7752.22,26.78,1.16,False,1.1131,1.0,0.0769,True,False,False,True,3.286,-0.5975,True,True,True,False,2.9627,T3
2026-08-11T21:00:00,CRUDEOIL,2026-08-11,cycles_resampled,CHOP,VALIDATION,AMBIGUOUS,NO_ACTION,NO_ESTABLISHED_EDGE,AMBIG,LONG,7919.0,7879.0,7877.8,41.2,1.39,False,2.0896,1.0,0.0,False,True,True,False,0.7524,-0.4854,False,False,False,False,0.6311,EOD
2026-08-11T21:30:00,CRUDEOIL,2026-08-11,cycles_resampled,CHOP,VALIDATION,H1_WEAK,NO_ACTION,NO_ESTABLISHED_EDGE,H1_CONT,SHORT,7927.0,7930.0,7942.72,15.72,11.04,True,0.7581,0.625,0.0,False,True,True,False,1.7812,-1.2087,True,False,False,False,-1.2723,SL
2026-08-12T10:10:00,CRUDEOIL,2026-08-12,cycles_resampled,CHOP,VALIDATION,AMBIGUOUS,NO_ACTION,NO_ESTABLISHED_EDGE,AMBIG,SHORT,7996.0,8008.0,8008.51,12.51,,False,1.0694,0.6471,0.0,False,True,True,False,0.9592,-1.3589,False,False,False,True,-1.4388,SL
2026-08-12T10:50:00,CRUDEOIL,2026-08-12,cycles_resampled,CHOP,VALIDATION,AMBIGUOUS,NO_ACTION,NO_ESTABLISHED_EDGE,AMBIG,SHORT,7997.0,8003.0,8011.42,14.42,0.21,False,0.8,0.5714,0.0,False,True,True,False,1.6644,-1.1789,True,False,False,False,-1.2483,SL
2026-08-12T11:05:00,CRUDEOIL,2026-08-12,cycles_resampled,CHOP,VALIDATION,AMBIGUOUS,NO_ACTION,NO_ESTABLISHED_EDGE,AMBIG,LONG,7984.0,7985.0,7973.61,10.39,2.6,True,0.3544,0.3077,0.0,False,False,False,False,4.1386,-0.1925,True,True,True,False,2.9038,T3
2026-08-12T11:15:00,CRUDEOIL,2026-08-12,cycles_resampled,CHOP,VALIDATION,H1_CONT_BLOCKED,NO_ACTION,NO_ESTABLISHED_EDGE,H1_CONT,LONG,8003.0,7990.0,7981.37,21.63,0.37,True,1.0833,0.619,0.0,False,True,True,False,1.1096,-1.0171,True,False,False,False,-1.0633,SL
2026-08-12T11:20:00,CRUDEOIL,2026-08-12,cycles_resampled,CHOP,VALIDATION,AMBIGUOUS,NO_ACTION,NO_ESTABLISHED_EDGE,H7_TRAP,LONG,8010.0,8011.0,7999.58,10.42,0.1,True,0.8642,0.7143,0.1429,True,False,False,True,1.6315,-1.2476,True,False,False,False,-1.3436,SL
2026-08-12T11:30:00,CRUDEOIL,2026-08-12,cycles_resampled,CHOP,VALIDATION,AMBIGUOUS,NO_ACTION,NO_ESTABLISHED_EDGE,H7_TRAP,SHORT,8009.0,8015.0,8023.6,14.6,1.34,False,1.095,0.7,0.1,True,False,False,True,3.1507,-0.6849,True,True,True,False,2.9315,T3
2026-08-12T11:45:00,CRUDEOIL,2026-08-12,cycles_resampled,CHOP,VALIDATION,AMBIGUOUS,NO_ACTION,NO_ESTABLISHED_EDGE,AMBIG,SHORT,7997.0,8003.0,8012.45,15.45,0.39,False,1.1111,1.0,0.0,False,True,True,False,2.2006,-1.1003,True,True,False,False,-1.165,SL
2026-08-12T11:50:00,CRUDEOIL,2026-08-12,cycles_resampled,CHOP,VALIDATION,SPIKE_NO_LEVEL,NO_ACTION,NO_ESTABLISHED_EDGE,AMBIG,LONG,8002.0,,,,,,0.1429,0.125,,,,,,,,,,,,,
2026-08-12T12:00:00,CRUDEOIL,2026-08-12,cycles_resampled,CHOP,VALIDATION,AMBIGUOUS,NO_ACTION,NO_ESTABLISHED_EDGE,H7_TRAP,SHORT,7981.0,7990.97,8007.78,26.78,0.3,True,1.7333,1.0,0.2704,True,True,False,True,0.6721,-1.2323,False,False,False,True,-1.2696,SL
2026-08-12T12:10:00,CRUDEOIL,2026-08-12,cycles_resampled,CHOP,VALIDATION,AMBIGUOUS,NO_ACTION,NO_ESTABLISHED_EDGE,H7_TRAP,LONG,7998.0,7976.0,7967.1,30.9,0.39,False,1.6293,0.9,0.2,True,False,False,True,0.0,-1.1327,False,False,False,True,-1.165,SL
2026-08-12T12:25:00,CRUDEOIL,2026-08-12,cycles_resampled,CHOP,VALIDATION,H1_WEAK,NO_ACTION,NO_ESTABLISHED_EDGE,H1_CONT,LONG,7992.0,7974.0,7972.43,19.57,0.31,True,0.84,0.7895,0.0,False,True,True,False,1.4819,-1.1753,True,False,False,False,-1.2264,SL
2026-08-12T12:30:00,CRUDEOIL,2026-08-12,cycles_resampled,CHOP,VALIDATION,H1_WEAK,NO_ACTION,NO_ESTABLISHED_EDGE,H1_WEAK,LONG,8004.0,7998.0,7994.43,9.57,2.47,True,0.4884,0.4737,0.0,False,True,True,False,0.9404,-1.5674,False,False,False,True,-1.6719,SL
2026-08-12T13:25:00,CRUDEOIL,2026-08-12,cycles_resampled,CHOP,VALIDATION,SPIKE_NO_LEVEL,NO_ACTION,NO_ESTABLISHED_EDGE,AMBIG,SHORT,8002.0,,,,,,1.1798,0.7895,,,,,,,,,,,,,
2026-08-12T13:55:00,CRUDEOIL,2026-08-12,cycles_resampled,CHOP,VALIDATION,H7_LEANING_TRAP,AVOID,SUPPORTED,H7_TRAP,SHORT,7955.0,7963.0,7981.78,26.78,,False,1.4213,0.7692,0.5,True,False,False,True,0.0,-1.3069,False,False,False,True,-1.3443,SL
2026-08-12T14:05:00,CRUDEOIL,2026-08-12,cycles_resampled,CHOP,VALIDATION,AMBIGUOUS,NO_ACTION,NO_ESTABLISHED_EDGE,AMBIG,SHORT,7965.0,7983.09,7990.75,25.75,0.39,False,1.1121,0.68,0.0,False,True,True,False,3.6505,-0.4272,True,True,True,False,2.9612,T3
2026-08-12T14:20:00,CRUDEOIL,2026-08-12,cycles_resampled,CHOP,VALIDATION,H7_LEANING_TRAP,AVOID,SUPPORTED,H7_TRAP,SHORT,7951.0,7955.0,7972.78,21.78,,False,1.2838,0.8077,0.5385,True,False,False,True,3.6731,-0.8724,True,True,True,False,2.9541,T3
2026-08-12T14:25:00,CRUDEOIL,2026-08-12,cycles_resampled,CHOP,VALIDATION,SPIKE_NO_LEVEL,NO_ACTION,NO_ESTABLISHED_EDGE,AMBIG,LONG,7969.0,,,,,,1.3884,1.0,,,,,,,,,,,,,
2026-08-12T14:50:00,CRUDEOIL,2026-08-12,cycles_resampled,CHOP,VALIDATION,H1_CONT_BLOCKED,NO_ACTION,NO_ESTABLISHED_EDGE,H1_CONT,SHORT,7894.0,7943.0,7954.77,60.77,,True,2.5724,0.8814,0.0,False,True,True,False,0.4114,-1.1683,False,False,False,True,-1.1848,SL
2026-08-12T15:00:00,CRUDEOIL,2026-08-12,cycles_resampled,CHOP,VALIDATION,SPIKE_NO_LEVEL,NO_ACTION,NO_ESTABLISHED_EDGE,AMBIG,LONG,7900.0,,,,,,0.7047,0.5172,,,,,,,,,,,,,
2026-08-12T15:20:00,CRUDEOIL,2026-08-12,cycles_resampled,CHOP,VALIDATION,AMBIGUOUS,NO_ACTION,NO_ESTABLISHED_EDGE,AMBIG,LONG,7916.0,7892.0,7867.53,48.47,0.76,False,1.6258,0.7347,0.0,False,True,True,False,1.6299,-1.0109,True,False,False,False,-1.0316,SL
2026-08-12T16:15:00,CRUDEOIL,2026-08-12,cycles_resampled,CHOP,VALIDATION,H1_CONT,CONTINUATION_CANDIDATE,RESEARCH_ONLY_PROMISING,H1_CONT,LONG,7965.0,7932.0,7909.38,55.62,1.12,True,2.0949,0.7593,0.0,False,True,True,False,0.5394,-1.3125,False,False,False,True,-1.3305,SL
2026-08-12T18:05:00,CRUDEOIL,2026-08-12,cycles_resampled,CHOP,VALIDATION,H1_CONT_BLOCKED,NO_ACTION,NO_ESTABLISHED_EDGE,H1_CONT,SHORT,7961.0,7972.0,7983.81,22.81,0.35,True,1.5248,0.8148,0.0,False,True,True,False,3.025,-0.3069,True,True,True,False,2.9562,T3
2026-08-12T18:45:00,CRUDEOIL,2026-08-12,cycles_resampled,CHOP,VALIDATION,H7_TRAP,AVOID,SUPPORTED,H7_TRAP,SHORT,7889.0,7890.0,7911.66,22.66,0.88,False,1.3023,0.9091,0.6818,True,False,False,True,0.4413,-1.3239,False,False,False,True,-1.368,SL
2026-08-12T19:00:00,CRUDEOIL,2026-08-12,cycles_resampled,CHOP,VALIDATION,H1_WEAK,NO_ACTION,NO_ESTABLISHED_EDGE,H1_WEAK,SHORT,7903.0,7949.18,7919.66,16.66,1.44,True,0.3443,0.2727,0.0,False,True,True,False,2.1609,-1.3205,True,True,False,False,-1.3806,SL
2026-08-12T19:40:00,CRUDEOIL,2026-08-12,cycles_resampled,CHOP,VALIDATION,AMBIGUOUS,NO_ACTION,NO_ESTABLISHED_EDGE,AMBIG,LONG,7904.0,7889.0,7875.16,28.84,4.28,False,1.7043,1.0,0.0,False,True,True,False,2.0111,-0.9362,True,True,False,False,0.9709,EOD
2026-08-12T20:00:00,CRUDEOIL,2026-08-12,cycles_resampled,CHOP,VALIDATION,SPIKE_NO_LEVEL,NO_ACTION,NO_ESTABLISHED_EDGE,AMBIG,LONG,7898.0,,,,,,1.2,0.84,,,,,,,,,,,,,
2026-08-12T20:15:00,CRUDEOIL,2026-08-12,cycles_resampled,CHOP,VALIDATION,AMBIGUOUS,NO_ACTION,NO_ESTABLISHED_EDGE,AMBIG,LONG,7912.0,7907.0,7886.25,25.75,0.16,False,0.9407,0.68,0.0,False,True,True,False,1.9417,-0.3107,True,False,False,False,0.7767,EOD
2026-08-12T20:30:00,CRUDEOIL,2026-08-12,cycles_resampled,CHOP,VALIDATION,AMBIGUOUS,NO_ACTION,NO_ESTABLISHED_EDGE,AMBIG,LONG,7939.0,7926.0,7911.19,27.81,3.17,False,1.0448,0.7407,0.0,False,True,True,False,0.827,-1.2226,False,False,False,True,-1.2585,SL
2026-08-12T21:30:00,CRUDEOIL,2026-08-12,cycles_resampled,CHOP,VALIDATION,H7_TRAP,AVOID,SUPPORTED,H7_TRAP,SHORT,7929.0,7925.45,7950.75,21.75,0.16,False,1.3738,0.84,0.822,True,False,False,True,1.1494,-1.1494,True,False,False,False,-1.1954,SL
2026-08-12T22:45:00,CRUDEOIL,2026-08-12,cycles_resampled,CHOP,VALIDATION,H7_TRAP,AVOID,SUPPORTED,H7_TRAP,LONG,7948.0,7944.0,7923.1,24.9,3.03,False,1.8983,0.8,1.1667,True,False,False,True,0.0,-1.6466,False,False,False,True,-1.6867,SL
2026-08-12T22:50:00,CRUDEOIL,2026-08-12,cycles_resampled,CHOP,VALIDATION,AMBIGUOUS,NO_ACTION,NO_ESTABLISHED_EDGE,AMBIG,SHORT,7909.0,7921.68,7945.11,36.11,0.14,False,2.4747,0.9459,0.1978,True,True,True,False,0.1108,-0.8031,False,False,False,False,-0.6369,EOD
2026-08-13T22:00:00,CRUDEOIL,2026-08-13,live_candles,CHOP,VALIDATION,H1_CONT,CONTINUATION_CANDIDATE,RESEARCH_ONLY_PROMISING,H1_CONT,SHORT,7822.0,7848.0,7859.08,37.08,1.21,True,1.6102,1.0,0.0,False,True,True,False,0.2967,-0.4315,False,False,False,False,0.2967,EOD
2026-08-14T10:30:00,CRUDEOIL,2026-08-14,live_candles,TREND_UP,VALIDATION,H7_TRAP,AVOID,SUPPORTED,H7_TRAP,LONG,7770.0,7770.0,7757.64,12.36,0.15,False,1.6634,1.0,1.3333,True,False,False,True,0.0,-1.2945,False,False,False,True,-1.3754,SL
2026-08-14T11:05:00,CRUDEOIL,2026-08-14,live_candles,TREND_UP,VALIDATION,AMBIGUOUS,NO_ACTION,NO_ESTABLISHED_EDGE,AMBIG,LONG,7795.0,7781.0,7776.43,18.57,,False,2.0656,0.9474,0.0,False,True,True,False,4.7927,-0.5385,True,True,True,False,2.9461,T3
2026-08-14T11:25:00,CRUDEOIL,2026-08-14,live_candles,TREND_UP,VALIDATION,AMBIGUOUS,NO_ACTION,NO_ESTABLISHED_EDGE,AMBIG,LONG,7820.0,7801.0,7809.64,10.36,,False,0.9722,0.8333,0.0,False,True,True,False,6.1776,-0.8687,True,True,True,False,2.9035,T3
2026-08-14T11:40:00,CRUDEOIL,2026-08-14,live_candles,TREND_UP,VALIDATION,H7_TRAP,AVOID,SUPPORTED,H7_TRAP,SHORT,7811.0,7826.0,7824.39,13.39,1.94,False,1.1818,1.0,1.8462,True,False,False,True,0.0,-1.419,False,False,False,True,-1.4937,SL
2026-08-14T11:45:00,CRUDEOIL,2026-08-14,live_candles,TREND_UP,VALIDATION,AMBIGUOUS,NO_ACTION,NO_ESTABLISHED_EDGE,AMBIG,LONG,7828.0,7824.0,7813.52,14.48,0.48,False,1.2025,0.875,0.0,False,True,True,False,3.8674,-0.1381,True,True,True,False,2.9309,T3
2026-08-14T11:55:00,CRUDEOIL,2026-08-14,live_candles,TREND_UP,VALIDATION,H7_LEANING_TRAP,AVOID,SUPPORTED,H7_TRAP,LONG,7850.0,7836.0,7825.28,24.72,,False,1.8771,1.0,0.375,True,True,False,True,2.9126,-1.0113,True,True,False,False,-1.0518,SL
2026-08-14T12:05:00,CRUDEOIL,2026-08-14,live_candles,TREND_UP,VALIDATION,H7_TRAP,AVOID,SUPPORTED,H7_TRAP,SHORT,7827.0,7826.0,7842.48,15.48,0.06,False,1.0553,0.9375,1.125,True,False,False,True,0.0,-1.292,False,False,False,True,-1.3566,SL
2026-08-14T12:10:00,CRUDEOIL,2026-08-14,live_candles,TREND_UP,VALIDATION,H7_LEANING_TRAP,AVOID,SUPPORTED,H7_TRAP,LONG,7841.0,7842.0,7828.46,12.54,0.72,False,0.6897,0.5556,0.5,True,False,False,True,3.429,-0.638,True,True,True,False,2.9203,T3
2026-08-14T12:30:00,CRUDEOIL,2026-08-14,live_candles,TREND_UP,VALIDATION,H1_CONT_BLOCKED,NO_ACTION,NO_ESTABLISHED_EDGE,H1_CONT,LONG,7877.0,7850.0,7842.8,34.2,,True,1.925,0.825,0.0,False,True,True,False,1.3158,-1.0819,True,False,False,False,-1.1111,SL
2026-08-14T12:40:00,CRUDEOIL,2026-08-14,live_candles,TREND_UP,VALIDATION,H1_CONT_BLOCKED,NO_ACTION,NO_ESTABLISHED_EDGE,H1_CONT,LONG,7922.0,7890.0,7892.13,29.87,,True,1.6111,1.0,0.0,False,True,True,False,0.0,-1.0044,False,False,False,True,-1.0378,SL
2026-08-14T13:20:00,CRUDEOIL,2026-08-14,live_candles,TREND_UP,VALIDATION,H7_TRAP,AVOID,SUPPORTED,H7_TRAP,LONG,7911.0,7908.0,7893.49,17.51,0.63,True,0.9876,1.0,0.7647,True,True,False,True,0.3427,-2.056,False,False,False,True,-2.1131,SL
2026-08-14T13:55:00,CRUDEOIL,2026-08-14,live_candles,TREND_UP,VALIDATION,H1_CONT,CONTINUATION_CANDIDATE,RESEARCH_ONLY_PROMISING,H1_CONT,SHORT,7875.0,7894.0,7898.69,23.69,5.24,True,1.5333,1.0,0.0,False,True,True,False,3.0815,-0.7598,True,True,True,False,2.9578,T3
2026-08-14T14:05:00,CRUDEOIL,2026-08-14,live_candles,TREND_UP,VALIDATION,AMBIGUOUS,NO_ACTION,NO_ESTABLISHED_EDGE,H7_TRAP,SHORT,7852.0,7875.0,7873.66,21.66,4.67,False,1.3486,0.9545,0.1818,True,False,False,True,0.0,-1.2004,False,False,False,True,-1.2465,SL
2026-08-14T14:10:00,CRUDEOIL,2026-08-14,live_candles,TREND_UP,VALIDATION,H1_WEAK,NO_ACTION,NO_ESTABLISHED_EDGE,H1_CONT,LONG,7878.0,7873.0,7856.37,21.63,1.8,True,0.9532,0.7619,0.0,False,True,True,False,0.4161,-1.202,False,False,False,True,-1.2483,SL
2026-08-14T14:50:00,CRUDEOIL,2026-08-14,live_candles,TREND_UP,VALIDATION,H7_LEANING_TRAP,AVOID,SUPPORTED,AMBIG,SHORT,7843.0,7852.0,7860.6,17.6,5.24,False,1.0578,0.85,0.55,True,True,False,False,0.7386,-1.7614,False,False,False,True,-1.8182,SL
2026-08-14T15:00:00,CRUDEOIL,2026-08-14,live_candles,TREND_UP,VALIDATION,H1_WEAK,NO_ACTION,NO_ESTABLISHED_EDGE,H1_WEAK,LONG,7852.0,7848.0,7829.34,22.66,0.57,True,0.6222,0.4545,0.0,False,True,True,False,0.9709,-1.1915,False,False,False,True,-1.2357,SL
2026-08-14T15:05:00,CRUDEOIL,2026-08-14,live_candles,TREND_UP,VALIDATION,H7_TRAP,AVOID,SUPPORTED,H7_TRAP,LONG,7863.0,7873.34,7849.28,13.72,0.15,False,0.8089,0.5417,1.2225,True,False,False,True,0.0,-1.5306,False,False,False,True,-1.6035,SL
2026-08-14T16:30:00,CRUDEOIL,2026-08-14,live_candles,TREND_UP,VALIDATION,AMBIGUOUS,NO_ACTION,NO_ESTABLISHED_EDGE,AMBIG,LONG,7805.0,7778.0,7780.28,24.72,0.12,False,1.5172,0.9167,0.0,False,True,True,False,0.2023,-1.1327,False,False,False,True,-1.1731,SL
2026-08-14T17:30:00,CRUDEOIL,2026-08-14,live_candles,TREND_UP,VALIDATION,H1_CONT,CONTINUATION_CANDIDATE,RESEARCH_ONLY_PROMISING,H1_CONT,LONG,7797.0,7791.0,7778.37,18.63,2.94,True,1.3057,0.8571,0.0,False,True,True,False,1.7713,-1.7177,True,False,False,False,-1.7713,SL
2026-08-14T18:00:00,CRUDEOIL,2026-08-14,live_candles,TREND_UP,VALIDATION,AMBIGUOUS,NO_ACTION,NO_ESTABLISHED_EDGE,AMBIG,SHORT,7765.0,7807.0,7807.23,42.23,0.25,False,2.6452,1.0,0.0,False,True,True,False,1.0656,-1.2787,True,False,False,False,-1.3024,SL
2026-08-14T18:35:00,CRUDEOIL,2026-08-14,live_candles,TREND_UP,VALIDATION,H7_LEANING_TRAP,AVOID,SUPPORTED,H1_CONT,LONG,7780.0,7772.0,7754.25,25.75,1.94,True,1.4056,1.0,0.4,True,True,True,False,0.3107,-1.165,False,False,False,True,-1.2039,SL
2026-08-14T19:30:00,CRUDEOIL,2026-08-14,live_candles,TREND_UP,VALIDATION,H1_WEAK,NO_ACTION,NO_ESTABLISHED_EDGE,H1_WEAK,LONG,7769.0,7754.0,7755.28,13.72,1.38,True,0.5455,0.375,0.0,False,True,True,False,3.6443,-0.9475,True,True,True,False,2.9271,T3
2026-08-14T19:40:00,CRUDEOIL,2026-08-14,live_candles,TREND_UP,VALIDATION,H7_LEANING_TRAP,AVOID,SUPPORTED,H7_TRAP,SHORT,7757.0,7772.0,7789.96,32.96,0.04,False,1.4444,0.8125,0.5625,True,False,False,True,0.0303,-1.0012,False,False,False,True,-1.0316,SL
2026-08-14T19:45:00,CRUDEOIL,2026-08-14,live_candles,TREND_UP,VALIDATION,SPIKE_NO_LEVEL,NO_ACTION,NO_ESTABLISHED_EDGE,AMBIG,LONG,7781.0,,,,,,1.3889,1.0,,,,,,,,,,,,,
2026-08-14T20:10:00,CRUDEOIL,2026-08-14,live_candles,TREND_UP,VALIDATION,AMBIGUOUS,NO_ACTION,NO_ESTABLISHED_EDGE,H7_TRAP,LONG,7819.0,7805.0,7794.28,24.72,1.02,False,1.2874,1.0,0.125,True,False,False,True,0.0,-1.6181,False,False,False,True,-1.6586,SL
2026-08-14T20:15:00,CRUDEOIL,2026-08-14,live_candles,TREND_UP,VALIDATION,H1_WEAK,NO_ACTION,NO_ESTABLISHED_EDGE,H1_WEAK,LONG,7802.0,7789.0,7778.07,23.93,1.76,True,0.4043,0.2581,0.0,False,True,True,False,3.2177,-0.6268,True,True,True,False,2.9582,T3
2026-08-14T20:30:00,CRUDEOIL,2026-08-14,live_candles,TREND_UP,VALIDATION,H7_TRAP,AVOID,SUPPORTED,H7_TRAP,LONG,7825.0,7823.0,7802.34,22.66,0.85,False,0.6298,0.5909,1.0455,True,False,False,True,0.0,-1.1033,False,False,False,True,-1.1474,SL
2026-08-17T11:05:00,CRUDEOIL,2026-08-17,live_candles,TREND_UP,OOS,SPIKE_NO_LEVEL,NO_ACTION,NO_ESTABLISHED_EDGE,AMBIG,LONG,7855.0,,,,,,2.2301,1.0,,,,,,,,,,,,,
2026-08-17T11:45:00,CRUDEOIL,2026-08-17,live_candles,TREND_UP,OOS,H7_LEANING_TRAP,AVOID,SUPPORTED,H7_TRAP,SHORT,7814.0,7816.0,7830.48,16.48,,False,1.1667,0.75,0.5,True,False,False,True,0.0607,-1.2136,False,False,False,True,-1.2743,SL
2026-08-17T12:35:00,CRUDEOIL,2026-08-17,live_candles,TREND_UP,OOS,AMBIGUOUS,NO_ACTION,NO_ESTABLISHED_EDGE,AMBIG,SHORT,7824.0,7823.0,7837.48,13.48,0.67,True,1.2381,0.8125,0.0,False,False,False,False,1.5579,-2.6706,True,False,False,False,-2.7448,SL
2026-08-17T12:45:00,CRUDEOIL,2026-08-17,live_candles,TREND_UP,OOS,H7_TRAP,AVOID,SUPPORTED,H7_TRAP,SHORT,7806.0,7813.0,7824.6,18.6,,False,1.1304,0.65,0.85,True,True,False,True,0.1613,-1.6129,False,False,False,True,-1.6667,SL
2026-08-17T13:05:00,CRUDEOIL,2026-08-17,live_candles,TREND_UP,OOS,H7_TRAP,AVOID,SUPPORTED,H7_TRAP,SHORT,7816.0,7813.66,7824.54,8.54,0.27,True,0.64,0.4444,2.5744,True,False,False,True,0.9368,-1.9906,False,False,False,True,-2.1077,SL
2026-08-17T13:15:00,CRUDEOIL,2026-08-17,live_candles,TREND_UP,OOS,H1_WEAK,NO_ACTION,NO_ESTABLISHED_EDGE,H1_CONT,LONG,7828.0,7815.0,7815.49,12.51,0.64,True,0.9032,0.7059,0.0,False,True,True,False,3.1974,0.0,True,True,True,False,2.9201,T3
2026-08-17T13:20:00,CRUDEOIL,2026-08-17,live_candles,TREND_UP,OOS,H7_TRAP,AVOID,SUPPORTED,H7_TRAP,LONG,7860.0,7858.22,7831.16,28.84,1.25,False,1.8756,1.0,0.6507,True,False,False,True,0.0,-1.1096,False,False,False,True,-1.1442,SL
2026-08-17T13:30:00,CRUDEOIL,2026-08-17,live_candles,TREND_UP,OOS,AMBIGUOUS,NO_ACTION,NO_ESTABLISHED_EDGE,AMBIG,LONG,7856.0,7852.0,7827.16,28.84,0.01,False,0.9333,0.5714,0.0,False,True,True,False,3.1207,-0.3121,True,True,True,False,2.9653,T3
2026-08-17T13:50:00,CRUDEOIL,2026-08-17,live_candles,TREND_UP,OOS,H7_LEANING_TRAP,AVOID,SUPPORTED,H7_TRAP,LONG,7868.0,7861.0,7847.4,20.6,0.37,False,1.1966,1.0,0.45,True,False,False,True,0.1942,-1.0194,False,False,False,True,-1.068,SL
2026-08-17T13:55:00,CRUDEOIL,2026-08-17,live_candles,TREND_UP,OOS,SPIKE_NO_LEVEL,NO_ACTION,NO_ESTABLISHED_EDGE,AMBIG,SHORT,7852.0,,,,,,0.7778,0.65,,,,,,,,,,,,,
2026-08-17T14:30:00,CRUDEOIL,2026-08-17,live_candles,TREND_UP,OOS,AMBIGUOUS,NO_ACTION,NO_ESTABLISHED_EDGE,AMBIG,LONG,7892.0,7896.0,7877.46,14.54,0.28,True,0.9849,0.7778,0.1111,True,False,False,False,1.1004,-1.0316,True,False,False,False,-1.1004,SL
2026-08-17T15:05:00,CRUDEOIL,2026-08-17,live_candles,TREND_UP,OOS,AMBIGUOUS,NO_ACTION,NO_ESTABLISHED_EDGE,AMBIG,LONG,7925.0,7908.0,7902.34,22.66,,False,1.4,0.8182,0.0,False,True,True,False,1.5004,-1.7652,True,False,False,False,-1.8094,SL
2026-08-17T15:20:00,CRUDEOIL,2026-08-17,live_candles,TREND_UP,OOS,AMBIGUOUS,NO_ACTION,NO_ESTABLISHED_EDGE,AMBIG,LONG,7946.0,7928.0,7920.25,25.75,,False,1.8325,1.0,0.0,False,True,True,False,0.5049,-2.3689,False,False,False,True,-2.4078,SL
2026-08-17T16:00:00,CRUDEOIL,2026-08-17,live_candles,TREND_UP,OOS,H1_CONT,CONTINUATION_CANDIDATE,RESEARCH_ONLY_PROMISING,H1_CONT,LONG,7921.0,7876.12,7883.92,37.08,1.02,True,2.1724,1.0,0.0,False,True,True,False,0.4585,-1.2136,False,False,False,True,-1.2406,SL
2026-08-17T16:20:00,CRUDEOIL,2026-08-17,live_candles,TREND_UP,OOS,AMBIGUOUS,NO_ACTION,NO_ESTABLISHED_EDGE,H7_TRAP,SHORT,7905.0,7924.0,7928.81,23.81,0.84,False,1.3361,0.8519,0.1481,True,False,False,True,1.386,-1.218,True,False,False,False,-1.26,SL
2026-08-17T16:35:00,CRUDEOIL,2026-08-17,live_candles,TREND_UP,OOS,H7_TRAP,AVOID,SUPPORTED,H7_TRAP,SHORT,7900.0,7901.0,7922.66,22.66,3.78,False,1.1903,0.9545,0.7273,True,False,False,True,1.2357,-1.1474,True,False,False,False,-1.1915,SL
2026-08-17T17:55:00,CRUDEOIL,2026-08-17,live_candles,TREND_UP,OOS,H1_CONT_BLOCKED,NO_ACTION,NO_ESTABLISHED_EDGE,H1_CONT,LONG,7914.0,7901.0,7883.77,30.23,0.57,True,2.1257,0.7073,0.0,False,True,True,False,1.0586,-1.4886,True,False,False,False,-1.5217,SL
2026-08-17T18:30:00,CRUDEOIL,2026-08-17,live_candles,TREND_UP,OOS,H1_CONT,CONTINUATION_CANDIDATE,RESEARCH_ONLY_PROMISING,H1_CONT,SHORT,7924.0,7938.0,7943.6,19.6,4.1,True,1.2913,0.95,0.0,False,True,True,False,3.2653,-0.6122,True,True,True,False,2.949,T3
2026-08-17T19:30:00,CRUDEOIL,2026-08-17,live_candles,TREND_UP,OOS,AMBIGUOUS,NO_ACTION,NO_ESTABLISHED_EDGE,AMBIG,SHORT,7890.0,7902.0,7910.6,20.6,2.09,False,1.3659,1.0,0.0,False,True,True,False,1.4563,-1.2136,True,False,False,False,-1.2621,SL
2026-08-17T19:50:00,CRUDEOIL,2026-08-17,live_candles,TREND_UP,OOS,SPIKE_NO_LEVEL,NO_ACTION,NO_ESTABLISHED_EDGE,AMBIG,LONG,7885.0,,,,,,0.6087,0.36,,,,,,,,,,,,,
2026-08-17T20:45:00,CRUDEOIL,2026-08-17,live_candles,TREND_UP,OOS,H1_CONT,CONTINUATION_CANDIDATE,RESEARCH_ONLY_PROMISING,H1_CONT,LONG,7901.0,7883.0,7880.4,20.6,1.32,True,1.5556,1.0,0.0,False,True,True,False,3.5922,-0.9709,True,True,True,False,2.9515,T3
2026-08-17T22:30:00,CRUDEOIL,2026-08-17,live_candles,TREND_UP,OOS,H1_CONT_BLOCKED,NO_ACTION,NO_ESTABLISHED_EDGE,H1_CONT,LONG,7938.0,7921.62,7913.28,24.72,0.85,True,1.8261,0.875,0.0,False,True,True,False,3.5599,0.0,True,True,True,False,2.9595,T3
2026-08-17T22:35:00,CRUDEOIL,2026-08-17,live_candles,TREND_UP,OOS,SPIKE_NO_LEVEL,NO_ACTION,NO_ESTABLISHED_EDGE,AMBIG,SHORT,7957.0,,,,,,0.6022,0.3077,,,,,,,,,,,,,
2026-08-17T22:45:00,CRUDEOIL,2026-08-17,live_candles,TREND_UP,OOS,H1_CONT_BLOCKED,NO_ACTION,NO_ESTABLISHED_EDGE,H1_CONT,LONG,7998.0,7975.0,7976.22,21.78,,True,1.4067,0.8077,0.0,False,True,True,False,3.0303,-0.1837,True,True,True,False,2.9541,T3
2026-08-17T22:55:00,CRUDEOIL,2026-08-17,live_candles,TREND_UP,OOS,H1_CONT_BLOCKED,NO_ACTION,NO_ESTABLISHED_EDGE,H1_CONT,LONG,8020.0,8003.0,8002.31,17.69,,True,1.107,0.7391,0.0,False,True,True,False,4.9746,-0.1131,True,True,True,False,2.9435,T3
2026-08-17T23:00:00,CRUDEOIL,2026-08-17,live_candles,TREND_UP,OOS,H1_CONT_BLOCKED,NO_ACTION,NO_ESTABLISHED_EDGE,H1_CONT,LONG,8054.0,8026.0,8016.8,37.2,,True,2.0571,0.9,0.0,False,True,True,False,1.5054,-0.5376,True,False,False,False,1.5054,EOD
2026-08-17T23:10:00,CRUDEOIL,2026-08-17,live_candles,TREND_UP,OOS,H7_TRAP,AVOID,SUPPORTED,H7_TRAP,SHORT,8040.0,8055.0,8064.72,24.72,5.26,False,1.3023,1.0,2.2083,True,True,False,True,0.2427,-1.0518,False,False,False,True,-1.0922,SL
2026-08-17T23:25:00,CRUDEOIL,2026-08-17,live_candles,TREND_UP,OOS,H1_CONT_BLOCKED,NO_ACTION,NO_ESTABLISHED_EDGE,H1_CONT,LONG,8108.0,8066.0,8071.95,36.05,,True,1.6118,1.0,0.0,False,True,True,False,0.0555,0.0,False,False,False,False,0.0555,EOD
2026-08-18T10:30:00,CRUDEOIL,2026-08-18,live_candles,CHOP,OOS,AMBIGUOUS,NO_ACTION,NO_ESTABLISHED_EDGE,AMBIG,LONG,8160.0,8150.0,8146.61,13.39,0.15,False,1.7843,1.0,0.0,False,True,True,False,0.4481,-1.643,False,False,False,True,-1.7177,SL
2026-08-18T10:50:00,CRUDEOIL,2026-08-18,live_candles,CHOP,OOS,H7_TRAP,AVOID,SUPPORTED,H7_TRAP,LONG,8160.0,8163.0,8154.67,5.33,0.24,True,0.7071,0.4545,1.5455,True,False,False,True,0.0,-1.3133,False,False,False,True,-1.5009,SL
2026-08-18T11:00:00,CRUDEOIL,2026-08-18,live_candles,CHOP,OOS,H1_CONT_BLOCKED,NO_ACTION,NO_ESTABLISHED_EDGE,H1_CONT,SHORT,8150.0,8151.0,8166.48,16.48,0.19,True,1.5098,0.6875,0.0,False,True,True,False,1.2743,-1.1529,True,False,False,False,-1.2136,SL
2026-08-18T11:15:00,CRUDEOIL,2026-08-18,live_candles,CHOP,OOS,H7_TRAP,AVOID,SUPPORTED,H7_TRAP,SHORT,8131.0,8138.0,8148.51,17.51,0.06,False,2.0877,1.0,1.8235,True,False,False,True,0.1142,-2.1702,False,False,False,True,-2.2273,SL
2026-08-18T11:30:00,CRUDEOIL,2026-08-18,live_candles,CHOP,OOS,H1_CONT_BLOCKED,NO_ACTION,NO_ESTABLISHED_EDGE,H1_CONT,LONG,8169.0,8166.0,8147.37,21.63,,True,2.0851,1.0,0.0,False,True,True,False,1.0633,-1.0171,True,False,False,False,-1.0633,SL
2026-08-18T13:00:00,CRUDEOIL,2026-08-18,live_candles,CHOP,OOS,H7_LEANING_TRAP,AVOID,SUPPORTED,H7_TRAP,LONG,8134.0,8143.0,8114.16,19.84,0.45,False,1.4,0.6786,0.4286,True,False,False,True,2.369,-1.1593,True,True,False,False,-1.2097,SL
2026-08-18T13:20:00,CRUDEOIL,2026-08-18,live_candles,CHOP,OOS,H7_TRAP,AVOID,SUPPORTED,H7_TRAP,SHORT,8142.0,8137.0,8159.66,17.66,0.67,False,0.3665,0.2273,1.0455,True,False,False,True,0.0,-2.2084,False,False,False,True,-2.265,SL
2026-08-18T13:35:00,CRUDEOIL,2026-08-18,live_candles,CHOP,OOS,SPIKE_NO_LEVEL,NO_ACTION,NO_ESTABLISHED_EDGE,AMBIG,SHORT,8160.0,,,,,,0.4098,0.2222,,,,,,,,,,,,,
2026-08-18T13:45:00,CRUDEOIL,2026-08-18,live_candles,CHOP,OOS,H7_TRAP,AVOID,SUPPORTED,H7_TRAP,SHORT,8147.0,8148.0,8164.51,17.51,0.29,False,0.4038,0.3529,0.9412,True,False,False,True,0.0,-1.3135,False,False,False,True,-1.3706,SL
2026-08-18T13:50:00,CRUDEOIL,2026-08-18,live_candles,CHOP,OOS,H7_TRAP,AVOID,SUPPORTED,H7_TRAP,LONG,8164.0,8164.0,8151.46,12.54,1.36,False,0.7706,0.6667,1.6667,True,False,False,True,0.3987,-1.9139,False,False,False,True,-1.9936,SL
2026-08-18T14:00:00,CRUDEOIL,2026-08-18,live_candles,CHOP,OOS,AMBIGUOUS,NO_ACTION,NO_ESTABLISHED_EDGE,AMBIG,SHORT,8140.0,8147.0,8158.54,18.54,0.35,False,0.56,0.5,0.2222,True,True,True,False,1.6181,-1.4024,True,False,False,False,-1.4563,SL
2026-08-18T14:15:00,CRUDEOIL,2026-08-18,live_candles,CHOP,OOS,AMBIGUOUS,NO_ACTION,NO_ESTABLISHED_EDGE,AMBIG,LONG,8151.0,8132.0,8125.25,25.75,0.44,False,1.5086,1.0,0.28,True,True,True,False,0.0,-1.0097,False,False,False,True,-1.0485,SL
2026-08-18T15:05:00,CRUDEOIL,2026-08-18,live_candles,CHOP,OOS,H7_LEANING_TRAP,AVOID,SUPPORTED,H7_TRAP,SHORT,8130.0,8125.0,8138.54,8.54,0.16,True,0.6087,0.4444,0.5556,True,False,False,True,0.7026,-1.0539,False,False,False,True,-1.171,SL
2026-08-18T15:20:00,CRUDEOIL,2026-08-18,live_candles,CHOP,OOS,H7_LEANING_TRAP,AVOID,SUPPORTED,AMBIG,SHORT,8127.0,8127.0,8145.63,18.63,0.38,True,1.0316,0.6667,0.4286,True,False,False,False,0.8588,-1.0735,False,False,False,True,-1.1272,SL
2026-08-18T16:05:00,CRUDEOIL,2026-08-18,live_candles,CHOP,OOS,H1_WEAK,NO_ACTION,NO_ESTABLISHED_EDGE,H1_CONT,SHORT,8114.0,8126.0,8132.54,18.54,0.16,True,0.9849,0.7778,0.0,False,True,True,False,0.2157,-1.1327,False,False,False,True,-1.1866,SL
2026-08-18T17:35:00,CRUDEOIL,2026-08-18,live_candles,CHOP,OOS,AMBIGUOUS,NO_ACTION,NO_ESTABLISHED_EDGE,H7_TRAP,LONG,8166.0,8156.98,8121.71,44.29,0.59,False,3.5,1.0,0.1623,True,True,False,True,0.9031,-1.1063,False,False,False,True,-1.1289,SL
2026-08-18T18:30:00,CRUDEOIL,2026-08-18,live_candles,CHOP,OOS,SPIKE_NO_LEVEL,NO_ACTION,NO_ESTABLISHED_EDGE,AMBIG,SHORT,8156.0,,,,,,0.1556,0.1053,,,,,,,,,,,,,
2026-08-18T18:50:00,CRUDEOIL,2026-08-18,live_candles,CHOP,OOS,H7_TRAP,AVOID,SUPPORTED,H7_TRAP,LONG,8193.0,8192.0,8163.13,29.87,,False,2.3468,1.0,0.7931,True,False,False,True,0.4352,-1.607,False,False,False,True,-1.6404,SL
2026-08-18T18:55:00,CRUDEOIL,2026-08-18,live_candles,CHOP,OOS,SPIKE_NO_LEVEL,NO_ACTION,NO_ESTABLISHED_EDGE,AMBIG,SHORT,8186.0,,,,,,0.9891,0.5909,,,,,,,,,,,,,
2026-08-18T19:00:00,CRUDEOIL,2026-08-18,live_candles,CHOP,OOS,AMBIGUOUS,NO_ACTION,NO_ESTABLISHED_EDGE,AMBIG,SHORT,8169.0,8181.0,8207.11,38.11,0.42,False,1.7585,0.7027,0.0,False,True,True,False,1.7843,-1.312,True,False,False,False,-1.3382,SL
2026-08-18T19:05:00,CRUDEOIL,2026-08-18,live_candles,CHOP,OOS,H7_TRAP,AVOID,SUPPORTED,H7_TRAP,LONG,8180.0,8175.0,8164.22,15.78,1.65,False,0.9211,0.5769,1.6538,True,False,False,True,0.0,-2.218,False,False,False,True,-2.2814,SL
2026-08-18T19:10:00,CRUDEOIL,2026-08-18,live_candles,CHOP,OOS,H7_TRAP,AVOID,SUPPORTED,H7_TRAP,SHORT,8145.0,8153.0,8180.02,35.02,0.51,True,1.6601,0.8824,0.6176,True,True,False,True,1.2564,-1.4278,True,False,False,False,-1.4563,SL
2026-08-18T19:15:00,CRUDEOIL,2026-08-18,live_candles,CHOP,OOS,H7_TRAP,AVOID,SUPPORTED,H7_TRAP,SHORT,8132.0,8145.0,8155.69,23.69,0.21,False,1.1094,0.913,1.2609,True,False,False,True,0.0844,-1.7729,False,False,False,True,-1.8151,SL
2026-08-18T19:20:00,CRUDEOIL,2026-08-18,live_candles,CHOP,OOS,H7_TRAP,AVOID,SUPPORTED,H7_TRAP,LONG,8174.0,8161.0,8128.68,45.32,0.71,True,2.0465,1.0,0.7045,True,True,False,True,0.0,-1.015,False,False,False,True,-1.0371,SL
2026-08-18T19:30:00,CRUDEOIL,2026-08-18,live_candles,CHOP,OOS,H1_CONT_BLOCKED,NO_ACTION,NO_ESTABLISHED_EDGE,H1_CONT,SHORT,8131.0,8169.0,8170.14,39.14,0.03,True,1.6369,1.0,0.0,False,True,True,False,0.7665,-1.2519,False,False,False,True,-1.2775,SL
2026-08-18T20:20:00,CRUDEOIL,2026-08-18,live_candles,CHOP,OOS,AMBIGUOUS,NO_ACTION,NO_ESTABLISHED_EDGE,H7_TRAP,LONG,8160.0,8158.97,8117.77,42.23,1.09,True,1.8516,1.0,0.2676,True,True,False,True,1.4918,-0.7104,True,False,False,False,-0.7104,EOD
2026-08-18T20:25:00,CRUDEOIL,2026-08-18,live_candles,CHOP,OOS,H7_LEANING_TRAP,AVOID,SUPPORTED,H7_TRAP,LONG,8180.0,8160.0,8157.34,22.66,1.15,False,1.037,1.0,0.5455,True,False,False,True,0.0,-1.7652,False,False,False,True,-1.8094,SL
2026-08-18T20:30:00,CRUDEOIL,2026-08-18,live_candles,CHOP,OOS,H7_TRAP,AVOID,SUPPORTED,AMBIG,SHORT,8148.0,8158.0,8177.08,29.08,0.83,False,1.1592,0.7222,0.6111,True,True,True,False,0.2063,-1.1004,False,False,False,True,-1.1348,SL
2026-08-18T20:45:00,CRUDEOIL,2026-08-18,live_candles,CHOP,OOS,AMBIGUOUS,NO_ACTION,NO_ESTABLISHED_EDGE,AMBIG,LONG,8180.0,8180.0,8140.86,39.14,0.66,True,1.8799,1.0,0.0,False,False,False,False,1.0986,-1.022,True,False,False,False,-1.0475,SL
2026-08-18T22:20:00,CRUDEOIL,2026-08-18,live_candles,CHOP,OOS,AMBIGUOUS,NO_ACTION,NO_ESTABLISHED_EDGE,H7_TRAP,SHORT,8140.0,8148.0,8169.87,29.87,0.5,True,1.9614,1.0,0.1379,True,True,False,True,0.3348,-0.6696,False,False,False,False,0.3348,EOD
2026-08-19T10:25:00,CRUDEOIL,2026-08-19,live_candles,CHOP,OOS,AMBIGUOUS,NO_ACTION,NO_ESTABLISHED_EDGE,AMBIG,SHORT,8177.0,8182.0,8193.48,16.48,,False,2.3579,1.0,0.0,False,True,True,False,0.0,-1.1529,False,False,False,True,-1.2136,SL
2026-08-19T11:00:00,CRUDEOIL,2026-08-19,live_candles,CHOP,OOS,AMBIGUOUS,NO_ACTION,NO_ESTABLISHED_EDGE,H7_TRAP,LONG,8191.0,8190.0,8177.61,13.39,0.38,True,2.1412,1.0,0.2308,True,False,False,True,2.3898,-1.1202,True,True,False,False,-1.1949,SL
2026-08-19T11:30:00,CRUDEOIL,2026-08-19,live_candles,CHOP,OOS,H7_TRAP,AVOID,SUPPORTED,H7_TRAP,LONG,8222.0,8208.0,8197.28,24.72,,False,2.0588,0.8333,0.9583,True,False,False,True,0.0405,-1.1731,False,False,False,True,-1.2136,SL
2026-08-19T11:35:00,CRUDEOIL,2026-08-19,live_candles,CHOP,OOS,AMBIGUOUS,NO_ACTION,NO_ESTABLISHED_EDGE,H7_TRAP,SHORT,8206.0,8198.0,8223.9,17.9,1.01,False,1.5867,0.5667,0.1667,True,False,False,True,3.0168,-0.4469,True,True,True,False,2.9441,T3
2026-08-19T11:55:00,CRUDEOIL,2026-08-19,live_candles,CHOP,OOS,H7_TRAP,AVOID,SUPPORTED,H7_TRAP,SHORT,8180.0,8181.31,8191.39,11.39,0.35,False,0.0753,0.0769,0.8992,True,True,False,True,1.3169,-1.1414,True,False,False,False,-1.2291,SL
2026-08-19T12:00:00,CRUDEOIL,2026-08-19,live_candles,CHOP,OOS,SPIKE_NO_LEVEL,NO_ACTION,NO_ESTABLISHED_EDGE,AMBIG,LONG,8180.0,,,,,,0.0,0.0,,,,,,,,,,,,,
2026-08-19T12:05:00,CRUDEOIL,2026-08-19,live_candles,CHOP,OOS,H7_TRAP,AVOID,SUPPORTED,H7_TRAP,LONG,8193.0,8191.0,8173.43,19.57,0.16,False,1.3168,1.0,0.6316,True,False,False,True,1.0731,-1.1242,True,False,False,False,-1.1753,SL
2026-08-19T12:10:00,CRUDEOIL,2026-08-19,live_candles,CHOP,OOS,H7_LEANING_TRAP,AVOID,SUPPORTED,H7_TRAP,SHORT,8179.0,8180.41,8195.48,16.48,0.85,False,1.0927,1.0,0.5994,True,False,False,True,0.3034,-1.699,False,False,False,True,-1.7597,SL
2026-08-19T12:30:00,CRUDEOIL,2026-08-19,live_candles,CHOP,OOS,H1_WEAK,NO_ACTION,NO_ESTABLISHED_EDGE,H1_WEAK,LONG,8194.0,8193.0,8173.4,20.6,0.09,True,1.3084,1.0,0.0,False,True,False,False,0.9709,-1.1165,False,False,False,True,-1.165,SL
2026-08-19T12:35:00,CRUDEOIL,2026-08-19,live_candles,CHOP,OOS,H7_LEANING_TRAP,AVOID,SUPPORTED,H7_TRAP,LONG,8199.0,8195.81,8189.49,9.51,2.52,False,0.3125,0.2941,0.2829,True,False,False,True,1.5773,-2.9443,True,False,False,False,-3.0494,SL
2026-08-19T12:50:00,CRUDEOIL,2026-08-19,live_candles,CHOP,OOS,H1_CONT_BLOCKED,NO_ACTION,NO_ESTABLISHED_EDGE,H1_CONT,SHORT,8191.0,8193.0,8214.69,23.69,0.46,True,1.6126,0.9565,0.0,False,True,True,False,1.8573,-1.1819,True,False,False,False,-1.2241,SL
2026-08-19T12:55:00,CRUDEOIL,2026-08-19,live_candles,CHOP,OOS,AMBIGUOUS,NO_ACTION,NO_ESTABLISHED_EDGE,AMBIG,SHORT,8175.0,8174.0,8191.6,16.6,0.06,True,1.1667,0.8,0.0,False,False,False,False,1.6867,-2.6506,True,False,False,False,-2.7108,SL
2026-08-19T14:25:00,CRUDEOIL,2026-08-19,live_candles,CHOP,OOS,AMBIGUOUS,NO_ACTION,NO_ESTABLISHED_EDGE,AMBIG,LONG,8216.0,8195.29,8183.98,32.02,0.22,False,2.568,0.9118,0.0,False,True,True,False,1.3429,-1.1243,True,False,False,False,-1.1555,SL
2026-08-19T14:30:00,CRUDEOIL,2026-08-19,live_candles,CHOP,OOS,SPIKE_NO_LEVEL,NO_ACTION,NO_ESTABLISHED_EDGE,AMBIG,SHORT,8208.0,,,,,,1.2727,0.6071,,,,,,,,,,,,,
2026-08-19T14:35:00,CRUDEOIL,2026-08-19,live_candles,CHOP,OOS,H7_LEANING_TRAP,AVOID,SUPPORTED,AMBIG,LONG,8238.0,8236.0,8213.28,24.72,,False,1.5117,0.9583,0.4583,True,True,True,False,0.8495,-1.6586,False,False,False,True,-1.699,SL
2026-08-19T14:50:00,CRUDEOIL,2026-08-19,live_candles,CHOP,OOS,H1_CONT,CONTINUATION_CANDIDATE,RESEARCH_ONLY_PROMISING,H1_CONT,SHORT,8225.0,8245.0,8253.84,28.84,1.69,True,1.4962,1.0,0.0,False,True,True,False,5.1664,-0.8322,True,True,True,False,2.9653,T3
2026-08-19T15:00:00,CRUDEOIL,2026-08-19,live_candles,CHOP,OOS,AMBIGUOUS,NO_ACTION,NO_ESTABLISHED_EDGE,H7_TRAP,SHORT,8200.0,8220.0,8220.69,20.69,1.15,False,1.0448,0.8696,0.087,True,True,False,True,0.2417,-1.0633,False,False,False,True,-1.1116,SL
2026-08-19T15:15:00,CRUDEOIL,2026-08-19,live_candles,CHOP,OOS,H7_TRAP,AVOID,SUPPORTED,H7_TRAP,SHORT,8200.0,8211.0,8226.78,26.78,0.19,False,1.3,1.0,0.6154,True,False,False,True,0.0,-1.0082,False,False,False,True,-1.0456,SL
2026-08-19T18:00:00,CRUDEOIL,2026-08-19,live_candles,CHOP,OOS,H1_CONT_BLOCKED,NO_ACTION,NO_ESTABLISHED_EDGE,H1_CONT,SHORT,8140.0,8147.0,8164.72,24.72,,True,1.8667,1.0,0.0,False,True,True,False,2.7913,-1.0518,True,True,False,False,-1.0922,SL
2026-08-19T18:05:00,CRUDEOIL,2026-08-19,live_candles,CHOP,OOS,AMBIGUOUS,NO_ACTION,NO_ESTABLISHED_EDGE,AMBIG,SHORT,8076.0,8140.0,8142.95,66.95,,False,3.5583,0.9385,0.0,False,True,True,False,0.0747,-1.2547,False,False,False,True,-1.2696,SL
2026-08-19T18:10:00,CRUDEOIL,2026-08-19,live_candles,CHOP,OOS,SPIKE_NO_LEVEL,NO_ACTION,NO_ESTABLISHED_EDGE,AMBIG,LONG,8115.0,,,,,,2.2731,1.0,,,,,,,,,,,,,
2026-08-19T18:25:00,CRUDEOIL,2026-08-19,live_candles,CHOP,OOS,H1_CONT_BLOCKED,NO_ACTION,NO_ESTABLISHED_EDGE,H1_CONT,LONG,8114.0,8110.0,8090.31,23.69,0.3,True,1.1418,1.0,0.0,False,True,True,False,3.1237,0.0,True,True,True,False,2.9578,T3
2026-08-19T18:30:00,CRUDEOIL,2026-08-19,live_candles,CHOP,OOS,AMBIGUOUS,NO_ACTION,NO_ESTABLISHED_EDGE,AMBIG,LONG,8160.0,8121.0,8127.04,32.96,1.87,False,1.4222,1.0,0.0,False,True,True,False,3.3374,-0.6978,True,True,True,False,2.9697,T3
2026-08-19T18:35:00,CRUDEOIL,2026-08-19,live_candles,CHOP,OOS,H1_WEAK,NO_ACTION,NO_ESTABLISHED_EDGE,H1_CONT,SHORT,8150.0,8178.71,8166.87,16.87,3.5,True,0.6829,0.5517,0.0,False,True,True,False,0.652,-1.3041,False,False,False,True,-1.3634,SL
2026-08-19T18:50:00,CRUDEOIL,2026-08-19,live_candles,CHOP,OOS,H7_LEANING_TRAP,AVOID,SUPPORTED,H7_TRAP,LONG,8172.0,8166.0,8140.07,31.93,1.56,False,1.233,1.0,0.2903,True,False,False,True,3.0692,-0.5951,True,True,True,False,2.9687,T3
2026-08-19T19:35:00,CRUDEOIL,2026-08-19,live_candles,CHOP,OOS,H1_CONT,CONTINUATION_CANDIDATE,RESEARCH_ONLY_PROMISING,H1_CONT,LONG,8193.0,8190.0,8164.83,28.17,1.16,True,1.3548,0.6923,0.0,False,True,True,False,3.0529,-0.213,True,True,True,False,2.9645,T3
2026-08-19T20:10:00,CRUDEOIL,2026-08-19,live_candles,CHOP,OOS,H7_TRAP,AVOID,SUPPORTED,H7_TRAP,SHORT,8224.0,8216.0,8244.87,20.87,1.29,False,0.5294,0.3103,0.7241,True,False,False,True,0.3354,-1.15,False,False,False,True,-1.1979,SL
2026-08-19T21:30:00,CRUDEOIL,2026-08-19,live_candles,CHOP,OOS,AMBIGUOUS,NO_ACTION,NO_ESTABLISHED_EDGE,AMBIG,LONG,8284.0,8284.0,8270.19,13.81,,True,1.0111,0.4815,0.0,False,False,False,False,3.5482,-0.2896,True,True,True,False,2.9276,T3
2026-08-19T23:10:00,CRUDEOIL,2026-08-19,live_candles,CHOP,OOS,AMBIGUOUS,NO_ACTION,NO_ESTABLISHED_EDGE,AMBIG,SHORT,8262.0,8283.0,8292.96,30.96,3.27,False,1.7949,0.9375,0.0,False,False,False,False,0.0,-0.7752,False,False,False,False,-0.4845,EOD
2026-08-20T10:15:00,CRUDEOIL,2026-08-20,live_candles,TREND_UP,OOS,H1_CONT_BLOCKED,NO_ACTION,NO_ESTABLISHED_EDGE,H1_CONT,SHORT,8093.0,8099.33,8107.45,14.45,0.83,True,2.0206,0.9333,0.0,False,True,True,False,0.692,-1.3149,False,False,False,True,-1.3841,SL
2026-08-20T11:25:00,CRUDEOIL,2026-08-20,live_candles,TREND_UP,OOS,AMBIGUOUS,NO_ACTION,NO_ESTABLISHED_EDGE,AMBIG,SHORT,8100.0,8108.0,8112.36,12.36,0.59,False,1.1382,0.8333,0.0,False,True,True,False,0.5663,-1.4563,False,False,False,True,-1.5372,SL
2026-08-20T11:45:00,CRUDEOIL,2026-08-20,live_candles,TREND_UP,OOS,H1_WEAK,NO_ACTION,NO_ESTABLISHED_EDGE,H1_WEAK,LONG,8108.0,8106.05,8094.61,13.39,0.75,True,0.7259,0.5385,0.0,False,True,True,False,3.9582,-0.2987,True,True,True,False,2.9253,T3
2026-08-20T12:05:00,CRUDEOIL,2026-08-20,live_candles,TREND_UP,OOS,AMBIGUOUS,NO_ACTION,NO_ESTABLISHED_EDGE,AMBIG,LONG,8125.0,8118.0,8108.52,16.48,,False,1.6232,1.0,0.0,False,True,True,False,3.7015,-0.182,True,True,True,False,2.9393,T3
2026-08-20T12:30:00,CRUDEOIL,2026-08-20,live_candles,TREND_UP,OOS,AMBIGUOUS,NO_ACTION,NO_ESTABLISHED_EDGE,AMBIG,LONG,8158.0,8138.0,8144.52,13.48,,False,0.8873,0.5625,0.0,False,True,True,False,3.0415,-0.6677,True,True,True,False,2.9258,T3
2026-08-20T12:40:00,CRUDEOIL,2026-08-20,live_candles,TREND_UP,OOS,H1_WEAK,NO_ACTION,NO_ESTABLISHED_EDGE,H1_WEAK,LONG,8162.0,8161.0,8148.52,13.48,,True,0.2,0.125,0.0,False,True,True,False,4.5994,-0.0742,True,True,True,False,2.9258,T3
2026-08-20T12:45:00,CRUDEOIL,2026-08-20,live_candles,TREND_UP,OOS,H1_CONT_BLOCKED,NO_ACTION,NO_ESTABLISHED_EDGE,H1_CONT,LONG,8186.0,8165.0,8160.25,25.75,,True,2.2152,1.0,0.0,False,True,True,False,3.4563,-0.3883,True,True,True,False,2.9612,T3
2026-08-20T13:00:00,CRUDEOIL,2026-08-20,live_candles,TREND_UP,OOS,SPIKE_NO_LEVEL,NO_ACTION,NO_ESTABLISHED_EDGE,AMBIG,SHORT,8206.0,,,,,,0.5385,0.3889,,,,,,,,,,,,,
2026-08-20T13:30:00,CRUDEOIL,2026-08-20,live_candles,TREND_UP,OOS,H7_TRAP,AVOID,SUPPORTED,AMBIG,SHORT,8182.0,8204.0,8197.63,15.63,6.18,False,1.0,0.7143,1.6667,True,True,True,False,0.0,-1.2156,False,False,False,True,-1.2796,SL
2026-08-20T13:45:00,CRUDEOIL,2026-08-20,live_candles,TREND_UP,OOS,H1_CONT_BLOCKED,NO_ACTION,NO_ESTABLISHED_EDGE,H1_CONT,LONG,8239.0,8224.0,8201.92,37.08,,True,2.1088,1.0,0.0,False,True,True,False,3.2362,-0.4854,True,True,True,False,2.973,T3
2026-08-20T13:50:00,CRUDEOIL,2026-08-20,live_candles,TREND_UP,OOS,H1_WEAK,NO_ACTION,NO_ESTABLISHED_EDGE,H1_CONT,LONG,8242.0,8239.0,8220.37,21.63,,True,0.8033,0.6667,0.0,False,True,True,False,3.3749,-0.1387,True,True,True,False,2.9538,T3
2026-08-20T13:55:00,CRUDEOIL,2026-08-20,live_candles,TREND_UP,OOS,AMBIGUOUS,NO_ACTION,NO_ESTABLISHED_EDGE,AMBIG,LONG,8260.0,8242.0,8238.37,21.63,,False,1.05,0.8571,0.0,False,True,True,False,3.19,-0.0925,True,True,True,False,2.9538,T3
2026-08-20T14:40:00,CRUDEOIL,2026-08-20,live_candles,TREND_UP,OOS,AMBIGUOUS,NO_ACTION,NO_ESTABLISHED_EDGE,AMBIG,LONG,8294.0,8285.0,8278.46,15.54,,False,0.9953,0.8333,0.0,False,True,True,False,0.3861,-1.1583,False,False,False,True,-1.2227,SL
2026-08-20T15:05:00,CRUDEOIL,2026-08-20,live_candles,TREND_UP,OOS,H7_TRAP,AVOID,SUPPORTED,H7_TRAP,SHORT,8278.0,8283.0,8294.54,16.54,11.77,True,0.759,0.5,1.3889,True,True,False,True,0.6046,-2.237,False,False,False,True,-2.2975,SL
2026-08-20T15:10:00,CRUDEOIL,2026-08-20,live_candles,TREND_UP,OOS,H7_TRAP,AVOID,SUPPORTED,H7_TRAP,SHORT,8268.0,8276.0,8286.54,18.54,9.96,False,0.8284,0.5556,2.3333,True,False,False,True,0.0,-1.2406,False,False,False,True,-1.2945,SL
2026-08-20T15:15:00,CRUDEOIL,2026-08-20,live_candles,TREND_UP,OOS,H1_CONT_BLOCKED,NO_ACTION,NO_ESTABLISHED_EDGE,H1_CONT,LONG,8291.0,8286.0,8269.37,21.63,0.42,True,1.6425,1.0,0.0,False,True,True,False,3.1438,-0.2312,True,True,True,False,2.9538,T3
2026-08-20T15:20:00,CRUDEOIL,2026-08-20,live_candles,TREND_UP,OOS,AMBIGUOUS,NO_ACTION,NO_ESTABLISHED_EDGE,H7_TRAP,LONG,8308.0,8300.0,8295.43,12.57,,True,0.8063,0.5789,0.2105,True,True,False,True,1.0342,-1.0342,True,False,False,False,-1.1138,SL
2026-08-20T15:30:00,CRUDEOIL,2026-08-20,live_candles,TREND_UP,OOS,AMBIGUOUS,NO_ACTION,NO_ESTABLISHED_EDGE,AMBIG,SHORT,8296.0,8314.0,8318.69,22.69,1.23,False,1.3725,0.8696,0.0,False,True,True,False,0.4407,-1.0137,False,False,False,True,-1.0577,SL
2026-08-20T17:40:00,CRUDEOIL,2026-08-20,live_candles,TREND_UP,OOS,H1_CONT_BLOCKED,NO_ACTION,NO_ESTABLISHED_EDGE,H1_CONT,LONG,8383.0,8369.0,8362.4,20.6,,True,2.0438,1.0,0.0,False,True,True,False,0.8252,-2.0874,False,False,False,True,-2.1359,SL
2026-08-20T17:50:00,CRUDEOIL,2026-08-20,live_candles,TREND_UP,OOS,H7_LEANING_TRAP,AVOID,SUPPORTED,H7_TRAP,SHORT,8379.0,8384.0,8400.63,21.63,1.8,False,1.9216,1.0,0.4762,True,False,False,True,3.0975,-0.6935,True,True,True,False,2.9538,T3
2026-08-20T18:10:00,CRUDEOIL,2026-08-20,live_candles,TREND_UP,OOS,H1_CONT,CONTINUATION_CANDIDATE,RESEARCH_ONLY_PROMISING,H1_CONT,SHORT,8351.0,8377.0,8371.93,20.93,12.74,True,1.4213,0.6452,0.0,False,True,True,False,3.01,0.0,True,True,True,False,2.9522,T3
2026-08-20T18:25:00,CRUDEOIL,2026-08-20,live_candles,TREND_UP,OOS,AMBIGUOUS,NO_ACTION,NO_ESTABLISHED_EDGE,H7_TRAP,SHORT,8312.0,8315.0,8330.54,18.54,12.28,True,1.1507,1.0,0.1667,True,False,False,True,1.5642,-1.2945,True,False,False,False,-1.3484,SL
2026-08-20T18:50:00,CRUDEOIL,2026-08-20,live_candles,TREND_UP,OOS,SPIKE_NO_LEVEL,NO_ACTION,NO_ESTABLISHED_EDGE,AMBIG,LONG,8296.0,,,,,,0.1143,0.1,,,,,,,,,,,,,
2026-08-20T19:00:00,CRUDEOIL,2026-08-20,live_candles,TREND_UP,OOS,H7_TRAP,AVOID,SUPPORTED,H7_TRAP,LONG,8331.0,8330.0,8315.4,15.6,4.42,False,0.8171,0.75,2.65,True,False,False,True,0.0,-1.7949,False,False,False,True,-1.859,SL
2026-08-20T19:30:00,CRUDEOIL,2026-08-20,live_candles,TREND_UP,OOS,H7_TRAP,AVOID,SUPPORTED,H7_TRAP,LONG,8307.0,8303.64,8287.43,19.57,1.48,True,0.5534,0.5263,2.4021,True,True,False,True,0.6643,-2.5038,False,False,False,True,-2.5549,SL
2026-08-20T19:40:00,CRUDEOIL,2026-08-20,live_candles,TREND_UP,OOS,H1_WEAK,NO_ACTION,NO_ESTABLISHED_EDGE,H1_WEAK,SHORT,8290.0,8308.0,8310.66,20.66,0.63,True,0.4846,0.4091,0.0,False,True,True,False,3.1946,0.0,True,True,True,False,2.9516,T3
2026-08-20T19:45:00,CRUDEOIL,2026-08-20,live_candles,TREND_UP,OOS,H1_CONT,CONTINUATION_CANDIDATE,RESEARCH_ONLY_PROMISING,H1_CONT,SHORT,8258.0,8277.0,8289.93,31.93,5.44,True,1.5839,1.0,0.0,False,True,True,False,1.0648,-1.2841,True,False,False,False,-1.3154,SL
2026-08-20T19:50:00,CRUDEOIL,2026-08-20,live_candles,TREND_UP,OOS,AMBIGUOUS,NO_ACTION,NO_ESTABLISHED_EDGE,AMBIG,SHORT,8224.0,8258.0,8263.14,39.14,3.57,False,1.7616,1.0,0.0,False,True,True,False,0.0,-1.0731,False,False,False,True,-1.0986,SL
2026-08-20T20:10:00,CRUDEOIL,2026-08-20,live_candles,TREND_UP,OOS,H7_LEANING_TRAP,AVOID,SUPPORTED,H7_TRAP,LONG,8260.0,8256.0,8239.22,20.78,2.1,True,0.9333,0.7692,0.3846,True,True,False,True,0.9625,-1.0587,False,False,False,True,-1.1068,SL
2026-08-20T20:40:00,CRUDEOIL,2026-08-20,live_candles,TREND_UP,OOS,AMBIGUOUS,NO_ACTION,NO_ESTABLISHED_EDGE,AMBIG,LONG,8262.0,8272.0,8236.89,25.11,0.4,False,1.1053,0.6486,0.0,False,False,False,False,2.4293,-0.8363,True,True,False,False,1.5133,EOD
2026-08-20T21:00:00,CRUDEOIL,2026-08-20,live_candles,TREND_UP,OOS,H1_CONT,CONTINUATION_CANDIDATE,RESEARCH_ONLY_PROMISING,H1_CONT,LONG,8304.0,8299.0,8284.37,19.63,4.89,True,1.027,0.9048,0.0,False,True,True,False,0.9679,-1.3754,False,False,False,True,-1.4264,SL
2026-08-20T21:35:00,CRUDEOIL,2026-08-20,live_candles,TREND_UP,OOS,AMBIGUOUS,NO_ACTION,NO_ESTABLISHED_EDGE,AMBIG,LONG,8315.0,8295.0,8288.16,26.84,0.3,False,1.5167,0.9286,0.0,False,True,True,False,0.0,-1.0805,False,False,False,True,-1.1177,SL
2026-08-20T21:55:00,CRUDEOIL,2026-08-20,live_candles,TREND_UP,OOS,H1_CONT_BLOCKED,NO_ACTION,NO_ESTABLISHED_EDGE,H1_CONT,SHORT,8290.0,8298.0,8311.63,21.63,0.6,True,1.4627,1.0,0.0,False,True,True,False,2.2654,-1.202,True,True,False,False,-1.2483,SL
2026-08-20T22:00:00,CRUDEOIL,2026-08-20,live_candles,TREND_UP,OOS,AMBIGUOUS,NO_ACTION,NO_ESTABLISHED_EDGE,H7_TRAP,SHORT,8286.0,8290.0,8311.75,25.75,0.35,False,1.0516,0.64,0.04,True,False,False,True,1.7476,-1.165,True,False,False,False,-1.2039,SL
2026-08-20T22:35:00,CRUDEOIL,2026-08-20,live_candles,TREND_UP,OOS,H1_CONT,CONTINUATION_CANDIDATE,RESEARCH_ONLY_PROMISING,H1_CONT,LONG,8271.0,8257.0,8250.31,20.69,1.93,True,1.2315,0.8261,0.0,False,True,True,False,2.175,-0.1933,True,True,False,False,1.4016,EOD
2026-08-21T10:10:00,CRUDEOIL,2026-08-21,live_candles,TREND_UP,OOS,H1_CONT_BLOCKED,NO_ACTION,NO_ESTABLISHED_EDGE,H1_CONT,SHORT,8288.0,8291.0,8297.27,9.27,0.43,True,1.2727,1.0,0.0,False,True,True,False,3.1284,-0.1079,True,True,True,False,2.8921,T3
2026-08-21T10:25:00,CRUDEOIL,2026-08-21,live_candles,TREND_UP,OOS,H1_CONT_BLOCKED,NO_ACTION,NO_ESTABLISHED_EDGE,H1_CONT,SHORT,8265.0,8276.0,8277.36,12.36,,True,1.6471,1.0,0.0,False,True,True,False,0.7282,-2.1845,False,False,False,True,-2.2654,SL
2026-08-21T10:55:00,CRUDEOIL,2026-08-21,live_candles,TREND_UP,OOS,AMBIGUOUS,NO_ACTION,NO_ESTABLISHED_EDGE,AMBIG,LONG,8292.0,8276.0,8273.46,18.54,0.27,False,2.3119,1.0,0.0,False,True,True,False,0.1079,-1.7799,False,False,False,True,-1.8339,SL
2026-08-21T11:00:00,CRUDEOIL,2026-08-21,live_candles,TREND_UP,OOS,SPIKE_NO_LEVEL,NO_ACTION,NO_ESTABLISHED_EDGE,AMBIG,SHORT,8288.0,,,,,,0.7119,0.4615,,,,,,,,,,,,,
2026-08-21T11:20:00,CRUDEOIL,2026-08-21,live_candles,TREND_UP,OOS,H1_WEAK,NO_ACTION,NO_ESTABLISHED_EDGE,H1_CONT,SHORT,8275.0,8279.0,8287.36,12.36,1.54,True,0.7259,0.5833,0.0,False,True,True,False,1.5372,-1.3754,True,False,False,False,-1.4563,SL
2026-08-21T11:30:00,CRUDEOIL,2026-08-21,live_candles,TREND_UP,OOS,AMBIGUOUS,NO_ACTION,NO_ESTABLISHED_EDGE,H7_TRAP,LONG,8268.0,8266.0,8255.55,12.45,1.69,False,1.098,0.8,0.2667,True,False,False,True,3.2129,-0.9639,True,True,True,False,2.9197,T3
2026-08-21T11:40:00,CRUDEOIL,2026-08-21,live_candles,TREND_UP,OOS,H7_TRAP,AVOID,SUPPORTED,H7_TRAP,SHORT,8268.0,8262.0,8277.54,9.54,1.26,False,0.0864,0.0556,1.0556,True,False,False,True,0.5241,-1.782,False,False,False,True,-1.8868,SL
2026-08-21T11:55:00,CRUDEOIL,2026-08-21,live_candles,TREND_UP,OOS,AMBIGUOUS,NO_ACTION,NO_ESTABLISHED_EDGE,AMBIG,LONG,8281.0,8277.0,8269.55,11.45,1.7,False,0.9565,0.7333,0.0,False,True,False,False,0.9607,-2.1834,False,False,False,True,-2.2707,SL
2026-08-21T12:30:00,CRUDEOIL,2026-08-21,live_candles,TREND_UP,OOS,H7_TRAP,AVOID,SUPPORTED,H7_TRAP,SHORT,8256.0,8256.0,8282.78,26.78,,False,2.0,1.0,0.7308,True,False,False,True,0.0,-1.0456,False,False,False,True,-1.0829,SL
2026-08-21T12:35:00,CRUDEOIL,2026-08-21,live_candles,TREND_UP,OOS,SPIKE_NO_LEVEL,NO_ACTION,NO_ESTABLISHED_EDGE,AMBIG,LONG,8275.0,,,,,,1.0481,0.7,,,,,,,,,,,,,
2026-08-21T12:40:00,CRUDEOIL,2026-08-21,live_candles,TREND_UP,OOS,AMBIGUOUS,NO_ACTION,NO_ESTABLISHED_EDGE,H7_TRAP,SHORT,8264.0,8273.5,8284.6,20.6,0.39,False,1.2396,0.85,0.125,True,False,False,True,0.1942,-1.1165,False,False,False,True,-1.165,SL
2026-08-21T13:15:00,CRUDEOIL,2026-08-21,live_candles,TREND_UP,OOS,H7_TRAP,AVOID,SUPPORTED,H7_TRAP,SHORT,8266.0,8263.5,8283.69,17.69,0.14,False,1.0968,0.7391,1.6739,True,False,False,True,0.0565,-1.1871,False,False,False,True,-1.2436,SL
2026-08-21T13:30:00,CRUDEOIL,2026-08-21,live_candles,TREND_UP,OOS,H7_TRAP,AVOID,SUPPORTED,H7_TRAP,LONG,8302.0,8304.0,8280.19,21.81,0.09,True,1.3184,0.7778,1.0741,True,False,False,True,0.7336,-1.238,False,False,False,True,-1.2838,SL
2026-08-21T13:35:00,CRUDEOIL,2026-08-21,live_candles,TREND_UP,OOS,H7_TRAP,AVOID,SUPPORTED,H7_TRAP,LONG,8314.0,8308.0,8297.4,16.6,,False,0.9697,0.8,1.85,True,False,False,True,0.0,-1.2048,False,False,False,True,-1.2651,SL
2026-08-21T13:45:00,CRUDEOIL,2026-08-21,live_candles,TREND_UP,OOS,H1_CONT_BLOCKED,NO_ACTION,NO_ESTABLISHED_EDGE,H1_CONT,SHORT,8275.0,8294.0,8300.75,25.75,0.21,True,1.2838,0.84,0.0,False,True,True,False,1.9029,-2.2913,True,False,False,False,-2.3301,SL
2026-08-21T14:00:00,CRUDEOIL,2026-08-21,live_candles,TREND_UP,OOS,H7_TRAP,AVOID,SUPPORTED,H7_TRAP,LONG,8275.0,8266.0,8252.34,22.66,0.7,True,1.2996,1.0,0.6818,True,False,False,True,0.0,-1.4122,False,False,False,True,-1.4563,SL
2026-08-21T14:10:00,CRUDEOIL,2026-08-21,live_candles,TREND_UP,OOS,AMBIGUOUS,NO_ACTION,NO_ESTABLISHED_EDGE,H7_TRAP,SHORT,8251.0,8251.0,8266.69,15.69,,True,0.8046,0.6522,0.1739,True,False,False,True,1.5934,-1.0198,True,False,False,False,-1.0835,SL
2026-08-21T15:30:00,CRUDEOIL,2026-08-21,live_candles,TREND_UP,OOS,H1_CONT_BLOCKED,NO_ACTION,NO_ESTABLISHED_EDGE,H1_CONT,LONG,8334.0,8318.0,8298.98,35.02,,True,2.3682,1.0,0.0,False,True,True,False,1.285,-1.028,True,False,False,False,-1.0565,SL
2026-08-21T15:35:00,CRUDEOIL,2026-08-21,live_candles,TREND_UP,OOS,H1_CONT_BLOCKED,NO_ACTION,NO_ESTABLISHED_EDGE,H1_CONT,LONG,8363.0,8334.0,8334.16,28.84,,True,1.8318,1.0,0.0,False,True,True,False,0.5548,-1.9071,False,False,False,True,-1.9417,SL
2026-08-21T15:45:00,CRUDEOIL,2026-08-21,live_candles,TREND_UP,OOS,AMBIGUOUS,NO_ACTION,NO_ESTABLISHED_EDGE,AMBIG,LONG,8360.0,8299.0,8345.31,14.69,1.29,False,0.5551,0.3913,0.0,False,True,True,False,0.1361,-1.2934,False,False,False,True,-1.3615,SL
2026-08-21T15:55:00,CRUDEOIL,2026-08-21,live_candles,TREND_UP,OOS,AMBIGUOUS,NO_ACTION,NO_ESTABLISHED_EDGE,AMBIG,SHORT,8308.0,8341.0,8343.02,35.02,0.69,False,1.8814,1.0,0.0,False,True,True,False,0.0,-1.0851,False,False,False,True,-1.1136,SL
2026-08-21T16:50:00,CRUDEOIL,2026-08-21,live_candles,TREND_UP,OOS,H1_CONT_BLOCKED,NO_ACTION,NO_ESTABLISHED_EDGE,H1_CONT,SHORT,8298.0,8344.0,8348.47,50.47,0.76,True,2.7331,1.0,0.0,False,True,True,False,0.8718,-1.2086,False,False,False,True,-1.2285,SL
2026-08-21T17:50:00,CRUDEOIL,2026-08-21,live_candles,TREND_UP,OOS,H7_TRAP,AVOID,SUPPORTED,H7_TRAP,LONG,8354.0,8345.0,8334.28,19.72,1.27,False,1.0,0.7917,0.7917,True,False,False,True,0.0,-1.3692,False,False,False,True,-1.4199,SL
2026-08-21T18:35:00,CRUDEOIL,2026-08-21,live_candles,TREND_UP,OOS,AMBIGUOUS,NO_ACTION,NO_ESTABLISHED_EDGE,H7_TRAP,LONG,8322.0,8311.0,8303.28,18.72,1.34,False,0.996,0.75,0.0417,True,False,False,True,0.9081,-1.4423,False,False,False,True,-1.4957,SL
2026-08-21T18:45:00,CRUDEOIL,2026-08-21,live_candles,TREND_UP,OOS,SPIKE_NO_LEVEL,NO_ACTION,NO_ESTABLISHED_EDGE,AMBIG,SHORT,8315.0,,,,,,0.3088,0.2069,,,,,,,,,,,,,
2026-08-21T18:50:00,CRUDEOIL,2026-08-21,live_candles,TREND_UP,OOS,H7_LEANING_TRAP,AVOID,SUPPORTED,H7_TRAP,LONG,8324.0,8328.0,8306.31,17.69,0.23,True,0.5,0.4348,0.3478,True,False,False,True,0.8479,-1.6393,False,False,False,True,-1.6959,SL
2026-08-21T19:00:00,CRUDEOIL,2026-08-21,live_candles,TREND_UP,OOS,AMBIGUOUS,NO_ACTION,NO_ESTABLISHED_EDGE,H7_TRAP,SHORT,8320.0,8320.0,8336.75,16.75,0.78,True,0.4532,0.36,0.04,True,False,False,True,0.0,-1.1343,False,False,False,True,-1.194,SL
2026-08-21T19:45:00,CRUDEOIL,2026-08-21,live_candles,TREND_UP,OOS,H7_TRAP,AVOID,SUPPORTED,H7_TRAP,SHORT,8271.0,8271.0,8296.75,25.75,0.7,False,1.4894,1.0,1.28,True,False,False,True,0.0,-1.3204,False,False,False,True,-1.3592,SL
2026-08-21T20:00:00,CRUDEOIL,2026-08-21,live_candles,TREND_UP,OOS,H7_TRAP,AVOID,SUPPORTED,H7_TRAP,LONG,8303.0,8296.0,8278.22,24.78,0.43,False,1.5413,0.9231,0.6154,True,False,False,True,0.4036,-1.251,False,False,False,True,-1.2914,SL
2026-08-21T20:05:00,CRUDEOIL,2026-08-21,live_candles,TREND_UP,OOS,SPIKE_NO_LEVEL,NO_ACTION,NO_ESTABLISHED_EDGE,AMBIG,SHORT,8288.0,,,,,,1.4644,0.8621,,,,,,,,,,,,,
2026-08-21T20:20:00,CRUDEOIL,2026-08-21,live_candles,TREND_UP,OOS,H7_TRAP,AVOID,SUPPORTED,H7_TRAP,LONG,8297.0,8289.0,8274.28,22.72,0.7,True,0.8936,0.625,0.875,True,True,False,True,0.132,-1.2764,False,False,False,True,-1.3204,SL
2026-08-21T20:40:00,CRUDEOIL,2026-08-21,live_candles,TREND_UP,OOS,H1_CONT_BLOCKED,NO_ACTION,NO_ESTABLISHED_EDGE,H1_CONT,LONG,8298.0,8276.0,8268.13,29.87,0.07,True,1.5676,1.0,0.0,False,True,True,False,2.31,-0.6361,True,True,False,False,2.2096,EOD
2026-08-21T20:55:00,CRUDEOIL,2026-08-21,live_candles,TREND_UP,OOS,H7_LEANING_TRAP,AVOID,SUPPORTED,H7_TRAP,SHORT,8280.0,8305.0,8304.72,24.72,0.89,False,1.1407,0.9167,0.5417,True,True,False,True,0.0405,-1.0518,False,False,False,True,-1.0922,SL
2026-08-21T21:00:00,CRUDEOIL,2026-08-21,live_candles,TREND_UP,OOS,AMBIGUOUS,NO_ACTION,NO_ESTABLISHED_EDGE,AMBIG,LONG,8300.0,8304.0,8278.19,21.81,0.48,True,0.841,0.6296,0.0,False,False,False,False,3.072,-0.4585,True,True,True,False,2.9541,T3
2026-08-21T21:50:00,CRUDEOIL,2026-08-21,live_candles,TREND_UP,OOS,H7_TRAP,AVOID,SUPPORTED,H7_TRAP,LONG,8317.0,8316.84,8289.19,27.81,0.29,True,1.7915,1.0,0.8089,True,False,False,True,1.7979,-0.863,True,False,False,False,1.69,EOD
2026-08-24T10:05:00,CRUDEOIL,2026-08-24,live_candles,TREND_DOWN,OOS,H7_LEANING_TRAP,AVOID,SUPPORTED,H7_TRAP,LONG,8211.0,8209.0,8198.64,12.36,0.65,False,0.7865,0.4167,0.3333,True,False,False,True,0.89,-1.2945,False,False,False,True,-1.3754,SL
2026-08-24T10:10:00,CRUDEOIL,2026-08-24,live_candles,TREND_DOWN,OOS,SPIKE_NO_LEVEL,NO_ACTION,NO_ESTABLISHED_EDGE,AMBIG,SHORT,8205.0,,,,,,0.8842,0.6667,,,,,,,,,,,,,
2026-08-24T10:20:00,CRUDEOIL,2026-08-24,live_candles,TREND_DOWN,OOS,SPIKE_NO_LEVEL,NO_ACTION,NO_ESTABLISHED_EDGE,AMBIG,SHORT,8211.0,,,,,,0.7925,0.5455,,,,,,,,,,,,,
2026-08-24T11:00:00,CRUDEOIL,2026-08-24,live_candles,TREND_DOWN,OOS,AMBIGUOUS,NO_ACTION,NO_ESTABLISHED_EDGE,H7_TRAP,LONG,8205.0,8211.0,8194.52,10.48,0.57,True,1.2174,0.625,0.25,True,False,False,True,1.4313,-2.1947,True,False,False,False,-2.2901,SL
2026-08-24T11:15:00,CRUDEOIL,2026-08-24,live_candles,TREND_DOWN,OOS,SPIKE_NO_LEVEL,NO_ACTION,NO_ESTABLISHED_EDGE,AMBIG,SHORT,8209.0,,,,,,1.2833,1.0,,,,,,,,,,,,,
2026-08-24T11:25:00,CRUDEOIL,2026-08-24,live_candles,TREND_DOWN,OOS,H1_CONT_BLOCKED,NO_ACTION,NO_ESTABLISHED_EDGE,H1_CONT,SHORT,8204.0,8212.0,8215.33,11.33,0.12,True,1.1864,0.9091,0.0,False,True,True,False,3.1774,-0.5296,True,True,True,False,2.9117,T3
2026-08-24T11:30:00,CRUDEOIL,2026-08-24,live_candles,TREND_DOWN,OOS,AMBIGUOUS,NO_ACTION,NO_ESTABLISHED_EDGE,AMBIG,SHORT,8198.0,8201.0,8210.36,12.36,0.24,False,0.8235,0.5833,0.0,False,True,True,False,3.3981,0.0,True,True,True,False,2.9191,T3
2026-08-24T11:35:00,CRUDEOIL,2026-08-24,live_candles,TREND_DOWN,OOS,SPIKE_NO_LEVEL,NO_ACTION,NO_ESTABLISHED_EDGE,AMBIG,LONG,8198.0,,,,,,1.0853,0.625,,,,,,,,,,,,,
2026-08-24T11:40:00,CRUDEOIL,2026-08-24,live_candles,TREND_DOWN,OOS,H7_TRAP,AVOID,SUPPORTED,AMBIG,SHORT,8179.0,8182.0,8192.39,13.39,,False,1.3094,1.0,0.6154,True,True,True,False,0.5975,-1.0456,False,False,False,True,-1.1202,SL
2026-08-24T11:55:00,CRUDEOIL,2026-08-24,live_candles,TREND_DOWN,OOS,H7_TRAP,AVOID,SUPPORTED,H7_TRAP,LONG,8190.0,8186.0,8178.58,11.42,1.98,False,1.0548,0.7857,0.8571,True,False,False,True,0.4378,-1.5762,False,False,False,True,-1.6637,SL
2026-08-24T12:00:00,CRUDEOIL,2026-08-24,live_candles,TREND_DOWN,OOS,AMBIGUOUS,NO_ACTION,NO_ESTABLISHED_EDGE,H1_CONT,SHORT,8177.0,8179.0,8195.69,18.69,0.32,True,1.5652,0.7826,0.1739,True,True,True,False,1.1771,-1.9262,True,False,False,False,-1.9797,SL
2026-08-24T12:55:00,CRUDEOIL,2026-08-24,live_candles,TREND_DOWN,OOS,H7_TRAP,AVOID,SUPPORTED,H7_TRAP,LONG,8182.0,8173.0,8167.58,14.42,2.63,False,1.298,1.0,0.6429,True,False,False,True,0.0,-1.595,False,False,False,True,-1.6644,SL
2026-08-24T13:00:00,CRUDEOIL,2026-08-24,live_candles,TREND_DOWN,OOS,H7_TRAP,AVOID,SUPPORTED,H7_TRAP,SHORT,8164.0,8160.0,8180.63,16.63,0.24,False,1.3413,0.7619,2.8571,True,False,False,True,0.4209,-2.9465,False,False,False,True,-3.0066,SL
2026-08-24T13:05:00,CRUDEOIL,2026-08-24,live_candles,TREND_DOWN,OOS,SPIKE_NO_LEVEL,NO_ACTION,NO_ESTABLISHED_EDGE,AMBIG,LONG,8178.0,,,,,,1.6897,1.0,,,,,,,,,,,,,
2026-08-24T13:10:00,CRUDEOIL,2026-08-24,live_candles,TREND_DOWN,OOS,H1_CONT_BLOCKED,NO_ACTION,NO_ESTABLISHED_EDGE,H1_CONT,LONG,8204.0,8182.0,8176.95,27.05,0.59,True,1.957,0.7429,0.0,False,True,True,False,0.6285,-1.3678,False,False,False,True,-1.4048,SL
2026-08-24T13:15:00,CRUDEOIL,2026-08-24,live_candles,TREND_DOWN,OOS,H7_TRAP,AVOID,SUPPORTED,H7_TRAP,LONG,8220.0,8219.91,8194.25,25.75,0.08,False,1.5707,0.92,1.3164,True,False,False,True,0.0,-1.2816,False,False,False,True,-1.3204,SL
2026-08-24T13:20:00,CRUDEOIL,2026-08-24,live_candles,TREND_DOWN,OOS,H7_TRAP,AVOID,SUPPORTED,H7_TRAP,SHORT,8187.0,8195.0,8203.48,16.48,0.29,False,0.9739,1.0,1.0625,True,False,False,True,0.0,-1.2743,False,False,False,True,-1.335,SL
2026-08-24T13:30:00,CRUDEOIL,2026-08-24,live_candles,TREND_DOWN,OOS,H7_TRAP,AVOID,SUPPORTED,H7_TRAP,SHORT,8189.0,8187.0,8209.69,20.69,0.1,False,1.098,0.8696,1.087,True,False,False,True,0.0,-1.1116,False,False,False,True,-1.16,SL
2026-08-24T13:40:00,CRUDEOIL,2026-08-24,live_candles,TREND_DOWN,OOS,H7_LEANING_TRAP,AVOID,SUPPORTED,H7_TRAP,SHORT,8196.0,8198.0,8221.75,25.75,0.39,True,0.7343,0.6,0.36,True,True,False,True,2.5243,-1.0874,True,True,False,False,-1.1262,SL
2026-08-24T13:45:00,CRUDEOIL,2026-08-24,live_candles,TREND_DOWN,OOS,H7_LEANING_TRAP,AVOID,SUPPORTED,H7_TRAP,SHORT,8188.0,8196.0,8212.72,24.72,0.08,False,0.9396,0.8333,0.4583,True,False,False,True,0.0,-1.254,False,False,False,True,-1.2945,SL
2026-08-24T14:15:00,CRUDEOIL,2026-08-24,live_candles,TREND_DOWN,OOS,AMBIGUOUS,NO_ACTION,NO_ESTABLISHED_EDGE,AMBIG,SHORT,8156.0,8155.0,8178.78,22.78,0.04,True,0.5617,0.5,0.0,False,False,False,False,1.0975,-1.2291,True,False,False,False,-1.273,SL
2026-08-24T14:45:00,CRUDEOIL,2026-08-24,live_candles,TREND_DOWN,OOS,H1_CONT,CONTINUATION_CANDIDATE,RESEARCH_ONLY_PROMISING,H1_CONT,LONG,8184.0,8158.0,8154.13,29.87,1.18,True,1.4318,0.931,0.0,False,True,True,False,0.3683,-1.0044,False,False,False,True,-1.0378,SL
2026-08-24T15:15:00,CRUDEOIL,2026-08-24,live_candles,TREND_DOWN,OOS,H7_LEANING_TRAP,AVOID,SUPPORTED,AMBIG,SHORT,8160.0,8158.0,8179.75,19.75,0.1,True,1.0857,0.76,0.4,True,False,False,False,1.1139,-1.1139,True,False,False,False,-1.1646,SL
2026-08-24T16:30:00,CRUDEOIL,2026-08-24,live_candles,TREND_DOWN,OOS,H7_LEANING_TRAP,AVOID,SUPPORTED,H7_TRAP,SHORT,8168.0,8165.0,8184.72,16.72,0.18,False,1.2584,0.6667,0.4167,True,False,False,True,0.1196,-1.256,False,False,False,True,-1.3158,SL
2026-08-24T17:00:00,CRUDEOIL,2026-08-24,live_candles,TREND_DOWN,OOS,H1_CONT_BLOCKED,NO_ACTION,NO_ESTABLISHED_EDGE,H1_CONT,SHORT,8174.0,8188.0,8202.84,28.84,0.14,True,1.6066,0.75,0.0,False,True,True,False,0.6935,-1.7337,False,False,False,True,-1.7684,SL
2026-08-24T18:00:00,CRUDEOIL,2026-08-24,live_candles,TREND_DOWN,OOS,H7_LEANING_TRAP,AVOID,SUPPORTED,H7_TRAP,LONG,8211.0,8222.0,8178.68,32.32,0.13,True,1.7843,0.5909,0.5455,True,False,False,True,0.7426,-1.021,False,False,False,True,-1.052,SL
2026-08-24T18:55:00,CRUDEOIL,2026-08-24,live_candles,TREND_DOWN,OOS,AMBIGUOUS,NO_ACTION,NO_ESTABLISHED_EDGE,H1_CONT,LONG,8223.0,8215.28,8194.16,28.84,0.03,True,0.8782,0.6071,0.1886,True,True,True,False,0.4161,-1.4216,False,False,False,True,-1.4563,SL
2026-08-24T19:20:00,CRUDEOIL,2026-08-24,live_candles,TREND_DOWN,OOS,AMBIGUOUS,NO_ACTION,NO_ESTABLISHED_EDGE,H7_TRAP,SHORT,8187.0,8195.0,8221.14,34.14,0.53,False,1.6383,0.8684,0.2105,True,False,False,True,2.4019,-0.6151,True,True,False,False,1.6403,EOD
2026-08-24T19:30:00,CRUDEOIL,2026-08-24,live_candles,TREND_DOWN,OOS,SPIKE_NO_LEVEL,NO_ACTION,NO_ESTABLISHED_EDGE,AMBIG,LONG,8203.0,,,,,,0.8,0.72,,,,,,,,,,,,,
2026-08-24T19:55:00,CRUDEOIL,2026-08-24,live_candles,TREND_DOWN,OOS,AMBIGUOUS,NO_ACTION,NO_ESTABLISHED_EDGE,AMBIG,SHORT,8141.0,8167.0,8166.99,25.99,0.38,False,1.1745,0.7576,0.1515,True,True,True,False,0.0,-1.1928,False,False,False,True,-1.2312,SL
2026-08-24T20:55:00,CRUDEOIL,2026-08-24,live_candles,TREND_DOWN,OOS,AMBIGUOUS,NO_ACTION,NO_ESTABLISHED_EDGE,AMBIG,SHORT,8109.0,8131.0,8162.56,53.56,,False,2.7576,1.0,0.0385,True,True,True,False,0.0747,-1.1202,False,False,False,True,-1.1389,SL
2026-08-24T22:35:00,CRUDEOIL,2026-08-24,live_candles,TREND_DOWN,OOS,H7_TRAP,AVOID,SUPPORTED,H7_TRAP,LONG,8158.0,8165.0,8135.01,22.99,1.17,False,0.0654,0.0303,1.0303,True,False,False,True,0.0,-1.1744,False,False,False,True,-1.2179,SL
2026-08-24T22:45:00,CRUDEOIL,2026-08-24,live_candles,TREND_DOWN,OOS,H7_TRAP,AVOID,SUPPORTED,H7_TRAP,SHORT,8131.0,8136.0,8155.72,24.72,1.05,False,0.2383,0.1667,0.75,True,False,False,True,0.2832,-0.9709,False,False,False,False,0.0,EOD
2026-08-25T10:10:00,CRUDEOIL,2026-08-25,live_candles,TREND_DOWN,HOLDOUT,H1_WEAK,NO_ACTION,NO_ESTABLISHED_EDGE,H1_WEAK,SHORT,8155.0,8162.0,8161.33,6.33,,True,0.9545,0.5455,0.0,False,True,True,False,3.0016,-0.316,True,True,True,False,2.842,T3
2026-08-25T11:00:00,CRUDEOIL,2026-08-25,live_candles,TREND_DOWN,HOLDOUT,H7_TRAP,AVOID,SUPPORTED,H7_TRAP,LONG,8146.0,8144.0,8129.52,16.48,0.55,False,0.8936,0.375,1.75,True,True,False,True,0.4248,-1.8204,False,False,False,True,-1.8811,SL
2026-08-25T11:15:00,CRUDEOIL,2026-08-25,live_candles,TREND_DOWN,HOLDOUT,H1_CONT_BLOCKED,NO_ACTION,NO_ESTABLISHED_EDGE,H1_CONT,SHORT,8116.0,8130.0,8145.87,29.87,,True,2.8,0.8621,0.0,False,True,True,False,3.2474,-0.2678,True,True,True,False,2.9665,T3
2026-08-25T11:20:00,CRUDEOIL,2026-08-25,live_candles,TREND_DOWN,HOLDOUT,H1_CONT_BLOCKED,NO_ACTION,NO_ESTABLISHED_EDGE,H1_CONT,SHORT,8105.0,8116.0,8124.63,19.63,,True,1.9851,0.9048,0.0,False,True,True,False,4.381,-0.4075,True,True,True,False,2.9491,T3
2026-08-25T11:25:00,CRUDEOIL,2026-08-25,live_candles,TREND_DOWN,HOLDOUT,H1_WEAK,NO_ACTION,NO_ESTABLISHED_EDGE,H1_WEAK,SHORT,8094.0,8103.0,8104.69,10.69,,True,0.9032,0.4348,0.0,False,True,True,False,2.8999,-1.2161,True,True,False,False,-1.3096,SL
2026-08-25T11:30:00,CRUDEOIL,2026-08-25,live_candles,TREND_DOWN,HOLDOUT,AMBIGUOUS,NO_ACTION,NO_ESTABLISHED_EDGE,AMBIG,SHORT,8086.0,8081.0,8098.66,12.66,0.39,True,0.9655,0.5455,0.0,False,False,False,False,1.8167,-1.6588,True,False,False,False,-1.7378,SL
2026-08-25T12:05:00,CRUDEOIL,2026-08-25,live_candles,TREND_DOWN,HOLDOUT,H7_LEANING_TRAP,AVOID,SUPPORTED,AMBIG,LONG,8107.0,8083.0,8079.19,27.81,3.12,False,1.6579,1.0,0.5185,True,True,True,False,0.0,-1.3664,False,False,False,True,-1.4024,SL
2026-08-25T12:20:00,CRUDEOIL,2026-08-25,live_candles,TREND_DOWN,HOLDOUT,AMBIGUOUS,NO_ACTION,NO_ESTABLISHED_EDGE,AMBIG,SHORT,8069.0,8098.0,8098.87,29.87,0.2,False,1.5922,1.0,0.0,False,True,True,False,0.2009,-1.1048,False,False,False,True,-1.1383,SL
2026-08-25T13:50:00,CRUDEOIL,2026-08-25,live_candles,TREND_DOWN,HOLDOUT,AMBIGUOUS,NO_ACTION,NO_ESTABLISHED_EDGE,AMBIG,SHORT,8019.0,8063.0,8103.46,84.46,,False,4.6478,1.0,0.0,False,True,True,False,2.7942,-0.2842,True,True,False,False,2.1904,EOD
2026-08-25T13:55:00,CRUDEOIL,2026-08-25,live_candles,TREND_DOWN,HOLDOUT,SPIKE_NO_LEVEL,NO_ACTION,NO_ESTABLISHED_EDGE,AMBIG,LONG,8026.0,,,,,,0.8615,0.5,,,,,,,,,,,,,
2026-08-25T14:00:00,CRUDEOIL,2026-08-25,live_candles,TREND_DOWN,HOLDOUT,AMBIGUOUS,NO_ACTION,NO_ESTABLISHED_EDGE,AMBIG,SHORT,8019.0,8079.0,8043.72,24.72,0.77,False,0.4133,0.3333,0.0,False,True,True,False,3.5194,0.0,True,True,True,False,2.9595,T3
2026-08-25T14:25:00,CRUDEOIL,2026-08-25,live_candles,TREND_DOWN,HOLDOUT,AMBIGUOUS,NO_ACTION,NO_ESTABLISHED_EDGE,AMBIG,SHORT,7942.0,7965.0,7961.87,19.87,,False,0.8471,0.6552,0.0,False,True,True,False,3.2209,-0.2013,True,True,True,False,2.9497,T3
2026-08-25T14:45:00,CRUDEOIL,2026-08-25,live_candles,TREND_DOWN,HOLDOUT,H7_TRAP,AVOID,SUPPORTED,H7_TRAP,LONG,7915.0,7923.0,7899.25,15.75,8.13,False,0.423,0.4,1.8,True,False,False,True,0.0,-1.2063,False,False,False,True,-1.2698,SL
2026-08-25T15:00:00,CRUDEOIL,2026-08-25,live_candles,TREND_DOWN,HOLDOUT,H1_CONT_BLOCKED,NO_ACTION,NO_ESTABLISHED_EDGE,H1_CONT,SHORT,7878.0,7896.0,7913.02,35.02,,True,1.5867,1.0,0.0,False,True,True,False,2.7127,-0.6568,True,True,False,False,1.2564,EOD
2026-08-25T15:30:00,CRUDEOIL,2026-08-25,live_candles,TREND_DOWN,HOLDOUT,AMBIGUOUS,NO_ACTION,NO_ESTABLISHED_EDGE,AMBIG,LONG,7880.0,7855.0,7846.01,33.99,0.94,False,1.65,1.0,0.0,False,True,True,False,0.4413,-1.677,False,False,False,True,-1.7064,SL
2026-08-25T16:10:00,CRUDEOIL,2026-08-25,live_candles,TREND_DOWN,HOLDOUT,AMBIGUOUS,NO_ACTION,NO_ESTABLISHED_EDGE,AMBIG,LONG,7889.0,7877.0,7861.19,27.81,0.14,False,1.7182,1.0,0.0,False,True,True,False,0.2157,-1.2585,False,False,False,True,-1.2945,SL
2026-08-25T17:15:00,CRUDEOIL,2026-08-25,live_candles,TREND_DOWN,HOLDOUT,AMBIGUOUS,NO_ACTION,NO_ESTABLISHED_EDGE,AMBIG,SHORT,7823.0,7842.0,7848.75,25.75,,False,1.6908,1.0,0.0,False,True,True,False,0.1553,-1.5922,False,False,False,True,-1.6311,SL
2026-08-25T17:40:00,CRUDEOIL,2026-08-25,live_candles,TREND_DOWN,HOLDOUT,H1_CONT_BLOCKED,NO_ACTION,NO_ESTABLISHED_EDGE,H1_CONT,LONG,7863.0,7840.0,7828.98,34.02,0.38,True,2.0766,0.9118,0.0,False,True,True,False,0.7643,-1.264,False,False,False,True,-1.2934,SL
2026-08-25T18:40:00,CRUDEOIL,2026-08-25,live_candles,TREND_DOWN,HOLDOUT,H7_TRAP,AVOID,SUPPORTED,H7_TRAP,SHORT,7827.0,7822.92,7846.78,19.78,0.21,False,1.0673,0.6538,2.08,True,False,False,True,0.0,-1.5672,False,False,False,True,-1.6178,SL
2026-08-25T18:45:00,CRUDEOIL,2026-08-25,live_candles,TREND_DOWN,HOLDOUT,H1_CONT_BLOCKED,NO_ACTION,NO_ESTABLISHED_EDGE,H1_CONT,LONG,7858.0,7846.0,7832.25,25.75,0.12,True,1.4344,1.0,0.0,False,True,True,False,1.6699,-1.9417,True,False,False,False,-1.9806,SL
2026-08-25T19:30:00,CRUDEOIL,2026-08-25,live_candles,TREND_DOWN,HOLDOUT,AMBIGUOUS,NO_ACTION,NO_ESTABLISHED_EDGE,H7_TRAP,LONG,7893.0,7876.0,7864.95,28.05,7.28,False,1.1618,0.5714,0.2286,True,False,False,True,0.0,-1.1408,False,False,False,True,-1.1765,SL
2026-08-26T10:20:00,CRUDEOIL,2026-08-26,live_candles,TREND_UP,HOLDOUT,H1_CONT_BLOCKED,NO_ACTION,NO_ESTABLISHED_EDGE,H1_CONT,LONG,7682.0,7677.0,7670.58,11.42,,True,1.3276,0.7857,0.0,False,True,True,False,3.1524,-0.2627,True,True,True,False,2.9124,T3
2026-08-26T10:30:00,CRUDEOIL,2026-08-26,live_candles,TREND_UP,HOLDOUT,H7_TRAP,AVOID,SUPPORTED,H7_TRAP,SHORT,7679.0,7685.0,7696.51,17.51,0.97,False,1.7246,1.0,1.1765,True,False,False,True,0.0,-1.542,False,False,False,True,-1.5991,SL
2026-08-26T11:05:00,CRUDEOIL,2026-08-26,live_candles,TREND_UP,HOLDOUT,H1_CONT_BLOCKED,NO_ACTION,NO_ESTABLISHED_EDGE,H1_CONT,LONG,7712.0,7707.0,7695.52,16.48,0.06,True,1.0694,0.6875,0.0,False,True,True,False,0.5461,-1.4563,False,False,False,True,-1.517,SL
2026-08-26T12:05:00,CRUDEOIL,2026-08-26,live_candles,TREND_UP,HOLDOUT,H1_CONT_BLOCKED,NO_ACTION,NO_ESTABLISHED_EDGE,H1_CONT,SHORT,7688.0,7708.0,7711.69,23.69,0.95,True,2.0276,0.913,0.0,False,True,True,False,3.1659,-0.3377,True,True,True,False,2.9578,T3
2026-08-26T12:10:00,CRUDEOIL,2026-08-26,live_candles,TREND_UP,HOLDOUT,AMBIGUOUS,NO_ACTION,NO_ESTABLISHED_EDGE,AMBIG,SHORT,7671.0,7688.0,7686.45,15.45,0.36,False,1.3333,0.9333,0.0,False,True,True,False,0.3236,-1.6181,False,False,False,True,-1.6828,SL
2026-08-26T12:30:00,CRUDEOIL,2026-08-26,live_candles,TREND_UP,HOLDOUT,H1_CONT_BLOCKED,NO_ACTION,NO_ESTABLISHED_EDGE,H1_WEAK,SHORT,7672.0,7680.0,7696.81,24.81,0.2,True,1.1166,0.4815,0.0,False,True,True,False,2.7005,-1.048,True,True,False,False,-1.0883,SL
2026-08-26T13:00:00,CRUDEOIL,2026-08-26,live_candles,TREND_UP,HOLDOUT,H7_LEANING_TRAP,AVOID,SUPPORTED,H7_TRAP,SHORT,7645.0,7648.0,7667.66,22.66,,False,1.1864,0.6818,0.5455,True,False,False,True,0.7944,-1.677,False,False,False,True,-1.7211,SL
2026-08-26T13:05:00,CRUDEOIL,2026-08-26,live_candles,TREND_UP,HOLDOUT,SPIKE_NO_LEVEL,NO_ACTION,NO_ESTABLISHED_EDGE,AMBIG,LONG,7660.0,,,,,,0.3763,0.3125,,,,,,,,,,,,,
2026-08-26T13:15:00,CRUDEOIL,2026-08-26,live_candles,TREND_UP,HOLDOUT,AMBIGUOUS,NO_ACTION,NO_ESTABLISHED_EDGE,AMBIG,SHORT,7640.0,7644.0,7652.57,12.57,,False,0.3011,0.2105,0.0,False,True,True,False,1.0342,-1.1933,True,False,False,False,-1.2729,SL
2026-08-26T13:50:00,CRUDEOIL,2026-08-26,live_candles,TREND_UP,HOLDOUT,H7_TRAP,AVOID,SUPPORTED,H7_TRAP,LONG,7676.0,7672.0,7658.28,17.72,1.6,False,1.2268,0.7083,2.2083,True,False,False,True,0.0,-3.5553,False,False,False,True,-3.6117,SL
2026-08-26T14:00:00,CRUDEOIL,2026-08-26,live_candles,TREND_UP,HOLDOUT,AMBIGUOUS,NO_ACTION,NO_ESTABLISHED_EDGE,H7_TRAP,SHORT,7619.0,7627.0,7656.26,37.26,,False,1.786,0.7381,0.1429,True,False,False,True,0.3757,-1.0735,False,False,False,True,-1.1004,SL
2026-08-26T14:05:00,CRUDEOIL,2026-08-26,live_candles,TREND_UP,HOLDOUT,SPIKE_NO_LEVEL,NO_ACTION,NO_ESTABLISHED_EDGE,AMBIG,LONG,7627.0,,,,,,0.1124,0.1176,,,,,,,,,,,,,
2026-08-26T14:15:00,CRUDEOIL,2026-08-26,live_candles,TREND_UP,HOLDOUT,AMBIGUOUS,NO_ACTION,NO_ESTABLISHED_EDGE,AMBIG,SHORT,7620.0,7644.93,7636.54,16.54,0.48,False,0.3429,0.3333,0.0,False,True,True,False,0.9069,-1.7533,False,False,False,True,-1.8138,SL
2026-08-26T14:45:00,CRUDEOIL,2026-08-26,live_candles,TREND_UP,HOLDOUT,SPIKE_NO_LEVEL,NO_ACTION,NO_ESTABLISHED_EDGE,AMBIG,LONG,7619.0,,,,,,0.4409,0.3636,,,,,,,,,,,,,
2026-08-26T15:00:00,CRUDEOIL,2026-08-26,live_candles,TREND_UP,HOLDOUT,AMBIGUOUS,NO_ACTION,NO_ESTABLISHED_EDGE,AMBIG,SHORT,7634.0,7635.0,7659.78,25.78,1.12,False,0.9545,0.6923,0.0,False,False,False,False,0.4267,-1.1637,False,False,False,True,-1.2025,SL
2026-08-26T15:45:00,CRUDEOIL,2026-08-26,live_candles,TREND_UP,HOLDOUT,H7_LEANING_TRAP,AVOID,SUPPORTED,H7_TRAP,LONG,7655.0,7655.0,7635.37,19.63,1.33,False,0.2667,0.1905,0.5238,True,False,False,True,4.2792,-0.5604,True,True,True,False,2.9491,T3
2026-08-26T15:50:00,CRUDEOIL,2026-08-26,live_candles,TREND_UP,HOLDOUT,SPIKE_NO_LEVEL,NO_ACTION,NO_ESTABLISHED_EDGE,AMBIG,SHORT,7644.0,,,,,,1.2963,1.0,,,,,,,,,,,,,
2026-08-26T18:20:00,CRUDEOIL,2026-08-26,live_candles,TREND_UP,HOLDOUT,AMBIGUOUS,NO_ACTION,NO_ESTABLISHED_EDGE,H7_TRAP,LONG,7694.0,7693.21,7656.92,37.08,0.73,True,2.8475,1.0,0.0058,True,True,False,True,3.2632,-0.1348,True,True,True,False,2.973,T3
2026-08-26T18:30:00,CRUDEOIL,2026-08-26,live_candles,TREND_UP,HOLDOUT,SPIKE_NO_LEVEL,NO_ACTION,NO_ESTABLISHED_EDGE,AMBIG,SHORT,7693.0,,,,,,1.266,0.8947,,,,,,,,,,,,,
2026-08-26T18:35:00,CRUDEOIL,2026-08-26,live_candles,TREND_UP,HOLDOUT,H7_LEANING_TRAP,AVOID,SUPPORTED,H7_TRAP,LONG,7739.0,7721.0,7697.8,41.2,,False,2.5339,1.0,0.375,True,True,False,True,3.301,-0.801,True,True,True,False,2.9757,T3
2026-08-26T18:45:00,CRUDEOIL,2026-08-26,live_candles,TREND_UP,HOLDOUT,H7_TRAP,AVOID,SUPPORTED,H1_CONT,SHORT,7706.0,7719.0,7728.66,22.66,2.25,True,0.7552,0.5909,0.9545,True,True,True,False,0.0,-1.5004,False,False,False,True,-1.5446,SL
2026-08-26T19:00:00,CRUDEOIL,2026-08-26,live_candles,TREND_UP,HOLDOUT,H1_CONT_BLOCKED,NO_ACTION,NO_ESTABLISHED_EDGE,H1_CONT,LONG,7740.0,7739.0,7708.07,31.93,,True,1.6887,1.0,0.0,False,True,True,False,3.1945,0.0,True,True,True,False,2.9687,T3
2026-08-26T19:15:00,CRUDEOIL,2026-08-26,live_candles,TREND_UP,HOLDOUT,AMBIGUOUS,NO_ACTION,NO_ESTABLISHED_EDGE,AMBIG,LONG,7792.0,7767.0,7763.16,28.84,,False,1.395,1.0,0.0,False,True,True,False,3.1207,-0.7282,True,True,True,False,2.9653,T3
2026-08-26T20:15:00,CRUDEOIL,2026-08-26,live_candles,TREND_UP,HOLDOUT,AMBIGUOUS,NO_ACTION,NO_ESTABLISHED_EDGE,AMBIG,LONG,7818.0,7815.0,7805.4,12.6,,False,0.5078,0.35,0.0,False,True,True,False,3.1746,-0.873,True,True,True,False,2.9206,T3
2026-08-26T20:40:00,CRUDEOIL,2026-08-26,live_candles,TREND_UP,HOLDOUT,AMBIGUOUS,NO_ACTION,NO_ESTABLISHED_EDGE,AMBIG,LONG,7842.0,7833.0,7820.37,21.63,,False,1.6705,1.0,0.0,False,True,True,False,3.2362,0.0,True,True,True,False,2.9538,T3
2026-08-26T20:55:00,CRUDEOIL,2026-08-26,live_candles,TREND_UP,HOLDOUT,H1_WEAK,NO_ACTION,NO_ESTABLISHED_EDGE,H1_CONT,LONG,7867.0,7859.0,7854.4,12.6,,True,0.8984,0.6,0.0,False,True,True,False,3.5714,-0.9524,True,True,True,False,2.9206,T3
2026-08-26T21:05:00,CRUDEOIL,2026-08-26,live_candles,TREND_UP,HOLDOUT,H7_TRAP,AVOID,SUPPORTED,AMBIG,SHORT,7861.0,7865.0,7882.63,21.63,1.85,False,1.5,1.0,2.2381,True,True,True,False,0.2774,-2.3578,False,False,False,True,-2.4041,SL
2026-08-26T21:20:00,CRUDEOIL,2026-08-26,live_candles,TREND_UP,HOLDOUT,AMBIGUOUS,NO_ACTION,NO_ESTABLISHED_EDGE,AMBIG,LONG,7912.0,7882.0,7866.68,45.32,,False,2.5455,1.0,0.0,False,True,True,False,1.1033,-0.5296,True,False,False,False,-0.5296,EOD
2026-08-26T21:45:00,CRUDEOIL,2026-08-26,live_candles,TREND_UP,HOLDOUT,H1_CONT_BLOCKED,NO_ACTION,NO_ESTABLISHED_EDGE,H1_CONT,LONG,7948.0,7925.0,7919.01,28.99,,True,1.4572,0.8485,0.0,False,True,True,False,0.4829,-1.1383,False,False,False,True,-1.1728,SL
2026-08-26T21:55:00,CRUDEOIL,2026-08-26,live_candles,TREND_UP,HOLDOUT,H7_LEANING_TRAP,AVOID,SUPPORTED,H7_TRAP,SHORT,7942.0,7944.0,7962.75,20.75,4.19,False,1.0487,0.8,0.32,True,False,False,True,2.6024,-0.4819,True,True,False,False,2.6024,EOD
2026-08-27T11:00:00,CRUDEOIL,2026-08-27,live_candles,TREND_UP,HOLDOUT,SPIKE_NO_LEVEL,NO_ACTION,NO_ESTABLISHED_EDGE,AMBIG,LONG,7809.0,,,,,,1.8118,0.6875,,,,,,,,,,,,,
2026-08-27T11:25:00,CRUDEOIL,2026-08-27,live_candles,TREND_UP,HOLDOUT,AMBIGUOUS,NO_ACTION,NO_ESTABLISHED_EDGE,H7_TRAP,SHORT,7792.0,7793.0,7811.57,19.57,,False,2.486,1.0,0.2632,True,False,False,True,3.4236,-0.3577,True,True,True,False,2.9489,T3
2026-08-27T12:05:00,CRUDEOIL,2026-08-27,live_candles,TREND_UP,HOLDOUT,AMBIGUOUS,NO_ACTION,NO_ESTABLISHED_EDGE,AMBIG,SHORT,7760.0,7783.0,7782.66,22.66,,False,2.1096,1.0,0.0,False,True,True,False,1.5446,-1.2798,True,False,False,False,-1.3239,SL
2026-08-27T12:30:00,CRUDEOIL,2026-08-27,live_candles,TREND_UP,HOLDOUT,H1_CONT_BLOCKED,NO_ACTION,NO_ESTABLISHED_EDGE,H1_CONT,SHORT,7736.0,7755.0,7754.54,18.54,,True,1.6051,1.0,0.0,False,True,True,False,0.5933,-1.5102,False,False,False,True,-1.5642,SL
2026-08-27T12:55:00,CRUDEOIL,2026-08-27,live_candles,TREND_UP,HOLDOUT,AMBIGUOUS,NO_ACTION,NO_ESTABLISHED_EDGE,AMBIG,LONG,7757.0,7747.0,7747.52,9.48,8.63,False,0.7636,0.5625,0.0,False,True,True,False,3.3755,-0.1055,True,True,True,False,2.8945,T3
2026-08-27T13:05:00,CRUDEOIL,2026-08-27,live_candles,TREND_UP,HOLDOUT,H7_LEANING_TRAP,AVOID,SUPPORTED,H7_TRAP,LONG,7780.0,7767.0,7758.37,21.63,2.72,False,1.6243,1.0,0.4762,True,False,False,True,0.0,-1.1096,False,False,False,True,-1.1558,SL
2026-08-27T13:25:00,CRUDEOIL,2026-08-27,live_candles,TREND_UP,HOLDOUT,AMBIGUOUS,NO_ACTION,NO_ESTABLISHED_EDGE,AMBIG,LONG,7789.0,7780.0,7759.13,29.87,1.67,False,2.0821,1.0,0.0,False,True,True,False,3.7161,-0.4687,True,True,True,False,2.9665,T3
2026-08-27T13:40:00,CRUDEOIL,2026-08-27,live_candles,TREND_UP,HOLDOUT,AMBIGUOUS,NO_ACTION,NO_ESTABLISHED_EDGE,AMBIG,LONG,7792.0,7788.0,7774.49,17.51,0.17,False,0.0,0.0,0.0,False,True,True,False,3.1982,-0.2284,True,True,True,False,2.9429,T3
2026-08-27T14:15:00,CRUDEOIL,2026-08-27,live_candles,TREND_UP,HOLDOUT,H7_TRAP,AVOID,SUPPORTED,H7_TRAP,SHORT,7812.0,7805.0,7823.57,11.57,0.61,False,0.7368,0.5789,2.0526,True,False,False,True,0.7779,-1.6422,False,False,False,True,-1.7286,SL
2026-08-27T14:40:00,CRUDEOIL,2026-08-27,live_candles,TREND_UP,HOLDOUT,H1_CONT_BLOCKED,NO_ACTION,NO_ESTABLISHED_EDGE,H1_CONT,LONG,7865.0,7852.0,7842.34,22.66,,True,1.4528,1.0,0.0,False,True,True,False,3.0891,-0.7061,True,True,True,False,2.9559,T3
2026-08-27T14:50:00,CRUDEOIL,2026-08-27,live_candles,TREND_UP,HOLDOUT,AMBIGUOUS,NO_ACTION,NO_ESTABLISHED_EDGE,AMBIG,SHORT,7855.0,7863.0,7872.63,17.63,2.95,False,1.1019,0.8095,0.0,False,True,True,False,0.3403,-1.021,False,False,False,True,-1.0777,SL
2026-08-27T16:10:00,CRUDEOIL,2026-08-27,live_candles,TREND_UP,HOLDOUT,H7_TRAP,AVOID,SUPPORTED,H7_TRAP,SHORT,7867.0,7868.0,7892.75,25.75,4.17,False,2.0349,1.0,0.76,True,False,False,True,0.233,-1.0097,False,False,False,True,-1.0485,SL
2026-08-27T16:20:00,CRUDEOIL,2026-08-27,live_candles,TREND_UP,HOLDOUT,AMBIGUOUS,NO_ACTION,NO_ESTABLISHED_EDGE,AMBIG,LONG,7887.0,7870.0,7870.37,16.63,0.48,False,1.1667,0.7619,0.0,False,True,True,False,0.5412,-1.2628,False,False,False,True,-1.3229,SL
2026-08-27T16:30:00,CRUDEOIL,2026-08-27,live_candles,TREND_UP,HOLDOUT,H7_TRAP,AVOID,SUPPORTED,H7_TRAP,LONG,7888.0,7892.0,7872.43,15.57,0.26,True,1.0096,0.7895,1.0526,True,False,False,True,0.2569,-1.0276,False,False,False,True,-1.0918,SL
2026-08-27T16:40:00,CRUDEOIL,2026-08-27,live_candles,TREND_UP,HOLDOUT,H7_TRAP,AVOID,SUPPORTED,H7_TRAP,SHORT,7872.0,7873.0,7891.57,19.57,5.93,False,1.0825,0.7895,0.7895,True,False,False,True,0.0511,-1.0731,False,False,False,True,-1.1242,SL
2026-08-27T17:05:00,CRUDEOIL,2026-08-27,live_candles,TREND_UP,HOLDOUT,AMBIGUOUS,NO_ACTION,NO_ESTABLISHED_EDGE,H7_TRAP,LONG,7892.0,7896.0,7874.34,17.66,0.23,True,1.107,0.7727,0.1818,True,False,False,True,0.906,-1.359,False,False,False,True,-1.4156,SL
2026-08-27T17:55:00,CRUDEOIL,2026-08-27,live_candles,TREND_UP,HOLDOUT,AMBIGUOUS,NO_ACTION,NO_ESTABLISHED_EDGE,AMBIG,LONG,7894.0,7886.0,7867.22,26.78,0.22,False,0.9515,0.5385,0.0,False,True,True,False,1.9417,-1.0456,True,False,False,False,-1.0829,SL
2026-08-27T18:15:00,CRUDEOIL,2026-08-27,live_candles,TREND_UP,HOLDOUT,H7_LEANING_TRAP,AVOID,SUPPORTED,H7_TRAP,LONG,7907.0,7908.0,7888.4,18.6,0.05,True,1.3622,0.9,0.35,True,False,False,True,0.8602,-1.2903,False,False,False,True,-1.3441,SL
2026-08-27T18:30:00,CRUDEOIL,2026-08-27,live_candles,TREND_UP,HOLDOUT,AMBIGUOUS,NO_ACTION,NO_ESTABLISHED_EDGE,AMBIG,SHORT,7904.0,7898.0,7920.75,16.75,1.25,True,1.0182,0.64,0.16,True,False,False,False,1.2537,-1.0746,True,False,False,False,-1.1343,SL
2026-08-27T18:35:00,CRUDEOIL,2026-08-27,live_candles,TREND_UP,HOLDOUT,H7_LEANING_TRAP,AVOID,SUPPORTED,H7_TRAP,SHORT,7890.0,7895.0,7910.6,20.6,0.34,False,1.2389,1.0,0.45,True,False,False,True,0.3398,-1.5534,False,False,False,True,-1.6019,SL
2026-08-27T19:00:00,CRUDEOIL,2026-08-27,live_candles,TREND_UP,HOLDOUT,AMBIGUOUS,NO_ACTION,NO_ESTABLISHED_EDGE,AMBIG,LONG,7922.0,7907.0,7899.34,22.66,0.04,False,1.1713,0.9545,0.1364,True,True,True,False,1.0591,-1.3239,True,False,False,False,-1.368,SL
2026-08-27T20:15:00,CRUDEOIL,2026-08-27,live_candles,TREND_UP,HOLDOUT,H7_TRAP,AVOID,SUPPORTED,H7_TRAP,LONG,7880.0,7888.45,7871.43,8.57,0.99,False,0.2019,0.1579,2.1816,True,False,False,True,0.3501,-1.6336,False,False,False,True,-1.7503,SL
2026-08-27T20:25:00,CRUDEOIL,2026-08-27,live_candles,TREND_UP,HOLDOUT,H7_TRAP,AVOID,SUPPORTED,H7_TRAP,SHORT,7847.0,7866.0,7867.6,20.6,4.47,True,1.0968,0.85,0.95,True,True,False,True,0.0,-1.4563,False,False,False,True,-1.5049,SL
2026-08-27T20:35:00,CRUDEOIL,2026-08-27,live_candles,TREND_UP,HOLDOUT,H1_CONT_BLOCKED,NO_ACTION,NO_ESTABLISHED_EDGE,H1_CONT,LONG,7877.0,7859.0,7855.37,21.63,0.53,True,1.3486,1.0,0.0,False,True,True,False,4.7157,-0.3699,True,True,True,False,2.9538,T3
2026-08-27T21:50:00,CRUDEOIL,2026-08-27,live_candles,TREND_UP,HOLDOUT,H7_LEANING_TRAP,AVOID,SUPPORTED,H7_TRAP,LONG,7913.0,7913.0,7889.31,23.69,1.39,False,1.5114,0.8261,0.4348,True,False,False,True,3.5458,-0.4643,True,True,True,False,2.9578,T3
2026-08-27T23:10:00,CRUDEOIL,2026-08-27,live_candles,TREND_UP,HOLDOUT,H1_CONT_BLOCKED,NO_ACTION,NO_ESTABLISHED_EDGE,H1_CONT,LONG,7935.0,7931.0,7915.43,19.57,0.56,True,2.0152,1.0,0.0,False,True,True,False,3.1681,0.0,True,True,True,False,2.9489,T3
2026-08-27T23:15:00,CRUDEOIL,2026-08-27,live_candles,TREND_UP,HOLDOUT,SPIKE_NO_LEVEL,NO_ACTION,NO_ESTABLISHED_EDGE,AMBIG,SHORT,7956.0,,,,,,0.1677,0.069,,,,,,,,,,,,,
2026-08-27T23:20:00,CRUDEOIL,2026-08-27,live_candles,TREND_UP,HOLDOUT,H1_CONT_BLOCKED,NO_ACTION,NO_ESTABLISHED_EDGE,H1_CONT,LONG,7997.0,7979.0,7939.32,57.68,,True,3.6636,1.0,0.0,False,True,True,False,0.6588,-0.1387,False,False,False,False,0.5721,EOD
2026-08-27T23:25:00,CRUDEOIL,2026-08-27,live_candles,TREND_UP,HOLDOUT,H1_CONT_BLOCKED,NO_ACTION,NO_ESTABLISHED_EDGE,H1_CONT,LONG,8030.0,7997.0,7987.62,42.38,,True,2.2778,0.8913,0.0,False,True,True,False,0.0,0.0,False,False,False,False,0.0,EOD
2026-08-28T10:00:00,CRUDEOIL,2026-08-28,live_candles,CHOP,HOLDOUT,H1_CONT_BLOCKED,NO_ACTION,NO_ESTABLISHED_EDGE,H1_CONT,LONG,7962.0,7954.0,7952.73,9.27,0.11,True,1.6508,0.8889,0.0,False,True,True,False,1.5102,-2.4811,True,False,False,False,-2.589,SL
2026-08-28T10:10:00,CRUDEOIL,2026-08-28,live_candles,CHOP,HOLDOUT,H1_CONT_BLOCKED,NO_ACTION,NO_ESTABLISHED_EDGE,H1_CONT,LONG,7968.0,7965.0,7960.76,7.24,,True,1.0606,0.625,0.0,False,True,True,False,1.105,-1.3812,True,False,False,False,-1.5193,SL
2026-08-28T10:30:00,CRUDEOIL,2026-08-28,live_candles,CHOP,HOLDOUT,H7_TRAP,AVOID,SUPPORTED,H7_TRAP,SHORT,7967.0,7967.0,7976.27,9.27,1.95,False,1.0448,0.5556,0.7778,True,False,False,True,3.0205,-0.7551,True,True,True,False,2.8921,T3
2026-08-28T11:00:00,CRUDEOIL,2026-08-28,live_candles,CHOP,HOLDOUT,H7_TRAP,AVOID,SUPPORTED,H7_TRAP,SHORT,7939.0,7947.0,7960.63,21.63,,True,3.2308,1.0,0.9048,True,True,False,True,0.4161,-1.2483,False,False,False,True,-1.2945,SL
2026-08-28T11:05:00,CRUDEOIL,2026-08-28,live_candles,CHOP,HOLDOUT,H7_TRAP,AVOID,SUPPORTED,H7_TRAP,SHORT,7930.0,7939.0,7945.45,15.45,,False,2.0192,1.0,1.8,True,False,False,True,0.0,-2.3301,False,False,False,True,-2.3948,SL
2026-08-28T11:10:00,CRUDEOIL,2026-08-28,live_candles,CHOP,HOLDOUT,H1_CONT_BLOCKED,NO_ACTION,NO_ESTABLISHED_EDGE,H1_CONT,LONG,7966.0,7945.0,7933.04,32.96,0.06,True,3.4198,1.0,0.0,False,True,True,False,0.0,-1.0922,False,False,False,True,-1.1226,SL
2026-08-28T11:30:00,CRUDEOIL,2026-08-28,live_candles,CHOP,HOLDOUT,H7_TRAP,AVOID,SUPPORTED,H7_TRAP,LONG,7961.0,7966.0,7953.64,7.36,0.68,False,0.6364,0.5833,2.6667,True,False,False,True,0.0,-2.1739,False,False,False,True,-2.3098,SL
2026-08-28T11:35:00,CRUDEOIL,2026-08-28,live_candles,CHOP,HOLDOUT,AMBIGUOUS,NO_ACTION,NO_ESTABLISHED_EDGE,AMBIG,SHORT,7945.0,7948.69,7961.48,16.48,0.91,False,1.3576,1.0,0.0,False,True,True,False,1.5777,-1.335,True,False,False,False,-1.3956,SL
2026-08-28T12:35:00,CRUDEOIL,2026-08-28,live_candles,CHOP,HOLDOUT,AMBIGUOUS,NO_ACTION,NO_ESTABLISHED_EDGE,AMBIG,LONG,7967.0,7936.0,7927.86,39.14,0.16,False,2.9392,1.0,0.0,False,True,True,False,0.0,-1.4308,False,False,False,True,-1.4563,SL
2026-08-28T12:40:00,CRUDEOIL,2026-08-28,live_candles,CHOP,HOLDOUT,AMBIGUOUS,NO_ACTION,NO_ESTABLISHED_EDGE,H7_TRAP,SHORT,7945.0,7947.93,7967.66,22.66,1.15,False,1.6126,1.0,0.0941,True,True,False,True,2.3831,-1.1033,True,True,False,False,-1.1474,SL
2026-08-28T12:45:00,CRUDEOIL,2026-08-28,live_candles,CHOP,HOLDOUT,H7_LEANING_TRAP,AVOID,SUPPORTED,H7_TRAP,SHORT,7943.0,7945.0,7956.51,13.51,1.78,False,0.2917,0.2353,0.2941,True,False,False,True,3.701,-0.5181,True,True,True,False,2.926,T3
2026-08-28T13:10:00,CRUDEOIL,2026-08-28,live_candles,CHOP,HOLDOUT,H7_TRAP,AVOID,SUPPORTED,H7_TRAP,SHORT,7914.0,7914.0,7933.57,19.57,0.15,False,0.8465,0.6842,0.6316,True,False,False,True,0.1022,-1.022,False,False,False,True,-1.0731,SL
2026-08-28T13:45:00,CRUDEOIL,2026-08-28,live_candles,CHOP,HOLDOUT,H7_TRAP,AVOID,SUPPORTED,H7_TRAP,LONG,7943.0,7934.0,7932.49,10.51,2.04,False,0.6965,0.5882,0.9412,True,False,False,True,0.0,-1.9029,False,False,False,True,-1.9981,SL
2026-08-28T14:00:00,CRUDEOIL,2026-08-28,live_candles,CHOP,HOLDOUT,H7_TRAP,AVOID,SUPPORTED,H1_CONT,SHORT,7918.0,7923.0,7951.08,33.08,0.21,True,2.1232,0.8889,0.75,True,True,True,False,0.8162,-1.2092,False,False,False,True,-1.2394,SL
2026-08-28T14:05:00,CRUDEOIL,2026-08-28,live_candles,CHOP,HOLDOUT,H7_TRAP,AVOID,SUPPORTED,H7_TRAP,SHORT,7894.0,7911.0,7924.93,30.93,,False,1.8919,0.9677,1.2581,True,False,False,True,0.097,-1.8105,False,False,False,True,-1.8429,SL
2026-08-28T14:10:00,CRUDEOIL,2026-08-28,live_candles,CHOP,HOLDOUT,SPIKE_NO_LEVEL,NO_ACTION,NO_ESTABLISHED_EDGE,AMBIG,LONG,7914.0,,,,,,1.177,0.8261,,,,,,,,,,,,,
2026-08-28T15:10:00,CRUDEOIL,2026-08-28,live_candles,CHOP,HOLDOUT,AMBIGUOUS,NO_ACTION,NO_ESTABLISHED_EDGE,AMBIG,SHORT,7940.0,7952.0,7961.63,21.63,0.24,False,1.0614,1.0,0.0,False,True,True,False,0.8784,-1.2483,False,False,False,True,-1.2945,SL
2026-08-28T15:15:00,CRUDEOIL,2026-08-28,live_candles,CHOP,HOLDOUT,SPIKE_NO_LEVEL,NO_ACTION,NO_ESTABLISHED_EDGE,AMBIG,LONG,7950.0,,,,,,0.5746,0.5,,,,,,,,,,,,,
2026-08-28T15:30:00,CRUDEOIL,2026-08-28,live_candles,CHOP,HOLDOUT,H7_TRAP,AVOID,SUPPORTED,H7_TRAP,SHORT,7922.0,7927.73,7946.72,24.72,1.25,False,0.8642,0.625,0.8029,True,False,False,True,0.0405,-1.0922,False,False,False,True,-1.1327,SL
2026-08-28T17:40:00,CRUDEOIL,2026-08-28,live_candles,CHOP,HOLDOUT,AMBIGUOUS,NO_ACTION,NO_ESTABLISHED_EDGE,AMBIG,SHORT,7914.0,7920.0,7934.6,20.6,1.12,False,1.2133,0.65,0.0,False,True,True,False,2.3786,-1.165,True,True,False,False,-1.2136,SL
2026-08-28T18:35:00,CRUDEOIL,2026-08-28,live_candles,CHOP,HOLDOUT,SPIKE_NO_LEVEL,NO_ACTION,NO_ESTABLISHED_EDGE,AMBIG,LONG,7884.0,,,,,,0.7545,0.45,,,,,,,,,,,,,
2026-08-28T19:00:00,CRUDEOIL,2026-08-28,live_candles,CHOP,HOLDOUT,AMBIGUOUS,NO_ACTION,NO_ESTABLISHED_EDGE,AMBIG,LONG,7897.0,7899.0,7877.25,19.75,0.1,True,1.3854,0.76,0.0,False,False,False,False,0.7595,-1.0633,False,False,False,True,-1.1139,SL
2026-08-28T19:40:00,CRUDEOIL,2026-08-28,live_candles,CHOP,HOLDOUT,AMBIGUOUS,NO_ACTION,NO_ESTABLISHED_EDGE,AMBIG,LONG,7928.0,7891.0,7896.07,31.93,1.25,False,1.9375,1.0,0.0,False,True,True,False,2.6308,-0.4071,True,True,False,False,1.8478,EOD
2026-08-28T20:30:00,CRUDEOIL,2026-08-28,live_candles,CHOP,HOLDOUT,AMBIGUOUS,NO_ACTION,NO_ESTABLISHED_EDGE,AMBIG,LONG,7947.0,7932.0,7924.34,22.66,0.18,False,1.2202,0.8636,0.0,False,True,True,False,2.8685,-0.662,True,True,False,False,1.7652,EOD
2026-08-28T20:40:00,CRUDEOIL,2026-08-28,live_candles,CHOP,HOLDOUT,H1_CONT_BLOCKED,NO_ACTION,NO_ESTABLISHED_EDGE,H1_CONT,LONG,7953.0,7952.0,7931.19,21.81,0.69,True,1.2672,0.7778,0.0,False,True,True,False,2.7052,-0.7795,True,True,False,False,1.5589,EOD
2026-08-28T22:35:00,CRUDEOIL,2026-08-28,live_candles,CHOP,HOLDOUT,H7_TRAP,AVOID,SUPPORTED,H7_TRAP,LONG,7999.0,7996.0,7989.34,9.66,,False,0.7119,0.4091,0.7273,True,False,False,True,0.0,-1.2422,False,False,False,True,-1.3458,SL
2026-09-02T04:30:00Z,CRUDEOIL,2026-09-02,zerohero,CHOP,HOLDOUT,AMBIGUOUS,NO_ACTION,NO_ESTABLISHED_EDGE,AMBIG,SHORT,8592.0,8595.0,8600.57,8.57,,False,0.6154,0.4211,0.0526,True,False,False,False,0.1167,-1.0502,False,False,False,True,-1.1669,SL
2026-09-02T05:00:00Z,CRUDEOIL,2026-09-02,zerohero,CHOP,HOLDOUT,H1_CONT_BLOCKED,NO_ACTION,NO_ESTABLISHED_EDGE,H1_CONT,LONG,8606.0,8598.0,8589.4,16.6,0.83,True,1.2381,0.65,0.0,False,True,True,False,1.0843,-1.2048,True,False,False,False,-1.2651,SL
2026-09-02T05:05:00Z,CRUDEOIL,2026-09-02,zerohero,CHOP,HOLDOUT,H7_TRAP,AVOID,SUPPORTED,H7_TRAP,LONG,8616.0,8621.0,8601.34,14.66,0.26,False,1.2327,0.6364,1.4545,True,False,False,True,0.2729,-1.7735,False,False,False,True,-1.8417,SL
2026-09-02T05:15:00Z,CRUDEOIL,2026-09-02,zerohero,CHOP,HOLDOUT,AMBIGUOUS,NO_ACTION,NO_ESTABLISHED_EDGE,H7_TRAP,SHORT,8600.0,8597.57,8610.6,10.6,0.23,True,0.814,0.5,0.1215,True,False,False,True,1.3208,-1.5094,True,False,False,False,-1.6038,SL
2026-09-02T06:10:00Z,CRUDEOIL,2026-09-02,zerohero,CHOP,HOLDOUT,H7_LEANING_TRAP,AVOID,SUPPORTED,H7_TRAP,LONG,8623.0,8618.0,8602.37,20.63,0.1,False,0.6222,0.4762,0.381,True,False,False,True,0.3393,-1.1149,False,False,False,True,-1.1634,SL
2026-09-02T06:25:00Z,CRUDEOIL,2026-09-02,zerohero,CHOP,HOLDOUT,H7_TRAP,AVOID,SUPPORTED,H7_TRAP,LONG,8630.0,8625.0,8599.1,30.9,,False,1.1455,0.6,0.8,True,False,False,True,0.1618,-1.3916,False,False,False,True,-1.4239,SL
2026-09-02T06:30:00Z,CRUDEOIL,2026-09-02,zerohero,CHOP,HOLDOUT,SPIKE_NO_LEVEL,NO_ACTION,NO_ESTABLISHED_EDGE,AMBIG,SHORT,8611.0,,,,,,1.3391,0.88,,,,,,,,,,,,,
2026-09-02T06:35:00Z,CRUDEOIL,2026-09-02,zerohero,CHOP,HOLDOUT,H7_LEANING_TRAP,AVOID,SUPPORTED,H7_TRAP,SHORT,8601.0,8610.0,8625.72,24.72,0.04,False,0.6942,0.5,0.5,True,False,False,True,3.034,-0.9709,True,True,True,False,2.9595,T3
2026-09-02T06:40:00Z,CRUDEOIL,2026-09-02,zerohero,CHOP,HOLDOUT,SPIKE_NO_LEVEL,NO_ACTION,NO_ESTABLISHED_EDGE,AMBIG,LONG,8610.0,,,,,,0.5447,0.3846,,,,,,,,,,,,,
2026-09-02T06:55:00Z,CRUDEOIL,2026-09-02,zerohero,CHOP,HOLDOUT,H1_CONT_BLOCKED,NO_ACTION,NO_ESTABLISHED_EDGE,H1_CONT,SHORT,8602.0,8616.0,8621.69,19.69,0.3,True,1.031,0.8261,0.0,False,True,True,False,3.098,-0.4063,True,True,True,False,2.9492,T3
2026-09-02T07:00:00Z,CRUDEOIL,2026-09-02,zerohero,CHOP,HOLDOUT,AMBIGUOUS,NO_ACTION,NO_ESTABLISHED_EDGE,AMBIG,SHORT,8594.0,8581.0,8610.87,16.87,0.41,True,0.3643,0.2414,0.0,False,False,False,False,3.1417,-0.1778,True,True,True,False,2.9407,T3
2026-09-02T07:05:00Z,CRUDEOIL,2026-09-02,zerohero,CHOP,HOLDOUT,AMBIGUOUS,NO_ACTION,NO_ESTABLISHED_EDGE,AMBIG,SHORT,8549.0,8581.0,8598.5,49.5,,False,2.1889,0.96,0.0,False,True,True,False,0.4646,-1.0101,False,False,False,True,-1.0303,SL
2026-09-02T07:20:00Z,CRUDEOIL,2026-09-02,zerohero,CHOP,HOLDOUT,H7_LEANING_TRAP,AVOID,SUPPORTED,H7_TRAP,SHORT,8550.0,8549.0,8569.78,19.78,0.46,False,0.3567,0.3077,0.3462,True,False,False,True,1.2133,-1.1122,True,False,False,False,-1.1628,SL
2026-09-02T07:45:00Z,CRUDEOIL,2026-09-02,zerohero,CHOP,HOLDOUT,H7_LEANING_TRAP,AVOID,SUPPORTED,AMBIG,LONG,8555.0,8546.0,8528.16,26.84,0.11,False,0.6384,0.5,0.3214,True,True,True,False,1.9747,-2.4963,True,False,False,False,-2.5335,SL
2026-09-02T08:15:00Z,CRUDEOIL,2026-09-02,zerohero,CHOP,HOLDOUT,AMBIGUOUS,NO_ACTION,NO_ESTABLISHED_EDGE,H1_WEAK,LONG,8570.0,8563.0,8538.01,31.99,1.64,True,1.2963,0.7576,0.1515,True,True,False,False,1.1879,-2.5633,True,False,False,False,-2.5946,SL
2026-09-02T08:25:00Z,CRUDEOIL,2026-09-02,zerohero,CHOP,HOLDOUT,AMBIGUOUS,NO_ACTION,NO_ESTABLISHED_EDGE,H1_WEAK,SHORT,8563.0,8567.0,8581.02,18.02,1.33,True,0.7292,0.4412,0.2059,True,True,True,False,1.0544,-1.2209,True,False,False,False,-1.2764,SL
2026-09-02T08:40:00Z,CRUDEOIL,2026-09-02,zerohero,CHOP,HOLDOUT,H1_CONT_BLOCKED,NO_ACTION,NO_ESTABLISHED_EDGE,H1_CONT,LONG,8574.0,8560.0,8547.04,26.96,0.33,True,1.2256,0.8125,0.0,False,True,True,False,1.2611,-3.1899,True,False,False,False,-3.227,SL
2026-09-02T10:10:00Z,CRUDEOIL,2026-09-02,zerohero,CHOP,HOLDOUT,AMBIGUOUS,NO_ACTION,NO_ESTABLISHED_EDGE,AMBIG,SHORT,8560.0,8568.01,8591.93,31.93,0.19,False,1.8312,1.0,0.1287,True,True,True,False,3.2258,-0.9709,True,True,True,False,2.9687,T3
2026-09-02T11:05:00Z,CRUDEOIL,2026-09-02,zerohero,CHOP,HOLDOUT,H1_CONT,CONTINUATION_CANDIDATE,RESEARCH_ONLY_PROMISING,H1_CONT,SHORT,8552.0,8561.0,8575.81,23.81,1.09,True,1.3548,0.7778,0.0,False,True,True,False,3.9899,-0.042,True,True,True,False,2.958,T3
2026-09-02T11:10:00Z,CRUDEOIL,2026-09-02,zerohero,CHOP,HOLDOUT,AMBIGUOUS,NO_ACTION,NO_ESTABLISHED_EDGE,AMBIG,SHORT,8495.0,8526.0,8554.95,59.95,,False,3.0186,0.8923,0.0,False,True,True,False,1.568,-1.2344,True,False,False,False,-1.251,SL
2026-09-02T11:15:00Z,CRUDEOIL,2026-09-02,zerohero,CHOP,HOLDOUT,SPIKE_NO_LEVEL,NO_ACTION,NO_ESTABLISHED_EDGE,AMBIG,LONG,8515.0,,,,,,0.9722,0.6667,,,,,,,,,,,,,
2026-09-02T11:50:00Z,CRUDEOIL,2026-09-02,zerohero,CHOP,HOLDOUT,H1_CONT_BLOCKED,NO_ACTION,NO_ESTABLISHED_EDGE,H1_CONT,SHORT,8458.0,8481.0,8497.17,39.17,,True,1.6471,0.9744,0.0,False,True,True,False,0.3319,-1.0212,False,False,False,True,-1.0467,SL
2026-09-02T13:00:00Z,CRUDEOIL,2026-09-02,zerohero,CHOP,HOLDOUT,AMBIGUOUS,NO_ACTION,NO_ESTABLISHED_EDGE,H7_TRAP,SHORT,8491.0,8482.0,8517.41,26.41,0.34,True,1.1313,0.5106,0.0851,True,False,False,True,3.2563,-0.2272,True,True,True,False,2.9621,T3
2026-09-02T13:20:00Z,CRUDEOIL,2026-09-02,zerohero,CHOP,HOLDOUT,AMBIGUOUS,NO_ACTION,NO_ESTABLISHED_EDGE,AMBIG,SHORT,8455.0,8472.0,8483.84,28.84,0.35,False,1.0068,0.75,0.0,False,True,True,False,1.8724,-1.2829,True,False,False,False,-1.3176,SL
2026-09-02T13:30:00Z,CRUDEOIL,2026-09-02,zerohero,CHOP,HOLDOUT,AMBIGUOUS,NO_ACTION,NO_ESTABLISHED_EDGE,AMBIG,SHORT,8448.0,8472.0,8472.87,24.87,0.52,False,0.3746,0.2759,0.0,False,True,True,False,1.8898,-1.3269,True,False,False,False,-1.3671,SL
2026-09-02T13:55:00Z,CRUDEOIL,2026-09-02,zerohero,CHOP,HOLDOUT,H7_TRAP,AVOID,SUPPORTED,H7_TRAP,SHORT,8407.0,8432.0,8453.41,46.41,,False,1.7006,0.9149,0.6383,True,True,False,True,0.1293,-1.1851,False,False,False,True,-1.2066,SL
2026-09-02T14:05:00Z,CRUDEOIL,2026-09-02,zerohero,CHOP,HOLDOUT,AMBIGUOUS,NO_ACTION,NO_ESTABLISHED_EDGE,AMBIG,LONG,8462.0,8426.0,8415.65,46.35,0.17,False,1.6071,1.0,0.0,False,True,True,False,3.2578,-0.4099,True,True,True,False,2.9784,T3
2026-09-02T14:20:00Z,CRUDEOIL,2026-09-02,zerohero,CHOP,HOLDOUT,H1_CONT,CONTINUATION_CANDIDATE,RESEARCH_ONLY_PROMISING,H1_CONT,LONG,8478.0,8469.0,8441.86,36.14,4.01,True,1.0357,0.7632,0.0,False,True,True,False,3.016,-0.083,True,True,True,False,2.9723,T3
2026-09-02T14:30:00Z,CRUDEOIL,2026-09-02,zerohero,CHOP,HOLDOUT,H1_WEAK,NO_ACTION,NO_ESTABLISHED_EDGE,H1_WEAK,LONG,8506.0,8492.0,8483.13,22.87,5.11,True,0.4715,0.4483,0.0,False,True,True,False,3.3231,-0.6122,True,True,True,False,2.9563,T3
2026-09-02T15:05:00Z,CRUDEOIL,2026-09-02,zerohero,CHOP,HOLDOUT,AMBIGUOUS,NO_ACTION,NO_ESTABLISHED_EDGE,AMBIG,LONG,8568.0,8553.0,8531.92,36.08,1.52,False,0.92,0.6389,0.0,False,True,True,False,1.4412,-0.5266,True,False,False,False,0.7761,EOD
2026-09-03T04:30:00Z,CRUDEOIL,2026-09-03,zerohero,CHOP,HOLDOUT,H1_CONT_BLOCKED,NO_ACTION,NO_ESTABLISHED_EDGE,H1_CONT,SHORT,8557.0,8560.0,8572.57,15.57,,True,1.0484,0.7895,0.0,False,True,True,False,3.1471,-0.1285,True,True,True,False,2.9358,T3
2026-09-03T05:15:00Z,CRUDEOIL,2026-09-03,zerohero,CHOP,HOLDOUT,H1_CONT_BLOCKED,NO_ACTION,NO_ESTABLISHED_EDGE,H1_CONT,SHORT,8529.0,8537.0,8545.63,16.63,,True,1.1429,0.5714,0.0,False,True,True,False,4.1491,-0.1804,True,True,True,False,2.9399,T3
2026-09-03T05:40:00Z,CRUDEOIL,2026-09-03,zerohero,CHOP,HOLDOUT,H7_LEANING_TRAP,AVOID,SUPPORTED,H7_TRAP,LONG,8507.0,8499.0,8479.19,27.81,1.83,False,1.75,0.8519,0.4074,True,True,False,True,0.0719,-1.69,False,False,False,True,-1.726,SL
2026-09-03T06:15:00Z,CRUDEOIL,2026-09-03,zerohero,CHOP,HOLDOUT,AMBIGUOUS,NO_ACTION,NO_ESTABLISHED_EDGE,H7_TRAP,SHORT,8471.0,8480.0,8498.11,27.11,,False,1.3197,0.6216,0.2162,True,True,False,True,0.5164,-1.0328,False,False,False,True,-1.0697,SL
2026-09-03T06:20:00Z,CRUDEOIL,2026-09-03,zerohero,CHOP,HOLDOUT,SPIKE_NO_LEVEL,NO_ACTION,NO_ESTABLISHED_EDGE,AMBIG,LONG,8476.0,,,,,,0.224,0.1818,,,,,,,,,,,,,
2026-09-03T06:45:00Z,CRUDEOIL,2026-09-03,zerohero,CHOP,HOLDOUT,H7_LEANING_TRAP,AVOID,SUPPORTED,H7_TRAP,LONG,8501.0,8502.0,8479.34,21.66,0.05,False,0.4,0.3182,0.3636,True,False,False,True,2.8624,-2.2622,True,True,False,False,-2.3084,SL
2026-09-03T07:00:00Z,CRUDEOIL,2026-09-03,zerohero,CHOP,HOLDOUT,AMBIGUOUS,NO_ACTION,NO_ESTABLISHED_EDGE,H7_TRAP,LONG,8498.0,8506.0,8486.31,11.69,0.68,True,0.1803,0.1304,0.1739,True,False,False,True,4.0205,-0.3422,True,True,True,False,2.9145,T3
2026-09-03T07:30:00Z,CRUDEOIL,2026-09-03,zerohero,CHOP,HOLDOUT,SPIKE_NO_LEVEL,NO_ACTION,NO_ESTABLISHED_EDGE,AMBIG,SHORT,8535.0,,,,,,0.6061,0.3704,,,,,,,,,,,,,
2026-09-03T07:40:00Z,CRUDEOIL,2026-09-03,zerohero,CHOP,HOLDOUT,H7_LEANING_TRAP,AVOID,SUPPORTED,H7_TRAP,LONG,8545.0,8543.0,8522.19,22.81,0.66,False,1.12,0.7407,0.5185,True,False,False,True,0.7891,-1.2275,False,False,False,True,-1.2714,SL
2026-09-03T08:00:00Z,CRUDEOIL,2026-09-03,zerohero,CHOP,HOLDOUT,AMBIGUOUS,NO_ACTION,NO_ESTABLISHED_EDGE,AMBIG,SHORT,8531.0,8528.0,8564.38,33.38,0.09,True,0.9032,0.3913,0.2609,True,False,False,False,2.3667,-1.3481,True,True,False,False,-1.3781,SL
2026-09-03T08:05:00Z,CRUDEOIL,2026-09-03,zerohero,CHOP,HOLDOUT,H7_TRAP,AVOID,SUPPORTED,H7_TRAP,SHORT,8485.0,8457.0,8531.31,46.31,0.6,False,1.755,0.5714,1.2078,True,False,False,True,0.108,-1.2308,False,False,False,True,-1.2524,SL
2026-09-03T08:10:00Z,CRUDEOIL,2026-09-03,zerohero,CHOP,HOLDOUT,SPIKE_NO_LEVEL,NO_ACTION,NO_ESTABLISHED_EDGE,AMBIG,LONG,8522.0,,,,,,1.4717,0.907,,,,,,,,,,,,,
2026-09-03T08:20:00Z,CRUDEOIL,2026-09-03,zerohero,CHOP,HOLDOUT,H7_LEANING_TRAP,AVOID,SUPPORTED,H7_TRAP,LONG,8550.0,8556.84,8532.19,17.81,0.38,False,0.3553,0.3704,0.4756,True,False,False,True,3.2566,-0.6176,True,True,True,False,2.9439,T3
2026-09-03T08:50:00Z,CRUDEOIL,2026-09-03,zerohero,CHOP,HOLDOUT,H1_WEAK,NO_ACTION,NO_ESTABLISHED_EDGE,H1_CONT,LONG,8600.0,8579.72,8576.07,23.93,1.46,True,0.7797,0.7097,0.0,False,True,True,False,5.3489,-0.2925,True,True,True,False,2.9582,T3
2026-09-03T09:00:00Z,CRUDEOIL,2026-09-03,zerohero,CHOP,HOLDOUT,H7_TRAP,AVOID,SUPPORTED,H7_TRAP,LONG,8631.0,8635.0,8610.1,20.9,0.19,False,0.4048,0.4,0.8333,True,False,False,True,0.8134,-1.6746,False,False,False,True,-1.7225,SL
2026-09-03T09:20:00Z,CRUDEOIL,2026-09-03,zerohero,CHOP,HOLDOUT,AMBIGUOUS,NO_ACTION,NO_ESTABLISHED_EDGE,AMBIG,LONG,8639.0,8620.0,8611.13,27.87,0.32,False,1.0307,0.8276,0.0,False,True,True,False,3.1934,-0.61,True,True,True,False,2.9641,T3
2026-09-03T09:35:00Z,CRUDEOIL,2026-09-03,zerohero,CHOP,HOLDOUT,AMBIGUOUS,NO_ACTION,NO_ESTABLISHED_EDGE,H7_TRAP,LONG,8649.0,8648.0,8633.04,15.96,,False,0.5266,0.375,0.125,True,False,False,True,4.9499,-0.6892,True,True,True,False,2.9373,T3
2026-09-03T09:55:00Z,CRUDEOIL,2026-09-03,zerohero,CHOP,HOLDOUT,AMBIGUOUS,NO_ACTION,NO_ESTABLISHED_EDGE,AMBIG,LONG,8711.0,8670.0,8663.11,47.89,,False,1.7166,0.7143,0.0,False,True,True,False,1.6705,-1.3782,True,False,False,False,-1.399,SL
2026-09-03T10:05:00Z,CRUDEOIL,2026-09-03,zerohero,CHOP,HOLDOUT,AMBIGUOUS,NO_ACTION,NO_ESTABLISHED_EDGE,AMBIG,LONG,8733.0,8728.0,8699.83,33.17,,False,0.8889,0.6154,0.0,False,True,True,False,1.7486,-1.0552,True,False,False,False,-1.0853,SL
2026-09-03T10:25:00Z,CRUDEOIL,2026-09-03,zerohero,CHOP,HOLDOUT,SPIKE_NO_LEVEL,NO_ACTION,NO_ESTABLISHED_EDGE,AMBIG,SHORT,8744.0,,,,,,0.8587,0.697,,,,,,,,,,,,,
2026-09-03T10:30:00Z,CRUDEOIL,2026-09-03,zerohero,CHOP,HOLDOUT,H1_WEAK,NO_ACTION,NO_ESTABLISHED_EDGE,H1_CONT,LONG,8767.0,8747.0,8735.98,31.02,0.23,True,0.8519,0.6765,0.0,False,True,True,False,0.7737,-1.1283,False,False,False,True,-1.1605,SL
2026-09-03T11:00:00Z,CRUDEOIL,2026-09-03,zerohero,CHOP,HOLDOUT,H1_WEAK,NO_ACTION,NO_ESTABLISHED_EDGE,H1_CONT,SHORT,8746.0,8756.0,8767.02,21.02,13.48,True,0.7035,0.5882,0.0,False,True,True,False,2.2835,-1.0942,True,True,False,False,-1.1418,SL
2026-09-03T11:05:00Z,CRUDEOIL,2026-09-03,zerohero,CHOP,HOLDOUT,AMBIGUOUS,NO_ACTION,NO_ESTABLISHED_EDGE,AMBIG,SHORT,8704.0,8732.0,8753.47,49.47,4.88,False,1.5677,0.8776,0.0,False,True,True,False,0.1213,-1.2735,False,False,False,True,-1.2937,SL
2026-09-03T11:30:00Z,CRUDEOIL,2026-09-03,zerohero,CHOP,HOLDOUT,SPIKE_NO_LEVEL,NO_ACTION,NO_ESTABLISHED_EDGE,AMBIG,SHORT,8732.0,,,,,,0.0722,0.0476,,,,,,,,,,,,,
2026-09-03T12:30:00Z,CRUDEOIL,2026-09-03,zerohero,CHOP,HOLDOUT,AMBIGUOUS,NO_ACTION,NO_ESTABLISHED_EDGE,H1_CONT,LONG,8713.0,8700.0,8677.77,35.23,1.87,True,1.1076,0.6098,0.0244,True,True,True,False,0.5677,-1.2206,False,False,False,True,-1.2489,SL
2026-09-03T13:15:00Z,CRUDEOIL,2026-09-03,zerohero,CHOP,HOLDOUT,H7_LEANING_TRAP,AVOID,SUPPORTED,H7_TRAP,LONG,8680.0,8670.0,8643.95,36.05,0.19,False,0.9859,0.7143,0.4286,True,False,False,True,0.1664,-1.0264,False,False,False,True,-1.0541,SL
2026-09-03T13:20:00Z,CRUDEOIL,2026-09-03,zerohero,CHOP,HOLDOUT,SPIKE_NO_LEVEL,NO_ACTION,NO_ESTABLISHED_EDGE,AMBIG,SHORT,8659.0,,,,,,0.817,0.5789,,,,,,,,,,,,,
2026-09-03T13:45:00Z,CRUDEOIL,2026-09-03,zerohero,CHOP,HOLDOUT,H7_LEANING_TRAP,AVOID,SUPPORTED,H7_TRAP,LONG,8712.0,8684.0,8675.83,36.17,2.18,False,1.1034,0.8205,0.5128,True,True,False,True,0.0553,-1.4929,False,False,False,True,-1.5206,SL
2026-09-03T13:55:00Z,CRUDEOIL,2026-09-03,zerohero,CHOP,HOLDOUT,H7_LEANING_TRAP,AVOID,SUPPORTED,H7_TRAP,SHORT,8664.0,8691.0,8701.26,37.26,0.56,False,1.0874,0.7619,0.2857,True,False,False,True,0.0,-1.1809,False,False,False,True,-1.2077,SL
2026-09-03T14:00:00Z,CRUDEOIL,2026-09-03,zerohero,CHOP,HOLDOUT,AMBIGUOUS,NO_ACTION,NO_ESTABLISHED_EDGE,H7_TRAP,LONG,8703.0,8700.0,8662.68,40.32,0.32,False,0.8545,0.5909,0.2727,True,False,False,True,0.9177,-1.2401,False,False,False,True,-1.2649,SL
2026-09-03T14:55:00Z,CRUDEOIL,2026-09-03,zerohero,CHOP,HOLDOUT,SPIKE_NO_LEVEL,NO_ACTION,NO_ESTABLISHED_EDGE,AMBIG,SHORT,8691.0,,,,,,0.1799,0.122,,,,,,,,,,,,,
2026-09-03T15:25:00Z,CRUDEOIL,2026-09-03,zerohero,CHOP,HOLDOUT,H1_CONT_BLOCKED,NO_ACTION,NO_ESTABLISHED_EDGE,H1_CONT,SHORT,8690.0,8710.0,8741.56,51.56,0.23,True,1.6368,0.9038,0.0,False,True,True,False,1.6486,-0.1358,True,False,False,False,1.2219,EOD
2026-09-03T15:50:00Z,CRUDEOIL,2026-09-03,zerohero,CHOP,HOLDOUT,H1_CONT,CONTINUATION_CANDIDATE,RESEARCH_ONLY_PROMISING,H1_CONT,SHORT,8628.0,8635.0,8672.56,44.56,3.71,True,1.0793,0.6731,0.0,False,True,True,False,0.5162,-1.4587,False,False,False,True,-1.4811,SL
2026-09-04T05:25:00Z,CRUDEOIL,2026-09-04,zerohero,CHOP,HOLDOUT,H7_LEANING_TRAP,AVOID,SUPPORTED,AMBIG,SHORT,8627.0,8632.0,8643.51,16.51,10.6,False,0.8077,0.5294,0.5882,True,True,True,False,0.1817,-1.2114,False,False,False,True,-1.272,SL
2026-09-04T05:30:00Z,CRUDEOIL,2026-09-04,zerohero,CHOP,HOLDOUT,H7_TRAP,AVOID,SUPPORTED,H7_TRAP,SHORT,8629.0,8626.0,8642.54,13.54,13.07,False,0.0859,0.0556,1.3333,True,False,False,True,0.2954,-1.3294,False,False,False,True,-1.4032,SL
2026-09-04T05:40:00Z,CRUDEOIL,2026-09-04,zerohero,CHOP,HOLDOUT,H7_LEANING_TRAP,AVOID,SUPPORTED,AMBIG,LONG,8642.0,8643.0,8626.4,15.6,0.06,True,1.1329,0.7,0.55,True,False,False,False,1.1538,-1.2179,True,False,False,False,-1.2821,SL
2026-09-04T05:55:00Z,CRUDEOIL,2026-09-04,zerohero,CHOP,HOLDOUT,H7_TRAP,AVOID,SUPPORTED,H7_TRAP,SHORT,8632.0,8624.0,8643.6,11.6,0.69,False,0.8148,0.55,1.2,True,False,False,True,0.0,-1.5517,False,False,False,True,-1.6379,SL
2026-09-04T06:05:00Z,CRUDEOIL,2026-09-04,zerohero,CHOP,HOLDOUT,AMBIGUOUS,NO_ACTION,NO_ESTABLISHED_EDGE,H7_TRAP,SHORT,8638.0,8633.0,8657.78,19.78,0.54,False,0.7706,0.4615,0.1154,True,False,False,True,0.91,-1.0617,False,False,False,True,-1.1122,SL
2026-09-04T06:40:00Z,CRUDEOIL,2026-09-04,zerohero,CHOP,HOLDOUT,H7_TRAP,AVOID,SUPPORTED,H7_TRAP,SHORT,8622.0,8625.0,8647.75,25.75,6.6,False,1.1613,0.72,0.92,True,False,False,True,0.0,-1.0097,False,False,False,True,-1.0485,SL
2026-09-04T06:55:00Z,CRUDEOIL,2026-09-04,zerohero,CHOP,HOLDOUT,H7_TRAP,AVOID,SUPPORTED,H7_TRAP,SHORT,8627.0,8629.0,8650.72,23.72,0.2,False,1.3425,0.875,0.7917,True,False,False,True,0.0,-1.0118,False,False,False,True,-1.054,SL
2026-09-04T07:20:00Z,CRUDEOIL,2026-09-04,zerohero,CHOP,HOLDOUT,H1_WEAK,NO_ACTION,NO_ESTABLISHED_EDGE,H1_WEAK,SHORT,8632.0,8635.0,8648.66,16.66,0.58,True,0.5091,0.3636,0.0,False,True,True,False,0.06,-1.3205,False,False,False,True,-1.3806,SL
2026-09-04T07:25:00Z,CRUDEOIL,2026-09-04,zerohero,CHOP,HOLDOUT,H1_WEAK,NO_ACTION,NO_ESTABLISHED_EDGE,H1_WEAK,SHORT,8631.0,8635.0,8654.69,23.69,0.37,True,0.2979,0.2174,0.0,False,True,True,False,3.0815,-0.0422,True,True,True,False,2.9578,T3
2026-09-04T07:40:00Z,CRUDEOIL,2026-09-04,zerohero,CHOP,HOLDOUT,H1_CONT,CONTINUATION_CANDIDATE,RESEARCH_ONLY_PROMISING,H1_CONT,SHORT,8600.0,8604.0,8620.93,20.93,7.07,True,1.0219,0.6452,0.0,False,True,True,False,3.1534,0.0,True,True,True,False,2.9522,T3
2026-09-04T07:45:00Z,CRUDEOIL,2026-09-04,zerohero,CHOP,HOLDOUT,AMBIGUOUS,NO_ACTION,NO_ESTABLISHED_EDGE,AMBIG,SHORT,8568.0,8589.0,8600.14,32.14,3.61,False,1.4276,0.8158,0.0,False,True,True,False,1.1201,-1.1823,True,False,False,False,-1.2134,SL
2026-09-04T08:05:00Z,CRUDEOIL,2026-09-04,zerohero,CHOP,HOLDOUT,AMBIGUOUS,NO_ACTION,NO_ESTABLISHED_EDGE,AMBIG,SHORT,8562.0,8561.0,8590.87,28.87,0.14,True,0.9747,0.7586,0.0,False,False,False,False,1.0391,-1.0391,True,False,False,False,-1.0738,SL
2026-09-04T08:25:00Z,CRUDEOIL,2026-09-04,zerohero,CHOP,HOLDOUT,SPIKE_NO_LEVEL,NO_ACTION,NO_ESTABLISHED_EDGE,AMBIG,LONG,8559.0,,,,,,0.128,0.12,,,,,,,,,,,,,
2026-09-04T08:35:00Z,CRUDEOIL,2026-09-04,zerohero,CHOP,HOLDOUT,SPIKE_NO_LEVEL,NO_ACTION,NO_ESTABLISHED_EDGE,AMBIG,LONG,8569.0,,,,,,0.811,0.7308,,,,,,,,,,,,,
2026-09-04T08:55:00Z,CRUDEOIL,2026-09-04,zerohero,CHOP,HOLDOUT,SPIKE_NO_LEVEL,NO_ACTION,NO_ESTABLISHED_EDGE,AMBIG,LONG,8565.0,,,,,,0.5657,0.3529,,,,,,,,,,,,,
2026-09-04T09:15:00Z,CRUDEOIL,2026-09-04,zerohero,CHOP,HOLDOUT,AMBIGUOUS,NO_ACTION,NO_ESTABLISHED_EDGE,AMBIG,SHORT,8565.0,8580.0,8587.84,22.84,1.44,False,1.0922,0.7857,0.0,False,True,True,False,0.4378,-1.2697,False,False,False,True,-1.3135,SL
2026-09-04T10:15:00Z,CRUDEOIL,2026-09-04,zerohero,CHOP,HOLDOUT,AMBIGUOUS,NO_ACTION,NO_ESTABLISHED_EDGE,AMBIG,SHORT,8555.0,8583.0,8587.02,32.02,3.22,False,1.7642,0.9118,0.0,False,True,True,False,4.341,-0.5934,True,True,True,False,2.9688,T3
2026-09-04T12:30:00Z,CRUDEOIL,2026-09-04,zerohero,CHOP,HOLDOUT,SPIKE_NO_LEVEL,NO_ACTION,NO_ESTABLISHED_EDGE,AMBIG,SHORT,8533.0,,,,,,0.9292,0.3261,,,,,,,,,,,,,
2026-09-04T12:35:00Z,CRUDEOIL,2026-09-04,zerohero,CHOP,HOLDOUT,SPIKE_NO_LEVEL,NO_ACTION,NO_ESTABLISHED_EDGE,AMBIG,LONG,8547.0,,,,,,0.9451,0.64,,,,,,,,,,,,,
2026-09-04T12:50:00Z,CRUDEOIL,2026-09-04,zerohero,CHOP,HOLDOUT,H1_CONT_BLOCKED,NO_ACTION,NO_ESTABLISHED_EDGE,H1_CONT,SHORT,8493.0,8518.0,8536.56,43.56,0.94,True,2.0276,0.8077,0.0,False,True,True,False,2.7319,-1.3774,True,True,False,False,-1.4004,SL
2026-09-04T13:00:00Z,CRUDEOIL,2026-09-04,zerohero,CHOP,HOLDOUT,H1_CONT,CONTINUATION_CANDIDATE,RESEARCH_ONLY_PROMISING,H1_CONT,LONG,8514.0,8498.0,8487.16,26.84,2.09,True,1.1974,0.9286,0.0,False,True,True,False,0.7079,-1.0805,False,False,False,True,-1.1177,SL
2026-09-04T13:25:00Z,CRUDEOIL,2026-09-04,zerohero,CHOP,HOLDOUT,SPIKE_NO_LEVEL,NO_ACTION,NO_ESTABLISHED_EDGE,AMBIG,LONG,8504.0,,,,,,0.1647,0.1333,,,,,,,,,,,,,
2026-09-04T13:30:00Z,CRUDEOIL,2026-09-04,zerohero,CHOP,HOLDOUT,H1_CONT_BLOCKED,NO_ACTION,NO_ESTABLISHED_EDGE,H1_CONT,SHORT,8466.0,8479.0,8507.2,41.2,0.34,True,1.5512,1.0,0.0,False,True,True,False,2.233,-1.3107,True,True,False,False,-1.335,SL
2026-09-04T13:35:00Z,CRUDEOIL,2026-09-04,zerohero,CHOP,HOLDOUT,AMBIGUOUS,NO_ACTION,NO_ESTABLISHED_EDGE,AMBIG,SHORT,8419.0,8452.0,8470.59,51.59,,False,1.6716,0.9057,0.0,False,True,True,False,0.8723,-1.163,False,False,False,True,-1.1824,SL
2026-09-04T13:40:00Z,CRUDEOIL,2026-09-04,zerohero,CHOP,HOLDOUT,SPIKE_NO_LEVEL,NO_ACTION,NO_ESTABLISHED_EDGE,AMBIG,LONG,8419.0,,,,,,0.0718,0.0588,,,,,,,,,,,,,
2026-09-04T13:45:00Z,CRUDEOIL,2026-09-04,zerohero,CHOP,HOLDOUT,H1_WEAK,NO_ACTION,NO_ESTABLISHED_EDGE,H1_CONT,SHORT,8401.0,8479.0,8426.93,25.93,0.5,True,0.6364,0.5806,0.0,False,True,True,False,1.0413,-2.1597,True,False,False,False,-2.1982,SL
2026-09-04T13:55:00Z,CRUDEOIL,2026-09-04,zerohero,CHOP,HOLDOUT,AMBIGUOUS,NO_ACTION,NO_ESTABLISHED_EDGE,AMBIG,LONG,8400.0,8402.0,8373.13,26.87,0.97,True,0.6303,0.6552,0.0,False,False,False,False,3.3122,0.0,True,True,True,False,2.9628,T3
2026-09-04T14:00:00Z,CRUDEOIL,2026-09-04,zerohero,CHOP,HOLDOUT,AMBIGUOUS,NO_ACTION,NO_ESTABLISHED_EDGE,H7_TRAP,LONG,8449.0,8426.0,8404.47,44.53,4.27,False,1.4198,0.8431,0.1961,True,True,False,True,0.0,-1.0779,False,False,False,True,-1.1004,SL
2026-09-04T14:05:00Z,CRUDEOIL,2026-09-04,zerohero,CHOP,HOLDOUT,AMBIGUOUS,NO_ACTION,NO_ESTABLISHED_EDGE,H7_TRAP,LONG,8430.0,8426.0,8399.65,30.35,6.89,False,0.4945,0.3556,0.2222,True,False,False,True,4.0527,-0.5931,True,True,True,False,2.9671,T3
2026-09-04T14:40:00Z,CRUDEOIL,2026-09-04,zerohero,CHOP,HOLDOUT,H1_WEAK,NO_ACTION,NO_ESTABLISHED_EDGE,H1_CONT,LONG,8511.0,8489.0,8488.07,22.93,5.58,True,0.6875,0.7097,0.0,False,True,True,False,3.0964,-0.1308,True,True,True,False,2.9564,T3
2026-09-04T14:45:00Z,CRUDEOIL,2026-09-04,zerohero,CHOP,HOLDOUT,AMBIGUOUS,NO_ACTION,NO_ESTABLISHED_EDGE,H1_CONT,LONG,8546.0,8520.0,8506.65,39.35,2.36,True,1.05,0.7333,0.0889,True,True,True,False,0.9149,-1.1182,False,False,False,True,-1.1436,SL
2026-09-04T14:50:00Z,CRUDEOIL,2026-09-04,zerohero,CHOP,HOLDOUT,H7_TRAP,AVOID,SUPPORTED,H7_TRAP,LONG,8566.0,8553.0,8529.92,36.08,2.02,True,0.6018,0.5278,1.0278,True,True,False,True,0.4435,-1.4412,False,False,False,True,-1.469,SL
2026-09-04T15:00:00Z,CRUDEOIL,2026-09-04,zerohero,CHOP,HOLDOUT,AMBIGUOUS,NO_ACTION,NO_ESTABLISHED_EDGE,AMBIG,SHORT,8516.0,8560.0,8584.04,68.04,0.56,False,1.6383,0.8088,0.0,False,True,True,False,0.2058,-1.0435,False,False,False,True,-1.0582,SL
2026-09-04T15:50:00Z,CRUDEOIL,2026-09-04,zerohero,CHOP,HOLDOUT,AMBIGUOUS,NO_ACTION,NO_ESTABLISHED_EDGE,AMBIG,LONG,8587.0,8571.0,8550.95,36.05,1.44,False,0.9579,0.7429,0.0286,True,True,True,False,0.1942,-1.4702,False,False,False,True,-1.4979,SL
2026-09-04T16:55:00Z,CRUDEOIL,2026-09-04,zerohero,CHOP,HOLDOUT,H7_TRAP,AVOID,SUPPORTED,H7_TRAP,LONG,8600.0,8580.0,8570.07,29.93,1.3,True,1.1864,0.8065,0.6129,True,True,False,True,0.5012,-1.136,False,False,False,True,-1.1694,SL
2026-09-04T17:05:00Z,CRUDEOIL,2026-09-04,zerohero,CHOP,HOLDOUT,H1_CONT_BLOCKED,NO_ACTION,NO_ESTABLISHED_EDGE,H1_CONT,SHORT,8572.0,8597.0,8616.47,44.47,0.45,True,1.8339,0.8367,0.0,False,True,True,False,0.3373,-0.4722,False,False,False,False,-0.1349,EOD
2026-07-13T10:25:00,NIFTY,2026-07-13,cycles_resampled,TREND_UP,TRAIN,H1_CONT_BLOCKED,NO_ACTION,NO_ESTABLISHED_EDGE,H1_CONT,LONG,24152.85,24126.1,24116.7485,36.1015,,True,1.5319,0.913,0.0,False,True,True,False,2.9085,-0.9709,True,True,False,False,1.547,EOD
2026-07-13T12:10:00,NIFTY,2026-07-13,cycles_resampled,TREND_UP,TRAIN,H1_CONT_BLOCKED,NO_ACTION,NO_ESTABLISHED_EDGE,H1_CONT,LONG,24180.85,24161.0,24150.7915,30.0585,,True,1.4537,0.5781,0.0,False,True,True,False,2.5617,-0.5473,True,True,False,False,0.9265,EOD
2026-07-13T12:50:00,NIFTY,2026-07-13,cycles_resampled,TREND_UP,TRAIN,AMBIGUOUS,NO_ACTION,NO_ESTABLISHED_EDGE,H7_TRAP,LONG,24239.9,24219.6,24210.6245,29.2755,,False,1.3489,0.5671,0.193,True,True,False,True,0.0,-1.1323,False,False,False,True,-1.1341,SL
2026-07-13T13:25:00,NIFTY,2026-07-13,cycles_resampled,TREND_UP,TRAIN,AMBIGUOUS,NO_ACTION,NO_ESTABLISHED_EDGE,H7_TRAP,SHORT,24168.25,24197.75,24204.055,35.805,2.84,False,1.7571,0.8455,0.0065,True,True,False,True,0.0,-1.1409,False,False,False,True,-1.1423,SL
2026-07-14T13:35:00,NIFTY,2026-07-14,cycles_resampled,CHOP,TRAIN,H7_LEANING_TRAP,AVOID,SUPPORTED,H7_TRAP,SHORT,24048.55,24048.1,24076.5435,27.9935,0.02,False,1.748,0.738,0.4129,True,False,False,True,0.8395,-0.8663,False,False,False,False,0.5644,EOD
2026-07-14T14:55:00,NIFTY,2026-07-14,cycles_resampled,CHOP,TRAIN,H1_WEAK,NO_ACTION,NO_ESTABLISHED_EDGE,H1_WEAK,LONG,24041.15,24039.6,24024.2445,16.9055,1.41,True,0.5415,0.3184,0.0,False,True,True,False,1.8722,-0.5146,True,False,False,False,-0.4969,EOD
2026-07-15T14:35:00,NIFTY,2026-07-15,cycles_resampled,CHOP,TRAIN,H7_LEANING_TRAP,AVOID,SUPPORTED,H7_TRAP,LONG,24104.7,24099.35,24075.139,29.561,,False,1.5628,1.0,0.5871,True,True,False,True,0.0,-1.277,False,False,False,True,-1.2787,SL
2026-07-15T15:00:00,NIFTY,2026-07-15,cycles_resampled,CHOP,TRAIN,H7_LEANING_TRAP,AVOID,SUPPORTED,H7_TRAP,SHORT,24074.1,24066.95,24092.4715,18.3715,0.33,False,0.4173,0.2633,0.4355,True,False,False,True,0.2558,-0.9362,False,False,False,False,0.0789,EOD
2026-07-16T14:55:00,NIFTY,2026-07-16,cycles_resampled,TREND_DOWN,TRAIN,H7_TRAP,AVOID,SUPPORTED,H7_TRAP,LONG,24113.45,24101.0,24095.905,17.545,2.86,False,1.1209,0.6321,1.283,True,False,False,True,0.5215,-2.6475,False,False,False,True,-2.6503,SL
2026-07-16T15:00:00,NIFTY,2026-07-16,cycles_resampled,TREND_DOWN,TRAIN,AMBIGUOUS,NO_ACTION,NO_ESTABLISHED_EDGE,AMBIG,SHORT,24067.0,24092.3,24124.268,57.268,0.24,False,2.7132,0.8489,0.0,False,True,True,False,0.1903,-0.268,False,False,False,False,-0.1999,EOD
2026-07-17T10:15:00,NIFTY,2026-07-17,cycles_resampled,TREND_UP,TRAIN,AMBIGUOUS,NO_ACTION,NO_ESTABLISHED_EDGE,AMBIG,LONG,24271.7,24248.35,24238.1665,33.5335,,False,1.564,0.82,0.0,False,True,True,False,0.4876,-1.0765,False,False,False,True,-1.078,SL
2026-07-17T11:05:00,NIFTY,2026-07-17,cycles_resampled,TREND_UP,TRAIN,H1_WEAK,NO_ACTION,NO_ESTABLISHED_EDGE,H1_WEAK,SHORT,24243.35,24247.0,24264.3885,21.0385,1.4,True,0.7219,0.5098,0.0,False,True,True,False,0.5038,-1.1835,False,False,False,True,-1.1859,SL
2026-07-17T12:50:00,NIFTY,2026-07-17,cycles_resampled,TREND_UP,TRAIN,AMBIGUOUS,NO_ACTION,NO_ESTABLISHED_EDGE,H7_TRAP,SHORT,24272.05,24276.8,24295.143,23.093,0.5,False,1.6694,0.9697,0.2706,True,False,False,True,2.4899,-3.9622,True,True,False,False,-3.9644,SL
2026-07-17T13:50:00,NIFTY,2026-07-17,cycles_resampled,TREND_UP,TRAIN,SPIKE_NO_LEVEL,NO_ACTION,NO_ESTABLISHED_EDGE,AMBIG,LONG,24232.25,,,,,,0.387,0.2452,,,,,,,,,,,,,
2026-07-17T14:10:00,NIFTY,2026-07-17,cycles_resampled,TREND_UP,TRAIN,H1_CONT_BLOCKED,NO_ACTION,NO_ESTABLISHED_EDGE,H1_CONT,LONG,24282.0,24273.1,24252.8815,29.1185,0.12,True,1.708,0.905,0.0,False,True,True,False,2.8006,0.0,True,True,False,False,2.27,EOD
2026-07-17T14:15:00,NIFTY,2026-07-17,cycles_resampled,TREND_UP,TRAIN,AMBIGUOUS,NO_ACTION,NO_ESTABLISHED_EDGE,H7_TRAP,LONG,24315.9,24296.55,24281.665,34.235,,False,1.5518,0.4006,0.1069,True,False,False,True,0.9406,-0.8792,False,False,False,False,0.9406,EOD
2026-07-17T14:20:00,NIFTY,2026-07-17,cycles_resampled,TREND_UP,TRAIN,SPIKE_NO_LEVEL,NO_ACTION,NO_ESTABLISHED_EDGE,AMBIG,SHORT,24295.95,,,,,,0.6396,0.5063,,,,,,,,,,,,,
2026-07-17T14:25:00,NIFTY,2026-07-17,cycles_resampled,TREND_UP,TRAIN,H7_TRAP,AVOID,SUPPORTED,H7_TRAP,SHORT,24288.05,24292.1,24316.185,28.135,1.69,False,0.4117,0.3203,0.8797,True,False,False,True,0.0089,-1.1001,False,False,False,True,-1.1018,SL
2026-07-20T12:55:00,NIFTY,2026-07-20,cycles_resampled,CHOP,TRAIN,H1_CONT_BLOCKED,NO_ACTION,NO_ESTABLISHED_EDGE,H1_CONT,LONG,24186.95,24163.35,24163.2425,23.7075,0.44,True,1.5007,0.9089,0.0,False,True,True,False,3.1256,-0.4092,True,True,True,False,2.9979,T3
2026-07-20T13:10:00,NIFTY,2026-07-20,cycles_resampled,CHOP,TRAIN,AMBIGUOUS,NO_ACTION,NO_ESTABLISHED_EDGE,AMBIG,LONG,24224.55,24217.76,24177.067,47.483,0.28,False,2.6604,0.9631,0.0,False,True,True,False,0.8213,-0.2432,False,False,False,False,0.3538,EOD
2026-07-21T12:55:00,NIFTY,2026-07-21,cycles_resampled,TREND_DOWN,TRAIN,H1_CONT_BLOCKED,NO_ACTION,NO_ESTABLISHED_EDGE,H1_CONT,SHORT,24151.05,24158.35,24173.0645,22.0145,,True,1.7393,0.8262,0.0,False,True,True,False,0.6882,-1.3423,False,False,False,True,-1.3446,SL
2026-07-21T13:55:00,NIFTY,2026-07-21,cycles_resampled,TREND_DOWN,TRAIN,AMBIGUOUS,NO_ACTION,NO_ESTABLISHED_EDGE,AMBIG,SHORT,24160.8,24177.4,24181.389,20.589,0.42,False,1.6029,0.9366,0.0,False,True,True,False,0.2016,-1.1632,False,False,False,True,-1.1657,SL
2026-07-22T15:10:00,NIFTY,2026-07-22,cycles_resampled,TREND_DOWN,TRAIN,AMBIGUOUS,NO_ACTION,NO_ESTABLISHED_EDGE,H7_TRAP,LONG,24021.0,24002.55,23996.7545,24.2455,0.14,False,1.6022,0.8833,0.2093,True,True,False,True,0.0598,-1.1549,False,False,False,True,-1.1569,SL
2026-07-23T12:10:00,NIFTY,2026-07-23,cycles_resampled,CHOP,TRAIN,AMBIGUOUS,NO_ACTION,NO_ESTABLISHED_EDGE,AMBIG,SHORT,23935.0,23939.41,23960.804,25.804,0.16,False,1.7431,0.8843,0.0,False,True,True,False,3.0848,-0.1046,True,True,True,False,2.9981,T3
2026-07-23T12:30:00,NIFTY,2026-07-23,cycles_resampled,CHOP,TRAIN,AMBIGUOUS,NO_ACTION,NO_ESTABLISHED_EDGE,AMBIG,SHORT,23898.8,23894.15,23914.1415,15.3415,0.3,True,0.981,0.5062,0.0,False,False,False,False,3.5362,-0.013,True,True,True,False,2.9967,T3
2026-07-23T12:40:00,NIFTY,2026-07-23,cycles_resampled,CHOP,TRAIN,H1_CONT_BLOCKED,NO_ACTION,NO_ESTABLISHED_EDGE,H1_CONT,SHORT,23855.9,23880.75,23886.2485,30.3485,,True,1.7997,0.9833,0.0,False,True,True,False,1.4399,-1.0099,True,False,False,False,-1.0116,SL
2026-07-23T13:35:00,NIFTY,2026-07-23,cycles_resampled,CHOP,TRAIN,AMBIGUOUS,NO_ACTION,NO_ESTABLISHED_EDGE,AMBIG,LONG,23853.4,23841.35,23827.8645,25.5355,5.16,False,1.5063,0.8169,0.0,False,True,True,False,1.4764,-1.3843,True,False,False,False,-1.3863,SL
2026-07-23T14:30:00,NIFTY,2026-07-23,cycles_resampled,CHOP,TRAIN,H7_TRAP,AVOID,SUPPORTED,H7_TRAP,LONG,23886.55,23868.0,23852.663,33.887,1.92,False,1.808,0.8055,1.5137,True,False,False,True,0.1343,-1.0314,False,False,False,True,-1.0328,SL
2026-07-23T14:35:00,NIFTY,2026-07-23,cycles_resampled,CHOP,TRAIN,H1_CONT_BLOCKED,NO_ACTION,NO_ESTABLISHED_EDGE,H1_CONT,SHORT,23851.6,23853.65,23892.285,40.685,0.09,True,2.3289,1.0,0.0,False,True,True,False,1.0815,-0.9119,True,False,False,False,-0.5125,EOD
2026-07-24T11:15:00,NIFTY,2026-07-24,cycles_resampled,CHOP,TRAIN,H1_CONT_BLOCKED,NO_ACTION,NO_ESTABLISHED_EDGE,H1_CONT,LONG,23653.65,23633.75,23623.986,29.664,0.05,True,2.2332,1.0,0.0,False,True,True,False,4.3436,-0.0489,True,True,True,False,2.9983,T3
2026-07-24T12:25:00,NIFTY,2026-07-24,cycles_resampled,CHOP,TRAIN,AMBIGUOUS,NO_ACTION,NO_ESTABLISHED_EDGE,AMBIG,LONG,23782.5,23755.2,23737.1285,45.3715,,False,2.7251,1.0,0.0,False,True,True,False,0.8959,-0.9742,False,False,False,False,0.0882,EOD
2026-07-24T13:00:00,NIFTY,2026-07-24,cycles_resampled,CHOP,TRAIN,AMBIGUOUS,NO_ACTION,NO_ESTABLISHED_EDGE,H1_CONT,SHORT,23774.6,23791.4,23800.4675,25.8675,0.65,True,1.2168,0.8422,0.0349,True,True,True,False,1.4033,-1.0283,True,False,False,False,-1.0303,SL
2026-07-24T13:40:00,NIFTY,2026-07-24,cycles_resampled,CHOP,TRAIN,H7_TRAP,AVOID,SUPPORTED,H7_TRAP,SHORT,23747.45,23752.95,23767.1915,19.7415,6.98,False,1.0406,0.6631,1.7201,True,False,False,True,0.2229,-1.9933,False,False,False,True,-1.9958,SL
2026-07-24T14:00:00,NIFTY,2026-07-24,cycles_resampled,CHOP,TRAIN,H7_LEANING_TRAP,AVOID,SUPPORTED,H7_TRAP,LONG,23819.0,23806.85,23788.7995,30.2005,,False,0.8106,0.4768,0.5157,True,False,False,True,0.0,-1.0165,False,False,False,True,-1.0182,SL
2026-07-24T15:00:00,NIFTY,2026-07-24,cycles_resampled,CHOP,TRAIN,H7_LEANING_TRAP,AVOID,SUPPORTED,H7_TRAP,SHORT,23756.35,23761.35,23778.8075,22.4575,4.33,False,1.1862,0.7124,0.3983,True,True,False,True,0.1959,-1.4561,False,False,False,True,-1.4583,SL
2026-07-27T10:40:00,NIFTY,2026-07-27,cycles_resampled,TREND_UP,TRAIN,AMBIGUOUS,NO_ACTION,NO_ESTABLISHED_EDGE,H7_TRAP,LONG,23927.1,23923.65,23891.5135,35.5865,0.29,False,2.0618,1.0,0.246,True,False,False,True,2.3239,-0.4946,True,True,False,False,2.0022,EOD
2026-07-27T10:55:00,NIFTY,2026-07-27,cycles_resampled,TREND_UP,TRAIN,AMBIGUOUS,NO_ACTION,NO_ESTABLISHED_EDGE,AMBIG,LONG,23934.15,23927.25,23911.8865,22.2635,0.22,False,0.9454,0.6798,0.1277,True,True,True,False,3.3934,-0.5884,True,True,True,False,2.9978,T3
2026-07-27T13:35:00,NIFTY,2026-07-27,cycles_resampled,TREND_UP,TRAIN,AMBIGUOUS,NO_ACTION,NO_ESTABLISHED_EDGE,H7_TRAP,LONG,23959.55,23959.2,23936.066,23.484,0.52,False,1.7594,0.9232,0.136,True,False,False,True,2.1398,-0.528,True,True,False,False,1.6522,EOD
2026-07-28T13:50:00,NIFTY,2026-07-28,cycles_resampled,CHOP,TRAIN,AMBIGUOUS,NO_ACTION,NO_ESTABLISHED_EDGE,AMBIG,LONG,24003.55,23992.05,23980.7415,22.8085,1.08,False,1.8361,0.8163,0.0,False,True,True,False,0.3157,-1.3986,False,False,False,True,-1.4008,SL
2026-07-28T15:00:00,NIFTY,2026-07-28,cycles_resampled,CHOP,TRAIN,H7_TRAP,AVOID,SUPPORTED,H7_TRAP,SHORT,23962.8,23963.6,23983.089,20.289,,False,1.3757,0.7414,1.5076,True,False,False,True,0.0049,-1.9937,False,False,False,True,-1.9962,SL
2026-07-30T12:30:00,NIFTY,2026-07-30,cycles_resampled,TREND_UP,TRAIN,AMBIGUOUS,NO_ACTION,NO_ESTABLISHED_EDGE,AMBIG,LONG,24312.7,24284.15,24261.033,51.667,,False,3.9687,0.7786,0.0,False,True,True,False,0.1316,-1.171,False,False,False,True,-1.1719,SL
2026-07-30T12:35:00,NIFTY,2026-07-30,cycles_resampled,TREND_UP,TRAIN,SPIKE_NO_LEVEL,NO_ACTION,NO_ESTABLISHED_EDGE,AMBIG,SHORT,24296.15,,,,,,1.4463,0.8158,,,,,,,,,,,,,
2026-07-30T13:10:00,NIFTY,2026-07-30,cycles_resampled,TREND_UP,TRAIN,AMBIGUOUS,NO_ACTION,NO_ESTABLISHED_EDGE,H7_TRAP,SHORT,24265.1,24279.2,24283.2545,18.1545,0.78,True,1.0521,0.5721,0.068,True,True,False,True,0.2809,-1.6663,False,False,False,True,-1.669,SL
2026-07-30T14:30:00,NIFTY,2026-07-30,cycles_resampled,TREND_UP,TRAIN,H1_CONT_OBSERVE,NO_ACTION,NOT_VALIDATED,H1_CONT,LONG,24249.2,24241.05,24228.006,21.194,1.56,True,1.2789,0.7177,0.0,False,True,True,False,3.5175,-0.2784,True,True,True,False,2.9976,T3
2026-07-30T15:00:00,NIFTY,2026-07-30,cycles_resampled,TREND_UP,TRAIN,H1_CONT_BLOCKED,NO_ACTION,NO_ESTABLISHED_EDGE,H1_CONT,LONG,24298.6,24282.3,24269.3995,29.2005,0.97,True,1.1324,0.6367,0.0,False,True,True,False,1.4383,0.0,True,False,False,False,0.0771,EOD
2026-07-30T15:05:00,NIFTY,2026-07-30,cycles_resampled,TREND_UP,TRAIN,AMBIGUOUS,NO_ACTION,NO_ESTABLISHED_EDGE,AMBIG,LONG,24321.05,24298.6,24298.309,22.741,0.26,False,0.741,0.496,0.0,False,True,True,False,0.8597,-0.8883,False,False,False,False,-0.8883,EOD
2026-07-31T13:30:00,NIFTY,2026-07-31,cycles_resampled,CHOP,TRAIN,AMBIGUOUS,NO_ACTION,NO_ESTABLISHED_EDGE,AMBIG,SHORT,24399.6,24413.1,24420.4525,20.8525,3.04,False,1.837,0.9287,0.0,False,True,True,False,2.0933,-0.6474,True,True,False,False,1.688,EOD
2026-07-31T14:30:00,NIFTY,2026-07-31,cycles_resampled,CHOP,TRAIN,AMBIGUOUS,NO_ACTION,NO_ESTABLISHED_EDGE,AMBIG,SHORT,24374.4,24390.4,24401.489,27.089,1.41,False,1.5332,0.7548,0.0,False,True,True,False,0.6811,-0.8786,False,False,False,False,0.3692,EOD
2026-07-31T15:00:00,NIFTY,2026-07-31,cycles_resampled,CHOP,TRAIN,H1_CONT_BLOCKED,NO_ACTION,NO_ESTABLISHED_EDGE,H1_CONT,LONG,24385.3,24374.15,24362.7945,22.5055,0.54,True,1.5643,1.0,0.0,False,True,True,False,0.5732,-1.0175,False,False,False,True,-1.0198,SL
2026-08-03T12:45:00,NIFTY,2026-08-03,cycles_resampled,TREND_UP,TRAIN,AMBIGUOUS,NO_ACTION,NO_ESTABLISHED_EDGE,H7_TRAP,SHORT,24577.45,24587.25,24601.6575,24.2075,0.16,False,2.1262,0.8198,0.0911,True,False,False,True,0.7291,-8.1318,False,False,False,True,-8.1338,SL
2026-08-03T15:05:00,NIFTY,2026-08-03,cycles_resampled,TREND_UP,TRAIN,SPIKE_NO_LEVEL,NO_ACTION,NO_ESTABLISHED_EDGE,AMBIG,LONG,24571.35,,,,,,0.9693,0.3953,,,,,,,,,,,,,
2026-08-04T10:20:00,NIFTY,2026-08-04,cycles_resampled,CHOP,TRAIN,AMBIGUOUS,NO_ACTION,NO_ESTABLISHED_EDGE,AMBIG,SHORT,24597.5,24609.2,24618.165,20.665,0.3,False,1.4778,0.978,0.0,False,True,True,False,3.218,0.0,True,True,True,False,2.9976,T3
2026-08-04T11:45:00,NIFTY,2026-08-04,cycles_resampled,CHOP,TRAIN,AMBIGUOUS,NO_ACTION,NO_ESTABLISHED_EDGE,AMBIG,SHORT,24531.0,24555.3,24553.4025,22.4025,,False,2.4331,1.0,0.0,False,True,True,False,3.0599,-0.2455,True,True,True,False,2.9978,T3
2026-08-04T12:00:00,NIFTY,2026-08-04,cycles_resampled,CHOP,TRAIN,SPIKE_NO_LEVEL,NO_ACTION,NO_ESTABLISHED_EDGE,AMBIG,LONG,24526.5,,,,,,1.4759,0.8505,,,,,,,,,,,,,
2026-08-04T13:25:00,NIFTY,2026-08-04,cycles_resampled,CHOP,TRAIN,H1_CONT_BLOCKED,NO_ACTION,NO_ESTABLISHED_EDGE,H1_CONT,SHORT,24470.1,24475.75,24490.597,20.497,,True,1.8441,0.9975,0.0,False,True,True,False,1.8588,-1.066,True,False,False,False,-1.0684,SL
2026-08-04T13:50:00,NIFTY,2026-08-04,cycles_resampled,CHOP,TRAIN,AMBIGUOUS,NO_ACTION,NO_ESTABLISHED_EDGE,AMBIG,SHORT,24442.5,24453.4,24467.838,25.338,,False,1.7921,0.8862,0.0,False,True,True,False,0.4144,-1.2432,False,False,False,True,-1.2452,SL
2026-08-04T14:20:00,NIFTY,2026-08-04,cycles_resampled,CHOP,TRAIN,H1_CONT_OBSERVE,NO_ACTION,NOT_VALIDATED,H1_CONT,SHORT,24471.9,24500.68,24492.658,20.758,1.92,True,1.1585,0.6992,0.0,False,True,True,False,1.2116,-6.8889,True,False,False,False,-6.8913,SL
2026-08-04T14:30:00,NIFTY,2026-08-04,cycles_resampled,CHOP,TRAIN,AMBIGUOUS,NO_ACTION,NO_ESTABLISHED_EDGE,H7_TRAP,SHORT,24460.95,24464.9,24485.7215,24.7715,1.17,False,0.8519,0.5405,0.1102,True,False,False,True,0.5732,-6.2148,False,False,False,True,-6.2168,SL
2026-08-05T10:25:00,NIFTY,2026-08-05,cycles_resampled,CHOP,VALIDATION,H7_LEANING_TRAP,AVOID,SUPPORTED,AMBIG,SHORT,24584.6,24583.45,24616.0125,31.4125,0.04,False,1.717,0.8963,0.3437,True,False,False,False,0.6749,-1.0696,False,False,False,True,-1.0712,SL
2026-08-05T10:55:00,NIFTY,2026-08-05,cycles_resampled,CHOP,VALIDATION,AMBIGUOUS,NO_ACTION,NO_ESTABLISHED_EDGE,H7_TRAP,LONG,24644.5,24633.22,24616.325,28.175,0.21,True,1.3355,0.9945,0.1425,True,True,False,True,0.5093,-1.1677,False,False,False,True,-1.1695,SL
2026-08-05T11:05:00,NIFTY,2026-08-05,cycles_resampled,CHOP,VALIDATION,AMBIGUOUS,NO_ACTION,NO_ESTABLISHED_EDGE,AMBIG,SHORT,24629.3,24643.05,24659.7365,30.4365,1.0,False,1.2538,0.8545,0.0,False,True,True,False,3.1985,-0.3614,True,True,True,False,2.9984,T3
2026-08-05T13:20:00,NIFTY,2026-08-05,cycles_resampled,CHOP,VALIDATION,AMBIGUOUS,NO_ACTION,NO_ESTABLISHED_EDGE,AMBIG,SHORT,24523.8,24535.8,24549.6015,25.8015,0.44,False,1.6481,0.9401,0.0,False,True,True,False,0.9515,-1.153,False,False,False,True,-1.155,SL
2026-08-06T11:40:00,NIFTY,2026-08-06,cycles_resampled,CHOP,VALIDATION,H7_LEANING_TRAP,AVOID,SUPPORTED,AMBIG,SHORT,24634.8,24653.5,24653.804,19.004,0.6,False,1.6081,0.8417,0.4977,True,True,True,False,0.3341,-1.5549,False,False,False,True,-1.5576,SL
2026-08-06T11:55:00,NIFTY,2026-08-06,cycles_resampled,CHOP,VALIDATION,AMBIGUOUS,NO_ACTION,NO_ESTABLISHED_EDGE,AMBIG,LONG,24664.35,24649.43,24644.883,19.467,0.57,False,1.5469,1.0,0.2688,True,True,True,False,0.0,-1.0274,False,False,False,True,-1.0299,SL
2026-08-06T13:15:00,NIFTY,2026-08-06,cycles_resampled,CHOP,VALIDATION,H7_TRAP,AVOID,SUPPORTED,H7_TRAP,LONG,24648.45,24649.43,24611.869,36.581,0.0,False,2.7367,0.9403,0.6944,True,False,False,True,0.2829,-1.0361,False,False,False,True,-1.0374,SL
2026-08-06T13:20:00,NIFTY,2026-08-06,cycles_resampled,CHOP,VALIDATION,H7_TRAP,AVOID,SUPPORTED,H7_TRAP,SHORT,24623.25,24624.06,24654.871,31.621,0.49,False,1.9917,0.9528,0.6023,True,False,False,True,0.0949,-1.1243,False,False,False,True,-1.1258,SL
2026-08-06T13:35:00,NIFTY,2026-08-06,cycles_resampled,CHOP,VALIDATION,SPIKE_NO_LEVEL,NO_ACTION,NO_ESTABLISHED_EDGE,AMBIG,SHORT,24635.15,,,,,,0.4447,0.2854,,,,,,,,,,,,,
2026-08-06T13:50:00,NIFTY,2026-08-06,cycles_resampled,CHOP,VALIDATION,SPIKE_NO_LEVEL,NO_ACTION,NO_ESTABLISHED_EDGE,AMBIG,LONG,24629.0,,,,,,0.9767,0.7882,,,,,,,,,,,,,
2026-08-06T13:55:00,NIFTY,2026-08-06,cycles_resampled,CHOP,VALIDATION,H1_CONT_BLOCKED,NO_ACTION,NO_ESTABLISHED_EDGE,H1_CONT,LONG,24649.0,24631.8,24623.4045,25.5955,0.02,True,1.1084,0.829,0.0,False,True,True,False,0.5333,-1.2268,False,False,False,True,-1.2287,SL
2026-08-06T14:30:00,NIFTY,2026-08-06,cycles_resampled,CHOP,VALIDATION,H1_WEAK,NO_ACTION,NO_ESTABLISHED_EDGE,H1_WEAK,SHORT,24646.8,24655.0,24658.6085,11.8085,1.93,True,0.3677,0.2301,0.0,False,True,True,False,2.4728,-0.398,True,True,False,False,0.9146,EOD
2026-08-07T10:15:00,NIFTY,2026-08-07,cycles_resampled,CHOP,VALIDATION,H1_CONT_BLOCKED,NO_ACTION,NO_ESTABLISHED_EDGE,H1_CONT,SHORT,24578.5,24580.45,24597.7775,19.2775,,True,1.2746,0.7649,0.0,False,True,True,False,2.8634,-0.5447,True,True,False,False,0.4072,EOD
2026-08-07T11:00:00,NIFTY,2026-08-07,cycles_resampled,CHOP,VALIDATION,H7_LEANING_TRAP,AVOID,SUPPORTED,H7_TRAP,SHORT,24556.0,24562.0,24574.383,18.383,,False,1.4176,0.8033,0.2938,True,False,False,True,0.0,-1.7843,False,False,False,True,-1.787,SL
2026-08-07T12:25:00,NIFTY,2026-08-07,cycles_resampled,CHOP,VALIDATION,H1_WEAK,NO_ACTION,NO_ESTABLISHED_EDGE,H1_WEAK,LONG,24549.75,24545.8,24535.6925,14.0575,0.86,True,0.997,0.5284,0.0,False,True,True,False,2.7921,-1.1844,True,True,False,False,-1.188,SL
2026-08-07T13:20:00,NIFTY,2026-08-07,cycles_resampled,CHOP,VALIDATION,H7_TRAP,AVOID,SUPPORTED,H7_TRAP,LONG,24566.0,24565.9,24545.7605,20.2395,1.03,True,1.4962,0.9186,0.916,True,True,False,True,1.1364,-1.6255,True,False,False,False,-1.628,SL
2026-08-07T13:30:00,NIFTY,2026-08-07,cycles_resampled,CHOP,VALIDATION,H7_TRAP,AVOID,SUPPORTED,H7_TRAP,SHORT,24547.9,24546.35,24567.842,19.942,0.08,False,1.5235,0.9019,1.1238,True,False,False,True,0.0953,-1.1759,False,False,False,True,-1.1784,SL
2026-08-07T13:45:00,NIFTY,2026-08-07,cycles_resampled,CHOP,VALIDATION,AMBIGUOUS,NO_ACTION,NO_ESTABLISHED_EDGE,AMBIG,LONG,24570.4,24549.7,24547.248,23.152,0.06,False,1.5995,0.8547,0.0,False,True,True,False,0.8034,-1.6111,False,False,False,True,-1.6133,SL
2026-08-07T13:55:00,NIFTY,2026-08-07,cycles_resampled,CHOP,VALIDATION,H1_WEAK,NO_ACTION,NO_ESTABLISHED_EDGE,H1_WEAK,SHORT,24563.15,24571.35,24573.5295,10.3795,1.62,True,0.6375,0.3907,0.0,False,True,True,False,1.1176,-1.4692,True,False,False,True,-1.4741,SL
2026-08-07T14:00:00,NIFTY,2026-08-07,cycles_resampled,CHOP,VALIDATION,SPIKE_NO_LEVEL,NO_ACTION,NO_ESTABLISHED_EDGE,AMBIG,SHORT,24553.3,,,,,,0.9269,0.5158,,,,,,,,,,,,,
2026-08-07T14:05:00,NIFTY,2026-08-07,cycles_resampled,CHOP,VALIDATION,H7_LEANING_TRAP,AVOID,SUPPORTED,H7_TRAP,SHORT,24538.95,24533.85,24557.8715,18.9215,0.27,True,0.9918,0.6632,0.3077,True,False,False,True,0.8271,-1.1891,False,False,False,True,-1.1918,SL
2026-08-07T14:45:00,NIFTY,2026-08-07,cycles_resampled,CHOP,VALIDATION,H7_TRAP,AVOID,SUPPORTED,H7_TRAP,LONG,24556.65,24548.4,24538.584,18.066,1.54,False,0.8367,0.6419,0.795,True,False,False,True,0.1328,-1.4336,False,False,False,True,-1.4364,SL
2026-08-07T14:50:00,NIFTY,2026-08-07,cycles_resampled,CHOP,VALIDATION,H7_TRAP,AVOID,SUPPORTED,H7_TRAP,SHORT,24530.75,24532.1,24559.899,29.149,0.26,False,1.5056,1.0,0.7668,True,False,False,True,0.0,-1.1338,False,False,False,True,-1.1355,SL
2026-08-10T10:15:00,NIFTY,2026-08-10,cycles_resampled,CHOP,VALIDATION,H1_CONT_OBSERVE,NO_ACTION,NOT_VALIDATED,H1_CONT,LONG,24571.8,24547.75,24547.08,24.72,1.67,True,1.4617,1.0,0.0,False,True,True,False,1.873,-1.0376,True,False,False,False,-1.0396,SL
2026-08-10T11:45:00,NIFTY,2026-08-10,cycles_resampled,CHOP,VALIDATION,SPIKE_NO_LEVEL,NO_ACTION,NO_ESTABLISHED_EDGE,AMBIG,LONG,24591.2,,,,,,0.7617,0.4221,,,,,,,,,,,,,
2026-08-10T15:00:00,NIFTY,2026-08-10,cycles_resampled,CHOP,VALIDATION,H7_LEANING_TRAP,AVOID,SUPPORTED,H7_TRAP,LONG,24571.6,24565.45,24550.8455,20.7545,1.05,False,0.7909,0.4069,0.5459,True,False,False,True,0.0145,-1.2262,False,False,False,True,-1.2286,SL
2026-08-10T15:05:00,NIFTY,2026-08-10,cycles_resampled,CHOP,VALIDATION,AMBIGUOUS,NO_ACTION,NO_ESTABLISHED_EDGE,AMBIG,SHORT,24554.45,24583.0,24572.4235,17.9735,0.16,False,1.1604,0.7077,0.0,False,True,True,False,0.4618,-1.633,False,False,False,True,-1.6357,SL
2026-08-11T12:40:00,NIFTY,2026-08-11,cycles_resampled,TREND_DOWN,VALIDATION,AMBIGUOUS,NO_ACTION,NO_ESTABLISHED_EDGE,H1_CONT,LONG,24451.75,24444.9,24434.2915,17.4585,3.13,True,1.4102,0.6962,0.2301,True,True,True,False,1.1799,-0.7962,True,False,False,False,1.1427,EOD
2026-08-11T13:25:00,NIFTY,2026-08-11,cycles_resampled,TREND_DOWN,VALIDATION,SPIKE_NO_LEVEL,NO_ACTION,NO_ESTABLISHED_EDGE,AMBIG,SHORT,24452.45,,,,,,0.0189,0.011,,,,,,,,,,,,,
2026-08-11T13:35:00,NIFTY,2026-08-11,cycles_resampled,TREND_DOWN,VALIDATION,H7_LEANING_TRAP,AVOID,SUPPORTED,H7_TRAP,SHORT,24453.65,24457.45,24467.882,14.232,0.73,False,1.1702,0.9583,0.4653,True,False,False,True,1.1102,-1.2788,True,False,False,False,-1.2823,SL
2026-08-11T14:05:00,NIFTY,2026-08-11,cycles_resampled,TREND_DOWN,VALIDATION,H1_CONT_BLOCKED,NO_ACTION,NO_ESTABLISHED_EDGE,H1_CONT,LONG,24465.35,24454.9,24446.4495,18.9005,0.07,True,1.0688,0.7166,0.0,False,True,True,False,0.1164,-1.1613,False,False,False,True,-1.164,SL
2026-08-11T14:25:00,NIFTY,2026-08-11,cycles_resampled,TREND_DOWN,VALIDATION,H1_WEAK,NO_ACTION,NO_ESTABLISHED_EDGE,H1_CONT,SHORT,24448.15,24451.1,24463.085,14.935,0.08,True,0.6659,0.5655,0.0,False,True,True,False,0.6897,-1.2789,False,False,False,True,-1.2822,SL
2026-08-11T15:05:00,NIFTY,2026-08-11,cycles_resampled,TREND_DOWN,VALIDATION,AMBIGUOUS,NO_ACTION,NO_ESTABLISHED_EDGE,AMBIG,SHORT,24454.85,24460.85,24472.914,18.064,0.94,False,1.6678,0.9309,0.0,False,True,True,False,0.5204,-0.9328,False,False,False,False,-0.9328,EOD
2026-08-12T10:30:00,NIFTY,2026-08-12,cycles_resampled,CHOP,VALIDATION,H7_TRAP,AVOID,SUPPORTED,H7_TRAP,LONG,24394.4,24380.05,24370.8305,23.5695,1.1,False,1.335,0.8889,0.9903,True,True,False,True,0.0297,-1.6865,False,False,False,True,-1.6886,SL
2026-08-12T10:55:00,NIFTY,2026-08-12,cycles_resampled,CHOP,VALIDATION,H1_CONT_BLOCKED,NO_ACTION,NO_ESTABLISHED_EDGE,H1_CONT,SHORT,24330.55,24354.65,24360.475,29.925,,True,1.829,0.6741,0.0,False,True,True,False,2.1287,-1.6959,True,True,False,False,-1.6976,SL
2026-08-12T14:30:00,NIFTY,2026-08-12,cycles_resampled,CHOP,VALIDATION,AMBIGUOUS,NO_ACTION,NO_ESTABLISHED_EDGE,AMBIG,LONG,24327.2,24298.95,24298.089,29.111,1.07,False,3.04,0.9843,0.0,False,True,True,False,3.7357,-0.3813,True,True,True,False,2.9983,T3
2026-08-12T14:50:00,NIFTY,2026-08-12,cycles_resampled,CHOP,VALIDATION,AMBIGUOUS,NO_ACTION,NO_ESTABLISHED_EDGE,AMBIG,LONG,24359.2,24358.35,24319.545,39.655,2.59,False,2.8742,0.8857,0.1935,True,True,True,False,1.9354,-0.4262,True,False,False,False,1.9354,EOD
2026-08-12T14:55:00,NIFTY,2026-08-12,cycles_resampled,CHOP,VALIDATION,SPIKE_NO_LEVEL,NO_ACTION,NO_ESTABLISHED_EDGE,AMBIG,SHORT,24366.45,,,,,,1.1205,0.5846,,,,,,,,,,,,,
2026-08-13T11:55:00,NIFTY,2026-08-13,cycles_resampled,CHOP,VALIDATION,H1_CONT_BLOCKED,NO_ACTION,NO_ESTABLISHED_EDGE,H1_CONT,LONG,24376.9,24360.55,24355.6305,21.2695,,True,2.1273,1.0,0.0,False,True,True,False,1.7184,-1.0955,True,False,False,False,-1.0978,SL
2026-08-13T12:00:00,NIFTY,2026-08-13,cycles_resampled,CHOP,VALIDATION,AMBIGUOUS,NO_ACTION,NO_ESTABLISHED_EDGE,AMBIG,LONG,24413.45,24376.9,24386.3095,27.1405,,False,2.2223,1.0,0.0,False,True,True,False,0.0,-1.4149,False,False,False,True,-1.4167,SL
2026-08-13T13:15:00,NIFTY,2026-08-13,cycles_resampled,CHOP,VALIDATION,AMBIGUOUS,NO_ACTION,NO_ESTABLISHED_EDGE,H7_TRAP,SHORT,24354.0,24353.6,24370.0795,16.0795,2.21,True,0.838,0.5014,0.2635,True,False,False,True,0.2114,-1.8688,False,False,False,True,-1.8719,SL
2026-08-13T13:40:00,NIFTY,2026-08-13,cycles_resampled,CHOP,VALIDATION,AMBIGUOUS,NO_ACTION,NO_ESTABLISHED_EDGE,AMBIG,LONG,24384.05,24369.85,24363.3985,20.6515,1.42,False,1.4476,0.8653,0.0,False,True,True,False,0.4939,-1.213,False,False,False,True,-1.2154,SL
2026-08-13T14:05:00,NIFTY,2026-08-13,cycles_resampled,CHOP,VALIDATION,AMBIGUOUS,NO_ACTION,NO_ESTABLISHED_EDGE,H1_CONT,SHORT,24359.5,24374.45,24379.188,19.688,0.45,True,1.4708,0.9745,0.1454,True,True,True,False,0.8406,-1.8463,False,False,False,True,-1.8488,SL
2026-08-14T10:30:00,NIFTY,2026-08-14,live_candles,CHOP,VALIDATION,H7_TRAP,AVOID,SUPPORTED,H7_TRAP,SHORT,24305.9,24306.45,24326.446,20.546,,False,1.369,0.8556,1.1078,True,False,False,True,0.0,-1.3482,False,False,False,True,-1.3506,SL
2026-08-14T10:55:00,NIFTY,2026-08-14,live_candles,CHOP,VALIDATION,AMBIGUOUS,NO_ACTION,NO_ESTABLISHED_EDGE,AMBIG,SHORT,24312.45,24322.84,24334.801,22.351,0.44,False,1.823,1.0,0.0,False,True,True,False,0.1991,-1.0313,False,False,False,True,-1.0335,SL
2026-08-14T13:35:00,NIFTY,2026-08-14,live_candles,CHOP,VALIDATION,H1_CONT_BLOCKED,NO_ACTION,NO_ESTABLISHED_EDGE,H1_CONT,LONG,24348.55,24348.0,24327.6925,20.8575,0.1,True,2.8139,1.0,0.0,False,True,True,False,2.5914,0.0,True,True,False,False,0.8366,EOD
2026-08-14T13:45:00,NIFTY,2026-08-14,live_candles,CHOP,VALIDATION,H1_CONT_BLOCKED,NO_ACTION,NO_ESTABLISHED_EDGE,H1_CONT,LONG,24384.2,24358.2,24356.1045,28.0955,,True,2.9531,0.9112,0.0,False,True,True,False,0.6549,-1.0447,False,False,False,True,-1.0464,SL
2026-08-17T11:50:00,NIFTY,2026-08-17,live_candles,CHOP,OOS,H1_WEAK,NO_ACTION,NO_ESTABLISHED_EDGE,H1_WEAK,LONG,24263.35,24254.5,24255.7665,7.5835,3.49,True,0.9251,0.4948,0.0,False,True,True,False,3.0659,-0.4286,True,True,True,False,2.9934,T3
2026-08-17T12:15:00,NIFTY,2026-08-17,live_candles,CHOP,OOS,H1_CONT_OBSERVE,NO_ACTION,NOT_VALIDATED,H1_CONT,LONG,24286.6,24286.46,24270.944,15.656,1.56,True,1.8916,1.0,0.0,False,True,True,False,3.0052,-0.2683,True,True,True,False,2.9968,T3
2026-08-17T12:45:00,NIFTY,2026-08-17,live_candles,CHOP,OOS,H1_CONT_BLOCKED,NO_ACTION,NO_ESTABLISHED_EDGE,H1_CONT,LONG,24322.5,24311.0,24305.6485,16.8515,,True,1.7067,0.8105,0.0,False,True,True,False,2.0888,-2.0681,True,True,False,False,-2.071,SL
2026-08-17T15:00:00,NIFTY,2026-08-17,live_candles,CHOP,OOS,AMBIGUOUS,NO_ACTION,NO_ESTABLISHED_EDGE,H1_CONT,LONG,24350.6,24343.9,24335.402,15.198,0.37,True,1.795,0.8855,0.247,True,True,True,False,0.4672,-4.142,False,False,False,True,-4.1453,SL
2026-08-18T14:00:00,NIFTY,2026-08-18,live_candles,TREND_DOWN,OOS,H7_TRAP,AVOID,SUPPORTED,H7_TRAP,LONG,24206.15,24205.8,24190.7515,15.3985,0.81,False,1.5651,0.8562,1.0167,True,False,False,True,0.0,-1.0456,False,False,False,True,-1.0488,SL
2026-08-18T14:25:00,NIFTY,2026-08-18,live_candles,TREND_DOWN,OOS,AMBIGUOUS,NO_ACTION,NO_ESTABLISHED_EDGE,AMBIG,LONG,24199.3,24196.75,24182.408,16.892,1.03,False,0.3479,0.1799,0.0,False,True,True,False,1.5806,-1.1218,True,False,False,False,-1.1248,SL
2026-08-18T15:00:00,NIFTY,2026-08-18,live_candles,TREND_DOWN,OOS,H1_CONT_BLOCKED,NO_ACTION,NO_ESTABLISHED_EDGE,H1_CONT,SHORT,24207.2,24210.35,24226.564,19.364,0.71,True,1.2792,0.6676,0.0,False,True,True,False,2.7009,0.0,True,True,False,False,2.7009,EOD
2026-08-18T15:10:00,NIFTY,2026-08-18,live_candles,TREND_DOWN,OOS,AMBIGUOUS,NO_ACTION,NO_ESTABLISHED_EDGE,AMBIG,SHORT,24180.35,24190.57,24202.186,21.836,0.17,False,1.672,0.8278,0.0,False,True,True,False,1.1655,0.0,True,False,False,False,1.1655,EOD
2026-08-19T10:15:00,NIFTY,2026-08-19,live_candles,CHOP,OOS,H1_CONT_BLOCKED,NO_ACTION,NO_ESTABLISHED_EDGE,H1_CONT,SHORT,24073.7,24085.8,24090.386,16.686,0.4,True,1.3609,1.0,0.0,False,True,True,False,2.6489,-0.4794,True,True,False,False,-0.2757,EOD
2026-08-19T11:05:00,NIFTY,2026-08-19,live_candles,CHOP,OOS,H7_LEANING_TRAP,AVOID,SUPPORTED,H7_TRAP,SHORT,24039.25,24044.9,24050.4785,11.2285,,False,1.0629,0.674,0.5329,True,False,False,True,0.0,-1.0643,False,False,False,True,-1.0687,SL
2026-08-19T11:45:00,NIFTY,2026-08-19,live_candles,CHOP,OOS,H1_CONT_OBSERVE,NO_ACTION,NOT_VALIDATED,H1_CONT,LONG,24066.7,24056.85,24050.735,15.965,1.38,True,1.5991,1.0,0.0,False,True,True,False,0.9051,-1.0272,False,False,False,True,-1.0304,SL
2026-08-19T12:00:00,NIFTY,2026-08-19,live_candles,CHOP,OOS,H1_CONT_OBSERVE,NO_ACTION,NOT_VALIDATED,H1_CONT,SHORT,24063.75,24076.85,24081.672,17.922,1.09,True,1.7691,1.0,0.0,False,True,True,False,1.9111,-1.0016,True,False,False,False,-1.0044,SL
2026-08-19T14:35:00,NIFTY,2026-08-19,live_candles,CHOP,OOS,SPIKE_NO_LEVEL,NO_ACTION,NO_ESTABLISHED_EDGE,AMBIG,SHORT,24048.3,,,,,,0.0135,0.0043,,,,,,,,,,,,,
2026-08-19T15:05:00,NIFTY,2026-08-19,live_candles,CHOP,OOS,H7_TRAP,AVOID,SUPPORTED,H7_TRAP,SHORT,24040.3,24040.2,24054.4465,14.1465,0.01,False,1.1215,0.8248,0.716,True,False,False,True,0.053,-2.6862,False,False,False,True,-2.6897,SL
2026-08-20T11:30:00,NIFTY,2026-08-20,live_candles,CHOP,OOS,AMBIGUOUS,NO_ACTION,NO_ESTABLISHED_EDGE,H7_TRAP,LONG,24214.25,24215.8,24203.004,11.246,0.14,True,1.4592,0.822,0.25,True,False,False,True,4.2771,-0.4891,True,True,True,False,2.9956,T3
2026-08-20T12:45:00,NIFTY,2026-08-20,live_candles,CHOP,OOS,H1_CONT_BLOCKED,NO_ACTION,NO_ESTABLISHED_EDGE,H1_CONT,LONG,24245.2,24225.4,24217.3385,27.8615,,True,3.9325,1.0,0.0,False,True,True,False,0.6155,-1.0696,False,False,False,True,-1.0714,SL
2026-08-20T12:50:00,NIFTY,2026-08-20,live_candles,CHOP,OOS,SPIKE_NO_LEVEL,NO_ACTION,NO_ESTABLISHED_EDGE,AMBIG,SHORT,24242.9,,,,,,0.2876,0.1078,,,,,,,,,,,,,
2026-08-20T14:15:00,NIFTY,2026-08-20,live_candles,CHOP,OOS,AMBIGUOUS,NO_ACTION,NO_ESTABLISHED_EDGE,AMBIG,LONG,24233.0,24224.65,24222.868,10.132,1.39,False,0.6728,0.3264,0.0,False,True,True,False,1.436,-1.7371,True,False,False,False,-1.742,SL
2026-08-20T15:10:00,NIFTY,2026-08-20,live_candles,CHOP,OOS,SPIKE_NO_LEVEL,NO_ACTION,NO_ESTABLISHED_EDGE,AMBIG,LONG,24216.4,,,,,,0.1499,0.0923,,,,,,,,,,,,,
2026-08-24T11:00:00,NIFTY,2026-08-24,live_candles,TREND_DOWN,OOS,H1_CONT_BLOCKED,NO_ACTION,NO_ESTABLISHED_EDGE,H1_CONT,SHORT,24229.65,24260.6,24253.546,23.896,,True,1.8347,0.6185,0.0,False,True,True,False,3.1449,0.0,True,True,True,False,2.9979,T3
2026-08-24T11:20:00,NIFTY,2026-08-24,live_candles,TREND_DOWN,OOS,H1_CONT_BLOCKED,NO_ACTION,NO_ESTABLISHED_EDGE,H1_CONT,SHORT,24204.1,24211.4,24220.6305,16.5305,,True,1.3415,0.646,0.0,False,True,True,False,3.0005,0.0,True,True,True,False,2.997,T3
2026-08-24T11:30:00,NIFTY,2026-08-24,live_candles,TREND_DOWN,OOS,AMBIGUOUS,NO_ACTION,NO_ESTABLISHED_EDGE,AMBIG,SHORT,24180.55,24198.1,24199.823,19.273,,False,1.7731,0.9791,0.0,False,True,True,False,1.733,-1.9976,True,False,False,False,-2.0002,SL
2026-08-24T13:05:00,NIFTY,2026-08-24,live_candles,TREND_DOWN,OOS,H7_LEANING_TRAP,AVOID,SUPPORTED,H7_TRAP,SHORT,24161.05,24167.8,24170.362,9.312,,False,1.2219,0.5747,0.5422,True,True,False,True,0.102,-1.2081,False,False,False,True,-1.2135,SL
2026-08-24T13:30:00,NIFTY,2026-08-24,live_candles,TREND_DOWN,OOS,AMBIGUOUS,NO_ACTION,NO_ESTABLISHED_EDGE,AMBIG,SHORT,24164.4,24174.65,24181.4465,17.0465,0.58,False,2.0298,1.0,0.0,False,True,True,False,1.0119,-1.0794,True,False,False,False,-1.0823,SL
2026-08-25T11:55:00,NIFTY,2026-08-25,live_candles,TREND_UP,HOLDOUT,H1_CONT_OBSERVE,NO_ACTION,NOT_VALIDATED,H1_CONT,LONG,24181.85,24161.3,24167.762,14.088,1.09,True,1.4031,0.6888,0.0,False,True,True,False,0.0,-1.1606,False,False,False,True,-1.1641,SL
2026-08-25T13:50:00,NIFTY,2026-08-25,live_candles,TREND_UP,HOLDOUT,H7_LEANING_TRAP,AVOID,SUPPORTED,H7_TRAP,LONG,24170.25,24161.83,24132.9125,37.3375,0.72,False,3.5967,1.0,0.4477,True,False,False,True,4.4004,-0.7888,True,True,True,False,2.9987,T3
2026-08-25T14:25:00,NIFTY,2026-08-25,live_candles,TREND_UP,HOLDOUT,H1_CONT_BLOCKED,NO_ACTION,NO_ESTABLISHED_EDGE,H1_CONT,LONG,24185.2,24169.05,24160.9435,24.2565,0.49,True,1.9737,1.0,0.0,False,True,True,False,3.2404,-0.3731,True,True,True,False,2.9979,T3
2026-08-25T14:30:00,NIFTY,2026-08-25,live_candles,TREND_UP,HOLDOUT,AMBIGUOUS,NO_ACTION,NO_ESTABLISHED_EDGE,AMBIG,LONG,24199.2,24197.15,24175.145,24.055,,False,1.5126,0.6313,0.0,False,True,True,False,5.6267,-0.3409,True,True,True,False,2.9979,T3
2026-08-25T14:50:00,NIFTY,2026-08-25,live_candles,TREND_UP,HOLDOUT,H1_WEAK,NO_ACTION,NO_ESTABLISHED_EDGE,H1_CONT,LONG,24237.25,24217.15,24219.178,18.072,,True,0.8743,0.6607,0.0,False,True,True,False,5.384,0.0,True,True,True,False,2.9972,T3
2026-08-26T10:15:00,NIFTY,2026-08-26,live_candles,TREND_DOWN,HOLDOUT,H1_CONT_BLOCKED,NO_ACTION,NO_ESTABLISHED_EDGE,H1_CONT,SHORT,24316.75,24337.55,24346.62,29.87,0.12,True,1.7625,1.0,0.0,False,True,True,False,3.6491,-0.4888,True,True,True,False,2.9983,T3
2026-08-26T11:15:00,NIFTY,2026-08-26,live_candles,TREND_DOWN,HOLDOUT,AMBIGUOUS,NO_ACTION,NO_ESTABLISHED_EDGE,AMBIG,SHORT,24310.4,24310.21,24332.061,21.661,0.01,True,1.6322,0.884,0.0,False,False,False,False,4.7389,-0.1039,True,True,True,False,2.9977,T3
2026-08-27T12:35:00,NIFTY,2026-08-27,live_candles,TREND_DOWN,HOLDOUT,AMBIGUOUS,NO_ACTION,NO_ESTABLISHED_EDGE,AMBIG,LONG,24172.95,24159.6,24154.101,18.849,2.42,False,1.5841,0.8934,0.0,False,True,True,False,1.199,-1.7773,True,False,False,False,-1.7799,SL
2026-08-27T12:50:00,NIFTY,2026-08-27,live_candles,TREND_DOWN,HOLDOUT,AMBIGUOUS,NO_ACTION,NO_ESTABLISHED_EDGE,H7_TRAP,LONG,24187.25,24185.92,24172.2965,14.9535,7.21,False,0.7993,0.4743,0.1962,True,False,False,True,0.5551,-1.2104,False,False,False,True,-1.2138,SL
2026-08-27T13:45:00,NIFTY,2026-08-27,live_candles,TREND_DOWN,HOLDOUT,H1_CONT_BLOCKED,NO_ACTION,NO_ESTABLISHED_EDGE,H1_CONT,SHORT,24145.95,24150.1,24163.6035,17.6535,0.41,True,1.4257,0.7228,0.0,False,True,True,False,3.1212,-0.9233,True,True,True,False,2.9972,T3
2026-08-27T14:30:00,NIFTY,2026-08-27,live_candles,TREND_DOWN,HOLDOUT,H7_LEANING_TRAP,AVOID,SUPPORTED,H7_TRAP,LONG,24154.0,24153.85,24138.878,15.122,2.57,True,0.6499,0.3549,0.4978,True,False,False,True,0.5456,-1.2069,False,False,False,True,-1.2102,SL
2026-08-28T11:10:00,NIFTY,2026-08-28,live_candles,CHOP,HOLDOUT,H7_TRAP,AVOID,SUPPORTED,H7_TRAP,LONG,24163.15,24161.65,24144.2495,18.9005,0.22,False,1.6617,1.0,2.3733,True,False,False,True,0.0,-1.2619,False,False,False,True,-1.2645,SL
2026-08-28T11:25:00,NIFTY,2026-08-28,live_candles,CHOP,HOLDOUT,H1_CONT_BLOCKED,NO_ACTION,NO_ESTABLISHED_EDGE,H1_CONT,SHORT,24118.1,24139.3,24139.009,20.909,0.33,True,1.7615,0.9901,0.0,False,True,True,False,1.9394,-1.8317,True,False,False,False,-1.8341,SL
2026-08-28T11:55:00,NIFTY,2026-08-28,live_candles,CHOP,HOLDOUT,H1_CONT_BLOCKED,NO_ACTION,NO_ESTABLISHED_EDGE,H1_CONT,SHORT,24083.4,24094.85,24097.938,14.538,,True,1.0387,0.699,0.0,False,True,True,False,0.4024,-1.2932,False,False,False,True,-1.2966,SL
2026-08-28T15:10:00,NIFTY,2026-08-28,live_candles,CHOP,HOLDOUT,AMBIGUOUS,NO_ACTION,NO_ESTABLISHED_EDGE,H7_TRAP,LONG,24142.5,24146.75,24125.0365,17.4635,0.24,True,1.5677,0.5435,0.1412,True,False,False,True,1.8982,-0.0029,True,False,False,False,1.8982,EOD
2026-09-02T06:40:00Z,NIFTY,2026-09-02,zerohero,CHOP,HOLDOUT,AMBIGUOUS,NO_ACTION,NO_ESTABLISHED_EDGE,H7_TRAP,LONG,23980.9,23976.0,23947.85,33.05,0.19,False,2.0712,0.9143,0.2171,True,False,False,True,2.0605,-0.7837,True,True,False,False,0.4206,EOD
2026-09-03T05:45:00Z,NIFTY,2026-09-03,zerohero,TREND_DOWN,HOLDOUT,AMBIGUOUS,NO_ACTION,NO_ESTABLISHED_EDGE,AMBIG,LONG,24061.8,24056.0,24034.346,27.454,0.85,False,1.1397,0.6855,0.0,False,True,True,False,1.3441,-1.3514,True,False,False,False,-1.3532,SL
2026-09-03T06:30:00Z,NIFTY,2026-09-03,zerohero,TREND_DOWN,HOLDOUT,H1_CONT_BLOCKED,NO_ACTION,NO_ESTABLISHED_EDGE,H1_CONT,SHORT,24049.7,24061.1,24074.87,25.17,0.57,True,1.0806,0.7,0.0,False,True,True,False,3.1228,-0.3695,True,True,True,False,2.998,T3
2026-09-03T08:00:00Z,NIFTY,2026-09-03,zerohero,TREND_DOWN,HOLDOUT,H7_TRAP,AVOID,SUPPORTED,H7_TRAP,LONG,24050.0,24050.0,24022.965,27.035,3.47,False,1.1909,0.7246,0.7681,True,False,False,True,0.3329,-1.0357,False,False,False,True,-1.0375,SL
2026-09-03T08:05:00Z,NIFTY,2026-09-03,zerohero,TREND_DOWN,HOLDOUT,AMBIGUOUS,NO_ACTION,NO_ESTABLISHED_EDGE,H7_TRAP,SHORT,24024.0,24024.0,24060.11,36.11,0.4,True,1.158,0.6892,0.2703,True,False,False,True,1.465,-0.6065,True,False,False,False,1.3625,EOD
2026-09-04T06:30:00Z,NIFTY,2026-09-04,zerohero,CHOP,HOLDOUT,H1_CONT_OBSERVE,NO_ACTION,NOT_VALIDATED,H1_CONT,SHORT,24076.0,24108.0,24108.972,32.972,1.04,True,2.9435,0.9877,0.0,False,True,True,False,1.2617,-0.4246,True,False,False,False,0.8492,EOD
2026-09-04T09:50:00Z,NIFTY,2026-09-04,zerohero,CHOP,HOLDOUT,H1_CONT_BLOCKED,NO_ACTION,NO_ESTABLISHED_EDGE,H1_CONT,SHORT,24040.6,24054.1,24062.248,21.648,0.72,True,1.4047,0.9722,0.0,False,True,True,False,0.2864,-0.8962,False,False,False,False,-0.3418,EOD
2026-07-13T10:55:00,NATURALGAS,2026-07-13,cycles_resampled,CHOP,TRAIN,SPIKE_NO_LEVEL,NO_ACTION,NO_ESTABLISHED_EDGE,AMBIG,SHORT,279.1,,,,,,0.0,0.0,,,,,,,,,,,,,
2026-07-13T11:05:00,NATURALGAS,2026-07-13,cycles_resampled,CHOP,TRAIN,H7_LEANING_TRAP,AVOID,SUPPORTED,H7_TRAP,LONG,279.5,279.6,279.082,0.418,0.24,False,1.3659,0.6667,0.3333,True,False,False,True,3.11,-0.4785,True,True,True,False,2.7608,T3
2026-07-13T11:30:00,NATURALGAS,2026-07-13,cycles_resampled,CHOP,TRAIN,H1_CONT_BLOCKED,NO_ACTION,NO_ESTABLISHED_EDGE,H1_CONT,LONG,279.9,279.7,279.282,0.618,,True,2.0,1.0,0.0,False,True,True,False,1.4563,-1.2945,True,False,False,False,-1.4563,SL
2026-07-13T11:35:00,NATURALGAS,2026-07-13,cycles_resampled,CHOP,TRAIN,AMBIGUOUS,NO_ACTION,NO_ESTABLISHED_EDGE,H1_CONT,LONG,280.4,279.9,279.676,0.724,,True,2.0851,0.875,0.125,True,True,True,False,0.5525,-1.7956,False,False,False,True,-1.9337,SL
2026-07-13T11:50:00,NATURALGAS,2026-07-13,cycles_resampled,CHOP,TRAIN,AMBIGUOUS,NO_ACTION,NO_ESTABLISHED_EDGE,AMBIG,SHORT,279.8,280.5,280.624,0.824,0.61,False,2.0364,1.0,0.0,False,True,True,False,3.1553,-0.4854,True,True,True,False,2.8786,T3
2026-07-13T12:00:00,NATURALGAS,2026-07-13,cycles_resampled,CHOP,TRAIN,AMBIGUOUS,NO_ACTION,NO_ESTABLISHED_EDGE,AMBIG,SHORT,279.2,279.8,280.13,0.93,0.38,False,1.75,0.8,0.0,False,True,True,False,3.0108,-0.9677,True,True,True,False,2.8925,T3
2026-07-13T13:05:00,NATURALGAS,2026-07-13,cycles_resampled,CHOP,TRAIN,AMBIGUOUS,NO_ACTION,NO_ESTABLISHED_EDGE,AMBIG,SHORT,278.3,278.6,279.124,0.824,,False,2.0741,1.0,0.0,False,True,True,False,1.8204,-1.699,True,False,False,False,-1.8204,SL
2026-07-13T13:50:00,NATURALGAS,2026-07-13,cycles_resampled,CHOP,TRAIN,AMBIGUOUS,NO_ACTION,NO_ESTABLISHED_EDGE,AMBIG,LONG,278.2,277.5,277.17,1.03,0.39,False,2.2951,1.0,0.0,False,True,True,False,1.4563,-1.068,True,False,False,False,-1.165,SL
2026-07-13T14:00:00,NATURALGAS,2026-07-13,cycles_resampled,CHOP,TRAIN,H1_CONT_OBSERVE,NO_ACTION,NOT_VALIDATED,H1_CONT,LONG,278.6,278.2,277.876,0.724,1.37,True,1.4,0.875,0.0,False,True,True,False,0.4144,-1.105,False,False,False,True,-1.2431,SL
2026-07-13T15:00:00,NATURALGAS,2026-07-13,cycles_resampled,CHOP,TRAIN,AMBIGUOUS,NO_ACTION,NO_ESTABLISHED_EDGE,H7_TRAP,LONG,278.6,278.6,277.876,0.724,1.37,False,1.4412,0.875,0.25,True,False,False,True,0.1381,-1.5193,False,False,False,True,-1.6575,SL
2026-07-13T15:40:00,NATURALGAS,2026-07-13,cycles_resampled,CHOP,TRAIN,H7_LEANING_TRAP,AVOID,SUPPORTED,H7_TRAP,LONG,278.1,278.1,277.679,0.421,1.19,False,0.9655,0.5714,0.2857,True,False,False,True,0.7126,-1.1876,False,False,False,True,-1.4252,SL
2026-07-13T16:05:00,NATURALGAS,2026-07-13,cycles_resampled,CHOP,TRAIN,AMBIGUOUS,NO_ACTION,NO_ESTABLISHED_EDGE,AMBIG,LONG,278.7,278.5,278.079,0.621,1.43,False,0.8889,0.5714,0.0,False,True,True,False,1.6103,-1.9324,True,False,False,False,-2.0934,SL
2026-07-13T16:15:00,NATURALGAS,2026-07-13,cycles_resampled,CHOP,TRAIN,H7_TRAP,AVOID,SUPPORTED,H7_TRAP,LONG,279.4,279.59,278.567,0.833,0.23,False,1.7231,0.7273,1.0818,True,False,False,True,0.2401,-1.0804,False,False,False,True,-1.2005,SL
2026-07-13T16:20:00,NATURALGAS,2026-07-13,cycles_resampled,CHOP,TRAIN,AMBIGUOUS,NO_ACTION,NO_ESTABLISHED_EDGE,H7_TRAP,SHORT,278.6,278.6,279.633,1.033,0.41,False,1.5135,0.7273,0.1818,True,False,False,True,1.4521,-1.4521,True,False,False,False,-1.5489,SL
2026-07-13T16:45:00,NATURALGAS,2026-07-13,cycles_resampled,CHOP,TRAIN,H1_CONT_BLOCKED,NO_ACTION,NO_ESTABLISHED_EDGE,H1_CONT,SHORT,277.5,278.1,278.53,1.03,0.68,True,1.6092,1.0,0.0,False,True,True,False,0.3883,-1.7476,False,False,False,True,-1.8447,SL
2026-07-13T17:20:00,NATURALGAS,2026-07-13,cycles_resampled,CHOP,TRAIN,H7_TRAP,AVOID,SUPPORTED,H7_TRAP,SHORT,277.1,277.3,278.439,1.339,0.22,False,1.1546,0.6154,1.6154,True,False,False,True,0.0,-1.643,False,False,False,True,-1.7177,SL
2026-07-13T17:30:00,NATURALGAS,2026-07-13,cycles_resampled,CHOP,TRAIN,H7_LEANING_TRAP,AVOID,SUPPORTED,H7_TRAP,LONG,279.0,278.4,278.064,0.936,0.63,True,1.1887,0.75,0.3333,True,True,False,True,1.1752,-1.0684,True,False,False,False,-1.1752,SL
2026-07-13T17:35:00,NATURALGAS,2026-07-13,cycles_resampled,CHOP,TRAIN,SPIKE_NO_LEVEL,NO_ACTION,NO_ESTABLISHED_EDGE,AMBIG,SHORT,279.4,,,,,,0.2642,0.2222,,,,,,,,,,,,,
2026-07-13T17:40:00,NATURALGAS,2026-07-13,cycles_resampled,CHOP,TRAIN,H7_LEANING_TRAP,AVOID,SUPPORTED,H7_TRAP,SHORT,278.0,278.09,278.927,0.927,0.97,False,1.0957,1.0,0.4556,True,False,False,True,1.0787,-1.5102,True,False,False,False,-1.6181,SL
2026-07-13T17:45:00,NATURALGAS,2026-07-13,cycles_resampled,CHOP,TRAIN,SPIKE_NO_LEVEL,NO_ACTION,NO_ESTABLISHED_EDGE,AMBIG,LONG,278.1,,,,,,1.2833,1.0,,,,,,,,,,,,,
2026-07-13T17:50:00,NATURALGAS,2026-07-13,cycles_resampled,CHOP,TRAIN,AMBIGUOUS,NO_ACTION,NO_ESTABLISHED_EDGE,H7_TRAP,LONG,278.5,278.1,277.855,0.645,1.69,False,0.6462,0.4,0.0667,True,False,False,True,0.0,-1.0853,False,False,False,True,-1.2403,SL
2026-07-13T18:15:00,NATURALGAS,2026-07-13,cycles_resampled,CHOP,TRAIN,AMBIGUOUS,NO_ACTION,NO_ESTABLISHED_EDGE,AMBIG,SHORT,277.2,277.8,278.333,1.133,0.35,False,1.1667,1.0,0.1818,True,True,True,False,0.0883,-1.0591,False,False,False,True,-1.1474,SL
2026-07-13T18:30:00,NATURALGAS,2026-07-13,cycles_resampled,CHOP,TRAIN,H7_TRAP,AVOID,SUPPORTED,H7_TRAP,LONG,278.0,278.1,277.37,0.63,1.43,False,0.5224,0.5,1.8,True,False,False,True,0.0,-2.5397,False,False,False,True,-2.6984,SL
2026-07-13T18:35:00,NATURALGAS,2026-07-13,cycles_resampled,CHOP,TRAIN,AMBIGUOUS,NO_ACTION,NO_ESTABLISHED_EDGE,AMBIG,SHORT,276.7,276.8,277.945,1.245,,False,1.1667,0.8,0.0,False,True,True,False,2.6506,-1.2048,True,True,False,False,-1.2851,SL
2026-07-13T18:50:00,NATURALGAS,2026-07-13,cycles_resampled,CHOP,TRAIN,H1_CONT_BLOCKED,NO_ACTION,NO_ESTABLISHED_EDGE,H1_CONT,SHORT,274.6,276.0,276.269,1.669,,True,1.5664,0.6957,0.0,False,True,True,False,0.719,-1.1384,False,False,False,True,-1.1983,SL
2026-07-13T19:00:00,NATURALGAS,2026-07-13,cycles_resampled,CHOP,TRAIN,H7_LEANING_TRAP,AVOID,SUPPORTED,H7_TRAP,SHORT,273.8,273.9,274.945,1.145,,False,0.9,0.6,0.5333,True,False,False,True,0.0,-1.4847,False,False,False,True,-1.5721,SL
2026-07-13T19:45:00,NATURALGAS,2026-07-13,cycles_resampled,CHOP,TRAIN,H7_TRAP,AVOID,SUPPORTED,H7_TRAP,LONG,275.2,275.5,273.955,1.245,0.24,False,0.9265,0.6,0.9333,True,False,False,True,0.0,-1.1245,False,False,False,True,-1.2048,SL
2026-07-13T20:30:00,NATURALGAS,2026-07-13,cycles_resampled,CHOP,TRAIN,H1_CONT_OBSERVE,NO_ACTION,NOT_VALIDATED,H1_CONT,LONG,275.9,275.4,274.867,1.033,3.62,True,1.0874,0.7273,0.0,False,True,True,False,3.2914,-0.0968,True,True,True,False,2.9032,T3
2026-07-13T20:50:00,NATURALGAS,2026-07-13,cycles_resampled,CHOP,TRAIN,AMBIGUOUS,NO_ACTION,NO_ESTABLISHED_EDGE,AMBIG,LONG,277.4,277.1,276.261,1.139,1.97,False,1.1887,0.6923,0.0,False,False,False,False,2.3705,-0.3512,True,True,False,False,0.7902,EOD
2026-07-13T21:00:00,NATURALGAS,2026-07-13,cycles_resampled,CHOP,TRAIN,AMBIGUOUS,NO_ACTION,NO_ESTABLISHED_EDGE,AMBIG,LONG,278.1,277.6,276.964,1.136,1.22,False,1.2353,0.75,0.0,False,True,True,False,1.7606,-0.7042,True,False,False,False,0.1761,EOD
2026-07-13T21:30:00,NATURALGAS,2026-07-13,cycles_resampled,CHOP,TRAIN,AMBIGUOUS,NO_ACTION,NO_ESTABLISHED_EDGE,AMBIG,LONG,278.5,278.2,277.67,0.83,1.19,False,1.0566,0.8,0.0,False,False,False,False,1.9277,-0.8434,True,False,False,False,-0.241,EOD
2026-07-14T10:00:00,NATURALGAS,2026-07-14,cycles_resampled,CHOP,TRAIN,H1_CONT_BLOCKED,NO_ACTION,NO_ESTABLISHED_EDGE,H1_CONT,SHORT,278.3,278.4,278.718,0.418,,True,1.1556,0.6667,0.0,False,True,True,False,3.5885,-0.9569,True,True,True,False,2.7608,T3
2026-07-14T10:10:00,NATURALGAS,2026-07-14,cycles_resampled,CHOP,TRAIN,H7_TRAP,AVOID,SUPPORTED,H7_TRAP,SHORT,277.5,277.9,278.118,0.618,,False,1.0566,0.6667,1.1667,True,False,False,True,0.1618,-1.7799,False,False,False,True,-1.9417,SL
2026-07-14T10:15:00,NATURALGAS,2026-07-14,cycles_resampled,CHOP,TRAIN,SPIKE_NO_LEVEL,NO_ACTION,NO_ESTABLISHED_EDGE,AMBIG,LONG,278.0,,,,,,1.5273,1.0,,,,,,,,,,,,,
2026-07-14T10:20:00,NATURALGAS,2026-07-14,cycles_resampled,CHOP,TRAIN,AMBIGUOUS,NO_ACTION,NO_ESTABLISHED_EDGE,AMBIG,LONG,278.6,278.0,277.982,0.618,0.16,False,1.4737,1.0,0.0,False,True,True,False,0.1618,-1.7799,False,False,False,True,-1.9417,SL
2026-07-14T11:30:00,NATURALGAS,2026-07-14,cycles_resampled,CHOP,TRAIN,H7_TRAP,AVOID,SUPPORTED,H7_TRAP,SHORT,277.3,277.3,277.918,0.618,,True,1.1915,0.6667,1.1667,True,False,False,True,0.3236,-1.2945,False,False,False,True,-1.4563,SL
2026-07-14T11:40:00,NATURALGAS,2026-07-14,cycles_resampled,CHOP,TRAIN,H1_CONT_BLOCKED,NO_ACTION,NO_ESTABLISHED_EDGE,H1_CONT,LONG,277.6,277.5,277.082,0.518,0.58,True,1.3725,0.8333,0.0,False,True,True,False,1.3514,-1.5444,True,False,False,False,-1.7375,SL
2026-07-14T12:30:00,NATURALGAS,2026-07-14,cycles_resampled,CHOP,TRAIN,H7_TRAP,AVOID,SUPPORTED,H7_TRAP,SHORT,276.8,277.1,277.418,0.618,,False,1.037,0.6667,1.0,True,False,False,True,0.0,-1.4563,False,False,False,True,-1.6181,SL
2026-07-14T13:00:00,NATURALGAS,2026-07-14,cycles_resampled,CHOP,TRAIN,H1_CONT_BLOCKED,NO_ACTION,NO_ESTABLISHED_EDGE,H1_CONT,LONG,278.2,277.7,277.682,0.518,0.71,True,1.3725,0.8333,0.0,False,True,True,False,3.2819,0.0,True,True,True,False,2.8069,T3
2026-07-14T13:05:00,NATURALGAS,2026-07-14,cycles_resampled,CHOP,TRAIN,AMBIGUOUS,NO_ACTION,NO_ESTABLISHED_EDGE,H1_CONT,LONG,278.9,278.57,278.164,0.736,0.82,True,1.6333,0.5833,0.1417,True,True,True,False,1.3587,-1.4946,True,False,False,False,-1.6304,SL
2026-07-14T13:15:00,NATURALGAS,2026-07-14,cycles_resampled,CHOP,TRAIN,SPIKE_NO_LEVEL,NO_ACTION,NO_ESTABLISHED_EDGE,AMBIG,SHORT,279.4,,,,,,0.0,0.0,,,,,,,,,,,,,
2026-07-14T13:20:00,NATURALGAS,2026-07-14,cycles_resampled,CHOP,TRAIN,AMBIGUOUS,NO_ACTION,NO_ESTABLISHED_EDGE,AMBIG,SHORT,278.4,279.2,279.327,0.927,0.97,False,1.726,1.0,0.0,False,True,True,False,0.9709,-1.0787,False,False,False,True,-1.1866,SL
2026-07-14T13:30:00,NATURALGAS,2026-07-14,cycles_resampled,CHOP,TRAIN,H7_TRAP,AVOID,SUPPORTED,H7_TRAP,LONG,278.6,278.77,278.182,0.418,0.41,True,0.3636,0.3333,0.7833,True,False,False,True,0.7177,-1.9139,False,False,False,True,-2.1531,SL
2026-07-14T14:35:00,NATURALGAS,2026-07-14,cycles_resampled,CHOP,TRAIN,AMBIGUOUS,NO_ACTION,NO_ESTABLISHED_EDGE,AMBIG,LONG,278.6,278.3,277.982,0.618,0.18,False,1.6154,1.0,0.0,False,True,True,False,2.9126,-2.589,True,True,False,False,-2.7508,SL
2026-07-14T15:45:00,NATURALGAS,2026-07-14,cycles_resampled,CHOP,TRAIN,AMBIGUOUS,NO_ACTION,NO_ESTABLISHED_EDGE,AMBIG,SHORT,279.5,280.0,280.118,0.618,0.65,False,1.5556,1.0,0.0,False,True,True,False,4.0453,-0.8091,True,True,True,False,2.8382,T3
2026-07-14T16:10:00,NATURALGAS,2026-07-14,cycles_resampled,CHOP,TRAIN,H7_LEANING_TRAP,AVOID,SUPPORTED,H7_TRAP,SHORT,279.1,279.0,280.03,0.93,0.22,False,0.8485,0.4,0.4,True,False,False,True,4.086,-0.5376,True,True,True,False,2.8925,T3
2026-07-14T16:15:00,NATURALGAS,2026-07-14,cycles_resampled,CHOP,TRAIN,H1_WEAK,NO_ACTION,NO_ESTABLISHED_EDGE,H1_WEAK,LONG,279.3,279.01,278.682,0.618,0.32,True,0.6269,0.5,0.0,False,True,True,False,0.4854,-1.9417,False,False,False,True,-2.1036,SL
2026-07-14T16:45:00,NATURALGAS,2026-07-14,cycles_resampled,CHOP,TRAIN,AMBIGUOUS,NO_ACTION,NO_ESTABLISHED_EDGE,AMBIG,SHORT,278.6,279.0,279.13,0.53,2.06,False,0.9589,0.5,0.0,False,True,True,False,3.0189,-0.7547,True,True,True,False,2.8113,T3
2026-07-14T17:05:00,NATURALGAS,2026-07-14,cycles_resampled,CHOP,TRAIN,SPIKE_NO_LEVEL,NO_ACTION,NO_ESTABLISHED_EDGE,AMBIG,SHORT,278.3,,,,,,0.56,0.4286,,,,,,,,,,,,,
2026-07-14T17:10:00,NATURALGAS,2026-07-14,cycles_resampled,CHOP,TRAIN,AMBIGUOUS,NO_ACTION,NO_ESTABLISHED_EDGE,H7_TRAP,SHORT,277.0,277.51,278.442,1.442,0.14,False,2.1163,0.9286,0.2786,True,False,False,True,1.1789,-1.0402,True,False,False,False,-1.1096,SL
2026-07-14T17:15:00,NATURALGAS,2026-07-14,cycles_resampled,CHOP,TRAIN,SPIKE_NO_LEVEL,NO_ACTION,NO_ESTABLISHED_EDGE,AMBIG,LONG,277.9,,,,,,1.0426,0.6364,,,,,,,,,,,,,
2026-07-14T17:25:00,NATURALGAS,2026-07-14,cycles_resampled,CHOP,TRAIN,H7_TRAP,AVOID,SUPPORTED,H7_TRAP,SHORT,277.1,276.8,277.839,0.739,0.14,False,1.0426,0.5385,1.1538,True,False,False,True,2.4357,-1.8945,True,True,False,False,-2.0298,SL
2026-07-14T18:35:00,NATURALGAS,2026-07-14,cycles_resampled,CHOP,TRAIN,SPIKE_NO_LEVEL,NO_ACTION,NO_ESTABLISHED_EDGE,AMBIG,LONG,276.3,,,,,,1.2963,0.9091,,,,,,,,,,,,,
2026-07-14T18:40:00,NATURALGAS,2026-07-14,cycles_resampled,CHOP,TRAIN,AMBIGUOUS,NO_ACTION,NO_ESTABLISHED_EDGE,AMBIG,LONG,278.3,276.4,276.234,2.066,0.29,False,2.2047,0.9091,0.0,False,True,True,False,1.2101,-0.8712,True,False,False,False,0.7744,EOD
2026-07-14T18:45:00,NATURALGAS,2026-07-14,cycles_resampled,CHOP,TRAIN,H7_TRAP,AVOID,SUPPORTED,H7_TRAP,SHORT,277.5,277.52,278.427,0.927,2.37,False,0.9545,1.0,1.2,True,False,False,True,0.0,-1.4024,False,False,False,True,-1.5102,SL
2026-07-14T18:50:00,NATURALGAS,2026-07-14,cycles_resampled,CHOP,TRAIN,H7_TRAP,AVOID,SUPPORTED,H7_TRAP,LONG,278.2,278.5,277.461,0.739,0.41,True,0.6853,0.5385,1.3846,True,False,False,True,1.3532,-2.1651,True,False,False,False,-2.3004,SL
2026-07-14T18:55:00,NATURALGAS,2026-07-14,cycles_resampled,CHOP,TRAIN,H7_TRAP,AVOID,SUPPORTED,H7_TRAP,LONG,278.6,278.8,278.067,0.533,1.28,False,0.3758,0.3636,1.9091,True,False,False,True,0.1876,-1.3133,False,False,False,True,-1.5009,SL
2026-07-14T19:05:00,NATURALGAS,2026-07-14,cycles_resampled,CHOP,TRAIN,H7_LEANING_TRAP,AVOID,SUPPORTED,H7_TRAP,SHORT,276.7,277.5,278.042,1.342,1.04,False,1.1592,0.9286,0.3571,True,True,False,True,0.0745,-1.1177,False,False,False,True,-1.1923,SL
2026-07-14T19:15:00,NATURALGAS,2026-07-14,cycles_resampled,CHOP,TRAIN,AMBIGUOUS,NO_ACTION,NO_ESTABLISHED_EDGE,AMBIG,LONG,278.0,277.0,276.558,1.442,0.83,False,0.939,0.7857,0.0,False,True,True,False,0.1387,-1.0402,False,False,False,True,-1.1096,SL
2026-07-14T20:00:00,NATURALGAS,2026-07-14,cycles_resampled,CHOP,TRAIN,AMBIGUOUS,NO_ACTION,NO_ESTABLISHED_EDGE,H7_TRAP,SHORT,277.4,277.69,278.03,0.63,1.43,False,0.3684,0.3,0.21,True,True,False,True,0.0,-1.1111,False,False,False,True,-1.2698,SL
2026-07-14T20:20:00,NATURALGAS,2026-07-14,cycles_resampled,CHOP,TRAIN,H7_TRAP,AVOID,SUPPORTED,H1_WEAK,LONG,278.5,278.1,277.567,0.933,0.61,True,0.9703,0.6364,0.8182,True,True,False,False,0.4287,-1.5005,False,False,False,True,-1.6077,SL
2026-07-14T20:30:00,NATURALGAS,2026-07-14,cycles_resampled,CHOP,TRAIN,SPIKE_NO_LEVEL,NO_ACTION,NO_ESTABLISHED_EDGE,AMBIG,SHORT,278.1,,,,,,0.7071,0.5,,,,,,,,,,,,,
2026-07-14T20:35:00,NATURALGAS,2026-07-14,cycles_resampled,CHOP,TRAIN,H7_TRAP,AVOID,SUPPORTED,H7_TRAP,SHORT,277.2,277.48,278.233,1.033,1.84,False,1.2353,0.8182,1.2,True,False,False,True,0.0,-1.6457,False,False,False,True,-1.7425,SL
2026-07-14T20:55:00,NATURALGAS,2026-07-14,cycles_resampled,CHOP,TRAIN,SPIKE_NO_LEVEL,NO_ACTION,NO_ESTABLISHED_EDGE,AMBIG,SHORT,278.4,,,,,,0.6364,0.5,,,,,,,,,,,,,
2026-07-14T21:00:00,NATURALGAS,2026-07-14,cycles_resampled,CHOP,TRAIN,AMBIGUOUS,NO_ACTION,NO_ESTABLISHED_EDGE,AMBIG,LONG,279.4,279.4,278.161,1.239,0.81,True,1.4609,0.9231,0.0,False,False,False,False,1.1299,-0.565,True,False,False,False,0.4036,EOD
2026-07-14T21:05:00,NATURALGAS,2026-07-14,cycles_resampled,CHOP,TRAIN,H1_CONT_BLOCKED,NO_ACTION,NO_ESTABLISHED_EDGE,H1_CONT,LONG,280.3,279.5,279.27,1.03,0.1,True,1.1966,1.0,0.0,False,True,True,False,0.4854,-1.165,False,False,False,True,-1.2621,SL
2026-07-14T21:15:00,NATURALGAS,2026-07-14,cycles_resampled,CHOP,TRAIN,AMBIGUOUS,NO_ACTION,NO_ESTABLISHED_EDGE,H7_TRAP,SHORT,279.8,279.9,280.833,1.033,1.55,False,1.0328,0.8182,0.2727,True,False,False,True,1.0649,-0.8712,True,False,False,False,-0.0968,EOD
2026-07-15T14:20:00,NATURALGAS,2026-07-15,cycles_resampled,CHOP,TRAIN,H7_LEANING_TRAP,AVOID,SUPPORTED,H7_TRAP,LONG,281.1,281.2,280.685,0.415,0.24,False,1.2727,0.8,0.4,True,False,False,True,3.6145,-0.4819,True,True,True,False,2.759,T3
2026-07-15T14:30:00,NATURALGAS,2026-07-15,cycles_resampled,CHOP,TRAIN,H1_WEAK,NO_ACTION,NO_ESTABLISHED_EDGE,H1_CONT,LONG,281.3,281.2,280.985,0.315,,True,0.8571,0.6,0.0,False,True,True,False,4.127,0.0,True,True,True,False,2.6825,T3
2026-07-15T14:40:00,NATURALGAS,2026-07-15,cycles_resampled,CHOP,TRAIN,AMBIGUOUS,NO_ACTION,NO_ESTABLISHED_EDGE,AMBIG,LONG,282.6,281.8,281.982,0.618,,False,1.4737,1.0,0.0,False,True,True,False,1.7799,-1.4563,True,False,False,False,-1.6181,SL
2026-07-15T14:50:00,NATURALGAS,2026-07-15,cycles_resampled,CHOP,TRAIN,AMBIGUOUS,NO_ACTION,NO_ESTABLISHED_EDGE,H1_CONT,LONG,283.3,282.9,282.779,0.521,,True,1.1111,0.7143,0.1429,True,True,True,False,0.7678,-1.1516,False,False,False,True,-1.3436,SL
2026-07-15T15:20:00,NATURALGAS,2026-07-15,cycles_resampled,CHOP,TRAIN,H7_LEANING_TRAP,AVOID,SUPPORTED,H7_TRAP,LONG,282.9,282.7,282.076,0.824,0.97,True,1.5342,1.0,0.5,True,True,False,True,0.1214,-1.4563,False,False,False,True,-1.5777,SL
2026-07-15T15:45:00,NATURALGAS,2026-07-15,cycles_resampled,CHOP,TRAIN,H7_LEANING_TRAP,AVOID,SUPPORTED,H7_TRAP,LONG,283.0,282.8,282.176,0.824,0.85,False,1.1351,0.75,0.375,True,False,False,True,0.0,-1.5777,False,False,False,True,-1.699,SL
2026-07-15T16:05:00,NATURALGAS,2026-07-15,cycles_resampled,CHOP,TRAIN,AMBIGUOUS,NO_ACTION,NO_ESTABLISHED_EDGE,AMBIG,SHORT,281.7,282.2,282.73,1.03,1.42,False,2.0588,1.0,0.0,False,True,True,False,1.9417,-1.068,True,False,False,False,-1.165,SL
2026-07-15T16:45:00,NATURALGAS,2026-07-15,cycles_resampled,CHOP,TRAIN,AMBIGUOUS,NO_ACTION,NO_ESTABLISHED_EDGE,AMBIG,LONG,280.8,280.4,279.667,1.133,1.15,False,1.7746,0.8182,0.0,False,True,True,False,1.7652,-1.7652,True,False,False,False,-1.8535,SL
2026-07-15T17:20:00,NATURALGAS,2026-07-15,cycles_resampled,CHOP,TRAIN,H7_TRAP,AVOID,SUPPORTED,H7_TRAP,SHORT,280.9,280.9,281.724,0.824,0.8,False,0.7273,0.5,0.875,True,False,False,True,0.0,-2.3058,False,False,False,True,-2.4272,SL
2026-07-15T17:30:00,NATURALGAS,2026-07-15,cycles_resampled,CHOP,TRAIN,SPIKE_NO_LEVEL,NO_ACTION,NO_ESTABLISHED_EDGE,AMBIG,SHORT,281.6,,,,,,0.8842,0.5,,,,,,,,,,,,,
2026-07-15T17:35:00,NATURALGAS,2026-07-15,cycles_resampled,CHOP,TRAIN,H1_CONT_BLOCKED,NO_ACTION,NO_ESTABLISHED_EDGE,H1_CONT,SHORT,280.7,280.9,281.942,1.242,0.37,True,1.1887,0.6429,0.0,False,True,True,False,2.7375,-1.5298,True,True,False,False,-1.6103,SL
2026-07-15T17:45:00,NATURALGAS,2026-07-15,cycles_resampled,CHOP,TRAIN,SPIKE_NO_LEVEL,NO_ACTION,NO_ESTABLISHED_EDGE,AMBIG,LONG,279.7,,,,,,0.1207,0.1111,,,,,,,,,,,,,
2026-07-15T17:55:00,NATURALGAS,2026-07-15,cycles_resampled,CHOP,TRAIN,AMBIGUOUS,NO_ACTION,NO_ESTABLISHED_EDGE,H7_TRAP,LONG,280.1,279.9,279.064,1.036,2.14,True,0.487,0.3333,0.0833,True,False,False,True,0.3861,-1.5444,False,False,False,True,-1.6409,SL
2026-07-15T18:25:00,NATURALGAS,2026-07-15,cycles_resampled,CHOP,TRAIN,H1_CONT_BLOCKED,NO_ACTION,NO_ESTABLISHED_EDGE,H1_CONT,SHORT,278.6,278.8,280.251,1.651,,True,1.7364,0.9412,0.0,False,True,True,False,0.7874,-1.5748,False,False,False,True,-1.6354,SL
2026-07-15T18:45:00,NATURALGAS,2026-07-15,cycles_resampled,CHOP,TRAIN,H7_TRAP,AVOID,SUPPORTED,H7_TRAP,SHORT,277.4,277.9,278.43,1.03,0.1,False,1.157,1.0,1.2,True,False,False,True,0.0,-1.5534,False,False,False,True,-1.6505,SL
2026-07-15T18:50:00,NATURALGAS,2026-07-15,cycles_resampled,CHOP,TRAIN,AMBIGUOUS,NO_ACTION,NO_ESTABLISHED_EDGE,H7_TRAP,LONG,279.0,278.4,277.455,1.545,2.22,True,1.6279,1.0,0.2,True,True,False,True,2.8479,-0.7767,True,True,False,False,2.6537,EOD
2026-07-15T19:30:00,NATURALGAS,2026-07-15,cycles_resampled,CHOP,TRAIN,H7_TRAP,AVOID,SUPPORTED,H7_TRAP,SHORT,278.5,278.4,279.339,0.839,0.83,False,0.8615,0.6154,0.9231,True,False,False,True,0.2384,-1.5495,False,False,False,True,-1.6687,SL
2026-07-15T19:40:00,NATURALGAS,2026-07-15,cycles_resampled,CHOP,TRAIN,AMBIGUOUS,NO_ACTION,NO_ESTABLISHED_EDGE,AMBIG,LONG,279.2,279.3,278.27,0.93,0.11,True,1.0957,0.9,0.0,False,False,False,False,3.6559,0.0,True,True,True,False,2.8925,T3
2026-07-15T19:50:00,NATURALGAS,2026-07-15,cycles_resampled,CHOP,TRAIN,H1_CONT_OBSERVE,NO_ACTION,NOT_VALIDATED,H1_CONT,LONG,281.0,279.8,279.552,1.448,1.26,True,1.5041,0.8125,0.0,False,True,True,False,1.6575,-0.9669,True,False,False,False,1.4503,EOD
2026-07-15T20:00:00,NATURALGAS,2026-07-15,cycles_resampled,CHOP,TRAIN,AMBIGUOUS,NO_ACTION,NO_ESTABLISHED_EDGE,AMBIG,LONG,282.6,281.4,281.158,1.442,0.07,False,1.3509,0.7857,0.0,False,True,True,False,0.2774,-1.1096,False,False,False,True,-1.1789,SL
2026-07-15T20:35:00,NATURALGAS,2026-07-15,cycles_resampled,CHOP,TRAIN,AMBIGUOUS,NO_ACTION,NO_ESTABLISHED_EDGE,AMBIG,SHORT,281.6,281.4,282.339,0.739,0.27,True,0.8033,0.5385,0.0,False,False,False,False,2.7064,-1.8945,True,True,False,False,-2.0298,SL
2026-07-15T20:50:00,NATURALGAS,2026-07-15,cycles_resampled,CHOP,TRAIN,AMBIGUOUS,NO_ACTION,NO_ESTABLISHED_EDGE,H1_WEAK,SHORT,280.2,280.6,281.436,1.236,0.24,True,0.6942,0.5,0.25,True,True,True,False,0.4854,-1.0518,False,False,False,True,-1.1327,SL
2026-07-15T21:05:00,NATURALGAS,2026-07-15,cycles_resampled,CHOP,TRAIN,H1_CONT_OBSERVE,NO_ACTION,NOT_VALIDATED,H1_CONT,LONG,280.9,280.2,279.661,1.239,1.37,True,1.0769,0.6923,0.0,False,True,True,False,2.0178,-0.8071,True,True,False,False,1.7756,EOD
2026-07-15T21:45:00,NATURALGAS,2026-07-15,cycles_resampled,CHOP,TRAIN,H7_TRAP,AVOID,SUPPORTED,H7_TRAP,SHORT,280.5,279.9,281.136,0.636,0.94,False,0.7447,0.4167,0.8333,True,False,False,True,0.3145,-2.3585,False,False,False,True,-2.5157,SL
2026-07-15T22:05:00,NATURALGAS,2026-07-15,cycles_resampled,CHOP,TRAIN,H1_CONT_BLOCKED,NO_ACTION,NO_ESTABLISHED_EDGE,H1_CONT,LONG,281.9,281.2,280.764,1.136,0.7,True,1.7701,0.9167,0.0,False,True,True,False,1.3204,-0.4401,True,False,False,False,1.0563,EOD
2026-07-16T11:05:00,NATURALGAS,2026-07-16,cycles_resampled,CHOP,TRAIN,H7_TRAP,AVOID,SUPPORTED,H7_TRAP,LONG,281.0,280.8,280.382,0.618,0.32,False,2.2105,1.0,0.6667,True,False,False,True,0.0,-1.2945,False,False,False,True,-1.4563,SL
2026-07-16T11:35:00,NATURALGAS,2026-07-16,cycles_resampled,CHOP,TRAIN,H7_TRAP,AVOID,SUPPORTED,H7_TRAP,LONG,280.5,280.4,280.085,0.415,1.2,False,1.3023,0.8,1.0,True,False,False,True,0.0,-1.6867,False,False,False,True,-1.9277,SL
2026-07-16T12:00:00,NATURALGAS,2026-07-16,cycles_resampled,CHOP,TRAIN,H7_LEANING_TRAP,AVOID,SUPPORTED,H7_TRAP,SHORT,279.2,279.4,279.718,0.518,,False,0.5385,0.3333,0.5,True,False,False,True,0.3861,-1.1583,False,False,False,True,-1.3514,SL
2026-07-16T12:25:00,NATURALGAS,2026-07-16,cycles_resampled,CHOP,TRAIN,AMBIGUOUS,NO_ACTION,NO_ESTABLISHED_EDGE,AMBIG,SHORT,278.8,279.0,279.315,0.515,,False,1.0566,0.8,0.0,False,True,True,False,1.9417,-1.3592,True,False,False,False,-1.5534,SL
2026-07-16T12:35:00,NATURALGAS,2026-07-16,cycles_resampled,CHOP,TRAIN,H7_TRAP,AVOID,SUPPORTED,H7_TRAP,LONG,278.8,278.8,278.182,0.618,1.62,True,1.0,0.6667,1.3333,True,False,False,True,0.1618,-1.4563,False,False,False,True,-1.6181,SL
2026-07-16T12:45:00,NATURALGAS,2026-07-16,cycles_resampled,CHOP,TRAIN,SPIKE_NO_LEVEL,NO_ACTION,NO_ESTABLISHED_EDGE,AMBIG,LONG,278.5,,,,,,0.4912,0.4,,,,,,,,,,,,,
2026-07-16T12:50:00,NATURALGAS,2026-07-16,cycles_resampled,CHOP,TRAIN,AMBIGUOUS,NO_ACTION,NO_ESTABLISHED_EDGE,AMBIG,SHORT,278.0,278.2,278.415,0.415,,False,0.918,0.8,0.2,True,False,False,False,0.4819,-1.6867,False,False,False,True,-1.9277,SL
2026-07-16T13:05:00,NATURALGAS,2026-07-16,cycles_resampled,CHOP,TRAIN,AMBIGUOUS,NO_ACTION,NO_ESTABLISHED_EDGE,AMBIG,LONG,278.3,278.3,277.785,0.515,0.19,True,1.129,1.0,0.0,False,False,False,False,4.2718,0.0,True,True,True,False,2.8058,T3
2026-07-16T13:20:00,NATURALGAS,2026-07-16,cycles_resampled,CHOP,TRAIN,H1_CONT_OBSERVE,NO_ACTION,NOT_VALIDATED,H1_CONT,LONG,279.5,278.9,278.882,0.618,3.33,True,1.3548,1.0,0.0,False,True,True,False,3.2362,-0.3236,True,True,True,False,2.8382,T3
2026-07-16T13:30:00,NATURALGAS,2026-07-16,cycles_resampled,CHOP,TRAIN,H1_CONT_OBSERVE,NO_ACTION,NOT_VALIDATED,H1_CONT,LONG,280.5,279.7,279.47,1.03,1.03,True,2.029,1.0,0.0,False,True,True,False,3.1068,-0.6796,True,True,True,False,2.9029,T3
2026-07-16T14:05:00,NATURALGAS,2026-07-16,cycles_resampled,CHOP,TRAIN,AMBIGUOUS,NO_ACTION,NO_ESTABLISHED_EDGE,AMBIG,SHORT,280.2,280.3,280.718,0.518,1.04,False,1.0,0.8333,0.1667,True,True,False,False,0.7722,-1.1583,False,False,False,True,-1.3514,SL
2026-07-16T14:35:00,NATURALGAS,2026-07-16,cycles_resampled,CHOP,TRAIN,H7_TRAP,AVOID,SUPPORTED,AMBIG,SHORT,279.9,279.98,280.418,0.518,4.05,False,1.129,0.8333,0.8667,True,True,True,False,0.0,-1.5444,False,False,False,True,-1.7375,SL
2026-07-16T14:50:00,NATURALGAS,2026-07-16,cycles_resampled,CHOP,TRAIN,AMBIGUOUS,NO_ACTION,NO_ESTABLISHED_EDGE,H7_TRAP,LONG,280.5,280.5,279.876,0.624,1.7,False,1.6154,0.75,0.25,True,False,False,True,3.3654,-0.3205,True,True,True,False,2.8397,T3
2026-07-16T15:30:00,NATURALGAS,2026-07-16,cycles_resampled,CHOP,TRAIN,H7_LEANING_TRAP,AVOID,SUPPORTED,H7_TRAP,LONG,281.3,281.6,280.979,0.321,0.56,False,0.84,0.4286,0.2857,True,False,False,True,4.0498,0.0,True,True,True,False,2.6885,T3
2026-07-16T16:30:00,NATURALGAS,2026-07-16,cycles_resampled,CHOP,TRAIN,AMBIGUOUS,NO_ACTION,NO_ESTABLISHED_EDGE,H7_TRAP,SHORT,281.3,281.3,282.039,0.739,1.83,False,1.1667,0.4615,0.2308,True,False,False,True,0.8119,-1.0825,False,False,False,True,-1.2179,SL
2026-07-16T16:45:00,NATURALGAS,2026-07-16,cycles_resampled,CHOP,TRAIN,H7_TRAP,AVOID,SUPPORTED,H7_TRAP,SHORT,280.9,281.2,281.624,0.724,0.28,False,1.3425,0.875,0.625,True,True,False,True,0.2762,-1.3812,False,False,False,True,-1.5193,SL
2026-07-16T16:55:00,NATURALGAS,2026-07-16,cycles_resampled,CHOP,TRAIN,H7_TRAP,AVOID,SUPPORTED,H7_TRAP,LONG,281.7,281.75,280.973,0.727,0.07,False,1.2564,0.7778,0.8333,True,False,False,True,0.5502,-1.7882,False,False,False,True,-1.9257,SL
2026-07-16T17:00:00,NATURALGAS,2026-07-16,cycles_resampled,CHOP,TRAIN,SPIKE_NO_LEVEL,NO_ACTION,NO_ESTABLISHED_EDGE,AMBIG,SHORT,281.1,,,,,,1.3333,0.8,,,,,,,,,,,,,
2026-07-16T17:05:00,NATURALGAS,2026-07-16,cycles_resampled,CHOP,TRAIN,SPIKE_NO_LEVEL,NO_ACTION,NO_ESTABLISHED_EDGE,AMBIG,LONG,281.0,,,,,,0.1573,0.1111,,,,,,,,,,,,,
2026-07-16T17:10:00,NATURALGAS,2026-07-16,cycles_resampled,CHOP,TRAIN,SPIKE_NO_LEVEL,NO_ACTION,NO_ESTABLISHED_EDGE,AMBIG,SHORT,281.1,,,,,,0.0,0.0,,,,,,,,,,,,,
2026-07-16T17:15:00,NATURALGAS,2026-07-16,cycles_resampled,CHOP,TRAIN,AMBIGUOUS,NO_ACTION,NO_ESTABLISHED_EDGE,AMBIG,LONG,281.4,281.5,280.776,0.624,0.56,False,0.4516,0.375,0.0,False,False,False,False,3.6859,0.0,True,True,True,False,2.8397,T3
2026-07-16T17:20:00,NATURALGAS,2026-07-16,cycles_resampled,CHOP,TRAIN,SPIKE_NO_LEVEL,NO_ACTION,NO_ESTABLISHED_EDGE,AMBIG,SHORT,281.7,,,,,,0.7216,0.625,,,,,,,,,,,,,
2026-07-16T17:25:00,NATURALGAS,2026-07-16,cycles_resampled,CHOP,TRAIN,AMBIGUOUS,NO_ACTION,NO_ESTABLISHED_EDGE,AMBIG,LONG,282.0,282.1,281.482,0.518,0.19,True,0.5773,0.6667,0.0,False,False,False,False,3.2819,-0.7722,True,True,True,False,2.8069,T3
2026-07-16T17:30:00,NATURALGAS,2026-07-16,cycles_resampled,CHOP,TRAIN,AMBIGUOUS,NO_ACTION,NO_ESTABLISHED_EDGE,AMBIG,LONG,282.2,282.3,281.576,0.624,0.16,True,0.1373,0.125,0.0,False,False,False,False,3.8462,0.0,True,True,True,False,2.8397,T3
2026-07-16T17:35:00,NATURALGAS,2026-07-16,cycles_resampled,CHOP,TRAIN,H1_CONT_BLOCKED,NO_ACTION,NO_ESTABLISHED_EDGE,H1_CONT,LONG,283.2,282.6,282.258,0.942,,True,1.115,0.6429,0.0,False,True,True,False,3.397,-0.3185,True,True,True,False,2.8938,T3
2026-07-16T17:40:00,NATURALGAS,2026-07-16,cycles_resampled,CHOP,TRAIN,H1_CONT_BLOCKED,NO_ACTION,NO_ESTABLISHED_EDGE,H1_CONT,LONG,284.5,283.7,283.261,1.239,,True,1.4737,0.9231,0.0,False,True,True,False,1.0492,-1.2914,True,False,False,False,-1.3721,SL
2026-07-16T17:45:00,NATURALGAS,2026-07-16,cycles_resampled,CHOP,TRAIN,SPIKE_NO_LEVEL,NO_ACTION,NO_ESTABLISHED_EDGE,AMBIG,SHORT,284.6,,,,,,0.0,0.0,,,,,,,,,,,,,
2026-07-16T17:50:00,NATURALGAS,2026-07-16,cycles_resampled,CHOP,TRAIN,H7_TRAP,AVOID,SUPPORTED,H7_TRAP,SHORT,284.6,284.4,285.327,0.727,4.26,True,0.2188,0.2222,1.0,True,False,False,True,0.2751,-1.1004,False,False,False,True,-1.238,SL
2026-07-16T18:00:00,NATURALGAS,2026-07-16,cycles_resampled,CHOP,TRAIN,AMBIGUOUS,NO_ACTION,NO_ESTABLISHED_EDGE,AMBIG,LONG,285.0,285.1,284.37,0.63,1.27,True,0.4242,0.4,0.0,False,False,False,False,1.2698,-1.1111,True,False,False,False,-1.2698,SL
2026-07-16T18:05:00,NATURALGAS,2026-07-16,cycles_resampled,CHOP,TRAIN,H7_TRAP,AVOID,SUPPORTED,AMBIG,LONG,285.3,285.4,284.676,0.624,0.8,True,0.4275,0.5,1.0,True,False,False,False,0.8013,-1.6026,False,False,False,True,-1.7628,SL
2026-07-16T18:10:00,NATURALGAS,2026-07-16,cycles_resampled,CHOP,TRAIN,H7_TRAP,AVOID,SUPPORTED,H7_TRAP,LONG,285.7,285.8,284.976,0.724,0.14,False,0.3256,0.375,1.5,True,False,False,True,0.1381,-1.9337,False,False,False,True,-2.0718,SL
2026-07-16T18:20:00,NATURALGAS,2026-07-16,cycles_resampled,CHOP,TRAIN,AMBIGUOUS,NO_ACTION,NO_ESTABLISHED_EDGE,H7_TRAP,SHORT,284.6,284.4,285.536,0.936,0.21,False,0.8485,0.6667,0.1667,True,False,False,True,1.8162,-1.9231,True,False,False,False,-2.0299,SL
2026-07-16T18:25:00,NATURALGAS,2026-07-16,cycles_resampled,CHOP,TRAIN,AMBIGUOUS,NO_ACTION,NO_ESTABLISHED_EDGE,AMBIG,SHORT,284.6,284.3,285.124,0.524,0.38,True,0.0,0.0,0.0,False,False,False,False,3.2443,0.0,True,True,True,False,2.8092,T3
2026-07-16T18:30:00,NATURALGAS,2026-07-16,cycles_resampled,CHOP,TRAIN,H1_WEAK,NO_ACTION,NO_ESTABLISHED_EDGE,H1_CONT,SHORT,283.6,284.3,284.433,0.833,4.26,True,0.8235,0.7273,0.0,False,True,True,False,0.8403,-1.4406,False,False,False,True,-1.5606,SL
2026-07-16T18:50:00,NATURALGAS,2026-07-16,cycles_resampled,CHOP,TRAIN,AMBIGUOUS,NO_ACTION,NO_ESTABLISHED_EDGE,AMBIG,LONG,284.7,283.8,283.255,1.445,0.76,False,1.4444,0.8667,0.0,False,True,True,False,0.1384,-1.0381,False,False,False,True,-1.1073,SL
2026-07-16T19:45:00,NATURALGAS,2026-07-16,cycles_resampled,CHOP,TRAIN,H7_TRAP,AVOID,SUPPORTED,H1_CONT,LONG,284.5,284.3,283.773,0.727,0.55,True,0.7368,0.5556,5.6667,True,True,True,False,2.6135,-8.1155,True,True,False,False,-8.2531,SL
2026-07-16T19:50:00,NATURALGAS,2026-07-16,cycles_resampled,CHOP,TRAIN,H7_TRAP,AVOID,SUPPORTED,H7_TRAP,LONG,285.1,284.9,284.267,0.833,0.84,True,0.9899,0.6364,5.1818,True,True,False,True,1.5606,-7.8031,True,False,False,False,-7.9232,SL
2026-07-16T19:55:00,NATURALGAS,2026-07-16,cycles_resampled,CHOP,TRAIN,H7_TRAP,AVOID,SUPPORTED,H7_TRAP,LONG,285.7,285.8,284.958,0.742,0.13,False,0.6422,0.3571,5.6429,True,False,False,True,0.0,-9.5687,False,False,False,True,-9.7035,SL
2026-07-16T20:00:00,NATURALGAS,2026-07-16,cycles_resampled,CHOP,TRAIN,AMBIGUOUS,NO_ACTION,NO_ESTABLISHED_EDGE,H7_TRAP,SHORT,279.2,278.79,285.707,6.507,0.06,False,5.3455,0.913,0.0884,True,False,False,True,0.9221,-0.0768,False,False,False,False,0.6762,EOD
2026-07-16T20:10:00,NATURALGAS,2026-07-16,cycles_resampled,CHOP,TRAIN,H1_CONT_BLOCKED,NO_ACTION,NO_ESTABLISHED_EDGE,H1_CONT,SHORT,277.9,278.6,279.651,1.751,0.06,True,1.2655,0.9412,0.0,False,True,True,False,2.6842,-0.1713,True,True,False,False,1.7704,EOD
2026-07-16T20:15:00,NATURALGAS,2026-07-16,cycles_resampled,CHOP,TRAIN,H1_WEAK,NO_ACTION,NO_ESTABLISHED_EDGE,H1_CONT,SHORT,276.6,277.8,278.254,1.654,,True,0.7292,0.5556,0.0,False,True,True,False,2.0556,0.0,True,True,False,False,1.0883,EOD
2026-07-16T20:20:00,NATURALGAS,2026-07-16,cycles_resampled,CHOP,TRAIN,H1_WEAK,NO_ACTION,NO_ESTABLISHED_EDGE,H1_CONT,SHORT,275.3,276.4,276.639,1.339,,True,0.9192,1.0,0.0,False,True,True,False,1.5683,-0.8215,True,False,False,False,0.3734,EOD
2026-07-16T20:25:00,NATURALGAS,2026-07-16,cycles_resampled,CHOP,TRAIN,H1_WEAK,NO_ACTION,NO_ESTABLISHED_EDGE,H1_CONT,SHORT,274.6,275.3,275.542,0.942,,True,0.6117,0.6429,0.0,False,True,True,False,1.4862,-1.9108,True,False,False,False,-2.017,SL
2026-07-16T20:30:00,NATURALGAS,2026-07-16,cycles_resampled,CHOP,TRAIN,H7_TRAP,AVOID,SUPPORTED,H7_TRAP,SHORT,274.0,274.1,275.257,1.257,,False,0.3853,0.3158,0.8421,True,True,False,True,0.6364,-1.9093,False,False,False,True,-1.9889,SL
2026-07-16T20:45:00,NATURALGAS,2026-07-16,cycles_resampled,CHOP,TRAIN,AMBIGUOUS,NO_ACTION,NO_ESTABLISHED_EDGE,AMBIG,LONG,275.7,274.6,274.443,1.257,5.12,False,0.5858,0.5263,0.0,False,True,True,False,0.3978,-1.1933,False,False,False,True,-1.2729,SL
2026-07-16T20:50:00,NATURALGAS,2026-07-16,cycles_resampled,CHOP,TRAIN,AMBIGUOUS,NO_ACTION,NO_ESTABLISHED_EDGE,AMBIG,SHORT,274.9,278.56,275.733,0.833,2.04,False,0.4033,0.6364,0.0,False,True,True,False,0.2401,-1.5606,False,False,False,True,-1.6807,SL
2026-07-16T21:50:00,NATURALGAS,2026-07-16,cycles_resampled,CHOP,TRAIN,AMBIGUOUS,NO_ACTION,NO_ESTABLISHED_EDGE,H7_TRAP,SHORT,274.9,275.0,276.145,1.245,1.37,True,0.7568,0.4,0.1333,True,True,False,True,0.5622,-0.7229,False,False,False,False,0.0803,EOD
2026-07-16T22:55:00,NATURALGAS,2026-07-16,cycles_resampled,CHOP,TRAIN,H7_LEANING_TRAP,AVOID,SUPPORTED,H7_TRAP,SHORT,274.6,274.7,275.333,0.733,1.91,True,1.0889,0.6364,0.3636,True,True,False,True,0.4093,-0.8186,False,False,False,False,-0.2729,EOD
2026-07-17T11:20:00,NATURALGAS,2026-07-17,cycles_resampled,TREND_UP,TRAIN,AMBIGUOUS,NO_ACTION,NO_ESTABLISHED_EDGE,H1_CONT,LONG,276.8,276.5,276.285,0.515,0.39,True,1.7949,1.0,0.2,True,True,True,False,0.0,-1.165,False,False,False,True,-1.3592,SL
2026-07-17T12:05:00,NATURALGAS,2026-07-17,cycles_resampled,TREND_UP,TRAIN,AMBIGUOUS,NO_ACTION,NO_ESTABLISHED_EDGE,AMBIG,SHORT,275.3,275.9,275.921,0.621,,False,1.7143,0.8571,0.0,False,True,True,False,0.4831,-1.4493,False,False,False,True,-1.6103,SL
2026-07-17T12:50:00,NATURALGAS,2026-07-17,cycles_resampled,TREND_UP,TRAIN,H7_LEANING_TRAP,AVOID,SUPPORTED,H7_TRAP,LONG,276.8,276.5,276.285,0.515,0.37,False,1.3208,1.0,0.6,True,False,False,True,0.0,-1.165,False,False,False,True,-1.3592,SL
2026-07-17T12:55:00,NATURALGAS,2026-07-17,cycles_resampled,TREND_UP,TRAIN,H7_LEANING_TRAP,AVOID,SUPPORTED,H7_TRAP,SHORT,276.3,276.3,276.815,0.515,0.35,False,1.2727,1.0,0.4,True,False,False,True,0.7767,-1.3592,False,False,False,True,-1.5534,SL
2026-07-17T13:20:00,NATURALGAS,2026-07-17,cycles_resampled,TREND_UP,TRAIN,H1_CONT_BLOCKED,NO_ACTION,NO_ESTABLISHED_EDGE,H1_CONT,LONG,276.4,276.1,275.885,0.515,0.78,True,1.3462,1.0,0.0,False,True,True,False,3.8835,-0.1942,True,True,True,False,2.8058,T3
2026-07-17T14:10:00,NATURALGAS,2026-07-17,cycles_resampled,TREND_UP,TRAIN,AMBIGUOUS,NO_ACTION,NO_ESTABLISHED_EDGE,AMBIG,SHORT,276.7,276.9,277.215,0.515,1.03,False,1.6667,1.0,0.2,True,False,False,False,0.7767,-1.165,False,False,False,True,-1.3592,SL
2026-07-17T14:25:00,NATURALGAS,2026-07-17,cycles_resampled,TREND_UP,TRAIN,H1_WEAK,NO_ACTION,NO_ESTABLISHED_EDGE,H1_WEAK,LONG,277.0,276.8,276.279,0.721,0.11,True,0.6222,0.2857,0.0,False,True,True,False,2.0804,-2.7739,True,True,False,False,-2.9126,SL
2026-07-17T14:30:00,NATURALGAS,2026-07-17,cycles_resampled,TREND_UP,TRAIN,AMBIGUOUS,NO_ACTION,NO_ESTABLISHED_EDGE,H7_TRAP,LONG,277.3,277.3,276.785,0.515,,True,0.9333,0.6,0.2,True,False,False,True,0.5825,-1.165,False,False,False,True,-1.3592,SL
2026-07-17T15:00:00,NATURALGAS,2026-07-17,cycles_resampled,TREND_UP,TRAIN,AMBIGUOUS,NO_ACTION,NO_ESTABLISHED_EDGE,H7_TRAP,SHORT,277.0,277.0,277.515,0.515,1.51,False,1.2727,0.8,0.2,True,False,False,True,0.5825,-1.3592,False,False,False,True,-1.5534,SL
2026-07-17T15:40:00,NATURALGAS,2026-07-17,cycles_resampled,TREND_UP,TRAIN,H1_CONT_BLOCKED,NO_ACTION,NO_ESTABLISHED_EDGE,H1_CONT,LONG,277.7,277.6,277.185,0.515,,True,1.5909,1.0,0.0,False,True,True,False,1.3592,-1.165,True,False,False,False,-1.3592,SL
2026-07-17T15:45:00,NATURALGAS,2026-07-17,cycles_resampled,TREND_UP,TRAIN,H7_LEANING_TRAP,AVOID,SUPPORTED,AMBIG,LONG,278.1,277.7,277.473,0.627,,False,1.3725,0.5556,0.3333,True,True,True,False,0.319,-1.1164,False,False,False,True,-1.2759,SL
2026-07-17T15:50:00,NATURALGAS,2026-07-17,cycles_resampled,TREND_UP,TRAIN,SPIKE_NO_LEVEL,NO_ACTION,NO_ESTABLISHED_EDGE,AMBIG,SHORT,278.0,,,,,,0.2642,0.2,,,,,,,,,,,,,
2026-07-17T16:00:00,NATURALGAS,2026-07-17,cycles_resampled,TREND_UP,TRAIN,AMBIGUOUS,NO_ACTION,NO_ESTABLISHED_EDGE,AMBIG,SHORT,277.4,277.7,278.018,0.618,0.97,False,1.4,1.0,0.0,False,False,False,False,1.6181,-1.6181,True,False,False,False,-1.7799,SL
2026-07-17T16:05:00,NATURALGAS,2026-07-17,cycles_resampled,TREND_UP,TRAIN,AMBIGUOUS,NO_ACTION,NO_ESTABLISHED_EDGE,AMBIG,LONG,277.7,277.3,277.282,0.418,1.67,False,0.4444,0.3333,0.0,False,True,True,False,0.4785,-1.4354,False,False,False,True,-1.6746,SL
2026-07-17T16:20:00,NATURALGAS,2026-07-17,cycles_resampled,TREND_UP,TRAIN,H7_TRAP,AVOID,SUPPORTED,H7_TRAP,LONG,277.6,277.3,277.085,0.515,0.58,False,0.4444,0.4,1.2,True,False,False,True,0.0,-1.7476,False,False,False,True,-1.9417,SL
2026-07-17T16:25:00,NATURALGAS,2026-07-17,cycles_resampled,TREND_UP,TRAIN,AMBIGUOUS,NO_ACTION,NO_ESTABLISHED_EDGE,AMBIG,SHORT,277.1,277.1,277.615,0.515,1.67,True,1.0606,1.0,0.0,False,False,False,False,1.3592,-1.5534,True,False,False,False,-1.7476,SL
2026-07-17T16:30:00,NATURALGAS,2026-07-17,cycles_resampled,TREND_UP,TRAIN,AMBIGUOUS,NO_ACTION,NO_ESTABLISHED_EDGE,AMBIG,SHORT,276.7,277.1,277.215,0.515,1.03,False,0.4118,0.4,0.0,False,True,True,False,0.3883,-1.165,False,False,False,True,-1.3592,SL
2026-07-17T16:35:00,NATURALGAS,2026-07-17,cycles_resampled,TREND_UP,TRAIN,SPIKE_NO_LEVEL,NO_ACTION,NO_ESTABLISHED_EDGE,AMBIG,LONG,276.9,,,,,,0.2,0.2,,,,,,,,,,,,,
2026-07-17T16:40:00,NATURALGAS,2026-07-17,cycles_resampled,TREND_UP,TRAIN,AMBIGUOUS,NO_ACTION,NO_ESTABLISHED_EDGE,AMBIG,SHORT,276.7,277.1,277.318,0.618,0.86,False,0.5833,0.5,0.1667,True,True,True,False,0.4854,-1.9417,False,False,False,True,-2.1036,SL
2026-07-17T16:45:00,NATURALGAS,2026-07-17,cycles_resampled,TREND_UP,TRAIN,SPIKE_NO_LEVEL,NO_ACTION,NO_ESTABLISHED_EDGE,AMBIG,LONG,276.8,,,,,,0.1892,0.2,,,,,,,,,,,,,
2026-07-17T17:00:00,NATURALGAS,2026-07-17,cycles_resampled,TREND_UP,TRAIN,H1_CONT_BLOCKED,NO_ACTION,NO_ESTABLISHED_EDGE,H1_CONT,LONG,277.8,277.3,276.973,0.827,0.73,True,1.1831,0.6667,0.0,False,True,True,False,0.8464,-3.3857,False,False,False,True,-3.5067,SL
2026-07-17T17:05:00,NATURALGAS,2026-07-17,cycles_resampled,TREND_UP,TRAIN,H7_TRAP,AVOID,SUPPORTED,H7_TRAP,LONG,278.2,278.4,277.576,0.624,0.32,False,0.56,0.375,1.0,True,False,False,True,0.4808,-1.1218,False,False,False,True,-1.2821,SL
2026-07-17T17:10:00,NATURALGAS,2026-07-17,cycles_resampled,TREND_UP,TRAIN,H7_LEANING_TRAP,AVOID,SUPPORTED,H7_TRAP,SHORT,277.8,277.6,278.53,0.73,1.37,True,1.0633,0.6,0.3,True,False,False,True,3.8356,-0.5479,True,True,True,False,2.863,T3
2026-07-17T17:15:00,NATURALGAS,2026-07-17,cycles_resampled,TREND_UP,TRAIN,H1_WEAK,NO_ACTION,NO_ESTABLISHED_EDGE,H1_WEAK,LONG,277.6,277.3,277.079,0.521,1.73,True,0.35,0.2857,0.0,False,True,True,False,1.1516,-4.9904,True,False,False,False,-5.1823,SL
2026-07-17T17:20:00,NATURALGAS,2026-07-17,cycles_resampled,TREND_UP,TRAIN,H7_LEANING_TRAP,AVOID,SUPPORTED,H7_TRAP,LONG,277.9,277.8,277.179,0.721,0.83,False,0.506,0.4286,0.5714,True,False,False,True,0.0,-1.1096,False,False,False,True,-1.2483,SL
2026-07-17T17:30:00,NATURALGAS,2026-07-17,cycles_resampled,TREND_UP,TRAIN,H7_TRAP,AVOID,SUPPORTED,H7_TRAP,LONG,277.7,277.8,277.079,0.621,0.32,True,0.4884,0.4286,3.8571,True,False,False,True,0.8052,-4.3478,False,False,False,True,-4.5089,SL
2026-07-17T17:35:00,NATURALGAS,2026-07-17,cycles_resampled,TREND_UP,TRAIN,H7_TRAP,AVOID,SUPPORTED,H7_TRAP,LONG,277.9,277.9,277.376,0.524,1.15,False,0.3146,0.25,3.5,True,False,False,True,0.1908,-1.3359,False,False,False,True,-1.5267,SL
2026-07-17T17:40:00,NATURALGAS,2026-07-17,cycles_resampled,TREND_UP,TRAIN,AMBIGUOUS,NO_ACTION,NO_ESTABLISHED_EDGE,AMBIG,SHORT,277.4,277.4,278.024,0.624,0.48,True,0.7609,0.625,0.0,False,False,False,False,3.8462,0.0,True,True,True,False,2.8397,T3
2026-07-17T17:45:00,NATURALGAS,2026-07-17,cycles_resampled,TREND_UP,TRAIN,H7_TRAP,AVOID,SUPPORTED,H7_TRAP,SHORT,275.1,275.0,277.06,1.96,0.05,False,1.8919,0.75,1.15,True,False,False,True,0.102,-1.4286,False,False,False,True,-1.4796,SL
2026-07-17T17:50:00,NATURALGAS,2026-07-17,cycles_resampled,TREND_UP,TRAIN,SPIKE_NO_LEVEL,NO_ACTION,NO_ESTABLISHED_EDGE,AMBIG,LONG,276.0,,,,,,1.0862,0.8182,,,,,,,,,,,,,
2026-07-17T17:55:00,NATURALGAS,2026-07-17,cycles_resampled,TREND_UP,TRAIN,H1_WEAK,NO_ACTION,NO_ESTABLISHED_EDGE,H1_WEAK,LONG,276.1,276.0,275.576,0.524,2.29,True,0.1176,0.125,0.0,False,True,True,False,3.4351,0.0,True,True,True,False,2.8092,T3
2026-07-17T18:00:00,NATURALGAS,2026-07-17,cycles_resampled,TREND_UP,TRAIN,AMBIGUOUS,NO_ACTION,NO_ESTABLISHED_EDGE,AMBIG,LONG,277.3,277.34,276.149,1.151,0.03,True,1.1493,0.6471,0.0,False,False,False,False,3.0408,-0.5213,True,True,True,False,2.9131,T3
2026-07-17T18:05:00,NATURALGAS,2026-07-17,cycles_resampled,TREND_UP,TRAIN,H7_TRAP,AVOID,SUPPORTED,H7_TRAP,LONG,277.8,277.9,277.176,0.624,0.64,True,0.6087,0.75,0.875,True,False,False,True,0.9615,-1.7628,False,False,False,True,-1.9231,SL
2026-07-17T18:10:00,NATURALGAS,2026-07-17,cycles_resampled,TREND_UP,TRAIN,H7_TRAP,AVOID,SUPPORTED,H7_TRAP,LONG,278.1,278.2,277.679,0.421,0.24,False,0.3088,0.4286,1.4286,True,False,False,True,0.0,-3.3254,False,False,False,True,-3.5629,SL
2026-07-17T18:15:00,NATURALGAS,2026-07-17,cycles_resampled,TREND_UP,TRAIN,AMBIGUOUS,NO_ACTION,NO_ESTABLISHED_EDGE,H7_TRAP,LONG,277.6,277.41,276.661,0.939,0.64,False,0.2958,0.2308,0.1615,True,False,False,True,3.4079,-0.7455,True,True,True,False,2.8935,T3
2026-07-17T18:25:00,NATURALGAS,2026-07-17,cycles_resampled,TREND_UP,TRAIN,AMBIGUOUS,NO_ACTION,NO_ESTABLISHED_EDGE,AMBIG,LONG,277.8,277.8,276.867,0.933,0.64,True,0.8811,0.8182,0.0,False,False,False,False,3.2154,0.0,True,True,True,False,2.8928,T3
2026-07-17T18:30:00,NATURALGAS,2026-07-17,cycles_resampled,TREND_UP,TRAIN,H1_CONT_BLOCKED,NO_ACTION,NO_ESTABLISHED_EDGE,H1_CONT,LONG,279.2,278.5,277.955,1.245,,True,1.098,0.8,0.0,False,True,True,False,2.5703,-0.4819,True,True,False,False,1.6867,EOD
2026-07-17T18:40:00,NATURALGAS,2026-07-17,cycles_resampled,TREND_UP,TRAIN,AMBIGUOUS,NO_ACTION,NO_ESTABLISHED_EDGE,AMBIG,LONG,280.5,279.5,279.358,1.142,,False,0.9448,0.7857,0.0,False,True,True,False,0.3503,-1.0508,False,False,False,True,-1.1384,SL
2026-07-17T18:45:00,NATURALGAS,2026-07-17,cycles_resampled,TREND_UP,TRAIN,SPIKE_NO_LEVEL,NO_ACTION,NO_ESTABLISHED_EDGE,AMBIG,SHORT,279.9,,,,,,0.5091,0.6,,,,,,,,,,,,,
2026-07-17T18:50:00,NATURALGAS,2026-07-17,cycles_resampled,TREND_UP,TRAIN,H7_TRAP,AVOID,SUPPORTED,H7_TRAP,LONG,280.4,280.8,279.976,0.424,0.94,True,0.3373,0.5,1.125,True,False,False,True,1.1792,-1.6509,True,False,False,True,-1.8868,SL
2026-07-17T18:55:00,NATURALGAS,2026-07-17,cycles_resampled,TREND_UP,TRAIN,H7_TRAP,AVOID,SUPPORTED,H7_TRAP,LONG,280.6,280.8,279.664,0.936,0.21,False,0.1818,0.1667,1.1667,True,False,False,True,0.2137,-1.1752,False,False,False,True,-1.2821,SL
2026-07-17T19:00:00,NATURALGAS,2026-07-17,cycles_resampled,TREND_UP,TRAIN,H7_LEANING_TRAP,AVOID,SUPPORTED,H7_TRAP,SHORT,280.1,279.7,280.839,0.739,4.33,True,0.4487,0.3846,0.4615,True,False,False,True,1.0825,-1.3532,True,False,False,False,-1.4885,SL
2026-07-17T19:10:00,NATURALGAS,2026-07-17,cycles_resampled,TREND_UP,TRAIN,H7_TRAP,AVOID,SUPPORTED,H7_TRAP,SHORT,279.4,279.5,280.433,1.033,3.2,False,0.5638,0.5455,1.0,True,False,False,True,0.0968,-1.0649,False,False,False,True,-1.1617,SL
2026-07-17T19:15:00,NATURALGAS,2026-07-17,cycles_resampled,TREND_UP,TRAIN,H7_LEANING_TRAP,AVOID,SUPPORTED,H7_TRAP,LONG,280.3,280.4,279.264,1.036,0.58,True,0.8235,0.75,0.3333,True,False,False,True,0.7722,-1.2548,False,False,False,True,-1.3514,SL
2026-07-17T19:25:00,NATURALGAS,2026-07-17,cycles_resampled,TREND_UP,TRAIN,AMBIGUOUS,NO_ACTION,NO_ESTABLISHED_EDGE,AMBIG,SHORT,280.0,280.2,281.136,1.136,0.62,False,0.6533,0.5833,0.0,False,False,False,False,1.2324,-1.5845,True,False,False,False,-1.6725,SL
2026-07-17T21:40:00,NATURALGAS,2026-07-17,cycles_resampled,TREND_UP,TRAIN,AMBIGUOUS,NO_ACTION,NO_ESTABLISHED_EDGE,AMBIG,LONG,280.0,279.8,278.864,1.136,0.97,False,1.4359,0.6667,0.0,False,False,False,False,2.1127,-0.4401,True,True,False,False,1.1444,EOD
2026-07-17T21:55:00,NATURALGAS,2026-07-17,cycles_resampled,TREND_UP,TRAIN,AMBIGUOUS,NO_ACTION,NO_ESTABLISHED_EDGE,AMBIG,LONG,280.6,280.1,279.87,0.73,0.68,False,1.225,0.7,0.0,False,True,True,False,0.137,-1.2329,False,False,False,True,-1.3699,SL
2026-07-17T22:40:00,NATURALGAS,2026-07-17,cycles_resampled,TREND_UP,TRAIN,AMBIGUOUS,NO_ACTION,NO_ESTABLISHED_EDGE,AMBIG,LONG,281.8,281.1,280.873,0.927,,False,1.5,1.0,0.0,False,True,True,False,0.6472,-0.7551,False,False,False,False,-0.5394,EOD
2026-07-20T10:40:00,NATURALGAS,2026-07-20,cycles_resampled,TREND_DOWN,TRAIN,H1_CONT_BLOCKED,NO_ACTION,NO_ESTABLISHED_EDGE,H1_CONT,LONG,278.7,278.2,278.082,0.618,0.16,True,2.3333,1.0,0.0,False,True,True,False,1.1327,-1.4563,True,False,False,False,-1.6181,SL
2026-07-20T11:50:00,NATURALGAS,2026-07-20,cycles_resampled,TREND_DOWN,TRAIN,AMBIGUOUS,NO_ACTION,NO_ESTABLISHED_EDGE,AMBIG,SHORT,278.9,278.9,279.415,0.515,0.76,True,2.2581,1.0,0.0,False,False,False,False,3.8835,-0.1942,True,True,True,False,2.8058,T3
2026-07-20T12:15:00,NATURALGAS,2026-07-20,cycles_resampled,TREND_DOWN,TRAIN,AMBIGUOUS,NO_ACTION,NO_ESTABLISHED_EDGE,AMBIG,SHORT,278.2,278.5,278.715,0.515,0.39,False,1.8919,1.0,0.0,False,True,True,False,4.0777,-0.5825,True,True,True,False,2.8058,T3
2026-07-20T12:35:00,NATURALGAS,2026-07-20,cycles_resampled,TREND_DOWN,TRAIN,H7_LEANING_TRAP,AVOID,SUPPORTED,AMBIG,LONG,278.4,278.0,277.882,0.518,0.97,False,1.6667,0.8333,0.3333,True,True,True,False,0.0,-1.1583,False,False,False,True,-1.3514,SL
2026-07-20T12:50:00,NATURALGAS,2026-07-20,cycles_resampled,TREND_DOWN,TRAIN,AMBIGUOUS,NO_ACTION,NO_ESTABLISHED_EDGE,AMBIG,SHORT,277.8,277.8,278.315,0.515,,True,0.913,0.6,0.0,False,False,False,False,3.301,-0.1942,True,True,True,False,2.8058,T3
2026-07-20T13:05:00,NATURALGAS,2026-07-20,cycles_resampled,TREND_DOWN,TRAIN,AMBIGUOUS,NO_ACTION,NO_ESTABLISHED_EDGE,AMBIG,SHORT,276.9,277.4,277.518,0.618,,False,1.68,1.0,0.0,False,True,True,False,3.5599,-0.4854,True,True,True,False,2.8382,T3
2026-07-20T13:15:00,NATURALGAS,2026-07-20,cycles_resampled,TREND_DOWN,TRAIN,H7_TRAP,AVOID,SUPPORTED,H7_TRAP,LONG,277.2,277.1,276.685,0.515,2.14,False,0.7925,0.6,2.4,True,False,False,True,0.0,-2.1359,False,False,False,True,-2.3301,SL
2026-07-20T13:25:00,NATURALGAS,2026-07-20,cycles_resampled,TREND_DOWN,TRAIN,H1_CONT_BLOCKED,NO_ACTION,NO_ESTABLISHED_EDGE,H1_CONT,SHORT,276.3,276.7,276.718,0.418,,True,1.0,0.6667,0.0,False,True,True,False,3.8278,0.0,True,True,True,False,2.7608,T3
2026-07-20T13:30:00,NATURALGAS,2026-07-20,cycles_resampled,TREND_DOWN,TRAIN,H1_WEAK,NO_ACTION,NO_ESTABLISHED_EDGE,H1_CONT,SHORT,275.9,276.1,276.215,0.315,,True,0.6885,0.6,0.0,False,True,True,False,3.8095,0.0,True,True,True,False,2.6825,T3
2026-07-20T13:40:00,NATURALGAS,2026-07-20,cycles_resampled,TREND_DOWN,TRAIN,H1_WEAK,NO_ACTION,NO_ESTABLISHED_EDGE,H1_WEAK,SHORT,275.1,275.5,275.627,0.527,,True,0.8235,0.4444,0.0,False,True,True,False,0.9488,-1.1385,False,False,False,True,-1.3283,SL
2026-07-20T13:50:00,NATURALGAS,2026-07-20,cycles_resampled,TREND_DOWN,TRAIN,AMBIGUOUS,NO_ACTION,NO_ESTABLISHED_EDGE,AMBIG,LONG,275.4,275.1,274.776,0.624,2.88,False,1.1507,0.75,0.0,False,True,False,False,1.7628,-1.1218,True,False,False,False,-1.2821,SL
2026-07-20T14:00:00,NATURALGAS,2026-07-20,cycles_resampled,TREND_DOWN,TRAIN,H7_LEANING_TRAP,AVOID,SUPPORTED,H7_TRAP,SHORT,275.1,275.3,275.718,0.618,0.81,False,0.3784,0.3333,0.5,True,False,False,True,0.0,-1.1327,False,False,False,True,-1.2945,SL
2026-07-20T14:05:00,NATURALGAS,2026-07-20,cycles_resampled,TREND_DOWN,TRAIN,AMBIGUOUS,NO_ACTION,NO_ESTABLISHED_EDGE,H7_TRAP,LONG,275.6,275.7,275.082,0.518,7.05,True,0.7273,0.6667,0.1667,True,False,False,True,0.7722,-1.1583,False,False,False,True,-1.3514,SL
2026-07-20T15:05:00,NATURALGAS,2026-07-20,cycles_resampled,TREND_DOWN,TRAIN,H7_LEANING_TRAP,AVOID,SUPPORTED,H7_TRAP,SHORT,275.1,275.4,275.721,0.621,0.81,True,1.6471,0.8571,0.4286,True,True,False,True,0.4831,-1.2882,False,False,False,True,-1.4493,SL
2026-07-20T15:15:00,NATURALGAS,2026-07-20,cycles_resampled,TREND_DOWN,TRAIN,H1_CONT_BLOCKED,NO_ACTION,NO_ESTABLISHED_EDGE,H1_CONT,LONG,275.5,275.1,274.882,0.618,0.81,True,1.75,1.0,0.0,False,True,True,False,1.6181,-1.1327,True,False,False,False,-1.2945,SL
2026-07-20T16:05:00,NATURALGAS,2026-07-20,cycles_resampled,TREND_DOWN,TRAIN,H1_WEAK,NO_ACTION,NO_ESTABLISHED_EDGE,H1_WEAK,SHORT,275.6,275.7,276.124,0.524,1.91,True,1.1475,0.625,0.0,False,True,False,False,3.0534,-0.7634,True,True,True,False,2.8092,T3
2026-07-20T17:00:00,NATURALGAS,2026-07-20,cycles_resampled,TREND_DOWN,TRAIN,SPIKE_NO_LEVEL,NO_ACTION,NO_ESTABLISHED_EDGE,AMBIG,LONG,275.1,,,,,,0.7,0.5714,,,,,,,,,,,,,
2026-07-20T17:05:00,NATURALGAS,2026-07-20,cycles_resampled,TREND_DOWN,TRAIN,H7_TRAP,AVOID,SUPPORTED,H7_TRAP,SHORT,274.2,274.5,274.824,0.624,,False,0.9438,0.75,2.375,True,False,False,True,0.0,-2.0833,False,False,False,True,-2.2436,SL
2026-07-20T17:15:00,NATURALGAS,2026-07-20,cycles_resampled,TREND_DOWN,TRAIN,H1_CONT_BLOCKED,NO_ACTION,NO_ESTABLISHED_EDGE,H1_CONT,LONG,275.5,274.8,274.779,0.721,0.69,True,1.1264,1.0,0.0,False,True,True,False,3.7448,-0.2774,True,True,True,False,2.8613,T3
2026-07-20T17:20:00,NATURALGAS,2026-07-20,cycles_resampled,TREND_DOWN,TRAIN,H1_CONT_OBSERVE,NO_ACTION,NOT_VALIDATED,H1_CONT,LONG,276.4,276.0,275.264,1.136,2.59,True,1.6383,0.9167,0.0,False,True,True,False,2.7289,-1.1444,True,True,False,False,-1.2324,SL
2026-07-20T17:30:00,NATURALGAS,2026-07-20,cycles_resampled,TREND_DOWN,TRAIN,H1_CONT_OBSERVE,NO_ACTION,NOT_VALIDATED,H1_CONT,LONG,277.6,276.5,276.346,1.254,1.39,True,1.5701,0.6667,0.0,False,True,True,False,1.5152,-1.0367,True,False,False,False,-1.1164,SL
2026-07-20T17:35:00,NATURALGAS,2026-07-20,cycles_resampled,TREND_DOWN,TRAIN,H7_LEANING_TRAP,AVOID,SUPPORTED,H7_TRAP,LONG,278.6,278.2,277.358,1.242,0.6,False,1.0678,0.6429,0.4286,True,False,False,True,0.161,-1.0467,False,False,False,True,-1.1272,SL
2026-07-20T17:40:00,NATURALGAS,2026-07-20,cycles_resampled,TREND_DOWN,TRAIN,SPIKE_NO_LEVEL,NO_ACTION,NO_ESTABLISHED_EDGE,AMBIG,SHORT,277.8,,,,,,0.9106,0.8,,,,,,,,,,,,,
2026-07-20T17:50:00,NATURALGAS,2026-07-20,cycles_resampled,TREND_DOWN,TRAIN,H7_TRAP,AVOID,SUPPORTED,H1_WEAK,SHORT,277.6,277.8,278.327,0.727,2.56,True,0.4375,0.4444,1.1111,True,True,True,False,0.5502,-1.6506,False,False,False,True,-1.7882,SL
2026-07-20T17:55:00,NATURALGAS,2026-07-20,cycles_resampled,TREND_DOWN,TRAIN,H7_TRAP,AVOID,SUPPORTED,H7_TRAP,SHORT,277.6,277.4,278.021,0.421,4.42,False,0.2154,0.2857,2.7143,True,False,False,True,0.9501,-2.8504,False,False,False,True,-3.0879,SL
2026-07-20T18:05:00,NATURALGAS,2026-07-20,cycles_resampled,TREND_DOWN,TRAIN,AMBIGUOUS,NO_ACTION,NO_ESTABLISHED_EDGE,H7_TRAP,LONG,278.8,278.8,277.461,1.339,0.4,True,1.1241,0.8462,0.0769,True,False,False,True,0.5228,-1.419,False,False,False,True,-1.4937,SL
2026-07-20T18:15:00,NATURALGAS,2026-07-20,cycles_resampled,TREND_DOWN,TRAIN,H7_TRAP,AVOID,SUPPORTED,H7_TRAP,SHORT,278.7,278.8,279.424,0.724,2.07,False,0.7903,0.875,0.625,True,False,False,True,0.5525,-1.105,False,False,False,True,-1.2431,SL
2026-07-20T18:25:00,NATURALGAS,2026-07-20,cycles_resampled,TREND_DOWN,TRAIN,AMBIGUOUS,NO_ACTION,NO_ESTABLISHED_EDGE,H7_TRAP,SHORT,278.6,278.6,279.536,0.936,3.06,False,0.8682,0.6667,0.1667,True,False,False,True,3.0983,-0.9615,True,True,True,False,2.8932,T3
2026-07-20T18:30:00,NATURALGAS,2026-07-20,cycles_resampled,TREND_DOWN,TRAIN,SPIKE_NO_LEVEL,NO_ACTION,NO_ESTABLISHED_EDGE,AMBIG,LONG,278.8,,,,,,0.448,0.5,,,,,,,,,,,,,
2026-07-20T18:45:00,NATURALGAS,2026-07-20,cycles_resampled,TREND_DOWN,TRAIN,H7_TRAP,AVOID,SUPPORTED,H7_TRAP,LONG,279.3,278.6,278.27,1.03,0.14,False,1.037,0.8,1.1,True,True,False,True,0.1942,-1.5534,False,False,False,True,-1.6505,SL
2026-07-20T18:55:00,NATURALGAS,2026-07-20,cycles_resampled,TREND_DOWN,TRAIN,AMBIGUOUS,NO_ACTION,NO_ESTABLISHED_EDGE,AMBIG,SHORT,277.9,278.2,278.73,0.83,2.55,False,1.0182,0.8,0.0,False,True,True,False,3.012,0.0,True,True,True,False,2.8795,T3
2026-07-20T19:20:00,NATURALGAS,2026-07-20,cycles_resampled,TREND_DOWN,TRAIN,SPIKE_NO_LEVEL,NO_ACTION,NO_ESTABLISHED_EDGE,AMBIG,LONG,276.6,,,,,,0.2617,0.25,,,,,,,,,,,,,
2026-07-20T19:35:00,NATURALGAS,2026-07-20,cycles_resampled,TREND_DOWN,TRAIN,SPIKE_NO_LEVEL,NO_ACTION,NO_ESTABLISHED_EDGE,AMBIG,SHORT,276.8,,,,,,0.5437,0.4444,,,,,,,,,,,,,
2026-07-20T19:55:00,NATURALGAS,2026-07-20,cycles_resampled,TREND_DOWN,TRAIN,AMBIGUOUS,NO_ACTION,NO_ESTABLISHED_EDGE,AMBIG,SHORT,276.3,276.3,277.024,0.724,0.72,False,0.9899,0.875,0.0,False,False,False,False,3.0387,-0.6906,True,True,True,False,2.8619,T3
2026-07-20T20:35:00,NATURALGAS,2026-07-20,cycles_resampled,TREND_DOWN,TRAIN,H7_LEANING_TRAP,AVOID,SUPPORTED,H7_TRAP,SHORT,274.3,274.8,275.33,1.03,0.29,False,1.4483,0.9,0.5,True,False,False,True,0.0,-1.068,False,False,False,True,-1.165,SL
2026-07-21T10:25:00,NATURALGAS,2026-07-21,cycles_resampled,CHOP,TRAIN,H1_CONT_BLOCKED,NO_ACTION,NO_ESTABLISHED_EDGE,H1_CONT,LONG,275.7,275.57,275.185,0.515,0.58,True,1.5,0.6,0.0,False,True,True,False,3.301,-0.3883,True,True,True,False,2.8058,T3
2026-07-21T10:30:00,NATURALGAS,2026-07-21,cycles_resampled,CHOP,TRAIN,AMBIGUOUS,NO_ACTION,NO_ESTABLISHED_EDGE,AMBIG,LONG,276.0,276.0,275.485,0.515,,True,1.3548,0.6,0.0,False,False,False,False,3.6893,-0.1942,True,True,True,False,2.8058,T3
2026-07-21T10:35:00,NATURALGAS,2026-07-21,cycles_resampled,CHOP,TRAIN,H1_CONT_BLOCKED,NO_ACTION,NO_ESTABLISHED_EDGE,H1_CONT,LONG,276.5,276.0,275.882,0.618,,True,2.0588,0.8333,0.0,False,True,True,False,2.2654,-1.6181,True,True,False,False,-1.7799,SL
2026-07-21T11:20:00,NATURALGAS,2026-07-21,cycles_resampled,CHOP,TRAIN,AMBIGUOUS,NO_ACTION,NO_ESTABLISHED_EDGE,H7_TRAP,LONG,276.9,276.8,276.076,0.824,,False,1.9216,0.875,0.25,True,True,False,True,1.2136,-1.699,True,False,False,False,-1.8204,SL
2026-07-21T12:40:00,NATURALGAS,2026-07-21,cycles_resampled,CHOP,TRAIN,AMBIGUOUS,NO_ACTION,NO_ESTABLISHED_EDGE,AMBIG,SHORT,277.2,277.7,277.715,0.515,0.39,False,1.4,1.0,0.0,False,True,True,False,3.301,-0.3883,True,True,True,False,2.8058,T3
2026-07-21T13:00:00,NATURALGAS,2026-07-21,cycles_resampled,CHOP,TRAIN,H1_CONT_OBSERVE,NO_ACTION,NOT_VALIDATED,H1_CONT,SHORT,276.9,277.1,277.415,0.515,3.28,True,1.4894,1.0,0.0,False,True,True,False,2.7184,-1.165,True,True,False,False,-1.3592,SL
2026-07-21T14:45:00,NATURALGAS,2026-07-21,cycles_resampled,CHOP,TRAIN,H1_WEAK,NO_ACTION,NO_ESTABLISHED_EDGE,H1_CONT,LONG,277.4,277.1,276.985,0.415,1.2,True,0.913,0.6,0.0,False,True,True,False,2.8916,-1.6867,True,True,False,False,-1.9277,SL
2026-07-21T15:05:00,NATURALGAS,2026-07-21,cycles_resampled,CHOP,TRAIN,H1_WEAK,NO_ACTION,NO_ESTABLISHED_EDGE,H1_WEAK,LONG,278.1,277.9,277.579,0.521,,True,1.4286,0.7143,0.0,False,True,False,False,0.7678,-1.1516,False,False,False,True,-1.3436,SL
2026-07-21T15:20:00,NATURALGAS,2026-07-21,cycles_resampled,CHOP,TRAIN,H7_LEANING_TRAP,AVOID,SUPPORTED,H7_TRAP,LONG,278.4,278.4,277.679,0.721,,False,1.7193,1.0,0.5714,True,False,False,True,0.1387,-1.2483,False,False,False,True,-1.387,SL
2026-07-21T15:35:00,NATURALGAS,2026-07-21,cycles_resampled,CHOP,TRAIN,H1_WEAK,NO_ACTION,NO_ESTABLISHED_EDGE,H1_CONT,SHORT,278.0,278.2,278.415,0.415,0.72,True,0.9825,0.8,0.0,False,True,True,False,1.4458,-1.4458,True,False,False,False,-1.6867,SL
2026-07-21T16:15:00,NATURALGAS,2026-07-21,cycles_resampled,CHOP,TRAIN,AMBIGUOUS,NO_ACTION,NO_ESTABLISHED_EDGE,AMBIG,LONG,278.0,278.0,277.476,0.524,0.95,True,1.3208,0.625,0.0,False,False,False,False,1.145,-1.9084,True,False,False,False,-2.0992,SL
2026-07-21T16:20:00,NATURALGAS,2026-07-21,cycles_resampled,CHOP,TRAIN,H7_TRAP,AVOID,SUPPORTED,H7_TRAP,LONG,278.5,278.5,278.085,0.415,,False,1.0182,0.8,1.4,True,False,False,True,0.241,-1.6867,False,False,False,True,-1.9277,SL
2026-07-21T16:35:00,NATURALGAS,2026-07-21,cycles_resampled,CHOP,TRAIN,AMBIGUOUS,NO_ACTION,NO_ESTABLISHED_EDGE,AMBIG,SHORT,277.8,277.5,278.221,0.421,0.71,True,0.9655,0.5714,0.0,False,False,False,False,2.6128,-1.4252,True,True,False,False,-1.6627,SL
2026-07-21T16:40:00,NATURALGAS,2026-07-21,cycles_resampled,CHOP,TRAIN,H1_WEAK,NO_ACTION,NO_ESTABLISHED_EDGE,H1_WEAK,SHORT,277.4,277.5,277.927,0.527,2.64,True,0.875,0.4444,0.0,False,True,True,False,1.3283,-1.1385,True,False,False,False,-1.3283,SL
2026-07-21T16:45:00,NATURALGAS,2026-07-21,cycles_resampled,CHOP,TRAIN,H7_LEANING_TRAP,AVOID,SUPPORTED,H7_TRAP,SHORT,277.0,277.0,277.524,0.524,1.89,False,0.8358,0.5,0.5,True,False,False,True,0.1908,-1.9084,False,False,False,True,-2.0992,SL
2026-07-21T16:50:00,NATURALGAS,2026-07-21,cycles_resampled,CHOP,TRAIN,H7_LEANING_TRAP,AVOID,SUPPORTED,H7_TRAP,LONG,277.4,277.5,276.882,0.518,1.54,False,0.8235,0.6667,0.5,True,False,False,True,1.9305,-1.3514,True,False,False,False,-1.5444,SL
2026-07-21T17:05:00,NATURALGAS,2026-07-21,cycles_resampled,CHOP,TRAIN,H7_LEANING_TRAP,AVOID,SUPPORTED,H7_TRAP,LONG,277.7,277.5,277.176,0.524,1.35,True,0.9333,0.625,0.5,True,True,False,True,1.3359,-1.145,True,False,False,False,-1.3359,SL
2026-07-21T17:10:00,NATURALGAS,2026-07-21,cycles_resampled,CHOP,TRAIN,SPIKE_NO_LEVEL,NO_ACTION,NO_ESTABLISHED_EDGE,AMBIG,SHORT,277.7,,,,,,0.0,0.0,,,,,,,,,,,,,
2026-07-21T17:25:00,NATURALGAS,2026-07-21,cycles_resampled,CHOP,TRAIN,AMBIGUOUS,NO_ACTION,NO_ESTABLISHED_EDGE,H7_TRAP,SHORT,276.9,277.1,277.524,0.624,1.3,False,0.8046,0.625,0.25,True,False,False,True,0.8013,-1.4423,False,False,False,True,-1.6026,SL
2026-07-21T17:45:00,NATURALGAS,2026-07-21,cycles_resampled,CHOP,TRAIN,H7_TRAP,AVOID,SUPPORTED,H7_TRAP,LONG,277.7,277.7,276.564,1.136,0.43,False,1.4583,0.8333,1.4167,True,False,False,True,0.0,-1.5845,False,False,False,True,-1.6725,SL
2026-07-21T17:50:00,NATURALGAS,2026-07-21,cycles_resampled,CHOP,TRAIN,SPIKE_NO_LEVEL,NO_ACTION,NO_ESTABLISHED_EDGE,AMBIG,SHORT,277.1,,,,,,0.8842,0.75,,,,,,,,,,,,,
2026-07-21T18:00:00,NATURALGAS,2026-07-21,cycles_resampled,CHOP,TRAIN,H7_LEANING_TRAP,AVOID,SUPPORTED,H7_TRAP,SHORT,276.0,276.01,276.827,0.827,1.21,False,1.0208,0.7778,0.3222,True,True,False,True,0.6046,-1.3301,False,False,False,True,-1.451,SL
2026-07-21T18:10:00,NATURALGAS,2026-07-21,cycles_resampled,CHOP,TRAIN,H7_TRAP,AVOID,SUPPORTED,H7_TRAP,LONG,276.3,276.2,275.776,0.524,2.86,False,0.5545,0.5,1.0,True,False,False,True,1.5267,-1.5267,True,False,False,True,-1.7176,SL
2026-07-21T18:15:00,NATURALGAS,2026-07-21,cycles_resampled,CHOP,TRAIN,H7_LEANING_TRAP,AVOID,SUPPORTED,H7_TRAP,SHORT,275.8,275.7,277.148,1.348,0.07,True,0.6422,0.3125,0.5,True,False,False,True,0.5193,-1.0386,False,False,False,True,-1.1128,SL
2026-07-21T18:35:00,NATURALGAS,2026-07-21,cycles_resampled,CHOP,TRAIN,H7_TRAP,AVOID,SUPPORTED,H7_TRAP,SHORT,276.0,276.0,276.627,0.627,1.12,False,0.6306,0.5556,0.6667,True,False,False,True,0.0,-1.2759,False,False,False,True,-1.4354,SL
2026-07-21T18:50:00,NATURALGAS,2026-07-21,cycles_resampled,CHOP,TRAIN,H1_WEAK,NO_ACTION,NO_ESTABLISHED_EDGE,H1_CONT,SHORT,276.0,276.2,276.824,0.824,0.17,True,0.75,0.75,0.0,False,True,True,False,1.0922,-1.0922,True,False,False,False,-1.2136,SL
2026-07-21T19:10:00,NATURALGAS,2026-07-21,cycles_resampled,CHOP,TRAIN,H1_CONT_BLOCKED,NO_ACTION,NO_ESTABLISHED_EDGE,H1_CONT,LONG,276.1,275.9,275.276,0.824,0.85,True,1.0874,1.0,0.0,False,True,True,False,1.9417,-1.2136,True,False,False,False,-1.335,SL
2026-07-21T20:15:00,NATURALGAS,2026-07-21,cycles_resampled,CHOP,TRAIN,AMBIGUOUS,NO_ACTION,NO_ESTABLISHED_EDGE,AMBIG,SHORT,275.9,276.6,276.93,1.03,0.04,False,1.6579,0.9,0.0,False,True,True,False,0.0971,-1.2621,False,False,False,True,-1.3592,SL
2026-07-21T21:45:00,NATURALGAS,2026-07-21,cycles_resampled,CHOP,TRAIN,AMBIGUOUS,NO_ACTION,NO_ESTABLISHED_EDGE,AMBIG,SHORT,276.6,277.0,277.424,0.824,0.9,False,2.0,1.0,0.0,False,True,True,False,2.1845,0.0,True,True,False,False,1.335,EOD
2026-07-22T10:10:00,NATURALGAS,2026-07-22,cycles_resampled,TREND_UP,TRAIN,AMBIGUOUS,NO_ACTION,NO_ESTABLISHED_EDGE,H7_TRAP,SHORT,277.3,277.4,277.612,0.312,0.64,False,1.0244,0.75,0.25,True,False,False,True,0.3205,-1.9231,False,False,False,True,-2.2436,SL
2026-07-22T11:15:00,NATURALGAS,2026-07-22,cycles_resampled,TREND_UP,TRAIN,AMBIGUOUS,NO_ACTION,NO_ESTABLISHED_EDGE,H7_TRAP,LONG,278.0,278.2,277.582,0.418,0.24,True,0.7368,0.3333,0.1667,True,False,False,True,2.6316,-1.6746,True,True,False,False,-1.9139,SL
2026-07-22T11:35:00,NATURALGAS,2026-07-22,cycles_resampled,TREND_UP,TRAIN,H7_LEANING_TRAP,AVOID,SUPPORTED,H7_TRAP,LONG,278.7,278.6,278.185,0.515,,False,1.5909,1.0,0.4,True,False,False,True,0.7767,-1.3592,False,False,False,True,-1.5534,SL
2026-07-22T12:10:00,NATURALGAS,2026-07-22,cycles_resampled,TREND_UP,TRAIN,H7_TRAP,AVOID,SUPPORTED,H7_TRAP,LONG,279.1,279.0,278.585,0.515,,True,1.3725,1.0,1.2,True,False,False,True,0.0,-1.3592,False,False,False,True,-1.5534,SL
2026-07-22T12:25:00,NATURALGAS,2026-07-22,cycles_resampled,TREND_UP,TRAIN,H1_CONT_OBSERVE,NO_ACTION,NOT_VALIDATED,H1_CONT,SHORT,278.4,278.5,278.915,0.515,2.33,True,1.1667,0.8,0.0,False,True,True,False,1.165,-1.165,True,False,False,False,-1.3592,SL
2026-07-22T13:00:00,NATURALGAS,2026-07-22,cycles_resampled,TREND_UP,TRAIN,H1_CONT_BLOCKED,NO_ACTION,NO_ESTABLISHED_EDGE,H1_CONT,LONG,278.8,278.4,278.282,0.518,0.58,True,1.5217,0.8333,0.0,False,True,True,False,0.3861,-1.3514,False,False,False,True,-1.5444,SL
2026-07-22T15:20:00,NATURALGAS,2026-07-22,cycles_resampled,TREND_UP,TRAIN,H1_CONT_BLOCKED,NO_ACTION,NO_ESTABLISHED_EDGE,H1_CONT,LONG,278.8,278.5,278.385,0.415,0.27,True,1.75,0.8,0.0,False,True,True,False,3.1325,-0.9639,True,True,True,False,2.759,T3
2026-07-22T15:25:00,NATURALGAS,2026-07-22,cycles_resampled,TREND_UP,TRAIN,H7_TRAP,AVOID,SUPPORTED,H7_TRAP,LONG,279.2,279.1,278.785,0.415,,False,1.6,0.8,0.8,True,False,False,True,0.0,-1.4458,False,False,False,True,-1.6867,SL
2026-07-22T16:15:00,NATURALGAS,2026-07-22,cycles_resampled,TREND_UP,TRAIN,AMBIGUOUS,NO_ACTION,NO_ESTABLISHED_EDGE,AMBIG,LONG,280.0,279.3,279.279,0.721,,False,1.96,1.0,0.0,False,True,True,False,0.1387,-1.2483,False,False,False,True,-1.387,SL
2026-07-22T16:25:00,NATURALGAS,2026-07-22,cycles_resampled,TREND_UP,TRAIN,H7_TRAP,AVOID,SUPPORTED,H7_TRAP,LONG,280.1,280.0,279.585,0.515,,False,1.2281,1.0,1.4,True,False,False,True,0.0,-1.3592,False,False,False,True,-1.5534,SL
2026-07-22T16:40:00,NATURALGAS,2026-07-22,cycles_resampled,TREND_UP,TRAIN,H7_TRAP,AVOID,SUPPORTED,H1_CONT,LONG,279.6,279.4,279.185,0.415,1.2,True,1.0,0.8,0.8,True,True,True,False,0.7229,-1.4458,False,False,False,True,-1.6867,SL
2026-07-22T16:55:00,NATURALGAS,2026-07-22,cycles_resampled,TREND_UP,TRAIN,H7_TRAP,AVOID,SUPPORTED,H7_TRAP,SHORT,279.0,279.1,279.927,0.927,1.48,False,2.0323,1.0,1.0,True,False,False,True,0.1079,-1.0787,False,False,False,True,-1.1866,SL
2026-07-22T17:00:00,NATURALGAS,2026-07-22,cycles_resampled,TREND_UP,TRAIN,AMBIGUOUS,NO_ACTION,NO_ESTABLISHED_EDGE,AMBIG,LONG,279.4,278.88,278.982,0.418,1.2,False,0.8615,0.6667,0.0,False,True,True,False,0.0,-1.1962,False,False,False,True,-1.4354,SL
2026-07-22T17:10:00,NATURALGAS,2026-07-22,cycles_resampled,TREND_UP,TRAIN,H1_CONT_BLOCKED,NO_ACTION,NO_ESTABLISHED_EDGE,H1_CONT,LONG,280.0,279.9,279.073,0.927,0.11,True,1.726,1.0,0.0,False,True,True,False,3.452,0.0,True,True,True,False,2.8921,T3
2026-07-22T17:15:00,NATURALGAS,2026-07-22,cycles_resampled,TREND_UP,TRAIN,SPIKE_NO_LEVEL,NO_ACTION,NO_ESTABLISHED_EDGE,AMBIG,SHORT,280.3,,,,,,0.3544,0.2857,,,,,,,,,,,,,
2026-07-22T17:20:00,NATURALGAS,2026-07-22,cycles_resampled,TREND_UP,TRAIN,AMBIGUOUS,NO_ACTION,NO_ESTABLISHED_EDGE,AMBIG,LONG,281.3,280.8,280.364,0.936,,False,1.4483,0.75,0.0,False,True,True,False,2.0299,-1.2821,True,True,False,False,-1.3889,SL
2026-07-22T17:35:00,NATURALGAS,2026-07-22,cycles_resampled,TREND_UP,TRAIN,H7_TRAP,AVOID,SUPPORTED,H7_TRAP,LONG,281.7,281.6,281.282,0.418,,False,0.1728,0.1667,1.3333,True,False,False,True,0.0,-2.3923,False,False,False,True,-2.6316,SL
2026-07-22T17:45:00,NATURALGAS,2026-07-22,cycles_resampled,TREND_UP,TRAIN,H7_TRAP,AVOID,SUPPORTED,H7_TRAP,SHORT,280.8,281.1,281.421,0.621,5.39,False,1.0244,0.8571,2.1429,True,False,False,True,0.0,-3.8647,False,False,False,True,-4.0258,SL
2026-07-22T17:50:00,NATURALGAS,2026-07-22,cycles_resampled,TREND_UP,TRAIN,AMBIGUOUS,NO_ACTION,NO_ESTABLISHED_EDGE,AMBIG,LONG,281.2,281.4,280.782,0.418,1.67,True,0.506,0.5,0.0,False,False,False,False,4.7847,0.0,True,True,True,False,2.7608,T3
2026-07-22T17:55:00,NATURALGAS,2026-07-22,cycles_resampled,TREND_UP,TRAIN,AMBIGUOUS,NO_ACTION,NO_ESTABLISHED_EDGE,H7_TRAP,LONG,282.6,281.9,281.243,1.357,,False,1.82,0.6842,0.2105,True,True,False,True,0.0737,-1.1054,False,False,False,True,-1.1791,SL
2026-07-22T18:05:00,NATURALGAS,2026-07-22,cycles_resampled,TREND_UP,TRAIN,H1_WEAK,NO_ACTION,NO_ESTABLISHED_EDGE,H1_WEAK,SHORT,281.6,282.3,282.439,0.839,1.07,True,0.9159,0.5385,0.0,False,True,True,False,1.7878,-1.7878,True,False,False,False,-1.907,SL
2026-07-22T18:20:00,NATURALGAS,2026-07-22,cycles_resampled,TREND_UP,TRAIN,AMBIGUOUS,NO_ACTION,NO_ESTABLISHED_EDGE,H7_TRAP,SHORT,281.0,281.1,281.736,0.736,4.86,False,0.9074,0.5833,0.25,True,False,False,True,0.1359,-1.087,False,False,False,True,-1.2228,SL
2026-07-22T18:25:00,NATURALGAS,2026-07-22,cycles_resampled,TREND_UP,TRAIN,H7_TRAP,AVOID,SUPPORTED,H7_TRAP,LONG,281.4,281.8,280.873,0.527,0.76,False,0.5138,0.4444,1.1111,True,False,False,True,0.0,-1.3283,False,False,False,True,-1.518,SL
2026-07-22T18:30:00,NATURALGAS,2026-07-22,cycles_resampled,TREND_UP,TRAIN,H1_WEAK,NO_ACTION,NO_ESTABLISHED_EDGE,H1_WEAK,LONG,281.1,278.94,280.682,0.418,1.67,True,0.2718,0.3333,0.0,False,True,True,False,0.2392,-1.4354,False,False,False,True,-1.6746,SL
2026-07-22T18:35:00,NATURALGAS,2026-07-22,cycles_resampled,TREND_UP,TRAIN,AMBIGUOUS,NO_ACTION,NO_ESTABLISHED_EDGE,AMBIG,LONG,281.2,278.94,280.479,0.721,0.83,False,0.1308,0.1429,0.0,False,True,True,False,0.1387,-1.5257,False,False,False,True,-1.6644,SL
2026-07-22T18:45:00,NATURALGAS,2026-07-22,cycles_resampled,TREND_UP,TRAIN,AMBIGUOUS,NO_ACTION,NO_ESTABLISHED_EDGE,AMBIG,LONG,280.6,278.94,280.079,0.521,2.3,False,0.2523,0.2857,0.0,False,True,True,False,4.7985,-0.9597,True,True,True,False,2.8081,T3
2026-07-22T18:50:00,NATURALGAS,2026-07-22,cycles_resampled,TREND_UP,TRAIN,H7_TRAP,AVOID,SUPPORTED,H7_TRAP,SHORT,280.2,280.5,280.921,0.721,4.04,False,0.487,0.5714,2.0,True,True,False,True,0.1387,-1.387,False,False,False,True,-1.5257,SL
2026-07-22T19:00:00,NATURALGAS,2026-07-22,cycles_resampled,TREND_UP,TRAIN,H1_WEAK,NO_ACTION,NO_ESTABLISHED_EDGE,H1_CONT,LONG,281.2,280.9,280.479,0.721,2.77,True,0.625,0.7143,0.0,False,True,True,False,3.3287,0.0,True,True,True,False,2.8613,T3
2026-07-22T19:05:00,NATURALGAS,2026-07-22,cycles_resampled,TREND_UP,TRAIN,H1_WEAK,NO_ACTION,NO_ESTABLISHED_EDGE,H1_CONT,LONG,281.9,281.2,281.279,0.621,2.09,True,0.84,0.8571,0.0,False,True,True,False,2.7375,-1.2882,True,True,False,False,-1.4493,SL
2026-07-22T19:10:00,NATURALGAS,2026-07-22,cycles_resampled,TREND_UP,TRAIN,H1_WEAK,NO_ACTION,NO_ESTABLISHED_EDGE,H1_WEAK,LONG,282.7,282.0,282.276,0.424,1.18,True,0.3889,0.375,0.0,False,True,True,False,2.1226,-1.1792,True,True,False,False,-1.4151,SL
2026-07-22T19:20:00,NATURALGAS,2026-07-22,cycles_resampled,TREND_UP,TRAIN,H7_TRAP,AVOID,SUPPORTED,H7_TRAP,LONG,283.2,283.2,282.776,0.424,,False,0.1373,0.125,1.25,True,False,False,True,0.4717,-1.1792,False,False,False,True,-1.4151,SL
2026-07-22T19:35:00,NATURALGAS,2026-07-22,cycles_resampled,TREND_UP,TRAIN,H1_CONT_OBSERVE,NO_ACTION,NOT_VALIDATED,H1_CONT,SHORT,282.2,282.7,282.921,0.721,6.98,True,1.0769,1.0,0.0,False,True,True,False,1.5257,-1.2483,True,False,False,False,-1.387,SL
2026-07-22T19:55:00,NATURALGAS,2026-07-22,cycles_resampled,TREND_UP,TRAIN,H7_TRAP,AVOID,SUPPORTED,H7_TRAP,LONG,282.5,282.0,281.779,0.721,0.55,False,1.1395,1.0,1.2857,True,False,False,True,0.0,-1.9417,False,False,False,True,-2.0804,SL
2026-07-22T20:05:00,NATURALGAS,2026-07-22,cycles_resampled,TREND_UP,TRAIN,H7_LEANING_TRAP,AVOID,SUPPORTED,H7_TRAP,SHORT,281.1,281.4,281.924,0.824,4.77,False,1.0769,0.875,0.5,True,False,False,True,0.0,-1.0922,False,False,False,True,-1.2136,SL
2026-07-22T21:10:00,NATURALGAS,2026-07-22,cycles_resampled,TREND_UP,TRAIN,AMBIGUOUS,NO_ACTION,NO_ESTABLISHED_EDGE,H7_TRAP,SHORT,281.7,281.6,282.221,0.521,0.19,True,1.1475,0.7143,0.1429,True,False,False,True,1.1516,-1.1516,True,False,False,False,-1.3436,SL
2026-07-22T22:00:00,NATURALGAS,2026-07-22,cycles_resampled,TREND_UP,TRAIN,H1_CONT_OBSERVE,NO_ACTION,NOT_VALIDATED,H1_CONT,LONG,282.3,281.9,281.579,0.721,1.8,True,1.75,1.0,0.0,False,True,True,False,1.9417,-0.4161,True,False,False,False,1.8031,EOD
2026-07-23T11:05:00,NATURALGAS,2026-07-23,cycles_resampled,CHOP,TRAIN,H1_CONT_BLOCKED,NO_ACTION,NO_ESTABLISHED_EDGE,H1_CONT,LONG,286.4,286.1,285.988,0.412,,True,1.697,1.0,0.0,False,True,True,False,3.3981,0.0,True,True,True,False,2.7573,T3
2026-07-23T11:10:00,NATURALGAS,2026-07-23,cycles_resampled,CHOP,TRAIN,AMBIGUOUS,NO_ACTION,NO_ESTABLISHED_EDGE,AMBIG,LONG,286.9,286.4,286.488,0.412,,False,1.1667,0.75,0.0,False,True,True,False,2.6699,-1.2136,True,True,False,False,-1.4563,SL
2026-07-23T11:20:00,NATURALGAS,2026-07-23,cycles_resampled,CHOP,TRAIN,H1_CONT_BLOCKED,NO_ACTION,NO_ESTABLISHED_EDGE,H1_CONT,LONG,287.4,287.0,286.885,0.515,,True,1.8919,1.0,0.0,False,True,True,False,1.165,-1.3592,True,False,False,False,-1.5534,SL
2026-07-23T11:30:00,NATURALGAS,2026-07-23,cycles_resampled,CHOP,TRAIN,H1_WEAK,NO_ACTION,NO_ESTABLISHED_EDGE,H1_WEAK,LONG,287.5,286.1,287.185,0.315,0.95,True,0.6667,0.4,0.0,False,True,True,False,1.5873,-1.2698,True,False,False,False,-1.5873,SL
2026-07-23T11:50:00,NATURALGAS,2026-07-23,cycles_resampled,CHOP,TRAIN,AMBIGUOUS,NO_ACTION,NO_ESTABLISHED_EDGE,H7_TRAP,SHORT,287.2,287.2,287.715,0.515,3.13,False,1.4583,1.0,0.2,True,False,False,True,3.6893,-0.5825,True,True,True,False,2.8058,T3
2026-07-23T13:35:00,NATURALGAS,2026-07-23,cycles_resampled,CHOP,TRAIN,AMBIGUOUS,NO_ACTION,NO_ESTABLISHED_EDGE,AMBIG,SHORT,286.5,286.7,287.015,0.515,2.08,False,1.5909,1.0,0.0,False,True,False,False,3.6893,-0.3883,True,True,True,False,2.8058,T3
2026-07-23T14:00:00,NATURALGAS,2026-07-23,cycles_resampled,CHOP,TRAIN,H7_TRAP,AVOID,SUPPORTED,H7_TRAP,LONG,286.3,286.4,285.988,0.312,1.28,False,0.9545,0.75,2.75,True,False,False,True,0.0,-1.6026,False,False,False,True,-1.9231,SL
2026-07-23T14:15:00,NATURALGAS,2026-07-23,cycles_resampled,CHOP,TRAIN,H1_CONT_BLOCKED,NO_ACTION,NO_ESTABLISHED_EDGE,H1_CONT,SHORT,285.3,285.4,285.815,0.515,,True,1.5556,1.0,0.0,False,True,True,False,2.1359,-1.165,True,True,False,False,-1.3592,SL
2026-07-23T14:20:00,NATURALGAS,2026-07-23,cycles_resampled,CHOP,TRAIN,AMBIGUOUS,NO_ACTION,NO_ESTABLISHED_EDGE,AMBIG,SHORT,284.6,285.3,285.321,0.721,,False,1.96,1.0,0.0,False,True,True,False,0.5548,-1.387,False,False,False,True,-1.5257,SL
2026-07-23T14:30:00,NATURALGAS,2026-07-23,cycles_resampled,CHOP,TRAIN,H7_TRAP,AVOID,SUPPORTED,H7_TRAP,SHORT,284.2,284.6,284.818,0.618,,False,1.5,1.0,0.6667,True,False,False,True,0.0,-1.4563,False,False,False,True,-1.6181,SL
2026-07-23T14:35:00,NATURALGAS,2026-07-23,cycles_resampled,CHOP,TRAIN,AMBIGUOUS,NO_ACTION,NO_ESTABLISHED_EDGE,AMBIG,LONG,284.8,284.8,284.285,0.515,3.11,True,1.1864,1.0,0.0,False,False,False,False,3.1068,-0.5825,True,True,True,False,2.8058,T3
2026-07-23T14:40:00,NATURALGAS,2026-07-23,cycles_resampled,CHOP,TRAIN,AMBIGUOUS,NO_ACTION,NO_ESTABLISHED_EDGE,AMBIG,LONG,285.0,284.8,284.585,0.415,3.37,False,0.9333,0.8,0.0,False,False,False,False,0.4819,-1.2048,False,False,False,True,-1.4458,SL
2026-07-23T15:20:00,NATURALGAS,2026-07-23,cycles_resampled,CHOP,TRAIN,H7_TRAP,AVOID,SUPPORTED,H7_TRAP,LONG,285.7,285.6,285.385,0.315,5.17,False,0.2187,0.2,0.8,True,False,False,True,0.3175,-1.5873,False,False,False,True,-1.9048,SL
2026-07-23T15:40:00,NATURALGAS,2026-07-23,cycles_resampled,CHOP,TRAIN,H7_TRAP,AVOID,SUPPORTED,H7_TRAP,SHORT,284.7,285.1,285.215,0.515,0.39,False,1.25,1.0,1.2,True,False,False,True,0.0,-1.3592,False,False,False,True,-1.5534,SL
2026-07-23T15:45:00,NATURALGAS,2026-07-23,cycles_resampled,CHOP,TRAIN,H1_CONT_BLOCKED,NO_ACTION,NO_ESTABLISHED_EDGE,H1_CONT,LONG,285.4,285.2,284.679,0.721,0.69,True,1.7193,1.0,0.0,False,True,True,False,3.4674,-0.6935,True,True,True,False,2.8613,T3
2026-07-23T15:50:00,NATURALGAS,2026-07-23,cycles_resampled,CHOP,TRAIN,H7_LEANING_TRAP,AVOID,SUPPORTED,H7_TRAP,LONG,285.7,285.9,285.279,0.421,0.48,False,0.9492,0.5714,0.4286,True,False,False,True,2.8504,-1.4252,True,True,False,False,-1.6627,SL
2026-07-23T16:10:00,NATURALGAS,2026-07-23,cycles_resampled,CHOP,TRAIN,SPIKE_NO_LEVEL,NO_ACTION,NO_ESTABLISHED_EDGE,AMBIG,LONG,286.0,,,,,,0.0,0.0,,,,,,,,,,,,,
2026-07-23T16:15:00,NATURALGAS,2026-07-23,cycles_resampled,CHOP,TRAIN,AMBIGUOUS,NO_ACTION,NO_ESTABLISHED_EDGE,AMBIG,LONG,286.3,286.3,285.885,0.415,1.33,True,0.8615,0.8,0.0,False,False,False,False,1.4458,-2.4096,True,False,False,False,-2.6506,SL
2026-07-23T16:30:00,NATURALGAS,2026-07-23,cycles_resampled,CHOP,TRAIN,AMBIGUOUS,NO_ACTION,NO_ESTABLISHED_EDGE,AMBIG,SHORT,286.5,286.4,286.915,0.415,2.17,True,0.0,0.0,0.0,False,False,False,False,3.3735,-0.4819,True,True,True,False,2.759,T3
2026-07-23T16:35:00,NATURALGAS,2026-07-23,cycles_resampled,CHOP,TRAIN,AMBIGUOUS,NO_ACTION,NO_ESTABLISHED_EDGE,AMBIG,SHORT,286.0,286.4,286.721,0.721,0.55,False,1.4848,1.0,0.0,False,True,True,False,1.2483,-1.1096,True,False,False,False,-1.2483,SL
2026-07-23T16:55:00,NATURALGAS,2026-07-23,cycles_resampled,CHOP,TRAIN,H7_TRAP,AVOID,SUPPORTED,H7_TRAP,LONG,285.9,285.8,285.385,0.515,1.94,False,1.0606,1.0,1.0,True,False,False,True,0.0,-1.5534,False,False,False,True,-1.7476,SL
2026-07-23T17:00:00,NATURALGAS,2026-07-23,cycles_resampled,CHOP,TRAIN,H7_TRAP,AVOID,SUPPORTED,H7_TRAP,SHORT,285.3,285.27,285.718,0.418,0.07,False,0.8358,0.6667,1.3833,True,False,False,True,0.0,-1.4354,False,False,False,True,-1.6746,SL
2026-07-23T17:30:00,NATURALGAS,2026-07-23,cycles_resampled,CHOP,TRAIN,H7_LEANING_TRAP,AVOID,SUPPORTED,H1_WEAK,LONG,285.8,285.7,285.182,0.618,0.97,True,0.3944,0.3333,0.5,True,True,True,False,1.6181,-1.4563,True,False,False,False,-1.6181,SL
2026-07-23T17:35:00,NATURALGAS,2026-07-23,cycles_resampled,CHOP,TRAIN,SPIKE_NO_LEVEL,NO_ACTION,NO_ESTABLISHED_EDGE,AMBIG,SHORT,285.9,,,,,,0.3784,0.4,,,,,,,,,,,,,
2026-07-23T17:40:00,NATURALGAS,2026-07-23,cycles_resampled,CHOP,TRAIN,H7_TRAP,AVOID,SUPPORTED,H7_TRAP,LONG,286.8,286.77,286.182,0.618,1.94,False,1.0769,1.0,2.2833,True,False,False,True,0.0,-3.0744,False,False,False,True,-3.2362,SL
2026-07-23T17:45:00,NATURALGAS,2026-07-23,cycles_resampled,CHOP,TRAIN,H7_TRAP,AVOID,SUPPORTED,H7_TRAP,SHORT,285.4,285.2,286.445,1.045,0.19,False,1.5556,0.6667,2.6,True,False,False,True,0.0957,-2.3923,False,False,False,True,-2.488,SL
2026-07-23T17:50:00,NATURALGAS,2026-07-23,cycles_resampled,CHOP,TRAIN,H1_CONT_BLOCKED,NO_ACTION,NO_ESTABLISHED_EDGE,H1_CONT,LONG,287.4,286.8,285.222,2.178,0.28,True,2.6972,0.8077,0.0,False,True,True,False,0.8724,-1.1478,False,False,False,True,-1.1938,SL
2026-07-23T17:55:00,NATURALGAS,2026-07-23,cycles_resampled,CHOP,TRAIN,H1_WEAK,NO_ACTION,NO_ESTABLISHED_EDGE,H1_WEAK,LONG,288.3,288.0,287.879,0.421,,True,0.1197,0.1429,0.0,False,True,True,False,2.3753,-3.3254,True,True,False,False,-3.5629,SL
2026-07-23T18:00:00,NATURALGAS,2026-07-23,cycles_resampled,CHOP,TRAIN,AMBIGUOUS,NO_ACTION,NO_ESTABLISHED_EDGE,H7_TRAP,LONG,289.1,288.6,287.964,1.136,,True,0.7778,0.5833,0.0833,True,True,False,True,0.1761,-1.9366,False,False,False,True,-2.0246,SL
2026-07-23T18:10:00,NATURALGAS,2026-07-23,cycles_resampled,CHOP,TRAIN,AMBIGUOUS,NO_ACTION,NO_ESTABLISHED_EDGE,H7_TRAP,SHORT,288.5,289.1,289.221,0.721,4.37,False,0.7967,1.0,0.1429,True,False,False,True,3.6061,-0.9709,True,True,True,False,2.8613,T3
2026-07-23T18:15:00,NATURALGAS,2026-07-23,cycles_resampled,CHOP,TRAIN,H7_TRAP,AVOID,SUPPORTED,H7_TRAP,LONG,289.2,289.2,288.273,0.927,0.11,False,0.7656,0.7778,1.6667,True,False,False,True,0.0,-2.4811,False,False,False,True,-2.589,SL
2026-07-23T18:30:00,NATURALGAS,2026-07-23,cycles_resampled,CHOP,TRAIN,H7_TRAP,AVOID,SUPPORTED,H7_TRAP,LONG,287.7,287.33,286.864,0.836,1.79,False,0.3043,0.25,0.8583,True,True,False,True,0.0,-2.1531,False,False,False,True,-2.2727,SL
2026-07-23T18:45:00,NATURALGAS,2026-07-23,cycles_resampled,CHOP,TRAIN,H1_WEAK,NO_ACTION,NO_ESTABLISHED_EDGE,H1_CONT,SHORT,286.3,286.9,287.239,0.939,1.04,True,0.8456,0.6923,0.0,False,True,True,False,3.3014,-0.3195,True,True,True,False,2.8935,T3
2026-07-23T19:00:00,NATURALGAS,2026-07-23,cycles_resampled,CHOP,TRAIN,AMBIGUOUS,NO_ACTION,NO_ESTABLISHED_EDGE,H7_TRAP,SHORT,284.3,284.2,285.139,0.839,0.12,False,0.918,0.6154,0.2308,True,False,False,True,0.7151,-1.3111,False,False,False,True,-1.4303,SL
2026-07-23T19:55:00,NATURALGAS,2026-07-23,cycles_resampled,CHOP,TRAIN,SPIKE_NO_LEVEL,NO_ACTION,NO_ESTABLISHED_EDGE,AMBIG,LONG,284.4,,,,,,0.0,0.0,,,,,,,,,,,,,
2026-07-23T20:00:00,NATURALGAS,2026-07-23,cycles_resampled,CHOP,TRAIN,AMBIGUOUS,NO_ACTION,NO_ESTABLISHED_EDGE,H7_TRAP,SHORT,284.6,285.16,285.439,0.839,0.83,False,0.8046,0.3846,0.1846,True,False,False,True,0.5959,-1.1919,False,False,False,True,-1.3111,SL
2026-07-23T20:05:00,NATURALGAS,2026-07-23,cycles_resampled,CHOP,TRAIN,H7_LEANING_TRAP,AVOID,SUPPORTED,H7_TRAP,LONG,285.4,285.4,284.061,1.339,1.48,False,1.4894,0.7692,0.3846,True,False,False,True,0.8962,-1.3443,False,False,False,True,-1.419,SL
2026-07-23T20:20:00,NATURALGAS,2026-07-23,cycles_resampled,CHOP,TRAIN,H7_TRAP,AVOID,SUPPORTED,AMBIG,LONG,285.3,285.4,284.879,0.421,0.24,True,0.6292,0.5714,1.0,True,False,False,False,1.6627,-1.4252,True,False,False,False,-1.6627,SL
2026-07-23T20:25:00,NATURALGAS,2026-07-23,cycles_resampled,CHOP,TRAIN,H7_TRAP,AVOID,SUPPORTED,H7_TRAP,LONG,285.9,285.6,285.176,0.724,1.55,True,0.6087,0.5,1.125,True,True,False,True,0.1381,-1.6575,False,False,False,True,-1.7956,SL
2026-07-23T20:35:00,NATURALGAS,2026-07-23,cycles_resampled,CHOP,TRAIN,H7_TRAP,AVOID,SUPPORTED,H7_TRAP,SHORT,284.7,284.9,285.833,1.133,0.11,False,1.5098,1.0,0.9091,True,False,False,True,0.0,-1.0591,False,False,False,True,-1.1474,SL
2026-07-23T20:40:00,NATURALGAS,2026-07-23,cycles_resampled,CHOP,TRAIN,H7_LEANING_TRAP,AVOID,SUPPORTED,H7_TRAP,LONG,285.6,285.8,284.667,0.933,0.43,True,1.1455,0.8182,0.3636,True,False,False,True,1.0718,-1.3934,True,False,False,False,-1.5005,SL
2026-07-23T20:50:00,NATURALGAS,2026-07-23,cycles_resampled,CHOP,TRAIN,SPIKE_NO_LEVEL,NO_ACTION,NO_ESTABLISHED_EDGE,AMBIG,SHORT,285.5,,,,,,0.2545,0.2857,,,,,,,,,,,,,
2026-07-23T21:00:00,NATURALGAS,2026-07-23,cycles_resampled,CHOP,TRAIN,H7_TRAP,AVOID,SUPPORTED,H7_TRAP,LONG,286.2,286.2,285.576,0.624,1.14,True,0.75,0.75,1.125,True,False,False,True,0.641,-1.7628,False,False,False,True,-1.9231,SL
2026-07-23T21:15:00,NATURALGAS,2026-07-23,cycles_resampled,CHOP,TRAIN,AMBIGUOUS,NO_ACTION,NO_ESTABLISHED_EDGE,H1_CONT,SHORT,285.3,285.4,286.233,0.933,0.78,True,1.0,0.6364,0.1818,True,True,True,False,3.3226,-0.5359,True,True,True,False,2.8928,T3
2026-07-23T21:45:00,NATURALGAS,2026-07-23,cycles_resampled,CHOP,TRAIN,H1_WEAK,NO_ACTION,NO_ESTABLISHED_EDGE,H1_CONT,SHORT,284.5,284.57,285.33,0.83,0.96,True,0.9545,0.6,0.0,False,True,True,False,2.7711,-0.1205,True,True,False,False,0.1205,EOD
2026-07-23T21:50:00,NATURALGAS,2026-07-23,cycles_resampled,CHOP,TRAIN,H7_LEANING_TRAP,AVOID,SUPPORTED,H7_TRAP,SHORT,283.6,283.7,284.63,1.03,,False,1.6092,1.0,0.3,True,False,False,True,1.3592,-0.7767,True,False,False,False,-0.7767,EOD
2026-07-23T22:50:00,NATURALGAS,2026-07-23,cycles_resampled,CHOP,TRAIN,AMBIGUOUS,NO_ACTION,NO_ESTABLISHED_EDGE,H7_TRAP,SHORT,283.1,283.2,283.824,0.724,,True,1.225,0.875,0.125,True,True,False,True,1.2431,-1.3812,True,False,False,False,-1.5193,SL
2026-07-23T22:55:00,NATURALGAS,2026-07-23,cycles_resampled,CHOP,TRAIN,SPIKE_NO_LEVEL,NO_ACTION,NO_ESTABLISHED_EDGE,AMBIG,LONG,282.7,,,,,,0.5316,0.375,,,,,,,,,,,,,
2026-07-23T23:00:00,NATURALGAS,2026-07-23,cycles_resampled,CHOP,TRAIN,H7_LEANING_TRAP,AVOID,SUPPORTED,H7_TRAP,LONG,283.3,283.0,282.37,0.93,0.54,False,1.5949,0.9,0.3,True,False,False,True,1.1828,-0.7527,True,False,False,False,1.1828,EOD
2026-07-23T23:05:00,NATURALGAS,2026-07-23,cycles_resampled,CHOP,TRAIN,AMBIGUOUS,NO_ACTION,NO_ESTABLISHED_EDGE,AMBIG,SHORT,282.7,284.64,283.527,0.827,0.6,False,0.8434,0.5556,0.0,False,True,True,False,0.0,-1.0883,False,False,False,True,-1.2092,SL
2026-07-24T10:20:00,NATURALGAS,2026-07-24,cycles_resampled,TREND_DOWN,TRAIN,AMBIGUOUS,NO_ACTION,NO_ESTABLISHED_EDGE,AMBIG,SHORT,281.6,282.3,282.836,1.236,,False,2.7451,0.8333,0.0,False,True,True,False,2.6699,-1.2945,True,True,False,False,-1.3754,SL
2026-07-24T10:40:00,NATURALGAS,2026-07-24,cycles_resampled,TREND_DOWN,TRAIN,H7_LEANING_TRAP,AVOID,SUPPORTED,H7_TRAP,SHORT,281.0,281.2,281.521,0.521,,False,1.2727,0.7143,0.5714,True,False,False,True,0.0,-1.1516,False,False,False,True,-1.3436,SL
2026-07-24T11:10:00,NATURALGAS,2026-07-24,cycles_resampled,TREND_DOWN,TRAIN,H1_CONT_BLOCKED,NO_ACTION,NO_ESTABLISHED_EDGE,H1_CONT,SHORT,280.7,280.8,281.318,0.618,,True,1.25,0.8333,0.0,False,True,True,False,3.2362,-0.3236,True,True,True,False,2.8382,T3
2026-07-24T11:35:00,NATURALGAS,2026-07-24,cycles_resampled,TREND_DOWN,TRAIN,AMBIGUOUS,NO_ACTION,NO_ESTABLISHED_EDGE,AMBIG,SHORT,279.6,280.0,280.018,0.418,,False,0.7778,0.5,0.0,False,False,False,False,0.0,-1.6746,False,False,False,True,-1.9139,SL
2026-07-24T11:40:00,NATURALGAS,2026-07-24,cycles_resampled,TREND_DOWN,TRAIN,H7_LEANING_TRAP,AVOID,SUPPORTED,H7_TRAP,LONG,280.0,280.0,279.579,0.421,3.8,True,1.0,0.5714,0.2857,True,False,False,True,0.7126,-1.1876,False,False,False,True,-1.4252,SL
2026-07-24T12:35:00,NATURALGAS,2026-07-24,cycles_resampled,TREND_DOWN,TRAIN,H7_TRAP,AVOID,SUPPORTED,AMBIG,SHORT,278.7,278.9,279.318,0.618,,False,0.9825,0.6667,0.8333,True,True,False,False,0.3236,-1.1327,False,False,False,True,-1.2945,SL
2026-07-24T15:20:00,NATURALGAS,2026-07-24,cycles_resampled,TREND_DOWN,TRAIN,H7_TRAP,AVOID,SUPPORTED,H7_TRAP,SHORT,278.6,278.4,279.018,0.418,0.6,False,0.6512,0.3333,1.0,True,False,False,True,0.2392,-1.1962,False,False,False,True,-1.4354,SL
2026-07-24T15:45:00,NATURALGAS,2026-07-24,cycles_resampled,TREND_DOWN,TRAIN,SPIKE_NO_LEVEL,NO_ACTION,NO_ESTABLISHED_EDGE,AMBIG,SHORT,279.0,,,,,,0.84,0.6,,,,,,,,,,,,,
2026-07-24T16:30:00,NATURALGAS,2026-07-24,cycles_resampled,TREND_DOWN,TRAIN,H7_TRAP,AVOID,SUPPORTED,H7_TRAP,SHORT,278.8,278.8,279.624,0.824,0.55,False,2.0741,1.0,0.875,True,False,False,True,0.0,-1.4563,False,False,False,True,-1.5777,SL
2026-07-24T16:40:00,NATURALGAS,2026-07-24,cycles_resampled,TREND_DOWN,TRAIN,H7_TRAP,AVOID,SUPPORTED,H7_TRAP,SHORT,278.8,278.8,279.315,0.515,0.87,False,0.75,0.6,2.0,True,False,False,True,0.0,-1.3592,False,False,False,True,-1.5534,SL
2026-07-24T16:45:00,NATURALGAS,2026-07-24,cycles_resampled,TREND_DOWN,TRAIN,H1_CONT_BLOCKED,NO_ACTION,NO_ESTABLISHED_EDGE,H1_CONT,LONG,279.5,279.3,278.882,0.618,0.65,True,1.4,1.0,0.0,False,True,True,False,3.0744,-0.4854,True,True,True,False,2.8382,T3
2026-07-24T17:15:00,NATURALGAS,2026-07-24,cycles_resampled,TREND_DOWN,TRAIN,H1_CONT_OBSERVE,NO_ACTION,NOT_VALIDATED,H1_CONT,LONG,280.8,280.33,279.976,0.824,3.03,True,1.75,1.0,0.0,False,True,True,False,4.1262,-0.3641,True,True,True,False,2.8786,T3
2026-07-24T17:25:00,NATURALGAS,2026-07-24,cycles_resampled,TREND_DOWN,TRAIN,H7_TRAP,AVOID,SUPPORTED,H7_TRAP,SHORT,280.6,280.5,281.427,0.827,1.33,False,1.0,0.5556,2.8889,True,False,False,True,0.0,-1.6929,False,False,False,True,-1.8138,SL
2026-07-24T17:30:00,NATURALGAS,2026-07-24,cycles_resampled,TREND_DOWN,TRAIN,H1_CONT_OBSERVE,NO_ACTION,NOT_VALIDATED,H1_CONT,LONG,282.0,281.4,280.764,1.236,1.05,True,2.0741,1.0,0.0,False,True,True,False,2.589,-1.0518,True,True,False,False,-1.1327,SL
2026-07-24T17:35:00,NATURALGAS,2026-07-24,cycles_resampled,TREND_DOWN,TRAIN,AMBIGUOUS,NO_ACTION,NO_ESTABLISHED_EDGE,AMBIG,LONG,283.1,282.0,281.655,1.445,0.14,False,1.957,0.8667,0.0,False,True,True,False,1.4533,-1.4533,True,False,False,False,-1.5225,SL
2026-07-24T17:40:00,NATURALGAS,2026-07-24,cycles_resampled,TREND_DOWN,TRAIN,SPIKE_NO_LEVEL,NO_ACTION,NO_ESTABLISHED_EDGE,AMBIG,SHORT,282.9,,,,,,0.1522,0.1429,,,,,,,,,,,,,
2026-07-24T17:50:00,NATURALGAS,2026-07-24,cycles_resampled,TREND_DOWN,TRAIN,AMBIGUOUS,NO_ACTION,NO_ESTABLISHED_EDGE,AMBIG,LONG,282.7,282.4,282.179,0.521,0.96,False,0.4242,0.4286,0.0,False,True,True,False,3.263,-0.1919,True,True,True,False,2.8081,T3
2026-07-24T18:00:00,NATURALGAS,2026-07-24,cycles_resampled,TREND_DOWN,TRAIN,H1_CONT_BLOCKED,NO_ACTION,NO_ESTABLISHED_EDGE,H1_CONT,LONG,284.2,283.3,283.067,1.133,,True,1.4259,1.0,0.0,False,True,True,False,0.8826,-1.5887,False,False,False,True,-1.677,SL
2026-07-24T18:10:00,NATURALGAS,2026-07-24,cycles_resampled,TREND_DOWN,TRAIN,H1_WEAK,NO_ACTION,NO_ESTABLISHED_EDGE,H1_CONT,LONG,284.9,284.4,284.479,0.421,,True,0.4912,0.5714,0.0,False,True,True,False,0.4751,-1.6627,False,False,False,True,-1.9002,SL
2026-07-24T18:15:00,NATURALGAS,2026-07-24,cycles_resampled,TREND_DOWN,TRAIN,H1_WEAK,NO_ACTION,NO_ESTABLISHED_EDGE,H1_WEAK,LONG,285.0,282.9,284.173,0.827,0.24,True,0.4746,0.4444,0.0,False,True,True,False,0.2418,-1.5719,False,False,False,True,-1.6929,SL
2026-07-24T18:40:00,NATURALGAS,2026-07-24,cycles_resampled,TREND_DOWN,TRAIN,AMBIGUOUS,NO_ACTION,NO_ESTABLISHED_EDGE,AMBIG,SHORT,283.7,284.3,285.245,1.545,3.45,False,1.8584,1.0,0.0,False,False,False,False,3.1715,-0.5825,True,True,True,False,2.9353,T3
2026-07-24T18:45:00,NATURALGAS,2026-07-24,cycles_resampled,TREND_DOWN,TRAIN,AMBIGUOUS,NO_ACTION,NO_ESTABLISHED_EDGE,AMBIG,LONG,284.3,281.53,283.879,0.421,2.14,False,0.5234,0.5714,0.0,False,True,True,False,0.4751,-2.6128,False,False,False,True,-2.8504,SL
2026-07-24T19:05:00,NATURALGAS,2026-07-24,cycles_resampled,TREND_DOWN,TRAIN,H1_WEAK,NO_ACTION,NO_ESTABLISHED_EDGE,H1_CONT,SHORT,283.3,283.9,283.921,0.621,7.94,True,0.8,0.8571,0.0,False,True,True,False,3.7037,-0.161,True,True,True,False,2.839,T3
2026-07-24T19:10:00,NATURALGAS,2026-07-24,cycles_resampled,TREND_DOWN,TRAIN,H1_WEAK,NO_ACTION,NO_ESTABLISHED_EDGE,H1_CONT,SHORT,282.6,283.2,283.43,0.83,5.1,True,0.9899,0.7,0.0,False,True,True,False,2.6506,-1.4458,True,True,False,False,-1.5663,SL
2026-07-24T19:15:00,NATURALGAS,2026-07-24,cycles_resampled,TREND_DOWN,TRAIN,H1_WEAK,NO_ACTION,NO_ESTABLISHED_EDGE,H1_CONT,SHORT,281.3,282.4,282.03,0.73,4.01,True,0.8909,0.7,0.0,False,True,True,False,1.2329,-2.7397,True,False,False,False,-2.8767,SL
2026-07-24T19:20:00,NATURALGAS,2026-07-24,cycles_resampled,TREND_DOWN,TRAIN,H7_TRAP,AVOID,SUPPORTED,H7_TRAP,SHORT,280.9,281.0,281.833,0.933,2.71,True,0.4956,0.3636,0.8182,True,True,False,True,0.5359,-1.0718,False,False,False,True,-1.179,SL
2026-07-24T19:30:00,NATURALGAS,2026-07-24,cycles_resampled,TREND_DOWN,TRAIN,H1_WEAK,NO_ACTION,NO_ESTABLISHED_EDGE,H1_WEAK,LONG,281.5,281.1,280.364,1.136,0.28,True,0.5983,0.4167,0.0,False,True,True,False,2.1127,-2.1127,True,True,False,False,-2.2007,SL
2026-07-24T19:40:00,NATURALGAS,2026-07-24,cycles_resampled,TREND_DOWN,TRAIN,SPIKE_NO_LEVEL,NO_ACTION,NO_ESTABLISHED_EDGE,AMBIG,SHORT,282.7,,,,,,0.2187,0.25,,,,,,,,,,,,,
2026-07-24T19:45:00,NATURALGAS,2026-07-24,cycles_resampled,TREND_DOWN,TRAIN,H7_LEANING_TRAP,AVOID,SUPPORTED,H7_TRAP,LONG,283.8,283.3,282.873,0.927,0.65,False,0.9474,1.0,0.5556,True,False,False,True,0.0,-1.1866,False,False,False,True,-1.2945,SL
2026-07-24T19:50:00,NATURALGAS,2026-07-24,cycles_resampled,TREND_DOWN,TRAIN,AMBIGUOUS,NO_ACTION,NO_ESTABLISHED_EDGE,H7_TRAP,SHORT,282.8,282.9,283.73,0.93,2.58,True,0.8682,0.8,0.2,True,False,False,True,0.6452,-1.1828,False,False,False,True,-1.2903,SL
2026-07-24T20:15:00,NATURALGAS,2026-07-24,cycles_resampled,TREND_DOWN,TRAIN,H1_WEAK,NO_ACTION,NO_ESTABLISHED_EDGE,H1_WEAK,LONG,282.7,282.54,282.176,0.524,1.34,True,0.2222,0.25,0.0,False,True,True,False,2.2901,-1.9084,True,True,False,False,-2.0992,SL
2026-07-24T20:20:00,NATURALGAS,2026-07-24,cycles_resampled,TREND_DOWN,TRAIN,H7_LEANING_TRAP,AVOID,SUPPORTED,AMBIG,LONG,283.2,283.4,282.673,0.527,0.38,True,0.448,0.4444,0.5556,True,False,False,False,1.3283,-1.518,True,False,False,False,-1.7078,SL
2026-07-24T20:35:00,NATURALGAS,2026-07-24,cycles_resampled,TREND_DOWN,TRAIN,H1_WEAK,NO_ACTION,NO_ESTABLISHED_EDGE,H1_CONT,SHORT,282.9,283.5,283.93,1.03,0.68,True,0.7706,0.6,0.0,False,True,True,False,3.6893,0.0,True,True,True,False,2.9029,T3
2026-07-24T21:10:00,NATURALGAS,2026-07-24,cycles_resampled,TREND_DOWN,TRAIN,AMBIGUOUS,NO_ACTION,NO_ESTABLISHED_EDGE,H1_CONT,LONG,282.0,281.9,281.27,0.73,0.74,True,1.0538,0.7,0.2,True,True,True,False,0.8219,-1.6438,False,False,False,True,-1.7808,SL
2026-07-24T21:50:00,NATURALGAS,2026-07-24,cycles_resampled,TREND_DOWN,TRAIN,H7_LEANING_TRAP,AVOID,SUPPORTED,H7_TRAP,SHORT,280.9,280.8,281.727,0.827,0.12,False,1.1011,0.7778,0.3333,True,False,False,True,3.3857,-0.4837,True,True,True,False,2.8791,T3
2026-07-24T22:05:00,NATURALGAS,2026-07-24,cycles_resampled,TREND_DOWN,TRAIN,AMBIGUOUS,NO_ACTION,NO_ESTABLISHED_EDGE,AMBIG,SHORT,279.1,280.8,280.542,1.442,0.51,False,2.1538,1.0,0.0,False,True,True,False,2.2885,-0.4161,True,True,False,False,1.7337,EOD
2026-07-27T10:20:00,NATURALGAS,2026-07-27,cycles_resampled,TREND_DOWN,TRAIN,H1_CONT_BLOCKED,NO_ACTION,NO_ESTABLISHED_EDGE,H1_CONT,LONG,268.7,268.3,267.979,0.721,0.01,True,1.8919,0.7143,0.0,False,True,True,False,1.5257,-1.6644,True,False,False,False,-1.8031,SL
2026-07-27T11:45:00,NATURALGAS,2026-07-27,cycles_resampled,TREND_DOWN,TRAIN,AMBIGUOUS,NO_ACTION,NO_ESTABLISHED_EDGE,AMBIG,SHORT,267.6,267.9,268.53,0.93,,False,2.4348,0.8,0.0,False,True,True,False,3.0108,-0.2151,True,True,True,False,2.8925,T3
2026-07-27T12:00:00,NATURALGAS,2026-07-27,cycles_resampled,TREND_DOWN,TRAIN,H1_CONT_BLOCKED,NO_ACTION,NO_ESTABLISHED_EDGE,H1_CONT,SHORT,265.3,267.4,267.678,2.378,,True,4.411,0.8846,0.0,False,True,True,False,1.3457,-1.0093,True,False,False,False,-1.0513,SL
2026-07-27T12:05:00,NATURALGAS,2026-07-27,cycles_resampled,TREND_DOWN,TRAIN,H7_LEANING_TRAP,AVOID,SUPPORTED,H7_TRAP,SHORT,264.9,265.0,265.521,0.621,,False,1.1351,0.8571,0.4286,True,False,False,True,0.3221,-1.2882,False,False,False,True,-1.4493,SL
2026-07-27T12:30:00,NATURALGAS,2026-07-27,cycles_resampled,TREND_DOWN,TRAIN,H7_TRAP,AVOID,SUPPORTED,H7_TRAP,LONG,265.7,265.3,264.876,0.824,4.34,False,0.9767,0.75,2.25,True,False,False,True,0.2427,-1.9417,False,False,False,True,-2.0631,SL
2026-07-27T12:35:00,NATURALGAS,2026-07-27,cycles_resampled,TREND_DOWN,TRAIN,H1_CONT_BLOCKED,NO_ACTION,NO_ESTABLISHED_EDGE,H1_CONT,SHORT,265.1,267.96,265.924,0.824,0.49,True,1.2444,1.0,0.0,False,True,True,False,3.034,0.0,True,True,True,False,2.8786,T3
2026-07-27T12:50:00,NATURALGAS,2026-07-27,cycles_resampled,TREND_DOWN,TRAIN,H1_CONT_BLOCKED,NO_ACTION,NO_ESTABLISHED_EDGE,H1_CONT,SHORT,262.8,263.5,263.83,1.03,,True,1.2963,1.0,0.0,False,True,True,False,0.6796,-1.068,False,False,False,True,-1.165,SL
2026-07-27T14:15:00,NATURALGAS,2026-07-27,cycles_resampled,TREND_DOWN,TRAIN,H1_CONT_OBSERVE,NO_ACTION,NOT_VALIDATED,H1_CONT,LONG,263.1,262.9,262.276,0.824,8.28,True,1.8361,1.0,0.0,False,True,True,False,3.8835,-0.4854,True,True,True,False,2.8786,T3
2026-07-27T16:00:00,NATURALGAS,2026-07-27,cycles_resampled,TREND_DOWN,TRAIN,AMBIGUOUS,NO_ACTION,NO_ESTABLISHED_EDGE,AMBIG,LONG,263.8,263.1,262.976,0.824,0.36,False,2.0364,1.0,0.0,False,True,True,False,3.034,-0.2427,True,True,True,False,2.8786,T3
2026-07-27T16:15:00,NATURALGAS,2026-07-27,cycles_resampled,TREND_DOWN,TRAIN,AMBIGUOUS,NO_ACTION,NO_ESTABLISHED_EDGE,AMBIG,LONG,264.5,264.1,263.779,0.721,5.23,False,1.2281,0.7143,0.0,False,True,True,False,3.19,-0.5548,True,True,True,False,2.8613,T3
2026-07-27T16:20:00,NATURALGAS,2026-07-27,cycles_resampled,TREND_DOWN,TRAIN,SPIKE_NO_LEVEL,NO_ACTION,NO_ESTABLISHED_EDGE,AMBIG,SHORT,264.2,,,,,,0.918,0.5714,,,,,,,,,,,,,
2026-07-27T16:30:00,NATURALGAS,2026-07-27,cycles_resampled,TREND_DOWN,TRAIN,AMBIGUOUS,NO_ACTION,NO_ESTABLISHED_EDGE,H7_TRAP,LONG,265.3,264.9,264.264,1.036,2.87,True,1.9718,0.8333,0.1667,True,True,False,True,2.7992,-1.1583,True,True,False,False,-1.2548,SL
2026-07-27T16:40:00,NATURALGAS,2026-07-27,cycles_resampled,TREND_DOWN,TRAIN,H7_TRAP,AVOID,SUPPORTED,H7_TRAP,SHORT,264.7,265.0,265.524,0.824,0.73,False,1.4933,1.0,1.625,True,False,False,True,0.0,-1.9417,False,False,False,True,-2.0631,SL
2026-07-27T16:45:00,NATURALGAS,2026-07-27,cycles_resampled,TREND_DOWN,TRAIN,H7_LEANING_TRAP,AVOID,SUPPORTED,AMBIG,LONG,266.3,265.5,264.652,1.648,1.2,False,2.5747,1.0,0.3125,True,True,True,False,0.0,-1.0316,False,False,False,True,-1.0922,SL
2026-07-27T17:00:00,NATURALGAS,2026-07-27,cycles_resampled,TREND_DOWN,TRAIN,AMBIGUOUS,NO_ACTION,NO_ESTABLISHED_EDGE,AMBIG,SHORT,265.0,265.6,266.133,1.133,0.26,False,1.54,1.0,0.0,False,True,True,False,0.4413,-1.5887,False,False,False,True,-1.677,SL
2026-07-27T17:20:00,NATURALGAS,2026-07-27,cycles_resampled,TREND_DOWN,TRAIN,H7_TRAP,AVOID,SUPPORTED,H7_TRAP,SHORT,264.5,264.6,265.427,0.927,2.5,False,0.6422,0.5556,2.5556,True,False,False,True,0.0,-2.4811,False,False,False,True,-2.589,SL
2026-07-27T17:30:00,NATURALGAS,2026-07-27,cycles_resampled,TREND_DOWN,TRAIN,AMBIGUOUS,NO_ACTION,NO_ESTABLISHED_EDGE,H1_WEAK,LONG,266.1,265.5,265.564,0.536,3.75,True,0.5983,0.4167,0.25,True,True,True,False,1.6791,-1.6791,True,False,False,False,-1.8657,SL
2026-07-27T17:40:00,NATURALGAS,2026-07-27,cycles_resampled,TREND_DOWN,TRAIN,H1_WEAK,NO_ACTION,NO_ESTABLISHED_EDGE,H1_CONT,SHORT,265.8,266.8,266.83,1.03,1.26,True,0.7967,0.7,0.0,False,True,True,False,0.6796,-1.5534,False,False,False,True,-1.6505,SL
2026-07-27T18:00:00,NATURALGAS,2026-07-27,cycles_resampled,TREND_DOWN,TRAIN,H1_CONT_BLOCKED,NO_ACTION,NO_ESTABLISHED_EDGE,H1_CONT,LONG,266.4,265.5,265.164,1.236,0.49,True,1.5273,1.0,0.0,False,True,True,False,1.4563,-1.2945,True,False,False,False,-1.3754,SL
2026-07-27T18:15:00,NATURALGAS,2026-07-27,cycles_resampled,TREND_DOWN,TRAIN,H1_CONT_BLOCKED,NO_ACTION,NO_ESTABLISHED_EDGE,H1_CONT,LONG,267.4,266.4,266.37,1.03,0.52,True,1.2727,1.0,0.0,False,True,True,False,0.0971,-1.165,False,False,False,True,-1.2621,SL
2026-07-27T18:20:00,NATURALGAS,2026-07-27,cycles_resampled,TREND_DOWN,TRAIN,H7_TRAP,AVOID,SUPPORTED,H7_TRAP,LONG,267.5,267.4,266.161,1.339,0.33,False,0.4786,0.3077,0.6923,True,False,False,True,0.5228,-1.5683,False,False,False,True,-1.643,SL
2026-07-27T18:25:00,NATURALGAS,2026-07-27,cycles_resampled,TREND_DOWN,TRAIN,SPIKE_NO_LEVEL,NO_ACTION,NO_ESTABLISHED_EDGE,AMBIG,SHORT,266.5,,,,,,1.3333,1.0,,,,,,,,,,,,,
2026-07-27T18:30:00,NATURALGAS,2026-07-27,cycles_resampled,TREND_DOWN,TRAIN,AMBIGUOUS,NO_ACTION,NO_ESTABLISHED_EDGE,AMBIG,LONG,267.5,266.4,266.57,0.93,0.3,False,0.7717,0.7,0.0,False,True,True,False,0.7527,-1.0753,False,False,False,True,-1.1828,SL
2026-07-27T18:35:00,NATURALGAS,2026-07-27,cycles_resampled,TREND_DOWN,TRAIN,SPIKE_NO_LEVEL,NO_ACTION,NO_ESTABLISHED_EDGE,AMBIG,SHORT,266.8,,,,,,0.7538,0.7,,,,,,,,,,,,,
2026-07-27T18:55:00,NATURALGAS,2026-07-27,cycles_resampled,TREND_DOWN,TRAIN,H1_WEAK,NO_ACTION,NO_ESTABLISHED_EDGE,H1_CONT,SHORT,267.2,267.6,268.23,1.03,0.1,True,0.9256,0.8,0.0,False,True,True,False,3.0097,-0.4854,True,True,True,False,2.9029,T3
2026-07-27T21:50:00,NATURALGAS,2026-07-27,cycles_resampled,TREND_DOWN,TRAIN,H1_CONT_BLOCKED,NO_ACTION,NO_ESTABLISHED_EDGE,H1_CONT,SHORT,266.1,266.9,267.13,1.03,0.97,True,2.2222,1.0,0.0,False,True,True,False,1.9417,0.0,True,False,False,False,1.6505,EOD
2026-07-27T21:55:00,NATURALGAS,2026-07-27,cycles_resampled,TREND_DOWN,TRAIN,AMBIGUOUS,NO_ACTION,NO_ESTABLISHED_EDGE,H7_TRAP,SHORT,265.0,265.1,266.03,1.03,2.74,False,2.029,1.0,0.2,True,False,False,True,0.8738,-0.6796,False,False,False,False,0.5825,EOD
2026-07-28T11:20:00,NATURALGAS,2026-07-28,cycles_resampled,TREND_DOWN,TRAIN,H7_LEANING_TRAP,AVOID,SUPPORTED,H7_TRAP,LONG,262.1,262.2,261.888,0.212,0.47,False,0.9333,0.5,0.5,True,False,False,True,1.4151,-2.3585,True,False,False,False,-2.8302,SL
2026-07-28T12:05:00,NATURALGAS,2026-07-28,cycles_resampled,TREND_DOWN,TRAIN,H7_TRAP,AVOID,SUPPORTED,H7_TRAP,SHORT,260.7,260.9,261.318,0.618,,False,1.8667,1.0,0.6667,True,False,False,True,0.1618,-1.2945,False,False,False,True,-1.4563,SL
2026-07-28T12:10:00,NATURALGAS,2026-07-28,cycles_resampled,TREND_DOWN,TRAIN,H7_LEANING_TRAP,AVOID,SUPPORTED,H7_TRAP,LONG,261.3,261.3,260.579,0.721,0.8,False,1.4,0.7143,0.4286,True,False,False,True,1.5257,-1.2483,True,False,False,False,-1.387,SL
2026-07-28T12:35:00,NATURALGAS,2026-07-28,cycles_resampled,TREND_DOWN,TRAIN,AMBIGUOUS,NO_ACTION,NO_ESTABLISHED_EDGE,AMBIG,LONG,261.1,261.3,260.779,0.321,0.62,True,0.2857,0.1429,0.0,False,False,False,False,3.4268,-0.3115,True,True,True,False,2.6885,T3
2026-07-28T12:40:00,NATURALGAS,2026-07-28,cycles_resampled,TREND_DOWN,TRAIN,H7_TRAP,AVOID,SUPPORTED,H7_TRAP,LONG,261.4,261.5,261.085,0.315,2.19,True,0.8077,0.6,0.8,True,False,False,True,1.2698,-1.2698,True,False,False,False,-1.5873,SL
2026-07-28T13:10:00,NATURALGAS,2026-07-28,cycles_resampled,TREND_DOWN,TRAIN,AMBIGUOUS,NO_ACTION,NO_ESTABLISHED_EDGE,H7_TRAP,LONG,261.7,261.81,261.282,0.418,0.24,True,0.7636,0.5,0.1833,True,False,False,True,1.6746,-1.1962,True,False,False,False,-1.4354,SL
2026-07-28T13:30:00,NATURALGAS,2026-07-28,cycles_resampled,TREND_DOWN,TRAIN,H7_TRAP,AVOID,SUPPORTED,H7_TRAP,LONG,262.4,262.2,261.576,0.824,0.49,False,2.0741,1.0,0.75,True,False,False,True,0.0,-1.335,False,False,False,True,-1.4563,SL
2026-07-28T14:20:00,NATURALGAS,2026-07-28,cycles_resampled,TREND_DOWN,TRAIN,H1_CONT_BLOCKED,NO_ACTION,NO_ESTABLISHED_EDGE,H1_CONT,LONG,262.0,261.6,261.176,0.824,0.22,True,2.0,1.0,0.0,False,True,True,False,0.2427,-1.0922,False,False,False,True,-1.2136,SL
2026-07-28T15:15:00,NATURALGAS,2026-07-28,cycles_resampled,TREND_DOWN,TRAIN,AMBIGUOUS,NO_ACTION,NO_ESTABLISHED_EDGE,AMBIG,SHORT,261.4,261.3,261.615,0.215,0.47,True,0.6222,0.4,0.0,False,False,False,False,4.6512,0.0,True,True,True,False,2.5349,T3
2026-07-28T15:30:00,NATURALGAS,2026-07-28,cycles_resampled,TREND_DOWN,TRAIN,H7_TRAP,AVOID,SUPPORTED,AMBIG,SHORT,260.6,261.3,261.015,0.415,0.48,False,0.2857,0.2,4.6,True,True,True,False,0.4819,-1.4458,False,False,False,True,-1.6867,SL
2026-07-28T15:35:00,NATURALGAS,2026-07-28,cycles_resampled,TREND_DOWN,TRAIN,AMBIGUOUS,NO_ACTION,NO_ESTABLISHED_EDGE,H7_TRAP,LONG,260.9,261.0,260.382,0.518,1.35,False,0.7636,0.5,0.1667,True,False,False,True,6.1776,-0.1931,True,True,True,False,2.8069,T3
2026-07-28T15:45:00,NATURALGAS,2026-07-28,cycles_resampled,TREND_DOWN,TRAIN,AMBIGUOUS,NO_ACTION,NO_ESTABLISHED_EDGE,AMBIG,LONG,263.6,262.8,261.731,1.869,,False,3.0361,0.7826,0.0,False,True,True,False,0.5886,-1.0701,False,False,False,True,-1.1236,SL
2026-07-28T15:50:00,NATURALGAS,2026-07-28,cycles_resampled,TREND_DOWN,TRAIN,SPIKE_NO_LEVEL,NO_ACTION,NO_ESTABLISHED_EDGE,AMBIG,SHORT,263.1,,,,,,0.3218,0.3333,,,,,,,,,,,,,
2026-07-28T15:55:00,NATURALGAS,2026-07-28,cycles_resampled,TREND_DOWN,TRAIN,SPIKE_NO_LEVEL,NO_ACTION,NO_ESTABLISHED_EDGE,AMBIG,SHORT,263.6,,,,,,0.866,0.6,,,,,,,,,,,,,
2026-07-28T16:00:00,NATURALGAS,2026-07-28,cycles_resampled,TREND_DOWN,TRAIN,H7_TRAP,AVOID,SUPPORTED,H7_TRAP,LONG,264.4,264.2,263.773,0.627,,False,0.7925,0.6667,1.5556,True,False,False,True,0.319,-1.7544,False,False,False,True,-1.9139,SL
2026-07-28T16:05:00,NATURALGAS,2026-07-28,cycles_resampled,TREND_DOWN,TRAIN,AMBIGUOUS,NO_ACTION,NO_ESTABLISHED_EDGE,AMBIG,SHORT,263.4,263.8,264.639,1.239,1.69,False,1.2281,0.7692,0.0,False,True,True,False,3.067,-0.4036,True,True,True,False,2.9193,T3
2026-07-28T16:15:00,NATURALGAS,2026-07-28,cycles_resampled,TREND_DOWN,TRAIN,H1_CONT_OBSERVE,NO_ACTION,NOT_VALIDATED,H1_CONT,SHORT,262.8,263.3,263.727,0.927,1.57,True,1.05,1.0,0.0,False,True,True,False,3.0205,-0.2157,True,True,True,False,2.8921,T3
2026-07-28T16:25:00,NATURALGAS,2026-07-28,cycles_resampled,TREND_DOWN,TRAIN,AMBIGUOUS,NO_ACTION,NO_ESTABLISHED_EDGE,AMBIG,SHORT,261.9,262.6,262.63,0.73,0.77,False,0.7717,0.7,0.0,False,True,True,False,3.1507,-0.411,True,True,True,False,2.863,T3
2026-07-28T16:45:00,NATURALGAS,2026-07-28,cycles_resampled,TREND_DOWN,TRAIN,H1_WEAK,NO_ACTION,NO_ESTABLISHED_EDGE,H1_CONT,SHORT,261.1,261.34,262.027,0.927,0.76,True,0.875,0.8889,0.0,False,True,True,False,1.1866,-1.0787,True,False,False,False,-1.1866,SL
2026-07-28T17:05:00,NATURALGAS,2026-07-28,cycles_resampled,TREND_DOWN,TRAIN,H7_LEANING_TRAP,AVOID,SUPPORTED,H7_TRAP,LONG,261.2,261.1,260.355,0.845,1.18,False,0.9074,0.4667,0.4,True,False,False,True,0.0,-1.1834,False,False,False,True,-1.3018,SL
2026-07-28T17:30:00,NATURALGAS,2026-07-28,cycles_resampled,TREND_DOWN,TRAIN,AMBIGUOUS,NO_ACTION,NO_ESTABLISHED_EDGE,H1_CONT,LONG,261.5,260.9,260.776,0.724,0.55,True,1.0426,0.875,0.25,True,True,True,False,0.5525,-1.2431,False,False,False,True,-1.3812,SL
2026-07-28T17:40:00,NATURALGAS,2026-07-28,cycles_resampled,TREND_DOWN,TRAIN,H1_WEAK,NO_ACTION,NO_ESTABLISHED_EDGE,H1_WEAK,SHORT,261.1,261.13,261.63,0.53,2.08,True,0.7368,0.5,0.0,False,True,True,False,1.5094,-1.3208,True,False,False,False,-1.5094,SL
2026-07-28T17:45:00,NATURALGAS,2026-07-28,cycles_resampled,TREND_DOWN,TRAIN,H7_TRAP,AVOID,SUPPORTED,H7_TRAP,SHORT,260.7,260.6,261.124,0.424,1.65,True,0.5657,0.5,1.25,True,False,False,True,0.0,-1.1792,False,False,False,True,-1.4151,SL
2026-07-28T18:00:00,NATURALGAS,2026-07-28,cycles_resampled,TREND_DOWN,TRAIN,AMBIGUOUS,NO_ACTION,NO_ESTABLISHED_EDGE,H7_TRAP,LONG,261.6,261.2,260.873,0.727,0.56,False,1.0316,0.7778,0.2222,True,False,False,True,0.1376,-1.1004,False,False,False,True,-1.238,SL
2026-07-28T18:30:00,NATURALGAS,2026-07-28,cycles_resampled,TREND_DOWN,TRAIN,H7_LEANING_TRAP,AVOID,SUPPORTED,H7_TRAP,LONG,261.1,261.3,260.37,0.73,0.96,False,1.1667,0.7,0.6,True,False,False,True,1.3699,-2.0548,True,False,False,False,-2.1918,SL
2026-07-28T18:50:00,NATURALGAS,2026-07-28,cycles_resampled,TREND_DOWN,TRAIN,H7_LEANING_TRAP,AVOID,SUPPORTED,H7_TRAP,LONG,261.7,261.5,260.867,0.833,0.37,False,0.6292,0.3636,0.5455,True,False,False,True,0.4802,-1.2005,False,False,False,True,-1.3205,SL
2026-07-28T18:55:00,NATURALGAS,2026-07-28,cycles_resampled,TREND_DOWN,TRAIN,SPIKE_NO_LEVEL,NO_ACTION,NO_ESTABLISHED_EDGE,AMBIG,SHORT,261.2,,,,,,1.0889,0.7778,,,,,,,,,,,,,
2026-07-28T19:15:00,NATURALGAS,2026-07-28,cycles_resampled,TREND_DOWN,TRAIN,AMBIGUOUS,NO_ACTION,NO_ESTABLISHED_EDGE,AMBIG,SHORT,260.2,260.0,260.939,0.739,0.27,True,0.98,0.5385,0.0,False,False,False,False,4.0595,-0.1353,True,True,True,False,2.8647,T3
2026-07-28T19:25:00,NATURALGAS,2026-07-28,cycles_resampled,TREND_DOWN,TRAIN,H1_CONT_BLOCKED,NO_ACTION,NO_ESTABLISHED_EDGE,H1_CONT,SHORT,258.7,259.6,260.039,1.339,,True,1.5556,0.9231,0.0,False,True,True,False,3.2114,-0.224,True,True,True,False,2.9253,T3
2026-07-28T19:30:00,NATURALGAS,2026-07-28,cycles_resampled,TREND_DOWN,TRAIN,H1_WEAK,NO_ACTION,NO_ESTABLISHED_EDGE,H1_WEAK,SHORT,258.2,258.7,259.03,0.83,,True,0.6087,0.5,0.0,False,True,True,False,3.253,-0.3614,True,True,True,False,2.8795,T3
2026-07-28T19:35:00,NATURALGAS,2026-07-28,cycles_resampled,TREND_DOWN,TRAIN,H1_WEAK,NO_ACTION,NO_ESTABLISHED_EDGE,H1_CONT,SHORT,257.6,258.0,258.127,0.527,,True,0.5785,0.5556,0.0,False,True,True,False,0.9488,-1.7078,False,False,False,True,-1.8975,SL
2026-07-28T19:45:00,NATURALGAS,2026-07-28,cycles_resampled,TREND_DOWN,TRAIN,H7_LEANING_TRAP,AVOID,SUPPORTED,H7_TRAP,LONG,257.9,257.6,257.264,0.636,5.19,False,0.6774,0.5,0.4167,True,False,False,True,0.4717,-1.1006,False,False,False,True,-1.2579,SL
2026-07-28T20:10:00,NATURALGAS,2026-07-28,cycles_resampled,TREND_DOWN,TRAIN,H7_LEANING_TRAP,AVOID,SUPPORTED,H7_TRAP,LONG,257.4,257.2,256.367,1.033,1.06,False,0.9912,0.7273,0.3636,True,False,False,True,0.3872,-1.0649,False,False,False,True,-1.1617,SL
2026-07-28T22:40:00,NATURALGAS,2026-07-28,cycles_resampled,TREND_DOWN,TRAIN,H1_WEAK,NO_ACTION,NO_ESTABLISHED_EDGE,H1_WEAK,LONG,256.6,256.3,255.57,1.03,5.61,True,0.8,0.4,0.0,False,True,True,False,0.7767,-0.6796,False,False,False,False,0.0,EOD
2026-07-30T11:20:00,NATURALGAS,2026-07-30,cycles_resampled,CHOP,TRAIN,SPIKE_NO_LEVEL,NO_ACTION,NO_ESTABLISHED_EDGE,AMBIG,LONG,263.9,,,,,,0.7959,0.6,,,,,,,,,,,,,
2026-07-30T12:00:00,NATURALGAS,2026-07-30,cycles_resampled,CHOP,TRAIN,AMBIGUOUS,NO_ACTION,NO_ESTABLISHED_EDGE,AMBIG,SHORT,263.0,263.3,263.515,0.515,0.39,False,1.6667,1.0,0.0,False,False,False,False,4.0777,-0.7767,True,True,True,False,2.8058,T3
2026-07-30T12:05:00,NATURALGAS,2026-07-30,cycles_resampled,CHOP,TRAIN,SPIKE_NO_LEVEL,NO_ACTION,NO_ESTABLISHED_EDGE,AMBIG,LONG,263.3,,,,,,1.5556,1.0,,,,,,,,,,,,,
2026-07-30T12:30:00,NATURALGAS,2026-07-30,cycles_resampled,CHOP,TRAIN,H1_CONT_BLOCKED,NO_ACTION,NO_ESTABLISHED_EDGE,H1_CONT,SHORT,262.4,262.8,263.23,0.83,,True,2.383,0.8,0.0,False,True,True,False,0.9639,-1.2048,False,False,False,True,-1.3253,SL
2026-07-30T12:40:00,NATURALGAS,2026-07-30,cycles_resampled,CHOP,TRAIN,H1_WEAK,NO_ACTION,NO_ESTABLISHED_EDGE,H1_CONT,SHORT,262.1,262.2,262.515,0.415,,True,0.84,0.6,0.0,False,True,True,False,1.2048,-1.2048,True,False,False,False,-1.4458,SL
2026-07-30T12:45:00,NATURALGAS,2026-07-30,cycles_resampled,CHOP,TRAIN,H7_LEANING_TRAP,AVOID,SUPPORTED,AMBIG,SHORT,261.8,262.0,262.318,0.518,,False,1.2963,0.8333,0.3333,True,False,False,False,0.3861,-1.3514,False,False,False,True,-1.5444,SL
2026-07-30T12:55:00,NATURALGAS,2026-07-30,cycles_resampled,CHOP,TRAIN,H7_TRAP,AVOID,SUPPORTED,H7_TRAP,SHORT,261.9,261.7,262.115,0.215,0.93,False,0.2456,0.2,1.2,True,False,False,True,0.9302,-1.3953,False,False,False,True,-1.8605,SL
2026-07-30T13:00:00,NATURALGAS,2026-07-30,cycles_resampled,CHOP,TRAIN,H1_WEAK,NO_ACTION,NO_ESTABLISHED_EDGE,H1_CONT,LONG,262.2,262.1,261.685,0.515,2.33,True,0.7,0.6,0.0,False,True,True,False,2.3301,-2.5243,True,True,False,False,-2.7184,SL
2026-07-30T13:30:00,NATURALGAS,2026-07-30,cycles_resampled,CHOP,TRAIN,H7_LEANING_TRAP,AVOID,SUPPORTED,H7_TRAP,LONG,262.4,262.3,261.779,0.621,2.77,False,1.3333,0.8571,0.2857,True,False,False,True,0.3221,-1.1272,False,False,False,True,-1.2882,SL
2026-07-30T13:35:00,NATURALGAS,2026-07-30,cycles_resampled,CHOP,TRAIN,AMBIGUOUS,NO_ACTION,NO_ESTABLISHED_EDGE,H7_TRAP,SHORT,262.1,262.49,262.415,0.315,0.95,False,0.6462,0.6,0.02,True,True,False,True,0.6349,-1.2698,False,False,False,True,-1.5873,SL
2026-07-30T13:50:00,NATURALGAS,2026-07-30,cycles_resampled,CHOP,TRAIN,H1_WEAK,NO_ACTION,NO_ESTABLISHED_EDGE,H1_CONT,SHORT,262.1,262.2,262.615,0.515,0.39,True,0.9825,0.8,0.0,False,True,True,False,0.7767,-1.165,False,False,False,True,-1.3592,SL
2026-07-30T14:20:00,NATURALGAS,2026-07-30,cycles_resampled,CHOP,TRAIN,H7_LEANING_TRAP,AVOID,SUPPORTED,H7_TRAP,LONG,262.5,262.6,262.085,0.415,0.24,False,0.84,0.6,0.6,True,False,False,True,2.1687,-1.2048,True,True,False,False,-1.4458,SL
2026-07-30T14:25:00,NATURALGAS,2026-07-30,cycles_resampled,CHOP,TRAIN,SPIKE_NO_LEVEL,NO_ACTION,NO_ESTABLISHED_EDGE,AMBIG,SHORT,262.3,,,,,,0.5385,0.4,,,,,,,,,,,,,
2026-07-30T14:30:00,NATURALGAS,2026-07-30,cycles_resampled,CHOP,TRAIN,AMBIGUOUS,NO_ACTION,NO_ESTABLISHED_EDGE,AMBIG,LONG,263.0,262.7,262.276,0.724,0.72,False,1.75,0.875,0.0,False,True,True,False,0.5525,-1.3812,False,False,False,True,-1.5193,SL
2026-07-30T15:00:00,NATURALGAS,2026-07-30,cycles_resampled,CHOP,TRAIN,AMBIGUOUS,NO_ACTION,NO_ESTABLISHED_EDGE,AMBIG,LONG,263.4,263.2,262.885,0.515,0.14,False,1.4,1.0,0.2,True,False,False,False,0.0,-1.165,False,False,False,True,-1.3592,SL
2026-07-30T15:35:00,NATURALGAS,2026-07-30,cycles_resampled,CHOP,TRAIN,AMBIGUOUS,NO_ACTION,NO_ESTABLISHED_EDGE,H7_TRAP,SHORT,262.1,262.4,262.721,0.621,0.5,False,0.875,0.4286,0.1429,True,False,False,True,3.5427,-0.8052,True,True,True,False,2.839,T3
2026-07-30T15:50:00,NATURALGAS,2026-07-30,cycles_resampled,CHOP,TRAIN,H1_CONT_BLOCKED,NO_ACTION,NO_ESTABLISHED_EDGE,H1_CONT,SHORT,261.0,261.6,262.651,1.651,,True,3.75,0.8824,0.0,False,True,True,False,1.7565,-2.3016,True,False,False,False,-2.3622,SL
2026-07-30T15:55:00,NATURALGAS,2026-07-30,cycles_resampled,CHOP,TRAIN,H7_TRAP,AVOID,SUPPORTED,H7_TRAP,SHORT,261.0,260.9,261.318,0.318,0.31,False,0.2373,0.1667,0.6667,True,False,False,True,1.2579,-1.2579,True,False,False,False,-1.5723,SL
2026-07-30T16:30:00,NATURALGAS,2026-07-30,cycles_resampled,CHOP,TRAIN,H1_WEAK,NO_ACTION,NO_ESTABLISHED_EDGE,H1_WEAK,SHORT,260.9,261.0,261.727,0.827,0.36,True,0.3636,0.2222,0.0,False,True,True,False,3.023,0.0,True,True,True,False,2.8791,T3
2026-07-30T16:40:00,NATURALGAS,2026-07-30,cycles_resampled,CHOP,TRAIN,AMBIGUOUS,NO_ACTION,NO_ESTABLISHED_EDGE,AMBIG,SHORT,260.1,260.3,260.724,0.624,,False,0.8046,0.625,0.0,False,False,False,False,1.4423,-1.1218,True,False,False,False,-1.2821,SL
2026-07-30T16:55:00,NATURALGAS,2026-07-30,cycles_resampled,CHOP,TRAIN,AMBIGUOUS,NO_ACTION,NO_ESTABLISHED_EDGE,H7_TRAP,SHORT,259.8,259.9,260.424,0.624,,True,0.4615,0.375,0.125,True,True,False,True,0.9615,-1.6026,False,False,False,True,-1.7628,SL
2026-07-30T17:00:00,NATURALGAS,2026-07-30,cycles_resampled,CHOP,TRAIN,SPIKE_NO_LEVEL,NO_ACTION,NO_ESTABLISHED_EDGE,AMBIG,LONG,259.8,,,,,,0.175,0.1667,,,,,,,,,,,,,
2026-07-30T17:10:00,NATURALGAS,2026-07-30,cycles_resampled,CHOP,TRAIN,AMBIGUOUS,NO_ACTION,NO_ESTABLISHED_EDGE,AMBIG,LONG,259.8,260.0,259.176,0.624,0.96,True,0.175,0.125,0.0,False,False,False,False,1.6026,-1.7628,True,False,False,False,-1.9231,SL
2026-07-30T17:20:00,NATURALGAS,2026-07-30,cycles_resampled,CHOP,TRAIN,H7_LEANING_TRAP,AVOID,SUPPORTED,AMBIG,LONG,260.7,260.0,259.873,0.827,3.8,False,1.3494,0.8889,0.5556,True,True,False,False,0.0,-1.451,False,False,False,True,-1.5719,SL
2026-07-30T17:40:00,NATURALGAS,2026-07-30,cycles_resampled,CHOP,TRAIN,H7_TRAP,AVOID,SUPPORTED,H7_TRAP,LONG,260.1,259.9,259.576,0.524,1.34,False,0.6437,0.5,1.5,True,False,False,True,0.1908,-1.145,False,False,False,True,-1.3359,SL
2026-07-30T17:50:00,NATURALGAS,2026-07-30,cycles_resampled,CHOP,TRAIN,AMBIGUOUS,NO_ACTION,NO_ESTABLISHED_EDGE,AMBIG,SHORT,258.7,259.2,259.627,0.927,,False,1.4157,1.0,0.0,False,True,False,False,0.6472,-1.0787,False,False,False,True,-1.1866,SL
2026-07-30T18:00:00,NATURALGAS,2026-07-30,cycles_resampled,CHOP,TRAIN,H7_TRAP,AVOID,SUPPORTED,H7_TRAP,LONG,259.2,259.0,258.376,0.824,1.46,False,0.4615,0.375,0.75,True,False,False,True,0.0,-1.2136,False,False,False,True,-1.335,SL
2026-07-30T18:10:00,NATURALGAS,2026-07-30,cycles_resampled,CHOP,TRAIN,H7_TRAP,AVOID,SUPPORTED,H7_TRAP,SHORT,258.4,258.4,259.127,0.727,,False,0.6087,0.4444,1.1111,True,False,False,True,0.4127,-1.3755,False,False,False,True,-1.5131,SL
2026-07-30T18:35:00,NATURALGAS,2026-07-30,cycles_resampled,CHOP,TRAIN,SPIKE_NO_LEVEL,NO_ACTION,NO_ESTABLISHED_EDGE,AMBIG,LONG,258.9,,,,,,0.4242,0.3333,,,,,,,,,,,,,
2026-07-30T18:55:00,NATURALGAS,2026-07-30,cycles_resampled,CHOP,TRAIN,H7_LEANING_TRAP,AVOID,SUPPORTED,H7_TRAP,LONG,261.0,259.7,259.558,1.442,2.18,False,1.9216,1.0,0.3571,True,True,False,True,0.0,-1.0402,False,False,False,True,-1.1096,SL
2026-07-30T19:05:00,NATURALGAS,2026-07-30,cycles_resampled,CHOP,TRAIN,H1_CONT_BLOCKED,NO_ACTION,NO_ESTABLISHED_EDGE,H1_CONT,SHORT,259.6,260.0,260.53,0.93,0.75,True,1.0182,0.8,0.0,False,True,True,False,1.0753,-1.6129,True,False,False,False,-1.7204,SL
2026-07-30T19:20:00,NATURALGAS,2026-07-30,cycles_resampled,CHOP,TRAIN,H7_TRAP,AVOID,SUPPORTED,H7_TRAP,SHORT,258.7,258.9,259.524,0.824,0.73,False,1.098,1.0,1.875,True,False,False,True,0.1214,-2.0631,False,False,False,True,-2.1845,SL
2026-07-30T19:35:00,NATURALGAS,2026-07-30,cycles_resampled,CHOP,TRAIN,AMBIGUOUS,NO_ACTION,NO_ESTABLISHED_EDGE,AMBIG,LONG,260.4,259.5,259.267,1.133,3.3,False,1.4667,1.0,0.0,False,True,True,False,3.8835,-0.4413,True,True,True,False,2.9117,T3
2026-07-30T19:45:00,NATURALGAS,2026-07-30,cycles_resampled,CHOP,TRAIN,H7_LEANING_TRAP,AVOID,SUPPORTED,H7_TRAP,LONG,260.8,260.4,260.276,0.524,6.37,False,0.6731,0.625,0.375,True,False,False,True,0.0,-1.3359,False,False,False,True,-1.5267,SL
2026-07-30T19:55:00,NATURALGAS,2026-07-30,cycles_resampled,CHOP,TRAIN,AMBIGUOUS,NO_ACTION,NO_ESTABLISHED_EDGE,AMBIG,LONG,260.5,260.7,259.876,0.624,0.96,True,0.7568,0.75,0.0,False,False,False,False,6.891,0.0,True,True,True,False,2.8397,T3
2026-07-30T20:00:00,NATURALGAS,2026-07-30,cycles_resampled,CHOP,TRAIN,H7_LEANING_TRAP,AVOID,SUPPORTED,H7_TRAP,LONG,264.5,264.2,260.783,3.717,,False,3.4054,0.9231,0.2821,True,False,False,True,0.4036,-0.5381,False,False,False,False,-0.0538,EOD
2026-07-30T20:05:00,NATURALGAS,2026-07-30,cycles_resampled,CHOP,TRAIN,H7_TRAP,AVOID,SUPPORTED,H7_TRAP,LONG,264.1,264.17,263.473,0.627,0.11,False,0.2958,0.3333,1.1889,True,False,False,True,0.319,-1.4354,False,False,False,True,-1.5949,SL
2026-07-30T20:10:00,NATURALGAS,2026-07-30,cycles_resampled,CHOP,TRAIN,H1_WEAK,NO_ACTION,NO_ESTABLISHED_EDGE,H1_CONT,SHORT,263.2,263.5,264.333,1.133,2.47,True,0.979,0.9091,0.0,False,True,True,False,0.6178,-1.3239,False,False,False,True,-1.4122,SL
2026-07-30T20:40:00,NATURALGAS,2026-07-30,cycles_resampled,CHOP,TRAIN,AMBIGUOUS,NO_ACTION,NO_ESTABLISHED_EDGE,AMBIG,LONG,265.7,264.8,264.352,1.348,,False,1.0435,0.75,0.0,False,True,True,False,0.2226,-1.4837,False,False,False,True,-1.5579,SL
2026-07-30T20:45:00,NATURALGAS,2026-07-30,cycles_resampled,CHOP,TRAIN,SPIKE_NO_LEVEL,NO_ACTION,NO_ESTABLISHED_EDGE,AMBIG,SHORT,265.4,,,,,,0.1806,0.2222,,,,,,,,,,,,,
2026-07-30T21:20:00,NATURALGAS,2026-07-30,cycles_resampled,CHOP,TRAIN,AMBIGUOUS,NO_ACTION,NO_ESTABLISHED_EDGE,H7_TRAP,LONG,265.9,265.7,264.767,1.133,0.09,False,1.037,0.7273,0.2727,True,True,False,True,0.0883,-1.9417,False,False,False,True,-2.03,SL
2026-07-30T21:50:00,NATURALGAS,2026-07-30,cycles_resampled,CHOP,TRAIN,H1_WEAK,NO_ACTION,NO_ESTABLISHED_EDGE,H1_WEAK,SHORT,264.5,264.9,265.142,0.642,7.02,True,0.8936,0.4286,0.0,False,True,True,False,1.7134,-1.0903,True,False,False,False,-1.2461,SL
2026-07-30T21:55:00,NATURALGAS,2026-07-30,cycles_resampled,CHOP,TRAIN,H7_TRAP,AVOID,SUPPORTED,H7_TRAP,SHORT,263.4,263.7,264.636,1.236,2.76,False,1.5876,0.9167,0.8333,True,False,False,True,0.0,-1.4563,False,False,False,True,-1.5372,SL
2026-07-30T22:00:00,NATURALGAS,2026-07-30,cycles_resampled,CHOP,TRAIN,H1_CONT_OBSERVE,NO_ACTION,NOT_VALIDATED,H1_CONT,LONG,264.4,264.27,263.473,0.927,1.51,True,1.26,1.0,0.0,False,True,True,False,1.0787,-0.2157,True,False,False,False,-0.1079,EOD
2026-07-31T10:05:00,NATURALGAS,2026-07-31,cycles_resampled,CHOP,TRAIN,H7_LEANING_TRAP,AVOID,SUPPORTED,H7_TRAP,SHORT,265.4,265.3,265.609,0.209,0.48,False,0.8485,0.6667,0.3333,True,False,False,True,0.9569,-1.4354,False,False,False,True,-1.9139,SL
2026-07-31T10:10:00,NATURALGAS,2026-07-31,cycles_resampled,CHOP,TRAIN,SPIKE_NO_LEVEL,NO_ACTION,NO_ESTABLISHED_EDGE,AMBIG,LONG,265.4,,,,,,0.4118,0.3333,,,,,,,,,,,,,
2026-07-31T11:10:00,NATURALGAS,2026-07-31,cycles_resampled,CHOP,TRAIN,H1_WEAK,NO_ACTION,NO_ESTABLISHED_EDGE,H1_WEAK,LONG,265.7,265.6,265.288,0.412,,True,0.5185,0.25,0.0,False,True,True,False,5.0971,-0.2427,True,True,True,False,2.7573,T3
2026-07-31T11:55:00,NATURALGAS,2026-07-31,cycles_resampled,CHOP,TRAIN,H7_LEANING_TRAP,AVOID,SUPPORTED,H7_TRAP,LONG,266.2,266.2,265.991,0.209,,True,0.4375,0.3333,0.3333,True,False,False,True,0.0,-1.4354,False,False,False,True,-1.9139,SL
2026-07-31T12:05:00,NATURALGAS,2026-07-31,cycles_resampled,CHOP,TRAIN,H1_CONT_BLOCKED,NO_ACTION,NO_ESTABLISHED_EDGE,H1_CONT,LONG,266.6,266.3,266.082,0.518,,True,1.4359,0.6667,0.0,False,True,True,False,2.7027,-1.1583,True,True,False,False,-1.3514,SL
2026-07-31T12:15:00,NATURALGAS,2026-07-31,cycles_resampled,CHOP,TRAIN,AMBIGUOUS,NO_ACTION,NO_ESTABLISHED_EDGE,AMBIG,LONG,266.7,266.7,266.491,0.209,,True,0.35,0.3333,0.0,False,False,False,False,5.2632,0.0,True,True,True,False,2.5215,T3
2026-07-31T12:20:00,NATURALGAS,2026-07-31,cycles_resampled,CHOP,TRAIN,AMBIGUOUS,NO_ACTION,NO_ESTABLISHED_EDGE,AMBIG,LONG,267.8,266.8,266.667,1.133,,False,3.2766,1.0,0.0,False,True,True,False,0.1765,-1.5887,False,False,False,True,-1.677,SL
2026-07-31T12:30:00,NATURALGAS,2026-07-31,cycles_resampled,CHOP,TRAIN,H1_CONT_OBSERVE,NO_ACTION,NOT_VALIDATED,H1_CONT,SHORT,267.3,267.7,268.021,0.721,1.94,True,1.1429,0.5714,0.0,False,True,True,False,3.3287,-0.2774,True,True,True,False,2.8613,T3
2026-07-31T12:35:00,NATURALGAS,2026-07-31,cycles_resampled,CHOP,TRAIN,H1_CONT_OBSERVE,NO_ACTION,NOT_VALIDATED,H1_CONT,SHORT,267.0,267.3,267.521,0.521,2.11,True,1.037,0.5714,0.0,False,True,True,False,3.071,0.0,True,True,True,False,2.8081,T3
2026-07-31T12:40:00,NATURALGAS,2026-07-31,cycles_resampled,CHOP,TRAIN,AMBIGUOUS,NO_ACTION,NO_ESTABLISHED_EDGE,AMBIG,SHORT,266.0,266.8,267.03,1.03,0.1,False,2.2951,1.0,0.0,False,True,True,False,1.6505,-1.5534,True,False,False,False,-1.6505,SL
2026-07-31T13:30:00,NATURALGAS,2026-07-31,cycles_resampled,CHOP,TRAIN,AMBIGUOUS,NO_ACTION,NO_ESTABLISHED_EDGE,H7_TRAP,SHORT,265.2,265.19,265.721,0.521,0.02,True,0.4912,0.2857,0.1571,True,False,False,True,1.1516,-1.3436,True,False,False,False,-1.5355,SL
2026-07-31T14:05:00,NATURALGAS,2026-07-31,cycles_resampled,CHOP,TRAIN,H7_LEANING_TRAP,AVOID,SUPPORTED,H7_TRAP,LONG,265.1,265.0,264.688,0.412,1.97,False,0.9545,0.75,0.5,True,False,False,True,3.8835,-0.7282,True,True,True,False,2.7573,T3
2026-07-31T15:15:00,NATURALGAS,2026-07-31,cycles_resampled,CHOP,TRAIN,H7_LEANING_TRAP,AVOID,SUPPORTED,H1_CONT,LONG,266.6,266.1,266.082,0.518,2.7,True,1.7073,0.8333,0.3333,True,True,True,False,0.5792,-1.5444,False,False,False,True,-1.7375,SL
2026-07-31T15:20:00,NATURALGAS,2026-07-31,cycles_resampled,CHOP,TRAIN,H7_TRAP,AVOID,SUPPORTED,H7_TRAP,LONG,266.6,266.7,266.385,0.215,6.51,False,0.0,0.0,1.8,True,False,False,True,0.4651,-1.8605,False,False,False,True,-2.3256,SL
2026-07-31T15:25:00,NATURALGAS,2026-07-31,cycles_resampled,CHOP,TRAIN,H1_WEAK,NO_ACTION,NO_ESTABLISHED_EDGE,H1_CONT,SHORT,266.3,266.4,266.715,0.415,2.41,True,0.913,0.6,0.0,False,True,True,False,3.6145,-0.4819,True,True,True,False,2.759,T3
2026-07-31T15:30:00,NATURALGAS,2026-07-31,cycles_resampled,CHOP,TRAIN,AMBIGUOUS,NO_ACTION,NO_ESTABLISHED_EDGE,H1_CONT,SHORT,265.9,266.2,266.418,0.518,1.16,True,1.12,0.6667,0.1667,True,True,True,False,0.5792,-1.1583,False,False,False,True,-1.3514,SL
2026-07-31T15:40:00,NATURALGAS,2026-07-31,cycles_resampled,CHOP,TRAIN,H1_CONT_OBSERVE,NO_ACTION,NOT_VALIDATED,H1_CONT,LONG,266.1,266.0,265.685,0.415,1.93,True,1.0566,0.8,0.0,False,True,True,False,0.9639,-2.1687,False,False,False,True,-2.4096,SL
2026-07-31T16:00:00,NATURALGAS,2026-07-31,cycles_resampled,CHOP,TRAIN,H7_LEANING_TRAP,AVOID,SUPPORTED,H7_TRAP,SHORT,265.7,265.6,266.539,0.839,0.12,False,1.697,0.6154,0.3846,True,False,False,True,1.6687,-1.4303,True,False,False,False,-1.5495,SL
2026-07-31T16:05:00,NATURALGAS,2026-07-31,cycles_resampled,CHOP,TRAIN,H7_TRAP,AVOID,SUPPORTED,H7_TRAP,LONG,266.1,266.05,265.482,0.618,0.65,False,1.0294,0.8333,1.5833,True,False,False,True,0.0,-1.4563,False,False,False,True,-1.6181,SL
2026-07-31T16:10:00,NATURALGAS,2026-07-31,cycles_resampled,CHOP,TRAIN,H7_LEANING_TRAP,AVOID,SUPPORTED,H7_TRAP,SHORT,265.2,265.2,266.127,0.927,0.08,True,1.5135,0.8889,0.5556,True,False,False,True,0.9709,-1.1866,False,False,False,True,-1.2945,SL
2026-07-31T16:20:00,NATURALGAS,2026-07-31,cycles_resampled,CHOP,TRAIN,H7_TRAP,AVOID,SUPPORTED,H7_TRAP,LONG,265.7,265.3,264.979,0.721,0.49,False,1.037,0.8571,1.1429,True,False,False,True,0.4161,-1.9417,False,False,False,True,-2.0804,SL
2026-07-31T16:25:00,NATURALGAS,2026-07-31,cycles_resampled,CHOP,TRAIN,SPIKE_NO_LEVEL,NO_ACTION,NO_ESTABLISHED_EDGE,AMBIG,SHORT,265.3,,,,,,0.506,0.375,,,,,,,,,,,,,
2026-07-31T16:30:00,NATURALGAS,2026-07-31,cycles_resampled,CHOP,TRAIN,H7_TRAP,AVOID,SUPPORTED,H7_TRAP,SHORT,264.5,264.6,265.536,1.036,,False,1.5556,0.8333,0.8333,True,False,False,True,0.0,-1.7375,False,False,False,True,-1.834,SL
2026-07-31T16:45:00,NATURALGAS,2026-07-31,cycles_resampled,CHOP,TRAIN,H7_LEANING_TRAP,AVOID,SUPPORTED,H7_TRAP,LONG,265.6,266.11,264.652,0.948,0.42,False,1.2857,0.5625,0.5688,True,False,False,True,3.0591,-0.7384,True,True,True,False,2.8945,T3
2026-07-31T16:50:00,NATURALGAS,2026-07-31,cycles_resampled,CHOP,TRAIN,H7_TRAP,AVOID,SUPPORTED,H7_TRAP,SHORT,265.2,265.11,265.721,0.521,0.17,False,0.7,0.7143,1.5571,True,False,False,True,0.5758,-2.1113,False,False,False,True,-2.3033,SL
2026-07-31T16:55:00,NATURALGAS,2026-07-31,cycles_resampled,CHOP,TRAIN,SPIKE_NO_LEVEL,NO_ACTION,NO_ESTABLISHED_EDGE,AMBIG,LONG,265.5,,,,,,0.4078,0.4286,,,,,,,,,,,,,
2026-07-31T17:05:00,NATURALGAS,2026-07-31,cycles_resampled,CHOP,TRAIN,AMBIGUOUS,NO_ACTION,NO_ESTABLISHED_EDGE,H7_TRAP,LONG,266.2,266.3,265.27,0.93,0.11,True,1.0275,0.8,0.2,True,False,False,True,2.5806,-1.1828,True,True,False,False,-1.2903,SL
2026-07-31T17:15:00,NATURALGAS,2026-07-31,cycles_resampled,CHOP,TRAIN,H1_WEAK,NO_ACTION,NO_ESTABLISHED_EDGE,H1_CONT,LONG,266.7,266.4,266.076,0.624,2.08,True,0.6863,0.625,0.0,False,True,True,False,3.0449,0.0,True,True,True,False,2.8397,T3
2026-07-31T17:20:00,NATURALGAS,2026-07-31,cycles_resampled,CHOP,TRAIN,SPIKE_NO_LEVEL,NO_ACTION,NO_ESTABLISHED_EDGE,AMBIG,SHORT,267.0,,,,,,0.4118,0.3333,,,,,,,,,,,,,
2026-07-31T17:30:00,NATURALGAS,2026-07-31,cycles_resampled,CHOP,TRAIN,AMBIGUOUS,NO_ACTION,NO_ESTABLISHED_EDGE,H1_CONT,LONG,268.4,268.0,267.37,1.03,,True,1.0467,0.8,0.1,True,True,True,False,0.1942,-1.3592,False,False,False,True,-1.4563,SL
2026-07-31T17:45:00,NATURALGAS,2026-07-31,cycles_resampled,CHOP,TRAIN,AMBIGUOUS,NO_ACTION,NO_ESTABLISHED_EDGE,AMBIG,SHORT,267.9,267.9,268.624,0.724,3.59,True,1.0,0.875,0.0,False,False,False,False,3.8674,0.0,True,True,True,False,2.8619,T3
2026-07-31T18:00:00,NATURALGAS,2026-07-31,cycles_resampled,CHOP,TRAIN,H1_CONT_BLOCKED,NO_ACTION,NO_ESTABLISHED_EDGE,H1_CONT,SHORT,265.9,267.0,267.445,1.545,0.54,True,2.1,1.0,0.0,False,True,True,False,3.1068,-0.0647,True,True,True,False,2.9353,T3
2026-07-31T18:05:00,NATURALGAS,2026-07-31,cycles_resampled,CHOP,TRAIN,AMBIGUOUS,NO_ACTION,NO_ESTABLISHED_EDGE,AMBIG,SHORT,265.1,265.9,266.027,0.927,0.04,False,1.2353,1.0,0.0,False,True,True,False,3.2362,-0.7551,True,True,True,False,2.8921,T3
2026-07-31T18:15:00,NATURALGAS,2026-07-31,cycles_resampled,CHOP,TRAIN,H7_TRAP,AVOID,SUPPORTED,H7_TRAP,SHORT,264.1,264.3,265.03,0.93,,False,1.2,0.9,0.8,True,False,False,True,0.2151,-1.0753,False,False,False,True,-1.1828,SL
2026-07-31T18:20:00,NATURALGAS,2026-07-31,cycles_resampled,CHOP,TRAIN,H7_LEANING_TRAP,AVOID,SUPPORTED,H7_TRAP,LONG,265.1,265.0,263.864,1.236,0.7,False,1.3628,0.9167,0.5833,True,True,False,True,0.5663,-1.4563,False,False,False,True,-1.5372,SL
2026-07-31T18:30:00,NATURALGAS,2026-07-31,cycles_resampled,CHOP,TRAIN,AMBIGUOUS,NO_ACTION,NO_ESTABLISHED_EDGE,H7_TRAP,SHORT,264.3,264.93,265.639,1.339,0.3,False,1.569,1.0,0.0538,True,False,False,True,2.7633,-0.6721,True,True,False,False,0.9709,EOD
2026-07-31T18:35:00,NATURALGAS,2026-07-31,cycles_resampled,CHOP,TRAIN,SPIKE_NO_LEVEL,NO_ACTION,NO_ESTABLISHED_EDGE,AMBIG,LONG,265.0,,,,,,0.9256,0.6667,,,,,,,,,,,,,
2026-07-31T18:45:00,NATURALGAS,2026-07-31,cycles_resampled,CHOP,TRAIN,AMBIGUOUS,NO_ACTION,NO_ESTABLISHED_EDGE,AMBIG,SHORT,263.3,263.9,264.639,1.339,,False,1.456,1.0,0.0,False,True,True,False,2.0164,-0.7468,True,True,False,False,0.224,EOD
2026-07-31T19:20:00,NATURALGAS,2026-07-31,cycles_resampled,CHOP,TRAIN,AMBIGUOUS,NO_ACTION,NO_ESTABLISHED_EDGE,H7_TRAP,SHORT,263.1,263.2,263.83,0.73,,False,0.8522,0.7,0.1,True,False,False,True,1.3699,-1.5068,True,False,False,False,-1.6438,SL
2026-07-31T19:45:00,NATURALGAS,2026-07-31,cycles_resampled,CHOP,TRAIN,H1_WEAK,NO_ACTION,NO_ESTABLISHED_EDGE,H1_CONT,SHORT,263.4,264.74,264.23,0.83,1.57,True,0.8077,0.6,0.0,False,True,True,False,3.1325,-0.1205,True,True,True,False,2.8795,T3
2026-07-31T22:20:00,NATURALGAS,2026-07-31,cycles_resampled,CHOP,TRAIN,AMBIGUOUS,NO_ACTION,NO_ESTABLISHED_EDGE,AMBIG,LONG,262.3,262.0,261.373,0.927,5.99,False,2.25,1.0,0.0,False,True,True,False,0.9709,-0.5394,False,False,False,False,0.7551,EOD
2026-08-03T10:05:00,NATURALGAS,2026-08-03,cycles_resampled,CHOP,TRAIN,H1_WEAK,NO_ACTION,NO_ESTABLISHED_EDGE,H1_WEAK,LONG,264.3,264.2,263.888,0.412,,True,1.2174,1.0,0.0,False,True,False,False,0.2427,-1.2136,False,False,False,True,-1.4563,SL
2026-08-03T10:55:00,NATURALGAS,2026-08-03,cycles_resampled,CHOP,TRAIN,H7_TRAP,AVOID,SUPPORTED,H7_TRAP,SHORT,263.6,263.4,263.915,0.315,0.63,False,1.3125,0.6,1.4,True,False,False,True,0.6349,-1.5873,False,False,False,True,-1.9048,SL
2026-08-03T11:10:00,NATURALGAS,2026-08-03,cycles_resampled,CHOP,TRAIN,AMBIGUOUS,NO_ACTION,NO_ESTABLISHED_EDGE,H7_TRAP,LONG,264.1,264.1,263.688,0.412,0.51,False,1.697,1.0,0.25,True,False,False,True,2.1845,-1.699,True,True,False,False,-1.9417,SL
2026-08-03T11:20:00,NATURALGAS,2026-08-03,cycles_resampled,CHOP,TRAIN,AMBIGUOUS,NO_ACTION,NO_ESTABLISHED_EDGE,H7_TRAP,LONG,264.6,264.4,264.188,0.412,,False,1.5556,1.0,0.25,True,False,False,True,0.0,-1.2136,False,False,False,True,-1.4563,SL
2026-08-03T11:25:00,NATURALGAS,2026-08-03,cycles_resampled,CHOP,TRAIN,H7_TRAP,AVOID,SUPPORTED,H7_TRAP,SHORT,264.3,264.2,264.615,0.315,1.49,False,1.05,0.6,1.4,True,False,False,True,0.0,-1.9048,False,False,False,True,-2.2222,SL
2026-08-03T11:30:00,NATURALGAS,2026-08-03,cycles_resampled,CHOP,TRAIN,H1_CONT_BLOCKED,NO_ACTION,NO_ESTABLISHED_EDGE,H1_CONT,LONG,264.9,264.6,264.385,0.515,,True,1.5909,1.0,0.0,False,True,True,False,0.1942,-1.5534,False,False,False,True,-1.7476,SL
2026-08-03T12:10:00,NATURALGAS,2026-08-03,cycles_resampled,CHOP,TRAIN,AMBIGUOUS,NO_ACTION,NO_ESTABLISHED_EDGE,AMBIG,SHORT,264.1,264.5,264.718,0.618,0.65,False,1.75,1.0,0.0,False,True,True,False,1.6181,-1.2945,True,False,False,False,-1.4563,SL
2026-08-03T12:20:00,NATURALGAS,2026-08-03,cycles_resampled,CHOP,TRAIN,H7_TRAP,AVOID,SUPPORTED,H7_TRAP,SHORT,263.4,263.4,264.224,0.824,,False,1.9216,0.875,0.625,True,False,False,True,0.0,-1.2136,False,False,False,True,-1.335,SL
2026-08-03T12:45:00,NATURALGAS,2026-08-03,cycles_resampled,CHOP,TRAIN,H7_TRAP,AVOID,SUPPORTED,H7_TRAP,LONG,264.3,264.32,263.782,0.518,0.04,False,1.5217,0.8333,1.3667,True,False,False,True,0.0,-1.3514,False,False,False,True,-1.5444,SL
2026-08-03T12:50:00,NATURALGAS,2026-08-03,cycles_resampled,CHOP,TRAIN,AMBIGUOUS,NO_ACTION,NO_ESTABLISHED_EDGE,AMBIG,SHORT,263.9,263.8,264.315,0.415,0.6,True,0.8571,0.6,0.0,False,False,False,False,1.9277,-1.4458,True,False,False,False,-1.6867,SL
2026-08-03T13:15:00,NATURALGAS,2026-08-03,cycles_resampled,CHOP,TRAIN,H7_TRAP,AVOID,SUPPORTED,H7_TRAP,SHORT,263.5,263.4,263.915,0.415,0.24,True,1.0182,0.8,1.2,True,False,False,True,0.9639,-1.2048,False,False,False,True,-1.4458,SL
2026-08-03T13:25:00,NATURALGAS,2026-08-03,cycles_resampled,CHOP,TRAIN,H1_WEAK,NO_ACTION,NO_ESTABLISHED_EDGE,H1_WEAK,LONG,263.7,263.6,263.082,0.618,0.32,True,0.75,0.5,0.0,False,True,True,False,3.0744,-0.3236,True,True,True,False,2.8382,T3
2026-08-03T13:30:00,NATURALGAS,2026-08-03,cycles_resampled,CHOP,TRAIN,H1_CONT_BLOCKED,NO_ACTION,NO_ESTABLISHED_EDGE,H1_CONT,LONG,264.0,263.9,263.485,0.515,0.6,True,1.3208,1.0,0.0,False,True,True,False,3.1068,-0.3883,True,True,True,False,2.8058,T3
2026-08-03T13:35:00,NATURALGAS,2026-08-03,cycles_resampled,CHOP,TRAIN,H1_CONT_BLOCKED,NO_ACTION,NO_ESTABLISHED_EDGE,H1_CONT,LONG,264.5,264.31,263.779,0.721,0.69,True,1.75,1.0,0.0,False,True,True,False,1.8031,-2.0804,True,False,False,False,-2.2191,SL
2026-08-03T13:45:00,NATURALGAS,2026-08-03,cycles_resampled,CHOP,TRAIN,AMBIGUOUS,NO_ACTION,NO_ESTABLISHED_EDGE,AMBIG,LONG,265.6,265.0,264.879,0.721,,False,1.5556,1.0,0.0,False,True,True,False,0.2774,-1.1096,False,False,False,True,-1.2483,SL
2026-08-03T15:30:00,NATURALGAS,2026-08-03,cycles_resampled,CHOP,TRAIN,AMBIGUOUS,NO_ACTION,NO_ESTABLISHED_EDGE,AMBIG,SHORT,264.6,265.1,265.118,0.518,2.3,False,1.7073,0.8333,0.0,False,True,True,False,3.0888,-0.3861,True,True,True,False,2.8069,T3
2026-08-03T16:05:00,NATURALGAS,2026-08-03,cycles_resampled,CHOP,TRAIN,H1_CONT_OBSERVE,NO_ACTION,NOT_VALIDATED,H1_CONT,SHORT,264.2,264.5,264.715,0.515,1.53,True,1.4359,0.8,0.0,False,True,True,False,2.3301,-2.1359,True,True,False,False,-2.3301,SL
2026-08-03T16:10:00,NATURALGAS,2026-08-03,cycles_resampled,CHOP,TRAIN,SPIKE_NO_LEVEL,NO_ACTION,NO_ESTABLISHED_EDGE,AMBIG,LONG,264.1,,,,,,0.7368,0.4,,,,,,,,,,,,,
2026-08-03T16:20:00,NATURALGAS,2026-08-03,cycles_resampled,CHOP,TRAIN,H7_TRAP,AVOID,SUPPORTED,H7_TRAP,SHORT,263.2,263.1,263.927,0.727,0.14,False,2.0417,0.7778,0.6667,True,False,False,True,0.1376,-1.5131,False,False,False,True,-1.6506,SL
2026-08-03T16:40:00,NATURALGAS,2026-08-03,cycles_resampled,CHOP,TRAIN,H7_TRAP,AVOID,SUPPORTED,AMBIG,LONG,264.0,263.7,263.682,0.318,2.45,False,0.8235,0.5,0.8333,True,True,True,False,0.9434,-2.5157,False,False,False,True,-2.8302,SL
2026-08-03T16:55:00,NATURALGAS,2026-08-03,cycles_resampled,CHOP,TRAIN,H7_TRAP,AVOID,SUPPORTED,H7_TRAP,SHORT,263.2,263.38,264.024,0.824,0.24,True,1.6333,0.875,1.025,True,True,False,True,0.1214,-1.2136,False,False,False,True,-1.335,SL
2026-08-03T17:10:00,NATURALGAS,2026-08-03,cycles_resampled,CHOP,TRAIN,AMBIGUOUS,NO_ACTION,NO_ESTABLISHED_EDGE,AMBIG,LONG,264.2,263.5,263.376,0.824,0.12,False,1.5342,1.0,0.0,False,True,True,False,3.5194,-0.3641,True,True,True,False,2.8786,T3
2026-08-03T17:25:00,NATURALGAS,2026-08-03,cycles_resampled,CHOP,TRAIN,AMBIGUOUS,NO_ACTION,NO_ESTABLISHED_EDGE,H7_TRAP,LONG,265.3,264.72,264.27,1.03,0.49,False,1.6364,0.9,0.12,True,True,False,True,3.1068,-0.7767,True,True,True,False,2.9029,T3
2026-08-03T17:35:00,NATURALGAS,2026-08-03,cycles_resampled,CHOP,TRAIN,H7_TRAP,AVOID,SUPPORTED,AMBIG,SHORT,264.6,265.0,265.218,0.618,2.07,False,1.1507,1.0,2.1667,True,True,False,False,0.1618,-2.7508,False,False,False,True,-2.9126,SL
2026-08-03T17:50:00,NATURALGAS,2026-08-03,cycles_resampled,CHOP,TRAIN,H1_CONT_BLOCKED,NO_ACTION,NO_ESTABLISHED_EDGE,H1_CONT,LONG,266.3,265.8,264.961,1.339,,True,2.2195,1.0,0.0,False,True,True,False,1.643,-1.1949,True,False,False,False,-1.2696,SL
2026-08-03T17:55:00,NATURALGAS,2026-08-03,cycles_resampled,CHOP,TRAIN,AMBIGUOUS,NO_ACTION,NO_ESTABLISHED_EDGE,AMBIG,LONG,266.3,266.3,265.982,0.318,,True,0.4884,0.5,0.0,False,False,False,False,5.3459,-0.3145,True,True,True,False,2.6855,T3
2026-08-03T18:00:00,NATURALGAS,2026-08-03,cycles_resampled,CHOP,TRAIN,H1_CONT_BLOCKED,NO_ACTION,NO_ESTABLISHED_EDGE,H1_CONT,LONG,267.1,266.6,266.173,0.927,,True,1.0652,0.7778,0.0,False,True,True,False,1.5102,-1.5102,True,False,False,False,-1.6181,SL
2026-08-03T18:05:00,NATURALGAS,2026-08-03,cycles_resampled,CHOP,TRAIN,H7_TRAP,AVOID,SUPPORTED,H1_WEAK,LONG,268.0,267.1,267.176,0.824,,True,0.6154,0.5,1.625,True,True,True,False,0.6068,-2.7913,False,False,False,True,-2.9126,SL
2026-08-03T18:10:00,NATURALGAS,2026-08-03,cycles_resampled,CHOP,TRAIN,H7_TRAP,AVOID,SUPPORTED,H7_TRAP,LONG,268.2,268.0,267.47,0.73,,False,0.875,0.6,2.2,True,False,False,True,0.0,-1.2329,False,False,False,True,-1.3699,SL
2026-08-03T18:20:00,NATURALGAS,2026-08-03,cycles_resampled,CHOP,TRAIN,AMBIGUOUS,NO_ACTION,NO_ESTABLISHED_EDGE,AMBIG,SHORT,265.8,267.3,267.039,1.239,1.05,False,1.4128,0.8462,0.0,False,True,True,False,2.502,-0.3228,True,True,False,False,1.0492,EOD
2026-08-03T18:25:00,NATURALGAS,2026-08-03,cycles_resampled,CHOP,TRAIN,AMBIGUOUS,NO_ACTION,NO_ESTABLISHED_EDGE,AMBIG,LONG,266.1,264.89,265.379,0.721,3.33,False,0.375,0.4286,0.0,False,True,True,False,0.1387,-1.2483,False,False,False,True,-1.387,SL
2026-08-03T18:30:00,NATURALGAS,2026-08-03,cycles_resampled,CHOP,TRAIN,AMBIGUOUS,NO_ACTION,NO_ESTABLISHED_EDGE,AMBIG,SHORT,265.3,265.4,266.23,0.93,0.86,True,1.0588,0.9,0.0,False,False,False,False,2.7957,-0.5376,True,True,False,False,0.8602,EOD
2026-08-03T19:00:00,NATURALGAS,2026-08-03,cycles_resampled,CHOP,TRAIN,H7_LEANING_TRAP,AVOID,SUPPORTED,H7_TRAP,SHORT,264.6,264.7,265.536,0.936,1.28,False,1.1053,0.75,0.3333,True,False,False,True,2.0299,-1.0684,True,True,False,False,-1.1752,SL
2026-08-03T19:15:00,NATURALGAS,2026-08-03,cycles_resampled,CHOP,TRAIN,AMBIGUOUS,NO_ACTION,NO_ESTABLISHED_EDGE,AMBIG,SHORT,264.4,264.3,264.93,0.53,0.19,True,0.625,0.5,0.0,False,False,False,False,3.2075,-0.1887,True,True,True,False,2.8113,T3
2026-08-03T19:20:00,NATURALGAS,2026-08-03,cycles_resampled,CHOP,TRAIN,AMBIGUOUS,NO_ACTION,NO_ESTABLISHED_EDGE,AMBIG,SHORT,264.0,263.9,264.524,0.524,1.15,False,0.6364,0.625,0.0,False,False,False,False,2.4809,-1.145,True,True,False,False,-1.3359,SL
2026-08-03T19:40:00,NATURALGAS,2026-08-03,cycles_resampled,CHOP,TRAIN,AMBIGUOUS,NO_ACTION,NO_ESTABLISHED_EDGE,AMBIG,LONG,263.5,263.3,262.676,0.824,1.7,False,1.2308,1.0,0.0,False,True,False,False,2.5485,-0.4854,True,True,False,False,1.2136,EOD
2026-08-04T10:40:00,NATURALGAS,2026-08-04,cycles_resampled,TREND_DOWN,TRAIN,AMBIGUOUS,NO_ACTION,NO_ESTABLISHED_EDGE,AMBIG,LONG,265.9,265.4,265.282,0.618,,False,2.3333,0.8333,0.0,False,True,True,False,0.1618,-1.1327,False,False,False,True,-1.2945,SL
2026-08-04T11:30:00,NATURALGAS,2026-08-04,cycles_resampled,TREND_DOWN,TRAIN,H1_CONT_BLOCKED,NO_ACTION,NO_ESTABLISHED_EDGE,H1_CONT,LONG,265.8,265.5,265.491,0.309,0.32,True,1.2727,1.0,0.0,False,True,True,False,1.6181,-2.589,True,False,False,False,-2.9126,SL
2026-08-04T11:40:00,NATURALGAS,2026-08-04,cycles_resampled,TREND_DOWN,TRAIN,SPIKE_NO_LEVEL,NO_ACTION,NO_ESTABLISHED_EDGE,AMBIG,SHORT,265.8,,,,,,0.0,0.0,,,,,,,,,,,,,
2026-08-04T12:15:00,NATURALGAS,2026-08-04,cycles_resampled,TREND_DOWN,TRAIN,H1_CONT_BLOCKED,NO_ACTION,NO_ESTABLISHED_EDGE,H1_CONT,SHORT,265.0,265.8,265.618,0.618,0.34,True,1.9091,1.0,0.0,False,True,True,False,3.3981,-0.1618,True,True,True,False,2.8382,T3
2026-08-04T12:30:00,NATURALGAS,2026-08-04,cycles_resampled,TREND_DOWN,TRAIN,AMBIGUOUS,NO_ACTION,NO_ESTABLISHED_EDGE,AMBIG,SHORT,264.5,264.6,264.812,0.312,,False,0.9333,0.75,0.0,False,True,False,False,0.3205,-1.6026,False,False,False,True,-1.9231,SL
2026-08-04T13:25:00,NATURALGAS,2026-08-04,cycles_resampled,TREND_DOWN,TRAIN,H1_CONT_BLOCKED,NO_ACTION,NO_ESTABLISHED_EDGE,H1_CONT,SHORT,263.8,264.3,264.418,0.618,,True,2.0488,1.0,0.0,False,True,True,False,0.3236,-1.4563,False,False,False,True,-1.6181,SL
2026-08-04T14:35:00,NATURALGAS,2026-08-04,cycles_resampled,TREND_DOWN,TRAIN,AMBIGUOUS,NO_ACTION,NO_ESTABLISHED_EDGE,AMBIG,SHORT,263.8,264.0,264.418,0.618,0.32,False,2.1538,1.0,0.0,False,True,True,False,3.5599,-0.8091,True,True,True,False,2.8382,T3
2026-08-04T15:15:00,NATURALGAS,2026-08-04,cycles_resampled,TREND_DOWN,TRAIN,H1_CONT_OBSERVE,NO_ACTION,NOT_VALIDATED,H1_CONT,LONG,263.9,263.8,263.385,0.515,3.84,True,1.7073,1.0,0.0,False,True,True,False,0.7767,-1.9417,False,False,False,True,-2.1359,SL
2026-08-04T15:50:00,NATURALGAS,2026-08-04,cycles_resampled,TREND_DOWN,TRAIN,AMBIGUOUS,NO_ACTION,NO_ESTABLISHED_EDGE,AMBIG,SHORT,262.9,263.2,263.415,0.515,,False,1.5909,1.0,0.0,False,True,True,False,3.301,0.0,True,True,True,False,2.8058,T3
2026-08-04T16:00:00,NATURALGAS,2026-08-04,cycles_resampled,TREND_DOWN,TRAIN,H1_CONT_BLOCKED,NO_ACTION,NO_ESTABLISHED_EDGE,H1_CONT,SHORT,262.1,262.6,262.718,0.618,,True,1.7143,1.0,0.0,False,True,True,False,1.4563,-1.2945,True,False,False,False,-1.4563,SL
2026-08-04T16:10:00,NATURALGAS,2026-08-04,cycles_resampled,TREND_DOWN,TRAIN,H7_TRAP,AVOID,SUPPORTED,H7_TRAP,SHORT,261.6,262.0,262.218,0.618,,False,1.4583,0.8333,1.5,True,True,False,True,0.6472,-1.2945,False,False,False,True,-1.4563,SL
2026-08-04T16:15:00,NATURALGAS,2026-08-04,cycles_resampled,TREND_DOWN,TRAIN,SPIKE_NO_LEVEL,NO_ACTION,NO_ESTABLISHED_EDGE,AMBIG,LONG,261.7,,,,,,1.098,0.8,,,,,,,,,,,,,
2026-08-04T16:20:00,NATURALGAS,2026-08-04,cycles_resampled,TREND_DOWN,TRAIN,H1_CONT_OBSERVE,NO_ACTION,NOT_VALIDATED,H1_CONT,LONG,262.4,262.2,261.782,0.618,5.6,True,1.2281,0.8333,0.0,False,True,True,False,1.4563,-1.2945,True,False,False,False,-1.4563,SL
2026-08-04T16:25:00,NATURALGAS,2026-08-04,cycles_resampled,TREND_DOWN,TRAIN,H7_LEANING_TRAP,AVOID,SUPPORTED,AMBIG,LONG,262.9,262.4,262.385,0.515,5.75,False,1.25,1.0,0.4,True,True,False,False,0.7767,-1.165,False,False,False,True,-1.3592,SL
2026-08-04T16:30:00,NATURALGAS,2026-08-04,cycles_resampled,TREND_DOWN,TRAIN,H1_CONT_OBSERVE,NO_ACTION,NOT_VALIDATED,H1_CONT,SHORT,262.7,264.02,263.321,0.621,2.42,True,1.1475,0.7143,0.0,False,True,True,False,3.5427,0.0,True,True,True,False,2.839,T3
2026-08-04T17:05:00,NATURALGAS,2026-08-04,cycles_resampled,TREND_DOWN,TRAIN,H1_CONT_BLOCKED,NO_ACTION,NO_ESTABLISHED_EDGE,H1_CONT,SHORT,261.3,261.6,262.021,0.721,0.14,True,1.3333,0.8571,0.0,False,True,True,False,3.7448,-0.2774,True,True,True,False,2.8613,T3
2026-08-04T17:10:00,NATURALGAS,2026-08-04,cycles_resampled,TREND_DOWN,TRAIN,H1_CONT_BLOCKED,NO_ACTION,NO_ESTABLISHED_EDGE,H1_CONT,SHORT,260.5,261.2,261.53,1.03,,True,1.8806,0.9,0.0,False,True,True,False,3.3981,-0.2913,True,True,True,False,2.9029,T3
2026-08-04T17:15:00,NATURALGAS,2026-08-04,cycles_resampled,TREND_DOWN,TRAIN,H1_CONT_BLOCKED,NO_ACTION,NO_ESTABLISHED_EDGE,H1_CONT,SHORT,259.8,260.5,260.842,1.042,,True,1.75,0.7143,0.0,False,True,True,False,3.6468,-0.1919,True,True,True,False,2.904,T3
2026-08-04T17:20:00,NATURALGAS,2026-08-04,cycles_resampled,TREND_DOWN,TRAIN,AMBIGUOUS,NO_ACTION,NO_ESTABLISHED_EDGE,H1_WEAK,SHORT,258.6,259.4,259.836,1.236,,True,1.9535,1.0,0.1667,True,True,False,False,0.1618,-1.1327,False,False,False,True,-1.2136,SL
2026-08-04T17:50:00,NATURALGAS,2026-08-04,cycles_resampled,TREND_DOWN,TRAIN,AMBIGUOUS,NO_ACTION,NO_ESTABLISHED_EDGE,AMBIG,LONG,259.1,258.7,258.379,0.721,0.69,False,0.6222,0.5714,0.0,False,False,False,False,1.2483,-1.387,True,False,False,False,-1.5257,SL
2026-08-04T18:00:00,NATURALGAS,2026-08-04,cycles_resampled,TREND_DOWN,TRAIN,H7_TRAP,AVOID,SUPPORTED,H7_TRAP,LONG,259.6,259.1,258.558,1.042,6.35,False,1.3592,0.7143,0.7143,True,False,False,True,0.0,-1.4395,False,False,False,True,-1.5355,SL
2026-08-04T18:05:00,NATURALGAS,2026-08-04,cycles_resampled,TREND_DOWN,TRAIN,H1_WEAK,NO_ACTION,NO_ESTABLISHED_EDGE,H1_CONT,SHORT,258.7,263.58,259.421,0.721,0.42,True,0.7636,0.8571,0.0,False,True,True,False,3.7448,-0.5548,True,True,True,False,2.8613,T3
2026-08-04T18:30:00,NATURALGAS,2026-08-04,cycles_resampled,TREND_DOWN,TRAIN,SPIKE_NO_LEVEL,NO_ACTION,NO_ESTABLISHED_EDGE,AMBIG,LONG,257.5,,,,,,0.1573,0.1111,,,,,,,,,,,,,
2026-08-04T18:40:00,NATURALGAS,2026-08-04,cycles_resampled,TREND_DOWN,TRAIN,H1_WEAK,NO_ACTION,NO_ESTABLISHED_EDGE,H1_WEAK,SHORT,258.4,263.24,259.121,0.721,1.94,True,0.3011,0.2857,0.0,False,True,True,False,3.3287,0.0,True,True,True,False,2.8613,T3
2026-08-04T18:45:00,NATURALGAS,2026-08-04,cycles_resampled,TREND_DOWN,TRAIN,H1_CONT_BLOCKED,NO_ACTION,NO_ESTABLISHED_EDGE,H1_CONT,SHORT,257.1,258.4,258.13,1.03,0.1,True,1.3725,1.0,0.0,False,True,True,False,2.9126,0.0,True,True,False,False,1.165,EOD
2026-08-04T18:50:00,NATURALGAS,2026-08-04,cycles_resampled,TREND_DOWN,TRAIN,AMBIGUOUS,NO_ACTION,NO_ESTABLISHED_EDGE,AMBIG,SHORT,256.0,257.0,257.133,1.133,,False,1.4808,1.0,0.0,False,True,True,False,1.677,-0.353,True,False,False,False,0.0883,EOD
2026-08-04T19:05:00,NATURALGAS,2026-08-04,cycles_resampled,TREND_DOWN,TRAIN,AMBIGUOUS,NO_ACTION,NO_ESTABLISHED_EDGE,AMBIG,SHORT,255.7,256.0,256.421,0.721,,False,0.9333,1.0,0.0,False,True,True,False,2.2191,-0.5548,True,True,False,False,-0.2774,EOD
2026-08-04T19:15:00,NATURALGAS,2026-08-04,cycles_resampled,TREND_DOWN,TRAIN,H1_CONT_BLOCKED,NO_ACTION,NO_ESTABLISHED_EDGE,H1_CONT,SHORT,255.0,255.5,255.721,0.721,,True,1.0652,1.0,0.0,False,True,True,False,1.2483,-1.1096,True,False,False,False,-1.2483,SL
2026-08-04T19:45:00,NATURALGAS,2026-08-04,cycles_resampled,TREND_DOWN,TRAIN,H7_LEANING_TRAP,AVOID,SUPPORTED,H7_TRAP,LONG,255.2,255.3,254.473,0.727,0.14,False,1.0538,0.7778,0.5556,True,False,False,True,1.238,-0.9629,True,False,False,False,0.9629,EOD
2026-08-04T20:00:00,NATURALGAS,2026-08-04,cycles_resampled,TREND_DOWN,TRAIN,AMBIGUOUS,NO_ACTION,NO_ESTABLISHED_EDGE,H7_TRAP,SHORT,254.8,254.8,255.836,1.036,0.29,True,1.012,0.5,0.25,True,False,False,True,0.2896,-1.0618,False,False,False,True,-1.1583,SL
2026-08-04T21:30:00,NATURALGAS,2026-08-04,cycles_resampled,TREND_DOWN,TRAIN,AMBIGUOUS,NO_ACTION,NO_ESTABLISHED_EDGE,AMBIG,LONG,255.7,255.3,255.079,0.621,16.86,False,1.5,0.8571,0.0,False,True,True,False,0.6441,-0.9662,False,False,False,False,0.3221,EOD
2026-08-05T10:10:00,NATURALGAS,2026-08-05,cycles_resampled,CHOP,VALIDATION,AMBIGUOUS,NO_ACTION,NO_ESTABLISHED_EDGE,AMBIG,SHORT,256.9,257.5,257.827,0.927,0.11,False,2.8,0.7778,0.0,False,True,True,False,0.1079,-1.2945,False,False,False,True,-1.4024,SL
2026-08-05T11:00:00,NATURALGAS,2026-08-05,cycles_resampled,CHOP,VALIDATION,H7_TRAP,AVOID,SUPPORTED,H7_TRAP,SHORT,257.1,257.0,257.309,0.209,0.48,False,0.3784,0.3333,1.3333,True,False,False,True,0.0,-1.4354,False,False,False,True,-1.9139,SL
2026-08-05T11:25:00,NATURALGAS,2026-08-05,cycles_resampled,CHOP,VALIDATION,H1_CONT_BLOCKED,NO_ACTION,NO_ESTABLISHED_EDGE,H1_CONT,LONG,257.7,257.5,257.185,0.515,0.19,True,2.1212,1.0,0.0,False,True,True,False,1.7476,-1.165,True,False,False,False,-1.3592,SL
2026-08-05T11:35:00,NATURALGAS,2026-08-05,cycles_resampled,CHOP,VALIDATION,H7_TRAP,AVOID,SUPPORTED,H7_TRAP,SHORT,257.8,257.6,258.115,0.315,1.9,True,0.7778,0.4,0.8,True,False,False,True,0.9524,-1.2698,False,False,False,True,-1.5873,SL
2026-08-05T11:40:00,NATURALGAS,2026-08-05,cycles_resampled,CHOP,VALIDATION,H7_TRAP,AVOID,SUPPORTED,H7_TRAP,SHORT,257.5,257.6,257.912,0.412,0.73,False,1.5135,1.0,1.0,True,False,False,True,0.0,-1.2136,False,False,False,True,-1.4563,SL
2026-08-05T12:30:00,NATURALGAS,2026-08-05,cycles_resampled,CHOP,VALIDATION,H7_TRAP,AVOID,SUPPORTED,H7_TRAP,SHORT,257.9,257.9,258.112,0.212,4.29,False,0.6667,0.5,1.0,True,False,False,True,0.0,-2.8302,False,False,False,True,-3.3019,SL
2026-08-05T12:35:00,NATURALGAS,2026-08-05,cycles_resampled,CHOP,VALIDATION,H7_LEANING_TRAP,AVOID,SUPPORTED,H7_TRAP,LONG,258.3,258.2,257.985,0.315,,False,0.9767,0.6,0.4,True,True,False,True,0.3175,-1.2698,False,False,False,True,-1.5873,SL
2026-08-05T13:05:00,NATURALGAS,2026-08-05,cycles_resampled,CHOP,VALIDATION,H1_CONT_BLOCKED,NO_ACTION,NO_ESTABLISHED_EDGE,H1_CONT,SHORT,258.1,258.5,258.615,0.515,0.39,True,1.7073,1.0,0.0,False,True,True,False,3.1068,-0.3883,True,True,True,False,2.8058,T3
2026-08-05T13:10:00,NATURALGAS,2026-08-05,cycles_resampled,CHOP,VALIDATION,H1_CONT_OBSERVE,NO_ACTION,NOT_VALIDATED,H1_CONT,SHORT,257.7,257.9,258.112,0.412,1.67,True,1.3023,1.0,0.0,False,True,True,False,2.4272,-1.4563,True,True,False,False,-1.699,SL
2026-08-05T13:15:00,NATURALGAS,2026-08-05,cycles_resampled,CHOP,VALIDATION,AMBIGUOUS,NO_ACTION,NO_ESTABLISHED_EDGE,AMBIG,SHORT,257.1,257.7,257.718,0.618,0.15,False,1.7872,1.0,0.0,False,True,True,False,0.6472,-1.6181,False,False,False,True,-1.7799,SL
2026-08-05T14:05:00,NATURALGAS,2026-08-05,cycles_resampled,CHOP,VALIDATION,AMBIGUOUS,NO_ACTION,NO_ESTABLISHED_EDGE,AMBIG,LONG,258.1,257.87,257.482,0.618,0.81,False,1.7143,1.0,0.0,False,True,True,False,0.3236,-1.2945,False,False,False,True,-1.4563,SL
2026-08-05T15:30:00,NATURALGAS,2026-08-05,cycles_resampled,CHOP,VALIDATION,SPIKE_NO_LEVEL,NO_ACTION,NO_ESTABLISHED_EDGE,AMBIG,LONG,257.3,,,,,,0.8,0.4,,,,,,,,,,,,,
2026-08-05T15:40:00,NATURALGAS,2026-08-05,cycles_resampled,CHOP,VALIDATION,H7_TRAP,AVOID,SUPPORTED,H7_TRAP,LONG,257.7,257.4,257.185,0.515,0.33,False,1.7949,1.0,1.8,True,False,False,True,0.0,-2.3301,False,False,False,True,-2.5243,SL
2026-08-05T15:45:00,NATURALGAS,2026-08-05,cycles_resampled,CHOP,VALIDATION,AMBIGUOUS,NO_ACTION,NO_ESTABLISHED_EDGE,AMBIG,SHORT,256.5,256.7,257.633,1.133,,False,3.08,1.0,0.0,False,True,False,False,0.0,-1.2357,False,False,False,True,-1.3239,SL
2026-08-05T16:15:00,NATURALGAS,2026-08-05,cycles_resampled,CHOP,VALIDATION,H1_CONT_BLOCKED,NO_ACTION,NO_ESTABLISHED_EDGE,H1_CONT,LONG,257.3,256.7,256.682,0.618,0.94,True,1.68,1.0,0.0,False,True,True,False,1.1327,-1.9417,True,False,False,False,-2.1036,SL
2026-08-05T16:20:00,NATURALGAS,2026-08-05,cycles_resampled,CHOP,VALIDATION,H7_TRAP,AVOID,SUPPORTED,H7_TRAP,LONG,257.8,257.88,257.179,0.621,0.13,False,1.5,0.8571,0.8286,True,False,False,True,0.3221,-1.1272,False,False,False,True,-1.2882,SL
2026-08-05T16:25:00,NATURALGAS,2026-08-05,cycles_resampled,CHOP,VALIDATION,SPIKE_NO_LEVEL,NO_ACTION,NO_ESTABLISHED_EDGE,AMBIG,SHORT,257.3,,,,,,1.2281,1.0,,,,,,,,,,,,,
2026-08-05T16:45:00,NATURALGAS,2026-08-05,cycles_resampled,CHOP,VALIDATION,H7_LEANING_TRAP,AVOID,SUPPORTED,H7_TRAP,LONG,257.8,258.0,257.279,0.521,0.15,False,1.0938,0.7143,0.5714,True,False,False,True,0.3839,-1.3436,False,False,False,True,-1.5355,SL
2026-08-05T17:05:00,NATURALGAS,2026-08-05,cycles_resampled,CHOP,VALIDATION,AMBIGUOUS,NO_ACTION,NO_ESTABLISHED_EDGE,AMBIG,SHORT,257.3,257.5,258.021,0.721,0.42,False,1.4237,0.8571,0.0,False,True,True,False,3.0513,-0.4161,True,True,True,False,2.8613,T3
2026-08-05T17:10:00,NATURALGAS,2026-08-05,cycles_resampled,CHOP,VALIDATION,SPIKE_NO_LEVEL,NO_ACTION,NO_ESTABLISHED_EDGE,AMBIG,LONG,257.4,,,,,,0.2222,0.2,,,,,,,,,,,,,
2026-08-05T17:15:00,NATURALGAS,2026-08-05,cycles_resampled,CHOP,VALIDATION,H7_LEANING_TRAP,AVOID,SUPPORTED,H7_TRAP,SHORT,256.8,257.0,257.315,0.515,0.58,True,1.0448,1.0,0.4,True,True,False,True,3.301,-0.9709,True,True,True,False,2.8058,T3
2026-08-05T17:30:00,NATURALGAS,2026-08-05,cycles_resampled,CHOP,VALIDATION,AMBIGUOUS,NO_ACTION,NO_ESTABLISHED_EDGE,AMBIG,SHORT,256.1,256.5,257.336,1.236,,False,2.2,0.9167,0.0,False,True,True,False,0.8091,-1.2945,False,False,False,True,-1.3754,SL
2026-08-05T17:40:00,NATURALGAS,2026-08-05,cycles_resampled,CHOP,VALIDATION,AMBIGUOUS,NO_ACTION,NO_ESTABLISHED_EDGE,H7_TRAP,SHORT,255.8,256.0,256.521,0.721,,False,1.3803,1.0,0.1429,True,False,False,True,0.6935,-1.6644,False,False,False,True,-1.8031,SL
2026-08-05T17:45:00,NATURALGAS,2026-08-05,cycles_resampled,CHOP,VALIDATION,SPIKE_NO_LEVEL,NO_ACTION,NO_ESTABLISHED_EDGE,AMBIG,LONG,256.1,,,,,,0.9091,0.5556,,,,,,,,,,,,,
2026-08-05T17:50:00,NATURALGAS,2026-08-05,cycles_resampled,CHOP,VALIDATION,AMBIGUOUS,NO_ACTION,NO_ESTABLISHED_EDGE,H1_WEAK,SHORT,256.0,256.8,257.03,1.03,0.68,True,0.1687,0.1,0.1,True,True,True,False,0.8738,-1.165,False,False,False,True,-1.2621,SL
2026-08-05T17:55:00,NATURALGAS,2026-08-05,cycles_resampled,CHOP,VALIDATION,H7_TRAP,AVOID,SUPPORTED,H7_TRAP,SHORT,255.7,255.3,256.233,0.533,0.75,False,0.8046,0.4545,1.4545,True,False,False,True,0.5629,-2.439,False,False,False,True,-2.6266,SL
2026-08-05T18:00:00,NATURALGAS,2026-08-05,cycles_resampled,CHOP,VALIDATION,AMBIGUOUS,NO_ACTION,NO_ESTABLISHED_EDGE,H7_TRAP,LONG,256.1,256.2,255.376,0.724,1.24,True,1.0652,0.875,0.125,True,False,False,True,2.2099,-1.2431,True,True,False,False,-1.3812,SL
2026-08-05T18:05:00,NATURALGAS,2026-08-05,cycles_resampled,CHOP,VALIDATION,H7_TRAP,AVOID,SUPPORTED,H7_TRAP,LONG,256.9,257.0,256.176,0.724,0.14,False,1.0103,0.875,1.125,True,False,False,True,0.4144,-1.105,False,False,False,True,-1.2431,SL
2026-08-05T18:10:00,NATURALGAS,2026-08-05,cycles_resampled,CHOP,VALIDATION,H7_TRAP,AVOID,SUPPORTED,H7_TRAP,SHORT,256.1,256.2,257.233,1.133,0.88,False,1.2,0.8182,1.2727,True,False,False,True,0.0,-1.4122,False,False,False,True,-1.5004,SL
2026-08-05T18:20:00,NATURALGAS,2026-08-05,cycles_resampled,CHOP,VALIDATION,H7_TRAP,AVOID,SUPPORTED,H7_TRAP,LONG,257.6,257.2,256.979,0.621,0.61,False,0.7636,0.8571,2.1429,True,False,False,True,0.0,-1.6103,False,False,False,True,-1.7713,SL
2026-08-05T18:30:00,NATURALGAS,2026-08-05,cycles_resampled,CHOP,VALIDATION,H7_LEANING_TRAP,AVOID,SUPPORTED,H7_TRAP,SHORT,255.7,256.1,256.73,1.03,0.58,False,0.9106,0.8,0.6,True,True,False,True,0.1942,-1.068,False,False,False,True,-1.165,SL
2026-08-05T19:35:00,NATURALGAS,2026-08-05,cycles_resampled,CHOP,VALIDATION,H1_CONT_BLOCKED,NO_ACTION,NO_ESTABLISHED_EDGE,H1_CONT,SHORT,255.5,256.1,256.327,0.827,0.48,True,1.4,0.8889,0.0,False,True,True,False,1.6929,-1.2092,True,False,False,False,-1.3301,SL
2026-08-05T20:00:00,NATURALGAS,2026-08-05,cycles_resampled,CHOP,VALIDATION,AMBIGUOUS,NO_ACTION,NO_ESTABLISHED_EDGE,AMBIG,SHORT,254.8,255.1,255.624,0.824,,False,1.4177,1.0,0.0,False,True,True,False,0.8495,-1.335,False,False,False,True,-1.4563,SL
2026-08-05T21:45:00,NATURALGAS,2026-08-05,cycles_resampled,CHOP,VALIDATION,H1_CONT_OBSERVE,NO_ACTION,NOT_VALIDATED,H1_CONT,LONG,256.5,255.7,255.573,0.927,1.7,True,2.0741,0.8889,0.0,False,True,True,False,0.6472,-0.3236,False,False,False,False,0.3236,EOD
2026-08-06T11:25:00,NATURALGAS,2026-08-06,cycles_resampled,CHOP,VALIDATION,SPIKE_NO_LEVEL,NO_ACTION,NO_ESTABLISHED_EDGE,AMBIG,LONG,255.4,,,,,,0.5833,0.25,,,,,,,,,,,,,
2026-08-06T11:30:00,NATURALGAS,2026-08-06,cycles_resampled,CHOP,VALIDATION,H1_CONT_BLOCKED,NO_ACTION,NO_ESTABLISHED_EDGE,H1_CONT,LONG,256.6,256.1,255.364,1.236,,True,4.0,0.8333,0.0,False,True,True,False,1.2136,-1.2945,True,False,False,False,-1.3754,SL
2026-08-06T11:35:00,NATURALGAS,2026-08-06,cycles_resampled,CHOP,VALIDATION,H1_CONT_BLOCKED,NO_ACTION,NO_ESTABLISHED_EDGE,H1_CONT,LONG,256.8,256.6,256.285,0.515,,True,1.8421,1.0,0.0,False,True,True,False,2.5243,-1.7476,True,True,False,False,-1.9417,SL
2026-08-06T12:00:00,NATURALGAS,2026-08-06,cycles_resampled,CHOP,VALIDATION,H1_CONT_BLOCKED,NO_ACTION,NO_ESTABLISHED_EDGE,H1_CONT,LONG,257.6,257.5,257.188,0.412,,True,1.2174,1.0,0.0,False,True,True,False,1.2136,-1.4563,True,False,False,False,-1.699,SL
2026-08-06T12:05:00,NATURALGAS,2026-08-06,cycles_resampled,CHOP,VALIDATION,H1_CONT_BLOCKED,NO_ACTION,NO_ESTABLISHED_EDGE,H1_CONT,LONG,257.8,257.6,257.388,0.412,,True,1.1429,1.0,0.0,False,True,True,False,0.7282,-1.9417,False,False,False,True,-2.1845,SL
2026-08-06T12:30:00,NATURALGAS,2026-08-06,cycles_resampled,CHOP,VALIDATION,H7_LEANING_TRAP,AVOID,SUPPORTED,H7_TRAP,SHORT,257.8,257.6,258.115,0.315,0.32,True,0.4828,0.4,0.4,True,False,False,True,3.4921,0.0,True,True,True,False,2.6825,T3
2026-08-06T13:20:00,NATURALGAS,2026-08-06,cycles_resampled,CHOP,VALIDATION,H1_CONT_OBSERVE,NO_ACTION,NOT_VALIDATED,H1_CONT,SHORT,256.7,257.0,257.112,0.412,3.81,True,1.4737,1.0,0.0,False,True,True,False,0.2427,-1.2136,False,False,False,True,-1.4563,SL
2026-08-06T13:35:00,NATURALGAS,2026-08-06,cycles_resampled,CHOP,VALIDATION,H7_LEANING_TRAP,AVOID,SUPPORTED,H7_TRAP,LONG,257.0,257.19,256.685,0.315,0.6,True,1.0769,0.6,0.58,True,False,False,True,0.6349,-1.5873,False,False,False,True,-1.9048,SL
2026-08-06T13:55:00,NATURALGAS,2026-08-06,cycles_resampled,CHOP,VALIDATION,H7_LEANING_TRAP,AVOID,SUPPORTED,AMBIG,SHORT,256.5,256.6,257.221,0.721,1.9,False,2.3902,1.0,0.2857,True,True,False,False,3.6061,-0.5548,True,True,True,False,2.8613,T3
2026-08-06T15:05:00,NATURALGAS,2026-08-06,cycles_resampled,CHOP,VALIDATION,AMBIGUOUS,NO_ACTION,NO_ESTABLISHED_EDGE,AMBIG,SHORT,255.9,256.5,256.724,0.824,0.93,False,3.1111,1.0,0.0,False,True,True,False,3.034,-0.4854,True,True,True,False,2.8786,T3
2026-08-06T15:25:00,NATURALGAS,2026-08-06,cycles_resampled,CHOP,VALIDATION,AMBIGUOUS,NO_ACTION,NO_ESTABLISHED_EDGE,H7_TRAP,SHORT,255.0,255.1,255.824,0.824,,False,2.5455,1.0,0.25,True,True,False,True,0.2427,-1.0922,False,False,False,True,-1.2136,SL
2026-08-06T16:00:00,NATURALGAS,2026-08-06,cycles_resampled,CHOP,VALIDATION,H7_TRAP,AVOID,SUPPORTED,H7_TRAP,SHORT,254.8,254.8,255.418,0.618,,False,1.5849,1.0,2.1667,True,False,False,True,0.0,-1.2945,False,False,False,True,-1.4563,SL
2026-08-06T16:05:00,NATURALGAS,2026-08-06,cycles_resampled,CHOP,VALIDATION,H1_CONT_OBSERVE,NO_ACTION,NOT_VALIDATED,H1_CONT,LONG,255.5,255.4,254.879,0.621,2.25,True,1.4237,0.8571,0.0,False,True,True,False,0.9662,-1.1272,False,False,False,True,-1.2882,SL
2026-08-06T16:10:00,NATURALGAS,2026-08-06,cycles_resampled,CHOP,VALIDATION,H1_CONT_OBSERVE,NO_ACTION,NOT_VALIDATED,H1_CONT,LONG,255.8,255.6,255.282,0.518,2.12,True,1.1111,0.8333,0.0,False,True,True,False,0.5792,-1.1583,False,False,False,True,-1.3514,SL
2026-08-06T17:15:00,NATURALGAS,2026-08-06,cycles_resampled,CHOP,VALIDATION,AMBIGUOUS,NO_ACTION,NO_ESTABLISHED_EDGE,AMBIG,SHORT,254.0,254.7,254.518,0.518,,False,1.4,0.8333,0.0,False,True,True,False,2.1236,-1.3514,True,True,False,False,-1.5444,SL
2026-08-06T17:20:00,NATURALGAS,2026-08-06,cycles_resampled,CHOP,VALIDATION,H7_TRAP,AVOID,SUPPORTED,AMBIG,SHORT,253.6,253.9,253.915,0.315,,False,0.56,0.4,0.8,True,True,True,False,2.2222,-2.2222,True,True,False,False,-2.5397,SL
2026-08-06T17:30:00,NATURALGAS,2026-08-06,cycles_resampled,CHOP,VALIDATION,SPIKE_NO_LEVEL,NO_ACTION,NO_ESTABLISHED_EDGE,AMBIG,LONG,253.3,,,,,,0.549,0.4,,,,,,,,,,,,,
2026-08-06T17:35:00,NATURALGAS,2026-08-06,cycles_resampled,CHOP,VALIDATION,AMBIGUOUS,NO_ACTION,NO_ESTABLISHED_EDGE,H7_TRAP,LONG,254.3,253.9,252.858,1.442,1.72,False,3.1613,1.0,0.1429,True,False,False,True,0.9709,-1.0402,False,False,False,True,-1.1096,SL
2026-08-06T17:40:00,NATURALGAS,2026-08-06,cycles_resampled,CHOP,VALIDATION,AMBIGUOUS,NO_ACTION,NO_ESTABLISHED_EDGE,AMBIG,SHORT,253.7,254.92,254.73,1.03,0.29,False,0.8116,0.4,0.28,True,True,True,False,0.0,-1.068,False,False,False,True,-1.165,SL
2026-08-06T17:45:00,NATURALGAS,2026-08-06,cycles_resampled,CHOP,VALIDATION,AMBIGUOUS,NO_ACTION,NO_ESTABLISHED_EDGE,AMBIG,LONG,254.6,253.9,253.776,0.824,2.73,False,1.4737,1.0,0.0,False,True,True,False,0.7282,-1.2136,False,False,False,True,-1.335,SL
2026-08-06T17:50:00,NATURALGAS,2026-08-06,cycles_resampled,CHOP,VALIDATION,H7_LEANING_TRAP,AVOID,SUPPORTED,H7_TRAP,SHORT,254.3,254.9,254.818,0.518,2.7,False,0.8861,0.8333,0.5,True,False,False,True,0.7722,-1.7375,False,False,False,True,-1.9305,SL
2026-08-06T17:55:00,NATURALGAS,2026-08-06,cycles_resampled,CHOP,VALIDATION,H7_TRAP,AVOID,SUPPORTED,H7_TRAP,LONG,255.2,254.8,253.861,1.339,1.23,False,2.0,1.0,0.6154,True,True,False,True,0.0,-1.1949,False,False,False,True,-1.2696,SL
2026-08-06T18:05:00,NATURALGAS,2026-08-06,cycles_resampled,CHOP,VALIDATION,H7_TRAP,AVOID,SUPPORTED,H7_TRAP,SHORT,254.0,253.9,254.621,0.621,0.16,False,0.875,0.8571,1.7143,True,False,False,True,0.6441,-2.2544,False,False,False,True,-2.4155,SL
2026-08-06T18:10:00,NATURALGAS,2026-08-06,cycles_resampled,CHOP,VALIDATION,SPIKE_NO_LEVEL,NO_ACTION,NO_ESTABLISHED_EDGE,AMBIG,LONG,254.3,,,,,,0.9703,1.0,,,,,,,,,,,,,
2026-08-06T18:25:00,NATURALGAS,2026-08-06,cycles_resampled,CHOP,VALIDATION,H7_TRAP,AVOID,SUPPORTED,H7_TRAP,LONG,255.3,255.4,254.879,0.421,3.94,True,0.2617,0.2857,1.5714,True,False,False,True,0.0,-2.6128,False,False,False,True,-2.8504,SL
2026-08-06T18:35:00,NATURALGAS,2026-08-06,cycles_resampled,CHOP,VALIDATION,H7_TRAP,AVOID,SUPPORTED,H7_TRAP,LONG,255.6,255.6,254.467,1.133,1.2,False,1.2623,1.0,0.8182,True,False,False,True,0.0883,-1.5887,False,False,False,True,-1.677,SL
2026-08-06T18:40:00,NATURALGAS,2026-08-06,cycles_resampled,CHOP,VALIDATION,H7_LEANING_TRAP,AVOID,SUPPORTED,H7_TRAP,SHORT,254.7,254.8,255.421,0.721,0.69,False,0.784,1.0,0.5714,True,False,False,True,0.0,-1.387,False,False,False,True,-1.5257,SL
2026-08-06T19:00:00,NATURALGAS,2026-08-06,cycles_resampled,CHOP,VALIDATION,H1_CONT_BLOCKED,NO_ACTION,NO_ESTABLISHED_EDGE,H1_CONT,SHORT,253.8,254.7,255.036,1.236,0.73,True,1.5135,1.0,0.0,False,True,True,False,2.6699,-0.7282,True,True,False,False,0.5663,EOD
2026-08-06T20:00:00,NATURALGAS,2026-08-06,cycles_resampled,CHOP,VALIDATION,H1_WEAK,NO_ACTION,NO_ESTABLISHED_EDGE,H1_CONT,SHORT,251.4,252.3,252.021,0.621,,True,0.9438,0.8571,0.0,False,True,True,False,1.4493,-2.0934,True,False,False,False,-2.2544,SL
2026-08-06T20:05:00,NATURALGAS,2026-08-06,cycles_resampled,CHOP,VALIDATION,H1_WEAK,NO_ACTION,NO_ESTABLISHED_EDGE,H1_CONT,SHORT,251.0,251.3,251.621,0.621,,True,0.9231,0.8571,0.0,False,True,True,False,0.8052,-1.1272,False,False,False,True,-1.2882,SL
2026-08-06T21:40:00,NATURALGAS,2026-08-06,cycles_resampled,CHOP,VALIDATION,H7_LEANING_TRAP,AVOID,SUPPORTED,H7_TRAP,LONG,253.8,253.6,252.873,0.927,0.43,False,1.3425,0.7778,0.4444,True,False,False,True,0.9709,-0.863,False,False,False,False,-0.7551,EOD
2026-08-06T22:15:00,NATURALGAS,2026-08-06,cycles_resampled,CHOP,VALIDATION,H1_CONT_OBSERVE,NO_ACTION,NOT_VALIDATED,H1_CONT,LONG,254.5,254.0,253.47,1.03,2.65,True,2.1212,1.0,0.0,False,True,True,False,0.1942,-1.4563,False,False,False,True,-1.5534,SL
2026-08-07T10:00:00,NATURALGAS,2026-08-07,cycles_resampled,TREND_UP,VALIDATION,H1_CONT_OBSERVE,NO_ACTION,NOT_VALIDATED,H1_CONT,SHORT,252.3,252.5,252.712,0.412,1.94,True,1.3333,1.0,0.0,False,True,True,False,0.2427,-1.2136,False,False,False,True,-1.4563,SL
2026-08-07T10:35:00,NATURALGAS,2026-08-07,cycles_resampled,TREND_UP,VALIDATION,AMBIGUOUS,NO_ACTION,NO_ESTABLISHED_EDGE,H7_TRAP,LONG,253.1,252.9,252.585,0.515,,True,1.7949,1.0,0.2,True,True,False,True,3.1068,-0.5825,True,True,True,False,2.8058,T3
2026-08-07T11:35:00,NATURALGAS,2026-08-07,cycles_resampled,TREND_UP,VALIDATION,AMBIGUOUS,NO_ACTION,NO_ESTABLISHED_EDGE,AMBIG,LONG,253.2,253.4,252.885,0.315,0.63,True,0.8,0.4,0.0,False,False,False,False,3.4921,0.0,True,True,True,False,2.6825,T3
2026-08-07T11:40:00,NATURALGAS,2026-08-07,cycles_resampled,TREND_UP,VALIDATION,H1_WEAK,NO_ACTION,NO_ESTABLISHED_EDGE,H1_WEAK,LONG,253.6,253.4,253.288,0.312,,True,0.7568,0.5,0.0,False,True,True,False,3.5256,0.0,True,True,True,False,2.6795,T3
2026-08-07T11:45:00,NATURALGAS,2026-08-07,cycles_resampled,TREND_UP,VALIDATION,H1_CONT_BLOCKED,NO_ACTION,NO_ESTABLISHED_EDGE,H1_CONT,LONG,254.1,253.7,253.585,0.515,,True,1.5135,0.8,0.0,False,True,True,False,1.7476,-1.3592,True,False,False,False,-1.5534,SL
2026-08-07T12:10:00,NATURALGAS,2026-08-07,cycles_resampled,TREND_UP,VALIDATION,AMBIGUOUS,NO_ACTION,NO_ESTABLISHED_EDGE,AMBIG,LONG,254.7,254.3,253.773,0.927,,False,2.8,1.0,0.0,False,True,True,False,0.3236,-1.4024,False,False,False,True,-1.5102,SL
2026-08-07T12:40:00,NATURALGAS,2026-08-07,cycles_resampled,TREND_UP,VALIDATION,AMBIGUOUS,NO_ACTION,NO_ESTABLISHED_EDGE,AMBIG,SHORT,254.5,254.7,254.912,0.412,0.24,False,0.875,0.75,0.0,False,True,True,False,3.1553,-0.7282,True,True,True,False,2.7573,T3
2026-08-07T13:00:00,NATURALGAS,2026-08-07,cycles_resampled,TREND_UP,VALIDATION,H7_LEANING_TRAP,AVOID,SUPPORTED,H7_TRAP,LONG,254.8,254.5,254.182,0.618,0.32,False,1.2174,0.6667,0.5,True,False,False,True,0.0,-1.1327,False,False,False,True,-1.2945,SL
2026-08-07T13:45:00,NATURALGAS,2026-08-07,cycles_resampled,TREND_UP,VALIDATION,AMBIGUOUS,NO_ACTION,NO_ESTABLISHED_EDGE,AMBIG,SHORT,253.8,254.1,254.315,0.515,2.27,False,1.75,1.0,0.0,False,True,True,False,3.1068,-0.5825,True,True,True,False,2.8058,T3
2026-08-07T14:05:00,NATURALGAS,2026-08-07,cycles_resampled,TREND_UP,VALIDATION,AMBIGUOUS,NO_ACTION,NO_ESTABLISHED_EDGE,AMBIG,SHORT,253.7,253.8,254.018,0.318,3.14,False,0.6829,0.3333,0.0,False,True,True,False,3.1447,0.0,True,True,True,False,2.6855,T3
2026-08-07T14:20:00,NATURALGAS,2026-08-07,cycles_resampled,TREND_UP,VALIDATION,H1_CONT_BLOCKED,NO_ACTION,NO_ESTABLISHED_EDGE,H1_CONT,SHORT,253.2,253.3,253.715,0.515,0.82,True,1.75,1.0,0.0,False,True,True,False,2.9126,-1.5534,True,True,False,False,-1.7476,SL
2026-08-07T14:50:00,NATURALGAS,2026-08-07,cycles_resampled,TREND_UP,VALIDATION,H7_LEANING_TRAP,AVOID,SUPPORTED,H7_TRAP,SHORT,253.0,253.0,253.518,0.518,0.29,False,1.4,0.8333,0.5,True,False,False,True,2.5097,-1.9305,True,True,False,False,-2.1236,SL
2026-08-07T15:15:00,NATURALGAS,2026-08-07,cycles_resampled,TREND_UP,VALIDATION,AMBIGUOUS,NO_ACTION,NO_ESTABLISHED_EDGE,H7_TRAP,SHORT,252.7,252.9,253.215,0.515,1.13,False,1.1667,0.8,0.2,True,False,False,True,1.9417,-1.165,True,False,False,False,-1.3592,SL
2026-08-07T16:30:00,NATURALGAS,2026-08-07,cycles_resampled,TREND_UP,VALIDATION,H7_LEANING_TRAP,AVOID,SUPPORTED,AMBIG,SHORT,251.9,252.1,252.318,0.418,0.96,False,0.6087,0.3333,0.5,True,True,False,False,0.4785,-1.1962,False,False,False,True,-1.4354,SL
2026-08-07T17:00:00,NATURALGAS,2026-08-07,cycles_resampled,TREND_UP,VALIDATION,H7_TRAP,AVOID,SUPPORTED,H7_TRAP,SHORT,252.0,252.1,252.618,0.618,0.52,False,1.7143,1.0,1.0,True,False,False,True,0.1618,-1.4563,False,False,False,True,-1.6181,SL
2026-08-07T17:20:00,NATURALGAS,2026-08-07,cycles_resampled,TREND_UP,VALIDATION,AMBIGUOUS,NO_ACTION,NO_ESTABLISHED_EDGE,H7_TRAP,LONG,252.8,252.6,252.285,0.515,1.79,True,1.037,0.8,0.2,True,False,False,True,2.5243,-1.5534,True,True,False,False,-1.7476,SL
2026-08-07T17:35:00,NATURALGAS,2026-08-07,cycles_resampled,TREND_UP,VALIDATION,H1_CONT_OBSERVE,NO_ACTION,NOT_VALIDATED,H1_CONT,LONG,253.0,252.9,252.485,0.515,1.26,True,1.1864,1.0,0.0,False,True,True,False,2.1359,-1.9417,True,True,False,False,-2.1359,SL
2026-08-07T17:45:00,NATURALGAS,2026-08-07,cycles_resampled,TREND_UP,VALIDATION,H7_TRAP,AVOID,SUPPORTED,H7_TRAP,LONG,253.9,253.58,253.382,0.518,2.12,False,1.1667,0.8333,1.8,True,False,False,True,0.3861,-1.7375,False,False,False,True,-1.9305,SL
2026-08-07T17:50:00,NATURALGAS,2026-08-07,cycles_resampled,TREND_UP,VALIDATION,AMBIGUOUS,NO_ACTION,NO_ESTABLISHED_EDGE,H1_CONT,SHORT,253.0,253.4,254.133,1.133,0.62,True,2.3333,1.0,0.1818,True,True,True,False,0.8826,-1.1474,False,False,False,True,-1.2357,SL
2026-08-07T17:55:00,NATURALGAS,2026-08-07,cycles_resampled,TREND_UP,VALIDATION,H7_TRAP,AVOID,SUPPORTED,H7_TRAP,SHORT,252.5,253.0,253.015,0.515,0.39,False,1.0448,1.0,1.2,True,False,False,True,0.0,-1.3592,False,False,False,True,-1.5534,SL
2026-08-07T18:00:00,NATURALGAS,2026-08-07,cycles_resampled,TREND_UP,VALIDATION,AMBIGUOUS,NO_ACTION,NO_ESTABLISHED_EDGE,H7_TRAP,LONG,253.2,253.0,252.582,0.618,0.61,True,1.1831,1.0,0.1667,True,True,False,True,0.8091,-1.9417,False,False,False,True,-2.1036,SL
2026-08-07T18:05:00,NATURALGAS,2026-08-07,cycles_resampled,TREND_UP,VALIDATION,H7_TRAP,AVOID,SUPPORTED,H7_TRAP,LONG,253.6,253.58,253.082,0.518,0.97,False,0.9459,0.8333,1.1333,True,False,False,True,0.0,-1.5444,False,False,False,True,-1.7375,SL
2026-08-07T18:10:00,NATURALGAS,2026-08-07,cycles_resampled,TREND_UP,VALIDATION,H7_LEANING_TRAP,AVOID,SUPPORTED,H7_TRAP,SHORT,252.9,253.1,253.521,0.621,0.64,False,1.1053,0.8571,0.2857,True,False,False,True,1.4493,-2.2544,True,False,False,False,-2.4155,SL
2026-08-07T18:15:00,NATURALGAS,2026-08-07,cycles_resampled,TREND_UP,VALIDATION,SPIKE_NO_LEVEL,NO_ACTION,NO_ESTABLISHED_EDGE,AMBIG,LONG,253.3,,,,,,0.9767,0.4615,,,,,,,,,,,,,
2026-08-07T18:30:00,NATURALGAS,2026-08-07,cycles_resampled,TREND_UP,VALIDATION,AMBIGUOUS,NO_ACTION,NO_ESTABLISHED_EDGE,AMBIG,LONG,254.3,253.58,253.064,1.236,0.57,False,1.8667,1.0,0.0,False,True,True,False,1.9417,-0.3236,True,False,False,False,1.2945,EOD
2026-08-07T18:35:00,NATURALGAS,2026-08-07,cycles_resampled,TREND_UP,VALIDATION,SPIKE_NO_LEVEL,NO_ACTION,NO_ESTABLISHED_EDGE,AMBIG,SHORT,254.0,,,,,,0.2979,0.2857,,,,,,,,,,,,,
2026-08-07T18:40:00,NATURALGAS,2026-08-07,cycles_resampled,TREND_UP,VALIDATION,H1_CONT_BLOCKED,NO_ACTION,NO_ESTABLISHED_EDGE,H1_CONT,LONG,255.3,255.0,254.167,1.133,,True,1.4808,1.0,0.0,False,True,True,False,1.2357,-1.0591,True,False,False,False,-1.1474,SL
2026-08-07T18:50:00,NATURALGAS,2026-08-07,cycles_resampled,TREND_UP,VALIDATION,AMBIGUOUS,NO_ACTION,NO_ESTABLISHED_EDGE,AMBIG,LONG,256.0,256.0,255.679,0.321,,False,0.3853,0.4286,0.1429,True,False,False,False,2.1807,-1.2461,True,True,False,False,-1.5576,SL
2026-08-07T19:25:00,NATURALGAS,2026-08-07,cycles_resampled,TREND_UP,VALIDATION,AMBIGUOUS,NO_ACTION,NO_ESTABLISHED_EDGE,H7_TRAP,LONG,256.2,256.4,255.679,0.521,0.38,True,0.3218,0.2857,0.1429,True,False,False,True,0.9597,-1.1516,False,False,False,True,-1.3436,SL
2026-08-07T20:20:00,NATURALGAS,2026-08-07,cycles_resampled,TREND_UP,VALIDATION,AMBIGUOUS,NO_ACTION,NO_ESTABLISHED_EDGE,AMBIG,SHORT,255.7,256.0,256.421,0.721,5.6,False,1.661,1.0,0.0,False,True,True,False,2.4965,-0.2774,True,True,False,False,-0.2774,EOD
2026-08-07T20:55:00,NATURALGAS,2026-08-07,cycles_resampled,TREND_UP,VALIDATION,AMBIGUOUS,NO_ACTION,NO_ESTABLISHED_EDGE,AMBIG,SHORT,254.8,255.0,255.521,0.721,4.36,False,1.9216,1.0,0.0,False,True,True,False,1.2483,-1.1096,True,False,False,False,-1.2483,SL
2026-08-07T21:10:00,NATURALGAS,2026-08-07,cycles_resampled,TREND_UP,VALIDATION,H7_LEANING_TRAP,AVOID,SUPPORTED,H7_TRAP,SHORT,254.1,254.5,254.718,0.618,3.95,False,1.7143,1.0,0.5,True,False,False,True,0.3236,-1.4563,False,False,False,True,-1.6181,SL
2026-08-07T21:15:00,NATURALGAS,2026-08-07,cycles_resampled,TREND_UP,VALIDATION,H1_CONT_OBSERVE,NO_ACTION,NOT_VALIDATED,H1_CONT,LONG,254.5,254.37,253.882,0.618,1.62,True,1.037,0.6667,0.0,False,True,True,False,2.2654,-0.3236,True,True,False,False,2.2654,EOD
2026-08-07T21:20:00,NATURALGAS,2026-08-07,cycles_resampled,TREND_UP,VALIDATION,H1_CONT_OBSERVE,NO_ACTION,NOT_VALIDATED,H1_CONT,LONG,254.8,254.7,254.279,0.521,3.65,True,1.1864,0.7143,0.0,False,True,True,False,2.1113,-0.3839,True,True,False,False,2.1113,EOD
2026-08-07T21:55:00,NATURALGAS,2026-08-07,cycles_resampled,TREND_UP,VALIDATION,AMBIGUOUS,NO_ACTION,NO_ESTABLISHED_EDGE,H7_TRAP,LONG,255.5,255.3,254.779,0.721,1.66,True,1.6066,1.0,0.1429,True,True,False,True,0.5548,-0.8322,False,False,False,False,0.5548,EOD
2026-08-10T10:05:00,NATURALGAS,2026-08-10,cycles_resampled,TREND_UP,VALIDATION,SPIKE_NO_LEVEL,NO_ACTION,NO_ESTABLISHED_EDGE,AMBIG,LONG,260.8,,,,,,0.9655,0.6667,,,,,,,,,,,,,
2026-08-10T10:20:00,NATURALGAS,2026-08-10,cycles_resampled,TREND_UP,VALIDATION,H7_TRAP,AVOID,SUPPORTED,H7_TRAP,SHORT,261.0,260.9,261.209,0.209,2.34,False,0.5,0.3333,2.0,True,False,False,True,0.0,-2.3923,False,False,False,True,-2.8708,SL
2026-08-10T10:25:00,NATURALGAS,2026-08-10,cycles_resampled,TREND_UP,VALIDATION,AMBIGUOUS,NO_ACTION,NO_ESTABLISHED_EDGE,H7_TRAP,LONG,261.5,261.4,261.088,0.412,,False,1.75,1.0,0.25,True,False,False,True,0.2427,-1.2136,False,False,False,True,-1.4563,SL
2026-08-10T11:25:00,NATURALGAS,2026-08-10,cycles_resampled,TREND_UP,VALIDATION,H7_TRAP,AVOID,SUPPORTED,H7_TRAP,SHORT,261.2,261.2,261.412,0.212,0.99,False,0.8,0.5,2.0,True,False,False,True,0.0,-2.3585,False,False,False,True,-2.8302,SL
2026-08-10T11:30:00,NATURALGAS,2026-08-10,cycles_resampled,TREND_UP,VALIDATION,AMBIGUOUS,NO_ACTION,NO_ESTABLISHED_EDGE,H7_TRAP,LONG,261.5,261.6,261.185,0.315,0.32,True,1.1351,0.6,0.2,True,False,False,True,3.4921,0.0,True,True,True,False,2.6825,T3
2026-08-10T11:40:00,NATURALGAS,2026-08-10,cycles_resampled,TREND_UP,VALIDATION,H1_CONT_BLOCKED,NO_ACTION,NO_ESTABLISHED_EDGE,H1_CONT,LONG,262.0,261.7,261.485,0.515,,True,2.0,1.0,0.0,False,True,True,False,3.4951,0.0,True,True,True,False,2.8058,T3
2026-08-10T11:45:00,NATURALGAS,2026-08-10,cycles_resampled,TREND_UP,VALIDATION,AMBIGUOUS,NO_ACTION,NO_ESTABLISHED_EDGE,AMBIG,LONG,262.5,262.0,261.982,0.518,,False,1.4737,0.6667,0.0,False,True,True,False,3.0888,-0.9653,True,True,True,False,2.8069,T3
2026-08-10T12:30:00,NATURALGAS,2026-08-10,cycles_resampled,TREND_UP,VALIDATION,AMBIGUOUS,NO_ACTION,NO_ESTABLISHED_EDGE,AMBIG,LONG,262.8,262.9,262.488,0.312,0.32,True,0.5957,0.5,0.0,False,False,False,False,1.2821,-1.6026,True,False,False,False,-1.9231,SL
2026-08-10T12:35:00,NATURALGAS,2026-08-10,cycles_resampled,TREND_UP,VALIDATION,H7_LEANING_TRAP,AVOID,SUPPORTED,AMBIG,LONG,262.9,262.9,262.585,0.315,,True,0.2917,0.2,0.6,True,False,False,False,0.9524,-1.2698,False,False,False,True,-1.5873,SL
2026-08-10T12:45:00,NATURALGAS,2026-08-10,cycles_resampled,TREND_UP,VALIDATION,H7_TRAP,AVOID,SUPPORTED,H7_TRAP,LONG,263.1,263.2,262.582,0.518,0.19,False,0.2692,0.1667,1.0,True,False,False,True,0.0,-1.1583,False,False,False,True,-1.3514,SL
2026-08-10T13:20:00,NATURALGAS,2026-08-10,cycles_resampled,TREND_UP,VALIDATION,H7_TRAP,AVOID,SUPPORTED,H7_TRAP,SHORT,262.4,262.2,262.612,0.212,1.42,False,0.2545,0.25,2.0,True,False,False,True,0.4717,-1.8868,False,False,False,True,-2.3585,SL
2026-08-10T13:25:00,NATURALGAS,2026-08-10,cycles_resampled,TREND_UP,VALIDATION,H1_CONT_BLOCKED,NO_ACTION,NO_ESTABLISHED_EDGE,H1_CONT,LONG,262.8,262.6,262.285,0.515,0.78,True,1.25,1.0,0.0,False,True,True,False,3.6893,-0.3883,True,True,True,False,2.8058,T3
2026-08-10T14:25:00,NATURALGAS,2026-08-10,cycles_resampled,TREND_UP,VALIDATION,H1_CONT_BLOCKED,NO_ACTION,NO_ESTABLISHED_EDGE,H1_CONT,SHORT,263.4,263.8,263.812,0.412,0.24,True,1.3023,1.0,0.0,False,True,True,False,0.4854,-1.2136,False,False,False,True,-1.4563,SL
2026-08-10T14:35:00,NATURALGAS,2026-08-10,cycles_resampled,TREND_UP,VALIDATION,H1_CONT_BLOCKED,NO_ACTION,NO_ESTABLISHED_EDGE,H1_CONT,LONG,263.6,263.5,263.188,0.412,0.73,True,1.4,1.0,0.0,False,True,True,False,2.6699,-1.4563,True,True,False,False,-1.699,SL
2026-08-10T14:55:00,NATURALGAS,2026-08-10,cycles_resampled,TREND_UP,VALIDATION,H7_LEANING_TRAP,AVOID,SUPPORTED,H7_TRAP,LONG,264.0,263.9,263.482,0.518,,True,0.9545,0.5,0.3333,True,True,False,True,0.5792,-1.1583,False,False,False,True,-1.3514,SL
2026-08-10T15:45:00,NATURALGAS,2026-08-10,cycles_resampled,TREND_UP,VALIDATION,H1_CONT_OBSERVE,NO_ACTION,NOT_VALIDATED,H1_CONT,SHORT,263.7,263.8,264.215,0.515,6.14,True,1.1053,0.6,0.0,False,True,True,False,0.3883,-1.165,False,False,False,True,-1.3592,SL
2026-08-10T16:10:00,NATURALGAS,2026-08-10,cycles_resampled,TREND_UP,VALIDATION,H7_TRAP,AVOID,SUPPORTED,H7_TRAP,LONG,264.1,264.2,263.785,0.315,0.32,True,1.0769,0.6,0.8,True,False,False,True,0.3175,-1.9048,False,False,False,True,-2.2222,SL
2026-08-10T17:00:00,NATURALGAS,2026-08-10,cycles_resampled,TREND_UP,VALIDATION,AMBIGUOUS,NO_ACTION,NO_ESTABLISHED_EDGE,AMBIG,LONG,264.0,263.9,263.685,0.315,0.83,False,0.9333,0.6,0.0,False,True,True,False,2.2222,-1.2698,True,True,False,False,-1.5873,SL
2026-08-10T17:10:00,NATURALGAS,2026-08-10,cycles_resampled,TREND_UP,VALIDATION,H7_TRAP,AVOID,SUPPORTED,H1_CONT,LONG,264.4,264.3,263.979,0.421,,True,1.1429,0.5714,1.0,True,True,True,False,0.2375,-1.9002,False,False,False,True,-2.1378,SL
2026-08-10T17:15:00,NATURALGAS,2026-08-10,cycles_resampled,TREND_UP,VALIDATION,H7_TRAP,AVOID,SUPPORTED,H7_TRAP,LONG,264.5,264.31,263.985,0.515,0.39,True,0.0,0.0,1.42,True,True,False,True,0.0,-1.7476,False,False,False,True,-1.9417,SL
2026-08-10T17:25:00,NATURALGAS,2026-08-10,cycles_resampled,TREND_UP,VALIDATION,AMBIGUOUS,NO_ACTION,NO_ESTABLISHED_EDGE,AMBIG,SHORT,263.6,264.0,264.321,0.721,2.9,False,1.8491,1.0,0.0,False,True,True,False,0.8322,-1.5257,False,False,False,True,-1.6644,SL
2026-08-10T17:35:00,NATURALGAS,2026-08-10,cycles_resampled,TREND_UP,VALIDATION,H7_TRAP,AVOID,SUPPORTED,H7_TRAP,SHORT,263.6,263.5,264.015,0.415,5.04,True,0.5185,0.4,2.8,True,False,False,True,1.4458,-2.6506,True,False,False,True,-2.8916,SL
2026-08-10T17:40:00,NATURALGAS,2026-08-10,cycles_resampled,TREND_UP,VALIDATION,H7_TRAP,AVOID,SUPPORTED,H7_TRAP,SHORT,263.0,263.5,264.751,1.751,0.85,True,2.2647,0.6471,0.8235,True,False,False,True,0.0,-1.0851,False,False,False,True,-1.1422,SL
2026-08-10T17:50:00,NATURALGAS,2026-08-10,cycles_resampled,TREND_UP,VALIDATION,AMBIGUOUS,NO_ACTION,NO_ESTABLISHED_EDGE,AMBIG,LONG,264.9,264.7,263.973,0.927,,False,1.4483,1.0,0.0,False,True,True,False,0.9709,-1.1866,False,False,False,True,-1.2945,SL
2026-08-10T18:05:00,NATURALGAS,2026-08-10,cycles_resampled,TREND_UP,VALIDATION,H7_TRAP,AVOID,SUPPORTED,H7_TRAP,LONG,265.7,265.3,265.082,0.618,,True,0.7527,0.8333,2.6667,True,True,False,True,0.1618,-3.0744,False,False,False,True,-3.2362,SL
2026-08-10T18:15:00,NATURALGAS,2026-08-10,cycles_resampled,TREND_UP,VALIDATION,AMBIGUOUS,NO_ACTION,NO_ESTABLISHED_EDGE,AMBIG,SHORT,263.9,265.5,265.345,1.445,0.62,False,1.8318,0.9333,0.0,False,True,True,False,0.4844,-1.1765,False,False,False,True,-1.2457,SL
2026-08-10T18:25:00,NATURALGAS,2026-08-10,cycles_resampled,TREND_UP,VALIDATION,AMBIGUOUS,NO_ACTION,NO_ESTABLISHED_EDGE,AMBIG,LONG,263.7,263.8,263.176,0.524,3.05,True,0.3889,0.375,0.0,False,False,False,False,3.626,0.0,True,True,True,False,2.8092,T3
2026-08-10T18:30:00,NATURALGAS,2026-08-10,cycles_resampled,TREND_UP,VALIDATION,H1_WEAK,NO_ACTION,NO_ESTABLISHED_EDGE,H1_CONT,LONG,264.3,264.0,263.785,0.515,1.94,True,0.625,1.0,0.0,False,True,True,False,3.1068,0.0,True,True,True,False,2.8058,T3
2026-08-10T18:35:00,NATURALGAS,2026-08-10,cycles_resampled,TREND_UP,VALIDATION,SPIKE_NO_LEVEL,NO_ACTION,NO_ESTABLISHED_EDGE,AMBIG,SHORT,264.8,,,,,,0.2523,0.4,,,,,,,,,,,,,
2026-08-10T18:40:00,NATURALGAS,2026-08-10,cycles_resampled,TREND_UP,VALIDATION,AMBIGUOUS,NO_ACTION,NO_ESTABLISHED_EDGE,AMBIG,LONG,265.2,265.3,264.879,0.321,0.31,True,0.3621,0.4286,0.0,False,False,False,False,4.3614,-0.9346,True,True,True,False,2.6885,T3
2026-08-10T18:45:00,NATURALGAS,2026-08-10,cycles_resampled,TREND_UP,VALIDATION,H1_WEAK,NO_ACTION,NO_ESTABLISHED_EDGE,H1_WEAK,LONG,265.9,265.8,264.87,1.03,,True,0.5785,0.5,0.0,False,True,True,False,2.0388,-0.2913,True,True,False,False,0.8738,EOD
2026-08-10T18:55:00,NATURALGAS,2026-08-10,cycles_resampled,TREND_UP,VALIDATION,H1_WEAK,NO_ACTION,NO_ESTABLISHED_EDGE,H1_CONT,LONG,266.6,266.1,265.879,0.721,,True,0.5333,0.5714,0.0,False,True,True,False,1.9417,-0.8322,True,False,False,False,0.2774,EOD
2026-08-10T19:20:00,NATURALGAS,2026-08-10,cycles_resampled,TREND_UP,VALIDATION,H7_TRAP,AVOID,SUPPORTED,H7_TRAP,SHORT,266.5,266.6,267.118,0.618,9.6,False,0.8485,1.0,1.3333,True,False,False,True,0.0,-1.4563,False,False,False,True,-1.6181,SL
2026-08-10T19:55:00,NATURALGAS,2026-08-10,cycles_resampled,TREND_UP,VALIDATION,H7_TRAP,AVOID,SUPPORTED,H7_TRAP,SHORT,267.4,267.2,267.718,0.318,2.2,True,0.6269,0.5,1.3333,True,False,False,True,0.6289,-1.8868,False,False,False,True,-2.2013,SL
2026-08-10T20:10:00,NATURALGAS,2026-08-10,cycles_resampled,TREND_UP,VALIDATION,H7_TRAP,AVOID,SUPPORTED,H7_TRAP,LONG,268.0,267.7,267.382,0.618,,True,1.3333,1.0,1.5,True,False,False,True,0.0,-1.9417,False,False,False,True,-2.1036,SL
2026-08-10T20:25:00,NATURALGAS,2026-08-10,cycles_resampled,TREND_UP,VALIDATION,H1_CONT_OBSERVE,NO_ACTION,NOT_VALIDATED,H1_CONT,SHORT,266.8,267.2,267.418,0.618,7.8,True,1.2353,1.0,0.0,False,True,True,False,0.8091,-1.6181,False,False,False,True,-1.7799,SL
2026-08-10T20:55:00,NATURALGAS,2026-08-10,cycles_resampled,TREND_UP,VALIDATION,SPIKE_NO_LEVEL,NO_ACTION,NO_ESTABLISHED_EDGE,AMBIG,SHORT,267.2,,,,,,0.4242,0.3333,,,,,,,,,,,,,
2026-08-10T22:05:00,NATURALGAS,2026-08-10,cycles_resampled,TREND_UP,VALIDATION,H1_CONT_OBSERVE,NO_ACTION,NOT_VALIDATED,H1_CONT,SHORT,266.4,266.8,267.227,0.827,5.34,True,1.8148,0.7778,0.0,False,True,True,False,0.4837,-0.8464,False,False,False,False,-0.4837,EOD
2026-08-10T22:25:00,NATURALGAS,2026-08-10,cycles_resampled,TREND_UP,VALIDATION,H1_CONT_BLOCKED,NO_ACTION,NO_ESTABLISHED_EDGE,H1_CONT,LONG,267.1,266.2,266.379,0.721,0.28,True,1.8491,1.0,0.0,False,True,True,False,0.0,-1.1096,False,False,False,True,-1.2483,SL
2026-08-11T10:15:00,NATURALGAS,2026-08-11,cycles_resampled,CHOP,VALIDATION,H7_LEANING_TRAP,AVOID,SUPPORTED,H7_TRAP,LONG,265.5,265.5,265.191,0.309,1.26,True,0.9333,0.6667,0.3333,True,False,False,True,4.5307,-0.6472,True,True,True,False,2.6764,T3
2026-08-11T10:30:00,NATURALGAS,2026-08-11,cycles_resampled,CHOP,VALIDATION,H1_CONT_BLOCKED,NO_ACTION,NO_ESTABLISHED_EDGE,H1_CONT,LONG,265.8,265.5,265.285,0.515,0.17,True,1.9444,1.0,0.0,False,True,True,False,3.1068,-0.7767,True,True,True,False,2.8058,T3
2026-08-11T10:55:00,NATURALGAS,2026-08-11,cycles_resampled,CHOP,VALIDATION,H7_LEANING_TRAP,AVOID,SUPPORTED,H7_TRAP,SHORT,265.5,265.6,265.809,0.309,0.55,True,1.3125,1.0,0.3333,True,True,False,True,0.3236,-4.5307,False,False,False,True,-4.8544,SL
2026-08-11T11:00:00,NATURALGAS,2026-08-11,cycles_resampled,CHOP,VALIDATION,H7_TRAP,AVOID,SUPPORTED,H7_TRAP,SHORT,265.5,265.5,265.809,0.309,0.49,False,0.4242,0.3333,0.6667,True,False,False,True,0.3236,-4.5307,False,False,False,True,-4.8544,SL
2026-08-11T11:20:00,NATURALGAS,2026-08-11,cycles_resampled,CHOP,VALIDATION,AMBIGUOUS,NO_ACTION,NO_ESTABLISHED_EDGE,AMBIG,LONG,266.9,265.9,265.355,1.545,,False,3.9565,0.8667,0.0,False,True,True,False,0.3236,-1.1003,False,False,False,True,-1.165,SL
2026-08-11T11:25:00,NATURALGAS,2026-08-11,cycles_resampled,CHOP,VALIDATION,SPIKE_NO_LEVEL,NO_ACTION,NO_ESTABLISHED_EDGE,AMBIG,SHORT,266.7,,,,,,0.8571,0.5,,,,,,,,,,,,,
2026-08-11T11:40:00,NATURALGAS,2026-08-11,cycles_resampled,CHOP,VALIDATION,H1_CONT_BLOCKED,NO_ACTION,NO_ESTABLISHED_EDGE,H1_CONT,LONG,266.7,266.6,266.179,0.521,0.96,True,1.037,0.5714,0.0,False,True,True,False,1.3436,-1.9194,True,False,False,False,-2.1113,SL
2026-08-11T12:25:00,NATURALGAS,2026-08-11,cycles_resampled,CHOP,VALIDATION,AMBIGUOUS,NO_ACTION,NO_ESTABLISHED_EDGE,AMBIG,SHORT,265.8,266.5,266.421,0.621,1.1,False,1.1667,0.8571,0.0,False,True,True,False,0.161,-1.1272,False,False,False,True,-1.2882,SL
2026-08-11T12:30:00,NATURALGAS,2026-08-11,cycles_resampled,CHOP,VALIDATION,H7_LEANING_TRAP,AVOID,SUPPORTED,H7_TRAP,LONG,266.3,266.4,265.679,0.621,1.45,False,1.0938,0.7143,0.5714,True,False,False,True,1.4493,-1.1272,True,False,False,False,-1.2882,SL
2026-08-11T13:00:00,NATURALGAS,2026-08-11,cycles_resampled,CHOP,VALIDATION,H1_WEAK,NO_ACTION,NO_ESTABLISHED_EDGE,H1_CONT,LONG,266.5,266.4,265.882,0.618,1.46,True,0.9492,0.6667,0.0,False,True,True,False,1.1327,-1.1327,True,False,False,False,-1.2945,SL
2026-08-11T13:05:00,NATURALGAS,2026-08-11,cycles_resampled,CHOP,VALIDATION,H7_LEANING_TRAP,AVOID,SUPPORTED,H1_WEAK,LONG,266.7,266.5,266.182,0.518,1.35,True,0.4444,0.3333,0.5,True,True,False,False,0.9653,-1.3514,False,False,False,True,-1.5444,SL
2026-08-11T15:40:00,NATURALGAS,2026-08-11,cycles_resampled,CHOP,VALIDATION,H1_CONT_BLOCKED,NO_ACTION,NO_ESTABLISHED_EDGE,H1_CONT,SHORT,264.7,265.0,265.318,0.618,,True,2.0,1.0,0.0,False,True,True,False,3.2362,0.0,True,True,True,False,2.8382,T3
2026-08-11T16:00:00,NATURALGAS,2026-08-11,cycles_resampled,CHOP,VALIDATION,AMBIGUOUS,NO_ACTION,NO_ESTABLISHED_EDGE,AMBIG,SHORT,263.6,264.0,264.227,0.627,,False,1.3208,0.5556,0.0,False,True,True,False,1.4354,-1.1164,True,False,False,False,-1.2759,SL
2026-08-11T16:30:00,NATURALGAS,2026-08-11,cycles_resampled,CHOP,VALIDATION,H7_LEANING_TRAP,AVOID,SUPPORTED,H7_TRAP,SHORT,263.2,263.3,264.039,0.839,,False,1.5077,0.5385,0.3077,True,False,False,True,0.0,-1.1919,False,False,False,True,-1.3111,SL
2026-08-11T16:40:00,NATURALGAS,2026-08-11,cycles_resampled,CHOP,VALIDATION,AMBIGUOUS,NO_ACTION,NO_ESTABLISHED_EDGE,AMBIG,LONG,263.7,263.4,263.182,0.518,0.97,False,1.0606,0.8333,0.0,False,True,False,False,5.9846,-0.9653,True,True,True,False,2.8069,T3
2026-08-11T17:25:00,NATURALGAS,2026-08-11,cycles_resampled,CHOP,VALIDATION,H7_LEANING_TRAP,AVOID,SUPPORTED,H7_TRAP,LONG,264.0,264.0,263.682,0.318,8.68,True,0.5915,0.5,0.3333,True,False,False,True,1.8868,-1.2579,True,False,False,False,-1.5723,SL
2026-08-11T17:30:00,NATURALGAS,2026-08-11,cycles_resampled,CHOP,VALIDATION,H1_WEAK,NO_ACTION,NO_ESTABLISHED_EDGE,H1_WEAK,SHORT,264.0,265.1,264.621,0.621,0.81,True,0.1842,0.1429,0.0,False,True,True,False,0.6441,-1.4493,False,False,False,True,-1.6103,SL
2026-08-11T17:45:00,NATURALGAS,2026-08-11,cycles_resampled,CHOP,VALIDATION,H1_CONT_OBSERVE,NO_ACTION,NOT_VALIDATED,H1_CONT,LONG,264.9,264.6,263.973,0.927,2.22,True,1.5556,0.8889,0.0,False,True,True,False,4.0992,-0.1079,True,True,True,False,2.8921,T3
2026-08-11T17:50:00,NATURALGAS,2026-08-11,cycles_resampled,CHOP,VALIDATION,H1_CONT_BLOCKED,NO_ACTION,NO_ESTABLISHED_EDGE,H1_CONT,LONG,266.8,264.9,264.74,2.06,0.08,True,2.7674,0.85,0.0,False,True,True,False,1.1165,-1.0194,True,False,False,False,-1.068,SL
2026-08-11T17:55:00,NATURALGAS,2026-08-11,cycles_resampled,CHOP,VALIDATION,AMBIGUOUS,NO_ACTION,NO_ESTABLISHED_EDGE,H7_TRAP,LONG,268.7,267.4,267.155,1.545,,False,1.5248,0.7333,0.1333,True,False,False,True,0.0647,-1.5534,False,False,False,True,-1.6181,SL
2026-08-11T18:00:00,NATURALGAS,2026-08-11,cycles_resampled,CHOP,VALIDATION,AMBIGUOUS,NO_ACTION,NO_ESTABLISHED_EDGE,AMBIG,SHORT,267.2,267.2,268.848,1.648,1.25,False,2.0,1.0,0.1875,True,False,False,False,0.5461,-1.1529,False,False,False,True,-1.2136,SL
2026-08-11T18:05:00,NATURALGAS,2026-08-11,cycles_resampled,CHOP,VALIDATION,H1_WEAK,NO_ACTION,NO_ESTABLISHED_EDGE,H1_CONT,LONG,267.2,267.01,266.273,0.927,1.73,True,0.6195,0.5556,0.0,False,True,True,False,2.0496,-1.726,True,True,False,False,-1.8339,SL
2026-08-11T18:10:00,NATURALGAS,2026-08-11,cycles_resampled,CHOP,VALIDATION,SPIKE_NO_LEVEL,NO_ACTION,NO_ESTABLISHED_EDGE,AMBIG,SHORT,267.2,,,,,,0.2393,0.25,,,,,,,,,,,,,
2026-08-11T18:15:00,NATURALGAS,2026-08-11,cycles_resampled,CHOP,VALIDATION,SPIKE_NO_LEVEL,NO_ACTION,NO_ESTABLISHED_EDGE,AMBIG,SHORT,267.5,,,,,,0.1129,0.1111,,,,,,,,,,,,,
2026-08-11T18:20:00,NATURALGAS,2026-08-11,cycles_resampled,CHOP,VALIDATION,H7_TRAP,AVOID,SUPPORTED,H7_TRAP,LONG,268.4,268.8,267.658,0.742,0.54,False,0.705,0.5,1.2143,True,False,False,True,0.0,-1.6173,False,False,False,True,-1.752,SL
2026-08-11T18:30:00,NATURALGAS,2026-08-11,cycles_resampled,CHOP,VALIDATION,H1_WEAK,NO_ACTION,NO_ESTABLISHED_EDGE,H1_CONT,SHORT,267.2,267.9,268.024,0.824,1.09,True,0.5874,0.75,0.0,False,True,True,False,3.034,-0.4854,True,True,True,False,2.8786,T3
2026-08-11T18:35:00,NATURALGAS,2026-08-11,cycles_resampled,CHOP,VALIDATION,H7_TRAP,AVOID,SUPPORTED,H7_TRAP,LONG,267.1,267.17,266.373,0.727,0.1,True,0.1918,0.2222,0.6333,True,False,False,True,0.0,-1.1004,False,False,False,True,-1.238,SL
2026-08-11T18:45:00,NATURALGAS,2026-08-11,cycles_resampled,CHOP,VALIDATION,H7_TRAP,AVOID,SUPPORTED,H7_TRAP,SHORT,266.6,266.4,267.124,0.524,0.38,False,0.4762,0.625,1.375,True,False,False,True,1.9084,-1.5267,True,False,False,True,-1.7176,SL
2026-08-11T18:50:00,NATURALGAS,2026-08-11,cycles_resampled,CHOP,VALIDATION,H7_LEANING_TRAP,AVOID,SUPPORTED,H7_TRAP,LONG,267.4,267.17,265.546,1.854,0.92,False,0.7826,0.5,0.3722,True,False,False,True,0.1079,-1.1327,False,False,False,True,-1.1866,SL
2026-08-12T11:05:00,NATURALGAS,2026-08-12,cycles_resampled,TREND_UP,VALIDATION,AMBIGUOUS,NO_ACTION,NO_ESTABLISHED_EDGE,H7_TRAP,LONG,266.0,265.9,265.685,0.315,,False,1.4,0.6,0.2,True,False,False,True,2.8571,-1.5873,True,True,False,False,-1.9048,SL
2026-08-12T11:20:00,NATURALGAS,2026-08-12,cycles_resampled,TREND_UP,VALIDATION,AMBIGUOUS,NO_ACTION,NO_ESTABLISHED_EDGE,H7_TRAP,LONG,266.5,266.2,265.676,0.824,,False,3.2,1.0,0.125,True,True,False,True,0.4854,-1.2136,False,False,False,True,-1.335,SL
2026-08-12T11:30:00,NATURALGAS,2026-08-12,cycles_resampled,TREND_UP,VALIDATION,AMBIGUOUS,NO_ACTION,NO_ESTABLISHED_EDGE,AMBIG,SHORT,266.1,266.5,266.924,0.824,0.49,False,2.4889,1.0,0.0,False,True,True,False,2.3058,-1.2136,True,True,False,False,-1.335,SL
2026-08-12T12:00:00,NATURALGAS,2026-08-12,cycles_resampled,TREND_UP,VALIDATION,H1_WEAK,NO_ACTION,NO_ESTABLISHED_EDGE,H1_WEAK,SHORT,265.5,265.7,266.015,0.515,1.15,True,0.549,0.4,0.0,False,True,True,False,2.5243,-1.3592,True,True,False,False,-1.5534,SL
2026-08-12T12:05:00,NATURALGAS,2026-08-12,cycles_resampled,TREND_UP,VALIDATION,H1_WEAK,NO_ACTION,NO_ESTABLISHED_EDGE,H1_CONT,SHORT,264.8,264.91,265.418,0.618,0.32,True,0.9825,0.6667,0.0,False,True,True,False,0.9709,-1.1327,False,False,False,True,-1.2945,SL
2026-08-12T12:30:00,NATURALGAS,2026-08-12,cycles_resampled,TREND_UP,VALIDATION,H1_WEAK,NO_ACTION,NO_ESTABLISHED_EDGE,H1_WEAK,LONG,264.9,264.8,264.582,0.318,3.21,True,0.7368,0.5,0.0,False,True,True,False,4.0881,0.0,True,True,True,False,2.6855,T3
2026-08-12T12:35:00,NATURALGAS,2026-08-12,cycles_resampled,TREND_UP,VALIDATION,AMBIGUOUS,NO_ACTION,NO_ESTABLISHED_EDGE,AMBIG,LONG,265.5,265.2,264.882,0.618,0.68,False,1.1864,0.8333,0.0,False,True,True,False,3.2362,-0.3236,True,True,True,False,2.8382,T3
2026-08-12T12:55:00,NATURALGAS,2026-08-12,cycles_resampled,TREND_UP,VALIDATION,H1_CONT_OBSERVE,NO_ACTION,NOT_VALIDATED,H1_CONT,LONG,266.2,265.86,265.582,0.618,1.13,True,1.4737,1.0,0.0,False,True,True,False,3.3981,-0.6472,True,True,True,False,2.8382,T3
2026-08-12T14:05:00,NATURALGAS,2026-08-12,cycles_resampled,TREND_UP,VALIDATION,H1_WEAK,NO_ACTION,NO_ESTABLISHED_EDGE,H1_WEAK,SHORT,266.9,267.2,267.518,0.618,0.32,True,1.5556,1.0,0.0,False,True,False,False,1.7799,-1.6181,True,False,False,False,-1.7799,SL
2026-08-12T14:50:00,NATURALGAS,2026-08-12,cycles_resampled,TREND_UP,VALIDATION,H7_TRAP,AVOID,SUPPORTED,H7_TRAP,SHORT,266.2,266.3,266.818,0.618,2.07,False,1.4583,0.8333,1.3333,True,False,False,True,0.0,-1.4563,False,False,False,True,-1.6181,SL
2026-08-12T15:00:00,NATURALGAS,2026-08-12,cycles_resampled,TREND_UP,VALIDATION,H7_LEANING_TRAP,AVOID,SUPPORTED,H7_TRAP,LONG,267.1,266.8,266.482,0.618,0.65,True,1.7143,1.0,0.3333,True,True,False,True,0.0,-1.1327,False,False,False,True,-1.2945,SL
2026-08-12T15:10:00,NATURALGAS,2026-08-12,cycles_resampled,TREND_UP,VALIDATION,H7_LEANING_TRAP,AVOID,SUPPORTED,H7_TRAP,SHORT,266.6,266.6,267.018,0.418,0.96,False,0.7925,0.5,0.5,True,False,False,True,0.7177,-1.1962,False,False,False,True,-1.4354,SL
2026-08-12T15:50:00,NATURALGAS,2026-08-12,cycles_resampled,TREND_UP,VALIDATION,AMBIGUOUS,NO_ACTION,NO_ESTABLISHED_EDGE,AMBIG,LONG,266.8,266.9,266.282,0.518,0.19,True,0.9492,0.6667,0.1667,True,False,False,False,0.7722,-1.1583,False,False,False,True,-1.3514,SL
2026-08-12T16:15:00,NATURALGAS,2026-08-12,cycles_resampled,TREND_UP,VALIDATION,H7_LEANING_TRAP,AVOID,SUPPORTED,H7_TRAP,LONG,267.2,267.1,266.17,1.03,0.13,False,2.4561,1.0,0.6,True,False,False,True,0.0,-1.3592,False,False,False,True,-1.4563,SL
2026-08-12T16:35:00,NATURALGAS,2026-08-12,cycles_resampled,TREND_UP,VALIDATION,AMBIGUOUS,NO_ACTION,NO_ESTABLISHED_EDGE,AMBIG,SHORT,265.8,266.2,266.418,0.618,0.65,False,0.6774,0.5,0.0,False,True,True,False,0.0,-2.589,False,False,False,True,-2.7508,SL
2026-08-12T17:00:00,NATURALGAS,2026-08-12,cycles_resampled,TREND_UP,VALIDATION,H7_TRAP,AVOID,SUPPORTED,H1_CONT,LONG,267.4,267.33,266.473,0.927,0.11,True,1.9091,1.0,1.0333,True,True,True,False,0.5394,-1.0787,False,False,False,True,-1.1866,SL
2026-08-12T17:15:00,NATURALGAS,2026-08-12,cycles_resampled,TREND_UP,VALIDATION,H7_LEANING_TRAP,AVOID,SUPPORTED,H7_TRAP,SHORT,266.4,267.4,267.121,0.721,0.83,False,0.9211,0.7143,0.5714,True,False,False,True,0.0,-1.9417,False,False,False,True,-2.0804,SL
2026-08-12T17:20:00,NATURALGAS,2026-08-12,cycles_resampled,TREND_UP,VALIDATION,AMBIGUOUS,NO_ACTION,NO_ESTABLISHED_EDGE,H7_TRAP,LONG,267.8,267.48,266.358,1.442,0.07,False,2.2791,1.0,0.0571,True,True,False,True,1.4563,-0.5548,True,False,False,False,-0.1387,EOD
2026-08-12T17:30:00,NATURALGAS,2026-08-12,cycles_resampled,TREND_UP,VALIDATION,H7_TRAP,AVOID,SUPPORTED,H7_TRAP,SHORT,267.4,267.7,268.327,0.927,1.08,False,0.506,0.3333,2.1111,True,False,False,True,0.1079,-1.1866,False,False,False,True,-1.2945,SL
2026-08-12T17:35:00,NATURALGAS,2026-08-12,cycles_resampled,TREND_UP,VALIDATION,H1_CONT_BLOCKED,NO_ACTION,NO_ESTABLISHED_EDGE,H1_CONT,LONG,268.0,267.9,267.273,0.727,0.41,True,1.1136,0.7778,0.0,False,True,True,False,2.6135,-1.1004,True,True,False,False,-1.238,SL
2026-08-12T17:45:00,NATURALGAS,2026-08-12,cycles_resampled,TREND_UP,VALIDATION,AMBIGUOUS,NO_ACTION,NO_ESTABLISHED_EDGE,AMBIG,LONG,269.6,268.5,268.261,1.339,,False,1.9362,1.0,0.0,False,True,True,False,0.224,-1.0456,False,False,False,True,-1.1202,SL
2026-08-12T17:50:00,NATURALGAS,2026-08-12,cycles_resampled,TREND_UP,VALIDATION,SPIKE_NO_LEVEL,NO_ACTION,NO_ESTABLISHED_EDGE,AMBIG,SHORT,268.9,,,,,,0.9899,0.875,,,,,,,,,,,,,
2026-08-12T17:55:00,NATURALGAS,2026-08-12,cycles_resampled,TREND_UP,VALIDATION,SPIKE_NO_LEVEL,NO_ACTION,NO_ESTABLISHED_EDGE,AMBIG,SHORT,269.1,,,,,,0.2667,0.2857,,,,,,,,,,,,,
2026-08-12T18:15:00,NATURALGAS,2026-08-12,cycles_resampled,TREND_UP,VALIDATION,H7_TRAP,AVOID,SUPPORTED,H7_TRAP,SHORT,268.6,268.6,269.221,0.621,2.09,False,0.7778,0.8571,1.0,True,False,False,True,0.4831,-1.2882,False,False,False,True,-1.4493,SL
2026-08-12T18:20:00,NATURALGAS,2026-08-12,cycles_resampled,TREND_UP,VALIDATION,AMBIGUOUS,NO_ACTION,NO_ESTABLISHED_EDGE,AMBIG,LONG,269.0,267.11,268.279,0.721,1.25,False,0.6195,0.7143,0.0,False,True,True,False,0.5548,-1.1096,False,False,False,True,-1.2483,SL
2026-08-12T18:30:00,NATURALGAS,2026-08-12,cycles_resampled,TREND_UP,VALIDATION,AMBIGUOUS,NO_ACTION,NO_ESTABLISHED_EDGE,AMBIG,SHORT,268.5,268.3,269.127,0.627,0.32,False,0.8155,0.6667,0.0,False,False,False,False,2.0734,-1.1164,True,True,False,False,-1.2759,SL
2026-08-12T18:40:00,NATURALGAS,2026-08-12,cycles_resampled,TREND_UP,VALIDATION,H7_TRAP,AVOID,SUPPORTED,AMBIG,SHORT,267.6,268.1,268.221,0.621,3.85,False,0.8155,0.8571,1.4286,True,True,True,False,0.6441,-2.4155,False,False,False,True,-2.5765,SL
2026-08-12T18:55:00,NATURALGAS,2026-08-12,cycles_resampled,TREND_UP,VALIDATION,AMBIGUOUS,NO_ACTION,NO_ESTABLISHED_EDGE,AMBIG,LONG,269.1,267.6,267.555,1.545,0.19,False,2.1212,1.0,0.0,False,True,True,False,0.0,-1.0356,False,False,False,True,-1.1003,SL
2026-08-12T19:15:00,NATURALGAS,2026-08-12,cycles_resampled,TREND_UP,VALIDATION,H7_LEANING_TRAP,AVOID,SUPPORTED,H7_TRAP,LONG,268.2,268.3,267.476,0.724,1.24,False,0.5833,0.5,0.5,True,False,False,True,2.2099,-1.2431,True,True,False,False,-1.3812,SL
2026-08-12T19:30:00,NATURALGAS,2026-08-12,cycles_resampled,TREND_UP,VALIDATION,H1_CONT_OBSERVE,NO_ACTION,NOT_VALIDATED,H1_CONT,LONG,268.9,268.4,268.076,0.824,1.21,True,1.1789,1.0,0.0,False,True,True,False,0.0,-1.335,False,False,False,True,-1.4563,SL
2026-08-12T21:15:00,NATURALGAS,2026-08-12,cycles_resampled,TREND_UP,VALIDATION,H7_LEANING_TRAP,AVOID,SUPPORTED,H7_TRAP,SHORT,267.9,267.9,268.621,0.721,4.23,False,1.5556,1.0,0.4286,True,False,False,True,1.2483,-0.9709,True,False,False,False,0.4161,EOD
2026-08-12T23:15:00,NATURALGAS,2026-08-12,cycles_resampled,TREND_UP,VALIDATION,AMBIGUOUS,NO_ACTION,NO_ESTABLISHED_EDGE,AMBIG,SHORT,267.7,267.8,268.421,0.721,2.64,False,1.9216,1.0,0.0,False,False,False,False,0.4161,-0.2774,False,False,False,False,0.1387,EOD
2026-08-13T22:40:00,NATURALGAS,2026-08-13,live_candles,CHOP,VALIDATION,AMBIGUOUS,NO_ACTION,NO_ESTABLISHED_EDGE,AMBIG,SHORT,261.6,262.0,262.424,0.824,,False,1.6232,1.0,0.0,False,True,True,False,2.1845,-0.2427,True,True,False,False,1.2136,EOD
2026-08-14T10:30:00,NATURALGAS,2026-08-14,live_candles,CHOP,OOS,H7_LEANING_TRAP,AVOID,SUPPORTED,H7_TRAP,SHORT,262.5,262.6,262.809,0.309,0.36,False,1.3125,1.0,0.3333,True,True,False,True,0.0,-1.2945,False,False,False,True,-1.6181,SL
2026-08-14T11:30:00,NATURALGAS,2026-08-14,live_candles,CHOP,OOS,H7_TRAP,AVOID,SUPPORTED,H7_TRAP,SHORT,263.3,263.3,263.509,0.209,3.35,False,0.9032,0.6667,1.0,True,False,False,True,0.0,-1.9139,False,False,False,True,-2.3923,SL
2026-08-14T11:35:00,NATURALGAS,2026-08-14,live_candles,CHOP,OOS,AMBIGUOUS,NO_ACTION,NO_ESTABLISHED_EDGE,AMBIG,LONG,263.5,263.5,263.288,0.212,,True,0.8235,0.5,0.0,False,False,False,False,0.9434,-1.8868,False,False,False,True,-2.3585,SL
2026-08-14T12:10:00,NATURALGAS,2026-08-14,live_candles,CHOP,OOS,AMBIGUOUS,NO_ACTION,NO_ESTABLISHED_EDGE,AMBIG,SHORT,262.8,263.1,263.109,0.309,2.07,False,1.1351,1.0,0.0,False,True,True,False,0.6472,-1.2945,False,False,False,True,-1.6181,SL
2026-08-14T12:20:00,NATURALGAS,2026-08-14,live_candles,CHOP,OOS,H7_TRAP,AVOID,SUPPORTED,AMBIG,LONG,263.0,263.01,262.788,0.212,0.05,True,0.0,0.0,0.775,True,False,False,False,1.8868,-2.3585,True,False,False,False,-2.8302,SL
2026-08-14T12:25:00,NATURALGAS,2026-08-14,live_candles,CHOP,OOS,H7_TRAP,AVOID,SUPPORTED,H7_TRAP,LONG,263.1,263.01,262.791,0.309,1.94,True,0.8235,0.6667,1.3667,True,True,False,True,0.9709,-1.9417,False,False,False,True,-2.2654,SL
2026-08-14T12:30:00,NATURALGAS,2026-08-14,live_candles,CHOP,OOS,H7_TRAP,AVOID,SUPPORTED,H7_TRAP,LONG,263.3,263.2,262.785,0.515,0.78,False,1.4737,0.8,1.4,True,False,False,True,0.1942,-1.5534,False,False,False,True,-1.7476,SL
2026-08-14T12:35:00,NATURALGAS,2026-08-14,live_candles,CHOP,OOS,H1_CONT_BLOCKED,NO_ACTION,NO_ESTABLISHED_EDGE,H1_CONT,SHORT,262.7,262.8,263.427,0.727,0.84,True,2.1778,0.7778,0.0,False,True,True,False,0.5502,-1.238,False,False,False,True,-1.3755,SL
2026-08-14T12:40:00,NATURALGAS,2026-08-14,live_candles,CHOP,OOS,H1_WEAK,NO_ACTION,NO_ESTABLISHED_EDGE,H1_WEAK,SHORT,262.6,262.8,263.012,0.412,1.24,True,0.3043,0.25,0.0,False,True,True,False,0.7282,-1.699,False,False,False,True,-1.9417,SL
2026-08-14T12:55:00,NATURALGAS,2026-08-14,live_candles,CHOP,OOS,H7_LEANING_TRAP,AVOID,SUPPORTED,H7_TRAP,LONG,262.7,262.6,262.288,0.412,1.19,False,0.5833,0.5,0.5,True,False,False,True,3.1553,-0.7282,True,True,True,False,2.7573,T3
2026-08-14T13:10:00,NATURALGAS,2026-08-14,live_candles,CHOP,OOS,AMBIGUOUS,NO_ACTION,NO_ESTABLISHED_EDGE,AMBIG,LONG,263.0,263.0,262.588,0.412,0.36,True,0.7778,0.75,0.0,False,False,False,False,2.4272,-1.9417,True,True,False,False,-2.1845,SL
2026-08-14T13:30:00,NATURALGAS,2026-08-14,live_candles,CHOP,OOS,H1_WEAK,NO_ACTION,NO_ESTABLISHED_EDGE,H1_CONT,LONG,263.5,263.3,263.188,0.312,0.64,True,0.75,0.75,0.0,False,True,True,False,0.9615,-1.2821,False,False,False,True,-1.6026,SL
2026-08-14T15:15:00,NATURALGAS,2026-08-14,live_candles,CHOP,OOS,AMBIGUOUS,NO_ACTION,NO_ESTABLISHED_EDGE,H7_TRAP,LONG,264.0,263.8,263.073,0.927,,False,2.8,0.8889,0.2222,True,True,False,True,0.0,-1.0787,False,False,False,True,-1.1866,SL
2026-08-14T15:25:00,NATURALGAS,2026-08-14,live_candles,CHOP,OOS,AMBIGUOUS,NO_ACTION,NO_ESTABLISHED_EDGE,AMBIG,SHORT,263.6,263.9,263.912,0.312,1.6,False,1.0,0.75,0.0,False,True,True,False,0.9615,-1.2821,False,False,False,True,-1.6026,SL
2026-08-14T16:00:00,NATURALGAS,2026-08-14,live_candles,CHOP,OOS,AMBIGUOUS,NO_ACTION,NO_ESTABLISHED_EDGE,AMBIG,SHORT,263.3,263.6,263.712,0.412,1.89,False,1.2444,1.0,0.0,False,True,True,False,3.1553,-0.4854,True,True,True,False,2.7573,T3
2026-08-14T16:10:00,NATURALGAS,2026-08-14,live_candles,CHOP,OOS,AMBIGUOUS,NO_ACTION,NO_ESTABLISHED_EDGE,AMBIG,SHORT,263.0,263.3,263.412,0.412,0.85,False,1.2444,1.0,0.0,False,True,True,False,2.4272,-1.2136,True,True,False,False,-1.4563,SL
2026-08-14T16:30:00,NATURALGAS,2026-08-14,live_candles,CHOP,OOS,H7_LEANING_TRAP,AVOID,SUPPORTED,H7_TRAP,SHORT,262.3,262.65,262.715,0.415,0.72,False,1.2727,0.8,0.3,True,True,False,True,0.0,-1.2048,False,False,False,True,-1.4458,SL
2026-08-14T16:40:00,NATURALGAS,2026-08-14,live_candles,CHOP,OOS,H7_LEANING_TRAP,AVOID,SUPPORTED,H7_TRAP,LONG,262.8,262.6,262.285,0.515,1.4,False,0.8936,0.6,0.4,True,False,False,True,0.1942,-1.165,False,False,False,True,-1.3592,SL
2026-08-14T16:45:00,NATURALGAS,2026-08-14,live_candles,CHOP,OOS,H7_TRAP,AVOID,SUPPORTED,H7_TRAP,SHORT,262.4,262.52,262.915,0.515,0.39,False,1.12,0.8,1.16,True,False,False,True,0.3883,-1.3592,False,False,False,True,-1.5534,SL
2026-08-14T16:50:00,NATURALGAS,2026-08-14,live_candles,CHOP,OOS,SPIKE_NO_LEVEL,NO_ACTION,NO_ESTABLISHED_EDGE,AMBIG,LONG,262.8,,,,,,0.5283,0.3333,,,,,,,,,,,,,
2026-08-14T17:00:00,NATURALGAS,2026-08-14,live_candles,CHOP,OOS,H7_LEANING_TRAP,AVOID,SUPPORTED,H7_TRAP,SHORT,262.3,262.52,263.227,0.927,0.11,False,2.1356,1.0,0.3111,True,False,False,True,0.3236,-1.2945,False,False,False,True,-1.4024,SL
2026-08-14T17:15:00,NATURALGAS,2026-08-14,live_candles,CHOP,OOS,H7_TRAP,AVOID,SUPPORTED,H7_TRAP,SHORT,262.1,262.0,262.721,0.621,0.16,False,1.2923,0.8571,3.0,True,False,False,True,0.0,-2.2544,False,False,False,True,-2.4155,SL
2026-08-14T17:20:00,NATURALGAS,2026-08-14,live_candles,CHOP,OOS,AMBIGUOUS,NO_ACTION,NO_ESTABLISHED_EDGE,AMBIG,LONG,262.7,262.7,262.082,0.618,0.49,True,1.0145,0.8333,0.0,False,False,False,False,3.0744,0.0,True,True,True,False,2.8382,T3
2026-08-14T17:25:00,NATURALGAS,2026-08-14,live_candles,CHOP,OOS,AMBIGUOUS,NO_ACTION,NO_ESTABLISHED_EDGE,AMBIG,LONG,263.3,263.44,262.779,0.521,0.27,True,0.9722,0.7143,0.0,False,False,False,False,4.7985,0.0,True,True,True,False,2.8081,T3
2026-08-14T17:30:00,NATURALGAS,2026-08-14,live_candles,CHOP,OOS,H1_WEAK,NO_ACTION,NO_ESTABLISHED_EDGE,H1_WEAK,LONG,264.1,264.0,263.585,0.515,,True,0.9091,1.0,0.0,False,True,False,False,3.301,-0.7767,True,True,True,False,2.8058,T3
2026-08-14T17:35:00,NATURALGAS,2026-08-14,live_candles,CHOP,OOS,AMBIGUOUS,NO_ACTION,NO_ESTABLISHED_EDGE,H7_TRAP,LONG,264.1,264.1,263.685,0.415,,True,0.1772,0.2,0.2,True,False,False,True,4.0964,-0.241,True,True,True,False,2.759,T3
2026-08-14T17:40:00,NATURALGAS,2026-08-14,live_candles,CHOP,OOS,SPIKE_NO_LEVEL,NO_ACTION,NO_ESTABLISHED_EDGE,AMBIG,SHORT,264.0,,,,,,0.0,0.0,,,,,,,,,,,,,
2026-08-14T17:45:00,NATURALGAS,2026-08-14,live_candles,CHOP,OOS,H7_LEANING_TRAP,AVOID,SUPPORTED,H1_WEAK,LONG,264.7,264.6,263.979,0.721,,True,0.506,0.4286,0.4286,True,True,False,False,1.5257,-1.2483,True,False,False,False,-1.387,SL
2026-08-14T17:50:00,NATURALGAS,2026-08-14,live_candles,CHOP,OOS,H7_LEANING_TRAP,AVOID,SUPPORTED,H7_TRAP,LONG,265.3,264.7,264.667,0.633,,False,0.9438,0.5455,0.4545,True,False,False,True,0.316,-1.1058,False,False,False,True,-1.2638,SL
2026-08-14T17:55:00,NATURALGAS,2026-08-14,live_candles,CHOP,OOS,H1_CONT_BLOCKED,NO_ACTION,NO_ESTABLISHED_EDGE,H1_CONT,SHORT,264.6,264.7,265.527,0.927,0.65,True,1.2043,0.8889,0.0,False,True,True,False,2.2654,-1.1866,True,True,False,False,-1.2945,SL
2026-08-14T18:00:00,NATURALGAS,2026-08-14,live_candles,CHOP,OOS,H1_CONT_BLOCKED,NO_ACTION,NO_ESTABLISHED_EDGE,H1_CONT,SHORT,264.3,264.6,265.024,0.724,0.41,True,1.0316,0.875,0.0,False,True,True,False,2.4862,-1.6575,True,True,False,False,-1.7956,SL
2026-08-14T18:10:00,NATURALGAS,2026-08-14,live_candles,CHOP,OOS,H7_TRAP,AVOID,SUPPORTED,H7_TRAP,SHORT,264.2,264.0,264.618,0.418,0.48,True,0.1474,0.1667,1.1667,True,False,False,True,0.9569,-1.1962,False,False,False,True,-1.4354,SL
2026-08-14T18:20:00,NATURALGAS,2026-08-14,live_candles,CHOP,OOS,H7_TRAP,AVOID,SUPPORTED,H7_TRAP,LONG,264.5,264.2,263.882,0.618,0.16,True,0.8571,1.0,0.8333,True,True,False,True,0.3236,-1.4563,False,False,False,True,-1.6181,SL
2026-08-14T18:30:00,NATURALGAS,2026-08-14,live_candles,CHOP,OOS,H7_TRAP,AVOID,SUPPORTED,H7_TRAP,SHORT,263.7,263.8,264.321,0.621,1.92,False,0.84,0.8571,1.0,True,False,False,True,0.0,-1.2882,False,False,False,True,-1.4493,SL
2026-08-14T18:35:00,NATURALGAS,2026-08-14,live_candles,CHOP,OOS,H7_TRAP,AVOID,SUPPORTED,H7_TRAP,LONG,264.5,264.3,263.882,0.618,0.32,False,0.28,0.3333,1.5,True,False,False,True,0.0,-1.2945,False,False,False,True,-1.4563,SL
2026-08-14T19:05:00,NATURALGAS,2026-08-14,live_candles,CHOP,OOS,H1_CONT_BLOCKED,NO_ACTION,NO_ESTABLISHED_EDGE,H1_CONT,LONG,263.8,263.62,262.461,1.339,0.07,True,1.6559,0.8462,0.0,False,True,True,False,1.7924,-0.4481,True,False,False,False,-0.2987,EOD
2026-08-14T19:10:00,NATURALGAS,2026-08-14,live_candles,CHOP,OOS,H1_CONT_OBSERVE,NO_ACTION,NOT_VALIDATED,H1_CONT,LONG,264.5,263.9,263.676,0.824,1.58,True,1.2043,1.0,0.0,False,True,True,False,2.0631,-1.0922,True,True,False,False,-1.2136,SL
2026-08-14T19:25:00,NATURALGAS,2026-08-14,live_candles,CHOP,OOS,H1_WEAK,NO_ACTION,NO_ESTABLISHED_EDGE,H1_CONT,LONG,265.5,264.9,264.676,0.824,0.36,True,0.8936,0.75,0.0,False,True,True,False,0.8495,-1.0922,False,False,False,True,-1.2136,SL
2026-08-14T19:40:00,NATURALGAS,2026-08-14,live_candles,CHOP,OOS,H7_LEANING_TRAP,AVOID,SUPPORTED,H7_TRAP,LONG,265.7,265.7,264.773,0.927,0.11,False,0.4565,0.3333,0.3333,True,False,False,True,0.2157,-1.0787,False,False,False,True,-1.1866,SL
2026-08-14T20:05:00,NATURALGAS,2026-08-14,live_candles,CHOP,OOS,H7_TRAP,AVOID,SUPPORTED,H1_CONT,SHORT,265.0,265.2,265.521,0.521,5.05,True,0.7955,0.7143,1.0,True,True,True,False,0.5758,-1.7274,False,False,False,True,-1.9194,SL
2026-08-14T20:20:00,NATURALGAS,2026-08-14,live_candles,CHOP,OOS,H7_LEANING_TRAP,AVOID,SUPPORTED,H7_TRAP,LONG,265.9,265.9,265.076,0.824,,True,1.3827,1.0,0.5,True,False,False,True,0.3641,-1.0922,False,False,False,True,-1.2136,SL
2026-08-17T10:35:00,NATURALGAS,2026-08-17,live_candles,CHOP,OOS,H7_TRAP,AVOID,SUPPORTED,AMBIG,LONG,255.8,255.7,255.591,0.209,0.91,False,0.9333,0.6667,0.6667,True,False,False,False,0.0,-1.4354,False,False,False,True,-1.9139,SL
2026-08-17T11:00:00,NATURALGAS,2026-08-17,live_candles,CHOP,OOS,AMBIGUOUS,NO_ACTION,NO_ESTABLISHED_EDGE,AMBIG,SHORT,255.0,255.3,255.412,0.412,,False,2.0,1.0,0.0,False,True,True,False,3.3981,-0.2427,True,True,True,False,2.7573,T3
2026-08-17T11:10:00,NATURALGAS,2026-08-17,live_candles,CHOP,OOS,AMBIGUOUS,NO_ACTION,NO_ESTABLISHED_EDGE,AMBIG,SHORT,254.8,255.0,255.112,0.312,,False,1.5,0.75,0.0,False,True,False,False,3.8462,-0.9615,True,True,True,False,2.6795,T3
2026-08-17T11:30:00,NATURALGAS,2026-08-17,live_candles,CHOP,OOS,H7_LEANING_TRAP,AVOID,SUPPORTED,H7_TRAP,SHORT,254.4,254.7,254.812,0.412,,False,1.6471,1.0,0.5,True,True,False,True,0.7282,-1.2136,False,False,False,True,-1.4563,SL
2026-08-17T11:40:00,NATURALGAS,2026-08-17,live_candles,CHOP,OOS,AMBIGUOUS,NO_ACTION,NO_ESTABLISHED_EDGE,H7_TRAP,LONG,254.9,254.5,254.076,0.824,0.24,False,1.7949,0.625,0.25,True,False,False,True,0.0,-1.0922,False,False,False,True,-1.2136,SL
2026-08-17T12:20:00,NATURALGAS,2026-08-17,live_candles,CHOP,OOS,H1_WEAK,NO_ACTION,NO_ESTABLISHED_EDGE,H1_CONT,SHORT,253.7,254.0,254.012,0.312,,True,0.8936,0.75,0.0,False,True,True,False,0.641,-1.2821,False,False,False,True,-1.6026,SL
2026-08-17T12:25:00,NATURALGAS,2026-08-17,live_candles,CHOP,OOS,H7_TRAP,AVOID,SUPPORTED,H7_TRAP,SHORT,253.7,253.6,254.012,0.312,0.32,False,0.5957,0.5,0.75,True,False,False,True,0.641,-1.2821,False,False,False,True,-1.6026,SL
2026-08-17T12:50:00,NATURALGAS,2026-08-17,live_candles,CHOP,OOS,H7_LEANING_TRAP,AVOID,SUPPORTED,H7_TRAP,SHORT,253.7,253.6,253.912,0.212,0.47,True,0.2979,0.25,0.5,True,False,False,True,0.4717,-1.4151,False,False,False,True,-1.8868,SL
2026-08-17T13:20:00,NATURALGAS,2026-08-17,live_candles,CHOP,OOS,AMBIGUOUS,NO_ACTION,NO_ESTABLISHED_EDGE,AMBIG,SHORT,253.8,253.8,254.112,0.312,0.64,True,1.0244,0.75,0.0,False,False,False,False,0.9615,-1.2821,False,False,False,True,-1.6026,SL
2026-08-17T13:30:00,NATURALGAS,2026-08-17,live_candles,CHOP,OOS,H1_WEAK,NO_ACTION,NO_ESTABLISHED_EDGE,H1_WEAK,LONG,253.8,253.7,253.588,0.212,1.42,True,0.7179,0.5,0.0,False,True,False,False,3.3019,-0.9434,True,True,True,False,2.5283,T3
2026-08-17T14:05:00,NATURALGAS,2026-08-17,live_candles,CHOP,OOS,H7_LEANING_TRAP,AVOID,SUPPORTED,H1_CONT,LONG,254.3,254.2,253.985,0.315,5.3,True,1.0,0.6,0.4,True,True,True,False,0.3175,-1.2698,False,False,False,True,-1.5873,SL
2026-08-17T15:35:00,NATURALGAS,2026-08-17,live_candles,CHOP,OOS,H1_CONT_BLOCKED,NO_ACTION,NO_ESTABLISHED_EDGE,H1_CONT,LONG,255.3,254.9,254.888,0.412,0.19,True,1.1053,0.75,0.0,False,True,True,False,0.0,-1.2136,False,False,False,True,-1.4563,SL
2026-08-17T16:00:00,NATURALGAS,2026-08-17,live_candles,CHOP,OOS,AMBIGUOUS,NO_ACTION,NO_ESTABLISHED_EDGE,H7_TRAP,LONG,255.5,255.32,254.573,0.927,0.54,False,2.5714,1.0,0.2444,True,False,False,True,0.0,-1.1866,False,False,False,True,-1.2945,SL
2026-08-17T16:10:00,NATURALGAS,2026-08-17,live_candles,CHOP,OOS,AMBIGUOUS,NO_ACTION,NO_ESTABLISHED_EDGE,AMBIG,SHORT,255.1,255.2,255.512,0.412,1.21,True,0.0,0.0,0.0,False,False,False,False,3.1553,-0.7282,True,True,True,False,2.7573,T3
2026-08-17T16:25:00,NATURALGAS,2026-08-17,live_candles,CHOP,OOS,SPIKE_NO_LEVEL,NO_ACTION,NO_ESTABLISHED_EDGE,AMBIG,LONG,255.0,,,,,,0.0,0.0,,,,,,,,,,,,,
2026-08-17T16:45:00,NATURALGAS,2026-08-17,live_candles,CHOP,OOS,H7_TRAP,AVOID,SUPPORTED,H7_TRAP,LONG,254.9,254.8,254.385,0.515,0.39,True,0.8571,0.6,1.4,True,True,False,True,0.7767,-2.1359,False,False,False,True,-2.3301,SL
2026-08-17T16:50:00,NATURALGAS,2026-08-17,live_candles,CHOP,OOS,SPIKE_NO_LEVEL,NO_ACTION,NO_ESTABLISHED_EDGE,AMBIG,SHORT,254.9,,,,,,0.0,0.0,,,,,,,,,,,,,
2026-08-17T17:05:00,NATURALGAS,2026-08-17,live_candles,CHOP,OOS,H7_TRAP,AVOID,SUPPORTED,H7_TRAP,SHORT,253.9,253.8,254.318,0.418,0.74,True,0.2373,0.1667,1.3333,True,False,False,True,1.1962,-1.6746,True,False,False,False,-1.9139,SL
2026-08-17T17:15:00,NATURALGAS,2026-08-17,live_candles,CHOP,OOS,H1_CONT_BLOCKED,NO_ACTION,NO_ESTABLISHED_EDGE,H1_CONT,LONG,254.0,253.9,253.382,0.618,0.49,True,1.2727,0.8333,0.0,False,True,True,False,3.2362,0.0,True,True,True,False,2.8382,T3
2026-08-17T17:20:00,NATURALGAS,2026-08-17,live_candles,CHOP,OOS,H1_CONT_OBSERVE,NO_ACTION,NOT_VALIDATED,H1_CONT,LONG,254.6,254.3,254.085,0.515,1.18,True,1.2281,1.0,0.0,False,True,True,False,3.4951,-0.1942,True,True,True,False,2.8058,T3
2026-08-17T17:25:00,NATURALGAS,2026-08-17,live_candles,CHOP,OOS,AMBIGUOUS,NO_ACTION,NO_ESTABLISHED_EDGE,AMBIG,LONG,255.1,254.6,254.482,0.618,0.18,False,0.9333,0.6667,0.0,False,True,True,False,3.5599,-0.9709,True,True,True,False,2.8382,T3
2026-08-17T17:30:00,NATURALGAS,2026-08-17,live_candles,CHOP,OOS,H7_TRAP,AVOID,SUPPORTED,H7_TRAP,SHORT,254.7,254.5,255.118,0.418,2.92,False,0.9032,0.6667,2.5,True,False,False,True,0.0,-1.1962,False,False,False,True,-1.4354,SL
2026-08-17T17:35:00,NATURALGAS,2026-08-17,live_candles,CHOP,OOS,AMBIGUOUS,NO_ACTION,NO_ESTABLISHED_EDGE,AMBIG,LONG,255.0,255.1,254.685,0.315,0.32,True,0.6667,0.6,0.0,False,False,False,False,3.1746,0.0,True,True,True,False,2.6825,T3
2026-08-17T17:40:00,NATURALGAS,2026-08-17,live_candles,CHOP,OOS,AMBIGUOUS,NO_ACTION,NO_ESTABLISHED_EDGE,H7_TRAP,LONG,256.0,256.0,255.176,0.824,,False,1.5775,1.0,0.25,True,False,False,True,3.7621,-0.6068,True,True,True,False,2.8786,T3
2026-08-17T17:45:00,NATURALGAS,2026-08-17,live_candles,CHOP,OOS,SPIKE_NO_LEVEL,NO_ACTION,NO_ESTABLISHED_EDGE,AMBIG,SHORT,255.8,,,,,,0.3784,0.3333,,,,,,,,,,,,,
2026-08-17T17:50:00,NATURALGAS,2026-08-17,live_candles,CHOP,OOS,H1_WEAK,NO_ACTION,NO_ESTABLISHED_EDGE,H1_WEAK,LONG,256.1,255.31,255.482,0.618,0.49,True,0.5316,0.5,0.0,False,True,True,False,3.2362,-0.6472,True,True,True,False,2.8382,T3
2026-08-17T18:00:00,NATURALGAS,2026-08-17,live_candles,CHOP,OOS,AMBIGUOUS,NO_ACTION,NO_ESTABLISHED_EDGE,AMBIG,SHORT,255.8,256.3,256.624,0.824,0.36,False,1.3494,1.0,0.25,True,True,False,False,0.1214,-1.2136,False,False,False,True,-1.335,SL
2026-08-17T18:10:00,NATURALGAS,2026-08-17,live_candles,CHOP,OOS,H1_WEAK,NO_ACTION,NO_ESTABLISHED_EDGE,H1_CONT,LONG,256.3,256.0,255.682,0.618,0.49,True,0.8642,0.8333,0.0,False,True,True,False,3.3981,-0.8091,True,True,True,False,2.8382,T3
2026-08-17T18:30:00,NATURALGAS,2026-08-17,live_candles,CHOP,OOS,H7_TRAP,AVOID,SUPPORTED,H7_TRAP,SHORT,256.0,256.2,256.727,0.727,0.41,False,1.2099,0.7778,1.0,True,True,False,True,0.2751,-1.7882,False,False,False,True,-1.9257,SL
2026-08-17T18:45:00,NATURALGAS,2026-08-17,live_candles,CHOP,OOS,H1_WEAK,NO_ACTION,NO_ESTABLISHED_EDGE,H1_CONT,LONG,257.1,256.8,256.682,0.418,,True,0.7089,0.6667,0.0,False,True,True,False,3.11,0.0,True,True,True,False,2.7608,T3
2026-08-17T19:25:00,NATURALGAS,2026-08-17,live_candles,CHOP,OOS,H1_WEAK,NO_ACTION,NO_ESTABLISHED_EDGE,H1_CONT,SHORT,258.1,258.5,258.821,0.721,0.69,True,0.7273,0.5714,0.0,False,True,True,False,0.6935,-1.1096,False,False,False,True,-1.2483,SL
2026-08-17T19:35:00,NATURALGAS,2026-08-17,live_candles,CHOP,OOS,H1_CONT_OBSERVE,NO_ACTION,NOT_VALIDATED,H1_CONT,LONG,258.3,258.2,257.682,0.618,1.46,True,1.0244,1.0,0.0,False,True,True,False,2.1036,-1.7799,True,True,False,False,-1.9417,SL
2026-08-17T20:00:00,NATURALGAS,2026-08-17,live_candles,CHOP,OOS,H1_WEAK,NO_ACTION,NO_ESTABLISHED_EDGE,H1_CONT,SHORT,258.9,259.2,259.621,0.721,1.8,True,0.7568,0.5714,0.0,False,True,True,False,3.7448,-0.2774,True,True,True,False,2.8613,T3
2026-08-17T20:45:00,NATURALGAS,2026-08-17,live_candles,CHOP,OOS,H7_LEANING_TRAP,AVOID,SUPPORTED,AMBIG,SHORT,256.2,256.8,256.818,0.618,4.43,False,1.2727,1.0,0.3333,True,True,False,False,0.0,-1.7799,False,False,False,True,-1.9417,SL
2026-08-17T21:40:00,NATURALGAS,2026-08-17,live_candles,CHOP,OOS,H1_CONT_OBSERVE,NO_ACTION,NOT_VALIDATED,H1_CONT,LONG,258.0,257.6,257.382,0.618,2.59,True,1.5,1.0,0.0,False,True,True,False,0.4854,-0.8091,False,False,False,False,0.1618,EOD
2026-08-18T10:50:00,NATURALGAS,2026-08-18,live_candles,TREND_UP,OOS,H1_WEAK,NO_ACTION,NO_ESTABLISHED_EDGE,H1_CONT,SHORT,259.3,259.4,259.609,0.309,1.59,True,0.8485,0.6667,0.0,False,True,True,False,3.2362,-0.3236,True,True,True,False,2.6764,T3
2026-08-18T10:55:00,NATURALGAS,2026-08-18,live_candles,TREND_UP,OOS,H1_WEAK,NO_ACTION,NO_ESTABLISHED_EDGE,H1_WEAK,SHORT,259.0,259.3,259.412,0.412,0.46,True,0.8,0.5,0.0,False,True,True,False,1.699,-2.1845,True,False,False,False,-2.4272,SL
2026-08-18T11:00:00,NATURALGAS,2026-08-18,live_candles,TREND_UP,OOS,H1_CONT_BLOCKED,NO_ACTION,NO_ESTABLISHED_EDGE,H1_CONT,SHORT,258.5,258.8,259.221,0.721,,True,2.45,1.0,0.0,False,True,True,False,0.2774,-1.9417,False,False,False,True,-2.0804,SL
2026-08-18T11:05:00,NATURALGAS,2026-08-18,live_candles,TREND_UP,OOS,AMBIGUOUS,NO_ACTION,NO_ESTABLISHED_EDGE,H7_TRAP,SHORT,258.3,258.5,258.712,0.412,,False,1.3333,1.0,0.25,True,False,False,True,0.0,-2.1845,False,False,False,True,-2.4272,SL
2026-08-18T11:25:00,NATURALGAS,2026-08-18,live_candles,TREND_UP,OOS,AMBIGUOUS,NO_ACTION,NO_ESTABLISHED_EDGE,AMBIG,LONG,259.2,258.7,258.376,0.824,0.15,False,1.4286,0.625,0.0,False,True,True,False,1.4563,-1.0922,True,False,False,False,-1.2136,SL
2026-08-18T11:30:00,NATURALGAS,2026-08-18,live_candles,TREND_UP,OOS,SPIKE_NO_LEVEL,NO_ACTION,NO_ESTABLISHED_EDGE,AMBIG,SHORT,259.4,,,,,,0.2593,0.2,,,,,,,,,,,,,
2026-08-18T11:35:00,NATURALGAS,2026-08-18,live_candles,TREND_UP,OOS,H7_LEANING_TRAP,AVOID,SUPPORTED,H7_TRAP,LONG,259.7,259.41,259.388,0.312,0.64,True,0.7636,0.75,0.525,True,True,False,True,0.3205,-1.2821,False,False,False,True,-1.6026,SL
2026-08-18T11:40:00,NATURALGAS,2026-08-18,live_candles,TREND_UP,OOS,H7_TRAP,AVOID,SUPPORTED,H7_TRAP,LONG,259.7,259.8,259.388,0.312,0.64,True,0.5,0.5,1.5,True,False,False,True,0.0,-1.2821,False,False,False,True,-1.6026,SL
2026-08-18T11:55:00,NATURALGAS,2026-08-18,live_candles,TREND_UP,OOS,H1_WEAK,NO_ACTION,NO_ESTABLISHED_EDGE,H1_CONT,LONG,259.6,259.52,259.188,0.412,0.49,True,0.9492,1.0,0.0,False,True,True,False,1.4563,-1.2136,True,False,False,False,-1.4563,SL
2026-08-18T12:05:00,NATURALGAS,2026-08-18,live_candles,TREND_UP,OOS,SPIKE_NO_LEVEL,NO_ACTION,NO_ESTABLISHED_EDGE,AMBIG,SHORT,259.7,,,,,,0.0,0.0,,,,,,,,,,,,,
2026-08-18T12:15:00,NATURALGAS,2026-08-18,live_candles,TREND_UP,OOS,H7_TRAP,AVOID,SUPPORTED,H7_TRAP,LONG,260.0,260.1,259.685,0.315,0.32,False,0.7636,0.6,0.8,True,False,False,True,0.6349,-1.2698,False,False,False,True,-1.5873,SL
2026-08-18T12:35:00,NATURALGAS,2026-08-18,live_candles,TREND_UP,OOS,AMBIGUOUS,NO_ACTION,NO_ESTABLISHED_EDGE,AMBIG,SHORT,259.6,259.6,260.115,0.515,1.57,False,1.3208,1.0,0.0,False,False,False,False,1.9417,-1.5534,True,False,False,False,-1.7476,SL
2026-08-18T12:45:00,NATURALGAS,2026-08-18,live_candles,TREND_UP,OOS,AMBIGUOUS,NO_ACTION,NO_ESTABLISHED_EDGE,H1_CONT,SHORT,259.1,259.4,259.615,0.515,0.37,True,1.1429,0.8,0.2,True,True,True,False,0.9709,-1.165,False,False,False,True,-1.3592,SL
2026-08-18T13:00:00,NATURALGAS,2026-08-18,live_candles,TREND_UP,OOS,H1_CONT_BLOCKED,NO_ACTION,NO_ESTABLISHED_EDGE,H1_CONT,LONG,259.5,258.9,258.779,0.721,0.14,True,1.8846,1.0,0.0,False,True,True,False,1.2483,-1.1096,True,False,False,False,-1.2483,SL
2026-08-18T14:15:00,NATURALGAS,2026-08-18,live_candles,TREND_UP,OOS,H1_CONT_BLOCKED,NO_ACTION,NO_ESTABLISHED_EDGE,H1_CONT,LONG,259.7,259.3,258.979,0.721,0.06,True,1.4286,0.7143,0.0,False,True,True,False,0.9709,-1.2483,False,False,False,True,-1.387,SL
2026-08-18T14:40:00,NATURALGAS,2026-08-18,live_candles,TREND_UP,OOS,AMBIGUOUS,NO_ACTION,NO_ESTABLISHED_EDGE,AMBIG,SHORT,259.5,259.9,260.015,0.515,0.97,False,1.4,1.0,0.0,False,True,True,False,2.3301,-1.5534,True,True,False,False,-1.7476,SL
2026-08-18T15:10:00,NATURALGAS,2026-08-18,live_candles,TREND_UP,OOS,H7_LEANING_TRAP,AVOID,SUPPORTED,H7_TRAP,SHORT,258.8,258.8,259.418,0.618,0.81,False,1.5,1.0,0.3333,True,False,False,True,0.8091,-1.9417,False,False,False,True,-2.1036,SL
2026-08-18T16:50:00,NATURALGAS,2026-08-18,live_candles,TREND_UP,OOS,H1_CONT_OBSERVE,NO_ACTION,NOT_VALIDATED,H1_CONT,LONG,259.1,258.9,258.585,0.515,1.13,True,1.1053,0.6,0.0,False,True,True,False,3.6893,0.0,True,True,True,False,2.8058,T3
2026-08-18T16:55:00,NATURALGAS,2026-08-18,live_candles,TREND_UP,OOS,H1_CONT_OBSERVE,NO_ACTION,NOT_VALIDATED,H1_CONT,LONG,259.7,259.68,259.279,0.421,1.66,True,1.2444,0.5714,0.0,False,True,True,False,3.0879,0.0,True,True,True,False,2.7625,T3
2026-08-18T17:00:00,NATURALGAS,2026-08-18,live_candles,TREND_UP,OOS,SPIKE_NO_LEVEL,NO_ACTION,NO_ESTABLISHED_EDGE,AMBIG,SHORT,259.9,,,,,,0.5714,0.3333,,,,,,,,,,,,,
2026-08-18T17:10:00,NATURALGAS,2026-08-18,live_candles,TREND_UP,OOS,AMBIGUOUS,NO_ACTION,NO_ESTABLISHED_EDGE,AMBIG,LONG,261.0,260.5,260.382,0.618,,False,1.4737,1.0,0.0,False,True,True,False,0.4854,-1.1327,False,False,False,True,-1.2945,SL
2026-08-18T17:15:00,NATURALGAS,2026-08-18,live_candles,TREND_UP,OOS,SPIKE_NO_LEVEL,NO_ACTION,NO_ESTABLISHED_EDGE,AMBIG,SHORT,260.9,,,,,,0.4746,0.4,,,,,,,,,,,,,
2026-08-18T17:25:00,NATURALGAS,2026-08-18,live_candles,TREND_UP,OOS,H1_CONT_OBSERVE,NO_ACTION,NOT_VALIDATED,H1_CONT,SHORT,260.7,261.1,261.318,0.618,3.2,True,1.3548,1.0,0.0,False,True,True,False,2.2654,-1.2945,True,True,False,False,-1.4563,SL
2026-08-18T17:35:00,NATURALGAS,2026-08-18,live_candles,TREND_UP,OOS,H7_TRAP,AVOID,SUPPORTED,H7_TRAP,LONG,260.2,259.77,259.782,0.418,2.63,True,0.4118,0.3333,0.6167,True,True,False,True,1.9139,-1.4354,True,False,False,False,-1.6746,SL
2026-08-18T17:45:00,NATURALGAS,2026-08-18,live_candles,TREND_UP,OOS,H7_TRAP,AVOID,SUPPORTED,H7_TRAP,LONG,261.0,260.4,260.279,0.721,0.42,False,1.4,1.0,1.4286,True,False,False,True,0.0,-1.9417,False,False,False,True,-2.0804,SL
2026-08-18T17:50:00,NATURALGAS,2026-08-18,live_candles,TREND_UP,OOS,H7_LEANING_TRAP,AVOID,SUPPORTED,H7_TRAP,SHORT,259.6,259.8,260.733,1.133,0.68,True,1.878,1.0,0.3636,True,True,False,True,0.2648,-1.1474,False,False,False,True,-1.2357,SL
2026-08-18T17:55:00,NATURALGAS,2026-08-18,live_candles,TREND_UP,OOS,H7_TRAP,AVOID,SUPPORTED,H7_TRAP,SHORT,259.4,259.6,260.018,0.618,0.92,False,0.6512,0.6667,1.0,True,False,False,True,0.0,-1.2945,False,False,False,True,-1.4563,SL
2026-08-18T18:05:00,NATURALGAS,2026-08-18,live_candles,TREND_UP,OOS,SPIKE_NO_LEVEL,NO_ACTION,NO_ESTABLISHED_EDGE,AMBIG,SHORT,259.8,,,,,,0.5833,0.5,,,,,,,,,,,,,
2026-08-18T18:35:00,NATURALGAS,2026-08-18,live_candles,TREND_UP,OOS,H1_CONT_BLOCKED,NO_ACTION,NO_ESTABLISHED_EDGE,H1_CONT,LONG,260.3,259.89,259.476,0.824,0.24,True,1.2874,1.0,0.0,False,True,True,False,5.0971,-0.1214,True,True,True,False,2.8786,T3
2026-08-18T19:35:00,NATURALGAS,2026-08-18,live_candles,TREND_UP,OOS,H7_TRAP,AVOID,SUPPORTED,H7_TRAP,SHORT,260.5,260.6,261.118,0.618,2.9,False,0.6364,0.5,1.1667,True,False,False,True,0.3236,-1.2945,False,False,False,True,-1.4563,SL
2026-08-18T19:50:00,NATURALGAS,2026-08-18,live_candles,TREND_UP,OOS,AMBIGUOUS,NO_ACTION,NO_ESTABLISHED_EDGE,H1_CONT,SHORT,260.4,260.8,261.43,1.03,0.1,True,1.6232,0.8,0.1,True,True,True,False,0.1942,-1.6505,False,False,False,True,-1.7476,SL
2026-08-18T20:10:00,NATURALGAS,2026-08-18,live_candles,TREND_UP,OOS,H1_CONT_BLOCKED,NO_ACTION,NO_ESTABLISHED_EDGE,H1_CONT,LONG,260.9,260.6,260.179,0.721,0.69,True,1.4,1.0,0.0,False,True,True,False,4.9931,0.0,True,True,True,False,2.8613,T3
2026-08-18T20:40:00,NATURALGAS,2026-08-18,live_candles,TREND_UP,OOS,AMBIGUOUS,NO_ACTION,NO_ESTABLISHED_EDGE,AMBIG,SHORT,261.5,262.0,262.118,0.618,0.97,False,1.12,1.0,0.0,False,True,True,False,0.3236,-1.4563,False,False,False,True,-1.6181,SL
2026-08-18T21:00:00,NATURALGAS,2026-08-18,live_candles,TREND_UP,OOS,H1_CONT_BLOCKED,NO_ACTION,NO_ESTABLISHED_EDGE,H1_CONT,LONG,262.4,262.1,261.679,0.721,,True,1.3067,1.0,0.0,False,True,True,False,3.3287,-0.4161,True,True,True,False,2.8613,T3
2026-08-18T21:40:00,NATURALGAS,2026-08-18,live_candles,TREND_UP,OOS,H1_CONT_BLOCKED,NO_ACTION,NO_ESTABLISHED_EDGE,H1_CONT,LONG,264.5,262.7,263.058,1.442,,True,2.8824,1.0,0.0,False,True,True,False,0.4854,-0.5548,False,False,False,False,0.4854,EOD
2026-08-18T21:50:00,NATURALGAS,2026-08-18,live_candles,TREND_UP,OOS,AMBIGUOUS,NO_ACTION,NO_ESTABLISHED_EDGE,AMBIG,LONG,264.4,262.7,263.882,0.518,0.77,False,0.0,0.0,0.0,False,True,True,False,0.3861,-1.3514,False,False,False,True,-1.5444,SL
2026-08-18T22:15:00,NATURALGAS,2026-08-18,live_candles,TREND_UP,OOS,H7_TRAP,AVOID,SUPPORTED,H7_TRAP,SHORT,263.9,263.7,264.318,0.418,12.58,True,0.8116,0.6667,1.6667,True,False,False,True,0.2392,-1.9139,False,False,False,True,-2.1531,SL
2026-08-18T22:25:00,NATURALGAS,2026-08-18,live_candles,TREND_UP,OOS,H1_CONT_BLOCKED,NO_ACTION,NO_ESTABLISHED_EDGE,H1_CONT,LONG,264.7,264.3,263.979,0.721,0.14,True,1.3243,1.0,0.0,False,True,True,False,0.6935,-0.2774,False,False,False,False,0.6935,EOD
2026-08-19T10:00:00,NATURALGAS,2026-08-19,live_candles,CHOP,OOS,H1_CONT_BLOCKED,NO_ACTION,NO_ESTABLISHED_EDGE,H1_CONT,LONG,267.0,266.7,266.485,0.515,,True,2.5,1.0,0.0,False,True,True,False,0.5825,-1.3592,False,False,False,True,-1.5534,SL
2026-08-19T10:05:00,NATURALGAS,2026-08-19,live_candles,CHOP,OOS,H1_WEAK,NO_ACTION,NO_ESTABLISHED_EDGE,H1_CONT,LONG,267.1,267.0,266.891,0.209,,True,0.9655,0.6667,0.0,False,True,True,False,0.9569,-1.4354,False,False,False,True,-1.9139,SL
2026-08-19T10:25:00,NATURALGAS,2026-08-19,live_candles,CHOP,OOS,AMBIGUOUS,NO_ACTION,NO_ESTABLISHED_EDGE,AMBIG,SHORT,266.8,267.1,267.212,0.412,1.09,False,1.697,1.0,0.0,False,True,True,False,2.1845,-1.4563,True,True,False,False,-1.699,SL
2026-08-19T10:55:00,NATURALGAS,2026-08-19,live_candles,CHOP,OOS,H7_LEANING_TRAP,AVOID,SUPPORTED,H7_TRAP,LONG,267.2,267.0,266.891,0.309,0.32,False,1.2353,1.0,0.3333,True,False,False,True,0.0,-1.2945,False,False,False,True,-1.6181,SL
2026-08-19T11:40:00,NATURALGAS,2026-08-19,live_candles,CHOP,OOS,AMBIGUOUS,NO_ACTION,NO_ESTABLISHED_EDGE,AMBIG,SHORT,266.9,267.0,267.209,0.309,1.23,False,1.9091,1.0,0.0,False,True,True,False,3.2362,-0.6472,True,True,True,False,2.6764,T3
2026-08-19T11:50:00,NATURALGAS,2026-08-19,live_candles,CHOP,OOS,H7_LEANING_TRAP,AVOID,SUPPORTED,H7_TRAP,SHORT,266.5,266.56,266.809,0.309,0.65,True,1.8261,1.0,0.4667,True,False,False,True,0.0,-1.2945,False,False,False,True,-1.6181,SL
2026-08-19T12:00:00,NATURALGAS,2026-08-19,live_candles,CHOP,OOS,H7_TRAP,AVOID,SUPPORTED,H7_TRAP,SHORT,266.5,266.3,266.712,0.212,0.94,False,0.9655,0.5,1.0,True,False,False,True,0.4717,-1.4151,False,False,False,True,-1.8868,SL
2026-08-19T12:05:00,NATURALGAS,2026-08-19,live_candles,CHOP,OOS,H7_TRAP,AVOID,SUPPORTED,H7_TRAP,LONG,266.7,266.7,266.388,0.312,0.64,False,1.4,0.75,1.25,True,False,False,True,0.0,-1.6026,False,False,False,True,-1.9231,SL
2026-08-19T12:10:00,NATURALGAS,2026-08-19,live_candles,CHOP,OOS,H7_TRAP,AVOID,SUPPORTED,H7_TRAP,SHORT,266.2,266.3,266.612,0.412,,False,1.697,1.0,1.0,True,False,False,True,0.0,-1.699,False,False,False,True,-1.9417,SL
2026-08-19T12:20:00,NATURALGAS,2026-08-19,live_candles,CHOP,OOS,H7_TRAP,AVOID,SUPPORTED,H7_TRAP,LONG,266.7,266.8,266.385,0.315,0.32,False,1.1053,0.6,1.0,True,False,False,True,0.0,-1.2698,False,False,False,True,-1.5873,SL
2026-08-19T12:35:00,NATURALGAS,2026-08-19,live_candles,CHOP,OOS,H7_LEANING_TRAP,AVOID,SUPPORTED,H7_TRAP,LONG,266.9,266.9,266.276,0.624,0.63,True,1.68,0.75,0.5,True,False,False,True,0.0,-1.1218,False,False,False,True,-1.2821,SL
2026-08-19T13:35:00,NATURALGAS,2026-08-19,live_candles,CHOP,OOS,AMBIGUOUS,NO_ACTION,NO_ESTABLISHED_EDGE,AMBIG,SHORT,266.3,266.2,266.612,0.312,0.64,True,0.35,0.25,0.0,False,False,False,False,1.2821,-1.6026,True,False,False,False,-1.9231,SL
2026-08-19T14:30:00,NATURALGAS,2026-08-19,live_candles,CHOP,OOS,H1_WEAK,NO_ACTION,NO_ESTABLISHED_EDGE,H1_WEAK,LONG,267.1,266.8,266.688,0.412,0.24,True,0.875,0.5,0.0,False,True,True,False,1.4563,-1.2136,True,False,False,False,-1.4563,SL
2026-08-19T14:55:00,NATURALGAS,2026-08-19,live_candles,CHOP,OOS,H7_LEANING_TRAP,AVOID,SUPPORTED,H7_TRAP,LONG,267.6,267.5,266.979,0.621,,False,1.75,0.7143,0.2857,True,False,False,True,0.0,-1.2882,False,False,False,True,-1.4493,SL
2026-08-19T15:35:00,NATURALGAS,2026-08-19,live_candles,CHOP,OOS,SPIKE_NO_LEVEL,NO_ACTION,NO_ESTABLISHED_EDGE,AMBIG,SHORT,267.2,,,,,,0.6087,0.4,,,,,,,,,,,,,
2026-08-19T15:45:00,NATURALGAS,2026-08-19,live_candles,CHOP,OOS,H7_TRAP,AVOID,SUPPORTED,H7_TRAP,SHORT,266.9,267.1,267.312,0.412,0.73,False,0.9545,0.75,2.75,True,False,False,True,0.0,-2.1845,False,False,False,True,-2.4272,SL
2026-08-19T15:55:00,NATURALGAS,2026-08-19,live_candles,CHOP,OOS,AMBIGUOUS,NO_ACTION,NO_ESTABLISHED_EDGE,AMBIG,LONG,267.7,267.7,267.388,0.312,,True,0.875,0.75,0.0,False,False,False,False,5.7692,-0.641,True,True,True,False,2.6795,T3
2026-08-19T16:00:00,NATURALGAS,2026-08-19,live_candles,CHOP,OOS,H1_CONT_BLOCKED,NO_ACTION,NO_ESTABLISHED_EDGE,H1_CONT,LONG,268.2,267.8,267.582,0.618,,True,1.3462,0.8333,0.0,False,True,True,False,0.4854,-1.1327,False,False,False,True,-1.2945,SL
2026-08-19T16:10:00,NATURALGAS,2026-08-19,live_candles,CHOP,OOS,H7_LEANING_TRAP,AVOID,SUPPORTED,H7_TRAP,LONG,268.3,268.2,267.888,0.412,,True,0.875,0.75,0.5,True,False,False,True,0.4854,-1.9417,False,False,False,True,-2.1845,SL
2026-08-19T16:30:00,NATURALGAS,2026-08-19,live_candles,CHOP,OOS,H7_TRAP,AVOID,SUPPORTED,H7_TRAP,SHORT,267.6,267.9,268.015,0.415,2.99,False,1.0769,0.8,1.0,True,False,False,True,0.0,-2.4096,False,False,False,True,-2.6506,SL
2026-08-19T16:35:00,NATURALGAS,2026-08-19,live_candles,CHOP,OOS,H7_LEANING_TRAP,AVOID,SUPPORTED,H7_TRAP,LONG,268.4,268.5,267.57,0.83,0.12,True,1.931,0.8,0.3,True,False,False,True,3.1325,-0.3614,True,True,True,False,2.8795,T3
2026-08-19T17:05:00,NATURALGAS,2026-08-19,live_candles,CHOP,OOS,H1_CONT_BLOCKED,NO_ACTION,NO_ESTABLISHED_EDGE,H1_CONT,LONG,269.4,268.6,268.985,0.415,,True,1.0182,0.8,0.0,False,True,True,False,3.8554,-0.7229,True,True,True,False,2.759,T3
2026-08-19T17:10:00,NATURALGAS,2026-08-19,live_candles,CHOP,OOS,H1_WEAK,NO_ACTION,NO_ESTABLISHED_EDGE,H1_WEAK,LONG,269.6,269.5,269.082,0.518,,True,0.7636,0.5,0.0,False,True,True,False,4.6332,-0.3861,True,True,True,False,2.8069,T3
2026-08-19T17:15:00,NATURALGAS,2026-08-19,live_candles,CHOP,OOS,H1_WEAK,NO_ACTION,NO_ESTABLISHED_EDGE,H1_CONT,LONG,269.9,269.7,269.385,0.515,,True,0.9655,0.8,0.0,False,True,True,False,4.0777,0.0,True,True,True,False,2.8058,T3
2026-08-19T17:20:00,NATURALGAS,2026-08-19,live_candles,CHOP,OOS,H1_CONT_BLOCKED,NO_ACTION,NO_ESTABLISHED_EDGE,H1_CONT,LONG,271.0,269.9,270.279,0.721,,True,1.5077,1.0,0.0,False,True,True,False,3.0513,0.0,True,True,True,False,2.8613,T3
2026-08-19T17:25:00,NATURALGAS,2026-08-19,live_candles,CHOP,OOS,SPIKE_NO_LEVEL,NO_ACTION,NO_ESTABLISHED_EDGE,AMBIG,SHORT,271.7,,,,,,0.3889,0.4,,,,,,,,,,,,,
2026-08-19T17:30:00,NATURALGAS,2026-08-19,live_candles,CHOP,OOS,AMBIGUOUS,NO_ACTION,NO_ESTABLISHED_EDGE,AMBIG,LONG,272.0,272.0,271.485,0.515,,True,0.9333,1.0,0.0,False,False,False,False,4.6602,-0.5825,True,True,True,False,2.8058,T3
2026-08-19T17:40:00,NATURALGAS,2026-08-19,live_candles,CHOP,OOS,AMBIGUOUS,NO_ACTION,NO_ESTABLISHED_EDGE,AMBIG,LONG,272.7,272.0,272.182,0.518,,False,0.8861,0.8333,0.0,False,True,True,False,0.9653,-1.1583,False,False,False,True,-1.3514,SL
2026-08-19T17:50:00,NATURALGAS,2026-08-19,live_candles,CHOP,OOS,H7_TRAP,AVOID,SUPPORTED,H7_TRAP,LONG,273.0,273.0,272.482,0.518,,False,0.9211,0.8333,0.8333,True,False,False,True,0.3861,-1.3514,False,False,False,True,-1.5444,SL
2026-08-19T17:55:00,NATURALGAS,2026-08-19,live_candles,CHOP,OOS,AMBIGUOUS,NO_ACTION,NO_ESTABLISHED_EDGE,H7_TRAP,SHORT,272.7,272.5,273.227,0.527,2.28,False,0.1667,0.1111,0.2222,True,False,False,True,1.518,-3.2258,True,False,False,False,-3.4156,SL
2026-08-19T18:05:00,NATURALGAS,2026-08-19,live_candles,CHOP,OOS,SPIKE_NO_LEVEL,NO_ACTION,NO_ESTABLISHED_EDGE,AMBIG,SHORT,272.5,,,,,,0.6364,0.6667,,,,,,,,,,,,,
2026-08-19T18:10:00,NATURALGAS,2026-08-19,live_candles,CHOP,OOS,H1_WEAK,NO_ACTION,NO_ESTABLISHED_EDGE,H1_WEAK,LONG,272.4,267.34,272.085,0.315,2.54,True,0.1556,0.2,0.0,False,True,True,False,2.2222,-1.5873,True,True,False,False,-1.9048,SL
2026-08-19T18:20:00,NATURALGAS,2026-08-19,live_candles,CHOP,OOS,H7_TRAP,AVOID,SUPPORTED,H7_TRAP,SHORT,272.6,272.4,273.018,0.418,1.2,True,0.3333,0.3333,0.8333,True,False,False,True,1.6746,-1.1962,True,False,False,True,-1.4354,SL
2026-08-19T18:25:00,NATURALGAS,2026-08-19,live_candles,CHOP,OOS,H7_TRAP,AVOID,SUPPORTED,H7_TRAP,SHORT,272.0,272.1,273.136,1.136,5.17,False,1.2308,0.6667,0.6667,True,False,False,True,0.0,-2.1127,False,False,False,True,-2.2007,SL
2026-08-19T19:00:00,NATURALGAS,2026-08-19,live_candles,CHOP,OOS,H1_CONT_BLOCKED,NO_ACTION,NO_ESTABLISHED_EDGE,H1_CONT,LONG,274.4,273.2,272.855,1.545,,True,2.3864,1.0,0.0,False,True,True,False,0.3236,-1.6828,False,False,False,True,-1.7476,SL
2026-08-19T19:20:00,NATURALGAS,2026-08-19,live_candles,CHOP,OOS,H1_CONT_OBSERVE,NO_ACTION,NOT_VALIDATED,H1_CONT,SHORT,274.0,274.4,274.618,0.618,2.27,True,1.012,1.0,0.0,False,True,True,False,3.5599,0.0,True,True,True,False,2.8382,T3
2026-08-19T19:25:00,NATURALGAS,2026-08-19,live_candles,CHOP,OOS,H1_CONT_BLOCKED,NO_ACTION,NO_ESTABLISHED_EDGE,H1_CONT,SHORT,273.3,274.0,274.024,0.724,0.97,True,1.1136,0.875,0.0,False,True,True,False,3.3149,-0.4144,True,True,True,False,2.8619,T3
2026-08-19T19:30:00,NATURALGAS,2026-08-19,live_candles,CHOP,OOS,AMBIGUOUS,NO_ACTION,NO_ESTABLISHED_EDGE,AMBIG,SHORT,271.8,272.6,273.654,1.854,3.03,False,2.24,0.8889,0.0,False,True,True,False,0.8091,-0.1079,False,False,False,False,0.4854,EOD
2026-08-19T19:35:00,NATURALGAS,2026-08-19,live_candles,CHOP,OOS,AMBIGUOUS,NO_ACTION,NO_ESTABLISHED_EDGE,AMBIG,LONG,271.7,268.06,270.876,0.824,3.88,False,0.1443,0.125,0.0,False,True,True,False,0.0,-1.5777,False,False,False,True,-1.699,SL
2026-08-19T19:40:00,NATURALGAS,2026-08-19,live_candles,CHOP,OOS,H7_LEANING_TRAP,AVOID,SUPPORTED,H7_TRAP,SHORT,270.6,270.9,271.224,0.624,7.08,False,0.5333,0.5,0.5,True,True,False,True,0.3205,-1.1218,False,False,False,True,-1.2821,SL
2026-08-19T19:50:00,NATURALGAS,2026-08-19,live_candles,CHOP,OOS,H1_WEAK,NO_ACTION,NO_ESTABLISHED_EDGE,H1_CONT,LONG,271.3,270.8,270.682,0.618,5.83,True,0.7925,1.0,0.0,False,True,True,False,0.1618,-1.1327,False,False,False,True,-1.2945,SL
2026-08-19T20:50:00,NATURALGAS,2026-08-19,live_candles,CHOP,OOS,AMBIGUOUS,NO_ACTION,NO_ESTABLISHED_EDGE,H7_TRAP,LONG,271.6,271.2,270.876,0.724,0.41,False,0.6462,0.375,0.25,True,True,False,True,0.1381,-1.105,False,False,False,True,-1.2431,SL
2026-08-19T21:05:00,NATURALGAS,2026-08-19,live_candles,CHOP,OOS,H7_TRAP,AVOID,SUPPORTED,H7_TRAP,LONG,271.7,271.7,271.079,0.621,5.15,False,1.2353,0.8571,1.8571,True,False,False,True,0.0,-2.0934,False,False,False,True,-2.2544,SL
2026-08-19T21:10:00,NATURALGAS,2026-08-19,live_candles,CHOP,OOS,AMBIGUOUS,NO_ACTION,NO_ESTABLISHED_EDGE,H7_TRAP,SHORT,270.4,270.8,271.636,1.236,3.57,False,2.2105,1.0,0.1667,True,False,False,True,0.0809,-1.0518,False,False,False,True,-1.1327,SL
2026-08-19T21:15:00,NATURALGAS,2026-08-19,live_candles,CHOP,OOS,H7_LEANING_TRAP,AVOID,SUPPORTED,H7_TRAP,LONG,271.0,270.68,270.382,0.618,1.29,False,1.0633,1.0,0.4667,True,False,False,True,0.0,-1.1327,False,False,False,True,-1.2945,SL
2026-08-19T21:55:00,NATURALGAS,2026-08-19,live_candles,CHOP,OOS,H7_TRAP,AVOID,SUPPORTED,H7_TRAP,LONG,272.0,271.7,271.382,0.618,4.69,True,1.0633,1.0,0.6667,True,True,False,True,0.0,-1.1327,False,False,False,True,-1.2945,SL
2026-08-19T22:50:00,NATURALGAS,2026-08-19,live_candles,CHOP,OOS,H1_CONT_OBSERVE,NO_ACTION,NOT_VALIDATED,H1_CONT,SHORT,271.0,271.5,271.518,0.518,9.67,True,1.25,0.8333,0.0,False,True,True,False,0.9653,-0.5792,False,False,False,False,0.1931,EOD
2026-08-20T11:35:00,NATURALGAS,2026-08-20,live_candles,TREND_DOWN,OOS,SPIKE_NO_LEVEL,NO_ACTION,NO_ESTABLISHED_EDGE,AMBIG,SHORT,268.0,,,,,,1.7073,1.0,,,,,,,,,,,,,
2026-08-20T12:00:00,NATURALGAS,2026-08-20,live_candles,TREND_DOWN,OOS,AMBIGUOUS,NO_ACTION,NO_ESTABLISHED_EDGE,AMBIG,SHORT,267.2,267.2,267.921,0.721,0.42,True,0.8571,0.4286,0.0,False,False,False,False,3.0513,-0.1387,True,True,True,False,2.8613,T3
2026-08-20T12:35:00,NATURALGAS,2026-08-20,live_candles,TREND_DOWN,OOS,AMBIGUOUS,NO_ACTION,NO_ESTABLISHED_EDGE,AMBIG,SHORT,266.1,266.7,266.827,0.727,,False,1.7193,0.7778,0.0,False,True,True,False,3.0261,-0.1376,True,True,True,False,2.8624,T3
2026-08-20T12:55:00,NATURALGAS,2026-08-20,live_candles,TREND_DOWN,OOS,H1_CONT_BLOCKED,NO_ACTION,NO_ESTABLISHED_EDGE,H1_CONT,SHORT,265.0,265.5,265.618,0.618,,True,1.4237,1.0,0.0,False,True,True,False,3.8835,0.0,True,True,True,False,2.8382,T3
2026-08-20T13:00:00,NATURALGAS,2026-08-20,live_candles,TREND_DOWN,OOS,AMBIGUOUS,NO_ACTION,NO_ESTABLISHED_EDGE,AMBIG,SHORT,264.3,265.0,264.918,0.618,,False,1.3125,1.0,0.0,False,True,True,False,2.7508,-1.2945,True,True,False,False,-1.4563,SL
2026-08-20T13:10:00,NATURALGAS,2026-08-20,live_candles,TREND_DOWN,OOS,AMBIGUOUS,NO_ACTION,NO_ESTABLISHED_EDGE,AMBIG,SHORT,264.0,264.3,264.518,0.518,,False,1.1475,0.8333,0.0,False,True,True,False,2.7027,-1.5444,True,True,False,False,-1.7375,SL
2026-08-20T13:30:00,NATURALGAS,2026-08-20,live_candles,TREND_DOWN,OOS,AMBIGUOUS,NO_ACTION,NO_ESTABLISHED_EDGE,AMBIG,SHORT,262.9,263.7,263.733,0.833,,False,1.75,0.7273,0.0,False,True,True,False,0.2401,-1.0804,False,False,False,True,-1.2005,SL
2026-08-20T15:40:00,NATURALGAS,2026-08-20,live_candles,TREND_DOWN,OOS,AMBIGUOUS,NO_ACTION,NO_ESTABLISHED_EDGE,AMBIG,SHORT,264.1,264.2,264.718,0.618,2.43,True,2.2703,1.0,0.0,False,False,False,False,1.2945,-1.6181,True,False,False,False,-1.7799,SL
2026-08-20T15:50:00,NATURALGAS,2026-08-20,live_candles,TREND_DOWN,OOS,AMBIGUOUS,NO_ACTION,NO_ESTABLISHED_EDGE,AMBIG,SHORT,263.7,264.1,264.318,0.618,1.78,False,2.0,1.0,0.0,False,True,True,False,0.6472,-1.2945,False,False,False,True,-1.4563,SL
2026-08-20T16:20:00,NATURALGAS,2026-08-20,live_candles,TREND_DOWN,OOS,H1_CONT_OBSERVE,NO_ACTION,NOT_VALIDATED,H1_CONT,LONG,264.5,264.1,263.882,0.618,6.38,True,1.4286,0.8333,0.0,False,True,True,False,0.9709,-1.1327,False,False,False,True,-1.2945,SL
2026-08-20T16:25:00,NATURALGAS,2026-08-20,live_candles,TREND_DOWN,OOS,AMBIGUOUS,NO_ACTION,NO_ESTABLISHED_EDGE,AMBIG,SHORT,264.7,264.51,265.118,0.418,0.45,True,0.2593,0.1667,0.0,False,False,False,False,2.1531,-1.6746,True,True,False,False,-1.9139,SL
2026-08-20T17:05:00,NATURALGAS,2026-08-20,live_candles,TREND_DOWN,OOS,H7_TRAP,AVOID,SUPPORTED,H7_TRAP,LONG,264.8,264.6,264.276,0.524,6.95,False,1.129,0.625,0.625,True,True,False,True,1.145,-2.4809,True,False,False,False,-2.6718,SL
2026-08-20T17:15:00,NATURALGAS,2026-08-20,live_candles,TREND_DOWN,OOS,H7_TRAP,AVOID,SUPPORTED,H7_TRAP,SHORT,264.1,264.2,265.251,1.151,1.3,False,2.0,0.6471,0.7647,True,False,False,True,0.0,-1.2163,False,False,False,True,-1.3032,SL
2026-08-20T17:25:00,NATURALGAS,2026-08-20,live_candles,TREND_DOWN,OOS,H7_TRAP,AVOID,SUPPORTED,H7_TRAP,LONG,265.5,265.4,264.264,1.236,2.38,True,1.9091,1.0,0.8333,True,False,False,True,0.0,-1.0518,False,False,False,True,-1.1327,SL
2026-08-20T17:35:00,NATURALGAS,2026-08-20,live_candles,TREND_DOWN,OOS,H7_LEANING_TRAP,AVOID,SUPPORTED,H7_TRAP,SHORT,264.5,264.38,265.021,0.521,0.23,True,0.7527,0.7143,0.4571,True,False,False,True,3.8388,-0.9597,True,True,True,False,2.8081,T3
2026-08-20T17:45:00,NATURALGAS,2026-08-20,live_candles,TREND_DOWN,OOS,H7_TRAP,AVOID,SUPPORTED,H7_TRAP,SHORT,264.0,264.2,264.618,0.618,0.81,False,0.7368,0.8333,0.8333,True,False,False,True,0.0,-1.2945,False,False,False,True,-1.4563,SL
2026-08-20T18:10:00,NATURALGAS,2026-08-20,live_candles,TREND_DOWN,OOS,H7_TRAP,AVOID,SUPPORTED,H7_TRAP,LONG,264.5,264.4,263.676,0.824,0.12,True,1.0467,1.0,1.5,True,True,False,True,0.6068,-1.5777,False,False,False,True,-1.699,SL
2026-08-20T18:20:00,NATURALGAS,2026-08-20,live_candles,TREND_DOWN,OOS,H1_CONT_BLOCKED,NO_ACTION,NO_ESTABLISHED_EDGE,H1_CONT,SHORT,263.9,264.5,265.033,1.133,0.18,True,1.4259,1.0,0.0,False,True,True,False,3.1774,-0.9709,True,True,True,False,2.9117,T3
2026-08-20T18:25:00,NATURALGAS,2026-08-20,live_candles,TREND_DOWN,OOS,H7_TRAP,AVOID,SUPPORTED,H7_TRAP,SHORT,263.2,263.7,264.024,0.824,0.66,False,0.8485,0.75,0.875,True,False,False,True,0.2427,-1.4563,False,False,False,True,-1.5777,SL
2026-08-20T18:30:00,NATURALGAS,2026-08-20,live_candles,TREND_DOWN,OOS,AMBIGUOUS,NO_ACTION,NO_ESTABLISHED_EDGE,H7_TRAP,LONG,264.4,264.0,262.958,1.442,0.42,False,1.8148,1.0,0.0714,True,True,False,True,0.4161,-1.3176,False,False,False,True,-1.387,SL
2026-08-20T18:40:00,NATURALGAS,2026-08-20,live_candles,TREND_DOWN,OOS,H7_LEANING_TRAP,AVOID,SUPPORTED,H7_TRAP,SHORT,263.9,264.2,264.724,0.824,1.09,False,1.12,1.0,0.5,True,False,False,True,0.0,-1.2136,False,False,False,True,-1.335,SL
2026-08-20T19:35:00,NATURALGAS,2026-08-20,live_candles,TREND_DOWN,OOS,AMBIGUOUS,NO_ACTION,NO_ESTABLISHED_EDGE,AMBIG,SHORT,264.0,264.0,265.03,1.03,1.3,True,1.9718,1.0,0.0,False,False,False,False,3.0097,0.0,True,True,True,False,2.9029,T3
2026-08-20T20:00:00,NATURALGAS,2026-08-20,live_candles,TREND_DOWN,OOS,SPIKE_NO_LEVEL,NO_ACTION,NO_ESTABLISHED_EDGE,AMBIG,LONG,263.3,,,,,,1.8361,0.8889,,,,,,,,,,,,,
2026-08-20T20:05:00,NATURALGAS,2026-08-20,live_candles,TREND_DOWN,OOS,H1_CONT_BLOCKED,NO_ACTION,NO_ESTABLISHED_EDGE,H1_CONT,SHORT,262.1,262.5,263.133,1.033,,True,1.9444,0.9091,0.0,False,True,True,False,1.7425,-0.484,True,False,False,False,1.0649,EOD
2026-08-20T20:10:00,NATURALGAS,2026-08-20,live_candles,TREND_DOWN,OOS,H1_CONT_BLOCKED,NO_ACTION,NO_ESTABLISHED_EDGE,H1_CONT,SHORT,261.7,262.0,262.321,0.621,,True,1.1507,0.8571,0.0,False,True,True,False,0.8052,-1.4493,False,False,False,True,-1.6103,SL
2026-08-21T10:00:00,NATURALGAS,2026-08-21,live_candles,CHOP,OOS,AMBIGUOUS,NO_ACTION,NO_ESTABLISHED_EDGE,AMBIG,SHORT,263.2,263.2,263.509,0.309,,True,0.8125,0.6667,0.0,False,False,False,False,1.9417,-4.8544,True,False,False,False,-5.178,SL
2026-08-21T10:15:00,NATURALGAS,2026-08-21,live_candles,CHOP,OOS,H1_WEAK,NO_ACTION,NO_ESTABLISHED_EDGE,H1_WEAK,SHORT,262.8,263.0,263.212,0.412,,True,0.7778,0.5,0.0,False,True,True,False,0.4854,-1.2136,False,False,False,True,-1.4563,SL
2026-08-21T10:30:00,NATURALGAS,2026-08-21,live_candles,CHOP,OOS,H1_WEAK,NO_ACTION,NO_ESTABLISHED_EDGE,H1_CONT,LONG,263.0,262.9,262.791,0.209,0.96,True,0.7368,0.6667,0.0,False,True,True,False,8.134,-0.4785,True,True,True,False,2.5215,T3
2026-08-21T10:45:00,NATURALGAS,2026-08-21,live_candles,CHOP,OOS,AMBIGUOUS,NO_ACTION,NO_ESTABLISHED_EDGE,AMBIG,LONG,263.2,263.1,262.891,0.309,1.0,False,0.8235,0.6667,0.0,False,True,True,False,4.8544,-0.3236,True,True,True,False,2.6764,T3
2026-08-21T10:55:00,NATURALGAS,2026-08-21,live_candles,CHOP,OOS,H1_WEAK,NO_ACTION,NO_ESTABLISHED_EDGE,H1_WEAK,LONG,263.4,263.3,263.191,0.209,0.53,True,0.4118,0.3333,0.0,False,True,False,False,6.2201,-0.9569,True,True,True,False,2.5215,T3
2026-08-21T11:25:00,NATURALGAS,2026-08-21,live_candles,CHOP,OOS,AMBIGUOUS,NO_ACTION,NO_ESTABLISHED_EDGE,AMBIG,LONG,264.6,263.9,263.464,1.136,,False,3.9487,0.9167,0.0,False,True,True,False,2.9049,-0.3521,True,True,False,False,-0.1761,EOD
2026-08-21T11:30:00,NATURALGAS,2026-08-21,live_candles,CHOP,OOS,H7_TRAP,AVOID,SUPPORTED,H7_TRAP,LONG,264.6,264.7,264.185,0.415,0.24,False,0.3415,0.2,0.8,True,False,False,True,3.6145,-0.9639,True,True,True,False,2.759,T3
2026-08-21T11:35:00,NATURALGAS,2026-08-21,live_candles,CHOP,OOS,H7_TRAP,AVOID,SUPPORTED,H7_TRAP,SHORT,264.4,264.2,264.612,0.212,5.19,False,0.6512,0.5,1.5,True,False,False,True,0.9434,-1.8868,False,False,False,True,-2.3585,SL
2026-08-21T11:40:00,NATURALGAS,2026-08-21,live_candles,CHOP,OOS,H7_TRAP,AVOID,SUPPORTED,H7_TRAP,LONG,264.6,264.6,264.188,0.412,0.24,False,1.2727,1.0,0.75,True,False,False,True,3.6408,-0.7282,True,True,True,False,2.7573,T3
2026-08-21T11:50:00,NATURALGAS,2026-08-21,live_candles,CHOP,OOS,H1_CONT_BLOCKED,NO_ACTION,NO_ESTABLISHED_EDGE,H1_CONT,LONG,264.8,264.7,264.388,0.412,,True,1.098,1.0,0.0,False,True,True,False,3.1553,-0.9709,True,True,True,False,2.7573,T3
2026-08-21T11:55:00,NATURALGAS,2026-08-21,live_candles,CHOP,OOS,AMBIGUOUS,NO_ACTION,NO_ESTABLISHED_EDGE,AMBIG,LONG,265.1,264.8,264.785,0.315,,False,0.7925,0.6,0.0,False,False,False,False,0.0,-1.5873,False,False,False,True,-1.9048,SL
2026-08-21T12:30:00,NATURALGAS,2026-08-21,live_candles,CHOP,OOS,H7_TRAP,AVOID,SUPPORTED,H7_TRAP,SHORT,264.5,264.8,265.118,0.618,3.03,False,1.5,1.0,1.0,True,False,False,True,0.1618,-1.1327,False,False,False,True,-1.2945,SL
2026-08-21T12:35:00,NATURALGAS,2026-08-21,live_candles,CHOP,OOS,H1_CONT_BLOCKED,NO_ACTION,NO_ESTABLISHED_EDGE,H1_CONT,LONG,265.2,265.1,264.376,0.824,0.12,True,2.1961,1.0,0.0,False,True,True,False,3.034,-0.2427,True,True,True,False,2.8786,T3
2026-08-21T12:55:00,NATURALGAS,2026-08-21,live_candles,CHOP,OOS,H1_CONT_BLOCKED,NO_ACTION,NO_ESTABLISHED_EDGE,H1_CONT,LONG,265.8,265.5,265.285,0.515,,True,1.1667,0.8,0.0,False,True,True,False,3.4951,-0.5825,True,True,True,False,2.8058,T3
2026-08-21T14:10:00,NATURALGAS,2026-08-21,live_candles,CHOP,OOS,AMBIGUOUS,NO_ACTION,NO_ESTABLISHED_EDGE,AMBIG,SHORT,265.7,265.7,266.015,0.315,9.71,True,0.6667,0.4,0.2,True,False,False,False,0.3175,-2.2222,False,False,False,True,-2.5397,SL
2026-08-21T14:35:00,NATURALGAS,2026-08-21,live_candles,CHOP,OOS,H1_CONT_OBSERVE,NO_ACTION,NOT_VALIDATED,H1_CONT,LONG,266.3,265.9,265.885,0.415,1.2,True,1.3333,0.8,0.0,False,True,True,False,3.1325,-0.7229,True,True,True,False,2.759,T3
2026-08-21T16:10:00,NATURALGAS,2026-08-21,live_candles,CHOP,OOS,H7_TRAP,AVOID,SUPPORTED,H7_TRAP,SHORT,266.2,266.3,266.715,0.515,0.19,False,1.3125,0.6,1.6,True,False,False,True,0.3883,-1.7476,False,False,False,True,-1.9417,SL
2026-08-21T16:15:00,NATURALGAS,2026-08-21,live_candles,CHOP,OOS,AMBIGUOUS,NO_ACTION,NO_ESTABLISHED_EDGE,AMBIG,LONG,266.5,266.5,265.985,0.515,0.5,True,1.6,0.8,0.0,False,False,False,False,2.7184,-1.7476,True,True,False,False,-1.9417,SL
2026-08-21T16:25:00,NATURALGAS,2026-08-21,live_candles,CHOP,OOS,SPIKE_NO_LEVEL,NO_ACTION,NO_ESTABLISHED_EDGE,AMBIG,SHORT,267.1,,,,,,0.0,0.0,,,,,,,,,,,,,
2026-08-21T16:30:00,NATURALGAS,2026-08-21,live_candles,CHOP,OOS,H1_WEAK,NO_ACTION,NO_ESTABLISHED_EDGE,H1_WEAK,LONG,267.5,266.7,266.676,0.824,0.06,True,0.7778,0.375,0.0,False,True,True,False,0.4854,-1.0922,False,False,False,True,-1.2136,SL
2026-08-21T16:45:00,NATURALGAS,2026-08-21,live_candles,CHOP,OOS,H1_CONT_OBSERVE,NO_ACTION,NOT_VALIDATED,H1_CONT,SHORT,267.3,267.5,267.815,0.515,1.17,True,1.1667,1.0,0.0,False,True,True,False,3.301,-0.5825,True,True,True,False,2.8058,T3
2026-08-21T16:55:00,NATURALGAS,2026-08-21,live_candles,CHOP,OOS,AMBIGUOUS,NO_ACTION,NO_ESTABLISHED_EDGE,H7_TRAP,SHORT,266.6,266.7,267.218,0.618,4.6,False,1.2923,1.0,0.1667,True,False,False,True,3.2362,-0.9709,True,True,True,False,2.8382,T3
2026-08-21T17:00:00,NATURALGAS,2026-08-21,live_candles,CHOP,OOS,AMBIGUOUS,NO_ACTION,NO_ESTABLISHED_EDGE,AMBIG,SHORT,266.8,266.7,267.215,0.415,0.24,True,0.2,0.2,0.0,False,False,False,False,3.3735,-0.4819,True,True,True,False,2.759,T3
2026-08-21T17:05:00,NATURALGAS,2026-08-21,live_candles,CHOP,OOS,AMBIGUOUS,NO_ACTION,NO_ESTABLISHED_EDGE,H7_TRAP,SHORT,266.7,266.6,267.015,0.315,0.32,True,0.5833,0.6,0.2,True,False,False,True,3.4921,0.0,True,True,True,False,2.6825,T3
2026-08-21T17:10:00,NATURALGAS,2026-08-21,live_candles,CHOP,OOS,H7_LEANING_TRAP,AVOID,SUPPORTED,H7_TRAP,SHORT,266.2,266.5,266.715,0.515,4.74,False,0.9459,1.0,0.4,True,False,False,True,1.165,-1.3592,True,False,False,False,-1.5534,SL
2026-08-21T17:15:00,NATURALGAS,2026-08-21,live_candles,CHOP,OOS,H7_TRAP,AVOID,SUPPORTED,H7_TRAP,LONG,266.7,266.7,266.082,0.618,0.81,False,0.7273,0.6667,1.8333,True,False,False,True,0.0,-1.7799,False,False,False,True,-1.9417,SL
2026-08-21T17:25:00,NATURALGAS,2026-08-21,live_candles,CHOP,OOS,H7_LEANING_TRAP,AVOID,SUPPORTED,H7_TRAP,SHORT,265.6,266.1,266.321,0.721,1.94,False,1.225,1.0,0.5714,True,False,False,True,0.0,-1.8031,False,False,False,True,-1.9417,SL
2026-08-21T17:30:00,NATURALGAS,2026-08-21,live_candles,CHOP,OOS,H7_TRAP,AVOID,SUPPORTED,H7_TRAP,LONG,266.5,266.7,265.561,0.939,0.21,False,1.4483,0.6923,0.6923,True,False,False,True,0.0,-1.1715,False,False,False,True,-1.278,SL
2026-08-21T17:35:00,NATURALGAS,2026-08-21,live_candles,CHOP,OOS,SPIKE_NO_LEVEL,NO_ACTION,NO_ESTABLISHED_EDGE,AMBIG,SHORT,266.0,,,,,,0.8333,1.0,,,,,,,,,,,,,
2026-08-21T17:40:00,NATURALGAS,2026-08-21,live_candles,CHOP,OOS,SPIKE_NO_LEVEL,NO_ACTION,NO_ESTABLISHED_EDGE,AMBIG,LONG,265.9,,,,,,0.1728,0.2,,,,,,,,,,,,,
2026-08-21T17:55:00,NATURALGAS,2026-08-21,live_candles,CHOP,OOS,AMBIGUOUS,NO_ACTION,NO_ESTABLISHED_EDGE,AMBIG,SHORT,264.6,265.4,265.63,1.03,0.39,False,1.6092,1.0,0.0,False,True,True,False,0.2913,-1.165,False,False,False,True,-1.2621,SL
2026-08-21T18:00:00,NATURALGAS,2026-08-21,live_candles,CHOP,OOS,H7_TRAP,AVOID,SUPPORTED,H7_TRAP,SHORT,264.5,264.6,265.018,0.518,0.58,False,0.1573,0.1667,1.1667,True,True,False,True,0.3861,-1.5444,False,False,False,True,-1.7375,SL
2026-08-21T18:40:00,NATURALGAS,2026-08-21,live_candles,CHOP,OOS,H7_TRAP,AVOID,SUPPORTED,H7_TRAP,SHORT,265.6,265.6,266.015,0.415,3.37,False,0.8,0.8,1.0,True,False,False,True,0.0,-1.4458,False,False,False,True,-1.6867,SL
2026-08-21T18:45:00,NATURALGAS,2026-08-21,live_candles,CHOP,OOS,SPIKE_NO_LEVEL,NO_ACTION,NO_ESTABLISHED_EDGE,AMBIG,SHORT,265.9,,,,,,0.3944,0.4,,,,,,,,,,,,,
2026-08-21T19:05:00,NATURALGAS,2026-08-21,live_candles,CHOP,OOS,H7_TRAP,AVOID,SUPPORTED,H7_TRAP,LONG,266.5,266.2,265.676,0.824,0.69,False,1.4627,0.875,0.75,True,True,False,True,0.3641,-1.2136,False,False,False,True,-1.335,SL
2026-08-21T19:40:00,NATURALGAS,2026-08-21,live_candles,CHOP,OOS,AMBIGUOUS,NO_ACTION,NO_ESTABLISHED_EDGE,AMBIG,LONG,266.7,266.3,265.979,0.721,0.14,False,1.5312,1.0,0.0,False,False,False,False,0.4161,-1.387,False,False,False,True,-1.5257,SL
2026-08-21T20:30:00,NATURALGAS,2026-08-21,live_candles,CHOP,OOS,H1_CONT_BLOCKED,NO_ACTION,NO_ESTABLISHED_EDGE,H1_CONT,SHORT,266.5,266.7,267.015,0.515,0.39,True,1.3725,1.0,0.0,False,True,True,False,3.301,-0.1942,True,True,True,False,2.8058,T3
2026-08-21T20:35:00,NATURALGAS,2026-08-21,live_candles,CHOP,OOS,AMBIGUOUS,NO_ACTION,NO_ESTABLISHED_EDGE,H7_TRAP,SHORT,265.8,266.3,266.318,0.518,2.45,False,1.0182,0.6667,0.1667,True,True,False,True,0.0,-1.1583,False,False,False,True,-1.3514,SL
2026-08-21T22:00:00,NATURALGAS,2026-08-21,live_candles,CHOP,OOS,H1_CONT_OBSERVE,NO_ACTION,NOT_VALIDATED,H1_CONT,LONG,265.4,265.2,264.885,0.515,3.03,True,1.75,1.0,0.0,False,True,True,False,1.5534,-1.165,True,False,False,False,-1.3592,SL
2026-08-21T23:05:00,NATURALGAS,2026-08-21,live_candles,CHOP,OOS,AMBIGUOUS,NO_ACTION,NO_ESTABLISHED_EDGE,AMBIG,SHORT,264.6,264.75,265.015,0.415,0.96,False,0.9655,0.8,0.0,False,True,True,False,0.4819,-0.9639,False,False,False,False,0.4819,EOD
2026-08-24T11:35:00,NATURALGAS,2026-08-24,live_candles,CHOP,HOLDOUT,H1_WEAK,NO_ACTION,NO_ESTABLISHED_EDGE,H1_WEAK,SHORT,261.9,262.2,262.115,0.215,1.77,True,0.9655,0.4,0.0,False,True,True,False,3.7209,-0.4651,True,True,True,False,2.5349,T3
2026-08-24T11:40:00,NATURALGAS,2026-08-24,live_candles,CHOP,HOLDOUT,AMBIGUOUS,NO_ACTION,NO_ESTABLISHED_EDGE,H7_TRAP,SHORT,261.5,261.52,262.015,0.515,0.39,True,2.1212,1.0,0.16,True,True,False,True,1.9417,-1.9417,True,False,False,False,-2.1359,SL
2026-08-24T12:05:00,NATURALGAS,2026-08-24,live_candles,CHOP,HOLDOUT,H1_WEAK,NO_ACTION,NO_ESTABLISHED_EDGE,H1_WEAK,SHORT,261.4,261.47,261.812,0.412,0.73,True,0.6829,0.5,0.0,False,True,True,False,2.1845,-1.2136,True,True,False,False,-1.4563,SL
2026-08-24T12:15:00,NATURALGAS,2026-08-24,live_candles,CHOP,HOLDOUT,AMBIGUOUS,NO_ACTION,NO_ESTABLISHED_EDGE,AMBIG,SHORT,260.6,261.1,261.218,0.618,,False,1.4583,0.8333,0.0,False,True,False,False,0.0,-1.2945,False,False,False,True,-1.4563,SL
2026-08-24T12:35:00,NATURALGAS,2026-08-24,live_candles,CHOP,HOLDOUT,H7_TRAP,AVOID,SUPPORTED,H7_TRAP,SHORT,260.5,260.6,261.015,0.515,,False,1.037,0.8,1.2,True,False,False,True,0.0,-1.3592,False,False,False,True,-1.5534,SL
2026-08-24T12:50:00,NATURALGAS,2026-08-24,live_candles,CHOP,HOLDOUT,H1_CONT_BLOCKED,NO_ACTION,NO_ESTABLISHED_EDGE,H1_CONT,LONG,261.2,260.7,260.582,0.618,0.32,True,1.6154,1.0,0.0,False,True,True,False,3.0744,-0.1618,True,True,True,False,2.8382,T3
2026-08-24T12:55:00,NATURALGAS,2026-08-24,live_candles,CHOP,HOLDOUT,AMBIGUOUS,NO_ACTION,NO_ESTABLISHED_EDGE,H7_TRAP,LONG,261.4,261.4,261.085,0.315,1.62,False,0.7778,0.6,0.2,True,False,False,True,3.4921,-0.6349,True,True,True,False,2.6825,T3
2026-08-24T13:10:00,NATURALGAS,2026-08-24,live_candles,CHOP,HOLDOUT,H7_TRAP,AVOID,SUPPORTED,H7_TRAP,LONG,262.3,262.4,261.882,0.418,0.24,False,0.9032,0.6667,0.6667,True,False,False,True,3.3493,-0.7177,True,True,True,False,2.7608,T3
2026-08-24T13:35:00,NATURALGAS,2026-08-24,live_candles,CHOP,HOLDOUT,H1_WEAK,NO_ACTION,NO_ESTABLISHED_EDGE,H1_WEAK,LONG,263.1,262.6,262.482,0.618,,True,1.3333,1.0,0.0,False,True,False,False,0.0,-1.2945,False,False,False,True,-1.4563,SL
2026-08-24T14:00:00,NATURALGAS,2026-08-24,live_candles,CHOP,HOLDOUT,AMBIGUOUS,NO_ACTION,NO_ESTABLISHED_EDGE,AMBIG,SHORT,262.4,262.5,262.815,0.415,3.35,False,0.4912,0.4,0.2,True,True,True,False,0.4819,-1.6867,False,False,False,True,-1.9277,SL
2026-08-24T14:45:00,NATURALGAS,2026-08-24,live_candles,CHOP,HOLDOUT,AMBIGUOUS,NO_ACTION,NO_ESTABLISHED_EDGE,AMBIG,LONG,264.4,263.9,263.782,0.618,,False,1.9091,1.0,0.0,False,True,True,False,3.0744,-0.4854,True,True,True,False,2.8382,T3
2026-08-24T14:50:00,NATURALGAS,2026-08-24,live_candles,CHOP,HOLDOUT,SPIKE_NO_LEVEL,NO_ACTION,NO_ESTABLISHED_EDGE,AMBIG,SHORT,264.1,,,,,,1.5217,1.0,,,,,,,,,,,,,
2026-08-24T15:05:00,NATURALGAS,2026-08-24,live_candles,CHOP,HOLDOUT,AMBIGUOUS,NO_ACTION,NO_ESTABLISHED_EDGE,AMBIG,LONG,265.2,264.7,264.582,0.618,,False,1.5849,1.0,0.0,False,True,True,False,0.1618,-1.2945,False,False,False,True,-1.4563,SL
2026-08-24T15:40:00,NATURALGAS,2026-08-24,live_candles,CHOP,HOLDOUT,H7_LEANING_TRAP,AVOID,SUPPORTED,H7_TRAP,SHORT,264.4,264.6,264.915,0.515,6.89,True,1.2963,1.0,0.6,True,True,False,True,0.3883,-1.165,False,False,False,True,-1.3592,SL
2026-08-24T15:50:00,NATURALGAS,2026-08-24,live_candles,CHOP,HOLDOUT,AMBIGUOUS,NO_ACTION,NO_ESTABLISHED_EDGE,AMBIG,LONG,264.9,264.6,264.385,0.515,0.19,False,1.2069,1.0,0.0,False,True,True,False,3.301,-0.5825,True,True,True,False,2.8058,T3
2026-08-24T16:10:00,NATURALGAS,2026-08-24,live_candles,CHOP,HOLDOUT,AMBIGUOUS,NO_ACTION,NO_ESTABLISHED_EDGE,AMBIG,LONG,265.4,265.3,264.679,0.721,,True,1.75,1.0,0.0,False,False,False,False,4.577,-0.4161,True,True,True,False,2.8613,T3
2026-08-24T16:50:00,NATURALGAS,2026-08-24,live_candles,CHOP,HOLDOUT,H1_CONT_BLOCKED,NO_ACTION,NO_ESTABLISHED_EDGE,H1_CONT,LONG,267.2,266.6,266.785,0.415,,True,1.0,0.8,0.0,False,True,True,False,3.6145,0.0,True,True,True,False,2.759,T3
2026-08-24T16:55:00,NATURALGAS,2026-08-24,live_candles,CHOP,HOLDOUT,AMBIGUOUS,NO_ACTION,NO_ESTABLISHED_EDGE,AMBIG,LONG,268.7,267.3,267.464,1.236,,False,2.5075,1.0,0.0,False,True,True,False,2.0227,-1.3754,True,True,False,False,-1.4563,SL
2026-08-24T17:00:00,NATURALGAS,2026-08-24,live_candles,CHOP,HOLDOUT,SPIKE_NO_LEVEL,NO_ACTION,NO_ESTABLISHED_EDGE,AMBIG,SHORT,268.2,,,,,,0.8235,0.5714,,,,,,,,,,,,,
2026-08-24T17:10:00,NATURALGAS,2026-08-24,live_candles,CHOP,HOLDOUT,H1_CONT_BLOCKED,NO_ACTION,NO_ESTABLISHED_EDGE,H1_CONT,LONG,269.3,268.8,268.476,0.824,,True,1.4545,1.0,0.0,False,True,True,False,2.3058,-1.335,True,True,False,False,-1.4563,SL
2026-08-24T17:15:00,NATURALGAS,2026-08-24,live_candles,CHOP,HOLDOUT,H7_LEANING_TRAP,AVOID,SUPPORTED,AMBIG,LONG,269.6,269.3,268.982,0.618,,False,1.037,1.0,0.5,True,False,False,False,0.1618,-1.6181,False,False,False,True,-1.7799,SL
2026-08-24T17:30:00,NATURALGAS,2026-08-24,live_candles,CHOP,HOLDOUT,H7_TRAP,AVOID,SUPPORTED,H7_TRAP,SHORT,269.0,269.2,269.424,0.424,2.83,False,0.506,0.375,0.75,True,False,False,True,0.0,-1.1792,False,False,False,True,-1.4151,SL
2026-08-24T17:40:00,NATURALGAS,2026-08-24,live_candles,CHOP,HOLDOUT,AMBIGUOUS,NO_ACTION,NO_ESTABLISHED_EDGE,H7_TRAP,LONG,269.8,269.7,269.079,0.721,,False,0.7955,0.7143,0.1429,True,True,False,True,1.9417,-1.2483,True,False,False,False,-1.387,SL
2026-08-24T18:05:00,NATURALGAS,2026-08-24,live_candles,CHOP,HOLDOUT,H7_TRAP,AVOID,SUPPORTED,H7_TRAP,SHORT,269.5,269.8,270.018,0.518,0.58,False,0.8537,0.8333,0.6667,True,False,False,True,0.3861,-1.3514,False,False,False,True,-1.5444,SL
2026-08-24T18:15:00,NATURALGAS,2026-08-24,live_candles,CHOP,HOLDOUT,AMBIGUOUS,NO_ACTION,NO_ESTABLISHED_EDGE,AMBIG,LONG,270.2,270.2,269.273,0.927,,True,1.1667,0.7778,0.0,False,False,False,False,1.0787,-1.4024,True,False,False,False,-1.5102,SL
2026-08-24T18:30:00,NATURALGAS,2026-08-24,live_candles,CHOP,HOLDOUT,SPIKE_NO_LEVEL,NO_ACTION,NO_ESTABLISHED_EDGE,AMBIG,SHORT,270.4,,,,,,0.9459,0.8333,,,,,,,,,,,,,
2026-08-24T18:40:00,NATURALGAS,2026-08-24,live_candles,CHOP,HOLDOUT,AMBIGUOUS,NO_ACTION,NO_ESTABLISHED_EDGE,AMBIG,SHORT,270.2,270.7,271.127,0.927,0.97,False,1.6154,1.0,0.0,False,True,True,False,3.452,-0.3236,True,True,True,False,2.8921,T3
2026-08-24T18:45:00,NATURALGAS,2026-08-24,live_candles,CHOP,HOLDOUT,AMBIGUOUS,NO_ACTION,NO_ESTABLISHED_EDGE,AMBIG,LONG,270.4,264.85,269.573,0.827,0.97,False,0.8537,0.5556,0.0,False,True,True,False,0.0,-1.2092,False,False,False,True,-1.3301,SL
2026-08-24T18:50:00,NATURALGAS,2026-08-24,live_candles,CHOP,HOLDOUT,SPIKE_NO_LEVEL,NO_ACTION,NO_ESTABLISHED_EDGE,AMBIG,SHORT,269.7,,,,,,1.0244,1.0,,,,,,,,,,,,,
2026-08-24T19:15:00,NATURALGAS,2026-08-24,live_candles,CHOP,HOLDOUT,H7_LEANING_TRAP,AVOID,SUPPORTED,H1_WEAK,SHORT,268.6,268.8,269.321,0.721,11.08,True,0.8333,0.7143,0.5714,True,True,False,False,0.0,-1.1096,False,False,False,True,-1.2483,SL
2026-08-24T19:45:00,NATURALGAS,2026-08-24,live_candles,CHOP,HOLDOUT,AMBIGUOUS,NO_ACTION,NO_ESTABLISHED_EDGE,H7_TRAP,SHORT,268.5,268.5,269.118,0.618,12.77,False,1.05,1.0,0.1667,True,False,False,True,3.2362,-0.3236,True,True,True,False,2.8382,T3
2026-08-24T20:10:00,NATURALGAS,2026-08-24,live_candles,CHOP,HOLDOUT,AMBIGUOUS,NO_ACTION,NO_ESTABLISHED_EDGE,AMBIG,SHORT,267.7,268.2,268.321,0.621,0.32,False,1.0909,0.8571,0.0,False,True,True,False,3.0596,-0.9662,True,True,True,False,2.839,T3
2026-08-24T20:35:00,NATURALGAS,2026-08-24,live_candles,CHOP,HOLDOUT,AMBIGUOUS,NO_ACTION,NO_ESTABLISHED_EDGE,AMBIG,SHORT,267.0,267.6,267.824,0.824,7.75,False,1.4177,1.0,0.0,False,True,False,False,2.5485,-0.7282,True,True,False,False,0.7282,EOD
2026-08-24T20:55:00,NATURALGAS,2026-08-24,live_candles,CHOP,HOLDOUT,AMBIGUOUS,NO_ACTION,NO_ESTABLISHED_EDGE,AMBIG,SHORT,266.9,267.4,267.518,0.618,0.16,False,1.0769,1.0,0.0,False,True,True,False,3.0744,-0.4854,True,True,True,False,2.8382,T3
2026-08-24T21:15:00,NATURALGAS,2026-08-24,live_candles,CHOP,HOLDOUT,AMBIGUOUS,NO_ACTION,NO_ESTABLISHED_EDGE,AMBIG,SHORT,265.8,266.5,266.624,0.824,6.3,False,1.6232,1.0,0.0,False,True,True,False,1.0922,-2.0631,True,False,False,False,-2.1845,SL
2026-08-24T21:40:00,NATURALGAS,2026-08-24,live_candles,CHOP,HOLDOUT,H7_TRAP,AVOID,SUPPORTED,H7_TRAP,SHORT,265.0,265.5,265.618,0.618,7.1,False,1.2537,1.0,1.6667,True,False,False,True,0.1618,-1.9417,False,False,False,True,-2.1036,SL
2026-08-24T21:45:00,NATURALGAS,2026-08-24,live_candles,CHOP,HOLDOUT,AMBIGUOUS,NO_ACTION,NO_ESTABLISHED_EDGE,AMBIG,LONG,266.2,266.2,264.861,1.339,0.99,True,2.4267,1.0,0.0,False,False,False,False,0.9709,-0.9709,False,False,False,False,0.1494,EOD
2026-08-24T21:55:00,NATURALGAS,2026-08-24,live_candles,CHOP,HOLDOUT,H1_CONT_OBSERVE,NO_ACTION,NOT_VALIDATED,H1_CONT,LONG,266.5,266.4,265.882,0.618,1.29,True,1.1667,1.0,0.0,False,True,True,False,1.6181,-1.2945,True,False,False,False,-1.4563,SL
2026-08-24T22:00:00,NATURALGAS,2026-08-24,live_candles,CHOP,HOLDOUT,H7_TRAP,AVOID,SUPPORTED,H7_TRAP,LONG,267.3,267.3,266.779,0.521,7.49,False,0.8974,0.7143,1.5714,True,False,False,True,0.0,-1.9194,False,False,False,True,-2.1113,SL
2026-08-24T22:05:00,NATURALGAS,2026-08-24,live_candles,CHOP,HOLDOUT,AMBIGUOUS,NO_ACTION,NO_ESTABLISHED_EDGE,AMBIG,SHORT,266.9,266.8,267.33,0.43,2.33,True,0.5185,0.3,0.0,False,False,False,False,3.0233,0.0,True,True,True,False,2.7674,T3
2026-08-24T22:45:00,NATURALGAS,2026-08-24,live_candles,CHOP,HOLDOUT,H7_LEANING_TRAP,AVOID,SUPPORTED,H7_TRAP,SHORT,265.1,265.6,266.439,1.339,3.35,False,2.0449,1.0,0.5385,True,True,False,True,0.1494,-1.1949,False,False,False,True,-1.2696,SL
2026-08-25T10:40:00,NATURALGAS,2026-08-25,live_candles,CHOP,HOLDOUT,AMBIGUOUS,NO_ACTION,NO_ESTABLISHED_EDGE,H1_WEAK,SHORT,262.1,262.2,262.412,0.312,,True,0.9333,0.75,0.25,True,True,False,False,0.3205,-1.2821,False,False,False,True,-1.6026,SL
2026-08-25T11:20:00,NATURALGAS,2026-08-25,live_candles,CHOP,HOLDOUT,AMBIGUOUS,NO_ACTION,NO_ESTABLISHED_EDGE,AMBIG,SHORT,261.5,262.0,262.118,0.618,,False,2.0,0.8333,0.0,False,True,True,False,0.9709,-1.7799,False,False,False,True,-1.9417,SL
2026-08-25T11:30:00,NATURALGAS,2026-08-25,live_candles,CHOP,HOLDOUT,H7_TRAP,AVOID,SUPPORTED,AMBIG,SHORT,261.3,261.4,261.615,0.315,,False,1.0769,0.6,1.0,True,True,True,False,1.2698,-1.9048,True,False,False,True,-2.2222,SL
2026-08-25T11:45:00,NATURALGAS,2026-08-25,live_candles,CHOP,HOLDOUT,AMBIGUOUS,NO_ACTION,NO_ESTABLISHED_EDGE,H7_TRAP,LONG,261.9,261.6,260.87,1.03,1.56,True,2.9787,1.0,0.2,True,True,False,True,2.4272,-1.4563,True,True,False,False,-1.5534,SL
2026-08-25T11:55:00,NATURALGAS,2026-08-25,live_candles,CHOP,HOLDOUT,H7_TRAP,AVOID,SUPPORTED,H7_TRAP,SHORT,261.4,261.9,262.021,0.621,0.81,False,1.75,0.8571,1.0,True,True,False,True,0.161,-1.9324,False,False,False,True,-2.0934,SL
2026-08-25T12:05:00,NATURALGAS,2026-08-25,live_candles,CHOP,HOLDOUT,H1_CONT_BLOCKED,NO_ACTION,NO_ESTABLISHED_EDGE,H1_CONT,LONG,262.6,262.0,261.467,1.133,0.24,True,2.7018,1.0,0.0,False,True,True,False,0.9709,-1.0591,False,False,False,True,-1.1474,SL
2026-08-25T12:25:00,NATURALGAS,2026-08-25,live_candles,CHOP,HOLDOUT,AMBIGUOUS,NO_ACTION,NO_ESTABLISHED_EDGE,AMBIG,SHORT,262.0,262.5,262.521,0.521,1.59,False,1.0606,0.7143,0.0,False,True,False,False,0.0,-1.1516,False,False,False,True,-1.3436,SL
2026-08-25T13:20:00,NATURALGAS,2026-08-25,live_candles,CHOP,HOLDOUT,H7_LEANING_TRAP,AVOID,SUPPORTED,H7_TRAP,LONG,263.7,262.87,262.773,0.927,0.97,False,2.3333,1.0,0.3,True,True,False,True,0.0,-1.1866,False,False,False,True,-1.2945,SL
2026-08-25T13:40:00,NATURALGAS,2026-08-25,live_candles,CHOP,HOLDOUT,H7_TRAP,AVOID,SUPPORTED,H7_TRAP,LONG,263.3,262.87,262.373,0.927,0.43,False,2.1356,1.0,0.6333,True,True,False,True,0.0,-1.0787,False,False,False,True,-1.1866,SL
2026-08-25T13:50:00,NATURALGAS,2026-08-25,live_candles,CHOP,HOLDOUT,H7_LEANING_TRAP,AVOID,SUPPORTED,AMBIG,SHORT,262.3,262.4,263.33,1.03,0.43,False,2.0,0.9,0.5,True,True,False,False,1.068,-1.068,True,False,False,False,-1.165,SL
2026-08-25T14:05:00,NATURALGAS,2026-08-25,live_candles,CHOP,HOLDOUT,H7_LEANING_TRAP,AVOID,SUPPORTED,H1_CONT,LONG,262.9,262.4,262.076,0.824,0.42,True,1.4412,0.875,0.375,True,True,True,False,0.3641,-1.0922,False,False,False,True,-1.2136,SL
2026-08-25T14:35:00,NATURALGAS,2026-08-25,live_candles,CHOP,HOLDOUT,AMBIGUOUS,NO_ACTION,NO_ESTABLISHED_EDGE,H7_TRAP,SHORT,262.0,262.02,263.03,1.03,1.07,False,1.9718,1.0,0.08,True,False,False,True,0.7767,-1.3592,False,False,False,True,-1.4563,SL
2026-08-25T15:15:00,NATURALGAS,2026-08-25,live_candles,CHOP,HOLDOUT,H7_LEANING_TRAP,AVOID,SUPPORTED,H7_TRAP,LONG,262.2,261.9,261.479,0.721,1.14,True,1.5077,1.0,0.5714,True,True,False,True,3.0513,-0.9709,True,True,True,False,2.8613,T3
2026-08-25T15:25:00,NATURALGAS,2026-08-25,live_candles,CHOP,HOLDOUT,H7_TRAP,AVOID,SUPPORTED,H7_TRAP,SHORT,261.5,261.63,262.53,1.03,0.29,False,1.9718,1.0,0.97,True,False,False,True,0.0,-1.3592,False,False,False,True,-1.4563,SL
2026-08-25T15:30:00,NATURALGAS,2026-08-25,live_candles,CHOP,HOLDOUT,H1_CONT_BLOCKED,NO_ACTION,NO_ESTABLISHED_EDGE,H1_CONT,LONG,262.4,261.9,261.576,0.824,0.57,True,1.5135,1.0,0.0,False,True,True,False,2.4272,-1.8204,True,True,False,False,-1.9417,SL
2026-08-25T16:35:00,NATURALGAS,2026-08-25,live_candles,CHOP,HOLDOUT,H7_LEANING_TRAP,AVOID,SUPPORTED,H7_TRAP,SHORT,262.7,262.8,263.021,0.321,3.33,False,0.6087,0.4286,0.4286,True,True,False,True,0.6231,-1.5576,False,False,False,True,-1.8692,SL
2026-08-25T17:05:00,NATURALGAS,2026-08-25,live_candles,CHOP,HOLDOUT,AMBIGUOUS,NO_ACTION,NO_ESTABLISHED_EDGE,H7_TRAP,LONG,263.6,263.4,262.773,0.827,1.21,True,1.4545,0.8889,0.2222,True,False,False,True,0.9674,-2.1765,False,False,False,True,-2.2975,SL
2026-08-25T17:20:00,NATURALGAS,2026-08-25,live_candles,CHOP,HOLDOUT,SPIKE_NO_LEVEL,NO_ACTION,NO_ESTABLISHED_EDGE,AMBIG,SHORT,263.6,,,,,,0.3373,0.2222,,,,,,,,,,,,,
2026-08-25T17:25:00,NATURALGAS,2026-08-25,live_candles,CHOP,HOLDOUT,AMBIGUOUS,NO_ACTION,NO_ESTABLISHED_EDGE,AMBIG,SHORT,261.8,262.02,262.933,1.133,0.79,False,1.4286,0.9091,0.0,False,True,True,False,3.0891,-0.9709,True,True,True,False,2.9117,T3
2026-08-25T17:30:00,NATURALGAS,2026-08-25,live_candles,CHOP,HOLDOUT,SPIKE_NO_LEVEL,NO_ACTION,NO_ESTABLISHED_EDGE,AMBIG,LONG,261.9,,,,,,0.56,0.4,,,,,,,,,,,,,
2026-08-25T17:35:00,NATURALGAS,2026-08-25,live_candles,CHOP,HOLDOUT,AMBIGUOUS,NO_ACTION,NO_ESTABLISHED_EDGE,AMBIG,SHORT,261.6,262.02,262.945,1.345,0.52,False,1.6697,0.8667,0.0,False,True,True,False,2.4535,-1.2639,True,True,False,False,-1.3383,SL
2026-08-25T17:45:00,NATURALGAS,2026-08-25,live_candles,CHOP,HOLDOUT,AMBIGUOUS,NO_ACTION,NO_ESTABLISHED_EDGE,H7_TRAP,SHORT,260.5,260.9,261.43,0.93,,False,1.1455,0.9,0.1,True,False,False,True,0.2151,-1.2903,False,False,False,True,-1.3978,SL
2026-08-25T17:55:00,NATURALGAS,2026-08-25,live_candles,CHOP,HOLDOUT,H1_WEAK,NO_ACTION,NO_ESTABLISHED_EDGE,H1_WEAK,SHORT,260.8,260.9,261.727,0.927,0.54,True,0.1186,0.1111,0.0,False,True,True,False,2.6969,-1.1866,True,True,False,False,-1.2945,SL
2026-08-25T18:00:00,NATURALGAS,2026-08-25,live_candles,CHOP,HOLDOUT,AMBIGUOUS,NO_ACTION,NO_ESTABLISHED_EDGE,AMBIG,SHORT,258.7,260.3,260.76,2.06,,False,2.1053,1.0,0.0,False,True,True,False,0.1942,-1.1165,False,False,False,True,-1.165,SL
2026-08-25T18:10:00,NATURALGAS,2026-08-25,live_candles,CHOP,HOLDOUT,H7_TRAP,AVOID,SUPPORTED,H7_TRAP,LONG,259.3,259.3,258.673,0.627,3.83,False,0.6176,0.6667,1.1111,True,False,False,True,0.0,-1.5949,False,False,False,True,-1.7544,SL
2026-08-25T18:35:00,NATURALGAS,2026-08-25,live_candles,CHOP,HOLDOUT,AMBIGUOUS,NO_ACTION,NO_ESTABLISHED_EDGE,H7_TRAP,LONG,260.2,259.6,258.964,1.236,2.55,True,1.3228,1.0,0.1667,True,True,False,True,0.2427,-1.1327,False,False,False,True,-1.2136,SL
2026-08-25T18:55:00,NATURALGAS,2026-08-25,live_candles,CHOP,HOLDOUT,H1_CONT_BLOCKED,NO_ACTION,NO_ESTABLISHED_EDGE,H1_CONT,SHORT,259.5,259.6,260.53,1.03,0.29,True,1.1382,1.0,0.0,False,True,True,False,0.7767,-1.4563,False,False,False,True,-1.5534,SL
2026-08-25T22:15:00,NATURALGAS,2026-08-25,live_candles,CHOP,HOLDOUT,H1_CONT_OBSERVE,NO_ACTION,NOT_VALIDATED,H1_CONT,SHORT,264.9,265.4,265.827,0.927,2.27,True,1.6154,1.0,0.0,False,True,True,False,0.6472,-0.7551,False,False,False,False,-0.3236,EOD
2026-08-26T10:05:00,NATURALGAS,2026-08-26,live_candles,TREND_UP,HOLDOUT,H7_TRAP,AVOID,SUPPORTED,H1_CONT,LONG,269.1,268.9,268.688,0.412,0.73,True,1.1429,1.0,1.75,True,True,True,False,0.0,-2.4272,False,False,False,True,-2.6699,SL
2026-08-26T10:20:00,NATURALGAS,2026-08-26,live_candles,TREND_UP,HOLDOUT,AMBIGUOUS,NO_ACTION,NO_ESTABLISHED_EDGE,AMBIG,SHORT,268.2,268.6,268.924,0.724,,False,1.8846,0.875,0.0,False,True,True,False,1.5193,-1.105,True,False,False,False,-1.2431,SL
2026-08-26T11:10:00,NATURALGAS,2026-08-26,live_candles,TREND_UP,HOLDOUT,AMBIGUOUS,NO_ACTION,NO_ESTABLISHED_EDGE,AMBIG,SHORT,268.3,268.38,268.718,0.418,1.2,False,0.6087,0.3333,0.0,False,True,True,False,2.8708,-1.1962,True,True,False,False,-1.4354,SL
2026-08-26T11:20:00,NATURALGAS,2026-08-26,live_candles,TREND_UP,HOLDOUT,AMBIGUOUS,NO_ACTION,NO_ESTABLISHED_EDGE,AMBIG,SHORT,268.3,268.28,268.615,0.315,0.06,True,0.0,0.0,0.0,False,False,False,False,3.1746,-0.6349,True,True,True,False,2.6825,T3
2026-08-26T12:00:00,NATURALGAS,2026-08-26,live_candles,TREND_UP,HOLDOUT,H1_CONT_OBSERVE,NO_ACTION,NOT_VALIDATED,H1_CONT,LONG,268.1,268.0,267.585,0.515,1.59,True,1.3725,1.0,0.0,False,True,True,False,0.9709,-1.3592,False,False,False,True,-1.5534,SL
2026-08-26T13:35:00,NATURALGAS,2026-08-26,live_candles,TREND_UP,HOLDOUT,H1_CONT_OBSERVE,NO_ACTION,NOT_VALIDATED,H1_CONT,LONG,267.8,267.6,267.379,0.421,2.16,True,1.6,0.5714,0.0,False,True,True,False,3.0879,-0.4751,True,True,True,False,2.7625,T3
2026-08-26T13:50:00,NATURALGAS,2026-08-26,live_candles,TREND_UP,HOLDOUT,H7_LEANING_TRAP,AVOID,SUPPORTED,AMBIG,LONG,268.7,268.1,268.082,0.618,0.02,False,2.4706,1.0,0.5,True,True,True,False,0.1618,-1.6181,False,False,False,True,-1.7799,SL
2026-08-26T13:55:00,NATURALGAS,2026-08-26,live_candles,TREND_UP,HOLDOUT,SPIKE_NO_LEVEL,NO_ACTION,NO_ESTABLISHED_EDGE,AMBIG,SHORT,268.2,,,,,,1.6,0.6667,,,,,,,,,,,,,
2026-08-26T14:05:00,NATURALGAS,2026-08-26,live_candles,TREND_UP,HOLDOUT,H1_CONT_BLOCKED,NO_ACTION,NO_ESTABLISHED_EDGE,H1_CONT,SHORT,267.8,268.2,268.215,0.415,0.94,True,1.4737,0.8,0.0,False,True,True,False,0.4819,-2.1687,False,False,False,True,-2.4096,SL
2026-08-26T14:25:00,NATURALGAS,2026-08-26,live_candles,TREND_UP,HOLDOUT,AMBIGUOUS,NO_ACTION,NO_ESTABLISHED_EDGE,AMBIG,LONG,268.1,268.2,267.685,0.415,0.24,True,1.3659,0.8,0.0,False,False,False,False,3.3735,0.0,True,True,True,False,2.759,T3
2026-08-26T16:30:00,NATURALGAS,2026-08-26,live_candles,TREND_UP,HOLDOUT,H1_CONT_BLOCKED,NO_ACTION,NO_ESTABLISHED_EDGE,H1_CONT,LONG,270.9,270.1,270.076,0.824,,True,2.7317,1.0,0.0,False,True,True,False,2.7913,-1.4563,True,True,False,False,-1.5777,SL
2026-08-26T16:45:00,NATURALGAS,2026-08-26,live_candles,TREND_UP,HOLDOUT,AMBIGUOUS,NO_ACTION,NO_ESTABLISHED_EDGE,AMBIG,LONG,271.9,271.4,271.385,0.515,,False,1.12,0.8,0.0,False,True,True,False,2.5243,-1.165,True,True,False,False,-1.3592,SL
2026-08-26T16:50:00,NATURALGAS,2026-08-26,live_candles,TREND_UP,HOLDOUT,SPIKE_NO_LEVEL,NO_ACTION,NO_ESTABLISHED_EDGE,AMBIG,SHORT,271.6,,,,,,0.2745,0.2,,,,,,,,,,,,,
2026-08-26T16:55:00,NATURALGAS,2026-08-26,live_candles,TREND_UP,HOLDOUT,H1_CONT_BLOCKED,NO_ACTION,NO_ESTABLISHED_EDGE,H1_CONT,LONG,272.1,272.0,271.585,0.515,,True,1.2963,1.0,0.0,False,True,True,False,2.1359,-1.5534,True,True,False,False,-1.7476,SL
2026-08-26T17:10:00,NATURALGAS,2026-08-26,live_candles,TREND_UP,HOLDOUT,H7_TRAP,AVOID,SUPPORTED,H7_TRAP,LONG,273.2,272.5,272.685,0.515,,False,0.9492,0.8,2.4,True,False,False,True,0.0,-3.6893,False,False,False,True,-3.8835,SL
2026-08-26T17:15:00,NATURALGAS,2026-08-26,live_candles,TREND_UP,HOLDOUT,H1_CONT_BLOCKED,NO_ACTION,NO_ESTABLISHED_EDGE,H1_CONT,SHORT,271.3,272.7,273.051,1.751,0.8,True,3.2162,1.0,0.0,False,True,True,False,1.028,-1.1993,True,False,False,False,-1.2564,SL
2026-08-26T17:35:00,NATURALGAS,2026-08-26,live_candles,TREND_UP,HOLDOUT,H1_WEAK,NO_ACTION,NO_ESTABLISHED_EDGE,H1_WEAK,LONG,271.2,269.07,270.473,0.727,2.75,True,0.3111,0.2222,0.0,False,True,True,False,0.9629,-2.0633,False,False,False,True,-2.2008,SL
2026-08-26T17:40:00,NATURALGAS,2026-08-26,live_candles,TREND_UP,HOLDOUT,H7_TRAP,AVOID,SUPPORTED,H7_TRAP,LONG,271.9,271.6,271.282,0.618,2.1,False,0.9655,1.0,1.0,True,False,False,True,0.0,-1.7799,False,False,False,True,-1.9417,SL
2026-08-26T17:50:00,NATURALGAS,2026-08-26,live_candles,TREND_UP,HOLDOUT,AMBIGUOUS,NO_ACTION,NO_ESTABLISHED_EDGE,AMBIG,SHORT,271.0,271.6,271.418,0.418,1.2,False,0.6222,0.6667,0.0,False,True,True,False,3.11,-0.9569,True,True,True,False,2.7608,T3
2026-08-26T18:00:00,NATURALGAS,2026-08-26,live_candles,TREND_UP,HOLDOUT,H7_TRAP,AVOID,SUPPORTED,H7_TRAP,LONG,271.4,271.1,270.782,0.618,0.81,False,0.4828,0.5,2.6667,True,False,False,True,0.0,-1.4563,False,False,False,True,-1.6181,SL
2026-08-26T18:10:00,NATURALGAS,2026-08-26,live_candles,TREND_UP,HOLDOUT,H7_LEANING_TRAP,AVOID,SUPPORTED,H1_CONT,SHORT,269.7,270.5,270.524,0.824,2.62,True,1.1546,1.0,0.375,True,True,True,False,0.2427,-1.335,False,False,False,True,-1.4563,SL
2026-08-26T18:15:00,NATURALGAS,2026-08-26,live_candles,TREND_UP,HOLDOUT,H7_TRAP,AVOID,SUPPORTED,H7_TRAP,SHORT,269.5,269.7,270.221,0.721,2.88,False,0.4158,0.4286,2.2857,True,False,False,True,0.0,-1.2483,False,False,False,True,-1.387,SL
2026-08-26T18:30:00,NATURALGAS,2026-08-26,live_candles,TREND_UP,HOLDOUT,AMBIGUOUS,NO_ACTION,NO_ESTABLISHED_EDGE,AMBIG,LONG,271.3,270.8,270.579,0.721,0.14,False,0.7778,0.7143,0.0,False,True,False,False,0.8322,-1.2483,False,False,False,True,-1.387,SL
2026-08-26T18:35:00,NATURALGAS,2026-08-26,live_candles,TREND_UP,HOLDOUT,SPIKE_NO_LEVEL,NO_ACTION,NO_ESTABLISHED_EDGE,AMBIG,SHORT,271.2,,,,,,0.9032,0.8571,,,,,,,,,,,,,
2026-08-26T18:40:00,NATURALGAS,2026-08-26,live_candles,TREND_UP,HOLDOUT,AMBIGUOUS,NO_ACTION,NO_ESTABLISHED_EDGE,H7_TRAP,SHORT,270.8,271.2,271.418,0.618,0.32,False,0.7368,0.8333,0.1667,True,False,False,True,0.0,-1.2945,False,False,False,True,-1.4563,SL
2026-08-26T18:45:00,NATURALGAS,2026-08-26,live_candles,TREND_UP,HOLDOUT,H7_TRAP,AVOID,SUPPORTED,H7_TRAP,LONG,271.3,271.4,270.982,0.318,1.89,False,0.4565,0.5,1.1667,True,False,False,True,0.9434,-1.8868,False,False,False,True,-2.2013,SL
2026-08-26T18:50:00,NATURALGAS,2026-08-26,live_candles,TREND_UP,HOLDOUT,AMBIGUOUS,NO_ACTION,NO_ESTABLISHED_EDGE,AMBIG,SHORT,271.0,271.0,271.618,0.618,0.32,True,0.9231,1.0,0.0,False,False,False,False,0.9709,-1.2945,False,False,False,True,-1.4563,SL
2026-08-26T19:10:00,NATURALGAS,2026-08-26,live_candles,TREND_UP,HOLDOUT,H7_TRAP,AVOID,SUPPORTED,H1_CONT,LONG,271.8,271.6,270.873,0.927,1.51,True,1.0538,0.7778,0.8889,True,True,True,False,0.2157,-1.0787,False,False,False,True,-1.1866,SL
2026-08-26T19:25:00,NATURALGAS,2026-08-26,live_candles,TREND_UP,HOLDOUT,H7_LEANING_TRAP,AVOID,SUPPORTED,H1_WEAK,SHORT,270.8,271.5,271.521,0.721,0.55,True,1.1395,1.0,0.2857,True,True,False,False,0.2774,-1.387,False,False,False,True,-1.5257,SL
2026-08-26T19:35:00,NATURALGAS,2026-08-26,live_candles,TREND_UP,HOLDOUT,H1_CONT_BLOCKED,NO_ACTION,NO_ESTABLISHED_EDGE,H1_CONT,LONG,271.5,271.0,270.573,0.927,0.54,True,1.1529,0.7778,0.0,False,True,True,False,3.3441,0.0,True,True,True,False,2.8921,T3
2026-08-26T19:45:00,NATURALGAS,2026-08-26,live_candles,TREND_UP,HOLDOUT,H1_CONT_BLOCKED,NO_ACTION,NO_ESTABLISHED_EDGE,H1_CONT,LONG,272.5,272.0,271.776,0.724,0.97,True,1.1807,0.875,0.0,False,True,True,False,3.3149,0.0,True,True,True,False,2.8619,T3
2026-08-26T19:50:00,NATURALGAS,2026-08-26,live_candles,TREND_UP,HOLDOUT,H1_CONT_BLOCKED,NO_ACTION,NO_ESTABLISHED_EDGE,H1_CONT,LONG,273.4,273.2,272.473,0.927,,True,1.4651,1.0,0.0,False,True,True,False,3.8835,-0.3236,True,True,True,False,2.8921,T3
2026-08-26T20:05:00,NATURALGAS,2026-08-26,live_candles,TREND_UP,HOLDOUT,AMBIGUOUS,NO_ACTION,NO_ESTABLISHED_EDGE,AMBIG,SHORT,273.9,274.0,274.621,0.721,4.58,False,0.9438,0.8571,0.0,False,False,False,False,1.1096,-1.387,True,False,False,False,-1.5257,SL
2026-08-26T20:10:00,NATURALGAS,2026-08-26,live_candles,TREND_UP,HOLDOUT,AMBIGUOUS,NO_ACTION,NO_ESTABLISHED_EDGE,AMBIG,LONG,274.0,270.29,273.479,0.521,1.15,False,0.6154,0.5714,0.0,False,True,True,False,0.7678,-1.7274,False,False,False,True,-1.9194,SL
2026-08-26T20:15:00,NATURALGAS,2026-08-26,live_candles,TREND_UP,HOLDOUT,SPIKE_NO_LEVEL,NO_ACTION,NO_ESTABLISHED_EDGE,AMBIG,SHORT,273.6,,,,,,0.875,0.75,,,,,,,,,,,,,
2026-08-26T20:45:00,NATURALGAS,2026-08-26,live_candles,TREND_UP,HOLDOUT,H7_LEANING_TRAP,AVOID,SUPPORTED,H7_TRAP,LONG,274.8,274.6,273.767,1.033,,False,1.5054,0.9091,0.5455,True,False,False,True,0.0968,-1.2585,False,False,False,True,-1.3553,SL
2026-08-26T20:50:00,NATURALGAS,2026-08-26,live_candles,TREND_UP,HOLDOUT,SPIKE_NO_LEVEL,NO_ACTION,NO_ESTABLISHED_EDGE,AMBIG,SHORT,274.0,,,,,,1.2727,1.0,,,,,,,,,,,,,
2026-08-26T20:55:00,NATURALGAS,2026-08-26,live_candles,TREND_UP,HOLDOUT,AMBIGUOUS,NO_ACTION,NO_ESTABLISHED_EDGE,AMBIG,LONG,274.1,270.77,273.473,0.627,1.28,False,0.0,0.0,0.0,False,True,True,False,0.319,-1.2759,False,False,False,True,-1.4354,SL
2026-08-26T22:00:00,NATURALGAS,2026-08-26,live_candles,TREND_UP,HOLDOUT,AMBIGUOUS,NO_ACTION,NO_ESTABLISHED_EDGE,AMBIG,LONG,274.4,273.7,273.267,1.133,0.44,False,1.9494,1.0,0.0,False,True,True,False,3.0891,-0.353,True,True,True,False,2.9117,T3
2026-08-26T22:30:00,NATURALGAS,2026-08-26,live_candles,TREND_UP,HOLDOUT,H1_CONT_BLOCKED,NO_ACTION,NO_ESTABLISHED_EDGE,H1_CONT,LONG,276.0,275.0,274.761,1.239,,True,2.2703,0.9231,0.0,False,True,True,False,1.937,-0.8071,True,False,False,False,-0.6457,EOD
2026-08-26T22:35:00,NATURALGAS,2026-08-26,live_candles,TREND_UP,HOLDOUT,AMBIGUOUS,NO_ACTION,NO_ESTABLISHED_EDGE,H7_TRAP,LONG,276.6,276.1,276.176,0.424,,True,0.5385,0.375,0.125,True,True,False,True,0.7075,-1.4151,False,False,False,True,-1.6509,SL
2026-08-26T22:50:00,NATURALGAS,2026-08-26,live_candles,TREND_UP,HOLDOUT,AMBIGUOUS,NO_ACTION,NO_ESTABLISHED_EDGE,AMBIG,LONG,277.0,277.0,276.167,0.833,,True,1.1915,0.7273,0.0,False,False,False,False,1.6807,-1.8007,True,False,False,False,-1.9208,SL
2026-08-26T22:55:00,NATURALGAS,2026-08-26,live_candles,TREND_UP,HOLDOUT,AMBIGUOUS,NO_ACTION,NO_ESTABLISHED_EDGE,AMBIG,LONG,277.8,277.3,276.87,0.93,,False,1.1313,0.8,0.0,False,True,True,False,0.6452,-2.4731,False,False,False,True,-2.5806,SL
2026-08-26T23:10:00,NATURALGAS,2026-08-26,live_candles,TREND_UP,HOLDOUT,H7_TRAP,AVOID,SUPPORTED,H7_TRAP,LONG,278.0,277.9,277.37,0.63,,False,0.5833,0.4,2.9,True,False,False,True,0.0,-1.4286,False,False,False,True,-1.5873,SL
2026-08-26T23:20:00,NATURALGAS,2026-08-26,live_candles,TREND_UP,HOLDOUT,H1_CONT_OBSERVE,NO_ACTION,NOT_VALIDATED,H1_CONT,SHORT,275.7,277.1,277.045,1.345,6.3,True,1.5556,0.8667,0.0,False,True,True,False,0.5204,-0.2974,False,False,False,False,0.3717,EOD
2026-08-26T23:25:00,NATURALGAS,2026-08-26,live_candles,TREND_UP,HOLDOUT,AMBIGUOUS,NO_ACTION,NO_ESTABLISHED_EDGE,AMBIG,SHORT,275.0,275.5,276.133,1.133,6.87,False,1.129,0.9091,0.0,False,True,True,False,0.0,-0.1765,False,False,False,False,-0.1765,EOD
2026-09-02T04:30:00Z,NATURALGAS,2026-09-02,zerohero,CHOP,HOLDOUT,H7_LEANING_TRAP,AVOID,SUPPORTED,H7_TRAP,SHORT,280.1,280.3,280.515,0.415,3.86,False,0.7761,0.8,0.4,True,True,False,True,0.4819,-1.2048,False,False,False,True,-1.4458,SL
2026-09-02T04:40:00Z,NATURALGAS,2026-09-02,zerohero,CHOP,HOLDOUT,AMBIGUOUS,NO_ACTION,NO_ESTABLISHED_EDGE,AMBIG,LONG,280.4,280.2,280.085,0.315,1.9,False,0.875,0.6,0.0,False,True,True,False,4.4444,-0.6349,True,True,True,False,2.6825,T3
2026-09-02T05:05:00Z,NATURALGAS,2026-09-02,zerohero,CHOP,HOLDOUT,AMBIGUOUS,NO_ACTION,NO_ESTABLISHED_EDGE,AMBIG,LONG,280.9,280.7,280.385,0.515,0.04,False,1.1667,0.8,0.0,False,True,False,False,0.3883,-1.165,False,False,False,True,-1.3592,SL
2026-09-02T05:40:00Z,NATURALGAS,2026-09-02,zerohero,CHOP,HOLDOUT,AMBIGUOUS,NO_ACTION,NO_ESTABLISHED_EDGE,AMBIG,SHORT,280.6,280.9,281.118,0.518,0.39,False,1.6667,0.8333,0.0,False,True,True,False,0.5792,-2.3166,False,False,False,True,-2.5097,SL
2026-09-02T06:30:00Z,NATURALGAS,2026-09-02,zerohero,CHOP,HOLDOUT,SPIKE_NO_LEVEL,NO_ACTION,NO_ESTABLISHED_EDGE,AMBIG,SHORT,281.2,,,,,,0.8936,0.3,,,,,,,,,,,,,
2026-09-02T06:35:00Z,NATURALGAS,2026-09-02,zerohero,CHOP,HOLDOUT,H7_TRAP,AVOID,SUPPORTED,H7_TRAP,SHORT,280.9,280.8,281.318,0.418,0.93,False,0.8077,0.5,0.6667,True,False,False,True,3.11,-0.9569,True,True,True,False,2.7608,T3
2026-09-02T06:55:00Z,NATURALGAS,2026-09-02,zerohero,CHOP,HOLDOUT,AMBIGUOUS,NO_ACTION,NO_ESTABLISHED_EDGE,AMBIG,SHORT,280.4,280.53,281.018,0.618,3.07,False,1.5,1.0,0.0,False,True,True,False,1.2945,-1.1327,True,False,False,False,-1.2945,SL
2026-09-02T07:55:00Z,NATURALGAS,2026-09-02,zerohero,CHOP,HOLDOUT,H1_CONT_OBSERVE,NO_ACTION,NOT_VALIDATED,H1_CONT,SHORT,280.1,280.3,280.718,0.618,2.59,True,1.4,0.8333,0.0,False,True,True,False,0.8091,-1.1327,False,False,False,True,-1.2945,SL
2026-09-02T08:20:00Z,NATURALGAS,2026-09-02,zerohero,CHOP,HOLDOUT,H1_CONT_BLOCKED,NO_ACTION,NO_ESTABLISHED_EDGE,H1_CONT,LONG,280.8,280.4,280.182,0.618,0.23,True,1.68,1.0,0.0,False,True,True,False,0.6472,-1.1327,False,False,False,True,-1.2945,SL
2026-09-02T09:40:00Z,NATURALGAS,2026-09-02,zerohero,CHOP,HOLDOUT,H7_LEANING_TRAP,AVOID,SUPPORTED,H7_TRAP,LONG,281.0,280.87,280.482,0.518,1.54,False,1.4583,0.8333,0.45,True,False,False,True,0.3861,-1.7375,False,False,False,True,-1.9305,SL
2026-09-02T10:10:00Z,NATURALGAS,2026-09-02,zerohero,CHOP,HOLDOUT,H7_LEANING_TRAP,AVOID,SUPPORTED,H7_TRAP,SHORT,280.6,280.5,281.118,0.518,0.19,False,0.0,0.0,0.3333,True,False,False,True,1.3514,-1.7375,True,False,False,False,-1.9305,SL
2026-09-02T10:20:00Z,NATURALGAS,2026-09-02,zerohero,CHOP,HOLDOUT,H7_TRAP,AVOID,SUPPORTED,H7_TRAP,SHORT,280.1,280.32,280.718,0.618,2.59,False,1.4894,0.8333,0.6333,True,True,False,True,0.3236,-1.2945,False,False,False,True,-1.4563,SL
2026-09-02T10:30:00Z,NATURALGAS,2026-09-02,zerohero,CHOP,HOLDOUT,H7_LEANING_TRAP,AVOID,SUPPORTED,H7_TRAP,LONG,280.7,280.87,279.87,0.83,0.2,False,1.5273,0.6,0.57,True,False,False,True,1.0843,-1.9277,True,False,False,False,-2.0482,SL
2026-09-02T10:45:00Z,NATURALGAS,2026-09-02,zerohero,CHOP,HOLDOUT,H7_TRAP,AVOID,SUPPORTED,H7_TRAP,LONG,281.2,280.9,280.264,0.936,0.64,False,1.8806,0.75,0.6667,True,True,False,True,0.4274,-1.0684,False,False,False,True,-1.1752,SL
2026-09-02T10:55:00Z,NATURALGAS,2026-09-02,zerohero,CHOP,HOLDOUT,AMBIGUOUS,NO_ACTION,NO_ESTABLISHED_EDGE,AMBIG,SHORT,280.4,280.3,281.539,1.139,0.07,True,1.5135,0.6154,0.0,False,False,False,False,2.8095,-1.1414,True,True,False,False,-1.2291,SL
2026-09-02T11:10:00Z,NATURALGAS,2026-09-02,zerohero,CHOP,HOLDOUT,AMBIGUOUS,NO_ACTION,NO_ESTABLISHED_EDGE,AMBIG,SHORT,279.2,280.1,280.645,1.445,0.48,False,1.5556,0.6667,0.0,False,True,True,False,1.3841,-1.1073,True,False,False,False,-1.1765,SL
2026-09-02T11:15:00Z,NATURALGAS,2026-09-02,zerohero,CHOP,HOLDOUT,SPIKE_NO_LEVEL,NO_ACTION,NO_ESTABLISHED_EDGE,AMBIG,LONG,279.3,,,,,,0.0,0.0,,,,,,,,,,,,,
2026-09-02T11:20:00Z,NATURALGAS,2026-09-02,zerohero,CHOP,HOLDOUT,H1_WEAK,NO_ACTION,NO_ESTABLISHED_EDGE,H1_WEAK,SHORT,279.0,280.1,279.827,0.827,0.6,True,0.4286,0.3333,0.0,False,True,True,False,0.8464,-1.3301,False,False,False,True,-1.451,SL
2026-09-02T11:25:00Z,NATURALGAS,2026-09-02,zerohero,CHOP,HOLDOUT,H7_TRAP,AVOID,SUPPORTED,H7_TRAP,SHORT,278.7,278.5,279.021,0.321,0.62,False,0.4118,0.4286,2.1429,True,False,False,True,1.2461,-1.5576,True,False,False,True,-1.8692,SL
2026-09-02T11:30:00Z,NATURALGAS,2026-09-02,zerohero,CHOP,HOLDOUT,AMBIGUOUS,NO_ACTION,NO_ESTABLISHED_EDGE,AMBIG,LONG,278.8,279.0,278.273,0.527,1.9,True,0.1333,0.1111,0.0,False,False,False,False,2.6565,-1.3283,True,True,False,False,-1.518,SL
2026-09-02T11:35:00Z,NATURALGAS,2026-09-02,zerohero,CHOP,HOLDOUT,H7_TRAP,AVOID,SUPPORTED,H1_WEAK,LONG,279.4,279.2,278.37,1.03,0.39,True,1.125,0.9,0.9,True,True,False,False,0.7767,-1.2621,False,False,False,True,-1.3592,SL
2026-09-02T11:40:00Z,NATURALGAS,2026-09-02,zerohero,CHOP,HOLDOUT,H7_TRAP,AVOID,SUPPORTED,H7_TRAP,LONG,280.0,279.8,279.173,0.827,1.08,False,0.7568,0.6667,2.4444,True,False,False,True,0.2418,-2.2975,False,False,False,True,-2.4184,SL
2026-09-02T11:45:00Z,NATURALGAS,2026-09-02,zerohero,CHOP,HOLDOUT,AMBIGUOUS,NO_ACTION,NO_ESTABLISHED_EDGE,AMBIG,SHORT,279.2,279.2,280.23,1.03,0.87,True,0.9492,0.8,0.0,False,False,False,False,1.9417,-1.5534,True,False,False,False,-1.6505,SL
2026-09-02T11:50:00Z,NATURALGAS,2026-09-02,zerohero,CHOP,HOLDOUT,AMBIGUOUS,NO_ACTION,NO_ESTABLISHED_EDGE,AMBIG,SHORT,278.3,278.3,279.954,1.654,,True,1.1579,0.6111,0.0,False,False,False,False,0.6651,-1.0278,False,False,False,True,-1.0883,SL
2026-09-02T11:55:00Z,NATURALGAS,2026-09-02,zerohero,CHOP,HOLDOUT,H7_TRAP,AVOID,SUPPORTED,H7_TRAP,SHORT,277.6,278.1,278.842,1.242,,False,0.7259,0.5,1.0714,True,False,False,True,0.3221,-1.6908,False,False,False,True,-1.7713,SL
2026-09-02T12:00:00Z,NATURALGAS,2026-09-02,zerohero,CHOP,HOLDOUT,SPIKE_NO_LEVEL,NO_ACTION,NO_ESTABLISHED_EDGE,AMBIG,LONG,278.2,,,,,,0.5915,0.5455,,,,,,,,,,,,,
2026-09-02T12:05:00Z,NATURALGAS,2026-09-02,zerohero,CHOP,HOLDOUT,SPIKE_NO_LEVEL,NO_ACTION,NO_ESTABLISHED_EDGE,AMBIG,LONG,277.8,,,,,,0.3022,0.3,,,,,,,,,,,,,
2026-09-02T12:10:00Z,NATURALGAS,2026-09-02,zerohero,CHOP,HOLDOUT,AMBIGUOUS,NO_ACTION,NO_ESTABLISHED_EDGE,AMBIG,LONG,279.6,278.2,277.743,1.857,0.32,False,1.6471,0.9474,0.0,False,True,True,False,0.2154,-1.1309,False,False,False,True,-1.1847,SL
2026-09-02T12:45:00Z,NATURALGAS,2026-09-02,zerohero,CHOP,HOLDOUT,H1_CONT_BLOCKED,NO_ACTION,NO_ESTABLISHED_EDGE,H1_CONT,SHORT,278.5,279.1,280.045,1.545,0.84,True,1.0476,0.7333,0.0,False,True,True,False,0.7767,-1.4887,False,False,False,True,-1.5534,SL
2026-09-02T12:50:00Z,NATURALGAS,2026-09-02,zerohero,CHOP,HOLDOUT,H1_WEAK,NO_ACTION,NO_ESTABLISHED_EDGE,H1_WEAK,SHORT,278.4,278.5,279.13,0.73,1.64,True,0.1892,0.2,0.0,False,True,True,False,1.5068,-1.6438,True,False,False,False,-1.7808,SL
2026-09-02T12:55:00Z,NATURALGAS,2026-09-02,zerohero,CHOP,HOLDOUT,H7_LEANING_TRAP,AVOID,SUPPORTED,H7_TRAP,SHORT,277.7,278.1,278.53,0.83,0.6,False,0.7568,0.8,0.5,True,False,False,True,0.0,-1.2048,False,False,False,True,-1.3253,SL
2026-09-02T13:00:00Z,NATURALGAS,2026-09-02,zerohero,CHOP,HOLDOUT,AMBIGUOUS,NO_ACTION,NO_ESTABLISHED_EDGE,H7_TRAP,LONG,278.3,278.5,277.67,0.63,2.7,True,0.2,0.2,0.1,True,False,False,True,0.1587,-1.5873,False,False,False,True,-1.746,SL
2026-09-02T13:05:00Z,NATURALGAS,2026-09-02,zerohero,CHOP,HOLDOUT,SPIKE_NO_LEVEL,NO_ACTION,NO_ESTABLISHED_EDGE,AMBIG,LONG,278.4,,,,,,0.0,0.0,,,,,,,,,,,,,
2026-09-02T13:15:00Z,NATURALGAS,2026-09-02,zerohero,CHOP,HOLDOUT,AMBIGUOUS,NO_ACTION,NO_ESTABLISHED_EDGE,AMBIG,SHORT,279.0,280.12,279.63,0.63,2.7,False,0.4211,0.4,0.0,False,True,True,False,1.9048,-2.8571,True,False,False,False,-3.0159,SL
2026-09-02T13:25:00Z,NATURALGAS,2026-09-02,zerohero,CHOP,HOLDOUT,H7_LEANING_TRAP,AVOID,SUPPORTED,H7_TRAP,SHORT,278.4,278.8,279.536,1.136,0.97,False,1.008,0.75,0.3333,True,False,False,True,0.0,-1.0563,False,False,False,True,-1.1444,SL
2026-09-02T13:30:00Z,NATURALGAS,2026-09-02,zerohero,CHOP,HOLDOUT,H7_TRAP,AVOID,SUPPORTED,H7_TRAP,LONG,279.2,279.6,278.467,0.733,0.55,False,0.7538,0.6364,1.4545,True,False,False,True,0.0,-1.5007,False,False,False,True,-1.6371,SL
2026-09-02T13:35:00Z,NATURALGAS,2026-09-02,zerohero,CHOP,HOLDOUT,H7_TRAP,AVOID,SUPPORTED,H7_TRAP,SHORT,278.3,278.3,279.13,0.83,1.33,True,0.8485,0.8,0.7,True,False,False,True,0.6024,-1.3253,False,False,False,True,-1.4458,SL
2026-09-02T14:10:00Z,NATURALGAS,2026-09-02,zerohero,CHOP,HOLDOUT,AMBIGUOUS,NO_ACTION,NO_ESTABLISHED_EDGE,H7_TRAP,LONG,280.6,279.6,279.461,1.139,0.51,False,1.1111,0.7692,0.0769,True,True,False,True,0.2634,-1.2291,False,False,False,True,-1.3169,SL
2026-09-02T14:20:00Z,NATURALGAS,2026-09-02,zerohero,CHOP,HOLDOUT,AMBIGUOUS,NO_ACTION,NO_ESTABLISHED_EDGE,AMBIG,SHORT,279.5,279.93,280.333,0.833,1.08,False,0.7656,0.6364,0.2455,True,True,True,False,0.7203,-1.2005,False,False,False,True,-1.3205,SL
2026-09-02T14:35:00Z,NATURALGAS,2026-09-02,zerohero,CHOP,HOLDOUT,AMBIGUOUS,NO_ACTION,NO_ESTABLISHED_EDGE,AMBIG,LONG,280.2,279.5,278.961,1.239,0.56,False,1.232,0.8462,0.0,False,True,True,False,1.6142,-1.2107,True,False,False,False,-1.2914,SL
2026-09-02T14:50:00Z,NATURALGAS,2026-09-02,zerohero,CHOP,HOLDOUT,AMBIGUOUS,NO_ACTION,NO_ESTABLISHED_EDGE,H7_TRAP,LONG,281.2,281.27,280.064,1.136,0.06,True,1.2419,0.9167,0.1417,True,False,False,True,0.8803,-1.7606,False,False,False,True,-1.8486,SL
2026-09-02T16:50:00Z,NATURALGAS,2026-09-02,zerohero,CHOP,HOLDOUT,H1_CONT_BLOCKED,NO_ACTION,NO_ESTABLISHED_EDGE,H1_CONT,SHORT,280.1,281.3,281.542,1.442,0.1,True,2.1928,0.9286,0.0,False,True,True,False,1.0402,-0.0693,True,False,False,False,0.6935,EOD
2026-09-02T17:30:00Z,NATURALGAS,2026-09-02,zerohero,CHOP,HOLDOUT,H7_LEANING_TRAP,AVOID,SUPPORTED,H7_TRAP,LONG,279.5,279.3,278.567,0.933,0.32,False,1.1915,0.7273,0.5455,True,False,False,True,0.0,-0.9646,False,False,False,False,-0.4287,EOD
2026-09-03T05:40:00Z,NATURALGAS,2026-09-03,zerohero,TREND_DOWN,HOLDOUT,AMBIGUOUS,NO_ACTION,NO_ESTABLISHED_EDGE,AMBIG,LONG,285.1,284.8,284.482,0.618,0.68,False,1.4894,0.8333,0.1667,True,True,False,False,0.6472,-1.2945,False,False,False,True,-1.4563,SL
2026-09-03T05:50:00Z,NATURALGAS,2026-09-03,zerohero,TREND_DOWN,HOLDOUT,SPIKE_NO_LEVEL,NO_ACTION,NO_ESTABLISHED_EDGE,AMBIG,LONG,284.8,,,,,,0.2979,0.2,,,,,,,,,,,,,
2026-09-03T06:00:00Z,NATURALGAS,2026-09-03,zerohero,TREND_DOWN,HOLDOUT,H7_LEANING_TRAP,AVOID,SUPPORTED,H7_TRAP,LONG,284.8,285.0,284.485,0.315,0.95,False,0.2857,0.2,0.6,True,False,False,True,2.2222,-1.5873,True,True,False,False,-1.9048,SL
2026-09-03T06:10:00Z,NATURALGAS,2026-09-03,zerohero,TREND_DOWN,HOLDOUT,AMBIGUOUS,NO_ACTION,NO_ESTABLISHED_EDGE,AMBIG,LONG,285.1,285.0,284.685,0.415,0.67,False,1.12,0.8,0.0,False,True,True,False,0.9639,-1.9277,False,False,False,True,-2.1687,SL
2026-09-03T06:30:00Z,NATURALGAS,2026-09-03,zerohero,TREND_DOWN,HOLDOUT,H1_CONT_BLOCKED,NO_ACTION,NO_ESTABLISHED_EDGE,H1_WEAK,SHORT,285.0,285.2,285.524,0.524,0.73,True,1.0769,0.5,0.0,False,True,True,False,3.2443,-0.1908,True,True,True,False,2.8092,T3
2026-09-03T06:40:00Z,NATURALGAS,2026-09-03,zerohero,TREND_DOWN,HOLDOUT,AMBIGUOUS,NO_ACTION,NO_ESTABLISHED_EDGE,AMBIG,SHORT,284.4,284.62,284.815,0.415,2.65,False,0.9825,0.8,0.0,False,True,True,False,3.1325,-0.241,True,True,True,False,2.759,T3
2026-09-03T07:00:00Z,NATURALGAS,2026-09-03,zerohero,TREND_DOWN,HOLDOUT,H1_CONT_BLOCKED,NO_ACTION,NO_ESTABLISHED_EDGE,H1_CONT,SHORT,283.6,284.1,284.424,0.824,0.36,True,1.4737,0.75,0.0,False,True,True,False,1.8204,-1.0922,True,False,False,False,-1.2136,SL
2026-09-03T07:05:00Z,NATURALGAS,2026-09-03,zerohero,TREND_DOWN,HOLDOUT,AMBIGUOUS,NO_ACTION,NO_ESTABLISHED_EDGE,H7_TRAP,SHORT,283.3,283.3,283.918,0.618,,True,0.9333,0.6667,0.1667,True,False,False,True,1.9417,-1.4563,True,False,False,False,-1.6181,SL
2026-09-03T07:15:00Z,NATURALGAS,2026-09-03,zerohero,TREND_DOWN,HOLDOUT,H7_LEANING_TRAP,AVOID,SUPPORTED,H7_TRAP,LONG,283.4,283.6,282.776,0.624,1.6,False,0.4242,0.25,0.5,True,False,False,True,0.641,-1.4423,False,False,False,True,-1.6026,SL
2026-09-03T07:20:00Z,NATURALGAS,2026-09-03,zerohero,TREND_DOWN,HOLDOUT,AMBIGUOUS,NO_ACTION,NO_ESTABLISHED_EDGE,AMBIG,SHORT,283.2,284.1,283.824,0.624,0.64,False,0.6087,0.375,0.0,False,True,True,False,1.7628,-1.6026,True,False,False,False,-1.7628,SL
2026-09-03T07:45:00Z,NATURALGAS,2026-09-03,zerohero,TREND_DOWN,HOLDOUT,AMBIGUOUS,NO_ACTION,NO_ESTABLISHED_EDGE,AMBIG,SHORT,282.5,282.8,283.221,0.721,,False,1.1351,0.8571,0.1429,True,True,True,False,0.5548,-1.1096,False,False,False,True,-1.2483,SL
2026-09-03T08:00:00Z,NATURALGAS,2026-09-03,zerohero,TREND_DOWN,HOLDOUT,AMBIGUOUS,NO_ACTION,NO_ESTABLISHED_EDGE,AMBIG,LONG,282.9,282.8,282.279,0.621,0.48,False,0.0,0.0,0.0,False,False,False,False,0.4831,-1.2882,False,False,False,True,-1.4493,SL
2026-09-03T09:45:00Z,NATURALGAS,2026-09-03,zerohero,TREND_DOWN,HOLDOUT,H7_LEANING_TRAP,AVOID,SUPPORTED,H7_TRAP,SHORT,283.0,283.1,283.621,0.621,0.32,False,1.4286,0.7143,0.5714,True,False,False,True,0.9662,-1.1272,False,False,False,True,-1.2882,SL
2026-09-03T10:35:00Z,NATURALGAS,2026-09-03,zerohero,TREND_DOWN,HOLDOUT,H1_WEAK,NO_ACTION,NO_ESTABLISHED_EDGE,H1_WEAK,LONG,283.6,283.5,282.979,0.621,2.0,True,0.2333,0.1429,0.0,False,True,True,False,3.0596,-0.161,True,True,True,False,2.839,T3
2026-09-03T10:40:00Z,NATURALGAS,2026-09-03,zerohero,TREND_DOWN,HOLDOUT,AMBIGUOUS,NO_ACTION,NO_ESTABLISHED_EDGE,AMBIG,LONG,284.1,283.7,283.479,0.621,1.19,False,1.2923,0.8571,0.0,False,True,True,False,2.2544,-1.7713,True,True,False,False,-1.9324,SL
2026-09-03T11:00:00Z,NATURALGAS,2026-09-03,zerohero,TREND_DOWN,HOLDOUT,H1_CONT_OBSERVE,NO_ACTION,NOT_VALIDATED,H1_CONT,SHORT,284.3,284.6,285.539,1.239,1.05,True,1.5135,0.6154,0.0,False,True,True,False,3.1477,-0.9685,True,True,True,False,2.9193,T3
2026-09-03T11:05:00Z,NATURALGAS,2026-09-03,zerohero,TREND_DOWN,HOLDOUT,H1_CONT_BLOCKED,NO_ACTION,NO_ESTABLISHED_EDGE,H1_CONT,SHORT,283.8,284.2,284.63,0.83,0.96,True,1.0633,0.6,0.0,False,True,True,False,1.3253,-1.0843,True,False,False,False,-1.2048,SL
2026-09-03T11:10:00Z,NATURALGAS,2026-09-03,zerohero,TREND_DOWN,HOLDOUT,H7_TRAP,AVOID,SUPPORTED,H7_TRAP,SHORT,283.2,283.0,283.824,0.624,0.32,False,0.8537,0.625,1.25,True,False,False,True,0.3205,-1.7628,False,False,False,True,-1.9231,SL
2026-09-03T11:30:00Z,NATURALGAS,2026-09-03,zerohero,TREND_DOWN,HOLDOUT,H7_TRAP,AVOID,SUPPORTED,H7_TRAP,SHORT,283.8,283.7,284.421,0.621,1.29,True,0.4615,0.4286,0.7143,True,False,False,True,0.8052,-1.2882,False,False,False,True,-1.4493,SL
2026-09-03T11:35:00Z,NATURALGAS,2026-09-03,zerohero,TREND_DOWN,HOLDOUT,H7_TRAP,AVOID,SUPPORTED,H7_TRAP,SHORT,283.4,283.7,284.021,0.621,0.64,False,0.4468,0.4286,0.7143,True,False,False,True,0.0,-1.4493,False,False,False,True,-1.6103,SL
2026-09-03T11:40:00Z,NATURALGAS,2026-09-03,zerohero,TREND_DOWN,HOLDOUT,H7_TRAP,AVOID,SUPPORTED,H7_TRAP,LONG,284.2,284.0,283.373,0.827,0.24,False,1.1313,0.8889,0.7778,True,False,False,True,0.4837,-1.8138,False,False,False,True,-1.9347,SL
2026-09-03T11:50:00Z,NATURALGAS,2026-09-03,zerohero,TREND_DOWN,HOLDOUT,SPIKE_NO_LEVEL,NO_ACTION,NO_ESTABLISHED_EDGE,AMBIG,SHORT,283.9,,,,,,0.5714,0.5714,,,,,,,,,,,,,
2026-09-03T11:55:00Z,NATURALGAS,2026-09-03,zerohero,TREND_DOWN,HOLDOUT,H7_TRAP,AVOID,SUPPORTED,H7_TRAP,SHORT,283.3,283.3,283.936,0.636,1.24,False,0.6604,0.4167,1.3333,True,False,False,True,0.4717,-2.2013,False,False,False,True,-2.3585,SL
2026-09-03T12:00:00Z,NATURALGAS,2026-09-03,zerohero,TREND_DOWN,HOLDOUT,H7_LEANING_TRAP,AVOID,SUPPORTED,H7_TRAP,LONG,284.6,284.6,282.949,1.651,0.15,True,1.6471,0.8235,0.5294,True,False,False,True,0.5451,-1.0902,False,False,False,True,-1.1508,SL
2026-09-03T12:05:00Z,NATURALGAS,2026-09-03,zerohero,TREND_DOWN,HOLDOUT,SPIKE_NO_LEVEL,NO_ACTION,NO_ESTABLISHED_EDGE,AMBIG,SHORT,284.9,,,,,,0.3443,0.3,,,,,,,,,,,,,
2026-09-03T12:10:00Z,NATURALGAS,2026-09-03,zerohero,TREND_DOWN,HOLDOUT,AMBIGUOUS,NO_ACTION,NO_ESTABLISHED_EDGE,AMBIG,SHORT,283.7,284.5,284.942,1.242,0.81,False,1.252,0.7857,0.0,False,True,True,False,3.3816,-0.4026,True,True,True,False,2.9195,T3
2026-09-03T12:15:00Z,NATURALGAS,2026-09-03,zerohero,TREND_DOWN,HOLDOUT,SPIKE_NO_LEVEL,NO_ACTION,NO_ESTABLISHED_EDGE,AMBIG,LONG,284.1,,,,,,0.4553,0.4,,,,,,,,,,,,,
2026-09-03T12:20:00Z,NATURALGAS,2026-09-03,zerohero,TREND_DOWN,HOLDOUT,SPIKE_NO_LEVEL,NO_ACTION,NO_ESTABLISHED_EDGE,AMBIG,SHORT,283.6,,,,,,0.5691,0.625,,,,,,,,,,,,,
2026-09-03T12:40:00Z,NATURALGAS,2026-09-03,zerohero,TREND_DOWN,HOLDOUT,H7_TRAP,AVOID,SUPPORTED,H7_TRAP,LONG,284.0,284.1,282.761,1.239,0.08,False,0.8421,0.6154,1.6923,True,False,False,True,0.0,-1.3721,False,False,False,True,-1.4528,SL
2026-09-03T12:45:00Z,NATURALGAS,2026-09-03,zerohero,TREND_DOWN,HOLDOUT,AMBIGUOUS,NO_ACTION,NO_ESTABLISHED_EDGE,AMBIG,SHORT,283.1,283.0,283.927,0.827,0.12,True,0.8235,0.8889,0.2222,True,False,False,False,1.8138,-1.0883,True,False,False,False,-1.2092,SL
2026-09-03T12:50:00Z,NATURALGAS,2026-09-03,zerohero,TREND_DOWN,HOLDOUT,H7_TRAP,AVOID,SUPPORTED,H7_TRAP,SHORT,282.3,282.59,283.227,0.927,0.22,True,0.8235,0.8889,0.6778,True,True,False,True,0.7551,-1.1866,False,False,False,True,-1.2945,SL
2026-09-03T13:00:00Z,NATURALGAS,2026-09-03,zerohero,TREND_DOWN,HOLDOUT,AMBIGUOUS,NO_ACTION,NO_ESTABLISHED_EDGE,AMBIG,LONG,283.2,282.4,281.855,1.345,0.67,False,1.2466,0.8667,0.0,False,True,True,False,0.7435,-1.0409,False,False,False,True,-1.1152,SL
2026-09-03T13:15:00Z,NATURALGAS,2026-09-03,zerohero,TREND_DOWN,HOLDOUT,H7_LEANING_TRAP,AVOID,SUPPORTED,H7_TRAP,LONG,283.3,283.0,282.473,0.827,0.48,True,0.4341,0.4444,0.3333,True,True,False,True,1.0883,-1.8138,True,False,False,True,-1.9347,SL
2026-09-03T13:30:00Z,NATURALGAS,2026-09-03,zerohero,TREND_DOWN,HOLDOUT,H7_LEANING_TRAP,AVOID,SUPPORTED,H7_TRAP,LONG,283.8,283.5,282.87,0.93,0.99,False,1.0161,0.9,0.4,True,False,False,True,0.2151,-1.0753,False,False,False,True,-1.1828,SL
2026-09-03T14:05:00Z,NATURALGAS,2026-09-03,zerohero,TREND_DOWN,HOLDOUT,H7_TRAP,AVOID,SUPPORTED,H7_TRAP,SHORT,283.2,282.8,283.727,0.527,0.76,True,0.3652,0.3333,0.6667,True,False,False,True,2.6565,-1.8975,True,True,False,True,-2.0873,SL
2026-09-03T14:25:00Z,NATURALGAS,2026-09-03,zerohero,TREND_DOWN,HOLDOUT,H7_TRAP,AVOID,SUPPORTED,H7_TRAP,LONG,283.2,283.7,282.67,0.53,0.94,False,0.2617,0.2,3.0,True,False,False,True,1.8868,-2.6415,True,False,False,True,-2.8302,SL
2026-09-03T14:30:00Z,NATURALGAS,2026-09-03,zerohero,TREND_DOWN,HOLDOUT,AMBIGUOUS,NO_ACTION,NO_ESTABLISHED_EDGE,AMBIG,SHORT,283.2,282.5,284.272,1.072,0.47,True,0.1129,0.0417,0.0,False,False,False,False,3.4515,-0.2799,True,True,True,False,2.9067,T3
2026-09-03T14:35:00Z,NATURALGAS,2026-09-03,zerohero,TREND_DOWN,HOLDOUT,H1_CONT_BLOCKED,NO_ACTION,NO_ESTABLISHED_EDGE,H1_CONT,SHORT,280.7,281.6,283.584,2.884,,True,2.4306,0.8929,0.0,False,True,True,False,2.3232,-0.3814,True,True,False,False,1.5257,EOD
2026-09-03T14:40:00Z,NATURALGAS,2026-09-03,zerohero,TREND_DOWN,HOLDOUT,AMBIGUOUS,NO_ACTION,NO_ESTABLISHED_EDGE,AMBIG,SHORT,280.7,280.7,281.842,1.142,,True,0.0959,0.0714,0.0,False,False,False,False,3.5902,-0.0876,True,True,True,False,2.9124,T3
2026-09-03T14:45:00Z,NATURALGAS,2026-09-03,zerohero,TREND_DOWN,HOLDOUT,H1_CONT_BLOCKED,NO_ACTION,NO_ESTABLISHED_EDGE,H1_CONT,SHORT,279.5,280.4,280.839,1.339,,True,1.2053,1.0,0.0,False,True,True,False,3.1367,-0.2987,True,True,True,False,2.9253,T3
2026-09-03T14:55:00Z,NATURALGAS,2026-09-03,zerohero,TREND_DOWN,HOLDOUT,H1_CONT_BLOCKED,NO_ACTION,NO_ESTABLISHED_EDGE,H1_CONT,SHORT,277.5,279.2,279.46,1.96,,True,1.546,0.9,0.0,False,True,True,False,1.7857,-1.4286,True,False,False,False,-1.4796,SL
2026-09-03T15:00:00Z,NATURALGAS,2026-09-03,zerohero,TREND_DOWN,HOLDOUT,H1_WEAK,NO_ACTION,NO_ESTABLISHED_EDGE,H1_CONT,SHORT,276.6,277.4,277.733,1.133,,True,0.7545,0.8182,0.0,False,True,True,False,2.2948,-1.7652,True,True,False,False,-1.8535,SL
2026-09-03T15:05:00Z,NATURALGAS,2026-09-03,zerohero,TREND_DOWN,HOLDOUT,AMBIGUOUS,NO_ACTION,NO_ESTABLISHED_EDGE,AMBIG,SHORT,275.6,276.6,277.145,1.545,,False,0.8701,0.7333,0.0,False,True,True,False,1.0356,-1.0356,True,False,False,False,-1.1003,SL
2026-09-03T15:20:00Z,NATURALGAS,2026-09-03,zerohero,TREND_DOWN,HOLDOUT,AMBIGUOUS,NO_ACTION,NO_ESTABLISHED_EDGE,AMBIG,SHORT,274.9,275.0,275.63,0.73,,False,0.459,0.6,0.0,False,False,False,False,1.2329,-1.2329,True,False,False,False,-1.3699,SL
2026-09-03T16:25:00Z,NATURALGAS,2026-09-03,zerohero,TREND_DOWN,HOLDOUT,H7_LEANING_TRAP,AVOID,SUPPORTED,H7_TRAP,LONG,276.2,275.8,275.47,0.73,12.18,False,0.9703,0.7,0.3,True,False,False,True,0.274,-1.2329,False,False,False,True,-1.3699,SL
2026-09-03T16:45:00Z,NATURALGAS,2026-09-03,zerohero,TREND_DOWN,HOLDOUT,AMBIGUOUS,NO_ACTION,NO_ESTABLISHED_EDGE,AMBIG,LONG,276.3,276.5,275.47,0.83,0.24,True,1.1789,0.8,0.0,False,False,False,False,3.6145,-0.1205,True,True,True,False,2.8795,T3
2026-09-03T16:50:00Z,NATURALGAS,2026-09-03,zerohero,TREND_DOWN,HOLDOUT,H1_CONT_OBSERVE,NO_ACTION,NOT_VALIDATED,H1_CONT,LONG,277.1,276.5,276.17,0.93,8.59,True,1.1546,0.8,0.0,False,True,True,False,3.4409,0.0,True,True,True,False,2.8925,T3
2026-09-03T16:55:00Z,NATURALGAS,2026-09-03,zerohero,TREND_DOWN,HOLDOUT,H1_CONT_OBSERVE,NO_ACTION,NOT_VALIDATED,H1_CONT,LONG,278.5,277.2,277.055,1.445,4.56,True,1.717,0.8667,0.0,False,True,True,False,1.5225,-1.4533,True,False,False,False,-1.5225,SL
2026-09-03T17:00:00Z,NATURALGAS,2026-09-03,zerohero,TREND_DOWN,HOLDOUT,H1_WEAK,NO_ACTION,NO_ESTABLISHED_EDGE,H1_CONT,LONG,279.2,278.6,278.27,0.93,6.33,True,0.8829,0.7,0.0,False,True,True,False,1.6129,-1.1828,True,False,False,False,-1.2903,SL
2026-09-03T17:05:00Z,NATURALGAS,2026-09-03,zerohero,TREND_DOWN,HOLDOUT,AMBIGUOUS,NO_ACTION,NO_ESTABLISHED_EDGE,AMBIG,LONG,280.0,279.3,279.167,0.833,6.11,False,0.9655,0.7273,0.0,False,True,True,False,0.8403,-1.0804,False,False,False,True,-1.2005,SL
2026-09-03T17:10:00Z,NATURALGAS,2026-09-03,zerohero,TREND_DOWN,HOLDOUT,AMBIGUOUS,NO_ACTION,NO_ESTABLISHED_EDGE,AMBIG,SHORT,279.4,282.65,280.742,1.342,3.06,False,0.6774,0.4286,0.0,False,True,True,False,2.3845,-0.9687,True,True,False,False,2.31,EOD
2026-09-03T17:25:00Z,NATURALGAS,2026-09-03,zerohero,TREND_DOWN,HOLDOUT,AMBIGUOUS,NO_ACTION,NO_ESTABLISHED_EDGE,AMBIG,SHORT,279.6,279.7,280.736,1.136,0.44,False,0.4179,0.3333,0.0,False,True,True,False,2.993,-0.3521,True,True,False,False,2.9049,EOD
2026-09-03T17:35:00Z,NATURALGAS,2026-09-03,zerohero,TREND_DOWN,HOLDOUT,H1_CONT_OBSERVE,NO_ACTION,NOT_VALIDATED,H1_CONT,SHORT,278.2,279.1,279.542,1.342,3.13,True,1.1241,0.7857,0.0,False,True,True,False,1.4903,-0.149,True,False,False,False,1.4158,EOD
2026-09-04T05:30:00Z,NATURALGAS,2026-09-04,zerohero,TREND_UP,HOLDOUT,H7_LEANING_TRAP,AVOID,SUPPORTED,H7_TRAP,LONG,277.1,277.2,276.785,0.315,0.32,False,0.0,0.0,0.4,True,False,False,True,1.9048,-2.2222,True,False,False,False,-2.5397,SL
2026-09-04T05:40:00Z,NATURALGAS,2026-09-04,zerohero,TREND_UP,HOLDOUT,AMBIGUOUS,NO_ACTION,NO_ESTABLISHED_EDGE,AMBIG,LONG,277.3,277.3,276.885,0.415,0.39,True,1.2174,0.8,0.2,True,False,False,False,0.9639,-2.1687,False,False,False,True,-2.4096,SL
2026-09-04T05:50:00Z,NATURALGAS,2026-09-04,zerohero,TREND_UP,HOLDOUT,AMBIGUOUS,NO_ACTION,NO_ESTABLISHED_EDGE,H7_TRAP,SHORT,277.4,277.2,277.715,0.315,1.49,True,0.0,0.0,0.2,True,False,False,True,3.1746,-0.3175,True,True,True,False,2.6825,T3
2026-09-04T06:10:00Z,NATURALGAS,2026-09-04,zerohero,TREND_UP,HOLDOUT,AMBIGUOUS,NO_ACTION,NO_ESTABLISHED_EDGE,AMBIG,SHORT,276.7,276.6,277.121,0.421,0.24,True,1.098,0.5714,0.0,False,False,False,False,3.5629,0.0,True,True,True,False,2.7625,T3
2026-09-04T06:25:00Z,NATURALGAS,2026-09-04,zerohero,TREND_UP,HOLDOUT,H1_WEAK,NO_ACTION,NO_ESTABLISHED_EDGE,H1_CONT,SHORT,275.8,276.0,276.215,0.415,,True,0.7925,0.6,0.0,False,True,True,False,1.4458,-1.6867,True,False,False,False,-1.9277,SL
2026-09-04T06:40:00Z,NATURALGAS,2026-09-04,zerohero,TREND_UP,HOLDOUT,SPIKE_NO_LEVEL,NO_ACTION,NO_ESTABLISHED_EDGE,AMBIG,LONG,275.6,,,,,,0.2593,0.2,,,,,,,,,,,,,
2026-09-04T06:50:00Z,NATURALGAS,2026-09-04,zerohero,TREND_UP,HOLDOUT,H1_CONT_OBSERVE,NO_ACTION,NOT_VALIDATED,H1_CONT,LONG,276.5,275.9,275.779,0.721,1.39,True,1.6897,1.0,0.0,False,True,True,False,3.4674,-0.1387,True,True,True,False,2.8613,T3
2026-09-04T06:55:00Z,NATURALGAS,2026-09-04,zerohero,TREND_UP,HOLDOUT,H1_CONT_OBSERVE,NO_ACTION,NOT_VALIDATED,H1_CONT,LONG,276.9,276.5,276.382,0.518,1.16,True,1.129,0.8333,0.0,False,True,True,False,4.0541,-0.7722,True,True,True,False,2.8069,T3
2026-09-04T07:00:00Z,NATURALGAS,2026-09-04,zerohero,TREND_UP,HOLDOUT,AMBIGUOUS,NO_ACTION,NO_ESTABLISHED_EDGE,AMBIG,LONG,277.3,277.5,276.779,0.521,0.38,True,0.4375,0.2857,0.0,False,False,False,False,1.7274,-1.5355,True,False,False,False,-1.7274,SL
2026-09-04T07:20:00Z,NATURALGAS,2026-09-04,zerohero,TREND_UP,HOLDOUT,AMBIGUOUS,NO_ACTION,NO_ESTABLISHED_EDGE,H7_TRAP,SHORT,277.2,277.9,278.024,0.824,0.34,False,1.6232,1.0,0.125,True,False,False,True,0.0,-1.0922,False,False,False,True,-1.2136,SL
2026-09-04T07:25:00Z,NATURALGAS,2026-09-04,zerohero,TREND_UP,HOLDOUT,H7_TRAP,AVOID,SUPPORTED,H7_TRAP,LONG,278.0,278.0,277.279,0.721,0.28,False,1.3425,1.0,1.1429,True,False,False,True,0.1387,-1.1096,False,False,False,True,-1.2483,SL
2026-09-04T07:45:00Z,NATURALGAS,2026-09-04,zerohero,TREND_UP,HOLDOUT,H7_LEANING_TRAP,AVOID,SUPPORTED,H7_TRAP,SHORT,276.9,276.86,277.324,0.424,0.09,True,0.5316,0.375,0.425,True,False,False,True,0.7075,-1.1792,False,False,False,True,-1.4151,SL
2026-09-04T09:25:00Z,NATURALGAS,2026-09-04,zerohero,TREND_UP,HOLDOUT,AMBIGUOUS,NO_ACTION,NO_ESTABLISHED_EDGE,H7_TRAP,SHORT,277.2,277.2,277.924,0.724,0.39,False,1.6154,0.75,0.125,True,False,False,True,0.5525,-1.5193,False,False,False,True,-1.6575,SL
2026-09-04T09:50:00Z,NATURALGAS,2026-09-04,zerohero,TREND_UP,HOLDOUT,AMBIGUOUS,NO_ACTION,NO_ESTABLISHED_EDGE,H7_TRAP,LONG,277.7,277.61,277.079,0.621,0.81,False,1.4483,0.8571,0.1571,True,False,False,True,0.9662,-1.2882,False,False,False,True,-1.4493,SL
2026-09-04T10:00:00Z,NATURALGAS,2026-09-04,zerohero,TREND_UP,HOLDOUT,SPIKE_NO_LEVEL,NO_ACTION,NO_ESTABLISHED_EDGE,AMBIG,SHORT,277.8,,,,,,0.6462,0.375,,,,,,,,,,,,,
2026-09-04T11:00:00Z,NATURALGAS,2026-09-04,zerohero,TREND_UP,HOLDOUT,H7_LEANING_TRAP,AVOID,SUPPORTED,H7_TRAP,LONG,277.5,277.62,277.079,0.421,0.29,True,0.7119,0.4286,0.4571,True,False,False,True,0.7126,-1.1876,False,False,False,True,-1.4252,SL
2026-09-04T11:25:00Z,NATURALGAS,2026-09-04,zerohero,TREND_UP,HOLDOUT,H7_TRAP,AVOID,SUPPORTED,H7_TRAP,SHORT,277.3,277.1,277.824,0.524,0.38,False,0.2333,0.125,2.0,True,False,False,True,0.0,-1.145,False,False,False,True,-1.3359,SL
2026-09-04T11:40:00Z,NATURALGAS,2026-09-04,zerohero,TREND_UP,HOLDOUT,H7_TRAP,AVOID,SUPPORTED,H7_TRAP,LONG,278.7,278.3,277.661,1.039,,False,1.726,0.6923,1.0,True,False,False,True,0.1925,-1.4437,False,False,False,True,-1.5399,SL
2026-09-04T11:45:00Z,NATURALGAS,2026-09-04,zerohero,TREND_UP,HOLDOUT,H7_LEANING_TRAP,AVOID,SUPPORTED,H7_TRAP,SHORT,278.0,277.7,278.936,0.936,0.75,False,1.3659,0.6667,0.5,True,False,False,True,2.1368,-1.3889,True,True,False,False,-1.4957,SL
2026-09-04T11:50:00Z,NATURALGAS,2026-09-04,zerohero,TREND_UP,HOLDOUT,H7_TRAP,AVOID,SUPPORTED,H7_TRAP,LONG,278.3,277.61,277.167,1.133,0.62,False,0.3111,0.1818,1.1,True,False,False,True,0.353,-1.1474,False,False,False,True,-1.2357,SL
2026-09-04T11:55:00Z,NATURALGAS,2026-09-04,zerohero,TREND_UP,HOLDOUT,H1_CONT_BLOCKED,NO_ACTION,NO_ESTABLISHED_EDGE,H1_CONT,SHORT,277.0,277.2,278.751,1.751,0.06,True,1.767,0.7647,0.0,False,True,True,False,0.5711,-1.3135,False,False,False,True,-1.3706,SL
2026-09-04T12:00:00Z,NATURALGAS,2026-09-04,zerohero,TREND_UP,HOLDOUT,H7_TRAP,AVOID,SUPPORTED,H7_TRAP,SHORT,277.0,276.9,277.424,0.424,0.24,True,0.2642,0.25,3.0,True,False,False,True,2.3585,-5.4245,True,True,False,False,-5.6604,SL
2026-09-04T12:10:00Z,NATURALGAS,2026-09-04,zerohero,TREND_UP,HOLDOUT,H1_WEAK,NO_ACTION,NO_ESTABLISHED_EDGE,H1_CONT,LONG,277.2,277.0,275.958,1.242,0.33,True,0.9573,0.5714,0.0,False,True,True,False,4.1868,0.0,True,True,True,False,2.9195,T3
2026-09-04T12:15:00Z,NATURALGAS,2026-09-04,zerohero,TREND_UP,HOLDOUT,H1_CONT_BLOCKED,NO_ACTION,NO_ESTABLISHED_EDGE,H1_CONT,LONG,279.3,279.0,277.137,2.163,,True,2.1778,1.0,0.0,False,True,True,False,1.4332,-0.6472,True,False,False,False,0.7859,EOD
2026-09-04T12:20:00Z,NATURALGAS,2026-09-04,zerohero,TREND_UP,HOLDOUT,H1_WEAK,NO_ACTION,NO_ESTABLISHED_EDGE,H1_WEAK,LONG,279.5,279.3,279.073,0.427,,True,0.3022,0.3333,0.0,False,True,True,False,6.7916,0.0,True,True,True,False,2.7658,T3
2026-09-04T12:25:00Z,NATURALGAS,2026-09-04,zerohero,TREND_UP,HOLDOUT,AMBIGUOUS,NO_ACTION,NO_ESTABLISHED_EDGE,H7_TRAP,LONG,280.4,280.0,279.567,0.833,,True,0.7619,0.7273,0.1818,True,True,False,True,2.401,-1.2005,True,True,False,False,-1.3205,SL
2026-09-04T12:30:00Z,NATURALGAS,2026-09-04,zerohero,TREND_UP,HOLDOUT,H7_LEANING_TRAP,AVOID,SUPPORTED,H7_TRAP,LONG,281.9,280.7,280.34,1.56,,False,1.2963,0.75,0.45,True,False,False,True,0.0641,-1.4103,False,False,False,True,-1.4744,SL
2026-09-04T12:35:00Z,NATURALGAS,2026-09-04,zerohero,TREND_UP,HOLDOUT,AMBIGUOUS,NO_ACTION,NO_ESTABLISHED_EDGE,AMBIG,SHORT,279.8,280.4,282.069,2.269,1.3,False,1.661,0.913,0.0,False,True,True,False,0.8374,-0.9255,False,False,False,False,-0.5289,EOD
2026-09-04T12:40:00Z,NATURALGAS,2026-09-04,zerohero,TREND_UP,HOLDOUT,H1_WEAK,NO_ACTION,NO_ESTABLISHED_EDGE,H1_WEAK,LONG,279.9,277.66,279.37,0.53,4.72,True,0.153,0.2,0.0,False,True,True,False,1.5094,-1.5094,True,False,False,False,-1.6981,SL
2026-09-04T12:45:00Z,NATURALGAS,2026-09-04,zerohero,TREND_UP,HOLDOUT,SPIKE_NO_LEVEL,NO_ACTION,NO_ESTABLISHED_EDGE,AMBIG,SHORT,280.1,,,,,,0.1514,0.25,,,,,,,,,,,,,
2026-09-04T13:00:00Z,NATURALGAS,2026-09-04,zerohero,TREND_UP,HOLDOUT,H7_TRAP,AVOID,SUPPORTED,H7_TRAP,SHORT,279.5,279.4,280.739,1.239,0.08,False,0.4,0.3846,0.7692,True,False,False,True,0.3228,-1.2107,False,False,False,True,-1.2914,SL
2026-09-04T13:10:00Z,NATURALGAS,2026-09-04,zerohero,TREND_UP,HOLDOUT,H7_TRAP,AVOID,SUPPORTED,H7_TRAP,SHORT,279.5,279.4,280.027,0.527,0.19,False,0.4268,0.5556,1.1111,True,False,False,True,0.5693,-1.7078,False,False,False,True,-1.8975,SL
2026-09-04T13:15:00Z,NATURALGAS,2026-09-04,zerohero,TREND_UP,HOLDOUT,H1_WEAK,NO_ACTION,NO_ESTABLISHED_EDGE,H1_CONT,LONG,280.4,280.0,279.164,1.236,0.24,True,0.6627,0.6667,0.0,False,True,True,False,0.4854,-1.2945,False,False,False,True,-1.3754,SL
2026-09-04T13:35:00Z,NATURALGAS,2026-09-04,zerohero,TREND_UP,HOLDOUT,H1_CONT_OBSERVE,NO_ACTION,NOT_VALIDATED,H1_CONT,SHORT,278.9,279.6,280.345,1.445,1.36,True,1.2133,0.8667,0.0,False,True,True,False,0.692,-1.8685,False,False,False,True,-1.9377,SL
2026-09-04T13:40:00Z,NATURALGAS,2026-09-04,zerohero,TREND_UP,HOLDOUT,AMBIGUOUS,NO_ACTION,NO_ESTABLISHED_EDGE,H7_TRAP,SHORT,278.2,278.8,278.93,0.73,1.74,False,0.7,0.7,0.2,True,False,False,True,0.0,-1.6438,False,False,False,True,-1.7808,SL
2026-09-04T13:45:00Z,NATURALGAS,2026-09-04,zerohero,TREND_UP,HOLDOUT,AMBIGUOUS,NO_ACTION,NO_ESTABLISHED_EDGE,H7_TRAP,LONG,278.9,278.9,278.164,0.736,2.04,True,0.6512,0.5,0.0833,True,False,False,True,3.6685,-0.4076,True,True,True,False,2.8641,T3
2026-09-04T14:25:00Z,NATURALGAS,2026-09-04,zerohero,TREND_UP,HOLDOUT,H1_CONT_BLOCKED,NO_ACTION,NO_ESTABLISHED_EDGE,H1_CONT,LONG,281.5,280.1,279.849,1.651,0.55,True,1.8211,0.9412,0.0,False,True,True,False,0.2423,-1.0297,False,False,False,True,-1.0902,SL
2026-09-04T15:10:00Z,NATURALGAS,2026-09-04,zerohero,TREND_UP,HOLDOUT,H7_TRAP,AVOID,SUPPORTED,H7_TRAP,SHORT,280.4,280.7,281.43,1.03,3.96,False,0.8991,0.7,0.9,True,False,False,True,0.3883,-1.2621,False,False,False,True,-1.3592,SL
2026-09-04T16:20:00Z,NATURALGAS,2026-09-04,zerohero,TREND_UP,HOLDOUT,H1_CONT_OBSERVE,NO_ACTION,NOT_VALIDATED,H1_CONT,SHORT,279.3,279.8,280.33,1.03,3.62,True,1.5385,1.0,0.0,False,True,True,False,0.4854,-1.068,False,False,False,True,-1.165,SL
