symbol,session,regime,bar_ts,side,price_close,price_high,price_low,nearest_strike,opt_ltp,oi,oi_delta_5m,profile_loc,dist_poc,dist_vah,dist_val,vol_x,range_x,range_pctile,broke_level,level_name,level_price,beyond_pts,post_break,next_dir,next_body_x,next_continued,next_new_extreme,structure_formed,structure_bar_offset,entry_model,entry,sl,R_pts,mfe_R,mfe_R_eod,sl_hit_bars,next_SR_R
NIFTY,2026-09-01,TREND_DOWN,2026-09-01T08:20:00Z,BUY,24108.0,24147.3,24103.1,24100.0,,,,NA,,,,2.45,2.21,,False,,,,NA,UP,0.32,True,False,False,,S0,24108.0,24103.1,4.9,5.16,5.16,1,
NIFTY,2026-09-01,TREND_DOWN,2026-09-01T08:20:00Z,SELL,24108.0,24147.3,24103.1,24100.0,,,,NA,,,,2.45,2.21,,True,prior_frac_lo,24142.0,38.9,MIXED,UP,0.32,False,False,False,,S0,24108.0,24147.3,39.3,1.12,1.12,,
NIFTY,2026-09-02,CHOP,2026-09-02T06:40:00Z,BUY,23980.9,23983.9,23948.9,24000.0,82.3,13861835.0,225225.0,UPPER_VA,8.4,-1.6,28.4,2.89,1.96,0.914,True,poc,23972.5,11.4,REJECTION,DOWN,0.53,False,True,True,2,S0,23980.9,23948.9,32.0,2.13,2.13,,0.05
NIFTY,2026-09-02,CHOP,2026-09-02T06:40:00Z,BUY,23980.9,23983.9,23948.9,24000.0,82.3,13861835.0,225225.0,UPPER_VA,8.4,-1.6,28.4,2.89,1.96,0.914,True,poc,23972.5,11.4,REJECTION,DOWN,0.53,False,True,True,2,S2,23968.4,23955.0,13.4,6.01,6.01,,0.57
NIFTY,2026-09-02,CHOP,2026-09-02T06:40:00Z,SELL,23980.9,23983.9,23948.9,24000.0,214.0,5070780.0,-38220.0,UPPER_VA,8.4,-1.6,28.4,2.89,1.96,0.914,True,poc,23972.5,23.6,REJECTION,DOWN,0.53,True,False,False,,S0,23980.9,23983.9,3.0,3.63,8.63,0,9.47
NIFTY,2026-09-02,CHOP,2026-09-02T07:45:00Z,BUY,24009.2,24021.0,24008.0,24000.0,98.55,12617605.0,0.0,ABOVE_VA,36.7,21.7,56.7,3.04,0.71,0.25,True,prior_frac_hi,24018.0,3.0,REJECTION,UP,0.35,True,False,False,,S0,24009.2,24008.0,1.2,14.83,33.17,2,7.33
NIFTY,2026-09-02,CHOP,2026-09-02T07:45:00Z,BUY,24009.2,24021.0,24008.0,24000.0,98.55,12617605.0,0.0,ABOVE_VA,36.7,21.7,56.7,3.04,0.71,0.25,True,prior_frac_hi,24018.0,3.0,REJECTION,UP,0.35,True,False,False,,S2,24017.4,24009.0,8.4,1.14,3.76,1,0.07
NIFTY,2026-09-02,CHOP,2026-09-02T07:45:00Z,SELL,24009.2,24021.0,24008.0,24000.0,173.8,5305430.0,0.0,ABOVE_VA,36.7,21.7,56.7,3.04,0.71,0.25,False,,,,NA,UP,0.35,False,False,False,,S0,24009.2,24021.0,11.8,0.02,2.47,1,1.46
NIFTY,2026-09-02,CHOP,2026-09-02T07:45:00Z,SELL,24009.2,24021.0,24008.0,24000.0,173.8,5305430.0,0.0,ABOVE_VA,36.7,21.7,56.7,3.04,0.71,0.25,False,,,,NA,UP,0.35,False,False,False,,S2,24014.0,24027.0,13.0,2.62,2.62,7,1.69
NIFTY,2026-09-03,TREND_DOWN,2026-09-03T08:00:00Z,BUY,24050.0,24058.5,24024.0,24050.0,67.1,8507200.0,22620.0,BELOW_VA,-37.5,-97.5,-2.5,0.71,1.84,0.98,True,prior_frac_hi,24050.0,8.5,REJECTION,DOWN,0.69,False,True,False,,S0,24050.0,24024.0,26.0,0.35,0.35,0,3.75
NIFTY,2026-09-03,TREND_DOWN,2026-09-03T08:00:00Z,SELL,24050.0,24058.5,24024.0,24050.0,168.55,1839955.0,19305.0,BELOW_VA,-37.5,-97.5,-2.5,0.71,1.84,0.98,True,poc,24087.5,63.5,ACCEPTANCE,DOWN,0.69,True,True,False,,S0,24050.0,24058.5,8.5,3.29,9.28,0,3.18
NIFTY,2026-09-03,TREND_DOWN,2026-09-03T08:00:00Z,SELL,24050.0,24058.5,24024.0,24050.0,168.55,1839955.0,19305.0,BELOW_VA,-37.5,-97.5,-2.5,0.71,1.84,0.98,True,poc,24087.5,63.5,ACCEPTANCE,DOWN,0.69,True,True,False,,S2,24023.5,24034.0,10.5,1.19,4.99,0,0.05
NIFTY,2026-09-03,TREND_DOWN,2026-09-03T08:05:00Z,BUY,24024.0,24059.0,24022.0,24000.0,93.55,21981310.0,-490685.0,BELOW_VA,-63.5,-123.5,-28.5,0.54,1.96,0.981,True,prior_frac_hi,24050.0,9.0,REJECTION,DOWN,0.03,False,False,False,,S0,24024.0,24022.0,2.0,5.0,10.95,0,13.0
NIFTY,2026-09-03,TREND_DOWN,2026-09-03T08:05:00Z,SELL,24024.0,24059.0,24022.0,24000.0,122.45,9649770.0,-245895.0,BELOW_VA,-63.5,-123.5,-28.5,0.54,1.96,0.981,True,poc,24087.5,65.5,ACCEPTANCE,DOWN,0.03,True,True,True,2,S0,24024.0,24059.0,35.0,1.51,1.51,,0.41
NIFTY,2026-09-03,TREND_DOWN,2026-09-03T08:05:00Z,SELL,24024.0,24059.0,24022.0,24000.0,122.45,9649770.0,-245895.0,BELOW_VA,-63.5,-123.5,-28.5,0.54,1.96,0.981,True,poc,24087.5,65.5,ACCEPTANCE,DOWN,0.03,True,True,True,2,S2,24023.5,24034.0,10.5,1.19,4.99,0,1.31
NIFTY,2026-09-03,TREND_DOWN,2026-09-03T09:25:00Z,BUY,24011.0,24032.1,24006.2,24000.0,88.3,22235460.0,-209170.0,BELOW_VA,-21.5,-91.5,-6.5,2.37,1.51,0.882,False,,,,NA,UP,0.31,True,False,False,,S0,24011.0,24006.2,4.8,3.33,3.33,0,5.42
NIFTY,2026-09-03,TREND_DOWN,2026-09-03T09:25:00Z,BUY,24011.0,24032.1,24006.2,24000.0,88.3,22235460.0,-209170.0,BELOW_VA,-21.5,-91.5,-6.5,2.37,1.51,0.882,False,,,,NA,UP,0.31,True,False,False,,S2,24010.5,23996.3,14.2,0.81,0.81,3,1.87
NIFTY,2026-09-03,TREND_DOWN,2026-09-03T09:25:00Z,SELL,24011.0,24032.1,24006.2,24000.0,130.85,9380605.0,-4355.0,BELOW_VA,-21.5,-91.5,-6.5,2.37,1.51,0.882,True,poc,24032.5,26.3,MIXED,UP,0.31,False,True,False,,S0,24011.0,24032.1,21.1,1.89,1.89,,
NIFTY,2026-09-03,TREND_DOWN,2026-09-03T09:35:00Z,BUY,24010.5,24014.5,23996.3,24000.0,82.95,22006335.0,0.0,BELOW_VA,-22.0,-92.0,-7.0,3.02,1.03,0.514,False,,,,NA,UP,0.53,True,True,False,,S0,24010.5,23996.3,14.2,0.81,0.81,3,1.87
NIFTY,2026-09-03,TREND_DOWN,2026-09-03T09:35:00Z,BUY,24010.5,24014.5,23996.3,24000.0,82.95,22006335.0,0.0,BELOW_VA,-22.0,-92.0,-7.0,3.02,1.03,0.514,False,,,,NA,UP,0.53,True,True,False,,S2,24010.5,23996.3,14.2,0.81,0.81,3,1.87
NIFTY,2026-09-03,TREND_DOWN,2026-09-03T09:35:00Z,SELL,24010.5,24014.5,23996.3,24000.0,141.2,9195355.0,0.0,BELOW_VA,-22.0,-92.0,-7.0,3.02,1.03,0.514,True,poc,24032.5,36.2,MIXED,UP,0.53,False,False,False,,S0,24010.5,24014.5,4.0,1.6,9.85,0,
NIFTY,2026-09-03,TREND_DOWN,2026-09-03T09:40:00Z,BUY,24020.0,24022.0,24004.1,24000.0,82.95,22006335.0,0.0,AT_POC,-12.5,-77.5,12.5,2.05,1.02,0.507,False,,,,NA,UP,0.22,False,False,False,,S0,24020.0,24004.1,15.9,0.06,0.06,1,1.07
NIFTY,2026-09-03,TREND_DOWN,2026-09-03T09:40:00Z,SELL,24020.0,24022.0,24004.1,24000.0,141.2,9195355.0,0.0,AT_POC,-12.5,-77.5,12.5,2.05,1.02,0.507,True,poc,24032.5,28.4,ACCEPTANCE,UP,0.22,True,False,False,,S0,24020.0,24022.0,2.0,24.45,24.45,,6.25
NIFTY,2026-09-04,CHOP,2026-09-04T04:10:00Z,BUY,24033.0,24045.8,24030.3,24050.0,,,,NA,,,,2.37,0.7,,False,,,,NA,UP,0.61,True,True,False,,S0,24033.0,24030.3,2.7,32.22,32.22,,8.15
NIFTY,2026-09-04,CHOP,2026-09-04T04:10:00Z,SELL,24033.0,24045.8,24030.3,24050.0,,,,NA,,,,2.37,0.7,,False,,,,NA,UP,0.61,False,False,False,,S0,24033.0,24045.8,12.8,0.0,0.0,0,0.47
NIFTY,2026-09-04,CHOP,2026-09-04T04:10:00Z,SELL,24033.0,24045.8,24030.3,24050.0,,,,NA,,,,2.37,0.7,,False,,,,NA,UP,0.61,False,False,False,,S2,24033.0,24045.8,12.8,0.0,0.0,0,0.47
NIFTY,2026-09-04,CHOP,2026-09-04T04:20:00Z,BUY,24067.8,24068.0,24045.1,24050.0,,,,NA,,,,2.05,1.04,,True,prior_frac_hi,24055.0,13.0,ACCEPTANCE,UP,0.43,True,True,False,,S0,24067.8,24045.1,22.7,2.3,2.3,65,
NIFTY,2026-09-04,CHOP,2026-09-04T04:20:00Z,SELL,24067.8,24068.0,24045.1,24050.0,,,,NA,,,,2.05,1.04,,False,,,,NA,UP,0.43,False,False,False,,S0,24067.8,24068.0,0.2,9.0,167.0,0,204.0
NIFTY,2026-09-04,CHOP,2026-09-04T04:30:00Z,BUY,24086.0,24090.2,24068.8,24100.0,51.7,14400750.0,-590655.0,NA,,,,1.86,0.97,,False,,,,NA,DOWN,0.56,False,False,False,,S0,24086.0,24068.8,17.2,0.0,1.98,0,
NIFTY,2026-09-04,CHOP,2026-09-04T04:30:00Z,SELL,24086.0,24090.2,24068.8,24100.0,164.25,4539925.0,467155.0,NA,,,,1.86,0.97,,False,,,,NA,DOWN,0.56,True,True,False,,S0,24086.0,24090.2,4.2,7.07,12.29,5,14.05
NIFTY,2026-09-04,CHOP,2026-09-04T06:30:00Z,BUY,24076.0,24108.0,24075.6,24100.0,58.4,13591760.0,86060.0,LOWER_VA,-16.5,-41.5,28.5,1.01,2.7,1.0,False,,,,NA,DOWN,0.15,True,False,False,,S0,24076.0,24075.6,0.4,35.0,35.0,1,103.75
NIFTY,2026-09-04,CHOP,2026-09-04T06:30:00Z,BUY,24076.0,24108.0,24075.6,24100.0,58.4,13591760.0,86060.0,LOWER_VA,-16.5,-41.5,28.5,1.01,2.7,1.0,False,,,,NA,DOWN,0.15,True,False,False,,S2,24088.0,24080.0,8.0,0.25,0.25,0,3.69
NIFTY,2026-09-04,CHOP,2026-09-04T06:30:00Z,SELL,24076.0,24108.0,24075.6,24100.0,146.7,5775120.0,69030.0,LOWER_VA,-16.5,-41.5,28.5,1.01,2.7,1.0,True,prior_frac_lo,24108.0,32.4,MIXED,DOWN,0.15,False,False,True,2,S0,24076.0,24108.0,32.0,1.3,1.3,,0.89
NIFTY,2026-09-04,CHOP,2026-09-04T09:50:00Z,BUY,24040.6,24061.6,24040.0,24050.0,56.05,9413235.0,-192530.0,BELOW_VA,-26.9,-56.9,-6.9,1.89,1.64,0.904,False,,,,NA,DOWN,0.18,False,False,False,,S0,24040.6,24040.0,0.6,32.33,32.33,0,49.0
NIFTY,2026-09-04,CHOP,2026-09-04T09:50:00Z,SELL,24040.6,24061.6,24040.0,24050.0,127.75,2335255.0,-184600.0,BELOW_VA,-26.9,-56.9,-6.9,1.89,1.64,0.904,True,poc,24067.5,27.5,ACCEPTANCE,DOWN,0.18,True,True,False,,S0,24040.6,24061.6,21.0,0.3,0.3,,
NIFTY,2026-09-04,CHOP,2026-09-04T09:50:00Z,SELL,24040.6,24061.6,24040.0,24050.0,127.75,2335255.0,-184600.0,BELOW_VA,-26.9,-56.9,-6.9,1.89,1.64,0.904,True,poc,24067.5,27.5,ACCEPTANCE,DOWN,0.18,True,True,False,,S2,24036.0,24060.0,24.0,0.05,0.05,,
NIFTY,2026-09-04,CHOP,2026-09-04T09:55:00Z,BUY,24036.0,24060.0,24034.4,24050.0,47.45,8967270.0,-445965.0,BELOW_VA,-31.5,-56.5,-6.5,2.26,1.93,0.986,False,,,,NA,UP,0.54,True,False,False,,S0,24036.0,24034.4,1.6,8.75,8.75,,21.69
NIFTY,2026-09-04,CHOP,2026-09-04T09:55:00Z,SELL,24036.0,24060.0,24034.4,24050.0,138.0,2009280.0,-325975.0,BELOW_VA,-31.5,-56.5,-6.5,2.26,1.93,0.986,True,poc,24067.5,33.1,MIXED,UP,0.54,False,False,False,,S0,24036.0,24060.0,24.0,0.05,0.05,,
NIFTY,2026-09-04,CHOP,2026-09-04T09:55:00Z,SELL,24036.0,24060.0,24034.4,24050.0,138.0,2009280.0,-325975.0,BELOW_VA,-31.5,-56.5,-6.5,2.26,1.93,0.986,True,poc,24067.5,33.1,MIXED,UP,0.54,False,False,False,,S2,24036.0,24060.0,24.0,0.05,0.05,,
NATURALGAS,2026-09-01,TREND_DOWN,2026-09-01T08:30:00Z,BUY,279.0,279.6,278.7,250.0,,,,NA,,,,0.84,1.8,,False,,,,NA,DOWN,0.5,False,False,False,,S0,279.0,278.7,0.3,0.67,0.67,1,4.33
NATURALGAS,2026-09-01,TREND_DOWN,2026-09-01T08:30:00Z,SELL,279.0,279.6,278.7,300.0,,,,NA,,,,0.84,1.8,,True,prior_frac_lo,279.5,0.8,ACCEPTANCE,DOWN,0.5,True,False,False,,S0,279.0,279.6,0.6,2.33,2.33,,
NATURALGAS,2026-09-01,TREND_DOWN,2026-09-01T08:40:00Z,BUY,278.4,279.0,278.1,250.0,,,,NA,,,,2.12,1.8,,False,,,,NA,UP,0.25,False,False,False,,S0,278.4,278.1,0.3,0.0,2.0,0,6.33
NATURALGAS,2026-09-01,TREND_DOWN,2026-09-01T08:40:00Z,BUY,278.4,279.0,278.1,250.0,,,,NA,,,,2.12,1.8,,False,,,,NA,UP,0.25,False,False,False,,S2,278.3,278.0,0.3,2.33,2.33,12,6.67
NATURALGAS,2026-09-01,TREND_DOWN,2026-09-01T08:40:00Z,SELL,278.4,279.0,278.1,300.0,,,,NA,,,,2.12,1.8,,True,prior_frac_lo,278.7,0.6,ACCEPTANCE,UP,0.25,True,True,False,,S0,278.4,279.0,0.6,0.67,1.33,5,
NATURALGAS,2026-09-01,TREND_DOWN,2026-09-01T08:40:00Z,SELL,278.4,279.0,278.1,300.0,,,,NA,,,,2.12,1.8,,True,prior_frac_lo,278.7,0.6,ACCEPTANCE,UP,0.25,True,True,False,,S2,278.4,278.6,0.2,0.0,4.0,0,
NATURALGAS,2026-09-01,TREND_DOWN,2026-09-01T08:45:00Z,BUY,278.3,278.4,278.0,250.0,,,,NA,,,,1.85,0.62,,False,,,,NA,UP,0.33,True,True,False,,S0,278.3,278.0,0.3,2.33,2.33,12,6.67
NATURALGAS,2026-09-01,TREND_DOWN,2026-09-01T08:45:00Z,BUY,278.3,278.4,278.0,250.0,,,,NA,,,,1.85,0.62,,False,,,,NA,UP,0.33,True,True,False,,S2,278.3,278.0,0.3,2.33,2.33,12,6.67
NATURALGAS,2026-09-01,TREND_DOWN,2026-09-01T08:45:00Z,SELL,278.3,278.4,278.0,300.0,,,,NA,,,,1.85,0.62,,True,prior_frac_lo,278.7,0.7,MIXED,UP,0.33,False,False,False,,S0,278.3,278.4,0.1,0.0,7.0,0,
NATURALGAS,2026-09-01,TREND_DOWN,2026-09-01T08:45:00Z,SELL,278.3,278.4,278.0,300.0,,,,NA,,,,1.85,0.62,,True,prior_frac_lo,278.7,0.7,MIXED,UP,0.33,False,False,False,,S2,278.4,278.6,0.2,0.0,4.0,0,
NATURALGAS,2026-09-02,CHOP,2026-09-02T05:40:00Z,BUY,280.6,281.1,280.5,280.0,,,,AT_POC,-0.15,-0.65,0.35,0.39,2.0,0.962,False,,,,NA,UP,0.33,True,False,False,,S0,280.6,280.5,0.1,2.0,16.0,0,5.0
NATURALGAS,2026-09-02,CHOP,2026-09-02T05:40:00Z,BUY,280.6,281.1,280.5,280.0,,,,AT_POC,-0.15,-0.65,0.35,0.39,2.0,0.962,False,,,,NA,UP,0.33,True,False,False,,S2,280.7,280.5,0.2,1.0,7.5,4,2.0
NATURALGAS,2026-09-02,CHOP,2026-09-02T05:40:00Z,SELL,280.6,281.1,280.5,280.0,,,,AT_POC,-0.15,-0.65,0.35,0.39,2.0,0.962,True,prior_frac_lo,280.9,0.4,MIXED,UP,0.33,False,False,True,2,S0,280.6,281.1,0.5,0.6,6.8,9,0.7
NATURALGAS,2026-09-02,CHOP,2026-09-02T06:30:00Z,BUY,281.2,281.8,280.8,280.0,,,,UPPER_VA,0.45,-0.05,0.45,2.34,3.33,0.972,True,prior_frac_hi,280.9,0.9,MIXED,DOWN,0.5,False,False,False,,S0,281.2,280.8,0.4,0.25,2.5,0,0.13
NATURALGAS,2026-09-02,CHOP,2026-09-02T06:30:00Z,BUY,281.2,281.8,280.8,280.0,,,,UPPER_VA,0.45,-0.05,0.45,2.34,3.33,0.972,True,prior_frac_hi,280.9,0.9,MIXED,DOWN,0.5,False,False,False,,S2,281.2,280.8,0.4,0.25,2.5,2,0.13
NATURALGAS,2026-09-02,CHOP,2026-09-02T06:30:00Z,SELL,281.2,281.8,280.8,280.0,,,,UPPER_VA,0.45,-0.05,0.45,2.34,3.33,0.972,False,,,,NA,DOWN,0.5,True,True,False,,S0,281.2,281.8,0.6,6.67,6.67,111,0.75
NATURALGAS,2026-09-02,CHOP,2026-09-02T06:30:00Z,SELL,281.2,281.8,280.8,280.0,,,,UPPER_VA,0.45,-0.05,0.45,2.34,3.33,0.972,False,,,,NA,DOWN,0.5,True,True,False,,S2,281.2,281.8,0.6,6.67,6.67,111,0.75
NATURALGAS,2026-09-02,CHOP,2026-09-02T06:35:00Z,BUY,280.9,281.3,280.7,280.0,12.95,10837500.0,,UPPER_VA,0.15,-0.35,0.15,0.53,2.0,0.946,True,vah,281.25,0.05,REJECTION,UP,0.5,True,False,False,,S0,280.9,280.7,0.2,2.0,6.5,3,1.75
NATURALGAS,2026-09-02,CHOP,2026-09-02T06:35:00Z,BUY,280.9,281.3,280.7,280.0,12.95,10837500.0,,UPPER_VA,0.15,-0.35,0.15,0.53,2.0,0.946,True,vah,281.25,0.05,REJECTION,UP,0.5,True,False,False,,S2,281.2,280.8,0.4,0.25,2.5,2,0.13
NATURALGAS,2026-09-02,CHOP,2026-09-02T06:35:00Z,SELL,280.9,281.3,280.7,280.0,11.75,6886250.0,,UPPER_VA,0.15,-0.35,0.15,0.53,2.0,0.946,True,val,280.75,0.05,REJECTION,UP,0.5,False,False,False,,S0,280.9,281.3,0.4,0.25,9.25,1,0.37
NATURALGAS,2026-09-02,CHOP,2026-09-02T06:35:00Z,SELL,280.9,281.3,280.7,280.0,11.75,6886250.0,,UPPER_VA,0.15,-0.35,0.15,0.53,2.0,0.946,True,val,280.75,0.05,REJECTION,UP,0.5,False,False,False,,S2,281.1,281.3,0.2,1.0,19.5,0,1.75
NATURALGAS,2026-09-02,CHOP,2026-09-02T06:55:00Z,BUY,280.4,281.0,280.4,280.0,12.8,10903750.0,51250.0,BELOW_VA,-0.35,-0.85,-0.35,0.73,2.0,0.951,False,,,,NA,UP,0.25,True,False,False,,S0,280.4,280.4,0.0,,,,
NATURALGAS,2026-09-02,CHOP,2026-09-02T06:55:00Z,BUY,280.4,281.0,280.4,280.0,12.8,10903750.0,51250.0,BELOW_VA,-0.35,-0.85,-0.35,0.73,2.0,0.951,False,,,,NA,UP,0.25,True,False,False,,S2,280.5,280.2,0.3,0.0,5.67,0,2.5
NATURALGAS,2026-09-02,CHOP,2026-09-02T06:55:00Z,SELL,280.4,281.0,280.4,280.0,,,,BELOW_VA,-0.35,-0.85,-0.35,0.73,2.0,0.951,True,val,280.75,0.35,MIXED,UP,0.25,False,True,False,,S0,280.4,281.0,0.6,1.33,5.33,24,
NATURALGAS,2026-09-02,CHOP,2026-09-02T07:55:00Z,BUY,280.1,280.7,280.1,280.0,,,,BELOW_VA,-0.65,-1.15,-0.65,0.33,2.0,0.906,False,,,,NA,DOWN,0.25,False,False,False,,S0,280.1,280.1,0.0,,,,
NATURALGAS,2026-09-02,CHOP,2026-09-02T07:55:00Z,BUY,280.1,280.7,280.1,280.0,,,,BELOW_VA,-0.65,-1.15,-0.65,0.33,2.0,0.906,False,,,,NA,DOWN,0.25,False,False,False,,S2,280.0,279.6,0.4,4.0,5.5,36,1.75
NATURALGAS,2026-09-02,CHOP,2026-09-02T07:55:00Z,SELL,280.1,280.7,280.1,280.0,,,,BELOW_VA,-0.65,-1.15,-0.65,0.33,2.0,0.906,True,val,280.75,0.65,ACCEPTANCE,DOWN,0.25,True,True,False,,S0,280.1,280.7,0.6,0.83,4.83,4,
NATURALGAS,2026-09-02,CHOP,2026-09-02T07:55:00Z,SELL,280.1,280.7,280.1,280.0,,,,BELOW_VA,-0.65,-1.15,-0.65,0.33,2.0,0.906,True,val,280.75,0.65,ACCEPTANCE,DOWN,0.25,True,True,False,,S2,280.0,280.4,0.4,1.0,7.0,1,
NATURALGAS,2026-09-02,CHOP,2026-09-02T08:20:00Z,BUY,280.8,280.8,280.2,280.0,,,,AT_POC,0.05,-0.45,0.55,0.75,2.0,0.966,True,prior_frac_hi,280.4,0.4,ACCEPTANCE,UP,0.33,True,True,False,,S0,280.8,280.2,0.6,0.17,2.33,4,0.75
NATURALGAS,2026-09-02,CHOP,2026-09-02T08:20:00Z,BUY,280.8,280.8,280.2,280.0,,,,AT_POC,0.05,-0.45,0.55,0.75,2.0,0.966,True,prior_frac_hi,280.4,0.4,ACCEPTANCE,UP,0.33,True,True,False,,S2,280.9,280.7,0.2,0.0,6.5,0,1.75
NATURALGAS,2026-09-02,CHOP,2026-09-02T08:20:00Z,SELL,280.8,280.8,280.2,280.0,,,,AT_POC,0.05,-0.45,0.55,0.75,2.0,0.966,True,poc,280.75,0.55,REJECTION,UP,0.33,True,False,False,,S0,280.8,280.8,0.0,,,,
NATURALGAS,2026-09-02,CHOP,2026-09-02T09:40:00Z,BUY,281.0,281.1,280.5,280.0,,,,UPPER_VA,0.25,-0.25,0.75,1.45,2.0,0.973,True,prior_frac_hi,280.7,0.4,MIXED,DOWN,0.75,False,True,True,2,S0,281.0,280.5,0.5,0.4,2.4,3,0.5
NATURALGAS,2026-09-02,CHOP,2026-09-02T09:40:00Z,SELL,281.0,281.1,280.5,280.0,,,,UPPER_VA,0.25,-0.25,0.75,1.45,2.0,0.973,True,poc,280.75,0.25,REJECTION,DOWN,0.75,True,False,False,,S0,281.0,281.1,0.1,2.0,38.0,0,7.0
NATURALGAS,2026-09-02,CHOP,2026-09-02T10:10:00Z,BUY,280.6,281.1,280.5,280.0,,,,AT_POC,-0.15,-0.65,0.35,0.9,2.0,0.975,True,poc,280.75,0.35,REJECTION,UP,0.33,True,False,False,,S0,280.6,280.5,0.1,3.0,16.0,1,2.0
NATURALGAS,2026-09-02,CHOP,2026-09-02T10:10:00Z,SELL,280.6,281.1,280.5,280.0,,,,AT_POC,-0.15,-0.65,0.35,0.9,2.0,0.975,True,poc,280.75,0.25,MIXED,UP,0.33,False,False,False,,S0,280.6,281.1,0.5,1.4,6.8,6,0.2
NATURALGAS,2026-09-02,CHOP,2026-09-02T10:10:00Z,SELL,280.6,281.1,280.5,280.0,,,,AT_POC,-0.15,-0.65,0.35,0.9,2.0,0.975,True,poc,280.75,0.25,MIXED,UP,0.33,False,False,False,,S2,280.6,281.1,0.5,1.4,6.8,6,0.2
NATURALGAS,2026-09-02,CHOP,2026-09-02T10:20:00Z,BUY,280.1,280.7,280.1,280.0,,,,BELOW_VA,-0.65,-1.15,-0.15,1.48,2.0,0.902,False,,,,NA,UP,0.0,True,False,False,,S0,280.1,280.1,0.0,,,,
NATURALGAS,2026-09-02,CHOP,2026-09-02T10:20:00Z,SELL,280.1,280.7,280.1,280.0,,,,BELOW_VA,-0.65,-1.15,-0.15,1.48,2.0,0.902,True,poc,280.75,0.65,ACCEPTANCE,UP,0.0,True,False,False,,S0,280.1,280.7,0.6,0.33,4.83,1,
NATURALGAS,2026-09-02,CHOP,2026-09-02T10:20:00Z,SELL,280.1,280.7,280.1,280.0,,,,BELOW_VA,-0.65,-1.15,-0.15,1.48,2.0,0.902,True,poc,280.75,0.65,ACCEPTANCE,UP,0.0,True,False,False,,S2,280.1,280.4,0.3,0.67,9.67,0,
NATURALGAS,2026-09-02,CHOP,2026-09-02T10:25:00Z,BUY,280.1,280.4,280.1,280.0,,,,BELOW_VA,-0.65,-1.15,-0.15,1.9,1.0,0.373,False,,,,NA,UP,0.6,True,True,False,,S0,280.1,280.1,0.0,,,,
NATURALGAS,2026-09-02,CHOP,2026-09-02T10:25:00Z,SELL,280.1,280.4,280.1,280.0,,,,BELOW_VA,-0.65,-1.15,-0.15,1.9,1.0,0.373,True,poc,280.75,0.65,MIXED,UP,0.6,False,True,False,,S0,280.1,280.4,0.3,0.67,9.67,0,
NATURALGAS,2026-09-02,CHOP,2026-09-02T10:25:00Z,SELL,280.1,280.4,280.1,280.0,,,,BELOW_VA,-0.65,-1.15,-0.15,1.9,1.0,0.373,True,poc,280.75,0.65,MIXED,UP,0.6,False,True,False,,S2,280.1,280.4,0.3,0.67,9.67,0,
NATURALGAS,2026-09-02,CHOP,2026-09-02T10:30:00Z,BUY,280.7,280.9,279.9,280.0,,,,AT_POC,-0.05,-0.05,0.45,2.74,3.33,0.988,True,vah,280.75,0.15,REJECTION,DOWN,0.33,False,False,True,2,S0,280.7,279.9,0.8,1.13,1.87,7,0.06
NATURALGAS,2026-09-02,CHOP,2026-09-02T10:30:00Z,SELL,280.7,280.9,279.9,280.0,,,,AT_POC,-0.05,-0.05,0.45,2.74,3.33,0.988,True,poc,280.75,0.85,ACCEPTANCE,DOWN,0.33,True,False,False,,S0,280.7,280.9,0.2,2.0,17.5,2,2.25
NATURALGAS,2026-09-02,CHOP,2026-09-02T10:45:00Z,BUY,281.2,281.5,280.3,280.0,12.65,13643750.0,51250.0,ABOVE_VA,0.45,0.45,0.95,3.81,4.0,0.989,True,vah,280.75,0.75,ACCEPTANCE,DOWN,0.25,True,True,False,,S0,281.2,280.3,0.9,0.44,1.11,1,
NATURALGAS,2026-09-02,CHOP,2026-09-02T10:45:00Z,SELL,281.2,281.5,280.3,280.0,12.15,10827500.0,42500.0,ABOVE_VA,0.45,0.45,0.95,3.81,4.0,0.989,True,poc,280.75,0.45,REJECTION,DOWN,0.25,False,False,False,,S0,281.2,281.5,0.3,0.0,13.33,0,3.17
NATURALGAS,2026-09-02,CHOP,2026-09-02T10:45:00Z,SELL,281.2,281.5,280.3,280.0,12.15,10827500.0,42500.0,ABOVE_VA,0.45,0.45,0.95,3.81,4.0,0.989,True,poc,280.75,0.45,REJECTION,DOWN,0.25,False,False,False,,S2,281.3,281.6,0.3,13.67,13.67,51,3.5
NATURALGAS,2026-09-02,CHOP,2026-09-02T10:55:00Z,BUY,280.4,281.5,280.2,280.0,13.2,13825000.0,351250.0,LOWER_VA,-0.35,-0.85,0.15,3.7,4.33,0.989,True,vah,281.25,0.25,REJECTION,DOWN,0.2,False,False,False,,S0,280.4,280.2,0.2,1.0,9.0,0,2.5
NATURALGAS,2026-09-02,CHOP,2026-09-02T10:55:00Z,SELL,280.4,281.5,280.2,280.0,11.9,11677500.0,246250.0,LOWER_VA,-0.35,-0.85,0.15,3.7,4.33,0.989,True,poc,280.75,0.55,ACCEPTANCE,DOWN,0.2,True,True,False,,S0,280.4,281.5,1.1,2.91,2.91,47,0.09
NATURALGAS,2026-09-02,CHOP,2026-09-02T10:55:00Z,SELL,280.4,281.5,280.2,280.0,11.9,11677500.0,246250.0,LOWER_VA,-0.35,-0.85,0.15,3.7,4.33,0.989,True,poc,280.75,0.55,ACCEPTANCE,DOWN,0.2,True,True,False,,S2,280.1,280.6,0.5,2.0,5.8,1,
NATURALGAS,2026-09-02,CHOP,2026-09-02T11:00:00Z,BUY,280.1,280.6,280.1,280.0,12.7,14198750.0,373750.0,BELOW_VA,-0.65,-1.15,-0.15,2.29,1.67,0.856,False,,,,NA,UP,0.0,True,False,False,,S0,280.1,280.1,0.0,,,,
NATURALGAS,2026-09-02,CHOP,2026-09-02T11:00:00Z,SELL,280.1,280.6,280.1,280.0,12.3,11363750.0,-313750.0,BELOW_VA,-0.65,-1.15,-0.15,2.29,1.67,0.856,True,poc,280.75,0.65,ACCEPTANCE,UP,0.0,True,False,False,,S0,280.1,280.6,0.5,2.0,5.8,1,
NATURALGAS,2026-09-02,CHOP,2026-09-02T11:00:00Z,SELL,280.1,280.6,280.1,280.0,12.3,11363750.0,-313750.0,BELOW_VA,-0.65,-1.15,-0.15,2.29,1.67,0.856,True,poc,280.75,0.65,ACCEPTANCE,UP,0.0,True,False,False,,S2,280.1,280.6,0.5,2.0,5.8,1,
NATURALGAS,2026-09-02,CHOP,2026-09-02T11:10:00Z,BUY,279.2,280.6,279.1,280.0,12.5,14300000.0,80000.0,BELOW_VA,-1.55,-2.05,-1.05,4.43,5.0,0.989,False,,,,NA,UP,0.0,True,False,False,,S0,279.2,279.1,0.1,3.0,30.0,0,20.5
NATURALGAS,2026-09-02,CHOP,2026-09-02T11:10:00Z,BUY,279.2,280.6,279.1,280.0,12.5,14300000.0,80000.0,BELOW_VA,-1.55,-2.05,-1.05,4.43,5.0,0.989,False,,,,NA,UP,0.0,True,False,False,,S2,279.3,278.7,0.6,0.83,4.83,1,3.25
NATURALGAS,2026-09-02,CHOP,2026-09-02T11:10:00Z,SELL,279.2,280.6,279.1,280.0,12.4,11621250.0,268750.0,BELOW_VA,-1.55,-2.05,-1.05,4.43,5.0,0.989,True,poc,280.75,1.65,MIXED,UP,0.0,False,True,True,2,S0,279.2,280.6,1.4,1.43,1.43,35,
NATURALGAS,2026-09-02,CHOP,2026-09-02T11:10:00Z,SELL,279.2,280.6,279.1,280.0,12.4,11621250.0,268750.0,BELOW_VA,-1.55,-2.05,-1.05,4.43,5.0,0.989,True,poc,280.75,1.65,MIXED,UP,0.0,False,True,True,2,S2,279.0,279.8,0.8,0.87,2.25,3,
NATURALGAS,2026-09-02,CHOP,2026-09-02T11:15:00Z,BUY,279.3,279.5,278.7,280.0,12.0,14383750.0,83750.0,BELOW_VA,-1.45,-1.95,-0.95,4.38,2.67,0.935,False,,,,NA,DOWN,0.33,False,True,False,,S0,279.3,278.7,0.6,0.83,4.83,1,3.25
NATURALGAS,2026-09-02,CHOP,2026-09-02T11:15:00Z,BUY,279.3,279.5,278.7,280.0,12.0,14383750.0,83750.0,BELOW_VA,-1.45,-1.95,-0.95,4.38,2.67,0.935,False,,,,NA,DOWN,0.33,False,True,False,,S2,279.3,278.7,0.6,0.83,4.83,1,3.25
NATURALGAS,2026-09-02,CHOP,2026-09-02T11:15:00Z,SELL,279.3,279.5,278.7,280.0,12.85,11775000.0,153750.0,BELOW_VA,-1.45,-1.95,-0.95,4.38,2.67,0.935,True,poc,280.75,2.05,ACCEPTANCE,DOWN,0.33,True,False,False,,S0,279.3,279.5,0.2,2.0,10.5,0,
NATURALGAS,2026-09-02,CHOP,2026-09-02T11:15:00Z,SELL,279.3,279.5,278.7,280.0,12.85,11775000.0,153750.0,BELOW_VA,-1.45,-1.95,-0.95,4.38,2.67,0.935,True,poc,280.75,2.05,ACCEPTANCE,DOWN,0.33,True,False,False,,S2,279.0,279.8,0.8,0.87,2.25,3,
NATURALGAS,2026-09-02,CHOP,2026-09-02T11:20:00Z,BUY,279.0,279.8,278.9,280.0,12.2,14370000.0,-13750.0,BELOW_VA,-1.75,-2.25,-1.25,3.02,3.0,0.936,False,,,,NA,DOWN,0.43,False,False,False,,S0,279.0,278.9,0.1,0.0,32.0,0,16.0
NATURALGAS,2026-09-02,CHOP,2026-09-02T11:20:00Z,SELL,279.0,279.8,278.9,280.0,12.8,11553750.0,-221250.0,BELOW_VA,-1.75,-2.25,-1.25,3.02,3.0,0.936,True,poc,280.75,1.85,ACCEPTANCE,DOWN,0.43,True,True,False,,S0,279.0,279.8,0.8,0.87,2.25,3,
NATURALGAS,2026-09-02,CHOP,2026-09-02T11:20:00Z,SELL,279.0,279.8,278.9,280.0,12.8,11553750.0,-221250.0,BELOW_VA,-1.75,-2.25,-1.25,3.02,3.0,0.936,True,poc,280.75,1.85,ACCEPTANCE,DOWN,0.43,True,True,False,,S2,279.0,279.8,0.8,0.87,2.25,3,
NATURALGAS,2026-09-02,CHOP,2026-09-02T11:25:00Z,BUY,278.7,279.0,278.3,280.0,12.0,14891250.0,521250.0,BELOW_VA,-2.05,-2.55,-1.55,3.65,2.33,0.916,False,,,,NA,UP,0.11,True,True,False,,S0,278.7,278.3,0.4,1.25,8.75,0,4.75
NATURALGAS,2026-09-02,CHOP,2026-09-02T11:25:00Z,SELL,278.7,279.0,278.3,280.0,12.95,11556250.0,2500.0,BELOW_VA,-2.05,-2.55,-1.55,3.65,2.33,0.916,True,poc,280.75,2.45,MIXED,UP,0.11,False,False,False,,S0,278.7,279.0,0.3,1.33,5.0,0,
NATURALGAS,2026-09-02,CHOP,2026-09-02T11:30:00Z,BUY,278.8,279.2,278.3,280.0,11.85,15086250.0,195000.0,BELOW_VA,-1.95,-2.45,-1.45,3.08,3.0,0.927,False,,,,NA,UP,0.9,True,True,False,,S0,278.8,278.3,0.5,2.8,6.8,3,2.0
NATURALGAS,2026-09-02,CHOP,2026-09-02T11:30:00Z,SELL,278.8,279.2,278.3,280.0,13.0,11703750.0,147500.0,BELOW_VA,-1.95,-2.45,-1.45,3.08,3.0,0.927,True,poc,280.75,2.45,MIXED,UP,0.9,False,False,False,,S0,278.8,279.2,0.4,1.0,4.0,0,0.25
NATURALGAS,2026-09-02,CHOP,2026-09-02T11:35:00Z,BUY,279.4,279.4,278.4,280.0,11.85,15543750.0,457500.0,BELOW_VA,-1.35,-1.85,-0.85,1.59,3.33,0.959,False,,,,NA,UP,0.67,True,True,False,,S0,279.4,278.4,1.0,0.8,2.8,2,0.4
NATURALGAS,2026-09-02,CHOP,2026-09-02T11:35:00Z,SELL,279.4,279.4,278.4,280.0,13.05,11793750.0,90000.0,BELOW_VA,-1.35,-1.85,-0.85,1.59,3.33,0.959,True,poc,280.75,2.35,MIXED,UP,0.67,False,False,False,,S0,279.4,279.4,0.0,,,,
NATURALGAS,2026-09-02,CHOP,2026-09-02T11:40:00Z,BUY,280.0,280.1,279.2,280.0,,,,BELOW_VA,-0.75,-1.25,-0.25,3.12,2.57,0.929,True,prior_frac_hi,279.8,0.3,REJECTION,DOWN,0.8,False,True,False,,S0,280.0,279.2,0.8,0.25,2.75,0,1.56
NATURALGAS,2026-09-02,CHOP,2026-09-02T11:40:00Z,SELL,280.0,280.1,279.2,280.0,,,,BELOW_VA,-0.75,-1.25,-0.25,3.12,2.57,0.929,True,poc,280.75,1.55,ACCEPTANCE,DOWN,0.8,True,False,False,,S0,280.0,280.1,0.1,8.0,28.0,0,17.0
NATURALGAS,2026-09-02,CHOP,2026-09-02T11:45:00Z,BUY,279.2,280.2,279.2,280.0,12.45,15515000.0,,BELOW_VA,-1.55,-2.05,-1.05,1.55,2.5,0.96,False,,,,NA,DOWN,0.61,False,False,False,,S0,279.2,279.2,0.0,,,,
NATURALGAS,2026-09-02,CHOP,2026-09-02T11:45:00Z,SELL,279.2,280.2,279.2,280.0,12.4,11711250.0,,BELOW_VA,-1.55,-2.05,-1.05,1.55,2.5,0.96,True,poc,280.75,1.55,ACCEPTANCE,DOWN,0.61,True,True,False,,S0,279.2,280.2,1.0,2.0,2.0,28,0.9
NATURALGAS,2026-09-02,CHOP,2026-09-02T11:50:00Z,BUY,278.3,279.9,278.1,280.0,12.1,15621250.0,106250.0,BELOW_VA,-2.45,-2.95,-1.95,3.51,4.5,0.99,True,prior_frac_hi,279.8,0.1,REJECTION,DOWN,0.5,False,False,False,,S0,278.3,278.1,0.2,2.5,19.5,0,7.5
NATURALGAS,2026-09-02,CHOP,2026-09-02T11:50:00Z,SELL,278.3,279.9,278.1,280.0,12.85,11726250.0,15000.0,BELOW_VA,-2.45,-2.95,-1.95,3.51,4.5,0.99,True,poc,280.75,2.65,ACCEPTANCE,DOWN,0.5,True,True,False,,S0,278.3,279.9,1.6,0.69,0.69,6,
NATURALGAS,2026-09-02,CHOP,2026-09-02T11:55:00Z,BUY,277.6,278.8,277.4,280.0,11.65,15547500.0,-73750.0,BELOW_VA,-3.15,-3.65,-2.15,7.0,3.5,0.97,False,,,,NA,UP,0.55,True,False,False,,S0,277.6,277.4,0.2,4.5,23.0,0,13.0
NATURALGAS,2026-09-02,CHOP,2026-09-02T11:55:00Z,BUY,277.6,278.8,277.4,280.0,11.65,15547500.0,-73750.0,BELOW_VA,-3.15,-3.65,-2.15,7.0,3.5,0.97,False,,,,NA,UP,0.55,True,False,False,,S2,277.8,277.2,0.6,7.33,7.33,,4.0
NATURALGAS,2026-09-02,CHOP,2026-09-02T11:55:00Z,SELL,277.6,278.8,277.4,280.0,13.25,11780000.0,53750.0,BELOW_VA,-3.15,-3.65,-2.15,7.0,3.5,0.97,True,poc,280.75,3.35,MIXED,UP,0.55,False,False,False,,S0,277.6,278.8,1.2,0.33,0.33,2,
NATURALGAS,2026-09-02,CHOP,2026-09-02T12:00:00Z,BUY,278.2,278.5,277.4,280.0,11.3,16021250.0,473750.0,BELOW_VA,-2.55,-3.05,-1.55,3.64,2.75,0.941,False,,,,NA,DOWN,0.3,False,False,False,,S0,278.2,277.4,0.8,0.0,5.0,0,2.5
NATURALGAS,2026-09-02,CHOP,2026-09-02T12:00:00Z,BUY,278.2,278.5,277.4,280.0,11.3,16021250.0,473750.0,BELOW_VA,-2.55,-3.05,-1.55,3.64,2.75,0.941,False,,,,NA,DOWN,0.3,False,False,False,,S2,277.8,277.2,0.6,7.33,7.33,,4.0
NATURALGAS,2026-09-02,CHOP,2026-09-02T12:00:00Z,SELL,278.2,278.5,277.4,280.0,13.7,12053750.0,273750.0,BELOW_VA,-2.55,-3.05,-1.55,3.64,2.75,0.941,True,poc,280.75,3.35,ACCEPTANCE,DOWN,0.3,True,True,False,,S0,278.2,278.5,0.3,3.33,3.33,1,
NATURALGAS,2026-09-02,CHOP,2026-09-02T12:05:00Z,BUY,277.8,278.2,277.2,280.0,11.65,16333750.0,312500.0,BELOW_VA,-2.95,-3.45,-1.95,2.34,2.5,0.932,False,,,,NA,UP,0.95,True,True,False,,S0,277.8,277.2,0.6,7.33,7.33,,4.0
NATURALGAS,2026-09-02,CHOP,2026-09-02T12:05:00Z,BUY,277.8,278.2,277.2,280.0,11.65,16333750.0,312500.0,BELOW_VA,-2.95,-3.45,-1.95,2.34,2.5,0.932,False,,,,NA,UP,0.95,True,True,False,,S2,277.8,277.2,0.6,7.33,7.33,,4.0
NATURALGAS,2026-09-02,CHOP,2026-09-02T12:05:00Z,SELL,277.8,278.2,277.2,280.0,13.25,12106250.0,52500.0,BELOW_VA,-2.95,-3.45,-1.95,2.34,2.5,0.932,True,poc,280.75,3.55,MIXED,UP,0.95,False,False,False,,S0,277.8,278.2,0.4,0.0,1.25,0,1.0
NATURALGAS,2026-09-02,CHOP,2026-09-02T12:10:00Z,BUY,279.6,279.7,277.8,280.0,11.45,16656250.0,322500.0,LOWER_VA,-1.15,-1.65,0.35,3.38,4.75,0.99,False,,,,NA,DOWN,0.83,False,False,True,2,S0,279.6,277.8,1.8,0.22,1.44,8,0.33
NATURALGAS,2026-09-02,CHOP,2026-09-02T12:10:00Z,SELL,279.6,279.7,277.8,280.0,13.55,12137500.0,31250.0,LOWER_VA,-1.15,-1.65,0.35,3.38,4.75,0.99,True,poc,280.75,2.95,ACCEPTANCE,DOWN,0.83,True,False,False,,S0,279.6,279.7,0.1,5.0,23.0,0,3.5
NATURALGAS,2026-09-02,CHOP,2026-09-02T12:15:00Z,BUY,279.1,279.7,279.1,280.0,12.25,15861250.0,-795000.0,BELOW_VA,-1.65,-2.15,-0.15,2.36,1.5,0.771,False,,,,NA,UP,0.43,True,False,False,,S0,279.1,279.1,0.0,,,,
NATURALGAS,2026-09-02,CHOP,2026-09-02T12:15:00Z,SELL,279.1,279.7,279.1,280.0,12.65,11880000.0,-257500.0,BELOW_VA,-1.65,-2.15,-0.15,2.36,1.5,0.771,True,poc,280.75,1.65,MIXED,UP,0.43,False,True,False,,S0,279.1,279.7,0.6,0.17,3.0,0,3.17
NATURALGAS,2026-09-02,CHOP,2026-09-02T12:25:00Z,BUY,279.8,279.9,279.0,280.0,12.35,15942500.0,-43750.0,LOWER_VA,-0.95,-1.45,0.55,1.15,2.25,0.86,True,prior_frac_hi,279.7,0.2,REJECTION,DOWN,0.5,False,True,True,2,S0,279.8,279.0,0.8,0.25,3.0,3,1.81
NATURALGAS,2026-09-02,CHOP,2026-09-02T12:25:00Z,SELL,279.8,279.9,279.0,280.0,12.6,12266250.0,178750.0,LOWER_VA,-0.95,-1.45,0.55,1.15,2.25,0.86,True,poc,280.75,1.75,ACCEPTANCE,DOWN,0.5,True,False,False,,S0,279.8,279.9,0.1,6.0,25.0,0,5.5
NATURALGAS,2026-09-02,CHOP,2026-09-02T12:25:00Z,SELL,279.8,279.9,279.0,280.0,12.6,12266250.0,178750.0,LOWER_VA,-0.95,-1.45,0.55,1.15,2.25,0.86,True,poc,280.75,1.75,ACCEPTANCE,DOWN,0.5,True,False,False,,S2,279.3,279.7,0.4,0.25,5.0,0,0.13
NATURALGAS,2026-09-02,CHOP,2026-09-02T12:30:00Z,BUY,279.5,280.0,279.2,280.0,12.2,15947500.0,5000.0,LOWER_VA,-1.25,-1.75,0.25,1.42,2.0,0.843,False,,,,NA,DOWN,0.33,False,False,False,,S0,279.5,279.2,0.3,0.67,9.0,0,0.67
NATURALGAS,2026-09-02,CHOP,2026-09-02T12:30:00Z,SELL,279.5,280.0,279.2,280.0,12.7,12321250.0,55000.0,LOWER_VA,-1.25,-1.75,0.25,1.42,2.0,0.843,True,poc,280.75,1.55,ACCEPTANCE,DOWN,0.33,True,True,False,,S0,279.5,280.0,0.5,2.0,4.4,2,0.5
NATURALGAS,2026-09-02,CHOP,2026-09-02T12:30:00Z,SELL,279.5,280.0,279.2,280.0,12.7,12321250.0,55000.0,LOWER_VA,-1.25,-1.75,0.25,1.42,2.0,0.843,True,poc,280.75,1.55,ACCEPTANCE,DOWN,0.33,True,True,False,,S2,279.3,279.7,0.4,0.25,5.0,0,0.13
NATURALGAS,2026-09-02,CHOP,2026-09-02T12:45:00Z,BUY,278.5,280.0,278.5,280.0,12.2,16367500.0,36250.0,BELOW_VA,-2.25,-2.75,-0.75,1.86,3.75,0.973,False,,,,NA,DOWN,0.2,False,False,False,,S0,278.5,278.5,0.0,,,,
NATURALGAS,2026-09-02,CHOP,2026-09-02T12:45:00Z,SELL,278.5,280.0,278.5,280.0,12.65,12491250.0,75000.0,BELOW_VA,-2.25,-2.75,-0.75,1.86,3.75,0.973,True,poc,280.75,2.25,ACCEPTANCE,DOWN,0.2,True,True,False,,S0,278.5,280.0,1.5,0.8,0.8,16,
NATURALGAS,2026-09-02,CHOP,2026-09-02T12:45:00Z,SELL,278.5,280.0,278.5,280.0,12.65,12491250.0,75000.0,BELOW_VA,-2.25,-2.75,-0.75,1.86,3.75,0.973,True,poc,280.75,2.25,ACCEPTANCE,DOWN,0.2,True,True,False,,S2,278.4,279.1,0.7,1.57,1.57,4,
NATURALGAS,2026-09-02,CHOP,2026-09-02T12:50:00Z,BUY,278.4,279.1,278.1,280.0,11.75,16480000.0,112500.0,BELOW_VA,-2.35,-2.85,-0.85,2.08,2.5,0.92,False,,,,NA,DOWN,0.8,False,False,False,,S0,278.4,278.1,0.3,0.33,12.67,0,5.33
NATURALGAS,2026-09-02,CHOP,2026-09-02T12:50:00Z,BUY,278.4,279.1,278.1,280.0,11.75,16480000.0,112500.0,BELOW_VA,-2.35,-2.85,-0.85,2.08,2.5,0.92,False,,,,NA,DOWN,0.8,False,False,False,,S2,278.3,277.7,0.6,0.17,6.5,0,2.83
NATURALGAS,2026-09-02,CHOP,2026-09-02T12:50:00Z,SELL,278.4,279.1,278.1,280.0,13.05,12410000.0,-81250.0,BELOW_VA,-2.35,-2.85,-0.85,2.08,2.5,0.92,True,poc,280.75,2.65,ACCEPTANCE,DOWN,0.8,True,True,True,2,S0,278.4,279.1,0.7,1.57,1.57,4,
NATURALGAS,2026-09-02,CHOP,2026-09-02T12:50:00Z,SELL,278.4,279.1,278.1,280.0,13.05,12410000.0,-81250.0,BELOW_VA,-2.35,-2.85,-0.85,2.08,2.5,0.92,True,poc,280.75,2.65,ACCEPTANCE,DOWN,0.8,True,True,True,2,S2,278.4,279.1,0.7,1.57,1.57,4,
NATURALGAS,2026-09-02,CHOP,2026-09-02T12:55:00Z,BUY,277.7,278.5,277.5,280.0,11.6,16776250.0,296250.0,BELOW_VA,-3.05,-3.55,-1.55,3.38,2.5,0.92,False,,,,NA,UP,0.2,True,True,False,,S0,277.7,277.5,0.2,5.0,22.5,1,11.5
NATURALGAS,2026-09-02,CHOP,2026-09-02T12:55:00Z,BUY,277.7,278.5,277.5,280.0,11.6,16776250.0,296250.0,BELOW_VA,-3.05,-3.55,-1.55,3.38,2.5,0.92,False,,,,NA,UP,0.2,True,True,False,,S2,278.3,277.7,0.6,0.17,6.5,0,2.83
NATURALGAS,2026-09-02,CHOP,2026-09-02T12:55:00Z,SELL,277.7,278.5,277.5,280.0,13.2,12571250.0,161250.0,BELOW_VA,-3.05,-3.55,-1.55,3.38,2.5,0.92,True,poc,280.75,3.25,MIXED,UP,0.2,False,False,False,,S0,277.7,278.5,0.8,0.0,0.5,0,
NATURALGAS,2026-09-02,CHOP,2026-09-02T13:00:00Z,BUY,278.3,278.7,277.7,280.0,11.35,17612500.0,836250.0,BELOW_VA,-2.45,-2.95,-0.95,3.37,2.5,0.921,False,,,,NA,UP,0.0,True,False,False,,S0,278.3,277.7,0.6,0.17,6.5,0,2.83
NATURALGAS,2026-09-02,CHOP,2026-09-02T13:00:00Z,BUY,278.3,278.7,277.7,280.0,11.35,17612500.0,836250.0,BELOW_VA,-2.45,-2.95,-0.95,3.37,2.5,0.921,False,,,,NA,UP,0.0,True,False,False,,S2,278.3,277.7,0.6,0.17,6.5,0,2.83
NATURALGAS,2026-09-02,CHOP,2026-09-02T13:00:00Z,SELL,278.3,278.7,277.7,280.0,13.5,12788750.0,217500.0,BELOW_VA,-2.45,-2.95,-0.95,3.37,2.5,0.921,True,poc,280.75,3.05,MIXED,UP,0.0,False,True,False,,S0,278.3,278.7,0.4,2.5,2.5,1,
NATURALGAS,2026-09-02,CHOP,2026-09-02T13:05:00Z,BUY,278.4,278.4,277.3,280.0,11.7,17710000.0,97500.0,BELOW_VA,-2.35,-2.35,-0.35,2.68,2.75,0.922,False,,,,NA,UP,0.57,True,True,False,,S0,278.4,277.3,1.1,3.45,3.45,,1.45
NATURALGAS,2026-09-02,CHOP,2026-09-02T13:05:00Z,BUY,278.4,278.4,277.3,280.0,11.7,17710000.0,97500.0,BELOW_VA,-2.35,-2.35,-0.35,2.68,2.75,0.922,False,,,,NA,UP,0.57,True,True,False,,S2,278.4,277.3,1.1,3.45,3.45,,1.45
NATURALGAS,2026-09-02,CHOP,2026-09-02T13:05:00Z,SELL,278.4,278.4,277.3,280.0,13.2,12700000.0,-88750.0,BELOW_VA,-2.35,-2.35,-0.35,2.68,2.75,0.922,True,poc,280.75,3.45,MIXED,UP,0.57,False,False,False,,S0,278.4,278.4,0.0,,,,
NATURALGAS,2026-09-02,CHOP,2026-09-02T13:05:00Z,SELL,278.4,278.4,277.3,280.0,13.2,12700000.0,-88750.0,BELOW_VA,-2.35,-2.35,-0.35,2.68,2.75,0.922,True,poc,280.75,3.45,MIXED,UP,0.57,False,False,False,,S2,279.0,279.6,0.6,1.17,2.0,2,0.42
NATURALGAS,2026-09-02,CHOP,2026-09-02T13:15:00Z,BUY,279.0,279.6,278.6,280.0,11.8,17978750.0,-76250.0,LOWER_VA,-1.75,-1.75,0.25,2.43,2.5,0.915,True,prior_frac_hi,278.7,0.9,ACCEPTANCE,UP,0.2,True,False,False,,S0,279.0,278.6,0.4,1.25,8.0,1,4.38
NATURALGAS,2026-09-02,CHOP,2026-09-02T13:15:00Z,BUY,279.0,279.6,278.6,280.0,11.8,17978750.0,-76250.0,LOWER_VA,-1.75,-1.75,0.25,2.43,2.5,0.915,True,prior_frac_hi,278.7,0.9,ACCEPTANCE,UP,0.2,True,False,False,,S2,279.2,278.8,0.4,0.75,7.5,0,3.88
NATURALGAS,2026-09-02,CHOP,2026-09-02T13:15:00Z,SELL,279.0,279.6,278.6,280.0,13.0,13060000.0,60000.0,LOWER_VA,-1.75,-1.75,0.25,2.43,2.5,0.915,True,poc,280.75,2.15,MIXED,UP,0.2,False,False,False,,S0,279.0,279.6,0.6,1.17,2.0,2,0.42
NATURALGAS,2026-09-02,CHOP,2026-09-02T13:15:00Z,SELL,279.0,279.6,278.6,280.0,13.0,13060000.0,60000.0,LOWER_VA,-1.75,-1.75,0.25,2.43,2.5,0.915,True,poc,280.75,2.15,MIXED,UP,0.2,False,False,False,,S2,279.0,279.6,0.6,1.17,2.0,2,0.42
NATURALGAS,2026-09-02,CHOP,2026-09-02T13:25:00Z,BUY,278.4,279.5,278.3,280.0,12.15,17666250.0,-12500.0,BELOW_VA,-2.35,-2.35,-0.35,1.38,3.0,0.941,False,,,,NA,UP,0.64,True,True,False,,S0,278.4,278.3,0.1,12.0,38.0,1,12.0
NATURALGAS,2026-09-02,CHOP,2026-09-02T13:25:00Z,SELL,278.4,279.5,278.3,280.0,12.7,12786250.0,-40000.0,BELOW_VA,-2.35,-2.35,-0.35,1.38,3.0,0.941,True,poc,280.75,2.45,MIXED,UP,0.64,False,False,False,,S0,278.4,279.5,1.1,0.0,0.55,0,1.0
NATURALGAS,2026-09-02,CHOP,2026-09-02T13:30:00Z,BUY,279.2,279.6,278.5,280.0,11.7,17835000.0,168750.0,LOWER_VA,-1.55,-1.55,0.45,1.3,2.75,0.925,False,,,,NA,DOWN,0.8,False,False,False,,S0,279.2,278.5,0.7,0.0,4.29,0,0.57
NATURALGAS,2026-09-02,CHOP,2026-09-02T13:30:00Z,SELL,279.2,279.6,278.5,280.0,13.2,12803750.0,17500.0,LOWER_VA,-1.55,-1.55,0.45,1.3,2.75,0.925,True,poc,280.75,2.25,ACCEPTANCE,DOWN,0.8,True,True,False,,S0,279.2,279.6,0.4,3.5,3.5,6,1.12
NATURALGAS,2026-09-02,CHOP,2026-09-02T13:30:00Z,SELL,279.2,279.6,278.5,280.0,13.2,12803750.0,17500.0,LOWER_VA,-1.55,-1.55,0.45,1.3,2.75,0.925,True,poc,280.75,2.25,ACCEPTANCE,DOWN,0.8,True,True,False,,S2,278.0,278.6,0.6,0.0,0.0,0,1.17
NATURALGAS,2026-09-02,CHOP,2026-09-02T13:35:00Z,BUY,278.3,279.1,278.1,280.0,12.15,17566250.0,-268750.0,BELOW_VA,-2.45,-2.45,-0.45,1.29,2.5,0.901,False,,,,NA,DOWN,0.38,False,False,False,,S0,278.3,278.1,0.2,1.5,19.5,0,6.5
NATURALGAS,2026-09-02,CHOP,2026-09-02T13:35:00Z,SELL,278.3,279.1,278.1,280.0,12.75,12883750.0,80000.0,BELOW_VA,-2.45,-2.45,-0.45,1.29,2.5,0.901,True,poc,280.75,2.65,ACCEPTANCE,DOWN,0.38,True,True,False,,S0,278.3,279.1,0.8,0.62,0.62,2,
NATURALGAS,2026-09-02,CHOP,2026-09-02T13:35:00Z,SELL,278.3,279.1,278.1,280.0,12.75,12883750.0,80000.0,BELOW_VA,-2.45,-2.45,-0.45,1.29,2.5,0.901,True,poc,280.75,2.65,ACCEPTANCE,DOWN,0.38,True,True,False,,S2,278.0,278.6,0.6,0.0,0.0,0,
NATURALGAS,2026-09-02,CHOP,2026-09-02T13:40:00Z,BUY,278.0,278.6,277.8,280.0,11.5,17925000.0,358750.0,BELOW_VA,-2.75,-2.75,-0.75,1.43,2.0,0.787,False,,,,NA,UP,0.62,True,True,False,,S0,278.0,277.8,0.2,21.0,21.0,,8.0
NATURALGAS,2026-09-02,CHOP,2026-09-02T13:40:00Z,SELL,278.0,278.6,277.8,280.0,13.3,12822500.0,-61250.0,BELOW_VA,-2.75,-2.75,-0.75,1.43,2.0,0.787,True,poc,280.75,2.95,MIXED,UP,0.62,False,False,False,,S0,278.0,278.6,0.6,0.0,0.0,0,
NATURALGAS,2026-09-02,CHOP,2026-09-02T13:40:00Z,SELL,278.0,278.6,277.8,280.0,13.3,12822500.0,-61250.0,BELOW_VA,-2.75,-2.75,-0.75,1.43,2.0,0.787,True,poc,280.75,2.95,MIXED,UP,0.62,False,False,False,,S2,278.0,278.6,0.6,0.0,0.0,0,
NATURALGAS,2026-09-02,CHOP,2026-09-02T13:45:00Z,BUY,278.6,278.8,278.0,280.0,11.4,18143750.0,218750.0,BELOW_VA,-2.15,-2.15,-0.15,0.66,2.0,0.789,False,,,,NA,UP,0.57,True,True,False,,S0,278.6,278.0,0.6,6.0,6.0,,1.67
NATURALGAS,2026-09-02,CHOP,2026-09-02T13:45:00Z,SELL,278.6,278.8,278.0,280.0,13.3,12918750.0,96250.0,BELOW_VA,-2.15,-2.15,-0.15,0.66,2.0,0.789,True,poc,280.75,2.75,MIXED,UP,0.57,False,False,False,,S0,278.6,278.8,0.2,1.0,1.0,0,1.5
NATURALGAS,2026-09-02,CHOP,2026-09-02T13:45:00Z,SELL,278.6,278.8,278.0,280.0,13.3,12918750.0,96250.0,BELOW_VA,-2.15,-2.15,-0.15,0.66,2.0,0.789,True,poc,280.75,2.75,MIXED,UP,0.57,False,False,False,,S2,278.8,279.4,0.6,0.33,0.33,1,0.08
NATURALGAS,2026-09-02,CHOP,2026-09-02T14:05:00Z,BUY,279.6,279.6,278.7,280.0,11.75,17637500.0,-72500.0,LOWER_VA,-1.15,-1.15,0.85,1.02,2.25,0.827,True,prior_frac_hi,279.4,0.2,ACCEPTANCE,UP,0.77,True,True,False,,S0,279.6,278.7,0.9,2.89,2.89,39,1.28
NATURALGAS,2026-09-02,CHOP,2026-09-02T14:05:00Z,SELL,279.6,279.6,278.7,280.0,13.05,12906250.0,13750.0,LOWER_VA,-1.15,-1.15,0.85,1.02,2.25,0.827,True,poc,280.75,2.05,MIXED,UP,0.77,False,False,False,,S0,279.6,279.6,0.0,,,,
NATURALGAS,2026-09-02,CHOP,2026-09-02T14:10:00Z,BUY,280.6,280.8,279.5,280.0,12.0,17740000.0,102500.0,AT_POC,-0.15,-0.15,1.85,4.81,3.25,0.953,True,vah,280.75,0.05,REJECTION,DOWN,0.38,False,True,False,,S0,280.6,279.5,1.1,0.27,1.45,1,0.14
NATURALGAS,2026-09-02,CHOP,2026-09-02T14:10:00Z,SELL,280.6,280.8,279.5,280.0,12.85,12886250.0,-20000.0,AT_POC,-0.15,-0.15,1.85,4.81,3.25,0.953,True,poc,280.75,1.25,ACCEPTANCE,DOWN,0.38,True,False,False,,S0,280.6,280.8,0.2,2.5,10.0,0,9.25
NATURALGAS,2026-09-02,CHOP,2026-09-02T14:15:00Z,BUY,280.4,280.9,280.1,280.0,12.7,17013750.0,-726250.0,LOWER_VA,-0.35,-0.35,1.65,2.44,2.0,0.752,True,vah,280.75,0.15,REJECTION,DOWN,0.64,False,False,False,,S0,280.4,280.1,0.3,0.0,6.0,0,1.17
NATURALGAS,2026-09-02,CHOP,2026-09-02T14:15:00Z,BUY,280.4,280.9,280.1,280.0,12.7,17013750.0,-726250.0,LOWER_VA,-0.35,-0.35,1.65,2.44,2.0,0.752,True,vah,280.75,0.15,REJECTION,DOWN,0.64,False,False,False,,S2,279.5,279.1,0.4,0.0,6.75,0,3.12
NATURALGAS,2026-09-02,CHOP,2026-09-02T14:15:00Z,SELL,280.4,280.9,280.1,280.0,12.1,13002500.0,116250.0,LOWER_VA,-0.35,-0.35,1.65,2.44,2.0,0.752,True,poc,280.75,0.65,ACCEPTANCE,DOWN,0.64,True,True,False,,S0,280.4,280.9,0.5,3.0,3.6,6,3.3
NATURALGAS,2026-09-02,CHOP,2026-09-02T14:20:00Z,BUY,279.5,280.3,279.2,280.0,12.6,16723750.0,-290000.0,LOWER_VA,-1.25,-1.25,0.75,2.51,2.75,0.923,False,,,,NA,UP,0.2,True,False,False,,S0,279.5,279.2,0.3,0.33,9.0,0,4.17
NATURALGAS,2026-09-02,CHOP,2026-09-02T14:20:00Z,BUY,279.5,280.3,279.2,280.0,12.6,16723750.0,-290000.0,LOWER_VA,-1.25,-1.25,0.75,2.51,2.75,0.923,False,,,,NA,UP,0.2,True,False,False,,S2,279.5,279.1,0.4,0.0,6.75,0,3.12
NATURALGAS,2026-09-02,CHOP,2026-09-02T14:20:00Z,SELL,279.5,280.3,279.2,280.0,12.4,13030000.0,27500.0,LOWER_VA,-1.25,-1.25,0.75,2.51,2.75,0.923,True,poc,280.75,1.55,ACCEPTANCE,UP,0.2,True,True,False,,S0,279.5,280.3,0.8,0.75,1.12,2,0.94
NATURALGAS,2026-09-02,CHOP,2026-09-02T14:35:00Z,BUY,280.2,280.3,279.0,280.0,11.95,17252500.0,126250.0,LOWER_VA,-0.55,-0.55,1.45,1.54,3.25,0.955,False,,,,NA,DOWN,0.14,True,True,True,2,S0,280.2,279.0,1.2,1.67,1.67,29,0.46
NATURALGAS,2026-09-02,CHOP,2026-09-02T14:35:00Z,SELL,280.2,280.3,279.0,280.0,12.8,12811250.0,-101250.0,LOWER_VA,-0.55,-0.55,1.45,1.54,3.25,0.955,True,poc,280.75,1.75,ACCEPTANCE,DOWN,0.14,True,False,False,,S0,280.2,280.3,0.1,4.0,16.0,0,14.5
NATURALGAS,2026-09-02,CHOP,2026-09-02T14:45:00Z,BUY,279.9,280.5,279.6,280.0,12.5,16963750.0,,LOWER_VA,-0.85,-0.85,1.15,1.8,1.8,0.793,False,,,,NA,UP,0.92,True,True,False,,S0,279.9,279.6,0.3,7.67,7.67,25,2.83
NATURALGAS,2026-09-02,CHOP,2026-09-02T14:45:00Z,BUY,279.9,280.5,279.6,280.0,12.5,16963750.0,,LOWER_VA,-0.85,-0.85,1.15,1.8,1.8,0.793,False,,,,NA,UP,0.92,True,True,False,,S2,281.4,281.0,0.4,0.25,2.0,0,
NATURALGAS,2026-09-02,CHOP,2026-09-02T14:45:00Z,SELL,279.9,280.5,279.6,280.0,12.4,12917500.0,,LOWER_VA,-0.85,-0.85,1.15,1.8,1.8,0.793,True,poc,280.75,1.15,REJECTION,UP,0.92,False,False,False,,S0,279.9,280.5,0.6,0.0,2.17,0,1.67
NATURALGAS,2026-09-02,CHOP,2026-09-02T14:50:00Z,BUY,281.2,281.3,280.1,280.0,12.2,17112500.0,148750.0,ABOVE_VA,0.45,0.45,2.45,3.71,2.4,0.934,True,prior_frac_hi,280.5,0.8,ACCEPTANCE,UP,0.4,True,True,False,,S0,281.2,280.1,1.1,0.91,0.91,23,
NATURALGAS,2026-09-02,CHOP,2026-09-02T14:50:00Z,BUY,281.2,281.3,280.1,280.0,12.2,17112500.0,148750.0,ABOVE_VA,0.45,0.45,2.45,3.71,2.4,0.934,True,prior_frac_hi,280.5,0.8,ACCEPTANCE,UP,0.4,True,True,False,,S2,281.4,281.0,0.4,0.25,2.0,0,
NATURALGAS,2026-09-02,CHOP,2026-09-02T14:50:00Z,SELL,281.2,281.3,280.1,280.0,12.55,12833750.0,-83750.0,ABOVE_VA,0.45,0.45,2.45,3.71,2.4,0.934,True,poc,280.75,0.65,REJECTION,UP,0.4,False,False,False,,S0,281.2,281.3,0.1,2.0,26.0,0,23.0
NATURALGAS,2026-09-02,CHOP,2026-09-02T14:55:00Z,BUY,281.4,281.5,281.0,280.0,13.05,16743750.0,-368750.0,ABOVE_VA,0.65,0.65,2.65,2.83,1.0,0.599,False,,,,NA,DOWN,0.6,False,False,False,,S0,281.4,281.0,0.4,0.25,2.0,0,
NATURALGAS,2026-09-02,CHOP,2026-09-02T14:55:00Z,BUY,281.4,281.5,281.0,280.0,13.05,16743750.0,-368750.0,ABOVE_VA,0.65,0.65,2.65,2.83,1.0,0.599,False,,,,NA,DOWN,0.6,False,False,False,,S2,281.4,281.0,0.4,0.25,2.0,0,
NATURALGAS,2026-09-02,CHOP,2026-09-02T14:55:00Z,SELL,281.4,281.5,281.0,280.0,11.85,13282500.0,448750.0,ABOVE_VA,0.65,0.65,2.65,2.83,1.0,0.599,False,,,,NA,DOWN,0.6,True,False,False,,S0,281.4,281.5,0.1,4.0,28.0,0,18.0
NATURALGAS,2026-09-02,CHOP,2026-09-02T15:10:00Z,BUY,281.3,281.7,281.0,280.0,12.9,16417500.0,-33750.0,ABOVE_VA,0.55,0.55,2.55,1.92,1.4,0.729,True,prior_frac_hi,281.5,0.2,REJECTION,DOWN,0.75,False,False,False,,S0,281.3,281.0,0.3,0.33,3.0,0,0.67
NATURALGAS,2026-09-02,CHOP,2026-09-02T15:10:00Z,SELL,281.3,281.7,281.0,280.0,11.9,13821250.0,47500.0,ABOVE_VA,0.55,0.55,2.55,1.92,1.4,0.729,False,,,,NA,DOWN,0.75,True,False,True,2,S0,281.3,281.7,0.4,1.0,6.75,6,4.25
NATURALGAS,2026-09-02,CHOP,2026-09-02T15:50:00Z,BUY,281.4,282.2,281.3,280.0,13.2,16416250.0,-143750.0,ABOVE_VA,0.65,0.15,2.15,2.87,1.8,0.804,False,,,,NA,DOWN,0.6,False,False,False,,S0,281.4,281.3,0.1,0.0,8.0,0,
NATURALGAS,2026-09-02,CHOP,2026-09-02T15:50:00Z,SELL,281.4,282.2,281.3,280.0,11.7,14536250.0,161250.0,ABOVE_VA,0.65,0.15,2.15,2.87,1.8,0.804,False,,,,NA,DOWN,0.6,True,True,False,,S0,281.4,282.2,0.8,1.37,3.5,9,0.5
NATURALGAS,2026-09-02,CHOP,2026-09-02T15:50:00Z,SELL,281.4,282.2,281.3,280.0,11.7,14536250.0,161250.0,ABOVE_VA,0.65,0.15,2.15,2.87,1.8,0.804,False,,,,NA,DOWN,0.6,True,True,False,,S2,281.4,282.2,0.8,1.37,3.5,9,0.5
NATURALGAS,2026-09-02,CHOP,2026-09-02T16:40:00Z,BUY,281.9,282.2,281.6,280.0,13.15,15853750.0,-63750.0,ABOVE_VA,1.15,0.65,2.65,3.15,1.2,0.646,True,prior_frac_hi,282.0,0.2,REJECTION,DOWN,0.83,False,False,False,,S0,281.9,281.6,0.3,0.0,0.0,0,0.33
NATURALGAS,2026-09-02,CHOP,2026-09-02T16:40:00Z,SELL,281.9,282.2,281.6,280.0,11.6,15118750.0,62500.0,ABOVE_VA,1.15,0.65,2.65,3.15,1.2,0.646,False,,,,NA,DOWN,0.83,True,True,False,,S0,281.9,282.2,0.3,11.0,11.0,,1.67
NATURALGAS,2026-09-02,CHOP,2026-09-02T16:50:00Z,BUY,280.1,281.5,280.1,280.0,12.95,15826250.0,-256250.0,LOWER_VA,-0.65,-1.15,1.35,2.24,2.8,0.963,False,,,,NA,DOWN,0.5,False,False,False,,S0,280.1,280.1,0.0,,,,
NATURALGAS,2026-09-02,CHOP,2026-09-02T16:50:00Z,SELL,280.1,281.5,280.1,280.0,11.7,14977500.0,-208750.0,LOWER_VA,-0.65,-1.15,1.35,2.24,2.8,0.963,True,prior_frac_lo,281.6,1.5,ACCEPTANCE,DOWN,0.5,True,True,False,,S0,280.1,281.5,1.4,1.07,1.07,,0.96
NATURALGAS,2026-09-02,CHOP,2026-09-02T16:50:00Z,SELL,280.1,281.5,280.1,280.0,11.7,14977500.0,-208750.0,LOWER_VA,-0.65,-1.15,1.35,2.24,2.8,0.963,True,prior_frac_lo,281.6,1.5,ACCEPTANCE,DOWN,0.5,True,True,False,,S2,279.3,279.9,0.6,1.17,1.17,,0.92
NATURALGAS,2026-09-02,CHOP,2026-09-02T16:55:00Z,BUY,279.7,280.2,279.2,280.0,12.3,15677500.0,-148750.0,LOWER_VA,-1.05,-1.55,0.95,3.8,2.0,0.894,False,,,,NA,DOWN,0.25,False,False,False,,S0,279.7,279.2,0.5,0.4,0.4,0,3.1
NATURALGAS,2026-09-02,CHOP,2026-09-02T16:55:00Z,SELL,279.7,280.2,279.2,280.0,12.2,14403750.0,-573750.0,LOWER_VA,-1.05,-1.55,0.95,3.8,2.0,0.894,True,prior_frac_lo,281.6,2.4,ACCEPTANCE,DOWN,0.25,True,True,False,,S0,279.7,280.2,0.5,2.2,2.2,,1.9
NATURALGAS,2026-09-02,CHOP,2026-09-02T16:55:00Z,SELL,279.7,280.2,279.2,280.0,12.2,14403750.0,-573750.0,LOWER_VA,-1.05,-1.55,0.95,3.8,2.0,0.894,True,prior_frac_lo,281.6,2.4,ACCEPTANCE,DOWN,0.25,True,True,False,,S2,279.3,279.9,0.6,1.17,1.17,,0.92
NATURALGAS,2026-09-02,CHOP,2026-09-02T17:00:00Z,BUY,279.3,279.9,279.1,280.0,12.05,15492500.0,-185000.0,LOWER_VA,-1.45,-1.95,0.55,2.51,1.6,0.759,False,,,,NA,UP,0.43,True,False,False,,S0,279.3,279.1,0.2,2.0,2.5,0,9.75
NATURALGAS,2026-09-02,CHOP,2026-09-02T17:00:00Z,BUY,279.3,279.9,279.1,280.0,12.05,15492500.0,-185000.0,LOWER_VA,-1.45,-1.95,0.55,2.51,1.6,0.759,False,,,,NA,UP,0.43,True,False,False,,S2,279.6,279.4,0.2,1.0,1.0,0,8.25
NATURALGAS,2026-09-02,CHOP,2026-09-02T17:00:00Z,SELL,279.3,279.9,279.1,280.0,12.4,13955000.0,-448750.0,LOWER_VA,-1.45,-1.95,0.55,2.51,1.6,0.759,True,prior_frac_lo,281.6,2.5,MIXED,UP,0.43,False,True,False,,S0,279.3,279.9,0.6,1.17,1.17,,0.92
NATURALGAS,2026-09-02,CHOP,2026-09-02T17:00:00Z,SELL,279.3,279.9,279.1,280.0,12.4,13955000.0,-448750.0,LOWER_VA,-1.45,-1.95,0.55,2.51,1.6,0.759,True,prior_frac_lo,281.6,2.5,MIXED,UP,0.43,False,True,False,,S2,279.3,279.9,0.6,1.17,1.17,,0.92
NATURALGAS,2026-09-02,CHOP,2026-09-02T17:25:00Z,BUY,278.7,279.3,278.7,280.0,11.85,15685000.0,-18750.0,BELOW_VA,-2.05,-2.55,-0.55,2.18,1.2,0.683,False,,,,NA,UP,0.73,True,True,False,,S0,278.7,278.7,0.0,,,,
NATURALGAS,2026-09-02,CHOP,2026-09-02T17:25:00Z,SELL,278.7,279.3,278.7,280.0,12.55,13477500.0,-146250.0,BELOW_VA,-2.05,-2.55,-0.55,2.18,1.2,0.683,True,poc,280.75,2.05,MIXED,UP,0.73,False,True,False,,S0,278.7,279.3,0.6,0.17,0.17,0,
NATURALGAS,2026-09-02,CHOP,2026-09-02T17:30:00Z,BUY,279.5,279.7,278.6,280.0,11.6,15543750.0,-141250.0,LOWER_VA,-1.25,-1.75,0.25,1.88,2.2,0.905,False,,,,NA,DOWN,1.0,False,False,False,,S0,279.5,278.6,0.9,0.0,0.0,2,0.33
NATURALGAS,2026-09-02,CHOP,2026-09-02T17:30:00Z,SELL,279.5,279.7,278.6,280.0,12.7,12982500.0,-495000.0,LOWER_VA,-1.25,-1.75,0.25,1.88,2.2,0.905,True,poc,280.75,2.15,ACCEPTANCE,DOWN,1.0,True,False,False,,S0,279.5,279.7,0.2,4.5,4.5,,1.25
NATURALGAS,2026-09-03,TREND_DOWN,2026-09-03T06:30:00Z,BUY,285.0,285.5,284.7,285.0,12.6,4687500.0,,LOWER_VA,-0.25,-0.25,0.25,0.66,2.67,0.972,False,,,,NA,DOWN,0.25,False,False,False,,S0,285.0,284.7,0.3,0.33,1.67,0,0.67
NATURALGAS,2026-09-03,TREND_DOWN,2026-09-03T06:30:00Z,SELL,285.0,285.5,284.7,285.0,12.3,3827500.0,,LOWER_VA,-0.25,-0.25,0.25,0.66,2.67,0.972,True,poc,285.25,0.55,ACCEPTANCE,DOWN,0.25,True,False,False,,S0,285.0,285.5,0.5,5.8,22.0,53,0.5
NATURALGAS,2026-09-03,TREND_DOWN,2026-09-03T07:00:00Z,BUY,283.6,284.4,283.6,285.0,12.05,4721250.0,-2500.0,BELOW_VA,-1.65,-1.65,-0.65,2.46,2.29,0.952,False,,,,NA,DOWN,0.67,False,False,False,,S0,283.6,283.6,0.0,,,,
NATURALGAS,2026-09-03,TREND_DOWN,2026-09-03T07:00:00Z,SELL,283.6,284.4,283.6,285.0,12.95,3480000.0,-71250.0,BELOW_VA,-1.65,-1.65,-0.65,2.46,2.29,0.952,True,poc,285.25,1.65,ACCEPTANCE,DOWN,0.67,True,True,False,,S0,283.6,284.4,0.8,1.88,12.0,45,
NATURALGAS,2026-09-03,TREND_DOWN,2026-09-03T07:00:00Z,SELL,283.6,284.4,283.6,285.0,12.95,3480000.0,-71250.0,BELOW_VA,-1.65,-1.65,-0.65,2.46,2.29,0.952,True,poc,285.25,1.65,ACCEPTANCE,DOWN,0.67,True,True,False,,S2,283.3,283.6,0.3,1.67,31.0,0,
NATURALGAS,2026-09-03,TREND_DOWN,2026-09-03T07:15:00Z,BUY,283.4,283.6,282.8,285.0,11.5,5027500.0,23750.0,BELOW_VA,-1.85,-1.85,-0.85,1.94,2.0,0.978,False,,,,NA,DOWN,0.38,False,True,False,,S0,283.4,282.8,0.6,0.67,3.5,5,1.67
NATURALGAS,2026-09-03,TREND_DOWN,2026-09-03T07:15:00Z,BUY,283.4,283.6,282.8,285.0,11.5,5027500.0,23750.0,BELOW_VA,-1.85,-1.85,-0.85,1.94,2.0,0.978,False,,,,NA,DOWN,0.38,False,True,False,,S2,283.4,282.8,0.6,0.67,3.5,5,1.67
NATURALGAS,2026-09-03,TREND_DOWN,2026-09-03T07:15:00Z,SELL,283.4,283.6,282.8,285.0,13.45,3422500.0,-73750.0,BELOW_VA,-1.85,-1.85,-0.85,1.94,2.0,0.978,True,poc,285.25,2.45,ACCEPTANCE,DOWN,0.38,True,False,False,,S0,283.4,283.6,0.2,2.0,47.0,0,
NATURALGAS,2026-09-03,TREND_DOWN,2026-09-03T07:15:00Z,SELL,283.4,283.6,282.8,285.0,13.45,3422500.0,-73750.0,BELOW_VA,-1.85,-1.85,-0.85,1.94,2.0,0.978,True,poc,285.25,2.45,ACCEPTANCE,DOWN,0.38,True,False,False,,S2,283.2,283.8,0.6,1.83,15.33,39,
NATURALGAS,2026-09-03,TREND_DOWN,2026-09-03T07:20:00Z,BUY,283.2,283.8,283.0,285.0,,,,BELOW_VA,-2.05,-2.05,-1.05,0.87,2.0,0.978,False,,,,NA,UP,0.67,True,False,False,,S0,283.2,283.0,0.2,2.5,11.5,2,6.0
NATURALGAS,2026-09-03,TREND_DOWN,2026-09-03T07:20:00Z,SELL,283.2,283.8,283.0,285.0,,,,BELOW_VA,-2.05,-2.05,-1.05,0.87,2.0,0.978,True,poc,285.25,2.25,MIXED,UP,0.67,False,False,True,2,S0,283.2,283.8,0.6,1.83,15.33,39,
NATURALGAS,2026-09-03,TREND_DOWN,2026-09-03T07:20:00Z,SELL,283.2,283.8,283.0,285.0,,,,BELOW_VA,-2.05,-2.05,-1.05,0.87,2.0,0.978,True,poc,285.25,2.25,MIXED,UP,0.67,False,False,True,2,S2,283.2,283.8,0.6,1.83,15.33,39,
NATURALGAS,2026-09-03,TREND_DOWN,2026-09-03T10:40:00Z,BUY,284.1,284.2,283.5,285.0,11.75,6977500.0,82500.0,LOWER_VA,-1.15,-1.15,0.85,1.87,1.75,0.93,True,prior_frac_hi,283.5,0.7,ACCEPTANCE,DOWN,0.25,True,False,False,,S0,284.1,283.5,0.6,2.33,2.33,5,1.92
NATURALGAS,2026-09-03,TREND_DOWN,2026-09-03T10:40:00Z,BUY,284.1,284.2,283.5,285.0,11.75,6977500.0,82500.0,LOWER_VA,-1.15,-1.15,0.85,1.87,1.75,0.93,True,prior_frac_hi,283.5,0.7,ACCEPTANCE,DOWN,0.25,True,False,False,,S2,284.1,283.8,0.3,4.67,4.67,3,3.83
NATURALGAS,2026-09-03,TREND_DOWN,2026-09-03T10:40:00Z,SELL,284.1,284.2,283.5,285.0,13.15,3943750.0,0.0,LOWER_VA,-1.15,-1.15,0.85,1.87,1.75,0.93,True,poc,285.25,1.75,ACCEPTANCE,DOWN,0.25,True,False,False,,S0,284.1,284.2,0.1,3.0,101.0,0,8.5
NATURALGAS,2026-09-03,TREND_DOWN,2026-09-03T10:55:00Z,BUY,285.1,285.2,284.6,285.0,12.15,7005000.0,-237500.0,AT_POC,-0.15,-0.15,1.85,3.06,1.5,0.865,False,,,,NA,DOWN,0.62,False,True,False,,S0,285.1,284.6,0.5,0.8,0.8,0,0.3
NATURALGAS,2026-09-03,TREND_DOWN,2026-09-03T10:55:00Z,SELL,285.1,285.2,284.6,285.0,12.75,4316250.0,180000.0,AT_POC,-0.15,-0.15,1.85,3.06,1.5,0.865,True,poc,285.25,0.65,ACCEPTANCE,DOWN,0.62,True,True,False,,S0,285.1,285.2,0.1,9.0,111.0,0,18.5
NATURALGAS,2026-09-03,TREND_DOWN,2026-09-03T11:00:00Z,BUY,284.3,285.5,284.2,285.0,12.5,6612500.0,-392500.0,LOWER_VA,-0.95,-0.95,1.05,5.45,3.25,0.989,True,vah,285.25,0.25,REJECTION,DOWN,0.6,False,False,False,,S0,284.3,284.2,0.1,3.0,12.0,0,9.5
NATURALGAS,2026-09-03,TREND_DOWN,2026-09-03T11:00:00Z,SELL,284.3,285.5,284.2,285.0,12.55,4445000.0,128750.0,LOWER_VA,-0.95,-0.95,1.05,5.45,3.25,0.989,True,poc,285.25,1.05,ACCEPTANCE,DOWN,0.6,True,True,False,,S0,284.3,285.5,1.2,1.33,8.58,12,0.88
NATURALGAS,2026-09-03,TREND_DOWN,2026-09-03T11:05:00Z,BUY,283.8,284.6,283.6,285.0,12.2,7000000.0,387500.0,LOWER_VA,-1.45,-1.45,0.55,1.95,2.5,0.978,False,,,,NA,DOWN,0.62,False,False,False,,S0,283.8,283.6,0.2,0.0,8.5,0,2.0
NATURALGAS,2026-09-03,TREND_DOWN,2026-09-03T11:05:00Z,SELL,283.8,284.6,283.6,285.0,12.95,4900000.0,455000.0,LOWER_VA,-1.45,-1.45,0.55,1.95,2.5,0.978,True,poc,285.25,1.65,ACCEPTANCE,DOWN,0.62,True,True,False,,S0,283.8,284.6,0.8,1.0,12.25,8,0.69
NATURALGAS,2026-09-03,TREND_DOWN,2026-09-03T11:10:00Z,BUY,283.2,283.8,283.0,285.0,11.85,7093750.0,93750.0,BELOW_VA,-1.55,-2.05,-0.05,2.76,2.0,0.967,False,,,,NA,UP,0.5,True,False,False,,S0,283.2,283.0,0.2,1.0,11.5,0,10.25
NATURALGAS,2026-09-03,TREND_DOWN,2026-09-03T11:10:00Z,SELL,283.2,283.8,283.0,285.0,13.15,4833750.0,-66250.0,BELOW_VA,-1.55,-2.05,-0.05,2.76,2.0,0.967,True,poc,284.75,1.75,MIXED,UP,0.5,False,False,False,,S0,283.2,283.8,0.6,0.33,15.33,1,0.33
NATURALGAS,2026-09-03,TREND_DOWN,2026-09-03T11:40:00Z,BUY,284.2,284.3,283.4,285.0,11.75,7510000.0,86250.0,LOWER_VA,-0.55,-1.05,0.95,0.79,2.25,0.969,False,,,,NA,DOWN,0.5,False,False,False,,S0,284.2,283.4,0.8,0.5,1.62,2,0.25
NATURALGAS,2026-09-03,TREND_DOWN,2026-09-03T11:40:00Z,SELL,284.2,284.3,283.4,285.0,13.3,4922500.0,103750.0,LOWER_VA,-0.55,-1.05,0.95,0.79,2.25,0.969,True,poc,284.75,1.35,ACCEPTANCE,DOWN,0.5,True,False,False,,S0,284.2,284.3,0.1,5.0,102.0,0,9.5
NATURALGAS,2026-09-03,TREND_DOWN,2026-09-03T11:55:00Z,BUY,283.3,283.9,282.7,285.0,12.2,7291250.0,-183750.0,LOWER_VA,-1.45,-1.95,0.05,3.08,3.0,0.98,False,,,,NA,UP,0.82,True,True,False,,S0,283.3,282.7,0.6,3.67,3.67,10,1.67
NATURALGAS,2026-09-03,TREND_DOWN,2026-09-03T11:55:00Z,SELL,283.3,283.9,282.7,285.0,12.85,5265000.0,172500.0,LOWER_VA,-1.45,-1.95,0.05,3.08,3.0,0.98,True,poc,284.75,2.05,MIXED,UP,0.82,False,False,False,,S0,283.3,283.9,0.6,0.5,15.5,0,0.08
NATURALGAS,2026-09-03,TREND_DOWN,2026-09-03T11:55:00Z,SELL,283.3,283.9,282.7,285.0,12.85,5265000.0,172500.0,LOWER_VA,-1.45,-1.95,0.05,3.08,3.0,0.98,True,poc,284.75,2.05,MIXED,UP,0.82,False,False,False,,S2,284.9,285.5,0.6,18.17,18.17,,2.67
NATURALGAS,2026-09-03,TREND_DOWN,2026-09-03T12:00:00Z,BUY,284.6,284.7,283.0,285.0,11.65,7643750.0,352500.0,AT_POC,-0.15,-0.65,1.35,2.95,4.25,1.0,True,prior_frac_hi,284.6,0.1,REJECTION,UP,0.3,True,True,False,,S0,284.6,283.0,1.6,0.56,0.56,4,0.41
NATURALGAS,2026-09-03,TREND_DOWN,2026-09-03T12:00:00Z,SELL,284.6,284.7,283.0,285.0,13.35,5258750.0,-6250.0,AT_POC,-0.15,-0.65,1.35,2.95,4.25,1.0,True,poc,284.75,1.75,REJECTION,UP,0.3,False,False,False,,S0,284.6,284.7,0.1,1.0,106.0,0,13.0
NATURALGAS,2026-09-03,TREND_DOWN,2026-09-03T12:00:00Z,SELL,284.6,284.7,283.0,285.0,13.35,5258750.0,-6250.0,AT_POC,-0.15,-0.65,1.35,2.95,4.25,1.0,True,poc,284.75,1.75,REJECTION,UP,0.3,False,False,False,,S2,284.9,285.5,0.6,18.17,18.17,,2.67
NATURALGAS,2026-09-03,TREND_DOWN,2026-09-03T12:05:00Z,BUY,284.9,285.5,284.5,285.0,12.15,7577500.0,-66250.0,AT_POC,0.15,-0.35,1.65,7.1,2.5,0.961,True,prior_frac_hi,284.6,0.9,REJECTION,DOWN,0.79,False,False,False,,S0,284.9,284.5,0.4,0.0,0.0,0,0.88
NATURALGAS,2026-09-03,TREND_DOWN,2026-09-03T12:05:00Z,BUY,284.9,285.5,284.5,285.0,12.15,7577500.0,-66250.0,AT_POC,0.15,-0.35,1.65,7.1,2.5,0.961,True,prior_frac_hi,284.6,0.9,REJECTION,DOWN,0.79,False,False,False,,S2,284.1,283.1,1.0,0.0,0.1,1,0.5
NATURALGAS,2026-09-03,TREND_DOWN,2026-09-03T12:05:00Z,SELL,284.9,285.5,284.5,285.0,12.75,5220000.0,-38750.0,AT_POC,0.15,-0.35,1.65,7.1,2.5,0.961,True,poc,284.75,0.25,REJECTION,DOWN,0.79,True,True,False,,S0,284.9,285.5,0.6,18.17,18.17,,2.75
NATURALGAS,2026-09-03,TREND_DOWN,2026-09-03T12:05:00Z,SELL,284.9,285.5,284.5,285.0,12.75,5220000.0,-38750.0,AT_POC,0.15,-0.35,1.65,7.1,2.5,0.961,True,poc,284.75,0.25,REJECTION,DOWN,0.79,True,True,False,,S2,284.9,285.5,0.6,18.17,18.17,,2.75
NATURALGAS,2026-09-03,TREND_DOWN,2026-09-03T12:10:00Z,BUY,283.7,284.9,283.5,285.0,12.55,7150000.0,-427500.0,LOWER_VA,-1.05,-1.55,0.45,2.53,3.5,0.981,False,,,,NA,UP,0.4,True,False,False,,S0,283.7,283.5,0.2,2.0,2.5,0,4.5
NATURALGAS,2026-09-03,TREND_DOWN,2026-09-03T12:10:00Z,BUY,283.7,284.9,283.5,285.0,12.55,7150000.0,-427500.0,LOWER_VA,-1.05,-1.55,0.45,2.53,3.5,0.981,False,,,,NA,UP,0.4,True,False,False,,S2,284.1,283.1,1.0,0.0,0.1,1,0.5
NATURALGAS,2026-09-03,TREND_DOWN,2026-09-03T12:10:00Z,SELL,283.7,284.9,283.5,285.0,12.65,5682500.0,462500.0,LOWER_VA,-1.05,-1.55,0.45,2.53,3.5,0.981,True,poc,284.75,1.25,MIXED,UP,0.4,False,True,True,2,S0,283.7,284.9,1.2,8.08,8.08,,0.37
NATURALGAS,2026-09-03,TREND_DOWN,2026-09-03T12:15:00Z,BUY,284.1,284.1,283.1,285.0,11.8,7435000.0,285000.0,LOWER_VA,-0.65,-1.15,0.85,2.59,2.5,0.952,False,,,,NA,DOWN,0.62,False,False,False,,S0,284.1,283.1,1.0,0.0,0.1,1,1.15
NATURALGAS,2026-09-03,TREND_DOWN,2026-09-03T12:15:00Z,BUY,284.1,284.1,283.1,285.0,11.8,7435000.0,285000.0,LOWER_VA,-0.65,-1.15,0.85,2.59,2.5,0.952,False,,,,NA,DOWN,0.62,False,False,False,,S2,284.1,283.1,1.0,0.0,0.1,1,1.15
NATURALGAS,2026-09-03,TREND_DOWN,2026-09-03T12:15:00Z,SELL,284.1,284.1,283.1,285.0,13.15,5528750.0,-153750.0,LOWER_VA,-0.65,-1.15,0.85,2.59,2.5,0.952,True,poc,284.75,1.65,ACCEPTANCE,DOWN,0.62,True,False,False,,S0,284.1,284.1,0.0,,,,
NATURALGAS,2026-09-03,TREND_DOWN,2026-09-03T12:20:00Z,BUY,283.6,284.1,283.3,285.0,11.85,7707500.0,272500.0,LOWER_VA,-1.15,-1.65,0.35,0.97,2.0,0.915,False,,,,NA,DOWN,0.29,False,False,False,,S0,283.6,283.3,0.3,0.33,2.0,0,5.5
NATURALGAS,2026-09-03,TREND_DOWN,2026-09-03T12:20:00Z,SELL,283.6,284.1,283.3,285.0,13.25,5352500.0,-176250.0,LOWER_VA,-1.15,-1.65,0.35,0.97,2.0,0.915,True,poc,284.75,1.45,ACCEPTANCE,DOWN,0.29,True,True,False,,S0,283.6,284.1,0.5,1.6,19.2,3,0.7
NATURALGAS,2026-09-03,TREND_DOWN,2026-09-03T12:40:00Z,BUY,284.0,284.1,282.8,285.0,11.75,8411250.0,6250.0,LOWER_VA,-0.75,-1.25,0.75,1.85,3.25,0.973,False,,,,NA,DOWN,0.89,False,False,False,,S0,284.0,282.8,1.2,0.0,0.17,1,0.08
NATURALGAS,2026-09-03,TREND_DOWN,2026-09-03T12:40:00Z,SELL,284.0,284.1,282.8,285.0,13.35,5590000.0,98750.0,LOWER_VA,-0.75,-1.25,0.75,1.85,3.25,0.973,True,poc,284.75,1.95,ACCEPTANCE,DOWN,0.89,True,False,False,,S0,284.0,284.1,0.1,24.0,100.0,21,7.5
NATURALGAS,2026-09-03,TREND_DOWN,2026-09-03T12:45:00Z,BUY,283.1,283.9,283.0,285.0,12.0,8420000.0,8750.0,BELOW_VA,-1.65,-2.15,-0.15,1.41,2.25,0.91,False,,,,NA,DOWN,0.89,False,False,False,,S0,283.1,283.0,0.1,1.0,11.0,0,10.0
NATURALGAS,2026-09-03,TREND_DOWN,2026-09-03T12:45:00Z,SELL,283.1,283.9,283.0,285.0,13.0,5442500.0,-147500.0,BELOW_VA,-1.65,-2.15,-0.15,1.41,2.25,0.91,True,poc,284.75,1.75,ACCEPTANCE,DOWN,0.89,True,True,False,,S0,283.1,283.9,0.8,1.88,11.38,8,0.13
NATURALGAS,2026-09-03,TREND_DOWN,2026-09-03T12:50:00Z,BUY,282.3,283.2,282.3,280.0,13.85,12968750.0,75000.0,BELOW_VA,-2.45,-2.95,-0.95,2.7,2.25,0.911,False,,,,NA,DOWN,0.5,False,False,False,,S0,282.3,282.3,0.0,,,,
NATURALGAS,2026-09-03,TREND_DOWN,2026-09-03T12:50:00Z,SELL,282.3,283.2,282.3,280.0,10.95,12420000.0,-246250.0,BELOW_VA,-2.45,-2.95,-0.95,2.7,2.25,0.911,True,poc,284.75,2.45,ACCEPTANCE,DOWN,0.5,True,True,False,,S0,282.3,283.2,0.9,0.78,9.22,1,
NATURALGAS,2026-09-03,TREND_DOWN,2026-09-03T12:55:00Z,BUY,281.9,282.4,281.6,280.0,13.55,13406250.0,437500.0,BELOW_VA,-2.85,-3.35,-1.35,4.05,2.0,0.85,False,,,,NA,UP,0.87,True,True,False,,S0,281.9,281.6,0.3,7.67,7.67,19,7.33
NATURALGAS,2026-09-03,TREND_DOWN,2026-09-03T12:55:00Z,SELL,281.9,282.4,281.6,280.0,11.1,12272500.0,-147500.0,BELOW_VA,-2.85,-3.35,-1.35,4.05,2.0,0.85,True,poc,284.75,3.15,MIXED,UP,0.87,False,False,False,,S0,281.9,282.4,0.5,0.0,15.8,0,
NATURALGAS,2026-09-03,TREND_DOWN,2026-09-03T13:00:00Z,BUY,283.2,283.4,281.9,285.0,10.95,9208750.0,301250.0,BELOW_VA,-1.55,-2.05,-0.05,2.54,3.75,0.982,False,,,,NA,DOWN,0.5,False,True,True,2,S0,283.2,281.9,1.3,0.77,0.77,17,0.69
NATURALGAS,2026-09-03,TREND_DOWN,2026-09-03T13:00:00Z,BUY,283.2,283.4,281.9,285.0,10.95,9208750.0,301250.0,BELOW_VA,-1.55,-2.05,-0.05,2.54,3.75,0.982,False,,,,NA,DOWN,0.5,False,True,True,2,S2,283.0,282.5,0.5,0.8,2.4,0,2.2
NATURALGAS,2026-09-03,TREND_DOWN,2026-09-03T13:00:00Z,SELL,283.2,283.4,281.9,285.0,14.0,5362500.0,-207500.0,BELOW_VA,-1.55,-2.05,-0.05,2.54,3.75,0.982,True,poc,284.75,2.85,ACCEPTANCE,DOWN,0.5,True,False,False,,S0,283.2,283.4,0.2,1.5,46.0,0,2.0
NATURALGAS,2026-09-03,TREND_DOWN,2026-09-03T13:05:00Z,BUY,282.9,283.7,282.9,285.0,11.6,9302500.0,93750.0,BELOW_VA,-1.85,-2.35,-0.35,1.76,2.0,0.887,False,,,,NA,UP,0.2,True,False,False,,S0,282.9,282.9,0.0,,,,
NATURALGAS,2026-09-03,TREND_DOWN,2026-09-03T13:05:00Z,BUY,282.9,283.7,282.9,285.0,11.6,9302500.0,93750.0,BELOW_VA,-1.85,-2.35,-0.35,1.76,2.0,0.887,False,,,,NA,UP,0.2,True,False,False,,S2,283.0,282.5,0.5,0.8,2.4,0,2.2
NATURALGAS,2026-09-03,TREND_DOWN,2026-09-03T13:05:00Z,SELL,282.9,283.7,282.9,285.0,13.3,5378750.0,16250.0,BELOW_VA,-1.85,-2.35,-0.35,1.76,2.0,0.887,True,poc,284.75,1.85,MIXED,UP,0.2,False,True,False,,S0,282.9,283.7,0.8,0.5,11.12,4,1.62
NATURALGAS,2026-09-03,TREND_DOWN,2026-09-03T13:15:00Z,BUY,283.3,283.4,282.5,285.0,11.4,9103750.0,187500.0,AT_POC,0.05,-1.95,0.05,0.72,2.25,0.906,True,poc,283.25,0.15,ACCEPTANCE,UP,0.0,True,True,True,2,S0,283.3,282.5,0.8,1.12,1.12,14,0.5
NATURALGAS,2026-09-03,TREND_DOWN,2026-09-03T13:15:00Z,BUY,283.3,283.4,282.5,285.0,11.4,9103750.0,187500.0,AT_POC,0.05,-1.95,0.05,0.72,2.25,0.906,True,poc,283.25,0.15,ACCEPTANCE,UP,0.0,True,True,True,2,S2,283.3,282.8,0.5,0.2,1.8,0,0.8
NATURALGAS,2026-09-03,TREND_DOWN,2026-09-03T13:15:00Z,SELL,283.3,283.4,282.5,285.0,13.45,5510000.0,1250.0,AT_POC,0.05,-1.95,0.05,0.72,2.25,0.906,True,val,283.25,0.75,REJECTION,UP,0.0,True,False,False,,S0,283.3,283.4,0.1,5.0,93.0,0,0.5
NATURALGAS,2026-09-03,TREND_DOWN,2026-09-03T13:25:00Z,BUY,282.7,283.4,282.6,285.0,11.6,9030000.0,-8750.0,BELOW_VA,-0.55,-2.55,-0.55,4.07,2.0,0.832,True,poc,283.25,0.15,REJECTION,UP,0.9,True,True,False,,S0,282.7,282.6,0.1,15.0,15.0,12,10.0
NATURALGAS,2026-09-03,TREND_DOWN,2026-09-03T13:25:00Z,SELL,282.7,283.4,282.6,285.0,13.3,5443750.0,27500.0,BELOW_VA,-0.55,-2.55,-0.55,4.07,2.0,0.832,True,val,283.25,0.65,REJECTION,UP,0.9,False,False,False,,S0,282.7,283.4,0.7,0.0,12.43,0,0.29
NATURALGAS,2026-09-03,TREND_DOWN,2026-09-03T13:30:00Z,BUY,283.8,283.9,282.9,285.0,11.4,9430000.0,400000.0,UPPER_VA,0.55,-1.45,0.55,1.89,2.5,0.942,True,poc,283.25,0.65,REJECTION,DOWN,0.87,False,True,False,,S0,283.8,282.9,0.9,0.22,0.44,1,1.61
NATURALGAS,2026-09-03,TREND_DOWN,2026-09-03T13:30:00Z,SELL,283.8,283.9,282.9,285.0,13.5,5516250.0,72500.0,UPPER_VA,0.55,-1.45,0.55,1.89,2.5,0.942,True,val,283.25,0.35,REJECTION,DOWN,0.87,True,False,False,,S0,283.8,283.9,0.1,6.0,98.0,0,5.5
NATURALGAS,2026-09-03,TREND_DOWN,2026-09-03T13:35:00Z,BUY,283.2,284.0,283.2,285.0,11.85,9191250.0,-238750.0,BELOW_VA,-0.05,-2.05,-0.05,0.94,2.0,0.876,False,,,,NA,DOWN,0.14,False,False,False,,S0,283.2,283.2,0.0,,,,
NATURALGAS,2026-09-03,TREND_DOWN,2026-09-03T13:35:00Z,SELL,283.2,284.0,283.2,285.0,13.0,5577500.0,61250.0,BELOW_VA,-0.05,-2.05,-0.05,0.94,2.0,0.876,True,val,283.25,0.05,ACCEPTANCE,DOWN,0.14,True,True,True,2,S0,283.2,284.0,0.8,1.75,11.5,10,0.75
NATURALGAS,2026-09-03,TREND_DOWN,2026-09-03T13:35:00Z,SELL,283.2,284.0,283.2,285.0,13.0,5577500.0,61250.0,BELOW_VA,-0.05,-2.05,-0.05,0.94,2.0,0.876,True,val,283.25,0.05,ACCEPTANCE,DOWN,0.14,True,True,True,2,S2,283.2,283.9,0.7,2.0,13.14,8,0.86
NATURALGAS,2026-09-03,TREND_DOWN,2026-09-03T13:45:00Z,BUY,283.2,283.9,283.1,285.0,11.55,9218750.0,68750.0,AT_POC,-0.05,-1.55,0.45,0.87,2.0,0.821,True,poc,283.25,0.65,REJECTION,UP,0.29,True,False,False,,S0,283.2,283.1,0.1,3.0,10.0,0,8.0
NATURALGAS,2026-09-03,TREND_DOWN,2026-09-03T13:45:00Z,BUY,283.2,283.9,283.1,285.0,11.55,9218750.0,68750.0,AT_POC,-0.05,-1.55,0.45,0.87,2.0,0.821,True,poc,283.25,0.65,REJECTION,UP,0.29,True,False,False,,S2,283.4,282.8,0.6,0.5,1.33,2,1.0
NATURALGAS,2026-09-03,TREND_DOWN,2026-09-03T13:45:00Z,SELL,283.2,283.9,283.1,285.0,13.45,5538750.0,7500.0,AT_POC,-0.05,-1.55,0.45,0.87,2.0,0.821,True,poc,283.25,0.15,REJECTION,UP,0.29,False,True,False,,S0,283.2,283.9,0.7,2.0,13.14,8,0.64
NATURALGAS,2026-09-03,TREND_DOWN,2026-09-03T13:45:00Z,SELL,283.2,283.9,283.1,285.0,13.45,5538750.0,7500.0,AT_POC,-0.05,-1.55,0.45,0.87,2.0,0.821,True,poc,283.25,0.15,REJECTION,UP,0.29,False,True,False,,S2,283.2,283.9,0.7,2.0,13.14,8,0.64
NATURALGAS,2026-09-03,TREND_DOWN,2026-09-03T14:25:00Z,BUY,283.2,283.7,282.7,285.0,11.6,9071250.0,-273750.0,AT_POC,-0.05,-1.55,0.45,1.29,2.0,0.947,True,poc,283.25,0.45,REJECTION,DOWN,0.04,True,True,False,,S0,283.2,282.7,0.5,2.0,2.0,0,1.0
NATURALGAS,2026-09-03,TREND_DOWN,2026-09-03T14:25:00Z,SELL,283.2,283.7,282.7,285.0,13.5,5548750.0,-58750.0,AT_POC,-0.05,-1.55,0.45,1.29,2.0,0.947,True,poc,283.25,0.55,ACCEPTANCE,DOWN,0.04,True,True,False,,S0,283.2,283.7,0.5,2.8,18.4,0,0.9
NATURALGAS,2026-09-03,TREND_DOWN,2026-09-03T14:30:00Z,BUY,283.2,284.2,281.8,285.0,11.55,9072500.0,1250.0,AT_POC,-0.05,-1.55,0.45,7.55,4.8,1.0,True,prior_frac_hi,283.7,0.5,REJECTION,DOWN,0.89,False,False,False,,S0,283.2,281.8,1.4,0.21,0.21,0,0.36
NATURALGAS,2026-09-03,TREND_DOWN,2026-09-03T14:30:00Z,SELL,283.2,284.2,281.8,285.0,13.55,5537500.0,-11250.0,AT_POC,-0.05,-1.55,0.45,7.55,4.8,1.0,True,poc,283.25,1.45,ACCEPTANCE,DOWN,0.89,True,True,False,,S0,283.2,284.2,1.0,9.2,9.2,,0.45
NATURALGAS,2026-09-03,TREND_DOWN,2026-09-03T14:30:00Z,SELL,283.2,284.2,281.8,285.0,13.55,5537500.0,-11250.0,AT_POC,-0.05,-1.55,0.45,7.55,4.8,1.0,True,poc,283.25,1.45,ACCEPTANCE,DOWN,0.89,True,True,False,,S2,280.7,281.8,1.1,6.09,6.09,,
NATURALGAS,2026-09-03,TREND_DOWN,2026-09-03T14:35:00Z,BUY,280.7,283.5,280.7,280.0,13.75,14736250.0,97500.0,BELOW_VA,-2.55,-4.05,-2.05,6.44,5.6,1.0,True,poc,283.25,0.25,REJECTION,DOWN,0.07,True,False,False,,S0,280.7,280.7,0.0,,,,
NATURALGAS,2026-09-03,TREND_DOWN,2026-09-03T14:35:00Z,SELL,280.7,283.5,280.7,280.0,10.65,13082500.0,531250.0,BELOW_VA,-2.55,-4.05,-2.05,6.44,5.6,1.0,True,poc,283.25,2.55,ACCEPTANCE,DOWN,0.07,True,True,False,,S0,280.7,283.5,2.8,2.39,2.39,,
NATURALGAS,2026-09-03,TREND_DOWN,2026-09-03T14:35:00Z,SELL,280.7,283.5,280.7,280.0,10.65,13082500.0,531250.0,BELOW_VA,-2.55,-4.05,-2.05,6.44,5.6,1.0,True,poc,283.25,2.55,ACCEPTANCE,DOWN,0.07,True,True,False,,S2,280.7,281.8,1.1,6.09,6.09,,
NATURALGAS,2026-09-03,TREND_DOWN,2026-09-03T14:40:00Z,BUY,280.7,281.8,280.4,280.0,12.6,15121250.0,385000.0,BELOW_VA,-2.55,-4.05,-2.05,3.96,2.8,0.963,False,,,,NA,DOWN,1.0,False,False,False,,S0,280.7,280.4,0.3,0.33,0.33,0,11.67
NATURALGAS,2026-09-03,TREND_DOWN,2026-09-03T14:40:00Z,SELL,280.7,281.8,280.4,280.0,11.6,12811250.0,-271250.0,BELOW_VA,-2.55,-4.05,-2.05,3.96,2.8,0.963,True,poc,283.25,2.85,ACCEPTANCE,DOWN,1.0,True,True,False,,S0,280.7,281.8,1.1,6.09,6.09,,
NATURALGAS,2026-09-03,TREND_DOWN,2026-09-03T14:40:00Z,SELL,280.7,281.8,280.4,280.0,11.6,12811250.0,-271250.0,BELOW_VA,-2.55,-4.05,-2.05,3.96,2.8,0.963,True,poc,283.25,2.85,ACCEPTANCE,DOWN,1.0,True,True,False,,S2,280.7,281.8,1.1,6.09,6.09,,
NATURALGAS,2026-09-03,TREND_DOWN,2026-09-03T14:45:00Z,BUY,279.5,280.8,279.5,280.0,12.45,15895000.0,773750.0,BELOW_VA,-3.75,-5.25,-3.25,4.77,2.6,0.948,False,,,,NA,DOWN,0.43,False,False,False,,S0,279.5,279.5,0.0,,,,
NATURALGAS,2026-09-03,TREND_DOWN,2026-09-03T14:45:00Z,SELL,279.5,280.8,279.5,280.0,11.9,12992500.0,181250.0,BELOW_VA,-3.75,-5.25,-3.25,4.77,2.6,0.948,True,poc,283.25,3.75,ACCEPTANCE,DOWN,0.43,True,True,False,,S0,279.5,280.8,1.3,4.23,4.23,,
NATURALGAS,2026-09-03,TREND_DOWN,2026-09-03T14:45:00Z,SELL,279.5,280.8,279.5,280.0,11.9,12992500.0,181250.0,BELOW_VA,-3.75,-5.25,-3.25,4.77,2.6,0.948,True,poc,283.25,3.75,ACCEPTANCE,DOWN,0.43,True,True,False,,S2,279.2,279.9,0.7,7.43,7.43,26,
NATURALGAS,2026-09-03,TREND_DOWN,2026-09-03T14:50:00Z,BUY,279.2,279.9,279.2,280.0,11.9,16740000.0,845000.0,BELOW_VA,-4.05,-5.55,-3.55,2.91,1.4,0.743,False,,,,NA,DOWN,0.9,False,False,False,,S0,279.2,279.2,0.0,,,,
NATURALGAS,2026-09-03,TREND_DOWN,2026-09-03T14:50:00Z,SELL,279.2,279.9,279.2,280.0,12.3,13178750.0,186250.0,BELOW_VA,-4.05,-5.55,-3.55,2.91,1.4,0.743,True,poc,283.25,4.05,ACCEPTANCE,DOWN,0.9,True,True,False,,S0,279.2,279.9,0.7,7.43,7.43,26,
NATURALGAS,2026-09-03,TREND_DOWN,2026-09-03T14:50:00Z,SELL,279.2,279.9,279.2,280.0,12.3,13178750.0,186250.0,BELOW_VA,-4.05,-5.55,-3.55,2.91,1.4,0.743,True,poc,283.25,4.05,ACCEPTANCE,DOWN,0.9,True,True,False,,S2,279.2,279.9,0.7,7.43,7.43,26,
NATURALGAS,2026-09-03,TREND_DOWN,2026-09-03T14:55:00Z,BUY,277.5,279.4,277.4,275.0,14.3,3605000.0,167500.0,BELOW_VA,-5.75,-7.75,-5.25,7.3,4.0,0.985,False,,,,NA,DOWN,0.82,False,False,False,,S0,277.5,277.4,0.1,2.0,32.0,0,67.0
NATURALGAS,2026-09-03,TREND_DOWN,2026-09-03T14:55:00Z,SELL,277.5,279.4,277.4,275.0,9.75,7445000.0,-7500.0,BELOW_VA,-5.75,-7.75,-5.25,7.3,4.0,0.985,True,poc,283.25,5.85,ACCEPTANCE,DOWN,0.82,True,True,False,,S0,277.5,279.4,1.9,1.84,1.84,25,
NATURALGAS,2026-09-03,TREND_DOWN,2026-09-03T15:00:00Z,BUY,276.6,277.7,276.6,275.0,13.25,3985000.0,380000.0,BELOW_VA,-6.65,-8.65,-6.15,4.07,2.2,0.913,False,,,,NA,DOWN,0.73,False,False,False,,S0,276.6,276.6,0.0,,,,
NATURALGAS,2026-09-03,TREND_DOWN,2026-09-03T15:00:00Z,SELL,276.6,277.7,276.6,275.0,10.65,7125000.0,-320000.0,BELOW_VA,-6.65,-8.65,-6.15,4.07,2.2,0.913,True,poc,283.25,6.65,ACCEPTANCE,DOWN,0.73,True,True,False,,S0,276.6,277.7,1.1,2.36,2.36,22,
NATURALGAS,2026-09-03,TREND_DOWN,2026-09-03T15:00:00Z,SELL,276.6,277.7,276.6,275.0,10.65,7125000.0,-320000.0,BELOW_VA,-6.65,-8.65,-6.15,4.07,2.2,0.913,True,poc,283.25,6.65,ACCEPTANCE,DOWN,0.73,True,True,False,,S2,275.6,276.1,0.5,3.2,3.2,14,
NATURALGAS,2026-09-03,TREND_DOWN,2026-09-03T15:05:00Z,BUY,275.6,277.1,275.6,275.0,12.8,4603750.0,618750.0,BELOW_VA,-7.65,-9.65,-7.15,4.27,3.0,0.964,False,,,,NA,UP,0.0,True,False,False,,S0,275.6,275.6,0.0,,,,
NATURALGAS,2026-09-03,TREND_DOWN,2026-09-03T15:05:00Z,BUY,275.6,277.1,275.6,275.0,12.8,4603750.0,618750.0,BELOW_VA,-7.65,-9.65,-7.15,4.27,3.0,0.964,False,,,,NA,UP,0.0,True,False,False,,S2,275.5,275.0,0.5,0.2,10.4,0,17.4
NATURALGAS,2026-09-03,TREND_DOWN,2026-09-03T15:05:00Z,SELL,275.6,277.1,275.6,275.0,11.0,6980000.0,-145000.0,BELOW_VA,-7.65,-9.65,-7.15,4.27,3.0,0.964,True,poc,283.25,7.65,ACCEPTANCE,UP,0.0,True,True,False,,S0,275.6,277.1,1.5,1.07,1.07,20,
NATURALGAS,2026-09-03,TREND_DOWN,2026-09-03T15:05:00Z,SELL,275.6,277.1,275.6,275.0,11.0,6980000.0,-145000.0,BELOW_VA,-7.65,-9.65,-7.15,4.27,3.0,0.964,True,poc,283.25,7.65,ACCEPTANCE,UP,0.0,True,True,False,,S2,275.6,276.1,0.5,3.2,3.2,14,
NATURALGAS,2026-09-03,TREND_DOWN,2026-09-03T15:10:00Z,BUY,275.6,276.1,275.3,275.0,12.35,5267500.0,663750.0,BELOW_VA,-7.65,-9.65,-7.15,4.23,1.6,0.829,False,,,,NA,DOWN,0.13,False,False,False,,S0,275.6,275.3,0.3,0.67,17.0,0,28.67
NATURALGAS,2026-09-03,TREND_DOWN,2026-09-03T15:10:00Z,BUY,275.6,276.1,275.3,275.0,12.35,5267500.0,663750.0,BELOW_VA,-7.65,-9.65,-7.15,4.23,1.6,0.829,False,,,,NA,DOWN,0.13,False,False,False,,S2,275.5,275.0,0.5,0.2,10.4,0,17.4
NATURALGAS,2026-09-03,TREND_DOWN,2026-09-03T15:10:00Z,SELL,275.6,276.1,275.3,275.0,11.35,7292500.0,312500.0,BELOW_VA,-7.65,-9.65,-7.15,4.23,1.6,0.829,True,poc,283.25,7.95,ACCEPTANCE,DOWN,0.13,True,True,False,,S0,275.6,276.1,0.5,3.2,3.2,14,
NATURALGAS,2026-09-03,TREND_DOWN,2026-09-03T15:10:00Z,SELL,275.6,276.1,275.3,275.0,11.35,7292500.0,312500.0,BELOW_VA,-7.65,-9.65,-7.15,4.23,1.6,0.829,True,poc,283.25,7.95,ACCEPTANCE,DOWN,0.13,True,True,False,,S2,275.6,276.1,0.5,3.2,3.2,14,
NATURALGAS,2026-09-03,TREND_DOWN,2026-09-03T15:15:00Z,BUY,275.5,275.8,275.0,275.0,12.35,6065000.0,797500.0,BELOW_VA,-7.75,-9.75,-6.75,3.31,1.6,0.83,False,,,,NA,DOWN,0.6,False,False,False,,S0,275.5,275.0,0.5,0.2,10.4,0,17.4
NATURALGAS,2026-09-03,TREND_DOWN,2026-09-03T15:15:00Z,BUY,275.5,275.8,275.0,275.0,12.35,6065000.0,797500.0,BELOW_VA,-7.75,-9.75,-6.75,3.31,1.6,0.83,False,,,,NA,DOWN,0.6,False,False,False,,S2,275.5,275.0,0.5,0.2,10.4,0,17.4
NATURALGAS,2026-09-03,TREND_DOWN,2026-09-03T15:15:00Z,SELL,275.5,275.8,275.0,275.0,11.7,7668750.0,376250.0,BELOW_VA,-7.75,-9.75,-6.75,3.31,1.6,0.83,True,poc,283.25,8.25,ACCEPTANCE,DOWN,0.6,True,True,False,,S0,275.5,275.8,0.3,5.0,5.0,8,
NATURALGAS,2026-09-03,TREND_DOWN,2026-09-03T15:20:00Z,BUY,274.9,275.6,274.6,275.0,12.3,6637500.0,572500.0,BELOW_VA,-8.35,-10.35,-7.35,3.19,2.0,0.901,False,,,,NA,UP,0.17,True,False,False,,S0,274.9,274.6,0.3,1.33,19.33,1,31.0
NATURALGAS,2026-09-03,TREND_DOWN,2026-09-03T15:20:00Z,SELL,274.9,275.6,274.6,275.0,11.65,7853750.0,185000.0,BELOW_VA,-8.35,-10.35,-7.35,3.19,2.0,0.901,True,poc,283.25,8.65,MIXED,UP,0.17,False,False,False,,S0,274.9,275.6,0.7,1.29,1.29,6,
NATURALGAS,2026-09-03,TREND_DOWN,2026-09-03T15:25:00Z,BUY,275.0,275.3,274.7,275.0,12.05,7032500.0,395000.0,BELOW_VA,-8.25,-10.75,-7.25,2.65,1.2,0.608,False,,,,NA,DOWN,0.87,False,False,False,,S0,275.0,274.7,0.3,0.0,19.0,0,30.67
NATURALGAS,2026-09-03,TREND_DOWN,2026-09-03T15:25:00Z,BUY,275.0,275.3,274.7,275.0,12.05,7032500.0,395000.0,BELOW_VA,-8.25,-10.75,-7.25,2.65,1.2,0.608,False,,,,NA,DOWN,0.87,False,False,False,,S2,274.5,274.0,0.5,12.4,12.4,,19.4
NATURALGAS,2026-09-03,TREND_DOWN,2026-09-03T15:25:00Z,SELL,275.0,275.3,274.7,275.0,12.05,8008750.0,155000.0,BELOW_VA,-8.25,-10.75,-7.25,2.65,1.2,0.608,True,poc,283.25,8.55,ACCEPTANCE,DOWN,0.87,True,True,False,,S0,275.0,275.3,0.3,3.33,3.33,2,
NATURALGAS,2026-09-03,TREND_DOWN,2026-09-03T15:30:00Z,BUY,274.3,275.0,274.2,275.0,11.95,7497500.0,465000.0,BELOW_VA,-8.95,-11.45,-7.95,2.97,1.6,0.826,False,,,,NA,UP,0.25,True,False,False,,S0,274.3,274.2,0.1,5.0,64.0,0,99.0
NATURALGAS,2026-09-03,TREND_DOWN,2026-09-03T15:30:00Z,BUY,274.3,275.0,274.2,275.0,11.95,7497500.0,465000.0,BELOW_VA,-8.95,-11.45,-7.95,2.97,1.6,0.826,False,,,,NA,UP,0.25,True,False,False,,S2,274.5,274.0,0.5,12.4,12.4,,19.4
NATURALGAS,2026-09-03,TREND_DOWN,2026-09-03T15:30:00Z,SELL,274.3,275.0,274.2,275.0,11.8,8048750.0,40000.0,BELOW_VA,-8.95,-11.45,-7.95,2.97,1.6,0.826,True,poc,283.25,9.05,MIXED,UP,0.25,False,True,False,,S0,274.3,275.0,0.7,0.43,0.43,1,
NATURALGAS,2026-09-03,TREND_DOWN,2026-09-03T15:35:00Z,BUY,274.5,274.8,274.0,275.0,11.5,7821250.0,323750.0,BELOW_VA,-8.75,-11.25,-7.25,2.01,1.6,0.828,False,,,,NA,UP,0.86,True,True,False,,S0,274.5,274.0,0.5,12.4,12.4,,19.4
NATURALGAS,2026-09-03,TREND_DOWN,2026-09-03T15:35:00Z,BUY,274.5,274.8,274.0,275.0,11.5,7821250.0,323750.0,BELOW_VA,-8.75,-11.25,-7.25,2.01,1.6,0.828,False,,,,NA,UP,0.86,True,True,False,,S2,274.5,274.0,0.5,12.4,12.4,,19.4
NATURALGAS,2026-09-03,TREND_DOWN,2026-09-03T15:35:00Z,SELL,274.5,274.8,274.0,275.0,12.2,8123750.0,75000.0,BELOW_VA,-8.75,-11.25,-7.25,2.01,1.6,0.828,True,poc,283.25,9.25,MIXED,UP,0.86,False,False,False,,S0,274.5,274.8,0.3,0.0,0.0,0,
NATURALGAS,2026-09-03,TREND_DOWN,2026-09-03T15:45:00Z,BUY,275.4,275.5,274.9,275.0,11.9,8913750.0,642500.0,BELOW_VA,-7.85,-10.35,-6.35,2.05,1.2,0.599,False,,,,NA,DOWN,0.2,False,False,True,2,S0,275.4,274.9,0.5,0.8,10.6,4,17.6
NATURALGAS,2026-09-03,TREND_DOWN,2026-09-03T15:45:00Z,BUY,275.4,275.5,274.9,275.0,11.9,8913750.0,642500.0,BELOW_VA,-7.85,-10.35,-6.35,2.05,1.2,0.599,False,,,,NA,DOWN,0.2,False,False,True,2,S2,275.4,274.9,0.5,0.8,10.6,4,17.6
NATURALGAS,2026-09-03,TREND_DOWN,2026-09-03T15:45:00Z,SELL,275.4,275.5,274.9,275.0,11.75,8563750.0,285000.0,BELOW_VA,-7.85,-10.35,-6.35,2.05,1.2,0.599,True,poc,283.25,8.35,ACCEPTANCE,DOWN,0.2,True,False,False,,S0,275.4,275.5,0.1,4.0,9.0,0,14.0
NATURALGAS,2026-09-03,TREND_DOWN,2026-09-03T15:45:00Z,SELL,275.4,275.5,274.9,275.0,11.75,8563750.0,285000.0,BELOW_VA,-7.85,-10.35,-6.35,2.05,1.2,0.599,True,poc,283.25,8.35,ACCEPTANCE,DOWN,0.2,True,False,False,,S2,275.2,275.5,0.3,0.67,2.33,0,4.0
NATURALGAS,2026-09-03,TREND_DOWN,2026-09-03T16:25:00Z,BUY,276.2,276.5,275.5,275.0,12.1,10490000.0,181250.0,BELOW_VA,-7.05,-9.55,-4.05,1.99,2.0,0.91,True,prior_frac_hi,275.8,0.7,REJECTION,DOWN,0.88,False,False,False,,S0,276.2,275.5,0.7,0.29,6.43,2,13.64
NATURALGAS,2026-09-03,TREND_DOWN,2026-09-03T16:25:00Z,BUY,276.2,276.5,275.5,275.0,12.1,10490000.0,181250.0,BELOW_VA,-7.05,-9.55,-4.05,1.99,2.0,0.91,True,prior_frac_hi,275.8,0.7,REJECTION,DOWN,0.88,False,False,False,,S2,275.8,275.6,0.2,0.0,24.5,0,49.75
NATURALGAS,2026-09-03,TREND_DOWN,2026-09-03T16:25:00Z,SELL,276.2,276.5,275.5,275.0,11.5,9781250.0,56250.0,BELOW_VA,-7.05,-9.55,-4.05,1.99,2.0,0.91,True,poc,283.25,7.75,ACCEPTANCE,DOWN,0.88,True,False,False,,S0,276.2,276.5,0.3,3.0,3.0,3,5.67
NATURALGAS,2026-09-03,TREND_DOWN,2026-09-03T16:45:00Z,BUY,276.3,276.5,275.5,275.0,12.05,10258750.0,-6250.0,BELOW_VA,-6.95,-9.45,-3.45,0.77,2.0,0.912,False,,,,NA,UP,0.8,True,True,False,,S0,276.3,275.5,0.8,5.5,5.5,,0.25
NATURALGAS,2026-09-03,TREND_DOWN,2026-09-03T16:45:00Z,SELL,276.3,276.5,275.5,275.0,11.5,9572500.0,1250.0,BELOW_VA,-6.95,-9.45,-3.45,0.77,2.0,0.912,True,poc,283.25,7.75,MIXED,UP,0.8,False,False,False,,S0,276.3,276.5,0.2,0.5,0.5,0,9.0
NATURALGAS,2026-09-03,TREND_DOWN,2026-09-03T16:50:00Z,BUY,277.1,277.2,276.2,275.0,12.45,10170000.0,-88750.0,BELOW_VA,-6.15,-8.65,-2.15,1.53,2.0,0.912,True,prior_frac_hi,276.5,0.7,ACCEPTANCE,UP,0.87,True,True,False,,S0,277.1,276.2,0.9,4.0,4.0,12,9.61
NATURALGAS,2026-09-03,TREND_DOWN,2026-09-03T16:50:00Z,SELL,277.1,277.2,276.2,275.0,11.05,9512500.0,-60000.0,BELOW_VA,-6.15,-8.65,-2.15,1.53,2.0,0.912,True,poc,283.25,7.05,MIXED,UP,0.87,False,False,False,,S0,277.1,277.2,0.1,0.0,9.0,0,18.0
NATURALGAS,2026-09-03,TREND_DOWN,2026-09-03T16:55:00Z,BUY,278.5,278.6,277.1,280.0,10.5,22873750.0,-538750.0,BELOW_VA,-4.75,-7.25,-0.75,2.66,3.0,0.969,False,,,,NA,UP,0.7,True,True,False,,S0,278.5,277.1,1.4,1.57,1.57,10,5.18
NATURALGAS,2026-09-03,TREND_DOWN,2026-09-03T16:55:00Z,SELL,278.5,278.6,277.1,280.0,13.35,12126250.0,-76250.0,BELOW_VA,-4.75,-7.25,-0.75,2.66,3.0,0.969,True,poc,283.25,6.15,MIXED,UP,0.7,False,False,False,,S0,278.5,278.6,0.1,2.0,23.0,0,32.0
NATURALGAS,2026-09-03,TREND_DOWN,2026-09-03T17:00:00Z,BUY,279.2,279.3,278.3,280.0,11.1,21796250.0,-1077500.0,LOWER_VA,-4.05,-6.55,0.45,2.88,2.0,0.907,False,,,,NA,UP,0.73,True,True,False,,S0,279.2,278.3,0.9,1.67,1.67,6,7.28
NATURALGAS,2026-09-03,TREND_DOWN,2026-09-03T17:00:00Z,SELL,279.2,279.3,278.3,280.0,12.6,11900000.0,-226250.0,LOWER_VA,-4.05,-6.55,0.45,2.88,2.0,0.907,True,poc,283.25,4.95,MIXED,UP,0.73,False,False,False,,S0,279.2,279.3,0.1,0.0,30.0,0,4.5
NATURALGAS,2026-09-03,TREND_DOWN,2026-09-03T17:00:00Z,SELL,279.2,279.3,278.3,280.0,12.6,11900000.0,-226250.0,LOWER_VA,-4.05,-6.55,0.45,2.88,2.0,0.907,True,poc,283.25,4.95,MIXED,UP,0.73,False,False,False,,S2,279.4,280.7,1.3,0.23,2.46,2,0.5
NATURALGAS,2026-09-03,TREND_DOWN,2026-09-03T17:05:00Z,BUY,280.0,280.3,279.2,280.0,11.5,21308750.0,-487500.0,LOWER_VA,-3.25,-5.75,1.25,3.31,2.2,0.914,False,,,,NA,DOWN,0.43,False,True,False,,S0,280.0,279.2,0.8,0.87,0.87,1,7.19
NATURALGAS,2026-09-03,TREND_DOWN,2026-09-03T17:05:00Z,SELL,280.0,280.3,279.2,280.0,12.5,12322500.0,422500.0,LOWER_VA,-3.25,-5.75,1.25,3.31,2.2,0.914,True,poc,283.25,4.05,ACCEPTANCE,DOWN,0.43,True,False,False,,S0,280.0,280.3,0.3,2.33,12.67,0,4.17
NATURALGAS,2026-09-03,TREND_DOWN,2026-09-03T17:05:00Z,SELL,280.0,280.3,279.2,280.0,12.5,12322500.0,422500.0,LOWER_VA,-3.25,-5.75,1.25,3.31,2.2,0.914,True,poc,283.25,4.05,ACCEPTANCE,DOWN,0.43,True,False,False,,S2,279.4,280.7,1.3,0.23,2.46,2,0.5
NATURALGAS,2026-09-03,TREND_DOWN,2026-09-03T17:10:00Z,BUY,279.4,280.7,279.3,280.0,11.9,20727500.0,-581250.0,LOWER_VA,-3.85,-6.35,0.65,3.69,2.8,0.945,False,,,,NA,UP,0.4,True,False,False,,S0,279.4,279.3,0.1,7.0,13.0,0,63.5
NATURALGAS,2026-09-03,TREND_DOWN,2026-09-03T17:10:00Z,SELL,279.4,280.7,279.3,280.0,12.0,12413750.0,91250.0,LOWER_VA,-3.85,-6.35,0.65,3.69,2.8,0.945,True,poc,283.25,3.95,MIXED,UP,0.4,False,True,False,,S0,279.4,280.7,1.3,0.23,2.46,2,0.5
NATURALGAS,2026-09-03,TREND_DOWN,2026-09-03T17:10:00Z,SELL,279.4,280.7,279.3,280.0,12.0,12413750.0,91250.0,LOWER_VA,-3.85,-6.35,0.65,3.69,2.8,0.945,True,poc,283.25,3.95,MIXED,UP,0.4,False,True,False,,S2,279.4,280.7,1.3,0.23,2.46,2,0.5
NATURALGAS,2026-09-03,TREND_DOWN,2026-09-03T17:15:00Z,BUY,279.8,280.1,279.1,280.0,11.5,19716250.0,-1011250.0,LOWER_VA,-3.45,-5.95,0.55,1.76,2.0,0.897,False,,,,NA,UP,0.12,True,True,False,,S0,279.8,279.1,0.7,1.29,1.29,3,8.5
NATURALGAS,2026-09-03,TREND_DOWN,2026-09-03T17:15:00Z,SELL,279.8,280.1,279.1,280.0,12.15,12425000.0,11250.0,LOWER_VA,-3.45,-5.95,0.55,1.76,2.0,0.897,True,poc,283.25,4.15,MIXED,UP,0.12,False,False,False,,S0,279.8,280.1,0.3,0.33,12.0,0,1.83
NATURALGAS,2026-09-03,TREND_DOWN,2026-09-03T17:15:00Z,SELL,279.8,280.1,279.1,280.0,12.15,12425000.0,11250.0,LOWER_VA,-3.45,-5.95,0.55,1.76,2.0,0.897,True,poc,283.25,4.15,MIXED,UP,0.12,False,False,False,,S2,279.9,280.5,0.6,0.67,6.17,0,1.08
NATURALGAS,2026-09-03,TREND_DOWN,2026-09-03T17:25:00Z,BUY,279.6,280.7,279.5,280.0,11.85,19736250.0,-198750.0,LOWER_VA,-3.65,-6.15,0.35,2.21,2.0,0.916,False,,,,NA,UP,0.0,False,False,False,,S0,279.6,279.5,0.1,4.0,4.0,0,11.0
NATURALGAS,2026-09-03,TREND_DOWN,2026-09-03T17:25:00Z,SELL,279.6,280.7,279.5,280.0,12.0,12572500.0,-6250.0,LOWER_VA,-3.65,-6.15,0.35,2.21,2.0,0.916,True,poc,283.25,3.75,ACCEPTANCE,UP,0.0,True,True,False,,S0,279.6,280.7,1.1,3.09,3.09,,0.32
NATURALGAS,2026-09-03,TREND_DOWN,2026-09-03T17:25:00Z,SELL,279.6,280.7,279.5,280.0,12.0,12572500.0,-6250.0,LOWER_VA,-3.65,-6.15,0.35,2.21,2.0,0.916,True,poc,283.25,3.75,ACCEPTANCE,UP,0.0,True,True,False,,S2,279.6,280.7,1.1,3.09,3.09,,0.32
NATURALGAS,2026-09-03,TREND_DOWN,2026-09-03T17:35:00Z,BUY,278.2,279.5,278.1,280.0,11.55,19032500.0,-56250.0,BELOW_VA,-5.05,-7.55,-1.05,2.7,2.33,0.947,False,,,,NA,DOWN,0.78,False,False,False,,S0,278.2,278.1,0.1,2.0,2.0,0,25.0
NATURALGAS,2026-09-03,TREND_DOWN,2026-09-03T17:35:00Z,SELL,278.2,279.5,278.1,280.0,12.1,11902500.0,-252500.0,BELOW_VA,-5.05,-7.55,-1.05,2.7,2.33,0.947,True,poc,283.25,5.15,ACCEPTANCE,DOWN,0.78,True,True,False,,S0,278.2,279.5,1.3,1.54,1.54,,
NATURALGAS,2026-09-03,TREND_DOWN,2026-09-03T17:35:00Z,SELL,278.2,279.5,278.1,280.0,12.1,11902500.0,-252500.0,BELOW_VA,-5.05,-7.55,-1.05,2.7,2.33,0.947,True,poc,283.25,5.15,ACCEPTANCE,DOWN,0.78,True,True,False,,S2,277.4,278.1,0.7,1.71,1.71,,
NATURALGAS,2026-09-03,TREND_DOWN,2026-09-03T17:50:00Z,BUY,276.4,277.7,276.4,275.0,12.75,6528750.0,57500.0,BELOW_VA,-6.85,-9.35,-2.35,1.51,2.17,0.93,False,,,,NA,DOWN,0.29,False,False,False,,S0,276.4,276.4,0.0,,,,
NATURALGAS,2026-09-03,TREND_DOWN,2026-09-03T17:50:00Z,SELL,276.4,277.7,276.4,275.0,10.4,7540000.0,-113750.0,BELOW_VA,-6.85,-9.35,-2.35,1.51,2.17,0.93,True,poc,283.25,6.85,ACCEPTANCE,DOWN,0.29,True,True,False,,S0,276.4,277.7,1.3,0.15,0.15,,
NATURALGAS,2026-09-04,TREND_UP,2026-09-04T05:50:00Z,BUY,277.4,277.7,277.2,275.0,12.7,6507500.0,-28750.0,ABOVE_VA,0.15,0.15,0.65,2.16,1.67,0.929,True,prior_frac_hi,277.4,0.3,REJECTION,DOWN,0.67,False,False,False,,S0,277.4,277.2,0.2,0.5,25.0,0,
NATURALGAS,2026-09-04,TREND_UP,2026-09-04T05:50:00Z,SELL,277.4,277.7,277.2,275.0,10.4,6263750.0,13750.0,ABOVE_VA,0.15,0.15,0.65,2.16,1.67,0.929,True,poc,277.25,0.05,REJECTION,DOWN,0.67,True,False,True,2,S0,277.4,277.7,0.3,7.33,7.33,14,1.67
NATURALGAS,2026-09-04,TREND_UP,2026-09-04T05:50:00Z,SELL,277.4,277.7,277.2,275.0,10.4,6263750.0,13750.0,ABOVE_VA,0.15,0.15,0.65,2.16,1.67,0.929,True,poc,277.25,0.05,REJECTION,DOWN,0.67,True,False,True,2,S2,277.4,277.7,0.3,7.33,7.33,14,1.67
NATURALGAS,2026-09-04,TREND_UP,2026-09-04T06:10:00Z,BUY,276.7,277.1,276.4,275.0,12.6,6526250.0,7500.0,BELOW_VA,-0.55,-0.55,-0.05,2.36,2.33,1.0,False,,,,NA,DOWN,0.75,False,False,False,,S0,276.7,276.4,0.3,0.0,19.0,0,1.83
NATURALGAS,2026-09-04,TREND_UP,2026-09-04T06:10:00Z,SELL,276.7,277.1,276.4,275.0,10.55,6263750.0,-11250.0,BELOW_VA,-0.55,-0.55,-0.05,2.36,2.33,1.0,True,poc,277.25,0.85,ACCEPTANCE,DOWN,0.75,True,True,False,,S0,276.7,277.1,0.4,3.75,3.75,9,
NATURALGAS,2026-09-04,TREND_UP,2026-09-04T06:25:00Z,BUY,275.8,276.2,275.7,275.0,12.15,6617500.0,11250.0,BELOW_VA,-1.45,-1.45,-0.95,2.47,1.67,0.914,False,,,,NA,DOWN,0.33,False,False,False,,S0,275.8,275.7,0.1,2.0,66.0,0,14.5
NATURALGAS,2026-09-04,TREND_UP,2026-09-04T06:25:00Z,SELL,275.8,276.2,275.7,275.0,11.05,6341250.0,38750.0,BELOW_VA,-1.45,-1.45,-0.95,2.47,1.67,0.914,True,poc,277.25,1.55,ACCEPTANCE,DOWN,0.33,True,False,False,,S0,275.8,276.2,0.4,1.5,1.5,4,
NATURALGAS,2026-09-04,TREND_UP,2026-09-04T06:25:00Z,SELL,275.8,276.2,275.7,275.0,11.05,6341250.0,38750.0,BELOW_VA,-1.45,-1.45,-0.95,2.47,1.67,0.914,True,poc,277.25,1.55,ACCEPTANCE,DOWN,0.33,True,False,False,,S2,275.7,276.0,0.3,1.67,1.67,3,
NATURALGAS,2026-09-04,TREND_UP,2026-09-04T06:35:00Z,BUY,275.7,275.9,275.6,275.0,11.95,6757500.0,62500.0,BELOW_VA,-1.55,-2.05,-1.05,1.92,1.0,0.189,False,,,,NA,DOWN,0.2,False,False,False,,S0,275.7,275.6,0.1,0.0,67.0,0,18.0
NATURALGAS,2026-09-04,TREND_UP,2026-09-04T06:35:00Z,BUY,275.7,275.9,275.6,275.0,11.95,6757500.0,62500.0,BELOW_VA,-1.55,-2.05,-1.05,1.92,1.0,0.189,False,,,,NA,DOWN,0.2,False,False,False,,S2,275.6,275.2,0.4,17.0,17.0,,4.75
NATURALGAS,2026-09-04,TREND_UP,2026-09-04T06:35:00Z,SELL,275.7,275.9,275.6,275.0,11.15,6325000.0,-56250.0,BELOW_VA,-1.55,-2.05,-1.05,1.92,1.0,0.189,True,poc,277.25,1.65,ACCEPTANCE,DOWN,0.2,True,True,False,,S0,275.7,275.9,0.2,2.5,2.5,1,
NATURALGAS,2026-09-04,TREND_UP,2026-09-04T06:35:00Z,SELL,275.7,275.9,275.6,275.0,11.15,6325000.0,-56250.0,BELOW_VA,-1.55,-2.05,-1.05,1.92,1.0,0.189,True,poc,277.25,1.65,ACCEPTANCE,DOWN,0.2,True,True,False,,S2,275.7,275.9,0.2,2.5,2.5,1,
NATURALGAS,2026-09-04,TREND_UP,2026-09-04T06:40:00Z,BUY,275.6,275.7,275.2,275.0,11.8,6807500.0,50000.0,BELOW_VA,-1.65,-2.15,-1.15,3.63,1.67,0.921,False,,,,NA,UP,0.5,True,True,False,,S0,275.6,275.2,0.4,17.0,17.0,,4.75
NATURALGAS,2026-09-04,TREND_UP,2026-09-04T06:40:00Z,BUY,275.6,275.7,275.2,275.0,11.8,6807500.0,50000.0,BELOW_VA,-1.65,-2.15,-1.15,3.63,1.67,0.921,False,,,,NA,UP,0.5,True,True,False,,S2,275.6,275.2,0.4,17.0,17.0,,4.75
NATURALGAS,2026-09-04,TREND_UP,2026-09-04T06:40:00Z,SELL,275.6,275.7,275.2,275.0,11.15,6361250.0,36250.0,BELOW_VA,-1.65,-2.15,-1.15,3.63,1.67,0.921,True,poc,277.25,2.05,MIXED,UP,0.5,False,False,False,,S0,275.6,275.7,0.1,1.0,1.0,0,
NATURALGAS,2026-09-04,TREND_UP,2026-09-04T06:45:00Z,BUY,275.8,275.9,275.5,275.0,11.8,6863750.0,56250.0,BELOW_VA,-1.45,-1.95,-0.95,1.99,1.33,0.744,False,,,,NA,UP,1.0,True,True,False,,S0,275.8,275.5,0.3,22.0,22.0,,5.67
NATURALGAS,2026-09-04,TREND_UP,2026-09-04T06:45:00Z,SELL,275.8,275.9,275.5,275.0,11.25,6347500.0,-13750.0,BELOW_VA,-1.45,-1.95,-0.95,1.99,1.33,0.744,True,poc,277.25,1.75,MIXED,UP,1.0,False,False,False,,S0,275.8,275.9,0.1,0.0,0.0,0,1.0
NATURALGAS,2026-09-04,TREND_UP,2026-09-04T06:50:00Z,BUY,276.5,276.5,275.8,275.0,11.95,6926250.0,62500.0,LOWER_VA,-0.75,-1.25,0.25,3.08,2.33,0.975,False,,,,NA,UP,0.83,True,True,False,,S0,276.5,275.8,0.7,8.43,8.43,,1.43
NATURALGAS,2026-09-04,TREND_UP,2026-09-04T06:50:00Z,BUY,276.5,276.5,275.8,275.0,11.95,6926250.0,62500.0,LOWER_VA,-0.75,-1.25,0.25,3.08,2.33,0.975,False,,,,NA,UP,0.83,True,True,False,,S2,277.3,276.8,0.5,1.8,10.2,8,0.4
NATURALGAS,2026-09-04,TREND_UP,2026-09-04T06:50:00Z,SELL,276.5,276.5,275.8,275.0,11.1,6395000.0,47500.0,LOWER_VA,-0.75,-1.25,0.25,3.08,2.33,0.975,True,poc,277.25,1.45,MIXED,UP,0.83,False,False,False,,S0,276.5,276.5,0.0,,,,
NATURALGAS,2026-09-04,TREND_UP,2026-09-04T06:55:00Z,BUY,276.9,277.0,276.4,275.0,12.3,6983750.0,57500.0,LOWER_VA,-0.35,-0.35,1.15,1.97,2.0,0.951,False,,,,NA,UP,0.29,True,True,False,,S0,276.9,276.4,0.5,4.2,11.0,61,0.7
NATURALGAS,2026-09-04,TREND_UP,2026-09-04T06:55:00Z,BUY,276.9,277.0,276.4,275.0,12.3,6983750.0,57500.0,LOWER_VA,-0.35,-0.35,1.15,1.97,2.0,0.951,False,,,,NA,UP,0.29,True,True,False,,S2,277.3,276.8,0.5,1.8,10.2,8,0.4
NATURALGAS,2026-09-04,TREND_UP,2026-09-04T06:55:00Z,SELL,276.9,277.0,276.4,275.0,10.75,6363750.0,-31250.0,LOWER_VA,-0.35,-0.35,1.15,1.97,2.0,0.951,True,poc,277.25,0.85,REJECTION,UP,0.29,False,False,False,,S0,276.9,277.0,0.1,1.0,9.0,0,11.5
NATURALGAS,2026-09-04,TREND_UP,2026-09-04T07:00:00Z,BUY,277.3,277.5,276.8,275.0,12.55,6888750.0,-95000.0,ABOVE_VA,0.05,0.05,1.55,2.12,2.33,0.976,True,vah,277.25,0.25,ACCEPTANCE,UP,0.8,True,True,False,,S0,277.3,276.8,0.5,1.8,10.2,8,0.4
NATURALGAS,2026-09-04,TREND_UP,2026-09-04T07:00:00Z,BUY,277.3,277.5,276.8,275.0,12.55,6888750.0,-95000.0,ABOVE_VA,0.05,0.05,1.55,2.12,2.33,0.976,True,vah,277.25,0.25,ACCEPTANCE,UP,0.8,True,True,False,,S2,277.3,276.8,0.5,1.8,10.2,8,0.4
NATURALGAS,2026-09-04,TREND_UP,2026-09-04T07:00:00Z,SELL,277.3,277.5,276.8,275.0,10.55,6383750.0,20000.0,ABOVE_VA,0.05,0.05,1.55,2.12,2.33,0.976,True,poc,277.25,0.45,REJECTION,UP,0.8,False,False,False,,S0,277.3,277.5,0.2,0.5,6.5,0,7.75
NATURALGAS,2026-09-04,TREND_UP,2026-09-04T07:05:00Z,BUY,277.7,277.7,277.2,280.0,10.45,19036250.0,-40000.0,ABOVE_VA,0.45,0.45,1.95,2.66,1.67,0.86,True,prior_frac_hi,277.5,0.2,ACCEPTANCE,UP,0.4,True,True,False,,S0,277.7,277.2,0.5,1.0,9.4,2,
NATURALGAS,2026-09-04,TREND_UP,2026-09-04T07:05:00Z,BUY,277.7,277.7,277.2,280.0,10.45,19036250.0,-40000.0,ABOVE_VA,0.45,0.45,1.95,2.66,1.67,0.86,True,prior_frac_hi,277.5,0.2,ACCEPTANCE,UP,0.4,True,True,False,,S2,278.0,277.5,0.5,0.4,8.8,1,
NATURALGAS,2026-09-04,TREND_UP,2026-09-04T07:05:00Z,SELL,277.7,277.7,277.2,280.0,13.15,10201250.0,56250.0,ABOVE_VA,0.45,0.45,1.95,2.66,1.67,0.86,True,poc,277.25,0.05,REJECTION,UP,0.4,False,False,False,,S0,277.7,277.7,0.0,,,,
NATURALGAS,2026-09-04,TREND_UP,2026-09-04T07:05:00Z,SELL,277.7,277.7,277.2,280.0,13.15,10201250.0,56250.0,ABOVE_VA,0.45,0.45,1.95,2.66,1.67,0.86,True,poc,277.25,0.05,REJECTION,UP,0.4,False,False,False,,S2,277.9,278.2,0.3,4.67,6.33,32,7.17
NATURALGAS,2026-09-04,TREND_UP,2026-09-04T07:10:00Z,BUY,278.0,278.0,277.5,280.0,10.55,18922500.0,-113750.0,ABOVE_VA,0.75,0.25,1.75,3.54,1.67,0.864,False,,,,NA,DOWN,0.33,False,True,False,,S0,278.0,277.5,0.5,0.4,8.8,1,
NATURALGAS,2026-09-04,TREND_UP,2026-09-04T07:10:00Z,BUY,278.0,278.0,277.5,280.0,10.55,18922500.0,-113750.0,ABOVE_VA,0.75,0.25,1.75,3.54,1.67,0.864,False,,,,NA,DOWN,0.33,False,True,False,,S2,278.0,277.5,0.5,0.4,8.8,1,
NATURALGAS,2026-09-04,TREND_UP,2026-09-04T07:10:00Z,SELL,278.0,278.0,277.5,280.0,13.05,10261250.0,60000.0,ABOVE_VA,0.75,0.25,1.75,3.54,1.67,0.864,False,,,,NA,DOWN,0.33,True,False,False,,S0,278.0,278.0,0.0,,,,
NATURALGAS,2026-09-04,TREND_UP,2026-09-04T07:10:00Z,SELL,278.0,278.0,277.5,280.0,13.05,10261250.0,60000.0,ABOVE_VA,0.75,0.25,1.75,3.54,1.67,0.864,False,,,,NA,DOWN,0.33,True,False,False,,S2,277.9,278.2,0.3,4.67,6.33,32,5.5
NATURALGAS,2026-09-04,TREND_UP,2026-09-04T07:20:00Z,BUY,277.2,278.0,277.2,275.0,13.1,6640000.0,17500.0,AT_POC,-0.05,-0.55,0.95,2.39,2.67,1.0,False,,,,NA,UP,1.0,True,False,False,,S0,277.2,277.2,0.0,,,,
NATURALGAS,2026-09-04,TREND_UP,2026-09-04T07:20:00Z,SELL,277.2,278.0,277.2,275.0,10.15,6760000.0,86250.0,AT_POC,-0.05,-0.55,0.95,2.39,2.67,1.0,True,poc,277.25,0.05,REJECTION,UP,1.0,False,False,False,,S0,277.2,278.0,0.8,0.0,1.5,0,1.19
NATURALGAS,2026-09-04,TREND_UP,2026-09-04T07:25:00Z,BUY,278.0,278.0,277.3,280.0,10.45,18960000.0,8750.0,ABOVE_VA,0.75,0.25,1.75,1.65,2.33,0.957,True,vah,277.75,0.25,REJECTION,DOWN,0.5,False,True,False,,S0,278.0,277.3,0.7,0.14,6.29,2,0.29
NATURALGAS,2026-09-04,TREND_UP,2026-09-04T07:25:00Z,BUY,278.0,278.0,277.3,280.0,10.45,18960000.0,8750.0,ABOVE_VA,0.75,0.25,1.75,1.65,2.33,0.957,True,vah,277.75,0.25,REJECTION,DOWN,0.5,False,True,False,,S2,277.6,277.4,0.2,0.0,24.0,0,0.75
NATURALGAS,2026-09-04,TREND_UP,2026-09-04T07:25:00Z,SELL,278.0,278.0,277.3,280.0,13.1,10598750.0,96250.0,ABOVE_VA,0.75,0.25,1.75,1.65,2.33,0.957,False,,,,NA,DOWN,0.5,True,False,False,,S0,278.0,278.0,0.0,,,,
NATURALGAS,2026-09-04,TREND_UP,2026-09-04T07:30:00Z,BUY,277.7,278.1,277.5,280.0,10.8,18915000.0,-45000.0,UPPER_VA,0.45,-0.05,1.45,1.14,2.0,0.896,False,,,,NA,UP,0.5,False,False,False,,S0,277.7,277.5,0.2,0.0,23.5,0,0.25
NATURALGAS,2026-09-04,TREND_UP,2026-09-04T07:30:00Z,BUY,277.7,278.1,277.5,280.0,10.8,18915000.0,-45000.0,UPPER_VA,0.45,-0.05,1.45,1.14,2.0,0.896,False,,,,NA,UP,0.5,False,False,False,,S2,277.6,277.4,0.2,0.0,24.0,0,0.75
NATURALGAS,2026-09-04,TREND_UP,2026-09-04T07:30:00Z,SELL,277.7,278.1,277.5,280.0,12.8,10682500.0,83750.0,UPPER_VA,0.45,-0.05,1.45,1.14,2.0,0.896,False,,,,NA,UP,0.5,True,True,True,2,S0,277.7,278.1,0.4,3.0,4.25,29,1.25
NATURALGAS,2026-09-04,TREND_UP,2026-09-04T07:45:00Z,BUY,276.9,277.3,276.5,275.0,12.7,6522500.0,-57500.0,LOWER_VA,-0.35,-0.85,0.65,1.89,2.67,1.0,True,poc,277.25,0.05,REJECTION,DOWN,0.75,False,False,False,,S0,276.9,276.5,0.4,5.25,13.75,51,2.13
NATURALGAS,2026-09-04,TREND_UP,2026-09-04T07:45:00Z,SELL,276.9,277.3,276.5,275.0,10.45,6827500.0,-8750.0,LOWER_VA,-0.35,-0.85,0.65,1.89,2.67,1.0,True,poc,277.25,0.75,ACCEPTANCE,DOWN,0.75,True,False,False,,S0,276.9,277.3,0.4,0.75,2.25,1,1.62
NATURALGAS,2026-09-04,TREND_UP,2026-09-04T09:25:00Z,BUY,277.2,277.9,277.1,275.0,,,,AT_POC,-0.05,-0.55,0.45,0.83,2.67,0.972,False,,,,NA,UP,0.0,False,False,False,,S0,277.2,277.1,0.1,0.0,52.0,0,3.0
NATURALGAS,2026-09-04,TREND_UP,2026-09-04T09:25:00Z,BUY,277.2,277.9,277.1,275.0,,,,AT_POC,-0.05,-0.55,0.45,0.83,2.67,0.972,False,,,,NA,UP,0.0,False,False,False,,S2,277.1,276.8,0.3,6.33,17.67,29,1.33
NATURALGAS,2026-09-04,TREND_UP,2026-09-04T09:25:00Z,SELL,277.2,277.9,277.1,275.0,,,,AT_POC,-0.05,-0.55,0.45,0.83,2.67,0.972,True,poc,277.25,0.15,ACCEPTANCE,UP,0.0,True,True,True,2,S0,277.2,277.9,0.7,0.57,1.71,6,0.64
NATURALGAS,2026-09-04,TREND_UP,2026-09-04T09:50:00Z,BUY,277.7,277.8,277.1,280.0,10.3,19491250.0,-36250.0,UPPER_VA,0.45,-0.05,0.95,0.66,2.0,0.947,True,poc,277.25,0.55,MIXED,DOWN,0.5,False,False,False,,S0,277.7,277.1,0.6,1.0,7.83,10,0.08
NATURALGAS,2026-09-04,TREND_UP,2026-09-04T09:50:00Z,SELL,277.7,277.8,277.1,280.0,13.25,11261250.0,17500.0,UPPER_VA,0.45,-0.05,0.95,0.66,2.0,0.947,True,poc,277.25,0.15,REJECTION,DOWN,0.5,True,False,False,,S0,277.7,277.8,0.1,3.0,17.0,0,8.0
NATURALGAS,2026-09-04,TREND_UP,2026-09-04T09:50:00Z,SELL,277.7,277.8,277.1,280.0,13.25,11261250.0,17500.0,UPPER_VA,0.45,-0.05,0.95,0.66,2.0,0.947,True,poc,277.25,0.15,REJECTION,DOWN,0.5,True,False,False,,S2,277.8,278.3,0.5,1.8,3.6,19,1.8
NATURALGAS,2026-09-04,TREND_UP,2026-09-04T10:00:00Z,BUY,277.8,278.3,277.5,280.0,,,,ABOVE_VA,0.55,0.05,1.05,4.2,2.0,1.0,True,vah,277.75,0.55,REJECTION,DOWN,0.33,False,False,False,,S0,277.8,277.5,0.3,0.67,15.33,0,
NATURALGAS,2026-09-04,TREND_UP,2026-09-04T10:00:00Z,SELL,277.8,278.3,277.5,280.0,,,,ABOVE_VA,0.55,0.05,1.05,4.2,2.0,1.0,False,,,,NA,DOWN,0.33,True,True,False,,S0,277.8,278.3,0.5,1.8,3.6,19,1.8
NATURALGAS,2026-09-04,TREND_UP,2026-09-04T10:00:00Z,SELL,277.8,278.3,277.5,280.0,,,,ABOVE_VA,0.55,0.05,1.05,4.2,2.0,1.0,False,,,,NA,DOWN,0.33,True,True,False,,S2,277.8,278.3,0.5,1.8,3.6,19,1.8
NATURALGAS,2026-09-04,TREND_UP,2026-09-04T10:50:00Z,BUY,276.9,277.4,276.9,275.0,12.65,7611250.0,-56250.0,LOWER_VA,-0.35,-0.85,0.15,2.05,1.43,0.83,False,,,,NA,UP,0.0,True,False,False,,S0,276.9,276.9,0.0,,,,
NATURALGAS,2026-09-04,TREND_UP,2026-09-04T10:50:00Z,BUY,276.9,277.4,276.9,275.0,12.65,7611250.0,-56250.0,LOWER_VA,-0.35,-0.85,0.15,2.05,1.43,0.83,False,,,,NA,UP,0.0,True,False,False,,S2,277.1,276.9,0.2,9.5,26.5,12,3.25
NATURALGAS,2026-09-04,TREND_UP,2026-09-04T10:50:00Z,SELL,276.9,277.4,276.9,275.0,10.45,8811250.0,-110000.0,LOWER_VA,-0.35,-0.85,0.15,2.05,1.43,0.83,True,prior_frac_lo,277.4,0.5,MIXED,UP,0.0,False,False,False,,S0,276.9,277.4,0.5,0.0,1.8,1,0.3
NATURALGAS,2026-09-04,TREND_UP,2026-09-04T11:00:00Z,BUY,277.5,277.8,277.1,275.0,,,,UPPER_VA,0.25,-0.25,0.75,1.2,2.0,0.944,True,poc,277.25,0.55,ACCEPTANCE,UP,0.67,True,False,False,,S0,277.5,277.1,0.4,0.75,12.25,2,0.62
NATURALGAS,2026-09-04,TREND_UP,2026-09-04T11:00:00Z,SELL,277.5,277.8,277.1,275.0,,,,UPPER_VA,0.25,-0.25,0.75,1.2,2.0,0.944,True,poc,277.25,0.15,REJECTION,UP,0.67,False,False,False,,S0,277.5,277.8,0.3,0.67,5.0,1,2.0
NATURALGAS,2026-09-04,TREND_UP,2026-09-04T11:25:00Z,BUY,277.3,277.8,277.0,275.0,12.65,7752500.0,-51250.0,AT_POC,0.05,-0.45,0.55,1.87,2.0,1.0,True,poc,277.25,0.55,ACCEPTANCE,UP,0.0,True,False,True,2,S0,277.3,277.0,0.3,5.67,17.0,5,1.5
NATURALGAS,2026-09-04,TREND_UP,2026-09-04T11:25:00Z,SELL,277.3,277.8,277.0,275.0,10.5,9186250.0,40000.0,AT_POC,0.05,-0.45,0.55,1.87,2.0,1.0,True,poc,277.25,0.25,REJECTION,UP,0.0,False,False,False,,S0,277.3,277.8,0.5,0.0,2.6,1,0.4
NATURALGAS,2026-09-04,TREND_UP,2026-09-04T11:25:00Z,SELL,277.3,277.8,277.0,275.0,10.5,9186250.0,40000.0,AT_POC,0.05,-0.45,0.55,1.87,2.0,1.0,True,poc,277.25,0.25,REJECTION,UP,0.0,False,False,False,,S2,277.3,277.8,0.5,0.0,2.6,1,0.4
NATURALGAS,2026-09-04,TREND_UP,2026-09-04T11:40:00Z,BUY,278.7,279.0,277.7,280.0,10.65,21536250.0,-132500.0,ABOVE_VA,1.45,0.95,1.95,6.17,3.25,1.0,True,prior_frac_hi,277.8,1.2,MIXED,DOWN,0.67,False,False,False,,S0,278.7,277.7,1.0,0.2,3.7,0,
NATURALGAS,2026-09-04,TREND_UP,2026-09-04T11:40:00Z,BUY,278.7,279.0,277.7,280.0,10.65,21536250.0,-132500.0,ABOVE_VA,1.45,0.95,1.95,6.17,3.25,1.0,True,prior_frac_hi,277.8,1.2,MIXED,DOWN,0.67,False,False,False,,S2,278.3,277.2,1.1,0.36,3.73,0,
NATURALGAS,2026-09-04,TREND_UP,2026-09-04T11:40:00Z,SELL,278.7,279.0,277.7,280.0,12.95,13721250.0,146250.0,ABOVE_VA,1.45,0.95,1.95,6.17,3.25,1.0,False,,,,NA,DOWN,0.67,True,False,False,,S0,278.7,279.0,0.3,9.0,9.0,6,5.67
NATURALGAS,2026-09-04,TREND_UP,2026-09-04T11:45:00Z,BUY,278.0,278.9,277.7,280.0,11.1,21513750.0,-22500.0,ABOVE_VA,0.75,0.25,1.25,3.85,3.0,0.99,False,,,,NA,UP,0.18,True,False,False,,S0,278.0,277.7,0.3,1.0,14.67,0,
NATURALGAS,2026-09-04,TREND_UP,2026-09-04T11:45:00Z,BUY,278.0,278.9,277.7,280.0,11.1,21513750.0,-22500.0,ABOVE_VA,0.75,0.25,1.25,3.85,3.0,0.99,False,,,,NA,UP,0.18,True,False,False,,S2,278.3,277.2,1.1,0.36,3.73,0,
NATURALGAS,2026-09-04,TREND_UP,2026-09-04T11:45:00Z,SELL,278.0,278.9,277.7,280.0,12.5,13823750.0,102500.0,ABOVE_VA,0.75,0.25,1.25,3.85,3.0,0.99,False,,,,NA,UP,0.18,False,True,True,2,S0,278.0,278.9,0.9,2.22,2.22,5,0.78
NATURALGAS,2026-09-04,TREND_UP,2026-09-04T11:50:00Z,BUY,278.3,278.3,277.2,280.0,10.95,22462500.0,948750.0,ABOVE_VA,1.05,0.55,1.55,5.9,2.75,0.98,False,,,,NA,DOWN,0.76,False,True,False,,S0,278.3,277.2,1.1,0.36,3.73,0,0.64
NATURALGAS,2026-09-04,TREND_UP,2026-09-04T11:50:00Z,BUY,278.3,278.3,277.2,280.0,10.95,22462500.0,948750.0,ABOVE_VA,1.05,0.55,1.55,5.9,2.75,0.98,False,,,,NA,DOWN,0.76,False,True,False,,S2,278.3,277.2,1.1,0.36,3.73,0,0.64
NATURALGAS,2026-09-04,TREND_UP,2026-09-04T11:50:00Z,SELL,278.3,278.3,277.2,280.0,12.65,13871250.0,47500.0,ABOVE_VA,1.05,0.55,1.55,5.9,2.75,0.98,True,prior_frac_lo,277.3,0.1,REJECTION,DOWN,0.76,True,True,False,,S0,278.3,278.3,0.0,,,,
NATURALGAS,2026-09-04,TREND_UP,2026-09-04T11:55:00Z,BUY,277.0,278.7,277.0,275.0,13.3,7956250.0,76250.0,LOWER_VA,-0.25,-0.75,0.25,5.21,4.25,1.0,False,,,,NA,DOWN,0.25,True,False,False,,S0,277.0,277.0,0.0,,,,
NATURALGAS,2026-09-04,TREND_UP,2026-09-04T11:55:00Z,SELL,277.0,278.7,277.0,275.0,10.05,9767500.0,-102500.0,LOWER_VA,-0.25,-0.75,0.25,5.21,4.25,1.0,True,prior_frac_lo,277.3,0.3,ACCEPTANCE,DOWN,0.25,True,True,False,,S0,277.0,278.7,1.7,0.59,0.59,3,0.15
NATURALGAS,2026-09-04,TREND_UP,2026-09-04T12:00:00Z,BUY,277.0,277.4,276.6,275.0,12.6,8177500.0,221250.0,LOWER_VA,-0.25,-0.75,0.25,4.56,2.0,0.922,True,poc,277.25,0.15,REJECTION,DOWN,0.86,False,False,False,,S0,277.0,276.6,0.4,0.0,13.5,0,1.88
NATURALGAS,2026-09-04,TREND_UP,2026-09-04T12:00:00Z,SELL,277.0,277.4,276.6,275.0,10.5,9711250.0,-56250.0,LOWER_VA,-0.25,-0.75,0.25,4.56,2.0,0.922,True,prior_frac_lo,277.3,0.7,ACCEPTANCE,DOWN,0.86,True,True,False,,S0,277.0,277.4,0.4,2.5,2.5,1,0.62
NATURALGAS,2026-09-04,TREND_UP,2026-09-04T12:05:00Z,BUY,276.4,277.0,276.3,275.0,12.55,8255000.0,77500.0,BELOW_VA,-0.85,-1.35,-0.35,2.9,1.75,0.893,False,,,,NA,UP,0.57,True,True,False,,S0,276.4,276.3,0.1,10.0,60.0,0,13.5
NATURALGAS,2026-09-04,TREND_UP,2026-09-04T12:05:00Z,SELL,276.4,277.0,276.3,275.0,10.65,9815000.0,103750.0,BELOW_VA,-0.85,-1.35,-0.35,2.9,1.75,0.893,True,prior_frac_lo,277.3,1.0,MIXED,UP,0.57,False,True,False,,S0,276.4,277.0,0.6,0.67,0.67,0,
NATURALGAS,2026-09-04,TREND_UP,2026-09-04T12:10:00Z,BUY,277.2,277.4,276.0,275.0,12.3,8498750.0,243750.0,AT_POC,-0.05,-0.55,0.45,4.12,3.5,0.99,True,poc,277.25,0.15,REJECTION,UP,1.0,True,True,False,,S0,277.2,276.0,1.2,4.33,4.33,,0.46
NATURALGAS,2026-09-04,TREND_UP,2026-09-04T12:10:00Z,SELL,277.2,277.4,276.0,275.0,10.8,10008750.0,193750.0,AT_POC,-0.05,-0.55,0.45,4.12,3.5,0.99,True,prior_frac_lo,277.3,1.3,REJECTION,UP,1.0,False,False,False,,S0,277.2,277.4,0.2,0.0,0.0,0,2.25
NATURALGAS,2026-09-04,TREND_UP,2026-09-04T12:15:00Z,BUY,279.3,279.3,277.2,280.0,10.5,23766250.0,120000.0,ABOVE_VA,2.05,1.55,2.55,11.89,5.25,1.0,True,poc,277.25,2.05,ACCEPTANCE,UP,0.33,True,True,False,,S0,279.3,277.2,2.1,1.48,1.48,,
NATURALGAS,2026-09-04,TREND_UP,2026-09-04T12:15:00Z,SELL,279.3,279.3,277.2,280.0,13.25,13521250.0,137500.0,ABOVE_VA,2.05,1.55,2.55,11.89,5.25,1.0,True,prior_frac_lo,277.3,0.1,REJECTION,UP,0.33,False,False,False,,S0,279.3,279.3,0.0,,,,
NATURALGAS,2026-09-04,TREND_UP,2026-09-04T12:20:00Z,BUY,279.5,280.0,279.1,280.0,11.35,22173750.0,-1592500.0,ABOVE_VA,2.25,1.25,2.75,9.83,2.25,0.943,False,,,,NA,UP,0.73,True,True,False,,S0,279.5,279.1,0.4,7.25,7.25,9,
NATURALGAS,2026-09-04,TREND_UP,2026-09-04T12:20:00Z,SELL,279.5,280.0,279.1,280.0,12.25,13423750.0,-97500.0,ABOVE_VA,2.25,1.25,2.75,9.83,2.25,0.943,False,,,,NA,UP,0.73,False,False,False,,S0,279.5,280.0,0.5,0.0,3.2,0,5.5
NATURALGAS,2026-09-04,TREND_UP,2026-09-04T12:25:00Z,BUY,280.4,280.7,279.6,280.0,11.5,21287500.0,-886250.0,ABOVE_VA,3.15,2.15,3.65,9.36,2.75,0.944,False,,,,NA,UP,0.75,True,True,False,,S0,280.4,279.6,0.8,2.5,2.5,2,
NATURALGAS,2026-09-04,TREND_UP,2026-09-04T12:25:00Z,SELL,280.4,280.7,279.6,280.0,12.15,13981250.0,557500.0,ABOVE_VA,3.15,2.15,3.65,9.36,2.75,0.944,False,,,,NA,UP,0.75,False,False,False,,S0,280.4,280.7,0.3,0.0,8.33,0,12.17
NATURALGAS,2026-09-04,TREND_UP,2026-09-04T12:30:00Z,BUY,281.9,282.4,280.4,280.0,12.75,20710000.0,-577500.0,ABOVE_VA,4.65,3.65,5.65,16.32,5.0,0.991,False,,,,NA,DOWN,0.91,False,False,False,,S0,281.9,280.4,1.5,0.07,0.07,0,
NATURALGAS,2026-09-04,TREND_UP,2026-09-04T12:30:00Z,SELL,281.9,282.4,280.4,280.0,11.15,14446250.0,465000.0,ABOVE_VA,4.65,3.65,5.65,16.32,5.0,0.991,False,,,,NA,DOWN,0.91,True,True,False,,S0,281.9,282.4,0.5,8.0,8.0,,11.3
NATURALGAS,2026-09-04,TREND_UP,2026-09-04T12:35:00Z,BUY,279.8,282.0,279.7,280.0,12.85,20528750.0,-181250.0,ABOVE_VA,2.55,0.55,3.55,8.21,5.75,1.0,False,,,,NA,UP,0.2,True,False,False,,S0,279.8,279.7,0.1,6.0,21.0,0,
NATURALGAS,2026-09-04,TREND_UP,2026-09-04T12:35:00Z,SELL,279.8,282.0,279.7,280.0,11.0,14600000.0,153750.0,ABOVE_VA,2.55,0.55,3.55,8.21,5.75,1.0,False,,,,NA,UP,0.2,False,True,True,2,S0,279.8,282.0,2.2,0.86,0.86,,1.61
NATURALGAS,2026-09-04,TREND_UP,2026-09-04T12:35:00Z,SELL,279.8,282.0,279.7,280.0,11.0,14600000.0,153750.0,ABOVE_VA,2.55,0.55,3.55,8.21,5.75,1.0,False,,,,NA,UP,0.2,False,True,True,2,S2,280.1,280.7,0.6,1.17,3.67,2,6.42
NATURALGAS,2026-09-04,TREND_UP,2026-09-04T12:40:00Z,BUY,279.9,280.4,279.4,280.0,11.75,20020000.0,-508750.0,ABOVE_VA,2.65,0.15,3.65,2.66,2.5,0.918,True,vah,279.75,0.65,ACCEPTANCE,UP,0.25,True,True,False,,S0,279.9,279.4,0.5,1.6,4.0,3,5.0
NATURALGAS,2026-09-04,TREND_UP,2026-09-04T12:40:00Z,SELL,279.9,280.4,279.4,280.0,11.8,15015000.0,415000.0,ABOVE_VA,2.65,0.15,3.65,2.66,2.5,0.918,False,,,,NA,UP,0.25,False,False,False,,S0,279.9,280.4,0.5,0.0,4.0,0,7.3
NATURALGAS,2026-09-04,TREND_UP,2026-09-04T12:40:00Z,SELL,279.9,280.4,279.4,280.0,11.8,15015000.0,415000.0,ABOVE_VA,2.65,0.15,3.65,2.66,2.5,0.918,False,,,,NA,UP,0.25,False,False,False,,S2,280.1,280.7,0.6,1.17,3.67,2,6.42
NATURALGAS,2026-09-04,TREND_UP,2026-09-04T12:45:00Z,BUY,280.1,280.7,279.9,280.0,11.9,19771250.0,-248750.0,ABOVE_VA,2.85,0.35,3.85,3.46,2.0,0.901,False,,,,NA,DOWN,0.29,False,False,False,,S0,280.1,279.9,0.2,2.0,9.0,0,11.5
NATURALGAS,2026-09-04,TREND_UP,2026-09-04T12:45:00Z,SELL,280.1,280.7,279.9,280.0,11.75,15893750.0,878750.0,ABOVE_VA,2.85,0.35,3.85,3.46,2.0,0.901,False,,,,NA,DOWN,0.29,True,True,False,,S0,280.1,280.7,0.6,1.17,3.67,2,6.42
NATURALGAS,2026-09-04,TREND_UP,2026-09-04T12:45:00Z,SELL,280.1,280.7,279.9,280.0,11.75,15893750.0,878750.0,ABOVE_VA,2.85,0.35,3.85,3.46,2.0,0.901,False,,,,NA,DOWN,0.29,True,True,False,,S2,280.1,280.7,0.6,1.17,3.67,2,6.42
NATURALGAS,2026-09-04,TREND_UP,2026-09-04T12:50:00Z,BUY,280.0,280.5,279.8,280.0,11.85,19638750.0,-132500.0,ABOVE_VA,2.75,0.25,3.75,3.87,1.75,0.83,False,,,,NA,UP,0.0,True,False,False,,S0,280.0,279.8,0.2,1.5,9.5,0,12.0
NATURALGAS,2026-09-04,TREND_UP,2026-09-04T12:50:00Z,SELL,280.0,280.5,279.8,280.0,11.65,15495000.0,-398750.0,ABOVE_VA,2.75,0.25,3.75,3.87,1.75,0.83,False,,,,NA,UP,0.0,True,True,False,,S0,280.0,280.5,0.5,1.2,4.2,1,1.2
NATURALGAS,2026-09-04,TREND_UP,2026-09-04T12:50:00Z,SELL,280.0,280.5,279.8,280.0,11.65,15495000.0,-398750.0,ABOVE_VA,2.75,0.25,3.75,3.87,1.75,0.83,False,,,,NA,UP,0.0,True,True,False,,S2,280.0,280.5,0.5,1.2,4.2,1,1.2
NATURALGAS,2026-09-04,TREND_UP,2026-09-04T13:00:00Z,BUY,279.5,280.7,279.4,280.0,11.65,19913750.0,178750.0,UPPER_VA,2.25,-0.75,3.25,3.54,3.25,0.956,True,vah,280.25,0.45,REJECTION,UP,0.8,True,False,False,,S0,279.5,279.4,0.1,4.0,24.0,0,7.5
NATURALGAS,2026-09-04,TREND_UP,2026-09-04T13:00:00Z,SELL,279.5,280.7,279.4,280.0,11.85,15127500.0,101250.0,UPPER_VA,2.25,-0.75,3.25,3.54,3.25,0.956,False,,,,NA,UP,0.8,False,False,False,,S0,279.5,280.7,1.2,0.33,1.33,3,0.08
NATURALGAS,2026-09-04,TREND_UP,2026-09-04T13:00:00Z,SELL,279.5,280.7,279.4,280.0,11.85,15127500.0,101250.0,UPPER_VA,2.25,-0.75,3.25,3.54,3.25,0.956,False,,,,NA,UP,0.8,False,False,False,,S2,279.5,280.7,1.2,0.33,1.33,3,0.08
NATURALGAS,2026-09-04,TREND_UP,2026-09-04T13:10:00Z,BUY,279.5,280.0,279.1,280.0,11.4,19922500.0,-148750.0,UPPER_VA,2.25,-0.75,3.25,1.71,2.25,0.905,False,,,,NA,UP,0.67,True,True,False,,S0,279.5,279.1,0.4,3.75,6.0,4,1.88
NATURALGAS,2026-09-04,TREND_UP,2026-09-04T13:10:00Z,SELL,279.5,280.0,279.1,280.0,11.9,15417500.0,385000.0,UPPER_VA,2.25,-0.75,3.25,1.71,2.25,0.905,True,prior_frac_lo,279.4,0.3,REJECTION,UP,0.67,False,False,False,,S0,279.5,280.0,0.5,0.6,3.2,0,0.2
NATURALGAS,2026-09-04,TREND_UP,2026-09-04T13:10:00Z,SELL,279.5,280.0,279.1,280.0,11.9,15417500.0,385000.0,UPPER_VA,2.25,-0.75,3.25,1.71,2.25,0.905,True,prior_frac_lo,279.4,0.3,REJECTION,UP,0.67,False,False,False,,S2,280.3,281.0,0.7,3.43,3.43,12,1.29
NATURALGAS,2026-09-04,TREND_UP,2026-09-04T13:15:00Z,BUY,280.4,280.4,279.2,280.0,11.35,18783750.0,-1138750.0,ABOVE_VA,3.15,0.15,4.15,1.41,3.0,0.94,True,vah,280.25,0.15,MIXED,UP,0.13,False,True,True,2,S0,280.4,279.2,1.2,0.5,1.25,3,0.25
NATURALGAS,2026-09-04,TREND_UP,2026-09-04T13:15:00Z,BUY,280.4,280.4,279.2,280.0,11.35,18783750.0,-1138750.0,ABOVE_VA,3.15,0.15,4.15,1.41,3.0,0.94,True,vah,280.25,0.15,MIXED,UP,0.13,False,True,True,2,S2,280.2,279.6,0.6,0.33,2.83,1,0.08
NATURALGAS,2026-09-04,TREND_UP,2026-09-04T13:15:00Z,SELL,280.4,280.4,279.2,280.0,11.85,15226250.0,-191250.0,ABOVE_VA,3.15,0.15,4.15,1.41,3.0,0.94,True,prior_frac_lo,279.4,0.2,REJECTION,UP,0.13,True,False,False,,S0,280.4,280.4,0.0,,,,
NATURALGAS,2026-09-04,TREND_UP,2026-09-04T13:15:00Z,SELL,280.4,280.4,279.2,280.0,11.85,15226250.0,-191250.0,ABOVE_VA,3.15,0.15,4.15,1.41,3.0,0.94,True,prior_frac_lo,279.4,0.2,REJECTION,UP,0.13,True,False,False,,S2,280.3,281.0,0.7,3.43,3.43,12,1.29
NATURALGAS,2026-09-04,TREND_UP,2026-09-04T13:20:00Z,BUY,280.3,281.0,280.2,280.0,11.75,18913750.0,130000.0,ABOVE_VA,3.05,0.05,4.05,2.77,2.0,0.881,True,vah,280.25,0.75,REJECTION,UP,0.0,False,False,False,,S0,280.3,280.2,0.1,0.0,16.0,0,4.0
NATURALGAS,2026-09-04,TREND_UP,2026-09-04T13:20:00Z,BUY,280.3,281.0,280.2,280.0,11.75,18913750.0,130000.0,ABOVE_VA,3.05,0.05,4.05,2.77,2.0,0.881,True,vah,280.25,0.75,REJECTION,UP,0.0,False,False,False,,S2,280.2,279.6,0.6,0.33,2.83,1,0.08
NATURALGAS,2026-09-04,TREND_UP,2026-09-04T13:20:00Z,SELL,280.3,281.0,280.2,280.0,11.45,15360000.0,133750.0,ABOVE_VA,3.05,0.05,4.05,2.77,2.0,0.881,False,,,,NA,UP,0.0,True,True,True,2,S0,280.3,281.0,0.7,3.43,3.43,12,1.71
NATURALGAS,2026-09-04,TREND_UP,2026-09-04T13:20:00Z,SELL,280.3,281.0,280.2,280.0,11.45,15360000.0,133750.0,ABOVE_VA,3.05,0.05,4.05,2.77,2.0,0.881,False,,,,NA,UP,0.0,True,True,True,2,S2,280.3,281.0,0.7,3.43,3.43,12,1.71
NATURALGAS,2026-09-04,TREND_UP,2026-09-04T13:35:00Z,BUY,278.9,280.3,278.8,280.0,11.7,18967500.0,-73750.0,UPPER_VA,1.65,-1.35,2.65,2.11,3.75,0.967,True,vah,280.25,0.05,REJECTION,DOWN,0.7,False,False,False,,S0,278.9,278.8,0.1,0.0,30.0,0,13.5
NATURALGAS,2026-09-04,TREND_UP,2026-09-04T13:35:00Z,SELL,278.9,280.3,278.8,280.0,11.5,15521250.0,47500.0,UPPER_VA,1.65,-1.35,2.65,2.11,3.75,0.967,True,prior_frac_lo,279.6,0.8,ACCEPTANCE,DOWN,0.7,True,True,True,2,S0,278.9,280.3,1.4,0.71,0.71,9,1.89
NATURALGAS,2026-09-04,TREND_UP,2026-09-04T13:40:00Z,BUY,278.2,278.9,277.9,280.0,10.9,18860000.0,-107500.0,UPPER_VA,0.95,-2.05,1.45,3.68,2.5,0.902,False,,,,NA,UP,0.5,True,True,False,,S0,278.2,277.9,0.3,12.33,12.33,,6.83
NATURALGAS,2026-09-04,TREND_UP,2026-09-04T13:40:00Z,BUY,278.2,278.9,277.9,280.0,10.9,18860000.0,-107500.0,UPPER_VA,0.95,-2.05,1.45,3.68,2.5,0.902,False,,,,NA,UP,0.5,True,True,False,,S2,279.0,278.6,0.4,0.0,7.25,0,3.12
NATURALGAS,2026-09-04,TREND_UP,2026-09-04T13:40:00Z,SELL,278.2,278.9,277.9,280.0,12.1,15203750.0,-317500.0,UPPER_VA,0.95,-2.05,1.45,3.68,2.5,0.902,True,prior_frac_lo,279.6,1.7,MIXED,UP,0.5,False,False,False,,S0,278.2,278.9,0.7,0.0,0.0,0,2.07
NATURALGAS,2026-09-04,TREND_UP,2026-09-04T13:45:00Z,BUY,278.9,279.4,278.2,280.0,10.6,18998750.0,138750.0,UPPER_VA,1.65,-1.35,2.15,1.37,3.0,0.935,False,,,,NA,UP,0.17,True,False,True,2,S0,278.9,278.2,0.7,4.29,4.29,,1.93
NATURALGAS,2026-09-04,TREND_UP,2026-09-04T13:45:00Z,BUY,278.9,279.4,278.2,280.0,10.6,18998750.0,138750.0,UPPER_VA,1.65,-1.35,2.15,1.37,3.0,0.935,False,,,,NA,UP,0.17,True,False,True,2,S2,279.0,278.6,0.4,0.0,7.25,0,3.12
NATURALGAS,2026-09-04,TREND_UP,2026-09-04T13:45:00Z,SELL,278.9,279.4,278.2,280.0,12.4,14825000.0,-378750.0,UPPER_VA,1.65,-1.35,2.15,1.37,3.0,0.935,True,prior_frac_lo,279.6,1.4,MIXED,UP,0.17,False,False,False,,S0,278.9,279.4,0.5,0.6,0.6,2,4.3
NATURALGAS,2026-09-04,TREND_UP,2026-09-04T14:00:00Z,BUY,279.7,279.7,278.8,280.0,11.0,19108750.0,25000.0,UPPER_VA,2.45,-0.55,2.95,1.0,2.25,0.881,True,prior_frac_hi,279.4,0.3,MIXED,DOWN,0.17,False,True,False,,S0,279.7,278.8,0.9,2.44,2.44,28,0.61
NATURALGAS,2026-09-04,TREND_UP,2026-09-04T14:00:00Z,SELL,279.7,279.7,278.8,280.0,11.9,14976250.0,41250.0,UPPER_VA,2.45,-0.55,2.95,1.0,2.25,0.881,False,,,,NA,DOWN,0.17,True,False,False,,S0,279.7,279.7,0.0,,,,
NATURALGAS,2026-09-04,TREND_UP,2026-09-04T14:00:00Z,SELL,279.7,279.7,278.8,280.0,11.9,14976250.0,41250.0,UPPER_VA,2.45,-0.55,2.95,1.0,2.25,0.881,False,,,,NA,DOWN,0.17,True,False,False,,S2,279.5,279.9,0.4,0.25,1.75,0,4.0
NATURALGAS,2026-09-04,TREND_UP,2026-09-04T14:15:00Z,BUY,279.8,279.8,279.0,280.0,11.25,18983750.0,-142500.0,UPPER_VA,2.55,-0.45,3.05,0.62,2.0,0.86,False,,,,NA,DOWN,0.14,True,True,False,,S0,279.8,279.0,0.8,2.62,2.62,25,0.56
NATURALGAS,2026-09-04,TREND_UP,2026-09-04T14:15:00Z,BUY,279.8,279.8,279.0,280.0,11.25,18983750.0,-142500.0,UPPER_VA,2.55,-0.45,3.05,0.62,2.0,0.86,False,,,,NA,DOWN,0.14,True,True,False,,S2,279.8,279.0,0.8,2.62,2.62,25,0.56
NATURALGAS,2026-09-04,TREND_UP,2026-09-04T14:15:00Z,SELL,279.8,279.8,279.0,280.0,11.8,15056250.0,56250.0,UPPER_VA,2.55,-0.45,3.05,0.62,2.0,0.86,False,,,,NA,DOWN,0.14,True,False,False,,S0,279.8,279.8,0.0,,,,
NATURALGAS,2026-09-04,TREND_UP,2026-09-04T14:25:00Z,BUY,281.5,281.6,279.9,280.0,11.4,18982500.0,-13750.0,ABOVE_VA,4.25,1.25,4.75,3.45,4.25,0.977,True,prior_frac_hi,280.0,1.6,MIXED,UP,0.0,False,True,False,,S0,281.5,279.9,1.6,0.25,0.25,20,
NATURALGAS,2026-09-04,TREND_UP,2026-09-04T14:25:00Z,SELL,281.5,281.6,279.9,280.0,11.65,15231250.0,182500.0,ABOVE_VA,4.25,1.25,4.75,3.45,4.25,0.977,False,,,,NA,UP,0.0,True,False,False,,S0,281.5,281.6,0.1,3.0,27.0,0,25.0
NATURALGAS,2026-09-04,TREND_UP,2026-09-04T14:25:00Z,SELL,281.5,281.6,279.9,280.0,11.65,15231250.0,182500.0,ABOVE_VA,4.25,1.25,4.75,3.45,4.25,0.977,False,,,,NA,UP,0.0,True,False,False,,S2,281.4,281.9,0.5,5.2,5.2,,4.8
NATURALGAS,2026-09-04,TREND_UP,2026-09-04T14:30:00Z,BUY,281.4,281.9,281.2,280.0,12.35,18201250.0,-781250.0,ABOVE_VA,4.15,1.15,4.65,3.86,1.56,0.773,False,,,,NA,DOWN,0.38,False,False,False,,S0,281.4,281.2,0.2,1.5,2.0,0,
NATURALGAS,2026-09-04,TREND_UP,2026-09-04T14:30:00Z,SELL,281.4,281.9,281.2,280.0,10.9,15620000.0,388750.0,ABOVE_VA,4.15,1.15,4.65,3.86,1.56,0.773,False,,,,NA,DOWN,0.38,True,True,False,,S0,281.4,281.9,0.5,5.2,5.2,,4.8
NATURALGAS,2026-09-04,TREND_UP,2026-09-04T14:30:00Z,SELL,281.4,281.9,281.2,280.0,10.9,15620000.0,388750.0,ABOVE_VA,4.15,1.15,4.65,3.86,1.56,0.773,False,,,,NA,DOWN,0.38,True,True,False,,S2,281.4,281.9,0.5,5.2,5.2,,4.8
NATURALGAS,2026-09-04,TREND_UP,2026-09-04T14:35:00Z,BUY,281.0,281.7,280.9,280.0,,,,ABOVE_VA,3.75,0.75,4.25,1.96,1.6,0.857,False,,,,NA,DOWN,0.29,False,False,False,,S0,281.0,280.9,0.1,4.0,8.0,0,
NATURALGAS,2026-09-04,TREND_UP,2026-09-04T14:35:00Z,SELL,281.0,281.7,280.9,280.0,,,,ABOVE_VA,3.75,0.75,4.25,1.96,1.6,0.857,False,,,,NA,DOWN,0.29,True,True,False,,S0,281.0,281.7,0.7,0.43,3.14,2,2.86
NATURALGAS,2026-09-04,TREND_UP,2026-09-04T14:35:00Z,SELL,281.0,281.7,280.9,280.0,,,,ABOVE_VA,3.75,0.75,4.25,1.96,1.6,0.857,False,,,,NA,DOWN,0.29,True,True,False,,S2,281.0,281.7,0.7,0.43,3.14,2,2.86
NATURALGAS,2026-09-04,TREND_UP,2026-09-04T14:45:00Z,BUY,281.6,281.6,280.7,280.0,11.9,17200000.0,-162500.0,ABOVE_VA,4.35,1.35,4.85,1.42,1.8,0.881,False,,,,NA,DOWN,0.2,False,True,True,2,S0,281.6,280.7,0.9,0.22,0.22,3,0.33
NATURALGAS,2026-09-04,TREND_UP,2026-09-04T14:45:00Z,BUY,281.6,281.6,280.7,280.0,11.9,17200000.0,-162500.0,ABOVE_VA,4.35,1.35,4.85,1.42,1.8,0.881,False,,,,NA,DOWN,0.2,False,True,True,2,S2,281.5,281.2,0.3,0.67,0.67,1,1.33
NATURALGAS,2026-09-04,TREND_UP,2026-09-04T14:45:00Z,SELL,281.6,281.6,280.7,280.0,11.05,15832500.0,-200000.0,ABOVE_VA,4.35,1.35,4.85,1.42,1.8,0.881,False,,,,NA,DOWN,0.2,True,False,False,,S0,281.6,281.6,0.0,,,,
NATURALGAS,2026-09-04,TREND_UP,2026-09-04T14:45:00Z,SELL,281.6,281.6,280.7,280.0,11.05,15832500.0,-200000.0,ABOVE_VA,4.35,1.35,4.85,1.42,1.8,0.881,False,,,,NA,DOWN,0.2,True,False,False,,S2,281.5,281.8,0.3,9.0,9.0,,8.33
NATURALGAS,2026-09-04,TREND_UP,2026-09-04T15:05:00Z,BUY,281.1,281.6,280.7,280.0,12.2,17205000.0,77500.0,ABOVE_VA,3.85,0.85,4.35,1.34,1.8,0.885,False,,,,NA,DOWN,0.7,False,False,False,,S0,281.1,280.7,0.4,0.75,1.5,0,1.75
NATURALGAS,2026-09-04,TREND_UP,2026-09-04T15:05:00Z,SELL,281.1,281.6,280.7,280.0,10.9,16372500.0,185000.0,ABOVE_VA,3.85,0.85,4.35,1.34,1.8,0.885,True,prior_frac_lo,281.2,0.5,ACCEPTANCE,DOWN,0.7,True,True,False,,S0,281.1,281.6,0.5,2.2,4.6,2,8.7
NATURALGAS,2026-09-04,TREND_UP,2026-09-04T15:10:00Z,BUY,280.4,281.4,280.4,280.0,12.1,16961250.0,-243750.0,ABOVE_VA,3.15,0.15,3.65,1.55,2.0,0.9,False,,,,NA,UP,0.5,True,False,False,,S0,280.4,280.4,0.0,,,,
NATURALGAS,2026-09-04,TREND_UP,2026-09-04T15:10:00Z,SELL,280.4,281.4,280.4,280.0,11.0,16373750.0,1250.0,ABOVE_VA,3.15,0.15,3.65,1.55,2.0,0.9,True,prior_frac_lo,281.2,0.8,MIXED,UP,0.5,False,True,False,,S0,280.4,281.4,1.0,0.4,1.6,1,3.65
NATURALGAS,2026-09-04,TREND_UP,2026-09-04T16:20:00Z,BUY,279.3,280.3,279.3,280.0,11.6,16147500.0,-71250.0,UPPER_VA,2.05,-1.45,2.55,2.02,2.0,0.909,False,,,,NA,DOWN,0.14,True,False,False,,S0,279.3,279.3,0.0,,,,
NATURALGAS,2026-09-04,TREND_UP,2026-09-04T16:20:00Z,BUY,279.3,280.3,279.3,280.0,11.6,16147500.0,-71250.0,UPPER_VA,2.05,-1.45,2.55,2.02,2.0,0.909,False,,,,NA,DOWN,0.14,True,False,False,,S2,279.3,278.8,0.5,3.4,3.4,,2.4
NATURALGAS,2026-09-04,TREND_UP,2026-09-04T16:20:00Z,SELL,279.3,280.3,279.3,280.0,11.4,14946250.0,32500.0,UPPER_VA,2.05,-1.45,2.55,2.02,2.0,0.909,True,prior_frac_lo,279.8,0.5,ACCEPTANCE,DOWN,0.14,True,True,True,2,S0,279.3,280.3,1.0,0.5,0.5,10,2.55
NATURALGAS,2026-09-04,TREND_UP,2026-09-04T16:25:00Z,BUY,279.3,279.5,278.8,280.0,11.1,16101250.0,-46250.0,LOWER_VA,-0.95,-2.45,1.55,2.04,1.4,0.755,False,,,,NA,DOWN,0.25,True,False,True,2,S0,279.3,278.8,0.5,3.4,3.4,,2.4
NATURALGAS,2026-09-04,TREND_UP,2026-09-04T16:25:00Z,BUY,279.3,279.5,278.8,280.0,11.1,16101250.0,-46250.0,LOWER_VA,-0.95,-2.45,1.55,2.04,1.4,0.755,False,,,,NA,DOWN,0.25,True,False,True,2,S2,279.3,278.8,0.5,3.4,3.4,,2.4
NATURALGAS,2026-09-04,TREND_UP,2026-09-04T16:25:00Z,SELL,279.3,279.5,278.8,280.0,11.8,14528750.0,-417500.0,LOWER_VA,-0.95,-2.45,1.55,2.04,1.4,0.755,True,poc,280.25,1.45,ACCEPTANCE,DOWN,0.25,True,False,False,,S0,279.3,279.5,0.2,1.0,1.5,0,7.75
NATURALGAS,2026-09-04,TREND_UP,2026-09-04T16:25:00Z,SELL,279.3,279.5,278.8,280.0,11.8,14528750.0,-417500.0,LOWER_VA,-0.95,-2.45,1.55,2.04,1.4,0.755,True,poc,280.25,1.45,ACCEPTANCE,DOWN,0.25,True,False,False,,S2,279.1,279.5,0.4,0.25,0.25,0,3.38
CRUDEOIL,2026-09-02,CHOP,2026-09-02T05:00:00Z,BUY,8606.0,8610.0,8590.0,8600.0,,,,AT_POC,-1.5,-11.5,3.5,0.38,1.9,1.0,True,prior_frac_hi,8598.0,12.0,ACCEPTANCE,UP,0.64,True,True,False,,S0,8606.0,8590.0,16.0,1.12,1.81,2,0.72
CRUDEOIL,2026-09-02,CHOP,2026-09-02T05:00:00Z,SELL,8606.0,8610.0,8590.0,8600.0,,,,AT_POC,-1.5,-11.5,3.5,0.38,1.9,1.0,True,poc,8607.5,17.5,REJECTION,UP,0.64,False,False,False,,S0,8606.0,8610.0,4.0,1.0,51.25,0,0.88
CRUDEOIL,2026-09-02,CHOP,2026-09-02T05:05:00Z,BUY,8616.0,8624.0,8602.0,8600.0,,,,UPPER_VA,8.5,-1.5,13.5,0.88,2.0,1.0,True,poc,8607.5,16.5,REJECTION,DOWN,0.87,False,False,False,,S0,8616.0,8602.0,14.0,0.29,1.36,1,0.11
CRUDEOIL,2026-09-02,CHOP,2026-09-02T05:05:00Z,SELL,8616.0,8624.0,8602.0,8600.0,,,,UPPER_VA,8.5,-1.5,13.5,0.88,2.0,1.0,True,poc,8607.5,5.5,REJECTION,DOWN,0.87,True,False,False,,S0,8616.0,8624.0,8.0,3.75,26.88,11,1.69
CRUDEOIL,2026-09-02,CHOP,2026-09-02T05:15:00Z,BUY,8600.0,8610.0,8590.0,8600.0,,,,BELOW_VA,-7.5,-17.5,-2.5,0.4,1.82,0.952,False,,,,NA,DOWN,0.8,False,False,False,,S0,8600.0,8590.0,10.0,0.1,3.5,0,1.75
CRUDEOIL,2026-09-02,CHOP,2026-09-02T05:15:00Z,SELL,8600.0,8610.0,8590.0,8600.0,,,,BELOW_VA,-7.5,-17.5,-2.5,0.4,1.82,0.952,True,poc,8607.5,17.5,ACCEPTANCE,DOWN,0.8,True,True,False,,S0,8600.0,8610.0,10.0,1.4,19.9,3,1.2
CRUDEOIL,2026-09-02,CHOP,2026-09-02T06:25:00Z,BUY,8630.0,8630.0,8600.0,8650.0,,,,ABOVE_VA,17.5,12.5,27.5,1.02,2.31,1.0,True,poc,8612.5,17.5,REJECTION,DOWN,0.88,False,True,False,,S0,8630.0,8600.0,30.0,0.17,0.17,2,
CRUDEOIL,2026-09-02,CHOP,2026-09-02T06:25:00Z,SELL,8630.0,8630.0,8600.0,8650.0,,,,ABOVE_VA,17.5,12.5,27.5,1.02,2.31,1.0,True,poc,8612.5,12.5,REJECTION,DOWN,0.88,True,False,False,,S0,8630.0,8630.0,0.0,,,,
CRUDEOIL,2026-09-02,CHOP,2026-09-02T06:25:00Z,SELL,8630.0,8630.0,8600.0,8650.0,,,,ABOVE_VA,17.5,12.5,27.5,1.02,2.31,1.0,True,poc,8612.5,12.5,REJECTION,DOWN,0.88,True,False,False,,S2,8601.0,8625.0,24.0,0.58,8.33,2,
CRUDEOIL,2026-09-02,CHOP,2026-09-02T06:30:00Z,BUY,8611.0,8635.0,8610.0,8600.0,,,,AT_POC,-1.5,-6.5,8.5,1.53,1.85,0.972,False,,,,NA,DOWN,0.5,False,False,False,,S0,8611.0,8610.0,1.0,14.0,14.0,0,6.5
CRUDEOIL,2026-09-02,CHOP,2026-09-02T06:30:00Z,BUY,8611.0,8635.0,8610.0,8600.0,,,,AT_POC,-1.5,-6.5,8.5,1.53,1.85,0.972,False,,,,NA,DOWN,0.5,False,False,False,,S2,8610.0,8587.0,23.0,0.65,0.65,3,0.33
CRUDEOIL,2026-09-02,CHOP,2026-09-02T06:30:00Z,SELL,8611.0,8635.0,8610.0,8600.0,,,,AT_POC,-1.5,-6.5,8.5,1.53,1.85,0.972,True,poc,8612.5,2.5,ACCEPTANCE,DOWN,0.5,True,True,False,,S0,8611.0,8635.0,24.0,8.75,8.75,,0.33
CRUDEOIL,2026-09-02,CHOP,2026-09-02T06:30:00Z,SELL,8611.0,8635.0,8610.0,8600.0,,,,AT_POC,-1.5,-6.5,8.5,1.53,1.85,0.972,True,poc,8612.5,2.5,ACCEPTANCE,DOWN,0.5,True,True,False,,S2,8601.0,8625.0,24.0,0.58,8.33,2,
CRUDEOIL,2026-09-02,CHOP,2026-09-02T07:00:00Z,BUY,8594.0,8610.0,8581.0,8600.0,,,,BELOW_VA,-18.5,-28.5,-8.5,1.53,1.93,0.976,False,,,,NA,DOWN,0.96,False,False,False,,S0,8594.0,8581.0,13.0,0.23,2.0,0,2.19
CRUDEOIL,2026-09-02,CHOP,2026-09-02T07:00:00Z,BUY,8594.0,8610.0,8581.0,8600.0,,,,BELOW_VA,-18.5,-28.5,-8.5,1.53,1.93,0.976,False,,,,NA,DOWN,0.96,False,False,False,,S2,8552.0,8541.0,11.0,1.55,6.18,5,6.41
CRUDEOIL,2026-09-02,CHOP,2026-09-02T07:00:00Z,SELL,8594.0,8610.0,8581.0,8600.0,,,,BELOW_VA,-18.5,-28.5,-8.5,1.53,1.93,0.976,True,poc,8612.5,31.5,ACCEPTANCE,DOWN,0.96,True,True,False,,S0,8594.0,8610.0,16.0,12.06,12.06,115,0.44
CRUDEOIL,2026-09-02,CHOP,2026-09-02T07:05:00Z,BUY,8549.0,8597.0,8547.0,8550.0,,,,BELOW_VA,-63.5,-73.5,-53.5,3.74,3.33,1.0,False,,,,NA,UP,0.17,True,False,False,,S0,8549.0,8547.0,2.0,5.0,35.5,0,36.75
CRUDEOIL,2026-09-02,CHOP,2026-09-02T07:05:00Z,BUY,8549.0,8597.0,8547.0,8550.0,,,,BELOW_VA,-63.5,-73.5,-53.5,3.74,3.33,1.0,False,,,,NA,UP,0.17,True,False,False,,S2,8552.0,8541.0,11.0,1.55,6.18,5,6.41
CRUDEOIL,2026-09-02,CHOP,2026-09-02T07:05:00Z,SELL,8549.0,8597.0,8547.0,8550.0,,,,BELOW_VA,-63.5,-73.5,-53.5,3.74,3.33,1.0,True,poc,8612.5,65.5,MIXED,UP,0.17,False,True,False,,S0,8549.0,8597.0,48.0,0.48,3.08,26,
CRUDEOIL,2026-09-02,CHOP,2026-09-02T07:10:00Z,BUY,8552.0,8559.0,8541.0,8550.0,,,,BELOW_VA,-60.5,-65.5,-45.5,5.68,1.2,0.705,False,,,,NA,UP,0.79,True,True,False,,S0,8552.0,8541.0,11.0,1.55,6.18,5,5.95
CRUDEOIL,2026-09-02,CHOP,2026-09-02T07:10:00Z,BUY,8552.0,8559.0,8541.0,8550.0,,,,BELOW_VA,-60.5,-65.5,-45.5,5.68,1.2,0.705,False,,,,NA,UP,0.79,True,True,False,,S2,8552.0,8541.0,11.0,1.55,6.18,5,5.95
CRUDEOIL,2026-09-02,CHOP,2026-09-02T07:10:00Z,SELL,8552.0,8559.0,8541.0,8550.0,,,,BELOW_VA,-60.5,-65.5,-45.5,5.68,1.2,0.705,True,poc,8612.5,71.5,MIXED,UP,0.79,False,False,False,,S0,8552.0,8559.0,7.0,0.43,21.57,0,
CRUDEOIL,2026-09-02,CHOP,2026-09-02T07:10:00Z,SELL,8552.0,8559.0,8541.0,8550.0,,,,BELOW_VA,-60.5,-65.5,-45.5,5.68,1.2,0.705,True,poc,8612.5,71.5,MIXED,UP,0.79,False,False,False,,S2,8550.0,8569.0,19.0,1.26,7.84,10,
CRUDEOIL,2026-09-02,CHOP,2026-09-02T07:30:00Z,BUY,8546.0,8558.0,8543.0,8550.0,,,,BELOW_VA,-66.5,-76.5,-46.5,2.05,1.0,0.562,False,,,,NA,UP,0.67,True,False,False,,S0,8546.0,8543.0,3.0,2.33,24.67,1,7.67
CRUDEOIL,2026-09-02,CHOP,2026-09-02T07:30:00Z,BUY,8546.0,8558.0,8543.0,8550.0,,,,BELOW_VA,-66.5,-76.5,-46.5,2.05,1.0,0.562,False,,,,NA,UP,0.67,True,False,False,,S2,8539.0,8526.0,13.0,5.31,6.23,41,2.31
CRUDEOIL,2026-09-02,CHOP,2026-09-02T07:30:00Z,SELL,8546.0,8558.0,8543.0,8550.0,,,,BELOW_VA,-66.5,-76.5,-46.5,2.05,1.0,0.562,True,poc,8612.5,69.5,MIXED,UP,0.67,False,False,False,,S0,8546.0,8558.0,12.0,1.67,12.08,3,0.42
CRUDEOIL,2026-09-02,CHOP,2026-09-02T07:40:00Z,BUY,8539.0,8546.0,8526.0,8550.0,,,,BELOW_VA,-73.5,-83.5,-48.5,2.29,1.33,0.8,False,,,,NA,UP,0.5,True,True,False,,S0,8539.0,8526.0,13.0,5.31,6.23,41,1.46
CRUDEOIL,2026-09-02,CHOP,2026-09-02T07:40:00Z,BUY,8539.0,8546.0,8526.0,8550.0,,,,BELOW_VA,-73.5,-83.5,-48.5,2.29,1.33,0.8,False,,,,NA,UP,0.5,True,True,False,,S2,8539.0,8526.0,13.0,5.31,6.23,41,1.46
CRUDEOIL,2026-09-02,CHOP,2026-09-02T07:40:00Z,SELL,8539.0,8546.0,8526.0,8550.0,,,,BELOW_VA,-73.5,-83.5,-48.5,2.29,1.33,0.8,True,poc,8612.5,86.5,MIXED,UP,0.5,False,False,False,,S0,8539.0,8546.0,7.0,1.43,19.71,0,
CRUDEOIL,2026-09-02,CHOP,2026-09-02T07:40:00Z,SELL,8539.0,8546.0,8526.0,8550.0,,,,BELOW_VA,-73.5,-83.5,-48.5,2.29,1.33,0.8,True,poc,8612.5,86.5,MIXED,UP,0.5,False,False,False,,S2,8554.0,8562.0,8.0,0.88,19.12,0,1.5
CRUDEOIL,2026-09-02,CHOP,2026-09-02T07:45:00Z,BUY,8555.0,8557.0,8529.0,8550.0,,,,BELOW_VA,-57.5,-72.5,-27.5,1.02,1.87,0.941,False,,,,NA,DOWN,0.08,False,True,False,,S0,8555.0,8529.0,26.0,2.04,2.5,40,0.12
CRUDEOIL,2026-09-02,CHOP,2026-09-02T07:45:00Z,SELL,8555.0,8557.0,8529.0,8550.0,,,,BELOW_VA,-57.5,-72.5,-27.5,1.02,1.87,0.941,True,poc,8612.5,83.5,ACCEPTANCE,DOWN,0.08,True,False,False,,S0,8555.0,8557.0,2.0,3.0,77.0,0,6.5
CRUDEOIL,2026-09-02,CHOP,2026-09-02T07:45:00Z,SELL,8555.0,8557.0,8529.0,8550.0,,,,BELOW_VA,-57.5,-72.5,-27.5,1.02,1.87,0.941,True,poc,8612.5,83.5,ACCEPTANCE,DOWN,0.08,True,False,False,,S2,8554.0,8562.0,8.0,0.88,19.12,0,1.5
CRUDEOIL,2026-09-02,CHOP,2026-09-02T08:15:00Z,BUY,8570.0,8572.0,8539.0,8550.0,,,,LOWER_VA,-42.5,-62.5,7.5,0.9,2.2,0.982,True,prior_frac_hi,8563.0,9.0,ACCEPTANCE,UP,0.56,True,True,False,,S0,8570.0,8539.0,31.0,1.23,1.61,34,2.02
CRUDEOIL,2026-09-02,CHOP,2026-09-02T08:15:00Z,SELL,8570.0,8572.0,8539.0,8550.0,,,,LOWER_VA,-42.5,-62.5,7.5,0.9,2.2,0.982,True,poc,8612.5,73.5,MIXED,UP,0.56,False,False,False,,S0,8570.0,8572.0,2.0,1.5,84.5,0,3.75
CRUDEOIL,2026-09-02,CHOP,2026-09-02T08:25:00Z,BUY,8563.0,8580.0,8546.0,8550.0,,,,LOWER_VA,-49.5,-64.5,0.5,1.49,2.27,0.983,False,,,,NA,DOWN,0.12,False,False,False,,S0,8563.0,8546.0,17.0,0.0,3.35,0,3.79
CRUDEOIL,2026-09-02,CHOP,2026-09-02T08:25:00Z,BUY,8563.0,8580.0,8546.0,8550.0,,,,LOWER_VA,-49.5,-64.5,0.5,1.49,2.27,0.983,False,,,,NA,DOWN,0.12,False,False,False,,S2,8558.0,8544.0,14.0,3.57,4.43,31,0.36
CRUDEOIL,2026-09-02,CHOP,2026-09-02T08:25:00Z,SELL,8563.0,8580.0,8546.0,8550.0,,,,LOWER_VA,-49.5,-64.5,0.5,1.49,2.27,0.983,True,poc,8612.5,66.5,ACCEPTANCE,DOWN,0.12,True,True,False,,S0,8563.0,8580.0,17.0,1.12,9.53,2,0.03
CRUDEOIL,2026-09-02,CHOP,2026-09-02T08:25:00Z,SELL,8563.0,8580.0,8546.0,8550.0,,,,LOWER_VA,-49.5,-64.5,0.5,1.49,2.27,0.983,True,poc,8612.5,66.5,ACCEPTANCE,DOWN,0.12,True,True,False,,S2,8549.0,8560.0,11.0,0.09,13.45,0,0.91
CRUDEOIL,2026-09-02,CHOP,2026-09-02T08:40:00Z,BUY,8574.0,8580.0,8548.0,8550.0,,,,LOWER_VA,-38.5,-48.5,16.5,0.54,2.06,0.952,False,,,,NA,UP,0.3,False,False,False,,S0,8574.0,8548.0,26.0,1.31,1.77,28,0.35
CRUDEOIL,2026-09-02,CHOP,2026-09-02T08:40:00Z,SELL,8574.0,8580.0,8548.0,8550.0,,,,LOWER_VA,-38.5,-48.5,16.5,0.54,2.06,0.952,True,poc,8612.5,64.5,ACCEPTANCE,UP,0.3,True,False,False,,S0,8574.0,8580.0,6.0,0.83,28.83,1,2.75
CRUDEOIL,2026-09-02,CHOP,2026-09-02T08:40:00Z,SELL,8574.0,8580.0,8548.0,8550.0,,,,LOWER_VA,-38.5,-48.5,16.5,0.54,2.06,0.952,True,poc,8612.5,64.5,ACCEPTANCE,UP,0.3,True,False,False,,S2,8573.0,8579.0,6.0,0.0,28.67,0,2.58
CRUDEOIL,2026-09-02,CHOP,2026-09-02T10:10:00Z,BUY,8560.0,8591.0,8560.0,8550.0,385.2,92500.0,3200.0,BELOW_VA,-52.5,-62.5,-2.5,1.24,2.07,0.95,False,,,,NA,UP,0.0,True,False,False,,S0,8560.0,8560.0,0.0,,,,
CRUDEOIL,2026-09-02,CHOP,2026-09-02T10:10:00Z,BUY,8560.0,8591.0,8560.0,8550.0,385.2,92500.0,3200.0,BELOW_VA,-52.5,-62.5,-2.5,1.24,2.07,0.95,False,,,,NA,UP,0.0,True,False,False,,S2,8561.0,8550.0,11.0,2.73,5.36,8,2.91
CRUDEOIL,2026-09-02,CHOP,2026-09-02T10:10:00Z,SELL,8560.0,8591.0,8560.0,8550.0,341.0,104400.0,5600.0,BELOW_VA,-52.5,-62.5,-2.5,1.24,2.07,0.95,True,poc,8612.5,52.5,ACCEPTANCE,UP,0.0,True,True,False,,S0,8560.0,8591.0,31.0,0.32,5.13,5,0.19
CRUDEOIL,2026-09-02,CHOP,2026-09-02T11:05:00Z,BUY,8552.0,8575.0,8548.0,8550.0,370.0,158200.0,4800.0,BELOW_VA,-60.5,-70.5,-10.5,0.95,1.8,0.912,False,,,,NA,DOWN,0.89,False,False,False,,S0,8552.0,8548.0,4.0,0.25,17.0,0,9.75
CRUDEOIL,2026-09-02,CHOP,2026-09-02T11:05:00Z,SELL,8552.0,8575.0,8548.0,8550.0,344.0,207500.0,9000.0,BELOW_VA,-60.5,-70.5,-10.5,0.95,1.8,0.912,True,poc,8612.5,64.5,ACCEPTANCE,DOWN,0.89,True,True,False,,S0,8552.0,8575.0,23.0,6.57,6.57,48,
CRUDEOIL,2026-09-02,CHOP,2026-09-02T11:10:00Z,BUY,8495.0,8553.0,8488.0,8500.0,376.5,781300.0,4000.0,BELOW_VA,-117.5,-127.5,-67.5,4.94,4.33,1.0,False,,,,NA,UP,0.67,True,False,False,,S0,8495.0,8488.0,7.0,4.14,17.86,3,11.86
CRUDEOIL,2026-09-02,CHOP,2026-09-02T11:10:00Z,SELL,8495.0,8553.0,8488.0,8500.0,326.6,749700.0,-1500.0,BELOW_VA,-117.5,-127.5,-67.5,4.94,4.33,1.0,True,poc,8612.5,124.5,MIXED,UP,0.67,False,False,False,,S0,8495.0,8553.0,58.0,1.62,1.62,45,
CRUDEOIL,2026-09-02,CHOP,2026-09-02T11:10:00Z,SELL,8495.0,8553.0,8488.0,8500.0,326.6,749700.0,-1500.0,BELOW_VA,-117.5,-127.5,-67.5,4.94,4.33,1.0,True,poc,8612.5,124.5,MIXED,UP,0.67,False,False,False,,S2,8510.0,8519.0,9.0,7.22,12.11,17,
CRUDEOIL,2026-09-02,CHOP,2026-09-02T11:15:00Z,BUY,8515.0,8524.0,8494.0,8500.0,344.2,786000.0,4700.0,BELOW_VA,-97.5,-107.5,-42.5,4.17,2.0,0.935,False,,,,NA,DOWN,0.29,False,False,False,,S0,8515.0,8494.0,21.0,0.19,5.0,2,3.0
CRUDEOIL,2026-09-02,CHOP,2026-09-02T11:15:00Z,SELL,8515.0,8524.0,8494.0,8500.0,354.2,751500.0,1800.0,BELOW_VA,-97.5,-107.5,-42.5,4.17,2.0,0.935,True,poc,8612.5,118.5,ACCEPTANCE,DOWN,0.29,True,False,False,,S0,8515.0,8524.0,9.0,12.67,12.67,41,
CRUDEOIL,2026-09-02,CHOP,2026-09-02T11:15:00Z,SELL,8515.0,8524.0,8494.0,8500.0,354.2,751500.0,1800.0,BELOW_VA,-97.5,-107.5,-42.5,4.17,2.0,0.935,True,poc,8612.5,118.5,ACCEPTANCE,DOWN,0.29,True,False,False,,S2,8510.0,8519.0,9.0,7.22,12.11,17,
CRUDEOIL,2026-09-02,CHOP,2026-09-02T11:35:00Z,BUY,8493.0,8495.0,8481.0,8500.0,346.2,849800.0,,BELOW_VA,-119.5,-129.5,-59.5,1.96,0.93,0.412,False,,,,NA,UP,0.3,True,True,False,,S0,8493.0,8481.0,12.0,1.67,10.58,2,7.08
CRUDEOIL,2026-09-02,CHOP,2026-09-02T11:35:00Z,BUY,8493.0,8495.0,8481.0,8500.0,346.2,849800.0,,BELOW_VA,-119.5,-129.5,-59.5,1.96,0.93,0.412,False,,,,NA,UP,0.3,True,True,False,,S2,8493.0,8481.0,12.0,1.67,10.58,2,7.08
CRUDEOIL,2026-09-02,CHOP,2026-09-02T11:35:00Z,SELL,8493.0,8495.0,8481.0,8500.0,353.0,812100.0,,BELOW_VA,-119.5,-129.5,-59.5,1.96,0.93,0.412,True,poc,8612.5,131.5,MIXED,UP,0.3,False,False,False,,S0,8493.0,8495.0,2.0,0.0,46.0,0,2.5
CRUDEOIL,2026-09-02,CHOP,2026-09-02T11:35:00Z,SELL,8493.0,8495.0,8481.0,8500.0,353.0,812100.0,,BELOW_VA,-119.5,-129.5,-59.5,1.96,0.93,0.412,True,poc,8612.5,131.5,MIXED,UP,0.3,False,False,False,,S2,8499.0,8513.0,14.0,3.86,7.0,13,0.79
CRUDEOIL,2026-09-02,CHOP,2026-09-02T11:50:00Z,BUY,8458.0,8496.0,8457.0,8450.0,372.5,56000.0,400.0,BELOW_VA,-154.5,-164.5,-94.5,4.99,2.6,0.98,False,,,,NA,DOWN,0.33,False,False,False,,S0,8458.0,8457.0,1.0,8.0,162.0,0,55.0
CRUDEOIL,2026-09-02,CHOP,2026-09-02T11:50:00Z,SELL,8458.0,8496.0,8457.0,8450.0,327.1,170900.0,8400.0,BELOW_VA,-154.5,-164.5,-94.5,4.99,2.6,0.98,True,poc,8612.5,155.5,ACCEPTANCE,DOWN,0.33,True,True,True,2,S0,8458.0,8496.0,38.0,0.34,1.5,4,
CRUDEOIL,2026-09-02,CHOP,2026-09-02T11:55:00Z,BUY,8453.0,8466.0,8445.0,8450.0,352.1,57500.0,1500.0,BELOW_VA,-159.5,-169.5,-94.5,3.88,1.4,0.792,False,,,,NA,UP,0.26,True,True,False,,S0,8453.0,8445.0,8.0,8.75,20.88,17,7.5
CRUDEOIL,2026-09-02,CHOP,2026-09-02T11:55:00Z,SELL,8453.0,8466.0,8445.0,8450.0,340.5,178700.0,7800.0,BELOW_VA,-159.5,-169.5,-94.5,3.88,1.4,0.792,True,poc,8612.5,167.5,MIXED,UP,0.26,False,False,False,,S0,8453.0,8466.0,13.0,0.46,4.0,0,
CRUDEOIL,2026-09-02,CHOP,2026-09-02T12:00:00Z,BUY,8462.0,8474.0,8447.0,8450.0,346.1,66600.0,9100.0,BELOW_VA,-150.5,-160.5,-85.5,1.61,1.8,0.892,False,,,,NA,DOWN,0.05,False,False,False,,S0,8462.0,8447.0,15.0,4.07,10.53,16,3.4
CRUDEOIL,2026-09-02,CHOP,2026-09-02T12:00:00Z,SELL,8462.0,8474.0,8447.0,8450.0,345.0,182500.0,3800.0,BELOW_VA,-150.5,-160.5,-85.5,1.61,1.8,0.892,True,poc,8612.5,165.5,ACCEPTANCE,DOWN,0.05,True,False,False,,S0,8462.0,8474.0,12.0,1.17,5.08,1,
CRUDEOIL,2026-09-02,CHOP,2026-09-02T12:05:00Z,BUY,8459.0,8468.0,8448.0,8450.0,357.9,73600.0,7000.0,BELOW_VA,-153.5,-163.5,-83.5,2.16,1.33,0.757,False,,,,NA,UP,0.45,True,True,False,,S0,8459.0,8448.0,11.0,5.82,14.64,15,4.91
CRUDEOIL,2026-09-02,CHOP,2026-09-02T12:05:00Z,SELL,8459.0,8468.0,8448.0,8450.0,335.0,186800.0,4300.0,BELOW_VA,-153.5,-163.5,-83.5,2.16,1.33,0.757,True,poc,8612.5,164.5,MIXED,UP,0.45,False,False,False,,S0,8459.0,8468.0,9.0,0.44,6.44,0,1.56
CRUDEOIL,2026-09-02,CHOP,2026-09-02T13:00:00Z,BUY,8491.0,8516.0,8469.0,8500.0,355.0,1023000.0,7200.0,BELOW_VA,-121.5,-131.5,-26.5,3.35,2.94,0.982,False,,,,NA,DOWN,0.25,False,False,True,2,S0,8491.0,8469.0,22.0,0.27,5.86,3,1.45
CRUDEOIL,2026-09-02,CHOP,2026-09-02T13:00:00Z,BUY,8491.0,8516.0,8469.0,8500.0,355.0,1023000.0,7200.0,BELOW_VA,-121.5,-131.5,-26.5,3.35,2.94,0.982,False,,,,NA,DOWN,0.25,False,False,True,2,S2,8483.0,8472.0,11.0,1.27,12.45,1,3.64
CRUDEOIL,2026-09-02,CHOP,2026-09-02T13:00:00Z,SELL,8491.0,8516.0,8469.0,8500.0,336.8,883700.0,22900.0,BELOW_VA,-121.5,-131.5,-26.5,3.35,2.94,0.982,True,poc,8612.5,143.5,ACCEPTANCE,DOWN,0.25,True,False,False,,S0,8491.0,8516.0,25.0,3.6,3.6,20,0.36
CRUDEOIL,2026-09-02,CHOP,2026-09-02T13:25:00Z,BUY,8455.0,8462.0,8435.0,8450.0,347.5,89000.0,-1800.0,BELOW_VA,-157.5,-167.5,-52.5,3.33,1.69,0.891,False,,,,NA,DOWN,0.28,False,True,False,,S0,8455.0,8435.0,20.0,0.85,8.25,2,2.1
CRUDEOIL,2026-09-02,CHOP,2026-09-02T13:25:00Z,BUY,8455.0,8462.0,8435.0,8450.0,347.5,89000.0,-1800.0,BELOW_VA,-157.5,-167.5,-52.5,3.33,1.69,0.891,False,,,,NA,DOWN,0.28,False,True,False,,S2,8455.0,8435.0,20.0,0.85,8.25,2,2.1
CRUDEOIL,2026-09-02,CHOP,2026-09-02T13:25:00Z,SELL,8455.0,8462.0,8435.0,8450.0,336.3,218900.0,-3400.0,BELOW_VA,-157.5,-167.5,-52.5,3.33,1.69,0.891,True,poc,8612.5,177.5,ACCEPTANCE,DOWN,0.28,True,False,False,,S0,8455.0,8462.0,7.0,1.71,7.71,0,
CRUDEOIL,2026-09-02,CHOP,2026-09-02T13:25:00Z,SELL,8455.0,8462.0,8435.0,8450.0,336.3,218900.0,-3400.0,BELOW_VA,-157.5,-167.5,-52.5,3.33,1.69,0.891,True,poc,8612.5,177.5,ACCEPTANCE,DOWN,0.28,True,False,False,,S2,8448.0,8472.0,24.0,1.96,1.96,9,
CRUDEOIL,2026-09-02,CHOP,2026-09-02T13:30:00Z,BUY,8448.0,8472.0,8443.0,8450.0,346.6,106900.0,17900.0,BELOW_VA,-164.5,-174.5,-54.5,1.48,1.81,0.917,False,,,,NA,UP,0.07,True,False,False,,S0,8448.0,8443.0,5.0,2.2,34.4,1,9.8
CRUDEOIL,2026-09-02,CHOP,2026-09-02T13:30:00Z,BUY,8448.0,8472.0,8443.0,8450.0,346.6,106900.0,17900.0,BELOW_VA,-164.5,-174.5,-54.5,1.48,1.81,0.917,False,,,,NA,UP,0.07,True,False,False,,S2,8453.0,8444.0,9.0,0.22,18.56,0,4.89
CRUDEOIL,2026-09-02,CHOP,2026-09-02T13:30:00Z,SELL,8448.0,8472.0,8443.0,8450.0,336.0,199200.0,-19700.0,BELOW_VA,-164.5,-174.5,-54.5,1.48,1.81,0.917,True,poc,8612.5,169.5,MIXED,UP,0.07,False,False,False,,S0,8448.0,8472.0,24.0,1.96,1.96,9,
CRUDEOIL,2026-09-02,CHOP,2026-09-02T13:30:00Z,SELL,8448.0,8472.0,8443.0,8450.0,336.0,199200.0,-19700.0,BELOW_VA,-164.5,-174.5,-54.5,1.48,1.81,0.917,True,poc,8612.5,169.5,MIXED,UP,0.07,False,False,False,,S2,8448.0,8472.0,24.0,1.96,1.96,9,
CRUDEOIL,2026-09-02,CHOP,2026-09-02T13:40:00Z,BUY,8447.0,8455.0,8432.0,8450.0,344.8,120100.0,7400.0,BELOW_VA,-165.5,-175.5,-55.5,1.91,1.44,0.811,False,,,,NA,UP,0.84,True,True,False,,S0,8447.0,8432.0,15.0,1.53,11.53,2,1.67
CRUDEOIL,2026-09-02,CHOP,2026-09-02T13:40:00Z,BUY,8447.0,8455.0,8432.0,8450.0,344.8,120100.0,7400.0,BELOW_VA,-165.5,-175.5,-55.5,1.91,1.44,0.811,False,,,,NA,UP,0.84,True,True,False,,S2,8447.0,8432.0,15.0,1.53,11.53,2,1.67
CRUDEOIL,2026-09-02,CHOP,2026-09-02T13:40:00Z,SELL,8447.0,8455.0,8432.0,8450.0,337.1,213100.0,-1000.0,BELOW_VA,-165.5,-175.5,-55.5,1.91,1.44,0.811,True,poc,8612.5,180.5,MIXED,UP,0.84,False,False,False,,S0,8447.0,8455.0,8.0,0.25,5.75,0,1.5
CRUDEOIL,2026-09-02,CHOP,2026-09-02T13:55:00Z,BUY,8407.0,8452.0,8405.0,8400.0,365.7,263800.0,1900.0,BELOW_VA,-205.5,-215.5,-90.5,3.58,2.94,0.984,False,,,,NA,UP,0.4,True,False,False,,S0,8407.0,8405.0,2.0,9.5,106.5,0,31.5
CRUDEOIL,2026-09-02,CHOP,2026-09-02T13:55:00Z,SELL,8407.0,8452.0,8405.0,8400.0,308.3,546200.0,11200.0,BELOW_VA,-205.5,-215.5,-90.5,3.58,2.94,0.984,True,poc,8612.5,207.5,MIXED,UP,0.4,False,True,False,,S0,8407.0,8452.0,45.0,0.13,0.13,1,
CRUDEOIL,2026-09-02,CHOP,2026-09-02T14:00:00Z,BUY,8417.0,8426.0,8401.0,8400.0,339.3,275000.0,11200.0,BELOW_VA,-195.5,-205.5,-80.5,6.9,1.56,0.841,False,,,,NA,UP,1.0,True,True,False,,S0,8417.0,8401.0,16.0,12.69,12.69,,3.31
CRUDEOIL,2026-09-02,CHOP,2026-09-02T14:00:00Z,SELL,8417.0,8426.0,8401.0,8400.0,328.6,548400.0,2200.0,BELOW_VA,-195.5,-205.5,-80.5,6.9,1.56,0.841,True,poc,8612.5,211.5,MIXED,UP,1.0,False,False,False,,S0,8417.0,8426.0,9.0,0.0,0.0,0,
CRUDEOIL,2026-09-02,CHOP,2026-09-02T14:05:00Z,BUY,8462.0,8462.0,8417.0,8450.0,323.3,151800.0,4000.0,BELOW_VA,-150.5,-160.5,-25.5,3.23,2.81,0.969,False,,,,NA,DOWN,0.04,False,True,False,,S0,8462.0,8417.0,45.0,3.51,3.51,,0.18
CRUDEOIL,2026-09-02,CHOP,2026-09-02T14:05:00Z,SELL,8462.0,8462.0,8417.0,8450.0,351.5,203800.0,-8300.0,BELOW_VA,-150.5,-160.5,-25.5,3.23,2.81,0.969,True,poc,8612.5,195.5,ACCEPTANCE,DOWN,0.04,True,False,False,,S0,8462.0,8462.0,0.0,,,,
CRUDEOIL,2026-09-02,CHOP,2026-09-02T14:10:00Z,BUY,8458.0,8469.0,8444.0,8450.0,335.5,156200.0,4400.0,BELOW_VA,-154.5,-164.5,-29.5,3.57,1.56,0.836,False,,,,NA,DOWN,0.47,False,False,False,,S0,8458.0,8444.0,14.0,0.21,11.57,0,0.86
CRUDEOIL,2026-09-02,CHOP,2026-09-02T14:10:00Z,SELL,8458.0,8469.0,8444.0,8450.0,335.2,206700.0,2900.0,BELOW_VA,-154.5,-164.5,-29.5,3.57,1.56,0.836,True,poc,8612.5,168.5,ACCEPTANCE,DOWN,0.47,True,False,False,,S0,8458.0,8469.0,11.0,1.36,1.36,1,5.18
CRUDEOIL,2026-09-02,CHOP,2026-09-02T14:20:00Z,BUY,8478.0,8481.0,8443.0,8500.0,316.1,1076800.0,3900.0,LOWER_VA,-134.5,-144.5,0.5,1.45,2.3,0.954,True,prior_frac_hi,8469.0,12.0,ACCEPTANCE,UP,0.82,True,True,False,,S0,8478.0,8443.0,35.0,4.06,4.06,,4.13
CRUDEOIL,2026-09-02,CHOP,2026-09-02T14:20:00Z,SELL,8478.0,8481.0,8443.0,8500.0,365.0,797200.0,-3800.0,LOWER_VA,-134.5,-144.5,0.5,1.45,2.3,0.954,True,poc,8612.5,169.5,MIXED,UP,0.82,False,False,False,,S0,8478.0,8481.0,3.0,1.0,1.0,0,0.17
CRUDEOIL,2026-09-02,CHOP,2026-09-02T14:25:00Z,BUY,8491.0,8492.0,8475.0,8500.0,332.7,1071400.0,-5400.0,LOWER_VA,-121.5,-131.5,13.5,2.53,1.0,0.557,False,,,,NA,UP,0.45,True,True,False,,S0,8491.0,8475.0,16.0,8.06,8.06,,8.22
CRUDEOIL,2026-09-02,CHOP,2026-09-02T14:25:00Z,BUY,8491.0,8492.0,8475.0,8500.0,332.7,1071400.0,-5400.0,LOWER_VA,-121.5,-131.5,13.5,2.53,1.0,0.557,False,,,,NA,UP,0.45,True,True,False,,S2,8507.0,8492.0,15.0,7.53,7.53,,7.7
CRUDEOIL,2026-09-02,CHOP,2026-09-02T14:25:00Z,SELL,8491.0,8492.0,8475.0,8500.0,348.3,799700.0,2500.0,LOWER_VA,-121.5,-131.5,13.5,2.53,1.0,0.557,True,poc,8612.5,137.5,MIXED,UP,0.45,False,False,False,,S0,8491.0,8492.0,1.0,7.0,7.0,0,13.5
CRUDEOIL,2026-09-02,CHOP,2026-09-02T14:30:00Z,BUY,8506.0,8513.0,8484.0,8500.0,333.2,1059000.0,-12400.0,LOWER_VA,-106.5,-116.5,28.5,3.24,1.71,0.902,False,,,,NA,UP,0.33,True,False,False,,S0,8506.0,8484.0,22.0,5.18,5.18,,5.3
CRUDEOIL,2026-09-02,CHOP,2026-09-02T14:30:00Z,BUY,8506.0,8513.0,8484.0,8500.0,333.2,1059000.0,-12400.0,LOWER_VA,-106.5,-116.5,28.5,3.24,1.71,0.902,False,,,,NA,UP,0.33,True,False,False,,S2,8507.0,8492.0,15.0,7.53,7.53,,7.7
CRUDEOIL,2026-09-02,CHOP,2026-09-02T14:30:00Z,SELL,8506.0,8513.0,8484.0,8500.0,350.0,825000.0,25300.0,LOWER_VA,-106.5,-116.5,28.5,3.24,1.71,0.902,True,poc,8612.5,128.5,MIXED,UP,0.33,False,False,False,,S0,8506.0,8513.0,7.0,2.0,2.0,2,4.07
CRUDEOIL,2026-09-02,CHOP,2026-09-02T14:45:00Z,BUY,8524.0,8528.0,8505.0,8500.0,347.4,1076500.0,3700.0,LOWER_VA,-88.5,-98.5,41.5,2.68,1.35,0.77,True,prior_frac_hi,8513.0,15.0,ACCEPTANCE,UP,0.24,True,True,True,2,S0,8524.0,8505.0,19.0,5.05,5.05,,5.18
CRUDEOIL,2026-09-02,CHOP,2026-09-02T14:45:00Z,SELL,8524.0,8528.0,8505.0,8500.0,342.8,884000.0,3400.0,LOWER_VA,-88.5,-98.5,41.5,2.68,1.35,0.77,True,poc,8612.5,107.5,MIXED,UP,0.24,False,False,False,,S0,8524.0,8528.0,4.0,0.0,0.25,0,10.38
CRUDEOIL,2026-09-02,CHOP,2026-09-02T14:45:00Z,SELL,8524.0,8528.0,8505.0,8500.0,342.8,884000.0,3400.0,LOWER_VA,-88.5,-98.5,41.5,2.68,1.35,0.77,True,poc,8612.5,107.5,MIXED,UP,0.24,False,False,False,,S2,8532.0,8548.0,16.0,0.56,0.56,0,3.09
CRUDEOIL,2026-09-02,CHOP,2026-09-02T14:50:00Z,BUY,8532.0,8548.0,8527.0,8550.0,338.4,194200.0,-3400.0,LOWER_VA,-80.5,-90.5,49.5,3.0,1.24,0.706,False,,,,NA,UP,0.59,True,True,False,,S0,8532.0,8527.0,5.0,3.6,17.6,0,18.1
CRUDEOIL,2026-09-02,CHOP,2026-09-02T14:50:00Z,SELL,8532.0,8548.0,8527.0,8550.0,358.3,124700.0,900.0,LOWER_VA,-80.5,-90.5,49.5,3.0,1.24,0.706,True,poc,8612.5,85.5,MIXED,UP,0.59,False,True,False,,S0,8532.0,8548.0,16.0,0.56,0.56,0,3.09
CRUDEOIL,2026-09-02,CHOP,2026-09-02T14:50:00Z,SELL,8532.0,8548.0,8527.0,8550.0,358.3,124700.0,900.0,LOWER_VA,-80.5,-90.5,49.5,3.0,1.24,0.706,True,poc,8612.5,85.5,MIXED,UP,0.59,False,True,False,,S2,8532.0,8548.0,16.0,0.56,0.56,0,3.09
CRUDEOIL,2026-09-02,CHOP,2026-09-02T15:05:00Z,BUY,8568.0,8569.0,8533.0,8550.0,350.6,207100.0,1400.0,LOWER_VA,-44.5,-54.5,85.5,1.79,2.12,0.95,False,,,,NA,DOWN,0.04,False,True,True,2,S0,8568.0,8533.0,35.0,1.49,1.49,,1.56
CRUDEOIL,2026-09-02,CHOP,2026-09-02T15:05:00Z,BUY,8568.0,8569.0,8533.0,8550.0,350.6,207100.0,1400.0,LOWER_VA,-44.5,-54.5,85.5,1.79,2.12,0.95,False,,,,NA,DOWN,0.04,False,True,True,2,S2,8565.0,8557.0,8.0,1.88,6.88,0,7.19
CRUDEOIL,2026-09-02,CHOP,2026-09-02T15:05:00Z,SELL,8568.0,8569.0,8533.0,8550.0,353.0,151900.0,11800.0,LOWER_VA,-44.5,-54.5,85.5,1.79,2.12,0.95,True,poc,8612.5,79.5,ACCEPTANCE,DOWN,0.04,True,False,False,,S0,8568.0,8569.0,1.0,11.0,19.0,0,45.0
CRUDEOIL,2026-09-02,CHOP,2026-09-02T15:05:00Z,SELL,8568.0,8569.0,8533.0,8550.0,353.0,151900.0,11800.0,LOWER_VA,-44.5,-54.5,85.5,1.79,2.12,0.95,True,poc,8612.5,79.5,ACCEPTANCE,DOWN,0.04,True,False,False,,S2,8565.0,8582.0,17.0,0.94,0.94,6,2.47
CRUDEOIL,2026-09-02,CHOP,2026-09-02T15:10:00Z,BUY,8565.0,8582.0,8557.0,8550.0,362.2,207600.0,500.0,LOWER_VA,-47.5,-57.5,77.5,2.96,1.47,0.821,False,,,,NA,DOWN,0.15,True,False,False,,S0,8565.0,8557.0,8.0,0.62,6.88,0,7.19
CRUDEOIL,2026-09-02,CHOP,2026-09-02T15:10:00Z,BUY,8565.0,8582.0,8557.0,8550.0,362.2,207600.0,500.0,LOWER_VA,-47.5,-57.5,77.5,2.96,1.47,0.821,False,,,,NA,DOWN,0.15,True,False,False,,S2,8565.0,8557.0,8.0,1.88,6.88,0,7.19
CRUDEOIL,2026-09-02,CHOP,2026-09-02T15:10:00Z,SELL,8565.0,8582.0,8557.0,8550.0,343.3,164800.0,12900.0,LOWER_VA,-47.5,-57.5,77.5,2.96,1.47,0.821,True,poc,8612.5,55.5,ACCEPTANCE,DOWN,0.15,True,False,True,2,S0,8565.0,8582.0,17.0,0.94,0.94,6,2.47
CRUDEOIL,2026-09-02,CHOP,2026-09-02T15:10:00Z,SELL,8565.0,8582.0,8557.0,8550.0,343.3,164800.0,12900.0,LOWER_VA,-47.5,-57.5,77.5,2.96,1.47,0.821,True,poc,8612.5,55.5,ACCEPTANCE,DOWN,0.15,True,False,True,2,S2,8565.0,8582.0,17.0,0.94,0.94,6,2.47
CRUDEOIL,2026-09-02,CHOP,2026-09-02T15:35:00Z,BUY,8558.0,8579.0,8556.0,8550.0,367.1,199500.0,-3600.0,AT_POC,10.5,-64.5,70.5,2.21,1.35,0.759,False,,,,NA,UP,0.81,True,False,False,,S0,8558.0,8556.0,2.0,9.0,31.0,0,11.0
CRUDEOIL,2026-09-02,CHOP,2026-09-02T15:35:00Z,SELL,8558.0,8579.0,8556.0,8550.0,340.5,205400.0,7900.0,AT_POC,10.5,-64.5,70.5,2.21,1.35,0.759,False,,,,NA,UP,0.81,False,True,False,,S0,8558.0,8579.0,21.0,0.14,0.33,1,0.43
CRUDEOIL,2026-09-02,CHOP,2026-09-02T16:40:00Z,BUY,8610.0,8613.0,8592.0,8600.0,341.5,783000.0,3000.0,UPPER_VA,52.5,-12.5,117.5,2.44,1.24,0.677,False,,,,NA,DOWN,0.73,False,False,False,,S0,8610.0,8592.0,18.0,0.0,0.56,1,0.69
CRUDEOIL,2026-09-02,CHOP,2026-09-02T16:40:00Z,SELL,8610.0,8613.0,8592.0,8600.0,347.0,565400.0,-1600.0,UPPER_VA,52.5,-12.5,117.5,2.44,1.24,0.677,False,,,,NA,DOWN,0.73,True,False,False,,S0,8610.0,8613.0,3.0,14.0,14.0,10,15.67
CRUDEOIL,2026-09-02,CHOP,2026-09-02T17:45:00Z,BUY,8595.0,8615.0,8590.0,8600.0,345.9,670100.0,-35400.0,AT_POC,-12.5,-27.5,97.5,2.08,1.47,0.842,False,,,,NA,DOWN,0.14,True,False,False,,S0,8595.0,8590.0,5.0,1.6,1.6,0,3.0
CRUDEOIL,2026-09-02,CHOP,2026-09-02T17:45:00Z,SELL,8595.0,8615.0,8590.0,8600.0,329.8,588700.0,-3800.0,AT_POC,-12.5,-27.5,97.5,2.08,1.47,0.842,True,poc,8607.5,17.5,MIXED,DOWN,0.14,False,True,False,,S0,8595.0,8615.0,20.0,0.3,0.3,,4.88
CRUDEOIL,2026-09-03,CHOP,2026-09-03T03:55:00Z,BUY,8581.0,8583.0,8568.0,8600.0,323.0,600800.0,12400.0,NA,,,,0.38,2.5,,False,,,,NA,DOWN,0.83,False,False,False,,S0,8581.0,8568.0,13.0,0.08,16.15,3,
CRUDEOIL,2026-09-03,CHOP,2026-09-03T03:55:00Z,SELL,8581.0,8583.0,8568.0,8600.0,346.7,541400.0,10900.0,NA,,,,0.38,2.5,,True,prior_frac_lo,8573.0,5.0,REJECTION,DOWN,0.83,True,False,False,,S0,8581.0,8583.0,2.0,64.5,64.5,58,4.0
CRUDEOIL,2026-09-03,CHOP,2026-09-03T03:55:00Z,SELL,8581.0,8583.0,8568.0,8600.0,346.7,541400.0,10900.0,NA,,,,0.38,2.5,,True,prior_frac_lo,8573.0,5.0,REJECTION,DOWN,0.83,True,False,False,,S2,8575.0,8580.0,5.0,24.6,24.6,56,0.4
CRUDEOIL,2026-09-03,CHOP,2026-09-03T04:30:00Z,BUY,8557.0,8572.0,8553.0,8550.0,,,,NA,,,,0.51,2.38,0.917,False,,,,NA,DOWN,0.5,False,False,False,,S0,8557.0,8553.0,4.0,0.5,58.5,1,6.5
CRUDEOIL,2026-09-03,CHOP,2026-09-03T04:30:00Z,SELL,8557.0,8572.0,8553.0,8550.0,,,,NA,,,,0.51,2.38,0.917,True,prior_frac_lo,8568.0,15.0,ACCEPTANCE,DOWN,0.5,True,False,True,2,S0,8557.0,8572.0,15.0,7.0,7.0,48,
CRUDEOIL,2026-09-03,CHOP,2026-09-03T04:30:00Z,SELL,8557.0,8572.0,8553.0,8550.0,,,,NA,,,,0.51,2.38,0.917,True,prior_frac_lo,8568.0,15.0,ACCEPTANCE,DOWN,0.5,True,False,True,2,S2,8555.0,8559.0,4.0,1.0,25.75,0,
CRUDEOIL,2026-09-03,CHOP,2026-09-03T05:15:00Z,BUY,8529.0,8545.0,8524.0,8550.0,,,,BELOW_VA,-43.5,-53.5,-23.5,1.08,2.62,0.952,False,,,,NA,DOWN,0.76,False,False,False,,S0,8529.0,8524.0,5.0,0.6,52.4,0,5.8
CRUDEOIL,2026-09-03,CHOP,2026-09-03T05:15:00Z,SELL,8529.0,8545.0,8524.0,8550.0,,,,BELOW_VA,-43.5,-53.5,-23.5,1.08,2.62,0.952,True,poc,8572.5,48.5,ACCEPTANCE,DOWN,0.76,True,True,False,,S0,8529.0,8545.0,16.0,4.5,4.81,25,
CRUDEOIL,2026-09-03,CHOP,2026-09-03T05:15:00Z,SELL,8529.0,8545.0,8524.0,8550.0,,,,BELOW_VA,-43.5,-53.5,-23.5,1.08,2.62,0.952,True,poc,8572.5,48.5,ACCEPTANCE,DOWN,0.76,True,True,False,,S2,8511.0,8521.0,10.0,5.4,5.9,22,
CRUDEOIL,2026-09-03,CHOP,2026-09-03T05:20:00Z,BUY,8516.0,8532.0,8515.0,8500.0,,,,BELOW_VA,-56.5,-66.5,-36.5,1.3,2.12,0.864,False,,,,NA,DOWN,0.31,False,False,False,,S0,8516.0,8515.0,1.0,5.0,275.0,0,42.0
CRUDEOIL,2026-09-03,CHOP,2026-09-03T05:20:00Z,SELL,8516.0,8532.0,8515.0,8500.0,,,,BELOW_VA,-56.5,-66.5,-36.5,1.3,2.12,0.864,True,poc,8572.5,57.5,ACCEPTANCE,DOWN,0.31,True,True,False,,S0,8516.0,8532.0,16.0,3.69,4.0,23,
CRUDEOIL,2026-09-03,CHOP,2026-09-03T05:20:00Z,SELL,8516.0,8532.0,8515.0,8500.0,,,,BELOW_VA,-56.5,-66.5,-36.5,1.3,2.12,0.864,True,poc,8572.5,57.5,ACCEPTANCE,DOWN,0.31,True,True,False,,S2,8511.0,8521.0,10.0,5.4,5.9,22,
CRUDEOIL,2026-09-03,CHOP,2026-09-03T05:25:00Z,BUY,8511.0,8521.0,8508.0,8500.0,,,,BELOW_VA,-61.5,-71.5,-36.5,2.39,1.62,0.739,False,,,,NA,DOWN,0.53,False,False,False,,S0,8511.0,8508.0,3.0,1.67,93.33,0,15.67
CRUDEOIL,2026-09-03,CHOP,2026-09-03T05:25:00Z,SELL,8511.0,8521.0,8508.0,8500.0,,,,BELOW_VA,-61.5,-71.5,-36.5,2.39,1.62,0.739,True,poc,8572.5,64.5,ACCEPTANCE,DOWN,0.53,True,True,False,,S0,8511.0,8521.0,10.0,5.4,5.9,22,
CRUDEOIL,2026-09-03,CHOP,2026-09-03T05:25:00Z,SELL,8511.0,8521.0,8508.0,8500.0,,,,BELOW_VA,-61.5,-71.5,-36.5,2.39,1.62,0.739,True,poc,8572.5,64.5,ACCEPTANCE,DOWN,0.53,True,True,False,,S2,8511.0,8521.0,10.0,5.4,5.9,22,
CRUDEOIL,2026-09-03,CHOP,2026-09-03T05:30:00Z,BUY,8499.0,8516.0,8499.0,8500.0,,,,BELOW_VA,-73.5,-83.5,-43.5,4.39,1.89,0.875,False,,,,NA,DOWN,0.83,False,False,False,,S0,8499.0,8499.0,0.0,,,,
CRUDEOIL,2026-09-03,CHOP,2026-09-03T05:30:00Z,SELL,8499.0,8516.0,8499.0,8500.0,,,,BELOW_VA,-73.5,-83.5,-43.5,4.39,1.89,0.875,True,poc,8572.5,73.5,ACCEPTANCE,DOWN,0.83,True,True,False,,S0,8499.0,8516.0,17.0,2.47,2.76,19,
CRUDEOIL,2026-09-03,CHOP,2026-09-03T05:35:00Z,BUY,8484.0,8499.0,8481.0,8500.0,320.0,731500.0,,BELOW_VA,-88.5,-98.5,-33.5,1.59,1.8,0.88,False,,,,NA,UP,0.85,True,True,False,,S0,8484.0,8481.0,3.0,7.67,102.33,0,24.67
CRUDEOIL,2026-09-03,CHOP,2026-09-03T05:35:00Z,SELL,8484.0,8499.0,8481.0,8500.0,316.0,870200.0,,BELOW_VA,-88.5,-98.5,-33.5,1.59,1.8,0.88,True,poc,8572.5,91.5,MIXED,UP,0.85,False,True,False,,S0,8484.0,8499.0,15.0,0.27,2.13,0,
CRUDEOIL,2026-09-03,CHOP,2026-09-03T05:40:00Z,BUY,8507.0,8507.0,8480.0,8500.0,310.5,730400.0,-1100.0,BELOW_VA,-65.5,-75.5,-10.5,0.97,2.7,0.962,False,,,,NA,DOWN,0.5,False,True,True,2,S0,8507.0,8480.0,27.0,0.07,10.52,6,1.89
CRUDEOIL,2026-09-03,CHOP,2026-09-03T05:40:00Z,BUY,8507.0,8507.0,8480.0,8500.0,310.5,730400.0,-1100.0,BELOW_VA,-65.5,-75.5,-10.5,0.97,2.7,0.962,False,,,,NA,DOWN,0.5,False,True,True,2,S2,8494.0,8481.0,13.0,0.08,22.85,1,4.92
CRUDEOIL,2026-09-03,CHOP,2026-09-03T05:40:00Z,SELL,8507.0,8507.0,8480.0,8500.0,322.5,871600.0,1400.0,BELOW_VA,-65.5,-75.5,-10.5,0.97,2.7,0.962,True,poc,8572.5,92.5,ACCEPTANCE,DOWN,0.5,True,False,False,,S0,8507.0,8507.0,0.0,,,,
CRUDEOIL,2026-09-03,CHOP,2026-09-03T05:50:00Z,BUY,8494.0,8500.0,8481.0,8500.0,316.7,730400.0,-7000.0,BELOW_VA,-78.5,-88.5,-18.5,0.56,1.81,0.893,False,,,,NA,DOWN,0.64,False,False,False,,S0,8494.0,8481.0,13.0,0.08,22.85,1,4.92
CRUDEOIL,2026-09-03,CHOP,2026-09-03T05:50:00Z,BUY,8494.0,8500.0,8481.0,8500.0,316.7,730400.0,-7000.0,BELOW_VA,-78.5,-88.5,-18.5,0.56,1.81,0.893,False,,,,NA,DOWN,0.64,False,False,False,,S2,8494.0,8481.0,13.0,0.08,22.85,1,4.92
CRUDEOIL,2026-09-03,CHOP,2026-09-03T05:50:00Z,SELL,8494.0,8500.0,8481.0,8500.0,316.1,868200.0,-1700.0,BELOW_VA,-78.5,-88.5,-18.5,0.56,1.81,0.893,True,poc,8572.5,91.5,ACCEPTANCE,DOWN,0.64,True,False,False,,S0,8494.0,8500.0,6.0,2.17,7.0,3,2.33
CRUDEOIL,2026-09-03,CHOP,2026-09-03T06:15:00Z,BUY,8471.0,8497.0,8460.0,8450.0,,,,BELOW_VA,-101.5,-111.5,-31.5,2.7,3.36,0.97,False,,,,NA,UP,0.18,True,False,False,,S0,8471.0,8460.0,11.0,0.73,29.09,0,3.45
CRUDEOIL,2026-09-03,CHOP,2026-09-03T06:15:00Z,BUY,8471.0,8497.0,8460.0,8450.0,,,,BELOW_VA,-101.5,-111.5,-31.5,2.7,3.36,0.97,False,,,,NA,UP,0.18,True,False,False,,S2,8476.0,8457.0,19.0,4.58,16.58,20,1.74
CRUDEOIL,2026-09-03,CHOP,2026-09-03T06:15:00Z,SELL,8471.0,8497.0,8460.0,8450.0,,,,BELOW_VA,-101.5,-111.5,-31.5,2.7,3.36,0.97,True,poc,8572.5,112.5,MIXED,UP,0.18,False,True,False,,S0,8471.0,8497.0,26.0,0.54,0.73,2,
CRUDEOIL,2026-09-03,CHOP,2026-09-03T06:20:00Z,BUY,8476.0,8479.0,8457.0,8500.0,301.2,734300.0,,BELOW_VA,-96.5,-106.5,-21.5,1.37,1.91,0.912,False,,,,NA,UP,0.67,True,True,False,,S0,8476.0,8457.0,19.0,4.58,16.58,20,1.37
CRUDEOIL,2026-09-03,CHOP,2026-09-03T06:20:00Z,BUY,8476.0,8479.0,8457.0,8500.0,301.2,734300.0,,BELOW_VA,-96.5,-106.5,-21.5,1.37,1.91,0.912,False,,,,NA,UP,0.67,True,True,False,,S2,8476.0,8457.0,19.0,4.58,16.58,20,1.37
CRUDEOIL,2026-09-03,CHOP,2026-09-03T06:20:00Z,SELL,8476.0,8479.0,8457.0,8500.0,329.0,821600.0,,BELOW_VA,-96.5,-106.5,-21.5,1.37,1.91,0.912,True,poc,8572.5,115.5,MIXED,UP,0.67,False,False,False,,S0,8476.0,8479.0,3.0,0.0,8.0,0,
CRUDEOIL,2026-09-03,CHOP,2026-09-03T06:20:00Z,SELL,8476.0,8479.0,8457.0,8500.0,329.0,821600.0,,BELOW_VA,-96.5,-106.5,-21.5,1.37,1.91,0.912,True,poc,8572.5,115.5,MIXED,UP,0.67,False,False,False,,S2,8488.0,8499.0,11.0,0.0,3.27,0,0.64
CRUDEOIL,2026-09-03,CHOP,2026-09-03T06:45:00Z,BUY,8501.0,8502.0,8480.0,8500.0,320.6,735700.0,-100.0,LOWER_VA,-71.5,-81.5,8.5,1.01,1.83,0.923,False,,,,NA,DOWN,0.69,False,True,False,,S0,8501.0,8480.0,21.0,2.95,13.81,15,0.05
CRUDEOIL,2026-09-03,CHOP,2026-09-03T06:45:00Z,BUY,8501.0,8502.0,8480.0,8500.0,320.6,735700.0,-100.0,LOWER_VA,-71.5,-81.5,8.5,1.01,1.83,0.923,False,,,,NA,DOWN,0.69,False,True,False,,S2,8501.0,8480.0,21.0,2.95,13.81,15,0.05
CRUDEOIL,2026-09-03,CHOP,2026-09-03T06:45:00Z,SELL,8501.0,8502.0,8480.0,8500.0,314.5,815900.0,-4600.0,LOWER_VA,-71.5,-81.5,8.5,1.01,1.83,0.923,True,poc,8572.5,92.5,ACCEPTANCE,DOWN,0.69,True,False,False,,S0,8501.0,8502.0,1.0,11.0,49.0,0,8.5
CRUDEOIL,2026-09-03,CHOP,2026-09-03T07:00:00Z,BUY,8498.0,8510.0,8487.0,8500.0,320.6,735700.0,0.0,AT_POC,0.5,-59.5,35.5,0.83,1.92,0.929,True,poc,8497.5,12.5,ACCEPTANCE,UP,0.62,True,False,False,,S0,8498.0,8487.0,11.0,5.91,26.64,12,0.73
CRUDEOIL,2026-09-03,CHOP,2026-09-03T07:00:00Z,SELL,8498.0,8510.0,8487.0,8500.0,314.5,815900.0,0.0,AT_POC,0.5,-59.5,35.5,0.83,1.92,0.929,True,poc,8497.5,10.5,REJECTION,UP,0.62,False,False,False,,S0,8498.0,8510.0,12.0,0.33,3.83,1,1.5
CRUDEOIL,2026-09-03,CHOP,2026-09-03T07:30:00Z,BUY,8535.0,8560.0,8533.0,8550.0,298.8,97700.0,0.0,UPPER_VA,37.5,-22.5,57.5,1.55,2.08,0.958,True,vah,8557.5,2.5,REJECTION,DOWN,0.7,False,False,False,,S0,8535.0,8533.0,2.0,4.0,128.0,0,11.25
CRUDEOIL,2026-09-03,CHOP,2026-09-03T07:30:00Z,SELL,8535.0,8560.0,8533.0,8550.0,343.0,100000.0,0.0,UPPER_VA,37.5,-22.5,57.5,1.55,2.08,0.958,False,,,,NA,DOWN,0.7,True,True,True,2,S0,8535.0,8560.0,25.0,0.72,3.32,5,1.92
CRUDEOIL,2026-09-03,CHOP,2026-09-03T07:30:00Z,SELL,8535.0,8560.0,8533.0,8550.0,343.0,100000.0,0.0,UPPER_VA,37.5,-22.5,57.5,1.55,2.08,0.958,False,,,,NA,DOWN,0.7,True,True,True,2,S2,8535.0,8560.0,25.0,0.72,3.32,5,1.92
CRUDEOIL,2026-09-03,CHOP,2026-09-03T07:40:00Z,BUY,8545.0,8550.0,8523.0,8550.0,298.8,97700.0,0.0,UPPER_VA,47.5,-17.5,62.5,0.62,2.08,0.96,False,,,,NA,DOWN,0.94,False,False,True,2,S0,8545.0,8523.0,22.0,0.82,11.18,3,0.68
CRUDEOIL,2026-09-03,CHOP,2026-09-03T07:40:00Z,SELL,8545.0,8550.0,8523.0,8550.0,343.0,100000.0,0.0,UPPER_VA,47.5,-17.5,62.5,0.62,2.08,0.96,False,,,,NA,DOWN,0.94,True,False,True,2,S0,8545.0,8550.0,5.0,5.6,18.6,3,11.6
CRUDEOIL,2026-09-03,CHOP,2026-09-03T07:55:00Z,BUY,8546.0,8546.0,8529.0,8550.0,298.8,97700.0,0.0,UPPER_VA,48.5,-11.5,63.5,2.38,1.21,0.717,False,,,,NA,DOWN,0.39,False,True,False,,S0,8546.0,8529.0,17.0,1.0,14.41,0,0.24
CRUDEOIL,2026-09-03,CHOP,2026-09-03T07:55:00Z,BUY,8546.0,8546.0,8529.0,8550.0,298.8,97700.0,0.0,UPPER_VA,48.5,-11.5,63.5,2.38,1.21,0.717,False,,,,NA,DOWN,0.39,False,True,False,,S2,8546.0,8529.0,17.0,1.0,14.41,0,0.24
CRUDEOIL,2026-09-03,CHOP,2026-09-03T07:55:00Z,SELL,8546.0,8546.0,8529.0,8550.0,343.0,100000.0,0.0,UPPER_VA,48.5,-11.5,63.5,2.38,1.21,0.717,False,,,,NA,DOWN,0.39,True,True,False,,S0,8546.0,8546.0,0.0,,,,
CRUDEOIL,2026-09-03,CHOP,2026-09-03T08:00:00Z,BUY,8531.0,8563.0,8517.0,8550.0,298.8,97700.0,0.0,UPPER_VA,33.5,-26.5,48.5,4.72,3.29,0.981,True,vah,8557.5,5.5,REJECTION,DOWN,0.57,False,False,False,,S0,8531.0,8517.0,14.0,0.0,18.57,0,1.07
CRUDEOIL,2026-09-03,CHOP,2026-09-03T08:00:00Z,SELL,8531.0,8563.0,8517.0,8550.0,343.0,100000.0,0.0,UPPER_VA,33.5,-26.5,48.5,4.72,3.29,0.981,True,prior_frac_lo,8528.0,11.0,REJECTION,DOWN,0.57,True,True,False,,S0,8531.0,8563.0,32.0,2.47,2.47,5,0.09
CRUDEOIL,2026-09-03,CHOP,2026-09-03T08:05:00Z,BUY,8485.0,8529.0,8452.0,8500.0,320.6,735700.0,0.0,LOWER_VA,-12.5,-72.5,2.5,9.0,5.5,1.0,False,,,,NA,UP,0.91,True,False,False,,S0,8485.0,8452.0,33.0,9.27,9.27,,1.85
CRUDEOIL,2026-09-03,CHOP,2026-09-03T08:05:00Z,SELL,8485.0,8529.0,8452.0,8500.0,314.5,815900.0,0.0,LOWER_VA,-12.5,-72.5,2.5,9.0,5.5,1.0,True,prior_frac_lo,8528.0,76.0,MIXED,UP,0.91,False,False,False,,S0,8485.0,8529.0,44.0,0.11,0.11,1,0.06
CRUDEOIL,2026-09-03,CHOP,2026-09-03T08:10:00Z,BUY,8522.0,8523.0,8480.0,8500.0,320.6,735700.0,0.0,UPPER_VA,24.5,-35.5,39.5,1.91,2.97,0.946,True,poc,8497.5,25.5,ACCEPTANCE,UP,0.54,True,True,False,,S0,8522.0,8480.0,42.0,6.4,6.4,,0.85
CRUDEOIL,2026-09-03,CHOP,2026-09-03T08:10:00Z,SELL,8522.0,8523.0,8480.0,8500.0,314.5,815900.0,0.0,UPPER_VA,24.5,-35.5,39.5,1.91,2.97,0.946,True,prior_frac_lo,8528.0,48.0,REJECTION,UP,0.54,False,False,False,,S0,8522.0,8523.0,1.0,6.0,6.0,0,39.5
CRUDEOIL,2026-09-03,CHOP,2026-09-03T08:20:00Z,BUY,8550.0,8560.0,8533.0,8550.0,298.8,97700.0,0.0,UPPER_VA,52.5,-2.5,67.5,1.58,1.8,0.914,True,vah,8552.5,7.5,REJECTION,DOWN,0.32,False,True,False,,S0,8550.0,8533.0,17.0,14.18,14.18,,0.15
CRUDEOIL,2026-09-03,CHOP,2026-09-03T08:20:00Z,SELL,8550.0,8560.0,8533.0,8550.0,343.0,100000.0,0.0,UPPER_VA,52.5,-2.5,67.5,1.58,1.8,0.914,False,,,,NA,DOWN,0.32,True,False,False,,S0,8550.0,8560.0,10.0,1.1,1.1,0,6.75
CRUDEOIL,2026-09-03,CHOP,2026-09-03T08:20:00Z,SELL,8550.0,8560.0,8533.0,8550.0,343.0,100000.0,0.0,UPPER_VA,52.5,-2.5,67.5,1.58,1.8,0.914,False,,,,NA,DOWN,0.32,True,False,False,,S2,8544.0,8561.0,17.0,0.0,0.0,0,3.62
CRUDEOIL,2026-09-03,CHOP,2026-09-03T08:50:00Z,BUY,8600.0,8608.0,8577.0,8600.0,317.2,602500.0,600.0,ABOVE_VA,102.5,42.5,117.5,2.42,2.07,0.922,False,,,,NA,UP,0.52,True,True,False,,S0,8600.0,8577.0,23.0,8.3,8.3,,
CRUDEOIL,2026-09-03,CHOP,2026-09-03T08:50:00Z,SELL,8600.0,8608.0,8577.0,8600.0,337.9,499900.0,2100.0,ABOVE_VA,102.5,42.5,117.5,2.42,2.07,0.922,False,,,,NA,UP,0.52,False,False,False,,S0,8600.0,8608.0,8.0,0.88,0.88,0,14.69
CRUDEOIL,2026-09-03,CHOP,2026-09-03T08:55:00Z,BUY,8617.0,8618.0,8593.0,8600.0,331.0,605600.0,3100.0,ABOVE_VA,119.5,54.5,134.5,1.97,1.67,0.831,False,,,,NA,UP,0.4,True,True,False,,S0,8617.0,8593.0,24.0,7.25,7.25,,
CRUDEOIL,2026-09-03,CHOP,2026-09-03T08:55:00Z,SELL,8617.0,8618.0,8593.0,8600.0,329.9,512100.0,12200.0,ABOVE_VA,119.5,54.5,134.5,1.97,1.67,0.831,False,,,,NA,UP,0.4,False,False,False,,S0,8617.0,8618.0,1.0,6.0,21.0,0,134.5
CRUDEOIL,2026-09-03,CHOP,2026-09-03T08:55:00Z,SELL,8617.0,8618.0,8593.0,8600.0,329.9,512100.0,12200.0,ABOVE_VA,119.5,54.5,134.5,1.97,1.67,0.831,False,,,,NA,UP,0.4,False,False,False,,S2,8621.0,8648.0,27.0,0.93,0.93,5,5.13
CRUDEOIL,2026-09-03,CHOP,2026-09-03T09:00:00Z,BUY,8631.0,8641.0,8611.0,8650.0,,,,ABOVE_VA,133.5,68.5,148.5,3.2,2.0,0.909,False,,,,NA,DOWN,0.46,False,True,False,,S0,8631.0,8611.0,20.0,0.85,8.0,2,
CRUDEOIL,2026-09-03,CHOP,2026-09-03T09:00:00Z,SELL,8631.0,8641.0,8611.0,8650.0,,,,ABOVE_VA,133.5,68.5,148.5,3.2,2.0,0.909,False,,,,NA,DOWN,0.46,True,False,False,,S0,8631.0,8641.0,10.0,1.1,3.5,0,14.85
CRUDEOIL,2026-09-03,CHOP,2026-09-03T09:00:00Z,SELL,8631.0,8641.0,8611.0,8650.0,,,,ABOVE_VA,133.5,68.5,148.5,3.2,2.0,0.909,False,,,,NA,DOWN,0.46,True,False,False,,S2,8621.0,8648.0,27.0,0.93,0.93,5,5.13
CRUDEOIL,2026-09-03,CHOP,2026-09-03T09:05:00Z,BUY,8621.0,8648.0,8620.0,8600.0,352.0,610000.0,,ABOVE_VA,123.5,48.5,138.5,1.41,1.87,0.896,False,,,,NA,DOWN,0.62,False,False,False,,S0,8621.0,8620.0,1.0,5.0,170.0,0,
CRUDEOIL,2026-09-03,CHOP,2026-09-03T09:05:00Z,SELL,8621.0,8648.0,8620.0,8600.0,316.0,539000.0,,ABOVE_VA,123.5,48.5,138.5,1.41,1.87,0.896,False,,,,NA,DOWN,0.62,True,True,False,,S0,8621.0,8648.0,27.0,0.93,0.93,5,5.13
CRUDEOIL,2026-09-03,CHOP,2026-09-03T09:05:00Z,SELL,8621.0,8648.0,8620.0,8600.0,316.0,539000.0,,ABOVE_VA,123.5,48.5,138.5,1.41,1.87,0.896,False,,,,NA,DOWN,0.62,True,True,False,,S2,8621.0,8648.0,27.0,0.93,0.93,5,5.13
CRUDEOIL,2026-09-03,CHOP,2026-09-03T09:20:00Z,BUY,8639.0,8641.0,8612.0,8650.0,319.5,90700.0,1900.0,ABOVE_VA,141.5,66.5,156.5,1.14,1.87,0.9,False,,,,NA,DOWN,0.79,False,False,True,2,S0,8639.0,8612.0,27.0,5.63,5.63,78,0.33
CRUDEOIL,2026-09-03,CHOP,2026-09-03T09:20:00Z,SELL,8639.0,8641.0,8612.0,8650.0,355.1,43500.0,1000.0,ABOVE_VA,141.5,66.5,156.5,1.14,1.87,0.9,False,,,,NA,DOWN,0.79,True,False,False,,S0,8639.0,8641.0,2.0,8.5,17.0,1,78.25
CRUDEOIL,2026-09-03,CHOP,2026-09-03T09:35:00Z,BUY,8649.0,8666.0,8634.0,8650.0,327.6,89400.0,,ABOVE_VA,151.5,71.5,166.5,2.71,2.0,0.932,True,prior_frac_hi,8641.0,25.0,MIXED,DOWN,0.29,False,False,False,,S0,8649.0,8634.0,15.0,9.47,9.47,74,
CRUDEOIL,2026-09-03,CHOP,2026-09-03T09:35:00Z,SELL,8649.0,8666.0,8634.0,8650.0,351.0,44900.0,,ABOVE_VA,151.5,71.5,166.5,2.71,2.0,0.932,False,,,,NA,DOWN,0.29,True,False,False,,S0,8649.0,8666.0,17.0,0.65,2.59,2,3.12
CRUDEOIL,2026-09-03,CHOP,2026-09-03T09:35:00Z,SELL,8649.0,8666.0,8634.0,8650.0,351.0,44900.0,,ABOVE_VA,151.5,71.5,166.5,2.71,2.0,0.932,False,,,,NA,DOWN,0.29,True,False,False,,S2,8644.0,8655.0,11.0,0.0,3.55,0,4.36
CRUDEOIL,2026-09-03,CHOP,2026-09-03T09:55:00Z,BUY,8711.0,8728.0,8665.0,8700.0,302.9,320200.0,0.0,ABOVE_VA,213.5,128.5,238.5,5.66,3.94,0.974,True,prior_frac_hi,8666.0,62.0,MIXED,DOWN,0.03,False,False,False,,S0,8711.0,8665.0,46.0,1.74,1.74,35,
CRUDEOIL,2026-09-03,CHOP,2026-09-03T09:55:00Z,SELL,8711.0,8728.0,8665.0,8700.0,378.0,71600.0,0.0,ABOVE_VA,213.5,128.5,238.5,5.66,3.94,0.974,False,,,,NA,DOWN,0.03,True,False,False,,S0,8711.0,8728.0,17.0,0.88,6.24,1,5.24
CRUDEOIL,2026-09-03,CHOP,2026-09-03T10:00:00Z,BUY,8708.0,8725.0,8696.0,8700.0,302.9,320200.0,0.0,ABOVE_VA,210.5,110.5,250.5,2.9,1.81,0.885,False,,,,NA,UP,0.62,True,True,False,,S0,8708.0,8696.0,12.0,6.92,6.92,27,
CRUDEOIL,2026-09-03,CHOP,2026-09-03T10:00:00Z,SELL,8708.0,8725.0,8696.0,8700.0,378.0,71600.0,0.0,ABOVE_VA,210.5,110.5,250.5,2.9,1.81,0.885,False,,,,NA,UP,0.62,False,False,False,,S0,8708.0,8725.0,17.0,0.41,6.06,0,5.06
CRUDEOIL,2026-09-03,CHOP,2026-09-03T10:00:00Z,SELL,8708.0,8725.0,8696.0,8700.0,378.0,71600.0,0.0,ABOVE_VA,210.5,110.5,250.5,2.9,1.81,0.885,False,,,,NA,UP,0.62,False,False,False,,S2,8730.0,8747.0,17.0,0.0,7.35,1,6.35
CRUDEOIL,2026-09-03,CHOP,2026-09-03T10:05:00Z,BUY,8733.0,8740.0,8701.0,8750.0,281.0,34800.0,0.0,ABOVE_VA,235.5,125.5,275.5,3.24,2.44,0.937,True,prior_frac_hi,8728.0,12.0,MIXED,DOWN,0.35,False,True,True,2,S0,8733.0,8701.0,32.0,1.81,1.81,12,
CRUDEOIL,2026-09-03,CHOP,2026-09-03T10:05:00Z,SELL,8733.0,8740.0,8701.0,8750.0,,,,ABOVE_VA,235.5,125.5,275.5,3.24,2.44,0.937,False,,,,NA,DOWN,0.35,True,False,False,,S0,8733.0,8740.0,7.0,0.43,18.29,0,15.86
CRUDEOIL,2026-09-03,CHOP,2026-09-03T10:05:00Z,SELL,8733.0,8740.0,8701.0,8750.0,,,,ABOVE_VA,235.5,125.5,275.5,3.24,2.44,0.937,False,,,,NA,DOWN,0.35,True,False,False,,S2,8730.0,8747.0,17.0,0.0,7.35,1,6.35
CRUDEOIL,2026-09-03,CHOP,2026-09-03T10:10:00Z,BUY,8730.0,8747.0,8730.0,8750.0,281.0,34800.0,0.0,ABOVE_VA,232.5,112.5,272.5,2.33,1.03,0.575,False,,,,NA,UP,0.64,True,False,False,,S0,8730.0,8730.0,0.0,,,,
CRUDEOIL,2026-09-03,CHOP,2026-09-03T10:10:00Z,SELL,8730.0,8747.0,8730.0,8750.0,,,,ABOVE_VA,232.5,112.5,272.5,2.33,1.03,0.575,False,,,,NA,UP,0.64,False,False,False,,S0,8730.0,8747.0,17.0,0.0,7.35,1,6.35
CRUDEOIL,2026-09-03,CHOP,2026-09-03T10:10:00Z,SELL,8730.0,8747.0,8730.0,8750.0,,,,ABOVE_VA,232.5,112.5,272.5,2.33,1.03,0.575,False,,,,NA,UP,0.64,False,False,False,,S2,8730.0,8747.0,17.0,0.0,7.35,1,6.35
CRUDEOIL,2026-09-03,CHOP,2026-09-03T10:20:00Z,BUY,8767.0,8767.0,8739.0,8750.0,281.0,34800.0,0.0,ABOVE_VA,269.5,139.5,309.5,3.27,1.7,0.854,True,prior_frac_hi,8747.0,20.0,REJECTION,DOWN,0.7,False,True,False,,S0,8767.0,8739.0,28.0,0.25,0.86,1,
CRUDEOIL,2026-09-03,CHOP,2026-09-03T10:20:00Z,SELL,8767.0,8767.0,8739.0,8750.0,,,,ABOVE_VA,269.5,139.5,309.5,3.27,1.7,0.854,False,,,,NA,DOWN,0.7,True,False,False,,S0,8767.0,8767.0,0.0,,,,
CRUDEOIL,2026-09-03,CHOP,2026-09-03T10:25:00Z,BUY,8744.0,8774.0,8741.0,8750.0,281.0,34800.0,0.0,ABOVE_VA,246.5,106.5,286.5,1.99,1.94,0.916,False,,,,NA,UP,0.68,True,False,False,,S0,8744.0,8741.0,3.0,9.0,15.67,0,1.0
CRUDEOIL,2026-09-03,CHOP,2026-09-03T10:25:00Z,SELL,8744.0,8774.0,8741.0,8750.0,,,,ABOVE_VA,246.5,106.5,286.5,1.99,1.94,0.916,False,,,,NA,UP,0.68,False,True,False,,S0,8744.0,8774.0,30.0,0.23,4.63,1,0.47
CRUDEOIL,2026-09-03,CHOP,2026-09-03T10:30:00Z,BUY,8767.0,8771.0,8737.0,8750.0,281.0,34800.0,0.0,ABOVE_VA,269.5,129.5,309.5,1.22,2.0,0.917,True,prior_frac_hi,8747.0,24.0,ACCEPTANCE,UP,0.2,True,True,False,,S0,8767.0,8737.0,30.0,0.8,0.8,5,
CRUDEOIL,2026-09-03,CHOP,2026-09-03T10:30:00Z,SELL,8767.0,8771.0,8737.0,8750.0,,,,ABOVE_VA,269.5,129.5,309.5,1.22,2.0,0.917,False,,,,NA,UP,0.2,False,False,False,,S0,8767.0,8771.0,4.0,1.75,40.5,0,9.25
CRUDEOIL,2026-09-03,CHOP,2026-09-03T10:55:00Z,BUY,8769.0,8791.0,8769.0,8750.0,365.0,151800.0,,ABOVE_VA,271.5,101.5,311.5,2.01,1.29,0.719,True,prior_frac_hi,8778.0,13.0,REJECTION,DOWN,0.59,False,False,False,,S0,8769.0,8769.0,0.0,,,,
CRUDEOIL,2026-09-03,CHOP,2026-09-03T10:55:00Z,SELL,8769.0,8791.0,8769.0,8750.0,345.1,212200.0,,ABOVE_VA,271.5,101.5,311.5,2.01,1.29,0.719,False,,,,NA,DOWN,0.59,True,True,False,,S0,8769.0,8791.0,22.0,7.45,7.45,,1.45
CRUDEOIL,2026-09-03,CHOP,2026-09-03T10:55:00Z,SELL,8769.0,8791.0,8769.0,8750.0,345.1,212200.0,,ABOVE_VA,271.5,101.5,311.5,2.01,1.29,0.719,False,,,,NA,DOWN,0.59,True,True,False,,S2,8769.0,8791.0,22.0,7.45,7.45,,1.45
CRUDEOIL,2026-09-03,CHOP,2026-09-03T11:00:00Z,BUY,8746.0,8766.0,8732.0,8750.0,363.8,150700.0,-1100.0,ABOVE_VA,248.5,68.5,288.5,1.94,2.0,0.922,False,,,,NA,DOWN,0.88,False,False,False,,S0,8746.0,8732.0,14.0,0.43,2.5,0,2.29
CRUDEOIL,2026-09-03,CHOP,2026-09-03T11:00:00Z,SELL,8746.0,8766.0,8732.0,8750.0,344.1,217400.0,5200.0,ABOVE_VA,248.5,68.5,288.5,1.94,2.0,0.922,True,prior_frac_lo,8756.0,24.0,ACCEPTANCE,DOWN,0.88,True,True,False,,S0,8746.0,8766.0,20.0,2.4,7.05,5,14.43
CRUDEOIL,2026-09-03,CHOP,2026-09-03T11:05:00Z,BUY,8704.0,8752.0,8703.0,8700.0,371.3,440300.0,3000.0,LOWER_VA,-63.5,-88.5,166.5,2.57,2.88,0.967,False,,,,NA,UP,0.67,True,False,False,,S0,8704.0,8703.0,1.0,15.0,77.0,0,87.0
CRUDEOIL,2026-09-03,CHOP,2026-09-03T11:05:00Z,BUY,8704.0,8752.0,8703.0,8700.0,371.3,440300.0,3000.0,LOWER_VA,-63.5,-88.5,166.5,2.57,2.88,0.967,False,,,,NA,UP,0.67,True,False,False,,S2,8715.0,8701.0,14.0,4.71,4.71,12,5.43
CRUDEOIL,2026-09-03,CHOP,2026-09-03T11:05:00Z,SELL,8704.0,8752.0,8703.0,8700.0,329.1,617700.0,-17500.0,LOWER_VA,-63.5,-88.5,166.5,2.57,2.88,0.967,True,poc,8767.5,64.5,MIXED,UP,0.67,False,True,False,,S0,8704.0,8752.0,48.0,0.12,2.06,4,3.47
CRUDEOIL,2026-09-03,CHOP,2026-09-03T11:10:00Z,BUY,8716.0,8719.0,8698.0,8700.0,348.0,443000.0,2700.0,AT_POC,-26.5,-76.5,178.5,2.23,1.24,0.663,False,,,,NA,UP,0.0,False,False,False,,S0,8716.0,8698.0,18.0,3.61,3.61,13,4.17
CRUDEOIL,2026-09-03,CHOP,2026-09-03T11:10:00Z,BUY,8716.0,8719.0,8698.0,8700.0,348.0,443000.0,2700.0,AT_POC,-26.5,-76.5,178.5,2.23,1.24,0.663,False,,,,NA,UP,0.0,False,False,False,,S2,8715.0,8701.0,14.0,4.71,4.71,12,5.43
CRUDEOIL,2026-09-03,CHOP,2026-09-03T11:10:00Z,SELL,8716.0,8719.0,8698.0,8700.0,343.0,592500.0,-25200.0,AT_POC,-26.5,-76.5,178.5,2.23,1.24,0.663,True,prior_frac_lo,8756.0,58.0,ACCEPTANCE,UP,0.0,True,False,False,,S0,8716.0,8719.0,3.0,5.0,37.0,1,59.5
CRUDEOIL,2026-09-03,CHOP,2026-09-03T11:30:00Z,BUY,8732.0,8767.0,8725.0,8750.0,343.0,188000.0,8800.0,AT_POC,-5.5,-60.5,189.5,2.33,2.47,0.938,True,poc,8737.5,29.5,REJECTION,UP,0.7,True,False,False,,S0,8732.0,8725.0,7.0,7.0,7.0,7,8.43
CRUDEOIL,2026-09-03,CHOP,2026-09-03T11:30:00Z,SELL,8732.0,8767.0,8725.0,8750.0,358.8,193100.0,-1200.0,AT_POC,-5.5,-60.5,189.5,2.33,2.47,0.938,True,poc,8737.5,12.5,REJECTION,UP,0.7,False,False,False,,S0,8732.0,8767.0,35.0,0.11,3.63,1,0.97
CRUDEOIL,2026-09-03,CHOP,2026-09-03T11:30:00Z,SELL,8732.0,8767.0,8725.0,8750.0,358.8,193100.0,-1200.0,AT_POC,-5.5,-60.5,189.5,2.33,2.47,0.938,True,poc,8737.5,12.5,REJECTION,UP,0.7,False,False,False,,S2,8732.0,8767.0,35.0,0.11,3.63,1,0.97
CRUDEOIL,2026-09-03,CHOP,2026-09-03T11:45:00Z,BUY,8778.0,8781.0,8766.0,8800.0,338.5,350100.0,-8600.0,UPPER_VA,40.5,-14.5,230.5,2.17,0.88,0.394,False,,,,NA,UP,0.17,False,False,False,,S0,8778.0,8766.0,12.0,0.0,0.08,0,1.21
CRUDEOIL,2026-09-03,CHOP,2026-09-03T11:45:00Z,BUY,8778.0,8781.0,8766.0,8800.0,338.5,350100.0,-8600.0,UPPER_VA,40.5,-14.5,230.5,2.17,0.88,0.394,False,,,,NA,UP,0.17,False,False,False,,S2,8775.0,8765.0,10.0,0.2,0.4,0,1.75
CRUDEOIL,2026-09-03,CHOP,2026-09-03T11:45:00Z,SELL,8778.0,8781.0,8766.0,8800.0,372.4,242600.0,26200.0,UPPER_VA,40.5,-14.5,230.5,2.17,0.88,0.394,False,,,,NA,UP,0.17,True,True,False,,S0,8778.0,8781.0,3.0,57.67,57.67,,26.67
CRUDEOIL,2026-09-03,CHOP,2026-09-03T11:50:00Z,BUY,8775.0,8777.0,8765.0,8750.0,366.8,195700.0,-5300.0,AT_POC,7.5,-17.5,227.5,2.68,0.71,0.23,False,,,,NA,UP,0.42,True,False,False,,S0,8775.0,8765.0,10.0,0.2,0.4,0,1.75
CRUDEOIL,2026-09-03,CHOP,2026-09-03T11:50:00Z,BUY,8775.0,8777.0,8765.0,8750.0,366.8,195700.0,-5300.0,AT_POC,7.5,-17.5,227.5,2.68,0.71,0.23,False,,,,NA,UP,0.42,True,False,False,,S2,8775.0,8765.0,10.0,0.2,0.4,0,1.75
CRUDEOIL,2026-09-03,CHOP,2026-09-03T11:50:00Z,SELL,8775.0,8777.0,8765.0,8750.0,343.5,226300.0,15200.0,AT_POC,7.5,-17.5,227.5,2.68,0.71,0.23,True,poc,8767.5,2.5,REJECTION,UP,0.42,False,False,False,,S0,8775.0,8777.0,2.0,5.0,85.0,0,38.5
CRUDEOIL,2026-09-03,CHOP,2026-09-03T12:00:00Z,BUY,8755.0,8779.0,8754.0,8750.0,363.5,189000.0,-1400.0,AT_POC,-12.5,-37.5,207.5,1.93,1.47,0.735,False,,,,NA,DOWN,0.56,False,False,False,,S0,8755.0,8754.0,1.0,13.0,13.0,0,26.0
CRUDEOIL,2026-09-03,CHOP,2026-09-03T12:00:00Z,SELL,8755.0,8779.0,8754.0,8750.0,342.0,239900.0,7500.0,AT_POC,-12.5,-37.5,207.5,1.93,1.47,0.735,True,poc,8767.5,13.5,ACCEPTANCE,DOWN,0.56,True,True,False,,S0,8755.0,8779.0,24.0,6.25,6.25,,8.65
CRUDEOIL,2026-09-03,CHOP,2026-09-03T12:15:00Z,BUY,8714.0,8728.0,8705.0,8700.0,357.7,485700.0,-5100.0,LOWER_VA,-53.5,-78.5,161.5,2.07,1.35,0.705,False,,,,NA,DOWN,0.74,False,False,False,,S0,8714.0,8705.0,9.0,0.11,2.89,0,7.22
CRUDEOIL,2026-09-03,CHOP,2026-09-03T12:15:00Z,BUY,8714.0,8728.0,8705.0,8700.0,357.7,485700.0,-5100.0,LOWER_VA,-53.5,-78.5,161.5,2.07,1.35,0.705,False,,,,NA,DOWN,0.74,False,False,False,,S2,8699.0,8691.0,8.0,2.62,5.12,0,10.0
CRUDEOIL,2026-09-03,CHOP,2026-09-03T12:15:00Z,SELL,8714.0,8728.0,8705.0,8700.0,331.0,725000.0,-7500.0,LOWER_VA,-53.5,-78.5,161.5,2.07,1.35,0.705,True,poc,8767.5,62.5,ACCEPTANCE,DOWN,0.74,True,True,False,,S0,8714.0,8728.0,14.0,2.5,7.79,3,11.54
CRUDEOIL,2026-09-03,CHOP,2026-09-03T12:30:00Z,BUY,8713.0,8720.0,8679.0,8700.0,341.3,550300.0,35700.0,LOWER_VA,-54.5,-79.5,155.5,2.67,2.41,0.935,False,,,,NA,UP,0.59,True,True,False,,S0,8713.0,8679.0,34.0,0.59,0.79,3,1.94
CRUDEOIL,2026-09-03,CHOP,2026-09-03T12:30:00Z,BUY,8713.0,8720.0,8679.0,8700.0,341.3,550300.0,35700.0,LOWER_VA,-54.5,-79.5,155.5,2.67,2.41,0.935,False,,,,NA,UP,0.59,True,True,False,,S2,8729.0,8705.0,24.0,0.0,0.46,0,2.08
CRUDEOIL,2026-09-03,CHOP,2026-09-03T12:30:00Z,SELL,8713.0,8720.0,8679.0,8700.0,342.1,693300.0,-8600.0,LOWER_VA,-54.5,-79.5,155.5,2.67,2.41,0.935,True,poc,8767.5,88.5,MIXED,UP,0.59,False,False,False,,S0,8713.0,8720.0,7.0,0.29,15.43,0,22.21
CRUDEOIL,2026-09-03,CHOP,2026-09-03T12:55:00Z,BUY,8661.0,8672.0,8645.0,8650.0,352.6,79200.0,3300.0,LOWER_VA,-106.5,-131.5,98.5,4.41,1.5,0.779,False,,,,NA,UP,0.54,True,True,False,,S0,8661.0,8645.0,16.0,1.62,4.94,3,4.5
CRUDEOIL,2026-09-03,CHOP,2026-09-03T12:55:00Z,BUY,8661.0,8672.0,8645.0,8650.0,352.6,79200.0,3300.0,LOWER_VA,-106.5,-131.5,98.5,4.41,1.5,0.779,False,,,,NA,UP,0.54,True,True,False,,S2,8669.0,8655.0,14.0,0.07,5.07,0,4.57
CRUDEOIL,2026-09-03,CHOP,2026-09-03T12:55:00Z,SELL,8661.0,8672.0,8645.0,8650.0,326.9,184900.0,6600.0,LOWER_VA,-106.5,-131.5,98.5,4.41,1.5,0.779,True,poc,8767.5,122.5,MIXED,UP,0.54,False,False,False,,S0,8661.0,8672.0,11.0,0.0,5.09,0,8.95
CRUDEOIL,2026-09-03,CHOP,2026-09-03T13:15:00Z,BUY,8680.0,8680.0,8645.0,8700.0,315.3,614900.0,6600.0,LOWER_VA,-87.5,-112.5,107.5,0.63,1.94,0.915,False,,,,NA,DOWN,0.58,False,True,False,,S0,8680.0,8645.0,35.0,0.17,1.71,3,0.2
CRUDEOIL,2026-09-03,CHOP,2026-09-03T13:15:00Z,SELL,8680.0,8680.0,8645.0,8700.0,359.6,647700.0,-14400.0,LOWER_VA,-87.5,-112.5,107.5,0.63,1.94,0.915,True,poc,8767.5,122.5,ACCEPTANCE,DOWN,0.58,True,False,False,,S0,8680.0,8680.0,0.0,,,,
CRUDEOIL,2026-09-03,CHOP,2026-09-03T13:15:00Z,SELL,8680.0,8680.0,8645.0,8700.0,359.6,647700.0,-14400.0,LOWER_VA,-87.5,-112.5,107.5,0.63,1.94,0.915,True,poc,8767.5,122.5,ACCEPTANCE,DOWN,0.58,True,False,False,,S2,8655.0,8670.0,15.0,0.47,3.33,0,0.67
CRUDEOIL,2026-09-03,CHOP,2026-09-03T13:20:00Z,BUY,8659.0,8686.0,8648.0,8650.0,351.6,117500.0,5000.0,LOWER_VA,-108.5,-133.5,86.5,0.93,2.05,0.924,False,,,,NA,DOWN,0.11,False,False,False,,S0,8659.0,8648.0,11.0,1.91,7.36,1,2.55
CRUDEOIL,2026-09-03,CHOP,2026-09-03T13:20:00Z,SELL,8659.0,8686.0,8648.0,8650.0,323.7,202600.0,-15000.0,LOWER_VA,-108.5,-133.5,86.5,0.93,2.05,0.924,True,poc,8767.5,119.5,ACCEPTANCE,DOWN,0.11,True,False,True,2,S0,8659.0,8686.0,27.0,0.59,2.0,4,0.52
CRUDEOIL,2026-09-03,CHOP,2026-09-03T13:20:00Z,SELL,8659.0,8686.0,8648.0,8650.0,323.7,202600.0,-15000.0,LOWER_VA,-108.5,-133.5,86.5,0.93,2.05,0.924,True,poc,8767.5,119.5,ACCEPTANCE,DOWN,0.11,True,False,True,2,S2,8655.0,8670.0,15.0,0.47,3.33,0,0.67
CRUDEOIL,2026-09-03,CHOP,2026-09-03T13:45:00Z,BUY,8712.0,8716.0,8677.0,8700.0,324.8,656500.0,4600.0,LOWER_VA,-55.5,-80.5,134.5,1.39,2.05,0.935,True,prior_frac_hi,8680.0,36.0,MIXED,DOWN,0.65,False,False,False,,S0,8712.0,8677.0,35.0,0.06,0.8,1,2.3
CRUDEOIL,2026-09-03,CHOP,2026-09-03T13:45:00Z,SELL,8712.0,8716.0,8677.0,8700.0,347.5,621400.0,2900.0,LOWER_VA,-55.5,-80.5,134.5,1.39,2.05,0.935,True,poc,8767.5,90.5,ACCEPTANCE,DOWN,0.65,True,False,False,,S0,8712.0,8716.0,4.0,13.5,26.75,6,17.25
CRUDEOIL,2026-09-03,CHOP,2026-09-03T13:55:00Z,BUY,8664.0,8700.0,8658.0,8650.0,361.4,112500.0,-8000.0,LOWER_VA,-103.5,-128.5,86.5,2.06,2.21,0.952,False,,,,NA,UP,0.59,True,True,False,,S0,8664.0,8658.0,6.0,12.67,12.67,18,8.67
CRUDEOIL,2026-09-03,CHOP,2026-09-03T13:55:00Z,SELL,8664.0,8700.0,8658.0,8650.0,311.2,212700.0,-100.0,LOWER_VA,-103.5,-128.5,86.5,2.06,2.21,0.952,True,poc,8767.5,109.5,MIXED,UP,0.59,False,False,False,,S0,8664.0,8700.0,36.0,0.0,1.64,0,0.58
CRUDEOIL,2026-09-03,CHOP,2026-09-03T14:00:00Z,BUY,8703.0,8708.0,8664.0,8700.0,318.0,663600.0,3000.0,LOWER_VA,-64.5,-89.5,125.5,1.07,2.32,0.96,False,,,,NA,DOWN,0.24,False,True,True,2,S0,8703.0,8664.0,39.0,0.95,0.95,17,0.33
CRUDEOIL,2026-09-03,CHOP,2026-09-03T14:00:00Z,SELL,8703.0,8708.0,8664.0,8700.0,351.0,627300.0,3400.0,LOWER_VA,-64.5,-89.5,125.5,1.07,2.32,0.96,True,poc,8767.5,103.5,ACCEPTANCE,DOWN,0.24,True,False,False,,S0,8703.0,8708.0,5.0,2.8,19.6,0,12.0
CRUDEOIL,2026-09-03,CHOP,2026-09-03T14:20:00Z,BUY,8705.0,8718.0,8692.0,8700.0,334.5,659600.0,-13600.0,LOWER_VA,-62.5,-87.5,122.5,1.98,1.37,0.708,True,prior_frac_hi,8710.0,8.0,REJECTION,DOWN,0.18,True,False,False,,S0,8705.0,8692.0,13.0,2.23,2.69,4,0.38
CRUDEOIL,2026-09-03,CHOP,2026-09-03T14:20:00Z,BUY,8705.0,8718.0,8692.0,8700.0,334.5,659600.0,-13600.0,LOWER_VA,-62.5,-87.5,122.5,1.98,1.37,0.708,True,prior_frac_hi,8710.0,8.0,REJECTION,DOWN,0.18,True,False,False,,S2,8705.0,8693.0,12.0,2.42,2.92,3,0.42
CRUDEOIL,2026-09-03,CHOP,2026-09-03T14:20:00Z,SELL,8705.0,8718.0,8692.0,8700.0,335.5,651900.0,17200.0,LOWER_VA,-62.5,-87.5,122.5,1.98,1.37,0.708,True,poc,8767.5,75.5,ACCEPTANCE,DOWN,0.18,True,False,False,,S0,8705.0,8718.0,13.0,0.92,7.69,1,1.85
CRUDEOIL,2026-09-03,CHOP,2026-09-03T14:55:00Z,BUY,8691.0,8729.0,8688.0,8700.0,331.7,689000.0,10500.0,AT_POC,-11.5,-91.5,93.5,4.63,2.05,0.934,True,poc,8702.5,26.5,REJECTION,UP,0.37,True,False,False,,S0,8691.0,8688.0,3.0,5.67,16.33,0,14.33
CRUDEOIL,2026-09-03,CHOP,2026-09-03T14:55:00Z,BUY,8691.0,8729.0,8688.0,8700.0,331.7,689000.0,10500.0,AT_POC,-11.5,-91.5,93.5,4.63,2.05,0.934,True,poc,8702.5,26.5,REJECTION,UP,0.37,True,False,False,,S2,8702.0,8678.0,24.0,1.58,1.58,5,1.33
CRUDEOIL,2026-09-03,CHOP,2026-09-03T14:55:00Z,SELL,8691.0,8729.0,8688.0,8700.0,338.0,692700.0,-500.0,AT_POC,-11.5,-91.5,93.5,4.63,2.05,0.934,True,poc,8702.5,14.5,MIXED,UP,0.37,False,True,False,,S0,8691.0,8729.0,38.0,0.34,2.26,1,0.26
CRUDEOIL,2026-09-03,CHOP,2026-09-03T14:55:00Z,SELL,8691.0,8729.0,8688.0,8700.0,338.0,692700.0,-500.0,AT_POC,-11.5,-91.5,93.5,4.63,2.05,0.934,True,poc,8702.5,14.5,MIXED,UP,0.37,False,True,False,,S2,8691.0,8729.0,38.0,0.34,2.26,1,0.26
CRUDEOIL,2026-09-03,CHOP,2026-09-03T15:25:00Z,BUY,8690.0,8740.0,8688.0,8700.0,345.3,682600.0,4500.0,AT_POC,-12.5,-92.5,72.5,2.2,2.6,0.979,True,prior_frac_hi,8739.0,1.0,REJECTION,DOWN,0.81,False,False,False,,S0,8690.0,8688.0,2.0,0.0,3.5,0,24.5
CRUDEOIL,2026-09-03,CHOP,2026-09-03T15:25:00Z,SELL,8690.0,8740.0,8688.0,8700.0,323.5,758000.0,4500.0,AT_POC,-12.5,-92.5,72.5,2.2,2.6,0.979,True,poc,8702.5,14.5,ACCEPTANCE,DOWN,0.81,True,True,False,,S0,8690.0,8740.0,50.0,1.7,1.7,,0.24
CRUDEOIL,2026-09-03,CHOP,2026-09-03T15:25:00Z,SELL,8690.0,8740.0,8688.0,8700.0,323.5,758000.0,4500.0,AT_POC,-12.5,-92.5,72.5,2.2,2.6,0.979,True,poc,8702.5,14.5,ACCEPTANCE,DOWN,0.81,True,True,False,,S2,8661.0,8682.0,21.0,2.67,2.67,18,2.07
CRUDEOIL,2026-09-03,CHOP,2026-09-03T15:30:00Z,BUY,8659.0,8685.0,8653.0,8650.0,351.2,95900.0,-2600.0,LOWER_VA,-43.5,-123.5,36.5,4.67,1.6,0.854,False,,,,NA,DOWN,0.07,True,False,False,,S0,8659.0,8653.0,6.0,3.83,6.33,1,13.33
CRUDEOIL,2026-09-03,CHOP,2026-09-03T15:30:00Z,SELL,8659.0,8685.0,8653.0,8650.0,310.6,252100.0,-4000.0,LOWER_VA,-43.5,-123.5,36.5,4.67,1.6,0.854,True,poc,8702.5,49.5,MIXED,DOWN,0.07,False,False,False,,S0,8659.0,8685.0,26.0,2.08,2.08,19,1.4
CRUDEOIL,2026-09-03,CHOP,2026-09-03T15:30:00Z,SELL,8659.0,8685.0,8653.0,8650.0,310.6,252100.0,-4000.0,LOWER_VA,-43.5,-123.5,36.5,4.67,1.6,0.854,True,poc,8702.5,49.5,MIXED,DOWN,0.07,False,False,False,,S2,8661.0,8682.0,21.0,2.67,2.67,18,1.83
CRUDEOIL,2026-09-03,CHOP,2026-09-03T15:50:00Z,BUY,8628.0,8671.0,8619.0,8650.0,334.0,134300.0,4000.0,LOWER_VA,-74.5,-149.5,0.5,1.49,2.48,0.98,False,,,,NA,DOWN,0.58,False,False,False,,S0,8628.0,8619.0,9.0,0.44,7.67,0,12.44
CRUDEOIL,2026-09-03,CHOP,2026-09-03T15:50:00Z,BUY,8628.0,8671.0,8619.0,8650.0,334.0,134300.0,4000.0,LOWER_VA,-74.5,-149.5,0.5,1.49,2.48,0.98,False,,,,NA,DOWN,0.58,False,False,False,,S2,8620.0,8605.0,15.0,5.13,5.13,,8.0
CRUDEOIL,2026-09-03,CHOP,2026-09-03T15:50:00Z,SELL,8628.0,8671.0,8619.0,8650.0,320.1,223400.0,-1000.0,LOWER_VA,-74.5,-149.5,0.5,1.49,2.48,0.98,True,poc,8702.5,83.5,ACCEPTANCE,DOWN,0.58,True,True,False,,S0,8628.0,8671.0,43.0,0.53,0.53,15,0.01
CRUDEOIL,2026-09-04,CHOP,2026-09-04T04:25:00Z,BUY,8668.0,8684.0,8668.0,8650.0,354.4,69300.0,-2100.0,NA,,,,1.18,2.0,0.909,False,,,,NA,DOWN,0.33,True,False,False,,S0,8668.0,8668.0,0.0,,,,
CRUDEOIL,2026-09-04,CHOP,2026-09-04T04:25:00Z,SELL,8668.0,8684.0,8668.0,8650.0,319.5,92700.0,2100.0,NA,,,,1.18,2.0,0.909,False,,,,NA,DOWN,0.33,True,True,False,,S0,8668.0,8684.0,16.0,18.38,18.38,,
CRUDEOIL,2026-09-04,CHOP,2026-09-04T05:25:00Z,BUY,8627.0,8643.0,8626.0,8650.0,327.0,82900.0,1600.0,BELOW_VA,-45.5,-65.5,-20.5,1.19,1.89,0.957,False,,,,NA,UP,0.06,True,False,False,,S0,8627.0,8626.0,1.0,15.0,33.0,0,18.0
CRUDEOIL,2026-09-04,CHOP,2026-09-04T05:25:00Z,SELL,8627.0,8643.0,8626.0,8650.0,341.0,105200.0,1000.0,BELOW_VA,-45.5,-65.5,-20.5,1.19,1.89,0.957,True,poc,8672.5,46.5,MIXED,UP,0.06,False,True,False,,S0,8627.0,8643.0,16.0,0.19,15.81,2,
CRUDEOIL,2026-09-04,CHOP,2026-09-04T05:25:00Z,SELL,8627.0,8643.0,8626.0,8650.0,341.0,105200.0,1000.0,BELOW_VA,-45.5,-65.5,-20.5,1.19,1.89,0.957,True,poc,8672.5,46.5,MIXED,UP,0.06,False,True,False,,S2,8629.0,8642.0,13.0,0.31,19.62,1,
CRUDEOIL,2026-09-04,CHOP,2026-09-04T05:30:00Z,BUY,8629.0,8642.0,8624.0,8650.0,323.3,84100.0,1200.0,BELOW_VA,-43.5,-63.5,-18.5,1.84,1.89,0.958,False,,,,NA,UP,0.0,False,False,False,,S0,8629.0,8624.0,5.0,6.2,6.2,4,3.2
CRUDEOIL,2026-09-04,CHOP,2026-09-04T05:30:00Z,SELL,8629.0,8642.0,8624.0,8650.0,344.0,104100.0,-1100.0,BELOW_VA,-43.5,-63.5,-18.5,1.84,1.89,0.958,True,poc,8672.5,48.5,ACCEPTANCE,UP,0.0,True,False,False,,S0,8629.0,8642.0,13.0,0.31,19.62,1,
CRUDEOIL,2026-09-04,CHOP,2026-09-04T05:30:00Z,SELL,8629.0,8642.0,8624.0,8650.0,344.0,104100.0,-1100.0,BELOW_VA,-43.5,-63.5,-18.5,1.84,1.89,0.958,True,poc,8672.5,48.5,ACCEPTANCE,UP,0.0,True,False,False,,S2,8629.0,8642.0,13.0,0.31,19.62,1,
CRUDEOIL,2026-09-04,CHOP,2026-09-04T05:40:00Z,BUY,8642.0,8647.0,8627.0,8650.0,320.0,90000.0,500.0,BELOW_VA,-30.5,-50.5,-0.5,0.45,1.9,0.962,True,prior_frac_hi,8643.0,4.0,REJECTION,UP,0.67,True,True,False,,S0,8642.0,8627.0,15.0,1.2,1.2,2,0.07
CRUDEOIL,2026-09-04,CHOP,2026-09-04T05:40:00Z,SELL,8642.0,8647.0,8627.0,8650.0,340.8,105700.0,0.0,BELOW_VA,-30.5,-50.5,-0.5,0.45,1.9,0.962,True,poc,8672.5,45.5,MIXED,UP,0.67,False,False,False,,S0,8642.0,8647.0,5.0,0.4,53.6,0,3.6
CRUDEOIL,2026-09-04,CHOP,2026-09-04T05:55:00Z,BUY,8632.0,8643.0,8623.0,8650.0,330.0,96000.0,800.0,BELOW_VA,-15.5,-50.5,-0.5,1.53,1.82,0.966,False,,,,NA,UP,0.88,True,True,False,,S0,8632.0,8623.0,9.0,2.78,3.0,4,1.22
CRUDEOIL,2026-09-04,CHOP,2026-09-04T05:55:00Z,SELL,8632.0,8643.0,8623.0,8650.0,333.0,105400.0,1600.0,BELOW_VA,-15.5,-50.5,-0.5,1.53,1.82,0.966,True,poc,8647.5,24.5,REJECTION,UP,0.88,False,False,False,,S0,8632.0,8643.0,11.0,0.0,23.45,0,0.73
CRUDEOIL,2026-09-04,CHOP,2026-09-04T06:05:00Z,BUY,8638.0,8657.0,8631.0,8650.0,333.1,100500.0,1000.0,AT_POC,-4.5,-44.5,5.5,0.59,2.17,0.968,False,,,,NA,UP,0.71,False,False,False,,S0,8638.0,8631.0,7.0,0.0,3.0,0,3.14
CRUDEOIL,2026-09-04,CHOP,2026-09-04T06:05:00Z,SELL,8638.0,8657.0,8631.0,8650.0,332.0,105100.0,-1600.0,AT_POC,-4.5,-44.5,5.5,0.59,2.17,0.968,True,poc,8642.5,11.5,ACCEPTANCE,UP,0.71,True,True,True,2,S0,8638.0,8657.0,19.0,0.95,13.89,13,0.29
CRUDEOIL,2026-09-04,CHOP,2026-09-04T06:25:00Z,BUY,8632.0,8636.0,8628.0,8650.0,319.6,104300.0,0.0,LOWER_VA,-10.5,-45.5,4.5,3.47,0.73,0.343,False,,,,NA,UP,0.19,True,True,False,,S0,8632.0,8628.0,4.0,2.25,6.75,0,1.5
CRUDEOIL,2026-09-04,CHOP,2026-09-04T06:25:00Z,BUY,8632.0,8636.0,8628.0,8650.0,319.6,104300.0,0.0,LOWER_VA,-10.5,-45.5,4.5,3.47,0.73,0.343,False,,,,NA,UP,0.19,True,True,False,,S2,8635.0,8625.0,10.0,1.2,2.4,1,0.3
CRUDEOIL,2026-09-04,CHOP,2026-09-04T06:25:00Z,SELL,8632.0,8636.0,8628.0,8650.0,343.6,106600.0,500.0,LOWER_VA,-10.5,-45.5,4.5,3.47,0.73,0.343,True,poc,8642.5,14.5,MIXED,UP,0.19,False,True,False,,S0,8632.0,8636.0,4.0,1.75,64.5,0,0.75
CRUDEOIL,2026-09-04,CHOP,2026-09-04T06:40:00Z,BUY,8622.0,8647.0,8622.0,8600.0,350.2,426200.0,-300.0,BELOW_VA,-10.5,-50.5,-5.5,0.64,2.27,0.947,True,prior_frac_hi,8641.0,6.0,REJECTION,UP,0.67,True,False,False,,S0,8622.0,8622.0,0.0,,,,
CRUDEOIL,2026-09-04,CHOP,2026-09-04T06:40:00Z,SELL,8622.0,8647.0,8622.0,8600.0,308.9,713400.0,3400.0,BELOW_VA,-10.5,-50.5,-5.5,0.64,2.27,0.947,True,poc,8632.5,10.5,MIXED,UP,0.67,False,False,False,,S0,8622.0,8647.0,25.0,0.0,9.92,1,
CRUDEOIL,2026-09-04,CHOP,2026-09-04T06:55:00Z,BUY,8627.0,8650.0,8626.0,8650.0,330.9,111400.0,1500.0,AT_POC,-5.5,-45.5,4.5,0.53,2.18,0.927,False,,,,NA,UP,0.17,True,True,False,,S0,8627.0,8626.0,1.0,32.0,32.0,4,20.0
CRUDEOIL,2026-09-04,CHOP,2026-09-04T06:55:00Z,BUY,8627.0,8650.0,8626.0,8650.0,330.9,111400.0,1500.0,AT_POC,-5.5,-45.5,4.5,0.53,2.18,0.927,False,,,,NA,UP,0.17,True,True,False,,S2,8648.0,8637.0,11.0,0.18,1.0,0,2.23
CRUDEOIL,2026-09-04,CHOP,2026-09-04T06:55:00Z,SELL,8627.0,8650.0,8626.0,8650.0,330.5,99100.0,-1300.0,AT_POC,-5.5,-45.5,4.5,0.53,2.18,0.927,True,poc,8632.5,6.5,REJECTION,UP,0.17,False,False,False,,S0,8627.0,8650.0,23.0,0.0,11.0,0,0.2
CRUDEOIL,2026-09-04,CHOP,2026-09-04T07:30:00Z,BUY,8616.0,8632.0,8611.0,8600.0,338.0,455100.0,7500.0,BELOW_VA,-16.5,-46.5,-6.5,2.32,1.62,0.875,False,,,,NA,UP,0.19,True,False,False,,S0,8616.0,8611.0,5.0,1.8,1.8,0,8.6
CRUDEOIL,2026-09-04,CHOP,2026-09-04T07:30:00Z,BUY,8616.0,8632.0,8611.0,8600.0,338.0,455100.0,7500.0,BELOW_VA,-16.5,-46.5,-6.5,2.32,1.62,0.875,False,,,,NA,UP,0.19,True,False,False,,S2,8621.0,8604.0,17.0,0.0,0.0,0,2.24
CRUDEOIL,2026-09-04,CHOP,2026-09-04T07:30:00Z,SELL,8616.0,8632.0,8611.0,8600.0,304.0,717700.0,-900.0,BELOW_VA,-16.5,-46.5,-6.5,2.32,1.62,0.875,True,poc,8632.5,21.5,MIXED,UP,0.19,False,True,False,,S0,8616.0,8632.0,16.0,15.12,15.12,,
CRUDEOIL,2026-09-04,CHOP,2026-09-04T07:35:00Z,BUY,8621.0,8625.0,8604.0,8600.0,326.6,460600.0,5500.0,BELOW_VA,-11.5,-46.5,-1.5,2.39,1.62,0.878,False,,,,NA,DOWN,0.65,False,False,False,,S0,8621.0,8604.0,17.0,0.0,0.0,0,1.94
CRUDEOIL,2026-09-04,CHOP,2026-09-04T07:35:00Z,BUY,8621.0,8625.0,8604.0,8600.0,326.6,460600.0,5500.0,BELOW_VA,-11.5,-46.5,-1.5,2.39,1.62,0.878,False,,,,NA,DOWN,0.65,False,False,False,,S2,8621.0,8604.0,17.0,0.0,0.0,0,1.94
CRUDEOIL,2026-09-04,CHOP,2026-09-04T07:35:00Z,SELL,8621.0,8625.0,8604.0,8600.0,305.8,722100.0,4400.0,BELOW_VA,-11.5,-46.5,-1.5,2.39,1.62,0.878,True,poc,8632.5,28.5,ACCEPTANCE,DOWN,0.65,True,True,False,,S0,8621.0,8625.0,4.0,61.75,61.75,,
CRUDEOIL,2026-09-04,CHOP,2026-09-04T07:40:00Z,BUY,8600.0,8620.0,8589.0,8600.0,326.9,463000.0,2400.0,BELOW_VA,-32.5,-67.5,-22.5,3.65,2.3,0.98,False,,,,NA,DOWN,0.82,False,False,False,,S0,8600.0,8589.0,11.0,0.0,1.36,0,4.91
CRUDEOIL,2026-09-04,CHOP,2026-09-04T07:40:00Z,BUY,8600.0,8620.0,8589.0,8600.0,326.9,463000.0,2400.0,BELOW_VA,-32.5,-67.5,-22.5,3.65,2.3,0.98,False,,,,NA,DOWN,0.82,False,False,False,,S2,8572.0,8558.0,14.0,1.29,3.07,3,5.86
CRUDEOIL,2026-09-04,CHOP,2026-09-04T07:40:00Z,SELL,8600.0,8620.0,8589.0,8600.0,304.7,728900.0,6800.0,BELOW_VA,-32.5,-67.5,-22.5,3.65,2.3,0.98,True,poc,8632.5,43.5,ACCEPTANCE,DOWN,0.82,True,True,False,,S0,8600.0,8620.0,20.0,11.3,11.3,,
CRUDEOIL,2026-09-04,CHOP,2026-09-04T07:45:00Z,BUY,8568.0,8599.0,8561.0,8550.0,339.0,36600.0,6300.0,BELOW_VA,-64.5,-104.5,-54.5,4.85,2.71,0.98,False,,,,NA,UP,0.24,True,False,False,,S0,8568.0,8561.0,7.0,1.0,6.71,0,12.29
CRUDEOIL,2026-09-04,CHOP,2026-09-04T07:45:00Z,BUY,8568.0,8599.0,8561.0,8550.0,339.0,36600.0,6300.0,BELOW_VA,-64.5,-104.5,-54.5,4.85,2.71,0.98,False,,,,NA,UP,0.24,True,False,False,,S2,8572.0,8558.0,14.0,1.29,3.07,3,5.86
CRUDEOIL,2026-09-04,CHOP,2026-09-04T07:45:00Z,SELL,8568.0,8599.0,8561.0,8550.0,286.6,103300.0,3600.0,BELOW_VA,-64.5,-104.5,-54.5,4.85,2.71,0.98,True,poc,8632.5,71.5,MIXED,UP,0.24,False,True,False,,S0,8568.0,8599.0,31.0,1.16,6.26,25,
CRUDEOIL,2026-09-04,CHOP,2026-09-04T07:45:00Z,SELL,8568.0,8599.0,8561.0,8550.0,286.6,103300.0,3600.0,BELOW_VA,-64.5,-104.5,-54.5,4.85,2.71,0.98,True,poc,8632.5,71.5,MIXED,UP,0.24,False,True,False,,S2,8567.0,8583.0,16.0,0.38,12.06,0,
CRUDEOIL,2026-09-04,CHOP,2026-09-04T07:50:00Z,BUY,8572.0,8575.0,8558.0,8550.0,332.5,37700.0,1100.0,BELOW_VA,-60.5,-110.5,-50.5,3.82,1.17,0.712,False,,,,NA,DOWN,0.2,False,True,True,2,S0,8572.0,8558.0,14.0,1.29,3.07,3,5.86
CRUDEOIL,2026-09-04,CHOP,2026-09-04T07:50:00Z,BUY,8572.0,8575.0,8558.0,8550.0,332.5,37700.0,1100.0,BELOW_VA,-60.5,-110.5,-50.5,3.82,1.17,0.712,False,,,,NA,DOWN,0.2,False,True,True,2,S2,8572.0,8558.0,14.0,1.29,3.07,3,5.86
CRUDEOIL,2026-09-04,CHOP,2026-09-04T07:50:00Z,SELL,8572.0,8575.0,8558.0,8550.0,292.7,103500.0,200.0,BELOW_VA,-60.5,-110.5,-50.5,3.82,1.17,0.712,True,poc,8632.5,74.5,ACCEPTANCE,DOWN,0.2,True,False,False,,S0,8572.0,8575.0,3.0,3.0,66.0,0,
CRUDEOIL,2026-09-04,CHOP,2026-09-04T07:50:00Z,SELL,8572.0,8575.0,8558.0,8550.0,292.7,103500.0,200.0,BELOW_VA,-60.5,-110.5,-50.5,3.82,1.17,0.712,True,poc,8632.5,74.5,ACCEPTANCE,DOWN,0.2,True,False,False,,S2,8567.0,8583.0,16.0,0.38,12.06,0,
CRUDEOIL,2026-09-04,CHOP,2026-09-04T08:05:00Z,BUY,8562.0,8590.0,8561.0,8550.0,332.5,37700.0,0.0,BELOW_VA,-70.5,-130.5,-55.5,1.61,1.93,0.945,False,,,,NA,DOWN,0.35,False,False,False,,S0,8562.0,8561.0,1.0,6.0,53.0,0,92.0
CRUDEOIL,2026-09-04,CHOP,2026-09-04T08:05:00Z,SELL,8562.0,8590.0,8561.0,8550.0,292.7,103500.0,0.0,BELOW_VA,-70.5,-130.5,-55.5,1.61,1.93,0.945,True,poc,8632.5,71.5,ACCEPTANCE,DOWN,0.35,True,True,True,2,S0,8562.0,8590.0,28.0,1.07,6.71,12,0.14
CRUDEOIL,2026-09-04,CHOP,2026-09-04T08:10:00Z,BUY,8560.0,8568.0,8551.0,8550.0,332.5,37700.0,0.0,BELOW_VA,-72.5,-132.5,-52.5,4.36,1.13,0.679,False,,,,NA,DOWN,0.13,True,True,False,,S0,8560.0,8551.0,9.0,1.11,6.11,0,10.44
CRUDEOIL,2026-09-04,CHOP,2026-09-04T08:10:00Z,SELL,8560.0,8568.0,8551.0,8550.0,292.7,103500.0,0.0,BELOW_VA,-72.5,-132.5,-52.5,4.36,1.13,0.679,True,poc,8632.5,81.5,ACCEPTANCE,DOWN,0.13,True,True,False,,S0,8560.0,8568.0,8.0,1.62,23.25,0,
CRUDEOIL,2026-09-04,CHOP,2026-09-04T08:25:00Z,BUY,8559.0,8559.0,8534.0,8550.0,332.5,37700.0,0.0,BELOW_VA,-73.5,-133.5,-23.5,7.4,1.67,0.915,False,,,,NA,UP,0.05,False,True,True,2,S0,8559.0,8534.0,25.0,0.84,2.24,5,0.44
CRUDEOIL,2026-09-04,CHOP,2026-09-04T08:25:00Z,BUY,8559.0,8559.0,8534.0,8550.0,332.5,37700.0,0.0,BELOW_VA,-73.5,-133.5,-23.5,7.4,1.67,0.915,False,,,,NA,UP,0.05,False,True,True,2,S2,8559.0,8534.0,25.0,0.84,2.24,5,0.44
CRUDEOIL,2026-09-04,CHOP,2026-09-04T08:25:00Z,SELL,8559.0,8559.0,8534.0,8550.0,292.7,103500.0,0.0,BELOW_VA,-73.5,-133.5,-23.5,7.4,1.67,0.915,True,poc,8632.5,98.5,ACCEPTANCE,UP,0.05,True,False,False,,S0,8559.0,8559.0,0.0,,,,
CRUDEOIL,2026-09-04,CHOP,2026-09-04T08:25:00Z,SELL,8559.0,8559.0,8534.0,8550.0,292.7,103500.0,0.0,BELOW_VA,-73.5,-133.5,-23.5,7.4,1.67,0.915,True,poc,8632.5,98.5,ACCEPTANCE,UP,0.05,True,False,False,,S2,8555.0,8572.0,17.0,0.71,10.65,1,0.47
CRUDEOIL,2026-09-04,CHOP,2026-09-04T08:30:00Z,BUY,8555.0,8572.0,8553.0,8550.0,332.5,37700.0,0.0,BELOW_VA,-77.5,-137.5,-12.5,2.38,1.27,0.717,True,prior_frac_hi,8570.0,2.0,REJECTION,UP,0.73,True,False,False,,S0,8555.0,8553.0,2.0,7.0,30.0,0,7.5
CRUDEOIL,2026-09-04,CHOP,2026-09-04T08:30:00Z,SELL,8555.0,8572.0,8553.0,8550.0,292.7,103500.0,0.0,BELOW_VA,-77.5,-137.5,-12.5,2.38,1.27,0.717,True,poc,8632.5,79.5,MIXED,UP,0.73,False,True,False,,S0,8555.0,8572.0,17.0,0.71,10.65,1,0.47
CRUDEOIL,2026-09-04,CHOP,2026-09-04T08:30:00Z,SELL,8555.0,8572.0,8553.0,8550.0,292.7,103500.0,0.0,BELOW_VA,-77.5,-137.5,-12.5,2.38,1.27,0.717,True,poc,8632.5,79.5,MIXED,UP,0.73,False,True,False,,S2,8555.0,8572.0,17.0,0.71,10.65,1,0.47
CRUDEOIL,2026-09-04,CHOP,2026-09-04T08:40:00Z,BUY,8564.0,8580.0,8558.0,8550.0,332.5,37700.0,0.0,BELOW_VA,-68.5,-128.5,-3.5,2.16,1.47,0.806,True,prior_frac_hi,8572.0,8.0,REJECTION,DOWN,0.09,True,False,False,,S0,8564.0,8558.0,6.0,0.67,8.5,0,1.33
CRUDEOIL,2026-09-04,CHOP,2026-09-04T08:40:00Z,BUY,8564.0,8580.0,8558.0,8550.0,332.5,37700.0,0.0,BELOW_VA,-68.5,-128.5,-3.5,2.16,1.47,0.806,True,prior_frac_hi,8572.0,8.0,REJECTION,DOWN,0.09,True,False,False,,S2,8565.0,8557.0,8.0,0.25,6.25,0,0.88
CRUDEOIL,2026-09-04,CHOP,2026-09-04T08:40:00Z,SELL,8564.0,8580.0,8558.0,8550.0,292.7,103500.0,0.0,BELOW_VA,-68.5,-128.5,-3.5,2.16,1.47,0.806,True,poc,8632.5,74.5,MIXED,DOWN,0.09,False,True,False,,S0,8564.0,8580.0,16.0,2.0,11.88,4,1.88
CRUDEOIL,2026-09-04,CHOP,2026-09-04T08:40:00Z,SELL,8564.0,8580.0,8558.0,8550.0,292.7,103500.0,0.0,BELOW_VA,-68.5,-128.5,-3.5,2.16,1.47,0.806,True,poc,8632.5,74.5,MIXED,DOWN,0.09,False,True,False,,S2,8564.0,8580.0,16.0,2.0,11.88,4,1.88
CRUDEOIL,2026-09-04,CHOP,2026-09-04T08:55:00Z,BUY,8565.0,8566.0,8532.0,8550.0,315.0,86900.0,,AT_POC,2.5,-72.5,32.5,1.16,2.27,0.969,True,poc,8562.5,3.5,ACCEPTANCE,UP,0.53,True,True,False,,S0,8565.0,8532.0,33.0,1.24,1.52,23,0.45
CRUDEOIL,2026-09-04,CHOP,2026-09-04T08:55:00Z,BUY,8565.0,8566.0,8532.0,8550.0,315.0,86900.0,,AT_POC,2.5,-72.5,32.5,1.16,2.27,0.969,True,poc,8562.5,3.5,ACCEPTANCE,UP,0.53,True,True,False,,S2,8565.0,8532.0,33.0,1.24,1.52,23,0.45
CRUDEOIL,2026-09-04,CHOP,2026-09-04T08:55:00Z,SELL,8565.0,8566.0,8532.0,8550.0,309.3,132900.0,,AT_POC,2.5,-72.5,32.5,1.16,2.27,0.969,True,poc,8562.5,30.5,REJECTION,UP,0.53,False,False,False,,S0,8565.0,8566.0,1.0,3.0,191.0,0,22.0
CRUDEOIL,2026-09-04,CHOP,2026-09-04T09:05:00Z,BUY,8583.0,8588.0,8570.0,8600.0,300.7,482400.0,,UPPER_VA,20.5,-54.5,50.5,1.85,1.2,0.672,True,prior_frac_hi,8580.0,8.0,ACCEPTANCE,UP,0.25,True,True,False,,S0,8583.0,8570.0,13.0,0.69,2.46,1,4.19
CRUDEOIL,2026-09-04,CHOP,2026-09-04T09:05:00Z,BUY,8583.0,8588.0,8570.0,8600.0,300.7,482400.0,,UPPER_VA,20.5,-54.5,50.5,1.85,1.2,0.672,True,prior_frac_hi,8580.0,8.0,ACCEPTANCE,UP,0.25,True,True,False,,S2,8588.0,8580.0,8.0,0.0,3.38,0,6.19
CRUDEOIL,2026-09-04,CHOP,2026-09-04T09:05:00Z,SELL,8583.0,8588.0,8570.0,8600.0,327.1,596000.0,,UPPER_VA,20.5,-54.5,50.5,1.85,1.2,0.672,False,,,,NA,UP,0.25,False,False,False,,S0,8583.0,8588.0,5.0,0.6,41.8,0,10.1
CRUDEOIL,2026-09-04,CHOP,2026-09-04T09:15:00Z,BUY,8565.0,8587.0,8559.0,8550.0,329.0,82500.0,1200.0,AT_POC,2.5,-72.5,32.5,0.79,1.87,0.928,False,,,,NA,UP,0.6,True,False,False,,S0,8565.0,8559.0,6.0,2.0,8.33,2,2.5
CRUDEOIL,2026-09-04,CHOP,2026-09-04T09:15:00Z,SELL,8565.0,8587.0,8559.0,8550.0,292.1,131200.0,-200.0,AT_POC,2.5,-72.5,32.5,0.79,1.87,0.928,True,poc,8562.5,3.5,REJECTION,UP,0.6,False,False,True,2,S0,8565.0,8587.0,22.0,0.45,8.68,6,1.48
CRUDEOIL,2026-09-04,CHOP,2026-09-04T09:45:00Z,BUY,8579.0,8586.0,8572.0,8600.0,296.4,500700.0,0.0,AT_POC,11.5,-58.5,46.5,2.05,0.93,0.387,False,,,,NA,UP,0.93,True,True,False,,S0,8579.0,8572.0,7.0,3.86,5.14,5,8.36
CRUDEOIL,2026-09-04,CHOP,2026-09-04T09:45:00Z,SELL,8579.0,8586.0,8572.0,8600.0,326.8,592500.0,0.0,AT_POC,11.5,-58.5,46.5,2.05,0.93,0.387,False,,,,NA,UP,0.93,False,False,False,,S0,8579.0,8586.0,7.0,0.0,29.29,0,3.43
CRUDEOIL,2026-09-04,CHOP,2026-09-04T10:15:00Z,BUY,8555.0,8586.0,8552.0,8550.0,320.0,89200.0,0.0,AT_POC,-12.5,-77.5,22.5,1.52,2.27,0.975,False,,,,NA,UP,0.8,True,False,False,,S0,8555.0,8552.0,3.0,6.0,20.0,1,17.0
CRUDEOIL,2026-09-04,CHOP,2026-09-04T10:15:00Z,SELL,8555.0,8586.0,8552.0,8550.0,302.7,143700.0,0.0,AT_POC,-12.5,-77.5,22.5,1.52,2.27,0.975,True,prior_frac_lo,8583.0,31.0,MIXED,UP,0.8,False,False,True,2,S0,8555.0,8586.0,31.0,5.84,5.84,66,0.73
CRUDEOIL,2026-09-04,CHOP,2026-09-04T10:25:00Z,BUY,8555.0,8573.0,8549.0,8550.0,320.0,89200.0,0.0,AT_POC,-12.5,-77.5,22.5,2.66,1.5,0.867,False,,,,NA,DOWN,0.24,False,False,False,,S0,8555.0,8549.0,6.0,0.33,10.0,0,8.5
CRUDEOIL,2026-09-04,CHOP,2026-09-04T10:25:00Z,BUY,8555.0,8573.0,8549.0,8550.0,320.0,89200.0,0.0,AT_POC,-12.5,-77.5,22.5,2.66,1.5,0.867,False,,,,NA,DOWN,0.24,False,False,False,,S2,8551.0,8540.0,11.0,1.36,5.82,2,5.0
CRUDEOIL,2026-09-04,CHOP,2026-09-04T10:25:00Z,SELL,8555.0,8573.0,8549.0,8550.0,302.7,143700.0,0.0,AT_POC,-12.5,-77.5,22.5,2.66,1.5,0.867,True,poc,8567.5,18.5,ACCEPTANCE,DOWN,0.24,True,True,True,2,S0,8555.0,8573.0,18.0,1.67,10.06,12,0.17
CRUDEOIL,2026-09-04,CHOP,2026-09-04T10:25:00Z,SELL,8555.0,8573.0,8549.0,8550.0,302.7,143700.0,0.0,AT_POC,-12.5,-77.5,22.5,2.66,1.5,0.867,True,poc,8567.5,18.5,ACCEPTANCE,DOWN,0.24,True,True,True,2,S2,8554.0,8566.0,12.0,2.42,15.0,7,0.17
CRUDEOIL,2026-09-04,CHOP,2026-09-04T10:45:00Z,BUY,8543.0,8552.0,8535.0,8550.0,314.7,179900.0,9900.0,LOWER_VA,-24.5,-89.5,10.5,1.81,1.06,0.644,False,,,,NA,DOWN,0.29,False,False,False,,S0,8543.0,8535.0,8.0,0.88,9.0,0,2.88
CRUDEOIL,2026-09-04,CHOP,2026-09-04T10:45:00Z,BUY,8543.0,8552.0,8535.0,8550.0,314.7,179900.0,9900.0,LOWER_VA,-24.5,-89.5,10.5,1.81,1.06,0.644,False,,,,NA,DOWN,0.29,False,False,False,,S2,8534.0,8525.0,9.0,4.44,9.0,16,3.56
CRUDEOIL,2026-09-04,CHOP,2026-09-04T10:45:00Z,SELL,8543.0,8552.0,8535.0,8550.0,306.8,267900.0,15500.0,LOWER_VA,-24.5,-89.5,10.5,1.81,1.06,0.644,True,poc,8567.5,32.5,ACCEPTANCE,DOWN,0.29,True,True,False,,S0,8543.0,8552.0,9.0,2.0,18.78,4,0.33
CRUDEOIL,2026-09-04,CHOP,2026-09-04T10:45:00Z,SELL,8543.0,8552.0,8535.0,8550.0,306.8,267900.0,15500.0,LOWER_VA,-24.5,-89.5,10.5,1.81,1.06,0.644,True,poc,8567.5,32.5,ACCEPTANCE,DOWN,0.29,True,True,False,,S2,8535.0,8550.0,15.0,0.67,10.73,3,0.17
CRUDEOIL,2026-09-04,CHOP,2026-09-04T10:50:00Z,BUY,8535.0,8550.0,8533.0,8550.0,309.1,201700.0,21800.0,LOWER_VA,-32.5,-92.5,2.5,1.83,1.06,0.648,False,,,,NA,DOWN,0.07,False,False,False,,S0,8535.0,8533.0,2.0,2.0,40.0,0,15.5
CRUDEOIL,2026-09-04,CHOP,2026-09-04T10:50:00Z,BUY,8535.0,8550.0,8533.0,8550.0,309.1,201700.0,21800.0,LOWER_VA,-32.5,-92.5,2.5,1.83,1.06,0.648,False,,,,NA,DOWN,0.07,False,False,False,,S2,8534.0,8525.0,9.0,4.44,9.0,16,3.56
CRUDEOIL,2026-09-04,CHOP,2026-09-04T10:50:00Z,SELL,8535.0,8550.0,8533.0,8550.0,311.2,278000.0,10100.0,LOWER_VA,-32.5,-92.5,2.5,1.83,1.06,0.648,True,poc,8567.5,34.5,ACCEPTANCE,DOWN,0.07,True,True,False,,S0,8535.0,8550.0,15.0,0.67,10.73,3,0.17
CRUDEOIL,2026-09-04,CHOP,2026-09-04T10:50:00Z,SELL,8535.0,8550.0,8533.0,8550.0,311.2,278000.0,10100.0,LOWER_VA,-32.5,-92.5,2.5,1.83,1.06,0.648,True,poc,8567.5,34.5,ACCEPTANCE,DOWN,0.07,True,True,False,,S2,8535.0,8550.0,15.0,0.67,10.73,3,0.17
CRUDEOIL,2026-09-04,CHOP,2026-09-04T11:50:00Z,BUY,8561.0,8574.0,8556.0,8550.0,314.9,250800.0,2800.0,AT_POC,-1.5,-66.5,28.5,2.99,1.16,0.71,True,prior_frac_hi,8570.0,4.0,REJECTION,UP,0.25,True,False,False,,S0,8561.0,8556.0,5.0,2.0,10.8,1,1.8
CRUDEOIL,2026-09-04,CHOP,2026-09-04T11:50:00Z,SELL,8561.0,8574.0,8556.0,8550.0,296.9,346800.0,3900.0,AT_POC,-1.5,-66.5,28.5,2.99,1.16,0.71,True,poc,8562.5,6.5,REJECTION,UP,0.25,False,False,False,,S0,8561.0,8574.0,13.0,14.38,14.38,36,0.31
CRUDEOIL,2026-09-04,CHOP,2026-09-04T12:05:00Z,BUY,8538.0,8549.0,8532.0,8550.0,306.6,262800.0,9200.0,LOWER_VA,-24.5,-84.5,5.5,2.18,1.13,0.68,False,,,,NA,UP,0.08,False,False,False,,S0,8538.0,8532.0,6.0,1.67,12.83,1,6.0
CRUDEOIL,2026-09-04,CHOP,2026-09-04T12:05:00Z,SELL,8538.0,8549.0,8532.0,8550.0,301.0,357100.0,10000.0,LOWER_VA,-24.5,-84.5,5.5,2.18,1.13,0.68,True,poc,8562.5,30.5,ACCEPTANCE,UP,0.08,True,False,False,,S0,8538.0,8549.0,11.0,1.82,14.91,4,0.5
CRUDEOIL,2026-09-04,CHOP,2026-09-04T12:05:00Z,SELL,8538.0,8549.0,8532.0,8550.0,301.0,357100.0,10000.0,LOWER_VA,-24.5,-84.5,5.5,2.18,1.13,0.68,True,poc,8562.5,30.5,ACCEPTANCE,UP,0.08,True,False,False,,S2,8536.0,8548.0,12.0,1.5,13.5,3,0.29
CRUDEOIL,2026-09-04,CHOP,2026-09-04T12:15:00Z,BUY,8537.0,8542.0,8532.0,8550.0,302.3,265400.0,2800.0,LOWER_VA,-25.5,-85.5,4.5,2.1,0.67,0.238,False,,,,NA,DOWN,0.78,False,False,False,,S0,8537.0,8532.0,5.0,0.0,15.6,0,7.4
CRUDEOIL,2026-09-04,CHOP,2026-09-04T12:15:00Z,SELL,8537.0,8542.0,8532.0,8550.0,307.0,349800.0,4900.0,LOWER_VA,-25.5,-85.5,4.5,2.1,0.67,0.238,True,poc,8562.5,30.5,ACCEPTANCE,DOWN,0.78,True,True,False,,S0,8537.0,8542.0,5.0,3.8,32.6,2,0.9
CRUDEOIL,2026-09-04,CHOP,2026-09-04T12:15:00Z,SELL,8537.0,8542.0,8532.0,8550.0,307.0,349800.0,4900.0,LOWER_VA,-25.5,-85.5,4.5,2.1,0.67,0.238,True,poc,8562.5,30.5,ACCEPTANCE,DOWN,0.78,True,True,False,,S2,8524.0,8532.0,8.0,0.0,18.75,0,
CRUDEOIL,2026-09-04,CHOP,2026-09-04T12:30:00Z,BUY,8533.0,8570.0,8524.0,8550.0,303.5,296100.0,9000.0,LOWER_VA,-29.5,-84.5,5.5,7.34,3.07,0.991,True,poc,8562.5,7.5,REJECTION,UP,0.64,True,False,False,,S0,8533.0,8524.0,9.0,2.0,9.11,3,4.56
CRUDEOIL,2026-09-04,CHOP,2026-09-04T12:30:00Z,SELL,8533.0,8570.0,8524.0,8550.0,302.9,316700.0,-15300.0,LOWER_VA,-29.5,-84.5,5.5,7.34,3.07,0.991,True,poc,8562.5,38.5,MIXED,UP,0.64,False,False,False,,S0,8533.0,8570.0,37.0,4.3,4.3,28,0.15
CRUDEOIL,2026-09-04,CHOP,2026-09-04T12:30:00Z,SELL,8533.0,8570.0,8524.0,8550.0,302.9,316700.0,-15300.0,LOWER_VA,-29.5,-84.5,5.5,7.34,3.07,0.991,True,poc,8562.5,38.5,MIXED,UP,0.64,False,False,False,,S2,8533.0,8570.0,37.0,4.3,4.3,28,0.15
CRUDEOIL,2026-09-04,CHOP,2026-09-04T12:35:00Z,BUY,8547.0,8551.0,8526.0,8550.0,295.3,277100.0,-19000.0,LOWER_VA,-15.5,-55.5,24.5,2.44,1.67,0.908,False,,,,NA,DOWN,0.59,False,False,False,,S0,8547.0,8526.0,21.0,0.14,3.24,2,1.29
CRUDEOIL,2026-09-04,CHOP,2026-09-04T12:35:00Z,BUY,8547.0,8551.0,8526.0,8550.0,295.3,277100.0,-19000.0,LOWER_VA,-15.5,-55.5,24.5,2.44,1.67,0.908,False,,,,NA,DOWN,0.59,False,False,False,,S2,8538.0,8530.0,8.0,0.0,9.62,0,4.5
CRUDEOIL,2026-09-04,CHOP,2026-09-04T12:35:00Z,SELL,8547.0,8551.0,8526.0,8550.0,309.7,323200.0,6500.0,LOWER_VA,-15.5,-55.5,24.5,2.44,1.67,0.908,True,poc,8562.5,36.5,ACCEPTANCE,DOWN,0.59,True,False,False,,S0,8547.0,8551.0,4.0,43.25,43.25,25,6.12
CRUDEOIL,2026-09-04,CHOP,2026-09-04T12:50:00Z,BUY,8493.0,8535.0,8483.0,8500.0,318.4,871700.0,,BELOW_VA,-69.5,-104.5,-29.5,5.97,3.35,0.991,False,,,,NA,DOWN,0.32,False,False,False,,S0,8493.0,8483.0,10.0,0.5,12.2,0,7.7
CRUDEOIL,2026-09-04,CHOP,2026-09-04T12:50:00Z,SELL,8493.0,8535.0,8483.0,8500.0,280.5,1161000.0,,BELOW_VA,-69.5,-104.5,-29.5,5.97,3.35,0.991,True,poc,8562.5,79.5,ACCEPTANCE,DOWN,0.32,True,True,False,,S0,8493.0,8535.0,42.0,2.83,2.83,22,
CRUDEOIL,2026-09-04,CHOP,2026-09-04T12:50:00Z,SELL,8493.0,8535.0,8483.0,8500.0,280.5,1161000.0,,BELOW_VA,-69.5,-104.5,-29.5,5.97,3.35,0.991,True,poc,8562.5,79.5,ACCEPTANCE,DOWN,0.32,True,True,False,,S2,8486.0,8498.0,12.0,0.0,9.33,0,
CRUDEOIL,2026-09-04,CHOP,2026-09-04T12:55:00Z,BUY,8486.0,8498.0,8479.0,8500.0,296.9,893600.0,21900.0,BELOW_VA,-76.5,-116.5,-36.5,3.56,1.19,0.743,False,,,,NA,UP,0.93,True,True,False,,S0,8486.0,8479.0,7.0,6.71,18.43,6,12.0
CRUDEOIL,2026-09-04,CHOP,2026-09-04T12:55:00Z,SELL,8486.0,8498.0,8479.0,8500.0,298.0,1174600.0,13600.0,BELOW_VA,-76.5,-116.5,-36.5,3.56,1.19,0.743,True,poc,8562.5,83.5,MIXED,UP,0.93,False,False,False,,S0,8486.0,8498.0,12.0,0.0,9.33,0,
CRUDEOIL,2026-09-04,CHOP,2026-09-04T12:55:00Z,SELL,8486.0,8498.0,8479.0,8500.0,298.0,1174600.0,13600.0,BELOW_VA,-76.5,-116.5,-36.5,3.56,1.19,0.743,True,poc,8562.5,83.5,MIXED,UP,0.93,False,False,False,,S2,8486.0,8498.0,12.0,0.0,9.33,0,
CRUDEOIL,2026-09-04,CHOP,2026-09-04T13:00:00Z,BUY,8514.0,8516.0,8488.0,8500.0,291.6,902400.0,8800.0,BELOW_VA,-48.5,-98.5,-3.5,3.06,1.75,0.93,False,,,,NA,UP,0.14,True,True,False,,S0,8514.0,8488.0,26.0,0.73,3.88,4,2.15
CRUDEOIL,2026-09-04,CHOP,2026-09-04T13:00:00Z,SELL,8514.0,8516.0,8488.0,8500.0,301.3,1170400.0,-4200.0,BELOW_VA,-48.5,-98.5,-3.5,3.06,1.75,0.93,True,poc,8562.5,74.5,ACCEPTANCE,UP,0.14,True,False,False,,S0,8514.0,8516.0,2.0,6.0,70.0,0,
CRUDEOIL,2026-09-04,CHOP,2026-09-04T13:25:00Z,BUY,8504.0,8515.0,8485.0,8500.0,298.7,981200.0,-900.0,LOWER_VA,-58.5,-93.5,6.5,1.17,1.88,0.941,False,,,,NA,DOWN,1.0,False,False,False,,S0,8504.0,8485.0,19.0,0.11,5.84,0,1.53
CRUDEOIL,2026-09-04,CHOP,2026-09-04T13:25:00Z,BUY,8504.0,8515.0,8485.0,8500.0,298.7,981200.0,-900.0,LOWER_VA,-58.5,-93.5,6.5,1.17,1.88,0.941,False,,,,NA,DOWN,1.0,False,False,False,,S2,8504.0,8485.0,19.0,0.11,5.84,0,1.53
CRUDEOIL,2026-09-04,CHOP,2026-09-04T13:25:00Z,SELL,8504.0,8515.0,8485.0,8500.0,291.4,1125400.0,22100.0,LOWER_VA,-58.5,-93.5,6.5,1.17,1.88,0.941,True,poc,8562.5,77.5,ACCEPTANCE,DOWN,1.0,True,True,False,,S0,8504.0,8515.0,11.0,11.82,11.82,14,0.59
CRUDEOIL,2026-09-04,CHOP,2026-09-04T13:30:00Z,BUY,8466.0,8506.0,8466.0,8450.0,318.3,52100.0,2200.0,BELOW_VA,-96.5,-126.5,-31.5,2.73,2.5,0.975,False,,,,NA,DOWN,0.91,False,False,False,,S0,8466.0,8466.0,0.0,,,,
CRUDEOIL,2026-09-04,CHOP,2026-09-04T13:30:00Z,BUY,8466.0,8506.0,8466.0,8450.0,318.3,52100.0,2200.0,BELOW_VA,-96.5,-126.5,-31.5,2.73,2.5,0.975,False,,,,NA,DOWN,0.91,False,False,False,,S2,8419.0,8388.0,31.0,0.23,6.32,1,3.68
CRUDEOIL,2026-09-04,CHOP,2026-09-04T13:30:00Z,SELL,8466.0,8506.0,8466.0,8450.0,271.9,173000.0,2300.0,BELOW_VA,-96.5,-126.5,-31.5,2.73,2.5,0.975,True,poc,8562.5,96.5,ACCEPTANCE,DOWN,0.91,True,True,False,,S0,8466.0,8506.0,40.0,2.3,2.3,13,
CRUDEOIL,2026-09-04,CHOP,2026-09-04T13:35:00Z,BUY,8419.0,8469.0,8416.0,8400.0,327.4,175200.0,15800.0,BELOW_VA,-143.5,-173.5,-73.5,8.16,3.31,0.992,False,,,,NA,UP,0.06,True,False,False,,S0,8419.0,8416.0,3.0,1.0,65.33,0,38.0
CRUDEOIL,2026-09-04,CHOP,2026-09-04T13:35:00Z,BUY,8419.0,8469.0,8416.0,8400.0,327.4,175200.0,15800.0,BELOW_VA,-143.5,-173.5,-73.5,8.16,3.31,0.992,False,,,,NA,UP,0.06,True,False,False,,S2,8419.0,8388.0,31.0,0.23,6.32,1,3.68
CRUDEOIL,2026-09-04,CHOP,2026-09-04T13:35:00Z,SELL,8419.0,8469.0,8416.0,8400.0,255.7,528200.0,-17000.0,BELOW_VA,-143.5,-173.5,-73.5,8.16,3.31,0.992,True,poc,8562.5,146.5,ACCEPTANCE,UP,0.06,True,True,True,2,S0,8419.0,8469.0,50.0,0.9,0.9,10,
CRUDEOIL,2026-09-04,CHOP,2026-09-04T13:40:00Z,BUY,8419.0,8422.0,8388.0,8400.0,307.2,187300.0,12100.0,BELOW_VA,-143.5,-178.5,-63.5,7.5,2.12,0.951,False,,,,NA,DOWN,0.58,False,True,False,,S0,8419.0,8388.0,31.0,0.23,6.32,1,3.68
CRUDEOIL,2026-09-04,CHOP,2026-09-04T13:40:00Z,BUY,8419.0,8422.0,8388.0,8400.0,307.2,187300.0,12100.0,BELOW_VA,-143.5,-178.5,-63.5,7.5,2.12,0.951,False,,,,NA,DOWN,0.58,False,True,False,,S2,8419.0,8388.0,31.0,0.23,6.32,1,3.68
CRUDEOIL,2026-09-04,CHOP,2026-09-04T13:40:00Z,SELL,8419.0,8422.0,8388.0,8400.0,276.0,509500.0,-18700.0,BELOW_VA,-143.5,-178.5,-63.5,7.5,2.12,0.951,True,poc,8562.5,174.5,ACCEPTANCE,DOWN,0.58,True,False,False,,S0,8419.0,8422.0,3.0,8.0,15.0,0,
CRUDEOIL,2026-09-04,CHOP,2026-09-04T13:45:00Z,BUY,8401.0,8426.0,8395.0,8400.0,303.7,197600.0,10300.0,BELOW_VA,-161.5,-221.5,-76.5,3.09,1.94,0.927,False,,,,NA,DOWN,0.68,False,False,False,,S0,8401.0,8395.0,6.0,0.17,35.67,0,22.0
CRUDEOIL,2026-09-04,CHOP,2026-09-04T13:45:00Z,SELL,8401.0,8426.0,8395.0,8400.0,282.9,518500.0,9000.0,BELOW_VA,-161.5,-221.5,-76.5,3.09,1.94,0.927,True,poc,8562.5,167.5,ACCEPTANCE,DOWN,0.68,True,True,False,,S0,8401.0,8426.0,25.0,1.08,1.08,2,
CRUDEOIL,2026-09-04,CHOP,2026-09-04T13:50:00Z,BUY,8380.0,8402.0,8377.0,8400.0,296.1,236200.0,38600.0,BELOW_VA,-182.5,-247.5,-97.5,2.78,1.52,0.863,False,,,,NA,UP,0.66,True,True,False,,S0,8380.0,8377.0,3.0,7.67,78.33,0,51.0
CRUDEOIL,2026-09-04,CHOP,2026-09-04T13:50:00Z,SELL,8380.0,8402.0,8377.0,8400.0,292.9,554900.0,36400.0,BELOW_VA,-182.5,-247.5,-97.5,2.78,1.52,0.863,True,poc,8562.5,185.5,MIXED,UP,0.66,False,True,False,,S0,8380.0,8402.0,22.0,0.27,0.27,0,
CRUDEOIL,2026-09-04,CHOP,2026-09-04T13:55:00Z,BUY,8400.0,8403.0,8374.0,8400.0,286.0,277800.0,41600.0,BELOW_VA,-162.5,-232.5,-77.5,2.88,1.71,0.904,False,,,,NA,UP,0.84,True,True,True,2,S0,8400.0,8374.0,26.0,8.27,8.27,,1.0
CRUDEOIL,2026-09-04,CHOP,2026-09-04T13:55:00Z,BUY,8400.0,8403.0,8374.0,8400.0,286.0,277800.0,41600.0,BELOW_VA,-162.5,-232.5,-77.5,2.88,1.71,0.904,False,,,,NA,UP,0.84,True,True,True,2,S2,8430.0,8401.0,29.0,6.38,6.38,,6.98
CRUDEOIL,2026-09-04,CHOP,2026-09-04T13:55:00Z,SELL,8400.0,8403.0,8374.0,8400.0,302.8,584400.0,29500.0,BELOW_VA,-162.5,-232.5,-77.5,2.88,1.71,0.904,True,poc,8562.5,188.5,MIXED,UP,0.84,False,False,False,,S0,8400.0,8403.0,3.0,0.0,0.0,0,4.0
CRUDEOIL,2026-09-04,CHOP,2026-09-04T14:00:00Z,BUY,8449.0,8457.0,8406.0,8450.0,279.1,158700.0,3400.0,BELOW_VA,-113.5,-188.5,-28.5,6.03,3.0,0.976,True,prior_frac_hi,8426.0,31.0,MIXED,DOWN,0.36,False,False,False,,S0,8449.0,8406.0,43.0,0.0,3.86,0,4.38
CRUDEOIL,2026-09-04,CHOP,2026-09-04T14:00:00Z,BUY,8449.0,8457.0,8406.0,8450.0,279.1,158700.0,3400.0,BELOW_VA,-113.5,-188.5,-28.5,6.03,3.0,0.976,True,prior_frac_hi,8426.0,31.0,MIXED,DOWN,0.36,False,False,False,,S2,8430.0,8401.0,29.0,6.38,6.38,,7.16
CRUDEOIL,2026-09-04,CHOP,2026-09-04T14:00:00Z,SELL,8449.0,8457.0,8406.0,8450.0,308.1,162700.0,-8200.0,BELOW_VA,-113.5,-188.5,-28.5,6.03,3.0,0.976,True,poc,8562.5,156.5,ACCEPTANCE,DOWN,0.36,True,True,False,,S0,8449.0,8457.0,8.0,6.0,6.0,3,7.62
CRUDEOIL,2026-09-04,CHOP,2026-09-04T14:05:00Z,BUY,8430.0,8446.0,8401.0,8450.0,296.4,161900.0,3200.0,BELOW_VA,-132.5,-217.5,-47.5,2.69,2.65,0.961,False,,,,NA,DOWN,0.76,False,False,False,,S0,8430.0,8401.0,29.0,6.38,6.38,,7.5
CRUDEOIL,2026-09-04,CHOP,2026-09-04T14:05:00Z,BUY,8430.0,8446.0,8401.0,8450.0,296.4,161900.0,3200.0,BELOW_VA,-132.5,-217.5,-47.5,2.69,2.65,0.961,False,,,,NA,DOWN,0.76,False,False,False,,S2,8430.0,8401.0,29.0,6.38,6.38,,7.5
CRUDEOIL,2026-09-04,CHOP,2026-09-04T14:05:00Z,SELL,8430.0,8446.0,8401.0,8450.0,291.4,149100.0,-13600.0,BELOW_VA,-132.5,-217.5,-47.5,2.69,2.65,0.961,True,poc,8562.5,161.5,ACCEPTANCE,DOWN,0.76,True,False,False,,S0,8430.0,8446.0,16.0,1.12,1.12,2,3.5
CRUDEOIL,2026-09-04,CHOP,2026-09-04T14:20:00Z,BUY,8454.0,8458.0,8446.0,8450.0,292.3,154700.0,18200.0,BELOW_VA,-108.5,-203.5,-23.5,2.37,0.71,0.292,True,prior_frac_hi,8457.0,1.0,REJECTION,UP,0.09,False,False,False,,S0,8454.0,8446.0,8.0,0.38,20.12,0,0.38
CRUDEOIL,2026-09-04,CHOP,2026-09-04T14:20:00Z,BUY,8454.0,8458.0,8446.0,8450.0,292.3,154700.0,18200.0,BELOW_VA,-108.5,-203.5,-23.5,2.37,0.71,0.292,True,prior_frac_hi,8457.0,1.0,REJECTION,UP,0.09,False,False,False,,S2,8454.0,8446.0,8.0,0.38,20.12,0,0.38
CRUDEOIL,2026-09-04,CHOP,2026-09-04T14:20:00Z,SELL,8454.0,8458.0,8446.0,8450.0,297.4,188400.0,6800.0,BELOW_VA,-108.5,-203.5,-23.5,2.37,0.71,0.292,True,poc,8562.5,116.5,ACCEPTANCE,UP,0.09,True,True,False,,S0,8454.0,8458.0,4.0,4.75,4.75,1,13.25
CRUDEOIL,2026-09-04,CHOP,2026-09-04T14:30:00Z,BUY,8473.0,8479.0,8450.0,8450.0,296.1,150900.0,2700.0,BELOW_VA,-89.5,-199.5,-4.5,2.19,1.71,0.886,True,prior_frac_hi,8458.0,21.0,ACCEPTANCE,UP,0.6,True,True,False,,S0,8473.0,8450.0,23.0,6.17,6.17,,8.67
CRUDEOIL,2026-09-04,CHOP,2026-09-04T14:30:00Z,SELL,8473.0,8479.0,8450.0,8450.0,293.8,207100.0,11500.0,BELOW_VA,-89.5,-199.5,-4.5,2.19,1.71,0.886,True,poc,8562.5,112.5,MIXED,UP,0.6,False,False,False,,S0,8473.0,8479.0,6.0,1.5,1.5,0,12.0
CRUDEOIL,2026-09-04,CHOP,2026-09-04T14:35:00Z,BUY,8489.0,8489.0,8464.0,8500.0,282.3,1138300.0,0.0,LOWER_VA,-73.5,-118.5,66.5,1.86,1.47,0.835,False,,,,NA,UP,0.71,True,True,False,,S0,8489.0,8464.0,25.0,5.04,5.04,,4.74
CRUDEOIL,2026-09-04,CHOP,2026-09-04T14:35:00Z,SELL,8489.0,8489.0,8464.0,8500.0,307.4,979300.0,22400.0,LOWER_VA,-73.5,-118.5,66.5,1.86,1.47,0.835,True,poc,8562.5,98.5,MIXED,UP,0.71,False,False,False,,S0,8489.0,8489.0,0.0,,,,
CRUDEOIL,2026-09-04,CHOP,2026-09-04T14:40:00Z,BUY,8511.0,8520.0,8489.0,8500.0,292.0,1137300.0,-1000.0,LOWER_VA,-51.5,-86.5,88.5,4.15,1.82,0.918,False,,,,NA,UP,0.73,True,True,False,,S0,8511.0,8489.0,22.0,4.73,4.73,,3.93
CRUDEOIL,2026-09-04,CHOP,2026-09-04T14:40:00Z,SELL,8511.0,8520.0,8489.0,8500.0,301.8,1002900.0,23600.0,LOWER_VA,-51.5,-86.5,88.5,4.15,1.82,0.918,True,poc,8562.5,73.5,MIXED,UP,0.73,False,False,False,,S0,8511.0,8520.0,9.0,0.33,1.0,0,8.44
CRUDEOIL,2026-09-04,CHOP,2026-09-04T14:45:00Z,BUY,8546.0,8553.0,8508.0,8550.0,284.3,282900.0,2100.0,AT_POC,-16.5,-51.5,123.5,3.36,2.65,0.963,False,,,,NA,UP,0.53,True,True,False,,S0,8546.0,8508.0,38.0,0.95,1.82,3,1.36
CRUDEOIL,2026-09-04,CHOP,2026-09-04T14:45:00Z,SELL,8546.0,8553.0,8508.0,8550.0,318.3,174200.0,7800.0,AT_POC,-16.5,-51.5,123.5,3.36,2.65,0.963,True,poc,8562.5,54.5,REJECTION,UP,0.53,False,False,False,,S0,8546.0,8553.0,7.0,2.14,6.29,0,15.86
CRUDEOIL,2026-09-04,CHOP,2026-09-04T14:50:00Z,BUY,8566.0,8567.0,8531.0,8550.0,293.9,282100.0,-800.0,AT_POC,3.5,-31.5,138.5,2.68,2.12,0.934,True,poc,8562.5,4.5,ACCEPTANCE,UP,0.38,True,True,False,,S0,8566.0,8531.0,35.0,0.46,1.4,1,0.9
CRUDEOIL,2026-09-04,CHOP,2026-09-04T14:50:00Z,SELL,8566.0,8567.0,8531.0,8550.0,309.0,184500.0,10300.0,AT_POC,3.5,-31.5,138.5,2.68,2.12,0.934,True,poc,8562.5,31.5,REJECTION,UP,0.38,False,False,False,,S0,8566.0,8567.0,1.0,6.0,64.0,0,131.0
CRUDEOIL,2026-09-04,CHOP,2026-09-04T14:55:00Z,BUY,8571.0,8576.0,8560.0,8550.0,312.4,270900.0,-11200.0,AT_POC,8.5,-26.5,143.5,1.88,0.94,0.46,False,,,,NA,DOWN,0.81,False,True,False,,S0,8571.0,8560.0,11.0,1.0,4.0,0,2.41
CRUDEOIL,2026-09-04,CHOP,2026-09-04T14:55:00Z,BUY,8571.0,8576.0,8560.0,8550.0,312.4,270900.0,-11200.0,AT_POC,8.5,-26.5,143.5,1.88,0.94,0.46,False,,,,NA,DOWN,0.81,False,True,False,,S2,8520.0,8502.0,18.0,5.28,5.28,,4.31
CRUDEOIL,2026-09-04,CHOP,2026-09-04T14:55:00Z,SELL,8571.0,8576.0,8560.0,8550.0,297.2,225400.0,40900.0,AT_POC,8.5,-26.5,143.5,1.88,0.94,0.46,True,poc,8562.5,2.5,REJECTION,DOWN,0.81,True,True,False,,S0,8571.0,8576.0,5.0,11.4,13.8,0,27.2
CRUDEOIL,2026-09-04,CHOP,2026-09-04T15:00:00Z,BUY,8516.0,8582.0,8514.0,8500.0,340.9,1043800.0,-23600.0,LOWER_VA,-46.5,-81.5,88.5,3.67,4.0,0.993,False,,,,NA,UP,0.07,True,False,False,,S0,8516.0,8514.0,2.0,7.0,49.5,0,40.75
CRUDEOIL,2026-09-04,CHOP,2026-09-04T15:00:00Z,BUY,8516.0,8582.0,8514.0,8500.0,340.9,1043800.0,-23600.0,LOWER_VA,-46.5,-81.5,88.5,3.67,4.0,0.993,False,,,,NA,UP,0.07,True,False,False,,S2,8520.0,8502.0,18.0,5.28,5.28,,4.31
CRUDEOIL,2026-09-04,CHOP,2026-09-04T15:00:00Z,SELL,8516.0,8582.0,8514.0,8500.0,266.7,1254500.0,31500.0,LOWER_VA,-46.5,-81.5,88.5,3.67,4.0,0.993,True,poc,8562.5,48.5,MIXED,UP,0.07,False,True,False,,S0,8516.0,8582.0,66.0,0.21,0.21,9,1.23
CRUDEOIL,2026-09-04,CHOP,2026-09-04T15:05:00Z,BUY,8520.0,8530.0,8502.0,8500.0,304.8,1015200.0,-28600.0,LOWER_VA,-42.5,-77.5,87.5,2.7,1.65,0.842,False,,,,NA,UP,0.04,True,True,False,,S0,8520.0,8502.0,18.0,5.28,5.28,,4.31
CRUDEOIL,2026-09-04,CHOP,2026-09-04T15:05:00Z,BUY,8520.0,8530.0,8502.0,8500.0,304.8,1015200.0,-28600.0,LOWER_VA,-42.5,-77.5,87.5,2.7,1.65,0.842,False,,,,NA,UP,0.04,True,True,False,,S2,8520.0,8502.0,18.0,5.28,5.28,,4.31
CRUDEOIL,2026-09-04,CHOP,2026-09-04T15:05:00Z,SELL,8520.0,8530.0,8502.0,8500.0,283.6,1292500.0,38000.0,LOWER_VA,-42.5,-77.5,87.5,2.7,1.65,0.842,True,poc,8562.5,60.5,MIXED,UP,0.04,False,False,False,,S0,8520.0,8530.0,10.0,0.9,0.9,0,8.5
CRUDEOIL,2026-09-04,CHOP,2026-09-04T15:25:00Z,BUY,8548.0,8550.0,8530.0,8550.0,296.2,258700.0,2000.0,AT_POC,-14.5,-49.5,110.5,2.27,1.18,0.685,False,,,,NA,UP,0.39,True,True,False,,S0,8548.0,8530.0,18.0,3.72,3.72,,1.89
CRUDEOIL,2026-09-04,CHOP,2026-09-04T15:25:00Z,BUY,8548.0,8550.0,8530.0,8550.0,296.2,258700.0,2000.0,AT_POC,-14.5,-49.5,110.5,2.27,1.18,0.685,False,,,,NA,UP,0.39,True,True,False,,S2,8548.0,8530.0,18.0,3.72,3.72,,1.89
CRUDEOIL,2026-09-04,CHOP,2026-09-04T15:25:00Z,SELL,8548.0,8550.0,8530.0,8550.0,298.0,261700.0,-100.0,AT_POC,-14.5,-49.5,110.5,2.27,1.18,0.685,True,poc,8562.5,32.5,MIXED,UP,0.39,False,False,False,,S0,8548.0,8550.0,2.0,1.0,7.0,0,23.0
CRUDEOIL,2026-09-04,CHOP,2026-09-04T15:50:00Z,BUY,8587.0,8587.0,8552.0,8600.0,283.6,880000.0,-3400.0,UPPER_VA,24.5,-10.5,139.5,4.59,2.06,0.926,True,poc,8562.5,24.5,MIXED,DOWN,0.71,False,True,True,2,S0,8587.0,8552.0,35.0,0.2,0.8,3,0.3
CRUDEOIL,2026-09-04,CHOP,2026-09-04T15:50:00Z,BUY,8587.0,8587.0,8552.0,8600.0,283.6,880000.0,-3400.0,UPPER_VA,24.5,-10.5,139.5,4.59,2.06,0.926,True,poc,8562.5,24.5,MIXED,DOWN,0.71,False,True,True,2,S2,8573.0,8561.0,12.0,1.08,3.5,1,2.04
CRUDEOIL,2026-09-04,CHOP,2026-09-04T15:50:00Z,SELL,8587.0,8587.0,8552.0,8600.0,316.0,761900.0,13400.0,UPPER_VA,24.5,-10.5,139.5,4.59,2.06,0.926,True,poc,8562.5,10.5,REJECTION,DOWN,0.71,True,False,False,,S0,8587.0,8587.0,0.0,,,,
CRUDEOIL,2026-09-04,CHOP,2026-09-04T16:45:00Z,BUY,8564.0,8574.0,8552.0,8550.0,300.8,229200.0,500.0,AT_POC,1.5,-33.5,111.5,1.82,1.29,0.736,False,,,,NA,UP,0.83,True,True,False,,S0,8564.0,8552.0,12.0,4.25,4.25,,2.79
CRUDEOIL,2026-09-04,CHOP,2026-09-04T16:45:00Z,SELL,8564.0,8574.0,8552.0,8550.0,284.1,373300.0,-1700.0,AT_POC,1.5,-33.5,111.5,1.82,1.29,0.736,True,poc,8562.5,10.5,REJECTION,UP,0.83,False,False,False,,S0,8564.0,8574.0,10.0,0.2,0.7,0,2.3
CRUDEOIL,2026-09-04,CHOP,2026-09-04T16:55:00Z,BUY,8600.0,8602.0,8571.0,8600.0,284.0,891200.0,900.0,ABOVE_VA,37.5,2.5,142.5,2.52,1.82,0.907,True,vah,8597.5,4.5,ACCEPTANCE,UP,0.67,True,True,False,,S0,8600.0,8571.0,29.0,0.52,0.52,1,
CRUDEOIL,2026-09-04,CHOP,2026-09-04T16:55:00Z,SELL,8600.0,8602.0,8571.0,8600.0,307.2,815900.0,20900.0,ABOVE_VA,37.5,2.5,142.5,2.52,1.82,0.907,False,,,,NA,UP,0.67,False,False,False,,S0,8600.0,8602.0,2.0,1.5,21.5,0,24.0
CRUDEOIL,2026-09-04,CHOP,2026-09-04T17:05:00Z,BUY,8572.0,8615.0,8566.0,8550.0,322.4,189600.0,-19700.0,AT_POC,9.5,-55.5,94.5,3.02,2.88,0.969,False,,,,NA,DOWN,0.52,False,False,False,,S0,8572.0,8566.0,6.0,1.0,3.5,0,9.25
CRUDEOIL,2026-09-04,CHOP,2026-09-04T17:05:00Z,SELL,8572.0,8615.0,8566.0,8550.0,269.3,347700.0,-7100.0,AT_POC,9.5,-55.5,94.5,3.02,2.88,0.969,False,,,,NA,DOWN,0.52,True,True,False,,S0,8572.0,8615.0,43.0,0.35,0.35,,0.47
CRUDEOIL,2026-09-04,CHOP,2026-09-04T17:05:00Z,SELL,8572.0,8615.0,8566.0,8550.0,269.3,347700.0,-7100.0,AT_POC,9.5,-55.5,94.5,3.02,2.88,0.969,False,,,,NA,DOWN,0.52,True,True,False,,S2,8558.0,8573.0,15.0,0.0,0.0,1,0.4
