timestamp,symbol,session,split,regime,day_regime,direction,range_pctile,body_frac,uw_frac,lw_frac,disp_atr,L,dist_L,dist_L_atr,struct_level_dist,atr,n1_agree,reaction_dir,reaction_agrees,reaction_range_atr,reaction_range_spk,acc1,acc2,acc3,reclaim1,reclaim2,reclaim3,time_to_acceptance,time_to_reclaim,reclaim_dist_spk,reclaim_dist_atr2,reclaim_dist_gap,state4,H1,H7,R_pts_spike,availR_spike,MFE_R_spike,MAE_R_spike,fix3_R_spike,R_pts_evol,fix3_R_evol
2026-07-13T10:25:00,NIFTY,2026-07-13,train,TREND_UP,TRENDING,LONG,0.9286,0.913,0.0,0.087,1.532,24126.1,26.75,1.281,26.75,20.8893,True,UP,True,0.787,0.469,True,True,True,False,False,False,1,5,0.0,0.0,0.0,4A_CONT,True,False,36.102,,2.908,-0.971,1.547,20.889,-1.577
2026-07-13T12:10:00,NIFTY,2026-07-13,train,TREND_UP,TRENDING,LONG,1.0,0.5781,0.3135,0.1085,1.454,24161.0,19.85,1.19,19.85,16.6821,True,UP,True,1.657,0.659,True,True,True,False,False,False,1,,0.0,0.0,0.0,4A_CONT,True,False,30.058,,2.562,-0.547,0.927,16.682,2.997
2026-07-13T12:50:00,NIFTY,2026-07-13,train,TREND_UP,TRENDING,LONG,1.0,0.5671,0.3915,0.0414,1.349,24219.6,20.3,1.053,20.3,19.275,False,DOWN,False,0.944,0.397,True,False,False,False,True,True,1,2,0.193,0.459,0.436,4B_TRAP,False,True,29.275,,0.0,-1.132,-1.134,19.275,-1.134
2026-07-13T13:25:00,NIFTY,2026-07-13,train,TREND_UP,TRENDING,SHORT,0.96,0.8455,0.0545,0.1,1.757,24197.75,29.5,1.592,29.5,18.525,False,UP,False,1.117,0.538,True,False,False,False,True,True,1,2,0.006,0.013,0.008,4B_TRAP,False,True,35.805,2.84,0.0,-1.141,-1.142,18.525,-1.301
2026-07-14T13:35:00,NIFTY,2026-07-14,train,CHOP,OPENING_DRIVE,SHORT,0.9423,0.738,0.0,0.262,1.748,24048.1,-0.45,-0.029,0.45,15.3893,False,UP,False,0.942,0.398,False,False,False,True,True,True,,1,0.413,0.978,33.444,4X_AMBIG,False,False,27.994,0.02,0.839,-0.866,0.564,15.389,-1.267
2026-07-14T14:55:00,NIFTY,2026-07-14,train,CHOP,OPENING_DRIVE,LONG,0.9118,0.3184,0.4004,0.2812,0.542,24039.6,1.55,0.098,1.55,15.7893,True,UP,True,1.102,0.648,True,True,True,False,False,False,1,,0.0,0.0,0.0,4X_AMBIG,False,False,16.906,1.41,1.872,-0.515,-0.497,15.789,-0.532
2026-07-15T14:35:00,NIFTY,2026-07-15,train,CHOP,OPENING_DRIVE,LONG,0.9375,1.0,0.0,0.0,1.563,24099.35,5.35,0.291,5.35,18.3643,False,DOWN,False,0.547,0.35,True,False,False,False,True,True,1,2,0.587,0.918,3.15,4B_TRAP,False,True,29.561,,0.0,-1.277,-1.279,18.364,-1.242
2026-07-15T15:00:00,NIFTY,2026-07-15,train,CHOP,OPENING_DRIVE,SHORT,0.9524,0.2633,0.6024,0.1343,0.417,24066.95,-7.15,-0.39,7.15,18.3321,False,UP,False,0.559,0.353,False,False,False,True,True,True,,1,0.435,0.69,1.769,4X_AMBIG,False,False,18.372,0.33,0.256,-0.936,0.079,18.332,0.079
2026-07-16T14:55:00,NIFTY,2026-07-16,train,TREND_DOWN,FAILED_BREAKOUT,LONG,0.9853,0.6321,0.3679,0.0,1.121,24101.0,12.45,0.833,12.45,14.9429,False,DOWN,False,3.721,2.098,False,False,False,True,True,True,,1,1.283,2.275,2.731,4B_TRAP,False,True,17.545,2.86,0.522,-2.647,-2.65,14.943,-3.112
2026-07-16T15:00:00,NIFTY,2026-07-16,train,TREND_DOWN,FAILED_BREAKOUT,SHORT,1.0,0.8489,0.1511,0.0,2.713,24092.3,25.3,1.454,25.3,17.3964,False,UP,False,0.753,0.236,True,True,True,False,False,False,1,,0.0,0.0,0.0,4X_AMBIG,False,False,57.268,0.24,0.19,-0.268,-0.2,17.396,-0.658
2026-07-17T10:15:00,NIFTY,2026-07-17,train,TREND_UP,TRENDING,LONG,0.9167,0.82,0.18,0.0,1.564,24248.35,23.35,1.129,23.35,20.6846,False,DOWN,False,1.013,0.531,True,True,True,False,False,False,1,,0.0,0.0,0.0,4B_TRAP,False,False,33.534,,0.488,-1.077,-1.078,20.685,-1.194
2026-07-17T11:05:00,NIFTY,2026-07-17,train,TREND_UP,TRENDING,SHORT,0.9091,0.5098,0.2129,0.2773,0.722,24247.0,3.65,0.185,3.65,19.7393,True,DOWN,True,0.557,0.394,True,True,True,False,False,False,1,5,0.0,0.0,0.0,4B_TRAP,False,False,21.039,1.4,0.504,-1.184,-1.186,19.739,-1.264
2026-07-17T12:50:00,NIFTY,2026-07-17,train,TREND_UP,TRENDING,SHORT,0.907,0.9697,0.0,0.0303,1.669,24276.8,4.75,0.354,4.75,13.4179,False,UP,False,0.976,0.567,False,False,False,True,True,True,3,1,0.271,0.466,1.316,4B_TRAP,False,True,23.093,0.5,2.49,-3.962,-3.964,13.418,-1.043
2026-07-17T14:10:00,NIFTY,2026-07-17,train,TREND_UP,TRENDING,LONG,0.9661,0.905,0.0242,0.0708,1.708,24273.1,8.9,0.58,8.9,15.3393,True,UP,True,5.183,2.746,True,True,True,False,False,False,1,,0.0,0.0,0.0,4A_CONT,True,False,29.119,0.12,2.801,0.0,2.27,15.339,2.997
2026-07-17T14:15:00,NIFTY,2026-07-17,train,TREND_UP,TRENDING,LONG,1.0,0.4006,0.5994,0.0,1.552,24296.55,19.35,0.943,19.35,20.525,False,DOWN,False,1.347,0.348,False,False,False,True,True,True,3,1,0.107,0.414,0.439,4X_AMBIG,False,False,34.235,,0.941,-0.879,0.941,20.525,-1.162
2026-07-17T14:25:00,NIFTY,2026-07-17,train,TREND_UP,TRENDING,SHORT,0.9516,0.3203,0.6034,0.0763,0.412,24292.1,4.05,0.176,4.05,22.9536,False,UP,False,0.795,0.619,False,False,False,True,True,True,,1,0.88,1.131,6.407,4B_TRAP,False,True,28.135,1.69,0.009,-1.1,-1.102,22.954,-1.351
2026-07-20T12:55:00,NIFTY,2026-07-20,train,CHOP,OPENING_DRIVE,LONG,0.9535,0.9089,0.0911,0.0,1.501,24163.35,23.6,1.543,23.6,15.2929,True,UP,True,0.523,0.317,True,True,True,False,False,False,1,,0.0,0.0,0.0,4A_CONT,True,False,23.708,0.44,3.126,-0.409,2.998,15.293,2.997
2026-07-20T13:10:00,NIFTY,2026-07-20,train,CHOP,OPENING_DRIVE,LONG,1.0,0.9631,0.0,0.0369,2.66,24217.76,6.79,0.407,6.79,16.6893,False,DOWN,False,1.288,0.466,True,True,True,False,False,False,1,,0.0,0.0,0.0,4X_AMBIG,False,False,47.483,0.28,0.821,-0.243,0.354,16.689,1.007
2026-07-21T12:55:00,NIFTY,2026-07-21,train,TREND_DOWN,TRENDING,SHORT,0.9302,0.8262,0.1377,0.0361,1.739,24158.35,7.3,0.694,7.3,10.5214,True,DOWN,True,1.559,0.74,True,True,True,False,False,False,1,5,0.0,0.0,0.0,4B_TRAP,True,False,22.015,,0.688,-1.342,-1.345,10.521,-1.749
2026-07-21T13:55:00,NIFTY,2026-07-21,train,TREND_DOWN,TRENDING,SHORT,0.9273,0.9366,0.0,0.0634,1.603,24177.4,16.6,1.334,16.6,12.4464,False,UP,False,1.04,0.608,True,True,True,False,False,False,1,,0.0,0.0,0.0,4B_TRAP,False,False,20.589,0.42,0.202,-1.163,-1.166,12.446,-1.346
2026-07-23T12:10:00,NIFTY,2026-07-23,train,CHOP,OPENING_DRIVE,SHORT,0.9714,0.8843,0.0485,0.0672,1.743,23939.41,4.41,0.324,4.41,13.5964,False,UP,False,0.493,0.25,True,True,True,False,False,False,1,,0.0,0.0,0.0,4A_CONT,False,False,25.804,0.16,3.085,-0.105,2.998,13.596,2.996
2026-07-23T12:30:00,NIFTY,2026-07-23,train,CHOP,OPENING_DRIVE,SHORT,0.9744,0.5062,0.0107,0.4831,0.981,23894.15,-4.65,-0.321,4.65,14.475,True,DOWN,True,1.261,0.651,False,False,False,False,False,False,1,,0.0,0.0,0.0,4A_CONT,False,False,15.341,0.3,3.536,-0.013,2.997,14.475,2.997
2026-07-23T12:40:00,NIFTY,2026-07-23,train,CHOP,OPENING_DRIVE,SHORT,0.9756,0.9833,0.0,0.0167,1.8,23880.75,24.85,1.519,24.85,16.3643,True,DOWN,True,0.412,0.225,True,True,True,False,False,False,1,,0.0,0.0,0.0,4B_TRAP,True,False,30.348,,1.44,-1.01,-1.012,16.364,-1.876
2026-07-23T13:35:00,NIFTY,2026-07-23,train,CHOP,FAILED_BREAKOUT,LONG,0.9423,0.8169,0.1131,0.07,1.506,23841.35,12.05,0.798,12.05,15.1036,False,DOWN,False,1.208,0.655,True,True,True,False,False,False,1,,0.0,0.0,0.0,4B_TRAP,False,False,25.536,5.16,1.476,-1.384,-1.386,15.104,-1.546
2026-07-23T14:30:00,NIFTY,2026-07-23,train,CHOP,FAILED_BREAKOUT,LONG,0.9841,0.8055,0.0,0.1945,1.808,23868.0,18.55,1.266,18.55,14.6571,False,DOWN,False,2.695,1.201,False,False,False,True,True,True,,1,1.514,3.398,2.685,4B_TRAP,False,True,33.887,1.92,0.134,-1.031,-1.033,14.657,-2.388
2026-07-23T14:35:00,NIFTY,2026-07-23,train,CHOP,FAILED_BREAKOUT,SHORT,1.0,1.0,0.0,0.0,2.329,23853.65,2.05,0.121,2.05,16.9607,True,DOWN,True,1.353,0.581,True,True,True,False,False,False,1,,0.0,0.0,0.0,4X_AMBIG,True,False,40.685,0.09,1.081,-0.912,-0.512,16.961,-1.677
2026-07-24T11:15:00,NIFTY,2026-07-24,train,CHOP,OPENING_DRIVE,LONG,0.9167,1.0,0.0,0.0,2.233,23633.75,19.9,1.543,19.9,12.8964,True,UP,True,1.221,0.547,True,True,True,False,False,False,1,,0.0,0.0,0.0,4A_CONT,True,False,29.664,0.05,4.344,-0.049,2.998,12.896,2.996
2026-07-24T12:25:00,NIFTY,2026-07-24,train,CHOP,OPENING_DRIVE,LONG,0.9737,1.0,0.0,0.0,2.725,23755.2,27.3,1.689,27.3,16.1643,False,DOWN,False,1.349,0.495,True,True,True,False,False,False,1,,0.0,0.0,0.0,4X_AMBIG,False,False,45.371,,0.896,-0.974,0.088,16.164,-1.537
2026-07-24T13:00:00,NIFTY,2026-07-24,train,CHOP,TRENDING,SHORT,0.9111,0.8422,0.0771,0.0807,1.217,23791.4,16.8,0.891,16.8,18.8607,True,DOWN,True,0.506,0.35,True,True,False,False,False,True,1,3,0.035,0.05,0.057,4B_TRAP,True,True,25.868,0.65,1.403,-1.028,-1.03,18.861,-1.1
2026-07-24T13:40:00,NIFTY,2026-07-24,train,CHOP,OPENING_DRIVE,SHORT,0.9245,0.6631,0.0107,0.3262,1.041,23752.95,5.5,0.308,5.5,17.875,False,UP,False,1.127,0.718,False,False,False,True,True,True,,1,1.72,2.699,8.773,4B_TRAP,False,True,19.741,6.98,0.223,-1.993,-1.996,17.875,-2.204
2026-07-24T14:00:00,NIFTY,2026-07-24,train,CHOP,TRENDING,LONG,0.9474,0.4768,0.1244,0.3988,0.811,23806.85,12.15,0.619,12.15,19.6143,False,DOWN,False,0.737,0.433,False,False,False,True,True,True,,1,0.516,0.877,1.416,4B_TRAP,False,True,30.2,,0.0,-1.017,-1.018,19.614,-1.45
2026-07-24T15:00:00,NIFTY,2026-07-24,train,CHOP,OPENING_DRIVE,SHORT,0.942,0.7124,0.0,0.2876,1.186,23761.35,5.0,0.275,5.0,18.1679,False,UP,False,0.641,0.385,True,False,False,False,True,True,1,2,0.398,0.663,2.41,4B_TRAP,False,True,22.458,4.33,0.196,-1.456,-1.458,18.168,-1.803
2026-07-27T10:40:00,NIFTY,2026-07-27,train,TREND_UP,TRENDING,LONG,1.0,1.0,0.0,0.0,2.062,23923.65,3.45,0.206,3.45,16.7571,False,DOWN,False,0.856,0.415,False,False,False,True,True,True,3,1,0.246,0.507,2.464,4A_CONT,False,False,35.586,0.29,2.324,-0.495,2.002,16.757,-1.053
2026-07-27T10:55:00,NIFTY,2026-07-27,train,TREND_UP,OPENING_DRIVE,LONG,0.9,0.6798,0.1552,0.165,0.945,23927.25,6.9,0.377,6.9,18.3,False,DOWN,False,0.508,0.365,True,True,False,False,False,True,1,3,0.128,0.178,0.471,4A_CONT,False,False,22.264,0.22,3.393,-0.588,2.998,18.3,2.997
2026-07-27T13:35:00,NIFTY,2026-07-27,train,TREND_UP,FAILED_BREAKOUT,LONG,0.9038,0.9232,0.0,0.0768,1.759,23959.2,0.35,0.029,0.35,11.9643,False,DOWN,False,1.016,0.533,False,False,False,True,True,True,3,1,0.136,0.259,8.857,4A_CONT,False,False,23.484,0.52,2.14,-0.528,1.652,11.964,-1.041
2026-07-28T13:50:00,NIFTY,2026-07-28,train,CHOP,OPENING_DRIVE,LONG,0.9636,0.8163,0.1837,0.0,1.836,23992.05,11.5,0.96,11.5,11.9821,False,DOWN,False,1.277,0.568,True,True,True,False,False,False,1,5,0.0,0.0,0.0,4B_TRAP,False,False,22.808,1.08,0.316,-1.399,-1.401,11.982,-1.123
2026-07-28T15:00:00,NIFTY,2026-07-28,train,CHOP,OPENING_DRIVE,SHORT,0.9565,0.7414,0.0,0.2586,1.376,23963.6,0.8,0.056,0.8,14.175,False,UP,False,0.494,0.266,False,False,False,True,True,True,,1,1.508,2.797,49.563,4B_TRAP,False,True,20.289,,0.005,-1.994,-1.996,14.175,-2.857
2026-07-30T12:30:00,NIFTY,2026-07-30,train,TREND_UP,OPENING_DRIVE,LONG,1.0,0.7786,0.2214,0.0,3.969,24284.15,28.55,2.277,28.55,12.5357,False,DOWN,False,1.863,0.365,True,True,True,False,False,False,1,,0.0,0.0,0.0,4B_TRAP,False,False,51.667,,0.132,-1.171,-1.172,12.536,-1.324
2026-07-30T13:10:00,NIFTY,2026-07-30,train,TREND_UP,OPENING_DRIVE,SHORT,0.9574,0.5721,0.0,0.4279,1.052,24279.2,14.1,0.86,14.1,16.3964,True,DOWN,True,0.226,0.123,True,False,False,False,True,True,1,2,0.068,0.125,0.145,4B_TRAP,False,True,18.155,0.78,0.281,-1.666,-1.669,16.396,-1.073
2026-07-30T14:30:00,NIFTY,2026-07-30,train,TREND_UP,OPENING_DRIVE,LONG,0.9524,0.7177,0.1754,0.1069,1.279,24241.05,8.15,0.586,8.15,13.9179,True,UP,True,1.642,0.921,True,True,True,False,False,False,1,,0.0,0.0,0.0,4A_CONT,True,False,21.194,1.56,3.518,-0.278,2.998,13.918,2.996
2026-07-30T15:00:00,NIFTY,2026-07-30,train,TREND_UP,OPENING_DRIVE,LONG,0.9565,0.6367,0.0,0.3633,1.132,24282.3,16.3,1.023,16.3,15.9393,True,UP,True,1.55,0.871,True,True,True,False,False,False,1,,0.0,0.0,0.0,4X_AMBIG,True,False,29.2,0.97,1.438,0.0,0.077,15.939,0.141
2026-07-31T13:30:00,NIFTY,2026-07-31,train,CHOP,FAILED_BREAKDOWN,SHORT,0.9216,0.9287,0.0,0.0713,1.837,24413.1,13.5,1.228,13.5,10.9964,False,UP,False,0.941,0.476,True,True,True,False,False,False,1,,0.0,0.0,0.0,4A_CONT,False,False,20.853,3.04,2.093,-0.647,1.688,10.996,-1.232
2026-07-31T14:30:00,NIFTY,2026-07-31,train,CHOP,FAILED_BREAKDOWN,SHORT,0.9683,0.7548,0.2452,0.0,1.533,24390.4,16.0,1.236,16.0,12.9464,False,UP,False,1.023,0.504,True,True,True,False,False,False,1,,0.0,0.0,0.0,4X_AMBIG,False,False,27.089,1.41,0.681,-0.879,0.369,12.946,-1.842
2026-07-31T15:00:00,NIFTY,2026-07-31,train,CHOP,FAILED_BREAKOUT,LONG,0.9275,1.0,0.0,0.0,1.564,24374.15,11.15,0.798,11.15,13.9679,True,UP,True,1.117,0.714,True,True,True,False,False,False,1,5,0.0,0.0,0.0,4B_TRAP,True,False,22.505,0.54,0.573,-1.018,-1.02,13.968,-1.643
2026-08-03T12:45:00,NIFTY,2026-08-03,train,TREND_UP,TRENDING,SHORT,0.9524,0.8198,0.1089,0.0713,2.126,24587.25,9.8,1.007,9.8,9.7357,False,UP,False,0.822,0.317,False,False,False,True,True,True,2,1,0.091,0.236,0.235,4B_TRAP,False,True,24.208,0.16,0.729,-8.132,-8.134,9.736,-1.248
2026-08-04T10:20:00,NIFTY,2026-08-04,train,CHOP,OPENING_DRIVE,SHORT,1.0,0.978,0.0,0.022,1.478,24609.2,11.7,0.862,11.7,13.5679,False,UP,False,0.284,0.188,True,True,True,False,False,False,1,,0.0,0.0,0.0,4A_CONT,False,False,20.665,0.3,3.218,0.0,2.998,13.568,2.996
2026-08-04T11:45:00,NIFTY,2026-08-04,train,CHOP,FAILED_BREAKOUT,SHORT,1.0,1.0,0.0,0.0,2.433,24555.3,24.3,2.718,24.3,8.9393,False,UP,False,0.543,0.223,True,True,True,False,False,False,1,,0.0,0.0,0.0,4A_CONT,False,False,22.403,,3.06,-0.246,2.998,8.939,2.994
2026-08-04T13:25:00,NIFTY,2026-08-04,train,CHOP,TRENDING,SHORT,0.96,0.9975,0.0025,0.0,1.844,24475.75,5.65,0.525,5.65,10.7643,True,DOWN,True,0.734,0.397,True,True,True,False,False,False,1,,0.0,0.0,0.0,4B_TRAP,True,False,20.497,,1.859,-1.066,-1.068,10.764,2.995
2026-08-04T13:50:00,NIFTY,2026-08-04,train,CHOP,TRENDING,SHORT,1.0,0.8862,0.1138,0.0,1.792,24453.4,10.9,0.896,10.9,12.1643,False,UP,False,1.348,0.667,True,True,True,False,False,False,1,4,0.0,0.0,0.0,4B_TRAP,False,False,25.338,,0.414,-1.243,-1.245,12.164,-1.04
2026-08-04T14:20:00,NIFTY,2026-08-04,train,CHOP,TRENDING,SHORT,0.9836,0.6992,0.1504,0.1504,1.158,24500.68,28.78,2.021,28.78,14.2429,True,DOWN,True,1.088,0.657,True,True,True,False,False,False,1,,0.0,0.0,0.0,4B_TRAP,True,False,20.758,1.92,1.212,-6.889,-6.891,14.243,-10.044
2026-08-04T14:30:00,NIFTY,2026-08-04,train,CHOP,TRENDING,SHORT,0.9841,0.5405,0.4595,0.0,0.852,24464.9,3.95,0.259,3.95,15.2607,False,UP,False,0.56,0.356,False,False,False,True,True,True,2,1,0.11,0.174,0.671,4B_TRAP,False,True,24.771,1.17,0.573,-6.215,-6.217,15.261,-1.071
2026-08-05T10:25:00,NIFTY,2026-08-05,val,CHOP,OPENING_DRIVE,SHORT,1.0,0.8963,0.0044,0.0993,1.717,24583.45,-1.15,-0.065,1.15,17.6179,False,UP,False,1.056,0.551,False,False,False,False,False,True,1,3,0.344,0.658,10.087,4B_TRAP,False,True,31.413,0.04,0.675,-1.07,-1.071,17.618,-1.104
2026-08-05T10:55:00,NIFTY,2026-08-05,val,CHOP,OPENING_DRIVE,LONG,0.95,0.9945,0.0055,0.0,1.336,24633.22,11.28,0.551,11.28,20.4786,True,UP,True,0.588,0.438,True,False,False,False,True,True,1,2,0.143,0.191,0.348,4B_TRAP,False,True,28.175,0.21,0.509,-1.168,-1.169,20.479,-1.248
2026-08-05T11:05:00,NIFTY,2026-08-05,val,CHOP,OPENING_DRIVE,SHORT,0.9545,0.8545,0.1455,0.0,1.254,24643.05,13.75,0.683,13.75,20.1393,False,UP,False,1.058,0.721,True,True,True,False,False,False,1,,0.0,0.0,0.0,4A_CONT,False,False,30.436,1.0,3.198,-0.361,2.998,20.139,2.998
2026-08-05T13:20:00,NIFTY,2026-08-05,val,CHOP,TRENDING,SHORT,0.9388,0.9401,0.0599,0.0,1.648,24535.8,12.0,0.84,12.0,14.2893,False,UP,False,0.777,0.443,True,True,True,False,False,False,1,,0.0,0.0,0.0,4B_TRAP,False,False,25.801,0.44,0.951,-1.153,-1.155,14.289,-1.491
2026-08-06T11:40:00,NIFTY,2026-08-06,val,CHOP,OPENING_DRIVE,SHORT,1.0,0.8417,0.0,0.1583,1.608,24653.5,18.7,1.639,18.7,11.4107,False,UP,False,0.412,0.216,True,True,False,False,False,True,1,3,0.498,0.951,0.58,4B_TRAP,False,True,19.004,0.6,0.334,-1.555,-1.558,11.411,-1.187
2026-08-06T11:55:00,NIFTY,2026-08-06,val,CHOP,OPENING_DRIVE,LONG,0.9062,1.0,0.0,0.0,1.547,24649.43,14.92,1.221,14.92,12.2179,False,DOWN,False,0.573,0.37,True,True,False,False,False,True,1,3,0.269,0.416,0.34,4B_TRAP,False,True,19.467,0.57,0.0,-1.027,-1.03,12.218,-1.113
2026-08-06T13:15:00,NIFTY,2026-08-06,val,CHOP,OPENING_DRIVE,LONG,1.0,0.9403,0.0597,0.0,2.737,24649.43,-0.98,-0.076,0.98,12.9536,False,DOWN,False,2.37,0.814,False,False,False,True,True,True,,1,0.694,2.021,26.714,4B_TRAP,False,True,36.581,0.0,0.283,-1.036,-1.037,12.954,-1.949
2026-08-06T13:20:00,NIFTY,2026-08-06,val,CHOP,OPENING_DRIVE,SHORT,0.9796,0.9528,0.0472,0.0,1.992,24624.06,0.81,0.055,0.81,14.6857,False,UP,False,0.664,0.318,False,False,False,True,True,True,5,1,0.602,1.259,22.827,4B_TRAP,False,True,31.621,0.49,0.095,-1.124,-1.126,14.686,-1.318
2026-08-06T13:55:00,NIFTY,2026-08-06,val,CHOP,OPENING_DRIVE,LONG,0.9643,0.829,0.0,0.171,1.108,24631.8,17.2,0.925,17.2,18.5857,True,UP,True,0.551,0.412,True,True,True,False,False,False,1,,0.0,0.0,0.0,4B_TRAP,True,False,25.595,0.02,0.533,-1.227,-1.229,18.586,-1.692
2026-08-06T14:30:00,NIFTY,2026-08-06,val,CHOP,OPENING_DRIVE,SHORT,0.9365,0.2301,0.2779,0.492,0.368,24655.0,8.2,0.597,8.2,13.7357,True,DOWN,True,0.513,0.321,True,True,True,False,False,False,1,,0.0,0.0,0.0,4A_CONT,False,False,11.809,1.93,2.473,-0.398,0.915,13.736,0.786
2026-08-07T10:15:00,NIFTY,2026-08-07,val,CHOP,OPENING_DRIVE,SHORT,0.9167,0.7649,0.0,0.2351,1.275,24580.45,1.95,0.134,1.95,14.5538,True,DOWN,True,0.553,0.332,True,True,True,False,False,False,1,,0.0,0.0,0.0,4A_CONT,True,False,19.278,,2.863,-0.545,0.407,14.554,2.997
2026-08-07T11:00:00,NIFTY,2026-08-07,val,CHOP,OPENING_DRIVE,SHORT,0.9048,0.8033,0.0379,0.1588,1.418,24562.0,6.0,0.502,6.0,11.9571,False,UP,False,0.958,0.543,False,False,False,True,True,True,3,1,0.294,0.519,1.033,4B_TRAP,False,True,18.383,,0.0,-1.784,-1.787,11.957,-1.162
2026-08-07T12:25:00,NIFTY,2026-08-07,val,CHOP,FAILED_BREAKOUT,LONG,0.9211,0.5284,0.3358,0.1358,0.997,24545.8,3.95,0.368,3.95,10.7321,True,UP,True,1.374,0.728,True,True,True,False,False,False,1,,0.0,0.0,0.0,4B_TRAP,False,False,14.057,0.86,2.792,-1.184,-1.188,10.732,2.995
2026-08-07T13:20:00,NIFTY,2026-08-07,val,CHOP,FAILED_BREAKOUT,LONG,0.9184,0.9186,0.0,0.0814,1.496,24565.9,0.1,0.008,0.1,12.0643,True,UP,True,0.609,0.374,True,False,False,False,True,True,1,2,0.916,1.492,180.0,4B_TRAP,False,True,20.24,1.03,1.136,-1.626,-1.628,12.064,-1.679
2026-08-07T13:30:00,NIFTY,2026-08-07,val,CHOP,FAILED_BREAKOUT,SHORT,0.9608,0.9019,0.0,0.0981,1.524,24546.35,-1.55,-0.122,1.55,12.6679,False,UP,False,0.876,0.519,False,False,False,True,True,True,,1,1.124,1.898,15.516,4B_TRAP,False,True,19.942,0.08,0.095,-1.176,-1.178,12.668,-1.855
2026-08-07T13:45:00,NIFTY,2026-08-07,val,CHOP,FAILED_BREAKOUT,LONG,0.963,0.8547,0.0406,0.1047,1.6,24549.7,20.7,1.656,20.7,12.5036,False,DOWN,False,1.412,0.754,True,True,True,False,False,False,1,4,0.0,0.0,0.0,4B_TRAP,False,False,23.152,0.06,0.803,-1.611,-1.613,12.504,-1.62
2026-08-07T13:55:00,NIFTY,2026-08-07,val,CHOP,FAILED_BREAKOUT,SHORT,0.9464,0.3907,0.0375,0.5717,0.638,24571.35,8.2,0.591,8.2,13.8821,True,DOWN,True,1.934,1.185,True,True,True,False,False,False,1,,0.0,0.0,0.0,4B_TRAP,False,False,10.379,1.62,1.118,-1.469,-1.474,13.882,-1.102
2026-08-07T14:05:00,NIFTY,2026-08-07,val,CHOP,FAILED_BREAKOUT,SHORT,0.9483,0.6632,0.0936,0.2432,0.992,24533.85,-5.1,-0.317,5.1,16.0821,True,DOWN,True,0.989,0.661,False,False,False,False,True,True,1,2,0.308,0.46,1.451,4B_TRAP,False,True,18.922,0.27,0.827,-1.189,-1.192,16.082,-1.402
2026-08-07T14:45:00,NIFTY,2026-08-07,val,CHOP,FAILED_BREAKOUT,LONG,0.9091,0.6419,0.2162,0.1419,0.837,24548.4,8.25,0.484,8.25,17.0321,False,DOWN,False,1.662,1.275,False,False,False,True,True,True,3,1,0.795,1.036,2.139,4B_TRAP,False,True,18.066,1.54,0.133,-1.434,-1.436,17.032,-1.524
2026-08-07T14:50:00,NIFTY,2026-08-07,val,CHOP,FAILED_BREAKOUT,SHORT,0.9851,1.0,0.0,0.0,1.506,24532.1,1.35,0.072,1.35,18.7964,False,UP,False,0.708,0.47,False,False,False,True,True,True,,1,0.767,1.154,16.074,4B_TRAP,False,True,29.149,0.26,0.0,-1.134,-1.136,18.796,-1.072
2026-08-10T10:15:00,NIFTY,2026-08-10,val,CHOP,TRENDING,LONG,0.9167,1.0,0.0,0.0,1.462,24547.75,24.05,1.465,24.05,16.4192,True,UP,True,1.026,0.702,True,True,True,False,False,False,1,,0.0,0.0,0.0,4B_TRAP,True,False,24.72,1.67,1.873,-1.038,-1.04,16.419,-1.236
2026-08-10T15:00:00,NIFTY,2026-08-10,val,CHOP,OPENING_DRIVE,LONG,0.971,0.4069,0.0,0.5931,0.791,24565.45,6.15,0.593,6.15,10.3679,False,DOWN,False,1.683,0.866,False,False,False,True,True,True,5,1,0.546,1.061,1.789,4B_TRAP,False,True,20.754,1.05,0.014,-1.226,-1.229,10.368,-1.659
2026-08-10T15:05:00,NIFTY,2026-08-10,val,CHOP,OPENING_DRIVE,SHORT,0.9143,0.7077,0.2923,0.0,1.16,24583.0,28.55,2.683,28.55,10.6429,False,UP,False,1.259,0.768,True,True,True,False,False,False,1,4,0.0,0.0,0.0,4B_TRAP,False,False,17.974,0.16,0.462,-1.633,-1.636,10.643,-2.762
2026-08-11T12:40:00,NIFTY,2026-08-11,val,TREND_DOWN,TRENDING,LONG,0.9512,0.6962,0.0,0.3038,1.41,24444.9,6.85,0.819,6.85,8.3679,True,UP,True,1.111,0.549,True,True,False,False,False,True,1,3,0.23,0.466,0.569,4X_AMBIG,True,False,17.459,3.13,1.18,-0.796,1.143,8.368,-1.291
2026-08-11T13:35:00,NIFTY,2026-08-11,val,TREND_DOWN,TRENDING,SHORT,0.9038,0.9583,0.0,0.0417,1.17,24457.45,3.8,0.322,3.8,11.7929,False,UP,False,0.852,0.698,False,False,False,True,True,True,3,1,0.465,0.568,1.763,4B_TRAP,False,True,14.232,0.73,1.11,-1.279,-1.282,11.793,-1.111
2026-08-11T14:05:00,NIFTY,2026-08-11,val,TREND_DOWN,TRENDING,LONG,0.9655,0.7166,0.0,0.2834,1.069,24454.9,10.45,0.849,10.45,12.3036,True,UP,True,0.857,0.575,True,True,True,False,False,False,1,4,0.0,0.0,0.0,4B_TRAP,True,False,18.9,0.07,0.116,-1.161,-1.164,12.304,-1.162
2026-08-11T14:25:00,NIFTY,2026-08-11,val,TREND_DOWN,TRENDING,SHORT,0.9032,0.5655,0.4345,0.0,0.666,24451.1,2.95,0.24,2.95,12.3143,True,DOWN,True,0.67,0.569,True,True,True,False,False,False,1,4,0.0,0.0,0.0,4B_TRAP,True,False,14.935,0.08,0.69,-1.279,-1.282,12.314,-1.555
2026-08-11T15:05:00,NIFTY,2026-08-11,val,TREND_DOWN,TRENDING,SHORT,0.9714,0.9309,0.0,0.0691,1.668,24460.85,6.0,0.572,6.0,10.4929,False,UP,False,0.801,0.447,True,True,True,False,False,False,1,5,0.0,0.0,0.0,4X_AMBIG,False,False,18.064,0.94,0.52,-0.933,-0.933,10.493,-1.611
2026-08-12T10:30:00,NIFTY,2026-08-12,val,CHOP,OPENING_DRIVE,LONG,1.0,0.8889,0.1111,0.0,1.335,24380.05,14.35,0.84,14.35,17.0786,False,DOWN,False,0.603,0.402,True,False,False,False,True,True,1,2,0.99,1.487,1.77,4B_TRAP,False,True,23.57,1.1,0.03,-1.687,-1.689,17.079,-1.057
2026-08-12T10:55:00,NIFTY,2026-08-12,val,CHOP,OPENING_DRIVE,SHORT,1.0,0.6741,0.0,0.3259,1.829,24354.65,24.1,1.539,24.1,15.6643,True,DOWN,True,1.28,0.472,True,True,True,False,False,False,1,,0.0,0.0,0.0,4B_TRAP,True,False,29.925,,2.129,-1.696,-1.698,15.664,2.997
2026-08-12T14:30:00,NIFTY,2026-08-12,val,CHOP,TRENDING,LONG,0.9841,0.9843,0.0157,0.0,3.04,24298.95,28.25,3.04,28.25,9.2929,False,DOWN,False,0.769,0.249,True,True,True,False,False,False,1,,0.0,0.0,0.0,4A_CONT,False,False,29.111,1.07,3.736,-0.381,2.998,9.293,-1.076
2026-08-12T14:50:00,NIFTY,2026-08-12,val,CHOP,FAILED_BREAKOUT,LONG,0.9851,0.8857,0.0,0.1143,2.874,24358.35,0.85,0.072,0.85,11.8643,False,DOWN,False,2.141,0.66,True,True,False,False,False,True,1,3,0.194,0.628,8.765,4X_AMBIG,False,False,39.655,2.59,1.935,-0.426,1.935,11.864,-1.429
2026-08-13T11:55:00,NIFTY,2026-08-13,val,CHOP,OPENING_DRIVE,LONG,0.9688,1.0,0.0,0.0,2.127,24360.55,16.35,1.684,16.35,9.7071,True,UP,True,2.715,1.276,True,True,True,False,False,False,1,,0.0,0.0,0.0,4B_TRAP,True,False,21.27,,1.718,-1.095,-1.098,9.707,2.995
2026-08-13T12:00:00,NIFTY,2026-08-13,val,CHOP,OPENING_DRIVE,LONG,1.0,1.0,0.0,0.0,2.222,24376.9,36.55,3.083,36.55,11.8571,False,DOWN,False,0.641,0.288,True,True,True,False,False,False,1,,0.0,0.0,0.0,4B_TRAP,False,False,27.141,,0.0,-1.415,-1.417,11.857,-1.75
2026-08-13T13:15:00,NIFTY,2026-08-13,val,CHOP,FAILED_BREAKOUT,SHORT,0.9167,0.5014,0.3796,0.119,0.838,24353.6,-0.4,-0.038,0.4,10.5607,True,DOWN,True,1.122,0.671,False,False,False,True,True,True,3,1,0.263,0.44,11.625,4B_TRAP,False,True,16.079,2.21,0.211,-1.869,-1.872,10.561,-2.85
2026-08-13T13:40:00,NIFTY,2026-08-13,val,CHOP,FAILED_BREAKOUT,LONG,0.9434,0.8653,0.0,0.1347,1.448,24369.85,14.2,1.185,14.2,11.9857,False,DOWN,False,1.247,0.746,True,True,True,False,False,False,1,5,0.0,0.0,0.0,4B_TRAP,False,False,20.651,1.42,0.494,-1.213,-1.215,11.986,-2.094
2026-08-13T14:05:00,NIFTY,2026-08-13,val,CHOP,FAILED_BREAKOUT,SHORT,0.931,0.9745,0.0,0.0255,1.471,24374.45,14.95,1.151,14.95,12.9857,True,DOWN,True,0.4,0.265,True,True,False,False,False,True,1,3,0.145,0.219,0.191,4B_TRAP,True,True,19.688,0.45,0.841,-1.846,-1.849,12.986,-1.375
2026-08-14T10:30:00,NIFTY,2026-08-14,val,CHOP,OPENING_DRIVE,SHORT,0.9333,0.8556,0.0,0.1444,1.369,24306.45,0.55,0.038,0.55,14.5,False,UP,False,0.662,0.414,False,False,False,True,True,True,,1,1.108,1.772,46.727,4B_TRAP,False,True,20.546,,0.0,-1.348,-1.351,14.5,-1.3
2026-08-14T10:55:00,NIFTY,2026-08-14,val,CHOP,OPENING_DRIVE,SHORT,0.9,1.0,0.0,0.0,1.823,24322.84,10.39,0.873,10.39,11.9036,False,UP,False,0.979,0.537,True,True,True,False,False,False,1,4,0.0,0.0,0.0,4B_TRAP,False,False,22.351,0.44,0.199,-1.031,-1.034,11.904,-1.382
2026-08-14T13:35:00,NIFTY,2026-08-14,val,CHOP,OPENING_DRIVE,LONG,0.9423,1.0,0.0,0.0,2.814,24348.0,0.55,0.076,0.55,7.1964,True,UP,True,0.952,0.338,True,True,True,False,False,False,1,,0.0,0.0,0.0,4A_CONT,True,False,20.857,0.1,2.591,0.0,0.837,7.196,2.993
2026-08-14T13:45:00,NIFTY,2026-08-14,val,CHOP,OPENING_DRIVE,LONG,1.0,0.9112,0.0888,0.0,2.953,24358.2,26.0,2.823,26.0,9.2107,True,UP,True,1.395,0.43,True,True,True,False,False,False,1,,0.0,0.0,0.0,4B_TRAP,True,False,28.095,,0.655,-1.045,-1.046,9.211,-1.08
2026-08-17T11:50:00,NIFTY,2026-08-17,oos,CHOP,TRENDING,LONG,0.9,0.4948,0.5052,0.0,0.925,24254.5,8.85,1.145,8.85,7.7286,True,UP,True,0.0,0.0,True,True,True,False,False,False,1,,0.0,0.0,0.0,4A_CONT,False,False,7.583,3.49,3.066,-0.429,2.993,7.729,2.994
2026-08-17T12:15:00,NIFTY,2026-08-17,oos,CHOP,FAILED_BREAKOUT,LONG,0.9118,1.0,0.0,0.0,1.892,24286.46,0.14,0.017,0.14,8.0357,True,UP,True,0.529,0.28,True,True,True,False,False,False,1,,0.0,0.0,0.0,4A_CONT,True,False,15.656,1.56,3.005,-0.268,2.997,8.036,2.994
2026-08-17T12:45:00,NIFTY,2026-08-17,oos,CHOP,FAILED_BREAKDOWN,LONG,0.95,0.8105,0.1895,0.0,1.707,24311.0,11.5,1.208,11.5,9.5214,True,UP,True,0.494,0.234,True,True,True,False,False,False,1,,0.0,0.0,0.0,4B_TRAP,True,False,16.852,,2.089,-2.068,-2.071,9.521,2.995
2026-08-17T15:00:00,NIFTY,2026-08-17,oos,CHOP,FAILED_BREAKDOWN,LONG,0.9552,0.8855,0.1145,0.0,1.795,24343.9,6.7,0.818,6.7,8.1893,True,UP,True,1.264,0.623,True,True,False,False,False,True,1,3,0.247,0.501,0.612,4B_TRAP,True,True,15.198,0.37,0.467,-4.142,-4.145,8.189,-1.136
2026-08-18T14:00:00,NIFTY,2026-08-18,oos,TREND_DOWN,TRENDING,LONG,0.9825,0.8562,0.0,0.1438,1.565,24205.8,0.35,0.043,0.35,8.1786,False,DOWN,False,1.088,0.595,False,False,False,True,True,True,,1,1.017,1.859,43.429,4B_TRAP,False,True,15.398,0.81,0.0,-1.046,-1.049,8.179,-1.308
2026-08-18T14:25:00,NIFTY,2026-08-18,oos,TREND_DOWN,TRENDING,LONG,0.9839,0.1799,0.0,0.8201,0.348,24196.75,2.55,0.301,2.55,8.4786,False,DOWN,False,0.684,0.354,True,True,True,False,False,False,1,,0.0,0.0,0.0,4B_TRAP,False,False,16.892,1.03,1.581,-1.122,-1.125,8.479,2.994
2026-08-18T15:00:00,NIFTY,2026-08-18,oos,TREND_DOWN,FAILED_BREAKOUT,SHORT,0.9855,0.6676,0.3324,0.0,1.279,24210.35,3.15,0.321,3.15,9.8107,True,DOWN,True,1.152,0.601,True,True,True,False,False,False,1,,0.0,0.0,0.0,4A_CONT,True,False,19.364,0.71,2.701,0.0,2.701,9.811,2.995
2026-08-19T10:15:00,NIFTY,2026-08-19,oos,CHOP,OPENING_DRIVE,SHORT,0.9167,1.0,0.0,0.0,1.361,24085.8,12.1,1.016,12.1,11.9038,True,DOWN,True,0.092,0.068,True,True,True,False,False,False,1,,0.0,0.0,0.0,4A_CONT,True,False,16.686,0.4,2.649,-0.479,-0.276,11.904,2.996
2026-08-19T11:05:00,NIFTY,2026-08-19,oos,CHOP,TRENDING,SHORT,0.9091,0.674,0.0,0.326,1.063,24044.9,5.65,0.559,5.65,10.1143,False,UP,False,0.915,0.58,False,False,False,True,True,True,,1,0.533,0.84,1.504,4B_TRAP,False,True,11.229,,0.0,-1.064,-1.069,10.114,-1.058
2026-08-19T11:45:00,NIFTY,2026-08-19,oos,CHOP,TRENDING,LONG,0.9,1.0,0.0,0.0,1.599,24056.85,9.85,1.016,9.85,9.6929,True,UP,True,0.877,0.548,True,True,True,False,False,False,1,4,0.0,0.0,0.0,4B_TRAP,True,False,15.965,1.38,0.905,-1.027,-1.03,9.693,-1.475
2026-08-19T12:00:00,NIFTY,2026-08-19,oos,CHOP,OPENING_DRIVE,SHORT,0.9697,1.0,0.0,0.0,1.769,24076.85,13.1,1.332,13.1,9.8357,True,DOWN,True,1.195,0.675,True,True,True,False,False,False,1,,0.0,0.0,0.0,4B_TRAP,True,False,17.922,1.09,1.911,-1.002,-1.004,9.836,2.995
2026-08-19T15:05:00,NIFTY,2026-08-19,oos,CHOP,TRENDING,SHORT,0.9571,0.8248,0.0,0.1752,1.121,24040.2,-0.1,-0.008,0.1,12.1714,False,UP,False,1.027,0.755,False,False,False,True,True,True,,1,0.716,0.974,118.5,4B_TRAP,False,True,14.147,0.01,0.053,-2.686,-2.69,12.171,-3.126
2026-08-20T11:30:00,NIFTY,2026-08-20,oos,CHOP,OPENING_DRIVE,LONG,0.9259,0.822,0.178,0.0,1.459,24215.8,-1.55,-0.208,1.55,7.4357,True,UP,True,0.329,0.186,False,False,False,True,True,True,5,1,0.25,0.444,2.129,4A_CONT,False,False,11.246,0.14,4.277,-0.489,2.996,7.436,2.993
2026-08-20T12:45:00,NIFTY,2026-08-20,oos,CHOP,OPENING_DRIVE,LONG,1.0,1.0,0.0,0.0,3.933,24225.4,19.8,2.879,19.8,6.8786,True,UP,True,3.169,0.806,True,True,True,False,False,False,1,,0.0,0.0,0.0,4B_TRAP,True,False,27.861,,0.616,-1.07,-1.071,6.879,-1.49
2026-08-20T14:15:00,NIFTY,2026-08-20,oos,CHOP,FAILED_BREAKOUT,LONG,0.95,0.3264,0.0,0.6736,0.673,24224.65,8.35,1.195,8.35,6.9857,False,DOWN,False,1.066,0.517,True,True,True,False,False,False,1,,0.0,0.0,0.0,4B_TRAP,False,False,10.132,1.39,1.436,-1.737,-1.742,6.986,-2.527
2026-08-24T11:00:00,NIFTY,2026-08-24,oos,TREND_DOWN,TRENDING,SHORT,1.0,0.6185,0.3815,0.0,1.835,24260.6,30.95,3.957,30.95,7.8214,True,DOWN,True,0.575,0.194,True,True,True,False,False,False,1,,0.0,0.0,0.0,4A_CONT,True,False,23.896,,3.145,0.0,2.998,7.821,2.994
2026-08-24T11:20:00,NIFTY,2026-08-24,oos,TREND_DOWN,TRENDING,SHORT,0.96,0.646,0.1783,0.1757,1.342,24211.4,7.3,0.783,7.3,9.3179,True,DOWN,True,0.59,0.284,True,True,True,False,False,False,1,,0.0,0.0,0.0,4A_CONT,True,False,16.531,,3.001,0.0,2.997,9.318,2.995
2026-08-24T11:30:00,NIFTY,2026-08-24,oos,TREND_DOWN,TRENDING,SHORT,0.9259,0.9791,0.0,0.0209,1.773,24198.1,17.55,1.664,17.55,10.5464,False,UP,False,0.654,0.361,True,True,True,False,False,False,1,,0.0,0.0,0.0,4B_TRAP,False,False,19.273,,1.733,-1.998,-2.0,10.546,-1.01
2026-08-24T13:05:00,NIFTY,2026-08-24,oos,TREND_DOWN,TRENDING,SHORT,0.9333,0.5747,0.0,0.4253,1.222,24167.8,6.75,0.932,6.75,7.2429,False,UP,False,0.987,0.464,True,False,False,False,True,True,1,2,0.542,1.153,1.237,4B_TRAP,False,True,9.312,,0.102,-1.208,-1.213,7.243,-1.56
2026-08-24T13:30:00,NIFTY,2026-08-24,oos,TREND_DOWN,TRENDING,SHORT,0.94,1.0,0.0,0.0,2.03,24174.65,10.25,1.257,10.25,8.1536,False,UP,False,0.503,0.248,True,True,True,False,False,False,1,,0.0,0.0,0.0,4B_TRAP,False,False,17.047,0.58,1.012,-1.079,-1.082,8.154,-1.202
2026-08-25T11:55:00,NIFTY,2026-08-25,HOLDOUT,TREND_UP,OPENING_DRIVE,LONG,0.9062,0.6888,0.3112,0.0,1.403,24161.3,20.55,2.136,20.55,9.6214,True,UP,True,1.59,0.781,True,True,True,False,False,False,1,,0.0,0.0,0.0,4B_TRAP,True,False,14.088,1.09,0.0,-1.161,-1.164,9.621,-1.705
2026-08-25T13:50:00,NIFTY,2026-08-25,HOLDOUT,TREND_UP,OPENING_DRIVE,LONG,0.9818,1.0,0.0,0.0,3.597,24161.83,8.42,0.835,8.42,10.0786,False,DOWN,False,1.463,0.407,False,False,False,True,True,True,,1,0.448,1.61,1.928,4A_CONT,False,False,37.338,0.72,4.4,-0.789,2.999,10.079,-1.325
2026-08-25T14:25:00,NIFTY,2026-08-25,HOLDOUT,TREND_UP,OPENING_DRIVE,LONG,0.9677,1.0,0.0,0.0,1.974,24169.05,16.15,1.353,16.15,11.9321,True,UP,True,2.808,1.423,True,True,True,False,False,False,1,,0.0,0.0,0.0,4A_CONT,True,False,24.256,0.49,3.24,-0.373,2.998,11.932,2.996
2026-08-25T14:30:00,NIFTY,2026-08-25,HOLDOUT,TREND_UP,TRENDING,LONG,0.9683,0.6313,0.3119,0.0567,1.513,24197.15,2.05,0.147,2.05,13.9821,False,DOWN,False,1.037,0.433,True,True,True,False,False,False,1,,0.0,0.0,0.0,4A_CONT,False,False,24.055,,5.627,-0.341,2.998,13.982,2.996
2026-08-25T14:50:00,NIFTY,2026-08-25,HOLDOUT,TREND_UP,TRENDING,LONG,0.9254,0.6607,0.2232,0.1161,0.874,24217.15,20.1,1.187,20.1,16.9286,True,UP,True,0.792,0.598,True,True,True,False,False,False,1,,0.0,0.0,0.0,4A_CONT,True,False,18.072,,5.384,0.0,2.997,16.929,2.997
2026-08-26T10:15:00,NIFTY,2026-08-26,HOLDOUT,TREND_DOWN,OPENING_DRIVE,SHORT,0.9167,1.0,0.0,0.0,1.763,24337.55,20.8,1.264,20.8,16.4538,True,DOWN,True,1.176,0.667,True,True,True,False,False,False,1,,0.0,0.0,0.0,4A_CONT,True,False,29.87,0.12,3.649,-0.489,2.998,16.454,2.997
2026-08-26T11:15:00,NIFTY,2026-08-26,HOLDOUT,TREND_DOWN,OPENING_DRIVE,SHORT,0.9167,0.884,0.0,0.116,1.632,24310.21,-0.19,-0.015,0.19,12.8357,True,DOWN,True,0.915,0.496,False,False,False,False,False,False,1,4,0.0,0.0,0.0,4A_CONT,False,False,21.661,0.01,4.739,-0.104,2.998,12.836,2.996
2026-08-27T12:35:00,NIFTY,2026-08-27,HOLDOUT,TREND_DOWN,TRENDING,LONG,0.925,0.8934,0.0,0.1066,1.584,24159.6,13.35,1.293,13.35,10.3214,False,DOWN,False,0.639,0.361,True,True,True,False,False,False,1,,0.0,0.0,0.0,4B_TRAP,False,False,18.849,2.42,1.199,-1.777,-1.78,10.321,-3.251
2026-08-27T12:50:00,NIFTY,2026-08-27,HOLDOUT,TREND_DOWN,TRENDING,LONG,0.9302,0.4743,0.2195,0.3062,0.799,24185.92,1.33,0.122,1.33,10.9464,False,DOWN,False,0.306,0.182,False,False,False,True,True,True,4,1,0.196,0.331,2.722,4B_TRAP,False,True,14.954,7.21,0.555,-1.21,-1.214,10.946,-1.014
2026-08-27T13:45:00,NIFTY,2026-08-27,HOLDOUT,TREND_DOWN,TRENDING,SHORT,0.963,0.7228,0.0,0.2772,1.426,24150.1,4.15,0.349,4.15,11.8893,True,DOWN,True,0.357,0.181,True,True,True,False,False,False,1,,0.0,0.0,0.0,4A_CONT,True,False,17.654,0.41,3.121,-0.923,2.997,11.889,-1.35
2026-08-27T14:30:00,NIFTY,2026-08-27,HOLDOUT,TREND_DOWN,TRENDING,LONG,0.9524,0.3549,0.0,0.6451,0.65,24153.85,0.15,0.012,0.15,12.2321,True,UP,True,0.969,0.529,False,False,False,True,True,True,,1,0.498,0.912,74.333,4B_TRAP,False,True,15.122,2.57,0.546,-1.207,-1.21,12.232,-1.042
2026-08-28T11:10:00,NIFTY,2026-08-28,HOLDOUT,CHOP,OPENING_DRIVE,LONG,0.913,1.0,0.0,0.0,1.662,24161.65,1.5,0.136,1.5,11.0429,False,DOWN,False,1.028,0.619,False,False,False,True,True,True,,1,2.373,3.944,29.033,4B_TRAP,False,True,18.901,0.22,0.0,-1.262,-1.265,11.043,-1.186
2026-08-28T11:25:00,NIFTY,2026-08-28,HOLDOUT,CHOP,OPENING_DRIVE,SHORT,0.9615,0.9901,0.0099,0.0,1.762,24139.3,21.2,1.858,21.2,11.4107,True,DOWN,True,1.503,0.845,True,True,True,False,False,False,1,,0.0,0.0,0.0,4B_TRAP,True,False,20.909,0.33,1.939,-1.832,-1.834,11.411,2.996
2026-08-28T11:55:00,NIFTY,2026-08-28,HOLDOUT,CHOP,OPENING_DRIVE,SHORT,0.9375,0.699,0.0128,0.2883,1.039,24094.85,11.45,0.868,11.45,13.1893,True,DOWN,True,0.087,0.059,True,True,True,False,False,False,1,,0.0,0.0,0.0,4B_TRAP,True,False,14.538,,0.402,-1.293,-1.297,13.189,-1.429
2026-09-02T06:40:00Z,NIFTY,2026-09-02,HOLDOUT,CHOP,TRENDING,LONG,0.9143,0.9143,0.0857,0.0,2.071,23976.0,4.9,0.317,4.9,15.45,False,DOWN,False,1.191,0.526,False,False,False,True,True,True,3,1,0.217,0.492,1.551,4A_CONT,False,False,33.05,0.19,2.061,-0.784,0.421,15.45,-1.68
2026-09-03T05:45:00Z,NIFTY,2026-09-03,HOLDOUT,TREND_DOWN,OPENING_DRIVE,LONG,0.9583,0.6855,0.1667,0.1478,1.14,24056.0,5.8,0.303,5.8,19.1286,False,DOWN,False,0.685,0.412,True,True,True,False,False,False,1,,0.0,0.0,0.0,4B_TRAP,False,False,27.454,0.85,1.344,-1.351,-1.353,19.129,-1.142
2026-09-03T06:30:00Z,NIFTY,2026-09-03,HOLDOUT,TREND_DOWN,OPENING_DRIVE,SHORT,0.9394,0.7,0.1379,0.1621,1.081,24061.1,11.4,0.607,11.4,18.7857,True,DOWN,True,0.868,0.562,True,True,True,False,False,False,1,,0.0,0.0,0.0,4A_CONT,True,False,25.17,0.57,3.123,-0.369,2.998,18.786,2.997
2026-09-03T08:00:00Z,NIFTY,2026-09-03,HOLDOUT,TREND_DOWN,FAILED_BREAKOUT,LONG,0.9804,0.7246,0.2464,0.029,1.191,24050.0,0.0,0.0,0.0,20.9929,False,DOWN,False,1.763,1.072,False,False,False,True,True,True,,1,0.768,1.262,26500000000.0,4B_TRAP,False,True,27.035,3.47,0.333,-1.036,-1.038,20.993,-1.336
2026-09-03T08:05:00Z,NIFTY,2026-09-03,HOLDOUT,TREND_DOWN,FAILED_BREAKOUT,SHORT,0.9808,0.6892,0.2568,0.0541,1.158,24024.0,0.0,0.0,0.0,22.0214,True,DOWN,True,0.731,0.435,False,False,False,False,True,True,1,2,0.27,0.454,10000000000.0,4X_AMBIG,False,False,36.11,0.4,1.465,-0.606,1.363,22.021,2.234
2026-09-04T06:30:00Z,NIFTY,2026-09-04,HOLDOUT,CHOP,TRENDING,SHORT,1.0,0.9877,0.0,0.0123,2.943,24108.0,32.0,2.943,32.0,10.8714,True,DOWN,True,0.92,0.309,True,True,True,False,False,False,1,,0.0,0.0,0.0,4X_AMBIG,True,False,32.972,1.04,1.262,-0.425,0.849,10.871,-1.292
2026-07-13T11:05:00,NATURALGAS,2026-07-13,train,CHOP,OPENING_DRIVE,LONG,0.9091,0.6667,0.3333,0.0,1.366,279.6,-0.1,-0.341,0.1,0.2929,False,DOWN,False,1.024,0.5,False,False,False,True,True,True,5,1,0.333,0.683,2.0,4A_CONT,False,False,0.418,0.24,3.11,-0.478,2.761,0.293,2.659
2026-07-13T11:30:00,NATURALGAS,2026-07-13,train,CHOP,OPENING_DRIVE,LONG,0.9259,1.0,0.0,0.0,2.0,279.7,0.2,0.667,0.2,0.3,True,UP,True,2.667,1.333,True,True,True,False,False,False,1,,0.0,0.0,0.0,4B_TRAP,True,False,0.618,,1.456,-1.294,-1.456,0.3,2.667
2026-07-13T11:35:00,NATURALGAS,2026-07-13,train,CHOP,TRENDING,LONG,1.0,0.875,0.125,0.0,2.085,279.9,0.5,1.489,0.5,0.3357,True,UP,True,1.192,0.5,True,True,False,False,False,True,1,3,0.125,0.298,0.2,4B_TRAP,True,True,0.724,,0.552,-1.796,-1.934,0.336,-2.085
2026-07-13T11:50:00,NATURALGAS,2026-07-13,train,CHOP,TRENDING,SHORT,1.0,1.0,0.0,0.0,2.036,280.5,0.7,1.782,0.7,0.3929,False,UP,False,1.018,0.5,True,True,True,False,False,False,1,,0.0,0.0,0.0,4A_CONT,False,False,0.824,0.61,3.155,-0.485,2.879,0.393,-1.273
2026-07-13T12:00:00,NATURALGAS,2026-07-13,train,CHOP,FAILED_BREAKOUT,SHORT,1.0,0.8,0.1,0.1,1.75,279.8,0.6,1.313,0.6,0.4571,False,UP,False,0.219,0.1,True,True,True,False,False,False,1,,0.0,0.0,0.0,4A_CONT,False,False,0.93,0.38,3.011,-0.968,2.892,0.457,2.781
2026-07-13T13:05:00,NATURALGAS,2026-07-13,train,CHOP,FAILED_BREAKOUT,SHORT,0.9783,1.0,0.0,0.0,2.074,278.6,0.3,0.778,0.3,0.3857,False,UP,False,0.519,0.25,True,True,True,False,False,False,1,,0.0,0.0,0.0,4B_TRAP,False,False,0.824,,1.82,-1.699,-1.82,0.386,2.741
2026-07-13T13:50:00,NATURALGAS,2026-07-13,train,CHOP,FAILED_BREAKOUT,LONG,1.0,1.0,0.0,0.0,2.295,277.5,0.7,1.607,0.7,0.4357,False,DOWN,False,0.689,0.3,True,True,True,False,False,False,1,,0.0,0.0,0.0,4B_TRAP,False,False,1.03,0.39,1.456,-1.068,-1.165,0.436,-1.377
2026-07-13T14:00:00,NATURALGAS,2026-07-13,train,CHOP,FAILED_BREAKOUT,LONG,0.9649,0.875,0.125,0.0,1.4,278.2,0.4,0.8,0.4,0.5,True,UP,True,1.0,0.625,True,True,True,False,False,False,1,4,0.0,0.0,0.0,4B_TRAP,True,False,0.724,1.37,0.414,-1.105,-1.243,0.5,-1.2
2026-07-13T15:00:00,NATURALGAS,2026-07-13,train,CHOP,FAILED_BREAKOUT,LONG,0.971,0.875,0.125,0.0,1.441,278.6,0.0,0.0,0.0,0.4857,False,DOWN,False,0.618,0.375,False,False,False,True,True,True,,1,0.25,0.412,200000000.0,4B_TRAP,False,True,0.724,1.37,0.138,-1.519,-1.657,0.486,-2.471
2026-07-13T15:40:00,NATURALGAS,2026-07-13,train,CHOP,FAILED_BREAKOUT,LONG,0.9091,0.5714,0.4286,0.0,0.966,278.1,0.0,0.0,0.0,0.4143,False,DOWN,False,1.448,0.857,False,False,False,True,True,True,4,1,0.286,0.483,200000000.0,4B_TRAP,False,True,0.421,1.19,0.713,-1.188,-1.425,0.414,-1.448
2026-07-13T16:05:00,NATURALGAS,2026-07-13,train,CHOP,FAILED_BREAKOUT,LONG,0.9146,0.5714,0.1429,0.2857,0.889,278.5,0.2,0.444,0.2,0.45,False,DOWN,False,0.444,0.286,True,True,True,False,False,False,1,5,0.0,0.0,0.0,4B_TRAP,False,False,0.621,1.43,1.61,-1.932,-2.093,0.45,-1.556
2026-07-13T16:15:00,NATURALGAS,2026-07-13,train,CHOP,FAILED_BREAKOUT,LONG,1.0,0.7273,0.2727,0.0,1.723,279.59,-0.19,-0.409,0.19,0.4643,False,DOWN,False,2.369,1.0,False,False,False,True,True,True,,1,1.082,2.563,6.263,4B_TRAP,False,True,0.833,0.23,0.24,-1.08,-1.2,0.464,-2.154
2026-07-13T16:20:00,NATURALGAS,2026-07-13,train,CHOP,FAILED_BREAKOUT,SHORT,1.0,0.7273,0.1818,0.0909,1.514,278.6,0.0,0.0,0.0,0.5286,False,UP,False,0.946,0.455,False,False,False,True,True,True,2,1,0.182,0.378,200000000.0,4B_TRAP,False,True,1.033,0.41,1.452,-1.452,-1.549,0.529,-1.514
2026-07-13T16:45:00,NATURALGAS,2026-07-13,train,CHOP,FAILED_BREAKOUT,SHORT,0.9778,1.0,0.0,0.0,1.609,278.1,0.6,0.966,0.6,0.6214,True,DOWN,True,0.322,0.2,True,True,True,False,False,False,1,4,0.0,0.0,0.0,4B_TRAP,True,False,1.03,0.68,0.388,-1.748,-1.845,0.621,-1.77
2026-07-13T17:20:00,NATURALGAS,2026-07-13,train,CHOP,FAILED_BREAKOUT,SHORT,1.0,0.6154,0.3846,0.0,1.155,277.3,0.2,0.289,0.2,0.6929,False,UP,False,0.722,0.385,False,False,False,True,True,True,,1,1.615,3.031,10.5,4B_TRAP,False,True,1.339,0.22,0.0,-1.643,-1.718,0.693,-3.32
2026-07-13T17:30:00,NATURALGAS,2026-07-13,train,CHOP,FAILED_BREAKOUT,LONG,0.9898,0.75,0.25,0.0,1.189,278.4,0.6,0.792,0.6,0.7571,True,UP,True,1.189,0.75,True,False,False,False,True,True,1,2,0.333,0.528,0.667,4B_TRAP,False,True,0.936,0.63,1.175,-1.068,-1.175,0.757,-1.453
2026-07-13T17:40:00,NATURALGAS,2026-07-13,train,CHOP,FAILED_BREAKOUT,SHORT,0.92,1.0,0.0,0.0,1.096,278.09,0.09,0.11,0.09,0.8214,False,UP,False,1.339,1.222,False,False,False,True,True,True,4,1,0.456,0.499,4.556,4B_TRAP,False,True,0.927,0.97,1.079,-1.51,-1.618,0.821,-1.826
2026-07-13T17:50:00,NATURALGAS,2026-07-13,train,CHOP,FAILED_BREAKOUT,LONG,1.0,0.4,0.6,0.0,0.646,278.1,0.4,0.431,0.4,0.9286,False,DOWN,False,0.431,0.267,False,False,False,False,True,True,3,1,0.067,0.108,0.25,4B_TRAP,False,True,0.645,1.69,0.0,-1.085,-1.24,0.929,-1.508
2026-07-13T18:15:00,NATURALGAS,2026-07-13,train,CHOP,FAILED_BREAKOUT,SHORT,0.972,1.0,0.0,0.0,1.167,277.8,0.6,0.636,0.6,0.9429,False,UP,False,0.742,0.636,True,True,False,False,False,True,1,3,0.182,0.212,0.333,4B_TRAP,False,True,1.133,0.35,0.088,-1.059,-1.147,0.943,-1.379
2026-07-13T18:30:00,NATURALGAS,2026-07-13,train,CHOP,FAILED_BREAKOUT,LONG,0.9364,0.5,0.4,0.1,0.522,278.1,-0.1,-0.104,0.1,0.9571,False,DOWN,False,1.567,1.5,False,False,False,True,True,True,,1,1.8,1.881,18.0,4B_TRAP,False,True,0.63,1.43,0.0,-2.54,-2.698,0.957,-1.776
2026-07-13T18:35:00,NATURALGAS,2026-07-13,train,CHOP,FAILED_BREAKOUT,SHORT,1.0,0.8,0.0,0.2,1.167,276.8,0.1,0.097,0.1,1.0286,False,UP,False,0.681,0.467,True,True,True,False,False,False,1,,0.0,0.0,0.0,4B_TRAP,False,False,1.245,,2.651,-1.205,-1.285,1.029,2.903
2026-07-13T18:50:00,NATURALGAS,2026-07-13,train,CHOP,TRENDING,SHORT,1.0,0.6957,0.0,0.3043,1.566,276.0,1.4,1.371,1.4,1.0214,True,DOWN,True,0.783,0.348,True,True,True,False,False,False,1,,0.0,0.0,0.0,4B_TRAP,True,False,1.669,,0.719,-1.138,-1.198,1.021,-1.469
2026-07-13T19:00:00,NATURALGAS,2026-07-13,train,CHOP,TRENDING,SHORT,0.9914,0.6,0.1333,0.2667,0.9,273.9,0.1,0.1,0.1,1.0,False,UP,False,0.5,0.333,False,False,False,True,True,True,,1,0.533,0.8,8.0,4B_TRAP,False,True,1.145,,0.0,-1.485,-1.572,1.0,-1.1
2026-07-13T19:45:00,NATURALGAS,2026-07-13,train,CHOP,TRENDING,LONG,0.992,0.6,0.2,0.2,0.926,275.5,-0.3,-0.309,0.3,0.9714,False,DOWN,False,0.721,0.467,False,False,False,True,True,True,,1,0.933,1.441,4.667,4B_TRAP,False,True,1.245,0.24,0.0,-1.124,-1.205,0.971,-1.235
2026-07-13T20:30:00,NATURALGAS,2026-07-13,train,CHOP,TRENDING,LONG,0.9478,0.7273,0.0909,0.1818,1.087,275.4,0.5,0.68,0.5,0.7357,True,UP,True,0.816,0.545,True,True,True,False,False,False,1,,0.0,0.0,0.0,4A_CONT,True,False,1.033,3.62,3.291,-0.097,2.903,0.736,2.864
2026-07-13T20:50:00,NATURALGAS,2026-07-13,train,CHOP,FAILED_BREAKOUT,LONG,0.9638,0.6923,0.1538,0.1538,1.189,277.1,0.3,0.396,0.3,0.7571,False,DOWN,False,0.792,0.462,False,False,False,False,False,False,2,1,0.0,0.0,0.0,4A_CONT,False,False,1.139,1.97,2.371,-0.351,0.79,0.757,2.868
2026-07-13T21:00:00,NATURALGAS,2026-07-13,train,CHOP,FAILED_BREAKOUT,LONG,0.95,0.75,0.0833,0.1667,1.235,277.6,0.5,0.686,0.5,0.7286,False,DOWN,False,0.823,0.5,True,True,True,False,False,False,1,,0.0,0.0,0.0,4X_AMBIG,False,False,1.136,1.22,1.761,-0.704,0.176,0.729,-1.235
2026-07-13T21:30:00,NATURALGAS,2026-07-13,train,CHOP,FAILED_BREAKOUT,LONG,0.9041,0.8,0.2,0.0,1.057,278.2,0.3,0.396,0.3,0.7571,False,DOWN,False,0.66,0.5,False,False,False,False,False,False,2,1,0.0,0.0,0.0,4X_AMBIG,False,False,0.83,1.19,1.928,-0.843,-0.241,0.757,-0.264
2026-07-14T10:00:00,NATURALGAS,2026-07-14,train,CHOP,OPENING_DRIVE,SHORT,1.0,0.6667,0.0,0.3333,1.156,278.4,0.1,0.289,0.1,0.3462,True,DOWN,True,0.867,0.5,True,True,True,False,False,False,1,4,0.0,0.0,0.0,4A_CONT,True,False,0.418,,3.589,-0.957,2.761,0.346,-1.444
2026-07-14T10:10:00,NATURALGAS,2026-07-14,train,CHOP,OPENING_DRIVE,SHORT,1.0,0.6667,0.3333,0.0,1.057,277.9,0.4,1.057,0.4,0.3786,False,UP,False,1.585,1.0,False,False,False,True,True,True,,1,1.167,1.849,1.75,4B_TRAP,False,True,0.618,,0.162,-1.78,-1.942,0.379,-1.585
2026-07-14T10:20:00,NATURALGAS,2026-07-14,train,CHOP,FAILED_BREAKOUT,LONG,1.0,1.0,0.0,0.0,1.474,278.0,0.6,1.474,0.6,0.4071,False,DOWN,False,0.983,0.667,True,True,True,False,False,False,1,,0.0,0.0,0.0,4B_TRAP,False,False,0.618,0.16,0.162,-1.78,-1.942,0.407,-1.474
2026-07-14T11:30:00,NATURALGAS,2026-07-14,train,CHOP,FAILED_BREAKOUT,SHORT,0.9,0.6667,0.3333,0.0,1.191,277.3,0.0,0.0,0.0,0.3357,True,DOWN,True,1.192,0.667,False,False,False,False,True,True,1,2,1.167,2.085,700000000.0,4B_TRAP,False,True,0.618,,0.324,-1.294,-1.456,0.336,-1.489
2026-07-14T11:40:00,NATURALGAS,2026-07-14,train,CHOP,TRENDING,LONG,0.9062,0.8333,0.1667,0.0,1.373,277.5,0.1,0.275,0.1,0.3643,True,UP,True,1.372,0.833,True,True,True,False,False,False,1,,0.0,0.0,0.0,4B_TRAP,True,False,0.518,0.58,1.351,-1.544,-1.737,0.364,-2.471
2026-07-14T12:30:00,NATURALGAS,2026-07-14,train,CHOP,TRENDING,SHORT,0.9286,0.6667,0.3333,0.0,1.037,277.1,0.3,0.778,0.3,0.3857,False,UP,False,0.778,0.5,False,False,False,False,True,True,,1,1.0,1.556,2.0,4B_TRAP,False,True,0.618,,0.0,-1.456,-1.618,0.386,-1.296
2026-07-14T13:00:00,NATURALGAS,2026-07-14,train,CHOP,FAILED_BREAKOUT,LONG,1.0,0.8333,0.1667,0.0,1.373,277.7,0.5,1.373,0.5,0.3643,True,UP,True,3.294,2.0,True,True,True,False,False,False,1,,0.0,0.0,0.0,4A_CONT,True,False,0.518,0.71,3.282,0.0,2.807,0.364,2.725
2026-07-14T13:05:00,NATURALGAS,2026-07-14,train,CHOP,FAILED_BREAKOUT,LONG,1.0,0.5833,0.4167,0.0,1.633,278.57,0.33,0.77,0.33,0.4286,True,UP,True,1.167,0.417,True,True,False,False,False,True,1,3,0.142,0.397,0.515,4B_TRAP,True,True,0.736,0.82,1.359,-1.495,-1.63,0.429,-1.4
2026-07-14T13:20:00,NATURALGAS,2026-07-14,train,CHOP,FAILED_BREAKDOWN,SHORT,0.9808,1.0,0.0,0.0,1.726,279.2,0.8,1.534,0.8,0.5214,False,UP,False,0.575,0.333,True,True,True,False,False,False,1,,0.0,0.0,0.0,4B_TRAP,False,False,0.927,0.97,0.971,-1.079,-1.187,0.521,-1.534
2026-07-14T13:30:00,NATURALGAS,2026-07-14,train,CHOP,FAILED_BREAKDOWN,LONG,0.9444,0.3333,0.0,0.6667,0.364,278.77,-0.17,-0.309,0.17,0.55,True,UP,True,0.364,0.333,False,False,False,True,True,True,,1,0.783,0.855,2.765,4B_TRAP,False,True,0.418,0.41,0.718,-1.914,-2.153,0.55,-1.636
2026-07-14T14:35:00,NATURALGAS,2026-07-14,train,CHOP,FAILED_BREAKOUT,LONG,0.9552,1.0,0.0,0.0,1.615,278.3,0.3,0.808,0.3,0.3714,False,DOWN,False,0.539,0.333,True,True,True,False,False,False,1,,0.0,0.0,0.0,4B_TRAP,False,False,0.618,0.18,2.913,-2.589,-2.751,0.371,2.731
2026-07-14T15:45:00,NATURALGAS,2026-07-14,train,CHOP,FAILED_BREAKDOWN,SHORT,0.963,1.0,0.0,0.0,1.556,280.0,0.5,1.296,0.5,0.3857,False,UP,False,1.296,0.833,True,True,True,False,False,False,1,,0.0,0.0,0.0,4A_CONT,False,False,0.618,0.65,4.045,-0.809,2.838,0.386,-1.556
2026-07-14T16:10:00,NATURALGAS,2026-07-14,train,CHOP,FAILED_BREAKDOWN,SHORT,0.9884,0.4,0.5,0.1,0.848,279.0,-0.1,-0.212,0.1,0.4714,False,UP,False,1.273,0.6,False,False,False,True,True,True,,1,0.4,0.849,4.0,4A_CONT,False,False,0.93,0.22,4.086,-0.538,2.892,0.471,-1.273
2026-07-14T16:15:00,NATURALGAS,2026-07-14,train,CHOP,FAILED_BREAKOUT,LONG,0.954,0.5,0.0,0.5,0.627,279.01,0.29,0.606,0.29,0.4786,True,UP,True,0.836,0.667,True,True,True,False,False,False,1,,0.0,0.0,0.0,4B_TRAP,False,False,0.618,0.32,0.485,-1.942,-2.104,0.479,-2.716
2026-07-14T16:45:00,NATURALGAS,2026-07-14,train,CHOP,FAILED_BREAKOUT,SHORT,0.9892,0.5,0.0,0.5,0.959,279.0,0.4,0.767,0.4,0.5214,False,UP,False,0.959,0.5,True,True,True,False,False,False,1,,0.0,0.0,0.0,4A_CONT,False,False,0.53,2.06,3.019,-0.755,2.811,0.521,2.808
2026-07-14T17:10:00,NATURALGAS,2026-07-14,train,CHOP,FAILED_BREAKOUT,SHORT,1.0,0.9286,0.0714,0.0,2.116,277.51,0.51,0.83,0.51,0.6143,False,UP,False,1.791,0.786,False,False,False,True,True,True,3,1,0.279,0.635,0.765,4B_TRAP,False,True,1.442,0.14,1.179,-1.04,-1.11,0.614,-2.279
2026-07-14T17:25:00,NATURALGAS,2026-07-14,train,CHOP,FAILED_BREAKOUT,SHORT,0.9901,0.5385,0.0,0.4615,1.043,276.8,-0.3,-0.447,0.3,0.6714,False,UP,False,1.638,0.846,False,False,False,False,True,True,1,2,1.154,2.234,5.0,4B_TRAP,False,True,0.739,0.14,2.436,-1.894,-2.03,0.671,-2.234
2026-07-14T18:40:00,NATURALGAS,2026-07-14,train,CHOP,FAILED_BREAKOUT,LONG,1.0,0.9091,0.0909,0.0,2.205,276.4,1.9,2.094,1.9,0.9071,False,DOWN,False,0.992,0.409,True,True,True,False,False,False,1,,0.0,0.0,0.0,4X_AMBIG,False,False,2.066,0.29,1.21,-0.871,0.774,0.907,-1.984
2026-07-14T18:45:00,NATURALGAS,2026-07-14,train,CHOP,FAILED_BREAKOUT,SHORT,0.9135,1.0,0.0,0.0,0.955,277.52,0.02,0.021,0.02,0.9429,False,UP,False,1.379,1.444,False,False,False,True,True,True,4,1,1.2,1.145,54.0,4B_TRAP,False,True,0.927,2.37,0.0,-1.402,-1.51,0.943,-1.485
2026-07-14T18:50:00,NATURALGAS,2026-07-14,train,CHOP,FAILED_BREAKOUT,LONG,0.981,0.5385,0.4615,0.0,0.685,278.5,-0.3,-0.294,0.3,1.0214,True,UP,True,1.077,0.846,False,False,False,False,True,True,1,2,1.385,1.762,6.0,4B_TRAP,False,True,0.739,0.41,1.353,-2.165,-2.3,1.021,-1.664
2026-07-14T18:55:00,NATURALGAS,2026-07-14,train,CHOP,FAILED_BREAKOUT,LONG,0.9434,0.3636,0.5455,0.0909,0.376,278.8,-0.2,-0.188,0.2,1.0643,False,DOWN,False,0.752,0.727,False,False,False,True,True,True,,1,1.909,1.973,10.5,4B_TRAP,False,True,0.533,1.28,0.188,-1.313,-1.501,1.064,-1.973
2026-07-14T19:05:00,NATURALGAS,2026-07-14,train,CHOP,FAILED_BREAKOUT,SHORT,0.9907,0.9286,0.0,0.0714,1.159,277.5,0.8,0.713,0.8,1.1214,False,UP,False,0.357,0.286,True,False,False,False,True,True,1,2,0.357,0.446,0.625,4B_TRAP,False,True,1.342,1.04,0.075,-1.118,-1.192,1.121,-1.248
2026-07-14T19:15:00,NATURALGAS,2026-07-14,train,CHOP,FAILED_BREAKOUT,LONG,0.9909,0.7857,0.0,0.2143,0.939,277.0,1.0,0.854,1.0,1.1714,False,DOWN,False,0.427,0.357,True,True,True,False,False,False,1,,0.0,0.0,0.0,4B_TRAP,False,False,1.442,0.83,0.139,-1.04,-1.11,1.171,-1.195
2026-07-14T20:00:00,NATURALGAS,2026-07-14,train,CHOP,FAILED_BREAKOUT,SHORT,0.916,0.3,0.6,0.1,0.368,277.69,0.29,0.356,0.29,0.8143,False,UP,False,0.614,0.5,True,False,False,False,True,True,1,2,0.21,0.258,0.724,4B_TRAP,False,True,0.63,1.43,0.0,-1.111,-1.27,0.814,-1.719
2026-07-14T20:20:00,NATURALGAS,2026-07-14,train,CHOP,FAILED_BREAKOUT,LONG,0.935,0.6364,0.1818,0.1818,0.97,278.1,0.4,0.554,0.4,0.7214,True,UP,True,1.109,0.727,True,False,False,False,False,True,1,2,0.818,1.248,2.25,4B_TRAP,True,True,0.933,0.61,0.429,-1.501,-1.608,0.721,-2.079
2026-07-14T20:35:00,NATURALGAS,2026-07-14,train,CHOP,FAILED_BREAKOUT,SHORT,0.9365,0.8182,0.0909,0.0909,1.235,277.48,0.28,0.384,0.28,0.7286,False,UP,False,0.412,0.273,False,False,False,True,True,True,,1,1.2,1.812,4.714,4B_TRAP,False,True,1.033,1.84,0.0,-1.646,-1.742,0.729,-1.51
2026-07-14T21:00:00,NATURALGAS,2026-07-14,train,CHOP,FAILED_BREAKOUT,LONG,0.9695,0.9231,0.0769,0.0,1.461,279.4,0.0,0.0,0.0,0.8214,True,UP,True,1.217,0.769,False,False,False,False,False,False,1,,0.0,0.0,0.0,4X_AMBIG,False,False,1.239,0.81,1.13,-0.565,0.404,0.821,0.609
2026-07-14T21:05:00,NATURALGAS,2026-07-14,train,CHOP,FAILED_BREAKDOWN,LONG,0.9015,1.0,0.0,0.0,1.197,279.5,0.8,0.957,0.8,0.8357,True,UP,True,1.077,0.9,True,True,True,False,False,False,1,,0.0,0.0,0.0,4B_TRAP,True,False,1.03,0.1,0.485,-1.165,-1.262,0.836,-1.556
2026-07-14T21:15:00,NATURALGAS,2026-07-14,train,CHOP,FAILED_BREAKDOWN,SHORT,0.9403,0.8182,0.0909,0.0909,1.033,279.9,0.1,0.115,0.1,0.8714,False,UP,False,0.574,0.455,False,False,False,False,True,True,4,1,0.273,0.344,3.0,4X_AMBIG,False,False,1.033,1.55,1.065,-0.871,-0.097,0.871,-1.148
2026-07-15T14:20:00,NATURALGAS,2026-07-15,train,CHOP,OPENING_DRIVE,LONG,0.9167,0.8,0.2,0.0,1.273,281.2,-0.1,-0.318,0.1,0.3143,False,DOWN,False,0.955,0.6,False,False,False,True,True,True,2,1,0.4,0.636,2.0,4A_CONT,False,False,0.415,0.24,3.614,-0.482,2.759,0.314,2.682
2026-07-15T14:30:00,NATURALGAS,2026-07-15,train,CHOP,OPENING_DRIVE,LONG,0.9286,0.6,0.4,0.0,0.857,281.2,0.1,0.286,0.1,0.35,True,UP,True,1.143,0.8,True,True,True,False,False,False,1,,0.0,0.0,0.0,4A_CONT,True,False,0.315,,4.127,0.0,2.683,0.35,2.714
2026-07-15T14:40:00,NATURALGAS,2026-07-15,train,CHOP,OPENING_DRIVE,LONG,0.9375,1.0,0.0,0.0,1.474,281.8,0.8,1.965,0.8,0.4071,False,DOWN,False,0.983,0.667,True,True,True,False,False,False,1,,0.0,0.0,0.0,4B_TRAP,False,False,0.618,,1.78,-1.456,-1.618,0.407,-1.474
2026-07-15T14:50:00,NATURALGAS,2026-07-15,train,CHOP,TRENDING,LONG,0.9444,0.7143,0.2857,0.0,1.111,282.9,0.4,0.889,0.4,0.45,True,UP,True,1.111,0.714,True,True,False,False,False,True,1,3,0.143,0.222,0.25,4B_TRAP,True,True,0.521,,0.768,-1.152,-1.344,0.45,-1.556
2026-07-15T15:20:00,NATURALGAS,2026-07-15,train,CHOP,FAILED_BREAKOUT,LONG,0.9583,1.0,0.0,0.0,1.534,282.7,0.2,0.384,0.2,0.5214,True,UP,True,0.384,0.25,True,False,False,False,True,True,1,2,0.5,0.767,2.0,4B_TRAP,False,True,0.824,0.97,0.121,-1.456,-1.578,0.521,-1.342
2026-07-15T15:45:00,NATURALGAS,2026-07-15,train,CHOP,FAILED_BREAKOUT,LONG,1.0,0.75,0.0,0.25,1.135,282.8,0.2,0.378,0.2,0.5286,False,DOWN,False,0.946,0.625,False,False,False,True,True,True,,1,0.375,0.568,1.5,4B_TRAP,False,True,0.824,0.85,0.0,-1.578,-1.699,0.529,-1.324
2026-07-15T16:05:00,NATURALGAS,2026-07-15,train,CHOP,FAILED_BREAKDOWN,SHORT,1.0,1.0,0.0,0.0,2.059,282.2,0.5,1.029,0.5,0.4857,False,UP,False,0.618,0.3,True,True,True,False,False,False,1,,0.0,0.0,0.0,4B_TRAP,False,False,1.03,1.42,1.942,-1.068,-1.165,0.486,2.794
2026-07-15T16:45:00,NATURALGAS,2026-07-15,train,CHOP,FAILED_BREAKOUT,LONG,1.0,0.8182,0.0,0.1818,1.775,280.4,0.4,0.789,0.4,0.5071,False,DOWN,False,1.183,0.545,True,True,True,False,False,False,1,,0.0,0.0,0.0,4B_TRAP,False,False,1.133,1.15,1.765,-1.765,-1.853,0.507,-1.38
2026-07-15T17:20:00,NATURALGAS,2026-07-15,train,CHOP,FAILED_BREAKOUT,SHORT,0.9583,0.5,0.5,0.0,0.727,280.9,0.0,0.0,0.0,0.55,False,UP,False,0.909,0.625,False,False,False,True,True,True,3,1,0.875,1.273,700000000.0,4B_TRAP,False,True,0.824,0.8,0.0,-2.306,-2.427,0.55,-1.455
2026-07-15T17:35:00,NATURALGAS,2026-07-15,train,CHOP,FAILED_BREAKOUT,SHORT,1.0,0.6429,0.2143,0.1429,1.189,280.9,0.2,0.264,0.2,0.7571,True,DOWN,True,0.66,0.357,True,True,True,False,False,False,1,,0.0,0.0,0.0,4B_TRAP,True,False,1.242,0.37,2.738,-1.53,-1.61,0.757,2.868
2026-07-15T17:55:00,NATURALGAS,2026-07-15,train,CHOP,FAILED_BREAKOUT,LONG,0.9818,0.3333,0.1667,0.5,0.487,279.9,0.2,0.243,0.2,0.8214,True,UP,True,0.487,0.333,False,False,False,True,True,True,2,1,0.083,0.122,0.5,4B_TRAP,False,True,1.036,2.14,0.386,-1.544,-1.641,0.821,-2.07
2026-07-15T18:25:00,NATURALGAS,2026-07-15,train,CHOP,FAILED_BREAKOUT,SHORT,1.0,0.9412,0.0,0.0588,1.736,278.8,0.2,0.217,0.2,0.9214,True,DOWN,True,0.434,0.235,True,True,True,False,False,False,1,5,0.0,0.0,0.0,4B_TRAP,True,False,1.651,,0.787,-1.575,-1.635,0.921,-1.411
2026-07-15T18:45:00,NATURALGAS,2026-07-15,train,CHOP,FAILED_BREAKOUT,SHORT,0.9231,1.0,0.0,0.0,1.157,277.9,0.5,0.579,0.5,0.8643,False,UP,False,1.736,1.5,False,False,False,True,True,True,,1,1.2,1.388,2.4,4B_TRAP,False,True,1.03,0.1,0.0,-1.553,-1.65,0.864,-1.967
2026-07-15T18:50:00,NATURALGAS,2026-07-15,train,CHOP,TRENDING,LONG,0.9848,1.0,0.0,0.0,1.628,278.4,0.6,0.651,0.6,0.9214,True,UP,True,0.76,0.467,True,False,False,False,True,True,1,2,0.2,0.326,0.5,4A_CONT,False,False,1.545,2.22,2.848,-0.777,2.654,0.921,-1.411
2026-07-15T19:30:00,NATURALGAS,2026-07-15,train,CHOP,FAILED_BREAKOUT,SHORT,0.9595,0.6154,0.0,0.3846,0.862,278.4,-0.1,-0.108,0.1,0.9286,False,UP,False,0.431,0.308,False,False,False,False,True,True,,1,0.923,1.292,12.0,4B_TRAP,False,True,0.839,0.83,0.238,-1.549,-1.669,0.929,-1.508
2026-07-15T19:40:00,NATURALGAS,2026-07-15,train,CHOP,FAILED_BREAKOUT,LONG,0.9079,0.9,0.1,0.0,1.096,279.3,-0.1,-0.122,0.1,0.8214,True,UP,True,0.73,0.6,False,False,False,False,False,False,1,,0.0,0.0,0.0,4A_CONT,False,False,0.93,0.11,3.656,0.0,2.892,0.821,2.878
2026-07-15T19:50:00,NATURALGAS,2026-07-15,train,CHOP,FAILED_BREAKOUT,LONG,0.9872,0.8125,0.125,0.0625,1.504,279.8,1.2,1.388,1.2,0.8643,True,UP,True,0.579,0.313,True,True,True,False,False,False,1,,0.0,0.0,0.0,4X_AMBIG,True,False,1.448,1.26,1.657,-0.967,1.45,0.864,-1.736
2026-07-15T20:00:00,NATURALGAS,2026-07-15,train,CHOP,FAILED_BREAKOUT,LONG,0.9625,0.7857,0.0,0.2143,1.351,281.4,1.2,1.474,1.2,0.8143,False,DOWN,False,1.105,0.643,True,True,True,False,False,False,1,,0.0,0.0,0.0,4B_TRAP,False,False,1.442,0.07,0.277,-1.11,-1.179,0.814,-1.596
2026-07-15T20:35:00,NATURALGAS,2026-07-15,train,CHOP,FAILED_BREAKDOWN,SHORT,0.9425,0.5385,0.0,0.4615,0.803,281.4,-0.2,-0.23,0.2,0.8714,True,DOWN,True,0.574,0.385,False,False,False,False,False,False,1,,0.0,0.0,0.0,4B_TRAP,False,False,0.739,0.27,2.706,-1.894,-2.03,0.871,-1.721
2026-07-15T20:50:00,NATURALGAS,2026-07-15,train,CHOP,FAILED_BREAKOUT,SHORT,0.9222,0.5,0.5,0.0,0.694,280.6,0.4,0.463,0.4,0.8643,True,DOWN,True,0.694,0.5,True,True,False,False,False,True,1,3,0.25,0.347,0.75,4B_TRAP,False,True,1.236,0.24,0.485,-1.052,-1.133,0.864,-1.273
2026-07-15T21:05:00,NATURALGAS,2026-07-15,train,CHOP,FAILED_BREAKOUT,LONG,0.9462,0.6923,0.0769,0.2308,1.077,280.2,0.7,0.838,0.7,0.8357,True,UP,True,0.359,0.231,True,True,True,False,False,False,1,,0.0,0.0,0.0,4A_CONT,True,False,1.239,1.37,2.018,-0.807,1.776,0.836,-1.316
2026-07-15T21:45:00,NATURALGAS,2026-07-15,train,CHOP,FAILED_BREAKOUT,SHORT,0.9208,0.4167,0.0833,0.5,0.745,279.9,-0.6,-0.894,0.6,0.6714,False,UP,False,0.596,0.333,False,False,False,True,True,True,,1,0.833,1.489,1.667,4B_TRAP,False,True,0.636,0.94,0.314,-2.358,-2.516,0.671,-2.383
2026-07-15T22:05:00,NATURALGAS,2026-07-15,train,CHOP,FAILED_BREAKOUT,LONG,0.9143,0.9167,0.0833,0.0,1.77,281.2,0.7,1.126,0.7,0.6214,True,UP,True,0.805,0.417,True,True,True,False,False,False,1,,0.0,0.0,0.0,4X_AMBIG,True,False,1.136,0.7,1.32,-0.44,1.056,0.621,1.931
2026-07-16T11:05:00,NATURALGAS,2026-07-16,train,CHOP,OPENING_DRIVE,LONG,1.0,1.0,0.0,0.0,2.211,280.8,0.2,0.737,0.2,0.2714,False,DOWN,False,1.474,0.667,False,False,False,True,True,True,,1,0.667,1.474,2.0,4B_TRAP,False,True,0.618,0.32,0.0,-1.294,-1.456,0.271,-1.842
2026-07-16T11:35:00,NATURALGAS,2026-07-16,train,CHOP,OPENING_DRIVE,LONG,0.9333,0.8,0.2,0.0,1.302,280.4,0.1,0.326,0.1,0.3071,False,DOWN,False,0.651,0.4,False,False,False,False,True,True,,1,1.0,1.628,5.0,4B_TRAP,False,True,0.415,1.2,0.0,-1.687,-1.928,0.307,-2.605
2026-07-16T12:00:00,NATURALGAS,2026-07-16,train,CHOP,OPENING_DRIVE,SHORT,0.9429,0.3333,0.5,0.1667,0.538,279.4,0.2,0.538,0.2,0.3714,False,UP,False,1.077,0.667,False,False,False,False,True,True,4,1,0.5,0.808,1.5,4B_TRAP,False,True,0.518,,0.386,-1.158,-1.351,0.371,-1.615
2026-07-16T12:25:00,NATURALGAS,2026-07-16,train,CHOP,FAILED_BREAKOUT,SHORT,0.925,0.8,0.2,0.0,1.057,279.0,0.2,0.528,0.2,0.3786,False,UP,False,0.792,0.6,True,True,True,False,False,False,1,,0.0,0.0,0.0,4B_TRAP,False,False,0.515,,1.942,-1.359,-1.553,0.379,-2.113
2026-07-16T12:35:00,NATURALGAS,2026-07-16,train,CHOP,FAILED_BREAKOUT,LONG,1.0,0.6667,0.0,0.3333,1.0,278.8,0.0,0.0,0.0,0.4,True,UP,True,0.75,0.5,False,False,False,False,True,True,,1,1.333,2.0,800000000.0,4B_TRAP,False,True,0.618,1.62,0.162,-1.456,-1.618,0.4,-1.75
2026-07-16T12:50:00,NATURALGAS,2026-07-16,train,CHOP,FAILED_BREAKOUT,SHORT,0.9111,0.8,0.0,0.2,0.918,278.2,0.2,0.459,0.2,0.4357,False,UP,False,0.918,0.8,False,False,False,False,False,True,2,1,0.2,0.23,0.5,4B_TRAP,False,True,0.415,,0.482,-1.687,-1.928,0.436,-1.836
2026-07-16T13:05:00,NATURALGAS,2026-07-16,train,CHOP,TRENDING,LONG,0.9167,1.0,0.0,0.0,1.129,278.3,0.0,0.0,0.0,0.4429,True,UP,True,0.903,0.8,False,False,False,False,False,False,1,,0.0,0.0,0.0,4A_CONT,False,False,0.515,0.19,4.272,0.0,2.806,0.443,2.774
2026-07-16T13:20:00,NATURALGAS,2026-07-16,train,CHOP,FAILED_BREAKOUT,LONG,1.0,1.0,0.0,0.0,1.355,278.9,0.6,1.355,0.6,0.4429,True,UP,True,0.903,0.667,True,True,True,False,False,False,1,,0.0,0.0,0.0,4A_CONT,True,False,0.618,3.33,3.236,-0.324,2.838,0.443,2.774
2026-07-16T13:30:00,NATURALGAS,2026-07-16,train,CHOP,FAILED_BREAKOUT,LONG,1.0,1.0,0.0,0.0,2.029,279.7,0.8,1.623,0.8,0.4929,True,UP,True,0.812,0.4,True,True,True,False,False,False,1,,0.0,0.0,0.0,4A_CONT,True,False,1.03,1.03,3.107,-0.68,2.903,0.493,-1.217
2026-07-16T14:05:00,NATURALGAS,2026-07-16,train,CHOP,FAILED_BREAKDOWN,SHORT,0.9167,0.8333,0.0,0.1667,1.0,280.3,0.1,0.2,0.1,0.5,False,UP,False,0.4,0.333,True,False,False,False,False,True,1,2,0.167,0.2,1.0,4B_TRAP,False,True,0.518,1.04,0.772,-1.158,-1.351,0.5,-1.2
2026-07-16T14:35:00,NATURALGAS,2026-07-16,train,CHOP,FAILED_BREAKOUT,SHORT,0.9242,0.8333,0.0,0.1667,1.129,279.98,0.08,0.181,0.08,0.4429,False,UP,False,0.226,0.167,True,True,False,False,False,True,1,3,0.867,1.174,6.5,4B_TRAP,False,True,0.518,4.05,0.0,-1.544,-1.737,0.443,-2.032
2026-07-16T14:50:00,NATURALGAS,2026-07-16,train,CHOP,FAILED_BREAKOUT,LONG,0.9855,0.75,0.25,0.0,1.615,280.5,0.0,0.0,0.0,0.3714,False,DOWN,False,1.077,0.5,False,False,False,True,True,True,2,1,0.25,0.539,200000000.0,4A_CONT,False,False,0.624,1.7,3.365,-0.321,2.84,0.371,2.731
2026-07-16T15:30:00,NATURALGAS,2026-07-16,train,CHOP,FAILED_BREAKDOWN,LONG,0.974,0.4286,0.5714,0.0,0.84,281.6,-0.3,-0.84,0.3,0.3571,False,DOWN,False,1.12,0.571,False,False,False,True,True,True,3,1,0.286,0.56,0.667,4A_CONT,False,False,0.321,0.56,4.05,0.0,2.688,0.357,2.72
2026-07-16T16:30:00,NATURALGAS,2026-07-16,train,CHOP,FAILED_BREAKDOWN,SHORT,1.0,0.4615,0.0769,0.4615,1.167,281.3,0.0,0.0,0.0,0.5143,False,UP,False,0.778,0.308,False,False,False,False,True,True,3,1,0.231,0.583,300000000.0,4B_TRAP,False,True,0.739,1.83,0.812,-1.083,-1.218,0.514,-1.361
2026-07-16T16:45:00,NATURALGAS,2026-07-16,train,CHOP,FAILED_BREAKDOWN,SHORT,0.9783,0.875,0.0,0.125,1.342,281.2,0.3,0.575,0.3,0.5214,False,UP,False,0.575,0.375,True,False,False,False,True,True,1,2,0.625,0.959,1.667,4B_TRAP,False,True,0.724,0.28,0.276,-1.381,-1.519,0.521,-2.11
2026-07-16T16:55:00,NATURALGAS,2026-07-16,train,CHOP,FAILED_BREAKOUT,LONG,0.9787,0.7778,0.2222,0.0,1.256,281.75,-0.05,-0.09,0.05,0.5571,False,DOWN,False,1.795,1.111,False,False,False,True,True,True,,1,0.833,1.346,15.0,4B_TRAP,False,True,0.727,0.07,0.55,-1.788,-1.926,0.557,-1.256
2026-07-16T17:15:00,NATURALGAS,2026-07-16,train,CHOP,FAILED_BREAKOUT,LONG,0.949,0.375,0.25,0.375,0.452,281.5,-0.1,-0.151,0.1,0.6643,False,DOWN,False,1.204,1.0,False,False,False,False,False,False,1,,0.0,0.0,0.0,4A_CONT,False,False,0.624,0.56,3.686,0.0,2.84,0.664,2.849
2026-07-16T17:25:00,NATURALGAS,2026-07-16,train,CHOP,FAILED_BREAKDOWN,LONG,0.9,0.6667,0.1667,0.1667,0.577,282.1,-0.1,-0.144,0.1,0.6929,True,UP,True,1.155,1.333,False,False,False,False,False,False,1,,0.0,0.0,0.0,4A_CONT,False,False,0.518,0.19,3.282,-0.772,2.807,0.693,2.856
2026-07-16T17:30:00,NATURALGAS,2026-07-16,train,CHOP,FAILED_BREAKDOWN,LONG,0.9109,0.125,0.25,0.625,0.137,282.3,-0.1,-0.137,0.1,0.7286,True,UP,True,1.921,1.75,False,False,False,False,False,False,1,,0.0,0.0,0.0,4A_CONT,False,False,0.624,0.16,3.846,0.0,2.84,0.729,2.863
2026-07-16T17:35:00,NATURALGAS,2026-07-16,train,CHOP,FAILED_BREAKDOWN,LONG,1.0,0.6429,0.3571,0.0,1.115,282.6,0.6,0.743,0.6,0.8071,True,UP,True,1.611,0.929,True,True,True,False,False,False,1,,0.0,0.0,0.0,4A_CONT,True,False,0.942,,3.397,-0.318,2.894,0.807,2.876
2026-07-16T17:40:00,NATURALGAS,2026-07-16,train,CHOP,TRENDING,LONG,0.9903,0.9231,0.0769,0.0,1.474,283.7,0.8,0.982,0.8,0.8143,True,UP,True,1.719,1.077,True,True,True,False,False,False,1,,0.0,0.0,0.0,4B_TRAP,True,False,1.239,,1.049,-1.291,-1.372,0.814,-1.596
2026-07-16T17:50:00,NATURALGAS,2026-07-16,train,CHOP,TRENDING,SHORT,0.9429,0.2222,0.7778,0.0,0.219,284.4,-0.2,-0.219,0.2,0.9143,True,DOWN,True,0.547,0.556,False,False,False,True,True,True,,1,1.0,0.984,4.5,4B_TRAP,False,True,0.727,4.26,0.275,-1.1,-1.238,0.914,-1.422
2026-07-16T18:00:00,NATURALGAS,2026-07-16,train,CHOP,TRENDING,LONG,0.9626,0.4,0.4,0.2,0.424,285.1,-0.1,-0.106,0.1,0.9429,True,UP,True,0.848,0.8,False,False,False,False,False,False,1,4,0.0,0.0,0.0,4B_TRAP,False,False,0.63,1.27,1.27,-1.111,-1.27,0.943,-1.909
2026-07-16T18:05:00,NATURALGAS,2026-07-16,train,CHOP,TRENDING,LONG,0.9074,0.5,0.25,0.25,0.427,285.4,-0.1,-0.107,0.1,0.9357,True,UP,True,0.855,1.0,False,False,False,False,False,True,1,3,1.0,0.855,8.0,4B_TRAP,False,True,0.624,0.8,0.801,-1.603,-1.763,0.936,-1.176
2026-07-16T18:10:00,NATURALGAS,2026-07-16,train,CHOP,TRENDING,LONG,0.9083,0.375,0.125,0.5,0.326,285.8,-0.1,-0.109,0.1,0.9214,False,DOWN,False,0.651,0.75,False,False,False,True,True,True,,1,1.5,1.302,12.0,4B_TRAP,False,True,0.724,0.14,0.138,-1.934,-2.072,0.921,-1.628
2026-07-16T18:20:00,NATURALGAS,2026-07-16,train,CHOP,TRENDING,SHORT,0.964,0.6667,0.0833,0.25,0.848,284.4,-0.2,-0.212,0.2,0.9429,False,UP,False,0.848,0.667,False,False,False,True,True,True,2,1,0.167,0.212,1.0,4B_TRAP,False,True,0.936,0.21,1.816,-1.923,-2.03,0.943,-2.015
2026-07-16T18:25:00,NATURALGAS,2026-07-16,train,CHOP,TRENDING,SHORT,0.9018,0.0,0.625,0.375,0.0,284.3,-0.3,-0.318,0.3,0.9429,True,DOWN,True,1.167,1.375,False,False,False,False,False,False,1,5,0.0,0.0,0.0,4A_CONT,False,False,0.524,0.38,3.244,0.0,2.809,0.943,-2.015
2026-07-16T18:30:00,NATURALGAS,2026-07-16,train,CHOP,TRENDING,SHORT,0.9558,0.7273,0.0,0.2727,0.824,284.3,0.7,0.721,0.7,0.9714,True,DOWN,True,0.721,0.636,True,True,True,False,False,False,1,4,0.0,0.0,0.0,4B_TRAP,True,False,0.833,4.26,0.84,-1.441,-1.561,0.971,-1.338
2026-07-16T18:50:00,NATURALGAS,2026-07-16,train,CHOP,FAILED_BREAKDOWN,LONG,1.0,0.8667,0.0667,0.0667,1.444,283.8,0.9,1.0,0.9,0.9,False,DOWN,False,0.667,0.4,True,True,True,False,False,False,1,,0.0,0.0,0.0,4B_TRAP,False,False,1.445,0.76,0.138,-1.038,-1.107,0.9,-1.222
2026-07-16T19:45:00,NATURALGAS,2026-07-16,train,CHOP,FAILED_BREAKDOWN,LONG,0.9062,0.5556,0.2222,0.2222,0.737,284.3,0.2,0.295,0.2,0.6786,True,UP,True,1.621,1.222,True,True,False,False,False,True,1,3,5.667,7.515,25.5,4B_TRAP,True,True,0.727,0.55,2.613,-8.116,-8.253,0.679,-8.842
2026-07-16T19:50:00,NATURALGAS,2026-07-16,train,CHOP,TRENDING,LONG,0.9535,0.6364,0.2727,0.0909,0.99,284.9,0.2,0.283,0.2,0.7071,True,UP,True,1.98,1.273,True,False,False,False,True,True,1,2,5.182,8.061,28.5,4B_TRAP,False,True,0.833,0.84,1.561,-7.803,-7.923,0.707,-9.333
2026-07-16T19:55:00,NATURALGAS,2026-07-16,train,CHOP,TRENDING,LONG,0.9846,0.3571,0.5,0.1429,0.642,285.8,-0.1,-0.128,0.1,0.7786,False,DOWN,False,8.862,4.929,False,False,False,True,True,True,,1,5.643,10.146,79.0,4B_TRAP,False,True,0.742,0.13,0.0,-9.569,-9.704,0.779,-9.248
2026-07-16T20:00:00,NATURALGAS,2026-07-16,train,CHOP,TRENDING,SHORT,1.0,0.913,0.0,0.087,5.345,278.79,-0.41,-0.348,0.41,1.1786,False,UP,False,0.679,0.116,False,False,False,True,True,True,2,1,0.088,0.518,1.488,4X_AMBIG,False,False,6.507,0.06,0.922,-0.077,0.676,1.179,2.915
2026-07-16T20:10:00,NATURALGAS,2026-07-16,train,CHOP,CHOP,SHORT,0.9925,0.9412,0.0588,0.0,1.266,278.6,0.7,0.554,0.7,1.2643,True,DOWN,True,1.424,1.059,True,True,True,False,False,False,1,,0.0,0.0,0.0,4A_CONT,True,False,1.751,0.06,2.684,-0.171,1.77,1.264,2.921
2026-07-16T20:15:00,NATURALGAS,2026-07-16,train,CHOP,FAILED_BREAKOUT,SHORT,0.9925,0.5556,0.3333,0.1111,0.729,277.8,1.2,0.875,1.2,1.3714,True,DOWN,True,0.948,0.722,True,True,True,False,False,False,1,,0.0,0.0,0.0,4A_CONT,True,False,1.654,,2.056,0.0,1.088,1.371,1.313
2026-07-16T20:20:00,NATURALGAS,2026-07-16,train,CHOP,FAILED_BREAKOUT,SHORT,0.9481,1.0,0.0,0.0,0.919,276.4,1.1,0.778,1.1,1.4143,True,DOWN,True,0.99,1.077,True,True,True,False,False,False,1,,0.0,0.0,0.0,4X_AMBIG,True,False,1.339,,1.568,-0.822,0.373,1.414,0.354
2026-07-16T20:25:00,NATURALGAS,2026-07-16,train,CHOP,FAILED_BREAKOUT,SHORT,0.9632,0.6429,0.0,0.3571,0.612,275.3,0.7,0.476,0.7,1.4714,True,DOWN,True,1.291,1.357,True,True,True,False,False,False,1,4,0.0,0.0,0.0,4B_TRAP,True,False,0.942,,1.486,-1.911,-2.017,1.471,-1.291
2026-07-16T20:30:00,NATURALGAS,2026-07-16,train,CHOP,FAILED_BREAKOUT,SHORT,0.9927,0.3158,0.3158,0.3684,0.385,274.1,0.1,0.064,0.1,1.5571,False,UP,False,0.642,0.526,True,False,False,False,True,True,1,2,0.842,1.028,16.0,4B_TRAP,False,True,1.257,,0.636,-1.909,-1.989,1.557,-1.606
2026-07-16T20:45:00,NATURALGAS,2026-07-16,train,CHOP,FAILED_BREAKOUT,LONG,0.9929,0.5263,0.3684,0.1053,0.586,274.6,1.1,0.644,1.1,1.7071,False,DOWN,False,0.644,0.579,True,True,True,False,False,False,1,,0.0,0.0,0.0,4B_TRAP,False,False,1.257,5.12,0.398,-1.193,-1.273,1.707,-0.527
2026-07-16T20:50:00,NATURALGAS,2026-07-16,train,CHOP,FAILED_BREAKOUT,SHORT,0.9007,0.6364,0.0909,0.2727,0.403,278.56,3.66,2.109,3.66,1.7357,False,UP,False,0.288,0.455,True,True,True,False,False,False,1,,0.0,0.0,0.0,4B_TRAP,False,False,0.833,2.04,0.24,-1.561,-1.681,1.736,0.058
2026-07-16T21:50:00,NATURALGAS,2026-07-16,train,CHOP,FAILED_BREAKOUT,SHORT,0.9673,0.4,0.4,0.2,0.757,275.0,0.1,0.126,0.1,0.7929,True,DOWN,True,0.504,0.267,True,False,False,False,True,True,1,2,0.133,0.252,2.0,4X_AMBIG,False,False,1.245,1.37,0.562,-0.723,0.08,0.793,-1.135
2026-07-16T22:55:00,NATURALGAS,2026-07-16,train,CHOP,FAILED_BREAKOUT,SHORT,0.9096,0.6364,0.0,0.3636,1.089,274.7,0.1,0.156,0.1,0.6429,True,DOWN,True,0.622,0.364,True,False,False,False,True,True,1,2,0.364,0.622,4.0,4X_AMBIG,False,False,0.733,1.91,0.409,-0.819,-0.273,0.643,-0.311
2026-07-17T11:20:00,NATURALGAS,2026-07-17,train,TREND_UP,TRENDING,LONG,0.9643,1.0,0.0,0.0,1.795,276.5,0.3,1.077,0.3,0.2786,True,UP,True,1.077,0.6,True,True,False,False,False,True,1,3,0.2,0.359,0.333,4B_TRAP,True,True,0.515,0.39,0.0,-1.165,-1.359,0.279,-1.795
2026-07-17T12:05:00,NATURALGAS,2026-07-17,train,TREND_UP,TRENDING,SHORT,1.0,0.8571,0.0,0.1429,1.714,275.9,0.6,1.714,0.6,0.35,False,UP,False,1.143,0.571,True,True,True,False,False,False,1,,0.0,0.0,0.0,4B_TRAP,False,False,0.621,,0.483,-1.449,-1.61,0.35,-2.857
2026-07-17T12:50:00,NATURALGAS,2026-07-17,train,TREND_UP,FAILED_BREAKOUT,LONG,0.9565,1.0,0.0,0.0,1.321,276.5,0.3,0.792,0.3,0.3786,False,DOWN,False,1.321,1.0,False,False,False,True,True,True,,1,0.6,0.792,1.0,4B_TRAP,False,True,0.515,0.37,0.0,-1.165,-1.359,0.379,-1.585
2026-07-17T12:55:00,NATURALGAS,2026-07-17,train,TREND_UP,FAILED_BREAKDOWN,SHORT,0.9574,1.0,0.0,0.0,1.273,276.3,0.0,0.0,0.0,0.3929,False,UP,False,0.764,0.6,False,False,False,True,True,True,2,1,0.4,0.509,200000000.0,4B_TRAP,False,True,0.515,0.35,0.777,-1.359,-1.553,0.393,-2.036
2026-07-17T13:20:00,NATURALGAS,2026-07-17,train,TREND_UP,TRENDING,LONG,0.9615,1.0,0.0,0.0,1.346,276.1,0.3,0.808,0.3,0.3714,True,UP,True,0.269,0.2,True,True,True,False,False,False,1,,0.0,0.0,0.0,4A_CONT,True,False,0.515,0.78,3.883,-0.194,2.806,0.371,2.731
2026-07-17T14:10:00,NATURALGAS,2026-07-17,train,TREND_UP,FAILED_BREAKDOWN,SHORT,0.9677,1.0,0.0,0.0,1.667,276.9,0.2,0.667,0.2,0.3,False,UP,False,0.333,0.2,False,False,False,False,False,True,2,1,0.2,0.333,0.5,4B_TRAP,False,True,0.515,1.03,0.777,-1.165,-1.359,0.3,-1.333
2026-07-17T14:25:00,NATURALGAS,2026-07-17,train,TREND_UP,FAILED_BREAKDOWN,LONG,1.0,0.2857,0.0,0.7143,0.622,276.8,0.2,0.622,0.2,0.3214,True,UP,True,1.556,0.714,True,True,True,False,False,False,1,,0.0,0.0,0.0,4B_TRAP,False,False,0.721,0.11,2.08,-2.774,-2.913,0.321,2.689
2026-07-17T14:30:00,NATURALGAS,2026-07-17,train,TREND_UP,FAILED_BREAKDOWN,LONG,0.9545,0.6,0.0,0.4,0.933,277.3,0.0,0.0,0.0,0.3214,True,UP,True,0.622,0.4,False,False,False,True,True,True,3,1,0.2,0.311,100000000.0,4B_TRAP,False,True,0.515,,0.583,-1.165,-1.359,0.321,-2.178
2026-07-17T15:00:00,NATURALGAS,2026-07-17,train,TREND_UP,FAILED_BREAKDOWN,SHORT,0.9583,0.8,0.2,0.0,1.273,277.0,0.0,0.0,0.0,0.3143,False,UP,False,1.273,0.8,False,False,False,True,True,True,4,1,0.2,0.318,100000000.0,4B_TRAP,False,True,0.515,1.51,0.583,-1.359,-1.553,0.314,-1.591
2026-07-17T15:40:00,NATURALGAS,2026-07-17,train,TREND_UP,FAILED_BREAKDOWN,LONG,0.9625,1.0,0.0,0.0,1.591,277.6,0.1,0.318,0.1,0.3143,True,UP,True,2.864,1.8,True,True,True,False,False,False,1,4,0.0,0.0,0.0,4B_TRAP,True,False,0.515,,1.359,-1.165,-1.359,0.314,-1.591
2026-07-17T15:45:00,NATURALGAS,2026-07-17,train,TREND_UP,FAILED_BREAKDOWN,LONG,1.0,0.5556,0.3333,0.1111,1.373,277.7,0.4,1.098,0.4,0.3643,False,DOWN,False,1.372,0.556,True,True,False,False,False,True,1,3,0.333,0.823,0.75,4B_TRAP,False,True,0.627,,0.319,-1.116,-1.276,0.364,-1.373
2026-07-17T16:00:00,NATURALGAS,2026-07-17,train,TREND_UP,FAILED_BREAKDOWN,SHORT,0.9524,1.0,0.0,0.0,1.4,277.7,0.3,0.7,0.3,0.4286,False,UP,False,1.4,1.0,False,False,False,False,False,False,3,1,0.0,0.0,0.0,4B_TRAP,False,False,0.618,0.97,1.618,-1.618,-1.78,0.429,-1.4
2026-07-17T16:05:00,NATURALGAS,2026-07-17,train,TREND_UP,FAILED_BREAKDOWN,LONG,0.9412,0.3333,0.3333,0.3333,0.444,277.3,0.4,0.889,0.4,0.45,False,DOWN,False,0.889,0.667,True,True,True,False,False,False,1,4,0.0,0.0,0.0,4B_TRAP,False,False,0.418,1.67,0.478,-1.435,-1.675,0.45,-1.556
2026-07-17T16:20:00,NATURALGAS,2026-07-17,train,TREND_UP,FAILED_BREAKDOWN,LONG,0.9318,0.4,0.0,0.6,0.444,277.3,0.3,0.667,0.3,0.45,False,DOWN,False,1.111,1.0,False,False,False,True,True,True,,1,1.2,1.333,2.0,4B_TRAP,False,True,0.515,0.58,0.0,-1.748,-1.942,0.45,-1.333
2026-07-17T16:25:00,NATURALGAS,2026-07-17,train,TREND_UP,FAILED_BREAKDOWN,SHORT,0.9326,1.0,0.0,0.0,1.061,277.1,0.0,0.0,0.0,0.4714,True,DOWN,True,1.061,1.0,False,False,False,False,False,False,1,,0.0,0.0,0.0,4B_TRAP,False,False,0.515,1.67,1.359,-1.553,-1.748,0.471,-1.909
2026-07-17T16:30:00,NATURALGAS,2026-07-17,train,TREND_UP,FAILED_BREAKOUT,SHORT,0.9333,0.4,0.6,0.0,0.412,277.1,0.4,0.824,0.4,0.4857,False,UP,False,1.029,1.0,True,True,True,False,False,False,1,5,0.0,0.0,0.0,4B_TRAP,False,False,0.515,1.03,0.388,-1.165,-1.359,0.486,-1.441
2026-07-17T16:40:00,NATURALGAS,2026-07-17,train,TREND_UP,FAILED_BREAKOUT,SHORT,0.9565,0.5,0.5,0.0,0.583,277.1,0.4,0.778,0.4,0.5143,False,UP,False,0.972,0.833,True,True,False,False,False,True,1,3,0.167,0.194,0.25,4B_TRAP,False,True,0.618,0.86,0.485,-1.942,-2.104,0.514,-2.528
2026-07-17T17:00:00,NATURALGAS,2026-07-17,train,TREND_UP,FAILED_BREAKOUT,LONG,1.0,0.6667,0.1111,0.2222,1.183,277.3,0.5,0.986,0.5,0.5071,True,UP,True,1.578,0.889,True,True,True,False,False,False,1,,0.0,0.0,0.0,4B_TRAP,True,False,0.827,0.73,0.846,-3.386,-3.507,0.507,-1.577
2026-07-17T17:05:00,NATURALGAS,2026-07-17,train,TREND_UP,FAILED_BREAKDOWN,LONG,0.9794,0.375,0.25,0.375,0.56,278.4,-0.2,-0.373,0.2,0.5357,False,DOWN,False,1.867,1.25,False,False,False,True,True,True,,1,1.0,1.493,4.0,4B_TRAP,False,True,0.624,0.32,0.481,-1.122,-1.282,0.536,-1.493
2026-07-17T17:10:00,NATURALGAS,2026-07-17,train,TREND_UP,FAILED_BREAKDOWN,SHORT,1.0,0.6,0.1,0.3,1.063,277.6,-0.2,-0.354,0.2,0.5643,True,DOWN,True,1.24,0.7,False,False,False,False,True,True,3,1,0.3,0.532,1.5,4A_CONT,False,False,0.73,1.37,3.836,-0.548,2.863,0.564,2.823
2026-07-17T17:15:00,NATURALGAS,2026-07-17,train,TREND_UP,FAILED_BREAKDOWN,LONG,0.9596,0.2857,0.0,0.7143,0.35,277.3,0.3,0.525,0.3,0.5714,True,UP,True,1.225,1.0,True,True,True,False,False,False,1,,0.0,0.0,0.0,4B_TRAP,False,False,0.521,1.73,1.152,-4.99,-5.182,0.571,-4.725
2026-07-17T17:20:00,NATURALGAS,2026-07-17,train,TREND_UP,FAILED_BREAKDOWN,LONG,0.96,0.4286,0.0,0.5714,0.506,277.8,0.1,0.169,0.1,0.5929,False,DOWN,False,0.675,0.571,False,False,False,True,True,True,3,1,0.571,0.675,4.0,4B_TRAP,False,True,0.721,0.83,0.0,-1.11,-1.248,0.593,-1.518
2026-07-17T17:30:00,NATURALGAS,2026-07-17,train,TREND_UP,FAILED_BREAKOUT,LONG,0.9608,0.4286,0.1429,0.4286,0.488,277.8,-0.1,-0.163,0.1,0.6143,True,UP,True,1.302,1.143,False,False,False,False,True,True,1,2,3.857,4.395,27.0,4B_TRAP,False,True,0.621,0.32,0.805,-4.348,-4.509,0.614,-4.558
2026-07-17T17:35:00,NATURALGAS,2026-07-17,train,TREND_UP,FAILED_BREAKDOWN,LONG,0.9709,0.25,0.375,0.375,0.315,277.9,0.0,0.0,0.0,0.6357,False,DOWN,False,1.258,1.0,False,False,False,True,True,True,,1,3.5,4.405,2800000000.0,4B_TRAP,False,True,0.524,1.15,0.191,-1.336,-1.527,0.636,-1.258
2026-07-17T17:40:00,NATURALGAS,2026-07-17,train,TREND_UP,FAILED_BREAKDOWN,SHORT,0.9712,0.625,0.125,0.25,0.761,277.4,0.0,0.0,0.0,0.6571,True,DOWN,True,3.044,2.5,False,False,False,False,False,False,1,5,0.0,0.0,0.0,4A_CONT,False,False,0.624,0.48,3.846,0.0,2.84,0.657,2.848
2026-07-17T17:45:00,NATURALGAS,2026-07-17,train,TREND_UP,FAILED_BREAKOUT,SHORT,1.0,0.75,0.2,0.05,1.892,275.0,-0.1,-0.126,0.1,0.7929,False,UP,False,1.387,0.55,False,False,False,True,True,True,,1,1.15,2.901,23.0,4B_TRAP,False,True,1.96,0.05,0.102,-1.429,-1.48,0.793,-1.261
2026-07-17T17:55:00,NATURALGAS,2026-07-17,train,TREND_UP,FAILED_BREAKOUT,LONG,0.9346,0.125,0.375,0.5,0.118,276.0,0.1,0.118,0.1,0.85,True,UP,True,2.0,2.125,True,True,True,False,False,False,1,,0.0,0.0,0.0,4A_CONT,False,False,0.524,2.29,3.435,0.0,2.809,0.85,2.882
2026-07-17T18:00:00,NATURALGAS,2026-07-17,train,TREND_UP,FAILED_BREAKOUT,LONG,0.9907,0.6471,0.3529,0.0,1.149,277.34,-0.04,-0.042,0.04,0.9571,True,UP,True,0.836,0.471,False,False,False,False,False,False,1,4,0.0,0.0,0.0,4A_CONT,False,False,1.151,0.03,3.041,-0.521,2.913,0.957,2.896
2026-07-17T18:05:00,NATURALGAS,2026-07-17,train,TREND_UP,FAILED_BREAKOUT,LONG,0.945,0.75,0.25,0.0,0.609,277.9,-0.1,-0.101,0.1,0.9857,True,UP,True,0.71,0.875,False,False,False,False,True,True,1,2,0.875,0.71,7.0,4B_TRAP,False,True,0.624,0.64,0.962,-1.763,-1.923,0.986,-1.217
2026-07-17T18:10:00,NATURALGAS,2026-07-17,train,TREND_UP,FAILED_BREAKDOWN,LONG,0.9,0.4286,0.4286,0.1429,0.309,278.2,-0.1,-0.103,0.1,0.9714,False,DOWN,False,1.338,1.857,False,False,False,True,True,True,4,1,1.429,1.029,10.0,4B_TRAP,False,True,0.421,0.24,0.0,-3.325,-3.563,0.971,-1.544
2026-07-17T18:15:00,NATURALGAS,2026-07-17,train,TREND_UP,FAILED_BREAKDOWN,LONG,0.982,0.2308,0.0769,0.6923,0.296,277.41,0.19,0.187,0.19,1.0143,False,DOWN,False,0.69,0.538,False,False,False,True,True,True,2,1,0.162,0.207,1.105,4A_CONT,False,False,0.939,0.64,3.408,-0.745,2.894,1.014,2.901
2026-07-17T18:25:00,NATURALGAS,2026-07-17,train,TREND_UP,FAILED_BREAKOUT,LONG,0.9735,0.8182,0.1818,0.0,0.881,277.8,0.0,0.0,0.0,1.0214,True,UP,True,1.469,1.364,False,False,False,False,False,False,1,,0.0,0.0,0.0,4A_CONT,False,False,0.933,0.64,3.215,0.0,2.893,1.021,2.902
2026-07-17T18:30:00,NATURALGAS,2026-07-17,train,TREND_UP,FAILED_BREAKDOWN,LONG,0.9825,0.8,0.2,0.0,1.098,278.5,0.7,0.641,0.7,1.0929,True,UP,True,0.549,0.4,True,True,True,False,False,False,1,,0.0,0.0,0.0,4A_CONT,True,False,1.245,,2.57,-0.482,1.687,1.093,1.922
2026-07-17T18:40:00,NATURALGAS,2026-07-17,train,TREND_UP,FAILED_BREAKDOWN,LONG,0.9741,0.7857,0.2143,0.0,0.945,279.5,1.0,0.859,1.0,1.1643,False,DOWN,False,0.859,0.714,True,True,True,False,False,False,1,,0.0,0.0,0.0,4B_TRAP,False,False,1.142,,0.35,-1.051,-1.138,1.164,-1.117
2026-07-17T18:50:00,NATURALGAS,2026-07-17,train,TREND_UP,FAILED_BREAKDOWN,LONG,0.9068,0.5,0.5,0.0,0.337,280.8,-0.4,-0.337,0.4,1.1857,True,UP,True,1.012,1.5,False,False,False,True,True,True,,1,1.125,0.759,2.25,4B_TRAP,False,True,0.424,0.94,1.179,-1.651,-1.887,1.186,-1.265
2026-07-17T18:55:00,NATURALGAS,2026-07-17,train,TREND_UP,TRENDING,LONG,0.958,0.1667,0.25,0.5833,0.182,280.8,-0.2,-0.182,0.2,1.1,False,DOWN,False,1.182,1.083,False,False,False,True,True,True,,1,1.167,1.273,7.0,4B_TRAP,False,True,0.936,0.21,0.214,-1.175,-1.282,1.1,-1.091
2026-07-17T19:00:00,NATURALGAS,2026-07-17,train,TREND_UP,TRENDING,SHORT,0.9667,0.3846,0.1538,0.4615,0.449,279.7,-0.4,-0.359,0.4,1.1143,True,DOWN,True,0.718,0.615,False,False,False,True,True,True,2,1,0.462,0.538,1.5,4B_TRAP,False,True,0.739,4.33,1.083,-1.353,-1.488,1.114,-1.615
2026-07-17T19:10:00,NATURALGAS,2026-07-17,train,TREND_UP,FAILED_BREAKDOWN,SHORT,0.9262,0.5455,0.3636,0.0909,0.564,279.5,0.1,0.094,0.1,1.0643,False,UP,False,1.128,1.091,False,False,False,True,True,True,,1,1.0,1.034,11.0,4B_TRAP,False,True,1.033,3.2,0.097,-1.065,-1.162,1.064,-1.128
2026-07-17T19:15:00,NATURALGAS,2026-07-17,train,TREND_UP,FAILED_BREAKDOWN,LONG,0.9512,0.75,0.1667,0.0833,0.824,280.4,-0.1,-0.092,0.1,1.0929,True,UP,True,0.549,0.5,False,False,False,False,True,True,1,2,0.333,0.366,4.0,4B_TRAP,False,True,1.036,0.58,0.772,-1.255,-1.351,1.093,-1.281
2026-07-17T19:25:00,NATURALGAS,2026-07-17,train,TREND_UP,TRENDING,SHORT,0.952,0.5833,0.3333,0.0833,0.653,280.2,0.2,0.187,0.2,1.0714,False,UP,False,0.84,0.75,False,False,False,False,False,False,2,1,0.0,0.0,0.0,4B_TRAP,False,False,1.136,0.62,1.232,-1.585,-1.673,1.071,-1.12
2026-07-17T21:40:00,NATURALGAS,2026-07-17,train,TREND_UP,FAILED_BREAKOUT,LONG,0.9605,0.6667,0.0833,0.25,1.436,279.8,0.2,0.359,0.2,0.5571,False,DOWN,False,0.718,0.333,False,False,False,False,False,False,2,1,0.0,0.0,0.0,4A_CONT,False,False,1.136,0.97,2.113,-0.44,1.144,0.557,2.821
2026-07-17T21:55:00,NATURALGAS,2026-07-17,train,TREND_UP,FAILED_BREAKDOWN,LONG,0.9161,0.7,0.3,0.0,1.225,280.1,0.5,0.875,0.5,0.5714,False,DOWN,False,0.7,0.4,True,True,False,False,False,False,1,3,0.0,0.0,0.0,4B_TRAP,False,False,0.73,0.68,0.137,-1.233,-1.37,0.571,-1.225
2026-07-17T22:40:00,NATURALGAS,2026-07-17,train,TREND_UP,TRENDING,LONG,0.9024,1.0,0.0,0.0,1.5,281.1,0.7,1.167,0.7,0.6,False,DOWN,False,1.0,0.667,True,True,True,False,False,False,1,,0.0,0.0,0.0,4X_AMBIG,False,False,0.927,,0.647,-0.755,-0.539,0.6,-1.333
2026-07-20T10:40:00,NATURALGAS,2026-07-20,train,TREND_DOWN,TRENDING,LONG,0.95,1.0,0.0,0.0,2.333,278.2,0.5,1.944,0.5,0.2571,True,UP,True,1.167,0.5,True,True,True,False,False,False,1,,0.0,0.0,0.0,4B_TRAP,True,False,0.618,0.16,1.133,-1.456,-1.618,0.257,-2.333
2026-07-20T11:50:00,NATURALGAS,2026-07-20,train,TREND_DOWN,OPENING_DRIVE,SHORT,0.9394,1.0,0.0,0.0,2.258,278.9,0.0,0.0,0.0,0.2214,True,DOWN,True,0.452,0.2,False,False,False,False,False,False,1,3,0.0,0.0,0.0,4A_CONT,False,False,0.515,0.76,3.883,-0.194,2.806,0.221,2.548
2026-07-20T12:15:00,NATURALGAS,2026-07-20,train,TREND_DOWN,OPENING_DRIVE,SHORT,0.9474,1.0,0.0,0.0,1.892,278.5,0.3,1.135,0.3,0.2643,False,UP,False,0.378,0.2,True,True,True,False,False,False,1,,0.0,0.0,0.0,4A_CONT,False,False,0.515,0.39,4.078,-0.583,2.806,0.264,-1.514
2026-07-20T12:35:00,NATURALGAS,2026-07-20,train,TREND_DOWN,TRENDING,LONG,1.0,0.8333,0.1667,0.0,1.667,278.0,0.4,1.333,0.4,0.3,False,DOWN,False,0.667,0.333,True,True,False,False,False,True,1,3,0.333,0.667,0.5,4B_TRAP,False,True,0.518,0.97,0.0,-1.158,-1.351,0.3,-1.667
2026-07-20T12:50:00,NATURALGAS,2026-07-20,train,TREND_DOWN,TRENDING,SHORT,0.9333,0.6,0.4,0.0,0.913,277.8,0.0,0.0,0.0,0.3286,True,DOWN,True,0.913,0.6,False,False,False,False,False,False,2,1,0.0,0.0,0.0,4A_CONT,False,False,0.515,,3.301,-0.194,2.806,0.329,2.696
2026-07-20T13:05:00,NATURALGAS,2026-07-20,train,TREND_DOWN,TRENDING,SHORT,1.0,1.0,0.0,0.0,1.68,277.4,0.5,1.4,0.5,0.3571,False,UP,False,0.84,0.5,True,True,True,False,False,False,1,,0.0,0.0,0.0,4A_CONT,False,False,0.618,,3.56,-0.485,2.838,0.357,2.72
2026-07-20T13:15:00,NATURALGAS,2026-07-20,train,TREND_DOWN,TRENDING,LONG,0.92,0.6,0.0,0.4,0.792,277.1,0.1,0.264,0.1,0.3786,False,DOWN,False,1.057,0.8,False,False,False,True,True,True,,1,2.4,3.17,12.0,4B_TRAP,False,True,0.515,2.14,0.0,-2.136,-2.33,0.379,-1.585
2026-07-20T13:25:00,NATURALGAS,2026-07-20,train,TREND_DOWN,TRENDING,SHORT,0.9423,0.6667,0.0,0.3333,1.0,276.7,0.4,1.0,0.4,0.4,True,DOWN,True,1.25,0.833,True,True,True,False,False,False,1,,0.0,0.0,0.0,4A_CONT,True,False,0.418,,3.828,0.0,2.761,0.4,2.75
2026-07-20T13:30:00,NATURALGAS,2026-07-20,train,TREND_DOWN,TRENDING,SHORT,0.9057,0.6,0.0,0.4,0.689,276.1,0.2,0.459,0.2,0.4357,True,DOWN,True,0.918,0.8,True,True,True,False,False,False,1,,0.0,0.0,0.0,4A_CONT,True,False,0.315,,3.81,0.0,2.683,0.436,-1.607
2026-07-20T13:40:00,NATURALGAS,2026-07-20,train,TREND_DOWN,TRENDING,SHORT,1.0,0.4444,0.1111,0.4444,0.824,275.5,0.4,0.824,0.4,0.4857,True,DOWN,True,1.029,0.556,True,True,True,False,False,False,1,5,0.0,0.0,0.0,4B_TRAP,False,False,0.527,,0.949,-1.139,-1.328,0.486,-1.235
2026-07-20T13:50:00,NATURALGAS,2026-07-20,train,TREND_DOWN,TRENDING,LONG,0.9825,0.75,0.25,0.0,1.151,275.1,0.3,0.575,0.3,0.5214,False,DOWN,False,0.575,0.375,True,False,False,False,False,False,1,2,0.0,0.0,0.0,4B_TRAP,False,False,0.624,2.88,1.763,-1.122,-1.282,0.521,-1.342
2026-07-20T14:00:00,NATURALGAS,2026-07-20,train,TREND_DOWN,TRENDING,SHORT,0.9153,0.3333,0.6667,0.0,0.378,275.3,0.2,0.378,0.2,0.5286,False,UP,False,1.135,1.0,False,False,False,True,True,True,,1,0.5,0.568,1.5,4B_TRAP,False,True,0.618,0.81,0.0,-1.133,-1.294,0.529,-1.324
2026-07-20T14:05:00,NATURALGAS,2026-07-20,train,TREND_DOWN,TRENDING,LONG,0.9167,0.6667,0.1667,0.1667,0.727,275.7,-0.1,-0.182,0.1,0.55,True,UP,True,0.182,0.167,False,False,False,True,True,True,,1,0.167,0.182,1.0,4B_TRAP,False,True,0.518,7.05,0.772,-1.158,-1.351,0.55,-1.273
2026-07-20T15:05:00,NATURALGAS,2026-07-20,train,TREND_DOWN,TRENDING,SHORT,0.9722,0.8571,0.0,0.1429,1.647,275.4,0.3,0.824,0.3,0.3643,True,DOWN,True,0.823,0.429,True,False,False,False,True,True,1,2,0.429,0.823,1.0,4B_TRAP,False,True,0.621,0.81,0.483,-1.288,-1.449,0.364,-1.373
2026-07-20T15:15:00,NATURALGAS,2026-07-20,train,TREND_DOWN,TRENDING,LONG,0.9595,1.0,0.0,0.0,1.75,275.1,0.4,1.167,0.4,0.3429,True,UP,True,1.458,0.833,True,True,True,False,False,False,1,,0.0,0.0,0.0,4B_TRAP,True,False,0.618,0.81,1.618,-1.133,-1.294,0.343,-1.458
2026-07-20T16:05:00,NATURALGAS,2026-07-20,train,TREND_DOWN,TRENDING,SHORT,0.9881,0.625,0.0,0.375,1.148,275.7,0.1,0.23,0.1,0.4357,True,DOWN,True,1.148,0.625,True,False,False,False,False,False,1,2,0.0,0.0,0.0,4A_CONT,True,False,0.524,1.91,3.053,-0.763,2.809,0.436,2.77
2026-07-20T17:05:00,NATURALGAS,2026-07-20,train,TREND_DOWN,TRENDING,SHORT,0.9896,0.75,0.0,0.25,0.944,274.5,0.3,0.472,0.3,0.6357,False,UP,False,0.787,0.625,False,False,False,True,True,True,,1,2.375,2.989,6.333,4B_TRAP,False,True,0.624,,0.0,-2.083,-2.244,0.636,-2.202
2026-07-20T17:15:00,NATURALGAS,2026-07-20,train,TREND_DOWN,TRENDING,LONG,0.9592,1.0,0.0,0.0,1.126,274.8,0.7,1.126,0.7,0.6214,True,UP,True,1.931,1.714,True,True,True,False,False,False,1,,0.0,0.0,0.0,4A_CONT,True,False,0.721,0.69,3.745,-0.277,2.861,0.621,2.839
2026-07-20T17:20:00,NATURALGAS,2026-07-20,train,TREND_DOWN,TRENDING,LONG,1.0,0.9167,0.0833,0.0,1.638,276.0,0.4,0.596,0.4,0.6714,True,UP,True,0.596,0.333,True,True,True,False,False,False,1,,0.0,0.0,0.0,4B_TRAP,True,False,1.136,2.59,2.729,-1.144,-1.232,0.671,2.851
2026-07-20T17:30:00,NATURALGAS,2026-07-20,train,TREND_DOWN,TRENDING,LONG,1.0,0.6667,0.3333,0.0,1.57,276.5,1.1,1.439,1.1,0.7643,True,UP,True,1.832,0.778,True,True,True,False,False,False,1,,0.0,0.0,0.0,4B_TRAP,True,False,1.254,1.39,1.515,-1.037,-1.116,0.764,-1.832
2026-07-20T17:35:00,NATURALGAS,2026-07-20,train,TREND_DOWN,FAILED_BREAKOUT,LONG,0.9902,0.6429,0.1429,0.2143,1.068,278.2,0.4,0.475,0.4,0.8429,False,DOWN,False,1.186,0.714,False,False,False,True,True,True,,1,0.429,0.712,1.5,4B_TRAP,False,True,1.242,0.6,0.161,-1.047,-1.127,0.843,-1.542
2026-07-20T17:50:00,NATURALGAS,2026-07-20,train,TREND_DOWN,FAILED_BREAKDOWN,SHORT,0.9619,0.4444,0.3333,0.2222,0.437,277.8,0.2,0.219,0.2,0.9143,True,DOWN,True,0.766,0.778,True,True,False,False,False,True,1,3,1.111,1.094,5.0,4B_TRAP,False,True,0.727,2.56,0.55,-1.651,-1.788,0.914,-1.422
2026-07-20T17:55:00,NATURALGAS,2026-07-20,train,TREND_DOWN,FAILED_BREAKOUT,SHORT,0.9151,0.2857,0.2857,0.4286,0.215,277.4,-0.2,-0.215,0.2,0.9286,False,UP,False,0.538,0.714,False,False,False,True,True,True,,1,2.714,2.046,9.5,4B_TRAP,False,True,0.421,4.42,0.95,-2.85,-3.088,0.929,-1.4
2026-07-20T18:05:00,NATURALGAS,2026-07-20,train,TREND_DOWN,FAILED_BREAKOUT,LONG,0.9815,0.8462,0.0,0.1538,1.124,278.8,0.0,0.0,0.0,0.9786,True,UP,True,0.511,0.385,False,False,False,False,True,True,1,2,0.077,0.102,100000000.0,4B_TRAP,False,True,1.339,0.4,0.523,-1.419,-1.494,0.979,-1.226
2026-07-20T18:15:00,NATURALGAS,2026-07-20,train,TREND_DOWN,FAILED_BREAKDOWN,SHORT,0.9091,0.875,0.0,0.125,0.79,278.8,0.1,0.113,0.1,0.8857,False,UP,False,0.677,0.75,False,False,False,True,True,True,2,1,0.625,0.565,5.0,4B_TRAP,False,True,0.724,2.07,0.552,-1.105,-1.243,0.886,2.887
2026-07-20T18:25:00,NATURALGAS,2026-07-20,train,TREND_DOWN,FAILED_BREAKDOWN,SHORT,0.9732,0.6667,0.0833,0.25,0.868,278.6,0.0,0.0,0.0,0.9214,False,UP,False,0.868,0.667,False,False,False,True,True,True,2,1,0.167,0.217,200000000.0,4A_CONT,False,False,0.936,3.06,3.098,-0.962,2.893,0.921,2.891
2026-07-20T18:45:00,NATURALGAS,2026-07-20,train,TREND_DOWN,FAILED_BREAKDOWN,LONG,0.9569,0.8,0.0,0.2,1.037,278.6,0.7,0.907,0.7,0.7714,False,DOWN,False,0.907,0.7,True,False,False,False,True,True,1,2,1.1,1.426,1.571,4B_TRAP,False,True,1.03,0.14,0.194,-1.553,-1.65,0.771,-2.204
2026-07-20T18:55:00,NATURALGAS,2026-07-20,train,TREND_DOWN,FAILED_BREAKDOWN,SHORT,0.9576,0.8,0.0,0.2,1.018,278.2,0.3,0.382,0.3,0.7857,False,UP,False,0.764,0.6,True,True,True,False,False,False,1,,0.0,0.0,0.0,4A_CONT,False,False,0.83,2.55,3.012,0.0,2.88,0.786,2.873
2026-07-20T19:55:00,NATURALGAS,2026-07-20,train,TREND_DOWN,FAILED_BREAKOUT,SHORT,0.9154,0.875,0.0,0.125,0.99,276.3,0.0,0.0,0.0,0.7071,False,UP,False,0.99,0.875,False,False,False,False,False,False,2,1,0.0,0.0,0.0,4A_CONT,False,False,0.724,0.72,3.039,-0.691,2.862,0.707,2.859
2026-07-20T20:35:00,NATURALGAS,2026-07-20,train,TREND_DOWN,TRENDING,SHORT,0.9638,0.9,0.1,0.0,1.448,274.8,0.5,0.805,0.5,0.6214,False,UP,False,0.966,0.6,False,False,False,True,True,True,,1,0.5,0.805,1.0,4B_TRAP,False,True,1.03,0.29,0.0,-1.068,-1.165,0.621,-1.77
2026-07-21T10:25:00,NATURALGAS,2026-07-21,train,CHOP,OPENING_DRIVE,LONG,0.9375,0.6,0.0,0.4,1.5,275.57,0.13,0.65,0.13,0.2,True,UP,True,2.5,1.0,True,True,True,False,False,False,1,,0.0,0.0,0.0,4A_CONT,True,False,0.515,0.58,3.301,-0.388,2.806,0.2,-1.5
2026-07-21T10:30:00,NATURALGAS,2026-07-21,train,CHOP,OPENING_DRIVE,LONG,0.9412,0.6,0.0,0.4,1.355,276.0,0.0,0.0,0.0,0.2214,True,UP,True,2.71,1.2,False,False,False,False,False,False,1,,0.0,0.0,0.0,4A_CONT,False,False,0.515,,3.689,-0.194,2.806,0.221,2.548
2026-07-21T10:35:00,NATURALGAS,2026-07-21,train,CHOP,TRENDING,LONG,0.9444,0.8333,0.0,0.1667,2.059,276.0,0.5,2.059,0.5,0.2429,True,UP,True,1.235,0.5,True,True,True,False,False,False,1,,0.0,0.0,0.0,4B_TRAP,True,False,0.618,,2.265,-1.618,-1.78,0.243,-2.059
2026-07-21T11:20:00,NATURALGAS,2026-07-21,train,CHOP,TRENDING,LONG,0.963,0.875,0.0,0.125,1.922,276.8,0.1,0.275,0.1,0.3643,False,DOWN,False,0.823,0.375,True,False,False,False,True,True,1,2,0.25,0.549,2.0,4B_TRAP,False,True,0.824,,1.214,-1.699,-1.82,0.364,-1.373
2026-07-21T12:40:00,NATURALGAS,2026-07-21,train,CHOP,TRENDING,SHORT,0.907,1.0,0.0,0.0,1.4,277.7,0.5,1.4,0.5,0.3571,False,UP,False,0.56,0.4,True,True,True,False,False,False,1,,0.0,0.0,0.0,4A_CONT,False,False,0.515,0.39,3.301,-0.388,2.806,0.357,2.72
2026-07-21T13:00:00,NATURALGAS,2026-07-21,train,CHOP,TRENDING,SHORT,0.9149,1.0,0.0,0.0,1.489,277.1,0.2,0.596,0.2,0.3357,True,DOWN,True,1.192,0.8,True,True,True,False,False,False,1,,0.0,0.0,0.0,4B_TRAP,True,False,0.515,3.28,2.718,-1.165,-1.359,0.336,2.702
2026-07-21T14:45:00,NATURALGAS,2026-07-21,train,CHOP,TRENDING,LONG,0.9412,0.6,0.2,0.2,0.913,277.1,0.3,0.913,0.3,0.3286,True,UP,True,1.217,0.8,True,True,True,False,False,False,1,,0.0,0.0,0.0,4B_TRAP,True,False,0.415,1.2,2.892,-1.687,-1.928,0.329,2.696
2026-07-21T15:05:00,NATURALGAS,2026-07-21,train,CHOP,TRENDING,LONG,0.9722,0.7143,0.2857,0.0,1.429,277.9,0.2,0.571,0.2,0.35,True,UP,True,1.143,0.571,True,False,False,False,False,False,1,2,0.0,0.0,0.0,4B_TRAP,True,False,0.521,,0.768,-1.152,-1.344,0.35,-1.429
2026-07-21T15:20:00,NATURALGAS,2026-07-21,train,CHOP,TRENDING,LONG,0.9733,1.0,0.0,0.0,1.719,278.4,0.0,0.0,0.0,0.4071,False,DOWN,False,0.491,0.286,False,False,False,True,True,True,,1,0.571,0.983,400000000.0,4B_TRAP,False,True,0.721,,0.139,-1.248,-1.387,0.407,-1.474
2026-07-21T15:35:00,NATURALGAS,2026-07-21,train,CHOP,TRENDING,SHORT,0.9231,0.8,0.0,0.2,0.982,278.2,0.2,0.491,0.2,0.4071,True,DOWN,True,0.983,0.8,True,True,True,False,False,False,1,,0.0,0.0,0.0,4B_TRAP,True,False,0.415,0.72,1.446,-1.446,-1.687,0.407,-1.719
2026-07-21T16:15:00,NATURALGAS,2026-07-21,train,CHOP,TRENDING,LONG,0.9884,0.625,0.375,0.0,1.321,278.0,0.0,0.0,0.0,0.3786,True,UP,True,1.321,0.625,False,False,False,False,False,False,1,3,0.0,0.0,0.0,4B_TRAP,False,False,0.524,0.95,1.145,-1.908,-2.099,0.379,-1.585
2026-07-21T16:20:00,NATURALGAS,2026-07-21,train,CHOP,TRENDING,LONG,0.9195,0.8,0.2,0.0,1.018,278.5,0.0,0.0,0.0,0.3929,False,DOWN,False,1.018,0.8,False,False,False,True,True,True,,1,1.4,1.782,700000000.0,4B_TRAP,False,True,0.415,,0.241,-1.687,-1.928,0.393,-2.036
2026-07-21T16:35:00,NATURALGAS,2026-07-21,train,CHOP,TRENDING,SHORT,0.9667,0.5714,0.0,0.4286,0.966,277.5,-0.3,-0.724,0.3,0.4143,True,DOWN,True,2.172,1.286,False,False,False,False,False,False,1,,0.0,0.0,0.0,4B_TRAP,False,False,0.421,0.71,2.613,-1.425,-1.663,0.414,-1.69
2026-07-21T16:40:00,NATURALGAS,2026-07-21,train,CHOP,TRENDING,SHORT,0.989,0.4444,0.1111,0.4444,0.875,277.5,0.1,0.219,0.1,0.4571,True,DOWN,True,1.75,0.889,True,True,True,False,False,False,1,5,0.0,0.0,0.0,4B_TRAP,False,False,0.527,2.64,1.328,-1.139,-1.328,0.457,-1.531
2026-07-21T16:45:00,NATURALGAS,2026-07-21,train,CHOP,TRENDING,SHORT,0.9783,0.5,0.125,0.375,0.836,277.0,0.0,0.0,0.0,0.4786,False,UP,False,1.254,0.75,False,False,False,True,True,True,,1,0.5,0.836,400000000.0,4B_TRAP,False,True,0.524,1.89,0.191,-1.908,-2.099,0.479,-1.254
2026-07-21T16:50:00,NATURALGAS,2026-07-21,train,CHOP,FAILED_BREAKOUT,LONG,0.914,0.6667,0.1667,0.1667,0.824,277.5,-0.1,-0.206,0.1,0.4857,False,DOWN,False,0.824,0.667,False,False,False,True,True,True,3,1,0.5,0.618,3.0,4B_TRAP,False,True,0.518,1.54,1.931,-1.351,-1.544,0.486,-1.235
2026-07-21T17:05:00,NATURALGAS,2026-07-21,train,CHOP,TRENDING,LONG,0.9792,0.625,0.375,0.0,0.933,277.5,0.2,0.373,0.2,0.5357,True,UP,True,1.307,0.875,True,False,False,False,True,True,1,2,0.5,0.747,2.0,4B_TRAP,False,True,0.524,1.35,1.336,-1.145,-1.336,0.536,-1.307
2026-07-21T17:25:00,NATURALGAS,2026-07-21,train,CHOP,FAILED_BREAKOUT,SHORT,0.98,0.625,0.125,0.25,0.805,277.1,0.2,0.322,0.2,0.6214,False,UP,False,0.805,0.625,False,False,False,True,True,True,2,1,0.25,0.322,1.0,4B_TRAP,False,True,0.624,1.3,0.801,-1.442,-1.603,0.621,-1.609
2026-07-21T17:45:00,NATURALGAS,2026-07-21,train,CHOP,FAILED_BREAKOUT,LONG,1.0,0.8333,0.0833,0.0833,1.458,277.7,0.0,0.0,0.0,0.6857,False,DOWN,False,1.167,0.667,False,False,False,True,True,True,,1,1.417,2.479,1700000000.0,4B_TRAP,False,True,1.136,0.43,0.0,-1.585,-1.673,0.686,-1.313
2026-07-21T18:00:00,NATURALGAS,2026-07-21,train,CHOP,FAILED_BREAKOUT,SHORT,0.9813,0.7778,0.1111,0.1111,1.021,276.01,0.01,0.015,0.01,0.6857,False,UP,False,0.729,0.556,True,False,False,False,True,True,1,2,0.322,0.423,29.0,4B_TRAP,False,True,0.827,1.21,0.605,-1.33,-1.451,0.686,-1.75
2026-07-21T18:10:00,NATURALGAS,2026-07-21,train,CHOP,FAILED_BREAKOUT,LONG,0.9633,0.5,0.375,0.125,0.554,276.2,0.1,0.139,0.1,0.7214,False,DOWN,False,2.218,2.0,False,False,False,True,True,True,4,1,1.0,1.109,8.0,4B_TRAP,False,True,0.524,2.86,1.527,-1.527,-1.718,0.721,-1.248
2026-07-21T18:15:00,NATURALGAS,2026-07-21,train,CHOP,FAILED_BREAKOUT,SHORT,1.0,0.3125,0.5,0.1875,0.642,275.7,-0.1,-0.128,0.1,0.7786,True,DOWN,True,0.771,0.375,False,False,False,False,True,True,1,2,0.5,1.027,8.0,4B_TRAP,False,True,1.348,0.07,0.519,-1.039,-1.113,0.779,-1.284
2026-07-21T18:35:00,NATURALGAS,2026-07-21,train,CHOP,FAILED_BREAKOUT,SHORT,0.9737,0.5556,0.1111,0.3333,0.631,276.0,0.0,0.0,0.0,0.7929,False,UP,False,0.504,0.444,False,False,False,True,True,True,5,1,0.667,0.757,600000000.0,4B_TRAP,False,True,0.627,1.12,0.0,-1.276,-1.435,0.793,-1.135
2026-07-21T18:50:00,NATURALGAS,2026-07-21,train,CHOP,FAILED_BREAKOUT,SHORT,0.9487,0.75,0.25,0.0,0.75,276.2,0.2,0.25,0.2,0.8,True,DOWN,True,0.5,0.5,True,True,True,False,False,False,1,5,0.0,0.0,0.0,4B_TRAP,True,False,0.824,0.17,1.092,-1.092,-1.214,0.8,-1.125
2026-07-21T19:10:00,NATURALGAS,2026-07-21,train,CHOP,FAILED_BREAKOUT,LONG,0.9504,1.0,0.0,0.0,1.087,275.9,0.2,0.272,0.2,0.7357,True,UP,True,0.68,0.625,True,True,True,False,False,False,1,4,0.0,0.0,0.0,4B_TRAP,True,False,0.824,0.85,1.942,-1.214,-1.335,0.736,-1.495
2026-07-21T20:15:00,NATURALGAS,2026-07-21,train,CHOP,FAILED_BREAKOUT,SHORT,0.9851,0.9,0.1,0.0,1.658,276.6,0.7,1.289,0.7,0.5429,False,UP,False,0.737,0.4,True,True,True,False,False,False,1,,0.0,0.0,0.0,4B_TRAP,False,False,1.03,0.04,0.097,-1.262,-1.359,0.543,-1.289
2026-07-21T21:45:00,NATURALGAS,2026-07-21,train,CHOP,TRENDING,SHORT,0.9013,1.0,0.0,0.0,2.0,277.0,0.4,1.0,0.4,0.4,False,UP,False,0.5,0.25,True,True,True,False,False,False,1,,0.0,0.0,0.0,4A_CONT,False,False,0.824,0.9,2.184,0.0,1.335,0.4,2.75
2026-07-22T10:10:00,NATURALGAS,2026-07-22,train,TREND_UP,TRENDING,SHORT,0.9286,0.75,0.0,0.25,1.024,277.4,0.1,0.341,0.1,0.2929,False,UP,False,0.683,0.5,False,False,False,False,True,True,,1,0.25,0.341,1.0,4B_TRAP,False,True,0.312,0.64,0.321,-1.923,-2.244,0.293,-2.39
2026-07-22T11:15:00,NATURALGAS,2026-07-22,train,TREND_UP,OPENING_DRIVE,LONG,0.963,0.3333,0.0,0.6667,0.737,278.2,-0.2,-0.737,0.2,0.2714,True,UP,True,1.105,0.5,False,False,False,True,True,True,2,1,0.167,0.368,0.5,4B_TRAP,False,True,0.418,0.24,2.632,-1.675,-1.914,0.271,2.632
2026-07-22T11:35:00,NATURALGAS,2026-07-22,train,TREND_UP,OPENING_DRIVE,LONG,0.9355,1.0,0.0,0.0,1.591,278.6,0.1,0.318,0.1,0.3143,False,DOWN,False,1.273,0.8,False,False,False,True,True,True,2,1,0.4,0.636,2.0,4B_TRAP,False,True,0.515,,0.777,-1.359,-1.553,0.314,-1.591
2026-07-22T12:10:00,NATURALGAS,2026-07-22,train,TREND_UP,OPENING_DRIVE,LONG,0.9474,1.0,0.0,0.0,1.373,279.0,0.1,0.275,0.1,0.3643,True,UP,True,0.274,0.2,False,False,False,False,True,True,,1,1.2,1.647,6.0,4B_TRAP,False,True,0.515,,0.0,-1.359,-1.553,0.364,-2.196
2026-07-22T12:25:00,NATURALGAS,2026-07-22,train,TREND_UP,OPENING_DRIVE,SHORT,0.9512,0.8,0.2,0.0,1.167,278.5,0.1,0.292,0.1,0.3429,True,DOWN,True,0.875,0.6,True,True,True,False,False,False,1,,0.0,0.0,0.0,4B_TRAP,True,False,0.515,2.33,1.165,-1.165,-1.359,0.343,-1.75
2026-07-22T13:00:00,NATURALGAS,2026-07-22,train,TREND_UP,OPENING_DRIVE,LONG,0.9792,0.8333,0.1667,0.0,1.522,278.4,0.4,1.217,0.4,0.3286,True,UP,True,0.609,0.333,True,True,True,False,False,False,1,,0.0,0.0,0.0,4B_TRAP,True,False,0.518,0.58,0.386,-1.351,-1.544,0.329,-2.435
2026-07-22T15:20:00,NATURALGAS,2026-07-22,train,TREND_UP,OPENING_DRIVE,LONG,0.9605,0.8,0.2,0.0,1.75,278.5,0.3,1.313,0.3,0.2286,True,UP,True,2.187,1.0,True,True,True,False,False,False,1,,0.0,0.0,0.0,4A_CONT,True,False,0.415,0.27,3.133,-0.964,2.759,0.229,-1.75
2026-07-22T15:25:00,NATURALGAS,2026-07-22,train,TREND_UP,OPENING_DRIVE,LONG,0.961,0.8,0.2,0.0,1.6,279.1,0.1,0.4,0.1,0.25,False,DOWN,False,1.6,0.8,False,False,False,True,True,True,,1,0.8,1.6,4.0,4B_TRAP,False,True,0.415,,0.0,-1.446,-1.687,0.25,-2.8
2026-07-22T16:15:00,NATURALGAS,2026-07-22,train,TREND_UP,FAILED_BREAKDOWN,LONG,0.9885,1.0,0.0,0.0,1.96,279.3,0.7,1.96,0.7,0.3571,False,DOWN,False,0.56,0.286,True,True,True,False,False,False,1,4,0.0,0.0,0.0,4B_TRAP,False,False,0.721,,0.139,-1.248,-1.387,0.357,-1.68
2026-07-22T16:25:00,NATURALGAS,2026-07-22,train,TREND_UP,FAILED_BREAKDOWN,LONG,0.9551,1.0,0.0,0.0,1.228,280.0,0.1,0.246,0.1,0.4071,False,DOWN,False,0.983,0.8,False,False,False,True,True,True,,1,1.4,1.719,7.0,4B_TRAP,False,True,0.515,,0.0,-1.359,-1.553,0.407,-1.965
2026-07-22T16:40:00,NATURALGAS,2026-07-22,train,TREND_UP,FAILED_BREAKDOWN,LONG,0.9565,0.8,0.2,0.0,1.0,279.4,0.2,0.5,0.2,0.4,True,UP,True,0.75,0.6,True,True,False,False,False,True,1,3,0.8,1.0,2.0,4B_TRAP,True,True,0.415,1.2,0.723,-1.446,-1.687,0.4,-1.75
2026-07-22T16:55:00,NATURALGAS,2026-07-22,train,TREND_UP,TRENDING,SHORT,1.0,1.0,0.0,0.0,2.032,279.1,0.1,0.226,0.1,0.4429,False,UP,False,1.355,0.667,False,False,False,True,True,True,,1,1.0,2.032,9.0,4B_TRAP,False,True,0.927,1.48,0.108,-1.079,-1.187,0.443,-1.581
2026-07-22T17:00:00,NATURALGAS,2026-07-22,train,TREND_UP,FAILED_BREAKOUT,LONG,0.9688,0.6667,0.3333,0.0,0.862,278.88,0.52,1.12,0.52,0.4643,False,DOWN,False,0.862,0.667,True,True,True,False,False,False,1,,0.0,0.0,0.0,4B_TRAP,False,False,0.418,1.2,0.0,-1.196,-1.435,0.464,-1.292
2026-07-22T17:10:00,NATURALGAS,2026-07-22,train,TREND_UP,FAILED_BREAKOUT,LONG,1.0,1.0,0.0,0.0,1.726,279.9,0.1,0.192,0.1,0.5214,True,UP,True,1.343,0.778,True,True,True,False,False,False,1,,0.0,0.0,0.0,4A_CONT,True,False,0.927,0.11,3.452,0.0,2.892,0.521,2.808
2026-07-22T17:20:00,NATURALGAS,2026-07-22,train,TREND_UP,TRENDING,LONG,1.0,0.75,0.25,0.0,1.448,280.8,0.5,0.805,0.5,0.6214,False,DOWN,False,0.483,0.25,True,True,True,False,False,False,1,5,0.0,0.0,0.0,4B_TRAP,False,False,0.936,,2.03,-1.282,-1.389,0.621,2.839
2026-07-22T17:35:00,NATURALGAS,2026-07-22,train,TREND_UP,TRENDING,LONG,0.932,0.1667,0.3333,0.5,0.173,281.6,0.1,0.173,0.1,0.5786,False,DOWN,False,0.518,0.5,False,False,False,True,True,True,4,1,1.333,1.383,8.0,4B_TRAP,False,True,0.418,,0.0,-2.392,-2.632,0.579,-1.901
2026-07-22T17:45:00,NATURALGAS,2026-07-22,train,TREND_UP,TRENDING,SHORT,0.9619,0.8571,0.0,0.1429,1.024,281.1,0.3,0.512,0.3,0.5857,False,UP,False,1.024,0.857,False,False,False,True,True,True,,1,2.143,2.561,5.0,4B_TRAP,False,True,0.621,5.39,0.0,-3.865,-4.026,0.586,-1.195
2026-07-22T17:50:00,NATURALGAS,2026-07-22,train,TREND_UP,TRENDING,LONG,0.9245,0.5,0.3333,0.1667,0.506,281.4,-0.2,-0.337,0.2,0.5929,True,UP,True,3.205,3.167,False,False,False,False,False,False,1,,0.0,0.0,0.0,4A_CONT,False,False,0.418,1.67,4.785,0.0,2.761,0.593,2.831
2026-07-22T17:55:00,NATURALGAS,2026-07-22,train,TREND_UP,TRENDING,LONG,1.0,0.6842,0.3158,0.0,1.82,281.9,0.7,0.98,0.7,0.7143,False,DOWN,False,0.56,0.211,True,False,False,False,True,True,1,2,0.211,0.56,0.571,4B_TRAP,False,True,1.357,,0.074,-1.105,-1.179,0.714,-2.24
2026-07-22T18:05:00,NATURALGAS,2026-07-22,train,TREND_UP,TRENDING,SHORT,0.9908,0.5385,0.0769,0.3846,0.916,282.3,0.7,0.916,0.7,0.7643,True,DOWN,True,0.654,0.385,True,True,True,False,False,False,1,,0.0,0.0,0.0,4B_TRAP,False,False,0.839,1.07,1.788,-1.788,-1.907,0.764,-2.093
2026-07-22T18:20:00,NATURALGAS,2026-07-22,train,TREND_UP,TRENDING,SHORT,0.9732,0.5833,0.0,0.4167,0.907,281.1,0.1,0.13,0.1,0.7714,False,UP,False,1.167,0.75,False,False,False,True,True,True,4,1,0.25,0.389,3.0,4B_TRAP,False,True,0.736,4.86,0.136,-1.087,-1.223,0.771,-1.167
2026-07-22T18:25:00,NATURALGAS,2026-07-22,train,TREND_UP,FAILED_BREAKOUT,LONG,0.9646,0.4444,0.4444,0.1111,0.514,281.8,-0.4,-0.514,0.4,0.7786,False,DOWN,False,0.771,0.667,False,False,False,True,True,True,,1,1.111,1.284,2.5,4B_TRAP,False,True,0.527,0.76,0.0,-1.328,-1.518,0.779,-1.284
2026-07-22T18:30:00,NATURALGAS,2026-07-22,train,TREND_UP,FAILED_BREAKDOWN,LONG,0.9035,0.3333,0.0,0.6667,0.272,278.94,2.16,2.936,2.16,0.7357,True,UP,True,0.951,1.167,True,True,True,False,False,False,1,,0.0,0.0,0.0,4B_TRAP,False,False,0.418,1.67,0.239,-1.435,-1.675,0.736,-1.495
2026-07-22T18:35:00,NATURALGAS,2026-07-22,train,TREND_UP,FAILED_BREAKOUT,LONG,0.9304,0.1429,0.0,0.8571,0.131,278.94,2.26,2.957,2.26,0.7643,False,DOWN,False,0.785,0.857,True,True,True,False,False,False,1,,0.0,0.0,0.0,4B_TRAP,False,False,0.721,0.83,0.139,-1.526,-1.664,0.764,-1.57
2026-07-22T18:45:00,NATURALGAS,2026-07-22,train,TREND_UP,FAILED_BREAKOUT,LONG,0.9316,0.2857,0.0,0.7143,0.252,278.94,1.66,2.094,1.66,0.7929,False,DOWN,False,0.883,1.0,True,True,True,False,False,False,1,,0.0,0.0,0.0,4A_CONT,False,False,0.521,2.3,4.798,-0.96,2.808,0.793,2.874
2026-07-22T18:50:00,NATURALGAS,2026-07-22,train,TREND_UP,FAILED_BREAKOUT,SHORT,0.9322,0.5714,0.4286,0.0,0.487,280.5,0.3,0.365,0.3,0.8214,False,UP,False,0.365,0.429,True,False,False,False,True,True,1,2,2.0,1.704,4.667,4B_TRAP,False,True,0.721,4.04,0.139,-1.387,-1.526,0.821,-1.339
2026-07-22T19:00:00,NATURALGAS,2026-07-22,train,TREND_UP,FAILED_BREAKOUT,LONG,0.9333,0.7143,0.0,0.2857,0.625,280.9,0.3,0.375,0.3,0.8,True,UP,True,0.875,1.0,True,True,True,False,False,False,1,,0.0,0.0,0.0,4A_CONT,True,False,0.721,2.77,3.329,0.0,2.861,0.8,2.875
2026-07-22T19:05:00,NATURALGAS,2026-07-22,train,TREND_UP,FAILED_BREAKOUT,LONG,0.9339,0.8571,0.1429,0.0,0.84,281.2,0.7,0.98,0.7,0.7143,True,UP,True,1.12,1.143,True,True,True,False,False,False,1,,0.0,0.0,0.0,4B_TRAP,True,False,0.621,2.09,2.738,-1.288,-1.449,0.714,-1.26
2026-07-22T19:10:00,NATURALGAS,2026-07-22,train,TREND_UP,TRENDING,LONG,0.9344,0.375,0.5,0.125,0.389,282.0,0.7,0.907,0.7,0.7714,True,UP,True,0.389,0.375,True,True,True,False,False,False,1,,0.0,0.0,0.0,4B_TRAP,False,False,0.424,1.18,2.123,-1.179,-1.415,0.771,-1.556
2026-07-22T19:20:00,NATURALGAS,2026-07-22,train,TREND_UP,TRENDING,LONG,0.9355,0.125,0.5,0.375,0.137,283.2,0.0,0.0,0.0,0.7286,False,DOWN,False,0.412,0.375,False,False,False,True,True,True,,1,1.25,1.372,1000000000.0,4B_TRAP,False,True,0.424,,0.472,-1.179,-1.415,0.729,-1.51
2026-07-22T19:35:00,NATURALGAS,2026-07-22,train,TREND_UP,TRENDING,SHORT,0.9213,1.0,0.0,0.0,1.077,282.7,0.5,0.769,0.5,0.65,True,DOWN,True,0.462,0.429,True,True,True,False,False,False,1,,0.0,0.0,0.0,4B_TRAP,True,False,0.721,6.98,1.526,-1.248,-1.387,0.65,-1.231
2026-07-22T19:55:00,NATURALGAS,2026-07-22,train,TREND_UP,TRENDING,LONG,0.9237,1.0,0.0,0.0,1.14,282.0,0.5,0.814,0.5,0.6143,False,DOWN,False,0.814,0.714,False,False,False,True,True,True,,1,1.286,1.465,1.8,4B_TRAP,False,True,0.721,0.55,0.0,-1.942,-2.08,0.614,-1.302
2026-07-22T20:05:00,NATURALGAS,2026-07-22,train,TREND_UP,TRENDING,SHORT,0.9248,0.875,0.125,0.0,1.077,281.4,0.3,0.462,0.3,0.65,False,UP,False,0.615,0.5,False,False,False,True,True,True,,1,0.5,0.615,1.333,4B_TRAP,False,True,0.824,4.77,0.0,-1.092,-1.214,0.65,-1.538
2026-07-22T21:10:00,NATURALGAS,2026-07-22,train,TREND_UP,TRENDING,SHORT,0.9247,0.7143,0.0,0.2857,1.148,281.6,-0.1,-0.23,0.1,0.4357,True,DOWN,True,0.918,0.571,False,False,False,False,True,True,1,2,0.143,0.23,1.0,4B_TRAP,False,True,0.521,0.19,1.152,-1.152,-1.344,0.436,-1.607
2026-07-22T22:00:00,NATURALGAS,2026-07-22,train,TREND_UP,TRENDING,LONG,0.9295,1.0,0.0,0.0,1.75,281.9,0.4,1.0,0.4,0.4,True,UP,True,1.0,0.571,True,True,True,False,False,False,1,,0.0,0.0,0.0,4X_AMBIG,True,False,0.721,1.8,1.942,-0.416,1.803,0.4,2.75
2026-07-23T11:05:00,NATURALGAS,2026-07-23,train,CHOP,TRENDING,LONG,0.92,1.0,0.0,0.0,1.697,286.1,0.3,1.273,0.3,0.2357,True,UP,True,1.697,1.0,True,True,True,False,False,False,1,,0.0,0.0,0.0,4A_CONT,True,False,0.412,,3.398,0.0,2.757,0.236,2.576
2026-07-23T11:10:00,NATURALGAS,2026-07-23,train,CHOP,TRENDING,LONG,0.9231,0.75,0.0,0.25,1.167,286.4,0.5,1.944,0.5,0.2571,False,DOWN,False,0.389,0.25,True,True,True,False,False,False,1,,0.0,0.0,0.0,4B_TRAP,False,False,0.412,,2.67,-1.214,-1.456,0.257,2.611
2026-07-23T11:20:00,NATURALGAS,2026-07-23,train,CHOP,TRENDING,LONG,1.0,1.0,0.0,0.0,1.892,287.0,0.4,1.514,0.4,0.2643,True,UP,True,1.135,0.6,True,True,True,False,False,False,1,,0.0,0.0,0.0,4B_TRAP,True,False,0.515,,1.165,-1.359,-1.553,0.264,-1.514
2026-07-23T11:30:00,NATURALGAS,2026-07-23,train,CHOP,TRENDING,LONG,1.0,0.4,0.0,0.6,0.667,286.1,1.4,4.667,1.4,0.3,True,UP,True,1.0,0.6,True,True,True,False,False,False,1,,0.0,0.0,0.0,4B_TRAP,False,False,0.315,0.95,1.587,-1.27,-1.587,0.3,-1.333
2026-07-23T11:50:00,NATURALGAS,2026-07-23,train,CHOP,TRENDING,SHORT,1.0,1.0,0.0,0.0,1.458,287.2,0.0,0.0,0.0,0.3429,False,UP,False,1.167,0.8,False,False,False,True,True,True,,1,0.2,0.292,100000000.0,4A_CONT,False,False,0.515,3.13,3.689,-0.583,2.806,0.343,2.708
2026-07-23T13:35:00,NATURALGAS,2026-07-23,train,CHOP,TRENDING,SHORT,1.0,1.0,0.0,0.0,1.591,286.7,0.2,0.636,0.2,0.3143,False,UP,False,0.636,0.4,True,False,False,False,False,False,1,2,0.0,0.0,0.0,4A_CONT,False,False,0.515,2.08,3.689,-0.388,2.806,0.314,2.682
2026-07-23T14:00:00,NATURALGAS,2026-07-23,train,CHOP,FAILED_BREAKOUT,LONG,0.9,0.75,0.25,0.0,0.955,286.4,-0.1,-0.318,0.1,0.3143,False,DOWN,False,0.955,0.75,False,False,False,True,True,True,,1,2.75,3.5,11.0,4B_TRAP,False,True,0.312,1.28,0.0,-1.603,-1.923,0.314,-1.909
2026-07-23T14:15:00,NATURALGAS,2026-07-23,train,CHOP,FAILED_BREAKOUT,SHORT,1.0,1.0,0.0,0.0,1.556,285.4,0.1,0.311,0.1,0.3214,True,DOWN,True,2.178,1.4,True,True,True,False,False,False,1,,0.0,0.0,0.0,4B_TRAP,True,False,0.515,,2.136,-1.165,-1.359,0.321,2.689
2026-07-23T14:20:00,NATURALGAS,2026-07-23,train,CHOP,FAILED_BREAKOUT,SHORT,1.0,1.0,0.0,0.0,1.96,285.3,0.7,1.96,0.7,0.3571,False,UP,False,0.84,0.429,True,True,True,False,False,False,1,,0.0,0.0,0.0,4B_TRAP,False,False,0.721,,0.555,-1.387,-1.526,0.357,-1.4
2026-07-23T14:30:00,NATURALGAS,2026-07-23,train,CHOP,FAILED_BREAKOUT,SHORT,0.9848,1.0,0.0,0.0,1.5,284.6,0.4,1.0,0.4,0.4,False,UP,False,1.25,0.833,False,False,False,True,True,True,,1,0.667,1.0,1.0,4B_TRAP,False,True,0.618,,0.0,-1.456,-1.618,0.4,-1.75
2026-07-23T14:35:00,NATURALGAS,2026-07-23,train,CHOP,FAILED_BREAKOUT,LONG,0.9701,1.0,0.0,0.0,1.186,284.8,0.0,0.0,0.0,0.4214,True,UP,True,1.187,1.0,False,False,False,False,False,False,1,2,0.0,0.0,0.0,4A_CONT,False,False,0.515,3.11,3.107,-0.583,2.806,0.421,2.763
2026-07-23T14:40:00,NATURALGAS,2026-07-23,train,CHOP,FAILED_BREAKOUT,LONG,0.9706,0.8,0.2,0.0,0.933,284.8,0.2,0.467,0.2,0.4286,False,DOWN,False,0.933,0.8,False,False,False,False,False,False,2,1,0.0,0.0,0.0,4B_TRAP,False,False,0.415,3.37,0.482,-1.205,-1.446,0.429,-1.4
2026-07-23T15:20:00,NATURALGAS,2026-07-23,train,CHOP,FAILED_BREAKOUT,LONG,0.9737,0.2,0.4,0.4,0.219,285.6,0.1,0.219,0.1,0.4571,False,DOWN,False,0.656,0.6,False,False,False,False,True,True,,1,0.8,0.875,4.0,4B_TRAP,False,True,0.315,5.17,0.317,-1.587,-1.905,0.457,-1.313
2026-07-23T15:40:00,NATURALGAS,2026-07-23,train,CHOP,FAILED_BREAKOUT,SHORT,0.975,1.0,0.0,0.0,1.25,285.1,0.4,1.0,0.4,0.4,False,UP,False,1.75,1.4,False,False,False,True,True,True,,1,1.2,1.5,1.5,4B_TRAP,False,True,0.515,0.39,0.0,-1.359,-1.553,0.4,-2.0
2026-07-23T15:45:00,NATURALGAS,2026-07-23,train,CHOP,FAILED_BREAKOUT,LONG,1.0,1.0,0.0,0.0,1.719,285.2,0.2,0.491,0.2,0.4071,True,UP,True,1.719,1.0,True,True,True,False,False,False,1,,0.0,0.0,0.0,4A_CONT,True,False,0.721,0.69,3.467,-0.693,2.861,0.407,2.754
2026-07-23T15:50:00,NATURALGAS,2026-07-23,train,CHOP,FAILED_BREAKOUT,LONG,1.0,0.5714,0.4286,0.0,0.949,285.9,-0.2,-0.475,0.2,0.4214,False,DOWN,False,0.712,0.429,False,False,False,True,True,True,2,1,0.429,0.712,1.5,4B_TRAP,False,True,0.421,0.48,2.85,-1.425,-1.663,0.421,-1.661
2026-07-23T16:15:00,NATURALGAS,2026-07-23,train,CHOP,FAILED_BREAKOUT,LONG,0.954,0.8,0.2,0.0,0.862,286.3,0.0,0.0,0.0,0.4643,True,UP,True,0.646,0.6,False,False,False,False,False,False,1,4,0.0,0.0,0.0,4B_TRAP,False,False,0.415,1.33,1.446,-2.41,-2.651,0.464,-2.369
2026-07-23T16:30:00,NATURALGAS,2026-07-23,train,CHOP,FAILED_BREAKOUT,SHORT,0.9556,0.0,0.8,0.2,0.0,286.4,-0.1,-0.226,0.1,0.4429,True,DOWN,True,1.58,1.4,False,False,False,False,False,False,1,,0.0,0.0,0.0,4A_CONT,False,False,0.415,2.17,3.373,-0.482,2.759,0.443,2.774
2026-07-23T16:35:00,NATURALGAS,2026-07-23,train,CHOP,FAILED_BREAKOUT,SHORT,1.0,1.0,0.0,0.0,1.485,286.4,0.4,0.848,0.4,0.4714,False,UP,False,0.424,0.286,True,True,True,False,False,False,1,,0.0,0.0,0.0,4B_TRAP,False,False,0.721,0.55,1.248,-1.11,-1.248,0.471,-1.909
2026-07-23T16:55:00,NATURALGAS,2026-07-23,train,CHOP,FAILED_BREAKOUT,LONG,0.9474,1.0,0.0,0.0,1.061,285.8,0.1,0.212,0.1,0.4714,False,DOWN,False,1.273,1.2,False,False,False,True,True,True,4,1,1.0,1.061,5.0,4B_TRAP,False,True,0.515,1.94,0.0,-1.553,-1.748,0.471,-1.909
2026-07-23T17:00:00,NATURALGAS,2026-07-23,train,CHOP,FAILED_BREAKOUT,SHORT,0.9479,0.6667,0.0,0.3333,0.836,285.27,-0.03,-0.063,0.03,0.4786,False,UP,False,0.836,0.667,False,False,False,True,True,True,,1,1.383,1.734,27.667,4B_TRAP,False,True,0.418,0.07,0.0,-1.435,-1.675,0.479,-1.463
2026-07-23T17:30:00,NATURALGAS,2026-07-23,train,CHOP,FAILED_BREAKOUT,LONG,0.9608,0.3333,0.0,0.6667,0.394,285.7,0.1,0.197,0.1,0.5071,True,UP,True,0.986,0.833,True,True,False,False,False,True,1,3,0.5,0.592,3.0,4B_TRAP,False,True,0.618,0.97,1.618,-1.456,-1.618,0.507,-1.972
2026-07-23T17:40:00,NATURALGAS,2026-07-23,train,CHOP,FAILED_BREAKOUT,LONG,0.9615,1.0,0.0,0.0,1.077,286.77,0.03,0.054,0.03,0.5571,False,DOWN,False,2.693,2.5,False,False,False,True,True,True,2,1,2.283,2.459,45.667,4B_TRAP,False,True,0.618,1.94,0.0,-3.074,-3.236,0.557,-3.59
2026-07-23T17:45:00,NATURALGAS,2026-07-23,train,CHOP,FAILED_BREAKOUT,SHORT,1.0,0.6667,0.0,0.3333,1.556,285.2,-0.2,-0.311,0.2,0.6429,False,UP,False,4.044,1.733,False,False,False,True,True,True,,1,2.6,6.066,19.5,4B_TRAP,False,True,1.045,0.19,0.096,-2.392,-2.488,0.643,-4.044
2026-07-23T17:50:00,NATURALGAS,2026-07-23,train,CHOP,FAILED_BREAKOUT,LONG,1.0,0.8077,0.1923,0.0,2.697,286.8,0.6,0.771,0.6,0.7786,True,UP,True,0.899,0.269,True,True,True,False,False,False,1,,0.0,0.0,0.0,4B_TRAP,True,False,2.178,0.28,0.872,-1.148,-1.194,0.779,-2.055
2026-07-23T17:55:00,NATURALGAS,2026-07-23,train,CHOP,FAILED_BREAKDOWN,LONG,0.9813,0.1429,0.4286,0.4286,0.12,288.0,0.3,0.359,0.3,0.8357,True,UP,True,1.436,1.714,True,True,True,False,False,False,1,,0.0,0.0,0.0,4B_TRAP,False,False,0.421,,2.375,-3.325,-3.563,0.836,-1.795
2026-07-23T18:00:00,NATURALGAS,2026-07-23,train,CHOP,TRENDING,LONG,0.9815,0.5833,0.0833,0.3333,0.778,288.6,0.5,0.556,0.5,0.9,True,UP,True,0.222,0.167,True,False,False,False,True,True,1,2,0.083,0.111,0.2,4B_TRAP,False,True,1.136,,0.176,-1.937,-2.025,0.9,-2.556
2026-07-23T18:10:00,NATURALGAS,2026-07-23,train,CHOP,TRENDING,SHORT,0.9636,1.0,0.0,0.0,0.797,289.1,0.6,0.683,0.6,0.8786,False,UP,False,1.024,1.286,False,False,False,True,True,True,2,1,0.143,0.114,0.167,4A_CONT,False,False,0.721,4.37,3.606,-0.971,2.861,0.879,2.886
2026-07-23T18:15:00,NATURALGAS,2026-07-23,train,CHOP,TRENDING,LONG,0.973,0.7778,0.0,0.2222,0.766,289.2,0.0,0.0,0.0,0.9143,False,DOWN,False,0.328,0.333,False,False,False,True,True,True,,1,1.667,1.641,1500000000.0,4B_TRAP,False,True,0.927,0.11,0.0,-2.481,-2.589,0.914,-2.625
2026-07-23T18:30:00,NATURALGAS,2026-07-23,train,CHOP,TRENDING,LONG,0.9825,0.25,0.0833,0.6667,0.304,287.33,0.37,0.375,0.37,0.9857,False,DOWN,False,0.507,0.417,True,False,False,False,True,True,1,2,0.858,1.045,2.784,4B_TRAP,False,True,0.836,1.79,0.0,-2.153,-2.273,0.986,-1.928
2026-07-23T18:45:00,NATURALGAS,2026-07-23,train,CHOP,FAILED_BREAKOUT,SHORT,0.9829,0.6923,0.0,0.3077,0.846,286.9,0.6,0.564,0.6,1.0643,True,DOWN,True,0.47,0.385,True,True,True,False,False,False,1,,0.0,0.0,0.0,4A_CONT,True,False,0.939,1.04,3.301,-0.319,2.894,1.064,2.906
2026-07-23T19:00:00,NATURALGAS,2026-07-23,train,CHOP,FAILED_BREAKOUT,SHORT,0.9833,0.6154,0.0,0.3846,0.918,284.2,-0.1,-0.115,0.1,0.8714,False,UP,False,0.574,0.385,False,False,False,True,True,True,,1,0.231,0.344,3.0,4B_TRAP,False,True,0.839,0.12,0.715,-1.311,-1.43,0.871,-1.377
2026-07-23T20:00:00,NATURALGAS,2026-07-23,train,CHOP,FAILED_BREAKOUT,SHORT,0.9697,0.3846,0.6154,0.0,0.805,285.16,0.56,0.901,0.56,0.6214,False,UP,False,2.092,1.0,False,False,False,True,True,True,2,1,0.185,0.386,0.429,4B_TRAP,False,True,0.839,0.83,0.596,-1.192,-1.311,0.621,-1.448
2026-07-23T20:05:00,NATURALGAS,2026-07-23,train,CHOP,FAILED_BREAKOUT,LONG,0.9699,0.7692,0.0,0.2308,1.489,285.4,0.0,0.0,0.0,0.6714,False,DOWN,False,0.745,0.385,False,False,False,True,True,True,4,1,0.385,0.745,500000000.0,4B_TRAP,False,True,1.339,1.48,0.896,-1.344,-1.419,0.671,-1.191
2026-07-23T20:20:00,NATURALGAS,2026-07-23,train,CHOP,FAILED_BREAKOUT,LONG,0.9338,0.5714,0.4286,0.0,0.629,285.4,-0.1,-0.157,0.1,0.6357,True,UP,True,1.258,1.143,False,False,False,False,False,True,1,3,1.0,1.101,7.0,4B_TRAP,False,True,0.421,0.24,1.663,-1.425,-1.663,0.636,-1.73
2026-07-23T20:25:00,NATURALGAS,2026-07-23,train,CHOP,FAILED_BREAKOUT,LONG,0.9343,0.5,0.125,0.375,0.609,285.6,0.3,0.457,0.3,0.6571,True,UP,True,0.609,0.5,True,False,False,False,True,True,1,2,1.125,1.37,3.0,4B_TRAP,False,True,0.724,1.55,0.138,-1.657,-1.796,0.657,-1.978
2026-07-23T20:35:00,NATURALGAS,2026-07-23,train,CHOP,FAILED_BREAKOUT,SHORT,0.9424,1.0,0.0,0.0,1.51,284.9,0.2,0.275,0.2,0.7286,False,UP,False,1.51,1.0,False,False,False,True,True,True,,1,0.909,1.372,5.0,4B_TRAP,False,True,1.133,0.11,0.0,-1.059,-1.147,0.729,-1.647
2026-07-23T20:40:00,NATURALGAS,2026-07-23,train,CHOP,FAILED_BREAKOUT,LONG,0.9429,0.8182,0.1818,0.0,1.145,285.8,-0.2,-0.255,0.2,0.7857,True,UP,True,0.636,0.455,False,False,False,False,True,True,1,2,0.364,0.509,2.0,4B_TRAP,False,True,0.933,0.43,1.072,-1.393,-1.501,0.786,-1.782
2026-07-23T21:00:00,NATURALGAS,2026-07-23,train,CHOP,FAILED_BREAKOUT,LONG,0.9167,0.75,0.25,0.0,0.75,286.2,0.0,0.0,0.0,0.8,True,UP,True,0.5,0.5,False,False,False,False,True,True,,1,1.125,1.125,900000000.0,4B_TRAP,False,True,0.624,1.14,0.641,-1.763,-1.923,0.8,-1.5
2026-07-23T21:15:00,NATURALGAS,2026-07-23,train,CHOP,FAILED_BREAKOUT,SHORT,0.932,0.6364,0.1818,0.1818,1.0,285.4,0.1,0.143,0.1,0.7,True,DOWN,True,0.571,0.364,True,True,False,False,False,True,1,3,0.182,0.286,2.0,4A_CONT,True,False,0.933,0.78,3.323,-0.536,2.893,0.7,2.857
2026-07-23T21:45:00,NATURALGAS,2026-07-23,train,CHOP,FAILED_BREAKOUT,SHORT,0.9281,0.6,0.2,0.2,0.955,284.57,0.07,0.111,0.07,0.6286,True,DOWN,True,1.591,1.0,True,True,True,False,False,False,1,,0.0,0.0,0.0,4A_CONT,True,False,0.83,0.96,2.771,-0.12,0.12,0.629,2.841
2026-07-23T21:50:00,NATURALGAS,2026-07-23,train,CHOP,FAILED_BREAKOUT,SHORT,0.9286,1.0,0.0,0.0,1.609,283.7,0.1,0.161,0.1,0.6214,False,UP,False,0.805,0.5,False,False,False,False,True,True,4,1,0.3,0.483,3.0,4X_AMBIG,False,False,1.03,,1.359,-0.777,-0.777,0.621,-1.287
2026-07-23T22:50:00,NATURALGAS,2026-07-23,train,CHOP,FAILED_BREAKOUT,SHORT,0.9157,0.875,0.0,0.125,1.225,283.2,0.1,0.175,0.1,0.5714,True,DOWN,True,1.4,1.0,True,False,False,False,True,True,1,2,0.125,0.175,1.0,4B_TRAP,False,True,0.724,,1.243,-1.381,-1.519,0.571,-1.925
2026-07-23T23:00:00,NATURALGAS,2026-07-23,train,CHOP,FAILED_BREAKOUT,LONG,0.9345,0.9,0.1,0.0,1.595,283.0,0.3,0.532,0.3,0.5643,False,DOWN,False,1.595,0.9,False,False,False,True,True,True,3,1,0.3,0.532,1.0,4X_AMBIG,False,False,0.93,0.54,1.183,-0.753,1.183,0.564,-1.418
2026-07-24T10:20:00,NATURALGAS,2026-07-24,train,TREND_DOWN,TRENDING,SHORT,1.0,0.8333,0.1667,0.0,2.745,282.3,0.7,1.922,0.7,0.3643,False,UP,False,0.823,0.25,True,True,True,False,False,False,1,,0.0,0.0,0.0,4B_TRAP,False,False,1.236,,2.67,-1.294,-1.375,0.364,2.725
2026-07-24T10:40:00,NATURALGAS,2026-07-24,train,TREND_DOWN,TRENDING,SHORT,0.95,0.7143,0.0,0.2857,1.273,281.2,0.2,0.509,0.2,0.3929,False,UP,False,1.018,0.571,False,False,False,True,True,True,,1,0.571,1.018,2.0,4B_TRAP,False,True,0.521,,0.0,-1.152,-1.344,0.393,-1.273
2026-07-24T11:10:00,NATURALGAS,2026-07-24,train,TREND_DOWN,TRENDING,SHORT,0.9231,0.8333,0.1667,0.0,1.25,280.8,0.1,0.25,0.1,0.4,True,DOWN,True,1.0,0.667,True,True,True,False,False,False,1,,0.0,0.0,0.0,4A_CONT,True,False,0.618,,3.236,-0.324,2.838,0.4,2.75
2026-07-24T11:35:00,NATURALGAS,2026-07-24,train,TREND_DOWN,TRENDING,SHORT,0.9355,0.5,0.1667,0.3333,0.778,280.0,0.4,1.037,0.4,0.3857,False,UP,False,1.815,1.167,False,False,False,False,False,False,3,1,0.0,0.0,0.0,4B_TRAP,False,False,0.418,,0.0,-1.675,-1.914,0.386,-2.074
2026-07-24T11:40:00,NATURALGAS,2026-07-24,train,TREND_DOWN,TRENDING,LONG,0.9688,0.5714,0.4286,0.0,1.0,280.0,0.0,0.0,0.0,0.4,True,UP,True,1.0,0.571,False,False,False,False,True,True,,1,0.286,0.5,200000000.0,4B_TRAP,False,True,0.421,3.8,0.713,-1.188,-1.425,0.4,-1.25
2026-07-24T12:35:00,NATURALGAS,2026-07-24,train,TREND_DOWN,TRENDING,SHORT,0.9302,0.6667,0.3333,0.0,0.982,278.9,0.2,0.491,0.2,0.4071,False,UP,False,0.491,0.333,True,False,False,False,False,True,1,2,0.833,1.228,2.5,4B_TRAP,False,True,0.618,,0.324,-1.133,-1.294,0.407,-1.965
2026-07-24T15:20:00,NATURALGAS,2026-07-24,train,TREND_DOWN,TRENDING,SHORT,0.96,0.3333,0.6667,0.0,0.651,278.4,-0.2,-0.651,0.2,0.3071,False,UP,False,0.977,0.5,False,False,False,True,True,True,,1,1.0,1.954,3.0,4B_TRAP,False,True,0.418,0.6,0.239,-1.196,-1.435,0.307,-1.628
2026-07-24T16:30:00,NATURALGAS,2026-07-24,train,TREND_DOWN,TRENDING,SHORT,0.9888,1.0,0.0,0.0,2.074,278.8,0.0,0.0,0.0,0.3857,False,UP,False,0.778,0.375,False,False,False,True,True,True,,1,0.875,1.815,700000000.0,4B_TRAP,False,True,0.824,0.55,0.0,-1.456,-1.578,0.386,-1.296
2026-07-24T16:40:00,NATURALGAS,2026-07-24,train,TREND_DOWN,TRENDING,SHORT,0.9011,0.6,0.4,0.0,0.75,278.8,0.0,0.0,0.0,0.4,False,UP,False,1.5,1.2,False,False,False,True,True,True,,1,2.0,2.5,1000000000.0,4B_TRAP,False,True,0.515,0.87,0.0,-1.359,-1.553,0.4,-2.0
2026-07-24T16:45:00,NATURALGAS,2026-07-24,train,TREND_DOWN,TRENDING,LONG,0.9565,1.0,0.0,0.0,1.4,279.3,0.2,0.467,0.2,0.4286,True,UP,True,0.7,0.5,True,True,True,False,False,False,1,,0.0,0.0,0.0,4A_CONT,True,False,0.618,0.65,3.074,-0.485,2.838,0.429,2.767
2026-07-24T17:15:00,NATURALGAS,2026-07-24,train,TREND_DOWN,TRENDING,LONG,0.9898,1.0,0.0,0.0,1.75,280.33,0.47,1.028,0.47,0.4571,True,UP,True,0.656,0.375,True,True,True,False,False,False,1,,0.0,0.0,0.0,4A_CONT,True,False,0.824,3.03,4.126,-0.364,2.879,0.457,2.781
2026-07-24T17:25:00,NATURALGAS,2026-07-24,train,TREND_DOWN,TRENDING,SHORT,0.99,0.5556,0.3333,0.1111,1.0,280.5,-0.1,-0.2,0.1,0.5,False,UP,False,2.4,1.333,False,False,False,True,True,True,,1,2.889,5.2,26.0,4B_TRAP,False,True,0.827,1.33,0.0,-1.693,-1.814,0.5,-3.0
2026-07-24T17:30:00,NATURALGAS,2026-07-24,train,TREND_DOWN,TRENDING,LONG,1.0,1.0,0.0,0.0,2.074,281.4,0.6,1.037,0.6,0.5786,True,UP,True,2.592,1.25,True,True,True,False,False,False,1,,0.0,0.0,0.0,4B_TRAP,True,False,1.236,1.05,2.589,-1.052,-1.133,0.579,2.827
2026-07-24T17:35:00,NATURALGAS,2026-07-24,train,TREND_DOWN,FAILED_BREAKDOWN,LONG,1.0,0.8667,0.0667,0.0667,1.957,282.0,1.1,1.656,1.1,0.6643,False,DOWN,False,1.054,0.467,True,True,True,False,False,False,1,,0.0,0.0,0.0,4B_TRAP,False,False,1.445,0.14,1.453,-1.453,-1.522,0.664,-1.806
2026-07-24T17:50:00,NATURALGAS,2026-07-24,train,TREND_DOWN,FAILED_BREAKDOWN,LONG,0.9429,0.4286,0.2857,0.2857,0.424,282.4,0.3,0.424,0.3,0.7071,False,DOWN,False,0.424,0.429,True,True,True,False,False,False,1,,0.0,0.0,0.0,4A_CONT,False,False,0.521,0.96,3.263,-0.192,2.808,0.707,2.859
2026-07-24T18:00:00,NATURALGAS,2026-07-24,train,TREND_DOWN,FAILED_BREAKDOWN,LONG,0.972,1.0,0.0,0.0,1.426,283.3,0.9,1.167,0.9,0.7714,True,UP,True,0.648,0.455,True,True,True,False,False,False,1,,0.0,0.0,0.0,4B_TRAP,True,False,1.133,,0.883,-1.589,-1.677,0.771,-1.426
2026-07-24T18:10:00,NATURALGAS,2026-07-24,train,TREND_DOWN,FAILED_BREAKDOWN,LONG,0.9358,0.5714,0.4286,0.0,0.491,284.4,0.5,0.614,0.5,0.8143,True,UP,True,1.105,1.286,True,True,True,False,False,False,1,,0.0,0.0,0.0,4B_TRAP,True,False,0.421,,0.475,-1.663,-1.9,0.814,-1.596
2026-07-24T18:15:00,NATURALGAS,2026-07-24,train,TREND_DOWN,FAILED_BREAKDOWN,LONG,0.9636,0.4444,0.1111,0.4444,0.475,282.9,2.1,2.492,2.1,0.8429,True,UP,True,0.475,0.444,True,True,True,False,False,False,1,,0.0,0.0,0.0,4B_TRAP,False,False,0.827,0.24,0.242,-1.572,-1.693,0.843,-1.661
2026-07-24T18:40:00,NATURALGAS,2026-07-24,train,TREND_DOWN,FAILED_BREAKDOWN,SHORT,1.0,1.0,0.0,0.0,1.858,284.3,0.6,0.743,0.6,0.8071,False,UP,False,0.867,0.467,False,False,False,False,False,False,2,1,0.0,0.0,0.0,4A_CONT,False,False,1.545,3.45,3.172,-0.583,2.935,0.807,-1.239
2026-07-24T18:45:00,NATURALGAS,2026-07-24,train,TREND_DOWN,FAILED_BREAKDOWN,LONG,0.9224,0.5714,0.4286,0.0,0.523,281.53,2.77,3.624,2.77,0.7643,False,DOWN,False,0.785,0.857,True,True,True,False,False,False,1,,0.0,0.0,0.0,4B_TRAP,False,False,0.421,2.14,0.475,-2.613,-2.85,0.764,-1.57
2026-07-24T19:05:00,NATURALGAS,2026-07-24,train,TREND_DOWN,FAILED_BREAKDOWN,SHORT,0.9167,0.8571,0.0,0.1429,0.8,283.9,0.6,0.8,0.6,0.75,True,DOWN,True,1.333,1.429,True,True,True,False,False,False,1,,0.0,0.0,0.0,4A_CONT,True,False,0.621,7.94,3.704,-0.161,2.839,0.75,2.867
2026-07-24T19:10:00,NATURALGAS,2026-07-24,train,TREND_DOWN,FAILED_BREAKDOWN,SHORT,0.9587,0.7,0.1,0.2,0.99,283.2,0.6,0.848,0.6,0.7071,True,DOWN,True,1.414,1.0,True,True,True,False,False,False,1,,0.0,0.0,0.0,4B_TRAP,True,False,0.83,5.1,2.651,-1.446,-1.566,0.707,2.859
2026-07-24T19:15:00,NATURALGAS,2026-07-24,train,TREND_DOWN,FAILED_BREAKOUT,SHORT,0.959,0.7,0.0,0.3,0.891,282.4,1.1,1.4,1.1,0.7857,True,DOWN,True,1.4,1.1,True,True,True,False,False,False,1,5,0.0,0.0,0.0,4B_TRAP,True,False,0.73,4.01,1.233,-2.74,-2.877,0.786,-2.673
2026-07-24T19:20:00,NATURALGAS,2026-07-24,train,TREND_DOWN,FAILED_BREAKOUT,SHORT,0.9675,0.3636,0.4545,0.1818,0.496,281.0,0.1,0.124,0.1,0.8071,True,DOWN,True,0.62,0.455,True,False,False,False,True,True,1,2,0.818,1.115,9.0,4B_TRAP,False,True,0.933,2.71,0.536,-1.072,-1.179,0.807,-1.363
2026-07-24T19:30:00,NATURALGAS,2026-07-24,train,TREND_DOWN,FAILED_BREAKOUT,LONG,0.984,0.4167,0.0833,0.5,0.598,281.1,0.4,0.479,0.4,0.8357,True,UP,True,0.718,0.5,True,True,True,False,False,False,1,,0.0,0.0,0.0,4B_TRAP,False,False,1.136,0.28,2.113,-2.113,-2.201,0.836,-2.991
2026-07-24T19:45:00,NATURALGAS,2026-07-24,train,TREND_DOWN,FAILED_BREAKOUT,LONG,0.9297,1.0,0.0,0.0,0.947,283.3,0.5,0.526,0.5,0.95,False,DOWN,False,1.053,1.111,False,False,False,True,True,True,,1,0.556,0.526,1.0,4B_TRAP,False,True,0.927,0.65,0.0,-1.187,-1.294,0.95,-1.263
2026-07-24T19:50:00,NATURALGAS,2026-07-24,train,TREND_DOWN,FAILED_BREAKDOWN,SHORT,0.9457,0.8,0.1,0.1,0.868,282.9,0.1,0.109,0.1,0.9214,True,DOWN,True,0.326,0.3,False,False,False,True,True,True,5,1,0.2,0.217,2.0,4B_TRAP,False,True,0.93,2.58,0.645,-1.183,-1.29,0.921,-1.302
2026-07-24T20:15:00,NATURALGAS,2026-07-24,train,TREND_DOWN,FAILED_BREAKOUT,LONG,0.903,0.25,0.125,0.625,0.222,282.54,0.16,0.178,0.16,0.9,True,UP,True,1.0,1.125,True,True,True,False,False,False,1,,0.0,0.0,0.0,4B_TRAP,False,False,0.524,1.34,2.29,-1.908,-2.099,0.9,-1.222
2026-07-24T20:20:00,NATURALGAS,2026-07-24,train,TREND_DOWN,FAILED_BREAKOUT,LONG,0.9259,0.4444,0.4444,0.1111,0.448,283.4,-0.2,-0.224,0.2,0.8929,True,UP,True,0.448,0.444,False,False,False,False,False,True,1,3,0.556,0.56,2.5,4B_TRAP,False,True,0.527,0.38,1.328,-1.518,-1.708,0.893,-1.792
2026-07-24T20:35:00,NATURALGAS,2026-07-24,train,TREND_DOWN,FAILED_BREAKDOWN,SHORT,0.9493,0.6,0.4,0.0,0.771,283.5,0.6,0.771,0.6,0.7786,True,DOWN,True,0.642,0.5,True,True,True,False,False,False,1,,0.0,0.0,0.0,4A_CONT,True,False,1.03,0.68,3.689,0.0,2.903,0.779,2.872
2026-07-24T21:10:00,NATURALGAS,2026-07-24,train,TREND_DOWN,FAILED_BREAKOUT,LONG,0.9517,0.7,0.3,0.0,1.054,281.9,0.1,0.151,0.1,0.6643,True,UP,True,0.903,0.6,True,True,False,False,False,True,1,3,0.2,0.301,2.0,4B_TRAP,True,True,0.73,0.74,0.822,-1.644,-1.781,0.664,-1.957
2026-07-24T21:50:00,NATURALGAS,2026-07-24,train,TREND_DOWN,FAILED_BREAKOUT,SHORT,0.902,0.7778,0.1111,0.1111,1.101,280.8,-0.1,-0.157,0.1,0.6357,False,UP,False,0.315,0.222,False,False,False,True,True,True,3,1,0.333,0.472,3.0,4A_CONT,False,False,0.827,0.12,3.386,-0.484,2.879,0.636,2.843
2026-07-24T22:05:00,NATURALGAS,2026-07-24,train,TREND_DOWN,FAILED_BREAKOUT,SHORT,0.9872,1.0,0.0,0.0,2.154,280.8,1.7,2.615,1.7,0.65,False,UP,False,0.769,0.357,True,True,True,False,False,False,1,,0.0,0.0,0.0,4A_CONT,False,False,1.442,0.51,2.288,-0.416,1.734,0.65,2.846
2026-07-27T10:20:00,NATURALGAS,2026-07-27,train,TREND_DOWN,TRENDING,LONG,0.9375,0.7143,0.0,0.2857,1.892,268.3,0.4,1.514,0.4,0.2643,True,UP,True,0.378,0.143,True,True,True,False,False,False,1,,0.0,0.0,0.0,4B_TRAP,True,False,0.721,0.01,1.526,-1.664,-1.803,0.264,2.622
2026-07-27T11:45:00,NATURALGAS,2026-07-27,train,TREND_DOWN,TRENDING,SHORT,1.0,0.8,0.1,0.1,2.435,267.9,0.3,0.913,0.3,0.3286,False,UP,False,0.913,0.3,True,True,True,False,False,False,1,,0.0,0.0,0.0,4A_CONT,False,False,0.93,,3.011,-0.215,2.892,0.329,2.696
2026-07-27T12:00:00,NATURALGAS,2026-07-27,train,TREND_DOWN,TRENDING,SHORT,1.0,0.8846,0.0,0.1154,4.411,267.4,2.1,4.027,2.1,0.5214,True,DOWN,True,1.343,0.269,True,True,True,False,False,False,1,,0.0,0.0,0.0,4B_TRAP,True,False,2.378,,1.346,-1.009,-1.051,0.521,-1.342
2026-07-27T12:05:00,NATURALGAS,2026-07-27,train,TREND_DOWN,TRENDING,SHORT,0.9189,0.8571,0.0,0.1429,1.135,265.0,0.1,0.189,0.1,0.5286,False,UP,False,0.946,0.714,False,False,False,True,True,True,,1,0.429,0.568,3.0,4B_TRAP,False,True,0.621,,0.322,-1.288,-1.449,0.529,-1.703
2026-07-27T12:30:00,NATURALGAS,2026-07-27,train,TREND_DOWN,TRENDING,LONG,0.9286,0.75,0.0,0.25,0.977,265.3,0.4,0.651,0.4,0.6143,False,DOWN,False,1.302,1.0,False,False,False,True,True,True,,1,2.25,2.93,4.5,4B_TRAP,False,True,0.824,4.34,0.243,-1.942,-2.063,0.614,-2.767
2026-07-27T12:35:00,NATURALGAS,2026-07-27,train,TREND_DOWN,TRENDING,SHORT,0.907,1.0,0.0,0.0,1.244,267.96,2.86,4.449,2.86,0.6429,True,DOWN,True,0.933,0.75,True,True,True,False,False,False,1,,0.0,0.0,0.0,4A_CONT,True,False,0.824,0.49,3.034,0.0,2.879,0.643,2.844
2026-07-27T12:50:00,NATURALGAS,2026-07-27,train,TREND_DOWN,TRENDING,SHORT,0.9783,1.0,0.0,0.0,1.296,263.5,0.7,0.907,0.7,0.7714,True,DOWN,True,0.13,0.1,True,True,True,False,False,False,1,,0.0,0.0,0.0,4B_TRAP,True,False,1.03,,0.68,-1.068,-1.165,0.771,-1.556
2026-07-27T14:15:00,NATURALGAS,2026-07-27,train,TREND_DOWN,TRENDING,LONG,0.9365,1.0,0.0,0.0,1.836,262.9,0.2,0.459,0.2,0.4357,True,UP,True,0.689,0.375,True,True,True,False,False,False,1,,0.0,0.0,0.0,4A_CONT,True,False,0.824,8.28,3.883,-0.485,2.879,0.436,2.77
2026-07-27T16:00:00,NATURALGAS,2026-07-27,train,TREND_DOWN,TRENDING,LONG,0.9518,1.0,0.0,0.0,2.036,263.1,0.7,1.782,0.7,0.3929,False,DOWN,False,1.018,0.5,True,True,True,False,False,False,1,,0.0,0.0,0.0,4A_CONT,False,False,0.824,0.36,3.034,-0.243,2.879,0.393,2.745
2026-07-27T16:15:00,NATURALGAS,2026-07-27,train,TREND_DOWN,TRENDING,LONG,0.907,0.7143,0.0,0.2857,1.228,264.1,0.4,0.982,0.4,0.4071,False,DOWN,False,1.719,1.0,True,True,True,False,False,False,1,,0.0,0.0,0.0,4A_CONT,False,False,0.721,5.23,3.19,-0.555,2.861,0.407,2.754
2026-07-27T16:30:00,NATURALGAS,2026-07-27,train,TREND_DOWN,TRENDING,LONG,0.9888,0.8333,0.1667,0.0,1.972,264.9,0.4,0.789,0.4,0.5071,True,UP,True,0.986,0.417,True,False,False,False,True,True,1,2,0.167,0.394,0.5,4B_TRAP,False,True,1.036,2.87,2.799,-1.158,-1.255,0.507,-1.38
2026-07-27T16:40:00,NATURALGAS,2026-07-27,train,TREND_DOWN,TRENDING,SHORT,0.9451,1.0,0.0,0.0,1.493,265.0,0.3,0.56,0.3,0.5357,False,UP,False,2.987,2.0,False,False,False,True,True,True,,1,1.625,2.427,4.333,4B_TRAP,False,True,0.824,0.73,0.0,-1.942,-2.063,0.536,-3.173
2026-07-27T16:45:00,NATURALGAS,2026-07-27,train,TREND_DOWN,TRENDING,LONG,0.9891,1.0,0.0,0.0,2.575,265.5,0.8,1.287,0.8,0.6214,False,DOWN,False,1.126,0.437,True,True,False,False,False,True,1,3,0.312,0.805,0.625,4B_TRAP,False,True,1.648,1.2,0.0,-1.032,-1.092,0.621,-1.448
2026-07-27T17:00:00,NATURALGAS,2026-07-27,train,TREND_DOWN,FAILED_BREAKOUT,SHORT,0.9684,1.0,0.0,0.0,1.54,265.6,0.6,0.84,0.6,0.7143,False,UP,False,1.12,0.727,True,True,True,False,False,False,1,,0.0,0.0,0.0,4B_TRAP,False,False,1.133,0.26,0.441,-1.589,-1.677,0.714,-2.66
2026-07-27T17:20:00,NATURALGAS,2026-07-27,train,TREND_DOWN,TRENDING,SHORT,0.9394,0.5556,0.4444,0.0,0.642,264.6,0.1,0.128,0.1,0.7786,False,UP,False,0.771,0.667,False,False,False,True,True,True,,1,2.556,2.954,23.0,4B_TRAP,False,True,0.927,2.5,0.0,-2.481,-2.589,0.779,-3.083
2026-07-27T17:30:00,NATURALGAS,2026-07-27,train,TREND_DOWN,TRENDING,LONG,0.9802,0.4167,0.5833,0.0,0.598,265.5,0.6,0.718,0.6,0.8357,True,UP,True,0.239,0.167,True,True,False,False,False,True,1,3,0.25,0.359,0.5,4B_TRAP,False,True,0.536,3.75,1.679,-1.679,-1.866,0.836,-1.197
2026-07-27T17:40:00,NATURALGAS,2026-07-27,train,TREND_DOWN,FAILED_BREAKOUT,SHORT,0.9515,0.7,0.3,0.0,0.797,266.8,1.0,1.138,1.0,0.8786,True,DOWN,True,0.569,0.5,True,True,True,False,False,False,1,,0.0,0.0,0.0,4B_TRAP,True,False,1.03,1.26,0.68,-1.553,-1.65,0.879,-1.935
2026-07-27T18:00:00,NATURALGAS,2026-07-27,train,TREND_DOWN,TRENDING,LONG,0.9813,1.0,0.0,0.0,1.527,265.5,0.9,1.145,0.9,0.7857,True,UP,True,0.636,0.417,True,True,True,False,False,False,1,,0.0,0.0,0.0,4B_TRAP,True,False,1.236,0.49,1.456,-1.294,-1.375,0.786,-1.4
2026-07-27T18:15:00,NATURALGAS,2026-07-27,train,TREND_DOWN,FAILED_BREAKOUT,LONG,0.9455,1.0,0.0,0.0,1.273,266.4,1.0,1.273,1.0,0.7857,True,UP,True,1.655,1.3,True,True,True,False,False,False,1,,0.0,0.0,0.0,4B_TRAP,True,False,1.03,0.52,0.097,-1.165,-1.262,0.786,-1.655
2026-07-27T18:20:00,NATURALGAS,2026-07-27,train,TREND_DOWN,FAILED_BREAKOUT,LONG,0.982,0.3077,0.0,0.6923,0.479,267.4,0.1,0.12,0.1,0.8357,False,DOWN,False,1.436,0.923,False,False,False,True,True,True,2,1,0.692,1.077,9.0,4B_TRAP,False,True,1.339,0.33,0.523,-1.568,-1.643,0.836,-1.316
2026-07-27T18:30:00,NATURALGAS,2026-07-27,train,TREND_DOWN,FAILED_BREAKOUT,LONG,0.9292,0.7,0.1,0.2,0.772,266.4,1.1,1.213,1.1,0.9071,False,DOWN,False,1.102,1.0,True,True,True,False,False,False,1,,0.0,0.0,0.0,4B_TRAP,False,False,0.93,0.3,0.753,-1.075,-1.183,0.907,-1.213
2026-07-27T18:55:00,NATURALGAS,2026-07-27,train,TREND_DOWN,FAILED_BREAKDOWN,SHORT,0.9322,0.8,0.2,0.0,0.926,267.6,0.4,0.463,0.4,0.8643,True,DOWN,True,1.041,0.9,True,True,True,False,False,False,1,,0.0,0.0,0.0,4A_CONT,True,False,1.03,0.1,3.01,-0.485,2.903,0.864,2.884
2026-07-27T21:50:00,NATURALGAS,2026-07-27,train,TREND_DOWN,FAILED_BREAKOUT,SHORT,0.9477,1.0,0.0,0.0,2.222,266.9,0.8,1.778,0.8,0.45,True,DOWN,True,2.222,1.0,True,True,True,False,False,False,1,,0.0,0.0,0.0,4X_AMBIG,True,False,1.03,0.97,1.942,0.0,1.65,0.45,2.778
2026-07-27T21:55:00,NATURALGAS,2026-07-27,train,TREND_DOWN,FAILED_BREAKOUT,SHORT,0.9481,1.0,0.0,0.0,2.029,265.1,0.1,0.203,0.1,0.4929,False,UP,False,0.203,0.1,False,False,False,False,True,True,,1,0.2,0.406,2.0,4X_AMBIG,False,False,1.03,2.74,0.874,-0.68,0.583,0.493,-1.217
2026-07-28T11:20:00,NATURALGAS,2026-07-28,train,TREND_DOWN,TRENDING,LONG,0.9231,0.5,0.5,0.0,0.933,262.2,-0.1,-0.467,0.1,0.2143,False,DOWN,False,1.4,0.75,False,False,False,True,True,True,,1,0.5,0.933,2.0,4B_TRAP,False,True,0.212,0.47,1.415,-2.358,-2.83,0.214,-2.8
2026-07-28T12:05:00,NATURALGAS,2026-07-28,train,TREND_DOWN,TRENDING,SHORT,0.9714,1.0,0.0,0.0,1.867,260.9,0.2,0.622,0.2,0.3214,False,UP,False,2.178,1.167,False,False,False,True,True,True,,1,0.667,1.245,2.0,4B_TRAP,False,True,0.618,,0.162,-1.294,-1.456,0.321,-2.178
2026-07-28T12:10:00,NATURALGAS,2026-07-28,train,TREND_DOWN,TRENDING,LONG,0.9722,0.7143,0.0,0.2857,1.4,261.3,0.0,0.0,0.0,0.3571,False,DOWN,False,0.84,0.429,False,False,False,True,True,True,,1,0.429,0.84,300000000.0,4B_TRAP,False,True,0.721,0.8,1.526,-1.248,-1.387,0.357,-1.68
2026-07-28T12:35:00,NATURALGAS,2026-07-28,train,TREND_DOWN,TRENDING,LONG,0.9756,0.1429,0.5714,0.2857,0.286,261.3,-0.2,-0.571,0.2,0.35,True,UP,True,1.429,0.714,False,False,False,False,False,False,1,4,0.0,0.0,0.0,4A_CONT,False,False,0.321,0.62,3.427,-0.312,2.688,0.35,2.714
2026-07-28T12:40:00,NATURALGAS,2026-07-28,train,TREND_DOWN,TRENDING,LONG,0.9048,0.6,0.4,0.0,0.808,261.5,-0.1,-0.269,0.1,0.3714,True,UP,True,1.077,0.8,False,False,False,False,True,True,,1,0.8,1.077,4.0,4B_TRAP,False,True,0.315,2.19,1.27,-1.27,-1.587,0.371,-1.346
2026-07-28T13:10:00,NATURALGAS,2026-07-28,train,TREND_DOWN,TRENDING,LONG,0.9167,0.5,0.3333,0.1667,0.764,261.81,-0.11,-0.28,0.11,0.3929,True,UP,True,1.018,0.667,False,False,False,False,True,True,1,2,0.183,0.28,1.0,4B_TRAP,False,True,0.418,0.24,1.675,-1.196,-1.435,0.393,-1.273
2026-07-28T13:30:00,NATURALGAS,2026-07-28,train,TREND_DOWN,TRENDING,LONG,0.9808,1.0,0.0,0.0,2.074,262.2,0.2,0.519,0.2,0.3857,False,DOWN,False,0.519,0.25,False,False,False,True,True,True,,1,0.75,1.556,3.0,4B_TRAP,False,True,0.824,0.49,0.0,-1.335,-1.456,0.386,-1.556
2026-07-28T14:20:00,NATURALGAS,2026-07-28,train,TREND_DOWN,TRENDING,LONG,0.9836,1.0,0.0,0.0,2.0,261.6,0.4,1.0,0.4,0.4,True,UP,True,0.0,0.0,True,True,True,False,False,False,1,,0.0,0.0,0.0,4B_TRAP,True,False,0.824,0.22,0.243,-1.092,-1.214,0.4,-1.5
2026-07-28T15:15:00,NATURALGAS,2026-07-28,train,TREND_DOWN,TRENDING,SHORT,0.9014,0.4,0.0,0.6,0.622,261.3,-0.1,-0.311,0.1,0.3214,True,DOWN,True,0.933,0.6,False,False,False,False,False,False,1,,0.0,0.0,0.0,4A_CONT,False,False,0.215,0.47,4.651,0.0,2.535,0.321,2.689
2026-07-28T15:30:00,NATURALGAS,2026-07-28,train,TREND_DOWN,TRENDING,SHORT,0.9054,0.2,0.6,0.2,0.286,261.3,0.7,2.0,0.7,0.35,False,UP,False,1.714,1.2,True,True,False,False,False,True,1,3,4.6,6.571,3.286,4B_TRAP,False,True,0.415,0.48,0.482,-1.446,-1.687,0.35,-1.429
2026-07-28T15:35:00,NATURALGAS,2026-07-28,train,TREND_DOWN,TRENDING,LONG,0.9333,0.5,0.1667,0.3333,0.764,261.0,-0.1,-0.255,0.1,0.3929,False,DOWN,False,1.018,0.667,False,False,False,True,True,True,2,1,0.167,0.255,1.0,4A_CONT,False,False,0.518,1.35,6.178,-0.193,2.807,0.393,2.745
2026-07-28T15:45:00,NATURALGAS,2026-07-28,train,TREND_DOWN,TRENDING,LONG,1.0,0.7826,0.2174,0.0,3.036,262.8,0.8,1.349,0.8,0.5929,False,DOWN,False,1.012,0.261,True,True,True,False,False,False,1,,0.0,0.0,0.0,4B_TRAP,False,False,1.869,,0.589,-1.07,-1.124,0.593,-1.181
2026-07-28T16:00:00,NATURALGAS,2026-07-28,train,TREND_DOWN,FAILED_BREAKDOWN,LONG,0.975,0.6667,0.3333,0.0,0.792,264.2,0.2,0.264,0.2,0.7571,False,DOWN,False,1.717,1.444,False,False,False,True,True,True,,1,1.556,1.849,7.0,4B_TRAP,False,True,0.627,,0.319,-1.754,-1.914,0.757,-1.585
2026-07-28T16:05:00,NATURALGAS,2026-07-28,train,TREND_DOWN,FAILED_BREAKDOWN,SHORT,0.9877,0.7692,0.1538,0.0769,1.228,263.8,0.4,0.491,0.4,0.8143,False,UP,False,0.614,0.385,True,True,True,False,False,False,1,,0.0,0.0,0.0,4A_CONT,False,False,1.239,1.69,3.067,-0.404,2.919,0.814,2.877
2026-07-28T16:15:00,NATURALGAS,2026-07-28,train,TREND_DOWN,FAILED_BREAKDOWN,SHORT,0.9639,1.0,0.0,0.0,1.05,263.3,0.5,0.583,0.5,0.8571,True,DOWN,True,0.467,0.444,True,True,True,False,False,False,1,,0.0,0.0,0.0,4A_CONT,True,False,0.927,1.57,3.02,-0.216,2.892,0.857,2.883
2026-07-28T16:25:00,NATURALGAS,2026-07-28,train,TREND_DOWN,FAILED_BREAKOUT,SHORT,0.9765,0.7,0.0,0.3,0.772,262.6,0.7,0.772,0.7,0.9071,False,UP,False,0.551,0.5,True,True,True,False,False,False,1,,0.0,0.0,0.0,4A_CONT,False,False,0.73,0.77,3.151,-0.411,2.863,0.907,2.89
2026-07-28T16:45:00,NATURALGAS,2026-07-28,train,TREND_DOWN,FAILED_BREAKOUT,SHORT,0.9551,0.8889,0.1111,0.0,0.875,261.34,0.24,0.262,0.24,0.9143,True,DOWN,True,0.656,0.667,True,True,True,False,False,False,1,,0.0,0.0,0.0,4B_TRAP,True,False,0.927,0.76,1.187,-1.079,-1.187,0.914,-1.203
2026-07-28T17:05:00,NATURALGAS,2026-07-28,train,TREND_DOWN,TRENDING,LONG,0.9892,0.4667,0.4667,0.0667,0.907,261.1,0.1,0.13,0.1,0.7714,False,DOWN,False,0.519,0.267,False,False,False,True,True,True,5,1,0.4,0.778,6.0,4B_TRAP,False,True,0.845,1.18,0.0,-1.183,-1.302,0.771,-1.426
2026-07-28T17:30:00,NATURALGAS,2026-07-28,train,TREND_DOWN,FAILED_BREAKOUT,LONG,0.9082,0.875,0.125,0.0,1.043,260.9,0.6,0.894,0.6,0.6714,True,UP,True,0.894,0.75,True,True,False,False,False,True,1,3,0.25,0.298,0.333,4B_TRAP,True,True,0.724,0.55,0.552,-1.243,-1.381,0.671,-1.489
2026-07-28T17:40:00,NATURALGAS,2026-07-28,train,TREND_DOWN,FAILED_BREAKOUT,SHORT,0.97,0.5,0.0,0.5,0.737,261.13,0.03,0.044,0.03,0.6786,True,DOWN,True,1.179,0.8,True,True,True,False,False,False,1,4,0.0,0.0,0.0,4B_TRAP,False,False,0.53,2.08,1.509,-1.321,-1.509,0.679,-1.179
2026-07-28T17:45:00,NATURALGAS,2026-07-28,train,TREND_DOWN,FAILED_BREAKOUT,SHORT,0.901,0.5,0.0,0.5,0.566,260.6,-0.1,-0.141,0.1,0.7071,True,DOWN,True,0.707,0.625,False,False,False,True,True,True,,1,1.25,1.414,10.0,4B_TRAP,False,True,0.424,1.65,0.0,-1.179,-1.415,0.707,-1.697
2026-07-28T18:00:00,NATURALGAS,2026-07-28,train,TREND_DOWN,FAILED_BREAKOUT,LONG,0.9423,0.7778,0.2222,0.0,1.032,261.2,0.4,0.589,0.4,0.6786,False,DOWN,False,0.737,0.556,False,False,False,False,True,True,,1,0.222,0.295,0.5,4B_TRAP,False,True,0.727,0.56,0.138,-1.1,-1.238,0.679,-1.326
2026-07-28T18:30:00,NATURALGAS,2026-07-28,train,TREND_DOWN,FAILED_BREAKOUT,LONG,0.9727,0.7,0.3,0.0,1.167,261.3,-0.2,-0.333,0.2,0.6,False,DOWN,False,1.0,0.6,False,False,False,True,True,True,4,1,0.6,1.0,3.0,4B_TRAP,False,True,0.73,0.96,1.37,-2.055,-2.192,0.6,-1.333
2026-07-28T18:50:00,NATURALGAS,2026-07-28,train,TREND_DOWN,FAILED_BREAKOUT,LONG,0.9737,0.3636,0.2727,0.3636,0.629,261.5,0.2,0.315,0.2,0.6357,False,DOWN,False,1.416,0.818,False,False,False,True,True,True,,1,0.545,0.944,3.0,4B_TRAP,False,True,0.833,0.37,0.48,-1.2,-1.321,0.636,-1.73
2026-07-28T19:15:00,NATURALGAS,2026-07-28,train,TREND_DOWN,FAILED_BREAKOUT,SHORT,0.9748,0.5385,0.0,0.4615,0.98,260.0,-0.2,-0.28,0.2,0.7143,True,DOWN,True,0.7,0.385,False,False,False,False,False,False,1,,0.0,0.0,0.0,4A_CONT,False,False,0.739,0.27,4.06,-0.135,2.865,0.714,2.86
2026-07-28T19:25:00,NATURALGAS,2026-07-28,train,TREND_DOWN,TRENDING,SHORT,0.9835,0.9231,0.0769,0.0,1.556,259.6,0.9,1.167,0.9,0.7714,True,DOWN,True,1.296,0.769,True,True,True,False,False,False,1,,0.0,0.0,0.0,4A_CONT,True,False,1.339,,3.211,-0.224,2.925,0.771,2.87
2026-07-28T19:30:00,NATURALGAS,2026-07-28,train,TREND_DOWN,TRENDING,SHORT,0.9508,0.5,0.3,0.2,0.609,258.7,0.5,0.609,0.5,0.8214,True,DOWN,True,1.096,0.9,True,True,True,False,False,False,1,,0.0,0.0,0.0,4A_CONT,False,False,0.83,,3.253,-0.361,2.88,0.821,2.878
2026-07-28T19:35:00,NATURALGAS,2026-07-28,train,TREND_DOWN,TRENDING,SHORT,0.9106,0.5556,0.0,0.4444,0.579,258.0,0.4,0.463,0.4,0.8643,True,DOWN,True,0.579,0.556,True,True,True,False,False,False,1,,0.0,0.0,0.0,4B_TRAP,True,False,0.527,,0.949,-1.708,-1.898,0.864,-1.157
2026-07-28T19:45:00,NATURALGAS,2026-07-28,train,TREND_DOWN,TRENDING,LONG,0.96,0.5,0.5,0.0,0.677,257.6,0.3,0.339,0.3,0.8857,False,DOWN,False,0.79,0.583,False,False,False,False,True,True,,1,0.417,0.565,1.667,4B_TRAP,False,True,0.636,5.19,0.472,-1.101,-1.258,0.886,-1.242
2026-07-28T20:10:00,NATURALGAS,2026-07-28,train,TREND_DOWN,TRENDING,LONG,0.9538,0.7273,0.0909,0.1818,0.991,257.2,0.2,0.248,0.2,0.8071,False,DOWN,False,0.867,0.636,False,False,False,True,True,True,,1,0.364,0.496,2.0,4B_TRAP,False,True,1.033,1.06,0.387,-1.065,-1.162,0.807,-1.487
2026-07-28T22:40:00,NATURALGAS,2026-07-28,train,TREND_DOWN,TRENDING,LONG,0.95,0.4,0.0,0.6,0.8,256.3,0.3,0.6,0.3,0.5,True,UP,True,0.4,0.2,True,True,True,False,False,False,1,,0.0,0.0,0.0,4X_AMBIG,False,False,1.03,5.61,0.777,-0.68,0.0,0.5,-1.6
2026-07-30T12:00:00,NATURALGAS,2026-07-30,train,CHOP,TRENDING,SHORT,1.0,1.0,0.0,0.0,1.667,263.3,0.3,1.0,0.3,0.3,False,UP,False,1.667,1.0,False,False,False,False,False,False,2,1,0.0,0.0,0.0,4A_CONT,False,False,0.515,0.39,4.078,-0.777,2.806,0.3,-1.333
2026-07-30T12:30:00,NATURALGAS,2026-07-30,train,CHOP,OPENING_DRIVE,SHORT,1.0,0.8,0.0,0.2,2.383,262.8,0.4,1.191,0.4,0.3357,True,DOWN,True,0.894,0.3,True,True,True,False,False,False,1,,0.0,0.0,0.0,4B_TRAP,True,False,0.83,,0.964,-1.205,-1.325,0.336,-2.383
2026-07-30T12:40:00,NATURALGAS,2026-07-30,train,CHOP,OPENING_DRIVE,SHORT,0.9643,0.6,0.2,0.2,0.84,262.2,0.1,0.28,0.1,0.3571,True,DOWN,True,1.68,1.2,True,True,True,False,False,False,1,4,0.0,0.0,0.0,4B_TRAP,True,False,0.415,,1.205,-1.205,-1.446,0.357,-1.4
2026-07-30T12:45:00,NATURALGAS,2026-07-30,train,CHOP,OPENING_DRIVE,SHORT,0.9655,0.8333,0.0,0.1667,1.296,262.0,0.2,0.519,0.2,0.3857,False,UP,False,1.037,0.667,False,False,False,False,False,True,2,1,0.333,0.519,1.0,4B_TRAP,False,True,0.518,,0.386,-1.351,-1.544,0.386,-1.296
2026-07-30T12:55:00,NATURALGAS,2026-07-30,train,CHOP,FAILED_BREAKOUT,SHORT,0.9355,0.2,0.2,0.6,0.246,261.7,-0.2,-0.491,0.2,0.4071,False,UP,False,1.228,1.0,False,False,False,True,True,True,,1,1.2,1.474,3.0,4B_TRAP,False,True,0.215,0.93,0.93,-1.395,-1.86,0.407,-1.719
2026-07-30T13:00:00,NATURALGAS,2026-07-30,train,CHOP,FAILED_BREAKOUT,LONG,0.9375,0.6,0.0,0.4,0.7,262.1,0.1,0.233,0.1,0.4286,True,UP,True,0.467,0.4,True,True,True,False,False,False,1,4,0.0,0.0,0.0,4B_TRAP,True,False,0.515,2.33,2.33,-2.524,-2.718,0.429,-1.4
2026-07-30T13:30:00,NATURALGAS,2026-07-30,train,CHOP,FAILED_BREAKOUT,LONG,0.9737,0.8571,0.1429,0.0,1.333,262.3,0.1,0.222,0.1,0.45,False,DOWN,False,1.111,0.714,False,False,False,True,True,True,3,1,0.286,0.444,2.0,4B_TRAP,False,True,0.621,2.77,0.322,-1.127,-1.288,0.45,-1.333
2026-07-30T13:35:00,NATURALGAS,2026-07-30,train,CHOP,FAILED_BREAKOUT,SHORT,0.9231,0.6,0.0,0.4,0.646,262.49,0.39,0.84,0.39,0.4643,False,UP,False,0.646,0.6,True,False,False,False,True,True,1,2,0.02,0.022,0.026,4B_TRAP,False,True,0.315,0.95,0.635,-1.27,-1.587,0.464,-1.292
2026-07-30T13:50:00,NATURALGAS,2026-07-30,train,CHOP,FAILED_BREAKOUT,SHORT,0.9286,0.8,0.2,0.0,0.982,262.2,0.1,0.246,0.1,0.4071,True,DOWN,True,0.983,0.8,True,True,True,False,False,False,1,5,0.0,0.0,0.0,4B_TRAP,True,False,0.515,0.39,0.777,-1.165,-1.359,0.407,-1.474
2026-07-30T14:20:00,NATURALGAS,2026-07-30,train,CHOP,FAILED_BREAKOUT,LONG,0.9375,0.6,0.2,0.2,0.84,262.6,-0.1,-0.28,0.1,0.3571,False,DOWN,False,1.4,1.0,False,False,False,True,True,True,2,1,0.6,0.84,3.0,4B_TRAP,False,True,0.415,0.24,2.169,-1.205,-1.446,0.357,-1.68
2026-07-30T14:30:00,NATURALGAS,2026-07-30,train,CHOP,FAILED_BREAKOUT,LONG,0.98,0.875,0.125,0.0,1.75,262.7,0.3,0.75,0.3,0.4,False,DOWN,False,0.75,0.375,True,True,True,False,False,False,1,,0.0,0.0,0.0,4B_TRAP,False,False,0.724,0.72,0.552,-1.381,-1.519,0.4,-1.25
2026-07-30T15:00:00,NATURALGAS,2026-07-30,train,CHOP,FAILED_BREAKOUT,LONG,0.9286,1.0,0.0,0.0,1.4,263.2,0.2,0.56,0.2,0.3571,False,DOWN,False,0.84,0.6,False,False,False,False,False,True,,1,0.2,0.28,0.5,4B_TRAP,False,True,0.515,0.14,0.0,-1.165,-1.359,0.357,-1.4
2026-07-30T15:35:00,NATURALGAS,2026-07-30,train,CHOP,FAILED_BREAKOUT,SHORT,0.9683,0.4286,0.4286,0.1429,0.875,262.4,0.3,0.875,0.3,0.3429,False,UP,False,0.875,0.429,False,False,False,False,True,True,3,1,0.143,0.292,0.333,4A_CONT,False,False,0.621,0.5,3.543,-0.805,2.839,0.343,-1.75
2026-07-30T15:50:00,NATURALGAS,2026-07-30,train,CHOP,FAILED_BREAKOUT,SHORT,1.0,0.8824,0.0588,0.0588,3.75,261.6,0.6,1.5,0.6,0.4,True,DOWN,True,1.5,0.353,True,True,True,False,False,False,1,,0.0,0.0,0.0,4B_TRAP,True,False,1.651,,1.757,-2.302,-2.362,0.4,-1.25
2026-07-30T15:55:00,NATURALGAS,2026-07-30,train,CHOP,TRENDING,SHORT,0.9254,0.1667,0.3333,0.5,0.237,260.9,-0.1,-0.237,0.1,0.4214,False,UP,False,1.187,0.833,False,False,False,True,True,True,,1,0.667,0.949,4.0,4B_TRAP,False,True,0.318,0.31,1.258,-1.258,-1.572,0.421,-1.898
2026-07-30T16:30:00,NATURALGAS,2026-07-30,train,CHOP,FAILED_BREAKOUT,SHORT,0.973,0.2222,0.6667,0.1111,0.364,261.0,0.1,0.182,0.1,0.55,True,DOWN,True,1.091,0.667,True,True,True,False,False,False,1,,0.0,0.0,0.0,4A_CONT,False,False,0.827,0.36,3.023,0.0,2.879,0.55,2.818
2026-07-30T16:40:00,NATURALGAS,2026-07-30,train,CHOP,TRENDING,SHORT,0.9605,0.625,0.125,0.25,0.805,260.3,0.2,0.322,0.2,0.6214,False,UP,False,0.966,0.75,False,False,False,False,False,False,2,1,0.0,0.0,0.0,4B_TRAP,False,False,0.624,,1.442,-1.122,-1.282,0.621,-1.287
2026-07-30T16:55:00,NATURALGAS,2026-07-30,train,CHOP,TRENDING,SHORT,0.9367,0.375,0.375,0.25,0.462,259.9,0.1,0.154,0.1,0.65,True,DOWN,True,0.923,0.75,True,False,False,False,True,True,1,2,0.125,0.154,1.0,4B_TRAP,False,True,0.624,,0.962,-1.603,-1.763,0.65,-1.692
2026-07-30T17:10:00,NATURALGAS,2026-07-30,train,CHOP,TRENDING,LONG,0.9634,0.125,0.125,0.75,0.175,260.0,-0.2,-0.35,0.2,0.5714,True,UP,True,0.875,0.625,False,False,False,False,False,False,2,1,0.0,0.0,0.0,4B_TRAP,False,False,0.624,0.96,1.603,-1.763,-1.923,0.571,-2.1
2026-07-30T17:20:00,NATURALGAS,2026-07-30,train,CHOP,TRENDING,LONG,0.9762,0.8889,0.1111,0.0,1.349,260.0,0.7,1.181,0.7,0.5929,False,DOWN,False,0.843,0.556,True,False,False,False,False,True,1,2,0.556,0.843,0.714,4B_TRAP,False,True,0.827,3.8,0.0,-1.451,-1.572,0.593,-1.518
2026-07-30T17:40:00,NATURALGAS,2026-07-30,train,CHOP,TRENDING,LONG,0.9205,0.5,0.375,0.125,0.644,259.9,0.2,0.322,0.2,0.6214,False,DOWN,False,1.126,0.875,False,False,False,True,True,True,,1,1.5,1.931,6.0,4B_TRAP,False,True,0.524,1.34,0.191,-1.145,-1.336,0.621,-2.414
2026-07-30T17:50:00,NATURALGAS,2026-07-30,train,CHOP,TRENDING,SHORT,0.9778,1.0,0.0,0.0,1.416,259.2,0.5,0.787,0.5,0.6357,False,UP,False,0.472,0.333,True,False,False,False,False,False,1,2,0.0,0.0,0.0,4B_TRAP,False,False,0.927,,0.647,-1.079,-1.187,0.636,-1.258
2026-07-30T18:00:00,NATURALGAS,2026-07-30,train,CHOP,TRENDING,LONG,0.9457,0.375,0.0,0.625,0.462,259.0,0.2,0.308,0.2,0.65,False,DOWN,False,0.923,0.75,False,False,False,False,True,True,5,1,0.75,0.923,3.0,4B_TRAP,False,True,0.824,1.46,0.0,-1.214,-1.335,0.65,-1.692
2026-07-30T18:10:00,NATURALGAS,2026-07-30,train,CHOP,TRENDING,SHORT,0.9787,0.4444,0.3333,0.2222,0.609,258.4,0.0,0.0,0.0,0.6571,False,UP,False,0.913,0.667,False,False,False,True,True,True,2,1,1.111,1.522,1000000000.0,4B_TRAP,False,True,0.727,,0.413,-1.376,-1.513,0.657,-1.674
2026-07-30T18:55:00,NATURALGAS,2026-07-30,train,CHOP,TRENDING,LONG,0.9903,1.0,0.0,0.0,1.922,259.7,1.3,1.784,1.3,0.7286,False,DOWN,False,0.961,0.5,True,False,False,False,True,True,1,2,0.357,0.686,0.385,4B_TRAP,False,True,1.442,2.18,0.0,-1.04,-1.11,0.729,-1.51
2026-07-30T19:05:00,NATURALGAS,2026-07-30,train,CHOP,FAILED_BREAKOUT,SHORT,0.981,0.8,0.1,0.1,1.018,260.0,0.4,0.509,0.4,0.7857,True,DOWN,True,0.509,0.4,True,True,True,False,False,False,1,,0.0,0.0,0.0,4B_TRAP,True,False,0.93,0.75,1.075,-1.613,-1.72,0.786,-1.145
2026-07-30T19:20:00,NATURALGAS,2026-07-30,train,CHOP,TRENDING,SHORT,0.9167,1.0,0.0,0.0,1.098,258.9,0.2,0.275,0.2,0.7286,False,UP,False,0.686,0.625,False,False,False,True,True,True,,1,1.875,2.059,7.5,4B_TRAP,False,True,0.824,0.73,0.121,-2.063,-2.184,0.729,-2.471
2026-07-30T19:35:00,NATURALGAS,2026-07-30,train,CHOP,TRENDING,LONG,0.982,1.0,0.0,0.0,1.467,259.5,0.9,1.2,0.9,0.75,False,DOWN,False,0.4,0.273,True,True,True,False,False,False,1,,0.0,0.0,0.0,4A_CONT,False,False,1.133,3.3,3.883,-0.441,2.912,0.75,2.867
2026-07-30T19:45:00,NATURALGAS,2026-07-30,train,CHOP,FAILED_BREAKOUT,LONG,0.9115,0.625,0.375,0.0,0.673,260.4,0.4,0.538,0.4,0.7429,False,DOWN,False,0.808,0.75,False,False,False,True,True,True,2,1,0.375,0.404,0.75,4B_TRAP,False,True,0.524,6.37,0.0,-1.336,-1.527,0.743,-1.346
2026-07-30T19:55:00,NATURALGAS,2026-07-30,train,CHOP,FAILED_BREAKOUT,LONG,0.913,0.75,0.25,0.0,0.757,260.7,-0.2,-0.252,0.2,0.7929,True,UP,True,4.919,4.875,False,False,False,False,False,False,1,,0.0,0.0,0.0,4A_CONT,False,False,0.624,0.96,6.891,0.0,2.84,0.793,2.874
2026-07-30T20:00:00,NATURALGAS,2026-07-30,train,CHOP,FAILED_BREAKOUT,LONG,1.0,0.9231,0.0769,0.0,3.405,264.2,0.3,0.284,0.3,1.0571,False,DOWN,False,0.851,0.231,False,False,False,True,True,True,,1,0.282,1.041,3.667,4X_AMBIG,False,False,3.717,,0.404,-0.538,-0.054,1.057,-1.324
2026-07-30T20:05:00,NATURALGAS,2026-07-30,train,CHOP,FAILED_BREAKDOWN,LONG,0.9231,0.3333,0.0,0.6667,0.296,264.17,-0.07,-0.069,0.07,1.0143,False,DOWN,False,1.084,1.222,False,False,False,True,True,True,,1,1.189,1.055,15.286,4B_TRAP,False,True,0.627,0.11,0.319,-1.435,-1.595,1.014,-1.676
2026-07-30T20:10:00,NATURALGAS,2026-07-30,train,CHOP,FAILED_BREAKDOWN,SHORT,0.9746,0.9091,0.0909,0.0,0.979,263.5,0.3,0.294,0.3,1.0214,True,DOWN,True,0.783,0.727,True,True,True,False,False,False,1,4,0.0,0.0,0.0,4B_TRAP,True,False,1.133,2.47,0.618,-1.324,-1.412,1.021,-1.175
2026-07-30T20:40:00,NATURALGAS,2026-07-30,train,CHOP,FAILED_BREAKDOWN,LONG,0.9839,0.75,0.1875,0.0625,1.043,264.8,0.9,0.783,0.9,1.15,False,DOWN,False,0.783,0.562,True,True,True,False,False,False,1,4,0.0,0.0,0.0,4B_TRAP,False,False,1.348,,0.223,-1.484,-1.558,1.15,-1.13
2026-07-30T21:20:00,NATURALGAS,2026-07-30,train,CHOP,FAILED_BREAKDOWN,LONG,0.9621,0.7273,0.0,0.2727,1.037,265.7,0.2,0.259,0.2,0.7714,False,DOWN,False,0.389,0.273,True,False,False,False,True,True,1,2,0.273,0.389,1.5,4B_TRAP,False,True,1.133,0.09,0.088,-1.942,-2.03,0.771,-1.426
2026-07-30T21:50:00,NATURALGAS,2026-07-30,train,CHOP,FAILED_BREAKDOWN,SHORT,0.9783,0.4286,0.0,0.5714,0.894,264.9,0.4,0.596,0.4,0.6714,True,DOWN,True,1.787,0.857,True,True,True,False,False,False,1,,0.0,0.0,0.0,4B_TRAP,False,False,0.642,7.02,1.713,-1.09,-1.246,0.671,-1.191
2026-07-30T21:55:00,NATURALGAS,2026-07-30,train,CHOP,FAILED_BREAKDOWN,SHORT,0.964,0.9167,0.0833,0.0,1.588,263.7,0.3,0.433,0.3,0.6929,False,UP,False,1.299,0.75,False,False,False,True,True,True,,1,0.833,1.443,3.333,4B_TRAP,False,True,1.236,2.76,0.0,-1.456,-1.537,0.693,-1.588
2026-07-30T22:00:00,NATURALGAS,2026-07-30,train,CHOP,FAILED_BREAKOUT,LONG,0.9,1.0,0.0,0.0,1.26,264.27,0.13,0.182,0.13,0.7143,True,UP,True,1.12,0.889,True,True,True,False,False,False,1,,0.0,0.0,0.0,4X_AMBIG,True,False,0.927,1.51,1.079,-0.216,-0.108,0.714,-0.14
2026-07-31T10:05:00,NATURALGAS,2026-07-31,train,CHOP,TRENDING,SHORT,1.0,0.6667,0.0,0.3333,0.848,265.3,-0.1,-0.424,0.1,0.2357,False,UP,False,1.273,1.0,False,False,False,True,True,True,,1,0.333,0.424,1.0,4B_TRAP,False,True,0.209,0.48,0.957,-1.435,-1.914,0.236,-1.697
2026-07-31T11:10:00,NATURALGAS,2026-07-31,train,CHOP,TRENDING,LONG,1.0,0.25,0.0,0.75,0.519,265.6,0.1,0.519,0.1,0.1929,True,UP,True,1.555,0.75,True,True,True,False,False,False,1,,0.0,0.0,0.0,4A_CONT,False,False,0.412,,5.097,-0.243,2.757,0.193,2.481
2026-07-31T11:55:00,NATURALGAS,2026-07-31,train,CHOP,TRENDING,LONG,0.9714,0.3333,0.0,0.6667,0.438,266.2,0.0,0.0,0.0,0.2286,True,UP,True,0.875,0.667,False,False,False,True,True,True,2,1,0.333,0.437,100000000.0,4B_TRAP,False,True,0.209,,0.0,-1.435,-1.914,0.229,-1.75
2026-07-31T12:05:00,NATURALGAS,2026-07-31,train,CHOP,TRENDING,LONG,1.0,0.6667,0.1667,0.1667,1.436,266.3,0.3,1.077,0.3,0.2786,True,UP,True,0.718,0.333,True,True,True,False,False,False,1,,0.0,0.0,0.0,4B_TRAP,True,False,0.518,,2.703,-1.158,-1.351,0.279,2.641
2026-07-31T12:15:00,NATURALGAS,2026-07-31,train,CHOP,TRENDING,LONG,0.9487,0.3333,0.3333,0.3333,0.35,266.7,0.0,0.0,0.0,0.2857,True,UP,True,3.85,3.667,False,False,False,False,False,False,1,5,0.0,0.0,0.0,4A_CONT,False,False,0.209,,5.263,0.0,2.522,0.286,2.65
2026-07-31T12:20:00,NATURALGAS,2026-07-31,train,CHOP,TRENDING,LONG,1.0,1.0,0.0,0.0,3.277,266.8,1.0,2.979,1.0,0.3357,False,DOWN,False,0.298,0.091,True,True,True,False,False,False,1,4,0.0,0.0,0.0,4B_TRAP,False,False,1.133,,0.177,-1.589,-1.677,0.336,-1.787
2026-07-31T12:30:00,NATURALGAS,2026-07-31,train,CHOP,TRENDING,SHORT,0.9762,0.5714,0.4286,0.0,1.143,267.7,0.4,1.143,0.4,0.35,True,DOWN,True,2.0,1.0,True,True,True,False,False,False,1,,0.0,0.0,0.0,4A_CONT,True,False,0.721,1.94,3.329,-0.277,2.861,0.35,2.714
2026-07-31T12:35:00,NATURALGAS,2026-07-31,train,CHOP,TRENDING,SHORT,0.9767,0.5714,0.1429,0.2857,1.037,267.3,0.3,0.778,0.3,0.3857,True,DOWN,True,2.593,1.429,True,True,True,False,False,False,1,,0.0,0.0,0.0,4A_CONT,True,False,0.521,2.11,3.071,0.0,2.808,0.386,2.741
2026-07-31T12:40:00,NATURALGAS,2026-07-31,train,CHOP,TRENDING,SHORT,0.9773,1.0,0.0,0.0,2.295,266.8,0.8,1.836,0.8,0.4357,False,UP,False,0.459,0.2,True,True,True,False,False,False,1,,0.0,0.0,0.0,4B_TRAP,False,False,1.03,0.1,1.65,-1.553,-1.65,0.436,2.77
2026-07-31T13:30:00,NATURALGAS,2026-07-31,train,CHOP,FAILED_BREAKOUT,SHORT,0.963,0.2857,0.7143,0.0,0.491,265.19,-0.01,-0.025,0.01,0.4071,True,DOWN,True,0.246,0.143,False,False,False,True,True,True,3,1,0.157,0.27,11.0,4B_TRAP,False,True,0.521,0.02,1.152,-1.344,-1.536,0.407,-1.474
2026-07-31T14:05:00,NATURALGAS,2026-07-31,train,CHOP,FAILED_BREAKOUT,LONG,0.9016,0.75,0.0,0.25,0.955,265.0,0.1,0.318,0.1,0.3143,False,DOWN,False,0.955,0.75,False,False,False,True,True,True,3,1,0.5,0.636,2.0,4A_CONT,False,False,0.412,1.97,3.883,-0.728,2.757,0.314,2.682
2026-07-31T15:15:00,NATURALGAS,2026-07-31,train,CHOP,FAILED_BREAKOUT,LONG,0.9333,0.8333,0.1667,0.0,1.707,266.1,0.5,1.707,0.5,0.2929,True,UP,True,1.707,0.833,True,True,False,False,False,True,1,3,0.333,0.683,0.4,4B_TRAP,True,True,0.518,2.7,0.579,-1.544,-1.737,0.293,-1.707
2026-07-31T15:20:00,NATURALGAS,2026-07-31,train,CHOP,FAILED_BREAKOUT,LONG,0.9079,0.0,0.6,0.4,0.0,266.7,-0.1,-0.326,0.1,0.3071,False,DOWN,False,1.628,1.0,False,False,False,True,True,True,,1,1.8,2.931,9.0,4B_TRAP,False,True,0.215,6.51,0.465,-1.86,-2.326,0.307,-1.628
2026-07-31T15:25:00,NATURALGAS,2026-07-31,train,CHOP,FAILED_BREAKOUT,SHORT,0.9091,0.6,0.2,0.2,0.913,266.4,0.1,0.304,0.1,0.3286,True,DOWN,True,1.826,1.2,True,True,True,False,False,False,1,5,0.0,0.0,0.0,4A_CONT,True,False,0.415,2.41,3.614,-0.482,2.759,0.329,2.696
2026-07-31T15:30:00,NATURALGAS,2026-07-31,train,CHOP,FAILED_BREAKOUT,SHORT,0.9359,0.6667,0.1667,0.1667,1.12,266.2,0.3,0.84,0.3,0.3571,True,DOWN,True,1.12,0.667,True,True,False,False,False,True,1,3,0.167,0.28,0.333,4B_TRAP,True,True,0.518,1.16,0.579,-1.158,-1.351,0.357,-1.96
2026-07-31T15:40:00,NATURALGAS,2026-07-31,train,CHOP,FAILED_BREAKOUT,LONG,0.9,0.8,0.2,0.0,1.057,266.0,0.1,0.264,0.1,0.3786,True,UP,True,1.057,0.8,True,True,True,False,False,False,1,4,0.0,0.0,0.0,4B_TRAP,True,False,0.415,1.93,0.964,-2.169,-2.41,0.379,-2.642
2026-07-31T16:00:00,NATURALGAS,2026-07-31,train,CHOP,FAILED_BREAKOUT,SHORT,1.0,0.6154,0.0,0.3846,1.697,265.6,-0.1,-0.212,0.1,0.4714,False,UP,False,1.273,0.462,False,False,False,True,True,True,2,1,0.385,1.061,5.0,4B_TRAP,False,True,0.839,0.12,1.669,-1.43,-1.549,0.471,-1.485
2026-07-31T16:05:00,NATURALGAS,2026-07-31,train,CHOP,FAILED_BREAKOUT,LONG,0.9294,0.8333,0.0,0.1667,1.029,266.05,0.05,0.103,0.05,0.4857,False,DOWN,False,1.853,1.5,False,False,False,True,True,True,,1,1.583,1.956,19.0,4B_TRAP,False,True,0.618,0.65,0.0,-1.456,-1.618,0.486,-2.059
2026-07-31T16:10:00,NATURALGAS,2026-07-31,train,CHOP,FAILED_BREAKOUT,SHORT,0.9651,0.8889,0.1111,0.0,1.514,265.2,0.0,0.0,0.0,0.5286,True,DOWN,True,0.946,0.556,False,False,False,False,True,True,1,2,0.556,0.946,500000000.0,4B_TRAP,False,True,0.927,0.08,0.971,-1.187,-1.294,0.529,-1.703
2026-07-31T16:20:00,NATURALGAS,2026-07-31,train,CHOP,FAILED_BREAKOUT,LONG,0.9545,0.8571,0.0,0.1429,1.037,265.3,0.4,0.691,0.4,0.5786,False,DOWN,False,1.383,1.143,False,False,False,False,True,True,5,1,1.143,1.383,2.0,4B_TRAP,False,True,0.721,0.49,0.416,-1.942,-2.08,0.579,-2.593
2026-07-31T16:30:00,NATURALGAS,2026-07-31,train,CHOP,FAILED_BREAKOUT,SHORT,0.9889,0.8333,0.0,0.1667,1.556,264.6,0.1,0.156,0.1,0.6429,False,UP,False,0.622,0.333,False,False,False,True,True,True,,1,0.833,1.555,10.0,4B_TRAP,False,True,1.036,,0.0,-1.737,-1.834,0.643,-2.956
2026-07-31T16:45:00,NATURALGAS,2026-07-31,train,CHOP,FAILED_BREAKOUT,LONG,1.0,0.5625,0.4375,0.0,1.286,266.11,-0.51,-0.729,0.51,0.7,False,DOWN,False,1.0,0.437,False,False,False,True,True,True,4,1,0.569,1.3,1.784,4A_CONT,False,False,0.948,0.42,3.059,-0.738,2.895,0.7,-1.143
2026-07-31T16:50:00,NATURALGAS,2026-07-31,train,CHOP,FAILED_BREAKOUT,SHORT,0.9255,0.7143,0.0,0.2857,0.7,265.11,-0.09,-0.126,0.09,0.7143,False,UP,False,0.98,1.0,False,False,False,True,True,True,,1,1.557,1.526,12.111,4B_TRAP,False,True,0.521,0.17,0.576,-2.111,-2.303,0.714,-1.68
2026-07-31T17:05:00,NATURALGAS,2026-07-31,train,CHOP,FAILED_BREAKOUT,LONG,0.9588,0.8,0.1,0.1,1.028,266.3,-0.1,-0.128,0.1,0.7786,True,UP,True,0.514,0.4,False,False,False,True,True,True,2,1,0.2,0.257,2.0,4B_TRAP,False,True,0.93,0.11,2.581,-1.183,-1.29,0.779,2.872
2026-07-31T17:15:00,NATURALGAS,2026-07-31,train,CHOP,FAILED_BREAKOUT,LONG,0.9192,0.625,0.25,0.125,0.686,266.4,0.3,0.412,0.3,0.7286,True,UP,True,1.235,1.125,True,True,True,False,False,False,1,,0.0,0.0,0.0,4A_CONT,True,False,0.624,2.08,3.045,0.0,2.84,0.729,-1.235
2026-07-31T17:30:00,NATURALGAS,2026-07-31,train,CHOP,TRENDING,LONG,0.9608,0.8,0.0,0.2,1.047,268.0,0.4,0.523,0.4,0.7643,True,UP,True,0.523,0.4,True,True,False,False,False,True,1,3,0.1,0.131,0.25,4B_TRAP,True,True,1.03,,0.194,-1.359,-1.456,0.764,-1.963
2026-07-31T17:45:00,NATURALGAS,2026-07-31,train,CHOP,TRENDING,SHORT,0.9143,0.875,0.0,0.125,1.0,267.9,0.0,0.0,0.0,0.7,True,DOWN,True,1.0,0.875,False,False,False,False,False,False,1,,0.0,0.0,0.0,4A_CONT,False,False,0.724,3.59,3.867,0.0,2.862,0.7,2.857
2026-07-31T18:00:00,NATURALGAS,2026-07-31,train,CHOP,FAILED_BREAKDOWN,SHORT,0.9907,1.0,0.0,0.0,2.1,267.0,1.1,1.54,1.1,0.7143,True,DOWN,True,1.26,0.6,True,True,True,False,False,False,1,,0.0,0.0,0.0,4A_CONT,True,False,1.545,0.54,3.107,-0.065,2.935,0.714,2.86
2026-07-31T18:05:00,NATURALGAS,2026-07-31,train,CHOP,FAILED_BREAKOUT,SHORT,0.9083,1.0,0.0,0.0,1.235,265.9,0.8,1.098,0.8,0.7286,False,UP,False,0.686,0.556,True,True,True,False,False,False,1,,0.0,0.0,0.0,4A_CONT,False,False,0.927,0.04,3.236,-0.755,2.892,0.729,2.863
2026-07-31T18:15:00,NATURALGAS,2026-07-31,train,CHOP,FAILED_BREAKOUT,SHORT,0.955,0.9,0.0,0.1,1.2,264.3,0.2,0.267,0.2,0.75,False,UP,False,1.6,1.2,False,False,False,True,True,True,,1,0.8,1.067,4.0,4B_TRAP,False,True,0.93,,0.215,-1.075,-1.183,0.75,-1.467
2026-07-31T18:20:00,NATURALGAS,2026-07-31,train,CHOP,FAILED_BREAKOUT,LONG,0.9732,0.9167,0.0,0.0833,1.363,265.0,0.1,0.124,0.1,0.8071,False,DOWN,False,0.867,0.583,True,False,False,False,True,True,1,2,0.583,0.867,7.0,4B_TRAP,False,True,1.236,0.7,0.566,-1.456,-1.537,0.807,-1.487
2026-07-31T18:30:00,NATURALGAS,2026-07-31,train,CHOP,FAILED_BREAKOUT,SHORT,0.9825,1.0,0.0,0.0,1.569,264.93,0.63,0.76,0.63,0.8286,False,UP,False,1.448,0.923,False,False,False,True,True,True,2,1,0.054,0.084,0.111,4A_CONT,False,False,1.339,0.3,2.763,-0.672,0.971,0.829,-1.207
2026-07-31T18:45:00,NATURALGAS,2026-07-31,train,CHOP,FAILED_BREAKOUT,SHORT,0.9829,1.0,0.0,0.0,1.456,263.9,0.6,0.672,0.6,0.8929,False,UP,False,0.56,0.385,True,True,True,False,False,False,1,,0.0,0.0,0.0,4A_CONT,False,False,1.339,,2.016,-0.747,0.224,0.893,-1.232
2026-07-31T19:20:00,NATURALGAS,2026-07-31,train,CHOP,FAILED_BREAKOUT,SHORT,0.9274,0.7,0.0,0.3,0.852,263.2,0.1,0.122,0.1,0.8214,False,UP,False,0.365,0.3,False,False,False,True,True,True,2,1,0.1,0.122,1.0,4B_TRAP,False,True,0.73,,1.37,-1.507,-1.644,0.821,-1.461
2026-07-31T19:45:00,NATURALGAS,2026-07-31,train,CHOP,FAILED_BREAKOUT,SHORT,0.9302,0.6,0.2,0.2,0.808,264.74,1.34,1.804,1.34,0.7429,True,DOWN,True,0.269,0.2,True,True,True,False,False,False,1,,0.0,0.0,0.0,4A_CONT,True,False,0.83,1.57,3.133,-0.12,2.88,0.743,2.865
2026-07-31T22:20:00,NATURALGAS,2026-07-31,train,CHOP,FAILED_BREAKOUT,LONG,0.9062,1.0,0.0,0.0,2.25,262.0,0.3,0.75,0.3,0.4,False,DOWN,False,1.0,0.444,True,True,True,False,False,False,1,4,0.0,0.0,0.0,4X_AMBIG,False,False,0.927,5.99,0.971,-0.539,0.755,0.4,-1.5
2026-08-03T10:05:00,NATURALGAS,2026-08-03,train,CHOP,OPENING_DRIVE,LONG,0.9231,1.0,0.0,0.0,1.217,264.2,0.1,0.304,0.1,0.3286,True,UP,True,0.304,0.25,True,False,False,False,False,False,1,2,0.0,0.0,0.0,4B_TRAP,True,False,0.412,,0.243,-1.214,-1.456,0.329,-1.826
2026-08-03T10:55:00,NATURALGAS,2026-08-03,train,CHOP,OPENING_DRIVE,SHORT,0.9545,0.6,0.0,0.4,1.312,263.4,-0.2,-0.875,0.2,0.2286,False,UP,False,0.875,0.4,False,False,False,True,True,True,,1,1.4,3.062,3.5,4B_TRAP,False,True,0.315,0.63,0.635,-1.587,-1.905,0.229,-2.625
2026-08-03T11:10:00,NATURALGAS,2026-08-03,train,CHOP,OPENING_DRIVE,LONG,0.92,1.0,0.0,0.0,1.697,264.1,0.0,0.0,0.0,0.2357,False,DOWN,False,0.849,0.5,False,False,False,True,True,True,2,1,0.25,0.424,100000000.0,4B_TRAP,False,True,0.412,0.51,2.184,-1.699,-1.942,0.236,2.576
2026-08-03T11:20:00,NATURALGAS,2026-08-03,train,CHOP,OPENING_DRIVE,LONG,0.9259,1.0,0.0,0.0,1.556,264.4,0.2,0.778,0.2,0.2571,False,DOWN,False,1.945,1.25,False,False,False,True,True,True,2,1,0.25,0.389,0.5,4B_TRAP,False,True,0.412,,0.0,-1.214,-1.456,0.257,-2.333
2026-08-03T11:25:00,NATURALGAS,2026-08-03,train,CHOP,TRENDING,SHORT,0.9643,0.6,0.0,0.4,1.05,264.2,-0.1,-0.35,0.1,0.2857,False,UP,False,1.75,1.0,False,False,False,True,True,True,,1,1.4,2.45,7.0,4B_TRAP,False,True,0.315,1.49,0.0,-1.905,-2.222,0.286,-2.45
2026-08-03T11:30:00,NATURALGAS,2026-08-03,train,CHOP,OPENING_DRIVE,LONG,0.9655,1.0,0.0,0.0,1.591,264.6,0.3,0.955,0.3,0.3143,True,UP,True,0.955,0.6,True,True,True,False,False,False,1,,0.0,0.0,0.0,4B_TRAP,True,False,0.515,,0.194,-1.553,-1.748,0.314,-1.591
2026-08-03T12:10:00,NATURALGAS,2026-08-03,train,CHOP,FAILED_BREAKDOWN,SHORT,0.973,1.0,0.0,0.0,1.75,264.5,0.4,1.167,0.4,0.3429,False,UP,False,0.292,0.167,True,True,True,False,False,False,1,,0.0,0.0,0.0,4B_TRAP,False,False,0.618,0.65,1.618,-1.294,-1.456,0.343,-1.458
2026-08-03T12:20:00,NATURALGAS,2026-08-03,train,CHOP,FAILED_BREAKOUT,SHORT,1.0,0.875,0.125,0.0,1.922,263.4,0.0,0.0,0.0,0.3643,False,UP,False,1.098,0.5,False,False,False,True,True,True,,1,0.625,1.372,500000000.0,4B_TRAP,False,True,0.824,,0.0,-1.214,-1.335,0.364,-1.373
2026-08-03T12:45:00,NATURALGAS,2026-08-03,train,CHOP,FAILED_BREAKOUT,LONG,0.9545,0.8333,0.1667,0.0,1.522,264.32,-0.02,-0.061,0.02,0.3286,False,DOWN,False,1.522,0.833,False,False,False,True,True,True,,1,1.367,2.495,41.0,4B_TRAP,False,True,0.518,0.04,0.0,-1.351,-1.544,0.329,-1.826
2026-08-03T12:50:00,NATURALGAS,2026-08-03,train,CHOP,FAILED_BREAKOUT,SHORT,0.9111,0.6,0.2,0.2,0.857,263.8,-0.1,-0.286,0.1,0.35,True,DOWN,True,1.143,0.8,False,False,False,False,False,False,1,3,0.0,0.0,0.0,4B_TRAP,False,False,0.415,0.6,1.928,-1.446,-1.687,0.35,-2.0
2026-08-03T13:15:00,NATURALGAS,2026-08-03,train,CHOP,FAILED_BREAKOUT,SHORT,0.92,0.8,0.0,0.2,1.018,263.4,-0.1,-0.255,0.1,0.3929,True,DOWN,True,0.509,0.4,False,False,False,False,True,True,,1,1.2,1.527,6.0,4B_TRAP,False,True,0.415,0.24,0.964,-1.205,-1.446,0.393,-1.527
2026-08-03T13:25:00,NATURALGAS,2026-08-03,train,CHOP,FAILED_BREAKOUT,LONG,0.9615,0.5,0.0,0.5,0.75,263.6,0.1,0.25,0.1,0.4,True,UP,True,1.25,0.833,True,True,True,False,False,False,1,,0.0,0.0,0.0,4A_CONT,False,False,0.618,0.32,3.074,-0.324,2.838,0.4,2.75
2026-08-03T13:30:00,NATURALGAS,2026-08-03,train,CHOP,FAILED_BREAKOUT,LONG,0.9057,1.0,0.0,0.0,1.321,263.9,0.1,0.264,0.1,0.3786,True,UP,True,1.849,1.4,True,True,True,False,False,False,1,,0.0,0.0,0.0,4A_CONT,True,False,0.515,0.6,3.107,-0.388,2.806,0.379,2.736
2026-08-03T13:35:00,NATURALGAS,2026-08-03,train,CHOP,FAILED_BREAKOUT,LONG,0.9815,1.0,0.0,0.0,1.75,264.31,0.19,0.475,0.19,0.4,True,UP,True,1.0,0.571,True,True,True,False,False,False,1,,0.0,0.0,0.0,4B_TRAP,True,False,0.721,0.69,1.803,-2.08,-2.219,0.4,2.75
2026-08-03T13:45:00,NATURALGAS,2026-08-03,train,CHOP,FAILED_BREAKDOWN,LONG,0.9821,1.0,0.0,0.0,1.556,265.0,0.6,1.333,0.6,0.45,False,DOWN,False,0.889,0.571,True,True,True,False,False,False,1,,0.0,0.0,0.0,4B_TRAP,False,False,0.721,,0.277,-1.11,-1.248,0.45,-1.333
2026-08-03T15:30:00,NATURALGAS,2026-08-03,train,CHOP,FAILED_BREAKDOWN,SHORT,0.961,0.8333,0.0,0.1667,1.707,265.1,0.5,1.707,0.5,0.2929,False,UP,False,0.683,0.333,True,True,True,False,False,False,1,,0.0,0.0,0.0,4A_CONT,False,False,0.518,2.3,3.089,-0.386,2.807,0.293,2.659
2026-08-03T16:05:00,NATURALGAS,2026-08-03,train,CHOP,FAILED_BREAKOUT,SHORT,0.9036,0.8,0.2,0.0,1.436,264.5,0.3,1.077,0.3,0.2786,True,DOWN,True,1.795,1.0,True,True,True,False,False,False,1,,0.0,0.0,0.0,4B_TRAP,True,False,0.515,1.53,2.33,-2.136,-2.33,0.279,2.641
2026-08-03T16:20:00,NATURALGAS,2026-08-03,train,CHOP,FAILED_BREAKOUT,SHORT,1.0,0.7778,0.0,0.2222,2.042,263.1,-0.1,-0.292,0.1,0.3429,False,UP,False,0.875,0.333,False,False,False,True,True,True,,1,0.667,1.75,6.0,4B_TRAP,False,True,0.727,0.14,0.138,-1.513,-1.651,0.343,-1.75
2026-08-03T16:40:00,NATURALGAS,2026-08-03,train,CHOP,FAILED_BREAKOUT,LONG,0.9556,0.5,0.5,0.0,0.824,263.7,0.3,0.824,0.3,0.3643,False,DOWN,False,0.549,0.333,True,True,False,False,False,True,1,3,0.833,1.372,1.667,4B_TRAP,False,True,0.318,2.45,0.943,-2.516,-2.83,0.364,-2.471
2026-08-03T16:55:00,NATURALGAS,2026-08-03,train,CHOP,FAILED_BREAKOUT,SHORT,0.9892,0.875,0.125,0.0,1.633,263.38,0.18,0.42,0.18,0.4286,True,DOWN,True,1.167,0.625,True,False,False,False,True,True,1,2,1.025,1.913,4.556,4B_TRAP,False,True,0.824,0.24,0.121,-1.214,-1.335,0.429,-2.567
2026-08-03T17:10:00,NATURALGAS,2026-08-03,train,CHOP,FAILED_BREAKOUT,LONG,0.9896,1.0,0.0,0.0,1.534,263.5,0.7,1.342,0.7,0.5214,False,DOWN,False,0.767,0.5,True,True,True,False,False,False,1,,0.0,0.0,0.0,4A_CONT,False,False,0.824,0.12,3.519,-0.364,2.879,0.521,2.808
2026-08-03T17:25:00,NATURALGAS,2026-08-03,train,CHOP,FAILED_BREAKOUT,LONG,1.0,0.9,0.0,0.1,1.636,264.72,0.58,1.055,0.58,0.55,False,DOWN,False,0.909,0.5,True,False,False,False,True,True,1,2,0.12,0.218,0.207,4A_CONT,False,False,1.03,0.49,3.107,-0.777,2.903,0.55,-1.455
2026-08-03T17:35:00,NATURALGAS,2026-08-03,train,CHOP,FAILED_BREAKDOWN,SHORT,0.901,1.0,0.0,0.0,1.151,265.0,0.4,0.767,0.4,0.5214,False,UP,False,0.767,0.667,True,False,False,False,False,True,1,2,2.167,2.493,3.25,4B_TRAP,False,True,0.618,2.07,0.162,-2.751,-2.913,0.521,-1.342
2026-08-03T17:50:00,NATURALGAS,2026-08-03,train,CHOP,FAILED_BREAKDOWN,LONG,1.0,1.0,0.0,0.0,2.22,265.8,0.5,0.854,0.5,0.5857,True,UP,True,1.024,0.462,True,True,True,False,False,False,1,,0.0,0.0,0.0,4B_TRAP,True,False,1.339,,1.643,-1.195,-1.27,0.586,2.829
2026-08-03T17:55:00,NATURALGAS,2026-08-03,train,CHOP,TRENDING,LONG,0.9238,0.5,0.5,0.0,0.488,266.3,0.0,0.0,0.0,0.6143,True,UP,True,1.465,1.5,False,False,False,False,False,False,1,5,0.0,0.0,0.0,4A_CONT,False,False,0.318,,5.346,-0.314,2.686,0.614,2.837
2026-08-03T18:00:00,NATURALGAS,2026-08-03,train,CHOP,TRENDING,LONG,0.9811,0.7778,0.0,0.2222,1.065,266.6,0.5,0.761,0.5,0.6571,True,UP,True,1.217,0.889,True,True,True,False,False,False,1,4,0.0,0.0,0.0,4B_TRAP,True,False,0.927,,1.51,-1.51,-1.618,0.657,-2.283
2026-08-03T18:05:00,NATURALGAS,2026-08-03,train,CHOP,TRENDING,LONG,0.9626,0.5,0.0,0.5,0.615,267.1,0.9,1.385,0.9,0.65,True,UP,True,1.538,1.25,True,True,False,False,False,True,1,3,1.625,2.0,1.444,4B_TRAP,False,True,0.824,,0.607,-2.791,-2.913,0.65,-1.231
2026-08-03T18:10:00,NATURALGAS,2026-08-03,train,CHOP,TRENDING,LONG,0.9907,0.6,0.3,0.1,0.875,268.0,0.2,0.292,0.2,0.6857,False,DOWN,False,0.583,0.4,False,False,False,True,True,True,,1,2.2,3.208,11.0,4B_TRAP,False,True,0.73,,0.0,-1.233,-1.37,0.686,-1.458
2026-08-03T18:20:00,NATURALGAS,2026-08-03,train,CHOP,TRENDING,SHORT,1.0,0.8462,0.0769,0.0769,1.413,267.3,1.5,1.927,1.5,0.7786,False,UP,False,0.899,0.538,True,True,True,False,False,False,1,,0.0,0.0,0.0,4A_CONT,False,False,1.239,1.05,2.502,-0.323,1.049,0.779,2.872
2026-08-03T18:25:00,NATURALGAS,2026-08-03,train,CHOP,FAILED_BREAKDOWN,LONG,0.9099,0.4286,0.0,0.5714,0.375,264.89,1.21,1.513,1.21,0.8,False,DOWN,False,1.25,1.429,True,True,True,False,False,False,1,,0.0,0.0,0.0,4B_TRAP,False,False,0.721,3.33,0.139,-1.248,-1.387,0.8,-1.25
2026-08-03T18:30:00,NATURALGAS,2026-08-03,train,CHOP,FAILED_BREAKOUT,SHORT,0.9821,0.9,0.0,0.1,1.059,265.4,0.1,0.118,0.1,0.85,True,DOWN,True,0.824,0.7,False,False,False,False,False,False,2,1,0.0,0.0,0.0,4A_CONT,False,False,0.93,0.86,2.796,-0.538,0.86,0.85,2.882
2026-08-03T19:00:00,NATURALGAS,2026-08-03,train,CHOP,FAILED_BREAKOUT,SHORT,0.9831,0.75,0.0,0.25,1.105,264.7,0.1,0.123,0.1,0.8143,False,UP,False,0.737,0.5,False,False,False,True,True,True,3,1,0.333,0.491,4.0,4B_TRAP,False,True,0.936,1.28,2.03,-1.068,-1.175,0.814,-1.228
2026-08-03T19:15:00,NATURALGAS,2026-08-03,train,CHOP,FAILED_BREAKOUT,SHORT,0.9752,0.5,0.0,0.5,0.625,264.3,-0.1,-0.125,0.1,0.8,True,DOWN,True,1.0,0.8,False,False,False,False,False,False,1,,0.0,0.0,0.0,4A_CONT,False,False,0.53,0.19,3.208,-0.189,2.811,0.8,-1.5
2026-08-03T19:20:00,NATURALGAS,2026-08-03,train,CHOP,FAILED_BREAKOUT,SHORT,0.9262,0.625,0.0,0.375,0.636,263.9,-0.1,-0.127,0.1,0.7857,False,UP,False,0.509,0.5,False,False,False,False,False,False,2,1,0.0,0.0,0.0,4B_TRAP,False,False,0.524,1.15,2.481,-1.145,-1.336,0.786,-1.273
2026-08-03T19:40:00,NATURALGAS,2026-08-03,train,CHOP,FAILED_BREAKOUT,LONG,0.9286,1.0,0.0,0.0,1.231,263.3,0.2,0.308,0.2,0.65,False,DOWN,False,0.308,0.25,True,False,False,False,False,False,1,2,0.0,0.0,0.0,4A_CONT,False,False,0.824,1.7,2.549,-0.485,1.214,0.65,2.846
2026-08-04T10:40:00,NATURALGAS,2026-08-04,train,TREND_DOWN,TRENDING,LONG,1.0,0.8333,0.0,0.1667,2.333,265.4,0.5,2.333,0.5,0.2143,False,DOWN,False,1.4,0.5,True,True,True,False,False,False,1,,0.0,0.0,0.0,4B_TRAP,False,False,0.618,,0.162,-1.133,-1.294,0.214,-1.867
2026-08-04T11:30:00,NATURALGAS,2026-08-04,train,TREND_DOWN,FAILED_BREAKOUT,LONG,0.9,1.0,0.0,0.0,1.273,265.5,0.3,1.273,0.3,0.2357,True,UP,True,0.849,0.667,True,True,True,False,False,False,1,,0.0,0.0,0.0,4B_TRAP,True,False,0.309,0.32,1.618,-2.589,-2.913,0.236,-3.818
2026-08-04T12:15:00,NATURALGAS,2026-08-04,train,TREND_DOWN,TRENDING,SHORT,1.0,1.0,0.0,0.0,1.909,265.8,0.8,2.545,0.8,0.3143,True,DOWN,True,0.955,0.5,True,True,True,False,False,False,1,,0.0,0.0,0.0,4A_CONT,True,False,0.618,0.34,3.398,-0.162,2.838,0.314,2.682
2026-08-04T12:30:00,NATURALGAS,2026-08-04,train,TREND_DOWN,FAILED_BREAKOUT,SHORT,0.9286,0.75,0.0,0.25,0.933,264.6,0.1,0.311,0.1,0.3214,False,UP,False,0.622,0.5,True,False,False,False,False,False,1,2,0.0,0.0,0.0,4B_TRAP,False,False,0.312,,0.321,-1.603,-1.923,0.321,-1.867
2026-08-04T13:25:00,NATURALGAS,2026-08-04,train,TREND_DOWN,FAILED_BREAKOUT,SHORT,0.9808,1.0,0.0,0.0,2.049,264.3,0.5,1.707,0.5,0.2929,True,DOWN,True,0.683,0.333,True,True,True,False,False,False,1,,0.0,0.0,0.0,4B_TRAP,True,False,0.618,,0.324,-1.456,-1.618,0.293,-1.707
2026-08-04T14:35:00,NATURALGAS,2026-08-04,train,TREND_DOWN,FAILED_BREAKOUT,SHORT,0.9848,1.0,0.0,0.0,2.154,264.0,0.2,0.718,0.2,0.2786,False,UP,False,0.718,0.333,True,True,True,False,False,False,1,,0.0,0.0,0.0,4A_CONT,False,False,0.618,0.32,3.56,-0.809,2.838,0.279,-1.436
2026-08-04T15:15:00,NATURALGAS,2026-08-04,train,TREND_DOWN,FAILED_BREAKOUT,LONG,0.9459,1.0,0.0,0.0,1.707,263.8,0.1,0.341,0.1,0.2929,True,UP,True,0.683,0.4,True,True,False,False,False,False,1,3,0.0,0.0,0.0,4B_TRAP,True,False,0.515,3.84,0.777,-1.942,-2.136,0.293,-1.366
2026-08-04T15:50:00,NATURALGAS,2026-08-04,train,TREND_DOWN,FAILED_BREAKOUT,SHORT,0.9506,1.0,0.0,0.0,1.591,263.2,0.3,0.955,0.3,0.3143,False,UP,False,0.636,0.4,True,True,True,False,False,False,1,,0.0,0.0,0.0,4A_CONT,False,False,0.515,,3.301,0.0,2.806,0.314,2.682
2026-08-04T16:00:00,NATURALGAS,2026-08-04,train,TREND_DOWN,TRENDING,SHORT,0.988,1.0,0.0,0.0,1.714,262.6,0.5,1.429,0.5,0.35,True,DOWN,True,0.286,0.167,True,True,True,False,False,False,1,5,0.0,0.0,0.0,4B_TRAP,True,False,0.618,,1.456,-1.294,-1.456,0.35,-2.571
2026-08-04T16:10:00,NATURALGAS,2026-08-04,train,TREND_DOWN,TRENDING,SHORT,0.9882,0.8333,0.1667,0.0,1.458,262.0,0.4,1.167,0.4,0.3429,False,UP,False,1.458,0.833,True,False,False,False,True,True,1,2,1.5,2.625,2.25,4B_TRAP,False,True,0.618,,0.647,-1.294,-1.456,0.343,-2.625
2026-08-04T16:20:00,NATURALGAS,2026-08-04,train,TREND_DOWN,TRENDING,LONG,0.9885,0.8333,0.0,0.1667,1.228,262.2,0.2,0.491,0.2,0.4071,True,UP,True,1.228,0.833,True,True,True,False,False,False,1,4,0.0,0.0,0.0,4B_TRAP,True,False,0.618,5.6,1.456,-1.294,-1.456,0.407,-1.719
2026-08-04T16:25:00,NATURALGAS,2026-08-04,train,TREND_DOWN,FAILED_BREAKOUT,LONG,0.9205,1.0,0.0,0.0,1.25,262.4,0.5,1.25,0.5,0.4,False,DOWN,False,1.75,1.4,True,False,False,False,False,True,1,2,0.4,0.5,0.4,4B_TRAP,False,True,0.515,5.75,0.777,-1.165,-1.359,0.4,-1.75
2026-08-04T16:30:00,NATURALGAS,2026-08-04,train,TREND_DOWN,FAILED_BREAKOUT,SHORT,1.0,0.7143,0.1429,0.1429,1.148,264.02,1.32,3.03,1.32,0.4357,True,DOWN,True,0.918,0.571,True,True,True,False,False,False,1,,0.0,0.0,0.0,4A_CONT,True,False,0.621,2.42,3.543,0.0,2.839,0.436,2.77
2026-08-04T17:05:00,NATURALGAS,2026-08-04,train,TREND_DOWN,TRENDING,SHORT,1.0,0.8571,0.1429,0.0,1.333,261.6,0.3,0.667,0.3,0.45,True,DOWN,True,2.222,1.429,True,True,True,False,False,False,1,,0.0,0.0,0.0,4A_CONT,True,False,0.721,0.14,3.745,-0.277,2.861,0.45,2.778
2026-08-04T17:10:00,NATURALGAS,2026-08-04,train,TREND_DOWN,TRENDING,SHORT,1.0,0.9,0.1,0.0,1.881,261.2,0.7,1.463,0.7,0.4786,True,DOWN,True,2.925,1.4,True,True,True,False,False,False,1,,0.0,0.0,0.0,4A_CONT,True,False,1.03,,3.398,-0.291,2.903,0.479,2.791
2026-08-04T17:15:00,NATURALGAS,2026-08-04,train,TREND_DOWN,TRENDING,SHORT,1.0,0.7143,0.0,0.2857,1.75,260.5,0.7,1.225,0.7,0.5714,True,DOWN,True,2.1,0.857,True,True,True,False,False,False,1,,0.0,0.0,0.0,4A_CONT,True,False,1.042,,3.647,-0.192,2.904,0.571,2.825
2026-08-04T17:20:00,NATURALGAS,2026-08-04,train,TREND_DOWN,TRENDING,SHORT,0.9899,1.0,0.0,0.0,1.953,259.4,0.8,1.302,0.8,0.6143,True,DOWN,True,0.814,0.417,True,False,False,False,False,True,1,2,0.167,0.326,0.25,4B_TRAP,True,True,1.236,,0.162,-1.133,-1.214,0.614,-1.302
2026-08-04T17:50:00,NATURALGAS,2026-08-04,train,TREND_DOWN,TRENDING,LONG,0.9714,0.5714,0.0,0.4286,0.622,258.7,0.4,0.622,0.4,0.6429,False,DOWN,False,0.622,0.571,False,False,False,False,False,False,2,1,0.0,0.0,0.0,4B_TRAP,False,False,0.721,0.69,1.248,-1.387,-1.526,0.643,-1.711
2026-08-04T18:00:00,NATURALGAS,2026-08-04,train,TREND_DOWN,TRENDING,LONG,0.9907,0.7143,0.2857,0.0,1.359,259.1,0.5,0.68,0.5,0.7357,False,DOWN,False,0.951,0.5,False,False,False,True,True,True,,1,0.714,1.359,2.0,4B_TRAP,False,True,1.042,6.35,0.0,-1.44,-1.536,0.736,-1.359
2026-08-04T18:05:00,NATURALGAS,2026-08-04,train,TREND_DOWN,TRENDING,SHORT,0.9537,0.8571,0.1429,0.0,0.764,263.58,4.88,6.211,4.88,0.7857,True,DOWN,True,0.636,0.714,True,True,True,False,False,False,1,,0.0,0.0,0.0,4A_CONT,True,False,0.721,0.42,3.745,-0.555,2.861,0.786,2.873
2026-08-04T18:40:00,NATURALGAS,2026-08-04,train,TREND_DOWN,TRENDING,SHORT,0.9565,0.2857,0.7143,0.0,0.301,263.24,4.84,7.286,4.84,0.6643,True,DOWN,True,1.505,1.429,True,True,True,False,False,False,1,,0.0,0.0,0.0,4A_CONT,False,False,0.721,1.94,3.329,0.0,2.861,0.664,2.849
2026-08-04T18:45:00,NATURALGAS,2026-08-04,train,TREND_DOWN,TRENDING,SHORT,0.9741,1.0,0.0,0.0,1.373,258.4,1.3,1.784,1.3,0.7286,True,DOWN,True,1.51,1.1,True,True,True,False,False,False,1,,0.0,0.0,0.0,4A_CONT,True,False,1.03,0.1,2.913,0.0,1.165,0.729,2.863
2026-08-04T18:50:00,NATURALGAS,2026-08-04,train,TREND_DOWN,TRENDING,SHORT,0.9744,1.0,0.0,0.0,1.481,257.0,1.0,1.346,1.0,0.7429,False,UP,False,0.404,0.273,True,True,True,False,False,False,1,,0.0,0.0,0.0,4X_AMBIG,False,False,1.133,,1.677,-0.353,0.088,0.743,0.135
2026-08-04T19:05:00,NATURALGAS,2026-08-04,train,TREND_DOWN,TRENDING,SHORT,0.925,1.0,0.0,0.0,0.933,256.0,0.3,0.4,0.3,0.75,False,UP,False,0.4,0.429,True,True,True,False,False,False,1,,0.0,0.0,0.0,4A_CONT,False,False,0.721,,2.219,-0.555,-0.277,0.75,-0.267
2026-08-04T19:15:00,NATURALGAS,2026-08-04,train,TREND_DOWN,TRENDING,SHORT,0.9262,1.0,0.0,0.0,1.065,255.5,0.5,0.761,0.5,0.6571,True,DOWN,True,0.913,0.857,True,True,True,False,False,False,1,,0.0,0.0,0.0,4B_TRAP,True,False,0.721,,1.248,-1.11,-1.248,0.657,-1.37
2026-08-04T19:45:00,NATURALGAS,2026-08-04,train,TREND_DOWN,TRENDING,LONG,0.9531,0.7778,0.2222,0.0,1.054,255.3,-0.1,-0.151,0.1,0.6643,False,DOWN,False,0.753,0.556,False,False,False,False,True,True,1,2,0.556,0.753,5.0,4X_AMBIG,False,False,0.727,0.14,1.238,-0.963,0.963,0.664,-1.204
2026-08-04T20:00:00,NATURALGAS,2026-08-04,train,TREND_DOWN,TRENDING,SHORT,0.9847,0.5,0.3333,0.1667,1.012,254.8,0.0,0.0,0.0,0.5929,True,DOWN,True,0.506,0.25,False,False,False,False,True,True,1,2,0.25,0.506,300000000.0,4B_TRAP,False,True,1.036,0.29,0.29,-1.062,-1.158,0.593,-1.687
2026-08-04T21:30:00,NATURALGAS,2026-08-04,train,TREND_DOWN,TRENDING,LONG,0.9262,0.8571,0.1429,0.0,1.5,255.3,0.4,1.0,0.4,0.4,False,DOWN,False,0.5,0.286,True,True,True,False,False,False,1,4,0.0,0.0,0.0,4X_AMBIG,False,False,0.621,16.86,0.644,-0.966,0.322,0.4,-1.75
2026-08-05T10:10:00,NATURALGAS,2026-08-05,val,CHOP,TRENDING,SHORT,1.0,0.7778,0.2222,0.0,2.8,257.5,0.6,2.4,0.6,0.25,False,UP,False,1.2,0.333,True,True,True,False,False,False,1,,0.0,0.0,0.0,4B_TRAP,False,False,0.927,0.11,0.108,-1.294,-1.402,0.25,-1.6
2026-08-05T11:00:00,NATURALGAS,2026-08-05,val,CHOP,OPENING_DRIVE,SHORT,0.9167,0.3333,0.3333,0.3333,0.378,257.0,-0.1,-0.378,0.1,0.2643,False,UP,False,1.135,1.0,False,False,False,True,True,True,,1,1.333,1.513,4.0,4B_TRAP,False,True,0.209,0.48,0.0,-1.435,-1.914,0.264,-1.514
2026-08-05T11:25:00,NATURALGAS,2026-08-05,val,CHOP,OPENING_DRIVE,LONG,0.9655,1.0,0.0,0.0,2.121,257.5,0.2,0.848,0.2,0.2357,True,UP,True,0.849,0.4,True,True,False,False,False,False,1,3,0.0,0.0,0.0,4B_TRAP,True,False,0.515,0.19,1.748,-1.165,-1.359,0.236,2.576
2026-08-05T11:35:00,NATURALGAS,2026-08-05,val,CHOP,TRENDING,SHORT,0.9677,0.4,0.6,0.0,0.778,257.6,-0.2,-0.778,0.2,0.2571,True,DOWN,True,1.556,0.8,False,False,False,False,True,True,1,2,0.8,1.556,2.0,4B_TRAP,False,True,0.315,1.9,0.952,-1.27,-1.587,0.257,-1.556
2026-08-05T11:40:00,NATURALGAS,2026-08-05,val,CHOP,TRENDING,SHORT,0.9062,1.0,0.0,0.0,1.514,257.6,0.1,0.378,0.1,0.2643,False,UP,False,0.757,0.5,False,False,False,True,True,True,,1,1.0,1.513,4.0,4B_TRAP,False,True,0.412,0.73,0.0,-1.214,-1.456,0.264,-2.27
2026-08-05T12:30:00,NATURALGAS,2026-08-05,val,CHOP,TRENDING,SHORT,0.9286,0.5,0.0,0.5,0.667,257.9,0.0,0.0,0.0,0.3,False,UP,False,1.667,1.25,False,False,False,True,True,True,,1,1.0,1.333,400000000.0,4B_TRAP,False,True,0.212,4.29,0.0,-2.83,-3.302,0.3,-2.333
2026-08-05T12:35:00,NATURALGAS,2026-08-05,val,CHOP,TRENDING,LONG,0.9767,0.6,0.4,0.0,0.977,258.2,0.1,0.326,0.1,0.3071,False,DOWN,False,0.977,0.6,True,False,False,False,True,True,1,2,0.4,0.651,2.0,4B_TRAP,False,True,0.315,,0.317,-1.27,-1.587,0.307,-1.628
2026-08-05T13:05:00,NATURALGAS,2026-08-05,val,CHOP,TRENDING,SHORT,0.9796,1.0,0.0,0.0,1.707,258.5,0.4,1.366,0.4,0.2929,True,DOWN,True,1.366,0.8,True,True,True,False,False,False,1,,0.0,0.0,0.0,4A_CONT,True,False,0.515,0.39,3.107,-0.388,2.806,0.293,2.659
2026-08-05T13:10:00,NATURALGAS,2026-08-05,val,CHOP,TRENDING,SHORT,0.9,1.0,0.0,0.0,1.302,257.9,0.2,0.651,0.2,0.3071,True,DOWN,True,1.954,1.5,True,True,True,False,False,False,1,,0.0,0.0,0.0,4B_TRAP,True,False,0.412,1.67,2.427,-1.456,-1.699,0.307,2.674
2026-08-05T13:15:00,NATURALGAS,2026-08-05,val,CHOP,FAILED_BREAKOUT,SHORT,0.9804,1.0,0.0,0.0,1.787,257.7,0.6,1.787,0.6,0.3357,False,UP,False,0.298,0.167,True,True,True,False,False,False,1,,0.0,0.0,0.0,4B_TRAP,False,False,0.618,0.15,0.647,-1.618,-1.78,0.336,-1.489
2026-08-05T14:05:00,NATURALGAS,2026-08-05,val,CHOP,FAILED_BREAKOUT,LONG,0.9836,1.0,0.0,0.0,1.714,257.87,0.23,0.657,0.23,0.35,False,DOWN,False,1.143,0.667,True,True,True,False,False,False,1,4,0.0,0.0,0.0,4B_TRAP,False,False,0.618,0.81,0.324,-1.294,-1.456,0.35,-1.429
2026-08-05T15:40:00,NATURALGAS,2026-08-05,val,CHOP,FAILED_BREAKOUT,LONG,0.9625,1.0,0.0,0.0,1.795,257.4,0.3,1.077,0.3,0.2786,False,DOWN,False,3.948,2.2,False,False,False,True,True,True,,1,1.8,3.23,3.0,4B_TRAP,False,True,0.515,0.33,0.0,-2.33,-2.524,0.279,-4.667
2026-08-05T15:45:00,NATURALGAS,2026-08-05,val,CHOP,FAILED_BREAKOUT,SHORT,1.0,1.0,0.0,0.0,3.08,256.7,0.2,0.56,0.2,0.3571,False,UP,False,0.56,0.182,True,False,False,False,False,False,1,2,0.0,0.0,0.0,4B_TRAP,False,False,1.133,,0.0,-1.236,-1.324,0.357,-2.52
2026-08-05T16:15:00,NATURALGAS,2026-08-05,val,CHOP,FAILED_BREAKOUT,LONG,0.977,1.0,0.0,0.0,1.68,256.7,0.6,1.68,0.6,0.3571,True,UP,True,1.96,1.167,True,True,True,False,False,False,1,,0.0,0.0,0.0,4B_TRAP,True,False,0.618,0.94,1.133,-1.942,-2.104,0.357,-1.68
2026-08-05T16:20:00,NATURALGAS,2026-08-05,val,CHOP,FAILED_BREAKOUT,LONG,0.9773,0.8571,0.1429,0.0,1.5,257.88,-0.08,-0.2,0.08,0.4,False,DOWN,False,1.25,0.714,False,False,False,True,True,True,,1,0.829,1.45,7.25,4B_TRAP,False,True,0.621,0.13,0.322,-1.127,-1.288,0.4,-1.5
2026-08-05T16:45:00,NATURALGAS,2026-08-05,val,CHOP,FAILED_BREAKOUT,LONG,0.9785,0.7143,0.2857,0.0,1.094,258.0,-0.2,-0.437,0.2,0.4571,False,DOWN,False,0.656,0.429,False,False,False,True,True,True,,1,0.571,0.875,2.0,4B_TRAP,False,True,0.521,0.15,0.384,-1.344,-1.536,0.457,-1.313
2026-08-05T17:05:00,NATURALGAS,2026-08-05,val,CHOP,FAILED_BREAKOUT,SHORT,0.9794,0.8571,0.1429,0.0,1.424,257.5,0.2,0.475,0.2,0.4214,False,UP,False,1.187,0.714,True,True,True,False,False,False,1,,0.0,0.0,0.0,4A_CONT,False,False,0.721,0.42,3.051,-0.416,2.861,0.421,2.763
2026-08-05T17:15:00,NATURALGAS,2026-08-05,val,CHOP,FAILED_BREAKOUT,SHORT,0.9192,1.0,0.0,0.0,1.045,257.0,0.2,0.418,0.2,0.4786,True,DOWN,True,0.209,0.2,True,False,False,False,True,True,1,2,0.4,0.418,1.0,4A_CONT,False,False,0.515,0.58,3.301,-0.971,2.806,0.479,-1.254
2026-08-05T17:30:00,NATURALGAS,2026-08-05,val,CHOP,FAILED_BREAKOUT,SHORT,1.0,0.9167,0.0833,0.0,2.2,256.5,0.4,0.8,0.4,0.5,False,UP,False,0.8,0.333,True,True,True,False,False,False,1,,0.0,0.0,0.0,4B_TRAP,False,False,1.236,,0.809,-1.294,-1.375,0.5,-2.0
2026-08-05T17:40:00,NATURALGAS,2026-08-05,val,CHOP,FAILED_BREAKOUT,SHORT,0.9712,1.0,0.0,0.0,1.38,256.0,0.2,0.394,0.2,0.5071,False,UP,False,1.775,1.286,False,False,False,True,True,True,3,1,0.143,0.197,0.5,4B_TRAP,False,True,0.721,,0.693,-1.664,-1.803,0.507,-2.563
2026-08-05T17:50:00,NATURALGAS,2026-08-05,val,CHOP,FAILED_BREAKOUT,SHORT,0.9811,0.1,0.9,0.0,0.169,256.8,0.8,1.349,0.8,0.5929,True,DOWN,True,1.855,1.1,True,True,False,False,False,True,1,3,0.1,0.169,0.125,4B_TRAP,False,True,1.03,0.68,0.874,-1.165,-1.262,0.593,-1.855
2026-08-05T17:55:00,NATURALGAS,2026-08-05,val,CHOP,FAILED_BREAKOUT,SHORT,0.9813,0.4545,0.0,0.5455,0.805,255.3,-0.4,-0.644,0.4,0.6214,False,UP,False,1.287,0.727,False,False,False,True,True,True,,1,1.455,2.575,4.0,4B_TRAP,False,True,0.533,0.75,0.563,-2.439,-2.627,0.621,-2.253
2026-08-05T18:00:00,NATURALGAS,2026-08-05,val,CHOP,FAILED_BREAKOUT,LONG,0.9444,0.875,0.125,0.0,1.065,256.2,-0.1,-0.152,0.1,0.6571,True,UP,True,1.217,1.0,False,False,False,False,True,True,1,2,0.125,0.152,1.0,4B_TRAP,False,True,0.724,1.24,2.21,-1.243,-1.381,0.657,-1.217
2026-08-05T18:05:00,NATURALGAS,2026-08-05,val,CHOP,FAILED_BREAKOUT,LONG,0.945,0.875,0.125,0.0,1.01,257.0,-0.1,-0.144,0.1,0.6929,False,DOWN,False,1.588,1.375,False,False,False,True,True,True,3,1,1.125,1.299,9.0,4B_TRAP,False,True,0.724,0.14,0.414,-1.105,-1.243,0.693,-1.299
2026-08-05T18:10:00,NATURALGAS,2026-08-05,val,CHOP,FAILED_BREAKOUT,SHORT,0.9727,0.8182,0.1818,0.0,1.2,256.2,0.1,0.133,0.1,0.75,False,UP,False,0.4,0.273,False,False,False,True,True,True,4,1,1.273,1.867,14.0,4B_TRAP,False,True,1.133,0.88,0.0,-1.412,-1.5,0.75,-2.267
2026-08-05T18:20:00,NATURALGAS,2026-08-05,val,CHOP,FAILED_BREAKOUT,LONG,0.9196,0.8571,0.1429,0.0,0.764,257.2,0.4,0.509,0.4,0.7857,False,DOWN,False,0.764,0.857,False,False,False,True,True,True,,1,2.143,1.909,3.75,4B_TRAP,False,True,0.621,0.61,0.0,-1.61,-1.771,0.786,-1.4
2026-08-05T18:30:00,NATURALGAS,2026-08-05,val,CHOP,FAILED_BREAKOUT,SHORT,0.9649,0.8,0.2,0.0,0.911,256.1,0.4,0.455,0.4,0.8786,False,UP,False,0.683,0.6,True,False,False,False,True,True,1,2,0.6,0.683,1.5,4B_TRAP,False,True,1.03,0.58,0.194,-1.068,-1.165,0.879,-1.366
2026-08-05T19:35:00,NATURALGAS,2026-08-05,val,CHOP,FAILED_BREAKOUT,SHORT,0.9449,0.8889,0.0,0.1111,1.4,256.1,0.6,1.05,0.6,0.5714,True,DOWN,True,1.05,0.667,True,True,True,False,False,False,1,,0.0,0.0,0.0,4B_TRAP,True,False,0.827,0.48,1.693,-1.209,-1.33,0.571,-1.925
2026-08-05T20:00:00,NATURALGAS,2026-08-05,val,CHOP,FAILED_BREAKOUT,SHORT,0.9242,1.0,0.0,0.0,1.418,255.1,0.3,0.532,0.3,0.5643,False,UP,False,0.709,0.5,True,True,True,False,False,False,1,4,0.0,0.0,0.0,4B_TRAP,False,False,0.824,,0.85,-1.335,-1.456,0.564,-1.595
2026-08-05T21:45:00,NATURALGAS,2026-08-05,val,CHOP,FAILED_BREAKOUT,LONG,0.9542,0.8889,0.0,0.1111,2.074,255.7,0.8,2.074,0.8,0.3857,True,UP,True,1.296,0.556,True,True,True,False,False,False,1,,0.0,0.0,0.0,4X_AMBIG,True,False,0.927,1.7,0.647,-0.324,0.324,0.386,0.778
2026-08-06T11:30:00,NATURALGAS,2026-08-06,val,CHOP,OPENING_DRIVE,LONG,1.0,0.8333,0.0,0.1667,4.0,256.1,0.5,2.0,0.5,0.25,True,UP,True,2.0,0.417,True,True,True,False,False,False,1,,0.0,0.0,0.0,4B_TRAP,True,False,1.236,,1.214,-1.294,-1.375,0.25,-1.6
2026-08-06T11:35:00,NATURALGAS,2026-08-06,val,CHOP,TRENDING,LONG,0.9677,1.0,0.0,0.0,1.842,256.6,0.2,0.737,0.2,0.2714,True,UP,True,1.105,0.6,True,True,True,False,False,False,1,,0.0,0.0,0.0,4B_TRAP,True,False,0.515,,2.524,-1.748,-1.942,0.271,2.632
2026-08-06T12:00:00,NATURALGAS,2026-08-06,val,CHOP,TRENDING,LONG,0.9444,1.0,0.0,0.0,1.217,257.5,0.1,0.304,0.1,0.3286,True,UP,True,1.217,1.0,True,True,True,False,False,False,1,,0.0,0.0,0.0,4B_TRAP,True,False,0.412,,1.214,-1.456,-1.699,0.329,-2.13
2026-08-06T12:05:00,NATURALGAS,2026-08-06,val,CHOP,TRENDING,LONG,0.9459,1.0,0.0,0.0,1.143,257.6,0.2,0.571,0.2,0.35,True,UP,True,0.286,0.25,True,True,True,False,False,False,1,,0.0,0.0,0.0,4B_TRAP,True,False,0.412,,0.728,-1.942,-2.184,0.35,-1.429
2026-08-06T12:30:00,NATURALGAS,2026-08-06,val,CHOP,TRENDING,SHORT,0.9762,0.4,0.6,0.0,0.483,257.6,-0.2,-0.483,0.2,0.4143,True,DOWN,True,0.483,0.4,False,False,False,True,True,True,4,1,0.4,0.483,1.0,4A_CONT,False,False,0.315,0.32,3.492,0.0,2.683,0.414,2.759
2026-08-06T13:20:00,NATURALGAS,2026-08-06,val,CHOP,FAILED_BREAKOUT,SHORT,0.9423,1.0,0.0,0.0,1.474,257.0,0.3,1.105,0.3,0.2714,True,DOWN,True,0.737,0.5,True,True,False,False,False,False,1,3,0.0,0.0,0.0,4B_TRAP,True,False,0.412,3.81,0.243,-1.214,-1.456,0.271,-2.211
2026-08-06T13:35:00,NATURALGAS,2026-08-06,val,CHOP,FAILED_BREAKOUT,LONG,0.9818,0.6,0.4,0.0,1.077,257.19,-0.19,-0.682,0.19,0.2786,True,UP,True,0.718,0.4,False,False,False,True,True,True,,1,0.58,1.041,1.526,4B_TRAP,False,True,0.315,0.6,0.635,-1.587,-1.905,0.279,-2.154
2026-08-06T13:55:00,NATURALGAS,2026-08-06,val,CHOP,TRENDING,SHORT,0.9828,1.0,0.0,0.0,2.39,256.6,0.1,0.341,0.1,0.2929,False,UP,False,1.024,0.429,True,False,False,False,False,True,1,2,0.286,0.683,2.0,4A_CONT,False,False,0.721,1.9,3.606,-0.555,2.861,0.293,-1.366
2026-08-06T15:05:00,NATURALGAS,2026-08-06,val,CHOP,FAILED_BREAKOUT,SHORT,0.9861,1.0,0.0,0.0,3.111,256.5,0.6,2.333,0.6,0.2571,False,UP,False,1.167,0.375,True,True,True,False,False,False,1,,0.0,0.0,0.0,4A_CONT,False,False,0.824,0.93,3.034,-0.485,2.879,0.257,-1.944
2026-08-06T15:25:00,NATURALGAS,2026-08-06,val,CHOP,FAILED_BREAKOUT,SHORT,0.9868,1.0,0.0,0.0,2.545,255.1,0.1,0.318,0.1,0.3143,False,UP,False,0.955,0.375,True,False,False,False,True,True,1,2,0.25,0.636,2.0,4B_TRAP,False,True,0.824,,0.243,-1.092,-1.214,0.314,-1.591
2026-08-06T16:00:00,NATURALGAS,2026-08-06,val,CHOP,FAILED_BREAKOUT,SHORT,0.9518,1.0,0.0,0.0,1.585,254.8,0.0,0.0,0.0,0.3786,False,UP,False,1.849,1.167,False,False,False,True,True,True,,1,2.167,3.434,1300000000.0,4B_TRAP,False,True,0.618,,0.0,-1.294,-1.456,0.379,-2.377
2026-08-06T16:05:00,NATURALGAS,2026-08-06,val,CHOP,FAILED_BREAKOUT,LONG,0.9643,0.8571,0.1429,0.0,1.424,255.4,0.1,0.237,0.1,0.4214,True,UP,True,1.424,0.857,True,True,True,False,False,False,1,5,0.0,0.0,0.0,4B_TRAP,True,False,0.621,2.25,0.966,-1.127,-1.288,0.421,-1.424
2026-08-06T16:10:00,NATURALGAS,2026-08-06,val,CHOP,FAILED_BREAKOUT,LONG,0.9412,0.8333,0.1667,0.0,1.111,255.6,0.2,0.444,0.2,0.45,True,UP,True,0.444,0.333,True,True,False,False,False,False,1,3,0.0,0.0,0.0,4B_TRAP,True,False,0.518,2.12,0.579,-1.158,-1.351,0.45,-1.333
2026-08-06T17:15:00,NATURALGAS,2026-08-06,val,CHOP,FAILED_BREAKOUT,SHORT,0.949,0.8333,0.0,0.1667,1.4,254.7,0.7,1.96,0.7,0.3571,False,UP,False,1.4,0.833,True,True,True,False,False,False,1,,0.0,0.0,0.0,4B_TRAP,False,False,0.518,,2.124,-1.351,-1.544,0.357,2.72
2026-08-06T17:20:00,NATURALGAS,2026-08-06,val,CHOP,FAILED_BREAKOUT,SHORT,0.9192,0.4,0.6,0.0,0.56,253.9,0.3,0.84,0.3,0.3571,False,UP,False,0.84,0.6,True,True,False,False,False,True,1,3,0.8,1.12,1.333,4B_TRAP,False,True,0.315,,2.222,-2.222,-2.54,0.357,-2.24
2026-08-06T17:35:00,NATURALGAS,2026-08-06,val,CHOP,FAILED_BREAKOUT,LONG,1.0,1.0,0.0,0.0,3.161,253.9,0.4,0.903,0.4,0.4429,False,DOWN,False,2.258,0.714,False,False,False,True,True,True,2,1,0.143,0.452,0.5,4B_TRAP,False,True,1.442,1.72,0.971,-1.04,-1.11,0.443,-1.581
2026-08-06T17:40:00,NATURALGAS,2026-08-06,val,CHOP,FAILED_BREAKOUT,SHORT,0.9806,0.4,0.6,0.0,0.812,254.92,1.22,2.475,1.22,0.4929,False,UP,False,1.623,0.8,True,True,False,False,False,True,1,3,0.28,0.568,0.23,4B_TRAP,False,True,1.03,0.29,0.0,-1.068,-1.165,0.493,-2.029
2026-08-06T17:45:00,NATURALGAS,2026-08-06,val,CHOP,FAILED_BREAKOUT,LONG,0.9615,1.0,0.0,0.0,1.474,253.9,0.7,1.289,0.7,0.5429,False,DOWN,False,1.105,0.75,True,True,True,False,False,False,1,,0.0,0.0,0.0,4B_TRAP,False,False,0.824,2.73,0.728,-1.214,-1.335,0.543,-1.474
2026-08-06T17:50:00,NATURALGAS,2026-08-06,val,CHOP,FAILED_BREAKOUT,SHORT,0.9238,0.8333,0.0,0.1667,0.886,254.9,0.6,1.063,0.6,0.5643,False,UP,False,2.304,2.167,False,False,False,True,True,True,3,1,0.5,0.532,0.5,4B_TRAP,False,True,0.518,2.7,0.772,-1.737,-1.931,0.564,-1.772
2026-08-06T17:55:00,NATURALGAS,2026-08-06,val,CHOP,FAILED_BREAKOUT,LONG,0.9906,1.0,0.0,0.0,2.0,254.8,0.4,0.615,0.4,0.65,False,DOWN,False,0.462,0.231,True,False,False,False,True,True,1,2,0.615,1.231,2.0,4B_TRAP,False,True,1.339,1.23,0.0,-1.195,-1.27,0.65,-2.154
2026-08-06T18:05:00,NATURALGAS,2026-08-06,val,CHOP,FAILED_BREAKOUT,SHORT,0.9352,0.8571,0.0,0.1429,0.875,253.9,-0.1,-0.146,0.1,0.6857,False,UP,False,1.021,1.0,False,False,False,True,True,True,,1,1.714,1.75,12.0,4B_TRAP,False,True,0.621,0.16,0.644,-2.254,-2.415,0.686,-2.188
2026-08-06T18:25:00,NATURALGAS,2026-08-06,val,CHOP,FAILED_BREAKOUT,LONG,0.9286,0.2857,0.4286,0.2857,0.262,255.4,-0.1,-0.131,0.1,0.7643,True,UP,True,0.262,0.286,False,False,False,True,True,True,2,1,1.571,1.439,11.0,4B_TRAP,False,True,0.421,3.94,0.0,-2.613,-2.85,0.764,-1.57
2026-08-06T18:35:00,NATURALGAS,2026-08-06,val,CHOP,FAILED_BREAKOUT,LONG,0.9737,1.0,0.0,0.0,1.262,255.6,0.0,0.0,0.0,0.8714,False,DOWN,False,0.803,0.636,False,False,False,True,True,True,,1,0.818,1.033,900000000.0,4B_TRAP,False,True,1.133,1.2,0.088,-1.589,-1.677,0.871,-1.148
2026-08-06T18:40:00,NATURALGAS,2026-08-06,val,CHOP,FAILED_BREAKOUT,SHORT,0.9304,1.0,0.0,0.0,0.784,254.8,0.1,0.112,0.1,0.8929,False,UP,False,0.224,0.286,False,False,False,True,True,True,4,1,0.571,0.448,4.0,4B_TRAP,False,True,0.721,0.69,0.0,-1.387,-1.526,0.893,-1.232
2026-08-06T19:00:00,NATURALGAS,2026-08-06,val,CHOP,FAILED_BREAKOUT,SHORT,0.9748,1.0,0.0,0.0,1.514,254.7,0.9,1.135,0.9,0.7929,True,DOWN,True,0.631,0.417,True,True,True,False,False,False,1,,0.0,0.0,0.0,4A_CONT,True,False,1.236,0.73,2.67,-0.728,0.566,0.793,2.874
2026-08-06T20:00:00,NATURALGAS,2026-08-06,val,CHOP,FAILED_BREAKOUT,SHORT,0.916,0.8571,0.0,0.1429,0.944,252.3,0.9,1.416,0.9,0.6357,True,DOWN,True,1.101,1.0,True,True,True,False,False,False,1,,0.0,0.0,0.0,4B_TRAP,True,False,0.621,,1.449,-2.093,-2.254,0.636,-2.202
2026-08-06T20:05:00,NATURALGAS,2026-08-06,val,CHOP,TRENDING,SHORT,0.9167,0.8571,0.0,0.1429,0.923,251.3,0.3,0.462,0.3,0.65,True,DOWN,True,0.308,0.286,True,True,True,False,False,False,1,5,0.0,0.0,0.0,4B_TRAP,True,False,0.621,,0.805,-1.127,-1.288,0.65,-1.231
2026-08-06T21:40:00,NATURALGAS,2026-08-06,val,CHOP,FAILED_BREAKOUT,LONG,0.9603,0.7778,0.0,0.2222,1.342,253.6,0.2,0.384,0.2,0.5214,False,DOWN,False,0.575,0.333,False,False,False,True,True,True,5,1,0.444,0.767,2.0,4X_AMBIG,False,False,0.927,0.43,0.971,-0.863,-0.755,0.521,-1.534
2026-08-06T22:15:00,NATURALGAS,2026-08-06,val,CHOP,FAILED_BREAKOUT,LONG,0.9684,1.0,0.0,0.0,2.121,254.0,0.5,1.061,0.5,0.4714,True,UP,True,1.061,0.5,True,True,True,False,False,False,1,,0.0,0.0,0.0,4B_TRAP,True,False,1.03,2.65,0.194,-1.456,-1.553,0.471,-1.273
2026-08-07T10:00:00,NATURALGAS,2026-08-07,val,TREND_UP,OPENING_DRIVE,SHORT,0.9167,1.0,0.0,0.0,1.333,252.5,0.2,0.667,0.2,0.3,True,DOWN,True,0.667,0.5,True,True,True,False,False,False,1,5,0.0,0.0,0.0,4B_TRAP,True,False,0.412,1.94,0.243,-1.214,-1.456,0.3,-2.0
2026-08-07T10:35:00,NATURALGAS,2026-08-07,val,TREND_UP,TRENDING,LONG,1.0,1.0,0.0,0.0,1.795,252.9,0.2,0.718,0.2,0.2786,True,UP,True,0.359,0.2,True,False,False,False,True,True,1,2,0.2,0.359,0.5,4A_CONT,False,False,0.515,,3.107,-0.583,2.806,0.279,-1.436
2026-08-07T11:35:00,NATURALGAS,2026-08-07,val,TREND_UP,TRENDING,LONG,1.0,0.4,0.4,0.2,0.8,253.4,-0.2,-0.8,0.2,0.25,True,UP,True,1.6,0.8,False,False,False,False,False,False,1,,0.0,0.0,0.0,4A_CONT,False,False,0.315,0.63,3.492,0.0,2.683,0.25,2.6
2026-08-07T11:40:00,NATURALGAS,2026-08-07,val,TREND_UP,TRENDING,LONG,0.9032,0.5,0.25,0.25,0.757,253.4,0.2,0.757,0.2,0.2643,True,UP,True,1.892,1.25,True,True,True,False,False,False,1,,0.0,0.0,0.0,4A_CONT,False,False,0.312,,3.526,0.0,2.679,0.264,2.622
2026-08-07T11:45:00,NATURALGAS,2026-08-07,val,TREND_UP,TRENDING,LONG,1.0,0.8,0.0,0.2,1.514,253.7,0.4,1.514,0.4,0.2643,True,UP,True,0.757,0.4,True,True,True,False,False,False,1,,0.0,0.0,0.0,4B_TRAP,True,False,0.515,,1.748,-1.359,-1.553,0.264,-1.514
2026-08-07T12:10:00,NATURALGAS,2026-08-07,val,TREND_UP,TRENDING,LONG,1.0,1.0,0.0,0.0,2.8,254.3,0.4,1.244,0.4,0.3214,False,DOWN,False,0.311,0.111,True,True,True,False,False,False,1,,0.0,0.0,0.0,4B_TRAP,False,False,0.927,,0.324,-1.402,-1.51,0.321,-1.556
2026-08-07T12:40:00,NATURALGAS,2026-08-07,val,TREND_UP,TRENDING,SHORT,0.907,0.75,0.25,0.0,0.875,254.7,0.2,0.583,0.2,0.3429,False,UP,False,0.875,0.75,True,True,True,False,False,False,1,4,0.0,0.0,0.0,4A_CONT,False,False,0.412,0.24,3.155,-0.728,2.757,0.343,2.708
2026-08-07T13:00:00,NATURALGAS,2026-08-07,val,TREND_UP,TRENDING,LONG,0.9787,0.6667,0.0,0.3333,1.217,254.5,0.3,0.913,0.3,0.3286,False,DOWN,False,0.913,0.5,False,False,False,True,True,True,,1,0.5,0.913,1.0,4B_TRAP,False,True,0.618,0.32,0.0,-1.133,-1.294,0.329,-1.522
2026-08-07T13:45:00,NATURALGAS,2026-08-07,val,TREND_UP,TRENDING,SHORT,0.9636,1.0,0.0,0.0,1.75,254.1,0.3,1.05,0.3,0.2857,False,UP,False,0.7,0.4,True,True,True,False,False,False,1,,0.0,0.0,0.0,4A_CONT,False,False,0.515,2.27,3.107,-0.583,2.806,0.286,-1.4
2026-08-07T14:05:00,NATURALGAS,2026-08-07,val,TREND_UP,TRENDING,SHORT,0.9661,0.3333,0.1667,0.5,0.683,253.8,0.1,0.341,0.1,0.2929,False,UP,False,1.024,0.5,True,True,True,False,False,False,1,,0.0,0.0,0.0,4A_CONT,False,False,0.318,3.14,3.145,0.0,2.686,0.293,2.659
2026-08-07T14:20:00,NATURALGAS,2026-08-07,val,TREND_UP,FAILED_BREAKOUT,SHORT,0.9516,1.0,0.0,0.0,1.75,253.3,0.1,0.35,0.1,0.2857,True,DOWN,True,1.05,0.6,True,True,True,False,False,False,1,4,0.0,0.0,0.0,4B_TRAP,True,False,0.515,0.82,2.913,-1.553,-1.748,0.286,-1.75
2026-08-07T14:50:00,NATURALGAS,2026-08-07,val,TREND_UP,FAILED_BREAKOUT,SHORT,0.9706,0.8333,0.0,0.1667,1.4,253.0,0.0,0.0,0.0,0.3571,False,UP,False,0.84,0.5,False,False,False,True,True,True,3,1,0.5,0.84,300000000.0,4B_TRAP,False,True,0.518,0.29,2.51,-1.931,-2.124,0.357,2.72
2026-08-07T15:15:00,NATURALGAS,2026-08-07,val,TREND_UP,FAILED_BREAKOUT,SHORT,0.9452,0.8,0.2,0.0,1.167,252.9,0.2,0.583,0.2,0.3429,False,UP,False,0.875,0.6,False,False,False,True,True,True,2,1,0.2,0.292,0.5,4B_TRAP,False,True,0.515,1.13,1.942,-1.165,-1.359,0.343,-2.042
2026-08-07T16:30:00,NATURALGAS,2026-08-07,val,TREND_UP,FAILED_BREAKOUT,SHORT,0.9886,0.3333,0.3333,0.3333,0.609,252.1,0.2,0.609,0.2,0.3286,False,UP,False,1.217,0.667,True,False,False,False,False,True,1,2,0.5,0.913,1.5,4B_TRAP,False,True,0.418,0.96,0.478,-1.196,-1.435,0.329,-1.826
2026-08-07T17:00:00,NATURALGAS,2026-08-07,val,TREND_UP,FAILED_BREAKOUT,SHORT,0.9681,1.0,0.0,0.0,1.714,252.1,0.1,0.286,0.1,0.35,False,UP,False,0.857,0.5,False,False,False,True,True,True,,1,1.0,1.714,6.0,4B_TRAP,False,True,0.618,0.52,0.162,-1.456,-1.618,0.35,-1.429
2026-08-07T17:20:00,NATURALGAS,2026-08-07,val,TREND_UP,FAILED_BREAKOUT,LONG,0.9388,0.8,0.0,0.2,1.037,252.6,0.2,0.519,0.2,0.3857,True,UP,True,0.519,0.4,False,False,False,False,True,True,3,1,0.2,0.259,0.5,4B_TRAP,False,True,0.515,1.79,2.524,-1.553,-1.748,0.386,-1.556
2026-08-07T17:35:00,NATURALGAS,2026-08-07,val,TREND_UP,FAILED_BREAKOUT,LONG,0.9406,1.0,0.0,0.0,1.186,252.9,0.1,0.237,0.1,0.4214,True,UP,True,0.949,0.8,True,True,True,False,False,False,1,4,0.0,0.0,0.0,4B_TRAP,True,False,0.515,1.26,2.136,-1.942,-2.136,0.421,-1.424
2026-08-07T17:45:00,NATURALGAS,2026-08-07,val,TREND_UP,FAILED_BREAKOUT,LONG,0.9709,0.8333,0.1667,0.0,1.167,253.58,0.32,0.747,0.32,0.4286,False,DOWN,False,2.566,1.833,False,False,False,True,True,True,4,1,1.8,2.52,3.375,4B_TRAP,False,True,0.518,2.12,0.386,-1.737,-1.931,0.429,-2.333
2026-08-07T17:50:00,NATURALGAS,2026-08-07,val,TREND_UP,TRENDING,SHORT,1.0,1.0,0.0,0.0,2.333,253.4,0.4,0.848,0.4,0.4714,True,DOWN,True,1.061,0.455,True,True,False,False,False,True,1,3,0.182,0.424,0.5,4B_TRAP,True,True,1.133,0.62,0.883,-1.147,-1.236,0.471,-1.697
2026-08-07T17:55:00,NATURALGAS,2026-08-07,val,TREND_UP,FAILED_BREAKOUT,SHORT,0.9238,1.0,0.0,0.0,1.045,253.0,0.5,1.045,0.5,0.4786,False,UP,False,1.254,1.2,False,False,False,True,True,True,3,1,1.2,1.254,1.2,4B_TRAP,False,True,0.515,0.39,0.0,-1.359,-1.553,0.479,-1.672
2026-08-07T18:00:00,NATURALGAS,2026-08-07,val,TREND_UP,FAILED_BREAKOUT,LONG,0.9623,1.0,0.0,0.0,1.183,253.0,0.2,0.394,0.2,0.5071,True,UP,True,1.183,1.0,True,False,False,False,True,True,1,2,0.167,0.197,0.5,4B_TRAP,False,True,0.618,0.61,0.809,-1.942,-2.104,0.507,-2.563
2026-08-07T18:05:00,NATURALGAS,2026-08-07,val,TREND_UP,FAILED_BREAKOUT,LONG,0.9626,0.8333,0.1667,0.0,0.946,253.58,0.02,0.038,0.02,0.5286,False,DOWN,False,1.324,1.167,False,False,False,True,True,True,5,1,1.133,1.286,34.0,4B_TRAP,False,True,0.518,0.97,0.0,-1.544,-1.737,0.529,-1.703
2026-08-07T18:10:00,NATURALGAS,2026-08-07,val,TREND_UP,FAILED_BREAKOUT,SHORT,0.9815,0.8571,0.0,0.1429,1.105,253.1,0.2,0.368,0.2,0.5429,False,UP,False,2.395,1.857,False,False,False,True,True,True,,1,0.286,0.368,1.0,4B_TRAP,False,True,0.621,0.64,1.449,-2.254,-2.415,0.543,-2.763
2026-08-07T18:30:00,NATURALGAS,2026-08-07,val,TREND_UP,FAILED_BREAKOUT,LONG,0.9911,1.0,0.0,0.0,1.867,253.58,0.72,1.12,0.72,0.6429,False,DOWN,False,1.089,0.583,True,True,True,False,False,False,1,,0.0,0.0,0.0,4X_AMBIG,False,False,1.236,0.57,1.942,-0.324,1.294,0.643,2.844
2026-08-07T18:40:00,NATURALGAS,2026-08-07,val,TREND_UP,TRENDING,LONG,0.9825,1.0,0.0,0.0,1.481,255.0,0.3,0.404,0.3,0.7429,True,UP,True,0.673,0.455,True,True,True,False,False,False,1,,0.0,0.0,0.0,4B_TRAP,True,False,1.133,,1.236,-1.059,-1.147,0.743,-1.212
2026-08-07T18:50:00,NATURALGAS,2026-08-07,val,TREND_UP,TRENDING,LONG,0.9569,0.4286,0.5714,0.0,0.385,256.0,0.0,0.0,0.0,0.7786,False,DOWN,False,0.514,0.571,False,False,False,False,False,True,2,1,0.143,0.128,100000000.0,4B_TRAP,False,True,0.321,,2.181,-1.246,-1.558,0.779,-1.413
2026-08-07T19:25:00,NATURALGAS,2026-08-07,val,TREND_UP,TRENDING,LONG,0.9593,0.2857,0.0,0.7143,0.322,256.4,-0.2,-0.322,0.2,0.6214,True,UP,True,0.644,0.571,False,False,False,False,True,True,1,2,0.143,0.161,0.5,4B_TRAP,False,True,0.521,0.38,0.96,-1.152,-1.344,0.621,-1.287
2026-08-07T20:20:00,NATURALGAS,2026-08-07,val,TREND_UP,TRENDING,SHORT,0.9627,1.0,0.0,0.0,1.661,256.0,0.3,0.712,0.3,0.4214,False,UP,False,0.712,0.429,True,True,True,False,False,False,1,,0.0,0.0,0.0,4A_CONT,False,False,0.721,5.6,2.497,-0.277,-0.277,0.421,2.763
2026-08-07T20:55:00,NATURALGAS,2026-08-07,val,TREND_UP,TRENDING,SHORT,0.9645,1.0,0.0,0.0,1.922,255.0,0.2,0.549,0.2,0.3643,False,UP,False,0.549,0.286,True,True,True,False,False,False,1,,0.0,0.0,0.0,4B_TRAP,False,False,0.721,4.36,1.248,-1.11,-1.248,0.364,-1.373
2026-08-07T21:10:00,NATURALGAS,2026-08-07,val,TREND_UP,TRENDING,SHORT,0.9097,1.0,0.0,0.0,1.714,254.5,0.4,1.143,0.4,0.35,False,UP,False,1.714,1.0,False,False,False,False,True,True,,1,0.5,0.857,0.75,4B_TRAP,False,True,0.618,3.95,0.324,-1.456,-1.618,0.35,-1.429
2026-08-07T21:15:00,NATURALGAS,2026-08-07,val,TREND_UP,FAILED_BREAKOUT,LONG,0.9103,0.6667,0.0,0.3333,1.037,254.37,0.13,0.337,0.13,0.3857,True,UP,True,1.815,1.167,True,True,True,False,False,False,1,,0.0,0.0,0.0,4A_CONT,True,False,0.618,1.62,2.265,-0.324,2.265,0.386,2.741
2026-08-07T21:20:00,NATURALGAS,2026-08-07,val,TREND_UP,FAILED_BREAKOUT,LONG,0.9658,0.7143,0.2857,0.0,1.186,254.7,0.1,0.237,0.1,0.4214,True,UP,True,0.949,0.571,True,True,True,False,False,False,1,,0.0,0.0,0.0,4A_CONT,True,False,0.521,3.65,2.111,-0.384,2.111,0.421,2.61
2026-08-07T21:55:00,NATURALGAS,2026-08-07,val,TREND_UP,TRENDING,LONG,0.9673,1.0,0.0,0.0,1.607,255.3,0.2,0.459,0.2,0.4357,True,UP,True,0.459,0.286,True,False,False,False,True,True,1,2,0.143,0.23,0.5,4X_AMBIG,False,False,0.721,1.66,0.555,-0.832,0.555,0.436,-1.377
2026-08-10T10:20:00,NATURALGAS,2026-08-10,val,TREND_UP,OPENING_DRIVE,SHORT,0.9333,0.3333,0.6667,0.0,0.5,260.9,-0.1,-0.5,0.1,0.2,False,UP,False,2.0,1.333,False,False,False,True,True,True,,1,2.0,3.0,6.0,4B_TRAP,False,True,0.209,2.34,0.0,-2.392,-2.871,0.2,-3.0
2026-08-10T10:25:00,NATURALGAS,2026-08-10,val,TREND_UP,TRENDING,LONG,0.9375,1.0,0.0,0.0,1.75,261.4,0.1,0.438,0.1,0.2286,False,DOWN,False,0.875,0.5,False,False,False,True,True,True,5,1,0.25,0.437,1.0,4B_TRAP,False,True,0.412,,0.243,-1.214,-1.456,0.229,-1.75
2026-08-10T11:25:00,NATURALGAS,2026-08-10,val,TREND_UP,TRENDING,SHORT,0.9643,0.5,0.0,0.5,0.8,261.2,0.0,0.0,0.0,0.25,False,UP,False,2.0,1.25,False,False,False,True,True,True,,1,2.0,3.2,800000000.0,4B_TRAP,False,True,0.212,0.99,0.0,-2.358,-2.83,0.25,-2.4
2026-08-10T11:30:00,NATURALGAS,2026-08-10,val,TREND_UP,TRENDING,LONG,1.0,0.6,0.4,0.0,1.135,261.6,-0.1,-0.378,0.1,0.2643,True,UP,True,0.0,0.0,False,False,False,True,True,True,2,1,0.2,0.378,1.0,4A_CONT,False,False,0.315,0.32,3.492,0.0,2.683,0.264,2.622
2026-08-10T11:40:00,NATURALGAS,2026-08-10,val,TREND_UP,TRENDING,LONG,1.0,1.0,0.0,0.0,2.0,261.7,0.3,1.2,0.3,0.25,True,UP,True,2.4,1.2,True,True,True,False,False,False,1,,0.0,0.0,0.0,4A_CONT,True,False,0.515,,3.495,0.0,2.806,0.25,2.6
2026-08-10T11:45:00,NATURALGAS,2026-08-10,val,TREND_UP,TRENDING,LONG,1.0,0.6667,0.1667,0.1667,1.474,262.0,0.5,1.842,0.5,0.2714,False,DOWN,False,1.105,0.5,True,True,True,False,False,False,1,,0.0,0.0,0.0,4A_CONT,False,False,0.518,,3.089,-0.965,2.807,0.271,-2.211
2026-08-10T12:30:00,NATURALGAS,2026-08-10,val,TREND_UP,TRENDING,LONG,0.9,0.5,0.25,0.25,0.596,262.9,-0.1,-0.298,0.1,0.3357,True,UP,True,1.489,1.25,False,False,False,False,False,False,2,1,0.0,0.0,0.0,4B_TRAP,False,False,0.312,0.32,1.282,-1.603,-1.923,0.336,-1.787
2026-08-10T12:35:00,NATURALGAS,2026-08-10,val,TREND_UP,TRENDING,LONG,0.9756,0.2,0.4,0.4,0.292,262.9,0.0,0.0,0.0,0.3429,True,UP,True,0.875,0.6,False,False,False,False,False,True,1,3,0.6,0.875,300000000.0,4B_TRAP,False,True,0.315,,0.952,-1.27,-1.587,0.343,-1.458
2026-08-10T12:45:00,NATURALGAS,2026-08-10,val,TREND_UP,TRENDING,LONG,0.9767,0.1667,0.0,0.8333,0.269,263.2,-0.1,-0.269,0.1,0.3714,False,DOWN,False,1.077,0.667,False,False,False,True,True,True,,1,1.0,1.616,6.0,4B_TRAP,False,True,0.518,0.19,0.0,-1.158,-1.351,0.371,-1.885
2026-08-10T13:20:00,NATURALGAS,2026-08-10,val,TREND_UP,TRENDING,SHORT,0.9,0.25,0.25,0.5,0.255,262.2,-0.2,-0.509,0.2,0.3929,False,UP,False,1.273,1.25,False,False,False,True,True,True,,1,2.0,2.036,4.0,4B_TRAP,False,True,0.212,1.42,0.472,-1.887,-2.358,0.393,-1.273
2026-08-10T13:25:00,NATURALGAS,2026-08-10,val,TREND_UP,TRENDING,LONG,0.9608,1.0,0.0,0.0,1.25,262.6,0.2,0.5,0.2,0.4,True,UP,True,0.75,0.6,True,True,True,False,False,False,1,,0.0,0.0,0.0,4A_CONT,True,False,0.515,0.78,3.689,-0.388,2.806,0.4,2.75
2026-08-10T14:25:00,NATURALGAS,2026-08-10,val,TREND_UP,TRENDING,SHORT,0.9048,1.0,0.0,0.0,1.302,263.8,0.4,1.302,0.4,0.3071,True,DOWN,True,0.651,0.5,True,True,True,False,False,False,1,,0.0,0.0,0.0,4B_TRAP,True,False,0.412,0.24,0.485,-1.214,-1.456,0.307,-1.953
2026-08-10T14:35:00,NATURALGAS,2026-08-10,val,TREND_UP,TRENDING,LONG,0.9077,1.0,0.0,0.0,1.4,263.5,0.1,0.35,0.1,0.2857,True,UP,True,0.7,0.5,True,True,True,False,False,False,1,,0.0,0.0,0.0,4B_TRAP,True,False,0.412,0.73,2.67,-1.456,-1.699,0.286,2.65
2026-08-10T14:55:00,NATURALGAS,2026-08-10,val,TREND_UP,TRENDING,LONG,1.0,0.5,0.1667,0.3333,0.955,263.9,0.1,0.318,0.1,0.3143,True,UP,True,0.636,0.333,True,False,False,False,True,True,1,2,0.333,0.636,2.0,4B_TRAP,False,True,0.518,,0.579,-1.158,-1.351,0.314,-1.591
2026-08-10T15:45:00,NATURALGAS,2026-08-10,val,TREND_UP,TRENDING,SHORT,0.9615,0.6,0.4,0.0,1.105,263.8,0.1,0.368,0.1,0.2714,True,DOWN,True,1.105,0.6,True,True,True,False,False,False,1,4,0.0,0.0,0.0,4B_TRAP,True,False,0.515,6.14,0.388,-1.165,-1.359,0.271,-2.579
2026-08-10T16:10:00,NATURALGAS,2026-08-10,val,TREND_UP,TRENDING,LONG,0.9639,0.6,0.4,0.0,1.077,264.2,-0.1,-0.359,0.1,0.2786,True,UP,True,0.718,0.4,False,False,False,True,True,True,,1,0.8,1.436,4.0,4B_TRAP,False,True,0.315,0.32,0.317,-1.905,-2.222,0.279,-1.436
2026-08-10T17:00:00,NATURALGAS,2026-08-10,val,TREND_UP,TRENDING,LONG,0.9677,0.6,0.4,0.0,0.933,263.9,0.1,0.311,0.1,0.3214,False,DOWN,False,0.933,0.6,True,True,True,False,False,False,1,5,0.0,0.0,0.0,4B_TRAP,False,False,0.315,0.83,2.222,-1.27,-1.587,0.321,-1.556
2026-08-10T17:10:00,NATURALGAS,2026-08-10,val,TREND_UP,TRENDING,LONG,1.0,0.5714,0.4286,0.0,1.143,264.3,0.1,0.286,0.1,0.35,True,UP,True,1.429,0.714,True,True,False,False,False,True,1,3,1.0,2.0,7.0,4B_TRAP,True,True,0.421,,0.238,-1.9,-2.138,0.35,-1.429
2026-08-10T17:15:00,NATURALGAS,2026-08-10,val,TREND_UP,TRENDING,LONG,0.9583,0.0,0.0,1.0,0.0,264.31,0.19,0.532,0.19,0.3571,True,UP,True,0.56,0.4,True,False,False,False,True,True,1,2,1.42,1.988,3.737,4B_TRAP,False,True,0.515,0.39,0.0,-1.748,-1.942,0.357,-2.8
2026-08-10T17:25:00,NATURALGAS,2026-08-10,val,TREND_UP,TRENDING,SHORT,1.0,1.0,0.0,0.0,1.849,264.0,0.4,1.057,0.4,0.3786,False,UP,False,0.792,0.429,True,True,True,False,False,False,1,5,0.0,0.0,0.0,4B_TRAP,False,False,0.721,2.9,0.832,-1.526,-1.664,0.379,-1.321
2026-08-10T17:35:00,NATURALGAS,2026-08-10,val,TREND_UP,TRENDING,SHORT,0.95,0.4,0.4,0.2,0.519,263.5,-0.1,-0.259,0.1,0.3857,True,DOWN,True,4.408,3.4,False,False,False,False,True,True,1,2,2.8,3.63,14.0,4B_TRAP,False,True,0.415,5.04,1.446,-2.651,-2.892,0.386,-3.111
2026-08-10T17:40:00,NATURALGAS,2026-08-10,val,TREND_UP,TRENDING,SHORT,1.0,0.6471,0.3529,0.0,2.265,263.5,0.5,1.029,0.5,0.4857,True,DOWN,True,0.824,0.235,False,False,False,True,True,True,,1,0.824,2.882,2.8,4B_TRAP,False,True,1.751,0.85,0.0,-1.085,-1.142,0.486,-2.471
2026-08-10T17:50:00,NATURALGAS,2026-08-10,val,TREND_UP,TRENDING,LONG,0.9903,1.0,0.0,0.0,1.448,264.7,0.2,0.322,0.2,0.6214,False,DOWN,False,0.483,0.333,True,True,True,False,False,False,1,5,0.0,0.0,0.0,4B_TRAP,False,False,0.927,,0.971,-1.187,-1.294,0.621,-1.931
2026-08-10T18:05:00,NATURALGAS,2026-08-10,val,TREND_UP,TRENDING,LONG,0.9434,0.8333,0.0,0.1667,0.753,265.3,0.4,0.602,0.4,0.6643,True,UP,True,0.452,0.5,True,False,False,False,True,True,1,2,2.667,2.409,4.0,4B_TRAP,False,True,0.618,,0.162,-3.074,-3.236,0.664,-3.011
2026-08-10T18:15:00,NATURALGAS,2026-08-10,val,TREND_UP,TRENDING,SHORT,0.9907,0.9333,0.0,0.0667,1.832,265.5,1.6,2.093,1.6,0.7643,False,UP,False,0.523,0.267,True,True,True,False,False,False,1,,0.0,0.0,0.0,4B_TRAP,False,False,1.445,0.62,0.484,-1.176,-1.246,0.764,-1.701
2026-08-10T18:25:00,NATURALGAS,2026-08-10,val,TREND_UP,TRENDING,LONG,0.9727,0.375,0.375,0.25,0.389,263.8,-0.1,-0.13,0.1,0.7714,True,UP,True,0.648,0.625,False,False,False,False,False,False,1,,0.0,0.0,0.0,4A_CONT,False,False,0.524,3.05,3.626,0.0,2.809,0.771,2.87
2026-08-10T18:30:00,NATURALGAS,2026-08-10,val,TREND_UP,TRENDING,LONG,0.9099,1.0,0.0,0.0,0.625,264.0,0.3,0.375,0.3,0.8,True,UP,True,0.625,1.0,True,True,True,False,False,False,1,,0.0,0.0,0.0,4A_CONT,True,False,0.515,1.94,3.107,0.0,2.806,0.8,2.875
2026-08-10T18:40:00,NATURALGAS,2026-08-10,val,TREND_UP,TRENDING,LONG,0.9646,0.4286,0.5714,0.0,0.362,265.3,-0.1,-0.121,0.1,0.8286,True,UP,True,1.207,1.429,False,False,False,False,False,False,1,,0.0,0.0,0.0,4A_CONT,False,False,0.321,0.31,4.361,-0.935,2.688,0.829,2.879
2026-08-10T18:45:00,NATURALGAS,2026-08-10,val,TREND_UP,TRENDING,LONG,0.9825,0.5,0.0,0.5,0.579,265.8,0.1,0.116,0.1,0.8643,True,UP,True,0.579,0.5,True,True,True,False,False,False,1,,0.0,0.0,0.0,4A_CONT,False,False,1.03,,2.039,-0.291,0.874,0.864,1.041
2026-08-10T18:55:00,NATURALGAS,2026-08-10,val,TREND_UP,TRENDING,LONG,0.9569,0.5714,0.0,0.4286,0.533,266.1,0.5,0.667,0.5,0.75,True,UP,True,0.667,0.714,True,True,True,False,False,False,1,,0.0,0.0,0.0,4X_AMBIG,True,False,0.721,,1.942,-0.832,0.277,0.75,0.267
2026-08-10T19:20:00,NATURALGAS,2026-08-10,val,TREND_UP,TRENDING,SHORT,0.9256,1.0,0.0,0.0,0.848,266.6,0.1,0.141,0.1,0.7071,False,UP,False,0.424,0.5,False,False,False,True,True,True,,1,1.333,1.131,8.0,4B_TRAP,False,True,0.618,9.6,0.0,-1.456,-1.618,0.707,-1.414
2026-08-10T19:55:00,NATURALGAS,2026-08-10,val,TREND_UP,TRENDING,SHORT,0.9062,0.5,0.0,0.5,0.627,267.2,-0.2,-0.418,0.2,0.4786,True,DOWN,True,0.418,0.333,False,False,False,True,True,True,,1,1.333,1.672,4.0,4B_TRAP,False,True,0.318,2.2,0.629,-1.887,-2.201,0.479,-1.463
2026-08-10T20:10:00,NATURALGAS,2026-08-10,val,TREND_UP,TRENDING,LONG,0.9313,1.0,0.0,0.0,1.333,267.7,0.3,0.667,0.3,0.45,True,UP,True,0.444,0.333,False,False,False,False,True,True,,1,1.5,2.0,3.0,4B_TRAP,False,True,0.618,,0.0,-1.942,-2.104,0.45,-1.333
2026-08-10T20:25:00,NATURALGAS,2026-08-10,val,TREND_UP,TRENDING,SHORT,0.903,1.0,0.0,0.0,1.235,267.2,0.4,0.824,0.4,0.4857,True,DOWN,True,0.618,0.5,True,True,True,False,False,False,1,5,0.0,0.0,0.0,4B_TRAP,True,False,0.618,7.8,0.809,-1.618,-1.78,0.486,-1.441
2026-08-10T22:05:00,NATURALGAS,2026-08-10,val,TREND_UP,TRENDING,SHORT,0.9805,0.7778,0.1111,0.1111,1.815,266.8,0.4,1.037,0.4,0.3857,True,DOWN,True,0.519,0.222,True,True,True,False,False,False,1,4,0.0,0.0,0.0,4X_AMBIG,True,False,0.827,5.34,0.484,-0.846,-0.484,0.386,-2.074
2026-08-10T22:25:00,NATURALGAS,2026-08-10,val,TREND_UP,TRENDING,LONG,0.962,1.0,0.0,0.0,1.849,266.2,0.9,2.377,0.9,0.3786,True,UP,True,0.792,0.429,True,True,True,False,False,False,1,,0.0,0.0,0.0,4B_TRAP,True,False,0.721,0.28,0.0,-1.11,-1.248,0.379,-2.113
2026-08-11T10:15:00,NATURALGAS,2026-08-11,val,CHOP,OPENING_DRIVE,LONG,0.9286,0.6667,0.0,0.3333,0.933,265.5,0.0,0.0,0.0,0.2143,True,UP,True,0.933,0.667,False,False,False,True,True,True,3,1,0.333,0.467,100000000.0,4A_CONT,False,False,0.309,1.26,4.531,-0.647,2.676,0.214,2.533
2026-08-11T10:30:00,NATURALGAS,2026-08-11,val,CHOP,OPENING_DRIVE,LONG,0.9412,1.0,0.0,0.0,1.944,265.5,0.3,1.167,0.3,0.2571,True,UP,True,0.389,0.2,True,True,True,False,False,False,1,5,0.0,0.0,0.0,4A_CONT,True,False,0.515,0.17,3.107,-0.777,2.806,0.257,-1.556
2026-08-11T10:55:00,NATURALGAS,2026-08-11,val,CHOP,OPENING_DRIVE,SHORT,0.9091,1.0,0.0,0.0,1.313,265.6,0.1,0.438,0.1,0.2286,True,DOWN,True,1.312,1.0,True,False,False,False,True,True,1,2,0.333,0.437,1.0,4B_TRAP,False,True,0.309,0.55,0.324,-4.531,-4.854,0.229,-1.75
2026-08-11T11:00:00,NATURALGAS,2026-08-11,val,CHOP,OPENING_DRIVE,SHORT,0.913,0.3333,0.6667,0.0,0.424,265.5,0.0,0.0,0.0,0.2357,False,UP,False,0.849,0.667,False,False,False,True,True,True,,1,0.667,0.849,200000000.0,4B_TRAP,False,True,0.309,0.49,0.324,-4.531,-4.854,0.236,-6.364
2026-08-11T11:20:00,NATURALGAS,2026-08-11,val,CHOP,OPENING_DRIVE,LONG,1.0,0.8667,0.0,0.1333,3.957,265.9,1.0,3.043,1.0,0.3286,False,DOWN,False,1.826,0.4,True,True,True,False,False,False,1,,0.0,0.0,0.0,4B_TRAP,False,False,1.545,,0.324,-1.1,-1.165,0.329,-1.522
2026-08-11T11:40:00,NATURALGAS,2026-08-11,val,CHOP,FAILED_BREAKDOWN,LONG,0.9677,0.5714,0.2857,0.1429,1.037,266.6,0.1,0.259,0.1,0.3857,True,UP,True,1.296,0.714,True,True,True,False,False,False,1,,0.0,0.0,0.0,4B_TRAP,True,False,0.521,0.96,1.344,-1.919,-2.111,0.386,-2.852
2026-08-11T12:25:00,NATURALGAS,2026-08-11,val,CHOP,FAILED_BREAKOUT,SHORT,0.975,0.8571,0.0,0.1429,1.167,266.5,0.7,1.361,0.7,0.5143,False,UP,False,1.361,1.0,True,True,True,False,False,False,1,,0.0,0.0,0.0,4B_TRAP,False,False,0.621,1.1,0.161,-1.127,-1.288,0.514,-1.361
2026-08-11T12:30:00,NATURALGAS,2026-08-11,val,CHOP,FAILED_BREAKOUT,LONG,0.9756,0.7143,0.1429,0.1429,1.094,266.4,-0.1,-0.219,0.1,0.4571,False,DOWN,False,0.875,0.571,False,False,False,True,True,True,,1,0.571,0.875,4.0,4B_TRAP,False,True,0.621,1.45,1.449,-1.127,-1.288,0.457,-1.313
2026-08-11T13:00:00,NATURALGAS,2026-08-11,val,CHOP,FAILED_BREAKOUT,LONG,0.9149,0.6667,0.0,0.3333,0.949,266.4,0.1,0.237,0.1,0.4214,True,UP,True,1.424,1.0,True,True,True,False,False,False,1,4,0.0,0.0,0.0,4B_TRAP,True,False,0.618,1.46,1.133,-1.133,-1.294,0.421,-1.424
2026-08-11T13:05:00,NATURALGAS,2026-08-11,val,CHOP,FAILED_BREAKOUT,LONG,0.9167,0.3333,0.1667,0.5,0.444,266.5,0.2,0.444,0.2,0.45,True,UP,True,0.444,0.333,True,False,False,False,False,True,1,2,0.5,0.667,1.5,4B_TRAP,False,True,0.518,1.35,0.965,-1.351,-1.544,0.45,-1.333
2026-08-11T15:40:00,NATURALGAS,2026-08-11,val,CHOP,FAILED_BREAKOUT,SHORT,0.9494,1.0,0.0,0.0,2.0,265.0,0.3,1.0,0.3,0.3,True,DOWN,True,0.667,0.333,True,True,True,False,False,False,1,,0.0,0.0,0.0,4A_CONT,True,False,0.618,,3.236,0.0,2.838,0.3,2.667
2026-08-11T16:00:00,NATURALGAS,2026-08-11,val,CHOP,FAILED_BREAKOUT,SHORT,0.988,0.5556,0.1111,0.3333,1.321,264.0,0.4,1.057,0.4,0.3786,False,UP,False,1.321,0.556,True,True,True,False,False,False,1,5,0.0,0.0,0.0,4B_TRAP,False,False,0.627,,1.435,-1.116,-1.276,0.379,-1.849
2026-08-11T16:30:00,NATURALGAS,2026-08-11,val,CHOP,FAILED_BREAKOUT,SHORT,0.9888,0.5385,0.0769,0.3846,1.508,263.3,0.1,0.215,0.1,0.4643,False,UP,False,0.431,0.154,False,False,False,False,True,True,,1,0.308,0.862,4.0,4B_TRAP,False,True,0.839,,0.0,-1.192,-1.311,0.464,-1.508
2026-08-11T16:40:00,NATURALGAS,2026-08-11,val,CHOP,TRENDING,LONG,0.9341,0.8333,0.1667,0.0,1.061,263.4,0.3,0.636,0.3,0.4714,False,DOWN,False,0.849,0.667,True,False,False,False,False,False,1,2,0.0,0.0,0.0,4A_CONT,False,False,0.518,0.97,5.985,-0.965,2.807,0.471,-1.273
2026-08-11T17:25:00,NATURALGAS,2026-08-11,val,CHOP,FAILED_BREAKOUT,LONG,0.94,0.5,0.5,0.0,0.592,264.0,0.0,0.0,0.0,0.5071,True,UP,True,1.38,1.167,False,False,False,False,True,True,4,1,0.333,0.394,200000000.0,4B_TRAP,False,True,0.318,8.68,1.887,-1.258,-1.572,0.507,2.803
2026-08-11T17:30:00,NATURALGAS,2026-08-11,val,CHOP,FAILED_BREAKOUT,SHORT,0.9703,0.1429,0.8571,0.0,0.184,265.1,1.1,2.026,1.1,0.5429,True,DOWN,True,0.737,0.571,True,True,True,False,False,False,1,4,0.0,0.0,0.0,4B_TRAP,False,False,0.621,0.81,0.644,-1.449,-1.61,0.543,-1.842
2026-08-11T17:45:00,NATURALGAS,2026-08-11,val,CHOP,FAILED_BREAKOUT,LONG,0.9808,0.8889,0.0,0.1111,1.556,264.6,0.3,0.583,0.3,0.5143,True,UP,True,3.889,2.222,True,True,True,False,False,False,1,,0.0,0.0,0.0,4A_CONT,True,False,0.927,2.22,4.099,-0.108,2.892,0.514,2.806
2026-08-11T17:50:00,NATURALGAS,2026-08-11,val,CHOP,FAILED_BREAKOUT,LONG,1.0,0.85,0.0,0.15,2.767,264.9,1.9,3.093,1.9,0.6143,True,UP,True,2.442,0.75,True,True,True,False,False,False,1,,0.0,0.0,0.0,4B_TRAP,True,False,2.06,0.08,1.117,-1.019,-1.068,0.614,2.837
2026-08-11T17:55:00,NATURALGAS,2026-08-11,val,CHOP,FAILED_BREAKDOWN,LONG,0.9906,0.7333,0.0,0.2667,1.525,267.4,1.3,1.802,1.3,0.7214,False,DOWN,False,2.218,1.067,False,False,False,True,True,True,4,1,0.133,0.277,0.154,4B_TRAP,False,True,1.545,,0.065,-1.553,-1.618,0.721,-2.218
2026-08-11T18:00:00,NATURALGAS,2026-08-11,val,CHOP,TRENDING,SHORT,0.9907,1.0,0.0,0.0,2.0,267.2,0.0,0.0,0.0,0.8,False,UP,False,1.125,0.562,False,False,False,False,False,True,,1,0.188,0.375,300000000.0,4B_TRAP,False,True,1.648,1.25,0.546,-1.153,-1.214,0.8,-1.625
2026-08-11T18:05:00,NATURALGAS,2026-08-11,val,CHOP,FAILED_BREAKDOWN,LONG,0.9537,0.5556,0.0,0.4444,0.619,267.01,0.19,0.235,0.19,0.8071,True,UP,True,0.991,0.889,True,True,True,False,False,False,1,,0.0,0.0,0.0,4B_TRAP,True,False,0.927,1.73,2.05,-1.726,-1.834,0.807,-1.239
2026-08-11T18:20:00,NATURALGAS,2026-08-11,val,CHOP,FAILED_BREAKDOWN,LONG,0.964,0.5,0.5,0.0,0.705,268.8,-0.4,-0.403,0.4,0.9929,False,DOWN,False,0.403,0.286,False,False,False,True,True,True,,1,1.214,1.712,4.25,4B_TRAP,False,True,0.742,0.54,0.0,-1.617,-1.752,0.993,-1.309
2026-08-11T18:30:00,NATURALGAS,2026-08-11,val,CHOP,FAILED_BREAKDOWN,SHORT,0.9115,0.75,0.25,0.0,0.587,267.9,0.7,0.685,0.7,1.0214,True,DOWN,True,0.881,1.125,True,True,True,False,False,False,1,,0.0,0.0,0.0,4A_CONT,True,False,0.824,1.09,3.034,-0.485,2.879,1.021,2.902
2026-08-11T18:35:00,NATURALGAS,2026-08-11,val,CHOP,FAILED_BREAKDOWN,LONG,0.9474,0.2222,0.0,0.7778,0.192,267.17,-0.07,-0.067,0.07,1.0429,True,UP,True,0.192,0.222,False,False,False,True,True,True,3,1,0.633,0.547,8.143,4B_TRAP,False,True,0.727,0.1,0.0,-1.1,-1.238,1.043,-1.534
2026-08-11T18:45:00,NATURALGAS,2026-08-11,val,CHOP,FAILED_BREAKOUT,SHORT,0.9052,0.625,0.0,0.375,0.476,266.4,-0.2,-0.19,0.2,1.05,False,UP,False,1.714,2.25,False,False,False,True,True,True,,1,1.375,1.048,5.5,4B_TRAP,False,True,0.524,0.38,1.908,-1.527,-1.718,1.05,2.905
2026-08-11T18:50:00,NATURALGAS,2026-08-11,val,CHOP,FAILED_BREAKOUT,LONG,0.9915,0.5,0.0,0.5,0.783,267.17,0.23,0.2,0.23,1.15,False,DOWN,False,0.522,0.333,False,False,False,True,True,True,2,1,0.372,0.583,2.913,4B_TRAP,False,True,1.854,0.92,0.108,-1.133,-1.187,1.15,-1.391
2026-08-12T11:05:00,NATURALGAS,2026-08-12,val,TREND_UP,TRENDING,LONG,0.96,0.6,0.4,0.0,1.4,265.9,0.1,0.467,0.1,0.2143,False,DOWN,False,0.933,0.4,False,False,False,True,True,True,3,1,0.2,0.467,1.0,4B_TRAP,False,True,0.315,,2.857,-1.587,-1.905,0.214,-1.867
2026-08-12T11:20:00,NATURALGAS,2026-08-12,val,TREND_UP,TRENDING,LONG,1.0,1.0,0.0,0.0,3.2,266.2,0.3,1.2,0.3,0.25,False,DOWN,False,1.6,0.5,True,False,False,False,True,True,1,2,0.125,0.4,0.333,4B_TRAP,False,True,0.824,,0.485,-1.214,-1.335,0.25,-2.0
2026-08-12T11:30:00,NATURALGAS,2026-08-12,val,TREND_UP,TRENDING,SHORT,0.9667,1.0,0.0,0.0,2.489,266.5,0.4,1.244,0.4,0.3214,False,UP,False,0.933,0.375,True,True,True,False,False,False,1,,0.0,0.0,0.0,4B_TRAP,False,False,0.824,0.49,2.306,-1.214,-1.335,0.321,2.689
2026-08-12T12:00:00,NATURALGAS,2026-08-12,val,TREND_UP,TRENDING,SHORT,0.9167,0.4,0.6,0.0,0.549,265.7,0.2,0.549,0.2,0.3643,True,DOWN,True,1.647,1.2,True,True,True,False,False,False,1,,0.0,0.0,0.0,4B_TRAP,False,False,0.515,1.15,2.524,-1.359,-1.553,0.364,2.725
2026-08-12T12:05:00,NATURALGAS,2026-08-12,val,TREND_UP,FAILED_BREAKOUT,SHORT,0.9459,0.6667,0.3333,0.0,0.982,264.91,0.11,0.27,0.11,0.4071,True,DOWN,True,0.983,0.667,True,True,True,False,False,False,1,,0.0,0.0,0.0,4B_TRAP,True,False,0.618,0.32,0.971,-1.133,-1.294,0.407,-1.965
2026-08-12T12:30:00,NATURALGAS,2026-08-12,val,TREND_UP,FAILED_BREAKOUT,LONG,0.9524,0.5,0.5,0.0,0.737,264.8,0.1,0.246,0.1,0.4071,True,UP,True,1.474,1.0,True,True,True,False,False,False,1,,0.0,0.0,0.0,4A_CONT,False,False,0.318,3.21,4.088,0.0,2.686,0.407,2.754
2026-08-12T12:35:00,NATURALGAS,2026-08-12,val,TREND_UP,FAILED_BREAKOUT,LONG,0.9535,0.8333,0.0,0.1667,1.186,265.2,0.3,0.712,0.3,0.4214,False,DOWN,False,0.237,0.167,True,True,True,False,False,False,1,,0.0,0.0,0.0,4A_CONT,False,False,0.618,0.68,3.236,-0.324,2.838,0.421,2.763
2026-08-12T12:55:00,NATURALGAS,2026-08-12,val,TREND_UP,FAILED_BREAKOUT,LONG,0.9362,1.0,0.0,0.0,1.474,265.86,0.34,0.835,0.34,0.4071,True,UP,True,1.228,0.833,True,True,True,False,False,False,1,,0.0,0.0,0.0,4A_CONT,True,False,0.618,1.13,3.398,-0.647,2.838,0.407,2.754
2026-08-12T14:05:00,NATURALGAS,2026-08-12,val,TREND_UP,TRENDING,SHORT,0.9672,1.0,0.0,0.0,1.556,267.2,0.3,0.778,0.3,0.3857,True,DOWN,True,0.519,0.333,True,False,False,False,False,False,1,2,0.0,0.0,0.0,4B_TRAP,True,False,0.618,0.32,1.78,-1.618,-1.78,0.386,-1.296
2026-08-12T14:50:00,NATURALGAS,2026-08-12,val,TREND_UP,TRENDING,SHORT,0.9714,0.8333,0.1667,0.0,1.458,266.3,0.1,0.292,0.1,0.3429,False,UP,False,0.875,0.5,False,False,False,True,True,True,,1,1.333,2.333,8.0,4B_TRAP,False,True,0.618,2.07,0.0,-1.456,-1.618,0.343,-2.917
2026-08-12T15:00:00,NATURALGAS,2026-08-12,val,TREND_UP,TRENDING,LONG,0.9722,1.0,0.0,0.0,1.714,266.8,0.3,0.857,0.3,0.35,True,UP,True,1.143,0.667,True,False,False,False,True,True,1,2,0.333,0.571,0.667,4B_TRAP,False,True,0.618,0.65,0.0,-1.133,-1.294,0.35,-1.714
2026-08-12T15:10:00,NATURALGAS,2026-08-12,val,TREND_UP,TRENDING,SHORT,0.973,0.5,0.1667,0.3333,0.792,266.6,0.0,0.0,0.0,0.3786,False,UP,False,0.528,0.333,False,False,False,True,True,True,,1,0.5,0.792,300000000.0,4B_TRAP,False,True,0.418,0.96,0.718,-1.196,-1.435,0.379,-1.321
2026-08-12T15:50:00,NATURALGAS,2026-08-12,val,TREND_UP,TRENDING,LONG,0.9146,0.6667,0.1667,0.1667,0.949,266.9,-0.1,-0.237,0.1,0.4214,True,UP,True,0.237,0.167,False,False,False,False,False,True,2,1,0.167,0.237,1.0,4B_TRAP,False,True,0.518,0.19,0.772,-1.158,-1.351,0.421,-1.661
2026-08-12T16:15:00,NATURALGAS,2026-08-12,val,TREND_UP,TRENDING,LONG,1.0,1.0,0.0,0.0,2.456,267.1,0.1,0.246,0.1,0.4071,False,DOWN,False,0.737,0.3,False,False,False,True,True,True,,1,0.6,1.474,6.0,4B_TRAP,False,True,1.03,0.13,0.0,-1.359,-1.456,0.407,-1.474
2026-08-12T16:35:00,NATURALGAS,2026-08-12,val,TREND_UP,TRENDING,SHORT,0.9121,0.5,0.5,0.0,0.677,266.2,0.4,0.903,0.4,0.4429,False,UP,False,0.677,0.5,True,True,True,False,False,False,1,5,0.0,0.0,0.0,4B_TRAP,False,False,0.618,0.65,0.0,-2.589,-2.751,0.443,-3.839
2026-08-12T17:00:00,NATURALGAS,2026-08-12,val,TREND_UP,FAILED_BREAKOUT,LONG,0.9896,1.0,0.0,0.0,1.909,267.33,0.07,0.148,0.07,0.4714,True,UP,True,1.061,0.556,True,True,False,False,False,True,1,3,1.033,1.973,13.286,4B_TRAP,True,True,0.927,0.11,0.539,-1.079,-1.187,0.471,-2.333
2026-08-12T17:15:00,NATURALGAS,2026-08-12,val,TREND_UP,TRENDING,SHORT,0.9596,0.7143,0.2857,0.0,0.921,267.4,1.0,1.842,1.0,0.5429,False,UP,False,2.579,2.0,False,False,False,True,True,True,,1,0.571,0.737,0.4,4B_TRAP,False,True,0.721,0.83,0.0,-1.942,-2.08,0.543,-2.763
2026-08-12T17:20:00,NATURALGAS,2026-08-12,val,TREND_UP,FAILED_BREAKDOWN,LONG,1.0,1.0,0.0,0.0,2.279,267.48,0.32,0.521,0.32,0.6143,False,DOWN,False,0.326,0.143,True,False,False,False,True,True,1,2,0.057,0.13,0.25,4X_AMBIG,False,False,1.442,0.07,1.456,-0.555,-0.139,0.614,2.837
2026-08-12T17:30:00,NATURALGAS,2026-08-12,val,TREND_UP,TRENDING,SHORT,0.9804,0.3333,0.6667,0.0,0.506,267.7,0.3,0.506,0.3,0.5929,False,UP,False,1.518,1.0,False,False,False,True,True,True,,1,2.111,3.205,6.333,4B_TRAP,False,True,0.927,1.08,0.108,-1.187,-1.294,0.593,-1.518
2026-08-12T17:35:00,NATURALGAS,2026-08-12,val,TREND_UP,TRENDING,LONG,0.9709,0.7778,0.2222,0.0,1.114,267.9,0.1,0.159,0.1,0.6286,True,UP,True,0.636,0.444,True,True,True,False,False,False,1,,0.0,0.0,0.0,4B_TRAP,True,False,0.727,0.41,2.613,-1.1,-1.238,0.629,2.841
2026-08-12T17:45:00,NATURALGAS,2026-08-12,val,TREND_UP,TRENDING,LONG,0.9905,1.0,0.0,0.0,1.936,268.5,1.1,1.638,1.1,0.6714,False,DOWN,False,1.192,0.615,True,True,True,False,False,False,1,,0.0,0.0,0.0,4B_TRAP,False,False,1.339,,0.224,-1.046,-1.12,0.671,-1.191
2026-08-12T18:15:00,NATURALGAS,2026-08-12,val,TREND_UP,TRENDING,SHORT,0.9099,0.8571,0.0,0.1429,0.778,268.6,0.0,0.0,0.0,0.7714,False,UP,False,0.907,1.0,False,False,False,True,True,True,3,1,1.0,0.907,700000000.0,4B_TRAP,False,True,0.621,2.09,0.483,-1.288,-1.449,0.771,-1.167
2026-08-12T18:20:00,NATURALGAS,2026-08-12,val,TREND_UP,TRENDING,LONG,0.9107,0.7143,0.0,0.2857,0.619,267.11,1.89,2.342,1.89,0.8071,False,DOWN,False,0.248,0.286,True,True,True,False,False,False,1,,0.0,0.0,0.0,4B_TRAP,False,False,0.721,1.25,0.555,-1.11,-1.248,0.807,-1.239
2026-08-12T18:30:00,NATURALGAS,2026-08-12,val,TREND_UP,TRENDING,SHORT,0.9737,0.6667,0.0,0.3333,0.816,268.3,-0.2,-0.272,0.2,0.7357,False,UP,False,0.408,0.333,False,False,False,False,False,False,1,5,0.0,0.0,0.0,4B_TRAP,False,False,0.627,0.32,2.073,-1.116,-1.276,0.736,-1.903
2026-08-12T18:40:00,NATURALGAS,2026-08-12,val,TREND_UP,TRENDING,SHORT,0.9052,0.8571,0.0,0.1429,0.816,268.1,0.5,0.68,0.5,0.7357,False,UP,False,0.544,0.571,True,True,False,False,False,True,1,3,1.429,1.359,2.0,4B_TRAP,False,True,0.621,3.85,0.644,-2.415,-2.576,0.736,-2.175
2026-08-12T18:55:00,NATURALGAS,2026-08-12,val,TREND_UP,TRENDING,LONG,1.0,1.0,0.0,0.0,2.121,267.6,1.5,2.121,1.5,0.7071,False,DOWN,False,0.849,0.4,True,True,True,False,False,False,1,,0.0,0.0,0.0,4B_TRAP,False,False,1.545,0.19,0.0,-1.036,-1.1,0.707,-1.273
2026-08-12T19:15:00,NATURALGAS,2026-08-12,val,TREND_UP,TRENDING,LONG,0.935,0.5,0.125,0.375,0.583,268.3,-0.1,-0.146,0.1,0.6857,False,DOWN,False,0.729,0.625,False,False,False,True,True,True,3,1,0.5,0.583,4.0,4B_TRAP,False,True,0.724,1.24,2.21,-1.243,-1.381,0.686,-1.167
2026-08-12T19:30:00,NATURALGAS,2026-08-12,val,TREND_UP,TRENDING,LONG,0.9127,1.0,0.0,0.0,1.179,268.4,0.5,0.737,0.5,0.6786,True,UP,True,0.442,0.375,True,True,True,False,False,False,1,4,0.0,0.0,0.0,4B_TRAP,True,False,0.824,1.21,0.0,-1.335,-1.456,0.679,-1.768
2026-08-12T21:15:00,NATURALGAS,2026-08-12,val,TREND_UP,TRENDING,SHORT,0.9116,1.0,0.0,0.0,1.556,267.9,0.0,0.0,0.0,0.45,False,UP,False,0.667,0.429,False,False,False,True,True,True,2,1,0.429,0.667,300000000.0,4X_AMBIG,False,False,0.721,4.23,1.248,-0.971,0.416,0.45,-1.333
2026-08-12T23:15:00,NATURALGAS,2026-08-12,val,TREND_UP,TRENDING,SHORT,0.9123,1.0,0.0,0.0,1.922,267.8,0.1,0.275,0.1,0.3643,False,UP,False,1.372,0.714,False,False,False,False,False,False,2,1,0.0,0.0,0.0,4X_AMBIG,False,False,0.721,2.64,0.416,-0.277,0.139,0.364,0.275
2026-08-13T22:40:00,NATURALGAS,2026-08-13,val,CHOP,OPENING_DRIVE,SHORT,0.9167,1.0,0.0,0.0,1.623,262.0,0.4,0.812,0.4,0.4929,False,UP,False,1.217,0.75,True,True,True,False,False,False,1,,0.0,0.0,0.0,4A_CONT,False,False,0.824,,2.184,-0.243,1.214,0.493,2.797
2026-08-14T10:30:00,NATURALGAS,2026-08-14,oos,CHOP,TRENDING,SHORT,0.9444,1.0,0.0,0.0,1.313,262.6,0.1,0.438,0.1,0.2286,False,UP,False,0.437,0.333,True,False,False,False,True,True,1,2,0.333,0.437,1.0,4B_TRAP,False,True,0.309,0.36,0.0,-1.294,-1.618,0.229,-1.75
2026-08-14T11:30:00,NATURALGAS,2026-08-14,oos,CHOP,TRENDING,SHORT,0.9667,0.6667,0.0,0.3333,0.903,263.3,0.0,0.0,0.0,0.2214,False,UP,False,1.807,1.333,False,False,False,True,True,True,,1,1.0,1.355,300000000.0,4B_TRAP,False,True,0.209,3.35,0.0,-1.914,-2.392,0.221,-2.258
2026-08-14T11:35:00,NATURALGAS,2026-08-14,oos,CHOP,TRENDING,LONG,0.9677,0.5,0.5,0.0,0.824,263.5,0.0,0.0,0.0,0.2429,True,UP,True,0.823,0.5,False,False,False,False,False,False,2,1,0.0,0.0,0.0,4B_TRAP,False,False,0.212,,0.943,-1.887,-2.358,0.243,-2.059
2026-08-14T12:10:00,NATURALGAS,2026-08-14,oos,CHOP,TRENDING,SHORT,0.9474,1.0,0.0,0.0,1.135,263.1,0.3,1.135,0.3,0.2643,False,UP,False,0.757,0.667,True,True,False,False,False,False,1,3,0.0,0.0,0.0,4B_TRAP,False,False,0.309,2.07,0.647,-1.294,-1.618,0.264,-1.892
2026-08-14T12:20:00,NATURALGAS,2026-08-14,oos,CHOP,FAILED_BREAKOUT,LONG,0.975,0.0,0.5,0.5,0.0,263.01,-0.01,-0.038,0.01,0.2643,True,UP,True,1.135,0.75,False,False,False,False,False,True,1,3,0.775,1.173,31.0,4B_TRAP,False,True,0.212,0.05,1.887,-2.358,-2.83,0.264,-2.27
2026-08-14T12:25:00,NATURALGAS,2026-08-14,oos,CHOP,TRENDING,LONG,0.9268,0.6667,0.0,0.3333,0.824,263.01,0.09,0.371,0.09,0.2429,True,UP,True,2.058,1.667,True,False,False,False,True,True,1,2,1.367,1.688,4.556,4B_TRAP,False,True,0.309,1.94,0.971,-1.942,-2.265,0.243,-1.647
2026-08-14T12:30:00,NATURALGAS,2026-08-14,oos,CHOP,TRENDING,LONG,0.9762,0.8,0.0,0.2,1.474,263.2,0.1,0.368,0.1,0.2714,False,DOWN,False,3.316,1.8,False,False,False,True,True,True,,1,1.4,2.579,7.0,4B_TRAP,False,True,0.515,0.78,0.194,-1.553,-1.748,0.271,-3.316
2026-08-14T12:35:00,NATURALGAS,2026-08-14,oos,CHOP,TRENDING,SHORT,1.0,0.7778,0.0,0.2222,2.178,262.8,0.1,0.311,0.1,0.3214,True,DOWN,True,1.245,0.444,True,True,True,False,False,False,1,,0.0,0.0,0.0,4B_TRAP,True,False,0.727,0.84,0.55,-1.238,-1.376,0.321,-2.178
2026-08-14T12:40:00,NATURALGAS,2026-08-14,oos,CHOP,FAILED_BREAKOUT,SHORT,0.9318,0.25,0.75,0.0,0.304,262.8,0.2,0.609,0.2,0.3286,True,DOWN,True,0.913,0.75,True,True,True,False,False,False,1,,0.0,0.0,0.0,4B_TRAP,False,False,0.412,1.24,0.728,-1.699,-1.942,0.329,-1.522
2026-08-14T12:55:00,NATURALGAS,2026-08-14,oos,CHOP,FAILED_BREAKOUT,LONG,0.9362,0.5,0.0,0.5,0.583,262.6,0.1,0.292,0.1,0.3429,False,DOWN,False,0.875,0.75,False,False,False,True,True,True,2,1,0.5,0.583,2.0,4A_CONT,False,False,0.412,1.19,3.155,-0.728,2.757,0.343,2.708
2026-08-14T13:10:00,NATURALGAS,2026-08-14,oos,CHOP,FAILED_BREAKOUT,LONG,0.94,0.75,0.0,0.25,0.778,263.0,0.0,0.0,0.0,0.3857,True,UP,True,0.778,0.75,False,False,False,False,False,False,1,2,0.0,0.0,0.0,4B_TRAP,False,False,0.412,0.36,2.427,-1.942,-2.184,0.386,-2.333
2026-08-14T13:30:00,NATURALGAS,2026-08-14,oos,CHOP,TRENDING,LONG,0.9444,0.75,0.25,0.0,0.75,263.3,0.2,0.5,0.2,0.4,True,UP,True,0.25,0.25,True,True,True,False,False,False,1,,0.0,0.0,0.0,4B_TRAP,True,False,0.312,0.64,0.962,-1.282,-1.603,0.4,-1.25
2026-08-14T15:15:00,NATURALGAS,2026-08-14,oos,CHOP,TRENDING,LONG,1.0,0.8889,0.0,0.1111,2.8,263.8,0.2,0.7,0.2,0.2857,False,DOWN,False,0.35,0.111,True,False,False,False,True,True,1,2,0.222,0.7,1.0,4B_TRAP,False,True,0.927,,0.0,-1.079,-1.187,0.286,-2.1
2026-08-14T15:25:00,NATURALGAS,2026-08-14,oos,CHOP,TRENDING,SHORT,0.9333,0.75,0.0,0.25,1.0,263.9,0.3,1.0,0.3,0.3,False,UP,False,0.667,0.5,True,True,True,False,False,False,1,4,0.0,0.0,0.0,4B_TRAP,False,False,0.312,1.6,0.962,-1.282,-1.603,0.3,-1.667
2026-08-14T16:00:00,NATURALGAS,2026-08-14,oos,CHOP,TRENDING,SHORT,0.939,1.0,0.0,0.0,1.244,263.6,0.3,0.933,0.3,0.3214,False,UP,False,0.311,0.25,True,True,True,False,False,False,1,,0.0,0.0,0.0,4A_CONT,False,False,0.412,1.89,3.155,-0.485,2.757,0.321,2.689
2026-08-14T16:10:00,NATURALGAS,2026-08-14,oos,CHOP,TRENDING,SHORT,0.9405,1.0,0.0,0.0,1.244,263.3,0.3,0.933,0.3,0.3214,False,UP,False,0.933,0.75,True,True,True,False,False,False,1,,0.0,0.0,0.0,4B_TRAP,False,False,0.412,0.85,2.427,-1.214,-1.456,0.321,2.689
2026-08-14T16:30:00,NATURALGAS,2026-08-14,oos,CHOP,FAILED_BREAKOUT,SHORT,0.9651,0.8,0.0,0.2,1.273,262.65,0.35,1.114,0.35,0.3143,False,UP,False,0.955,0.6,True,False,False,False,True,True,1,2,0.3,0.477,0.429,4B_TRAP,False,True,0.415,0.72,0.0,-1.205,-1.446,0.314,-1.909
2026-08-14T16:40:00,NATURALGAS,2026-08-14,oos,CHOP,FAILED_BREAKOUT,LONG,0.9659,0.6,0.0,0.4,0.894,262.6,0.2,0.596,0.2,0.3357,False,DOWN,False,1.489,1.0,False,False,False,True,True,True,2,1,0.4,0.596,1.0,4B_TRAP,False,True,0.515,1.4,0.194,-1.165,-1.359,0.336,-1.489
2026-08-14T16:45:00,NATURALGAS,2026-08-14,oos,CHOP,FAILED_BREAKOUT,SHORT,0.9663,0.8,0.2,0.0,1.12,262.52,0.12,0.336,0.12,0.3571,False,UP,False,1.68,1.2,False,False,False,True,True,True,3,1,1.16,1.624,4.833,4B_TRAP,False,True,0.515,0.39,0.388,-1.359,-1.553,0.357,-1.4
2026-08-14T17:00:00,NATURALGAS,2026-08-14,oos,CHOP,TRENDING,SHORT,1.0,1.0,0.0,0.0,2.136,262.52,0.22,0.522,0.22,0.4214,False,UP,False,0.712,0.333,False,False,False,True,True,True,3,1,0.311,0.664,1.273,4B_TRAP,False,True,0.927,0.11,0.324,-1.294,-1.402,0.421,-1.898
2026-08-14T17:15:00,NATURALGAS,2026-08-14,oos,CHOP,FAILED_BREAKOUT,SHORT,0.9684,0.8571,0.0,0.1429,1.292,262.0,-0.1,-0.215,0.1,0.4643,False,UP,False,1.292,0.857,False,False,False,True,True,True,,1,3.0,4.523,21.0,4B_TRAP,False,True,0.621,0.16,0.0,-2.254,-2.415,0.464,-1.508
2026-08-14T17:20:00,NATURALGAS,2026-08-14,oos,CHOP,FAILED_BREAKOUT,LONG,0.9375,0.8333,0.0,0.1667,1.014,262.7,0.0,0.0,0.0,0.4929,True,UP,True,1.42,1.167,False,False,False,False,False,False,1,,0.0,0.0,0.0,4A_CONT,False,False,0.618,0.49,3.074,0.0,2.838,0.493,2.797
2026-08-14T17:25:00,NATURALGAS,2026-08-14,oos,CHOP,FAILED_BREAKOUT,LONG,0.9691,0.7143,0.2857,0.0,0.972,263.44,-0.14,-0.272,0.14,0.5143,True,UP,True,0.972,0.714,False,False,False,False,False,False,1,,0.0,0.0,0.0,4A_CONT,False,False,0.521,0.27,4.798,0.0,2.808,0.514,2.806
2026-08-14T17:30:00,NATURALGAS,2026-08-14,oos,CHOP,TRENDING,LONG,0.9184,1.0,0.0,0.0,0.909,264.0,0.1,0.182,0.1,0.55,True,UP,True,0.909,1.0,True,False,False,False,False,False,1,2,0.0,0.0,0.0,4A_CONT,True,False,0.515,,3.301,-0.777,2.806,0.55,2.818
2026-08-14T17:35:00,NATURALGAS,2026-08-14,oos,CHOP,TRENDING,LONG,0.9192,0.2,0.2,0.6,0.177,264.1,0.0,0.0,0.0,0.5643,True,UP,True,1.063,1.2,False,False,False,True,True,True,2,1,0.2,0.177,100000000.0,4A_CONT,False,False,0.415,,4.096,-0.241,2.759,0.564,2.823
2026-08-14T17:45:00,NATURALGAS,2026-08-14,oos,CHOP,TRENDING,LONG,0.9703,0.4286,0.0,0.5714,0.506,264.6,0.1,0.169,0.1,0.5929,True,UP,True,1.855,1.571,True,False,False,False,False,True,1,2,0.429,0.506,3.0,4B_TRAP,False,True,0.721,,1.526,-1.248,-1.387,0.593,-1.687
2026-08-14T17:50:00,NATURALGAS,2026-08-14,oos,CHOP,TRENDING,LONG,1.0,0.5455,0.4545,0.0,0.944,264.7,0.6,0.944,0.6,0.6357,False,DOWN,False,1.416,0.818,False,False,False,True,True,True,,1,0.455,0.787,0.833,4B_TRAP,False,True,0.633,,0.316,-1.106,-1.264,0.636,-1.258
2026-08-14T17:55:00,NATURALGAS,2026-08-14,oos,CHOP,TRENDING,SHORT,0.9903,0.8889,0.1111,0.0,1.204,264.7,0.1,0.151,0.1,0.6643,True,DOWN,True,1.204,0.889,True,True,True,False,False,False,1,,0.0,0.0,0.0,4B_TRAP,True,False,0.927,0.65,2.265,-1.187,-1.294,0.664,2.849
2026-08-14T18:00:00,NATURALGAS,2026-08-14,oos,CHOP,TRENDING,SHORT,0.9519,0.875,0.0,0.125,1.032,264.6,0.3,0.442,0.3,0.6786,True,DOWN,True,0.884,0.75,True,True,True,False,False,False,1,5,0.0,0.0,0.0,4B_TRAP,True,False,0.724,0.41,2.486,-1.657,-1.796,0.679,-1.916
2026-08-14T18:10:00,NATURALGAS,2026-08-14,oos,CHOP,TRENDING,SHORT,0.9057,0.1667,0.5,0.3333,0.147,264.0,-0.2,-0.295,0.2,0.6786,True,DOWN,True,0.589,0.667,False,False,False,False,True,True,4,1,1.167,1.032,3.5,4B_TRAP,False,True,0.418,0.48,0.957,-1.196,-1.435,0.679,-1.179
2026-08-14T18:20:00,NATURALGAS,2026-08-14,oos,CHOP,TRENDING,LONG,0.9074,1.0,0.0,0.0,0.857,264.2,0.3,0.429,0.3,0.7,True,UP,True,0.714,0.833,True,False,False,False,True,True,1,2,0.833,0.714,1.667,4B_TRAP,False,True,0.618,0.16,0.324,-1.456,-1.618,0.7,-1.429
2026-08-14T18:30:00,NATURALGAS,2026-08-14,oos,CHOP,TRENDING,SHORT,0.9455,0.8571,0.0,0.1429,0.84,263.8,0.1,0.14,0.1,0.7143,False,UP,False,0.84,0.857,False,False,False,True,True,True,2,1,1.0,0.98,7.0,4B_TRAP,False,True,0.621,1.92,0.0,-1.288,-1.449,0.714,-1.26
2026-08-14T18:35:00,NATURALGAS,2026-08-14,oos,CHOP,FAILED_BREAKOUT,LONG,0.9009,0.3333,0.0,0.6667,0.28,264.3,0.2,0.28,0.2,0.7143,False,DOWN,False,0.7,0.833,False,False,False,True,True,True,,1,1.5,1.26,4.5,4B_TRAP,False,True,0.618,0.32,0.0,-1.294,-1.456,0.714,-1.26
2026-08-14T19:05:00,NATURALGAS,2026-08-14,oos,CHOP,FAILED_BREAKOUT,LONG,1.0,0.8462,0.0,0.1538,1.656,263.62,0.18,0.271,0.18,0.6643,True,UP,True,1.204,0.615,True,True,True,False,False,False,1,,0.0,0.0,0.0,4X_AMBIG,True,False,1.339,0.07,1.792,-0.448,-0.299,0.664,2.849
2026-08-14T19:10:00,NATURALGAS,2026-08-14,oos,CHOP,FAILED_BREAKOUT,LONG,0.9492,1.0,0.0,0.0,1.204,263.9,0.6,0.903,0.6,0.6643,True,UP,True,0.301,0.25,True,True,True,False,False,False,1,,0.0,0.0,0.0,4B_TRAP,True,False,0.824,1.58,2.063,-1.092,-1.214,0.664,-1.505
2026-08-14T19:25:00,NATURALGAS,2026-08-14,oos,CHOP,TRENDING,LONG,0.9504,0.75,0.0,0.25,0.894,264.9,0.6,0.894,0.6,0.6714,True,UP,True,0.596,0.5,True,True,True,False,False,False,1,,0.0,0.0,0.0,4B_TRAP,True,False,0.824,0.36,0.85,-1.092,-1.214,0.671,-1.191
2026-08-14T19:40:00,NATURALGAS,2026-08-14,oos,CHOP,TRENDING,LONG,0.9839,0.3333,0.0,0.6667,0.457,265.7,0.0,0.0,0.0,0.6571,False,DOWN,False,0.761,0.556,False,False,False,True,True,True,,1,0.333,0.457,300000000.0,4B_TRAP,False,True,0.927,0.11,0.216,-1.079,-1.187,0.657,-1.522
2026-08-14T20:05:00,NATURALGAS,2026-08-14,oos,CHOP,TRENDING,SHORT,0.9225,0.7143,0.0,0.2857,0.795,265.2,0.2,0.318,0.2,0.6286,True,DOWN,True,0.636,0.571,True,True,False,False,False,True,1,3,1.0,1.114,3.5,4B_TRAP,True,True,0.521,5.05,0.576,-1.727,-1.919,0.629,-1.591
2026-08-14T20:20:00,NATURALGAS,2026-08-14,oos,CHOP,TRENDING,LONG,0.9242,1.0,0.0,0.0,1.383,265.9,0.0,0.0,0.0,0.5786,True,UP,True,0.691,0.5,False,False,False,False,True,True,1,2,0.5,0.691,400000000.0,4B_TRAP,False,True,0.824,,0.364,-1.092,-1.214,0.579,-1.21
2026-08-17T10:35:00,NATURALGAS,2026-08-17,oos,CHOP,TRENDING,LONG,0.9444,0.6667,0.3333,0.0,0.933,255.7,0.1,0.467,0.1,0.2143,False,DOWN,False,0.467,0.333,False,False,False,False,False,True,2,1,0.667,0.933,2.0,4B_TRAP,False,True,0.209,0.91,0.0,-1.435,-1.914,0.214,-1.867
2026-08-17T11:00:00,NATURALGAS,2026-08-17,oos,CHOP,TRENDING,SHORT,1.0,1.0,0.0,0.0,2.0,255.3,0.3,1.5,0.3,0.2,False,UP,False,0.5,0.25,True,True,True,False,False,False,1,,0.0,0.0,0.0,4A_CONT,False,False,0.412,,3.398,-0.243,2.757,0.2,2.5
2026-08-17T11:10:00,NATURALGAS,2026-08-17,oos,CHOP,TRENDING,SHORT,1.0,0.75,0.0,0.25,1.5,255.0,0.2,1.0,0.2,0.2,False,UP,False,0.5,0.25,True,False,False,False,False,False,1,2,0.0,0.0,0.0,4A_CONT,False,False,0.312,,3.846,-0.962,2.679,0.2,-2.0
2026-08-17T11:30:00,NATURALGAS,2026-08-17,oos,CHOP,TRENDING,SHORT,1.0,1.0,0.0,0.0,1.647,254.7,0.3,1.235,0.3,0.2429,False,UP,False,0.412,0.25,True,False,False,False,True,True,1,2,0.5,0.823,0.667,4B_TRAP,False,True,0.412,,0.728,-1.214,-1.456,0.243,-2.471
2026-08-17T11:40:00,NATURALGAS,2026-08-17,oos,CHOP,TRENDING,LONG,1.0,0.625,0.0,0.375,1.795,254.5,0.4,1.436,0.4,0.2786,False,DOWN,False,0.718,0.25,False,False,False,False,True,True,,1,0.25,0.718,0.5,4B_TRAP,False,True,0.824,0.24,0.0,-1.092,-1.214,0.279,-1.795
2026-08-17T12:20:00,NATURALGAS,2026-08-17,oos,CHOP,TRENDING,SHORT,0.9737,0.75,0.0,0.25,0.894,254.0,0.3,0.894,0.3,0.3357,True,DOWN,True,1.192,1.0,True,True,True,False,False,False,1,5,0.0,0.0,0.0,4B_TRAP,True,False,0.312,,0.641,-1.282,-1.603,0.336,-1.489
2026-08-17T12:25:00,NATURALGAS,2026-08-17,oos,CHOP,TRENDING,SHORT,0.9744,0.5,0.25,0.25,0.596,253.6,-0.1,-0.298,0.1,0.3357,False,UP,False,0.298,0.25,False,False,False,True,True,True,,1,0.75,0.894,3.0,4B_TRAP,False,True,0.312,0.32,0.641,-1.282,-1.603,0.336,-1.489
2026-08-17T12:50:00,NATURALGAS,2026-08-17,oos,CHOP,TRENDING,SHORT,0.9773,0.25,0.25,0.5,0.298,253.6,-0.1,-0.298,0.1,0.3357,True,DOWN,True,0.596,0.5,False,False,False,False,True,True,,1,0.5,0.596,2.0,4B_TRAP,False,True,0.212,0.47,0.472,-1.415,-1.887,0.336,-1.489
2026-08-17T13:20:00,NATURALGAS,2026-08-17,oos,CHOP,TRENDING,SHORT,0.98,0.75,0.0,0.25,1.024,253.8,0.0,0.0,0.0,0.2929,True,DOWN,True,0.683,0.5,False,False,False,False,False,False,1,2,0.0,0.0,0.0,4B_TRAP,False,False,0.312,0.64,0.962,-1.282,-1.603,0.293,-1.707
2026-08-17T13:30:00,NATURALGAS,2026-08-17,oos,CHOP,TRENDING,LONG,0.9808,0.5,0.5,0.0,0.718,253.7,0.1,0.359,0.1,0.2786,True,UP,True,1.077,0.75,True,False,False,False,False,False,1,2,0.0,0.0,0.0,4A_CONT,False,False,0.212,1.42,3.302,-0.943,2.528,0.279,-1.436
2026-08-17T14:05:00,NATURALGAS,2026-08-17,oos,CHOP,TRENDING,LONG,0.9831,0.6,0.4,0.0,1.0,254.2,0.1,0.333,0.1,0.3,True,UP,True,0.667,0.4,True,True,False,False,False,True,1,3,0.4,0.667,2.0,4B_TRAP,True,True,0.315,5.3,0.317,-1.27,-1.587,0.3,-1.333
2026-08-17T15:35:00,NATURALGAS,2026-08-17,oos,CHOP,FAILED_BREAKOUT,LONG,0.9733,0.75,0.0,0.25,1.105,254.9,0.4,1.474,0.4,0.2714,True,UP,True,0.737,0.5,True,True,False,False,False,False,1,3,0.0,0.0,0.0,4B_TRAP,True,False,0.412,0.19,0.0,-1.214,-1.456,0.271,-1.474
2026-08-17T16:00:00,NATURALGAS,2026-08-17,oos,CHOP,FAILED_BREAKOUT,LONG,1.0,1.0,0.0,0.0,2.571,255.32,0.18,0.514,0.18,0.35,False,DOWN,False,0.857,0.333,False,False,False,True,True,True,,1,0.244,0.629,1.222,4B_TRAP,False,True,0.927,0.54,0.0,-1.187,-1.294,0.35,-1.429
2026-08-17T16:10:00,NATURALGAS,2026-08-17,oos,CHOP,FAILED_BREAKOUT,SHORT,0.9634,0.0,1.0,0.0,0.0,255.2,0.1,0.298,0.1,0.3357,True,DOWN,True,0.596,0.5,False,False,False,False,False,False,2,1,0.0,0.0,0.0,4A_CONT,False,False,0.412,1.21,3.155,-0.728,2.757,0.336,2.702
2026-08-17T16:45:00,NATURALGAS,2026-08-17,oos,CHOP,TRENDING,LONG,0.9775,0.6,0.0,0.4,0.857,254.8,0.1,0.286,0.1,0.35,True,UP,True,1.143,0.8,True,False,False,False,True,True,1,2,1.4,2.0,7.0,4B_TRAP,False,True,0.515,0.39,0.777,-2.136,-2.33,0.35,-3.429
2026-08-17T17:05:00,NATURALGAS,2026-08-17,oos,CHOP,TRENDING,SHORT,0.9785,0.1667,0.5,0.3333,0.237,253.8,-0.1,-0.237,0.1,0.4214,True,DOWN,True,0.475,0.333,False,False,False,False,True,True,1,2,1.333,1.898,8.0,4B_TRAP,False,True,0.418,0.74,1.196,-1.675,-1.914,0.421,-1.898
2026-08-17T17:15:00,NATURALGAS,2026-08-17,oos,CHOP,TRENDING,LONG,0.9684,0.8333,0.0,0.1667,1.273,253.9,0.1,0.255,0.1,0.3929,True,UP,True,1.273,0.833,True,True,True,False,False,False,1,,0.0,0.0,0.0,4A_CONT,True,False,0.618,0.49,3.236,0.0,2.838,0.393,2.745
2026-08-17T17:20:00,NATURALGAS,2026-08-17,oos,CHOP,TRENDING,LONG,0.9583,1.0,0.0,0.0,1.228,254.3,0.3,0.737,0.3,0.4071,True,UP,True,1.474,1.2,True,True,True,False,False,False,1,,0.0,0.0,0.0,4A_CONT,True,False,0.515,1.18,3.495,-0.194,2.806,0.407,2.754
2026-08-17T17:25:00,NATURALGAS,2026-08-17,oos,CHOP,TRENDING,LONG,0.9691,0.6667,0.0,0.3333,0.933,254.6,0.5,1.167,0.5,0.4286,False,DOWN,False,1.4,1.0,True,True,True,False,False,False,1,,0.0,0.0,0.0,4A_CONT,False,False,0.618,0.18,3.56,-0.971,2.838,0.429,-1.633
2026-08-17T17:30:00,NATURALGAS,2026-08-17,oos,CHOP,FAILED_BREAKOUT,SHORT,0.9694,0.6667,0.0,0.3333,0.903,254.5,-0.2,-0.452,0.2,0.4429,False,UP,False,1.129,0.833,False,False,False,True,True,True,,1,2.5,3.387,7.5,4B_TRAP,False,True,0.418,2.92,0.0,-1.196,-1.435,0.443,-1.355
2026-08-17T17:35:00,NATURALGAS,2026-08-17,oos,CHOP,TRENDING,LONG,0.9394,0.6,0.4,0.0,0.667,255.1,-0.1,-0.222,0.1,0.45,True,UP,True,1.778,1.6,False,False,False,False,False,False,1,,0.0,0.0,0.0,4A_CONT,False,False,0.315,0.32,3.175,0.0,2.683,0.45,2.778
2026-08-17T17:40:00,NATURALGAS,2026-08-17,oos,CHOP,FAILED_BREAKOUT,LONG,0.99,1.0,0.0,0.0,1.577,256.0,0.0,0.0,0.0,0.5071,False,DOWN,False,1.183,0.75,False,False,False,True,True,True,2,1,0.25,0.394,200000000.0,4A_CONT,False,False,0.824,,3.762,-0.607,2.879,0.507,2.803
2026-08-17T17:50:00,NATURALGAS,2026-08-17,oos,CHOP,FAILED_BREAKDOWN,LONG,0.9706,0.5,0.0,0.5,0.532,255.31,0.79,1.4,0.79,0.5643,True,UP,True,0.532,0.5,True,True,True,False,False,False,1,,0.0,0.0,0.0,4A_CONT,False,False,0.618,0.49,3.236,-0.647,2.838,0.564,2.823
2026-08-17T18:00:00,NATURALGAS,2026-08-17,oos,CHOP,FAILED_BREAKDOWN,SHORT,0.9904,1.0,0.0,0.0,1.349,256.3,0.5,0.843,0.5,0.5929,False,UP,False,0.506,0.375,True,False,False,False,False,True,1,2,0.25,0.337,0.4,4B_TRAP,False,True,0.824,0.36,0.121,-1.214,-1.335,0.593,-1.518
2026-08-17T18:10:00,NATURALGAS,2026-08-17,oos,CHOP,FAILED_BREAKDOWN,LONG,0.9623,0.8333,0.0,0.1667,0.864,256.0,0.3,0.519,0.3,0.5786,True,UP,True,0.346,0.333,True,True,True,False,False,False,1,4,0.0,0.0,0.0,4A_CONT,True,False,0.618,0.49,3.398,-0.809,2.838,0.579,2.827
2026-08-17T18:30:00,NATURALGAS,2026-08-17,oos,CHOP,FAILED_BREAKDOWN,SHORT,0.9909,0.7778,0.0,0.2222,1.21,256.2,0.2,0.346,0.2,0.5786,False,UP,False,0.518,0.333,True,False,False,False,True,True,1,2,1.0,1.555,4.5,4B_TRAP,False,True,0.727,0.41,0.275,-1.788,-1.926,0.579,-1.21
2026-08-17T18:45:00,NATURALGAS,2026-08-17,oos,CHOP,FAILED_BREAKDOWN,LONG,0.9558,0.6667,0.3333,0.0,0.709,256.8,0.3,0.532,0.3,0.5643,True,UP,True,0.709,0.667,True,True,True,False,False,False,1,,0.0,0.0,0.0,4A_CONT,True,False,0.418,,3.11,0.0,2.761,0.564,2.823
2026-08-17T19:25:00,NATURALGAS,2026-08-17,oos,CHOP,FAILED_BREAKDOWN,SHORT,0.9587,0.5714,0.4286,0.0,0.727,258.5,0.4,0.727,0.4,0.55,True,DOWN,True,1.091,0.857,True,True,True,False,False,False,1,4,0.0,0.0,0.0,4B_TRAP,True,False,0.721,0.69,0.693,-1.11,-1.248,0.55,-1.636
2026-08-17T19:35:00,NATURALGAS,2026-08-17,oos,CHOP,FAILED_BREAKDOWN,LONG,0.9512,1.0,0.0,0.0,1.024,258.2,0.1,0.171,0.1,0.5857,True,UP,True,0.512,0.5,True,True,True,False,False,False,1,,0.0,0.0,0.0,4B_TRAP,True,False,0.618,1.46,2.104,-1.78,-1.942,0.586,-2.049
2026-08-17T20:00:00,NATURALGAS,2026-08-17,oos,CHOP,TRENDING,SHORT,0.9609,0.5714,0.4286,0.0,0.757,259.2,0.3,0.568,0.3,0.5286,True,DOWN,True,0.946,0.714,True,True,True,False,False,False,1,,0.0,0.0,0.0,4A_CONT,True,False,0.721,1.8,3.745,-0.277,2.861,0.529,2.811
2026-08-17T20:45:00,NATURALGAS,2026-08-17,oos,CHOP,FAILED_BREAKOUT,SHORT,0.9489,1.0,0.0,0.0,1.273,256.8,0.6,1.273,0.6,0.4714,False,UP,False,0.636,0.5,True,False,False,False,False,True,1,2,0.333,0.424,0.333,4B_TRAP,False,True,0.618,4.43,0.0,-1.78,-1.942,0.471,-1.485
2026-08-17T21:40:00,NATURALGAS,2026-08-17,oos,CHOP,FAILED_BREAKOUT,LONG,0.9521,1.0,0.0,0.0,1.5,257.6,0.4,1.0,0.4,0.4,True,UP,True,1.0,0.667,True,True,True,False,False,False,1,,0.0,0.0,0.0,4X_AMBIG,True,False,0.618,2.59,0.485,-0.809,0.162,0.4,-1.25
2026-08-18T10:50:00,NATURALGAS,2026-08-18,oos,TREND_UP,TRENDING,SHORT,0.9048,0.6667,0.3333,0.0,0.848,259.4,0.1,0.424,0.1,0.2357,True,DOWN,True,1.697,1.333,True,True,True,False,False,False,1,,0.0,0.0,0.0,4A_CONT,True,False,0.309,1.59,3.236,-0.324,2.676,0.236,2.576
2026-08-18T10:55:00,NATURALGAS,2026-08-18,oos,TREND_UP,TRENDING,SHORT,1.0,0.5,0.5,0.0,0.8,259.3,0.3,1.2,0.3,0.25,True,DOWN,True,2.8,1.75,True,True,True,False,False,False,1,,0.0,0.0,0.0,4B_TRAP,False,False,0.412,0.46,1.699,-2.184,-2.427,0.25,-4.0
2026-08-18T11:00:00,NATURALGAS,2026-08-18,oos,TREND_UP,FAILED_BREAKOUT,SHORT,1.0,1.0,0.0,0.0,2.45,258.8,0.3,1.05,0.3,0.2857,True,DOWN,True,1.4,0.571,True,True,True,False,False,False,1,5,0.0,0.0,0.0,4B_TRAP,True,False,0.721,,0.277,-1.942,-2.08,0.286,-2.8
2026-08-18T11:05:00,NATURALGAS,2026-08-18,oos,TREND_UP,FAILED_BREAKOUT,SHORT,0.9583,1.0,0.0,0.0,1.333,258.5,0.2,0.667,0.2,0.3,False,UP,False,1.0,0.75,False,False,False,True,True,True,,1,0.25,0.333,0.5,4B_TRAP,False,True,0.412,,0.0,-2.184,-2.427,0.3,-1.667
2026-08-18T11:25:00,NATURALGAS,2026-08-18,oos,TREND_UP,FAILED_BREAKOUT,LONG,1.0,0.625,0.0,0.375,1.429,258.7,0.5,1.429,0.5,0.35,False,DOWN,False,1.429,0.625,True,True,True,False,False,False,1,,0.0,0.0,0.0,4B_TRAP,False,False,0.824,0.15,1.456,-1.092,-1.214,0.35,-2.0
2026-08-18T11:35:00,NATURALGAS,2026-08-18,oos,TREND_UP,FAILED_BREAKDOWN,LONG,0.9,0.75,0.25,0.0,0.764,259.41,0.29,0.738,0.29,0.3929,True,UP,True,1.018,1.0,True,False,False,False,True,True,1,2,0.525,0.534,0.724,4B_TRAP,False,True,0.312,0.64,0.321,-1.282,-1.603,0.393,-1.273
2026-08-18T11:40:00,NATURALGAS,2026-08-18,oos,TREND_UP,TRENDING,LONG,0.9032,0.5,0.25,0.25,0.5,259.8,-0.1,-0.25,0.1,0.4,True,UP,True,0.25,0.25,False,False,False,True,True,True,,1,1.5,1.5,6.0,4B_TRAP,False,True,0.312,0.64,0.0,-1.282,-1.603,0.4,-1.5
2026-08-18T11:55:00,NATURALGAS,2026-08-18,oos,TREND_UP,FAILED_BREAKOUT,LONG,0.9118,1.0,0.0,0.0,0.949,259.52,0.08,0.19,0.08,0.4214,True,UP,True,0.712,0.75,True,True,True,False,False,False,1,,0.0,0.0,0.0,4B_TRAP,True,False,0.412,0.49,1.456,-1.214,-1.456,0.421,-1.424
2026-08-18T12:15:00,NATURALGAS,2026-08-18,oos,TREND_UP,TRENDING,LONG,0.9474,0.6,0.4,0.0,0.764,260.1,-0.1,-0.255,0.1,0.3929,False,DOWN,False,0.764,0.6,False,False,False,True,True,True,,1,0.8,1.018,4.0,4B_TRAP,False,True,0.315,0.32,0.635,-1.27,-1.587,0.393,-1.273
2026-08-18T12:35:00,NATURALGAS,2026-08-18,oos,TREND_UP,TRENDING,SHORT,0.9524,1.0,0.0,0.0,1.321,259.6,0.0,0.0,0.0,0.3786,False,UP,False,0.264,0.2,False,False,False,False,False,False,1,,0.0,0.0,0.0,4B_TRAP,False,False,0.515,1.57,1.942,-1.553,-1.748,0.379,-1.321
2026-08-18T12:45:00,NATURALGAS,2026-08-18,oos,TREND_UP,FAILED_BREAKOUT,SHORT,0.9545,0.8,0.2,0.0,1.143,259.4,0.3,0.857,0.3,0.35,True,DOWN,True,0.857,0.6,True,True,False,False,False,True,1,3,0.2,0.286,0.333,4B_TRAP,True,True,0.515,0.37,0.971,-1.165,-1.359,0.35,-1.429
2026-08-18T13:00:00,NATURALGAS,2026-08-18,oos,TREND_UP,FAILED_BREAKOUT,LONG,0.9787,1.0,0.0,0.0,1.885,258.9,0.6,1.615,0.6,0.3714,True,UP,True,0.808,0.429,True,True,True,False,False,False,1,,0.0,0.0,0.0,4B_TRAP,True,False,0.721,0.14,1.248,-1.11,-1.248,0.371,-1.346
2026-08-18T14:15:00,NATURALGAS,2026-08-18,oos,TREND_UP,FAILED_BREAKOUT,LONG,0.9839,0.7143,0.0,0.2857,1.429,259.3,0.4,1.143,0.4,0.35,True,UP,True,1.143,0.571,True,True,True,False,False,False,1,,0.0,0.0,0.0,4B_TRAP,True,False,0.721,0.06,0.971,-1.248,-1.387,0.35,-1.714
2026-08-18T14:40:00,NATURALGAS,2026-08-18,oos,TREND_UP,TRENDING,SHORT,0.9403,1.0,0.0,0.0,1.4,259.9,0.4,1.12,0.4,0.3571,False,UP,False,0.84,0.6,True,True,True,False,False,False,1,,0.0,0.0,0.0,4B_TRAP,False,False,0.515,0.97,2.33,-1.553,-1.748,0.357,2.72
2026-08-18T15:10:00,NATURALGAS,2026-08-18,oos,TREND_UP,FAILED_BREAKOUT,SHORT,0.9452,1.0,0.0,0.0,1.5,258.8,0.0,0.0,0.0,0.4,False,UP,False,0.5,0.333,False,False,False,True,True,True,3,1,0.333,0.5,200000000.0,4B_TRAP,False,True,0.618,0.81,0.809,-1.942,-2.104,0.4,-1.25
2026-08-18T16:50:00,NATURALGAS,2026-08-18,oos,TREND_UP,FAILED_BREAKOUT,LONG,0.9462,0.6,0.0,0.4,1.105,258.9,0.2,0.737,0.2,0.2714,True,UP,True,2.579,1.4,True,True,True,False,False,False,1,,0.0,0.0,0.0,4A_CONT,True,False,0.515,1.13,3.689,0.0,2.806,0.271,2.632
2026-08-18T16:55:00,NATURALGAS,2026-08-18,oos,TREND_UP,FAILED_BREAKOUT,LONG,0.9894,0.5714,0.4286,0.0,1.244,259.68,0.02,0.062,0.02,0.3214,True,UP,True,1.867,0.857,True,True,True,False,False,False,1,,0.0,0.0,0.0,4A_CONT,True,False,0.421,1.66,3.088,0.0,2.762,0.321,2.689
2026-08-18T17:10:00,NATURALGAS,2026-08-18,oos,TREND_UP,TRENDING,LONG,0.9485,1.0,0.0,0.0,1.474,260.5,0.5,1.228,0.5,0.4071,False,DOWN,False,1.228,0.833,True,True,True,False,False,False,1,4,0.0,0.0,0.0,4B_TRAP,False,False,0.618,,0.485,-1.133,-1.294,0.407,-1.965
2026-08-18T17:25:00,NATURALGAS,2026-08-18,oos,TREND_UP,TRENDING,SHORT,0.95,1.0,0.0,0.0,1.355,261.1,0.4,0.903,0.4,0.4429,True,DOWN,True,0.903,0.667,True,True,True,False,False,False,1,,0.0,0.0,0.0,4B_TRAP,True,False,0.618,3.2,2.265,-1.294,-1.456,0.443,2.774
2026-08-18T17:35:00,NATURALGAS,2026-08-18,oos,TREND_UP,TRENDING,LONG,0.9216,0.3333,0.0,0.6667,0.412,259.77,0.43,0.885,0.43,0.4857,True,UP,True,1.441,1.167,True,False,False,False,True,True,1,2,0.617,0.762,0.86,4B_TRAP,False,True,0.418,2.63,1.914,-1.435,-1.675,0.486,-1.441
2026-08-18T17:45:00,NATURALGAS,2026-08-18,oos,TREND_UP,FAILED_BREAKOUT,LONG,0.9903,1.0,0.0,0.0,1.4,260.4,0.6,1.2,0.6,0.5,False,DOWN,False,2.2,1.571,False,False,False,True,True,True,,1,1.429,2.0,1.667,4B_TRAP,False,True,0.721,0.42,0.0,-1.942,-2.08,0.5,-3.0
2026-08-18T17:50:00,NATURALGAS,2026-08-18,oos,TREND_UP,TRENDING,SHORT,1.0,1.0,0.0,0.0,1.878,259.8,0.2,0.341,0.2,0.5857,True,DOWN,True,1.024,0.545,True,False,False,False,True,True,1,2,0.364,0.683,2.0,4B_TRAP,False,True,1.133,0.68,0.265,-1.147,-1.236,0.586,-1.195
2026-08-18T17:55:00,NATURALGAS,2026-08-18,oos,TREND_UP,FAILED_BREAKOUT,SHORT,0.9333,0.6667,0.3333,0.0,0.651,259.6,0.2,0.326,0.2,0.6143,False,UP,False,0.977,1.0,False,False,False,True,True,True,,1,1.0,0.977,3.0,4B_TRAP,False,True,0.618,0.92,0.0,-1.294,-1.456,0.614,-1.465
2026-08-18T18:35:00,NATURALGAS,2026-08-18,oos,TREND_UP,FAILED_BREAKOUT,LONG,0.9912,1.0,0.0,0.0,1.287,259.89,0.41,0.66,0.41,0.6214,True,UP,True,0.644,0.5,True,True,True,False,False,False,1,,0.0,0.0,0.0,4A_CONT,True,False,0.824,0.24,5.097,-0.121,2.879,0.621,2.839
2026-08-18T19:35:00,NATURALGAS,2026-08-18,oos,TREND_UP,TRENDING,SHORT,0.928,0.5,0.5,0.0,0.636,260.6,0.1,0.212,0.1,0.4714,False,UP,False,0.849,0.667,False,False,False,True,True,True,3,1,1.167,1.485,7.0,4B_TRAP,False,True,0.618,2.9,0.324,-1.294,-1.456,0.471,-1.909
2026-08-18T19:50:00,NATURALGAS,2026-08-18,oos,TREND_UP,TRENDING,SHORT,0.9922,0.8,0.2,0.0,1.623,260.8,0.4,0.812,0.4,0.4929,True,DOWN,True,0.812,0.4,True,True,False,False,False,True,1,3,0.1,0.203,0.25,4B_TRAP,True,True,1.03,0.1,0.194,-1.65,-1.748,0.493,-1.217
2026-08-18T20:10:00,NATURALGAS,2026-08-18,oos,TREND_UP,FAILED_BREAKOUT,LONG,0.9618,1.0,0.0,0.0,1.4,260.6,0.3,0.6,0.3,0.5,True,UP,True,0.6,0.429,True,True,True,False,False,False,1,,0.0,0.0,0.0,4A_CONT,True,False,0.721,0.69,4.993,0.0,2.861,0.5,2.8
2026-08-18T20:40:00,NATURALGAS,2026-08-18,oos,TREND_UP,TRENDING,SHORT,0.9197,1.0,0.0,0.0,1.12,262.0,0.5,0.933,0.5,0.5357,False,UP,False,0.747,0.667,True,True,True,False,False,False,1,4,0.0,0.0,0.0,4B_TRAP,False,False,0.618,0.97,0.324,-1.456,-1.618,0.536,-1.867
2026-08-18T21:00:00,NATURALGAS,2026-08-18,oos,TREND_UP,TRENDING,LONG,0.9645,1.0,0.0,0.0,1.307,262.1,0.3,0.56,0.3,0.5357,True,UP,True,0.56,0.429,True,True,True,False,False,False,1,,0.0,0.0,0.0,4A_CONT,True,False,0.721,,3.329,-0.416,2.861,0.536,2.813
2026-08-18T21:40:00,NATURALGAS,2026-08-18,oos,TREND_UP,TRENDING,LONG,1.0,1.0,0.0,0.0,2.882,262.7,1.8,3.706,1.8,0.4857,True,UP,True,0.618,0.214,True,True,True,False,False,False,1,,0.0,0.0,0.0,4X_AMBIG,True,False,1.442,,0.485,-0.555,0.485,0.486,-1.441
2026-08-18T21:50:00,NATURALGAS,2026-08-18,oos,TREND_UP,TRENDING,LONG,0.9139,0.0,0.1667,0.8333,0.0,262.7,1.7,3.4,1.7,0.5,False,DOWN,False,0.8,0.667,True,True,True,False,False,False,1,,0.0,0.0,0.0,4B_TRAP,False,False,0.518,0.77,0.386,-1.351,-1.544,0.5,-1.2
2026-08-18T22:15:00,NATURALGAS,2026-08-18,oos,TREND_UP,TRENDING,SHORT,0.9167,0.6667,0.0,0.3333,0.812,263.7,-0.2,-0.406,0.2,0.4929,True,DOWN,True,0.406,0.333,False,False,False,True,True,True,,1,1.667,2.029,5.0,4B_TRAP,False,True,0.418,12.58,0.239,-1.914,-2.153,0.493,-1.826
2026-08-18T22:25:00,NATURALGAS,2026-08-18,oos,TREND_UP,TRENDING,LONG,0.962,1.0,0.0,0.0,1.324,264.3,0.4,0.757,0.4,0.5286,True,UP,True,0.757,0.571,True,True,True,False,False,False,1,,0.0,0.0,0.0,4X_AMBIG,True,False,0.721,0.14,0.693,-0.277,0.693,0.529,0.946
2026-08-19T10:00:00,NATURALGAS,2026-08-19,oos,CHOP,TRENDING,LONG,1.0,1.0,0.0,0.0,2.5,266.7,0.3,1.5,0.3,0.2,True,UP,True,1.5,0.6,True,True,True,False,False,False,1,,0.0,0.0,0.0,4B_TRAP,True,False,0.515,,0.583,-1.359,-1.553,0.2,-1.5
2026-08-19T10:05:00,NATURALGAS,2026-08-19,oos,CHOP,TRENDING,LONG,0.9231,0.6667,0.3333,0.0,0.966,267.0,0.1,0.483,0.1,0.2071,True,UP,True,0.966,0.667,True,True,True,False,False,False,1,4,0.0,0.0,0.0,4B_TRAP,True,False,0.209,,0.957,-1.435,-1.914,0.207,-1.931
2026-08-19T10:25:00,NATURALGAS,2026-08-19,oos,CHOP,TRENDING,SHORT,0.9412,1.0,0.0,0.0,1.697,267.1,0.3,1.273,0.3,0.2357,False,UP,False,0.849,0.5,True,True,True,False,False,False,1,,0.0,0.0,0.0,4B_TRAP,False,False,0.412,1.09,2.184,-1.456,-1.699,0.236,-1.697
2026-08-19T10:55:00,NATURALGAS,2026-08-19,oos,CHOP,FAILED_BREAKOUT,LONG,0.913,1.0,0.0,0.0,1.235,267.0,0.2,0.824,0.2,0.2429,False,DOWN,False,0.412,0.333,False,False,False,False,True,True,,1,0.333,0.412,0.5,4B_TRAP,False,True,0.309,0.32,0.0,-1.294,-1.618,0.243,-2.059
2026-08-19T11:40:00,NATURALGAS,2026-08-19,oos,CHOP,TRENDING,SHORT,0.9333,1.0,0.0,0.0,1.909,267.0,0.1,0.636,0.1,0.1571,False,UP,False,0.637,0.333,True,True,True,False,False,False,1,,0.0,0.0,0.0,4A_CONT,False,False,0.309,1.23,3.236,-0.647,2.676,0.157,2.364
2026-08-19T11:50:00,NATURALGAS,2026-08-19,oos,CHOP,FAILED_BREAKOUT,SHORT,0.9375,1.0,0.0,0.0,1.826,266.56,0.06,0.365,0.06,0.1643,True,DOWN,True,1.826,1.0,False,False,False,True,True,True,2,1,0.467,0.852,2.333,4B_TRAP,False,True,0.309,0.65,0.0,-1.294,-1.618,0.164,-3.043
2026-08-19T12:00:00,NATURALGAS,2026-08-19,oos,CHOP,FAILED_BREAKOUT,SHORT,0.9706,0.5,0.0,0.5,0.966,266.3,-0.2,-0.966,0.2,0.2071,False,UP,False,1.931,1.0,False,False,False,True,True,True,2,1,1.0,1.931,2.0,4B_TRAP,False,True,0.212,0.94,0.472,-1.415,-1.887,0.207,-1.931
2026-08-19T12:05:00,NATURALGAS,2026-08-19,oos,CHOP,FAILED_BREAKOUT,LONG,0.9714,0.75,0.25,0.0,1.4,266.7,0.0,0.0,0.0,0.2143,False,DOWN,False,1.867,1.0,False,False,False,True,True,True,,1,1.25,2.333,500000000.0,4B_TRAP,False,True,0.312,0.64,0.0,-1.603,-1.923,0.214,-2.8
2026-08-19T12:10:00,NATURALGAS,2026-08-19,oos,CHOP,FAILED_BREAKOUT,SHORT,0.9722,1.0,0.0,0.0,1.697,266.3,0.1,0.424,0.1,0.2357,False,UP,False,1.273,0.75,False,False,False,True,True,True,,1,1.0,1.697,4.0,4B_TRAP,False,True,0.412,,0.0,-1.699,-1.942,0.236,-1.697
2026-08-19T12:20:00,NATURALGAS,2026-08-19,oos,CHOP,FAILED_BREAKOUT,LONG,1.0,0.6,0.4,0.0,1.105,266.8,-0.1,-0.368,0.1,0.2714,False,DOWN,False,1.474,0.8,False,False,False,True,True,True,3,1,1.0,1.842,5.0,4B_TRAP,False,True,0.315,0.32,0.0,-1.27,-1.587,0.271,-1.842
2026-08-19T12:35:00,NATURALGAS,2026-08-19,oos,CHOP,FAILED_BREAKOUT,LONG,1.0,0.75,0.25,0.0,1.68,266.9,0.0,0.0,0.0,0.3571,True,UP,True,0.84,0.375,False,False,False,True,True,True,,1,0.5,1.12,400000000.0,4B_TRAP,False,True,0.624,0.63,0.0,-1.122,-1.282,0.357,-1.68
2026-08-19T13:35:00,NATURALGAS,2026-08-19,oos,CHOP,FAILED_BREAKOUT,SHORT,0.9423,0.25,0.75,0.0,0.35,266.2,-0.1,-0.35,0.1,0.2857,True,DOWN,True,0.7,0.5,False,False,False,False,False,False,1,3,0.0,0.0,0.0,4B_TRAP,False,False,0.312,0.64,1.282,-1.603,-1.923,0.286,-1.4
2026-08-19T14:30:00,NATURALGAS,2026-08-19,oos,CHOP,FAILED_BREAKOUT,LONG,0.9524,0.5,0.0,0.5,0.875,266.8,0.3,1.312,0.3,0.2286,True,UP,True,1.75,1.0,True,True,True,False,False,False,1,,0.0,0.0,0.0,4B_TRAP,False,False,0.412,0.24,1.456,-1.214,-1.456,0.229,-1.75
2026-08-19T14:55:00,NATURALGAS,2026-08-19,oos,CHOP,FAILED_BREAKDOWN,LONG,0.9853,0.7143,0.1429,0.1429,1.75,267.5,0.1,0.35,0.1,0.2857,False,DOWN,False,1.05,0.429,False,False,False,True,True,True,,1,0.286,0.7,2.0,4B_TRAP,False,True,0.621,,0.0,-1.288,-1.449,0.286,-1.4
2026-08-19T15:45:00,NATURALGAS,2026-08-19,oos,CHOP,FAILED_BREAKDOWN,SHORT,0.9359,0.75,0.25,0.0,0.955,267.1,0.2,0.636,0.2,0.3143,False,UP,False,0.955,0.75,False,False,False,True,True,True,,1,2.75,3.5,5.5,4B_TRAP,False,True,0.412,0.73,0.0,-2.184,-2.427,0.314,-3.182
2026-08-19T15:55:00,NATURALGAS,2026-08-19,oos,CHOP,FAILED_BREAKDOWN,LONG,0.9375,0.75,0.25,0.0,0.875,267.7,0.0,0.0,0.0,0.3429,True,UP,True,1.75,1.5,False,False,False,False,False,False,1,,0.0,0.0,0.0,4A_CONT,False,False,0.312,,5.769,-0.641,2.679,0.343,2.708
2026-08-19T16:00:00,NATURALGAS,2026-08-19,oos,CHOP,TRENDING,LONG,0.9753,0.8333,0.0,0.1667,1.346,267.8,0.4,1.077,0.4,0.3714,True,UP,True,0.269,0.167,True,True,True,False,False,False,1,,0.0,0.0,0.0,4B_TRAP,True,False,0.618,,0.485,-1.133,-1.294,0.371,-2.154
2026-08-19T16:10:00,NATURALGAS,2026-08-19,oos,CHOP,TRENDING,LONG,0.9277,0.75,0.0,0.25,0.875,268.2,0.1,0.292,0.1,0.3429,True,UP,True,0.875,0.75,False,False,False,False,True,True,5,1,0.5,0.583,2.0,4B_TRAP,False,True,0.412,,0.485,-1.942,-2.184,0.343,-1.458
2026-08-19T16:30:00,NATURALGAS,2026-08-19,oos,CHOP,TRENDING,SHORT,0.9655,0.8,0.0,0.2,1.077,267.9,0.3,0.808,0.3,0.3714,False,UP,False,2.693,2.0,False,False,False,True,True,True,,1,1.0,1.346,1.667,4B_TRAP,False,True,0.415,2.99,0.0,-2.41,-2.651,0.371,-2.962
2026-08-19T16:35:00,NATURALGAS,2026-08-19,oos,CHOP,FAILED_BREAKOUT,LONG,1.0,0.8,0.2,0.0,1.931,268.5,-0.1,-0.241,0.1,0.4143,True,UP,True,0.483,0.2,False,False,False,True,True,True,5,1,0.3,0.724,3.0,4A_CONT,False,False,0.83,0.12,3.133,-0.361,2.88,0.414,2.759
2026-08-19T17:05:00,NATURALGAS,2026-08-19,oos,CHOP,TRENDING,LONG,0.9574,0.8,0.2,0.0,1.018,268.6,0.8,2.036,0.8,0.3929,True,UP,True,1.527,1.2,True,True,True,False,False,False,1,,0.0,0.0,0.0,4A_CONT,True,False,0.415,,3.855,-0.723,2.759,0.393,2.745
2026-08-19T17:10:00,NATURALGAS,2026-08-19,oos,CHOP,TRENDING,LONG,0.9684,0.5,0.1667,0.3333,0.764,269.5,0.1,0.255,0.1,0.3929,True,UP,True,1.273,0.833,True,True,True,False,False,False,1,,0.0,0.0,0.0,4A_CONT,False,False,0.518,,4.633,-0.386,2.807,0.393,2.745
2026-08-19T17:15:00,NATURALGAS,2026-08-19,oos,CHOP,TRENDING,LONG,0.9479,0.8,0.0,0.2,0.966,269.7,0.2,0.483,0.2,0.4143,True,UP,True,1.69,1.4,True,True,True,False,False,False,1,,0.0,0.0,0.0,4A_CONT,True,False,0.515,,4.078,0.0,2.806,0.414,2.759
2026-08-19T17:20:00,NATURALGAS,2026-08-19,oos,CHOP,TRENDING,LONG,0.9794,1.0,0.0,0.0,1.508,269.9,1.1,2.369,1.1,0.4643,True,UP,True,1.077,0.714,True,True,True,False,False,False,1,,0.0,0.0,0.0,4A_CONT,True,False,0.721,,3.051,0.0,2.861,0.464,2.785
2026-08-19T17:30:00,NATURALGAS,2026-08-19,oos,CHOP,TRENDING,LONG,0.9394,1.0,0.0,0.0,0.933,272.0,0.0,0.0,0.0,0.5357,True,UP,True,0.56,0.6,False,False,False,False,False,False,2,1,0.0,0.0,0.0,4A_CONT,False,False,0.515,,4.66,-0.583,2.806,0.536,2.813
2026-08-19T17:40:00,NATURALGAS,2026-08-19,oos,CHOP,TRENDING,LONG,0.9604,0.8333,0.1667,0.0,0.886,272.0,0.7,1.241,0.7,0.5643,False,DOWN,False,0.709,0.667,True,True,True,False,False,False,1,,0.0,0.0,0.0,4B_TRAP,False,False,0.518,,0.965,-1.158,-1.351,0.564,-1.241
2026-08-19T17:50:00,NATURALGAS,2026-08-19,oos,CHOP,TRENDING,LONG,0.9612,0.8333,0.1667,0.0,0.921,273.0,0.0,0.0,0.0,0.5429,False,DOWN,False,1.658,1.5,False,False,False,True,True,True,,1,0.833,0.921,500000000.0,4B_TRAP,False,True,0.518,,0.386,-1.351,-1.544,0.543,-1.474
2026-08-19T17:55:00,NATURALGAS,2026-08-19,oos,CHOP,TRENDING,SHORT,0.9904,0.1111,0.4444,0.4444,0.167,272.5,-0.2,-0.333,0.2,0.6,False,UP,False,0.5,0.333,False,False,False,True,True,True,3,1,0.222,0.333,1.0,4B_TRAP,False,True,0.527,2.28,1.518,-3.226,-3.416,0.6,-3.0
2026-08-19T18:10:00,NATURALGAS,2026-08-19,oos,CHOP,TRENDING,LONG,0.9065,0.2,0.4,0.4,0.156,267.34,5.06,7.871,5.06,0.6429,True,UP,True,0.467,0.6,True,True,True,False,False,False,1,,0.0,0.0,0.0,4B_TRAP,False,False,0.315,2.54,2.222,-1.587,-1.905,0.643,2.844
2026-08-19T18:20:00,NATURALGAS,2026-08-19,oos,CHOP,TRENDING,SHORT,0.9541,0.3333,0.6667,0.0,0.333,272.4,-0.2,-0.333,0.2,0.6,True,DOWN,True,2.0,2.0,False,False,False,False,True,True,1,2,0.833,0.833,2.5,4B_TRAP,False,True,0.418,1.2,1.675,-1.196,-1.435,0.6,-3.167
2026-08-19T18:25:00,NATURALGAS,2026-08-19,oos,CHOP,TRENDING,SHORT,1.0,0.6667,0.25,0.0833,1.231,272.1,0.1,0.154,0.1,0.65,False,UP,False,0.769,0.417,False,False,False,True,True,True,,1,0.667,1.231,8.0,4B_TRAP,False,True,1.136,5.17,0.0,-2.113,-2.201,0.65,-1.846
2026-08-19T19:00:00,NATURALGAS,2026-08-19,oos,CHOP,TRENDING,LONG,1.0,1.0,0.0,0.0,2.386,273.2,1.2,1.909,1.2,0.6286,True,UP,True,0.477,0.2,True,True,True,False,False,False,1,,0.0,0.0,0.0,4B_TRAP,True,False,1.545,,0.324,-1.683,-1.748,0.629,-2.068
2026-08-19T19:20:00,NATURALGAS,2026-08-19,oos,CHOP,TRENDING,SHORT,0.9421,1.0,0.0,0.0,1.012,274.4,0.4,0.675,0.4,0.5929,True,DOWN,True,1.349,1.333,True,True,True,False,False,False,1,,0.0,0.0,0.0,4A_CONT,True,False,0.618,2.27,3.56,0.0,2.838,0.593,2.831
2026-08-19T19:25:00,NATURALGAS,2026-08-19,oos,CHOP,TRENDING,SHORT,0.9672,0.875,0.0,0.125,1.114,274.0,0.7,1.114,0.7,0.6286,True,DOWN,True,2.864,2.25,True,True,True,False,False,False,1,,0.0,0.0,0.0,4A_CONT,True,False,0.724,0.97,3.315,-0.414,2.862,0.629,2.841
2026-08-19T19:30:00,NATURALGAS,2026-08-19,oos,CHOP,TRENDING,SHORT,1.0,0.8889,0.1111,0.0,2.24,272.6,0.8,1.12,0.8,0.7143,False,UP,False,1.12,0.444,True,True,True,False,False,False,1,,0.0,0.0,0.0,4X_AMBIG,False,False,1.854,3.03,0.809,-0.108,0.485,0.714,1.26
2026-08-19T19:35:00,NATURALGAS,2026-08-19,oos,CHOP,TRENDING,LONG,0.9597,0.125,0.0,0.875,0.144,268.06,3.64,5.254,3.64,0.6929,False,DOWN,False,1.155,1.0,True,True,True,False,False,False,1,,0.0,0.0,0.0,4B_TRAP,False,False,0.824,3.88,0.0,-1.578,-1.699,0.693,-2.021
2026-08-19T19:40:00,NATURALGAS,2026-08-19,oos,CHOP,TRENDING,SHORT,0.96,0.5,0.25,0.25,0.533,270.9,0.3,0.4,0.3,0.75,False,UP,False,0.533,0.5,True,False,False,False,True,True,1,2,0.5,0.533,1.333,4B_TRAP,False,True,0.624,7.08,0.321,-1.122,-1.282,0.75,-1.2
2026-08-19T19:50:00,NATURALGAS,2026-08-19,oos,CHOP,FAILED_BREAKOUT,LONG,0.9134,1.0,0.0,0.0,0.792,270.8,0.5,0.66,0.5,0.7571,True,UP,True,0.396,0.5,True,True,True,False,False,False,1,,0.0,0.0,0.0,4B_TRAP,True,False,0.618,5.83,0.162,-1.133,-1.294,0.757,-1.321
2026-08-19T20:50:00,NATURALGAS,2026-08-19,oos,CHOP,TRENDING,LONG,0.964,0.375,0.125,0.5,0.646,271.2,0.4,0.862,0.4,0.4643,False,DOWN,False,0.862,0.5,True,False,False,False,True,True,1,2,0.25,0.431,0.5,4B_TRAP,False,True,0.724,0.41,0.138,-1.105,-1.243,0.464,-1.938
2026-08-19T21:05:00,NATURALGAS,2026-08-19,oos,CHOP,FAILED_BREAKOUT,LONG,0.9296,0.8571,0.1429,0.0,1.235,271.7,0.0,0.0,0.0,0.4857,False,DOWN,False,2.471,1.714,False,False,False,True,True,True,,1,1.857,2.677,1300000000.0,4B_TRAP,False,True,0.621,5.15,0.0,-2.093,-2.254,0.486,-2.882
2026-08-19T21:10:00,NATURALGAS,2026-08-19,oos,CHOP,TRENDING,SHORT,0.986,1.0,0.0,0.0,2.211,270.8,0.4,0.737,0.4,0.5429,False,UP,False,1.105,0.5,False,False,False,True,True,True,2,1,0.167,0.368,0.5,4B_TRAP,False,True,1.236,3.57,0.081,-1.052,-1.133,0.543,-1.289
2026-08-19T21:15:00,NATURALGAS,2026-08-19,oos,CHOP,FAILED_BREAKOUT,LONG,0.9028,1.0,0.0,0.0,1.063,270.68,0.32,0.567,0.32,0.5643,False,DOWN,False,1.063,1.0,False,False,False,True,True,True,2,1,0.467,0.496,0.875,4B_TRAP,False,True,0.618,1.29,0.0,-1.133,-1.294,0.564,-1.418
2026-08-19T21:55:00,NATURALGAS,2026-08-19,oos,CHOP,TRENDING,LONG,0.9079,1.0,0.0,0.0,1.063,271.7,0.3,0.532,0.3,0.5643,True,UP,True,0.354,0.333,True,False,False,False,True,True,1,2,0.667,0.709,1.333,4B_TRAP,False,True,0.618,4.69,0.0,-1.133,-1.294,0.564,-1.418
2026-08-19T22:50:00,NATURALGAS,2026-08-19,oos,CHOP,TRENDING,SHORT,0.9136,0.8333,0.0,0.1667,1.25,271.5,0.5,1.25,0.5,0.4,True,DOWN,True,1.0,0.667,True,True,True,False,False,False,1,,0.0,0.0,0.0,4X_AMBIG,True,False,0.518,9.67,0.965,-0.579,0.193,0.4,0.25
2026-08-20T12:00:00,NATURALGAS,2026-08-20,oos,TREND_DOWN,OPENING_DRIVE,SHORT,1.0,0.4286,0.5714,0.0,0.857,267.2,0.0,0.0,0.0,0.35,True,DOWN,True,1.143,0.571,False,False,False,False,False,False,2,1,0.0,0.0,0.0,4A_CONT,False,False,0.721,0.42,3.051,-0.139,2.861,0.35,2.714
2026-08-20T12:35:00,NATURALGAS,2026-08-20,oos,TREND_DOWN,TRENDING,SHORT,1.0,0.7778,0.0,0.2222,1.719,266.7,0.6,1.474,0.6,0.4071,False,UP,False,0.491,0.222,True,True,True,False,False,False,1,,0.0,0.0,0.0,4A_CONT,False,False,0.727,,3.026,-0.138,2.862,0.407,2.754
2026-08-20T12:55:00,NATURALGAS,2026-08-20,oos,TREND_DOWN,TRENDING,SHORT,0.9574,1.0,0.0,0.0,1.424,265.5,0.5,1.186,0.5,0.4214,True,DOWN,True,1.424,1.0,True,True,True,False,False,False,1,,0.0,0.0,0.0,4A_CONT,True,False,0.618,,3.883,0.0,2.838,0.421,2.763
2026-08-20T13:00:00,NATURALGAS,2026-08-20,oos,TREND_DOWN,TRENDING,SHORT,0.9167,1.0,0.0,0.0,1.312,265.0,0.7,1.531,0.7,0.4571,False,UP,False,0.438,0.333,True,True,True,False,False,False,1,,0.0,0.0,0.0,4B_TRAP,False,False,0.618,,2.751,-1.294,-1.456,0.457,2.781
2026-08-20T13:10:00,NATURALGAS,2026-08-20,oos,TREND_DOWN,TRENDING,SHORT,0.96,0.8333,0.0,0.1667,1.148,264.3,0.3,0.689,0.3,0.4357,False,UP,False,0.23,0.167,True,True,True,False,False,False,1,,0.0,0.0,0.0,4B_TRAP,False,False,0.518,,2.703,-1.544,-1.737,0.436,2.77
2026-08-20T13:30:00,NATURALGAS,2026-08-20,oos,TREND_DOWN,TRENDING,SHORT,1.0,0.7273,0.0,0.2727,1.75,263.7,0.8,1.75,0.8,0.4571,False,UP,False,1.094,0.455,True,True,True,False,False,False,1,4,0.0,0.0,0.0,4B_TRAP,False,False,0.833,,0.24,-1.08,-1.2,0.457,-2.188
2026-08-20T15:40:00,NATURALGAS,2026-08-20,oos,TREND_DOWN,TRENDING,SHORT,0.925,1.0,0.0,0.0,2.27,264.2,0.1,0.378,0.1,0.2643,True,DOWN,True,1.135,0.5,False,False,False,False,False,False,2,1,0.0,0.0,0.0,4B_TRAP,False,False,0.618,2.43,1.294,-1.618,-1.78,0.264,-1.892
2026-08-20T15:50:00,NATURALGAS,2026-08-20,oos,TREND_DOWN,TRENDING,SHORT,0.9634,1.0,0.0,0.0,2.0,264.1,0.4,1.333,0.4,0.3,False,UP,False,1.0,0.5,True,True,True,False,False,False,1,,0.0,0.0,0.0,4B_TRAP,False,False,0.618,1.78,0.647,-1.294,-1.456,0.3,-1.667
2026-08-20T16:20:00,NATURALGAS,2026-08-20,oos,TREND_DOWN,TRENDING,LONG,0.9659,0.8333,0.0,0.1667,1.429,264.1,0.4,1.143,0.4,0.35,True,UP,True,1.714,1.0,True,True,True,False,False,False,1,4,0.0,0.0,0.0,4B_TRAP,True,False,0.618,6.38,0.971,-1.133,-1.294,0.35,-2.286
2026-08-20T16:25:00,NATURALGAS,2026-08-20,oos,TREND_DOWN,TRENDING,SHORT,0.9663,0.1667,0.6667,0.1667,0.259,264.51,-0.19,-0.493,0.19,0.3857,True,DOWN,True,0.519,0.333,False,False,False,False,False,False,1,,0.0,0.0,0.0,4B_TRAP,False,False,0.418,0.45,2.153,-1.675,-1.914,0.386,-1.296
2026-08-20T17:05:00,NATURALGAS,2026-08-20,oos,TREND_DOWN,TRENDING,LONG,0.9794,0.625,0.375,0.0,1.129,264.6,0.2,0.452,0.2,0.4429,False,DOWN,False,1.129,0.625,True,False,False,False,True,True,1,2,0.625,1.129,2.5,4B_TRAP,False,True,0.524,6.95,1.145,-2.481,-2.672,0.443,-3.161
2026-08-20T17:15:00,NATURALGAS,2026-08-20,oos,TREND_DOWN,TRENDING,SHORT,1.0,0.6471,0.0,0.3529,2.0,264.2,0.1,0.182,0.1,0.55,False,UP,False,0.909,0.294,False,False,False,True,True,True,,1,0.765,2.364,13.0,4B_TRAP,False,True,1.151,1.3,0.0,-1.216,-1.303,0.55,-2.727
2026-08-20T17:25:00,NATURALGAS,2026-08-20,oos,TREND_DOWN,TRENDING,LONG,0.9901,1.0,0.0,0.0,1.909,265.4,0.1,0.159,0.1,0.6286,True,UP,True,0.795,0.417,False,False,False,True,True,True,,1,0.833,1.591,10.0,4B_TRAP,False,True,1.236,2.38,0.0,-1.052,-1.133,0.629,-1.273
2026-08-20T17:35:00,NATURALGAS,2026-08-20,oos,TREND_DOWN,FAILED_BREAKOUT,SHORT,0.9515,0.7143,0.0,0.2857,0.753,264.38,-0.12,-0.181,0.12,0.6643,True,DOWN,True,0.452,0.429,False,False,False,True,True,True,2,1,0.457,0.482,2.667,4A_CONT,False,False,0.521,0.23,3.839,-0.96,2.808,0.664,2.849
2026-08-20T17:45:00,NATURALGAS,2026-08-20,oos,TREND_DOWN,TRENDING,SHORT,0.9333,0.8333,0.1667,0.0,0.737,264.2,0.2,0.295,0.2,0.6786,False,UP,False,0.737,0.833,False,False,False,True,True,True,2,1,0.833,0.737,2.5,4B_TRAP,False,True,0.618,0.81,0.0,-1.294,-1.456,0.679,-1.326
2026-08-20T18:10:00,NATURALGAS,2026-08-20,oos,TREND_DOWN,TRENDING,LONG,0.9633,1.0,0.0,0.0,1.047,264.4,0.1,0.131,0.1,0.7643,True,UP,True,0.654,0.625,True,False,False,False,True,True,1,2,1.5,1.57,12.0,4B_TRAP,False,True,0.824,0.12,0.607,-1.578,-1.699,0.764,-1.832
2026-08-20T18:20:00,NATURALGAS,2026-08-20,oos,TREND_DOWN,TRENDING,SHORT,0.982,1.0,0.0,0.0,1.426,264.5,0.6,0.778,0.6,0.7714,True,DOWN,True,1.037,0.727,True,True,True,False,False,False,1,5,0.0,0.0,0.0,4A_CONT,True,False,1.133,0.18,3.177,-0.971,2.912,0.771,-1.167
2026-08-20T18:25:00,NATURALGAS,2026-08-20,oos,TREND_DOWN,TRENDING,SHORT,0.9554,0.75,0.25,0.0,0.848,263.7,0.5,0.707,0.5,0.7071,False,UP,False,1.98,1.75,False,False,False,True,True,True,,1,0.875,0.99,1.4,4B_TRAP,False,True,0.824,0.66,0.243,-1.456,-1.578,0.707,-1.838
2026-08-20T18:30:00,NATURALGAS,2026-08-20,oos,TREND_DOWN,TRENDING,LONG,0.9912,1.0,0.0,0.0,1.815,264.0,0.4,0.519,0.4,0.7714,False,DOWN,False,0.389,0.214,True,False,False,False,True,True,1,2,0.071,0.13,0.25,4B_TRAP,False,True,1.442,0.42,0.416,-1.318,-1.387,0.771,-1.167
2026-08-20T18:40:00,NATURALGAS,2026-08-20,oos,TREND_DOWN,TRENDING,SHORT,0.9478,1.0,0.0,0.0,1.12,264.2,0.3,0.42,0.3,0.7143,False,UP,False,0.84,0.75,False,False,False,True,True,True,5,1,0.5,0.56,1.333,4B_TRAP,False,True,0.824,1.09,0.0,-1.214,-1.335,0.714,-1.54
2026-08-20T19:35:00,NATURALGAS,2026-08-20,oos,TREND_DOWN,TRENDING,SHORT,0.9603,1.0,0.0,0.0,1.972,264.0,0.0,0.0,0.0,0.5071,True,DOWN,True,0.789,0.4,False,False,False,False,False,False,1,,0.0,0.0,0.0,4A_CONT,False,False,1.03,1.3,3.01,0.0,2.903,0.507,2.803
2026-08-20T20:05:00,NATURALGAS,2026-08-20,oos,TREND_DOWN,TRENDING,SHORT,0.9773,0.9091,0.0,0.0909,1.944,262.5,0.4,0.778,0.4,0.5143,True,DOWN,True,1.361,0.636,True,True,True,False,False,False,1,,0.0,0.0,0.0,4X_AMBIG,True,False,1.033,,1.742,-0.484,1.065,0.514,2.806
2026-08-20T20:10:00,NATURALGAS,2026-08-20,oos,TREND_DOWN,TRENDING,SHORT,0.9023,0.8571,0.0,0.1429,1.151,262.0,0.3,0.575,0.3,0.5214,True,DOWN,True,0.767,0.571,True,True,True,False,False,False,1,,0.0,0.0,0.0,4B_TRAP,True,False,0.621,,0.805,-1.449,-1.61,0.521,-1.342
2026-08-21T10:00:00,NATURALGAS,2026-08-21,oos,CHOP,OPENING_DRIVE,SHORT,1.0,0.6667,0.3333,0.0,0.812,263.2,0.0,0.0,0.0,0.2462,True,DOWN,True,1.219,1.0,False,False,False,False,False,False,1,2,0.0,0.0,0.0,4B_TRAP,False,False,0.309,,1.942,-4.854,-5.178,0.246,-1.625
2026-08-21T10:15:00,NATURALGAS,2026-08-21,oos,CHOP,OPENING_DRIVE,SHORT,1.0,0.5,0.5,0.0,0.778,263.0,0.2,0.778,0.2,0.2571,True,DOWN,True,1.167,0.75,True,True,False,False,False,False,1,3,0.0,0.0,0.0,4B_TRAP,False,False,0.412,,0.485,-1.214,-1.456,0.257,-1.556
2026-08-21T10:30:00,NATURALGAS,2026-08-21,oos,CHOP,TRENDING,LONG,0.9444,0.6667,0.3333,0.0,0.737,262.9,0.1,0.368,0.1,0.2714,True,UP,True,0.0,0.0,True,True,True,False,False,False,1,,0.0,0.0,0.0,4A_CONT,True,False,0.209,0.96,8.134,-0.478,2.522,0.271,2.632
2026-08-21T10:45:00,NATURALGAS,2026-08-21,oos,CHOP,FAILED_BREAKOUT,LONG,0.95,0.6667,0.0,0.3333,0.824,263.1,0.1,0.412,0.1,0.2429,False,DOWN,False,0.823,0.667,True,True,True,False,False,False,1,,0.0,0.0,0.0,4A_CONT,False,False,0.309,1.0,4.854,-0.324,2.676,0.243,2.588
2026-08-21T10:55:00,NATURALGAS,2026-08-21,oos,CHOP,FAILED_BREAKOUT,LONG,0.9545,0.3333,0.3333,0.3333,0.412,263.3,0.1,0.412,0.1,0.2429,True,UP,True,0.823,0.667,True,False,False,False,False,False,1,2,0.0,0.0,0.0,4A_CONT,False,False,0.209,0.53,6.22,-0.957,2.522,0.243,2.588
2026-08-21T11:25:00,NATURALGAS,2026-08-21,oos,CHOP,FAILED_BREAKOUT,LONG,1.0,0.9167,0.0833,0.0,3.949,263.9,0.7,2.513,0.7,0.2786,False,DOWN,False,1.795,0.417,True,True,True,False,False,False,1,,0.0,0.0,0.0,4A_CONT,False,False,1.136,,2.905,-0.352,-0.176,0.279,-1.795
2026-08-21T11:30:00,NATURALGAS,2026-08-21,oos,CHOP,TRENDING,LONG,0.9655,0.2,0.0,0.8,0.341,264.7,-0.1,-0.341,0.1,0.2929,False,DOWN,False,1.366,0.8,False,False,False,True,True,True,4,1,0.8,1.366,4.0,4A_CONT,False,False,0.415,0.24,3.614,-0.964,2.759,0.293,-1.707
2026-08-21T11:35:00,NATURALGAS,2026-08-21,oos,CHOP,TRENDING,SHORT,0.9333,0.5,0.0,0.5,0.651,264.2,-0.2,-0.651,0.2,0.3071,False,UP,False,1.303,1.0,False,False,False,True,True,True,,1,1.5,1.954,3.0,4B_TRAP,False,True,0.212,5.19,0.943,-1.887,-2.358,0.307,-1.628
2026-08-21T11:40:00,NATURALGAS,2026-08-21,oos,CHOP,FAILED_BREAKDOWN,LONG,0.9355,1.0,0.0,0.0,1.273,264.6,0.0,0.0,0.0,0.3143,False,DOWN,False,0.955,0.75,False,False,False,True,True,True,2,1,0.75,0.955,300000000.0,4A_CONT,False,False,0.412,0.24,3.641,-0.728,2.757,0.314,2.682
2026-08-21T11:50:00,NATURALGAS,2026-08-21,oos,CHOP,FAILED_BREAKDOWN,LONG,0.9394,1.0,0.0,0.0,1.098,264.7,0.1,0.275,0.1,0.3643,True,UP,True,1.372,1.25,True,True,True,False,False,False,1,,0.0,0.0,0.0,4A_CONT,True,False,0.412,,3.155,-0.971,2.757,0.364,-1.373
2026-08-21T11:55:00,NATURALGAS,2026-08-21,oos,CHOP,TRENDING,LONG,0.9706,0.6,0.4,0.0,0.792,264.8,0.3,0.792,0.3,0.3786,False,DOWN,False,0.528,0.4,False,False,False,False,False,False,3,1,0.0,0.0,0.0,4B_TRAP,False,False,0.315,,0.0,-1.587,-1.905,0.379,-1.585
2026-08-21T12:30:00,NATURALGAS,2026-08-21,oos,CHOP,TRENDING,SHORT,0.9756,1.0,0.0,0.0,1.5,264.8,0.3,0.75,0.3,0.4,False,UP,False,2.0,1.333,False,False,False,True,True,True,,1,1.0,1.5,2.0,4B_TRAP,False,True,0.618,3.03,0.162,-1.133,-1.294,0.4,-2.0
2026-08-21T12:35:00,NATURALGAS,2026-08-21,oos,CHOP,FAILED_BREAKDOWN,LONG,0.9762,1.0,0.0,0.0,2.196,265.1,0.1,0.275,0.1,0.3643,True,UP,True,0.823,0.375,True,True,True,False,False,False,1,,0.0,0.0,0.0,4A_CONT,True,False,0.824,0.12,3.034,-0.243,2.879,0.364,2.725
2026-08-21T12:55:00,NATURALGAS,2026-08-21,oos,CHOP,TRENDING,LONG,0.9348,0.8,0.0,0.2,1.167,265.5,0.3,0.875,0.3,0.3429,True,UP,True,1.167,0.8,True,True,True,False,False,False,1,,0.0,0.0,0.0,4A_CONT,True,False,0.515,,3.495,-0.583,2.806,0.343,2.708
2026-08-21T14:10:00,NATURALGAS,2026-08-21,oos,CHOP,TRENDING,SHORT,0.9508,0.4,0.2,0.4,0.667,265.7,0.0,0.0,0.0,0.3,True,DOWN,True,0.333,0.2,False,False,False,False,False,True,1,3,0.2,0.333,100000000.0,4B_TRAP,False,True,0.315,9.71,0.317,-2.222,-2.54,0.3,-2.667
2026-08-21T14:35:00,NATURALGAS,2026-08-21,oos,CHOP,TRENDING,LONG,0.9545,0.8,0.2,0.0,1.333,265.9,0.4,1.333,0.4,0.3,True,UP,True,0.667,0.4,True,True,True,False,False,False,1,,0.0,0.0,0.0,4A_CONT,True,False,0.415,1.2,3.133,-0.723,2.759,0.3,-1.333
2026-08-21T16:10:00,NATURALGAS,2026-08-21,oos,CHOP,TRENDING,SHORT,0.9643,0.6,0.4,0.0,1.313,266.3,0.1,0.438,0.1,0.2286,False,UP,False,2.187,1.0,False,False,False,True,True,True,,1,1.6,3.5,8.0,4B_TRAP,False,True,0.515,0.19,0.388,-1.748,-1.942,0.229,-1.75
2026-08-21T16:15:00,NATURALGAS,2026-08-21,oos,CHOP,TRENDING,LONG,0.9647,0.8,0.0,0.2,1.6,266.5,0.0,0.0,0.0,0.25,True,UP,True,1.6,0.8,False,False,False,False,False,False,1,,0.0,0.0,0.0,4B_TRAP,False,False,0.515,0.5,2.718,-1.748,-1.942,0.25,2.6
2026-08-21T16:30:00,NATURALGAS,2026-08-21,oos,CHOP,TRENDING,LONG,0.9886,0.375,0.0,0.625,0.778,266.7,0.8,2.074,0.8,0.3857,True,UP,True,0.519,0.25,True,True,True,False,False,False,1,5,0.0,0.0,0.0,4B_TRAP,False,False,0.824,0.06,0.485,-1.092,-1.214,0.386,-2.593
2026-08-21T16:45:00,NATURALGAS,2026-08-21,oos,CHOP,TRENDING,SHORT,0.9451,1.0,0.0,0.0,1.167,267.5,0.2,0.467,0.2,0.4286,True,DOWN,True,0.933,0.8,True,True,True,False,False,False,1,,0.0,0.0,0.0,4A_CONT,True,False,0.515,1.17,3.301,-0.583,2.806,0.429,2.767
2026-08-21T16:55:00,NATURALGAS,2026-08-21,oos,CHOP,TRENDING,SHORT,0.9462,1.0,0.0,0.0,1.292,266.7,0.1,0.215,0.1,0.4643,False,UP,False,1.077,0.833,False,False,False,True,True,True,3,1,0.167,0.215,1.0,4A_CONT,False,False,0.618,4.6,3.236,-0.971,2.838,0.464,-1.508
2026-08-21T17:00:00,NATURALGAS,2026-08-21,oos,CHOP,TRENDING,SHORT,0.9362,0.2,0.8,0.0,0.2,266.7,-0.1,-0.2,0.1,0.5,True,DOWN,True,1.0,1.0,False,False,False,False,False,False,2,1,0.0,0.0,0.0,4A_CONT,False,False,0.415,0.24,3.373,-0.482,2.759,0.5,2.8
2026-08-21T17:05:00,NATURALGAS,2026-08-21,oos,CHOP,TRENDING,SHORT,0.9368,0.6,0.0,0.4,0.583,266.6,-0.1,-0.194,0.1,0.5143,True,DOWN,True,0.972,1.0,False,False,False,False,True,True,1,2,0.2,0.194,1.0,4A_CONT,False,False,0.315,0.32,3.492,0.0,2.683,0.514,2.806
2026-08-21T17:10:00,NATURALGAS,2026-08-21,oos,CHOP,TRENDING,SHORT,0.9375,1.0,0.0,0.0,0.946,266.5,0.3,0.568,0.3,0.5286,False,UP,False,1.135,1.2,False,False,False,True,True,True,3,1,0.4,0.378,0.667,4B_TRAP,False,True,0.515,4.74,1.165,-1.359,-1.553,0.529,-1.514
2026-08-21T17:15:00,NATURALGAS,2026-08-21,oos,CHOP,TRENDING,LONG,0.9485,0.6667,0.0,0.3333,0.727,266.7,0.0,0.0,0.0,0.55,False,DOWN,False,0.727,0.667,False,False,False,True,True,True,,1,1.833,2.0,1100000000.0,4B_TRAP,False,True,0.618,0.81,0.0,-1.78,-1.942,0.55,-2.182
2026-08-21T17:25:00,NATURALGAS,2026-08-21,oos,CHOP,TRENDING,SHORT,0.9596,1.0,0.0,0.0,1.225,266.1,0.5,0.875,0.5,0.5714,False,UP,False,2.275,1.857,False,False,False,True,True,True,2,1,0.571,0.7,0.8,4B_TRAP,False,True,0.721,1.94,0.0,-1.803,-1.942,0.571,-2.45
2026-08-21T17:30:00,NATURALGAS,2026-08-21,oos,CHOP,FAILED_BREAKOUT,LONG,1.0,0.6923,0.3077,0.0,1.448,266.7,-0.2,-0.322,0.2,0.6214,False,DOWN,False,0.805,0.385,False,False,False,True,True,True,,1,0.692,1.448,4.5,4B_TRAP,False,True,0.939,0.21,0.0,-1.171,-1.278,0.621,-1.609
2026-08-21T17:55:00,NATURALGAS,2026-08-21,oos,CHOP,FAILED_BREAKOUT,SHORT,0.981,1.0,0.0,0.0,1.609,265.4,0.8,1.287,0.8,0.6214,False,UP,False,0.966,0.6,True,True,True,False,False,False,1,5,0.0,0.0,0.0,4B_TRAP,False,False,1.03,0.39,0.291,-1.165,-1.262,0.621,-1.287
2026-08-21T18:00:00,NATURALGAS,2026-08-21,oos,CHOP,FAILED_BREAKOUT,SHORT,0.934,0.1667,0.8333,0.0,0.157,264.6,0.1,0.157,0.1,0.6357,False,UP,False,0.472,0.5,True,False,False,False,True,True,1,2,1.167,1.101,7.0,4B_TRAP,False,True,0.518,0.58,0.386,-1.544,-1.737,0.636,-1.416
2026-08-21T18:40:00,NATURALGAS,2026-08-21,oos,CHOP,FAILED_BREAKOUT,SHORT,0.9035,0.8,0.0,0.2,0.8,265.6,0.0,0.0,0.0,0.5,False,UP,False,1.0,1.0,False,False,False,True,True,True,,1,1.0,1.0,500000000.0,4B_TRAP,False,True,0.415,3.37,0.0,-1.446,-1.687,0.5,-1.4
2026-08-21T19:05:00,NATURALGAS,2026-08-21,oos,CHOP,FAILED_BREAKOUT,LONG,0.9748,0.875,0.0,0.125,1.463,266.2,0.3,0.627,0.3,0.4786,False,DOWN,False,0.836,0.5,True,False,False,False,True,True,1,2,0.75,1.254,2.0,4B_TRAP,False,True,0.824,0.69,0.364,-1.214,-1.335,0.479,-1.881
2026-08-21T19:40:00,NATURALGAS,2026-08-21,oos,CHOP,TRENDING,LONG,0.9444,1.0,0.0,0.0,1.531,266.3,0.4,0.875,0.4,0.4571,False,DOWN,False,0.875,0.571,False,False,False,False,False,False,2,1,0.0,0.0,0.0,4B_TRAP,False,False,0.721,0.14,0.416,-1.387,-1.526,0.457,-2.406
2026-08-21T20:30:00,NATURALGAS,2026-08-21,oos,CHOP,TRENDING,SHORT,0.9044,1.0,0.0,0.0,1.373,266.7,0.2,0.549,0.2,0.3643,True,DOWN,True,1.647,1.2,True,True,True,False,False,False,1,,0.0,0.0,0.0,4A_CONT,True,False,0.515,0.39,3.301,-0.194,2.806,0.364,2.725
2026-08-21T20:35:00,NATURALGAS,2026-08-21,oos,CHOP,TRENDING,SHORT,0.9343,0.6667,0.1667,0.1667,1.018,266.3,0.5,1.273,0.5,0.3929,False,UP,False,0.764,0.5,True,False,False,False,True,True,1,2,0.167,0.255,0.2,4B_TRAP,False,True,0.518,2.45,0.0,-1.158,-1.351,0.393,-1.782
2026-08-21T22:00:00,NATURALGAS,2026-08-21,oos,CHOP,FAILED_BREAKOUT,LONG,0.9091,1.0,0.0,0.0,1.75,265.2,0.2,0.7,0.2,0.2857,True,UP,True,1.05,0.6,True,True,True,False,False,False,1,4,0.0,0.0,0.0,4B_TRAP,True,False,0.515,3.03,1.553,-1.165,-1.359,0.286,-2.45
2026-08-21T23:05:00,NATURALGAS,2026-08-21,oos,CHOP,FAILED_BREAKOUT,SHORT,0.9162,0.8,0.0,0.2,0.966,264.75,0.15,0.362,0.15,0.4143,False,UP,False,0.483,0.4,True,True,True,False,False,False,1,,0.0,0.0,0.0,4X_AMBIG,False,False,0.415,0.96,0.482,-0.964,0.482,0.414,0.483
2026-08-24T11:35:00,NATURALGAS,2026-08-24,HOLDOUT,CHOP,OPENING_DRIVE,SHORT,1.0,0.4,0.0,0.6,0.966,262.2,0.3,1.448,0.3,0.2071,True,DOWN,True,2.414,1.0,True,True,True,False,False,False,1,,0.0,0.0,0.0,4A_CONT,False,False,0.215,1.77,3.721,-0.465,2.535,0.207,2.517
2026-08-24T11:40:00,NATURALGAS,2026-08-24,HOLDOUT,CHOP,OPENING_DRIVE,SHORT,1.0,1.0,0.0,0.0,2.121,261.52,0.02,0.085,0.02,0.2357,True,DOWN,True,1.273,0.6,True,False,False,False,True,True,1,2,0.16,0.339,4.0,4B_TRAP,False,True,0.515,0.39,1.942,-1.942,-2.136,0.236,-1.697
2026-08-24T12:05:00,NATURALGAS,2026-08-24,HOLDOUT,CHOP,FAILED_BREAKOUT,SHORT,0.9143,0.5,0.5,0.0,0.683,261.47,0.07,0.239,0.07,0.2929,True,DOWN,True,1.024,0.75,True,True,True,False,False,False,1,,0.0,0.0,0.0,4B_TRAP,False,False,0.412,0.73,2.184,-1.214,-1.456,0.293,2.659
2026-08-24T12:15:00,NATURALGAS,2026-08-24,HOLDOUT,CHOP,TRENDING,SHORT,1.0,0.8333,0.1667,0.0,1.458,261.1,0.5,1.458,0.5,0.3429,False,UP,False,0.0,0.0,True,False,False,False,False,False,1,2,0.0,0.0,0.0,4B_TRAP,False,False,0.618,,0.0,-1.294,-1.456,0.343,-1.75
2026-08-24T12:35:00,NATURALGAS,2026-08-24,HOLDOUT,CHOP,TRENDING,SHORT,0.975,0.8,0.2,0.0,1.037,260.6,0.1,0.259,0.1,0.3857,False,UP,False,0.519,0.4,False,False,False,True,True,True,,1,1.2,1.556,6.0,4B_TRAP,False,True,0.515,,0.0,-1.359,-1.553,0.386,-2.074
2026-08-24T12:50:00,NATURALGAS,2026-08-24,HOLDOUT,CHOP,TRENDING,LONG,1.0,1.0,0.0,0.0,1.615,260.7,0.5,1.346,0.5,0.3714,True,UP,True,1.346,0.833,True,True,True,False,False,False,1,,0.0,0.0,0.0,4A_CONT,True,False,0.618,0.32,3.074,-0.162,2.838,0.371,2.731
2026-08-24T12:55:00,NATURALGAS,2026-08-24,HOLDOUT,CHOP,FAILED_BREAKOUT,LONG,0.9545,0.6,0.4,0.0,0.778,261.4,0.0,0.0,0.0,0.3857,False,DOWN,False,1.037,0.8,False,False,False,True,True,True,2,1,0.2,0.259,100000000.0,4A_CONT,False,False,0.315,1.62,3.492,-0.635,2.683,0.386,2.741
2026-08-24T13:10:00,NATURALGAS,2026-08-24,HOLDOUT,CHOP,FAILED_BREAKOUT,LONG,1.0,0.6667,0.3333,0.0,0.903,262.4,-0.1,-0.226,0.1,0.4429,False,DOWN,False,0.903,0.667,False,False,False,True,True,True,4,1,0.667,0.903,4.0,4A_CONT,False,False,0.418,0.24,3.349,-0.718,2.761,0.443,2.774
2026-08-24T13:35:00,NATURALGAS,2026-08-24,HOLDOUT,CHOP,FAILED_BREAKDOWN,LONG,1.0,1.0,0.0,0.0,1.333,262.6,0.5,1.111,0.5,0.45,True,UP,True,0.444,0.333,True,False,False,False,False,False,1,2,0.0,0.0,0.0,4B_TRAP,True,False,0.618,,0.0,-1.294,-1.456,0.45,-1.333
2026-08-24T14:00:00,NATURALGAS,2026-08-24,HOLDOUT,CHOP,FAILED_BREAKDOWN,SHORT,0.9298,0.4,0.4,0.2,0.491,262.5,0.1,0.246,0.1,0.4071,False,UP,False,0.491,0.4,True,True,False,False,False,True,1,3,0.2,0.246,1.0,4B_TRAP,False,True,0.415,3.35,0.482,-1.687,-1.928,0.407,-1.965
2026-08-24T14:45:00,NATURALGAS,2026-08-24,HOLDOUT,CHOP,TRENDING,LONG,0.9697,1.0,0.0,0.0,1.909,263.9,0.5,1.591,0.5,0.3143,False,DOWN,False,1.591,0.833,True,True,True,False,False,False,1,,0.0,0.0,0.0,4A_CONT,False,False,0.618,,3.074,-0.485,2.838,0.314,2.682
2026-08-24T15:05:00,NATURALGAS,2026-08-24,HOLDOUT,CHOP,TRENDING,LONG,0.9714,1.0,0.0,0.0,1.585,264.7,0.5,1.321,0.5,0.3786,False,DOWN,False,1.057,0.667,True,True,True,False,False,False,1,,0.0,0.0,0.0,4B_TRAP,False,False,0.618,,0.162,-1.294,-1.456,0.379,-1.849
2026-08-24T15:40:00,NATURALGAS,2026-08-24,HOLDOUT,CHOP,TRENDING,SHORT,0.9221,1.0,0.0,0.0,1.296,264.6,0.2,0.519,0.2,0.3857,True,DOWN,True,1.037,0.8,True,False,False,False,True,True,1,2,0.6,0.778,1.5,4B_TRAP,False,True,0.515,6.89,0.388,-1.165,-1.359,0.386,-1.556
2026-08-24T15:50:00,NATURALGAS,2026-08-24,HOLDOUT,CHOP,FAILED_BREAKDOWN,LONG,0.9241,1.0,0.0,0.0,1.207,264.6,0.3,0.724,0.3,0.4143,False,DOWN,False,0.724,0.6,True,True,True,False,False,False,1,,0.0,0.0,0.0,4A_CONT,False,False,0.515,0.19,3.301,-0.583,2.806,0.414,2.759
2026-08-24T16:10:00,NATURALGAS,2026-08-24,HOLDOUT,CHOP,TRENDING,LONG,1.0,1.0,0.0,0.0,1.75,265.3,0.1,0.25,0.1,0.4,True,UP,True,0.75,0.429,False,False,False,False,False,False,2,1,0.0,0.0,0.0,4A_CONT,False,False,0.721,,4.577,-0.416,2.861,0.4,2.75
2026-08-24T16:50:00,NATURALGAS,2026-08-24,HOLDOUT,CHOP,TRENDING,LONG,0.9231,0.8,0.2,0.0,1.0,266.6,0.6,1.5,0.6,0.4,True,UP,True,3.0,2.4,True,True,True,False,False,False,1,,0.0,0.0,0.0,4A_CONT,True,False,0.415,,3.614,0.0,2.759,0.4,2.75
2026-08-24T16:55:00,NATURALGAS,2026-08-24,HOLDOUT,CHOP,TRENDING,LONG,1.0,1.0,0.0,0.0,2.507,267.3,1.4,2.925,1.4,0.4786,False,DOWN,False,1.463,0.583,True,True,True,False,False,False,1,,0.0,0.0,0.0,4B_TRAP,False,False,1.236,,2.023,-1.375,-1.456,0.479,-1.463
2026-08-24T17:10:00,NATURALGAS,2026-08-24,HOLDOUT,CHOP,TRENDING,LONG,0.9895,1.0,0.0,0.0,1.455,268.8,0.5,0.909,0.5,0.55,True,UP,True,1.091,0.75,True,True,True,False,False,False,1,,0.0,0.0,0.0,4B_TRAP,True,False,0.824,,2.306,-1.335,-1.456,0.55,-1.455
2026-08-24T17:15:00,NATURALGAS,2026-08-24,HOLDOUT,CHOP,TRENDING,LONG,0.9583,1.0,0.0,0.0,1.037,269.3,0.3,0.519,0.3,0.5786,False,DOWN,False,0.691,0.667,False,False,False,False,False,True,5,1,0.5,0.518,1.0,4B_TRAP,False,True,0.618,,0.162,-1.618,-1.78,0.579,-1.901
2026-08-24T17:30:00,NATURALGAS,2026-08-24,HOLDOUT,CHOP,TRENDING,SHORT,0.9798,0.375,0.125,0.5,0.506,269.2,0.2,0.337,0.2,0.5929,False,UP,False,0.506,0.375,False,False,False,False,True,True,,1,0.75,1.012,3.0,4B_TRAP,False,True,0.424,2.83,0.0,-1.179,-1.415,0.593,-1.518
2026-08-24T17:40:00,NATURALGAS,2026-08-24,HOLDOUT,CHOP,TRENDING,LONG,0.9703,0.7143,0.0,0.2857,0.795,269.7,0.1,0.159,0.1,0.6286,False,DOWN,False,0.636,0.571,True,False,False,False,True,True,1,2,0.143,0.159,1.0,4B_TRAP,False,True,0.721,,1.942,-1.248,-1.387,0.629,-1.591
2026-08-24T18:05:00,NATURALGAS,2026-08-24,HOLDOUT,CHOP,TRENDING,SHORT,0.9434,0.8333,0.0,0.1667,0.854,269.8,0.3,0.512,0.3,0.5857,False,UP,False,0.683,0.667,False,False,False,True,True,True,,1,0.667,0.683,1.333,4B_TRAP,False,True,0.518,0.58,0.386,-1.351,-1.544,0.586,-1.366
2026-08-24T18:15:00,NATURALGAS,2026-08-24,HOLDOUT,CHOP,TRENDING,LONG,0.9907,0.7778,0.0,0.2222,1.167,270.2,0.0,0.0,0.0,0.6,True,UP,True,0.333,0.222,False,False,False,False,False,False,2,1,0.0,0.0,0.0,4B_TRAP,False,False,0.927,,1.079,-1.402,-1.51,0.6,-1.167
2026-08-24T18:40:00,NATURALGAS,2026-08-24,HOLDOUT,CHOP,TRENDING,SHORT,0.9912,1.0,0.0,0.0,1.615,270.7,0.5,0.897,0.5,0.5571,False,UP,False,1.616,1.0,True,True,True,False,False,False,1,,0.0,0.0,0.0,4A_CONT,False,False,0.927,0.97,3.452,-0.324,2.892,0.557,2.821
2026-08-24T18:45:00,NATURALGAS,2026-08-24,HOLDOUT,CHOP,TRENDING,LONG,0.9825,0.5556,0.1111,0.3333,0.854,264.85,5.55,9.476,5.55,0.5857,False,DOWN,False,1.024,0.667,True,True,True,False,False,False,1,,0.0,0.0,0.0,4B_TRAP,False,False,0.827,0.97,0.0,-1.209,-1.33,0.586,-1.366
2026-08-24T19:15:00,NATURALGAS,2026-08-24,HOLDOUT,CHOP,TRENDING,SHORT,0.95,0.7143,0.2857,0.0,0.833,268.8,0.2,0.333,0.2,0.6,True,DOWN,True,0.667,0.571,True,False,False,False,False,True,1,2,0.571,0.667,2.0,4B_TRAP,True,True,0.721,11.08,0.0,-1.11,-1.248,0.6,-1.5
2026-08-24T19:45:00,NATURALGAS,2026-08-24,HOLDOUT,CHOP,TRENDING,SHORT,0.9206,1.0,0.0,0.0,1.05,268.5,0.0,0.0,0.0,0.5714,False,UP,False,0.7,0.667,False,False,False,True,True,True,2,1,0.167,0.175,100000000.0,4A_CONT,False,False,0.618,12.77,3.236,-0.324,2.838,0.571,2.825
2026-08-24T20:10:00,NATURALGAS,2026-08-24,HOLDOUT,CHOP,TRENDING,SHORT,0.9542,0.8571,0.0,0.1429,1.091,268.2,0.5,0.909,0.5,0.55,False,UP,False,0.545,0.429,True,True,True,False,False,False,1,,0.0,0.0,0.0,4A_CONT,False,False,0.621,0.32,3.06,-0.966,2.839,0.55,-1.273
2026-08-24T20:35:00,NATURALGAS,2026-08-24,HOLDOUT,CHOP,TRENDING,SHORT,0.9706,1.0,0.0,0.0,1.418,267.6,0.6,1.063,0.6,0.5643,False,UP,False,0.709,0.5,True,False,False,False,False,False,1,2,0.0,0.0,0.0,4A_CONT,False,False,0.824,7.75,2.549,-0.728,0.728,0.564,-1.241
2026-08-24T20:55:00,NATURALGAS,2026-08-24,HOLDOUT,CHOP,TRENDING,SHORT,0.9137,1.0,0.0,0.0,1.077,267.4,0.5,0.897,0.5,0.5571,False,UP,False,0.718,0.667,True,True,True,False,False,False,1,,0.0,0.0,0.0,4A_CONT,False,False,0.618,0.16,3.074,-0.485,2.838,0.557,2.821
2026-08-24T21:15:00,NATURALGAS,2026-08-24,HOLDOUT,CHOP,FAILED_BREAKOUT,SHORT,0.972,1.0,0.0,0.0,1.623,266.5,0.7,1.42,0.7,0.4929,False,UP,False,0.812,0.5,True,True,True,False,False,False,1,,0.0,0.0,0.0,4B_TRAP,False,False,0.824,6.3,1.092,-2.063,-2.184,0.493,-1.42
2026-08-24T21:40:00,NATURALGAS,2026-08-24,HOLDOUT,CHOP,FAILED_BREAKOUT,SHORT,0.9122,1.0,0.0,0.0,1.254,265.5,0.5,1.045,0.5,0.4786,False,UP,False,2.716,2.167,False,False,False,True,True,True,,1,1.667,2.089,2.0,4B_TRAP,False,True,0.618,7.1,0.162,-1.942,-2.104,0.479,-2.716
2026-08-24T21:45:00,NATURALGAS,2026-08-24,HOLDOUT,CHOP,FAILED_BREAKOUT,LONG,1.0,1.0,0.0,0.0,2.427,266.2,0.0,0.0,0.0,0.5357,True,UP,True,0.747,0.308,False,False,False,False,False,False,2,1,0.0,0.0,0.0,4X_AMBIG,False,False,1.339,0.99,0.971,-0.971,0.149,0.536,-1.307
2026-08-24T21:55:00,NATURALGAS,2026-08-24,HOLDOUT,CHOP,FAILED_BREAKOUT,LONG,0.9073,1.0,0.0,0.0,1.167,266.4,0.1,0.194,0.1,0.5143,True,UP,True,1.361,1.167,True,True,False,False,False,False,1,3,0.0,0.0,0.0,4B_TRAP,True,False,0.618,1.29,1.618,-1.294,-1.456,0.514,-1.75
2026-08-24T22:00:00,NATURALGAS,2026-08-24,HOLDOUT,CHOP,FAILED_BREAKOUT,LONG,0.9408,0.7143,0.2857,0.0,0.897,267.3,0.0,0.0,0.0,0.5571,False,DOWN,False,1.795,1.429,False,False,False,True,True,True,,1,1.571,1.975,1100000000.0,4B_TRAP,False,True,0.521,7.49,0.0,-1.919,-2.111,0.557,-1.974
2026-08-24T22:05:00,NATURALGAS,2026-08-24,HOLDOUT,CHOP,FAILED_BREAKOUT,SHORT,0.9869,0.3,0.1,0.6,0.519,266.8,-0.1,-0.173,0.1,0.5786,True,DOWN,True,0.864,0.5,False,False,False,False,False,False,1,,0.0,0.0,0.0,4A_CONT,False,False,0.43,2.33,3.023,0.0,2.767,0.579,2.827
2026-08-24T22:45:00,NATURALGAS,2026-08-24,HOLDOUT,CHOP,FAILED_BREAKOUT,SHORT,0.9938,1.0,0.0,0.0,2.045,265.6,0.5,0.787,0.5,0.6357,False,UP,False,0.472,0.231,True,False,False,False,True,True,1,2,0.538,1.101,1.4,4B_TRAP,False,True,1.339,3.35,0.149,-1.195,-1.27,0.636,-1.416
2026-08-25T10:40:00,NATURALGAS,2026-08-25,HOLDOUT,CHOP,TRENDING,SHORT,0.9,0.75,0.0,0.25,0.933,262.2,0.1,0.311,0.1,0.3214,True,DOWN,True,0.933,0.75,True,False,False,False,False,True,1,2,0.25,0.311,1.0,4B_TRAP,True,True,0.312,,0.321,-1.282,-1.603,0.321,-1.556
2026-08-25T11:20:00,NATURALGAS,2026-08-25,HOLDOUT,CHOP,TRENDING,SHORT,1.0,0.8333,0.1667,0.0,2.0,262.0,0.5,2.0,0.5,0.25,False,UP,False,0.8,0.333,True,True,True,False,False,False,1,,0.0,0.0,0.0,4B_TRAP,False,False,0.618,,0.971,-1.78,-1.942,0.25,-2.0
2026-08-25T11:30:00,NATURALGAS,2026-08-25,HOLDOUT,CHOP,TRENDING,SHORT,0.931,0.6,0.0,0.4,1.077,261.4,0.1,0.359,0.1,0.2786,False,UP,False,0.718,0.4,True,True,False,False,False,True,1,3,1.0,1.795,5.0,4B_TRAP,False,True,0.315,,1.27,-1.905,-2.222,0.279,-2.513
2026-08-25T11:45:00,NATURALGAS,2026-08-25,HOLDOUT,CHOP,TRENDING,LONG,1.0,1.0,0.0,0.0,2.979,261.6,0.3,0.894,0.3,0.3357,True,UP,True,0.298,0.1,True,False,False,False,True,True,1,2,0.2,0.596,0.667,4B_TRAP,False,True,1.03,1.56,2.427,-1.456,-1.553,0.336,-2.085
2026-08-25T11:55:00,NATURALGAS,2026-08-25,HOLDOUT,CHOP,TRENDING,SHORT,0.9706,0.8571,0.0,0.1429,1.75,261.9,0.5,1.458,0.5,0.3429,False,UP,False,1.167,0.571,True,False,False,False,True,True,1,2,1.0,2.041,1.4,4B_TRAP,False,True,0.621,0.81,0.161,-1.932,-2.093,0.343,-3.792
2026-08-25T12:05:00,NATURALGAS,2026-08-25,HOLDOUT,CHOP,TRENDING,LONG,1.0,1.0,0.0,0.0,2.702,262.0,0.6,1.474,0.6,0.4071,True,UP,True,0.983,0.364,True,True,True,False,False,False,1,4,0.0,0.0,0.0,4B_TRAP,True,False,1.133,0.24,0.971,-1.059,-1.147,0.407,-2.211
2026-08-25T12:25:00,NATURALGAS,2026-08-25,HOLDOUT,CHOP,TRENDING,SHORT,0.95,0.7143,0.0,0.2857,1.061,262.5,0.5,1.061,0.5,0.4714,False,UP,False,0.636,0.429,True,False,False,False,False,False,1,2,0.0,0.0,0.0,4B_TRAP,False,False,0.521,1.59,0.0,-1.152,-1.344,0.471,-1.485
2026-08-25T13:20:00,NATURALGAS,2026-08-25,HOLDOUT,CHOP,FAILED_BREAKOUT,LONG,0.9608,1.0,0.0,0.0,2.333,262.87,0.83,2.152,0.83,0.3857,False,DOWN,False,1.037,0.444,True,False,False,False,True,True,1,2,0.3,0.7,0.325,4B_TRAP,False,True,0.927,0.97,0.0,-1.187,-1.294,0.386,-1.556
2026-08-25T13:40:00,NATURALGAS,2026-08-25,HOLDOUT,CHOP,TRENDING,LONG,0.9636,1.0,0.0,0.0,2.136,262.87,0.43,1.02,0.43,0.4214,False,DOWN,False,0.237,0.111,True,False,False,False,True,True,1,2,0.633,1.353,1.326,4B_TRAP,False,True,0.927,0.43,0.0,-1.079,-1.187,0.421,-2.61
2026-08-25T13:50:00,NATURALGAS,2026-08-25,HOLDOUT,CHOP,FAILED_BREAKOUT,SHORT,0.9825,0.9,0.1,0.0,2.0,262.4,0.1,0.222,0.1,0.45,False,UP,False,0.444,0.2,True,False,False,False,False,True,1,2,0.5,1.111,5.0,4B_TRAP,False,True,1.03,0.43,1.068,-1.068,-1.165,0.45,-1.556
2026-08-25T14:05:00,NATURALGAS,2026-08-25,HOLDOUT,CHOP,TRENDING,LONG,0.9167,0.875,0.0,0.125,1.441,262.4,0.5,1.029,0.5,0.4857,True,UP,True,0.824,0.5,True,True,False,False,False,True,1,3,0.375,0.618,0.6,4B_TRAP,True,True,0.824,0.42,0.364,-1.092,-1.214,0.486,-1.853
2026-08-25T14:35:00,NATURALGAS,2026-08-25,HOLDOUT,CHOP,FAILED_BREAKOUT,SHORT,0.9848,1.0,0.0,0.0,1.972,262.02,0.02,0.039,0.02,0.5071,False,UP,False,0.592,0.3,False,False,False,True,True,True,2,1,0.08,0.158,4.0,4B_TRAP,False,True,1.03,1.07,0.777,-1.359,-1.456,0.507,-1.972
2026-08-25T15:15:00,NATURALGAS,2026-08-25,HOLDOUT,CHOP,TRENDING,LONG,0.9054,1.0,0.0,0.0,1.508,261.9,0.3,0.646,0.3,0.4643,True,UP,True,0.646,0.429,True,False,False,False,True,True,1,2,0.571,0.862,1.333,4A_CONT,False,False,0.721,1.14,3.051,-0.971,2.861,0.464,-1.723
2026-08-25T15:25:00,NATURALGAS,2026-08-25,HOLDOUT,CHOP,TRENDING,SHORT,0.9868,1.0,0.0,0.0,1.972,261.63,0.13,0.256,0.13,0.5071,False,UP,False,1.578,0.8,False,False,False,True,True,True,,1,0.97,1.913,7.462,4B_TRAP,False,True,1.03,0.29,0.0,-1.359,-1.456,0.507,-1.972
2026-08-25T15:30:00,NATURALGAS,2026-08-25,HOLDOUT,CHOP,TRENDING,LONG,0.9091,1.0,0.0,0.0,1.514,261.9,0.5,0.946,0.5,0.5286,True,UP,True,0.378,0.25,True,True,True,False,False,False,1,,0.0,0.0,0.0,4B_TRAP,True,False,0.824,0.57,2.427,-1.82,-1.942,0.529,-1.324
2026-08-25T16:35:00,NATURALGAS,2026-08-25,HOLDOUT,CHOP,FAILED_BREAKOUT,SHORT,0.9,0.4286,0.0,0.5714,0.609,262.8,0.1,0.203,0.1,0.4929,False,UP,False,0.406,0.286,True,False,False,False,True,True,1,2,0.429,0.609,3.0,4B_TRAP,False,True,0.321,3.33,0.623,-1.558,-1.869,0.493,-1.217
2026-08-25T17:05:00,NATURALGAS,2026-08-25,HOLDOUT,CHOP,FAILED_BREAKOUT,LONG,0.9375,0.8889,0.1111,0.0,1.455,263.4,0.2,0.364,0.2,0.55,True,UP,True,0.364,0.222,False,False,False,True,True,True,2,1,0.222,0.364,1.0,4B_TRAP,False,True,0.827,1.21,0.967,-2.177,-2.297,0.55,-1.273
2026-08-25T17:25:00,NATURALGAS,2026-08-25,HOLDOUT,CHOP,FAILED_BREAKDOWN,SHORT,0.99,0.9091,0.0909,0.0,1.429,262.02,0.22,0.314,0.22,0.7,False,UP,False,1.429,0.909,True,True,True,False,False,False,1,,0.0,0.0,0.0,4A_CONT,False,False,1.133,0.79,3.089,-0.971,2.912,0.7,-1.714
2026-08-25T17:35:00,NATURALGAS,2026-08-25,HOLDOUT,CHOP,TRENDING,SHORT,1.0,0.8667,0.0,0.1333,1.67,262.02,0.42,0.539,0.42,0.7786,False,UP,False,0.385,0.2,True,True,True,False,False,False,1,,0.0,0.0,0.0,4B_TRAP,False,False,1.345,0.52,2.454,-1.264,-1.338,0.779,2.872
2026-08-25T17:45:00,NATURALGAS,2026-08-25,HOLDOUT,CHOP,TRENDING,SHORT,0.9712,0.9,0.0,0.1,1.145,260.9,0.4,0.509,0.4,0.7857,False,UP,False,0.891,0.7,False,False,False,True,True,True,2,1,0.1,0.127,0.25,4B_TRAP,False,True,0.93,,0.215,-1.29,-1.398,0.786,-1.655
2026-08-25T17:55:00,NATURALGAS,2026-08-25,HOLDOUT,CHOP,TRENDING,SHORT,0.9057,0.1111,0.8889,0.0,0.119,260.9,0.1,0.119,0.1,0.8429,True,DOWN,True,2.373,2.222,True,True,True,False,False,False,1,,0.0,0.0,0.0,4B_TRAP,False,False,0.927,0.54,2.697,-1.187,-1.294,0.843,-1.424
2026-08-25T18:00:00,NATURALGAS,2026-08-25,HOLDOUT,CHOP,TRENDING,SHORT,1.0,1.0,0.0,0.0,2.105,260.3,1.6,1.684,1.6,0.95,False,UP,False,0.526,0.25,True,True,True,False,False,False,1,,0.0,0.0,0.0,4B_TRAP,False,False,2.06,,0.194,-1.117,-1.165,0.95,-1.684
2026-08-25T18:10:00,NATURALGAS,2026-08-25,HOLDOUT,CHOP,TRENDING,LONG,0.9083,0.6667,0.3333,0.0,0.618,259.3,0.0,0.0,0.0,0.9714,False,DOWN,False,0.824,0.889,False,False,False,True,True,True,5,1,1.111,1.029,1000000000.0,4B_TRAP,False,True,0.627,3.83,0.0,-1.595,-1.754,0.971,-1.132
2026-08-25T18:35:00,NATURALGAS,2026-08-25,HOLDOUT,CHOP,TRENDING,LONG,0.9825,1.0,0.0,0.0,1.323,259.6,0.6,0.661,0.6,0.9071,True,UP,True,0.551,0.417,True,False,False,False,True,True,1,2,0.167,0.22,0.333,4B_TRAP,False,True,1.236,2.55,0.243,-1.133,-1.214,0.907,-1.213
2026-08-25T18:55:00,NATURALGAS,2026-08-25,HOLDOUT,CHOP,TRENDING,SHORT,0.9576,1.0,0.0,0.0,1.138,259.6,0.1,0.114,0.1,0.8786,True,DOWN,True,0.455,0.4,True,True,True,False,False,False,1,,0.0,0.0,0.0,4B_TRAP,True,False,1.03,0.29,0.777,-1.456,-1.553,0.879,-1.821
2026-08-25T22:15:00,NATURALGAS,2026-08-25,HOLDOUT,CHOP,FAILED_BREAKDOWN,SHORT,0.9241,1.0,0.0,0.0,1.615,265.4,0.5,0.897,0.5,0.5571,True,DOWN,True,1.257,0.778,True,True,True,False,False,False,1,4,0.0,0.0,0.0,4X_AMBIG,True,False,0.927,2.27,0.647,-0.755,-0.324,0.557,-1.436
2026-08-26T10:05:00,NATURALGAS,2026-08-26,HOLDOUT,TREND_UP,OPENING_DRIVE,LONG,0.9231,1.0,0.0,0.0,1.143,268.9,0.2,0.571,0.2,0.35,True,UP,True,0.571,0.5,True,True,False,False,False,True,1,3,1.75,2.0,3.5,4B_TRAP,True,True,0.412,0.73,0.0,-2.427,-2.67,0.35,-3.143
2026-08-26T10:20:00,NATURALGAS,2026-08-26,HOLDOUT,TREND_UP,OPENING_DRIVE,SHORT,1.0,0.875,0.0,0.125,1.885,268.6,0.4,1.077,0.4,0.3714,False,UP,False,0.269,0.125,True,True,True,False,False,False,1,,0.0,0.0,0.0,4B_TRAP,False,False,0.724,,1.519,-1.105,-1.243,0.371,-1.615
2026-08-26T11:10:00,NATURALGAS,2026-08-26,HOLDOUT,TREND_UP,FAILED_BREAKOUT,SHORT,0.9615,0.3333,0.6667,0.0,0.609,268.38,0.08,0.243,0.08,0.3286,False,UP,False,0.609,0.333,True,True,True,False,False,False,1,,0.0,0.0,0.0,4B_TRAP,False,False,0.418,1.2,2.871,-1.196,-1.435,0.329,2.696
2026-08-26T11:20:00,NATURALGAS,2026-08-26,HOLDOUT,TREND_UP,FAILED_BREAKOUT,SHORT,0.9286,0.0,0.6,0.4,0.0,268.28,-0.02,-0.06,0.02,0.3357,True,DOWN,True,1.192,0.8,False,False,False,False,False,False,1,,0.0,0.0,0.0,4A_CONT,False,False,0.315,0.06,3.175,-0.635,2.683,0.336,2.702
2026-08-26T12:00:00,NATURALGAS,2026-08-26,HOLDOUT,TREND_UP,TRENDING,LONG,0.9444,1.0,0.0,0.0,1.373,268.0,0.1,0.275,0.1,0.3643,True,UP,True,1.098,0.8,True,True,True,False,False,False,1,5,0.0,0.0,0.0,4B_TRAP,True,False,0.515,1.59,0.971,-1.359,-1.553,0.364,-1.373
2026-08-26T13:35:00,NATURALGAS,2026-08-26,HOLDOUT,TREND_UP,TRENDING,LONG,0.9811,0.5714,0.4286,0.0,1.6,267.6,0.2,0.8,0.2,0.25,True,UP,True,0.8,0.286,True,True,True,False,False,False,1,,0.0,0.0,0.0,4A_CONT,True,False,0.421,2.16,3.088,-0.475,2.762,0.25,2.6
2026-08-26T13:50:00,NATURALGAS,2026-08-26,HOLDOUT,TREND_UP,FAILED_BREAKOUT,LONG,0.9636,1.0,0.0,0.0,2.471,268.1,0.6,2.471,0.6,0.2429,False,DOWN,False,2.47,1.0,True,True,False,False,False,True,1,3,0.5,1.235,0.5,4B_TRAP,False,True,0.618,0.02,0.162,-1.618,-1.78,0.243,-2.471
2026-08-26T14:05:00,NATURALGAS,2026-08-26,HOLDOUT,TREND_UP,FAILED_BREAKOUT,SHORT,0.9123,0.8,0.0,0.2,1.474,268.2,0.4,1.474,0.4,0.2714,True,DOWN,True,0.368,0.2,True,True,True,False,False,False,1,5,0.0,0.0,0.0,4B_TRAP,True,False,0.415,0.94,0.482,-2.169,-2.41,0.271,-1.842
2026-08-26T14:25:00,NATURALGAS,2026-08-26,HOLDOUT,TREND_UP,FAILED_BREAKOUT,LONG,0.918,0.8,0.2,0.0,1.366,268.2,-0.1,-0.341,0.1,0.2929,True,UP,True,1.366,0.8,False,False,False,False,False,False,1,,0.0,0.0,0.0,4A_CONT,False,False,0.415,0.24,3.373,0.0,2.759,0.293,2.659
2026-08-26T16:30:00,NATURALGAS,2026-08-26,HOLDOUT,TREND_UP,FAILED_BREAKDOWN,LONG,1.0,1.0,0.0,0.0,2.732,270.1,0.8,2.732,0.8,0.2929,True,UP,True,1.024,0.375,True,True,True,False,False,False,1,,0.0,0.0,0.0,4B_TRAP,True,False,0.824,,2.791,-1.456,-1.578,0.293,2.659
2026-08-26T16:45:00,NATURALGAS,2026-08-26,HOLDOUT,TREND_UP,TRENDING,LONG,0.9326,0.8,0.0,0.2,1.12,271.4,0.5,1.4,0.5,0.3571,False,DOWN,False,1.4,1.0,True,True,True,False,False,False,1,,0.0,0.0,0.0,4B_TRAP,False,False,0.515,,2.524,-1.165,-1.359,0.357,-1.4
2026-08-26T16:55:00,NATURALGAS,2026-08-26,HOLDOUT,TREND_UP,TRENDING,LONG,0.9341,1.0,0.0,0.0,1.296,272.0,0.1,0.259,0.1,0.3857,True,UP,True,0.778,0.6,True,True,True,False,False,False,1,4,0.0,0.0,0.0,4B_TRAP,True,False,0.515,,2.136,-1.553,-1.748,0.386,-2.333
2026-08-26T17:10:00,NATURALGAS,2026-08-26,HOLDOUT,TREND_UP,TRENDING,LONG,0.9362,0.8,0.0,0.2,0.949,272.5,0.7,1.661,0.7,0.4214,False,DOWN,False,4.034,3.4,False,False,False,True,True,True,,1,2.4,2.848,1.714,4B_TRAP,False,True,0.515,,0.0,-3.689,-3.883,0.421,-4.746
2026-08-26T17:15:00,NATURALGAS,2026-08-26,HOLDOUT,TREND_UP,TRENDING,SHORT,1.0,1.0,0.0,0.0,3.216,272.7,1.4,2.649,1.4,0.5286,True,DOWN,True,0.757,0.235,True,True,True,False,False,False,1,,0.0,0.0,0.0,4B_TRAP,True,False,1.751,0.8,1.028,-1.199,-1.256,0.529,-1.324
2026-08-26T17:35:00,NATURALGAS,2026-08-26,HOLDOUT,TREND_UP,FAILED_BREAKDOWN,LONG,0.9899,0.2222,0.0,0.7778,0.311,269.07,2.13,3.313,2.13,0.6429,True,UP,True,0.933,0.667,True,True,True,False,False,False,1,,0.0,0.0,0.0,4B_TRAP,False,False,0.727,2.75,0.963,-2.063,-2.201,0.643,-1.244
2026-08-26T17:40:00,NATURALGAS,2026-08-26,HOLDOUT,TREND_UP,FAILED_BREAKOUT,LONG,0.94,1.0,0.0,0.0,0.966,271.6,0.3,0.483,0.3,0.6214,False,DOWN,False,0.483,0.5,False,False,False,False,True,True,,1,1.0,0.966,2.0,4B_TRAP,False,True,0.618,2.1,0.0,-1.78,-1.942,0.621,-1.931
2026-08-26T17:50:00,NATURALGAS,2026-08-26,HOLDOUT,TREND_UP,FAILED_BREAKDOWN,SHORT,0.9412,0.6667,0.0,0.3333,0.622,271.6,0.6,0.933,0.6,0.6429,False,UP,False,0.311,0.333,True,True,True,False,False,False,1,,0.0,0.0,0.0,4A_CONT,False,False,0.418,1.2,3.11,-0.957,2.761,0.643,-1.556
2026-08-26T18:00:00,NATURALGAS,2026-08-26,HOLDOUT,TREND_UP,FAILED_BREAKOUT,LONG,0.9423,0.5,0.0,0.5,0.483,271.1,0.3,0.483,0.3,0.6214,False,DOWN,False,0.483,0.5,False,False,False,True,True,True,,1,2.667,2.575,5.333,4B_TRAP,False,True,0.618,0.81,0.0,-1.456,-1.618,0.621,-1.609
2026-08-26T18:10:00,NATURALGAS,2026-08-26,HOLDOUT,TREND_UP,FAILED_BREAKOUT,SHORT,0.9811,1.0,0.0,0.0,1.155,270.5,0.8,1.155,0.8,0.6929,True,DOWN,True,1.01,0.875,True,True,False,False,False,True,1,3,0.375,0.433,0.375,4B_TRAP,True,True,0.824,2.62,0.243,-1.335,-1.456,0.693,-1.155
2026-08-26T18:15:00,NATURALGAS,2026-08-26,HOLDOUT,TREND_UP,FAILED_BREAKOUT,SHORT,0.9439,0.4286,0.5714,0.0,0.416,269.7,0.2,0.277,0.2,0.7214,False,UP,False,0.693,0.714,False,False,False,True,True,True,,1,2.286,2.218,8.0,4B_TRAP,False,True,0.721,2.88,0.0,-1.248,-1.387,0.721,-1.386
2026-08-26T18:30:00,NATURALGAS,2026-08-26,HOLDOUT,TREND_UP,FAILED_BREAKOUT,LONG,0.9455,0.7143,0.0,0.2857,0.778,270.8,0.5,0.778,0.5,0.6429,False,DOWN,False,1.089,1.0,True,False,False,False,False,False,1,2,0.0,0.0,0.0,4B_TRAP,False,False,0.721,0.14,0.832,-1.248,-1.387,0.643,-1.556
2026-08-26T18:40:00,NATURALGAS,2026-08-26,HOLDOUT,TREND_UP,FAILED_BREAKOUT,SHORT,0.9107,0.8333,0.1667,0.0,0.737,271.2,0.4,0.589,0.4,0.6786,False,UP,False,0.884,1.0,False,False,False,True,True,True,2,1,0.167,0.147,0.25,4B_TRAP,False,True,0.618,0.32,0.0,-1.294,-1.456,0.679,-1.326
2026-08-26T18:45:00,NATURALGAS,2026-08-26,HOLDOUT,TREND_UP,FAILED_BREAKOUT,LONG,0.9204,0.5,0.5,0.0,0.457,271.4,-0.1,-0.152,0.1,0.6571,False,DOWN,False,0.913,1.0,False,False,False,True,True,True,5,1,1.167,1.065,7.0,4B_TRAP,False,True,0.318,1.89,0.943,-1.887,-2.201,0.657,-1.522
2026-08-26T18:50:00,NATURALGAS,2026-08-26,HOLDOUT,TREND_UP,FAILED_BREAKOUT,SHORT,0.9211,1.0,0.0,0.0,0.923,271.0,0.0,0.0,0.0,0.65,True,DOWN,True,0.462,0.5,False,False,False,False,False,False,1,4,0.0,0.0,0.0,4B_TRAP,False,False,0.618,0.32,0.971,-1.294,-1.456,0.65,-1.385
2026-08-26T19:10:00,NATURALGAS,2026-08-26,HOLDOUT,TREND_UP,FAILED_BREAKOUT,LONG,0.9915,0.7778,0.0,0.2222,1.054,271.6,0.2,0.301,0.2,0.6643,True,UP,True,0.602,0.444,True,True,False,False,False,True,1,3,0.889,1.204,4.0,4B_TRAP,True,True,0.927,1.51,0.216,-1.079,-1.187,0.664,-1.656
2026-08-26T19:25:00,NATURALGAS,2026-08-26,HOLDOUT,TREND_UP,FAILED_BREAKDOWN,SHORT,0.9421,1.0,0.0,0.0,1.14,271.5,0.7,1.14,0.7,0.6143,True,DOWN,True,0.488,0.429,True,False,False,False,False,True,1,2,0.286,0.326,0.286,4B_TRAP,True,True,0.721,0.55,0.277,-1.387,-1.526,0.614,-1.302
2026-08-26T19:35:00,NATURALGAS,2026-08-26,HOLDOUT,TREND_UP,FAILED_BREAKOUT,LONG,0.9837,0.7778,0.0,0.2222,1.153,271.0,0.5,0.824,0.5,0.6071,True,UP,True,0.329,0.222,True,True,True,False,False,False,1,,0.0,0.0,0.0,4A_CONT,True,False,0.927,0.54,3.344,0.0,2.892,0.607,2.835
2026-08-26T19:45:00,NATURALGAS,2026-08-26,HOLDOUT,TREND_UP,FAILED_BREAKDOWN,LONG,0.968,0.875,0.125,0.0,1.181,272.0,0.5,0.843,0.5,0.5929,True,UP,True,1.518,1.125,True,True,True,False,False,False,1,,0.0,0.0,0.0,4A_CONT,True,False,0.724,0.97,3.315,0.0,2.862,0.593,2.831
2026-08-26T19:50:00,NATURALGAS,2026-08-26,HOLDOUT,TREND_UP,TRENDING,LONG,0.9841,1.0,0.0,0.0,1.465,273.2,0.2,0.326,0.2,0.6143,True,UP,True,0.977,0.667,True,True,True,False,False,False,1,,0.0,0.0,0.0,4A_CONT,True,False,0.927,,3.883,-0.324,2.892,0.614,2.837
2026-08-26T20:05:00,NATURALGAS,2026-08-26,HOLDOUT,TREND_UP,TRENDING,SHORT,0.9302,0.8571,0.1429,0.0,0.944,274.0,0.1,0.157,0.1,0.6357,False,UP,False,1.101,1.0,False,False,False,False,False,False,2,1,0.0,0.0,0.0,4B_TRAP,False,False,0.721,4.58,1.11,-1.387,-1.526,0.636,-1.73
2026-08-26T20:10:00,NATURALGAS,2026-08-26,HOLDOUT,TREND_UP,TRENDING,LONG,0.9154,0.5714,0.2857,0.1429,0.615,270.29,3.71,5.708,3.71,0.65,False,DOWN,False,1.231,1.143,True,True,True,False,False,False,1,,0.0,0.0,0.0,4B_TRAP,False,False,0.521,1.15,0.768,-1.727,-1.919,0.65,-1.538
2026-08-26T20:45:00,NATURALGAS,2026-08-26,HOLDOUT,TREND_UP,TRENDING,LONG,0.9927,0.9091,0.0909,0.0,1.505,274.6,0.2,0.301,0.2,0.6643,False,DOWN,False,1.355,0.818,False,False,False,True,True,True,,1,0.545,0.903,3.0,4B_TRAP,False,True,1.033,,0.097,-1.258,-1.355,0.664,-1.355
2026-08-26T20:55:00,NATURALGAS,2026-08-26,HOLDOUT,TREND_UP,TRENDING,LONG,0.9784,0.0,0.3333,0.6667,0.0,270.77,3.33,4.709,3.33,0.7071,False,DOWN,False,0.99,0.778,True,True,True,False,False,False,1,,0.0,0.0,0.0,4B_TRAP,False,False,0.627,1.28,0.319,-1.276,-1.435,0.707,-1.273
2026-08-26T22:00:00,NATURALGAS,2026-08-26,HOLDOUT,TREND_UP,TRENDING,LONG,0.9934,1.0,0.0,0.0,1.949,273.7,0.7,1.241,0.7,0.5643,False,DOWN,False,0.709,0.364,True,True,True,False,False,False,1,,0.0,0.0,0.0,4A_CONT,False,False,1.133,0.44,3.089,-0.353,2.912,0.564,2.823
2026-08-26T22:30:00,NATURALGAS,2026-08-26,HOLDOUT,TREND_UP,TRENDING,LONG,0.9937,0.9231,0.0769,0.0,2.27,275.0,1.0,1.892,1.0,0.5286,True,UP,True,1.513,0.615,True,True,True,False,False,False,1,,0.0,0.0,0.0,4X_AMBIG,True,False,1.239,,1.937,-0.807,-0.646,0.529,2.811
2026-08-26T22:35:00,NATURALGAS,2026-08-26,HOLDOUT,TREND_UP,TRENDING,LONG,0.9371,0.375,0.5,0.125,0.538,276.1,0.5,0.897,0.5,0.5571,True,UP,True,0.718,0.5,True,False,False,False,True,True,1,2,0.125,0.18,0.2,4B_TRAP,False,True,0.424,,0.708,-1.415,-1.651,0.557,-1.256
2026-08-26T22:50:00,NATURALGAS,2026-08-26,HOLDOUT,TREND_UP,TRENDING,LONG,0.9877,0.7273,0.2727,0.0,1.191,277.0,0.0,0.0,0.0,0.6714,True,UP,True,1.489,0.909,False,False,False,False,False,False,1,,0.0,0.0,0.0,4B_TRAP,False,False,0.833,,1.681,-1.801,-1.921,0.671,-2.383
2026-08-26T22:55:00,NATURALGAS,2026-08-26,HOLDOUT,TREND_UP,TRENDING,LONG,0.9693,0.8,0.1,0.1,1.131,277.3,0.5,0.707,0.5,0.7071,False,DOWN,False,0.424,0.3,True,True,True,False,False,False,1,4,0.0,0.0,0.0,4B_TRAP,False,False,0.93,,0.645,-2.473,-2.581,0.707,-3.394
2026-08-26T23:10:00,NATURALGAS,2026-08-26,HOLDOUT,TREND_UP,TRENDING,LONG,0.9699,0.4,0.0,0.6,0.583,277.9,0.1,0.146,0.1,0.6857,False,DOWN,False,1.021,0.7,False,False,False,True,True,True,,1,2.9,4.229,29.0,4B_TRAP,False,True,0.63,,0.0,-1.429,-1.587,0.686,-1.458
2026-08-26T23:20:00,NATURALGAS,2026-08-26,HOLDOUT,TREND_UP,TRENDING,SHORT,0.994,0.8667,0.0,0.1333,1.556,277.1,1.4,1.675,1.4,0.8357,True,DOWN,True,1.316,0.733,True,True,True,False,False,False,1,,0.0,0.0,0.0,4X_AMBIG,True,False,1.345,6.3,0.52,-0.297,0.372,0.836,0.598
2026-09-02T04:30:00Z,NATURALGAS,2026-09-02,HOLDOUT,CHOP,TRENDING,SHORT,0.9167,0.8,0.0,0.2,0.776,280.3,0.2,0.388,0.2,0.5154,False,UP,False,0.582,0.6,True,False,False,False,True,True,1,2,0.4,0.388,1.0,4B_TRAP,False,True,0.415,3.86,0.482,-1.205,-1.446,0.515,-1.358
2026-09-02T04:40:00Z,NATURALGAS,2026-09-02,HOLDOUT,CHOP,TRENDING,LONG,0.9286,0.6,0.4,0.0,0.875,280.2,0.2,0.583,0.2,0.3429,False,DOWN,False,0.875,0.6,True,True,True,False,False,False,1,,0.0,0.0,0.0,4A_CONT,False,False,0.315,1.9,4.444,-0.635,2.683,0.343,2.708
2026-09-02T05:05:00Z,NATURALGAS,2026-09-02,HOLDOUT,CHOP,TRENDING,LONG,0.9474,0.8,0.0,0.2,1.167,280.7,0.2,0.583,0.2,0.3429,False,DOWN,False,0.583,0.4,True,False,False,False,False,False,1,2,0.0,0.0,0.0,4B_TRAP,False,False,0.515,0.04,0.388,-1.165,-1.359,0.343,-1.458
2026-09-02T05:40:00Z,NATURALGAS,2026-09-02,HOLDOUT,CHOP,TRENDING,SHORT,0.9615,0.8333,0.0,0.1667,1.667,280.9,0.3,1.0,0.3,0.3,False,UP,False,1.0,0.5,True,True,True,False,False,False,1,,0.0,0.0,0.0,4B_TRAP,False,False,0.518,0.39,0.579,-2.317,-2.51,0.3,-1.667
2026-09-02T06:35:00Z,NATURALGAS,2026-09-02,HOLDOUT,CHOP,TRENDING,SHORT,0.9459,0.5,0.1667,0.3333,0.808,280.8,-0.1,-0.269,0.1,0.3714,False,UP,False,1.077,0.667,False,False,False,True,True,True,4,1,0.667,1.077,4.0,4A_CONT,False,False,0.418,0.93,3.11,-0.957,2.761,0.371,-1.346
2026-09-02T06:55:00Z,NATURALGAS,2026-09-02,HOLDOUT,CHOP,TRENDING,SHORT,0.9512,1.0,0.0,0.0,1.5,280.53,0.13,0.325,0.13,0.4,False,UP,False,1.0,0.667,True,True,True,False,False,False,1,,0.0,0.0,0.0,4B_TRAP,False,False,0.618,3.07,1.294,-1.133,-1.294,0.4,-1.25
2026-09-02T07:55:00Z,NATURALGAS,2026-09-02,HOLDOUT,CHOP,TRENDING,SHORT,0.9057,0.8333,0.1667,0.0,1.4,280.3,0.2,0.56,0.2,0.3571,True,DOWN,True,1.12,0.667,True,True,True,False,False,False,1,5,0.0,0.0,0.0,4B_TRAP,True,False,0.618,2.59,0.809,-1.133,-1.294,0.357,-2.24
2026-09-02T08:20:00Z,NATURALGAS,2026-09-02,HOLDOUT,CHOP,TRENDING,LONG,0.9655,1.0,0.0,0.0,1.68,280.4,0.4,1.12,0.4,0.3571,True,UP,True,0.84,0.5,True,True,False,False,False,False,1,3,0.0,0.0,0.0,4B_TRAP,True,False,0.618,0.23,0.647,-1.133,-1.294,0.357,-1.68
2026-09-02T09:40:00Z,NATURALGAS,2026-09-02,HOLDOUT,CHOP,TRENDING,LONG,0.973,0.8333,0.1667,0.0,1.458,280.87,0.13,0.379,0.13,0.3429,False,DOWN,False,1.167,0.667,False,False,False,True,True,True,,1,0.45,0.787,2.077,4B_TRAP,False,True,0.518,1.54,0.386,-1.737,-1.931,0.343,-1.458
2026-09-02T10:10:00Z,NATURALGAS,2026-09-02,HOLDOUT,CHOP,TRENDING,SHORT,0.975,0.0,0.8333,0.1667,0.0,280.5,-0.1,-0.298,0.1,0.3357,False,UP,False,0.894,0.5,False,False,False,True,True,True,2,1,0.333,0.596,2.0,4B_TRAP,False,True,0.518,0.19,1.351,-1.737,-1.931,0.336,-2.979
2026-09-02T10:20:00Z,NATURALGAS,2026-09-02,HOLDOUT,CHOP,TRENDING,SHORT,0.9024,0.8333,0.1667,0.0,1.489,280.32,0.22,0.655,0.22,0.3357,False,UP,False,0.894,0.5,True,False,False,False,True,True,1,2,0.633,1.132,1.727,4B_TRAP,False,True,0.618,2.59,0.324,-1.294,-1.456,0.336,-2.681
2026-09-02T10:30:00Z,NATURALGAS,2026-09-02,HOLDOUT,CHOP,OPENING_DRIVE,LONG,0.9881,0.6,0.2,0.2,1.527,280.87,-0.17,-0.433,0.17,0.3929,False,DOWN,False,0.764,0.3,False,False,False,True,True,True,3,1,0.57,1.451,3.353,4B_TRAP,False,True,0.83,0.2,1.084,-1.928,-2.048,0.393,-1.273
2026-09-02T10:45:00Z,NATURALGAS,2026-09-02,HOLDOUT,CHOP,TRENDING,LONG,0.9885,0.75,0.25,0.0,1.881,280.9,0.3,0.627,0.3,0.4786,False,DOWN,False,0.836,0.333,True,False,False,False,True,True,1,2,0.667,1.672,2.667,4B_TRAP,False,True,0.936,0.64,0.427,-1.068,-1.175,0.479,-2.299
2026-09-02T10:55:00Z,NATURALGAS,2026-09-02,HOLDOUT,CHOP,TRENDING,SHORT,0.9888,0.6154,0.2308,0.1538,1.514,280.3,-0.1,-0.189,0.1,0.5286,True,DOWN,True,0.946,0.385,False,False,False,False,False,False,1,,0.0,0.0,0.0,4B_TRAP,False,False,1.139,0.07,2.809,-1.141,-1.229,0.529,2.811
2026-09-02T11:10:00Z,NATURALGAS,2026-09-02,HOLDOUT,CHOP,OPENING_DRIVE,SHORT,0.9891,0.6667,0.2667,0.0667,1.556,280.1,0.9,1.4,0.9,0.6429,False,UP,False,1.244,0.533,True,True,True,False,False,False,1,,0.0,0.0,0.0,4B_TRAP,False,False,1.445,0.48,1.384,-1.107,-1.176,0.643,-1.556
2026-09-02T11:20:00Z,NATURALGAS,2026-09-02,HOLDOUT,CHOP,OPENING_DRIVE,SHORT,0.9362,0.3333,0.5556,0.1111,0.429,280.1,1.1,1.571,1.1,0.7,True,DOWN,True,1.0,0.778,True,True,True,False,False,False,1,,0.0,0.0,0.0,4B_TRAP,False,False,0.827,0.6,0.846,-1.33,-1.451,0.7,-1.714
2026-09-02T11:25:00Z,NATURALGAS,2026-09-02,HOLDOUT,CHOP,OPENING_DRIVE,SHORT,0.9158,0.4286,0.0,0.5714,0.412,278.5,-0.2,-0.275,0.2,0.7286,False,UP,False,1.235,1.286,False,False,False,True,True,True,5,1,2.143,2.059,7.5,4B_TRAP,False,True,0.321,0.62,1.246,-1.558,-1.869,0.729,-2.059
2026-09-02T11:30:00Z,NATURALGAS,2026-09-02,HOLDOUT,CHOP,OPENING_DRIVE,LONG,0.9271,0.1111,0.4444,0.4444,0.133,279.0,-0.2,-0.267,0.2,0.75,True,UP,True,1.333,1.111,False,False,False,False,False,False,1,4,0.0,0.0,0.0,4B_TRAP,False,False,0.527,1.9,2.657,-1.328,-1.518,0.75,-2.0
2026-09-02T11:35:00Z,NATURALGAS,2026-09-02,HOLDOUT,CHOP,OPENING_DRIVE,LONG,0.9588,0.9,0.0,0.1,1.125,279.2,0.2,0.25,0.2,0.8,True,UP,True,1.125,0.9,True,False,False,False,False,True,1,2,0.9,1.125,4.5,4B_TRAP,True,True,1.03,0.39,0.777,-1.262,-1.359,0.8,-1.75
2026-09-02T11:40:00Z,NATURALGAS,2026-09-02,HOLDOUT,CHOP,OPENING_DRIVE,LONG,0.9286,0.6667,0.1111,0.2222,0.757,279.8,0.2,0.252,0.2,0.7929,False,DOWN,False,1.261,1.111,False,False,False,True,True,True,,1,2.444,2.775,11.0,4B_TRAP,False,True,0.827,1.08,0.242,-2.297,-2.418,0.793,-1.135
2026-09-02T11:45:00Z,NATURALGAS,2026-09-02,HOLDOUT,CHOP,OPENING_DRIVE,SHORT,0.9596,0.8,0.2,0.0,0.949,279.2,0.0,0.0,0.0,0.8429,True,DOWN,True,2.135,1.8,False,False,False,False,False,False,1,5,0.0,0.0,0.0,4B_TRAP,False,False,1.03,0.87,1.942,-1.553,-1.65,0.843,-2.017
2026-09-02T11:50:00Z,NATURALGAS,2026-09-02,HOLDOUT,CHOP,OPENING_DRIVE,SHORT,0.99,0.6111,0.2778,0.1111,1.158,278.3,0.0,0.0,0.0,0.95,True,DOWN,True,1.474,0.778,False,False,False,False,False,False,1,4,0.0,0.0,0.0,4B_TRAP,False,False,1.654,,0.665,-1.028,-1.088,0.95,-1.579
2026-09-02T11:55:00Z,NATURALGAS,2026-09-02,HOLDOUT,CHOP,OPENING_DRIVE,SHORT,0.9703,0.5,0.3571,0.1429,0.726,278.1,0.5,0.519,0.5,0.9643,False,UP,False,1.141,0.786,False,False,False,True,True,True,2,1,1.071,1.556,3.0,4B_TRAP,False,True,1.242,,0.322,-1.691,-1.771,0.964,-2.281
2026-09-02T12:10:00Z,NATURALGAS,2026-09-02,HOLDOUT,CHOP,OPENING_DRIVE,LONG,0.9904,0.9474,0.0526,0.0,1.647,278.2,1.4,1.281,1.4,1.0929,False,DOWN,False,0.549,0.316,True,True,True,False,False,False,1,,0.0,0.0,0.0,4B_TRAP,False,False,1.857,0.32,0.215,-1.131,-1.185,1.093,-1.098
2026-09-02T12:45:00Z,NATURALGAS,2026-09-02,HOLDOUT,CHOP,OPENING_DRIVE,SHORT,0.973,0.7333,0.2667,0.0,1.048,279.1,0.6,0.571,0.6,1.05,True,DOWN,True,0.952,0.667,True,True,True,False,False,False,1,,0.0,0.0,0.0,4B_TRAP,True,False,1.545,0.84,0.777,-1.489,-1.553,1.05,-1.143
2026-09-02T12:50:00Z,NATURALGAS,2026-09-02,HOLDOUT,CHOP,OPENING_DRIVE,SHORT,0.9196,0.2,0.5,0.3,0.189,278.5,0.1,0.095,0.1,1.0571,True,DOWN,True,0.946,1.0,True,True,True,False,False,False,1,4,0.0,0.0,0.0,4B_TRAP,False,False,0.73,1.64,1.507,-1.644,-1.781,1.057,-1.23
2026-09-02T12:55:00Z,NATURALGAS,2026-09-02,HOLDOUT,CHOP,OPENING_DRIVE,SHORT,0.9204,0.8,0.0,0.2,0.757,278.1,0.4,0.378,0.4,1.0571,False,UP,False,0.946,1.0,False,False,False,True,True,True,,1,0.5,0.473,1.25,4B_TRAP,False,True,0.83,0.6,0.0,-1.205,-1.325,1.057,-1.23
2026-09-02T13:00:00Z,NATURALGAS,2026-09-02,HOLDOUT,CHOP,OPENING_DRIVE,LONG,0.9211,0.2,0.4,0.4,0.2,278.5,-0.2,-0.2,0.2,1.0,True,UP,True,1.1,1.1,False,False,False,True,True,True,2,1,0.1,0.1,0.5,4B_TRAP,False,True,0.63,2.7,0.159,-1.587,-1.746,1.0,-1.1
2026-09-02T13:15:00Z,NATURALGAS,2026-09-02,HOLDOUT,CHOP,OPENING_DRIVE,SHORT,0.9145,0.4,0.6,0.0,0.421,280.12,1.12,1.179,1.12,0.95,False,UP,False,0.526,0.5,True,True,True,False,False,False,1,,0.0,0.0,0.0,4B_TRAP,False,False,0.63,2.7,1.905,-2.857,-3.016,0.95,-2.0
2026-09-02T13:25:00Z,NATURALGAS,2026-09-02,HOLDOUT,CHOP,OPENING_DRIVE,SHORT,0.9412,0.75,0.1667,0.0833,1.008,278.8,0.4,0.448,0.4,0.8929,False,UP,False,1.232,0.917,False,False,False,True,True,True,2,1,0.333,0.448,1.0,4B_TRAP,False,True,1.136,0.97,0.0,-1.056,-1.144,0.893,-1.456
2026-09-02T13:30:00Z,NATURALGAS,2026-09-02,HOLDOUT,CHOP,OPENING_DRIVE,LONG,0.925,0.6364,0.3636,0.0,0.754,279.6,-0.4,-0.431,0.4,0.9286,False,DOWN,False,1.077,0.909,False,False,False,True,True,True,,1,1.455,1.723,4.0,4B_TRAP,False,True,0.733,0.55,0.0,-1.501,-1.637,0.929,-1.292
2026-09-02T13:35:00Z,NATURALGAS,2026-09-02,HOLDOUT,CHOP,OPENING_DRIVE,SHORT,0.9008,0.8,0.0,0.2,0.848,278.3,0.0,0.0,0.0,0.9429,True,DOWN,True,0.848,0.8,False,False,False,False,True,True,1,2,0.7,0.742,700000000.0,4B_TRAP,False,True,0.83,1.33,0.602,-1.325,-1.446,0.943,-1.273
2026-09-02T14:10:00Z,NATURALGAS,2026-09-02,HOLDOUT,CHOP,OPENING_DRIVE,LONG,0.9531,0.7692,0.1538,0.0769,1.111,279.6,1.0,1.111,1.0,0.9,False,DOWN,False,0.889,0.615,True,False,False,False,True,True,1,2,0.077,0.111,0.1,4B_TRAP,False,True,1.139,0.51,0.263,-1.229,-1.317,0.9,-1.667
2026-09-02T14:20:00Z,NATURALGAS,2026-09-02,HOLDOUT,CHOP,OPENING_DRIVE,SHORT,0.9231,0.6364,0.0909,0.2727,0.766,279.93,0.43,0.47,0.43,0.9143,False,UP,False,0.547,0.455,True,True,False,False,False,True,1,3,0.245,0.295,0.628,4B_TRAP,False,True,0.833,1.08,0.72,-1.2,-1.321,0.914,-1.203
2026-09-02T14:35:00Z,NATURALGAS,2026-09-02,HOLDOUT,CHOP,OPENING_DRIVE,LONG,0.9549,0.8462,0.0769,0.0769,1.232,279.5,0.7,0.784,0.7,0.8929,False,DOWN,False,0.784,0.538,True,True,True,False,False,False,1,,0.0,0.0,0.0,4B_TRAP,False,False,1.239,0.56,1.614,-1.211,-1.291,0.893,-1.232
2026-09-02T14:50:00Z,NATURALGAS,2026-09-02,HOLDOUT,CHOP,OPENING_DRIVE,LONG,0.9338,0.9167,0.0833,0.0,1.242,281.27,-0.07,-0.079,0.07,0.8857,True,UP,True,0.565,0.417,False,False,False,False,True,True,1,2,0.142,0.192,2.429,4B_TRAP,False,True,1.136,0.06,0.88,-1.761,-1.849,0.886,-1.129
2026-09-02T16:50:00Z,NATURALGAS,2026-09-02,HOLDOUT,CHOP,TRENDING,SHORT,0.9625,0.9286,0.0714,0.0,2.193,281.3,1.2,2.024,1.2,0.5929,True,DOWN,True,1.687,0.714,True,True,True,False,False,False,1,,0.0,0.0,0.0,4X_AMBIG,True,False,1.442,0.1,1.04,-0.069,0.693,0.593,1.687
2026-09-03T05:40:00Z,NATURALGAS,2026-09-03,HOLDOUT,TREND_DOWN,OPENING_DRIVE,LONG,0.9615,0.8333,0.0,0.1667,1.489,284.8,0.3,0.894,0.3,0.3357,False,DOWN,False,0.596,0.333,True,False,False,False,False,True,1,2,0.167,0.298,0.333,4B_TRAP,False,True,0.618,0.68,0.647,-1.294,-1.456,0.336,-2.085
2026-09-03T06:00:00Z,NATURALGAS,2026-09-03,HOLDOUT,TREND_DOWN,TRENDING,LONG,0.9333,0.2,0.4,0.4,0.286,285.0,-0.2,-0.571,0.2,0.35,False,DOWN,False,0.571,0.4,False,False,False,True,True,True,2,1,0.6,0.857,1.5,4B_TRAP,False,True,0.315,0.95,2.222,-1.587,-1.905,0.35,-1.714
2026-09-03T06:10:00Z,NATURALGAS,2026-09-03,HOLDOUT,TREND_DOWN,TRENDING,LONG,0.9375,0.8,0.2,0.0,1.12,285.0,0.1,0.28,0.1,0.3571,False,DOWN,False,0.84,0.6,True,True,True,False,False,False,1,4,0.0,0.0,0.0,4B_TRAP,False,False,0.415,0.67,0.964,-1.928,-2.169,0.357,-1.4
2026-09-03T06:30:00Z,NATURALGAS,2026-09-03,HOLDOUT,TREND_DOWN,TRENDING,SHORT,0.9722,0.5,0.125,0.375,1.077,285.2,0.2,0.538,0.2,0.3714,True,DOWN,True,1.077,0.5,True,True,True,False,False,False,1,,0.0,0.0,0.0,4A_CONT,False,False,0.524,0.73,3.244,-0.191,2.809,0.371,2.731
2026-09-03T06:40:00Z,NATURALGAS,2026-09-03,HOLDOUT,TREND_DOWN,TRENDING,SHORT,0.9211,0.8,0.0,0.2,0.982,284.62,0.22,0.54,0.22,0.4071,False,UP,False,0.737,0.6,True,True,True,False,False,False,1,,0.0,0.0,0.0,4A_CONT,False,False,0.415,2.65,3.133,-0.241,2.759,0.407,2.754
2026-09-03T07:00:00Z,NATURALGAS,2026-09-03,HOLDOUT,TREND_DOWN,OPENING_DRIVE,SHORT,0.9524,0.75,0.25,0.0,1.474,284.1,0.5,1.228,0.5,0.4071,True,DOWN,True,1.474,0.75,True,True,True,False,False,False,1,,0.0,0.0,0.0,4B_TRAP,True,False,0.824,0.36,1.82,-1.092,-1.214,0.407,2.754
2026-09-03T07:05:00Z,NATURALGAS,2026-09-03,HOLDOUT,TREND_DOWN,OPENING_DRIVE,SHORT,0.907,0.6667,0.3333,0.0,0.933,283.3,0.0,0.0,0.0,0.4286,True,DOWN,True,1.167,0.833,False,False,False,False,True,True,3,1,0.167,0.233,100000000.0,4B_TRAP,False,True,0.618,,1.942,-1.456,-1.618,0.429,-1.4
2026-09-03T07:15:00Z,NATURALGAS,2026-09-03,HOLDOUT,TREND_DOWN,OPENING_DRIVE,LONG,0.9778,0.25,0.25,0.5,0.424,283.6,-0.2,-0.424,0.2,0.4714,False,DOWN,False,1.697,1.0,False,False,False,True,True,True,3,1,0.5,0.849,2.0,4B_TRAP,False,True,0.624,1.6,0.641,-1.442,-1.603,0.471,-1.273
2026-09-03T07:20:00Z,NATURALGAS,2026-09-03,HOLDOUT,TREND_DOWN,OPENING_DRIVE,SHORT,0.9783,0.375,0.375,0.25,0.609,284.1,0.9,1.826,0.9,0.4929,False,UP,False,0.609,0.375,True,True,True,False,False,False,1,,0.0,0.0,0.0,4B_TRAP,False,False,0.624,0.64,1.763,-1.603,-1.763,0.493,-1.217
2026-09-03T07:45:00Z,NATURALGAS,2026-09-03,HOLDOUT,TREND_DOWN,OPENING_DRIVE,SHORT,0.902,0.8571,0.1429,0.0,1.135,282.8,0.3,0.568,0.3,0.5286,False,UP,False,0.757,0.571,True,True,False,False,False,True,1,3,0.143,0.189,0.333,4B_TRAP,False,True,0.721,,0.555,-1.11,-1.248,0.529,-1.514
2026-09-03T08:00:00Z,NATURALGAS,2026-09-03,HOLDOUT,TREND_DOWN,OPENING_DRIVE,LONG,0.9074,0.0,0.1429,0.8571,0.0,282.8,0.1,0.187,0.1,0.5357,False,DOWN,False,0.747,0.571,False,False,False,False,False,False,2,1,0.0,0.0,0.0,4B_TRAP,False,False,0.621,0.48,0.483,-1.288,-1.449,0.536,-1.68
2026-09-03T09:45:00Z,NATURALGAS,2026-09-03,HOLDOUT,TREND_DOWN,OPENING_DRIVE,SHORT,0.9333,0.7143,0.1429,0.1429,1.429,283.1,0.1,0.286,0.1,0.35,False,UP,False,1.143,0.571,False,False,False,True,True,True,3,1,0.571,1.143,4.0,4B_TRAP,False,True,0.621,0.32,0.966,-1.127,-1.288,0.35,-1.714
2026-09-03T10:35:00Z,NATURALGAS,2026-09-03,HOLDOUT,TREND_DOWN,OPENING_DRIVE,LONG,0.9294,0.1429,0.1429,0.7143,0.233,283.5,0.1,0.233,0.1,0.4286,True,UP,True,1.633,1.0,True,True,True,False,False,False,1,,0.0,0.0,0.0,4A_CONT,False,False,0.621,2.0,3.06,-0.161,2.839,0.429,2.767
2026-09-03T10:40:00Z,NATURALGAS,2026-09-03,HOLDOUT,TREND_DOWN,OPENING_DRIVE,LONG,0.9302,0.8571,0.1429,0.0,1.292,283.7,0.4,0.862,0.4,0.4643,False,DOWN,False,0.862,0.571,True,True,True,False,False,False,1,,0.0,0.0,0.0,4B_TRAP,False,False,0.621,1.19,2.254,-1.771,-1.932,0.464,2.785
2026-09-03T11:00:00Z,NATURALGAS,2026-09-03,HOLDOUT,TREND_DOWN,TRENDING,SHORT,0.9889,0.6154,0.3077,0.0769,1.514,284.6,0.3,0.568,0.3,0.5286,True,DOWN,True,1.892,0.769,True,True,True,False,False,False,1,,0.0,0.0,0.0,4A_CONT,True,False,1.239,1.05,3.148,-0.969,2.919,0.529,2.811
2026-09-03T11:05:00Z,NATURALGAS,2026-09-03,HOLDOUT,TREND_DOWN,OPENING_DRIVE,SHORT,0.978,0.6,0.2,0.2,1.063,284.2,0.4,0.709,0.4,0.5643,True,DOWN,True,1.418,0.8,True,True,True,False,False,False,1,,0.0,0.0,0.0,4B_TRAP,True,False,0.83,0.96,1.325,-1.084,-1.205,0.564,-1.241
2026-09-03T11:10:00Z,NATURALGAS,2026-09-03,HOLDOUT,TREND_DOWN,OPENING_DRIVE,SHORT,0.9674,0.625,0.125,0.25,0.854,283.0,-0.2,-0.341,0.2,0.5857,False,UP,False,0.683,0.5,False,False,False,True,True,True,,1,1.25,1.707,5.0,4B_TRAP,False,True,0.624,0.32,0.321,-1.763,-1.923,0.586,-1.195
2026-09-03T11:30:00Z,NATURALGAS,2026-09-03,HOLDOUT,TREND_DOWN,OPENING_DRIVE,SHORT,0.9062,0.4286,0.4286,0.1429,0.462,283.7,-0.1,-0.154,0.1,0.65,True,DOWN,True,1.077,1.0,False,False,False,False,True,True,1,2,0.714,0.769,5.0,4B_TRAP,False,True,0.621,1.29,0.805,-1.288,-1.449,0.65,-1.385
2026-09-03T11:35:00Z,NATURALGAS,2026-09-03,HOLDOUT,TREND_DOWN,OPENING_DRIVE,SHORT,0.9072,0.4286,0.4286,0.1429,0.447,283.7,0.3,0.447,0.3,0.6714,False,UP,False,1.34,1.286,False,False,False,True,True,True,4,1,0.714,0.745,1.667,4B_TRAP,False,True,0.621,0.64,0.0,-1.449,-1.61,0.671,-1.489
2026-09-03T11:40:00Z,NATURALGAS,2026-09-03,HOLDOUT,TREND_DOWN,OPENING_DRIVE,LONG,0.9694,0.8889,0.1111,0.0,1.131,284.0,0.2,0.283,0.2,0.7071,False,DOWN,False,0.849,0.667,False,False,False,False,True,True,4,1,0.778,0.99,3.5,4B_TRAP,False,True,0.827,0.24,0.484,-1.814,-1.935,0.707,-2.263
2026-09-03T11:55:00Z,NATURALGAS,2026-09-03,HOLDOUT,TREND_DOWN,OPENING_DRIVE,SHORT,0.9802,0.4167,0.0833,0.5,0.66,283.3,0.0,0.0,0.0,0.7571,False,UP,False,2.245,1.417,False,False,False,True,True,True,,1,1.333,2.113,1600000000.0,4B_TRAP,False,True,0.636,1.24,0.472,-2.201,-2.358,0.757,-1.981
2026-09-03T12:00:00Z,NATURALGAS,2026-09-03,HOLDOUT,TREND_DOWN,OPENING_DRIVE,LONG,1.0,0.8235,0.0588,0.1176,1.647,284.6,0.0,0.0,0.0,0.85,True,UP,True,1.176,0.588,False,False,False,False,True,True,1,2,0.529,1.059,900000000.0,4B_TRAP,False,True,1.651,0.15,0.545,-1.09,-1.151,0.85,-1.412
2026-09-03T12:10:00Z,NATURALGAS,2026-09-03,HOLDOUT,TREND_DOWN,OPENING_DRIVE,SHORT,0.9808,0.7857,0.0714,0.1429,1.252,284.5,0.8,0.911,0.8,0.8786,False,UP,False,1.138,0.714,True,True,True,False,False,False,1,,0.0,0.0,0.0,4A_CONT,False,False,1.242,0.81,3.382,-0.403,2.919,0.879,2.886
2026-09-03T12:40:00Z,NATURALGAS,2026-09-03,HOLDOUT,TREND_DOWN,OPENING_DRIVE,LONG,0.9727,0.6154,0.0769,0.3077,0.842,284.1,-0.1,-0.105,0.1,0.95,False,DOWN,False,0.947,0.692,False,False,False,True,True,True,,1,1.692,2.316,22.0,4B_TRAP,False,True,1.239,0.08,0.0,-1.372,-1.453,0.95,-1.158
2026-09-03T12:45:00Z,NATURALGAS,2026-09-03,HOLDOUT,TREND_DOWN,OPENING_DRIVE,SHORT,0.9099,0.8889,0.0,0.1111,0.824,283.0,-0.1,-0.103,0.1,0.9714,True,DOWN,True,0.926,1.0,False,False,False,False,False,True,1,3,0.222,0.206,2.0,4B_TRAP,False,True,0.827,0.12,1.814,-1.088,-1.209,0.971,-1.235
2026-09-03T12:50:00Z,NATURALGAS,2026-09-03,HOLDOUT,TREND_DOWN,OPENING_DRIVE,SHORT,0.9107,0.8889,0.1111,0.0,0.824,282.59,0.29,0.299,0.29,0.9714,True,DOWN,True,0.824,0.889,True,False,False,False,True,True,1,2,0.678,0.628,2.103,4B_TRAP,False,True,0.927,0.22,0.755,-1.187,-1.294,0.971,-1.235
2026-09-03T13:00:00Z,NATURALGAS,2026-09-03,HOLDOUT,TREND_DOWN,FAILED_BREAKOUT,LONG,0.9825,0.8667,0.1333,0.0,1.247,282.4,0.8,0.767,0.8,1.0429,False,DOWN,False,0.767,0.533,True,True,True,False,False,False,1,,0.0,0.0,0.0,4B_TRAP,False,False,1.345,0.67,0.743,-1.041,-1.115,1.043,-1.438
2026-09-03T13:15:00Z,NATURALGAS,2026-09-03,HOLDOUT,TREND_DOWN,FAILED_BREAKOUT,LONG,0.906,0.4444,0.1111,0.4444,0.434,283.0,0.3,0.326,0.3,0.9214,True,UP,True,0.76,0.778,True,False,False,False,True,True,1,2,0.333,0.326,1.0,4B_TRAP,False,True,0.827,0.48,1.088,-1.814,-1.935,0.921,-1.736
2026-09-03T13:30:00Z,NATURALGAS,2026-09-03,HOLDOUT,TREND_DOWN,FAILED_BREAKOUT,LONG,0.9417,0.9,0.1,0.0,1.016,283.5,0.3,0.339,0.3,0.8857,False,DOWN,False,0.903,0.8,False,False,False,True,True,True,,1,0.4,0.452,1.333,4B_TRAP,False,True,0.93,0.99,0.215,-1.075,-1.183,0.886,-1.242
2026-09-03T14:05:00Z,NATURALGAS,2026-09-03,HOLDOUT,TREND_DOWN,FAILED_BREAKOUT,SHORT,0.9055,0.3333,0.2222,0.4444,0.365,282.8,-0.4,-0.487,0.4,0.8214,True,DOWN,True,0.487,0.444,False,False,False,False,True,True,,1,0.667,0.73,1.5,4B_TRAP,False,True,0.527,0.76,2.657,-1.898,-2.087,0.821,-1.339
2026-09-03T14:25:00Z,NATURALGAS,2026-09-03,HOLDOUT,TREND_DOWN,FAILED_BREAKOUT,LONG,0.9466,0.2,0.5,0.3,0.262,283.7,-0.5,-0.654,0.5,0.7643,False,DOWN,False,3.14,2.4,False,False,False,True,True,True,,1,3.0,3.925,6.0,4B_TRAP,False,True,0.53,0.94,1.887,-2.642,-2.83,0.764,-1.963
2026-09-03T14:30:00Z,NATURALGAS,2026-09-03,HOLDOUT,TREND_DOWN,FAILED_BREAKOUT,SHORT,1.0,0.0417,0.375,0.5833,0.113,282.5,-0.7,-0.79,0.7,0.8857,True,DOWN,True,3.161,1.167,False,False,False,False,False,False,1,,0.0,0.0,0.0,4A_CONT,False,False,1.072,0.47,3.451,-0.28,2.907,0.886,2.887
2026-09-03T14:35:00Z,NATURALGAS,2026-09-03,HOLDOUT,TREND_DOWN,FAILED_BREAKOUT,SHORT,1.0,0.8929,0.1071,0.0,2.431,281.6,0.9,0.875,0.9,1.0286,True,DOWN,True,1.361,0.5,True,True,True,False,False,False,1,,0.0,0.0,0.0,4A_CONT,True,False,2.884,,2.323,-0.381,1.526,1.029,-1.167
2026-09-03T14:40:00Z,NATURALGAS,2026-09-03,HOLDOUT,TREND_DOWN,TRENDING,SHORT,0.9627,0.0714,0.7143,0.2143,0.096,280.7,0.0,0.0,0.0,1.0429,True,DOWN,True,1.247,0.929,False,False,False,False,False,False,1,,0.0,0.0,0.0,4A_CONT,False,False,1.142,,3.59,-0.088,2.912,1.043,2.904
2026-09-03T14:45:00Z,NATURALGAS,2026-09-03,HOLDOUT,TREND_DOWN,FAILED_BREAKOUT,SHORT,0.9481,1.0,0.0,0.0,1.205,280.4,0.9,0.834,0.9,1.0786,True,DOWN,True,0.649,0.538,True,True,True,False,False,False,1,,0.0,0.0,0.0,4A_CONT,True,False,1.339,,3.137,-0.299,2.925,1.079,2.907
2026-09-03T14:55:00Z,NATURALGAS,2026-09-03,HOLDOUT,TREND_DOWN,TRENDING,SHORT,0.9854,0.9,0.05,0.05,1.546,279.2,1.7,1.46,1.7,1.1643,True,DOWN,True,0.945,0.55,True,True,True,False,False,False,1,,0.0,0.0,0.0,4B_TRAP,True,False,1.96,,1.786,-1.429,-1.48,1.164,2.914
2026-09-03T15:00:00Z,NATURALGAS,2026-09-03,HOLDOUT,TREND_DOWN,TRENDING,SHORT,0.913,0.8182,0.1818,0.0,0.754,277.4,0.8,0.671,0.8,1.1929,True,DOWN,True,1.257,1.364,True,True,True,False,False,False,1,,0.0,0.0,0.0,4B_TRAP,True,False,1.133,,2.295,-1.765,-1.853,1.193,-1.76
2026-09-03T15:05:00Z,NATURALGAS,2026-09-03,HOLDOUT,TREND_DOWN,TRENDING,SHORT,0.964,0.7333,0.2667,0.0,0.87,276.6,1.0,0.791,1.0,1.2643,False,UP,False,0.633,0.533,True,True,True,False,False,False,1,,0.0,0.0,0.0,4B_TRAP,False,False,1.545,,1.036,-1.036,-1.1,1.264,-1.345
2026-09-03T15:20:00Z,NATURALGAS,2026-09-03,HOLDOUT,TREND_DOWN,TRENDING,SHORT,0.9014,0.6,0.1,0.3,0.459,275.0,0.1,0.077,0.1,1.3071,False,UP,False,0.459,0.6,False,False,False,False,False,False,2,1,0.0,0.0,0.0,4B_TRAP,False,False,0.73,,1.233,-1.233,-1.37,1.307,-1.301
2026-09-03T16:25:00Z,NATURALGAS,2026-09-03,HOLDOUT,TREND_DOWN,TRENDING,LONG,0.9097,0.7,0.3,0.0,0.97,275.8,0.4,0.554,0.4,0.7214,False,DOWN,False,1.109,0.8,False,False,False,True,True,True,4,1,0.3,0.416,0.75,4B_TRAP,False,True,0.73,12.18,0.274,-1.233,-1.37,0.721,-1.386
2026-09-03T16:45:00Z,NATURALGAS,2026-09-03,HOLDOUT,TREND_DOWN,TRENDING,LONG,0.9119,0.8,0.2,0.0,1.179,276.5,-0.2,-0.295,0.2,0.6786,True,UP,True,1.474,1.0,False,False,False,False,False,False,1,,0.0,0.0,0.0,4A_CONT,False,False,0.83,0.24,3.614,-0.12,2.88,0.679,2.853
2026-09-03T16:50:00Z,NATURALGAS,2026-09-03,HOLDOUT,TREND_DOWN,TRENDING,LONG,0.9125,0.8,0.1,0.1,1.155,276.5,0.6,0.866,0.6,0.6929,True,UP,True,2.165,1.5,True,True,True,False,False,False,1,,0.0,0.0,0.0,4A_CONT,True,False,0.93,8.59,3.441,0.0,2.892,0.693,2.856
2026-09-03T16:55:00Z,NATURALGAS,2026-09-03,HOLDOUT,TREND_DOWN,TRENDING,LONG,0.9689,0.8667,0.0667,0.0667,1.717,277.2,1.3,1.717,1.3,0.7571,True,UP,True,1.321,0.667,True,True,True,False,False,False,1,,0.0,0.0,0.0,4B_TRAP,True,False,1.445,4.56,1.522,-1.453,-1.522,0.757,-1.453
2026-09-03T17:00:00Z,NATURALGAS,2026-09-03,HOLDOUT,TREND_DOWN,FAILED_BREAKOUT,LONG,0.9074,0.7,0.1,0.2,0.883,278.6,0.6,0.757,0.6,0.7929,True,UP,True,1.387,1.1,True,True,True,False,False,False,1,,0.0,0.0,0.0,4B_TRAP,True,False,0.93,6.33,1.613,-1.183,-1.29,0.793,-1.514
2026-09-03T17:05:00Z,NATURALGAS,2026-09-03,HOLDOUT,TREND_DOWN,FAILED_BREAKOUT,LONG,0.9141,0.7273,0.2727,0.0,0.966,279.3,0.7,0.845,0.7,0.8286,False,DOWN,False,1.69,1.273,True,True,True,False,False,False,1,,0.0,0.0,0.0,4B_TRAP,False,False,0.833,6.11,0.84,-1.08,-1.2,0.829,-1.207
2026-09-03T17:10:00Z,NATURALGAS,2026-09-03,HOLDOUT,TREND_DOWN,FAILED_BREAKOUT,SHORT,0.9451,0.4286,0.5,0.0714,0.677,282.65,3.25,3.669,3.25,0.8857,False,UP,False,1.129,0.714,True,True,True,False,False,False,1,,0.0,0.0,0.0,4A_CONT,False,False,1.342,3.06,2.385,-0.969,2.31,0.886,-1.355
2026-09-03T17:25:00Z,NATURALGAS,2026-09-03,HOLDOUT,TREND_DOWN,FAILED_BREAKOUT,SHORT,0.9162,0.3333,0.5833,0.0833,0.418,279.7,0.1,0.104,0.1,0.9571,False,UP,False,0.731,0.583,True,True,True,False,False,False,1,,0.0,0.0,0.0,4A_CONT,False,False,1.136,0.44,2.993,-0.352,2.905,0.957,2.896
2026-09-04T05:30:00Z,NATURALGAS,2026-09-04,HOLDOUT,TREND_UP,OPENING_DRIVE,LONG,0.9167,0.0,0.4,0.6,0.0,277.2,-0.1,-0.326,0.1,0.3071,False,DOWN,False,0.651,0.4,False,False,False,True,True,True,2,1,0.4,0.651,2.0,4B_TRAP,False,True,0.315,0.32,1.905,-2.222,-2.54,0.307,-2.605
2026-09-04T05:40:00Z,NATURALGAS,2026-09-04,HOLDOUT,TREND_UP,OPENING_DRIVE,LONG,0.9231,0.8,0.2,0.0,1.217,277.3,0.0,0.0,0.0,0.3286,True,UP,True,0.609,0.4,False,False,False,False,False,True,1,3,0.2,0.304,100000000.0,4B_TRAP,False,True,0.415,0.39,0.964,-2.169,-2.41,0.329,-3.043
2026-09-04T05:50:00Z,NATURALGAS,2026-09-04,HOLDOUT,TREND_UP,TRENDING,SHORT,0.9286,0.0,0.6,0.4,0.0,277.2,-0.2,-0.596,0.2,0.3357,True,DOWN,True,0.894,0.6,False,False,False,False,True,True,3,1,0.2,0.298,0.5,4A_CONT,False,False,0.315,1.49,3.175,-0.317,2.683,0.336,2.702
2026-09-04T06:10:00Z,NATURALGAS,2026-09-04,HOLDOUT,TREND_UP,OPENING_DRIVE,SHORT,1.0,0.5714,0.0,0.4286,1.098,276.6,-0.1,-0.275,0.1,0.3643,True,DOWN,True,1.098,0.571,False,False,False,False,False,False,1,,0.0,0.0,0.0,4A_CONT,False,False,0.421,0.24,3.563,0.0,2.762,0.364,2.725
2026-09-04T06:25:00Z,NATURALGAS,2026-09-04,HOLDOUT,TREND_UP,OPENING_DRIVE,SHORT,0.9143,0.6,0.2,0.2,0.792,276.0,0.2,0.528,0.2,0.3786,True,DOWN,True,0.792,0.6,True,True,True,False,False,False,1,5,0.0,0.0,0.0,4B_TRAP,True,False,0.415,,1.446,-1.687,-1.928,0.379,-2.113
2026-09-04T06:50:00Z,NATURALGAS,2026-09-04,HOLDOUT,TREND_UP,FAILED_BREAKOUT,LONG,0.975,1.0,0.0,0.0,1.69,275.9,0.6,1.448,0.6,0.4143,True,UP,True,1.448,0.857,True,True,True,False,False,False,1,,0.0,0.0,0.0,4A_CONT,True,False,0.721,1.39,3.467,-0.139,2.861,0.414,2.759
2026-09-04T06:55:00Z,NATURALGAS,2026-09-04,HOLDOUT,TREND_UP,FAILED_BREAKOUT,LONG,0.9512,0.8333,0.1667,0.0,1.129,276.5,0.4,0.903,0.4,0.4429,True,UP,True,1.58,1.167,True,True,True,False,False,False,1,,0.0,0.0,0.0,4A_CONT,True,False,0.518,1.16,4.054,-0.772,2.807,0.443,2.774
2026-09-04T07:00:00Z,NATURALGAS,2026-09-04,HOLDOUT,TREND_UP,FAILED_BREAKOUT,LONG,0.9762,0.2857,0.2857,0.4286,0.437,277.5,-0.2,-0.437,0.2,0.4571,True,UP,True,1.094,0.714,False,False,False,False,False,False,1,4,0.0,0.0,0.0,4B_TRAP,False,False,0.521,0.38,1.727,-1.536,-1.727,0.457,-1.969
2026-09-04T07:20:00Z,NATURALGAS,2026-09-04,HOLDOUT,TREND_UP,FAILED_BREAKDOWN,SHORT,1.0,1.0,0.0,0.0,1.623,277.9,0.7,1.42,0.7,0.4929,False,UP,False,1.42,0.875,False,False,False,True,True,True,2,1,0.125,0.203,0.143,4B_TRAP,False,True,0.824,0.34,0.0,-1.092,-1.214,0.493,-1.826
2026-09-04T07:25:00Z,NATURALGAS,2026-09-04,HOLDOUT,TREND_UP,FAILED_BREAKDOWN,LONG,0.9574,1.0,0.0,0.0,1.342,278.0,0.0,0.0,0.0,0.5214,False,DOWN,False,1.151,0.857,False,False,False,True,True,True,,1,1.143,1.534,800000000.0,4B_TRAP,False,True,0.721,0.28,0.139,-1.11,-1.248,0.521,-1.342
2026-09-04T07:45:00Z,NATURALGAS,2026-09-04,HOLDOUT,TREND_UP,FAILED_BREAKOUT,SHORT,1.0,0.375,0.125,0.5,0.532,276.86,-0.04,-0.071,0.04,0.5643,True,DOWN,True,0.709,0.5,False,False,False,False,True,True,1,2,0.425,0.603,8.5,4B_TRAP,False,True,0.424,0.09,0.708,-1.179,-1.415,0.564,-1.595
2026-09-04T09:25:00Z,NATURALGAS,2026-09-04,HOLDOUT,TREND_UP,FAILED_BREAKDOWN,SHORT,0.9718,0.75,0.125,0.125,1.615,277.2,0.0,0.0,0.0,0.3714,False,UP,False,1.077,0.5,False,False,False,False,True,True,1,2,0.125,0.269,100000000.0,4B_TRAP,False,True,0.724,0.39,0.552,-1.519,-1.657,0.371,-1.885
2026-09-04T09:50:00Z,NATURALGAS,2026-09-04,HOLDOUT,TREND_UP,FAILED_BREAKOUT,LONG,0.9474,0.8571,0.1429,0.0,1.448,277.61,0.09,0.217,0.09,0.4143,False,DOWN,False,0.965,0.571,False,False,False,True,True,True,2,1,0.157,0.266,1.222,4B_TRAP,False,True,0.621,0.81,0.966,-1.288,-1.449,0.414,-1.69
2026-09-04T11:00:00Z,NATURALGAS,2026-09-04,HOLDOUT,TREND_UP,FAILED_BREAKOUT,LONG,0.9444,0.4286,0.4286,0.1429,0.712,277.62,-0.12,-0.285,0.12,0.4214,True,UP,True,0.712,0.429,False,False,False,False,True,True,1,2,0.457,0.759,2.667,4B_TRAP,False,True,0.421,0.29,0.713,-1.188,-1.425,0.421,-1.424
2026-09-04T11:25:00Z,NATURALGAS,2026-09-04,HOLDOUT,TREND_UP,FAILED_BREAKOUT,SHORT,1.0,0.125,0.625,0.25,0.233,277.1,-0.2,-0.467,0.2,0.4286,False,UP,False,0.7,0.375,False,False,False,True,True,True,,1,2.0,3.733,8.0,4B_TRAP,False,True,0.524,0.38,0.0,-1.145,-1.336,0.429,-1.633
2026-09-04T11:40:00Z,NATURALGAS,2026-09-04,HOLDOUT,TREND_UP,FAILED_BREAKDOWN,LONG,1.0,0.6923,0.2308,0.0769,1.726,278.3,0.4,0.767,0.4,0.5214,False,DOWN,False,2.301,0.923,False,False,False,True,True,True,,1,1.0,2.493,3.25,4B_TRAP,False,True,1.039,,0.192,-1.444,-1.54,0.521,-2.11
2026-09-04T11:45:00Z,NATURALGAS,2026-09-04,HOLDOUT,TREND_UP,FAILED_BREAKDOWN,SHORT,0.9899,0.6667,0.0833,0.25,1.366,277.7,-0.3,-0.512,0.3,0.5857,False,UP,False,1.878,0.917,False,False,False,True,True,True,2,1,0.5,1.024,2.0,4B_TRAP,False,True,0.936,0.75,2.137,-1.389,-1.496,0.586,-1.366
2026-09-04T11:50:00Z,NATURALGAS,2026-09-04,HOLDOUT,TREND_UP,FAILED_BREAKDOWN,LONG,0.98,0.1818,0.0,0.8182,0.311,277.61,0.69,1.073,0.69,0.6429,False,DOWN,False,2.644,1.545,False,False,False,True,True,True,5,1,1.1,1.882,1.754,4B_TRAP,False,True,1.133,0.62,0.353,-1.147,-1.236,0.643,-2.178
2026-09-04T11:55:00Z,NATURALGAS,2026-09-04,HOLDOUT,TREND_UP,FAILED_BREAKDOWN,SHORT,1.0,0.7647,0.2353,0.0,1.767,277.2,0.2,0.272,0.2,0.7357,True,DOWN,True,1.087,0.471,True,True,False,False,False,False,1,3,0.0,0.0,0.0,4B_TRAP,True,False,1.751,0.06,0.571,-1.314,-1.371,0.736,-3.262
2026-09-04T12:00:00Z,NATURALGAS,2026-09-04,HOLDOUT,TREND_UP,FAILED_BREAKOUT,SHORT,0.9216,0.25,0.25,0.5,0.264,276.9,-0.1,-0.132,0.1,0.7571,True,DOWN,True,0.925,0.875,False,False,False,False,True,True,1,2,3.0,3.17,24.0,4B_TRAP,False,True,0.424,0.24,2.358,-5.425,-5.66,0.757,-3.17
2026-09-04T12:10:00Z,NATURALGAS,2026-09-04,HOLDOUT,TREND_UP,FAILED_BREAKOUT,LONG,0.9904,0.5714,0.1429,0.2857,0.957,277.0,0.2,0.239,0.2,0.8357,True,UP,True,2.513,1.5,True,True,True,False,False,False,1,,0.0,0.0,0.0,4A_CONT,True,False,1.242,0.33,4.187,0.0,2.919,0.836,2.88
2026-09-04T12:15:00Z,NATURALGAS,2026-09-04,HOLDOUT,TREND_UP,FAILED_BREAKOUT,LONG,1.0,1.0,0.0,0.0,2.178,279.0,0.3,0.311,0.3,0.9643,True,UP,True,0.933,0.429,True,True,True,False,False,False,1,,0.0,0.0,0.0,4X_AMBIG,True,False,2.163,,1.433,-0.647,0.786,0.964,2.896
2026-09-04T12:20:00Z,NATURALGAS,2026-09-04,HOLDOUT,TREND_UP,TRENDING,LONG,0.9434,0.3333,0.5556,0.1111,0.302,279.3,0.2,0.201,0.2,0.9929,True,UP,True,1.108,1.222,True,True,True,False,False,False,1,,0.0,0.0,0.0,4A_CONT,False,False,0.427,,6.792,0.0,2.766,0.993,-1.712
2026-09-04T12:25:00Z,NATURALGAS,2026-09-04,HOLDOUT,TREND_UP,TRENDING,LONG,0.9439,0.7273,0.2727,0.0,0.762,280.0,0.4,0.381,0.4,1.05,True,UP,True,1.905,1.818,True,False,False,False,True,True,1,2,0.182,0.19,0.5,4B_TRAP,False,True,0.833,,2.401,-1.2,-1.321,1.05,-1.333
2026-09-04T12:30:00Z,NATURALGAS,2026-09-04,HOLDOUT,TREND_UP,TRENDING,LONG,0.9907,0.75,0.25,0.0,1.296,280.7,1.2,1.037,1.2,1.1571,False,DOWN,False,1.988,1.15,False,False,False,True,True,True,,1,0.45,0.778,0.75,4B_TRAP,False,True,1.56,,0.064,-1.41,-1.474,1.157,-1.988
2026-09-04T12:35:00Z,NATURALGAS,2026-09-04,HOLDOUT,TREND_UP,TRENDING,SHORT,1.0,0.913,0.0435,0.0435,1.661,280.4,0.6,0.475,0.6,1.2643,False,UP,False,0.791,0.435,True,True,True,False,False,False,1,,0.0,0.0,0.0,4X_AMBIG,False,False,2.269,1.3,0.837,-0.926,-0.529,1.264,-1.503
2026-09-04T12:40:00Z,NATURALGAS,2026-09-04,HOLDOUT,TREND_UP,FAILED_BREAKDOWN,LONG,0.9182,0.2,0.5,0.3,0.153,277.66,2.24,1.714,2.24,1.3071,True,UP,True,0.612,0.8,True,True,True,False,False,False,1,,0.0,0.0,0.0,4B_TRAP,False,False,0.53,4.72,1.509,-1.509,-1.698,1.307,-1.607
2026-09-04T13:00:00Z,NATURALGAS,2026-09-04,HOLDOUT,TREND_UP,FAILED_BREAKOUT,SHORT,0.9561,0.3846,0.5385,0.0769,0.4,279.4,-0.1,-0.08,0.1,1.25,False,UP,False,0.4,0.385,False,False,False,True,True,True,,1,0.769,0.8,10.0,4B_TRAP,False,True,1.239,0.08,0.323,-1.211,-1.291,1.25,-1.28
2026-09-04T13:10:00Z,NATURALGAS,2026-09-04,HOLDOUT,TREND_UP,FAILED_BREAKOUT,SHORT,0.9052,0.5556,0.0,0.4444,0.427,279.4,-0.1,-0.085,0.1,1.1714,False,UP,False,1.024,1.333,False,False,False,True,True,True,5,1,1.111,0.854,10.0,4B_TRAP,False,True,0.527,0.19,0.569,-1.708,-1.898,1.171,-1.366
2026-09-04T13:15:00Z,NATURALGAS,2026-09-04,HOLDOUT,TREND_UP,FAILED_BREAKOUT,LONG,0.9402,0.6667,0.0,0.3333,0.663,280.0,0.4,0.331,0.4,1.2071,True,UP,True,0.663,0.667,True,True,True,False,False,False,1,4,0.0,0.0,0.0,4B_TRAP,True,False,1.236,0.24,0.485,-1.294,-1.375,1.207,-1.408
2026-09-04T13:35:00Z,NATURALGAS,2026-09-04,HOLDOUT,TREND_UP,FAILED_BREAKOUT,SHORT,0.9669,0.8667,0.0667,0.0667,1.213,279.6,0.7,0.653,0.7,1.0714,True,DOWN,True,0.933,0.667,True,True,True,False,False,False,1,5,0.0,0.0,0.0,4B_TRAP,True,False,1.445,1.36,0.692,-1.869,-1.938,1.071,-1.12
2026-09-04T13:40:00Z,NATURALGAS,2026-09-04,HOLDOUT,TREND_UP,FAILED_BREAKOUT,SHORT,0.9016,0.7,0.0,0.3,0.7,278.8,0.6,0.6,0.6,1.0,False,UP,False,1.2,1.2,False,False,False,True,True,True,,1,0.2,0.2,0.333,4B_TRAP,False,True,0.73,1.74,0.0,-1.644,-1.781,1.0,-1.3
2026-09-04T13:45:00Z,NATURALGAS,2026-09-04,HOLDOUT,TREND_UP,FAILED_BREAKOUT,LONG,0.935,0.5,0.4167,0.0833,0.651,278.9,0.0,0.0,0.0,0.9214,True,UP,True,0.651,0.5,False,False,False,False,True,True,1,2,0.083,0.109,100000000.0,4A_CONT,False,False,0.736,2.04,3.668,-0.408,2.864,0.921,2.891
2026-09-04T14:25:00Z,NATURALGAS,2026-09-04,HOLDOUT,TREND_UP,FAILED_BREAKOUT,LONG,0.9771,0.9412,0.0588,0.0,1.821,280.1,1.4,1.593,1.4,0.8786,True,UP,True,0.797,0.412,True,True,True,False,False,False,1,,0.0,0.0,0.0,4B_TRAP,True,False,1.651,0.55,0.242,-1.03,-1.09,0.879,-1.366
2026-09-04T15:10:00Z,NATURALGAS,2026-09-04,HOLDOUT,TREND_UP,TRENDING,SHORT,0.9,0.7,0.3,0.0,0.899,280.7,0.3,0.385,0.3,0.7786,False,UP,False,1.027,0.8,False,False,False,True,True,True,,1,0.9,1.156,3.0,4B_TRAP,False,True,1.03,3.96,0.388,-1.262,-1.359,0.779,-1.798
2026-09-04T16:20:00Z,NATURALGAS,2026-09-04,HOLDOUT,TREND_UP,FAILED_BREAKDOWN,SHORT,0.9091,1.0,0.0,0.0,1.538,279.8,0.5,0.769,0.5,0.65,True,DOWN,True,1.077,0.7,True,True,True,False,False,False,1,,0.0,0.0,0.0,4B_TRAP,True,False,1.03,3.62,0.485,-1.068,-1.165,0.65,-1.231
2026-07-13T10:10:00,CRUDEOIL,2026-07-13,train,TREND_UP,OPENING_DRIVE,LONG,0.9167,0.75,0.25,0.0,1.3,7141.0,4.0,0.578,4.0,6.9231,True,UP,True,0.867,0.5,True,True,True,False,False,False,1,,0.0,0.0,0.0,4A_CONT,True,False,9.36,,3.419,-0.107,2.893,6.923,2.856
2026-07-13T11:10:00,CRUDEOIL,2026-07-13,train,TREND_UP,TRENDING,LONG,1.0,0.85,0.0,0.15,2.034,7177.0,6.0,0.718,6.0,8.3571,False,DOWN,False,2.274,0.95,True,False,False,False,False,True,1,2,0.5,1.197,1.667,4B_TRAP,False,True,20.6,,1.019,-1.117,-1.165,8.357,-1.795
2026-07-13T11:45:00,CRUDEOIL,2026-07-13,train,TREND_UP,FAILED_BREAKOUT,SHORT,0.9355,1.0,0.0,0.0,1.233,7151.0,15.0,1.321,15.0,11.3571,False,UP,False,0.881,0.714,True,True,True,False,False,False,1,,0.0,0.0,0.0,4A_CONT,False,False,14.42,1.46,3.329,-0.624,2.931,11.357,2.912
2026-07-13T12:30:00,CRUDEOIL,2026-07-13,train,TREND_UP,FAILED_BREAKOUT,SHORT,0.95,0.2143,0.7857,0.0,0.29,7111.0,3.0,0.29,3.0,10.3571,False,UP,False,0.772,0.571,False,False,False,True,True,True,2,1,0.5,0.676,2.333,4B_TRAP,False,True,14.42,,0.971,-1.179,-1.248,10.357,-1.255
2026-07-13T12:40:00,CRUDEOIL,2026-07-13,train,TREND_UP,FAILED_BREAKOUT,SHORT,1.0,1.0,0.0,0.0,2.233,7108.0,14.0,1.202,14.0,11.6429,False,UP,False,1.117,0.5,False,False,False,True,True,True,5,1,0.077,0.172,0.143,4B_TRAP,False,True,26.78,,0.0,-1.158,-1.195,11.643,-1.46
2026-07-13T13:00:00,CRUDEOIL,2026-07-13,train,TREND_UP,FAILED_BREAKOUT,SHORT,0.9348,0.3571,0.6429,0.0,0.449,7122.65,11.65,1.046,11.65,11.1429,True,DOWN,True,1.077,0.857,True,True,True,False,False,False,1,,0.0,0.0,0.0,4A_CONT,False,False,14.42,1.18,3.19,0.0,2.931,11.143,2.91
2026-07-13T13:30:00,CRUDEOIL,2026-07-13,train,TREND_UP,FAILED_BREAKOUT,SHORT,1.0,0.8056,0.0,0.1944,1.98,7073.0,1.0,0.068,1.0,14.6429,True,DOWN,True,0.956,0.389,True,True,True,False,False,False,1,,0.0,0.0,0.0,4A_CONT,True,False,30.08,,3.125,0.0,2.967,14.643,2.932
2026-07-13T13:35:00,CRUDEOIL,2026-07-13,train,TREND_UP,FAILED_BREAKOUT,SHORT,0.9057,1.0,0.0,0.0,0.895,7065.0,10.0,0.639,10.0,15.6429,True,DOWN,True,1.215,1.357,True,True,True,False,False,False,1,,0.0,0.0,0.0,4A_CONT,True,False,14.42,,3.051,-0.069,2.931,15.643,2.936
2026-07-13T13:40:00,CRUDEOIL,2026-07-13,train,TREND_UP,FAILED_BREAKOUT,SHORT,0.9444,0.5789,0.2632,0.1579,0.688,7055.0,15.0,0.938,15.0,16.0,True,DOWN,True,1.188,1.0,True,True,True,False,False,False,1,,0.0,0.0,0.0,4A_CONT,True,False,16.57,,3.319,-0.302,2.94,16.0,2.938
2026-07-13T13:45:00,CRUDEOIL,2026-07-13,train,TREND_UP,TRENDING,SHORT,0.9455,0.8947,0.0526,0.0526,1.0,7037.0,20.0,1.176,20.0,17.0,False,UP,False,1.059,0.947,True,True,True,False,False,False,1,4,0.0,0.0,0.0,4B_TRAP,False,False,18.57,,0.323,-1.508,-1.562,17.0,-1.118
2026-07-13T13:55:00,CRUDEOIL,2026-07-13,train,TREND_UP,FAILED_BREAKOUT,SHORT,0.9825,0.8235,0.1765,0.0,1.581,7016.0,5.0,0.282,5.0,17.7143,False,UP,False,0.565,0.294,False,False,False,True,True,True,4,1,0.824,1.581,5.6,4B_TRAP,False,True,35.02,,1.314,-1.142,-1.171,17.714,-1.976
2026-07-13T14:05:00,CRUDEOIL,2026-07-13,train,TREND_UP,TRENDING,LONG,0.9492,0.95,0.05,0.0,0.95,7045.0,-1.0,-0.05,1.0,20.0,False,DOWN,False,0.45,0.45,False,False,False,True,True,True,,1,3.0,3.0,60.0,4B_TRAP,False,True,19.6,0.05,0.0,-1.735,-1.786,20.0,-1.75
2026-07-13T14:15:00,CRUDEOIL,2026-07-13,train,TREND_UP,FAILED_BREAKOUT,SHORT,0.9508,0.95,0.05,0.0,0.964,7011.0,1.0,0.051,1.0,19.7143,True,DOWN,True,0.862,0.85,True,True,True,False,False,False,1,,0.0,0.0,0.0,4B_TRAP,True,False,20.6,,2.184,-1.117,-1.165,19.714,-1.217
2026-07-13T14:45:00,CRUDEOIL,2026-07-13,train,TREND_UP,TRENDING,SHORT,0.9552,1.0,0.0,0.0,1.19,6975.0,6.0,0.286,6.0,21.0,True,DOWN,True,0.571,0.48,True,True,False,False,False,False,1,3,0.0,0.0,0.0,4B_TRAP,True,False,25.75,,0.155,-1.67,-1.709,21.0,-2.095
2026-07-13T15:30:00,CRUDEOIL,2026-07-13,train,TREND_UP,FAILED_BREAKOUT,LONG,0.9474,0.8182,0.1818,0.0,1.096,7012.0,17.0,1.035,17.0,16.4286,False,DOWN,False,0.365,0.273,True,True,True,False,False,False,1,,0.0,0.0,0.0,4A_CONT,False,False,18.66,8.18,3.108,-0.268,2.946,16.429,2.939
2026-07-13T15:40:00,CRUDEOIL,2026-07-13,train,TREND_UP,FAILED_BREAKOUT,LONG,0.9359,0.9048,0.0952,0.0,1.162,7033.0,16.0,0.978,16.0,16.3571,False,DOWN,False,0.489,0.381,True,True,True,False,False,False,1,,0.0,0.0,0.0,4A_CONT,False,False,19.63,7.77,3.77,-0.764,2.949,16.357,2.939
2026-07-13T16:35:00,CRUDEOIL,2026-07-13,train,TREND_UP,FAILED_BREAKOUT,LONG,0.9775,0.3214,0.0,0.6786,0.586,7087.0,-8.0,-0.521,8.0,15.3571,False,DOWN,False,1.042,0.571,False,False,False,True,True,True,2,1,0.5,0.912,1.75,4B_TRAP,False,True,19.84,0.4,2.974,-1.008,-1.058,15.357,-1.172
2026-07-13T17:40:00,CRUDEOIL,2026-07-13,train,TREND_UP,FAILED_BREAKOUT,LONG,1.0,0.4054,0.0,0.5946,0.95,7088.0,11.0,0.697,11.0,15.7857,False,DOWN,False,0.697,0.297,True,True,True,False,False,False,1,,0.0,0.0,0.0,4B_TRAP,False,False,38.11,2.04,1.023,-1.05,-1.076,15.786,-1.394
2026-07-13T18:20:00,CRUDEOIL,2026-07-13,train,TREND_UP,FAILED_BREAKOUT,SHORT,0.9725,0.7241,0.0,0.2759,1.349,7095.0,1.0,0.064,1.0,15.5714,True,DOWN,True,1.092,0.586,True,True,True,False,False,False,1,,0.0,0.0,0.0,4B_TRAP,True,False,21.87,1.46,2.378,-3.612,-3.658,15.571,2.936
2026-07-13T18:50:00,CRUDEOIL,2026-07-13,train,TREND_UP,FAILED_BREAKOUT,SHORT,0.9304,0.4783,0.0,0.5217,0.655,7059.0,5.0,0.298,5.0,16.7857,True,DOWN,True,0.417,0.304,False,False,False,True,True,True,,1,1.609,2.204,7.4,4B_TRAP,False,True,11.69,7.61,0.0,-1.625,-1.711,16.786,-1.191
2026-07-13T19:05:00,CRUDEOIL,2026-07-13,train,TREND_UP,FAILED_BREAKOUT,LONG,0.9407,0.84,0.16,0.0,1.185,7090.0,6.0,0.339,6.0,17.7143,True,UP,True,0.621,0.44,True,True,False,False,False,True,1,3,0.16,0.226,0.667,4B_TRAP,True,True,21.75,3.25,0.368,-1.195,-1.241,17.714,-1.242
2026-07-13T19:20:00,CRUDEOIL,2026-07-13,train,TREND_UP,FAILED_BREAKOUT,SHORT,0.9421,0.56,0.0,0.44,0.794,7097.0,11.0,0.623,11.0,17.6429,True,DOWN,True,1.134,0.8,True,True,True,False,False,False,1,5,0.0,0.0,0.0,4B_TRAP,True,False,14.75,1.62,2.169,-5.898,-5.966,17.643,-4.988
2026-07-13T19:35:00,CRUDEOIL,2026-07-13,train,TREND_UP,FAILED_BREAKOUT,LONG,0.9516,0.8846,0.1154,0.0,1.283,7061.0,21.0,1.171,21.0,17.9286,True,UP,True,0.446,0.308,True,True,True,False,False,False,1,,0.0,0.0,0.0,4A_CONT,True,False,23.78,0.93,3.827,-0.084,2.958,17.929,2.944
2026-07-13T19:45:00,CRUDEOIL,2026-07-13,train,TREND_UP,FAILED_BREAKOUT,LONG,1.0,0.9677,0.0,0.0323,4.013,7156.7,16.3,0.727,16.3,22.4286,False,DOWN,False,2.006,0.484,False,False,False,True,True,True,2,1,0.018,0.076,0.104,4A_CONT,False,False,95.79,0.32,2.652,-0.564,2.652,22.429,-1.561
2026-07-13T19:55:00,CRUDEOIL,2026-07-13,train,TREND_UP,FAILED_BREAKDOWN,LONG,0.9609,0.697,0.0,0.303,0.87,7156.7,15.3,0.579,15.3,26.4286,False,DOWN,False,0.378,0.303,True,True,False,False,False,True,1,3,0.355,0.443,0.765,4B_TRAP,False,True,33.99,0.94,0.0,-1.236,-1.265,26.429,-1.135
2026-07-13T22:15:00,CRUDEOIL,2026-07-13,train,TREND_UP,FAILED_BREAKDOWN,LONG,0.9615,0.9688,0.0312,0.0,2.26,7212.0,21.0,1.531,21.0,13.7143,True,UP,True,1.24,0.531,True,True,True,False,False,False,1,,0.0,0.0,0.0,4A_CONT,True,False,31.96,,3.442,0.0,2.969,13.714,2.927
2026-07-13T22:40:00,CRUDEOIL,2026-07-13,train,TREND_UP,FAILED_BREAKDOWN,LONG,0.9379,0.8519,0.1111,0.037,1.211,7252.0,14.0,0.737,14.0,19.0,True,UP,True,0.684,0.481,True,True,True,False,False,False,1,,0.0,0.0,0.0,4A_CONT,True,False,24.81,0.93,3.104,0.0,2.96,19.0,2.947
2026-07-14T11:05:00,CRUDEOIL,2026-07-14,train,CHOP,OPENING_DRIVE,SHORT,0.96,0.9706,0.0,0.0294,2.299,7627.0,28.0,1.95,28.0,14.3571,True,DOWN,True,0.905,0.382,True,True,True,False,False,False,1,4,0.0,0.0,0.0,4B_TRAP,True,False,34.02,,0.47,-1.264,-1.293,14.357,-1.532
2026-07-14T11:20:00,CRUDEOIL,2026-07-14,train,CHOP,TRENDING,LONG,0.9286,0.875,0.0,0.125,1.301,7596.0,24.0,1.487,24.0,16.1429,True,UP,True,1.239,0.833,True,True,True,False,False,False,1,,0.0,0.0,0.0,4A_CONT,True,False,24.72,2.27,3.843,0.0,2.96,16.143,2.938
2026-07-14T11:50:00,CRUDEOIL,2026-07-14,train,CHOP,FAILED_BREAKDOWN,LONG,1.0,0.7105,0.0789,0.2105,1.385,7669.0,9.0,0.462,9.0,19.5,True,UP,True,1.744,0.895,True,True,True,False,False,False,1,,0.0,0.0,0.0,4A_CONT,True,False,36.14,0.1,3.154,0.0,2.972,19.5,2.949
2026-07-14T11:55:00,CRUDEOIL,2026-07-14,train,CHOP,FAILED_BREAKDOWN,LONG,0.9429,0.8235,0.0,0.1765,1.285,7687.0,28.0,1.285,28.0,21.7857,False,DOWN,False,0.689,0.441,True,True,True,False,False,False,1,,0.0,0.0,0.0,4A_CONT,False,False,35.02,,3.141,-0.628,2.971,21.786,-1.056
2026-07-14T12:30:00,CRUDEOIL,2026-07-14,train,CHOP,TRENDING,SHORT,0.9048,1.0,0.0,0.0,1.225,7726.0,1.0,0.044,1.0,22.8571,False,UP,False,0.875,0.714,True,True,False,False,False,True,1,3,0.143,0.175,4.0,4B_TRAP,False,True,28.84,1.01,0.867,-2.323,-2.358,22.857,-2.975
2026-07-14T13:00:00,CRUDEOIL,2026-07-14,train,CHOP,TRENDING,LONG,1.0,0.775,0.225,0.0,1.216,7753.0,30.0,1.176,30.0,25.5,False,DOWN,False,0.784,0.5,True,True,True,False,False,False,1,4,0.0,0.0,0.0,4B_TRAP,False,False,32.2,,0.186,-1.988,-2.019,25.5,-1.098
2026-07-14T13:15:00,CRUDEOIL,2026-07-14,train,CHOP,TRENDING,SHORT,0.902,0.9333,0.0667,0.0,1.095,7765.0,9.0,0.352,9.0,25.5714,True,DOWN,True,1.017,0.867,True,True,False,False,False,True,1,3,0.433,0.508,1.444,4B_TRAP,True,True,30.9,0.97,1.197,-1.392,-1.424,25.571,-1.134
2026-07-14T13:30:00,CRUDEOIL,2026-07-14,train,CHOP,FAILED_BREAKDOWN,LONG,0.9815,0.4615,0.1538,0.3846,0.628,7758.0,20.0,0.698,20.0,28.6429,True,UP,True,0.349,0.256,True,True,False,False,False,True,1,3,0.846,1.152,1.65,4B_TRAP,False,True,34.17,0.32,0.615,-1.551,-1.58,28.643,-1.885
2026-07-14T13:40:00,CRUDEOIL,2026-07-14,train,CHOP,TRENDING,SHORT,1.0,0.7857,0.0,0.2143,1.111,7789.0,26.0,0.875,26.0,29.7143,True,DOWN,True,0.841,0.595,True,True,True,False,False,False,1,,0.0,0.0,0.0,4B_TRAP,True,False,34.26,1.28,1.693,-1.138,-1.168,29.714,-1.346
2026-07-14T14:25:00,CRUDEOIL,2026-07-14,train,CHOP,FAILED_BREAKDOWN,LONG,1.0,0.8929,0.1071,0.0,1.737,7799.0,-3.0,-0.104,3.0,28.7857,False,DOWN,False,0.521,0.268,False,False,False,False,True,True,1,2,1.304,2.536,24.333,4B_TRAP,False,True,51.68,0.06,0.426,-1.354,-1.374,28.786,-1.042
2026-07-14T14:35:00,CRUDEOIL,2026-07-14,train,CHOP,TRENDING,SHORT,0.9851,0.7917,0.2083,0.0,1.34,7803.0,36.0,1.27,36.0,28.3571,True,DOWN,True,1.587,0.938,True,True,True,False,False,False,1,,0.0,0.0,0.0,4B_TRAP,True,False,49.44,0.42,1.032,-1.173,-1.193,28.357,-1.27
2026-07-14T14:40:00,CRUDEOIL,2026-07-14,train,CHOP,TRENDING,SHORT,0.9706,1.0,0.0,0.0,1.563,7746.0,20.0,0.695,20.0,28.7857,False,UP,False,0.903,0.578,True,False,False,False,True,True,1,2,0.489,0.764,1.1,4B_TRAP,False,True,46.35,3.04,0.216,-1.23,-1.251,28.786,-1.251
2026-07-14T16:05:00,CRUDEOIL,2026-07-14,train,CHOP,TRENDING,SHORT,0.9882,0.7708,0.0,0.2292,1.589,7776.0,16.0,0.687,16.0,23.2857,False,UP,False,0.515,0.25,False,False,False,True,True,True,,1,0.667,1.374,2.0,4B_TRAP,False,True,38.44,3.65,0.0,-1.327,-1.353,23.286,-1.16
2026-07-14T17:15:00,CRUDEOIL,2026-07-14,train,CHOP,FAILED_BREAKOUT,LONG,0.9091,0.0286,0.2857,0.6857,0.04,7706.0,-7.0,-0.28,7.0,25.0,False,DOWN,False,0.76,0.543,False,False,False,True,True,True,3,1,0.629,0.88,3.143,4A_CONT,False,False,25.05,2.51,3.154,-0.838,2.96,25.0,2.96
2026-07-14T18:50:00,CRUDEOIL,2026-07-14,train,CHOP,FAILED_BREAKDOWN,SHORT,0.9905,1.0,0.0,0.0,1.562,7746.0,54.0,1.654,54.0,32.6429,False,UP,False,0.46,0.294,True,True,True,False,False,False,1,,0.0,0.0,0.0,4A_CONT,False,False,52.53,0.32,3.579,-0.914,2.981,32.643,-1.501
2026-07-14T19:05:00,CRUDEOIL,2026-07-14,train,CHOP,FAILED_BREAKOUT,SHORT,0.9907,1.0,0.0,0.0,1.559,7692.0,4.0,0.12,4.0,33.3571,True,DOWN,True,1.139,0.731,True,False,False,False,True,True,1,2,0.288,0.45,3.75,4A_CONT,False,False,53.56,0.78,3.435,-0.504,2.981,33.357,2.97
2026-07-14T19:10:00,CRUDEOIL,2026-07-14,train,CHOP,FAILED_BREAKOUT,SHORT,0.9174,0.3421,0.6579,0.0,0.372,7688.0,11.0,0.315,11.0,34.9286,False,UP,False,0.945,0.868,False,False,False,True,True,True,4,1,0.5,0.544,1.727,4A_CONT,False,False,39.14,0.79,3.27,-0.894,2.974,34.929,-1.031
2026-07-14T20:00:00,CRUDEOIL,2026-07-14,train,CHOP,FAILED_BREAKOUT,SHORT,0.9496,1.0,0.0,0.0,1.384,7643.0,34.0,1.12,34.0,30.3571,True,DOWN,True,0.626,0.452,True,True,True,False,False,False,1,,0.0,0.0,0.0,4B_TRAP,True,False,43.26,0.6,2.52,-1.456,-1.479,30.357,2.967
2026-07-14T20:20:00,CRUDEOIL,2026-07-14,train,CHOP,FAILED_BREAKOUT,SHORT,0.935,1.0,0.0,0.0,1.497,7583.0,3.0,0.112,3.0,26.7143,False,UP,False,0.711,0.475,True,True,True,False,False,False,1,,0.0,0.0,0.0,4B_TRAP,False,False,41.2,,1.942,-1.359,-1.383,26.714,-2.134
2026-07-14T20:30:00,CRUDEOIL,2026-07-14,train,CHOP,FAILED_BREAKOUT,SHORT,1.0,0.7368,0.2632,0.0,1.455,7565.0,16.0,0.554,16.0,28.8571,True,DOWN,True,1.074,0.544,True,True,False,False,False,True,1,3,0.035,0.069,0.125,4B_TRAP,True,True,58.71,,0.835,-1.482,-1.499,28.857,-1.074
2026-07-14T20:40:00,CRUDEOIL,2026-07-14,train,CHOP,FAILED_BREAKOUT,LONG,0.9843,1.0,0.0,0.0,1.593,7535.0,17.0,0.521,17.0,32.6429,False,DOWN,False,0.674,0.423,True,True,True,False,False,False,1,,0.0,0.0,0.0,4A_CONT,False,False,53.56,1.01,2.353,-0.019,0.485,32.643,2.969
2026-07-14T21:00:00,CRUDEOIL,2026-07-14,train,CHOP,FAILED_BREAKOUT,LONG,1.0,1.0,0.0,0.0,1.747,7590.0,46.0,1.275,46.0,36.0714,True,UP,True,0.499,0.286,True,True,True,False,False,False,1,,0.0,0.0,0.0,4B_TRAP,True,False,64.89,2.03,0.647,-1.063,-1.079,36.071,-1.137
2026-07-15T18:35:00,CRUDEOIL,2026-07-15,train,CHOP,OPENING_DRIVE,LONG,0.9524,0.6923,0.2692,0.0385,1.212,7707.0,-3.0,-0.202,3.0,14.8571,True,UP,True,0.875,0.5,False,False,False,False,False,False,1,,0.0,0.0,0.0,4B_TRAP,False,False,19.78,0.15,2.629,-1.213,-1.264,14.857,2.933
2026-07-15T19:25:00,CRUDEOIL,2026-07-15,train,CHOP,OPENING_DRIVE,SHORT,1.0,0.9318,0.0,0.0682,2.043,7702.0,13.0,0.648,13.0,20.0714,False,UP,False,0.448,0.205,True,True,True,False,False,False,1,,0.0,0.0,0.0,4A_CONT,False,False,42.32,0.16,3.166,-0.165,2.976,20.071,2.95
2026-07-15T20:00:00,CRUDEOIL,2026-07-15,train,CHOP,OPENING_DRIVE,SHORT,0.95,1.0,0.0,0.0,1.395,7642.0,12.0,0.62,12.0,19.3571,False,UP,False,0.672,0.481,False,False,False,True,True,True,3,1,0.185,0.258,0.417,4A_CONT,False,False,27.81,,3.02,-0.827,2.964,19.357,-1.24
2026-07-15T20:15:00,CRUDEOIL,2026-07-15,train,CHOP,OPENING_DRIVE,SHORT,0.9518,0.8519,0.0,0.1481,1.243,7630.0,9.0,0.486,9.0,18.5,True,DOWN,True,0.757,0.519,True,True,True,False,False,False,1,,0.0,0.0,0.0,4A_CONT,True,False,23.81,,3.15,0.0,2.958,18.5,2.946
2026-07-15T20:50:00,CRUDEOIL,2026-07-15,train,CHOP,TRENDING,SHORT,0.9222,0.64,0.36,0.0,0.762,7579.0,4.0,0.19,4.0,21.0,True,DOWN,True,0.619,0.52,True,True,False,False,False,True,1,3,0.24,0.286,1.5,4B_TRAP,True,True,25.75,,1.126,-1.592,-1.631,21.0,-2.0
2026-07-15T21:05:00,CRUDEOIL,2026-07-15,train,CHOP,TRENDING,LONG,0.9785,0.8718,0.0,0.1282,1.492,7577.0,8.0,0.351,8.0,22.7857,False,DOWN,False,0.702,0.41,False,False,False,False,False,False,2,1,0.0,0.0,0.0,4A_CONT,False,False,40.17,0.6,2.489,-0.398,0.822,22.786,2.956
2026-07-15T21:50:00,CRUDEOIL,2026-07-15,train,CHOP,FAILED_BREAKOUT,LONG,0.951,1.0,0.0,0.0,1.468,7634.0,19.0,0.996,19.0,19.0714,False,DOWN,False,0.891,0.607,True,True,True,False,False,False,1,,0.0,0.0,0.0,4B_TRAP,False,False,28.84,3.27,1.11,-1.006,-1.04,19.071,-1.573
2026-07-15T22:20:00,CRUDEOIL,2026-07-15,train,CHOP,FAILED_BREAKOUT,LONG,0.9259,1.0,0.0,0.0,1.576,7665.0,9.0,0.545,9.0,16.5,False,DOWN,False,1.152,0.731,True,False,False,False,True,True,1,2,1.346,2.121,3.889,4B_TRAP,False,True,26.78,2.54,0.411,-1.27,-1.307,16.5,-2.121
2026-07-15T22:55:00,CRUDEOIL,2026-07-15,train,CHOP,FAILED_BREAKOUT,SHORT,0.913,1.0,0.0,0.0,1.373,7624.0,6.0,0.329,6.0,18.2143,False,UP,False,0.988,0.72,True,False,False,False,True,True,1,2,0.08,0.11,0.333,4X_AMBIG,False,False,25.75,2.8,0.699,-0.505,0.0,18.214,0.0
2026-07-16T10:25:00,CRUDEOIL,2026-07-16,train,CHOP,OPENING_DRIVE,LONG,1.0,0.7857,0.2143,0.0,1.481,7650.0,8.0,1.077,8.0,7.4286,False,DOWN,False,0.808,0.429,True,False,False,False,False,False,1,2,0.0,0.0,0.0,4B_TRAP,False,False,11.42,0.89,0.0,-1.226,-1.313,7.429,-1.615
2026-07-16T10:45:00,CRUDEOIL,2026-07-16,train,CHOP,OPENING_DRIVE,LONG,0.9,0.5,0.1667,0.3333,0.808,7652.0,3.0,0.404,3.0,7.4286,False,DOWN,False,0.404,0.25,True,False,False,False,True,True,1,2,1.333,2.154,5.333,4B_TRAP,False,True,10.36,0.58,0.0,-1.062,-1.158,7.429,-1.615
2026-07-16T11:05:00,CRUDEOIL,2026-07-16,train,CHOP,OPENING_DRIVE,LONG,1.0,1.0,0.0,0.0,1.593,7641.0,12.0,1.366,12.0,8.7857,False,DOWN,False,0.797,0.5,True,True,True,False,False,False,1,,0.0,0.0,0.0,4B_TRAP,False,False,14.42,0.14,2.08,-1.318,-1.387,8.786,-1.252
2026-07-16T11:20:00,CRUDEOIL,2026-07-16,train,CHOP,OPENING_DRIVE,LONG,1.0,1.0,0.0,0.0,1.672,7656.0,5.0,0.522,5.0,9.5714,False,DOWN,False,0.522,0.312,False,False,False,True,True,True,3,1,0.125,0.209,0.4,4B_TRAP,False,True,16.48,0.21,1.214,-1.092,-1.153,9.571,-1.254
2026-07-16T11:35:00,CRUDEOIL,2026-07-16,train,CHOP,OPENING_DRIVE,LONG,1.0,1.0,0.0,0.0,1.873,7673.0,0.0,0.0,0.0,10.1429,False,DOWN,False,1.972,1.053,False,False,False,True,True,True,3,1,0.684,1.282,13000000000.0,4B_TRAP,False,True,19.57,,0.409,-1.175,-1.226,10.143,-1.282
2026-07-16T11:50:00,CRUDEOIL,2026-07-16,train,CHOP,OPENING_DRIVE,LONG,0.9091,1.0,0.0,0.0,1.228,7664.53,13.47,1.103,13.47,12.2143,False,DOWN,False,0.901,0.733,True,True,False,False,False,True,1,3,0.502,0.616,0.559,4B_TRAP,False,True,15.45,0.19,0.065,-1.683,-1.748,12.214,-2.211
2026-07-16T12:35:00,CRUDEOIL,2026-07-16,train,CHOP,OPENING_DRIVE,SHORT,0.9286,0.9333,0.0,0.0667,1.016,7665.0,8.0,0.58,8.0,13.7857,True,DOWN,True,1.161,1.067,True,True,True,False,False,False,1,4,0.0,0.0,0.0,4B_TRAP,True,False,14.45,0.73,1.038,-1.799,-1.869,13.786,-1.959
2026-07-16T12:40:00,CRUDEOIL,2026-07-16,train,CHOP,OPENING_DRIVE,SHORT,0.9535,0.875,0.125,0.0,0.961,7646.0,3.0,0.206,3.0,14.5714,False,UP,False,0.824,0.75,False,False,False,True,True,True,,1,2.312,2.539,12.333,4B_TRAP,False,True,16.48,0.79,0.061,-2.427,-2.488,14.571,-2.814
2026-07-16T12:55:00,CRUDEOIL,2026-07-16,train,CHOP,OPENING_DRIVE,LONG,1.0,1.0,0.0,0.0,1.857,7681.0,2.0,0.143,2.0,14.0,False,DOWN,False,0.571,0.308,False,False,False,True,True,True,,1,0.423,0.786,5.5,4B_TRAP,False,True,26.78,,0.0,-1.008,-1.046,14.0,-1.357
2026-07-16T14:00:00,CRUDEOIL,2026-07-16,train,CHOP,FAILED_BREAKOUT,LONG,0.9153,0.9333,0.0667,0.0,1.12,7669.2,1.8,0.144,1.8,12.5,True,UP,True,1.2,1.0,True,True,False,False,False,True,1,3,0.48,0.576,4.0,4B_TRAP,True,True,14.45,0.21,0.346,-1.522,-1.592,12.5,-1.12
2026-07-16T14:05:00,CRUDEOIL,2026-07-16,train,CHOP,FAILED_BREAKDOWN,LONG,0.9167,0.3333,0.0667,0.6,0.427,7674.0,1.0,0.085,1.0,11.7143,False,DOWN,False,0.598,0.467,False,False,False,True,True,True,,1,0.8,1.024,12.0,4B_TRAP,False,True,14.45,0.55,0.0,-1.176,-1.246,11.714,-1.195
2026-07-16T14:20:00,CRUDEOIL,2026-07-16,train,CHOP,FAILED_BREAKOUT,LONG,0.9206,1.0,0.0,0.0,1.321,7670.0,3.0,0.264,3.0,11.3571,False,DOWN,False,1.937,1.467,False,False,False,True,True,True,,1,2.4,3.17,12.0,4B_TRAP,False,True,15.45,0.19,0.0,-1.553,-1.618,11.357,-2.201
2026-07-16T14:25:00,CRUDEOIL,2026-07-16,train,CHOP,FAILED_BREAKDOWN,SHORT,0.9844,1.0,0.0,0.0,1.822,7649.32,0.32,0.027,0.32,12.0714,True,DOWN,True,1.408,0.773,True,True,True,False,False,False,1,,0.0,0.0,0.0,4B_TRAP,True,False,22.66,0.84,1.589,-1.192,-1.236,12.071,-1.16
2026-07-16T14:30:00,CRUDEOIL,2026-07-16,train,CHOP,FAILED_BREAKOUT,SHORT,0.9385,0.7059,0.2941,0.0,0.939,7649.0,15.0,1.173,15.0,12.7857,False,UP,False,1.33,1.0,True,True,True,False,False,False,1,,0.0,0.0,0.0,4B_TRAP,False,False,17.51,0.23,1.199,-1.599,-1.656,12.786,-1.33
2026-07-16T14:40:00,CRUDEOIL,2026-07-16,train,CHOP,FAILED_BREAKOUT,SHORT,1.0,1.0,0.0,0.0,1.89,7621.0,8.0,0.56,8.0,14.2857,False,UP,False,1.33,0.704,False,False,False,True,True,True,,1,0.704,1.33,2.375,4B_TRAP,False,True,27.81,,0.0,-1.33,-1.366,14.286,-1.61
2026-07-16T14:55:00,CRUDEOIL,2026-07-16,train,CHOP,FAILED_BREAKOUT,SHORT,0.9429,0.8947,0.0,0.1053,1.087,7640.0,9.0,0.575,9.0,15.6429,False,UP,False,0.959,0.789,False,False,False,False,True,True,,1,1.368,1.662,2.889,4B_TRAP,False,True,17.57,1.02,0.341,-1.764,-1.821,15.643,-2.046
2026-07-16T15:05:00,CRUDEOIL,2026-07-16,train,CHOP,FAILED_BREAKOUT,LONG,0.9028,0.7778,0.0,0.2222,0.82,7650.0,12.0,0.703,12.0,17.0714,True,UP,True,0.527,0.5,True,True,True,False,False,False,1,,0.0,0.0,0.0,4A_CONT,True,False,18.54,0.62,3.452,-0.809,2.946,17.071,2.941
2026-07-16T17:20:00,CRUDEOIL,2026-07-16,train,CHOP,FAILED_BREAKOUT,LONG,0.9293,0.0,0.2778,0.7222,0.0,7683.0,14.0,1.14,14.0,12.2857,False,DOWN,False,1.465,1.0,True,True,True,False,False,False,1,,0.0,0.0,0.0,4A_CONT,False,False,13.54,,3.471,-0.96,2.926,12.286,-1.14
2026-07-16T17:25:00,CRUDEOIL,2026-07-16,train,CHOP,TRENDING,SHORT,0.93,0.3889,0.6111,0.0,0.551,7684.0,0.0,0.0,0.0,12.7143,False,UP,False,1.022,0.722,False,False,False,True,True,True,,1,1.889,2.674,34000000000.0,4B_TRAP,False,True,18.54,1.4,0.0,-1.025,-1.079,12.714,-1.573
2026-07-16T18:00:00,CRUDEOIL,2026-07-16,train,CHOP,TRENDING,LONG,1.0,0.3333,0.3704,0.2963,0.519,7702.0,59.0,3.399,59.0,17.3571,True,UP,True,0.576,0.37,True,True,True,False,False,False,1,,0.0,0.0,0.0,4B_TRAP,False,False,17.81,0.73,2.077,-1.628,-1.684,17.357,-1.728
2026-07-16T18:15:00,CRUDEOIL,2026-07-16,train,CHOP,TRENDING,SHORT,1.0,0.7714,0.0,0.2286,1.437,7769.0,16.0,0.852,16.0,18.7857,False,UP,False,0.586,0.314,True,False,False,False,True,True,1,2,0.514,0.958,1.125,4B_TRAP,False,True,28.05,0.32,0.0,-1.604,-1.64,18.786,-1.171
2026-07-16T18:30:00,CRUDEOIL,2026-07-16,train,CHOP,TRENDING,LONG,0.9912,0.6765,0.3235,0.0,1.224,7780.0,7.0,0.373,7.0,18.7857,False,DOWN,False,0.798,0.441,False,False,False,True,True,True,,1,0.647,1.171,3.143,4B_TRAP,False,True,24.02,,0.0,-1.291,-1.332,18.786,-1.278
2026-07-16T18:55:00,CRUDEOIL,2026-07-16,train,CHOP,TRENDING,SHORT,0.9492,1.0,0.0,0.0,1.033,7752.0,20.0,1.033,20.0,19.3571,False,UP,False,1.395,1.35,True,True,True,False,False,False,1,,0.0,0.0,0.0,4A_CONT,False,False,20.6,4.0,3.01,-0.922,2.951,19.357,2.948
2026-07-16T19:00:00,CRUDEOIL,2026-07-16,train,CHOP,FAILED_BREAKOUT,LONG,0.9832,0.5185,0.0,0.4815,0.693,7672.74,76.26,3.773,76.26,20.2143,False,DOWN,False,1.088,0.815,True,True,True,False,False,False,1,,0.0,0.0,0.0,4B_TRAP,False,False,27.81,1.76,0.072,-1.223,-1.259,20.214,-1.731
2026-07-16T19:05:00,CRUDEOIL,2026-07-16,train,CHOP,TRENDING,SHORT,0.95,0.8636,0.1364,0.0,0.967,7752.0,23.0,1.171,23.0,19.6429,True,DOWN,True,0.865,0.773,True,True,True,False,False,False,1,,0.0,0.0,0.0,4A_CONT,True,False,22.66,3.67,3.266,-0.441,2.956,19.643,2.949
2026-07-16T19:30:00,CRUDEOIL,2026-07-16,train,CHOP,FAILED_BREAKOUT,SHORT,0.96,1.0,0.0,0.0,1.338,7709.0,7.0,0.36,7.0,19.4286,False,UP,False,0.824,0.615,True,False,False,False,True,True,1,2,0.192,0.257,0.714,4B_TRAP,False,True,26.78,2.1,0.373,-1.382,-1.419,19.429,-1.956
2026-07-16T19:50:00,CRUDEOIL,2026-07-16,train,CHOP,FAILED_BREAKOUT,LONG,0.9845,0.8182,0.1818,0.0,1.437,7728.0,5.0,0.266,5.0,18.7857,False,DOWN,False,0.745,0.424,False,False,False,True,True,True,,1,0.545,0.958,3.6,4B_TRAP,False,True,27.99,2.32,0.0,-1.036,-1.072,18.786,-1.331
2026-07-16T21:30:00,CRUDEOIL,2026-07-16,train,CHOP,FAILED_BREAKOUT,LONG,0.9463,1.0,0.0,0.0,1.714,7665.0,15.0,1.071,15.0,14.0,False,DOWN,False,0.643,0.375,True,False,False,False,True,True,1,2,0.208,0.357,0.333,4B_TRAP,False,True,24.72,0.17,0.202,-1.092,-1.133,14.0,-1.643
2026-07-16T21:40:00,CRUDEOIL,2026-07-16,train,CHOP,FAILED_BREAKOUT,SHORT,0.9404,0.5909,0.3182,0.0909,0.901,7676.0,16.0,1.109,16.0,14.4286,False,UP,False,1.871,1.227,False,False,False,True,True,True,3,1,0.409,0.624,0.562,4B_TRAP,False,True,20.66,0.24,0.339,-2.711,-2.759,14.429,-1.455
2026-07-16T21:45:00,CRUDEOIL,2026-07-16,train,CHOP,FAILED_BREAKOUT,LONG,0.9803,0.8519,0.0,0.1481,1.526,7680.0,0.0,0.0,0.0,15.0714,False,DOWN,False,2.588,1.444,False,False,False,False,True,True,1,2,0.481,0.863,13000000000.0,4B_TRAP,False,True,27.81,0.15,1.294,-1.079,-1.115,15.071,-1.261
2026-07-16T22:40:00,CRUDEOIL,2026-07-16,train,CHOP,FAILED_BREAKOUT,LONG,0.9387,0.625,0.375,0.0,0.861,7624.0,19.0,1.09,19.0,17.4286,False,DOWN,False,1.377,1.0,False,False,False,True,True,True,4,1,0.458,0.631,0.579,4B_TRAP,False,True,15.72,1.78,0.064,-1.463,-1.527,17.429,-1.377
2026-07-16T22:45:00,CRUDEOIL,2026-07-16,train,CHOP,FAILED_BREAKOUT,SHORT,0.939,1.0,0.0,0.0,1.297,7628.0,8.0,0.432,8.0,18.5,True,DOWN,True,0.811,0.625,True,True,False,False,False,True,1,3,0.125,0.162,0.375,4X_AMBIG,True,False,24.72,0.36,0.93,-0.607,0.769,18.5,1.027
2026-07-16T23:00:00,CRUDEOIL,2026-07-16,train,CHOP,FAILED_BREAKOUT,LONG,0.9042,0.4762,0.1905,0.3333,0.657,7618.0,13.0,0.854,13.0,15.2143,False,DOWN,False,0.394,0.286,True,False,False,False,True,True,1,2,0.143,0.197,0.231,4B_TRAP,False,True,17.63,1.19,0.0,-1.758,-1.815,15.214,-2.103
2026-07-17T10:40:00,CRUDEOIL,2026-07-17,train,TREND_UP,OPENING_DRIVE,SHORT,0.9,1.0,0.0,0.0,1.101,7682.03,5.03,0.791,5.03,6.3571,False,UP,False,0.787,0.714,True,True,True,False,False,False,1,,0.0,0.0,0.0,4A_CONT,False,False,7.21,0.97,10.68,-0.693,2.861,6.357,2.843
2026-07-17T10:55:00,CRUDEOIL,2026-07-17,train,TREND_UP,OPENING_DRIVE,SHORT,0.9565,0.8,0.0,0.2,1.191,7670.0,1.0,0.149,1.0,6.7143,True,DOWN,True,1.489,1.0,False,False,False,True,True,True,2,1,0.3,0.447,3.0,4B_TRAP,False,True,8.3,,0.0,-1.566,-1.687,6.714,-2.085
2026-07-17T11:00:00,CRUDEOIL,2026-07-17,train,TREND_UP,OPENING_DRIVE,SHORT,0.9583,0.1,0.8,0.1,0.136,7677.0,4.0,0.544,4.0,7.3571,True,DOWN,True,0.951,0.7,True,True,True,False,False,False,1,,0.0,0.0,0.0,4A_CONT,False,False,9.3,0.65,7.849,0.0,2.892,7.357,2.864
2026-07-17T11:10:00,CRUDEOIL,2026-07-17,train,TREND_UP,OPENING_DRIVE,SHORT,1.0,0.6852,0.0,0.3148,3.178,7657.0,40.0,3.436,40.0,11.6429,True,DOWN,True,1.202,0.259,True,True,True,False,False,False,1,,0.0,0.0,0.0,4B_TRAP,True,False,38.62,,1.036,-1.036,-1.062,11.643,-1.288
2026-07-17T11:15:00,CRUDEOIL,2026-07-17,train,TREND_UP,TRENDING,SHORT,0.9259,0.6429,0.0714,0.2857,0.728,7600.0,-3.0,-0.243,3.0,12.3571,False,UP,False,1.861,1.643,False,False,False,True,True,True,3,1,2.214,2.509,10.333,4B_TRAP,False,True,10.42,0.29,0.0,-2.687,-2.783,12.357,-2.347
2026-07-17T11:20:00,CRUDEOIL,2026-07-17,train,TREND_UP,TRENDING,LONG,0.9643,1.0,0.0,0.0,1.643,7613.0,18.0,1.286,18.0,14.0,False,DOWN,False,1.071,0.652,True,False,False,False,True,True,1,2,1.522,2.5,1.944,4B_TRAP,False,True,23.69,2.15,0.0,-1.731,-1.773,14.0,-1.214
2026-07-17T11:30:00,CRUDEOIL,2026-07-17,train,TREND_UP,TRENDING,SHORT,0.9667,0.8571,0.0,0.1429,1.455,7599.0,5.0,0.303,5.0,16.5,False,UP,False,0.485,0.286,True,True,False,False,False,True,1,3,0.357,0.606,2.0,4B_TRAP,False,True,24.84,,0.684,-1.369,-1.409,16.5,-1.152
2026-07-17T11:45:00,CRUDEOIL,2026-07-17,train,TREND_UP,TRENDING,LONG,0.9394,0.7391,0.0,0.2609,0.895,7585.0,24.0,1.263,24.0,19.0,False,DOWN,False,0.632,0.522,True,True,True,False,False,False,1,,0.0,0.0,0.0,4A_CONT,False,False,23.69,0.93,3.377,-0.38,2.958,19.0,2.947
2026-07-17T11:55:00,CRUDEOIL,2026-07-17,train,TREND_UP,TRENDING,LONG,0.9429,1.0,0.0,0.0,1.312,7612.0,16.0,0.778,16.0,20.5714,False,DOWN,False,0.583,0.444,True,True,True,False,False,False,1,,0.0,0.0,0.0,4A_CONT,False,False,27.81,0.11,3.883,-0.467,2.964,20.571,2.951
2026-07-17T12:05:00,CRUDEOIL,2026-07-17,train,TREND_UP,FAILED_BREAKOUT,LONG,0.973,1.0,0.0,0.0,1.241,7628.0,29.0,1.285,29.0,22.5714,False,DOWN,False,0.354,0.286,True,True,True,False,False,False,1,,0.0,0.0,0.0,4A_CONT,False,False,28.84,1.62,3.155,-0.936,2.965,22.571,-1.152
2026-07-17T13:45:00,CRUDEOIL,2026-07-17,train,TREND_UP,FAILED_BREAKOUT,SHORT,0.9298,1.0,0.0,0.0,1.655,7646.0,6.0,0.414,6.0,14.5,False,UP,False,2.069,1.25,False,False,False,True,True,True,,1,1.708,2.828,6.833,4B_TRAP,False,True,24.72,0.4,0.0,-1.214,-1.254,14.5,-2.138
2026-07-17T13:50:00,CRUDEOIL,2026-07-17,train,TREND_UP,FAILED_BREAKOUT,LONG,0.9828,1.0,0.0,0.0,1.867,7667.0,3.0,0.187,3.0,16.0714,True,UP,True,0.809,0.433,True,True,True,False,False,False,1,,0.0,0.0,0.0,4A_CONT,True,False,30.9,1.0,3.074,-0.129,2.968,16.071,2.938
2026-07-17T17:05:00,CRUDEOIL,2026-07-17,train,TREND_UP,FAILED_BREAKDOWN,SHORT,0.9485,1.0,0.0,0.0,2.074,7766.0,2.0,0.173,2.0,11.5714,True,DOWN,True,0.432,0.208,True,False,False,False,False,True,1,2,0.625,1.296,7.5,4B_TRAP,True,True,24.72,7.47,0.324,-1.052,-1.092,11.571,-1.728
2026-07-17T18:30:00,CRUDEOIL,2026-07-17,train,TREND_UP,FAILED_BREAKDOWN,LONG,1.0,1.0,0.0,0.0,3.301,7808.0,46.0,2.812,46.0,16.3571,False,DOWN,False,1.284,0.389,True,True,True,False,False,False,1,,0.0,0.0,0.0,4B_TRAP,False,False,55.62,,0.611,-1.133,-1.151,16.357,-1.467
2026-07-17T18:40:00,CRUDEOIL,2026-07-17,train,TREND_UP,TRENDING,LONG,0.9138,1.0,0.0,0.0,1.189,7752.66,97.34,5.262,97.34,18.5,True,UP,True,0.703,0.591,True,True,True,False,False,False,1,,0.0,0.0,0.0,4B_TRAP,True,False,22.66,0.18,0.706,-1.015,-1.059,18.5,-1.189
2026-07-17T19:05:00,CRUDEOIL,2026-07-17,train,TREND_UP,TRENDING,SHORT,0.9752,1.0,0.0,0.0,1.366,7855.0,26.0,1.268,26.0,20.5,False,UP,False,1.463,1.071,False,False,False,True,True,True,,1,0.786,1.073,0.846,4B_TRAP,False,True,28.84,0.03,0.069,-1.248,-1.283,20.5,-1.415
2026-07-17T19:10:00,CRUDEOIL,2026-07-17,train,TREND_UP,TRENDING,LONG,0.9836,1.0,0.0,0.0,1.395,7857.0,0.0,0.0,0.0,21.5,True,UP,True,0.186,0.133,False,False,False,False,False,False,1,5,0.0,0.0,0.0,4B_TRAP,False,False,30.9,0.29,1.003,-1.294,-1.327,21.5,-1.349
2026-07-17T19:35:00,CRUDEOIL,2026-07-17,train,TREND_UP,TRENDING,SHORT,0.9843,1.0,0.0,0.0,1.556,7873.0,19.0,0.869,19.0,21.8571,False,UP,False,0.32,0.206,False,False,False,True,True,True,2,1,0.059,0.092,0.105,4B_TRAP,False,True,35.02,0.77,2.913,-1.399,-1.428,21.857,-1.098
2026-07-17T20:30:00,CRUDEOIL,2026-07-17,train,TREND_UP,FAILED_BREAKDOWN,SHORT,0.9203,0.9565,0.0435,0.0,1.242,7791.0,19.0,1.073,19.0,17.7143,False,UP,False,0.903,0.696,True,True,False,False,False,True,1,3,0.13,0.169,0.158,4B_TRAP,False,True,23.69,8.09,0.844,-1.393,-1.435,17.714,-1.919
2026-07-17T20:40:00,CRUDEOIL,2026-07-17,train,TREND_UP,FAILED_BREAKOUT,LONG,0.9214,0.8696,0.1304,0.0,1.065,7774.61,-2.61,-0.139,2.61,18.7857,True,UP,True,1.065,0.87,False,False,False,False,False,False,1,,0.0,0.0,0.0,4A_CONT,False,False,20.69,0.13,3.673,0.0,2.952,18.786,2.947
2026-07-17T20:50:00,CRUDEOIL,2026-07-17,train,TREND_UP,FAILED_BREAKOUT,LONG,0.9648,0.7857,0.0,0.2143,1.154,7805.0,4.0,0.21,4.0,19.0714,True,UP,True,0.839,0.571,True,True,True,False,False,False,1,,0.0,0.0,0.0,4A_CONT,True,False,28.84,1.25,3.259,0.0,2.965,19.071,2.948
2026-07-17T21:00:00,CRUDEOIL,2026-07-17,train,TREND_UP,FAILED_BREAKDOWN,LONG,0.9861,1.0,0.0,0.0,1.768,7845.0,3.0,0.147,3.0,20.3571,True,UP,True,0.933,0.528,True,False,False,False,True,True,1,2,0.167,0.295,2.0,4A_CONT,False,False,37.08,1.08,2.994,-0.539,2.859,20.357,2.951
2026-07-17T21:30:00,CRUDEOIL,2026-07-17,train,TREND_UP,TRENDING,LONG,1.0,0.9483,0.0517,0.0,2.278,7888.0,12.0,0.497,12.0,24.1429,True,UP,True,1.201,0.5,True,True,True,False,False,False,1,,0.0,0.0,0.0,4X_AMBIG,True,False,56.74,,1.04,-0.247,0.952,24.143,2.237
2026-07-17T21:35:00,CRUDEOIL,2026-07-17,train,TREND_UP,TRENDING,LONG,0.9536,0.0345,0.3448,0.6207,0.041,7903.0,2.0,0.082,2.0,24.3571,False,DOWN,False,0.411,0.345,True,False,False,False,True,True,1,2,0.069,0.082,1.0,4A_CONT,False,False,19.87,,2.718,-0.604,2.466,24.357,2.012
2026-07-17T22:20:00,CRUDEOIL,2026-07-17,train,TREND_UP,TRENDING,LONG,0.925,1.0,0.0,0.0,1.432,7920.0,1.0,0.053,1.0,18.8571,False,DOWN,False,0.265,0.185,True,False,False,False,True,True,1,2,0.37,0.53,10.0,4X_AMBIG,False,False,27.81,,1.366,-0.575,1.187,18.857,1.75
2026-07-20T10:20:00,CRUDEOIL,2026-07-20,train,CHOP,OPENING_DRIVE,LONG,1.0,0.9524,0.0,0.0476,2.014,8130.0,13.0,1.309,13.0,9.9286,False,DOWN,False,1.511,0.714,False,False,False,True,True,True,,1,0.238,0.504,0.385,4B_TRAP,False,True,21.63,0.31,0.0,-1.017,-1.063,9.929,-1.914
2026-07-20T10:55:00,CRUDEOIL,2026-07-20,train,CHOP,OPENING_DRIVE,LONG,0.9565,0.7778,0.2222,0.0,1.543,8142.6,-2.6,-0.287,2.6,9.0714,False,DOWN,False,0.882,0.444,False,False,False,True,True,True,4,1,1.2,2.381,8.308,4B_TRAP,False,True,14.54,0.18,0.138,-1.307,-1.376,9.071,-2.205
2026-07-20T11:10:00,CRUDEOIL,2026-07-20,train,CHOP,OPENING_DRIVE,LONG,1.0,1.0,0.0,0.0,1.897,8133.0,9.0,0.813,9.0,11.0714,True,UP,True,0.994,0.524,True,True,True,False,False,False,1,,0.0,0.0,0.0,4B_TRAP,True,False,21.63,0.01,2.497,-2.45,-2.497,11.071,2.91
2026-07-20T11:45:00,CRUDEOIL,2026-07-20,train,CHOP,TRENDING,LONG,0.9394,0.6316,0.1053,0.2632,0.908,8185.0,5.0,0.378,5.0,13.2143,False,DOWN,False,2.27,1.579,False,False,False,True,True,True,,1,1.316,1.892,5.0,4B_TRAP,False,True,17.57,,0.341,-1.366,-1.423,13.214,-1.892
2026-07-20T11:50:00,CRUDEOIL,2026-07-20,train,CHOP,TRENDING,SHORT,1.0,0.9333,0.0667,0.0,1.894,8173.0,7.0,0.473,7.0,14.7857,True,DOWN,True,0.879,0.433,True,True,False,False,False,True,1,3,0.367,0.744,1.571,4A_CONT,True,False,30.9,0.87,3.236,-0.777,2.968,14.786,-1.285
2026-07-20T12:10:00,CRUDEOIL,2026-07-20,train,CHOP,TRENDING,SHORT,1.0,0.6452,0.0,0.3548,1.197,8160.0,-10.0,-0.598,10.0,16.7143,True,DOWN,True,0.897,0.484,False,False,False,False,False,True,2,1,0.387,0.718,1.2,4A_CONT,False,False,20.93,0.48,3.87,-0.956,2.952,16.714,-1.256
2026-07-20T12:25:00,CRUDEOIL,2026-07-20,train,CHOP,FAILED_BREAKOUT,LONG,0.9024,0.7895,0.0,0.2105,0.901,8159.0,13.0,0.781,13.0,16.6429,True,UP,True,0.12,0.105,False,False,False,True,True,True,2,1,0.421,0.481,0.615,4B_TRAP,False,True,19.57,0.92,0.0,-1.124,-1.175,16.643,-1.382
2026-07-20T12:35:00,CRUDEOIL,2026-07-20,train,CHOP,FAILED_BREAKOUT,LONG,1.0,0.9487,0.0513,0.0,1.97,8172.0,16.0,0.852,16.0,18.7857,False,DOWN,False,0.852,0.41,True,False,False,False,True,True,1,2,1.256,2.608,3.062,4B_TRAP,False,True,38.17,0.21,0.0,-1.703,-1.729,18.786,-1.437
2026-07-20T12:50:00,CRUDEOIL,2026-07-20,train,CHOP,TRENDING,SHORT,0.9348,1.0,0.0,0.0,1.381,8150.0,27.0,1.286,27.0,21.0,True,DOWN,True,1.095,0.793,True,True,True,False,False,False,1,,0.0,0.0,0.0,4A_CONT,True,False,29.87,0.09,3.984,0.0,2.967,21.0,2.952
2026-07-20T12:55:00,CRUDEOIL,2026-07-20,train,CHOP,FAILED_BREAKOUT,SHORT,0.9149,0.7391,0.2609,0.0,0.77,8118.0,29.0,1.314,29.0,22.0714,True,DOWN,True,0.816,0.783,True,True,True,False,False,False,1,,0.0,0.0,0.0,4A_CONT,True,False,23.69,,3.588,0.0,2.958,22.071,2.955
2026-07-20T13:10:00,CRUDEOIL,2026-07-20,train,CHOP,FAILED_BREAKOUT,SHORT,0.98,1.0,0.0,0.0,1.236,8052.0,48.0,1.915,48.0,25.0714,False,UP,False,1.715,1.387,True,True,True,False,False,False,1,,0.0,0.0,0.0,4A_CONT,False,False,31.93,,3.069,-0.783,2.969,25.071,2.96
2026-07-20T13:40:00,CRUDEOIL,2026-07-20,train,CHOP,TRENDING,SHORT,0.9643,0.8788,0.1212,0.0,1.044,7954.0,13.0,0.468,13.0,27.7857,True,DOWN,True,0.288,0.242,True,True,True,False,False,False,1,,0.0,0.0,0.0,4A_CONT,True,False,33.99,,4.531,-0.647,2.971,27.786,2.964
2026-07-20T14:15:00,CRUDEOIL,2026-07-20,train,CHOP,TRENDING,SHORT,0.9206,1.0,0.0,0.0,1.2,7905.0,9.0,0.36,9.0,25.0,False,UP,False,1.0,0.833,False,False,False,True,True,True,,1,0.733,0.88,2.444,4B_TRAP,False,True,30.9,,0.032,-1.003,-1.036,25.0,-1.16
2026-07-20T16:30:00,CRUDEOIL,2026-07-20,train,CHOP,TRENDING,SHORT,0.9111,1.0,0.0,0.0,1.941,7931.84,16.84,1.167,16.84,14.4286,False,UP,False,0.832,0.429,True,False,False,False,True,True,1,2,0.291,0.566,0.485,4B_TRAP,False,True,28.84,0.45,0.069,-1.075,-1.11,14.429,-1.733
2026-07-20T17:00:00,CRUDEOIL,2026-07-20,train,CHOP,TRENDING,SHORT,1.0,0.8429,0.0714,0.0857,2.691,7875.0,82.0,3.739,82.0,21.9286,True,DOWN,True,1.459,0.457,True,True,True,False,False,False,1,,0.0,0.0,0.0,4B_TRAP,True,False,66.1,,0.666,-1.952,-1.967,21.929,-1.049
2026-07-20T17:05:00,CRUDEOIL,2026-07-20,train,CHOP,TRENDING,SHORT,0.9588,0.4062,0.5938,0.0,0.547,7787.0,25.0,1.051,25.0,23.7857,False,UP,False,0.799,0.594,True,False,False,False,True,True,1,2,0.875,1.177,1.12,4B_TRAP,False,True,32.96,,0.394,-1.608,-1.638,23.786,-2.27
2026-07-20T17:15:00,CRUDEOIL,2026-07-20,train,CHOP,TRENDING,LONG,0.9899,1.0,0.0,0.0,1.708,7768.0,47.0,1.745,47.0,26.9286,False,DOWN,False,0.706,0.413,True,True,True,False,False,False,1,,0.0,0.0,0.0,4A_CONT,False,False,47.38,2.76,3.208,-0.211,2.979,26.929,2.963
2026-07-20T17:30:00,CRUDEOIL,2026-07-20,train,CHOP,TRENDING,LONG,1.0,0.8673,0.1327,0.0,2.459,7825.0,84.0,2.43,84.0,34.5714,True,UP,True,0.521,0.184,True,True,True,False,False,False,1,,0.0,0.0,0.0,4X_AMBIG,True,False,87.94,0.42,1.171,-0.193,1.046,34.571,2.661
2026-07-20T17:40:00,CRUDEOIL,2026-07-20,train,CHOP,FAILED_BREAKOUT,SHORT,0.9423,0.5312,0.375,0.0938,0.483,7911.0,-1.0,-0.028,1.0,35.2143,False,UP,False,0.596,0.656,False,False,False,True,True,True,,1,1.75,1.59,56.0,4B_TRAP,False,True,29.96,3.57,0.067,-1.836,-1.869,35.214,-1.59
2026-07-20T18:10:00,CRUDEOIL,2026-07-20,train,CHOP,FAILED_BREAKOUT,LONG,0.9273,0.5806,0.4194,0.0,0.551,7979.0,-3.0,-0.092,3.0,32.6429,False,DOWN,False,1.47,1.548,False,False,False,True,True,True,,1,1.226,1.164,12.667,4B_TRAP,False,True,18.93,0.16,0.158,-2.377,-2.43,32.643,-1.409
2026-07-20T18:15:00,CRUDEOIL,2026-07-20,train,CHOP,FAILED_BREAKOUT,SHORT,0.982,0.7292,0.0625,0.2083,1.036,7939.0,-2.0,-0.059,2.0,33.7857,False,UP,False,0.562,0.396,False,False,False,True,True,True,3,1,0.729,1.036,17.5,4B_TRAP,False,True,39.44,0.05,0.0,-1.141,-1.166,33.786,-1.362
2026-07-20T18:30:00,CRUDEOIL,2026-07-20,train,CHOP,FAILED_BREAKOUT,SHORT,0.9211,0.8065,0.1935,0.0,0.726,7963.0,30.0,0.871,30.0,34.4286,False,UP,False,0.61,0.677,True,True,True,False,False,False,1,,0.0,0.0,0.0,4B_TRAP,False,False,31.93,0.06,1.284,-1.253,-1.284,34.429,-1.191
2026-07-20T20:30:00,CRUDEOIL,2026-07-20,train,CHOP,FAILED_BREAKOUT,SHORT,0.9058,1.0,0.0,0.0,1.377,7957.0,12.0,0.551,12.0,21.7857,True,DOWN,True,1.79,1.3,True,True,True,False,False,False,1,,0.0,0.0,0.0,4B_TRAP,True,False,30.9,1.23,1.327,-1.65,-1.683,21.786,-1.148
2026-07-20T20:35:00,CRUDEOIL,2026-07-20,train,CHOP,FAILED_BREAKOUT,SHORT,0.964,0.8205,0.1795,0.0,1.31,7945.0,32.0,1.31,32.0,24.4286,False,UP,False,0.942,0.59,True,True,True,False,False,False,1,,0.0,0.0,0.0,4B_TRAP,False,False,40.17,0.15,0.224,-1.394,-1.419,24.429,-1.105
2026-07-20T22:10:00,CRUDEOIL,2026-07-20,train,CHOP,FAILED_BREAKOUT,SHORT,0.9873,0.3846,0.6154,0.0,1.279,7944.0,-20.0,-1.279,20.0,15.6429,True,DOWN,True,1.087,0.327,False,False,False,False,True,True,1,2,0.462,1.534,1.2,4B_TRAP,False,True,33.56,1.79,0.685,-1.073,-1.103,15.643,-1.342
2026-07-21T10:05:00,CRUDEOIL,2026-07-21,train,TREND_UP,OPENING_DRIVE,SHORT,0.9167,0.9167,0.0,0.0833,1.305,7941.0,1.0,0.119,1.0,8.4286,False,UP,False,0.593,0.417,False,False,False,False,True,True,3,1,0.083,0.119,1.0,4B_TRAP,False,True,11.36,1.06,0.352,-1.673,-1.761,8.429,-2.373
2026-07-21T11:00:00,CRUDEOIL,2026-07-21,train,TREND_UP,OPENING_DRIVE,SHORT,1.0,0.5385,0.0,0.4615,0.86,7950.0,-3.0,-0.368,3.0,8.1429,True,DOWN,True,0.368,0.231,False,False,False,True,True,True,2,1,0.077,0.123,0.333,4A_CONT,False,False,7.39,0.41,3.112,-0.135,2.865,8.143,2.877
2026-07-21T11:10:00,CRUDEOIL,2026-07-21,train,TREND_UP,OPENING_DRIVE,SHORT,1.0,0.8,0.2,0.0,1.448,7938.04,8.04,0.97,8.04,8.2857,True,DOWN,True,2.655,1.467,True,True,True,False,False,False,1,,0.0,0.0,0.0,4B_TRAP,True,False,15.45,0.52,1.294,-1.553,-1.618,8.286,-1.328
2026-07-21T11:15:00,CRUDEOIL,2026-07-21,train,TREND_UP,OPENING_DRIVE,SHORT,1.0,0.9091,0.0909,0.0,2.24,7922.0,4.0,0.448,4.0,8.9286,False,UP,False,0.672,0.273,True,False,False,False,True,True,1,2,0.409,1.008,2.25,4B_TRAP,False,True,22.66,,0.353,-1.059,-1.103,8.929,-1.568
2026-07-21T11:25:00,CRUDEOIL,2026-07-21,train,TREND_UP,TRENDING,LONG,0.9643,1.0,0.0,0.0,1.712,7922.0,9.0,0.906,9.0,9.9286,False,DOWN,False,0.806,0.471,True,True,True,False,False,False,1,,0.0,0.0,0.0,4B_TRAP,False,False,17.51,1.66,0.514,-1.199,-1.256,9.929,-1.209
2026-07-21T11:40:00,CRUDEOIL,2026-07-21,train,TREND_UP,OPENING_DRIVE,LONG,0.9032,0.6923,0.3077,0.0,0.857,7935.0,1.0,0.095,1.0,10.5,False,DOWN,False,1.429,1.154,False,False,False,True,True,True,,1,1.615,2.0,21.0,4B_TRAP,False,True,9.39,2.45,0.0,-1.704,-1.81,10.5,-1.619
2026-07-21T11:45:00,CRUDEOIL,2026-07-21,train,TREND_UP,OPENING_DRIVE,LONG,0.9375,0.2667,0.0,0.7333,0.373,7935.0,-4.0,-0.373,4.0,10.7143,False,DOWN,False,0.84,0.6,False,False,False,True,True,True,,1,1.4,1.96,5.25,4B_TRAP,False,True,11.45,0.35,0.349,-1.485,-1.572,10.714,-1.68
2026-07-21T11:55:00,CRUDEOIL,2026-07-21,train,TREND_UP,OPENING_DRIVE,SHORT,0.9412,1.0,0.0,0.0,1.409,7914.0,0.0,0.0,0.0,11.3571,False,UP,False,1.497,1.062,False,False,False,True,True,True,,1,0.75,1.057,12000000000.0,4B_TRAP,False,True,16.48,,0.243,-1.214,-1.274,11.357,-1.233
2026-07-21T12:40:00,CRUDEOIL,2026-07-21,train,TREND_UP,OPENING_DRIVE,LONG,1.0,0.9091,0.0909,0.0,1.657,7966.0,13.0,1.077,13.0,12.0714,True,UP,True,0.994,0.545,True,True,True,False,False,False,1,5,0.0,0.0,0.0,4B_TRAP,True,False,20.66,,1.791,-1.791,-1.839,12.071,2.917
2026-07-21T13:00:00,CRUDEOIL,2026-07-21,train,TREND_UP,TRENDING,SHORT,1.0,0.9149,0.0851,0.0,2.951,7990.0,21.0,1.441,21.0,14.5714,True,DOWN,True,1.373,0.426,True,True,True,False,False,False,1,,0.0,0.0,0.0,4B_TRAP,True,False,48.41,0.86,2.169,-1.281,-1.301,14.571,2.931
2026-07-21T13:05:00,CRUDEOIL,2026-07-21,train,TREND_UP,FAILED_BREAKDOWN,LONG,0.9375,0.4,0.0,0.6,0.521,7958.03,-4.03,-0.262,4.03,15.3571,True,UP,True,0.716,0.55,False,False,False,True,True,True,,1,2.001,2.607,9.933,4B_TRAP,False,True,12.6,0.32,0.0,-1.667,-1.746,15.357,-1.433
2026-07-21T13:20:00,CRUDEOIL,2026-07-21,train,TREND_UP,FAILED_BREAKOUT,SHORT,0.9804,0.7727,0.2273,0.0,0.926,7919.0,1.0,0.054,1.0,18.3571,True,DOWN,True,0.436,0.364,True,True,True,False,False,False,1,,0.0,0.0,0.0,4B_TRAP,True,False,22.66,0.35,2.383,-1.677,-1.721,18.357,-1.089
2026-07-21T13:30:00,CRUDEOIL,2026-07-21,train,TREND_UP,FAILED_BREAKOUT,SHORT,0.9811,0.963,0.037,0.0,1.319,7909.0,21.0,1.065,21.0,19.7143,True,DOWN,True,1.014,0.741,True,True,True,False,False,False,1,5,0.0,0.0,0.0,4B_TRAP,True,False,27.81,,0.863,-1.33,-1.366,19.714,-1.268
2026-07-21T13:35:00,CRUDEOIL,2026-07-21,train,TREND_UP,FAILED_BREAKOUT,SHORT,0.9074,1.0,0.0,0.0,0.993,7888.0,20.0,0.993,20.0,20.1429,True,DOWN,True,0.397,0.4,True,True,True,False,False,False,1,4,0.0,0.0,0.0,4B_TRAP,True,False,20.6,,0.194,-1.456,-1.505,20.143,-1.539
2026-07-21T13:45:00,CRUDEOIL,2026-07-21,train,TREND_UP,TRENDING,LONG,0.9107,0.6,0.4,0.0,0.575,7881.0,-5.0,-0.24,5.0,20.8571,True,UP,True,0.719,0.75,False,False,False,False,False,False,1,,0.0,0.0,0.0,4A_CONT,False,False,12.6,5.08,3.889,0.0,2.921,20.857,2.952
2026-07-21T13:55:00,CRUDEOIL,2026-07-21,train,TREND_UP,FAILED_BREAKOUT,LONG,0.9828,0.8889,0.0,0.1111,1.135,7898.0,14.0,0.662,14.0,21.1429,True,UP,True,0.52,0.407,True,True,True,False,False,False,1,,0.0,0.0,0.0,4A_CONT,True,False,27.81,1.01,3.308,-0.18,2.964,21.143,2.953
2026-07-21T14:15:00,CRUDEOIL,2026-07-21,train,TREND_UP,FAILED_BREAKOUT,LONG,0.9032,0.7619,0.2381,0.0,0.827,7925.0,7.0,0.362,7.0,19.3571,True,UP,True,1.343,1.238,True,True,False,False,False,True,1,3,0.095,0.103,0.286,4B_TRAP,True,True,16.63,1.53,1.443,-1.082,-1.143,19.357,2.948
2026-07-21T14:55:00,CRUDEOIL,2026-07-21,train,TREND_UP,FAILED_BREAKOUT,LONG,0.9857,1.0,0.0,0.0,1.936,7954.25,49.75,2.47,49.75,20.1429,False,DOWN,False,1.638,0.846,True,True,True,False,False,False,1,,0.0,0.0,0.0,4B_TRAP,False,False,40.17,0.3,0.996,-1.195,-1.22,20.143,-1.241
2026-07-21T15:05:00,CRUDEOIL,2026-07-21,train,TREND_UP,FAILED_BREAKDOWN,LONG,0.9583,1.0,0.0,0.0,1.414,7954.25,56.75,2.675,56.75,21.2143,False,DOWN,False,0.66,0.467,True,True,True,False,False,False,1,,0.0,0.0,0.0,4B_TRAP,False,False,30.9,0.16,1.068,-1.78,-1.812,21.214,-2.64
2026-07-21T15:20:00,CRUDEOIL,2026-07-21,train,TREND_UP,FAILED_BREAKDOWN,LONG,0.9733,0.9091,0.0909,0.0,1.325,8016.0,12.0,0.53,12.0,22.6429,True,UP,True,0.707,0.485,True,True,True,False,False,False,1,4,0.0,0.0,0.0,4B_TRAP,True,False,30.99,,0.516,-2.323,-2.356,22.643,-3.224
2026-07-21T15:40:00,CRUDEOIL,2026-07-21,train,TREND_UP,FAILED_BREAKDOWN,SHORT,1.0,0.6892,0.0,0.3108,2.017,8015.0,36.0,1.424,36.0,25.2857,False,UP,False,0.672,0.23,True,True,True,False,False,False,1,,0.0,0.0,0.0,4B_TRAP,False,False,53.22,1.21,0.0,-1.127,-1.146,25.286,-1.266
2026-07-21T17:45:00,CRUDEOIL,2026-07-21,train,TREND_UP,TRENDING,LONG,0.9712,1.0,0.0,0.0,1.863,8072.0,27.0,1.524,27.0,17.7143,False,DOWN,False,0.847,0.455,True,True,True,False,False,False,1,,0.0,0.0,0.0,4A_CONT,False,False,33.99,0.15,3.001,-0.147,2.971,17.714,2.944
2026-07-21T17:55:00,CRUDEOIL,2026-07-21,train,TREND_UP,TRENDING,LONG,0.934,1.0,0.0,0.0,1.432,8110.0,11.0,0.583,11.0,18.8571,False,DOWN,False,0.636,0.444,False,False,False,True,True,True,3,1,0.074,0.106,0.182,4A_CONT,False,False,27.81,,2.877,-0.683,1.079,18.857,-1.061
2026-07-21T18:30:00,CRUDEOIL,2026-07-21,train,TREND_UP,TRENDING,LONG,0.9027,0.8261,0.0435,0.1304,0.967,8134.0,11.0,0.56,11.0,19.6429,True,UP,True,1.12,0.957,True,True,True,False,False,False,1,,0.0,0.0,0.0,4B_TRAP,True,False,22.69,,2.468,-1.058,-1.102,19.643,-1.273
2026-07-21T19:00:00,CRUDEOIL,2026-07-21,train,TREND_UP,TRENDING,SHORT,0.9748,0.7576,0.2424,0.0,1.326,8150.0,2.0,0.106,2.0,18.8571,False,UP,False,1.697,0.97,False,False,False,True,True,True,,1,1.333,2.333,22.0,4B_TRAP,False,True,33.99,0.53,0.235,-1.353,-1.383,18.857,-1.326
2026-07-21T19:05:00,CRUDEOIL,2026-07-21,train,TREND_UP,TRENDING,LONG,0.9417,0.5625,0.4062,0.0312,0.937,8157.0,2.0,0.104,2.0,19.2143,True,UP,True,1.249,0.75,True,True,False,False,False,True,1,3,0.062,0.104,1.0,4B_TRAP,True,True,19.96,1.1,1.754,-1.303,-1.353,19.214,-1.405
2026-07-21T20:00:00,CRUDEOIL,2026-07-21,train,TREND_UP,TRENDING,LONG,0.9008,1.0,0.0,0.0,1.036,8194.0,1.0,0.041,1.0,24.1429,False,DOWN,False,0.58,0.56,False,False,False,True,True,True,,1,1.72,1.781,43.0,4B_TRAP,False,True,25.75,,0.233,-1.087,-1.126,24.143,-1.201
2026-07-21T20:10:00,CRUDEOIL,2026-07-21,train,TREND_UP,TRENDING,SHORT,0.9098,1.0,0.0,0.0,1.13,8187.0,20.0,0.87,20.0,23.0,True,DOWN,True,1.391,1.231,True,True,True,False,False,False,1,,0.0,0.0,0.0,4X_AMBIG,True,False,26.78,1.27,1.904,-0.822,0.597,23.0,0.696
2026-07-21T20:15:00,CRUDEOIL,2026-07-21,train,TREND_UP,TRENDING,SHORT,0.9478,0.375,0.0312,0.5938,0.517,8133.0,-18.0,-0.775,18.0,23.2143,True,DOWN,True,0.862,0.625,False,False,False,True,True,True,,1,1.531,2.111,2.722,4B_TRAP,False,True,13.96,1.29,0.215,-1.218,-1.289,23.214,-1.249
2026-07-21T20:25:00,CRUDEOIL,2026-07-21,train,TREND_UP,TRENDING,LONG,0.9779,0.75,0.1667,0.0833,1.156,8168.0,5.0,0.214,5.0,23.3571,True,UP,True,0.557,0.361,True,False,False,False,False,True,1,2,0.833,1.284,6.0,4B_TRAP,True,True,31.08,0.9,0.515,-1.126,-1.158,23.357,-1.541
2026-07-21T20:40:00,CRUDEOIL,2026-07-21,train,TREND_UP,TRENDING,SHORT,0.9209,1.0,0.0,0.0,1.135,8143.0,5.0,0.21,5.0,23.7857,True,DOWN,True,0.673,0.593,True,True,False,False,False,True,1,3,0.667,0.757,3.6,4B_TRAP,True,True,27.81,8.21,0.791,-1.007,-1.043,23.786,-1.177
2026-07-21T22:40:00,CRUDEOIL,2026-07-21,train,TREND_UP,TRENDING,SHORT,0.9387,0.7742,0.2258,0.0,1.672,8147.0,22.0,1.532,22.0,14.3571,False,UP,False,1.114,0.516,True,True,True,False,False,False,1,4,0.0,0.0,0.0,4B_TRAP,False,False,31.93,6.74,0.0,-1.002,-1.034,14.357,-1.323
2026-07-22T10:50:00,CRUDEOIL,2026-07-22,train,TREND_UP,TRENDING,SHORT,1.0,0.75,0.0,0.25,1.145,8260.0,-3.0,-0.382,3.0,7.8571,True,DOWN,True,1.145,0.75,False,False,False,False,False,False,1,,0.0,0.0,0.0,4A_CONT,False,False,9.36,0.32,3.098,-0.321,2.893,7.857,2.873
2026-07-22T11:00:00,CRUDEOIL,2026-07-22,train,TREND_UP,TRENDING,SHORT,1.0,0.4667,0.0,0.5333,0.803,8257.0,-2.0,-0.23,2.0,8.7143,True,DOWN,True,2.639,1.533,False,False,False,False,False,False,1,,0.0,0.0,0.0,4A_CONT,False,False,7.45,4.76,3.356,-0.134,2.866,8.714,2.885
2026-07-22T11:05:00,CRUDEOIL,2026-07-22,train,TREND_UP,TRENDING,SHORT,1.0,0.5217,0.2174,0.2609,1.263,8251.0,8.0,0.842,8.0,9.5,True,DOWN,True,0.632,0.261,True,True,True,False,False,False,1,,0.0,0.0,0.0,4B_TRAP,False,False,17.69,1.1,1.018,-3.561,-3.618,9.5,-1.789
2026-07-22T11:20:00,CRUDEOIL,2026-07-22,train,TREND_UP,FAILED_BREAKOUT,LONG,0.9286,0.0,0.5,0.5,0.0,8233.0,0.0,0.0,0.0,9.7857,True,UP,True,0.613,0.5,False,False,False,False,False,False,1,,0.0,0.0,0.0,4A_CONT,False,False,6.36,5.19,4.088,-0.157,2.843,9.786,2.898
2026-07-22T11:35:00,CRUDEOIL,2026-07-22,train,TREND_UP,FAILED_BREAKOUT,LONG,0.9355,0.4286,0.1429,0.4286,0.579,8258.22,-1.22,-0.118,1.22,10.3571,False,DOWN,False,0.483,0.357,False,False,False,True,True,True,2,1,0.659,0.89,7.557,4A_CONT,False,False,12.42,0.1,3.945,-0.966,2.919,10.357,-1.255
2026-07-22T11:45:00,CRUDEOIL,2026-07-22,train,TREND_UP,FAILED_BREAKOUT,LONG,1.0,1.0,0.0,0.0,3.862,8272.0,34.0,2.345,34.0,14.5,True,UP,True,1.103,0.286,True,True,True,False,False,False,1,,0.0,0.0,0.0,4A_CONT,True,False,57.68,,3.381,-0.017,2.983,14.5,2.931
2026-07-22T11:50:00,CRUDEOIL,2026-07-22,train,TREND_UP,TRENDING,LONG,0.9412,1.0,0.0,0.0,1.057,8306.0,15.0,0.991,15.0,15.1429,True,UP,True,0.264,0.25,True,True,True,False,False,False,1,,0.0,0.0,0.0,4A_CONT,True,False,16.48,,3.58,-0.607,2.939,15.143,2.934
2026-07-22T12:15:00,CRUDEOIL,2026-07-22,train,TREND_UP,TRENDING,LONG,0.9744,0.9032,0.0968,0.0,1.849,8329.0,21.0,1.387,21.0,15.1429,False,DOWN,False,1.519,0.742,True,True,True,False,False,False,1,,0.0,0.0,0.0,4A_CONT,False,False,28.93,,4.321,-0.657,2.965,15.143,-1.321
2026-07-22T12:30:00,CRUDEOIL,2026-07-22,train,TREND_UP,TRENDING,LONG,0.9524,0.7333,0.2667,0.0,1.162,8354.0,18.0,0.951,18.0,18.9286,True,UP,True,0.951,0.6,True,True,True,False,False,False,1,,0.0,0.0,0.0,4A_CONT,True,False,22.9,,4.498,-0.437,2.956,18.929,2.947
2026-07-22T13:00:00,CRUDEOIL,2026-07-22,train,TREND_UP,TRENDING,LONG,0.9375,1.0,0.0,0.0,1.297,8395.0,21.0,1.135,21.0,18.5,True,UP,True,3.189,2.458,True,True,True,False,False,False,1,,0.0,0.0,0.0,4A_CONT,True,False,24.72,,3.439,0.0,2.96,18.5,2.946
2026-07-22T13:05:00,CRUDEOIL,2026-07-22,train,TREND_UP,TRENDING,LONG,1.0,1.0,0.0,0.0,2.631,8416.0,59.0,2.631,59.0,22.4286,False,DOWN,False,1.025,0.39,True,True,True,False,False,False,1,,0.0,0.0,0.0,4B_TRAP,False,False,60.77,,1.646,-1.316,-1.333,22.429,-1.427
2026-07-22T13:20:00,CRUDEOIL,2026-07-22,train,TREND_UP,TRENDING,SHORT,0.9231,1.0,0.0,0.0,1.16,8478.0,5.0,0.2,5.0,25.0,False,UP,False,1.2,1.034,False,False,False,True,True,True,2,1,0.552,0.64,3.2,4B_TRAP,False,True,29.87,3.72,1.205,-1.138,-1.172,25.0,-1.4
2026-07-22T13:25:00,CRUDEOIL,2026-07-22,train,TREND_UP,TRENDING,LONG,0.9434,0.6667,0.0,0.3333,0.807,8318.56,175.44,7.078,175.44,24.7857,False,DOWN,False,0.524,0.433,True,True,True,False,False,False,1,,0.0,0.0,0.0,4B_TRAP,False,False,30.9,0.23,0.0,-1.1,-1.133,24.786,-1.412
2026-07-22T15:05:00,CRUDEOIL,2026-07-22,train,TREND_UP,TRENDING,SHORT,0.9178,0.8148,0.0,0.1852,1.232,8527.0,9.0,0.504,9.0,17.8571,True,DOWN,True,1.12,0.741,True,False,False,False,True,True,1,2,1.741,2.632,5.222,4B_TRAP,False,True,22.81,0.48,0.526,-1.052,-1.096,17.857,-1.4
2026-07-22T15:15:00,CRUDEOIL,2026-07-22,train,TREND_UP,TRENDING,LONG,0.9067,1.0,0.0,0.0,1.343,8540.0,2.0,0.103,2.0,19.3571,True,UP,True,1.911,1.423,True,True,True,False,False,False,1,4,0.0,0.0,0.0,4B_TRAP,True,False,26.78,,1.232,-1.307,-1.344,19.357,-1.86
2026-07-22T15:20:00,CRUDEOIL,2026-07-22,train,TREND_UP,TRENDING,LONG,0.9737,0.973,0.027,0.0,1.867,8542.0,32.0,1.659,32.0,19.2857,False,DOWN,False,0.415,0.216,True,False,False,False,True,True,1,2,0.27,0.519,0.312,4B_TRAP,False,True,37.11,,0.0,-1.24,-1.267,19.286,-1.919
2026-07-22T15:45:00,CRUDEOIL,2026-07-22,train,TREND_UP,TRENDING,SHORT,0.9259,1.0,0.0,0.0,1.301,8506.0,38.0,1.705,38.0,22.2857,True,DOWN,True,1.929,1.483,True,True,True,False,False,False,1,,0.0,0.0,0.0,4B_TRAP,True,False,29.87,8.08,1.64,-1.038,-1.071,22.286,-1.436
2026-07-22T15:50:00,CRUDEOIL,2026-07-22,train,TREND_UP,TRENDING,SHORT,0.9756,0.7442,0.0,0.2558,1.358,8468.0,22.0,0.933,22.0,23.5714,True,DOWN,True,1.23,0.674,True,True,True,False,False,False,1,,0.0,0.0,0.0,4B_TRAP,True,False,33.29,6.59,0.811,-1.592,-1.622,23.571,-1.061
2026-07-22T15:55:00,CRUDEOIL,2026-07-22,train,TREND_UP,TRENDING,SHORT,0.9157,0.7241,0.2759,0.0,0.85,8435.0,16.0,0.647,16.0,24.7143,False,UP,False,0.85,0.724,False,False,False,True,True,True,2,1,0.621,0.728,1.125,4B_TRAP,False,True,29.87,6.44,0.0,-1.507,-1.54,24.714,-1.861
2026-07-22T17:10:00,CRUDEOIL,2026-07-22,train,TREND_UP,TRENDING,LONG,0.9796,0.7273,0.2727,0.0,1.577,8470.0,17.0,0.838,17.0,20.2857,False,DOWN,False,1.528,0.705,False,False,False,True,True,True,,1,0.455,0.986,1.176,4B_TRAP,False,True,33.32,2.64,0.0,-1.02,-1.05,20.286,-1.725
2026-07-22T17:15:00,CRUDEOIL,2026-07-22,train,TREND_UP,TRENDING,SHORT,0.9495,0.9677,0.0323,0.0,1.395,8455.0,2.0,0.093,2.0,21.5,True,DOWN,True,0.837,0.581,True,True,False,False,False,True,1,3,0.29,0.419,4.5,4A_CONT,True,False,31.93,0.81,3.32,-0.595,2.969,21.5,2.953
2026-07-22T17:55:00,CRUDEOIL,2026-07-22,train,TREND_UP,TRENDING,SHORT,0.9533,1.0,0.0,0.0,1.444,8424.0,29.0,1.269,29.0,22.8571,False,UP,False,0.525,0.364,True,True,True,False,False,False,1,4,0.0,0.0,0.0,4B_TRAP,False,False,33.99,3.66,0.5,-1.03,-1.059,22.857,-1.487
2026-07-22T18:15:00,CRUDEOIL,2026-07-22,train,TREND_UP,FAILED_BREAKOUT,LONG,0.955,1.0,0.0,0.0,1.396,8402.0,26.0,1.1,26.0,23.6429,False,DOWN,False,1.311,0.939,False,False,False,True,True,True,2,1,0.091,0.127,0.115,4B_TRAP,False,True,33.99,4.22,1.089,-2.383,-2.412,23.643,-1.269
2026-07-22T18:25:00,CRUDEOIL,2026-07-22,train,TREND_UP,FAILED_BREAKOUT,LONG,0.9823,0.537,0.4444,0.0185,1.216,8430.0,11.0,0.461,11.0,23.8571,True,UP,True,0.335,0.148,True,True,True,False,False,False,1,4,0.0,0.0,0.0,4B_TRAP,False,False,31.62,4.12,0.569,-1.423,-1.455,23.857,-1.928
2026-07-22T18:45:00,CRUDEOIL,2026-07-22,train,TREND_UP,TRENDING,SHORT,0.9573,1.0,0.0,0.0,1.519,8436.0,40.0,1.642,40.0,24.3571,True,DOWN,True,1.067,0.703,True,True,True,False,False,False,1,,0.0,0.0,0.0,4B_TRAP,True,False,38.11,0.47,1.417,-1.338,-1.364,24.357,-1.478
2026-07-22T19:10:00,CRUDEOIL,2026-07-22,train,TREND_UP,FAILED_BREAKOUT,LONG,0.9426,1.0,0.0,0.0,1.21,8357.0,40.0,1.383,40.0,28.9286,False,DOWN,False,0.83,0.686,True,True,True,False,False,False,1,,0.0,0.0,0.0,4B_TRAP,False,False,36.05,1.72,1.387,-1.498,-1.526,28.929,-1.106
2026-07-22T19:25:00,CRUDEOIL,2026-07-22,train,TREND_UP,FAILED_BREAKOUT,LONG,0.936,0.8485,0.1515,0.0,0.978,8397.0,11.0,0.384,11.0,28.6429,True,UP,True,0.454,0.394,True,False,False,False,True,True,1,2,0.03,0.035,0.091,4B_TRAP,False,True,28.99,4.62,0.793,-1.035,-1.069,28.643,-1.082
2026-07-22T19:40:00,CRUDEOIL,2026-07-22,train,TREND_UP,FAILED_BREAKOUT,LONG,0.9453,1.0,0.0,0.0,1.38,8419.0,12.0,0.473,12.0,25.3571,False,DOWN,False,0.473,0.343,False,False,False,False,False,False,2,1,0.0,0.0,0.0,4B_TRAP,False,False,36.05,3.08,0.0,-1.47,-1.498,25.357,-1.459
2026-07-22T20:05:00,CRUDEOIL,2026-07-22,train,TREND_UP,TRENDING,SHORT,0.9098,1.0,0.0,0.0,1.54,8413.0,18.0,0.866,18.0,20.7857,True,DOWN,True,0.818,0.531,True,True,True,False,False,False,1,,0.0,0.0,0.0,4B_TRAP,True,False,32.96,2.21,0.607,-1.032,-1.062,20.786,-1.684
2026-07-22T20:35:00,CRUDEOIL,2026-07-22,train,TREND_UP,FAILED_BREAKOUT,LONG,0.964,0.9487,0.0,0.0513,1.83,8414.0,15.0,0.742,15.0,20.2143,False,DOWN,False,1.187,0.615,True,False,False,False,True,True,1,2,0.744,1.435,1.933,4B_TRAP,False,True,40.17,2.81,0.448,-1.095,-1.12,20.214,-2.226
2026-07-23T10:00:00,CRUDEOIL,2026-07-23,train,TREND_UP,TRENDING,SHORT,0.9167,0.2857,0.7143,0.0,0.364,8546.0,13.0,1.182,13.0,11.0,True,DOWN,True,1.818,1.429,True,True,True,False,False,False,1,,0.0,0.0,0.0,4B_TRAP,False,False,10.42,0.67,2.207,-2.111,-2.207,11.0,-2.091
2026-07-23T10:55:00,CRUDEOIL,2026-07-23,train,TREND_UP,TRENDING,SHORT,0.913,0.8824,0.1176,0.0,1.173,8525.0,6.0,0.469,6.0,12.7857,True,DOWN,True,1.564,1.176,True,True,True,False,False,False,1,4,0.0,0.0,0.0,4B_TRAP,True,False,17.51,0.51,1.999,-1.428,-1.485,12.786,-1.173
2026-07-23T11:00:00,CRUDEOIL,2026-07-23,train,TREND_UP,TRENDING,SHORT,1.0,0.25,0.45,0.3,0.343,8510.0,20.0,1.373,20.0,14.5714,False,UP,False,1.784,1.3,False,False,False,True,True,True,,1,1.15,1.578,1.15,4B_TRAP,False,True,14.6,,0.068,-1.712,-1.781,14.571,-1.784
2026-07-23T11:05:00,CRUDEOIL,2026-07-23,train,TREND_UP,TRENDING,LONG,1.0,0.8462,0.1538,0.0,1.453,8504.0,7.0,0.462,7.0,15.1429,True,UP,True,0.858,0.5,True,True,True,False,False,False,1,,0.0,0.0,0.0,4A_CONT,True,False,22.78,1.93,3.468,-0.176,2.956,15.143,2.934
2026-07-23T11:30:00,CRUDEOIL,2026-07-23,train,TREND_UP,FAILED_BREAKDOWN,SHORT,0.9,0.7895,0.0,0.2105,0.929,8529.27,5.27,0.326,5.27,16.1429,False,UP,False,0.743,0.632,False,False,False,True,True,True,2,1,0.459,0.541,1.657,4B_TRAP,False,True,15.57,2.57,0.514,-1.285,-1.349,16.143,-1.301
2026-07-23T12:20:00,CRUDEOIL,2026-07-23,train,TREND_UP,FAILED_BREAKDOWN,LONG,0.975,0.7917,0.2083,0.0,1.317,8571.0,14.0,0.97,14.0,14.4286,False,DOWN,False,0.624,0.375,True,True,True,False,False,False,1,,0.0,0.0,0.0,4A_CONT,False,False,19.72,,3.093,-0.203,2.949,14.429,2.931
2026-07-23T12:35:00,CRUDEOIL,2026-07-23,train,TREND_UP,FAILED_BREAKDOWN,LONG,1.0,0.7778,0.0,0.2222,1.246,8616.0,19.0,1.127,19.0,16.8571,False,DOWN,False,0.949,0.593,True,True,True,False,False,False,1,,0.0,0.0,0.0,4A_CONT,False,False,27.81,,3.848,-0.827,2.964,16.857,2.941
2026-07-23T12:45:00,CRUDEOIL,2026-07-23,train,TREND_UP,FAILED_BREAKDOWN,LONG,1.0,0.9032,0.0,0.0968,1.549,8646.0,24.0,1.328,24.0,18.0714,False,DOWN,False,0.775,0.452,True,False,False,False,True,True,1,2,0.452,0.775,0.583,4B_TRAP,False,True,31.93,,0.0,-1.378,-1.409,18.071,-2.49
2026-07-23T12:55:00,CRUDEOIL,2026-07-23,train,TREND_UP,FAILED_BREAKDOWN,SHORT,0.9362,0.76,0.0,0.24,0.993,8652.0,20.0,1.045,20.0,19.1429,False,UP,False,0.94,0.72,False,False,False,False,True,True,5,1,0.96,1.254,1.2,4B_TRAP,False,True,19.75,4.1,0.0,-1.266,-1.316,19.143,-1.358
2026-07-23T13:20:00,CRUDEOIL,2026-07-23,train,TREND_UP,TRENDING,SHORT,1.0,0.8919,0.1081,0.0,1.375,8672.0,34.0,1.417,34.0,24.0,True,DOWN,True,0.417,0.27,True,True,True,False,False,False,1,,0.0,0.0,0.0,4B_TRAP,True,False,38.11,0.31,0.682,-1.076,-1.102,24.0,-1.167
2026-07-23T13:35:00,CRUDEOIL,2026-07-23,train,TREND_UP,FAILED_BREAKDOWN,SHORT,0.9455,1.0,0.0,0.0,1.006,8634.0,13.0,0.503,13.0,25.8571,False,UP,False,1.199,1.192,False,False,False,True,True,True,,1,0.962,0.967,1.923,4B_TRAP,False,True,26.78,4.2,0.336,-1.083,-1.12,25.857,-1.16
2026-07-23T13:40:00,CRUDEOIL,2026-07-23,train,TREND_UP,FAILED_BREAKOUT,LONG,0.9821,1.0,0.0,0.0,1.212,8566.09,76.91,3.008,76.91,25.5714,False,DOWN,False,0.665,0.548,True,True,True,False,False,False,1,,0.0,0.0,0.0,4A_CONT,False,False,31.93,0.69,3.101,-0.313,2.969,25.571,2.961
2026-07-23T14:15:00,CRUDEOIL,2026-07-23,train,TREND_UP,TRENDING,SHORT,0.9524,1.0,0.0,0.0,1.206,8671.0,26.0,1.12,26.0,23.2143,False,UP,False,0.905,0.75,True,True,True,False,False,False,1,4,0.0,0.0,0.0,4B_TRAP,False,False,28.84,0.17,0.104,-1.04,-1.075,23.214,-1.335
2026-07-23T14:30:00,CRUDEOIL,2026-07-23,train,TREND_UP,FAILED_BREAKDOWN,SHORT,0.9848,0.3438,0.0625,0.5938,0.489,8653.0,-9.0,-0.4,9.0,22.5,False,UP,False,1.556,1.094,False,False,False,True,True,True,,1,1.938,2.756,6.889,4B_TRAP,False,True,13.96,1.43,0.931,-1.576,-1.648,22.5,-2.089
2026-07-23T14:35:00,CRUDEOIL,2026-07-23,train,TREND_UP,FAILED_BREAKDOWN,LONG,0.9851,1.0,0.0,0.0,1.441,8675.0,9.0,0.371,9.0,24.2857,True,UP,True,1.153,0.8,True,True,True,False,False,False,1,,0.0,0.0,0.0,4A_CONT,True,False,36.05,0.03,3.107,-0.111,2.972,24.286,2.959
2026-07-23T14:40:00,CRUDEOIL,2026-07-23,train,TREND_UP,TRENDING,LONG,0.9265,1.0,0.0,0.0,1.156,8697.0,11.0,0.454,11.0,24.2143,True,UP,True,0.289,0.25,True,True,True,False,False,False,1,,0.0,0.0,0.0,4A_CONT,True,False,28.84,,3.051,-0.451,2.965,24.214,2.959
2026-07-23T14:50:00,CRUDEOIL,2026-07-23,train,TREND_UP,TRENDING,LONG,0.9286,0.4828,0.5172,0.0,0.643,8715.0,12.0,0.551,12.0,21.7857,False,DOWN,False,0.413,0.31,True,True,True,False,False,False,1,4,0.0,0.0,0.0,4B_TRAP,False,False,14.87,,0.672,-1.076,-1.143,21.786,-1.515
2026-07-23T15:25:00,CRUDEOIL,2026-07-23,train,TREND_UP,TRENDING,LONG,0.974,0.8788,0.0,0.1212,1.293,8739.0,1.0,0.045,1.0,22.4286,False,DOWN,False,1.427,0.97,False,False,False,True,True,True,4,1,0.879,1.293,29.0,4B_TRAP,False,True,33.99,0.06,0.118,-1.059,-1.089,22.429,-1.293
2026-07-23T15:45:00,CRUDEOIL,2026-07-23,train,TREND_UP,TRENDING,LONG,0.9753,1.0,0.0,0.0,1.561,8744.0,8.0,0.367,8.0,21.7857,True,UP,True,0.872,0.559,True,True,True,False,False,False,1,5,0.0,0.0,0.0,4A_CONT,True,False,35.02,,3.284,-0.771,2.971,21.786,-1.102
2026-07-23T16:10:00,CRUDEOIL,2026-07-23,train,TREND_UP,TRENDING,SHORT,1.0,1.0,0.0,0.0,1.624,8755.0,16.0,0.702,16.0,22.7857,False,UP,False,0.483,0.297,True,True,True,False,False,False,1,5,0.0,0.0,0.0,4B_TRAP,False,False,38.11,0.92,0.367,-1.286,-1.312,22.786,-1.492
2026-07-23T16:35:00,CRUDEOIL,2026-07-23,train,TREND_UP,TRENDING,LONG,0.9011,0.4828,0.5172,0.0,0.667,8744.0,13.0,0.619,13.0,21.0,False,DOWN,False,0.667,0.483,True,True,True,False,False,False,1,,0.0,0.0,0.0,4A_CONT,False,False,14.87,1.41,4.237,-0.336,2.933,21.0,2.952
2026-07-23T16:45:00,CRUDEOIL,2026-07-23,train,TREND_UP,TRENDING,LONG,0.957,0.9091,0.0909,0.0,1.377,8778.0,7.0,0.321,7.0,21.7857,False,DOWN,False,0.643,0.424,True,True,True,False,False,False,1,,0.0,0.0,0.0,4A_CONT,False,False,30.99,,3.001,-0.904,2.968,21.786,-1.331
2026-07-23T17:40:00,CRUDEOIL,2026-07-23,train,TREND_UP,TRENDING,LONG,0.9423,0.8438,0.0,0.1562,1.281,8792.0,20.0,0.949,20.0,21.0714,False,DOWN,False,2.088,1.375,True,True,True,False,False,False,1,5,0.0,0.0,0.0,4B_TRAP,False,False,32.96,0.33,1.062,-1.001,-1.032,21.071,-1.234
2026-07-23T18:30:00,CRUDEOIL,2026-07-23,train,TREND_UP,TRENDING,LONG,0.9649,0.6765,0.3235,0.0,0.904,8847.0,-3.0,-0.118,3.0,25.4286,True,UP,True,0.472,0.353,False,False,False,True,True,True,2,1,0.912,1.219,10.333,4B_TRAP,False,True,24.02,0.12,1.415,-1.166,-1.207,25.429,-1.14
2026-07-23T18:45:00,CRUDEOIL,2026-07-23,train,TREND_UP,TRENDING,SHORT,1.0,1.0,0.0,0.0,2.072,8845.0,29.0,0.969,29.0,29.9286,False,UP,False,1.136,0.548,True,True,True,False,False,False,1,4,0.0,0.0,0.0,4B_TRAP,False,False,63.86,0.28,0.204,-1.065,-1.08,29.929,-1.804
2026-07-23T18:50:00,CRUDEOIL,2026-07-23,train,TREND_UP,TRENDING,LONG,0.9576,0.7647,0.0,0.2353,0.865,8735.34,101.66,3.381,101.66,30.0714,False,DOWN,False,0.732,0.647,True,True,True,False,False,False,1,,0.0,0.0,0.0,4A_CONT,False,False,35.02,0.51,3.398,-0.914,2.971,30.071,-1.097
2026-07-23T19:05:00,CRUDEOIL,2026-07-23,train,TREND_UP,TRENDING,LONG,0.9835,0.85,0.0,0.15,1.115,8841.0,4.0,0.131,4.0,30.5,True,UP,True,0.328,0.25,True,True,True,False,False,False,1,,0.0,0.0,0.0,4A_CONT,True,False,41.2,0.8,3.325,-0.194,2.976,30.5,2.967
2026-07-23T19:45:00,CRUDEOIL,2026-07-23,train,TREND_UP,TRENDING,SHORT,0.9767,0.4595,0.0,0.5405,0.555,8870.0,13.0,0.424,13.0,30.6429,False,UP,False,0.914,0.757,False,False,False,True,True,True,,1,1.0,1.207,2.846,4B_TRAP,False,True,18.11,20.35,0.11,-1.436,-1.491,30.643,-1.534
2026-07-23T20:05:00,CRUDEOIL,2026-07-23,train,TREND_UP,TRENDING,SHORT,0.985,0.975,0.025,0.0,1.379,8899.0,24.0,0.848,24.0,28.2857,False,UP,False,0.53,0.375,True,False,False,False,True,True,1,2,0.75,1.061,1.25,4B_TRAP,False,True,41.2,0.92,0.194,-1.214,-1.238,28.286,-1.803
2026-07-23T20:15:00,CRUDEOIL,2026-07-23,train,TREND_UP,TRENDING,LONG,0.9407,1.0,0.0,0.0,1.233,8916.0,9.0,0.326,9.0,27.5714,False,DOWN,False,0.544,0.441,True,True,True,False,False,False,1,,0.0,0.0,0.0,4A_CONT,False,False,35.02,,3.37,-0.999,2.971,27.571,-1.306
2026-07-23T21:00:00,CRUDEOIL,2026-07-23,train,TREND_UP,TRENDING,LONG,0.9444,0.2353,0.5,0.2647,0.346,8996.0,-14.0,-0.605,14.0,23.1429,False,DOWN,False,0.951,0.647,False,False,False,True,True,True,,1,2.353,3.457,5.714,4B_TRAP,False,True,18.02,0.78,0.0,-1.609,-1.665,23.143,-1.296
2026-07-23T21:30:00,CRUDEOIL,2026-07-23,train,TREND_UP,TRENDING,LONG,0.9733,0.8919,0.0,0.1081,1.404,8800.51,126.49,5.383,126.49,23.5,True,UP,True,1.106,0.703,True,True,True,False,False,False,1,,0.0,0.0,0.0,4A_CONT,True,False,38.11,1.89,3.044,-0.42,2.974,23.5,2.957
2026-07-23T22:00:00,CRUDEOIL,2026-07-23,train,TREND_UP,TRENDING,LONG,0.9872,0.95,0.0,0.05,1.482,8926.0,28.0,1.092,28.0,25.6429,True,UP,True,0.39,0.25,True,True,True,False,False,False,1,,0.0,0.0,0.0,4A_CONT,True,False,41.2,0.12,2.403,-0.243,2.403,25.643,2.961
2026-07-24T11:05:00,CRUDEOIL,2026-07-24,train,TREND_DOWN,TRENDING,SHORT,0.96,1.0,0.0,0.0,1.772,8871.0,2.0,0.177,2.0,11.2857,True,DOWN,True,1.684,0.95,True,True,True,False,False,False,1,,0.0,0.0,0.0,4A_CONT,True,False,20.6,0.12,3.058,0.0,2.951,11.286,2.911
2026-07-24T11:10:00,CRUDEOIL,2026-07-24,train,TREND_DOWN,TRENDING,SHORT,0.9231,0.8947,0.0526,0.0526,1.478,8856.0,5.0,0.435,5.0,11.5,True,DOWN,True,2.609,1.579,True,False,False,False,False,False,1,2,0.0,0.0,0.0,4A_CONT,True,False,18.57,,3.554,-0.862,2.946,11.5,-1.478
2026-07-24T11:15:00,CRUDEOIL,2026-07-24,train,TREND_DOWN,TRENDING,SHORT,1.0,0.8,0.0333,0.1667,1.787,8850.0,26.0,1.936,26.0,13.4286,False,UP,False,2.309,1.033,False,False,False,True,True,True,4,1,0.2,0.447,0.231,4B_TRAP,False,True,25.9,,0.0,-1.313,-1.351,13.429,-2.606
2026-07-24T11:20:00,CRUDEOIL,2026-07-24,train,TREND_DOWN,TRENDING,LONG,1.0,0.9355,0.0645,0.0,1.888,8849.0,7.0,0.456,7.0,15.3571,False,DOWN,False,0.912,0.452,True,True,False,False,False,True,1,3,0.226,0.456,1.0,4B_TRAP,False,True,29.93,1.1,0.368,-1.002,-1.036,15.357,-1.367
2026-07-24T11:45:00,CRUDEOIL,2026-07-24,train,TREND_DOWN,TRENDING,LONG,0.9091,0.4091,0.5909,0.0,0.508,8845.0,-7.0,-0.395,7.0,17.7143,False,DOWN,False,0.508,0.409,False,False,False,True,True,True,,1,1.455,1.806,4.571,4B_TRAP,False,True,9.66,3.0,0.0,-1.656,-1.76,17.714,-1.468
2026-07-24T12:00:00,CRUDEOIL,2026-07-24,train,TREND_DOWN,TRENDING,SHORT,0.9444,0.9583,0.0417,0.0,1.171,8819.0,6.0,0.305,6.0,19.6429,False,UP,False,1.222,1.0,False,False,False,True,True,True,3,1,0.25,0.305,1.0,4A_CONT,False,False,24.72,,3.722,-0.688,2.96,19.643,2.949
2026-07-24T12:25:00,CRUDEOIL,2026-07-24,train,TREND_DOWN,TRENDING,SHORT,0.9512,0.8462,0.1538,0.0,1.124,8785.0,21.0,1.073,21.0,19.5714,True,DOWN,True,0.971,0.731,True,True,True,False,False,False,1,,0.0,0.0,0.0,4A_CONT,True,False,26.78,,3.249,-0.56,2.963,19.571,2.949
2026-07-24T13:00:00,CRUDEOIL,2026-07-24,train,TREND_DOWN,TRENDING,LONG,0.9583,0.5862,0.0,0.4138,0.847,8737.0,2.0,0.1,2.0,20.0714,True,UP,True,1.395,0.966,True,True,True,False,False,False,1,4,0.0,0.0,0.0,4B_TRAP,True,False,29.87,1.07,1.339,-1.373,-1.406,20.071,-1.096
2026-07-24T13:05:00,CRUDEOIL,2026-07-24,train,TREND_DOWN,TRENDING,LONG,0.9388,1.0,0.0,0.0,1.338,8739.0,19.0,0.908,19.0,20.9286,False,DOWN,False,0.717,0.536,True,True,False,False,False,True,1,3,0.357,0.478,0.526,4B_TRAP,False,True,28.84,0.45,0.243,-1.283,-1.318,20.929,-1.816
2026-07-24T13:35:00,CRUDEOIL,2026-07-24,train,TREND_DOWN,TRENDING,SHORT,0.9091,0.4583,0.5417,0.0,0.531,8811.65,56.65,2.735,56.65,20.7143,True,DOWN,True,0.579,0.5,True,True,True,False,False,False,1,,0.0,0.0,0.0,4A_CONT,False,False,24.72,1.5,3.155,-0.809,2.96,20.714,2.952
2026-07-24T13:45:00,CRUDEOIL,2026-07-24,train,TREND_DOWN,TRENDING,LONG,0.9123,0.72,0.28,0.0,0.837,8772.0,-4.0,-0.186,4.0,21.5,False,DOWN,False,0.465,0.4,False,False,False,True,True,True,,1,2.96,3.442,18.5,4B_TRAP,False,True,18.75,0.59,0.107,-2.773,-2.827,21.5,-2.465
2026-07-24T13:55:00,CRUDEOIL,2026-07-24,train,TREND_DOWN,TRENDING,SHORT,1.0,1.0,0.0,0.0,2.058,8750.0,34.0,1.521,34.0,22.3571,True,DOWN,True,1.297,0.63,True,True,True,False,False,False,1,,0.0,0.0,0.0,4A_CONT,True,False,47.38,0.13,3.926,-0.802,2.979,22.357,2.955
2026-07-24T14:00:00,CRUDEOIL,2026-07-24,train,TREND_DOWN,TRENDING,SHORT,0.95,0.4483,0.5517,0.0,0.56,8710.0,12.0,0.517,12.0,23.2143,True,DOWN,True,1.206,0.966,True,True,True,False,False,False,1,,0.0,0.0,0.0,4A_CONT,False,False,29.87,,3.08,-0.603,2.967,23.214,2.957
2026-07-24T14:05:00,CRUDEOIL,2026-07-24,train,TREND_DOWN,TRENDING,SHORT,0.918,0.5357,0.4643,0.0,0.644,8698.0,10.0,0.429,10.0,23.2857,True,DOWN,True,0.515,0.429,True,True,True,False,False,False,1,,0.0,0.0,0.0,4A_CONT,False,False,28.84,,3.225,-0.381,2.965,23.286,2.957
2026-07-24T14:30:00,CRUDEOIL,2026-07-24,train,TREND_DOWN,TRENDING,SHORT,0.9848,0.7143,0.0,0.2857,1.036,8660.0,15.0,0.621,15.0,24.1429,True,DOWN,True,0.87,0.6,True,True,True,False,False,False,1,,0.0,0.0,0.0,4B_TRAP,True,False,26.05,,2.073,-1.612,-1.651,24.143,-1.781
2026-07-24T15:30:00,CRUDEOIL,2026-07-24,train,TREND_DOWN,TRENDING,LONG,0.9872,0.6429,0.0,0.3571,1.125,8628.0,12.0,0.5,12.0,24.0,True,UP,True,1.125,0.643,True,True,True,False,False,False,1,,0.0,0.0,0.0,4B_TRAP,True,False,43.26,7.03,2.635,-2.543,-2.566,24.0,2.958
2026-07-24T15:50:00,CRUDEOIL,2026-07-24,train,TREND_DOWN,TRENDING,SHORT,0.9634,0.9394,0.0606,0.0,1.311,8666.0,9.0,0.381,9.0,23.6429,True,DOWN,True,0.508,0.364,False,False,False,True,True,True,,1,1.273,1.776,4.667,4B_TRAP,False,True,33.99,1.74,0.0,-1.324,-1.353,23.643,-1.946
2026-07-24T16:00:00,CRUDEOIL,2026-07-24,train,TREND_DOWN,TRENDING,LONG,0.9286,1.0,0.0,0.0,1.234,8690.0,12.0,0.511,12.0,23.5,False,DOWN,False,0.511,0.414,True,True,False,False,False,True,1,3,0.207,0.255,0.5,4B_TRAP,False,True,29.87,8.11,0.77,-1.339,-1.373,23.5,-1.745
2026-07-24T16:20:00,CRUDEOIL,2026-07-24,train,TREND_DOWN,TRENDING,LONG,0.9773,1.0,0.0,0.0,1.469,8710.0,15.0,0.612,15.0,24.5,False,DOWN,False,0.612,0.417,True,False,False,False,True,True,1,2,0.583,0.857,1.4,4B_TRAP,False,True,37.08,5.91,0.0,-1.025,-1.052,24.5,-1.51
2026-07-24T17:05:00,CRUDEOIL,2026-07-24,train,TREND_DOWN,TRENDING,SHORT,1.0,0.6458,0.0,0.3542,1.523,8684.0,5.0,0.246,5.0,20.3571,False,UP,False,0.54,0.229,False,False,False,True,True,True,4,1,0.542,1.277,5.2,4B_TRAP,False,True,32.44,2.71,0.0,-1.11,-1.141,20.357,-1.818
2026-07-24T17:25:00,CRUDEOIL,2026-07-24,train,TREND_DOWN,TRENDING,SHORT,1.0,1.0,0.0,0.0,3.37,8662.0,37.0,1.484,37.0,24.9286,False,UP,False,1.123,0.333,False,False,False,True,True,True,4,1,0.357,1.203,0.811,4B_TRAP,False,True,86.52,0.39,0.231,-1.456,-1.468,24.929,-1.926
2026-07-24T18:30:00,CRUDEOIL,2026-07-24,train,TREND_DOWN,TRENDING,LONG,0.9737,0.8837,0.1163,0.0,1.288,8655.0,4.0,0.136,4.0,29.5,True,UP,True,0.881,0.605,True,True,True,False,False,False,1,,0.0,0.0,0.0,4B_TRAP,True,False,39.29,0.56,2.418,-1.502,-1.527,29.5,2.966
2026-07-24T18:50:00,CRUDEOIL,2026-07-24,train,TREND_DOWN,TRENDING,LONG,0.9746,0.9535,0.0,0.0465,1.708,8711.0,40.0,1.667,40.0,24.0,False,DOWN,False,0.958,0.535,True,True,True,False,False,False,1,5,0.0,0.0,0.0,4B_TRAP,False,False,44.29,4.36,0.068,-1.671,-1.693,24.0,-1.208
2026-07-24T19:15:00,CRUDEOIL,2026-07-24,train,TREND_DOWN,TRENDING,SHORT,0.9919,0.9,0.0,0.1,2.071,8683.97,0.97,0.037,0.97,26.0714,False,UP,False,0.537,0.233,False,False,False,True,True,True,2,1,0.434,0.998,26.835,4A_CONT,False,False,55.8,1.65,3.495,-0.573,2.982,26.071,-1.266
2026-07-24T19:25:00,CRUDEOIL,2026-07-24,train,TREND_DOWN,TRENDING,SHORT,0.912,1.0,0.0,0.0,1.082,8683.97,1.97,0.071,1.97,27.7143,True,DOWN,True,1.01,0.933,True,True,False,False,False,True,1,3,0.068,0.073,1.03,4A_CONT,True,False,30.9,0.16,4.919,-0.68,2.968,27.714,2.964
2026-07-24T19:55:00,CRUDEOIL,2026-07-24,train,TREND_DOWN,TRENDING,SHORT,0.9542,0.8095,0.0,0.1905,1.243,8656.0,10.0,0.366,10.0,27.3571,True,DOWN,True,0.292,0.19,True,False,False,False,True,True,1,2,0.429,0.658,1.8,4B_TRAP,False,True,35.26,1.45,0.199,-1.276,-1.305,27.357,-1.06
2026-07-24T20:05:00,CRUDEOIL,2026-07-24,train,TREND_DOWN,TRENDING,LONG,0.9323,1.0,0.0,0.0,1.361,8648.0,26.0,1.011,26.0,25.7143,False,DOWN,False,1.322,0.971,False,False,False,True,True,True,2,1,0.086,0.117,0.115,4B_TRAP,False,True,36.05,0.17,0.472,-2.053,-2.08,25.714,-1.167
2026-07-24T20:40:00,CRUDEOIL,2026-07-24,train,TREND_DOWN,TRENDING,SHORT,1.0,0.7586,0.0,0.2414,2.648,8642.0,21.0,0.842,21.0,24.9286,True,DOWN,True,2.407,0.69,True,True,True,False,False,False,1,,0.0,0.0,0.0,4A_CONT,True,False,68.61,0.38,2.011,0.0,0.015,24.929,2.96
2026-07-24T20:45:00,CRUDEOIL,2026-07-24,train,TREND_DOWN,TRENDING,SHORT,0.9858,0.6667,0.0,0.3333,1.33,8591.0,41.0,1.363,41.0,30.0714,True,DOWN,True,0.865,0.433,True,True,True,False,False,False,1,,0.0,0.0,0.0,4B_TRAP,True,False,41.8,,1.603,-1.029,-1.053,30.071,-1.463
2026-07-24T20:55:00,CRUDEOIL,2026-07-24,train,TREND_DOWN,TRENDING,SHORT,0.972,0.2037,0.3519,0.4444,0.324,8521.0,9.0,0.265,9.0,34.0,False,UP,False,1.118,0.704,False,False,False,True,True,True,2,1,0.093,0.147,0.556,4B_TRAP,False,True,31.62,,0.917,-1.392,-1.423,34.0,-1.324
2026-07-24T21:05:00,CRUDEOIL,2026-07-24,train,TREND_DOWN,TRENDING,SHORT,0.9655,0.7843,0.1765,0.0392,1.107,8484.0,-1.0,-0.028,1.0,36.1429,False,UP,False,1.107,0.784,False,False,False,True,True,True,,1,1.412,1.992,72.0,4B_TRAP,False,True,50.53,0.02,0.0,-1.405,-1.425,36.143,-1.162
2026-07-27T10:10:00,CRUDEOIL,2026-07-27,train,TREND_DOWN,TRENDING,SHORT,0.9286,1.0,0.0,0.0,1.19,8178.0,18.0,1.26,18.0,14.2857,False,UP,False,0.56,0.471,True,True,False,False,False,True,1,3,0.412,0.49,0.389,4B_TRAP,False,True,17.51,,0.0,-1.485,-1.542,14.286,-1.89
2026-07-27T10:45:00,CRUDEOIL,2026-07-27,train,TREND_DOWN,OPENING_DRIVE,LONG,0.9524,1.0,0.0,0.0,1.506,8181.0,14.0,1.241,14.0,11.2857,False,DOWN,False,2.304,1.529,False,False,False,True,True,True,3,1,1.0,1.506,1.214,4B_TRAP,False,True,17.51,0.06,0.0,-1.77,-1.828,11.286,-2.835
2026-07-27T10:50:00,CRUDEOIL,2026-07-27,train,TREND_DOWN,OPENING_DRIVE,SHORT,1.0,1.0,0.0,0.0,1.978,8174.0,10.0,0.761,10.0,13.1429,False,UP,False,0.837,0.423,True,False,False,False,True,True,1,2,0.5,0.989,1.3,4A_CONT,False,False,26.78,0.15,3.286,-0.859,2.963,13.143,-1.826
2026-07-27T11:00:00,CRUDEOIL,2026-07-27,train,TREND_DOWN,TRENDING,LONG,0.9583,1.0,0.0,0.0,1.47,8175.0,12.0,0.84,12.0,14.2857,False,DOWN,False,0.35,0.238,True,False,False,False,True,True,1,2,0.571,0.84,1.0,4B_TRAP,False,True,21.63,0.37,0.0,-1.202,-1.248,14.286,-1.47
2026-07-27T11:30:00,CRUDEOIL,2026-07-27,train,TREND_DOWN,TRENDING,SHORT,1.0,1.0,0.0,0.0,2.262,8142.0,21.0,1.284,21.0,16.3571,True,DOWN,True,0.978,0.432,True,True,True,False,False,False,1,,0.0,0.0,0.0,4A_CONT,True,False,38.11,,3.647,-0.866,2.974,16.357,2.939
2026-07-27T12:10:00,CRUDEOIL,2026-07-27,train,TREND_DOWN,TRENDING,SHORT,0.9189,0.3333,0.6667,0.0,0.396,8076.0,5.0,0.33,5.0,15.1429,True,DOWN,True,0.925,0.778,True,True,True,False,False,False,1,4,0.0,0.0,0.0,4B_TRAP,False,False,18.54,0.05,2.05,-1.241,-1.294,15.143,-1.123
2026-07-27T12:20:00,CRUDEOIL,2026-07-27,train,TREND_DOWN,TRENDING,SHORT,0.9487,0.3333,0.4583,0.2083,0.487,8066.0,9.0,0.548,9.0,16.4286,True,DOWN,True,1.096,0.75,True,False,False,False,True,True,1,2,0.875,1.278,2.333,4B_TRAP,False,True,19.72,,1.217,-1.521,-1.572,16.429,-1.887
2026-07-27T12:25:00,CRUDEOIL,2026-07-27,train,TREND_DOWN,TRENDING,SHORT,0.9,1.0,0.0,0.0,1.072,8052.0,8.0,0.477,8.0,16.7857,False,UP,False,3.217,3.0,False,False,False,True,True,True,3,1,1.944,2.085,4.375,4B_TRAP,False,True,18.54,,0.593,-2.319,-2.373,16.786,-2.621
2026-07-27T12:30:00,CRUDEOIL,2026-07-27,train,TREND_DOWN,TRENDING,LONG,1.0,0.7963,0.0,0.2037,2.221,8062.0,25.0,1.292,25.0,19.3571,False,DOWN,False,0.723,0.259,True,False,False,False,True,True,1,2,0.333,0.93,0.72,4B_TRAP,False,True,55.62,0.04,1.205,-1.223,-1.241,19.357,-2.17
2026-07-27T12:40:00,CRUDEOIL,2026-07-27,train,TREND_DOWN,TRENDING,SHORT,0.9535,0.9655,0.0,0.0345,1.485,8080.0,33.0,1.75,33.0,18.8571,True,DOWN,True,0.583,0.379,True,True,False,False,False,False,1,3,0.0,0.0,0.0,4B_TRAP,True,False,28.87,0.48,0.277,-1.212,-1.247,18.857,-1.909
2026-07-27T13:15:00,CRUDEOIL,2026-07-27,train,TREND_DOWN,TRENDING,LONG,0.92,0.5417,0.4583,0.0,0.532,8108.0,-5.0,-0.205,5.0,24.4286,False,DOWN,False,0.901,0.917,False,False,False,True,True,True,2,1,0.792,0.778,3.8,4B_TRAP,False,True,13.72,0.36,0.0,-1.749,-1.822,24.429,-1.678
2026-07-27T13:25:00,CRUDEOIL,2026-07-27,train,TREND_DOWN,TRENDING,LONG,1.0,1.0,0.0,0.0,2.01,8114.0,5.0,0.179,5.0,27.8571,True,UP,True,1.113,0.554,True,False,False,False,True,True,1,2,0.232,0.467,2.6,4B_TRAP,False,True,57.68,1.15,0.607,-1.37,-1.387,27.857,-1.077
2026-07-27T13:30:00,CRUDEOIL,2026-07-27,train,TREND_DOWN,FAILED_BREAKOUT,LONG,0.9434,1.0,0.0,0.0,1.082,8119.0,35.0,1.222,35.0,28.6429,False,DOWN,False,2.06,1.903,False,False,False,True,True,True,,1,1.484,1.606,1.314,4B_TRAP,False,True,31.93,0.98,0.0,-2.004,-2.036,28.643,-2.269
2026-07-27T13:35:00,CRUDEOIL,2026-07-27,train,TREND_DOWN,FAILED_BREAKOUT,SHORT,1.0,0.8136,0.0,0.1864,1.503,8123.0,22.0,0.689,22.0,31.9286,False,UP,False,0.626,0.339,True,True,True,False,False,False,1,,0.0,0.0,0.0,4A_CONT,False,False,49.77,0.76,3.195,-0.422,2.98,31.929,2.969
2026-07-27T13:45:00,CRUDEOIL,2026-07-27,train,TREND_DOWN,TRENDING,SHORT,0.9286,1.0,0.0,0.0,1.005,8090.0,17.0,0.551,17.0,30.8571,True,DOWN,True,0.389,0.387,True,True,True,False,False,False,1,,0.0,0.0,0.0,4A_CONT,True,False,31.93,1.05,3.382,-0.125,2.969,30.857,2.968
2026-07-27T13:55:00,CRUDEOIL,2026-07-27,train,TREND_DOWN,TRENDING,SHORT,0.9483,0.7297,0.0,0.2703,0.867,8065.0,15.0,0.482,15.0,31.1429,True,DOWN,True,0.61,0.514,True,True,True,False,False,False,1,,0.0,0.0,0.0,4A_CONT,True,False,28.11,0.38,3.024,-0.711,2.964,31.143,2.968
2026-07-27T14:10:00,CRUDEOIL,2026-07-27,train,TREND_DOWN,TRENDING,SHORT,0.918,0.9032,0.0,0.0968,0.862,8033.0,11.0,0.338,11.0,32.5,False,UP,False,0.615,0.645,True,True,True,False,False,False,1,,0.0,0.0,0.0,4A_CONT,False,False,28.93,,3.111,-0.588,2.965,32.5,2.969
2026-07-27T14:20:00,CRUDEOIL,2026-07-27,train,TREND_DOWN,TRENDING,SHORT,0.9524,1.0,0.0,0.0,1.177,8019.0,37.0,1.116,37.0,33.1429,True,DOWN,True,0.483,0.41,True,True,True,False,False,False,1,,0.0,0.0,0.0,4B_TRAP,True,False,40.17,,2.166,-1.095,-1.12,33.143,-1.358
2026-07-27T15:35:00,CRUDEOIL,2026-07-27,train,TREND_DOWN,TRENDING,LONG,0.9231,1.0,0.0,0.0,1.488,7925.0,35.0,1.531,35.0,22.8571,True,UP,True,1.925,1.294,True,True,True,False,False,False,1,,0.0,0.0,0.0,4A_CONT,True,False,35.02,0.26,3.569,0.0,2.971,22.857,2.956
2026-07-27T15:40:00,CRUDEOIL,2026-07-27,train,TREND_DOWN,TRENDING,LONG,0.962,0.5682,0.4318,0.0,0.986,7969.0,38.0,1.499,38.0,25.3571,False,DOWN,False,1.025,0.591,True,True,True,False,False,False,1,,0.0,0.0,0.0,4B_TRAP,False,False,26.32,7.32,0.0,-1.14,-1.178,25.357,-1.223
2026-07-27T16:25:00,CRUDEOIL,2026-07-27,train,TREND_DOWN,TRENDING,LONG,0.9205,0.8857,0.1143,0.0,1.276,8012.0,-2.0,-0.082,2.0,24.2857,True,UP,True,0.659,0.457,False,False,False,False,True,True,1,2,0.2,0.288,3.5,4A_CONT,False,False,32.05,6.36,3.058,-0.499,2.969,24.286,2.959
2026-07-27T17:40:00,CRUDEOIL,2026-07-27,train,TREND_DOWN,FAILED_BREAKOUT,LONG,0.932,1.0,0.0,0.0,2.159,8053.0,32.0,1.974,32.0,16.2143,True,UP,True,1.233,0.571,True,True,True,False,False,False,1,,0.0,0.0,0.0,4B_TRAP,True,False,36.05,1.79,1.276,-1.47,-1.498,16.214,-1.48
2026-07-27T18:00:00,CRUDEOIL,2026-07-27,train,TREND_DOWN,FAILED_BREAKOUT,SHORT,0.9065,0.6667,0.3333,0.0,1.213,8080.0,8.0,0.441,8.0,18.1429,False,UP,False,0.551,0.303,True,True,True,False,False,False,1,4,0.0,0.0,0.0,4B_TRAP,False,False,33.99,2.29,0.294,-1.059,-1.089,18.143,-2.039
2026-07-27T18:20:00,CRUDEOIL,2026-07-27,train,TREND_DOWN,FAILED_BREAKOUT,LONG,0.9189,1.0,0.0,0.0,1.763,8088.0,20.0,1.037,20.0,19.2857,True,UP,True,0.622,0.353,True,True,True,False,False,False,1,,0.0,0.0,0.0,4B_TRAP,True,False,35.02,0.57,0.657,-1.571,-1.599,19.286,-1.296
2026-07-27T19:00:00,CRUDEOIL,2026-07-27,train,TREND_DOWN,FAILED_BREAKOUT,SHORT,0.9664,0.9286,0.0,0.0714,1.744,8110.0,21.0,0.939,21.0,22.3571,True,DOWN,True,1.476,0.786,True,True,True,False,False,False,1,,0.0,0.0,0.0,4A_CONT,True,False,40.26,0.12,4.074,-0.621,2.975,22.357,-1.163
2026-07-27T19:05:00,CRUDEOIL,2026-07-27,train,TREND_DOWN,FAILED_BREAKOUT,SHORT,0.9,1.0,0.0,0.0,1.367,8084.0,31.0,1.284,31.0,24.1429,False,UP,False,0.456,0.333,True,True,False,False,False,True,1,3,0.364,0.497,0.387,4B_TRAP,False,True,33.99,3.28,0.0,-1.442,-1.471,24.143,-2.071
2026-07-27T19:20:00,CRUDEOIL,2026-07-27,train,TREND_DOWN,FAILED_BREAKOUT,LONG,0.935,0.8333,0.1667,0.0,1.19,8077.0,19.0,0.754,19.0,25.2143,True,UP,True,0.238,0.167,True,False,False,False,True,True,1,2,0.556,0.793,1.053,4B_TRAP,False,True,31.08,1.03,0.579,-1.319,-1.351,25.214,-1.11
2026-07-27T19:30:00,CRUDEOIL,2026-07-27,train,TREND_DOWN,FAILED_BREAKOUT,SHORT,0.96,1.0,0.0,0.0,1.569,8108.0,39.0,1.529,39.0,25.5,True,DOWN,True,0.549,0.35,True,True,True,False,False,False,1,,0.0,0.0,0.0,4A_CONT,True,False,41.2,0.19,3.495,0.0,2.976,25.5,2.961
2026-07-27T20:30:00,CRUDEOIL,2026-07-27,train,TREND_DOWN,FAILED_BREAKOUT,SHORT,0.9781,0.6596,0.2553,0.0851,1.486,8035.0,17.0,0.815,17.0,20.8571,True,DOWN,True,1.055,0.468,True,True,True,False,False,False,1,,0.0,0.0,0.0,4A_CONT,True,False,44.41,0.91,2.094,-0.63,1.599,20.857,-1.055
2026-07-27T21:45:00,CRUDEOIL,2026-07-27,train,TREND_DOWN,TRENDING,LONG,0.9474,1.0,0.0,0.0,2.217,8017.0,22.0,1.283,22.0,17.1429,True,UP,True,0.467,0.211,True,False,False,False,True,True,1,2,2.421,5.367,4.182,4B_TRAP,False,True,39.14,2.09,0.179,-1.61,-1.635,17.143,-3.733
2026-07-27T21:55:00,CRUDEOIL,2026-07-27,train,TREND_DOWN,FAILED_BREAKOUT,SHORT,1.0,0.6923,0.0,0.3077,2.195,7984.58,-11.42,-0.557,11.42,20.5,True,DOWN,True,2.732,0.862,False,False,False,False,False,False,1,5,0.0,0.0,0.0,4X_AMBIG,False,False,46.95,0.24,1.512,0.0,1.044,20.5,2.951
2026-07-27T22:00:00,CRUDEOIL,2026-07-27,train,TREND_DOWN,TRENDING,SHORT,0.9871,0.9286,0.0714,0.0,2.193,7976.0,51.0,2.151,51.0,23.7143,True,DOWN,True,0.464,0.196,True,True,False,False,False,True,1,3,0.018,0.042,0.02,4B_TRAP,True,True,57.68,0.52,0.0,-1.231,-1.248,23.714,-1.181
2026-07-28T11:00:00,CRUDEOIL,2026-07-28,train,CHOP,OPENING_DRIVE,LONG,1.0,0.8889,0.1111,0.0,2.27,7872.0,1.0,0.095,1.0,10.5714,True,UP,True,3.5,1.37,True,True,True,False,False,False,1,,0.0,0.0,0.0,4B_TRAP,True,False,24.81,,1.653,-1.612,-1.653,10.571,2.905
2026-07-28T11:05:00,CRUDEOIL,2026-07-28,train,CHOP,TRENDING,LONG,1.0,0.8378,0.0,0.1622,2.385,7876.0,38.0,2.923,38.0,13.0,False,DOWN,False,2.0,0.703,True,True,True,False,False,False,1,,0.0,0.0,0.0,4B_TRAP,False,False,38.11,,0.0,-1.05,-1.076,13.0,-2.231
2026-07-28T11:30:00,CRUDEOIL,2026-07-28,train,CHOP,TRENDING,LONG,0.9,0.5217,0.0,0.4783,0.709,7847.65,52.35,3.092,52.35,16.9286,False,DOWN,False,0.768,0.565,True,True,True,False,False,False,1,,0.0,0.0,0.0,4B_TRAP,False,False,23.69,0.59,0.464,-1.646,-1.688,16.929,-1.122
2026-07-28T12:00:00,CRUDEOIL,2026-07-28,train,CHOP,FAILED_BREAKOUT,SHORT,0.9722,1.0,0.0,0.0,1.55,7861.0,28.0,1.315,28.0,21.2857,True,DOWN,True,0.752,0.485,True,True,True,False,False,False,1,,0.0,0.0,0.0,4A_CONT,True,False,33.99,0.47,3.06,0.0,2.971,21.286,2.953
2026-07-28T12:10:00,CRUDEOIL,2026-07-28,train,CHOP,FAILED_BREAKOUT,SHORT,0.9474,1.0,0.0,0.0,1.479,7807.0,31.0,1.432,31.0,21.6429,False,UP,False,0.785,0.531,True,True,True,False,False,False,1,,0.0,0.0,0.0,4B_TRAP,False,False,32.96,,0.698,-1.092,-1.123,21.643,-1.063
2026-07-28T12:20:00,CRUDEOIL,2026-07-28,train,CHOP,FAILED_BREAKOUT,SHORT,0.925,1.0,0.0,0.0,1.528,7773.0,19.0,0.937,19.0,20.2857,False,UP,False,0.592,0.387,True,False,False,False,True,True,1,2,0.452,0.69,0.737,4B_TRAP,False,True,31.93,,0.031,-1.034,-1.065,20.286,-1.676
2026-07-28T12:30:00,CRUDEOIL,2026-07-28,train,CHOP,FAILED_BREAKOUT,LONG,0.9762,1.0,0.0,0.0,1.556,7768.0,19.0,0.869,19.0,21.8571,False,DOWN,False,1.007,0.647,True,True,True,False,False,False,1,,0.0,0.0,0.0,4B_TRAP,False,False,35.02,2.72,1.028,-1.114,-1.142,21.857,-1.83
2026-07-28T13:20:00,CRUDEOIL,2026-07-28,train,CHOP,FAILED_BREAKOUT,SHORT,1.0,1.0,0.0,0.0,2.461,7753.0,5.0,0.202,5.0,24.7857,False,UP,False,0.767,0.311,False,False,False,True,True,True,2,1,0.18,0.444,2.2,4B_TRAP,False,True,62.83,,1.098,-1.05,-1.066,24.786,-1.654
2026-07-28T16:05:00,CRUDEOIL,2026-07-28,train,CHOP,FAILED_BREAKOUT,SHORT,0.9647,0.4242,0.5758,0.0,0.731,7795.0,14.0,0.731,14.0,19.1429,False,UP,False,0.679,0.394,False,False,False,True,True,True,2,1,0.152,0.261,0.357,4B_TRAP,False,True,33.99,0.56,0.0,-1.03,-1.059,19.143,-1.306
2026-07-28T17:50:00,CRUDEOIL,2026-07-28,train,CHOP,FAILED_BREAKDOWN,SHORT,0.9245,1.0,0.0,0.0,1.443,7818.0,4.0,0.192,4.0,20.7857,False,UP,False,0.962,0.667,False,False,False,True,True,True,3,1,0.6,0.866,4.5,4B_TRAP,False,True,30.9,2.07,2.136,-1.068,-1.1,20.786,-1.251
2026-07-28T18:05:00,CRUDEOIL,2026-07-28,train,CHOP,FAILED_BREAKOUT,SHORT,0.9908,0.525,0.0,0.475,1.077,7814.0,8.0,0.41,8.0,19.5,False,UP,False,0.718,0.35,True,True,True,False,False,False,1,,0.0,0.0,0.0,4B_TRAP,False,False,22.2,2.3,2.613,-1.126,-1.171,19.5,-1.333
2026-07-28T19:15:00,CRUDEOIL,2026-07-28,train,CHOP,FAILED_BREAKOUT,LONG,0.9756,1.0,0.0,0.0,1.498,7809.0,10.0,0.428,10.0,23.3571,False,DOWN,False,0.471,0.314,True,True,True,False,False,False,1,5,0.0,0.0,0.0,4B_TRAP,False,False,36.05,0.8,0.777,-1.47,-1.498,23.357,-1.37
2026-07-28T20:40:00,CRUDEOIL,2026-07-28,train,CHOP,FAILED_BREAKOUT,SHORT,1.0,0.5395,0.4605,0.0,1.799,7759.78,33.78,1.483,33.78,22.7857,True,DOWN,True,2.633,0.789,True,True,True,False,False,False,1,,0.0,0.0,0.0,4A_CONT,False,False,78.28,0.6,3.04,0.0,2.987,22.786,2.956
2026-07-28T20:45:00,CRUDEOIL,2026-07-28,train,CHOP,FAILED_BREAKOUT,SHORT,0.9858,1.0,0.0,0.0,2.353,7679.0,15.0,0.588,15.0,25.5,False,UP,False,1.843,0.783,True,True,True,False,False,False,1,,0.0,0.0,0.0,4A_CONT,False,False,61.8,,3.058,-0.146,2.984,25.5,2.961
2026-07-28T20:55:00,CRUDEOIL,2026-07-28,train,CHOP,TRENDING,SHORT,0.972,0.6818,0.0,0.3182,1.014,7626.0,6.0,0.203,6.0,29.5714,True,DOWN,True,1.251,0.841,True,True,True,False,False,False,1,,0.0,0.0,0.0,4A_CONT,True,False,31.32,,3.384,-0.223,2.968,29.571,2.966
2026-07-28T21:00:00,CRUDEOIL,2026-07-28,train,CHOP,TRENDING,SHORT,0.9583,0.5135,0.2703,0.2162,0.613,7606.0,8.0,0.258,8.0,31.0,True,DOWN,True,0.871,0.73,False,False,False,True,True,True,2,1,0.189,0.226,0.875,4A_CONT,False,False,30.11,,3.255,-0.797,2.967,31.0,2.968
2026-07-28T21:10:00,CRUDEOIL,2026-07-28,train,CHOP,TRENDING,SHORT,0.9452,0.7429,0.2571,0.0,0.805,7756.79,169.79,5.259,169.79,32.2857,False,UP,False,0.96,0.886,True,True,True,False,False,False,1,,0.0,0.0,0.0,4A_CONT,False,False,36.05,0.03,3.107,-0.86,2.972,32.286,2.969
2026-07-28T21:20:00,CRUDEOIL,2026-07-28,train,CHOP,TRENDING,SHORT,0.9797,1.0,0.0,0.0,1.456,7583.0,17.0,0.476,17.0,35.7143,True,DOWN,True,1.008,0.692,True,True,True,False,False,False,1,,0.0,0.0,0.0,4B_TRAP,True,False,53.56,,1.886,-1.195,-1.214,35.714,-1.12
2026-07-28T21:25:00,CRUDEOIL,2026-07-28,train,CHOP,TRENDING,SHORT,0.9396,1.0,0.0,0.0,0.928,7566.0,52.0,1.341,52.0,38.7857,True,DOWN,True,0.438,0.472,True,True,True,False,False,False,1,,0.0,0.0,0.0,4B_TRAP,True,False,37.08,,1.321,-1.214,-1.241,38.786,-1.186
2026-07-28T22:00:00,CRUDEOIL,2026-07-28,train,CHOP,TRENDING,SHORT,0.9038,0.8125,0.0,0.1875,0.831,7488.0,2.0,0.064,2.0,31.2857,True,DOWN,True,0.831,0.812,True,False,False,False,True,True,1,2,1.969,2.014,31.5,4B_TRAP,False,True,26.96,,0.779,-2.411,-2.448,31.286,-2.11
2026-07-28T22:15:00,CRUDEOIL,2026-07-28,train,CHOP,TRENDING,LONG,0.9748,1.0,0.0,0.0,1.566,7512.0,39.0,1.273,39.0,30.6429,False,DOWN,False,0.881,0.562,True,True,True,False,False,False,1,,0.0,0.0,0.0,4X_AMBIG,False,False,49.44,5.92,1.598,-0.607,1.436,30.643,2.317
2026-07-28T22:40:00,CRUDEOIL,2026-07-28,train,CHOP,TRENDING,LONG,0.9329,1.0,0.0,0.0,1.324,7559.0,24.0,0.908,24.0,26.4286,False,DOWN,False,0.605,0.457,True,True,True,False,False,False,1,,0.0,0.0,0.0,4B_TRAP,False,False,36.05,7.5,0.194,-1.026,-1.054,26.429,-1.438
2026-07-28T22:50:00,CRUDEOIL,2026-07-28,train,CHOP,TRENDING,LONG,0.9157,0.1765,0.0,0.8235,0.223,7559.0,15.0,0.559,15.0,26.8571,True,UP,True,0.335,0.265,True,True,True,False,False,False,1,,0.0,0.0,0.0,4X_AMBIG,False,False,29.02,9.62,1.93,0.0,1.654,26.857,1.787
2026-07-29T10:30:00,CRUDEOIL,2026-07-29,train,TREND_UP,FAILED_BREAKOUT,SHORT,1.0,0.5714,0.2381,0.1905,1.031,7857.0,0.0,0.0,0.0,11.6429,True,DOWN,True,1.031,0.571,False,False,False,False,False,False,1,4,0.0,0.0,0.0,4B_TRAP,False,False,17.63,,0.851,-1.361,-1.418,11.643,-1.46
2026-07-29T11:00:00,CRUDEOIL,2026-07-29,train,TREND_UP,TRENDING,LONG,1.0,0.875,0.0,0.125,1.589,7863.0,5.0,0.378,5.0,13.2143,False,DOWN,False,0.984,0.542,False,False,False,True,True,True,3,1,0.25,0.454,1.2,4B_TRAP,False,True,24.72,3.11,1.375,-1.214,-1.254,13.214,-1.665
2026-07-29T11:10:00,CRUDEOIL,2026-07-29,train,TREND_UP,FAILED_BREAKOUT,SHORT,1.0,1.0,0.0,0.0,1.697,7860.0,3.0,0.212,3.0,14.1429,False,UP,False,0.848,0.5,False,False,False,True,True,True,,1,1.042,1.768,8.333,4B_TRAP,False,True,24.72,0.53,0.0,-1.294,-1.335,14.143,-1.131
2026-07-29T11:25:00,CRUDEOIL,2026-07-29,train,TREND_UP,FAILED_BREAKOUT,LONG,1.0,0.8621,0.1379,0.0,1.628,7881.0,4.0,0.26,4.0,15.3571,False,DOWN,False,1.433,0.759,False,False,False,True,True,True,2,1,0.034,0.065,0.25,4B_TRAP,False,True,25.87,2.32,0.657,-1.469,-1.508,15.357,-1.107
2026-07-29T12:05:00,CRUDEOIL,2026-07-29,train,TREND_UP,FAILED_BREAKOUT,SHORT,0.973,0.6923,0.3077,0.0,0.988,7881.0,12.0,0.659,12.0,18.2143,True,DOWN,True,0.988,0.692,True,True,True,False,False,False,1,,0.0,0.0,0.0,4B_TRAP,True,False,26.78,0.08,2.128,-1.643,-1.68,18.214,-1.098
2026-07-29T13:00:00,CRUDEOIL,2026-07-29,train,TREND_UP,FAILED_BREAKOUT,SHORT,0.9583,1.0,0.0,0.0,1.344,7866.0,9.0,0.504,9.0,17.8571,True,DOWN,True,1.232,0.917,True,True,True,False,False,False,1,4,0.0,0.0,0.0,4B_TRAP,True,False,24.72,0.39,1.254,-1.052,-1.092,17.857,-1.232
2026-07-29T13:35:00,CRUDEOIL,2026-07-29,train,TREND_UP,FAILED_BREAKOUT,LONG,1.0,0.7576,0.0,0.2424,1.215,7880.0,3.0,0.146,3.0,20.5714,False,DOWN,False,1.41,0.879,False,False,False,True,True,True,,1,1.0,1.604,11.0,4B_TRAP,False,True,33.99,0.49,0.0,-1.059,-1.089,20.571,-1.799
2026-07-29T13:40:00,CRUDEOIL,2026-07-29,train,TREND_UP,FAILED_BREAKOUT,SHORT,0.9821,1.0,0.0,0.0,1.331,7847.25,0.25,0.011,0.25,21.7857,False,UP,False,0.918,0.69,False,False,False,True,True,True,5,1,1.026,1.366,119.0,4B_TRAP,False,True,29.87,0.7,0.435,-1.373,-1.406,21.786,-1.928
2026-07-29T14:05:00,CRUDEOIL,2026-07-29,train,TREND_UP,FAILED_BREAKOUT,SHORT,0.9508,0.9231,0.0769,0.0,1.053,7847.25,5.25,0.23,5.25,22.7857,True,DOWN,True,0.483,0.423,True,True,True,False,False,False,1,4,0.0,0.0,0.0,4B_TRAP,True,False,26.78,0.3,1.12,-1.008,-1.046,22.786,-1.229
2026-07-29T14:20:00,CRUDEOIL,2026-07-29,train,TREND_UP,TRENDING,LONG,0.9531,0.5714,0.0,0.4286,0.709,7839.0,1.0,0.044,1.0,22.5714,True,UP,True,0.797,0.643,True,True,True,False,False,False,1,,0.0,0.0,0.0,4A_CONT,True,False,28.84,1.66,3.433,-0.277,2.965,22.571,2.956
2026-07-29T15:35:00,CRUDEOIL,2026-07-29,train,TREND_UP,FAILED_BREAKOUT,LONG,1.0,0.7736,0.1509,0.0755,2.507,7891.56,13.44,0.822,13.44,16.3571,True,UP,True,1.284,0.396,True,True,True,False,False,False,1,,0.0,0.0,0.0,4A_CONT,True,False,46.59,0.88,3.305,-0.086,2.979,16.357,2.939
2026-07-29T16:05:00,CRUDEOIL,2026-07-29,train,TREND_UP,FAILED_BREAKDOWN,LONG,0.9412,0.8846,0.0,0.1154,1.193,7946.0,7.0,0.363,7.0,19.2857,False,DOWN,False,0.83,0.615,False,False,False,True,True,True,2,1,0.154,0.207,0.571,4B_TRAP,False,True,26.78,,1.307,-1.83,-1.867,19.286,-2.593
2026-07-29T16:55:00,CRUDEOIL,2026-07-29,train,TREND_UP,FAILED_BREAKDOWN,SHORT,0.9474,1.0,0.0,0.0,1.454,7955.0,10.0,0.538,10.0,18.5714,False,UP,False,0.538,0.37,False,False,False,True,True,True,2,1,0.185,0.269,0.5,4B_TRAP,False,True,27.81,3.93,1.474,-4.099,-4.135,18.571,-1.508
2026-07-29T17:15:00,CRUDEOIL,2026-07-29,train,TREND_UP,FAILED_BREAKDOWN,SHORT,1.0,0.8947,0.1053,0.0,2.454,7935.0,31.0,1.491,31.0,20.7857,False,UP,False,0.818,0.298,True,True,True,False,False,False,1,4,0.0,0.0,0.0,4B_TRAP,False,False,58.71,1.22,0.0,-1.005,-1.022,20.786,-1.395
2026-07-29T17:45:00,CRUDEOIL,2026-07-29,train,TREND_UP,FAILED_BREAKDOWN,LONG,1.0,1.0,0.0,0.0,2.484,7988.0,71.0,2.672,71.0,26.5714,True,UP,True,0.0,0.0,True,True,True,False,False,False,1,,0.0,0.0,0.0,4A_CONT,True,False,67.98,,2.236,0.0,0.912,26.571,2.962
2026-07-29T18:00:00,CRUDEOIL,2026-07-29,train,TREND_UP,TRENDING,LONG,0.9906,0.7869,0.2131,0.0,1.732,8059.0,48.0,1.732,48.0,27.7143,False,DOWN,False,0.902,0.41,True,True,True,False,False,False,1,,0.0,0.0,0.0,4A_CONT,False,False,49.83,,2.087,-0.863,0.281,27.714,-1.588
2026-07-29T18:20:00,CRUDEOIL,2026-07-29,train,TREND_UP,TRENDING,LONG,0.9182,1.0,0.0,0.0,0.881,8083.0,31.0,1.051,31.0,29.5,False,DOWN,False,0.508,0.577,True,True,True,False,False,False,1,,0.0,0.0,0.0,4B_TRAP,False,False,26.78,0.22,0.597,-1.158,-1.195,29.5,-1.085
2026-07-29T18:30:00,CRUDEOIL,2026-07-29,train,TREND_UP,TRENDING,LONG,0.9643,0.6571,0.0571,0.2857,0.852,8123.0,3.0,0.111,3.0,27.0,False,DOWN,False,0.667,0.514,False,False,False,True,True,True,,1,0.6,0.778,7.0,4B_TRAP,False,True,34.05,,0.117,-1.263,-1.292,27.0,-1.63
2026-07-29T18:45:00,CRUDEOIL,2026-07-29,train,TREND_UP,TRENDING,LONG,0.9478,0.5862,0.0,0.4138,0.64,8110.0,2.0,0.075,2.0,26.5714,False,DOWN,False,1.204,1.103,False,False,False,True,True,True,,1,1.103,1.204,16.0,4B_TRAP,False,True,29.87,0.6,0.0,-1.138,-1.172,26.571,-1.317
2026-07-29T18:50:00,CRUDEOIL,2026-07-29,train,TREND_UP,TRENDING,SHORT,0.9483,1.0,0.0,0.0,1.146,8083.0,5.0,0.179,5.0,27.9286,False,UP,False,0.501,0.438,False,False,False,True,True,True,,1,0.75,0.859,4.8,4B_TRAP,False,True,32.96,7.37,0.091,-1.092,-1.123,27.929,-1.325
2026-07-29T19:15:00,CRUDEOIL,2026-07-29,train,TREND_UP,TRENDING,LONG,0.9421,0.4333,0.5667,0.0,0.581,8130.0,-12.0,-0.537,12.0,22.3571,True,UP,True,0.805,0.6,False,False,False,False,False,True,1,3,0.733,0.984,1.833,4B_TRAP,False,True,13.9,0.86,1.727,-1.655,-1.727,22.357,-1.073
2026-07-29T20:40:00,CRUDEOIL,2026-07-29,train,TREND_UP,TRENDING,SHORT,0.9203,0.3571,0.0714,0.5714,0.491,8165.0,-2.0,-0.098,2.0,20.3571,False,UP,False,0.835,0.607,False,False,False,True,True,True,3,1,0.679,0.933,9.5,4B_TRAP,False,True,12.84,0.16,0.0,-1.324,-1.402,20.357,2.951
2026-07-29T21:00:00,CRUDEOIL,2026-07-29,train,TREND_UP,TRENDING,SHORT,0.9085,1.0,0.0,0.0,1.212,8148.0,30.0,1.346,30.0,22.2857,True,DOWN,True,0.718,0.593,True,True,True,False,False,False,1,5,0.0,0.0,0.0,4B_TRAP,True,False,27.81,10.26,0.431,-1.69,-1.726,22.286,-2.154
2026-07-29T21:25:00,CRUDEOIL,2026-07-29,train,TREND_UP,TRENDING,LONG,0.9524,0.8667,0.0667,0.0667,1.193,8134.0,29.0,1.331,29.0,21.7857,True,UP,True,0.413,0.3,True,True,True,False,False,False,1,4,0.0,0.0,0.0,4B_TRAP,True,False,28.9,0.8,0.623,-1.003,-1.038,21.786,-1.377
2026-07-29T21:50:00,CRUDEOIL,2026-07-29,train,TREND_UP,TRENDING,SHORT,0.9539,1.0,0.0,0.0,1.423,8134.0,27.0,1.239,27.0,21.7857,True,DOWN,True,0.78,0.548,True,True,True,False,False,False,1,,0.0,0.0,0.0,4B_TRAP,True,False,31.93,0.03,0.595,-1.002,-1.034,21.786,-1.102
2026-07-30T10:10:00,CRUDEOIL,2026-07-30,train,CHOP,TRENDING,LONG,0.9286,0.1176,0.4706,0.4118,0.192,8028.0,-3.0,-0.288,3.0,10.4286,False,DOWN,False,0.863,0.529,False,False,False,True,True,True,2,1,0.353,0.575,2.0,4A_CONT,False,False,9.51,1.47,4.627,-0.315,2.895,10.429,2.904
2026-07-30T10:20:00,CRUDEOIL,2026-07-30,train,CHOP,OPENING_DRIVE,LONG,1.0,0.92,0.08,0.0,1.988,8039.0,6.0,0.519,6.0,11.5714,True,UP,True,1.383,0.64,True,True,True,False,False,False,1,,0.0,0.0,0.0,4A_CONT,True,False,23.75,,3.537,0.0,2.958,11.571,2.914
2026-07-30T10:35:00,CRUDEOIL,2026-07-30,train,CHOP,TRENDING,LONG,0.9474,0.9048,0.0952,0.0,1.47,8069.0,4.0,0.309,4.0,12.9286,True,UP,True,1.702,1.048,True,True,True,False,False,False,1,,0.0,0.0,0.0,4A_CONT,True,False,19.63,,3.617,0.0,2.949,12.929,2.923
2026-07-30T10:40:00,CRUDEOIL,2026-07-30,train,CHOP,TRENDING,LONG,0.95,1.0,0.0,0.0,1.556,8075.0,23.0,1.626,23.0,14.1429,True,UP,True,0.848,0.545,True,True,True,False,False,False,1,,0.0,0.0,0.0,4A_CONT,True,False,22.66,,3.486,-0.088,2.956,14.143,2.929
2026-07-30T11:00:00,CRUDEOIL,2026-07-30,train,CHOP,TRENDING,LONG,1.0,1.0,0.0,0.0,1.661,8129.0,15.0,0.89,15.0,16.8571,True,UP,True,0.949,0.571,True,True,True,False,False,False,1,,0.0,0.0,0.0,4A_CONT,True,False,28.84,,3.294,-0.659,2.965,16.857,-1.186
2026-07-30T11:20:00,CRUDEOIL,2026-07-30,train,CHOP,TRENDING,LONG,1.0,0.9348,0.0,0.0652,1.98,8164.0,13.0,0.599,13.0,21.7143,False,DOWN,False,1.428,0.674,True,False,False,False,True,True,1,2,0.022,0.046,0.077,4B_TRAP,False,True,47.38,,1.414,-1.309,-1.33,21.714,2.954
2026-07-30T11:35:00,CRUDEOIL,2026-07-30,train,CHOP,TRENDING,LONG,0.9355,1.0,0.0,0.0,1.239,8190.0,10.0,0.413,10.0,24.2143,True,UP,True,0.413,0.333,True,True,True,False,False,False,1,,0.0,0.0,0.0,4B_TRAP,True,False,30.9,,1.424,-2.751,-2.783,24.214,-3.552
2026-07-30T11:50:00,CRUDEOIL,2026-07-30,train,CHOP,TRENDING,SHORT,0.9118,0.7241,0.1724,0.1034,0.824,8221.0,6.0,0.235,6.0,25.5,False,UP,False,0.745,0.655,False,False,False,True,True,True,2,1,0.448,0.51,2.167,4B_TRAP,False,True,26.87,3.35,0.0,-1.079,-1.116,25.5,-1.176
2026-07-30T12:30:00,CRUDEOIL,2026-07-30,train,CHOP,TRENDING,SHORT,1.0,1.0,0.0,0.0,2.125,8185.0,70.0,2.656,70.0,26.3571,False,UP,False,1.328,0.625,True,True,True,False,False,False,1,5,0.0,0.0,0.0,4B_TRAP,False,False,57.68,1.92,0.0,-1.11,-1.127,26.357,-1.556
2026-07-30T12:45:00,CRUDEOIL,2026-07-30,train,CHOP,TRENDING,LONG,0.9333,0.9091,0.0909,0.0,1.141,8160.81,15.19,0.578,15.19,26.2857,False,DOWN,False,1.255,1.0,False,False,False,True,True,True,2,1,0.146,0.183,0.317,4B_TRAP,False,True,30.99,2.19,2.13,-1.646,-1.678,26.286,-1.179
2026-07-30T13:00:00,CRUDEOIL,2026-07-30,train,CHOP,TRENDING,LONG,0.9375,0.7879,0.0,0.2121,0.926,8189.0,26.0,0.926,26.0,28.0714,True,UP,True,0.891,0.758,True,True,False,False,False,True,1,3,0.182,0.214,0.231,4B_TRAP,True,True,33.99,0.85,0.794,-1.059,-1.089,28.071,-1.318
2026-07-30T13:30:00,CRUDEOIL,2026-07-30,train,CHOP,TRENDING,SHORT,0.963,0.814,0.186,0.0,1.099,8164.0,18.0,0.565,18.0,31.8571,True,DOWN,True,0.628,0.465,True,True,False,False,False,True,1,3,0.07,0.094,0.167,4A_CONT,True,False,44.29,3.19,3.545,-0.79,2.977,31.857,-1.13
2026-07-30T13:45:00,CRUDEOIL,2026-07-30,train,CHOP,TRENDING,LONG,0.9474,1.0,0.0,0.0,1.342,8136.0,31.0,1.124,31.0,27.5714,True,UP,True,0.435,0.324,True,True,False,False,False,True,1,3,1.162,1.56,1.387,4B_TRAP,True,True,38.11,0.23,0.367,-2.047,-2.073,27.571,-2.865
2026-07-30T14:00:00,CRUDEOIL,2026-07-30,train,CHOP,TRENDING,SHORT,1.0,0.9375,0.0,0.0625,2.024,8123.0,30.0,1.012,30.0,29.6429,False,UP,False,0.337,0.156,True,True,False,False,False,True,1,3,0.172,0.371,0.367,4B_TRAP,False,True,61.92,1.43,0.0,-1.066,-1.082,29.643,-1.552
2026-07-30T14:45:00,CRUDEOIL,2026-07-30,train,CHOP,FAILED_BREAKOUT,SHORT,0.942,0.7368,0.2632,0.0,0.987,8080.0,25.0,0.882,25.0,28.3571,False,UP,False,0.599,0.447,True,True,True,False,False,False,1,,0.0,0.0,0.0,4B_TRAP,False,False,39.14,1.29,0.434,-1.073,-1.099,28.357,-1.516
2026-07-30T15:45:00,CRUDEOIL,2026-07-30,train,CHOP,FAILED_BREAKOUT,SHORT,0.9259,1.0,0.0,0.0,1.581,8088.0,18.0,0.813,18.0,22.1429,True,DOWN,True,0.542,0.343,True,True,True,False,False,False,1,,0.0,0.0,0.0,4A_CONT,True,False,36.05,0.55,3.301,-0.416,2.972,22.143,2.955
2026-07-30T16:10:00,CRUDEOIL,2026-07-30,train,CHOP,FAILED_BREAKOUT,SHORT,0.9535,0.475,0.0,0.525,0.821,8002.0,-8.0,-0.346,8.0,23.1429,True,DOWN,True,0.432,0.25,False,False,False,True,True,True,,1,0.475,0.821,2.375,4B_TRAP,False,True,20.2,0.27,0.941,-1.188,-1.238,23.143,-1.08
2026-07-30T17:55:00,CRUDEOIL,2026-07-30,train,CHOP,FAILED_BREAKOUT,LONG,0.9439,0.973,0.027,0.0,1.744,8035.0,36.0,1.744,36.0,20.6429,False,DOWN,False,0.291,0.162,True,False,False,False,True,True,1,2,0.432,0.775,0.444,4B_TRAP,False,True,37.11,1.94,0.0,-1.105,-1.132,20.643,-1.066
2026-07-30T18:35:00,CRUDEOIL,2026-07-30,train,CHOP,FAILED_BREAKOUT,SHORT,1.0,0.881,0.0,0.119,2.473,7982.0,-1.0,-0.033,1.0,29.9286,True,DOWN,True,1.637,0.583,False,False,False,False,False,False,1,4,0.0,0.0,0.0,4B_TRAP,False,False,76.52,0.01,0.418,-1.072,-1.085,29.929,-1.27
2026-07-30T18:40:00,CRUDEOIL,2026-07-30,train,CHOP,FAILED_BREAKOUT,SHORT,0.9741,0.9388,0.0,0.0612,1.474,7973.0,19.0,0.609,19.0,31.2143,False,UP,False,0.737,0.469,False,False,False,True,True,True,,1,0.347,0.545,0.895,4B_TRAP,False,True,47.47,,0.0,-1.032,-1.053,31.214,-1.185
2026-07-30T21:10:00,CRUDEOIL,2026-07-30,train,CHOP,FAILED_BREAKOUT,SHORT,0.9452,0.8108,0.0,0.1892,1.173,8043.0,35.0,1.369,35.0,25.5714,False,UP,False,0.899,0.622,True,True,True,False,False,False,1,5,0.0,0.0,0.0,4B_TRAP,False,False,31.11,0.75,0.354,-1.189,-1.221,25.571,-1.095
2026-07-31T10:25:00,CRUDEOIL,2026-07-31,train,TREND_UP,TRENDING,SHORT,0.9412,0.875,0.0,0.125,1.371,7824.0,17.0,1.664,17.0,10.2143,False,UP,False,2.252,1.438,True,False,False,False,True,True,1,2,0.25,0.392,0.235,4B_TRAP,False,True,14.48,,0.691,-1.381,-1.45,10.214,-1.371
2026-07-31T10:35:00,CRUDEOIL,2026-07-31,train,TREND_UP,TRENDING,LONG,0.9474,1.0,0.0,0.0,1.74,7820.0,7.0,0.58,7.0,12.0714,True,UP,True,0.994,0.571,True,True,False,False,False,True,1,3,0.667,1.16,2.0,4B_TRAP,True,True,21.63,0.37,0.231,-1.156,-1.202,12.071,-2.154
2026-07-31T11:05:00,CRUDEOIL,2026-07-31,train,TREND_UP,TRENDING,SHORT,1.0,0.8929,0.1071,0.0,1.643,7777.0,10.0,0.657,10.0,15.2143,False,UP,False,1.643,0.893,False,False,False,True,True,True,,1,1.179,2.169,3.3,4B_TRAP,False,True,28.84,,0.0,-1.491,-1.526,15.214,-1.906
2026-07-31T11:10:00,CRUDEOIL,2026-07-31,train,TREND_UP,TRENDING,LONG,0.9615,0.6,0.4,0.0,0.901,7795.0,-10.0,-0.601,10.0,16.6429,False,DOWN,False,0.721,0.48,False,False,False,True,True,True,2,1,0.36,0.541,0.9,4A_CONT,False,False,15.75,2.98,4.127,-0.254,2.937,16.643,2.94
2026-07-31T11:20:00,CRUDEOIL,2026-07-31,train,TREND_UP,TRENDING,LONG,0.9286,1.0,0.0,0.0,1.344,7795.0,15.0,0.84,15.0,17.8571,True,UP,True,0.168,0.125,True,True,True,False,False,False,1,,0.0,0.0,0.0,4A_CONT,True,False,24.72,2.82,3.115,-0.283,2.96,17.857,2.944
2026-07-31T12:45:00,CRUDEOIL,2026-07-31,train,TREND_UP,FAILED_BREAKDOWN,LONG,0.9556,0.625,0.375,0.0,0.89,7881.0,-3.0,-0.178,3.0,16.8571,False,DOWN,False,0.653,0.458,False,False,False,True,True,True,2,1,0.042,0.059,0.333,4B_TRAP,False,True,15.72,0.06,1.527,-1.145,-1.209,16.857,-1.127
2026-07-31T13:00:00,CRUDEOIL,2026-07-31,train,TREND_UP,FAILED_BREAKDOWN,LONG,0.9792,0.5,0.0,0.5,0.752,7893.0,8.0,0.463,8.0,17.2857,False,DOWN,False,0.405,0.269,True,True,False,False,False,True,1,3,0.269,0.405,0.875,4B_TRAP,False,True,26.78,,0.037,-1.046,-1.083,17.286,-1.678
2026-07-31T13:10:00,CRUDEOIL,2026-07-31,train,TREND_UP,FAILED_BREAKDOWN,LONG,0.94,0.375,0.0,0.625,0.543,7887.0,10.0,0.603,10.0,16.5714,False,DOWN,False,0.724,0.5,False,False,False,True,True,True,,1,1.208,1.75,2.9,4B_TRAP,False,True,24.72,0.2,0.0,-1.497,-1.537,16.571,-1.086
2026-07-31T13:20:00,CRUDEOIL,2026-07-31,train,TREND_UP,FAILED_BREAKDOWN,SHORT,0.9808,0.7692,0.0769,0.1538,1.12,7873.0,9.0,0.504,9.0,17.8571,True,DOWN,True,0.84,0.577,True,True,True,False,False,False,1,,0.0,0.0,0.0,4B_TRAP,True,False,22.78,2.22,1.01,-1.8,-1.844,17.857,-2.352
2026-07-31T13:30:00,CRUDEOIL,2026-07-31,train,TREND_UP,FAILED_BREAKOUT,SHORT,0.9444,0.68,0.32,0.0,0.872,7850.0,4.0,0.205,4.0,19.5,False,UP,False,0.718,0.56,False,False,False,True,True,True,3,1,0.28,0.359,1.75,4B_TRAP,False,True,25.75,1.05,0.194,-2.291,-2.33,19.5,-1.231
2026-07-31T13:55:00,CRUDEOIL,2026-07-31,train,TREND_UP,FAILED_BREAKDOWN,LONG,1.0,0.8182,0.0,0.1818,1.813,7902.0,3.0,0.151,3.0,19.8571,False,DOWN,False,1.108,0.5,False,False,False,False,True,True,,1,0.455,1.007,6.667,4A_CONT,False,False,45.32,,3.001,-0.993,2.978,19.857,-1.209
2026-07-31T15:00:00,CRUDEOIL,2026-07-31,train,TREND_UP,FAILED_BREAKDOWN,LONG,1.0,1.0,0.0,0.0,2.188,7953.0,22.0,0.963,22.0,22.8571,True,UP,True,0.613,0.28,True,True,True,False,False,False,1,,0.0,0.0,0.0,4A_CONT,True,False,51.5,,3.01,-0.117,2.981,22.857,2.956
2026-07-31T16:25:00,CRUDEOIL,2026-07-31,train,TREND_UP,TRENDING,LONG,0.9775,0.8333,0.1667,0.0,1.464,8060.0,4.0,0.234,4.0,17.0714,False,DOWN,False,0.879,0.5,False,False,False,True,True,True,4,1,0.633,1.113,4.75,4B_TRAP,False,True,25.9,,1.583,-1.042,-1.081,17.071,-1.464
2026-07-31T16:45:00,CRUDEOIL,2026-07-31,train,TREND_UP,TRENDING,LONG,1.0,0.7794,0.2206,0.0,2.524,8069.0,21.0,1.0,21.0,21.0,True,UP,True,0.714,0.221,True,True,True,False,False,False,1,,0.0,0.0,0.0,4B_TRAP,True,False,55.04,,2.416,-1.054,-1.072,21.0,2.952
2026-07-31T17:00:00,CRUDEOIL,2026-07-31,train,TREND_UP,TRENDING,LONG,0.9688,0.9333,0.0,0.0667,1.248,8111.0,11.0,0.49,11.0,22.4286,False,DOWN,False,0.713,0.533,False,False,False,True,True,True,2,1,0.033,0.045,0.091,4A_CONT,False,False,30.9,,3.172,-0.518,2.968,22.429,2.955
2026-07-31T17:30:00,CRUDEOIL,2026-07-31,train,TREND_UP,TRENDING,LONG,0.9902,1.0,0.0,0.0,2.053,8130.0,36.0,1.478,36.0,24.3571,True,UP,True,0.575,0.28,True,True,True,False,False,False,1,,0.0,0.0,0.0,4B_TRAP,True,False,51.5,,1.107,-1.709,-1.728,24.357,-1.273
2026-07-31T18:25:00,CRUDEOIL,2026-07-31,train,TREND_UP,TRENDING,LONG,0.9646,0.814,0.186,0.0,1.725,8191.0,21.0,1.035,21.0,20.2857,False,DOWN,False,2.415,1.14,False,False,False,True,True,True,5,1,0.349,0.739,0.714,4B_TRAP,False,True,36.29,,0.303,-1.047,-1.075,20.286,-1.923
2026-07-31T18:30:00,CRUDEOIL,2026-07-31,train,TREND_UP,TRENDING,SHORT,0.9737,0.9592,0.0,0.0408,2.05,8177.0,1.0,0.044,1.0,22.9286,False,UP,False,0.393,0.184,False,False,False,True,True,True,5,1,0.265,0.567,13.0,4A_CONT,False,False,48.47,0.83,2.971,-0.805,1.403,22.929,-1.178
2026-07-31T18:40:00,CRUDEOIL,2026-07-31,train,TREND_UP,TRENDING,LONG,0.931,0.3448,0.4138,0.2414,0.452,8196.0,-6.0,-0.271,6.0,22.1429,False,DOWN,False,1.039,0.793,False,False,False,True,True,True,,1,0.793,1.039,3.833,4B_TRAP,False,True,17.87,1.85,0.672,-1.231,-1.287,22.143,-1.219
2026-07-31T19:00:00,CRUDEOIL,2026-07-31,train,TREND_UP,TRENDING,SHORT,0.95,0.0968,0.9032,0.0,0.122,8173.0,2.0,0.081,2.0,24.6429,False,UP,False,0.365,0.29,False,False,False,True,True,True,,1,0.71,0.893,11.0,4B_TRAP,False,True,28.93,13.8,0.0,-1.486,-1.521,24.643,-1.786
2026-07-31T19:20:00,CRUDEOIL,2026-07-31,train,TREND_UP,TRENDING,SHORT,0.9194,0.7143,0.2857,0.0,0.759,8195.0,20.0,0.759,20.0,26.3571,False,UP,False,0.721,0.679,True,True,True,False,False,False,1,,0.0,0.0,0.0,4B_TRAP,False,False,28.84,0.24,2.046,-1.04,-1.075,26.357,-1.176
2026-07-31T19:35:00,CRUDEOIL,2026-07-31,train,TREND_UP,TRENDING,SHORT,0.9528,1.0,0.0,0.0,1.28,8164.0,27.0,1.08,27.0,25.0,False,UP,False,1.48,1.156,True,True,True,False,False,False,1,5,0.0,0.0,0.0,4B_TRAP,False,False,32.96,11.08,0.637,-1.183,-1.214,25.0,-1.24
2026-07-31T19:40:00,CRUDEOIL,2026-07-31,train,TREND_UP,TRENDING,LONG,0.9531,0.7027,0.2973,0.0,1.077,8047.25,94.75,3.925,94.75,24.1429,False,DOWN,False,0.704,0.459,True,True,True,False,False,False,1,,0.0,0.0,0.0,4B_TRAP,False,False,27.11,2.66,2.693,-2.361,-2.398,24.143,2.959
2026-07-31T20:15:00,CRUDEOIL,2026-07-31,train,TREND_UP,TRENDING,LONG,0.9185,1.0,0.0,0.0,1.353,8178.0,22.0,1.027,22.0,21.4286,False,DOWN,False,0.933,0.69,True,True,True,False,False,False,1,,0.0,0.0,0.0,4B_TRAP,False,False,29.87,0.77,0.502,-1.071,-1.105,21.429,-1.54
2026-07-31T20:55:00,CRUDEOIL,2026-07-31,train,TREND_UP,TRENDING,SHORT,0.9231,0.7586,0.0,0.2414,1.316,8184.0,9.0,0.538,9.0,16.7143,True,DOWN,True,2.692,1.552,True,True,True,False,False,False,1,,0.0,0.0,0.0,4A_CONT,True,False,22.87,1.97,4.241,-0.175,2.956,16.714,2.94
2026-07-31T21:00:00,CRUDEOIL,2026-07-31,train,TREND_UP,TRENDING,SHORT,0.9722,1.0,0.0,0.0,2.405,8168.0,34.0,1.817,34.0,18.7143,False,UP,False,0.534,0.222,True,True,True,False,False,False,1,,0.0,0.0,0.0,4A_CONT,False,False,46.35,0.09,2.201,-0.41,0.561,18.714,-1.069
2026-07-31T21:15:00,CRUDEOIL,2026-07-31,train,TREND_UP,TRENDING,SHORT,0.9524,0.8947,0.0263,0.0789,1.571,8120.0,39.0,1.802,39.0,21.6429,True,DOWN,True,2.125,1.211,True,True,True,False,False,False,1,,0.0,0.0,0.0,4B_TRAP,True,False,36.14,8.56,1.356,-1.356,-1.384,21.643,-1.109
2026-07-31T21:20:00,CRUDEOIL,2026-07-31,train,TREND_UP,FAILED_BREAKOUT,SHORT,0.973,0.9565,0.0,0.0435,1.791,8078.0,44.0,1.791,44.0,24.5714,False,UP,False,0.814,0.435,True,True,True,False,False,False,1,4,0.0,0.0,0.0,4B_TRAP,False,False,45.38,5.78,0.0,-1.146,-1.168,24.571,-1.14
2026-08-03T10:15:00,CRUDEOIL,2026-08-03,train,CHOP,TRENDING,SHORT,1.0,1.0,0.0,0.0,1.854,7592.0,7.0,0.649,7.0,10.7857,True,DOWN,True,0.464,0.25,True,True,True,False,False,False,1,,0.0,0.0,0.0,4B_TRAP,True,False,20.6,,0.728,-1.311,-1.359,10.786,-1.113
2026-08-03T11:10:00,CRUDEOIL,2026-08-03,train,CHOP,TRENDING,LONG,0.9231,0.6923,0.0769,0.2308,0.818,7584.0,11.0,1.0,11.0,11.0,True,UP,True,0.909,0.769,True,True,True,False,False,False,1,,0.0,0.0,0.0,4B_TRAP,True,False,12.39,2.16,2.018,-2.421,-2.502,11.0,-2.818
2026-08-03T11:25:00,CRUDEOIL,2026-08-03,train,CHOP,OPENING_DRIVE,SHORT,0.9655,0.8824,0.0,0.1176,1.296,7609.0,7.0,0.605,7.0,11.5714,True,DOWN,True,1.21,0.824,True,True,True,False,False,False,1,,0.0,0.0,0.0,4A_CONT,True,False,15.51,2.01,4.062,-0.129,2.936,11.571,2.914
2026-08-03T11:30:00,CRUDEOIL,2026-08-03,train,CHOP,OPENING_DRIVE,SHORT,0.9333,0.5714,0.0,0.4286,0.655,7600.0,4.0,0.327,4.0,12.2143,True,DOWN,True,0.327,0.286,True,True,True,False,False,False,1,,0.0,0.0,0.0,4A_CONT,True,False,8.42,1.93,3.682,0.0,2.881,12.214,2.918
2026-08-03T11:40:00,CRUDEOIL,2026-08-03,train,CHOP,TRENDING,SHORT,1.0,1.0,0.0,0.0,1.674,7570.0,5.0,0.38,5.0,13.1429,False,UP,False,1.141,0.682,False,False,False,True,True,True,3,1,0.591,0.989,2.6,4B_TRAP,False,True,22.66,,0.0,-1.015,-1.059,13.143,-1.37
2026-08-03T11:55:00,CRUDEOIL,2026-08-03,train,CHOP,TRENDING,SHORT,1.0,0.7273,0.0,0.2727,1.155,7565.0,1.0,0.072,1.0,13.8571,True,DOWN,True,1.01,0.636,False,False,False,False,False,False,2,1,0.0,0.0,0.0,4B_TRAP,False,False,16.66,,1.681,-1.501,-1.561,13.857,-1.876
2026-08-03T12:10:00,CRUDEOIL,2026-08-03,train,CHOP,TRENDING,SHORT,1.0,1.0,0.0,0.0,1.734,7557.0,18.0,1.156,18.0,15.5714,False,UP,False,0.706,0.407,True,True,True,False,False,False,1,4,0.0,0.0,0.0,4B_TRAP,False,False,27.81,,0.108,-1.798,-1.834,15.571,-1.156
2026-08-03T12:30:00,CRUDEOIL,2026-08-03,train,CHOP,TRENDING,LONG,1.0,0.7353,0.2647,0.0,1.367,7574.0,6.0,0.328,6.0,18.2857,True,UP,True,0.711,0.382,True,True,True,False,False,False,1,,0.0,0.0,0.0,4A_CONT,True,False,26.02,1.32,3.459,-0.384,2.962,18.286,2.945
2026-08-03T12:45:00,CRUDEOIL,2026-08-03,train,CHOP,FAILED_BREAKOUT,LONG,1.0,0.9032,0.0161,0.0806,2.57,7642.0,12.0,0.551,12.0,21.7857,False,DOWN,False,2.433,0.855,False,False,False,True,True,True,,1,0.516,1.469,2.667,4B_TRAP,False,True,62.86,,0.0,-1.05,-1.066,21.786,-2.479
2026-08-03T13:05:00,CRUDEOIL,2026-08-03,train,CHOP,FAILED_BREAKOUT,LONG,0.9184,0.84,0.16,0.0,0.847,7614.09,26.91,1.086,26.91,24.7857,False,DOWN,False,0.847,0.84,True,False,False,False,True,True,1,2,1.044,1.053,0.97,4B_TRAP,False,True,21.75,0.64,0.0,-1.103,-1.149,24.786,-1.573
2026-08-03T13:15:00,CRUDEOIL,2026-08-03,train,CHOP,FAILED_BREAKDOWN,SHORT,0.9216,1.0,0.0,0.0,0.941,7617.0,14.0,0.527,14.0,26.5714,True,DOWN,True,0.489,0.52,True,True,False,False,False,True,1,3,0.04,0.038,0.071,4B_TRAP,True,True,25.75,0.23,0.583,-1.32,-1.359,26.571,-1.317
2026-08-03T13:45:00,CRUDEOIL,2026-08-03,train,CHOP,FAILED_BREAKOUT,LONG,0.9474,0.963,0.037,0.0,1.034,7627.0,9.0,0.358,9.0,25.1429,False,DOWN,False,0.517,0.481,False,False,False,True,True,True,3,1,0.074,0.08,0.222,4B_TRAP,False,True,26.81,0.34,2.089,-1.082,-1.119,25.143,-1.193
2026-08-03T14:05:00,CRUDEOIL,2026-08-03,train,CHOP,FAILED_BREAKDOWN,LONG,0.9508,0.697,0.0,0.303,1.122,7655.0,3.0,0.146,3.0,20.5,True,UP,True,1.317,0.818,True,True,True,False,False,False,1,4,0.0,0.0,0.0,4B_TRAP,True,False,33.99,,1.0,-1.236,-1.265,20.5,-2.098
2026-08-03T14:10:00,CRUDEOIL,2026-08-03,train,CHOP,FAILED_BREAKDOWN,LONG,0.9355,0.7037,0.0,0.2963,0.89,7658.0,12.0,0.562,12.0,21.3571,True,UP,True,1.171,0.926,True,True,False,False,False,True,1,3,0.185,0.234,0.417,4B_TRAP,True,True,27.81,,0.791,-1.942,-1.978,21.357,-2.575
2026-08-03T14:40:00,CRUDEOIL,2026-08-03,train,CHOP,FAILED_BREAKDOWN,SHORT,0.9412,1.0,0.0,0.0,1.483,7650.0,34.0,1.576,34.0,21.5714,True,DOWN,True,0.881,0.594,True,True,True,False,False,False,1,,0.0,0.0,0.0,4A_CONT,True,False,32.96,1.39,3.064,-0.85,2.97,21.571,-1.298
2026-08-03T15:25:00,CRUDEOIL,2026-08-03,train,CHOP,FAILED_BREAKOUT,LONG,0.9351,0.4074,0.2963,0.2963,0.533,7643.0,-7.0,-0.339,7.0,20.6429,False,DOWN,False,1.163,0.889,False,False,False,True,True,True,,1,1.222,1.599,4.714,4B_TRAP,False,True,19.81,0.12,0.101,-1.111,-1.161,20.643,-1.114
2026-08-03T18:15:00,CRUDEOIL,2026-08-03,train,CHOP,TRENDING,LONG,0.982,0.878,0.122,0.0,2.109,7557.0,17.0,0.996,17.0,17.0714,False,DOWN,False,0.527,0.22,True,False,False,False,True,True,1,2,0.634,1.523,1.529,4B_TRAP,False,True,37.23,1.63,0.134,-1.585,-1.612,17.071,-1.874
2026-08-03T18:30:00,CRUDEOIL,2026-08-03,train,CHOP,TRENDING,SHORT,0.9474,0.1034,0.3448,0.5517,0.171,7535.0,4.0,0.228,4.0,17.5714,False,UP,False,1.252,0.759,True,False,False,False,True,True,1,2,1.172,1.935,8.5,4B_TRAP,False,True,13.87,,0.36,-1.226,-1.298,17.571,-2.22
2026-08-03T18:40:00,CRUDEOIL,2026-08-03,train,CHOP,TRENDING,LONG,0.9828,1.0,0.0,0.0,2.108,7548.0,21.0,1.054,21.0,19.9286,False,DOWN,False,0.853,0.405,True,True,True,False,False,False,1,4,0.0,0.0,0.0,4B_TRAP,False,False,43.26,0.23,0.162,-1.364,-1.387,19.929,-3.011
2026-08-03T19:00:00,CRUDEOIL,2026-08-03,train,CHOP,FAILED_BREAKOUT,SHORT,0.9833,1.0,0.0,0.0,2.311,7515.0,5.0,0.222,5.0,22.5,True,DOWN,True,0.533,0.231,True,False,False,False,True,True,1,2,0.096,0.222,1.0,4B_TRAP,False,True,53.56,,0.224,-1.12,-1.139,22.5,-1.156
2026-08-03T19:20:00,CRUDEOIL,2026-08-03,train,CHOP,TRENDING,LONG,0.9355,0.8621,0.0,0.1379,1.003,7520.0,15.0,0.602,15.0,24.9286,True,UP,True,1.043,0.897,True,True,True,False,False,False,1,,0.0,0.0,0.0,4A_CONT,True,False,29.87,1.37,3.85,-0.167,2.967,24.929,2.96
2026-08-03T20:00:00,CRUDEOIL,2026-08-03,train,CHOP,FAILED_BREAKOUT,LONG,0.9394,0.5484,0.4516,0.0,0.77,7584.0,3.0,0.136,3.0,22.0714,True,UP,True,0.816,0.581,True,False,False,False,True,True,1,2,0.194,0.272,2.0,4A_CONT,False,False,17.93,2.59,3.514,-0.892,2.944,22.071,2.955
2026-08-03T20:35:00,CRUDEOIL,2026-08-03,train,CHOP,FAILED_BREAKOUT,SHORT,0.9496,0.75,0.0625,0.1875,1.273,7609.0,21.0,1.114,21.0,18.8571,False,UP,False,0.477,0.281,True,True,True,False,False,False,1,4,0.0,0.0,0.0,4B_TRAP,False,False,26.96,0.63,0.111,-2.3,-2.337,18.857,-3.341
2026-08-03T20:55:00,CRUDEOIL,2026-08-03,train,CHOP,FAILED_BREAKOUT,LONG,0.993,0.8421,0.0,0.1579,2.294,7633.4,16.6,0.793,16.6,20.9286,False,DOWN,False,0.86,0.316,False,False,False,True,True,True,,1,0.674,1.835,2.313,4B_TRAP,False,True,58.71,0.72,0.0,-1.056,-1.073,20.929,-1.911
2026-08-03T22:30:00,CRUDEOIL,2026-08-03,train,CHOP,FAILED_BREAKOUT,LONG,0.9198,0.8889,0.1111,0.0,1.608,7629.35,0.65,0.044,0.65,14.9286,True,UP,True,0.335,0.185,True,True,True,False,False,False,1,,0.0,0.0,0.0,4X_AMBIG,True,False,24.81,2.5,1.209,-0.121,0.806,14.929,1.34
2026-08-04T11:05:00,CRUDEOIL,2026-08-04,train,TREND_DOWN,TRENDING,SHORT,1.0,0.6471,0.0,0.3529,1.294,7751.0,-6.0,-0.706,6.0,8.5,True,DOWN,True,1.294,0.647,False,False,False,False,True,True,1,2,0.176,0.353,0.5,4A_CONT,False,False,11.51,0.52,3.301,-0.261,2.913,8.5,2.882
2026-08-04T11:20:00,CRUDEOIL,2026-08-04,train,TREND_DOWN,OPENING_DRIVE,SHORT,1.0,0.8636,0.0,0.1364,1.86,7741.4,9.4,0.92,9.4,10.2143,True,DOWN,True,0.783,0.364,True,True,True,False,False,False,1,,0.0,0.0,0.0,4A_CONT,True,False,19.66,0.66,3.561,-0.305,2.949,10.214,2.902
2026-08-04T11:30:00,CRUDEOIL,2026-08-04,train,TREND_DOWN,OPENING_DRIVE,LONG,0.9667,0.4211,0.5789,0.0,0.723,7732.0,-5.0,-0.452,5.0,11.0714,False,DOWN,False,0.632,0.368,False,False,False,True,True,True,4,1,1.053,1.806,4.0,4B_TRAP,False,True,8.57,3.85,0.117,-1.75,-1.867,11.071,-1.445
2026-08-04T11:40:00,CRUDEOIL,2026-08-04,train,TREND_DOWN,OPENING_DRIVE,SHORT,0.9062,0.5625,0.4375,0.0,0.759,7719.0,7.0,0.59,7.0,11.8571,False,UP,False,1.771,1.312,False,False,False,True,True,True,,1,0.938,1.265,2.143,4B_TRAP,False,True,16.48,,0.182,-1.092,-1.153,11.857,-1.602
2026-08-04T11:45:00,CRUDEOIL,2026-08-04,train,TREND_DOWN,OPENING_DRIVE,LONG,0.9697,1.0,0.0,0.0,1.642,7728.0,2.0,0.156,2.0,12.7857,True,UP,True,0.704,0.429,True,False,False,False,True,True,1,2,0.286,0.469,3.0,4B_TRAP,False,True,21.63,0.37,0.185,-1.063,-1.11,12.786,-1.564
2026-08-04T11:55:00,CRUDEOIL,2026-08-04,train,TREND_DOWN,FAILED_BREAKOUT,SHORT,0.9429,0.4211,0.0,0.5789,0.577,7725.0,3.0,0.216,3.0,13.8571,False,UP,False,0.938,0.684,False,False,False,True,True,True,3,1,0.105,0.144,0.667,4B_TRAP,False,True,8.57,1.52,0.933,-1.05,-1.167,13.857,2.928
2026-08-04T12:10:00,CRUDEOIL,2026-08-04,train,TREND_DOWN,FAILED_BREAKOUT,SHORT,0.9474,1.0,0.0,0.0,1.285,7709.0,2.0,0.135,2.0,14.7857,True,DOWN,True,0.812,0.632,True,True,True,False,False,False,1,,0.0,0.0,0.0,4B_TRAP,True,False,19.57,,2.299,-1.073,-1.124,14.786,2.932
2026-08-04T12:25:00,CRUDEOIL,2026-08-04,train,TREND_DOWN,FAILED_BREAKOUT,SHORT,0.9756,0.7619,0.2381,0.0,1.082,7702.0,20.0,1.353,20.0,14.7857,True,DOWN,True,1.623,1.143,True,True,False,False,False,True,1,3,0.238,0.338,0.25,4B_TRAP,True,True,21.63,,0.925,-1.156,-1.202,14.786,-1.758
2026-08-04T12:30:00,CRUDEOIL,2026-08-04,train,TREND_DOWN,TRENDING,SHORT,1.0,0.4167,0.25,0.3333,0.68,7682.0,12.0,0.816,12.0,14.7143,False,UP,False,0.748,0.458,False,False,False,True,True,True,,1,1.042,1.699,2.083,4B_TRAP,False,True,16.72,,0.0,-2.213,-2.273,14.714,-2.583
2026-08-04T12:40:00,CRUDEOIL,2026-08-04,train,TREND_DOWN,FAILED_BREAKOUT,LONG,0.9773,1.0,0.0,0.0,1.484,7684.0,23.0,1.484,23.0,15.5,False,DOWN,False,1.161,0.783,True,True,True,False,False,False,1,,0.0,0.0,0.0,4B_TRAP,False,False,23.69,1.01,0.886,-1.098,-1.14,15.5,-1.355
2026-08-04T12:50:00,CRUDEOIL,2026-08-04,train,TREND_DOWN,FAILED_BREAKOUT,LONG,1.0,0.8889,0.1111,0.0,1.394,7707.0,4.0,0.232,4.0,17.2143,True,UP,True,0.988,0.63,True,True,True,False,False,False,1,,0.0,0.0,0.0,4B_TRAP,True,False,24.81,1.93,0.685,-1.209,-1.249,17.214,-1.801
2026-08-04T13:35:00,CRUDEOIL,2026-08-04,train,TREND_DOWN,FAILED_BREAKOUT,LONG,0.9818,0.6538,0.2692,0.0769,0.944,7701.0,14.0,0.778,14.0,18.0,False,DOWN,False,0.667,0.462,True,True,True,False,False,False,1,,0.0,0.0,0.0,4A_CONT,False,False,19.78,0.56,3.084,-0.354,2.949,18.0,2.944
2026-08-04T14:00:00,CRUDEOIL,2026-08-04,train,TREND_DOWN,FAILED_BREAKOUT,LONG,1.0,1.0,0.0,0.0,2.65,7758.97,4.03,0.232,4.03,17.3571,True,UP,True,1.152,0.435,True,True,True,False,False,False,1,,0.0,0.0,0.0,4B_TRAP,True,False,47.38,0.13,2.026,-1.309,-1.33,17.357,2.942
2026-08-04T14:10:00,CRUDEOIL,2026-08-04,train,TREND_DOWN,FAILED_BREAKDOWN,LONG,0.9839,1.0,0.0,0.0,1.888,7776.0,19.0,0.996,19.0,19.0714,True,UP,True,0.839,0.444,True,True,True,False,False,False,1,,0.0,0.0,0.0,4B_TRAP,True,False,37.08,,1.726,-2.535,-2.562,19.071,2.948
2026-08-04T14:20:00,CRUDEOIL,2026-08-04,train,TREND_DOWN,TRENDING,LONG,0.9844,0.9722,0.0,0.0278,1.623,7815.0,32.0,1.483,32.0,21.5714,False,DOWN,False,0.649,0.389,True,True,True,False,False,False,1,,0.0,0.0,0.0,4B_TRAP,False,False,37.08,,0.324,-1.16,-1.187,21.571,-1.205
2026-08-04T14:55:00,CRUDEOIL,2026-08-04,train,TREND_DOWN,TRENDING,SHORT,0.9014,0.8182,0.1818,0.0,0.84,7839.0,8.0,0.373,8.0,21.4286,True,DOWN,True,0.98,0.955,True,True,True,False,False,False,1,5,0.0,0.0,0.0,4B_TRAP,True,False,22.66,5.38,1.192,-1.059,-1.103,21.429,-1.167
2026-08-04T15:25:00,CRUDEOIL,2026-08-04,train,TREND_DOWN,TRENDING,SHORT,0.961,1.0,0.0,0.0,1.39,7846.0,20.0,1.029,20.0,19.4286,True,DOWN,True,0.412,0.296,True,True,True,False,False,False,1,,0.0,0.0,0.0,4A_CONT,True,False,27.81,0.79,4.495,-0.144,2.964,19.429,2.949
2026-08-04T15:45:00,CRUDEOIL,2026-08-04,train,TREND_DOWN,FAILED_BREAKDOWN,SHORT,0.9012,0.5455,0.4545,0.0,0.629,7804.0,0.0,0.0,0.0,19.0714,False,UP,False,0.787,0.682,False,False,False,True,True,True,,1,1.182,1.363,26000000000.0,4B_TRAP,False,True,22.66,4.91,0.177,-1.147,-1.192,19.071,-1.416
2026-08-04T16:15:00,CRUDEOIL,2026-08-04,train,TREND_DOWN,FAILED_BREAKDOWN,SHORT,1.0,0.7463,0.0,0.2537,1.961,7804.0,86.0,3.373,86.0,25.5,True,DOWN,True,1.255,0.478,True,True,True,False,False,False,1,,0.0,0.0,0.0,4A_CONT,True,False,52.01,0.72,3.422,-0.461,2.981,25.5,2.961
2026-08-04T16:20:00,CRUDEOIL,2026-08-04,train,TREND_DOWN,FAILED_BREAKOUT,SHORT,0.9545,0.25,0.3125,0.4375,0.312,7804.0,80.0,3.12,80.0,25.6429,True,DOWN,True,0.585,0.469,True,True,True,False,False,False,1,,0.0,0.0,0.0,4A_CONT,False,False,18.96,2.3,3.956,0.0,2.947,25.643,2.961
2026-08-04T16:30:00,CRUDEOIL,2026-08-04,train,TREND_DOWN,FAILED_BREAKOUT,SHORT,0.9556,0.4062,0.0938,0.5,0.478,7701.0,-6.0,-0.22,6.0,27.2143,True,DOWN,True,1.213,1.031,False,False,False,False,False,False,1,,0.0,0.0,0.0,4A_CONT,False,False,16.96,0.35,3.42,0.0,2.941,27.214,2.963
2026-08-04T16:35:00,CRUDEOIL,2026-08-04,train,TREND_DOWN,FAILED_BREAKOUT,SHORT,0.956,0.8788,0.1212,0.0,1.046,7680.47,7.47,0.27,7.47,27.7143,True,DOWN,True,0.433,0.364,True,True,True,False,False,False,1,,0.0,0.0,0.0,4A_CONT,True,False,33.99,0.32,3.913,0.0,2.971,27.714,2.964
2026-08-04T16:45:00,CRUDEOIL,2026-08-04,train,TREND_DOWN,FAILED_BREAKOUT,SHORT,0.957,1.0,0.0,0.0,1.192,7649.0,20.0,0.681,20.0,29.3571,False,UP,False,0.511,0.429,True,True,True,False,False,False,1,,0.0,0.0,0.0,4A_CONT,False,False,36.05,,4.743,-0.305,2.972,29.357,2.966
2026-08-04T17:05:00,CRUDEOIL,2026-08-04,train,TREND_DOWN,FAILED_BREAKOUT,SHORT,0.9794,1.0,0.0,0.0,1.403,7608.0,18.0,0.561,18.0,32.0714,True,DOWN,True,1.871,1.333,True,True,True,False,False,False,1,,0.0,0.0,0.0,4A_CONT,True,False,46.35,,4.854,-0.216,2.978,32.071,2.969
2026-08-04T17:10:00,CRUDEOIL,2026-08-04,train,TREND_DOWN,TRENDING,SHORT,0.9898,0.9667,0.0333,0.0,1.681,7590.0,50.0,1.449,50.0,34.5,True,DOWN,True,1.942,1.117,True,True,True,False,False,False,1,,0.0,0.0,0.0,4A_CONT,True,False,61.8,,3.673,0.0,2.984,34.5,2.971
2026-08-04T17:15:00,CRUDEOIL,2026-08-04,train,TREND_DOWN,TRENDING,SHORT,1.0,0.9701,0.0,0.0299,1.652,7540.0,80.0,2.033,80.0,39.3571,True,DOWN,True,2.439,1.433,True,True,True,False,False,False,1,,0.0,0.0,0.0,4A_CONT,True,False,67.01,,3.119,-0.015,2.985,39.357,2.975
2026-08-04T17:20:00,CRUDEOIL,2026-08-04,train,TREND_DOWN,TRENDING,SHORT,1.0,0.875,0.0,0.125,1.846,7458.0,81.0,1.78,81.0,45.5,True,DOWN,True,1.385,0.656,True,True,True,False,False,False,1,,0.0,0.0,0.0,4A_CONT,True,False,86.88,,2.187,-0.829,1.773,45.5,-1.077
2026-08-04T17:25:00,CRUDEOIL,2026-08-04,train,TREND_DOWN,TRENDING,SHORT,0.9703,1.0,0.0,0.0,1.503,7365.0,52.0,1.24,52.0,41.9286,False,UP,False,0.882,0.587,False,False,False,True,True,True,,1,1.0,1.503,1.212,4B_TRAP,False,True,64.89,,0.0,-1.726,-1.741,41.929,-1.55
2026-08-04T17:30:00,CRUDEOIL,2026-08-04,train,TREND_DOWN,TRENDING,LONG,0.9314,0.8649,0.0,0.1351,0.724,7376.0,1.0,0.023,1.0,44.2143,True,UP,True,0.792,0.946,True,True,True,False,False,False,1,,0.0,0.0,0.0,4B_TRAP,True,False,38.11,6.77,1.889,-2.02,-2.047,44.214,-1.764
2026-08-04T17:35:00,CRUDEOIL,2026-08-04,train,TREND_DOWN,TRENDING,LONG,0.9029,0.4857,0.5143,0.0,0.367,7377.0,30.0,0.648,30.0,46.2857,True,UP,True,0.432,0.571,True,True,True,False,False,False,1,,0.0,0.0,0.0,4B_TRAP,False,False,18.05,12.63,2.327,-1.385,-1.44,46.286,-2.333
2026-08-04T18:50:00,CRUDEOIL,2026-08-04,train,TREND_DOWN,TRENDING,SHORT,1.0,0.9192,0.0,0.0808,3.353,7313.0,5.0,0.184,5.0,27.1429,True,DOWN,True,0.553,0.152,True,True,True,False,False,False,1,,0.0,0.0,0.0,4X_AMBIG,True,False,93.97,,1.288,-0.33,0.905,27.143,2.963
2026-08-04T19:00:00,CRUDEOIL,2026-08-04,train,TREND_DOWN,TRENDING,LONG,0.95,0.25,0.0,0.75,0.425,7296.0,3.0,0.106,3.0,28.2143,False,DOWN,False,1.737,1.021,False,False,False,True,True,True,,1,1.146,1.949,18.333,4B_TRAP,False,True,49.44,2.45,0.0,-1.173,-1.193,28.214,-2.091
2026-08-04T19:05:00,CRUDEOIL,2026-08-04,train,TREND_DOWN,TRENDING,SHORT,0.9504,1.0,0.0,0.0,1.552,7251.0,10.0,0.317,10.0,31.5714,False,UP,False,0.919,0.592,False,False,False,True,True,True,3,1,0.612,0.95,3.0,4B_TRAP,False,True,50.47,,0.396,-1.407,-1.427,31.571,-1.299
2026-08-04T20:05:00,CRUDEOIL,2026-08-04,train,TREND_DOWN,TRENDING,LONG,0.9173,0.1389,0.0833,0.7778,0.175,7312.0,-3.0,-0.105,3.0,28.6429,True,UP,True,0.594,0.472,False,False,False,False,True,True,1,2,0.25,0.314,3.0,4B_TRAP,False,True,34.08,15.94,0.88,-1.878,-1.907,28.643,-2.269
2026-08-04T21:05:00,CRUDEOIL,2026-08-04,train,TREND_DOWN,TRENDING,SHORT,0.9586,0.7551,0.102,0.1429,1.519,7221.0,13.0,0.534,13.0,24.3571,True,DOWN,True,0.575,0.286,True,True,True,False,False,False,1,5,0.0,0.0,0.0,4B_TRAP,True,False,43.47,,0.483,-1.012,-1.035,24.357,-1.067
2026-08-05T11:00:00,CRUDEOIL,2026-08-05,val,CHOP,TRENDING,SHORT,1.0,1.0,0.0,0.0,2.567,7147.0,20.0,1.556,20.0,12.8571,False,UP,False,1.011,0.394,True,True,True,False,False,False,1,,0.0,0.0,0.0,4B_TRAP,False,False,33.99,0.49,0.235,-1.53,-1.559,12.857,-1.478
2026-08-05T11:40:00,CRUDEOIL,2026-08-05,val,CHOP,TRENDING,SHORT,0.9062,0.5909,0.4091,0.0,0.831,7164.0,12.0,0.767,12.0,15.6429,False,UP,False,0.639,0.455,False,False,False,True,True,True,2,1,0.045,0.064,0.083,4B_TRAP,False,True,22.66,1.06,0.53,-1.236,-1.28,15.643,-1.406
2026-08-05T11:50:00,CRUDEOIL,2026-08-05,val,CHOP,TRENDING,SHORT,0.9118,0.6364,0.2273,0.1364,0.778,7152.0,9.0,0.5,9.0,18.0,False,UP,False,1.111,0.909,False,False,False,True,True,True,,1,1.5,1.833,3.667,4B_TRAP,False,True,19.66,0.9,0.0,-1.068,-1.119,18.0,-1.222
2026-08-05T12:30:00,CRUDEOIL,2026-08-05,val,CHOP,OPENING_DRIVE,LONG,0.9524,0.1923,0.3462,0.4615,0.258,7153.0,2.0,0.103,2.0,19.3571,True,UP,True,1.085,0.808,True,True,True,False,False,False,1,,0.0,0.0,0.0,4A_CONT,False,False,17.78,1.0,4.162,0.0,2.944,19.357,2.948
2026-08-05T12:40:00,CRUDEOIL,2026-08-05,val,CHOP,TRENDING,LONG,0.9545,1.0,0.0,0.0,1.159,7191.0,38.0,1.694,38.0,22.4286,True,UP,True,1.115,0.962,True,True,True,False,False,False,1,,0.0,0.0,0.0,4B_TRAP,True,False,26.78,,2.913,-1.232,-1.27,22.429,2.955
2026-08-05T12:45:00,CRUDEOIL,2026-08-05,val,CHOP,TRENDING,LONG,0.9111,0.52,0.0,0.48,0.58,7229.0,6.0,0.268,6.0,22.4286,True,UP,True,0.446,0.4,True,True,True,False,False,False,1,,0.0,0.0,0.0,4B_TRAP,False,False,25.75,,2.796,-1.515,-1.553,22.429,2.955
2026-08-05T13:35:00,CRUDEOIL,2026-08-05,val,CHOP,TRENDING,SHORT,0.9818,1.0,0.0,0.0,1.445,7238.0,16.0,0.797,16.0,20.0714,False,UP,False,1.246,0.862,False,False,False,True,True,True,,1,0.69,0.996,1.25,4B_TRAP,False,True,29.87,3.81,0.0,-1.272,-1.306,20.071,-1.943
2026-08-05T13:40:00,CRUDEOIL,2026-08-05,val,CHOP,TRENDING,LONG,0.9107,0.6,0.4,0.0,0.717,7251.0,-1.0,-0.048,1.0,20.9286,False,DOWN,False,1.099,0.92,False,False,False,True,True,True,2,1,0.32,0.382,8.0,4B_TRAP,False,True,15.75,0.95,1.079,-1.079,-1.143,20.929,-1.577
2026-08-05T14:00:00,CRUDEOIL,2026-08-05,val,CHOP,TRENDING,LONG,0.9833,0.5333,0.2,0.2667,0.812,7256.0,1.0,0.051,1.0,19.7143,True,UP,True,0.71,0.467,True,True,True,False,False,False,1,,0.0,0.0,0.0,4B_TRAP,False,False,24.9,0.4,0.924,-1.004,-1.044,19.714,-1.319
2026-08-05T14:10:00,CRUDEOIL,2026-08-05,val,CHOP,TRENDING,LONG,0.9032,0.04,0.0,0.96,0.051,7267.0,-1.0,-0.051,1.0,19.7857,True,UP,True,1.061,0.84,False,False,False,False,False,False,1,4,0.0,0.0,0.0,4B_TRAP,False,False,24.75,0.04,0.566,-1.374,-1.414,19.786,-1.213
2026-08-05T16:25:00,CRUDEOIL,2026-08-05,val,CHOP,TRENDING,SHORT,0.9663,0.8929,0.0,0.1071,1.724,7272.0,7.0,0.483,7.0,14.5,False,UP,False,0.828,0.429,True,True,True,False,False,False,1,,0.0,0.0,0.0,4B_TRAP,False,False,25.84,7.14,1.974,-1.161,-1.2,14.5,2.931
2026-08-05T17:20:00,CRUDEOIL,2026-08-05,val,CHOP,TRENDING,SHORT,0.98,0.5172,0.0,0.4828,0.802,7229.0,-11.0,-0.588,11.0,18.7143,True,DOWN,True,0.748,0.483,False,False,False,True,True,True,4,1,1.0,1.55,2.636,4B_TRAP,False,True,15.87,1.39,0.504,-1.134,-1.197,18.714,-1.443
2026-08-05T17:55:00,CRUDEOIL,2026-08-05,val,CHOP,TRENDING,LONG,1.0,0.6857,0.1714,0.1429,1.204,7258.0,2.0,0.1,2.0,19.9286,False,DOWN,False,1.606,0.914,True,True,False,False,False,True,1,3,0.029,0.05,0.5,4B_TRAP,False,True,30.05,1.48,1.165,-1.131,-1.165,19.929,-1.756
2026-08-05T18:30:00,CRUDEOIL,2026-08-05,val,CHOP,TRENDING,SHORT,0.9825,1.0,0.0,0.0,1.427,7247.0,21.0,0.936,21.0,22.4286,True,DOWN,True,0.624,0.438,True,True,True,False,False,False,1,,0.0,0.0,0.0,4A_CONT,True,False,32.96,1.81,3.428,-0.394,2.97,22.429,2.955
2026-08-05T19:05:00,CRUDEOIL,2026-08-05,val,CHOP,FAILED_BREAKOUT,SHORT,1.0,0.9286,0.0714,0.0,1.767,7196.0,29.0,1.314,29.0,22.0714,False,UP,False,0.951,0.5,True,True,True,False,False,False,1,,0.0,0.0,0.0,4X_AMBIG,False,False,43.26,0.02,1.711,-0.971,1.179,22.071,-1.359
2026-08-05T19:30:00,CRUDEOIL,2026-08-05,val,CHOP,FAILED_BREAKOUT,SHORT,0.9841,0.5,0.0588,0.4412,0.73,7155.0,-15.0,-0.644,15.0,23.2857,True,DOWN,True,1.503,1.029,False,False,False,False,False,False,1,,0.0,0.0,0.0,4A_CONT,False,False,20.02,0.19,3.197,0.0,2.95,23.286,-1.718
2026-08-05T19:35:00,CRUDEOIL,2026-08-05,val,CHOP,FAILED_BREAKOUT,SHORT,0.9921,0.4571,0.0,0.5429,0.626,7155.0,23.0,0.899,23.0,25.5714,True,DOWN,True,0.899,0.657,True,True,True,False,False,False,1,,0.0,0.0,0.0,4B_TRAP,False,False,17.05,3.17,0.235,-1.114,-1.173,25.571,-1.525
2026-08-05T20:30:00,CRUDEOIL,2026-08-05,val,CHOP,FAILED_BREAKOUT,SHORT,1.0,0.587,0.0,0.413,1.125,7144.0,19.0,0.792,19.0,24.0,False,UP,False,1.917,1.0,False,False,False,True,True,True,,1,1.261,2.417,3.053,4B_TRAP,False,True,28.38,1.66,0.0,-1.656,-1.691,24.0,-2.0
2026-08-05T20:35:00,CRUDEOIL,2026-08-05,val,CHOP,FAILED_BREAKOUT,LONG,1.0,1.0,0.0,0.0,1.799,7170.0,2.0,0.078,2.0,25.5714,False,DOWN,False,0.469,0.261,False,False,False,False,False,False,2,1,0.0,0.0,0.0,4B_TRAP,False,False,47.38,2.8,0.781,-1.098,-1.119,25.571,-2.073
2026-08-05T22:20:00,CRUDEOIL,2026-08-05,val,CHOP,FAILED_BREAKOUT,SHORT,0.9187,0.5185,0.0,0.4815,0.8,7128.09,-4.91,-0.281,4.91,17.5,True,DOWN,True,1.029,0.667,False,False,False,False,True,True,1,2,0.145,0.223,0.796,4A_CONT,False,False,14.81,0.33,2.701,-0.81,1.148,17.5,0.971
2026-08-06T10:30:00,CRUDEOIL,2026-08-06,val,TREND_UP,TRENDING,LONG,0.9444,0.8667,0.1333,0.0,1.433,7133.0,10.0,1.102,10.0,9.0714,False,DOWN,False,0.551,0.333,True,False,False,False,True,True,1,2,0.733,1.213,1.1,4B_TRAP,False,True,13.45,0.19,0.0,-1.19,-1.264,9.071,-1.874
2026-08-06T10:40:00,CRUDEOIL,2026-08-06,val,TREND_UP,TRENDING,SHORT,0.9,0.5714,0.0714,0.3571,0.941,7138.0,6.0,0.706,6.0,8.5,True,DOWN,True,1.765,1.071,True,True,True,False,False,False,1,,0.0,0.0,0.0,4B_TRAP,True,False,9.42,1.38,1.592,-3.397,-3.503,8.5,-1.176
2026-08-06T10:45:00,CRUDEOIL,2026-08-06,val,TREND_UP,TRENDING,SHORT,0.9524,0.6667,0.0,0.3333,1.12,7118.0,-4.0,-0.448,4.0,8.9286,False,UP,False,1.008,0.6,False,False,False,True,True,True,,1,0.533,0.896,2.0,4B_TRAP,False,True,10.45,0.14,0.383,-1.818,-1.914,8.929,-2.24
2026-08-06T11:30:00,CRUDEOIL,2026-08-06,val,TREND_UP,TRENDING,LONG,1.0,1.0,0.0,0.0,2.631,7140.0,24.0,2.255,24.0,10.6429,True,UP,True,1.034,0.393,True,True,True,False,False,False,1,,0.0,0.0,0.0,4A_CONT,True,False,28.84,0.07,3.502,-0.693,2.965,10.643,-1.503
2026-08-06T11:40:00,CRUDEOIL,2026-08-06,val,TREND_UP,OPENING_DRIVE,LONG,1.0,1.0,0.0,0.0,2.24,7166.0,27.0,2.16,27.0,12.5,False,DOWN,False,1.2,0.536,True,True,True,False,False,False,1,,0.0,0.0,0.0,4B_TRAP,False,False,28.84,,0.659,-1.006,-1.04,12.5,-1.44
2026-08-06T11:50:00,CRUDEOIL,2026-08-06,val,TREND_UP,OPENING_DRIVE,LONG,0.9118,1.0,0.0,0.0,1.319,7141.54,48.46,3.552,48.46,13.6429,False,DOWN,False,0.66,0.5,True,True,True,False,False,False,1,,0.0,0.0,0.0,4B_TRAP,False,False,18.54,0.16,1.187,-1.402,-1.456,13.643,-1.319
2026-08-06T12:00:00,CRUDEOIL,2026-08-06,val,TREND_UP,OPENING_DRIVE,LONG,0.9444,0.8636,0.1364,0.0,1.323,7193.0,-1.0,-0.07,1.0,14.3571,True,UP,True,1.463,0.955,False,False,False,False,False,False,1,5,0.0,0.0,0.0,4B_TRAP,False,False,19.66,0.05,1.017,-1.424,-1.475,14.357,-2.02
2026-08-06T12:05:00,CRUDEOIL,2026-08-06,val,TREND_UP,FAILED_BREAKDOWN,LONG,0.9189,0.8095,0.1429,0.0476,1.107,7195.0,10.0,0.651,10.0,15.3571,False,DOWN,False,0.456,0.333,True,True,False,False,False,False,1,3,0.0,0.0,0.0,4B_TRAP,False,False,18.63,,0.376,-1.288,-1.342,15.357,-1.172
2026-08-06T13:05:00,CRUDEOIL,2026-08-06,val,TREND_UP,FAILED_BREAKOUT,LONG,1.0,0.9355,0.0,0.0645,1.781,7190.0,3.0,0.184,3.0,16.2857,False,DOWN,False,0.675,0.355,False,False,False,True,True,True,3,1,0.065,0.123,0.667,4B_TRAP,False,True,31.93,0.6,1.002,-1.19,-1.221,16.286,-1.105
2026-08-06T13:30:00,CRUDEOIL,2026-08-06,val,TREND_UP,FAILED_BREAKDOWN,LONG,0.9074,0.35,0.25,0.4,0.45,7200.0,-2.0,-0.128,2.0,15.5714,False,DOWN,False,0.963,0.75,False,False,False,True,True,True,2,1,0.5,0.642,5.0,4B_TRAP,False,True,15.6,0.9,1.731,-1.41,-1.474,15.571,-1.477
2026-08-06T13:40:00,CRUDEOIL,2026-08-06,val,TREND_UP,FAILED_BREAKDOWN,LONG,0.9464,0.8636,0.0,0.1364,1.188,7205.0,6.0,0.375,6.0,16.0,True,UP,True,0.875,0.636,True,True,False,False,False,True,1,3,1.273,1.75,4.667,4B_TRAP,True,True,22.66,0.04,0.618,-1.545,-1.589,16.0,-2.25
2026-08-06T13:55:00,CRUDEOIL,2026-08-06,val,TREND_UP,FAILED_BREAKDOWN,SHORT,1.0,0.9688,0.0,0.0312,1.722,7189.0,12.0,0.667,12.0,18.0,True,DOWN,True,1.167,0.656,True,True,True,False,False,False,1,,0.0,0.0,0.0,4B_TRAP,True,False,31.96,1.78,1.033,-1.001,-1.033,18.0,-1.056
2026-08-06T14:00:00,CRUDEOIL,2026-08-06,val,TREND_UP,FAILED_BREAKDOWN,SHORT,0.9,0.2381,0.5238,0.2381,0.275,7176.0,16.0,0.878,16.0,18.2143,False,UP,False,0.988,0.857,False,False,False,False,False,False,2,1,0.0,0.0,0.0,4B_TRAP,False,False,16.63,2.52,0.962,-1.383,-1.443,18.214,-1.318
2026-08-06T14:30:00,CRUDEOIL,2026-08-06,val,TREND_UP,FAILED_BREAKOUT,LONG,0.9394,0.9545,0.0455,0.0,1.114,7178.88,3.12,0.165,3.12,18.8571,True,UP,True,0.689,0.591,True,True,False,False,False,True,1,3,0.313,0.365,2.205,4A_CONT,True,False,21.66,1.99,3.139,-0.923,2.954,18.857,-1.114
2026-08-06T15:50:00,CRUDEOIL,2026-08-06,val,TREND_UP,FAILED_BREAKDOWN,LONG,0.9512,0.44,0.36,0.2,0.782,7225.0,6.0,0.426,6.0,14.0714,False,DOWN,False,0.711,0.4,False,False,False,True,True,True,2,1,0.36,0.64,1.5,4A_CONT,False,False,16.75,,3.045,-0.896,2.94,14.071,-1.137
2026-08-06T17:20:00,CRUDEOIL,2026-08-06,val,TREND_UP,TRENDING,LONG,0.95,0.875,0.0,0.125,2.014,7250.0,15.0,1.438,15.0,10.4286,False,DOWN,False,4.315,1.875,False,False,False,True,True,True,5,1,1.208,2.781,1.933,4B_TRAP,False,True,24.72,,0.04,-1.78,-1.82,10.429,-4.315
2026-08-06T17:25:00,CRUDEOIL,2026-08-06,val,TREND_UP,TRENDING,SHORT,1.0,1.0,0.0,0.0,3.462,7224.0,3.0,0.231,3.0,13.0,False,UP,False,1.231,0.356,True,False,False,False,True,True,1,2,0.533,1.846,8.0,4B_TRAP,False,True,46.35,2.03,0.108,-1.079,-1.1,13.0,-2.308
2026-08-06T17:35:00,CRUDEOIL,2026-08-06,val,TREND_UP,FAILED_BREAKDOWN,LONG,0.9903,0.9375,0.0625,0.0,1.981,7232.0,16.0,1.057,16.0,15.1429,False,DOWN,False,0.991,0.469,True,True,True,False,False,False,1,,0.0,0.0,0.0,4A_CONT,False,False,30.96,0.58,3.391,-0.484,2.968,15.143,2.934
2026-08-06T18:30:00,CRUDEOIL,2026-08-06,val,TREND_UP,TRENDING,LONG,0.9035,0.619,0.381,0.0,0.74,7282.0,-7.0,-0.398,7.0,17.5714,True,UP,True,2.902,2.429,False,False,False,False,False,False,1,4,0.0,0.0,0.0,4A_CONT,False,False,13.63,0.51,3.522,-0.22,2.927,17.571,-1.65
2026-08-06T18:35:00,CRUDEOIL,2026-08-06,val,TREND_UP,TRENDING,LONG,1.0,0.549,0.451,0.0,1.556,7283.0,17.0,0.944,17.0,18.0,False,DOWN,False,0.444,0.157,True,True,False,False,False,True,1,3,0.333,0.944,1.0,4B_TRAP,False,True,29.53,,0.406,-1.151,-1.185,18.0,-1.944
2026-08-06T19:15:00,CRUDEOIL,2026-08-06,val,TREND_UP,FAILED_BREAKOUT,LONG,0.9268,1.0,0.0,0.0,1.278,7265.0,5.0,0.278,5.0,18.0,False,DOWN,False,1.056,0.826,False,False,False,True,True,True,,1,0.957,1.222,4.4,4B_TRAP,False,True,23.69,0.17,0.0,-1.224,-1.266,18.0,-1.667
2026-08-06T20:15:00,CRUDEOIL,2026-08-06,val,TREND_UP,TRENDING,LONG,0.9037,0.5714,0.4286,0.0,0.718,7289.0,10.0,0.598,10.0,16.7143,True,UP,True,0.538,0.429,True,True,True,False,False,False,1,,0.0,0.0,0.0,4A_CONT,True,False,12.63,1.9,4.276,-0.238,2.921,16.714,2.94
2026-08-06T20:45:00,CRUDEOIL,2026-08-06,val,TREND_UP,TRENDING,LONG,0.9645,1.0,0.0,0.0,1.972,7323.0,30.0,1.972,30.0,15.2143,True,UP,True,0.526,0.267,True,True,True,False,False,False,1,,0.0,0.0,0.0,4A_CONT,True,False,30.9,,2.977,-0.906,0.68,15.214,-1.775
2026-08-06T20:55:00,CRUDEOIL,2026-08-06,val,TREND_UP,TRENDING,SHORT,0.958,1.0,0.0,0.0,1.735,7351.0,24.0,1.487,24.0,16.1429,False,UP,False,1.177,0.679,True,True,True,False,False,False,1,5,0.0,0.0,0.0,4B_TRAP,False,False,28.84,1.07,0.069,-3.433,-3.467,16.143,-1.177
2026-08-06T21:20:00,CRUDEOIL,2026-08-06,val,TREND_UP,TRENDING,LONG,1.0,0.9885,0.0,0.0115,3.81,7359.0,67.0,2.968,67.0,22.5714,False,DOWN,False,1.506,0.391,True,True,True,False,False,False,1,,0.0,0.0,0.0,4X_AMBIG,False,False,89.61,,0.212,-0.714,-0.58,22.571,-1.241
2026-08-06T21:50:00,CRUDEOIL,2026-08-06,val,TREND_UP,TRENDING,SHORT,0.9286,0.8,0.16,0.04,0.814,7435.0,16.0,0.651,16.0,24.5714,True,DOWN,True,0.651,0.64,True,True,True,False,False,False,1,4,0.0,0.0,0.0,4B_TRAP,True,False,24.75,0.36,0.364,-1.01,-1.051,24.571,-1.058
2026-08-06T23:00:00,CRUDEOIL,2026-08-06,val,TREND_UP,TRENDING,SHORT,0.9821,0.95,0.05,0.0,2.354,7403.0,33.0,2.044,33.0,16.1429,False,UP,False,0.31,0.125,True,True,True,False,False,False,1,,0.0,0.0,0.0,4X_AMBIG,False,False,41.2,6.06,0.194,-0.388,-0.097,16.143,-0.248
2026-08-07T10:00:00,CRUDEOIL,2026-08-07,val,CHOP,TRENDING,SHORT,1.0,1.0,0.0,0.0,2.514,7488.0,19.0,1.365,19.0,13.9231,True,DOWN,True,0.359,0.143,True,True,True,False,False,False,1,,0.0,0.0,0.0,4A_CONT,True,False,36.05,0.86,3.079,-0.472,2.972,13.923,-1.293
2026-08-07T11:30:00,CRUDEOIL,2026-08-07,val,CHOP,OPENING_DRIVE,SHORT,0.9333,0.7391,0.2609,0.0,1.803,7434.0,10.0,1.061,10.0,9.4286,False,UP,False,1.803,0.739,True,True,True,False,False,False,1,,0.0,0.0,0.0,4A_CONT,False,False,23.69,,3.25,-0.76,2.958,9.429,2.894
2026-08-07T11:50:00,CRUDEOIL,2026-08-07,val,CHOP,OPENING_DRIVE,SHORT,0.9412,1.0,0.0,0.0,1.905,7413.0,17.0,1.408,17.0,12.0714,True,DOWN,True,0.58,0.304,True,False,False,False,False,True,1,2,0.522,0.994,0.706,4B_TRAP,True,True,23.69,,0.253,-1.224,-1.266,12.071,-1.491
2026-08-07T12:00:00,CRUDEOIL,2026-08-07,val,CHOP,FAILED_BREAKOUT,LONG,0.9444,1.0,0.0,0.0,1.741,7400.0,13.0,0.984,13.0,13.2143,True,UP,True,0.908,0.522,True,True,True,False,False,False,1,,0.0,0.0,0.0,4B_TRAP,True,False,23.69,0.8,1.224,-1.013,-1.055,13.214,-1.135
2026-08-07T13:00:00,CRUDEOIL,2026-08-07,val,CHOP,FAILED_BREAKOUT,LONG,0.9583,0.88,0.0,0.12,1.596,7404.0,10.0,0.725,10.0,13.7857,True,UP,True,0.87,0.48,True,True,True,False,False,False,1,,0.0,0.0,0.0,4B_TRAP,True,False,25.75,0.78,0.505,-1.087,-1.126,13.786,-1.161
2026-08-07T13:55:00,CRUDEOIL,2026-08-07,val,CHOP,FAILED_BREAKOUT,LONG,0.9661,0.5556,0.0,0.4444,0.986,7427.0,0.0,0.0,0.0,15.2143,False,DOWN,False,1.446,0.815,False,False,False,True,True,True,,1,1.0,1.775,27000000000.0,4B_TRAP,False,True,27.81,2.46,0.252,-1.294,-1.33,15.214,-1.84
2026-08-07T15:05:00,CRUDEOIL,2026-08-07,val,CHOP,FAILED_BREAKOUT,SHORT,0.9452,1.0,0.0,0.0,1.548,7378.0,20.0,1.29,20.0,15.5,True,DOWN,True,0.516,0.333,True,True,True,False,False,False,1,,0.0,0.0,0.0,4A_CONT,True,False,24.72,,3.034,-0.364,2.96,15.5,2.935
2026-08-07T18:05:00,CRUDEOIL,2026-08-07,val,CHOP,TRENDING,SHORT,0.9817,0.8148,0.1852,0.0,1.517,7320.0,18.0,1.241,18.0,14.5,True,DOWN,True,1.241,0.667,True,True,True,False,False,False,1,,0.0,0.0,0.0,4B_TRAP,True,False,27.81,0.04,0.683,-1.079,-1.115,14.5,-1.586
2026-08-07T18:30:00,CRUDEOIL,2026-08-07,val,CHOP,TRENDING,LONG,0.9825,0.2593,0.0,0.7407,0.39,7307.0,3.0,0.167,3.0,17.9286,False,DOWN,False,0.948,0.63,False,False,False,True,True,True,3,1,0.148,0.223,1.333,4A_CONT,False,False,27.81,6.73,3.848,-0.575,2.964,17.929,2.944
2026-08-07T18:50:00,CRUDEOIL,2026-08-07,val,CHOP,TRENDING,LONG,0.9831,0.8276,0.1724,0.0,1.226,7324.0,3.0,0.153,3.0,19.5714,False,DOWN,False,0.46,0.31,True,True,False,False,False,False,1,3,0.0,0.0,0.0,4A_CONT,False,False,24.87,6.84,3.619,-0.603,2.96,19.571,2.949
2026-08-07T19:30:00,CRUDEOIL,2026-08-07,val,CHOP,FAILED_BREAKOUT,LONG,0.9841,0.9655,0.0345,0.0,1.69,7355.0,22.0,1.328,22.0,16.5714,True,UP,True,1.569,0.897,True,True,True,False,False,False,1,,0.0,0.0,0.0,4A_CONT,True,False,28.87,4.16,3.048,-0.45,2.965,16.571,2.94
2026-08-07T19:35:00,CRUDEOIL,2026-08-07,val,CHOP,FAILED_BREAKOUT,LONG,0.9449,0.7308,0.1923,0.0769,1.027,7378.0,34.0,1.838,34.0,18.5,False,DOWN,False,1.459,1.038,True,False,False,False,True,True,1,2,0.077,0.108,0.059,4B_TRAP,False,True,21.78,3.91,0.367,-1.653,-1.699,18.5,-1.081
2026-08-07T19:45:00,CRUDEOIL,2026-08-07,val,CHOP,FAILED_BREAKOUT,SHORT,0.938,1.0,0.0,0.0,1.358,7393.0,17.0,0.888,17.0,19.1429,False,UP,False,1.358,1.0,True,True,True,False,False,False,1,,0.0,0.0,0.0,4B_TRAP,False,False,26.78,1.19,0.448,-1.344,-1.382,19.143,-1.41
2026-08-07T22:30:00,CRUDEOIL,2026-08-07,val,CHOP,FAILED_BREAKDOWN,SHORT,0.9012,0.9091,0.0,0.0909,1.564,7437.0,-1.0,-0.078,1.0,12.7857,True,DOWN,True,0.86,0.5,False,False,False,False,False,False,1,,0.0,0.0,0.0,4X_AMBIG,False,False,20.66,0.05,1.307,-0.097,0.0,12.786,0.0
2026-08-10T10:00:00,CRUDEOIL,2026-08-10,val,TREND_UP,TRENDING,SHORT,0.9167,0.9167,0.0833,0.0,1.3,7495.0,3.0,0.355,3.0,8.4615,False,UP,False,1.3,0.917,False,False,False,True,True,True,2,1,0.333,0.473,1.333,4A_CONT,False,False,12.36,,5.178,-0.728,2.919,8.462,-1.182
2026-08-10T10:10:00,CRUDEOIL,2026-08-10,val,TREND_UP,OPENING_DRIVE,SHORT,0.9286,0.8333,0.0,0.1667,1.129,7490.0,-1.0,-0.113,1.0,8.8571,False,UP,False,0.565,0.417,False,False,False,False,False,False,2,1,0.0,0.0,0.0,4A_CONT,False,False,10.36,0.1,3.378,0.0,2.903,8.857,2.887
2026-08-10T10:20:00,CRUDEOIL,2026-08-10,val,TREND_UP,OPENING_DRIVE,SHORT,0.9375,0.5833,0.0,0.4167,0.726,7485.0,17.0,1.763,17.0,9.6429,True,DOWN,True,0.726,0.583,True,True,True,False,False,False,1,,0.0,0.0,0.0,4B_TRAP,True,False,7.36,,0.0,-1.63,-1.766,9.643,-1.348
2026-08-10T10:40:00,CRUDEOIL,2026-08-10,val,TREND_UP,FAILED_BREAKOUT,LONG,1.0,0.6,0.4,0.0,0.846,7483.0,-1.0,-0.094,1.0,10.6429,False,DOWN,False,0.752,0.533,False,False,False,True,True,True,,1,1.0,1.409,15.0,4B_TRAP,False,True,9.45,0.11,0.0,-1.481,-1.587,10.643,-1.409
2026-08-10T11:20:00,CRUDEOIL,2026-08-10,val,TREND_UP,TRENDING,SHORT,1.0,1.0,0.0,0.0,1.408,7456.0,28.0,2.32,28.0,12.0714,True,DOWN,True,0.746,0.529,True,True,True,False,False,False,1,,0.0,0.0,0.0,4B_TRAP,True,False,17.51,,0.742,-1.485,-1.542,12.071,-2.237
2026-08-10T11:30:00,CRUDEOIL,2026-08-10,val,TREND_UP,TRENDING,LONG,1.0,0.8611,0.1389,0.0,2.309,7424.0,25.0,1.862,25.0,13.4286,False,DOWN,False,0.447,0.167,True,True,True,False,False,False,1,,0.0,0.0,0.0,4A_CONT,False,False,32.08,0.97,3.429,-0.966,2.969,13.429,-1.713
2026-08-10T11:45:00,CRUDEOIL,2026-08-10,val,TREND_UP,FAILED_BREAKOUT,SHORT,0.9091,0.9286,0.0,0.0714,0.933,7441.0,4.0,0.287,4.0,13.9286,True,DOWN,True,0.862,0.857,True,True,True,False,False,False,1,,0.0,0.0,0.0,4B_TRAP,True,False,13.42,1.64,1.416,-1.639,-1.714,13.929,-1.651
2026-08-10T12:10:00,CRUDEOIL,2026-08-10,val,TREND_UP,TRENDING,LONG,0.9211,0.7857,0.2143,0.0,0.77,7423.0,6.0,0.42,6.0,14.2857,False,DOWN,False,0.56,0.571,True,True,True,False,False,False,1,,0.0,0.0,0.0,4A_CONT,False,False,11.42,0.79,4.991,-0.525,2.912,14.286,2.93
2026-08-10T12:25:00,CRUDEOIL,2026-08-10,val,TREND_UP,FAILED_BREAKOUT,SHORT,0.9756,1.0,0.0,0.0,1.097,7438.0,14.0,0.903,14.0,15.5,False,UP,False,2.323,2.118,False,False,False,True,True,True,,1,2.0,2.194,2.429,4B_TRAP,False,True,17.51,0.34,0.057,-1.999,-2.056,15.5,-2.323
2026-08-10T12:30:00,CRUDEOIL,2026-08-10,val,TREND_UP,TRENDING,LONG,1.0,0.9444,0.0556,0.0,2.116,7446.0,11.0,0.684,11.0,16.0714,True,UP,True,0.996,0.444,True,True,True,False,False,False,1,5,0.0,0.0,0.0,4B_TRAP,True,False,35.08,1.68,0.827,-1.055,-1.083,16.071,-1.369
2026-08-10T12:50:00,CRUDEOIL,2026-08-10,val,TREND_UP,FAILED_BREAKOUT,SHORT,0.9565,0.8966,0.0,0.1034,1.536,7450.06,-2.94,-0.174,2.94,16.9286,True,DOWN,True,1.477,0.862,False,False,False,False,True,True,1,2,0.343,0.587,3.381,4B_TRAP,False,True,26.87,0.11,1.228,-1.042,-1.079,16.929,-1.181
2026-08-10T12:55:00,CRUDEOIL,2026-08-10,val,TREND_UP,FAILED_BREAKOUT,SHORT,0.9362,0.6,0.4,0.0,0.854,7450.0,9.0,0.512,9.0,17.5714,False,UP,False,0.854,0.6,False,False,False,True,True,True,3,1,0.4,0.569,1.111,4B_TRAP,False,True,25.75,1.01,0.816,-1.204,-1.243,17.571,-1.195
2026-08-10T13:05:00,CRUDEOIL,2026-08-10,val,TREND_UP,FAILED_BREAKOUT,LONG,0.9184,0.9412,0.0588,0.0,0.868,7451.0,9.0,0.488,9.0,18.4286,False,DOWN,False,0.543,0.588,False,False,False,True,True,True,3,1,0.353,0.326,0.667,4B_TRAP,False,True,16.51,1.45,0.0,-2.423,-2.483,18.429,-2.225
2026-08-10T13:35:00,CRUDEOIL,2026-08-10,val,TREND_UP,FAILED_BREAKOUT,LONG,0.9091,0.5882,0.0,0.4118,0.534,7459.0,6.0,0.321,6.0,18.7143,True,UP,True,0.534,0.588,False,False,False,False,False,False,3,1,0.0,0.0,0.0,4A_CONT,False,False,17.51,2.91,3.941,-0.8,2.943,18.714,2.947
2026-08-10T13:50:00,CRUDEOIL,2026-08-10,val,TREND_UP,FAILED_BREAKOUT,LONG,0.9138,0.8182,0.1818,0.0,1.05,7472.0,5.0,0.292,5.0,17.1429,True,UP,True,1.4,1.091,True,True,True,False,False,False,1,,0.0,0.0,0.0,4A_CONT,True,False,18.66,0.38,3.055,-0.911,2.946,17.143,2.942
2026-08-10T13:55:00,CRUDEOIL,2026-08-10,val,TREND_UP,FAILED_BREAKOUT,LONG,0.9153,1.0,0.0,0.0,1.344,7481.0,3.0,0.168,3.0,17.8571,True,UP,True,1.792,1.333,True,True,True,False,False,False,1,,0.0,0.0,0.0,4A_CONT,True,False,24.72,0.0,3.034,-0.081,2.96,17.857,2.944
2026-08-10T14:00:00,CRUDEOIL,2026-08-10,val,TREND_UP,FAILED_BREAKOUT,LONG,0.9667,0.9062,0.0938,0.0,1.637,7484.06,26.94,1.521,26.94,17.7143,True,UP,True,0.847,0.469,True,True,True,False,False,False,1,,0.0,0.0,0.0,4B_TRAP,True,False,29.96,0.2,1.602,-1.001,-1.035,17.714,-1.129
2026-08-10T14:50:00,CRUDEOIL,2026-08-10,val,TREND_UP,FAILED_BREAKDOWN,SHORT,0.9429,0.92,0.0,0.08,1.15,7521.0,18.0,0.9,18.0,20.0,False,UP,False,0.55,0.44,True,True,False,False,False,True,1,3,0.12,0.15,0.167,4B_TRAP,False,True,23.75,3.52,0.253,-1.179,-1.221,20.0,-1.1
2026-08-10T16:05:00,CRUDEOIL,2026-08-10,val,TREND_UP,FAILED_BREAKDOWN,LONG,0.9059,1.0,0.0,0.0,1.498,7533.5,16.5,1.074,16.5,15.3571,True,UP,True,1.302,0.87,True,True,True,False,False,False,1,,0.0,0.0,0.0,4A_CONT,True,False,23.69,0.38,3.419,-0.802,2.958,15.357,-1.302
2026-08-10T18:25:00,CRUDEOIL,2026-08-10,val,TREND_UP,TRENDING,SHORT,0.9292,0.6522,0.0,0.3478,1.105,7596.0,-1.0,-0.074,1.0,13.5714,True,DOWN,True,1.842,1.087,False,False,False,False,False,False,1,,0.0,0.0,0.0,4B_TRAP,False,False,15.69,1.21,2.613,-1.083,-1.147,13.571,2.926
2026-08-10T18:30:00,CRUDEOIL,2026-08-10,val,TREND_UP,TRENDING,SHORT,0.9649,0.8,0.0,0.2,1.296,7578.0,14.0,0.907,14.0,15.4286,False,UP,False,1.426,0.88,False,False,False,True,True,True,2,1,0.28,0.454,0.5,4B_TRAP,False,True,20.75,6.49,0.0,-1.06,-1.108,15.429,-1.491
2026-08-10T18:35:00,CRUDEOIL,2026-08-10,val,TREND_UP,FAILED_BREAKDOWN,LONG,0.9043,0.9545,0.0455,0.0,1.278,7584.0,1.0,0.061,1.0,16.4286,False,DOWN,False,0.974,0.727,False,False,False,True,True,True,4,1,0.727,0.974,16.0,4B_TRAP,False,True,21.66,1.25,0.277,-1.339,-1.385,16.429,-1.217
2026-08-10T19:00:00,CRUDEOIL,2026-08-10,val,TREND_UP,FAILED_BREAKDOWN,LONG,0.9083,0.9545,0.0455,0.0,1.085,7591.0,17.0,0.878,17.0,19.3571,True,UP,True,0.465,0.409,True,True,True,False,False,False,1,,0.0,0.0,0.0,4A_CONT,True,False,21.66,0.18,4.155,-0.139,2.954,19.357,2.948
2026-08-10T19:20:00,CRUDEOIL,2026-08-10,val,TREND_UP,TRENDING,LONG,0.9839,0.7941,0.2059,0.0,1.264,7663.0,28.0,1.311,28.0,21.3571,True,UP,True,1.405,0.882,True,True,True,False,False,False,1,,0.0,0.0,0.0,4B_TRAP,True,False,28.02,,0.821,-1.249,-1.285,21.357,-1.311
2026-08-10T19:25:00,CRUDEOIL,2026-08-10,val,TREND_UP,TRENDING,LONG,0.968,1.0,0.0,0.0,1.308,7698.0,16.0,0.698,16.0,22.9286,False,DOWN,False,0.48,0.367,False,False,False,True,True,True,3,1,0.4,0.523,0.75,4B_TRAP,False,True,30.9,,0.0,-1.618,-1.65,22.929,-1.265
2026-08-10T19:45:00,CRUDEOIL,2026-08-10,val,TREND_UP,TRENDING,SHORT,0.9225,1.0,0.0,0.0,1.077,7685.0,21.0,0.942,21.0,22.2857,True,DOWN,True,0.718,0.667,True,True,True,False,False,False,1,5,0.0,0.0,0.0,4B_TRAP,True,False,24.72,9.69,0.324,-1.214,-1.254,22.286,-1.077
2026-08-10T22:00:00,CRUDEOIL,2026-08-10,val,TREND_UP,TRENDING,LONG,0.9231,0.8696,0.1304,0.0,1.373,7742.0,7.0,0.48,7.0,14.5714,True,UP,True,0.618,0.391,True,True,True,False,False,False,1,,0.0,0.0,0.0,4A_CONT,True,False,20.69,0.39,3.142,-0.29,2.952,14.571,2.931
2026-08-11T10:05:00,CRUDEOIL,2026-08-11,val,CHOP,TRENDING,LONG,1.0,0.7059,0.2941,0.0,1.663,7828.0,10.0,1.386,10.0,7.2143,True,UP,True,1.386,0.588,True,True,True,False,False,False,1,,0.0,0.0,0.0,4A_CONT,True,False,12.51,0.56,3.118,0.0,2.92,7.214,2.861
2026-08-11T10:35:00,CRUDEOIL,2026-08-11,val,CHOP,OPENING_DRIVE,LONG,0.9474,0.6667,0.3333,0.0,0.982,7856.0,-2.0,-0.246,2.0,8.1429,True,UP,True,1.351,0.917,False,False,False,False,False,False,1,,0.0,0.0,0.0,4B_TRAP,False,False,8.36,0.24,2.871,-1.316,-1.435,8.143,-1.474
2026-08-11T11:00:00,CRUDEOIL,2026-08-11,val,CHOP,FAILED_BREAKDOWN,LONG,0.9583,0.4667,0.5333,0.0,0.681,7877.0,-7.0,-0.681,7.0,10.2857,False,DOWN,False,1.847,1.267,False,False,False,True,True,True,,1,1.867,2.722,4.0,4B_TRAP,False,True,7.45,0.94,0.134,-2.416,-2.55,10.286,-1.847
2026-08-11T11:05:00,CRUDEOIL,2026-08-11,val,CHOP,FAILED_BREAKDOWN,SHORT,1.0,1.0,0.0,0.0,1.727,7861.0,9.0,0.818,9.0,11.0,False,UP,False,0.636,0.368,True,False,False,False,False,True,1,2,0.684,1.182,1.444,4B_TRAP,False,True,19.57,1.41,0.46,-1.277,-1.329,11.0,-2.364
2026-08-11T11:30:00,CRUDEOIL,2026-08-11,val,CHOP,FAILED_BREAKDOWN,SHORT,0.9667,0.6667,0.3333,0.0,1.037,7868.0,10.0,0.864,10.0,11.5714,False,UP,False,0.519,0.333,True,False,False,False,True,True,1,2,1.556,2.42,2.8,4B_TRAP,False,True,18.54,0.81,0.0,-1.241,-1.294,11.571,-2.074
2026-08-11T11:45:00,CRUDEOIL,2026-08-11,val,CHOP,TRENDING,LONG,1.0,0.9048,0.0,0.0952,1.43,7881.0,15.0,1.129,15.0,13.2857,False,DOWN,False,1.204,0.762,True,True,True,False,False,False,1,,0.0,0.0,0.0,4A_CONT,False,False,21.63,,3.329,-0.74,2.954,13.286,-1.28
2026-08-11T12:00:00,CRUDEOIL,2026-08-11,val,CHOP,TRENDING,LONG,1.0,0.9,0.0,0.1,3.111,7896.0,64.0,3.687,64.0,17.3571,False,DOWN,False,0.922,0.267,True,True,True,False,False,False,1,,0.0,0.0,0.0,4B_TRAP,False,False,61.8,,1.845,-2.217,-2.233,17.357,2.942
2026-08-11T12:10:00,CRUDEOIL,2026-08-11,val,CHOP,TRENDING,LONG,0.9737,1.0,0.0,0.0,1.292,7968.0,7.0,0.377,7.0,18.5714,True,UP,True,0.7,0.542,True,True,True,False,False,False,1,4,0.0,0.0,0.0,4A_CONT,True,False,24.72,,3.479,-0.93,2.96,18.571,-1.292
2026-08-11T12:20:00,CRUDEOIL,2026-08-11,val,CHOP,TRENDING,LONG,0.925,0.2632,0.2632,0.4737,0.264,7989.0,-3.0,-0.158,3.0,18.9286,False,DOWN,False,0.634,0.632,False,False,False,True,True,True,,1,1.316,1.321,8.333,4B_TRAP,False,True,14.57,0.21,0.275,-1.304,-1.373,18.929,-1.057
2026-08-11T12:35:00,CRUDEOIL,2026-08-11,val,CHOP,TRENDING,LONG,0.9767,0.1154,0.5385,0.3462,0.151,7870.96,93.04,4.669,93.04,19.9286,True,UP,True,0.903,0.692,True,True,True,False,False,False,1,,0.0,0.0,0.0,4A_CONT,False,False,12.78,2.11,3.912,0.0,2.922,19.929,2.95
2026-08-11T12:50:00,CRUDEOIL,2026-08-11,val,CHOP,TRENDING,LONG,0.9565,0.9167,0.0417,0.0417,1.044,7991.0,22.0,1.044,22.0,21.0714,False,DOWN,False,0.807,0.708,False,False,False,True,True,True,2,1,0.167,0.19,0.182,4B_TRAP,False,True,23.72,,0.0,-1.096,-1.138,21.071,-1.281
2026-08-11T13:15:00,CRUDEOIL,2026-08-11,val,CHOP,TRENDING,LONG,0.902,0.75,0.25,0.0,0.811,7997.0,3.0,0.162,3.0,18.5,True,UP,True,0.865,0.8,True,True,True,False,False,False,1,,0.0,0.0,0.0,4A_CONT,True,False,15.6,0.51,3.141,0.0,2.936,18.5,2.946
2026-08-11T15:00:00,CRUDEOIL,2026-08-11,val,CHOP,TRENDING,SHORT,0.9444,0.8182,0.0,0.1818,1.161,8045.0,25.0,1.613,25.0,15.5,False,UP,False,1.161,0.818,True,True,True,False,False,False,1,,0.0,0.0,0.0,4B_TRAP,False,False,18.66,10.63,0.0,-1.179,-1.233,15.5,-1.484
2026-08-11T15:50:00,CRUDEOIL,2026-08-11,val,CHOP,TRENDING,SHORT,0.9878,0.8621,0.0,0.1379,1.483,8014.0,10.0,0.593,10.0,16.8571,True,DOWN,True,2.61,1.517,True,True,True,False,False,False,1,,0.0,0.0,0.0,4A_CONT,True,False,25.87,7.05,6.997,0.0,2.961,16.857,2.941
2026-08-11T15:55:00,CRUDEOIL,2026-08-11,val,CHOP,TRENDING,SHORT,0.988,0.6818,0.0,0.3182,1.527,8000.0,31.0,1.578,31.0,19.6429,True,DOWN,True,0.713,0.318,True,True,True,False,False,False,1,,0.0,0.0,0.0,4A_CONT,True,False,31.32,4.7,4.662,-0.639,2.968,19.643,-1.069
2026-08-11T16:15:00,CRUDEOIL,2026-08-11,val,CHOP,TRENDING,SHORT,0.954,1.0,0.0,0.0,1.323,7974.0,13.0,0.717,13.0,18.1429,False,UP,False,0.827,0.625,True,True,True,False,False,False,1,,0.0,0.0,0.0,4A_CONT,False,False,24.72,5.64,5.583,-0.405,2.96,18.143,2.945
2026-08-11T16:30:00,CRUDEOIL,2026-08-11,val,CHOP,FAILED_BREAKOUT,SHORT,1.0,0.9856,0.0144,0.0,5.034,7946.0,123.0,4.52,123.0,27.2143,False,UP,False,0.514,0.101,True,True,True,False,False,False,1,,0.0,0.0,0.0,4X_AMBIG,False,False,143.17,0.01,0.51,-0.887,-0.852,27.214,-1.396
2026-08-11T16:50:00,CRUDEOIL,2026-08-11,val,CHOP,FAILED_BREAKOUT,LONG,0.9681,0.9211,0.0789,0.0,1.172,7819.0,20.0,0.67,20.0,29.8571,True,UP,True,0.536,0.421,True,True,False,False,False,True,1,3,0.237,0.301,0.45,4B_TRAP,True,True,36.14,3.65,1.3,-1.024,-1.051,29.857,-1.038
2026-08-11T17:05:00,CRUDEOIL,2026-08-11,val,CHOP,FAILED_BREAKOUT,SHORT,0.9588,1.0,0.0,0.0,1.285,7840.0,30.0,1.042,30.0,28.7857,False,UP,False,0.417,0.324,True,False,False,False,True,True,1,2,0.027,0.035,0.033,4B_TRAP,False,True,38.11,0.37,0.0,-1.181,-1.207,28.786,-1.251
2026-08-11T17:35:00,CRUDEOIL,2026-08-11,val,CHOP,FAILED_BREAKOUT,SHORT,0.932,0.9167,0.0833,0.0,0.732,7835.0,6.0,0.2,6.0,30.0714,False,UP,False,0.765,0.958,True,False,False,False,True,True,1,2,2.083,1.663,8.333,4B_TRAP,False,True,24.72,0.77,0.809,-2.265,-2.306,30.071,-1.895
2026-08-11T17:50:00,CRUDEOIL,2026-08-11,val,CHOP,FAILED_BREAKOUT,LONG,0.9717,0.9302,0.0,0.0698,1.718,7855.0,30.0,1.288,30.0,23.2857,False,DOWN,False,0.816,0.442,True,True,False,False,False,True,1,3,0.116,0.215,0.167,4B_TRAP,False,True,44.29,2.75,0.023,-1.874,-1.897,23.286,-1.632
2026-08-11T18:30:00,CRUDEOIL,2026-08-11,val,CHOP,FAILED_BREAKOUT,SHORT,0.9912,0.8286,0.0,0.1714,2.707,7848.0,34.0,1.587,34.0,21.4286,False,UP,False,0.7,0.214,True,True,True,False,False,False,1,,0.0,0.0,0.0,4B_TRAP,False,False,60.1,0.3,1.065,-1.181,-1.198,21.429,-1.26
2026-08-11T18:45:00,CRUDEOIL,2026-08-11,val,CHOP,FAILED_BREAKOUT,SHORT,0.9316,0.3333,0.1481,0.5185,0.429,7793.0,1.0,0.048,1.0,21.0,False,UP,False,0.81,0.63,False,False,False,True,True,True,2,1,0.37,0.476,10.0,4B_TRAP,False,True,13.81,,0.0,-1.521,-1.593,21.0,-1.048
2026-08-11T19:00:00,CRUDEOIL,2026-08-11,val,CHOP,FAILED_BREAKOUT,LONG,0.9417,1.0,0.0,0.0,1.41,7793.0,10.0,0.486,10.0,20.5714,False,DOWN,False,1.215,0.862,False,False,False,True,True,True,,1,1.483,2.09,4.3,4B_TRAP,False,True,29.87,0.33,0.234,-1.774,-1.808,20.571,-1.313
2026-08-11T19:20:00,CRUDEOIL,2026-08-11,val,CHOP,FAILED_BREAKOUT,LONG,0.9194,1.0,0.0,0.0,1.113,7771.0,8.0,0.343,8.0,23.3571,False,DOWN,False,0.685,0.615,False,False,False,True,True,True,2,1,0.077,0.086,0.25,4A_CONT,False,False,26.78,1.16,3.286,-0.597,2.963,23.357,2.957
2026-08-11T21:00:00,CRUDEOIL,2026-08-11,val,CHOP,FAILED_BREAKOUT,LONG,0.9653,1.0,0.0,0.0,2.09,7879.0,40.0,2.09,40.0,19.1429,False,DOWN,False,0.993,0.475,True,True,True,False,False,False,1,,0.0,0.0,0.0,4X_AMBIG,False,False,41.2,1.39,0.752,-0.485,0.631,19.143,-1.097
2026-08-11T21:30:00,CRUDEOIL,2026-08-11,val,CHOP,FAILED_BREAKOUT,SHORT,0.9067,0.625,0.0,0.375,0.758,7930.0,3.0,0.152,3.0,19.7857,True,DOWN,True,0.354,0.292,True,True,True,False,False,False,1,,0.0,0.0,0.0,4B_TRAP,True,False,15.72,11.04,1.781,-1.209,-1.272,19.786,-1.061
2026-08-12T10:10:00,CRUDEOIL,2026-08-12,val,CHOP,OPENING_DRIVE,SHORT,1.0,0.6471,0.0588,0.2941,1.069,8008.0,12.0,1.167,12.0,10.2857,False,UP,False,0.681,0.412,True,True,True,False,False,False,1,,0.0,0.0,0.0,4B_TRAP,False,False,12.51,,0.959,-1.359,-1.439,10.286,-1.75
2026-08-12T10:50:00,CRUDEOIL,2026-08-12,val,CHOP,OPENING_DRIVE,SHORT,0.9545,0.5714,0.4286,0.0,0.8,8003.0,6.0,0.6,6.0,10.0,False,UP,False,0.5,0.357,True,True,True,False,False,False,1,5,0.0,0.0,0.0,4B_TRAP,False,False,14.42,0.21,1.664,-1.179,-1.248,10.0,-1.8
2026-08-12T11:05:00,CRUDEOIL,2026-08-12,val,CHOP,FAILED_BREAKOUT,LONG,0.92,0.3077,0.2308,0.4615,0.354,7985.0,-1.0,-0.089,1.0,11.2857,True,UP,True,0.532,0.462,False,False,False,False,False,False,1,,0.0,0.0,0.0,4A_CONT,False,False,10.39,2.6,4.139,-0.192,2.904,11.286,2.911
2026-08-12T11:15:00,CRUDEOIL,2026-08-12,val,CHOP,FAILED_BREAKOUT,LONG,1.0,0.619,0.0,0.381,1.083,7990.0,13.0,1.083,13.0,12.0,True,UP,True,1.167,0.667,True,True,True,False,False,False,1,,0.0,0.0,0.0,4B_TRAP,True,False,21.63,0.37,1.11,-1.017,-1.063,12.0,-1.917
2026-08-12T11:20:00,CRUDEOIL,2026-08-12,val,CHOP,FAILED_BREAKOUT,LONG,0.9286,0.7143,0.2857,0.0,0.864,8011.0,-1.0,-0.086,1.0,11.5714,True,UP,True,1.037,0.857,False,False,False,False,True,True,1,2,0.143,0.173,2.0,4B_TRAP,False,True,10.42,0.1,1.631,-1.248,-1.344,11.571,-1.21
2026-08-12T11:30:00,CRUDEOIL,2026-08-12,val,CHOP,FAILED_BREAKOUT,SHORT,0.9667,0.7,0.0,0.3,1.095,8015.0,6.0,0.469,6.0,12.7857,False,UP,False,0.939,0.6,False,False,False,True,True,True,3,1,0.1,0.156,0.333,4A_CONT,False,False,14.6,1.34,3.151,-0.685,2.932,12.786,2.922
2026-08-12T11:45:00,CRUDEOIL,2026-08-12,val,CHOP,FAILED_BREAKOUT,SHORT,0.9091,1.0,0.0,0.0,1.111,8003.0,6.0,0.444,6.0,13.5,False,UP,False,1.185,1.067,True,True,True,False,False,False,1,,0.0,0.0,0.0,4B_TRAP,False,False,15.45,0.39,2.201,-1.1,-1.165,13.5,-1.333
2026-08-12T12:00:00,CRUDEOIL,2026-08-12,val,CHOP,FAILED_BREAKOUT,SHORT,1.0,1.0,0.0,0.0,1.733,7990.97,9.97,0.665,9.97,15.0,True,DOWN,True,0.867,0.5,True,False,False,False,True,True,1,2,0.27,0.469,0.705,4B_TRAP,False,True,26.78,0.3,0.672,-1.232,-1.27,15.0,-1.2
2026-08-12T12:10:00,CRUDEOIL,2026-08-12,val,CHOP,TRENDING,LONG,1.0,0.9,0.0,0.1,1.629,7976.0,22.0,1.328,22.0,16.5714,False,DOWN,False,0.905,0.5,False,False,False,True,True,True,3,1,0.2,0.362,0.273,4B_TRAP,False,True,30.9,0.39,0.0,-1.133,-1.165,16.571,-1.75
2026-08-12T12:25:00,CRUDEOIL,2026-08-12,val,CHOP,FAILED_BREAKOUT,LONG,0.9024,0.7895,0.0,0.2105,0.84,7974.0,18.0,1.008,18.0,17.8571,True,UP,True,1.064,1.0,True,True,True,False,False,False,1,,0.0,0.0,0.0,4B_TRAP,True,False,19.57,0.31,1.482,-1.175,-1.226,17.857,-1.344
2026-08-12T12:30:00,CRUDEOIL,2026-08-12,val,CHOP,FAILED_BREAKOUT,LONG,0.9048,0.4737,0.5263,0.0,0.488,7998.0,6.0,0.326,6.0,18.4286,True,UP,True,0.488,0.474,True,True,True,False,False,False,1,4,0.0,0.0,0.0,4B_TRAP,False,False,9.57,2.47,0.94,-1.567,-1.672,18.429,-1.302
2026-08-12T13:55:00,CRUDEOIL,2026-08-12,val,CHOP,FAILED_BREAKOUT,SHORT,0.9831,0.7692,0.2308,0.0,1.421,7963.0,8.0,0.569,8.0,14.0714,False,UP,False,1.137,0.615,False,False,False,True,True,True,5,1,0.5,0.924,1.625,4B_TRAP,False,True,26.78,,0.0,-1.307,-1.344,14.071,-1.563
2026-08-12T14:05:00,CRUDEOIL,2026-08-12,val,CHOP,FAILED_BREAKOUT,SHORT,0.9508,0.68,0.32,0.0,1.112,7983.09,18.09,1.183,18.09,15.2857,False,UP,False,0.72,0.44,True,True,True,False,False,False,1,,0.0,0.0,0.0,4A_CONT,False,False,25.75,0.39,3.65,-0.427,2.961,15.286,2.935
2026-08-12T14:20:00,CRUDEOIL,2026-08-12,val,CHOP,FAILED_BREAKOUT,SHORT,0.9844,0.8077,0.0,0.1923,1.284,7955.0,4.0,0.245,4.0,16.3571,False,UP,False,1.467,0.923,False,False,False,True,True,True,2,1,0.538,0.856,3.5,4A_CONT,False,False,21.78,,3.673,-0.872,2.954,16.357,-1.162
2026-08-12T14:50:00,CRUDEOIL,2026-08-12,val,CHOP,TRENDING,SHORT,1.0,0.8814,0.1186,0.0,2.572,7943.0,49.0,2.424,49.0,20.2143,True,DOWN,True,0.693,0.237,True,True,True,False,False,False,1,,0.0,0.0,0.0,4B_TRAP,True,False,60.77,,0.411,-1.168,-1.185,20.214,-1.237
2026-08-12T15:20:00,CRUDEOIL,2026-08-12,val,CHOP,TRENDING,LONG,0.9868,0.7347,0.0408,0.2245,1.626,7892.0,24.0,1.084,24.0,22.1429,False,DOWN,False,0.813,0.367,True,True,True,False,False,False,1,,0.0,0.0,0.0,4B_TRAP,False,False,48.47,0.76,1.63,-1.011,-1.032,22.143,2.955
2026-08-12T16:15:00,CRUDEOIL,2026-08-12,val,CHOP,FAILED_BREAKOUT,LONG,0.9885,0.7593,0.0,0.2407,2.095,7932.0,33.0,1.686,33.0,19.5714,True,UP,True,0.869,0.315,True,True,True,False,False,False,1,,0.0,0.0,0.0,4B_TRAP,True,False,55.62,1.12,0.539,-1.312,-1.33,19.571,-1.175
2026-08-12T18:05:00,CRUDEOIL,2026-08-12,val,CHOP,FAILED_BREAKOUT,SHORT,0.9541,0.8148,0.0,0.1852,1.525,7972.0,11.0,0.762,11.0,14.4286,True,DOWN,True,1.178,0.63,True,True,True,False,False,False,1,,0.0,0.0,0.0,4A_CONT,True,False,22.81,0.35,3.025,-0.307,2.956,14.429,2.931
2026-08-12T18:45:00,CRUDEOIL,2026-08-12,val,CHOP,TRENDING,SHORT,0.906,0.9091,0.0909,0.0,1.302,7890.0,1.0,0.065,1.0,15.3571,False,UP,False,1.042,0.727,False,False,False,False,True,True,,1,0.682,0.977,15.0,4B_TRAP,False,True,22.66,0.88,0.441,-1.324,-1.368,15.357,-1.107
2026-08-12T19:00:00,CRUDEOIL,2026-08-12,val,CHOP,TRENDING,SHORT,0.9083,0.2727,0.7273,0.0,0.344,7949.18,46.18,2.65,46.18,17.4286,True,DOWN,True,0.631,0.5,True,True,True,False,False,False,1,,0.0,0.0,0.0,4B_TRAP,False,False,16.66,1.44,2.161,-1.321,-1.381,17.429,-1.32
2026-08-12T19:40:00,CRUDEOIL,2026-08-12,val,CHOP,TRENDING,LONG,0.9609,1.0,0.0,0.0,1.704,7889.0,15.0,0.913,15.0,16.4286,False,DOWN,False,0.548,0.321,True,True,True,False,False,False,1,,0.0,0.0,0.0,4A_CONT,False,False,28.84,4.28,2.011,-0.936,0.971,16.429,-1.583
2026-08-12T20:15:00,CRUDEOIL,2026-08-12,val,CHOP,TRENDING,LONG,0.9259,0.68,0.0,0.32,0.941,7907.0,5.0,0.277,5.0,18.0714,False,DOWN,False,0.885,0.64,True,True,True,False,False,False,1,,0.0,0.0,0.0,4X_AMBIG,False,False,25.75,0.16,1.942,-0.311,0.777,18.071,1.107
2026-08-12T20:30:00,CRUDEOIL,2026-08-12,val,CHOP,TRENDING,LONG,0.9565,0.7407,0.0,0.2593,1.045,7926.0,13.0,0.679,13.0,19.1429,False,DOWN,False,0.522,0.37,True,True,True,False,False,False,1,,0.0,0.0,0.0,4B_TRAP,False,False,27.81,3.17,0.827,-1.223,-1.259,19.143,-1.149
2026-08-12T21:30:00,CRUDEOIL,2026-08-12,val,CHOP,FAILED_BREAKOUT,SHORT,0.9267,0.84,0.0,0.16,1.374,7925.45,-3.55,-0.232,3.55,15.2857,False,UP,False,0.981,0.6,False,False,False,True,True,True,,1,0.822,1.344,5.789,4B_TRAP,False,True,21.75,0.16,1.149,-1.149,-1.195,15.286,-1.178
2026-08-12T22:45:00,CRUDEOIL,2026-08-12,val,CHOP,FAILED_BREAKOUT,LONG,0.9818,0.8,0.2,0.0,1.898,7944.0,4.0,0.316,4.0,12.6429,False,DOWN,False,2.927,1.233,False,False,False,True,True,True,,1,1.167,2.768,8.75,4B_TRAP,False,True,24.9,3.03,0.0,-1.647,-1.687,12.643,-3.322
2026-08-12T22:50:00,CRUDEOIL,2026-08-12,val,CHOP,FAILED_BREAKOUT,SHORT,0.9819,0.9459,0.0,0.0541,2.475,7921.68,12.68,0.897,12.68,14.1429,False,UP,False,0.848,0.324,True,True,False,False,False,True,1,3,0.198,0.518,0.577,4X_AMBIG,False,False,36.11,0.14,0.111,-0.803,-0.637,14.143,-1.343
2026-08-13T22:00:00,CRUDEOIL,2026-08-13,val,CHOP,TRENDING,SHORT,0.9333,1.0,0.0,0.0,1.61,7848.0,26.0,1.163,26.0,22.3571,True,DOWN,True,0.626,0.389,True,True,True,False,False,False,1,,0.0,0.0,0.0,4X_AMBIG,True,False,37.08,1.21,0.297,-0.431,0.297,22.357,0.492
2026-08-14T10:30:00,CRUDEOIL,2026-08-14,val,TREND_UP,OPENING_DRIVE,LONG,1.0,1.0,0.0,0.0,1.663,7770.0,0.0,0.0,0.0,7.2143,False,DOWN,False,1.248,0.75,False,False,False,True,True,True,,1,1.333,2.218,16000000000.0,4B_TRAP,False,True,12.36,0.15,0.0,-1.294,-1.375,7.214,-1.525
2026-08-14T11:05:00,CRUDEOIL,2026-08-14,val,TREND_UP,OPENING_DRIVE,LONG,1.0,0.9474,0.0526,0.0,2.066,7781.0,14.0,1.607,14.0,8.7143,False,DOWN,False,0.918,0.421,True,True,True,False,False,False,1,,0.0,0.0,0.0,4A_CONT,False,False,18.57,,4.793,-0.539,2.946,8.714,-1.262
2026-08-14T11:25:00,CRUDEOIL,2026-08-14,val,TREND_UP,TRENDING,LONG,0.9655,0.8333,0.1667,0.0,0.972,7801.0,19.0,1.847,19.0,10.2857,False,DOWN,False,0.972,0.833,True,True,True,False,False,False,1,,0.0,0.0,0.0,4A_CONT,False,False,10.36,,6.178,-0.869,2.903,10.286,2.903
2026-08-14T11:40:00,CRUDEOIL,2026-08-14,val,TREND_UP,TRENDING,SHORT,0.9688,1.0,0.0,0.0,1.182,7826.0,15.0,1.364,15.0,11.0,False,UP,False,1.455,1.231,False,False,False,True,True,True,,1,1.846,2.182,1.6,4B_TRAP,False,True,13.39,1.94,0.0,-1.419,-1.494,11.0,-1.818
2026-08-14T11:45:00,CRUDEOIL,2026-08-14,val,TREND_UP,FAILED_BREAKDOWN,LONG,0.9697,0.875,0.125,0.0,1.202,7824.0,4.0,0.344,4.0,11.6429,False,DOWN,False,0.859,0.625,True,True,True,False,False,False,1,,0.0,0.0,0.0,4A_CONT,False,False,14.48,0.48,3.867,-0.138,2.931,11.643,2.914
2026-08-14T11:55:00,CRUDEOIL,2026-08-14,val,TREND_UP,TRENDING,LONG,1.0,1.0,0.0,0.0,1.877,7836.0,14.0,1.095,14.0,12.7857,False,DOWN,False,0.704,0.375,True,False,False,False,True,True,1,2,0.375,0.704,0.643,4B_TRAP,False,True,24.72,,2.913,-1.011,-1.052,12.786,-1.173
2026-08-14T12:05:00,CRUDEOIL,2026-08-14,val,TREND_UP,TRENDING,SHORT,0.9459,0.9375,0.0,0.0625,1.055,7826.0,-1.0,-0.07,1.0,14.2143,False,UP,False,1.266,1.125,False,False,False,True,True,True,,1,1.125,1.266,18.0,4B_TRAP,False,True,15.48,0.06,0.0,-1.292,-1.357,14.214,-1.477
2026-08-14T12:10:00,CRUDEOIL,2026-08-14,val,TREND_UP,TRENDING,LONG,0.9474,0.5556,0.3333,0.1111,0.69,7842.0,-1.0,-0.069,1.0,14.5,False,DOWN,False,1.034,0.833,False,False,False,True,True,True,2,1,0.5,0.621,9.0,4A_CONT,False,False,12.54,0.72,3.429,-0.638,2.92,14.5,2.931
2026-08-14T12:30:00,CRUDEOIL,2026-08-14,val,TREND_UP,TRENDING,LONG,1.0,0.825,0.175,0.0,1.925,7850.0,27.0,1.575,27.0,17.1429,True,UP,True,0.292,0.125,True,True,True,False,False,False,1,,0.0,0.0,0.0,4B_TRAP,True,False,34.2,,1.316,-1.082,-1.111,17.143,-1.575
2026-08-14T12:40:00,CRUDEOIL,2026-08-14,val,TREND_UP,TRENDING,LONG,0.9773,1.0,0.0,0.0,1.611,7890.0,32.0,1.778,32.0,18.0,True,UP,True,0.611,0.379,True,True,True,False,False,False,1,,0.0,0.0,0.0,4B_TRAP,True,False,29.87,,0.0,-1.004,-1.038,18.0,-1.222
2026-08-14T13:20:00,CRUDEOIL,2026-08-14,val,TREND_UP,TRENDING,LONG,0.9038,1.0,0.0,0.0,0.988,7908.0,3.0,0.174,3.0,17.2143,True,UP,True,0.755,0.765,True,False,False,False,True,True,1,2,0.765,0.755,4.333,4B_TRAP,False,True,17.51,0.63,0.343,-2.056,-2.113,17.214,-2.149
2026-08-14T13:55:00,CRUDEOIL,2026-08-14,val,TREND_UP,TRENDING,SHORT,0.9483,1.0,0.0,0.0,1.533,7894.0,19.0,1.267,19.0,15.0,True,DOWN,True,0.867,0.565,True,True,True,False,False,False,1,,0.0,0.0,0.0,4A_CONT,True,False,23.69,5.24,3.081,-0.76,2.958,15.0,-1.267
2026-08-14T14:05:00,CRUDEOIL,2026-08-14,val,TREND_UP,TRENDING,SHORT,0.9333,0.9545,0.0,0.0455,1.349,7875.0,23.0,1.477,23.0,15.5714,False,UP,False,1.349,0.955,False,False,False,True,True,True,5,1,0.182,0.257,0.174,4B_TRAP,False,True,21.66,4.67,0.0,-1.2,-1.247,15.571,-1.734
2026-08-14T14:10:00,CRUDEOIL,2026-08-14,val,TREND_UP,FAILED_BREAKOUT,LONG,0.918,0.7619,0.0,0.2381,0.953,7873.0,5.0,0.298,5.0,16.7857,True,UP,True,0.417,0.333,True,True,True,False,False,False,1,4,0.0,0.0,0.0,4B_TRAP,True,False,21.63,1.8,0.416,-1.202,-1.248,16.786,-1.072
2026-08-14T14:50:00,CRUDEOIL,2026-08-14,val,TREND_UP,TRENDING,SHORT,0.913,0.85,0.0,0.15,1.058,7852.0,9.0,0.56,9.0,16.0714,False,UP,False,0.311,0.25,True,False,False,False,False,True,1,2,0.55,0.684,1.222,4B_TRAP,False,True,17.6,5.24,0.739,-1.761,-1.818,16.071,-1.991
2026-08-14T15:00:00,CRUDEOIL,2026-08-14,val,TREND_UP,FAILED_BREAKOUT,LONG,0.9437,0.4545,0.0,0.5455,0.622,7848.0,4.0,0.249,4.0,16.0714,True,UP,True,1.493,1.091,True,True,True,False,False,False,1,4,0.0,0.0,0.0,4B_TRAP,False,False,22.66,0.57,0.971,-1.192,-1.236,16.071,-1.182
2026-08-14T15:05:00,CRUDEOIL,2026-08-14,val,TREND_UP,FAILED_BREAKOUT,LONG,0.9722,0.5417,0.4583,0.0,0.809,7873.34,-10.34,-0.643,10.34,16.0714,False,DOWN,False,0.622,0.417,False,False,False,True,True,True,,1,1.223,1.826,2.838,4B_TRAP,False,True,13.72,0.15,0.0,-1.531,-1.603,16.071,-1.369
2026-08-14T16:30:00,CRUDEOIL,2026-08-14,val,TREND_UP,FAILED_BREAKOUT,LONG,0.9773,0.9167,0.0,0.0833,1.517,7778.0,27.0,1.862,27.0,14.5,False,DOWN,False,0.897,0.542,True,True,True,False,False,False,1,,0.0,0.0,0.0,4B_TRAP,False,False,24.72,0.12,0.202,-1.133,-1.173,14.5,-1.448
2026-08-14T17:30:00,CRUDEOIL,2026-08-14,val,TREND_UP,FAILED_BREAKOUT,LONG,0.92,0.8571,0.1429,0.0,1.306,7791.0,6.0,0.435,6.0,13.7857,True,UP,True,1.378,0.905,True,True,True,False,False,False,1,,0.0,0.0,0.0,4B_TRAP,True,False,18.63,2.94,1.771,-1.718,-1.771,13.786,-2.394
2026-08-14T18:00:00,CRUDEOIL,2026-08-14,val,TREND_UP,FAILED_BREAKOUT,SHORT,1.0,1.0,0.0,0.0,2.645,7807.0,42.0,2.71,42.0,15.5,False,UP,False,1.097,0.415,True,True,True,False,False,False,1,,0.0,0.0,0.0,4B_TRAP,False,False,42.23,0.25,1.066,-1.279,-1.302,15.5,-1.161
2026-08-14T18:35:00,CRUDEOIL,2026-08-14,val,TREND_UP,FAILED_BREAKOUT,LONG,0.9735,1.0,0.0,0.0,1.406,7772.0,8.0,0.45,8.0,17.7857,True,UP,True,0.45,0.32,True,True,False,False,False,True,1,3,0.4,0.562,1.25,4B_TRAP,True,True,25.75,1.94,0.311,-1.165,-1.204,17.786,-1.068
2026-08-14T19:30:00,CRUDEOIL,2026-08-14,val,TREND_UP,FAILED_BREAKOUT,LONG,0.9677,0.375,0.4583,0.1667,0.545,7754.0,15.0,0.909,15.0,16.5,True,UP,True,0.545,0.375,True,True,True,False,False,False,1,,0.0,0.0,0.0,4A_CONT,False,False,13.72,1.38,3.644,-0.948,2.927,16.5,2.939
2026-08-14T19:40:00,CRUDEOIL,2026-08-14,val,TREND_UP,FAILED_BREAKOUT,SHORT,0.9841,0.8125,0.1875,0.0,1.444,7772.0,15.0,0.833,15.0,18.0,False,UP,False,1.389,0.781,False,False,False,True,True,True,,1,0.562,1.0,1.2,4B_TRAP,False,True,32.96,0.04,0.03,-1.001,-1.032,18.0,-1.389
2026-08-14T20:10:00,CRUDEOIL,2026-08-14,val,TREND_UP,FAILED_BREAKOUT,LONG,0.9545,1.0,0.0,0.0,1.287,7805.0,14.0,0.751,14.0,18.6429,False,DOWN,False,1.663,1.292,False,False,False,True,True,True,2,1,0.125,0.161,0.214,4B_TRAP,False,True,24.72,1.02,0.0,-1.618,-1.659,18.643,-2.199
2026-08-14T20:15:00,CRUDEOIL,2026-08-14,val,TREND_UP,FAILED_BREAKOUT,LONG,0.9774,0.2581,0.0,0.7419,0.404,7789.0,13.0,0.657,13.0,19.7857,True,UP,True,0.96,0.613,True,True,True,False,False,False,1,,0.0,0.0,0.0,4A_CONT,False,False,23.93,1.76,3.218,-0.627,2.958,19.786,2.949
2026-08-14T20:30:00,CRUDEOIL,2026-08-14,val,TREND_UP,FAILED_BREAKOUT,LONG,0.9044,0.5909,0.0,0.4091,0.63,7823.0,2.0,0.097,2.0,20.6429,False,DOWN,False,0.484,0.455,False,False,False,True,True,True,,1,1.045,1.114,11.5,4B_TRAP,False,True,22.66,0.85,0.0,-1.103,-1.147,20.643,-1.26
2026-08-17T11:45:00,CRUDEOIL,2026-08-17,oos,TREND_UP,TRENDING,SHORT,0.9375,0.75,0.25,0.0,1.167,7816.0,2.0,0.194,2.0,10.2857,False,UP,False,1.361,0.875,False,False,False,True,True,True,4,1,0.5,0.778,4.0,4B_TRAP,False,True,16.48,,0.061,-1.214,-1.274,10.286,-1.361
2026-08-17T12:35:00,CRUDEOIL,2026-08-17,oos,TREND_UP,TRENDING,SHORT,0.9512,0.8125,0.0,0.1875,1.238,7823.0,-1.0,-0.095,1.0,10.5,True,DOWN,True,1.333,0.875,False,False,False,False,False,False,1,5,0.0,0.0,0.0,4B_TRAP,False,False,13.48,0.67,1.558,-2.671,-2.745,10.5,-1.238
2026-08-17T12:45:00,CRUDEOIL,2026-08-17,oos,TREND_UP,TRENDING,SHORT,1.0,0.65,0.25,0.1,1.13,7813.0,7.0,0.609,7.0,11.5,False,UP,False,0.348,0.2,True,False,False,False,True,True,1,2,0.85,1.478,2.429,4B_TRAP,False,True,18.6,,0.161,-1.613,-1.667,11.5,-1.13
2026-08-17T13:05:00,CRUDEOIL,2026-08-17,oos,TREND_UP,TRENDING,SHORT,0.9574,0.4444,0.0,0.5556,0.64,7813.66,-2.34,-0.187,2.34,12.5,True,DOWN,True,0.56,0.389,False,False,False,False,True,True,1,2,2.574,3.707,19.803,4B_TRAP,False,True,8.54,0.27,0.937,-1.991,-2.108,12.5,-1.44
2026-08-17T13:15:00,CRUDEOIL,2026-08-17,oos,TREND_UP,TRENDING,LONG,0.9184,0.7059,0.2941,0.0,0.903,7815.0,13.0,0.978,13.0,13.2857,True,UP,True,2.108,1.647,True,True,True,False,False,False,1,,0.0,0.0,0.0,4A_CONT,True,False,12.51,0.64,3.197,0.0,2.92,13.286,2.925
2026-08-17T13:20:00,CRUDEOIL,2026-08-17,oos,TREND_UP,TRENDING,LONG,1.0,1.0,0.0,0.0,1.876,7858.22,1.78,0.119,1.78,14.9286,False,DOWN,False,0.804,0.429,False,False,False,True,True,True,,1,0.651,1.22,10.236,4B_TRAP,False,True,28.84,1.25,0.0,-1.11,-1.144,14.929,-1.407
2026-08-17T13:30:00,CRUDEOIL,2026-08-17,oos,TREND_UP,TRENDING,LONG,1.0,0.5714,0.0,0.4286,0.933,7852.0,4.0,0.233,4.0,17.1429,False,DOWN,False,0.583,0.357,True,True,True,False,False,False,1,5,0.0,0.0,0.0,4A_CONT,False,False,28.84,0.01,3.121,-0.312,2.965,17.143,2.942
2026-08-17T13:50:00,CRUDEOIL,2026-08-17,oos,TREND_UP,OPENING_DRIVE,LONG,0.9643,1.0,0.0,0.0,1.197,7861.0,7.0,0.419,7.0,16.7143,False,DOWN,False,1.197,1.0,False,False,False,True,True,True,,1,0.45,0.538,1.286,4B_TRAP,False,True,20.6,0.37,0.194,-1.019,-1.068,16.714,-1.316
2026-08-17T14:30:00,CRUDEOIL,2026-08-17,oos,TREND_UP,OPENING_DRIVE,LONG,0.9062,0.7778,0.2222,0.0,0.985,7896.0,-4.0,-0.281,4.0,14.2143,True,UP,True,0.774,0.611,False,False,False,False,False,True,1,3,0.111,0.141,0.5,4B_TRAP,False,True,14.54,0.28,1.1,-1.032,-1.1,14.214,-1.126
2026-08-17T15:05:00,CRUDEOIL,2026-08-17,oos,TREND_UP,FAILED_BREAKDOWN,LONG,0.9718,0.8182,0.0,0.1818,1.4,7908.0,17.0,1.322,17.0,12.8571,False,DOWN,False,0.856,0.5,True,True,True,False,False,False,1,,0.0,0.0,0.0,4B_TRAP,False,False,22.66,,1.5,-1.765,-1.809,12.857,-1.244
2026-08-17T15:20:00,CRUDEOIL,2026-08-17,oos,TREND_UP,FAILED_BREAKDOWN,LONG,0.973,1.0,0.0,0.0,1.832,7928.0,18.0,1.319,18.0,13.6429,False,DOWN,False,0.66,0.36,True,True,True,False,False,False,1,,0.0,0.0,0.0,4B_TRAP,False,False,25.75,,0.505,-2.369,-2.408,13.643,-1.393
2026-08-17T16:00:00,CRUDEOIL,2026-08-17,oos,TREND_UP,FAILED_BREAKDOWN,LONG,1.0,1.0,0.0,0.0,2.172,7876.12,44.88,2.708,44.88,16.5714,True,UP,True,0.603,0.278,True,True,True,False,False,False,1,,0.0,0.0,0.0,4B_TRAP,True,False,37.08,1.02,0.458,-1.214,-1.241,16.571,-1.267
2026-08-17T16:20:00,CRUDEOIL,2026-08-17,oos,TREND_UP,FAILED_BREAKDOWN,SHORT,0.9651,0.8519,0.0,0.1481,1.336,7924.0,19.0,1.104,19.0,17.2143,False,UP,False,0.929,0.593,False,False,False,True,True,True,2,1,0.148,0.232,0.211,4B_TRAP,False,True,23.81,0.84,1.386,-1.218,-1.26,17.214,-1.394
2026-08-17T16:35:00,CRUDEOIL,2026-08-17,oos,TREND_UP,FAILED_BREAKDOWN,SHORT,0.9438,0.9545,0.0455,0.0,1.19,7901.0,1.0,0.057,1.0,17.6429,False,UP,False,0.397,0.318,False,False,False,True,True,True,5,1,0.727,0.907,16.0,4B_TRAP,False,True,22.66,3.78,1.236,-1.147,-1.192,17.643,-1.077
2026-08-17T17:55:00,CRUDEOIL,2026-08-17,oos,TREND_UP,FAILED_BREAKOUT,LONG,1.0,0.7073,0.2927,0.0,2.126,7901.0,13.0,0.953,13.0,13.6429,True,UP,True,1.026,0.341,True,True,True,False,False,False,1,,0.0,0.0,0.0,4B_TRAP,True,False,30.23,0.57,1.059,-1.489,-1.522,13.643,-1.466
2026-08-17T18:30:00,CRUDEOIL,2026-08-17,oos,TREND_UP,FAILED_BREAKDOWN,SHORT,0.9286,0.95,0.0,0.05,1.291,7938.0,14.0,0.951,14.0,14.7143,True,DOWN,True,1.087,0.8,True,True,True,False,False,False,1,,0.0,0.0,0.0,4A_CONT,True,False,19.6,4.1,3.265,-0.612,2.949,14.714,2.932
2026-08-17T19:30:00,CRUDEOIL,2026-08-17,oos,TREND_UP,FAILED_BREAKOUT,SHORT,0.9355,1.0,0.0,0.0,1.366,7902.0,12.0,0.82,12.0,14.6429,False,UP,False,0.546,0.4,True,True,True,False,False,False,1,,0.0,0.0,0.0,4B_TRAP,False,False,20.6,2.09,1.456,-1.214,-1.262,14.643,-1.776
2026-08-17T20:45:00,CRUDEOIL,2026-08-17,oos,TREND_UP,FAILED_BREAKOUT,LONG,0.9353,1.0,0.0,0.0,1.556,7883.0,18.0,1.4,18.0,12.8571,True,UP,True,1.011,0.65,True,True,True,False,False,False,1,,0.0,0.0,0.0,4A_CONT,True,False,20.6,1.32,3.592,-0.971,2.951,12.857,-1.633
2026-08-17T22:30:00,CRUDEOIL,2026-08-17,oos,TREND_UP,FAILED_BREAKDOWN,LONG,0.956,0.875,0.0,0.125,1.826,7921.62,16.38,1.424,16.38,11.5,True,UP,True,2.261,1.083,True,True,True,False,False,False,1,,0.0,0.0,0.0,4A_CONT,True,False,24.72,0.85,3.56,0.0,2.96,11.5,2.913
2026-08-17T22:45:00,CRUDEOIL,2026-08-17,oos,TREND_UP,TRENDING,LONG,0.9691,0.8077,0.1923,0.0,1.407,7975.0,23.0,1.541,23.0,14.9286,True,UP,True,0.603,0.346,True,True,True,False,False,False,1,,0.0,0.0,0.0,4A_CONT,True,False,21.78,,3.03,-0.184,2.954,14.929,2.933
2026-08-17T22:55:00,CRUDEOIL,2026-08-17,oos,TREND_UP,TRENDING,LONG,0.939,0.7391,0.2609,0.0,1.107,8003.0,17.0,1.107,17.0,15.3571,True,UP,True,2.605,1.739,True,True,True,False,False,False,1,,0.0,0.0,0.0,4A_CONT,True,False,17.69,,4.975,-0.113,2.943,15.357,2.935
2026-08-17T23:00:00,CRUDEOIL,2026-08-17,oos,TREND_UP,TRENDING,LONG,0.9939,0.9,0.1,0.0,2.057,8026.0,28.0,1.6,28.0,17.5,True,UP,True,0.514,0.225,True,True,True,False,False,False,1,,0.0,0.0,0.0,4X_AMBIG,True,False,37.2,,1.505,-0.538,1.505,17.5,-1.2
2026-08-17T23:10:00,CRUDEOIL,2026-08-17,oos,TREND_UP,TRENDING,SHORT,0.9401,1.0,0.0,0.0,1.302,8055.0,15.0,0.814,15.0,18.4286,False,UP,False,0.705,0.542,True,False,False,False,True,True,1,2,2.208,2.876,3.533,4B_TRAP,False,True,24.72,5.26,0.243,-1.052,-1.092,18.429,-1.465
2026-08-18T10:30:00,CRUDEOIL,2026-08-18,oos,CHOP,OPENING_DRIVE,LONG,0.9412,1.0,0.0,0.0,1.784,8150.0,10.0,1.373,10.0,7.2857,False,DOWN,False,0.686,0.385,True,True,True,False,False,False,1,,0.0,0.0,0.0,4B_TRAP,False,False,13.39,0.15,0.448,-1.643,-1.718,7.286,-1.373
2026-08-18T10:50:00,CRUDEOIL,2026-08-18,oos,CHOP,OPENING_DRIVE,LONG,0.9048,0.4545,0.5455,0.0,0.707,8163.0,-3.0,-0.424,3.0,7.0714,True,UP,True,0.848,0.545,False,False,False,True,True,True,,1,1.545,2.404,5.667,4B_TRAP,False,True,5.33,0.24,0.0,-1.313,-1.501,7.071,-1.556
2026-08-18T11:00:00,CRUDEOIL,2026-08-18,oos,CHOP,OPENING_DRIVE,SHORT,0.9565,0.6875,0.3125,0.0,1.51,8151.0,1.0,0.137,1.0,7.2857,True,DOWN,True,1.373,0.625,True,True,True,False,False,False,1,,0.0,0.0,0.0,4B_TRAP,True,False,16.48,0.19,1.274,-1.153,-1.214,7.286,-2.745
2026-08-18T11:15:00,CRUDEOIL,2026-08-18,oos,CHOP,OPENING_DRIVE,SHORT,1.0,1.0,0.0,0.0,2.088,8138.0,7.0,0.86,7.0,8.1429,False,UP,False,1.351,0.647,False,False,False,True,True,True,,1,1.824,3.807,4.429,4B_TRAP,False,True,17.51,0.06,0.114,-2.17,-2.227,8.143,-1.228
2026-08-18T11:30:00,CRUDEOIL,2026-08-18,oos,CHOP,OPENING_DRIVE,LONG,1.0,1.0,0.0,0.0,2.085,8166.0,3.0,0.298,3.0,10.0714,True,UP,True,1.489,0.714,True,True,True,False,False,False,1,,0.0,0.0,0.0,4B_TRAP,True,False,21.63,,1.063,-1.017,-1.063,10.071,-1.39
2026-08-18T13:00:00,CRUDEOIL,2026-08-18,oos,CHOP,FAILED_BREAKOUT,LONG,1.0,0.6786,0.3214,0.0,1.4,8143.0,-9.0,-0.663,9.0,13.5714,False,DOWN,False,0.442,0.214,False,False,False,True,True,True,5,1,0.429,0.884,1.333,4B_TRAP,False,True,19.84,0.45,2.369,-1.159,-1.21,13.571,2.926
2026-08-18T13:20:00,CRUDEOIL,2026-08-18,oos,CHOP,FAILED_BREAKOUT,SHORT,0.9804,0.2273,0.7727,0.0,0.366,8137.0,-5.0,-0.366,5.0,13.6429,False,UP,False,0.88,0.545,False,False,False,True,True,True,,1,1.045,1.686,4.6,4B_TRAP,False,True,17.66,0.67,0.0,-2.208,-2.265,13.643,-2.932
2026-08-18T13:45:00,CRUDEOIL,2026-08-18,oos,CHOP,FAILED_BREAKOUT,SHORT,0.9286,0.3529,0.6471,0.0,0.404,8148.0,1.0,0.067,1.0,14.8571,False,UP,False,1.212,1.059,False,False,False,True,True,True,3,1,0.941,1.077,16.0,4B_TRAP,False,True,17.51,0.29,0.0,-1.314,-1.371,14.857,-1.615
2026-08-18T13:50:00,CRUDEOIL,2026-08-18,oos,CHOP,FAILED_BREAKOUT,LONG,0.9298,0.6667,0.3333,0.0,0.771,8164.0,0.0,0.0,0.0,15.5714,False,DOWN,False,0.963,0.833,False,False,False,True,True,True,,1,1.667,1.927,30000000000.0,4B_TRAP,False,True,12.54,1.36,0.399,-1.914,-1.994,15.571,-1.606
2026-08-18T14:00:00,CRUDEOIL,2026-08-18,oos,CHOP,FAILED_BREAKOUT,SHORT,0.9322,0.5,0.5,0.0,0.56,8147.0,7.0,0.436,7.0,16.0714,False,UP,False,0.56,0.5,True,True,False,False,False,True,1,3,0.222,0.249,0.571,4B_TRAP,False,True,18.54,0.35,1.618,-1.402,-1.456,16.071,-1.12
2026-08-18T14:15:00,CRUDEOIL,2026-08-18,oos,CHOP,FAILED_BREAKOUT,LONG,0.9677,1.0,0.0,0.0,1.509,8132.0,19.0,1.147,19.0,16.5714,False,DOWN,False,0.784,0.52,True,True,False,False,False,True,1,3,0.28,0.422,0.368,4B_TRAP,False,True,25.75,0.44,0.0,-1.01,-1.049,16.571,-1.207
2026-08-18T15:05:00,CRUDEOIL,2026-08-18,oos,CHOP,FAILED_BREAKOUT,SHORT,0.9306,0.4444,0.0,0.5556,0.609,8125.0,-5.0,-0.38,5.0,13.1429,True,DOWN,True,1.065,0.778,False,False,False,True,True,True,4,1,0.556,0.761,2.0,4B_TRAP,False,True,8.54,0.16,0.703,-1.054,-1.171,13.143,-1.217
2026-08-18T15:20:00,CRUDEOIL,2026-08-18,oos,CHOP,FAILED_BREAKOUT,SHORT,0.9467,0.6667,0.1905,0.1429,1.032,8127.0,0.0,0.0,0.0,13.5714,True,DOWN,True,0.958,0.619,False,False,False,False,False,True,1,3,0.429,0.663,9000000000.0,4B_TRAP,False,True,18.63,0.38,0.859,-1.074,-1.127,13.571,-1.547
2026-08-18T16:05:00,CRUDEOIL,2026-08-18,oos,CHOP,FAILED_BREAKOUT,SHORT,0.9286,0.7778,0.2222,0.0,0.985,8126.0,12.0,0.844,12.0,14.2143,True,DOWN,True,0.352,0.278,True,True,True,False,False,False,1,,0.0,0.0,0.0,4B_TRAP,True,False,18.54,0.16,0.216,-1.133,-1.187,14.214,-1.548
2026-08-18T17:35:00,CRUDEOIL,2026-08-18,oos,CHOP,FAILED_BREAKOUT,LONG,1.0,1.0,0.0,0.0,3.5,8156.98,9.02,0.734,9.02,12.2857,False,DOWN,False,0.895,0.256,True,False,False,False,True,True,1,2,0.162,0.568,0.774,4B_TRAP,False,True,44.29,0.59,0.903,-1.106,-1.129,12.286,-1.709
2026-08-18T18:50:00,CRUDEOIL,2026-08-18,oos,CHOP,FAILED_BREAKOUT,LONG,0.9914,1.0,0.0,0.0,2.347,8192.0,1.0,0.081,1.0,12.3571,False,DOWN,False,1.78,0.759,False,False,False,True,True,True,,1,0.793,1.861,23.0,4B_TRAP,False,True,29.87,,0.435,-1.607,-1.64,12.357,-2.023
2026-08-18T19:00:00,CRUDEOIL,2026-08-18,oos,CHOP,FAILED_BREAKDOWN,SHORT,0.9915,0.7027,0.2973,0.0,1.758,8181.0,12.0,0.812,12.0,14.7857,False,UP,False,1.758,0.703,True,True,True,False,False,False,1,,0.0,0.0,0.0,4B_TRAP,False,False,38.11,0.42,1.784,-1.312,-1.338,14.786,-1.556
2026-08-18T19:05:00,CRUDEOIL,2026-08-18,oos,CHOP,FAILED_BREAKDOWN,LONG,0.958,0.5769,0.4231,0.0,0.921,8175.0,5.0,0.307,5.0,16.2857,False,DOWN,False,2.088,1.308,False,False,False,True,True,True,,1,1.654,2.64,8.6,4B_TRAP,False,True,15.78,1.65,0.0,-2.218,-2.281,16.286,-2.211
2026-08-18T19:10:00,CRUDEOIL,2026-08-18,oos,CHOP,FAILED_BREAKDOWN,SHORT,0.9833,0.8824,0.1176,0.0,1.66,8153.0,8.0,0.443,8.0,18.0714,True,DOWN,True,1.273,0.676,True,False,False,False,True,True,1,2,0.618,1.162,2.625,4B_TRAP,False,True,35.02,0.51,1.256,-1.428,-1.456,18.071,-1.66
2026-08-18T19:15:00,CRUDEOIL,2026-08-18,oos,CHOP,FAILED_BREAKDOWN,SHORT,0.9339,0.913,0.087,0.0,1.109,8145.0,13.0,0.687,13.0,18.9286,False,UP,False,2.325,1.913,False,False,False,True,True,True,3,1,1.261,1.532,2.231,4B_TRAP,False,True,23.69,0.21,0.084,-1.773,-1.815,18.929,-2.272
2026-08-18T19:20:00,CRUDEOIL,2026-08-18,oos,CHOP,FAILED_BREAKOUT,LONG,1.0,1.0,0.0,0.0,2.047,8161.0,13.0,0.605,13.0,21.5,True,UP,True,0.233,0.114,True,False,False,False,True,True,1,2,0.705,1.442,2.385,4B_TRAP,False,True,45.32,0.71,0.0,-1.015,-1.037,21.5,-2.047
2026-08-18T19:30:00,CRUDEOIL,2026-08-18,oos,CHOP,FAILED_BREAKOUT,SHORT,0.9839,1.0,0.0,0.0,1.637,8169.0,38.0,1.637,38.0,23.2143,True,DOWN,True,0.732,0.447,True,True,True,False,False,False,1,,0.0,0.0,0.0,4B_TRAP,True,False,39.14,0.03,0.766,-1.252,-1.277,23.214,-1.292
2026-08-18T20:20:00,CRUDEOIL,2026-08-18,oos,CHOP,FAILED_BREAKOUT,LONG,0.985,1.0,0.0,0.0,1.852,8158.97,1.03,0.047,1.03,22.1429,True,UP,True,0.994,0.537,True,False,False,False,True,True,1,2,0.268,0.495,10.65,4X_AMBIG,False,False,42.23,1.09,1.492,-0.71,-0.71,22.143,-1.219
2026-08-18T20:25:00,CRUDEOIL,2026-08-18,oos,CHOP,FAILED_BREAKOUT,LONG,0.9104,1.0,0.0,0.0,1.037,8160.0,20.0,0.943,20.0,21.2143,False,DOWN,False,1.697,1.636,False,False,False,True,True,True,4,1,0.545,0.566,0.6,4B_TRAP,False,True,22.66,1.15,0.0,-1.765,-1.809,21.214,-1.933
2026-08-18T20:30:00,CRUDEOIL,2026-08-18,oos,CHOP,FAILED_BREAKDOWN,SHORT,0.963,0.7222,0.0556,0.2222,1.159,8158.0,10.0,0.446,10.0,22.4286,False,UP,False,0.357,0.222,True,True,False,False,False,True,1,3,0.611,0.981,2.2,4B_TRAP,False,True,29.08,0.83,0.206,-1.1,-1.135,22.429,-1.471
2026-08-18T20:45:00,CRUDEOIL,2026-08-18,oos,CHOP,FAILED_BREAKOUT,LONG,0.9783,1.0,0.0,0.0,1.88,8180.0,0.0,0.0,0.0,20.2143,True,UP,True,1.088,0.579,False,False,False,False,False,False,1,,0.0,0.0,0.0,4B_TRAP,False,False,39.14,0.66,1.099,-1.022,-1.048,20.214,-1.633
2026-08-18T22:20:00,CRUDEOIL,2026-08-18,oos,CHOP,FAILED_BREAKOUT,SHORT,0.949,1.0,0.0,0.0,1.961,8148.0,8.0,0.541,8.0,14.7857,True,DOWN,True,0.338,0.172,True,False,False,False,True,True,1,2,0.138,0.271,0.5,4X_AMBIG,False,False,29.87,0.5,0.335,-0.67,0.335,14.786,-1.285
2026-08-19T10:25:00,CRUDEOIL,2026-08-19,oos,CHOP,OPENING_DRIVE,SHORT,1.0,1.0,0.0,0.0,2.358,8182.0,5.0,0.737,5.0,6.7857,False,UP,False,0.147,0.062,True,True,True,False,False,False,1,5,0.0,0.0,0.0,4B_TRAP,False,False,16.48,,0.0,-1.153,-1.214,6.786,-1.768
2026-08-19T11:00:00,CRUDEOIL,2026-08-19,oos,CHOP,OPENING_DRIVE,LONG,0.9565,1.0,0.0,0.0,2.141,8190.0,1.0,0.165,1.0,6.0714,True,UP,True,1.647,0.769,False,False,False,True,True,True,2,1,0.231,0.494,3.0,4B_TRAP,False,True,13.39,0.38,2.39,-1.12,-1.195,6.071,-1.976
2026-08-19T11:30:00,CRUDEOIL,2026-08-19,oos,CHOP,OPENING_DRIVE,LONG,1.0,0.8333,0.0,0.1667,2.059,8208.0,14.0,1.441,14.0,9.7143,False,DOWN,False,3.088,1.25,False,False,False,True,True,True,,1,0.958,2.368,1.643,4B_TRAP,False,True,24.72,,0.04,-1.173,-1.214,9.714,-3.088
2026-08-19T11:35:00,CRUDEOIL,2026-08-19,oos,CHOP,TRENDING,SHORT,1.0,0.5667,0.0,0.4333,1.587,8198.0,-8.0,-0.747,8.0,10.7143,False,UP,False,0.933,0.333,False,False,False,True,True,True,2,1,0.167,0.467,0.625,4A_CONT,False,False,17.9,1.01,3.017,-0.447,2.944,10.714,2.907
2026-08-19T11:55:00,CRUDEOIL,2026-08-19,oos,CHOP,FAILED_BREAKOUT,SHORT,0.9118,0.0769,0.7692,0.1538,0.075,8181.31,1.31,0.099,1.31,13.2857,False,UP,False,1.129,1.154,True,False,False,False,True,True,1,2,0.899,0.88,8.924,4B_TRAP,False,True,11.39,0.35,1.317,-1.141,-1.229,13.286,-1.204
2026-08-19T12:05:00,CRUDEOIL,2026-08-19,oos,CHOP,FAILED_BREAKOUT,LONG,0.9444,1.0,0.0,0.0,1.317,8191.0,2.0,0.139,2.0,14.4286,False,DOWN,False,1.109,0.842,False,False,False,True,True,True,5,1,0.632,0.832,6.0,4B_TRAP,False,True,19.57,0.16,1.073,-1.124,-1.175,14.429,-1.178
2026-08-19T12:10:00,CRUDEOIL,2026-08-19,oos,CHOP,FAILED_BREAKOUT,SHORT,0.9189,1.0,0.0,0.0,1.093,8180.41,1.41,0.096,1.41,14.6429,False,UP,False,0.068,0.062,False,False,False,True,True,True,3,1,0.599,0.655,6.801,4B_TRAP,False,True,16.48,0.85,0.303,-1.699,-1.76,14.643,-1.093
2026-08-19T12:30:00,CRUDEOIL,2026-08-19,oos,CHOP,FAILED_BREAKOUT,LONG,0.9512,1.0,0.0,0.0,1.308,8193.0,1.0,0.065,1.0,15.2857,True,UP,True,1.112,0.85,True,False,False,False,False,False,1,2,0.0,0.0,0.0,4B_TRAP,True,False,20.6,0.09,0.971,-1.117,-1.165,15.286,-1.57
2026-08-19T12:35:00,CRUDEOIL,2026-08-19,oos,CHOP,FAILED_BREAKOUT,LONG,0.9048,0.2941,0.4706,0.2353,0.312,8195.81,3.19,0.199,3.19,16.0,False,DOWN,False,0.188,0.176,False,False,False,True,True,True,2,1,0.283,0.301,1.508,4B_TRAP,False,True,9.51,2.52,1.577,-2.944,-3.049,16.0,-1.812
2026-08-19T12:50:00,CRUDEOIL,2026-08-19,oos,CHOP,FAILED_BREAKOUT,SHORT,0.9556,0.9565,0.0435,0.0,1.613,8193.0,2.0,0.147,2.0,13.6429,True,DOWN,True,1.466,0.87,True,True,True,False,False,False,1,,0.0,0.0,0.0,4B_TRAP,True,False,23.69,0.46,1.857,-1.182,-1.224,13.643,2.927
2026-08-19T12:55:00,CRUDEOIL,2026-08-19,oos,CHOP,FAILED_BREAKOUT,SHORT,0.9348,0.8,0.0,0.2,1.167,8174.0,-1.0,-0.073,1.0,13.7143,True,DOWN,True,1.312,0.9,False,False,False,False,False,False,1,4,0.0,0.0,0.0,4B_TRAP,False,False,16.6,0.06,1.687,-2.651,-2.711,13.714,-1.094
2026-08-19T14:25:00,CRUDEOIL,2026-08-19,oos,CHOP,FAILED_BREAKOUT,LONG,1.0,0.9118,0.0882,0.0,2.568,8195.29,20.71,1.716,20.71,12.0714,False,DOWN,False,2.32,0.824,True,True,True,False,False,False,1,,0.0,0.0,0.0,4B_TRAP,False,False,32.02,0.22,1.343,-1.124,-1.156,12.071,2.917
2026-08-19T14:35:00,CRUDEOIL,2026-08-19,oos,CHOP,FAILED_BREAKDOWN,LONG,0.9545,0.9583,0.0,0.0417,1.512,8236.0,2.0,0.131,2.0,15.2143,False,DOWN,False,1.183,0.75,True,True,False,False,False,True,1,3,0.458,0.723,5.5,4B_TRAP,False,True,24.72,,0.85,-1.659,-1.699,15.214,-1.249
2026-08-19T14:50:00,CRUDEOIL,2026-08-19,oos,CHOP,TRENDING,SHORT,0.971,1.0,0.0,0.0,1.496,8245.0,20.0,1.069,20.0,18.7143,True,DOWN,True,0.267,0.179,True,True,True,False,False,False,1,,0.0,0.0,0.0,4A_CONT,True,False,28.84,1.69,5.166,-0.832,2.965,18.714,-1.336
2026-08-19T15:00:00,CRUDEOIL,2026-08-19,oos,CHOP,FAILED_BREAKOUT,SHORT,0.9155,0.8696,0.0,0.1304,1.045,8220.0,20.0,1.045,20.0,19.1429,False,UP,False,0.888,0.739,True,False,False,False,True,True,1,2,0.087,0.104,0.1,4B_TRAP,False,True,20.69,1.15,0.242,-1.063,-1.112,19.143,-1.201
2026-08-19T15:15:00,CRUDEOIL,2026-08-19,oos,CHOP,FAILED_BREAKOUT,SHORT,0.9459,1.0,0.0,0.0,1.3,8211.0,11.0,0.55,11.0,20.0,False,UP,False,1.1,0.846,False,False,False,True,True,True,,1,0.615,0.8,1.455,4B_TRAP,False,True,26.78,0.19,0.0,-1.008,-1.046,20.0,-1.4
2026-08-19T18:00:00,CRUDEOIL,2026-08-19,oos,CHOP,FAILED_BREAKOUT,SHORT,0.9533,1.0,0.0,0.0,1.867,8147.0,7.0,0.544,7.0,12.8571,True,DOWN,True,5.056,2.708,True,True,True,False,False,False,1,,0.0,0.0,0.0,4B_TRAP,True,False,24.72,,2.791,-1.052,-1.092,12.857,2.922
2026-08-19T18:05:00,CRUDEOIL,2026-08-19,oos,CHOP,FAILED_BREAKOUT,SHORT,1.0,0.9385,0.0615,0.0,3.558,8140.0,64.0,3.733,64.0,17.1429,False,UP,False,2.567,0.677,True,True,True,False,False,False,1,5,0.0,0.0,0.0,4B_TRAP,False,False,66.95,,0.075,-1.255,-1.27,17.143,-2.333
2026-08-19T18:25:00,CRUDEOIL,2026-08-19,oos,CHOP,TRENDING,LONG,0.9107,1.0,0.0,0.0,1.142,8110.0,4.0,0.199,4.0,20.1429,True,UP,True,1.589,1.391,True,True,True,False,False,False,1,,0.0,0.0,0.0,4A_CONT,True,False,23.69,0.3,3.124,0.0,2.958,20.143,2.95
2026-08-19T18:30:00,CRUDEOIL,2026-08-19,oos,CHOP,FAILED_BREAKOUT,LONG,0.9735,1.0,0.0,0.0,1.422,8121.0,39.0,1.733,39.0,22.5,False,DOWN,False,1.289,0.906,True,True,True,False,False,False,1,,0.0,0.0,0.0,4A_CONT,False,False,32.96,1.87,3.337,-0.698,2.97,22.5,-1.067
2026-08-19T18:35:00,CRUDEOIL,2026-08-19,oos,CHOP,FAILED_BREAKOUT,SHORT,0.9561,0.5517,0.0,0.4483,0.683,8178.71,28.71,1.225,28.71,23.4286,True,DOWN,True,0.384,0.31,True,True,True,False,False,False,1,,0.0,0.0,0.0,4B_TRAP,True,False,16.87,3.5,0.652,-1.304,-1.363,23.429,-1.11
2026-08-19T18:50:00,CRUDEOIL,2026-08-19,oos,CHOP,FAILED_BREAKOUT,LONG,0.9658,1.0,0.0,0.0,1.233,8166.0,6.0,0.239,6.0,25.1429,False,DOWN,False,0.557,0.452,False,False,False,True,True,True,4,1,0.29,0.358,1.5,4A_CONT,False,False,31.93,1.56,3.069,-0.595,2.969,25.143,2.96
2026-08-19T19:35:00,CRUDEOIL,2026-08-19,oos,CHOP,FAILED_BREAKOUT,LONG,0.9841,0.6923,0.3077,0.0,1.355,8190.0,3.0,0.151,3.0,19.9286,True,UP,True,0.502,0.256,True,True,True,False,False,False,1,,0.0,0.0,0.0,4A_CONT,True,False,28.17,1.16,3.053,-0.213,2.965,19.929,2.95
2026-08-19T20:10:00,CRUDEOIL,2026-08-19,oos,CHOP,FAILED_BREAKDOWN,SHORT,0.9474,0.3103,0.6897,0.0,0.529,8216.0,-8.0,-0.471,8.0,17.0,False,UP,False,1.0,0.586,False,False,False,True,True,True,,1,0.724,1.235,2.625,4B_TRAP,False,True,20.87,1.29,0.335,-1.15,-1.198,17.0,-1.471
2026-08-19T21:30:00,CRUDEOIL,2026-08-19,oos,CHOP,FAILED_BREAKDOWN,LONG,0.9262,0.4815,0.5185,0.0,1.011,8284.0,0.0,0.0,0.0,12.8571,True,UP,True,0.311,0.148,False,False,False,False,False,False,1,4,0.0,0.0,0.0,4A_CONT,False,False,13.81,,3.548,-0.29,2.928,12.857,2.922
2026-08-19T23:10:00,CRUDEOIL,2026-08-19,oos,CHOP,FAILED_BREAKDOWN,SHORT,0.9763,0.9375,0.0,0.0625,1.795,8283.0,21.0,1.256,21.0,16.7143,False,UP,False,1.017,0.531,False,False,False,False,False,False,2,1,0.0,0.0,0.0,4X_AMBIG,False,False,30.96,3.27,0.0,-0.775,-0.484,16.714,-1.316
2026-08-20T10:15:00,CRUDEOIL,2026-08-20,oos,TREND_UP,TRENDING,SHORT,1.0,0.9333,0.0,0.0667,2.021,8099.33,6.33,0.914,6.33,6.9286,True,DOWN,True,1.01,0.467,True,True,True,False,False,False,1,,0.0,0.0,0.0,4B_TRAP,True,False,14.45,0.83,0.692,-1.315,-1.384,6.929,-1.732
2026-08-20T11:25:00,CRUDEOIL,2026-08-20,oos,TREND_UP,TRENDING,SHORT,0.931,0.8333,0.1667,0.0,1.138,8108.0,8.0,0.911,8.0,8.7857,False,UP,False,1.138,0.833,True,True,True,False,False,False,1,4,0.0,0.0,0.0,4B_TRAP,False,False,12.36,0.59,0.566,-1.456,-1.537,8.786,-1.48
2026-08-20T11:45:00,CRUDEOIL,2026-08-20,oos,TREND_UP,TRENDING,LONG,0.9394,0.5385,0.0,0.4615,0.726,8106.05,1.95,0.202,1.95,9.6429,True,UP,True,0.83,0.615,True,True,True,False,False,False,1,,0.0,0.0,0.0,4A_CONT,False,False,13.39,0.75,3.958,-0.299,2.925,9.643,2.896
2026-08-20T12:05:00,CRUDEOIL,2026-08-20,oos,TREND_UP,TRENDING,LONG,1.0,1.0,0.0,0.0,1.623,8118.0,7.0,0.71,7.0,9.8571,False,DOWN,False,0.812,0.5,True,True,True,False,False,False,1,,0.0,0.0,0.0,4A_CONT,False,False,16.48,,3.701,-0.182,2.939,9.857,2.899
2026-08-20T12:30:00,CRUDEOIL,2026-08-20,oos,TREND_UP,TRENDING,LONG,1.0,0.5625,0.1875,0.25,0.887,8138.0,20.0,1.972,20.0,10.1429,False,DOWN,False,0.493,0.312,True,True,True,False,False,False,1,,0.0,0.0,0.0,4A_CONT,False,False,13.48,,3.042,-0.668,2.926,10.143,2.901
2026-08-20T12:40:00,CRUDEOIL,2026-08-20,oos,TREND_UP,TRENDING,LONG,1.0,0.125,0.1875,0.6875,0.2,8161.0,1.0,0.1,1.0,10.0,True,UP,True,2.5,1.562,True,True,True,False,False,False,1,,0.0,0.0,0.0,4A_CONT,False,False,13.48,,4.599,-0.074,2.926,10.0,2.9
2026-08-20T12:45:00,CRUDEOIL,2026-08-20,oos,TREND_UP,TRENDING,LONG,1.0,1.0,0.0,0.0,2.215,8165.0,21.0,1.861,21.0,11.2857,True,UP,True,1.063,0.48,True,True,True,False,False,False,1,,0.0,0.0,0.0,4A_CONT,True,False,25.75,,3.456,-0.388,2.961,11.286,2.911
2026-08-20T13:30:00,CRUDEOIL,2026-08-20,oos,TREND_UP,TRENDING,SHORT,0.9815,0.7143,0.0,0.2857,1.0,8204.0,22.0,1.467,22.0,15.0,False,UP,False,0.867,0.619,True,True,False,False,False,True,1,3,1.667,2.333,1.591,4B_TRAP,False,True,15.63,6.18,0.0,-1.216,-1.28,15.0,-1.333
2026-08-20T13:45:00,CRUDEOIL,2026-08-20,oos,TREND_UP,TRENDING,LONG,1.0,1.0,0.0,0.0,2.109,8224.0,15.0,0.879,15.0,17.0714,True,UP,True,1.23,0.583,True,True,True,False,False,False,1,,0.0,0.0,0.0,4A_CONT,True,False,37.08,,3.236,-0.485,2.973,17.071,-1.113
2026-08-20T13:50:00,CRUDEOIL,2026-08-20,oos,TREND_UP,TRENDING,LONG,0.9655,0.6667,0.0,0.3333,0.803,8239.0,3.0,0.172,3.0,17.4286,True,UP,True,1.205,1.0,True,True,True,False,False,False,1,,0.0,0.0,0.0,4A_CONT,True,False,21.63,,3.375,-0.139,2.954,17.429,2.943
2026-08-20T13:55:00,CRUDEOIL,2026-08-20,oos,TREND_UP,TRENDING,LONG,0.9661,0.8571,0.0,0.1429,1.05,8242.0,18.0,1.05,18.0,17.1429,False,DOWN,False,0.875,0.714,True,True,True,False,False,False,1,,0.0,0.0,0.0,4A_CONT,False,False,21.63,,3.19,-0.092,2.954,17.143,2.942
2026-08-20T14:40:00,CRUDEOIL,2026-08-20,oos,TREND_UP,TRENDING,LONG,0.9254,0.8333,0.1667,0.0,0.995,8285.0,9.0,0.597,9.0,15.0714,False,DOWN,False,0.863,0.722,True,True,True,False,False,False,1,5,0.0,0.0,0.0,4B_TRAP,False,False,15.54,,0.386,-1.158,-1.223,15.071,-1.261
2026-08-20T15:05:00,CRUDEOIL,2026-08-20,oos,TREND_UP,TRENDING,SHORT,0.9306,0.5,0.3889,0.1111,0.759,8283.0,5.0,0.422,5.0,11.8571,True,DOWN,True,1.518,1.0,True,False,False,False,True,True,1,2,1.389,2.108,5.0,4B_TRAP,False,True,16.54,11.77,0.605,-2.237,-2.297,11.857,-1.181
2026-08-20T15:10:00,CRUDEOIL,2026-08-20,oos,TREND_UP,TRENDING,SHORT,0.9315,0.5556,0.4444,0.0,0.828,8276.0,8.0,0.663,8.0,12.0714,False,UP,False,1.74,1.167,False,False,False,True,True,True,,1,2.333,3.479,5.25,4B_TRAP,False,True,18.54,9.96,0.0,-1.241,-1.294,12.071,-1.988
2026-08-20T15:15:00,CRUDEOIL,2026-08-20,oos,TREND_UP,TRENDING,LONG,0.973,1.0,0.0,0.0,1.642,8286.0,5.0,0.391,5.0,12.7857,True,UP,True,1.486,0.905,True,True,True,False,False,False,1,,0.0,0.0,0.0,4A_CONT,True,False,21.63,0.42,3.144,-0.231,2.954,12.786,2.922
2026-08-20T15:20:00,CRUDEOIL,2026-08-20,oos,TREND_UP,TRENDING,LONG,0.92,0.5789,0.3684,0.0526,0.806,8300.0,8.0,0.586,8.0,13.6429,True,UP,True,0.513,0.368,True,False,False,False,True,True,1,2,0.211,0.293,0.5,4B_TRAP,False,True,12.57,,1.034,-1.034,-1.114,13.643,-1.686
2026-08-20T15:30:00,CRUDEOIL,2026-08-20,oos,TREND_UP,TRENDING,SHORT,0.974,0.8696,0.087,0.0435,1.373,8314.0,18.0,1.235,18.0,14.5714,False,UP,False,1.235,0.783,True,True,True,False,False,False,1,,0.0,0.0,0.0,4B_TRAP,False,False,22.69,1.23,0.441,-1.014,-1.058,14.571,-1.167
2026-08-20T17:40:00,CRUDEOIL,2026-08-20,oos,TREND_UP,TRENDING,LONG,0.932,1.0,0.0,0.0,2.044,8369.0,14.0,1.431,14.0,9.7857,True,UP,True,1.022,0.5,True,True,True,False,False,False,1,,0.0,0.0,0.0,4B_TRAP,True,False,20.6,,0.825,-2.087,-2.136,9.786,-4.496
2026-08-20T17:50:00,CRUDEOIL,2026-08-20,oos,TREND_UP,TRENDING,SHORT,0.9714,1.0,0.0,0.0,1.922,8384.0,5.0,0.458,5.0,10.9286,False,UP,False,0.0,0.0,False,False,False,True,True,True,3,1,0.476,0.915,2.0,4A_CONT,False,False,21.63,1.8,3.098,-0.693,2.954,10.929,-1.464
2026-08-20T18:10:00,CRUDEOIL,2026-08-20,oos,TREND_UP,TRENDING,SHORT,0.9907,0.6452,0.0,0.3548,1.421,8377.0,26.0,1.848,26.0,14.0714,True,DOWN,True,1.279,0.581,True,True,True,False,False,False,1,,0.0,0.0,0.0,4A_CONT,True,False,20.93,12.74,3.01,0.0,2.952,14.071,2.929
2026-08-20T18:25:00,CRUDEOIL,2026-08-20,oos,TREND_UP,TRENDING,SHORT,0.9009,1.0,0.0,0.0,1.151,8315.0,3.0,0.192,3.0,15.6429,True,DOWN,True,0.767,0.667,False,False,False,True,True,True,2,1,0.167,0.192,1.0,4B_TRAP,False,True,18.54,12.28,1.564,-1.294,-1.348,15.643,-1.087
2026-08-20T19:00:00,CRUDEOIL,2026-08-20,oos,TREND_UP,TRENDING,LONG,0.9237,0.75,0.25,0.0,0.817,8330.0,1.0,0.054,1.0,18.3571,False,DOWN,False,1.035,0.95,False,False,False,True,True,True,,1,2.65,2.887,53.0,4B_TRAP,False,True,15.6,4.42,0.0,-1.795,-1.859,18.357,-1.58
2026-08-20T19:30:00,CRUDEOIL,2026-08-20,oos,TREND_UP,TRENDING,LONG,0.9032,0.5263,0.0,0.4737,0.553,8303.64,3.36,0.186,3.36,18.0714,True,UP,True,0.664,0.632,True,False,False,False,True,True,1,2,2.402,2.526,13.583,4B_TRAP,False,True,19.57,1.48,0.664,-2.504,-2.555,18.071,-1.107
2026-08-20T19:40:00,CRUDEOIL,2026-08-20,oos,TREND_UP,TRENDING,SHORT,0.9683,0.4091,0.5,0.0909,0.485,8308.0,18.0,0.969,18.0,18.5714,True,DOWN,True,1.669,1.409,True,True,True,False,False,False,1,,0.0,0.0,0.0,4A_CONT,False,False,20.66,0.63,3.195,0.0,2.952,18.571,2.946
2026-08-20T19:45:00,CRUDEOIL,2026-08-20,oos,TREND_UP,TRENDING,SHORT,0.9921,1.0,0.0,0.0,1.584,8277.0,19.0,0.971,19.0,19.5714,True,DOWN,True,1.942,1.226,True,True,True,False,False,False,1,,0.0,0.0,0.0,4B_TRAP,True,False,31.93,5.44,1.065,-1.284,-1.315,19.571,-1.175
2026-08-20T19:50:00,CRUDEOIL,2026-08-20,oos,TREND_UP,TRENDING,SHORT,1.0,1.0,0.0,0.0,1.762,8258.0,34.0,1.576,34.0,21.5714,False,UP,False,0.556,0.316,True,True,True,False,False,False,1,4,0.0,0.0,0.0,4B_TRAP,False,False,39.14,3.57,0.0,-1.073,-1.099,21.571,-1.53
2026-08-20T20:10:00,CRUDEOIL,2026-08-20,oos,TREND_UP,FAILED_BREAKOUT,LONG,0.9697,0.7692,0.2308,0.0,0.933,8256.0,4.0,0.187,4.0,21.4286,True,UP,True,0.56,0.462,True,False,False,False,True,True,1,2,0.385,0.467,2.5,4B_TRAP,False,True,20.78,2.1,0.962,-1.059,-1.107,21.429,-1.073
2026-08-20T20:40:00,CRUDEOIL,2026-08-20,oos,TREND_UP,TRENDING,LONG,0.9928,0.6486,0.3514,0.0,1.105,8272.0,-10.0,-0.461,10.0,21.7143,False,DOWN,False,0.276,0.162,False,False,False,False,False,False,1,,0.0,0.0,0.0,4A_CONT,False,False,25.11,0.4,2.429,-0.836,1.513,21.714,1.75
2026-08-20T21:00:00,CRUDEOIL,2026-08-20,oos,TREND_UP,TRENDING,LONG,0.9366,0.9048,0.0952,0.0,1.027,8299.0,5.0,0.27,5.0,18.5,True,UP,True,0.595,0.524,True,True,True,False,False,False,1,5,0.0,0.0,0.0,4B_TRAP,True,False,19.63,4.89,0.968,-1.375,-1.426,18.5,-1.514
2026-08-20T21:35:00,CRUDEOIL,2026-08-20,oos,TREND_UP,TRENDING,LONG,0.9664,0.9286,0.0714,0.0,1.517,8295.0,20.0,1.167,20.0,17.1429,False,DOWN,False,0.408,0.25,True,True,True,False,False,False,1,4,0.0,0.0,0.0,4B_TRAP,False,False,26.84,0.3,0.0,-1.08,-1.118,17.143,-1.517
2026-08-20T21:55:00,CRUDEOIL,2026-08-20,oos,TREND_UP,TRENDING,SHORT,0.9346,1.0,0.0,0.0,1.463,8298.0,8.0,0.557,8.0,14.3571,True,DOWN,True,1.741,1.19,True,True,True,False,False,False,1,,0.0,0.0,0.0,4B_TRAP,True,False,21.63,0.6,2.265,-1.202,-1.248,14.357,-1.532
2026-08-20T22:00:00,CRUDEOIL,2026-08-20,oos,TREND_UP,TRENDING,SHORT,0.9545,0.64,0.36,0.0,1.052,8290.0,4.0,0.263,4.0,15.2143,False,UP,False,0.394,0.24,False,False,False,True,True,True,2,1,0.04,0.066,0.25,4B_TRAP,False,True,25.75,0.35,1.748,-1.165,-1.204,15.214,-2.038
2026-08-20T22:35:00,CRUDEOIL,2026-08-20,oos,TREND_UP,TRENDING,LONG,0.9441,0.8261,0.1304,0.0435,1.231,8257.0,14.0,0.907,14.0,15.4286,True,UP,True,1.037,0.696,True,True,True,False,False,False,1,,0.0,0.0,0.0,4A_CONT,True,False,20.69,1.93,2.175,-0.193,1.402,15.429,1.88
2026-08-21T10:10:00,CRUDEOIL,2026-08-21,oos,TREND_UP,TRENDING,SHORT,0.9286,1.0,0.0,0.0,1.273,8291.0,3.0,0.424,3.0,7.0714,True,DOWN,True,0.707,0.556,True,True,True,False,False,False,1,,0.0,0.0,0.0,4A_CONT,True,False,9.27,0.43,3.128,-0.108,2.892,7.071,2.859
2026-08-21T10:25:00,CRUDEOIL,2026-08-21,oos,TREND_UP,OPENING_DRIVE,SHORT,1.0,1.0,0.0,0.0,1.647,8276.0,11.0,1.51,11.0,7.2857,True,DOWN,True,1.098,0.667,True,True,True,False,False,False,1,,0.0,0.0,0.0,4B_TRAP,True,False,12.36,,0.728,-2.184,-2.265,7.286,-1.51
2026-08-21T10:55:00,CRUDEOIL,2026-08-21,oos,TREND_UP,FAILED_BREAKOUT,LONG,1.0,1.0,0.0,0.0,2.312,8276.0,16.0,2.055,16.0,7.7857,False,DOWN,False,1.67,0.722,True,True,True,False,False,False,1,5,0.0,0.0,0.0,4B_TRAP,False,False,18.54,0.27,0.108,-1.78,-1.834,7.786,-1.541
2026-08-21T11:20:00,CRUDEOIL,2026-08-21,oos,TREND_UP,FAILED_BREAKOUT,SHORT,0.9286,0.5833,0.4167,0.0,0.726,8279.0,4.0,0.415,4.0,9.6429,True,DOWN,True,0.726,0.583,True,True,True,False,False,False,1,,0.0,0.0,0.0,4B_TRAP,True,False,12.36,1.54,1.537,-1.375,-1.456,9.643,-1.141
2026-08-21T11:30:00,CRUDEOIL,2026-08-21,oos,TREND_UP,FAILED_BREAKOUT,LONG,0.9667,0.8,0.2,0.0,1.098,8266.0,2.0,0.183,2.0,10.9286,False,DOWN,False,1.007,0.733,False,False,False,True,True,True,2,1,0.267,0.366,2.0,4A_CONT,False,False,12.45,1.69,3.213,-0.964,2.92,10.929,-1.19
2026-08-21T11:40:00,CRUDEOIL,2026-08-21,oos,TREND_UP,FAILED_BREAKOUT,SHORT,1.0,0.0556,0.4444,0.5,0.086,8262.0,-6.0,-0.519,6.0,11.5714,False,UP,False,0.432,0.278,False,False,False,True,True,True,,1,1.056,1.642,3.167,4B_TRAP,False,True,9.54,1.26,0.524,-1.782,-1.887,11.571,-1.556
2026-08-21T11:55:00,CRUDEOIL,2026-08-21,oos,TREND_UP,FAILED_BREAKOUT,LONG,0.9429,0.7333,0.2667,0.0,0.957,8277.0,4.0,0.348,4.0,11.5,False,DOWN,False,0.957,0.733,True,False,False,False,False,False,1,2,0.0,0.0,0.0,4B_TRAP,False,False,11.45,1.7,0.961,-2.183,-2.271,11.5,-2.261
2026-08-21T12:30:00,CRUDEOIL,2026-08-21,oos,TREND_UP,FAILED_BREAKOUT,SHORT,1.0,1.0,0.0,0.0,2.0,8256.0,0.0,0.0,0.0,13.0,False,UP,False,1.538,0.769,False,False,False,True,True,True,,1,0.731,1.462,19000000000.0,4B_TRAP,False,True,26.78,,0.0,-1.046,-1.083,13.0,-1.692
2026-08-21T12:40:00,CRUDEOIL,2026-08-21,oos,TREND_UP,FAILED_BREAKOUT,SHORT,0.9773,0.85,0.15,0.0,1.24,8273.5,9.5,0.693,9.5,13.7143,False,UP,False,1.094,0.75,False,False,False,True,True,True,2,1,0.125,0.182,0.263,4B_TRAP,False,True,20.6,0.39,0.194,-1.117,-1.165,13.714,-1.167
2026-08-21T13:15:00,CRUDEOIL,2026-08-21,oos,TREND_UP,FAILED_BREAKOUT,SHORT,0.9804,0.7391,0.0,0.2609,1.097,8263.5,-2.5,-0.161,2.5,15.5,False,UP,False,0.516,0.348,False,False,False,True,True,True,,1,1.674,2.484,15.4,4B_TRAP,False,True,17.69,0.14,0.057,-1.187,-1.244,15.5,-1.419
2026-08-21T13:30:00,CRUDEOIL,2026-08-21,oos,TREND_UP,FAILED_BREAKOUT,LONG,1.0,0.7778,0.2222,0.0,1.318,8304.0,-2.0,-0.126,2.0,15.9286,True,UP,True,1.256,0.741,False,False,False,False,True,True,1,2,1.074,1.821,14.5,4B_TRAP,False,True,21.81,0.09,0.734,-1.238,-1.284,15.929,-1.758
2026-08-21T13:35:00,CRUDEOIL,2026-08-21,oos,TREND_UP,FAILED_BREAKDOWN,LONG,0.9455,0.8,0.2,0.0,0.97,8308.0,6.0,0.364,6.0,16.5,False,DOWN,False,0.848,0.7,False,False,False,True,True,True,,1,1.85,2.242,6.167,4B_TRAP,False,True,16.6,,0.0,-1.205,-1.265,16.5,-1.273
2026-08-21T13:45:00,CRUDEOIL,2026-08-21,oos,TREND_UP,FAILED_BREAKDOWN,SHORT,0.9649,0.84,0.16,0.0,1.284,8294.0,19.0,1.162,19.0,16.3571,True,DOWN,True,0.734,0.48,True,True,True,False,False,False,1,,0.0,0.0,0.0,4B_TRAP,True,False,25.75,0.21,1.903,-2.291,-2.33,16.357,-1.528
2026-08-21T14:00:00,CRUDEOIL,2026-08-21,oos,TREND_UP,FAILED_BREAKOUT,LONG,0.9333,1.0,0.0,0.0,1.3,8266.0,9.0,0.532,9.0,16.9286,True,UP,True,0.532,0.409,False,False,False,True,True,True,,1,0.682,0.886,1.667,4B_TRAP,False,True,22.66,0.7,0.0,-1.412,-1.456,16.929,-1.359
2026-08-21T14:10:00,CRUDEOIL,2026-08-21,oos,TREND_UP,FAILED_BREAKOUT,SHORT,0.9516,0.6522,0.0,0.3478,0.805,8251.0,0.0,0.0,0.0,18.6429,True,DOWN,True,0.483,0.391,False,False,False,True,True,True,3,1,0.174,0.215,4000000000.0,4B_TRAP,False,True,15.69,,1.593,-1.02,-1.083,18.643,-1.18
2026-08-21T15:30:00,CRUDEOIL,2026-08-21,oos,TREND_UP,FAILED_BREAKOUT,LONG,1.0,1.0,0.0,0.0,2.368,8318.0,16.0,1.114,16.0,14.3571,True,UP,True,1.95,0.824,True,True,True,False,False,False,1,5,0.0,0.0,0.0,4B_TRAP,True,False,35.02,,1.285,-1.028,-1.057,14.357,2.93
2026-08-21T15:35:00,CRUDEOIL,2026-08-21,oos,TREND_UP,TRENDING,LONG,0.9873,1.0,0.0,0.0,1.832,8334.0,29.0,1.897,29.0,15.2857,True,UP,True,1.112,0.607,True,True,True,False,False,False,1,4,0.0,0.0,0.0,4B_TRAP,True,False,28.84,,0.555,-1.907,-1.942,15.286,-1.178
2026-08-21T15:45:00,CRUDEOIL,2026-08-21,oos,TREND_UP,TRENDING,LONG,0.9383,0.3913,0.0,0.6087,0.555,8299.0,61.0,3.762,61.0,16.2143,False,DOWN,False,1.295,0.913,True,True,True,False,False,False,1,,0.0,0.0,0.0,4B_TRAP,False,False,14.69,1.29,0.136,-1.293,-1.361,16.214,-1.233
2026-08-21T15:55:00,CRUDEOIL,2026-08-21,oos,TREND_UP,FAILED_BREAKDOWN,SHORT,1.0,1.0,0.0,0.0,1.881,8341.0,33.0,1.826,33.0,18.0714,False,UP,False,0.941,0.5,True,True,True,False,False,False,1,5,0.0,0.0,0.0,4B_TRAP,False,False,35.02,0.69,0.0,-1.085,-1.114,18.071,-1.549
2026-08-21T16:50:00,CRUDEOIL,2026-08-21,oos,TREND_UP,FAILED_BREAKDOWN,SHORT,1.0,1.0,0.0,0.0,2.733,8344.0,46.0,2.566,46.0,17.9286,True,DOWN,True,1.116,0.408,True,True,True,False,False,False,1,,0.0,0.0,0.0,4B_TRAP,True,False,50.47,0.76,0.872,-1.209,-1.228,17.929,-1.171
2026-08-21T17:50:00,CRUDEOIL,2026-08-21,oos,TREND_UP,FAILED_BREAKDOWN,LONG,0.934,0.7917,0.2083,0.0,1.0,8345.0,9.0,0.474,9.0,19.0,False,DOWN,False,1.0,0.792,False,False,False,True,True,True,,1,0.792,1.0,2.111,4B_TRAP,False,True,19.72,1.27,0.0,-1.369,-1.42,19.0,-1.053
2026-08-21T18:35:00,CRUDEOIL,2026-08-21,oos,TREND_UP,FAILED_BREAKOUT,LONG,0.9391,0.75,0.25,0.0,0.996,8311.0,11.0,0.609,11.0,18.0714,False,DOWN,False,0.553,0.417,False,False,False,True,True,True,2,1,0.042,0.055,0.091,4B_TRAP,False,True,18.72,1.34,0.908,-1.442,-1.496,18.071,-1.549
2026-08-21T18:50:00,CRUDEOIL,2026-08-21,oos,TREND_UP,FAILED_BREAKOUT,LONG,0.9153,0.4348,0.2609,0.3043,0.5,8328.0,-4.0,-0.2,4.0,20.0,True,UP,True,0.4,0.348,False,False,False,False,True,True,,1,0.348,0.4,2.0,4B_TRAP,False,True,17.69,0.23,0.848,-1.639,-1.696,20.0,-1.5
2026-08-21T19:00:00,CRUDEOIL,2026-08-21,oos,TREND_UP,FAILED_BREAKOUT,SHORT,0.9417,0.36,0.64,0.0,0.453,8320.0,0.0,0.0,0.0,19.8571,True,DOWN,True,0.906,0.72,False,False,False,True,True,True,2,1,0.04,0.05,1000000000.0,4B_TRAP,False,True,16.75,0.78,0.0,-1.134,-1.194,19.857,2.95
2026-08-21T19:45:00,CRUDEOIL,2026-08-21,oos,TREND_UP,FAILED_BREAKOUT,SHORT,0.9457,1.0,0.0,0.0,1.489,8271.0,0.0,0.0,0.0,16.7857,False,UP,False,0.834,0.56,False,False,False,True,True,True,,1,1.28,1.906,32000000000.0,4B_TRAP,False,True,25.75,0.7,0.0,-1.32,-1.359,16.786,-2.085
2026-08-21T20:00:00,CRUDEOIL,2026-08-21,oos,TREND_UP,FAILED_BREAKOUT,LONG,0.9545,0.9231,0.0769,0.0,1.541,8296.0,7.0,0.45,7.0,15.5714,False,DOWN,False,1.862,1.115,False,False,False,True,True,True,4,1,0.615,1.028,2.286,4B_TRAP,False,True,24.78,0.43,0.404,-1.251,-1.291,15.571,-1.284
2026-08-21T20:20:00,CRUDEOIL,2026-08-21,oos,TREND_UP,FAILED_BREAKOUT,LONG,0.9118,0.625,0.0833,0.2917,0.894,8289.0,8.0,0.477,8.0,16.7857,True,UP,True,0.536,0.375,True,False,False,False,True,True,1,2,0.875,1.251,2.625,4B_TRAP,False,True,22.72,0.7,0.132,-1.276,-1.32,16.786,-1.787
2026-08-21T20:40:00,CRUDEOIL,2026-08-21,oos,TREND_UP,FAILED_BREAKOUT,LONG,0.9786,1.0,0.0,0.0,1.568,8276.0,22.0,1.189,22.0,18.5,True,UP,True,1.189,0.759,True,True,True,False,False,False,1,,0.0,0.0,0.0,4A_CONT,True,False,29.87,0.07,2.31,-0.636,2.21,18.5,-1.081
2026-08-21T20:55:00,CRUDEOIL,2026-08-21,oos,TREND_UP,FAILED_BREAKOUT,SHORT,0.9091,0.9167,0.0833,0.0,1.141,8305.0,25.0,1.296,25.0,19.2857,False,UP,False,1.4,1.125,True,False,False,False,True,True,1,2,0.542,0.674,0.52,4B_TRAP,False,True,24.72,0.89,0.04,-1.052,-1.092,19.286,-1.4
2026-08-21T21:00:00,CRUDEOIL,2026-08-21,oos,TREND_UP,FAILED_BREAKOUT,LONG,0.9514,0.6296,0.2222,0.1481,0.841,8304.0,-4.0,-0.198,4.0,20.2143,True,UP,True,0.792,0.593,False,False,False,False,False,False,1,,0.0,0.0,0.0,4A_CONT,False,False,21.81,0.48,3.072,-0.459,2.954,20.214,2.951
2026-08-21T21:50:00,CRUDEOIL,2026-08-21,oos,TREND_UP,FAILED_BREAKOUT,LONG,0.9545,1.0,0.0,0.0,1.791,8316.84,0.16,0.011,0.16,15.0714,True,UP,True,0.332,0.185,False,False,False,True,True,True,5,1,0.809,1.449,136.5,4X_AMBIG,False,False,27.81,0.29,1.798,-0.863,1.69,15.071,-1.659
2026-08-24T10:05:00,CRUDEOIL,2026-08-24,oos,TREND_DOWN,TRENDING,LONG,1.0,0.4167,0.0,0.5833,0.787,8209.0,2.0,0.315,2.0,6.3571,False,DOWN,False,1.416,0.75,False,False,False,True,True,True,2,1,0.333,0.629,2.0,4B_TRAP,False,True,12.36,0.65,0.89,-1.294,-1.375,6.357,-1.258
2026-08-24T11:00:00,CRUDEOIL,2026-08-24,oos,TREND_DOWN,TRENDING,LONG,1.0,0.625,0.375,0.0,1.217,8211.0,-6.0,-0.73,6.0,8.2143,True,UP,True,0.365,0.188,False,False,False,True,True,True,4,1,0.25,0.487,0.667,4B_TRAP,False,True,10.48,0.57,1.431,-2.195,-2.29,8.214,-2.922
2026-08-24T11:25:00,CRUDEOIL,2026-08-24,oos,TREND_DOWN,OPENING_DRIVE,SHORT,0.931,0.9091,0.0909,0.0,1.186,8212.0,8.0,0.949,8.0,8.4286,True,DOWN,True,1.424,1.091,True,True,True,False,False,False,1,,0.0,0.0,0.0,4A_CONT,True,False,11.33,0.12,3.177,-0.53,2.912,8.429,2.881
2026-08-24T11:30:00,CRUDEOIL,2026-08-24,oos,TREND_DOWN,TRENDING,SHORT,0.9667,0.5833,0.4167,0.0,0.824,8201.0,3.0,0.353,3.0,8.5,False,UP,False,1.882,1.333,True,True,True,False,False,False,1,,0.0,0.0,0.0,4A_CONT,False,False,12.36,0.24,3.398,0.0,2.919,8.5,2.882
2026-08-24T11:40:00,CRUDEOIL,2026-08-24,oos,TREND_DOWN,TRENDING,SHORT,0.9375,1.0,0.0,0.0,1.309,8182.0,3.0,0.302,3.0,9.9286,False,UP,False,0.806,0.615,True,True,False,False,False,True,1,3,0.615,0.806,2.667,4B_TRAP,False,True,13.39,,0.597,-1.046,-1.12,9.929,-1.511
2026-08-24T11:55:00,CRUDEOIL,2026-08-24,oos,TREND_DOWN,TRENDING,LONG,0.9429,0.7857,0.2143,0.0,1.055,8186.0,4.0,0.384,4.0,10.4286,False,DOWN,False,2.205,1.643,False,False,False,True,True,True,,1,0.857,1.151,3.0,4B_TRAP,False,True,11.42,1.98,0.438,-1.576,-1.664,10.429,-1.822
2026-08-24T12:00:00,CRUDEOIL,2026-08-24,oos,TREND_DOWN,TRENDING,SHORT,1.0,0.7826,0.0,0.2174,1.565,8179.0,2.0,0.174,2.0,11.5,True,DOWN,True,0.522,0.261,True,True,False,False,False,True,1,3,0.174,0.348,2.0,4B_TRAP,True,True,18.69,0.32,1.177,-1.926,-1.98,11.5,-3.217
2026-08-24T12:55:00,CRUDEOIL,2026-08-24,oos,TREND_DOWN,TRENDING,LONG,0.9348,1.0,0.0,0.0,1.298,8173.0,9.0,0.834,9.0,10.7857,False,DOWN,False,1.947,1.5,False,False,False,True,True,True,2,1,0.643,0.834,1.0,4B_TRAP,False,True,14.42,2.63,0.0,-1.595,-1.664,10.786,-2.225
2026-08-24T13:00:00,CRUDEOIL,2026-08-24,oos,TREND_DOWN,TRENDING,SHORT,0.9787,0.7619,0.0,0.2381,1.341,8160.0,-4.0,-0.335,4.0,11.9286,False,UP,False,1.76,1.0,False,False,False,True,True,True,,1,2.857,5.03,15.0,4B_TRAP,False,True,16.63,0.24,0.421,-2.946,-3.007,11.929,-1.257
2026-08-24T13:10:00,CRUDEOIL,2026-08-24,oos,TREND_DOWN,TRENDING,LONG,1.0,0.7429,0.2571,0.0,1.957,8182.0,22.0,1.656,22.0,13.2857,True,UP,True,1.882,0.714,True,True,True,False,False,False,1,,0.0,0.0,0.0,4B_TRAP,True,False,27.05,0.59,0.628,-1.368,-1.405,13.286,-1.355
2026-08-24T13:15:00,CRUDEOIL,2026-08-24,oos,TREND_DOWN,FAILED_BREAKDOWN,LONG,0.98,0.92,0.0,0.08,1.571,8219.91,0.09,0.006,0.09,14.6429,False,DOWN,False,1.093,0.64,False,False,False,True,True,True,,1,1.316,2.248,365.667,4B_TRAP,False,True,25.75,0.08,0.0,-1.282,-1.32,14.643,-2.322
2026-08-24T13:20:00,CRUDEOIL,2026-08-24,oos,TREND_DOWN,FAILED_BREAKDOWN,SHORT,0.902,1.0,0.0,0.0,0.974,8195.0,8.0,0.487,8.0,16.4286,False,UP,False,0.67,0.688,False,False,False,True,True,True,2,1,1.062,1.035,2.125,4B_TRAP,False,True,16.48,0.29,0.0,-1.274,-1.335,16.429,-1.339
2026-08-24T13:30:00,CRUDEOIL,2026-08-24,oos,TREND_DOWN,FAILED_BREAKDOWN,SHORT,0.9623,0.8696,0.0,0.1304,1.098,8187.0,-2.0,-0.11,2.0,18.2143,False,UP,False,0.769,0.609,False,False,False,True,True,True,,1,1.087,1.373,12.5,4B_TRAP,False,True,20.69,0.1,0.0,-1.112,-1.16,18.214,-1.318
2026-08-24T13:40:00,CRUDEOIL,2026-08-24,oos,TREND_DOWN,FAILED_BREAKDOWN,SHORT,0.9818,0.6,0.4,0.0,0.734,8198.0,2.0,0.098,2.0,20.4286,True,DOWN,True,1.175,0.96,True,False,False,False,True,True,1,2,0.36,0.441,4.5,4B_TRAP,False,True,25.75,0.39,2.524,-1.087,-1.126,20.429,-1.175
2026-08-24T13:45:00,CRUDEOIL,2026-08-24,oos,TREND_DOWN,FAILED_BREAKOUT,SHORT,0.9464,0.8333,0.1667,0.0,0.94,8196.0,8.0,0.376,8.0,21.2857,False,UP,False,0.611,0.542,False,False,False,True,True,True,4,1,0.458,0.517,1.375,4B_TRAP,False,True,24.72,0.08,0.0,-1.254,-1.294,21.286,-1.503
2026-08-24T14:15:00,CRUDEOIL,2026-08-24,oos,TREND_DOWN,TRENDING,SHORT,0.9839,0.5,0.3462,0.1538,0.562,8155.0,-1.0,-0.043,1.0,23.1429,True,DOWN,True,0.648,0.577,False,False,False,False,False,False,1,,0.0,0.0,0.0,4B_TRAP,False,False,22.78,0.04,1.097,-1.229,-1.273,23.143,-1.253
2026-08-24T14:45:00,CRUDEOIL,2026-08-24,oos,TREND_DOWN,TRENDING,LONG,0.9853,0.931,0.0,0.069,1.432,8158.0,26.0,1.379,26.0,18.8571,True,UP,True,0.53,0.345,True,True,True,False,False,False,1,,0.0,0.0,0.0,4B_TRAP,True,False,29.87,1.18,0.368,-1.004,-1.038,18.857,-1.432
2026-08-24T15:15:00,CRUDEOIL,2026-08-24,oos,TREND_DOWN,FAILED_BREAKOUT,SHORT,0.9595,0.76,0.0,0.24,1.086,8158.0,-2.0,-0.114,2.0,17.5,True,DOWN,True,0.571,0.4,False,False,False,False,False,True,4,1,0.4,0.571,5.0,4B_TRAP,False,True,19.75,0.1,1.114,-1.114,-1.165,17.5,-1.314
2026-08-24T16:30:00,CRUDEOIL,2026-08-24,oos,TREND_DOWN,FAILED_BREAKOUT,SHORT,0.9326,0.6667,0.0,0.3333,1.258,8165.0,-3.0,-0.236,3.0,12.7143,False,UP,False,0.157,0.083,False,False,False,True,True,True,,1,0.417,0.787,3.333,4B_TRAP,False,True,16.72,0.18,0.12,-1.256,-1.316,12.714,-1.73
2026-08-24T17:00:00,CRUDEOIL,2026-08-24,oos,TREND_DOWN,FAILED_BREAKOUT,SHORT,0.9789,0.75,0.25,0.0,1.607,8188.0,14.0,1.071,14.0,13.0714,True,DOWN,True,1.071,0.5,True,True,True,False,False,False,1,,0.0,0.0,0.0,4B_TRAP,True,False,28.84,0.14,0.693,-1.734,-1.768,13.071,-1.53
2026-08-24T18:00:00,CRUDEOIL,2026-08-24,oos,TREND_DOWN,FAILED_BREAKOUT,LONG,1.0,0.5909,0.2955,0.1136,1.784,8222.0,-11.0,-0.755,11.0,14.5714,True,UP,True,0.48,0.159,False,False,False,True,True,True,,1,0.545,1.647,2.182,4B_TRAP,False,True,32.32,0.13,0.743,-1.021,-1.052,14.571,-1.235
2026-08-24T18:55:00,CRUDEOIL,2026-08-24,oos,TREND_DOWN,FAILED_BREAKDOWN,LONG,0.9746,0.6071,0.0,0.3929,0.878,8215.28,7.72,0.399,7.72,19.3571,True,UP,True,0.723,0.5,True,True,False,False,False,True,1,3,0.189,0.273,0.684,4B_TRAP,True,True,28.84,0.03,0.416,-1.422,-1.456,19.357,-1.446
2026-08-24T19:20:00,CRUDEOIL,2026-08-24,oos,TREND_DOWN,FAILED_BREAKDOWN,SHORT,0.9919,0.8684,0.0,0.1316,1.638,8195.0,8.0,0.397,8.0,20.1429,False,UP,False,0.794,0.421,False,False,False,False,True,True,3,1,0.211,0.397,1.0,4A_CONT,False,False,34.14,0.53,2.402,-0.615,1.64,20.143,-1.092
2026-08-24T19:55:00,CRUDEOIL,2026-08-24,oos,TREND_DOWN,TRENDING,SHORT,0.9769,0.7576,0.0,0.2424,1.174,8167.0,26.0,1.221,26.0,21.2857,False,UP,False,0.517,0.333,True,True,False,False,False,True,1,3,0.152,0.235,0.192,4B_TRAP,False,True,25.99,0.38,0.0,-1.193,-1.231,21.286,-1.503
2026-08-24T20:55:00,CRUDEOIL,2026-08-24,oos,TREND_DOWN,TRENDING,SHORT,1.0,1.0,0.0,0.0,2.758,8131.0,22.0,1.167,22.0,18.8571,False,UP,False,1.008,0.365,True,True,False,False,False,True,1,3,0.038,0.106,0.091,4B_TRAP,False,True,53.56,,0.075,-1.12,-1.139,18.857,-1.379
2026-08-24T22:35:00,CRUDEOIL,2026-08-24,oos,TREND_DOWN,FAILED_BREAKOUT,LONG,0.9752,0.0303,0.3333,0.6364,0.065,8165.0,-7.0,-0.458,7.0,15.2857,False,DOWN,False,1.047,0.485,False,False,False,True,True,True,,1,1.03,2.224,4.857,4B_TRAP,False,True,22.99,1.17,0.0,-1.174,-1.218,15.286,-1.439
2026-08-24T22:45:00,CRUDEOIL,2026-08-24,oos,TREND_DOWN,TRENDING,SHORT,0.9141,0.1667,0.8333,0.0,0.238,8136.0,5.0,0.298,5.0,16.7857,False,UP,False,0.357,0.25,False,False,False,True,True,True,,1,0.75,1.072,3.6,4X_AMBIG,False,False,24.72,1.05,0.283,-0.971,0.0,16.786,-1.43
2026-08-25T10:10:00,CRUDEOIL,2026-08-25,HOLDOUT,TREND_DOWN,OPENING_DRIVE,SHORT,1.0,0.5455,0.0,0.4545,0.955,8162.0,7.0,1.114,7.0,6.2857,True,DOWN,True,0.477,0.273,True,True,True,False,False,False,1,,0.0,0.0,0.0,4A_CONT,False,False,6.33,,3.002,-0.316,2.842,6.286,2.841
2026-08-25T11:00:00,CRUDEOIL,2026-08-25,HOLDOUT,TREND_DOWN,TRENDING,LONG,1.0,0.375,0.0,0.625,0.894,8144.0,2.0,0.298,2.0,6.7143,False,DOWN,False,1.191,0.5,True,False,False,False,True,True,1,2,1.75,4.17,14.0,4B_TRAP,False,True,16.48,0.55,0.425,-1.82,-1.881,6.714,-4.617
2026-08-25T11:15:00,CRUDEOIL,2026-08-25,HOLDOUT,TREND_DOWN,TRENDING,SHORT,1.0,0.8621,0.1379,0.0,2.8,8130.0,14.0,1.568,14.0,8.9286,True,DOWN,True,2.352,0.724,True,True,True,False,False,False,1,,0.0,0.0,0.0,4A_CONT,True,False,29.87,,3.247,-0.268,2.967,8.929,2.888
2026-08-25T11:20:00,CRUDEOIL,2026-08-25,HOLDOUT,TREND_DOWN,TRENDING,SHORT,0.9643,0.9048,0.0,0.0952,1.985,8116.0,11.0,1.149,11.0,9.5714,True,DOWN,True,2.403,1.095,True,True,True,False,False,False,1,,0.0,0.0,0.0,4A_CONT,True,False,19.63,,4.381,-0.408,2.949,9.571,2.896
2026-08-25T11:25:00,CRUDEOIL,2026-08-25,HOLDOUT,TREND_DOWN,TRENDING,SHORT,0.9655,0.4348,0.0,0.5652,0.903,8103.0,9.0,0.813,9.0,11.0714,True,DOWN,True,1.987,0.957,True,True,True,False,False,False,1,,0.0,0.0,0.0,4B_TRAP,False,False,10.69,,2.9,-1.216,-1.31,11.071,-1.265
2026-08-25T11:30:00,CRUDEOIL,2026-08-25,HOLDOUT,TREND_DOWN,TRENDING,SHORT,0.9333,0.5455,0.0,0.4545,0.966,8081.0,-5.0,-0.402,5.0,12.4286,True,DOWN,True,1.126,0.636,False,False,False,False,False,False,1,,0.0,0.0,0.0,4B_TRAP,False,False,12.66,0.39,1.817,-1.659,-1.738,12.429,-1.77
2026-08-25T12:05:00,CRUDEOIL,2026-08-25,HOLDOUT,TREND_DOWN,TRENDING,LONG,0.973,1.0,0.0,0.0,1.658,8083.0,24.0,1.474,24.0,16.2857,False,DOWN,False,0.737,0.444,True,True,False,False,False,True,1,3,0.519,0.86,0.583,4B_TRAP,False,True,27.81,3.12,0.0,-1.366,-1.402,16.286,-1.105
2026-08-25T12:20:00,CRUDEOIL,2026-08-25,HOLDOUT,TREND_DOWN,TRENDING,SHORT,1.0,1.0,0.0,0.0,1.592,8098.0,29.0,1.592,29.0,18.2143,False,UP,False,0.439,0.276,True,True,True,False,False,False,1,,0.0,0.0,0.0,4B_TRAP,False,False,29.87,0.2,0.201,-1.105,-1.138,18.214,-1.373
2026-08-25T13:50:00,CRUDEOIL,2026-08-25,HOLDOUT,TREND_DOWN,TRENDING,SHORT,1.0,1.0,0.0,0.0,4.648,8063.0,44.0,2.494,44.0,17.6429,False,UP,False,1.814,0.39,True,True,True,False,False,False,1,,0.0,0.0,0.0,4A_CONT,False,False,84.46,,2.794,-0.284,2.19,17.643,-1.417
2026-08-25T14:00:00,CRUDEOIL,2026-08-25,HOLDOUT,TREND_DOWN,TRENDING,SHORT,0.9167,0.3333,0.6667,0.0,0.413,8079.0,60.0,3.1,60.0,19.3571,False,UP,False,0.93,0.75,True,True,True,False,False,False,1,,0.0,0.0,0.0,4A_CONT,False,False,24.72,0.77,3.519,0.0,2.96,19.357,2.948
2026-08-25T14:25:00,CRUDEOIL,2026-08-25,HOLDOUT,TREND_DOWN,TRENDING,SHORT,0.9692,0.6552,0.0,0.3448,0.847,7965.0,23.0,1.025,23.0,22.4286,False,UP,False,0.446,0.345,True,True,True,False,False,False,1,,0.0,0.0,0.0,4A_CONT,False,False,19.87,,3.221,-0.201,2.95,22.429,2.955
2026-08-25T14:45:00,CRUDEOIL,2026-08-25,HOLDOUT,TREND_DOWN,TRENDING,LONG,0.913,0.4,0.0,0.6,0.423,7923.0,-8.0,-0.338,8.0,23.6429,False,DOWN,False,0.677,0.64,False,False,False,True,True,True,,1,1.8,1.903,5.625,4B_TRAP,False,True,15.75,8.13,0.0,-1.206,-1.27,23.643,-1.607
2026-08-25T15:00:00,CRUDEOIL,2026-08-25,HOLDOUT,TREND_DOWN,TRENDING,SHORT,0.9861,1.0,0.0,0.0,1.587,7896.0,18.0,0.84,18.0,21.4286,True,DOWN,True,0.7,0.441,True,True,True,False,False,False,1,,0.0,0.0,0.0,4A_CONT,True,False,35.02,,2.713,-0.657,1.256,21.429,-1.12
2026-08-25T15:30:00,CRUDEOIL,2026-08-25,HOLDOUT,TREND_DOWN,TRENDING,LONG,0.9744,1.0,0.0,0.0,1.65,7855.0,25.0,1.25,25.0,20.0,False,DOWN,False,0.7,0.424,True,True,True,False,False,False,1,,0.0,0.0,0.0,4B_TRAP,False,False,33.99,0.94,0.441,-1.677,-1.706,20.0,-1.35
2026-08-25T16:10:00,CRUDEOIL,2026-08-25,HOLDOUT,TREND_DOWN,TRENDING,LONG,0.9186,1.0,0.0,0.0,1.718,7877.0,12.0,0.764,12.0,15.7143,False,DOWN,False,0.318,0.185,True,True,True,False,False,False,1,4,0.0,0.0,0.0,4B_TRAP,False,False,27.81,0.14,0.216,-1.259,-1.294,15.714,-1.4
2026-08-25T17:15:00,CRUDEOIL,2026-08-25,HOLDOUT,TREND_DOWN,TRENDING,SHORT,0.9091,1.0,0.0,0.0,1.691,7842.0,19.0,1.285,19.0,14.7857,False,UP,False,1.014,0.6,True,True,True,False,False,False,1,5,0.0,0.0,0.0,4B_TRAP,False,False,25.75,,0.155,-1.592,-1.631,14.786,-1.15
2026-08-25T17:40:00,CRUDEOIL,2026-08-25,HOLDOUT,TREND_DOWN,TRENDING,LONG,0.9904,0.9118,0.0294,0.0588,2.077,7840.0,23.0,1.541,23.0,14.9286,True,UP,True,0.804,0.353,True,True,True,False,False,False,1,,0.0,0.0,0.0,4B_TRAP,True,False,34.02,0.38,0.764,-1.264,-1.293,14.929,-1.206
2026-08-25T18:40:00,CRUDEOIL,2026-08-25,HOLDOUT,TREND_DOWN,TRENDING,SHORT,0.9138,0.6538,0.0769,0.2692,1.067,7822.92,-4.08,-0.256,4.08,15.9286,False,UP,False,1.57,0.962,False,False,False,True,True,True,,1,2.08,3.395,13.255,4B_TRAP,False,True,19.78,0.21,0.0,-1.567,-1.618,15.929,-2.009
2026-08-25T18:45:00,CRUDEOIL,2026-08-25,HOLDOUT,TREND_DOWN,TRENDING,LONG,0.906,1.0,0.0,0.0,1.434,7846.0,12.0,0.689,12.0,17.4286,True,UP,True,0.287,0.2,True,True,True,False,False,False,1,,0.0,0.0,0.0,4B_TRAP,True,False,25.75,0.12,1.67,-1.942,-1.981,17.429,-1.148
2026-08-25T19:30:00,CRUDEOIL,2026-08-25,HOLDOUT,TREND_DOWN,TRENDING,LONG,0.9921,0.5714,0.2286,0.2,1.162,7876.0,17.0,0.988,17.0,17.2143,False,DOWN,False,0.639,0.314,False,False,False,True,True,True,3,1,0.229,0.465,0.471,4B_TRAP,False,True,28.05,7.28,0.0,-1.141,-1.176,17.214,-1.394
2026-08-26T10:20:00,CRUDEOIL,2026-08-26,HOLDOUT,TREND_UP,OPENING_DRIVE,LONG,1.0,0.7857,0.2143,0.0,1.328,7677.0,5.0,0.603,5.0,8.2857,True,UP,True,1.569,0.929,True,True,True,False,False,False,1,,0.0,0.0,0.0,4A_CONT,True,False,11.42,,3.152,-0.263,2.912,8.286,2.879
2026-08-26T10:30:00,CRUDEOIL,2026-08-26,HOLDOUT,TREND_UP,TRENDING,SHORT,1.0,1.0,0.0,0.0,1.725,7685.0,6.0,0.609,6.0,9.8571,False,UP,False,0.406,0.235,False,False,False,True,True,True,,1,1.176,2.029,3.333,4B_TRAP,False,True,17.51,0.97,0.0,-1.542,-1.599,9.857,-1.623
2026-08-26T11:05:00,CRUDEOIL,2026-08-26,HOLDOUT,TREND_UP,TRENDING,LONG,0.96,0.6875,0.0,0.3125,1.069,7707.0,5.0,0.486,5.0,10.2857,True,UP,True,0.486,0.312,True,True,True,False,False,False,1,,0.0,0.0,0.0,4B_TRAP,True,False,16.48,0.06,0.546,-1.456,-1.517,10.286,-2.431
2026-08-26T12:05:00,CRUDEOIL,2026-08-26,HOLDOUT,TREND_UP,TRENDING,SHORT,1.0,0.913,0.087,0.0,2.028,7708.0,20.0,1.931,20.0,10.3571,True,DOWN,True,1.448,0.652,True,True,True,False,False,False,1,,0.0,0.0,0.0,4A_CONT,True,False,23.69,0.95,3.166,-0.338,2.958,10.357,2.903
2026-08-26T12:10:00,CRUDEOIL,2026-08-26,HOLDOUT,TREND_UP,FAILED_BREAKOUT,SHORT,0.9211,0.9333,0.0667,0.0,1.333,7688.0,17.0,1.619,17.0,10.5,False,UP,False,0.857,0.6,True,True,True,False,False,False,1,,0.0,0.0,0.0,4B_TRAP,False,False,15.45,0.36,0.324,-1.618,-1.683,10.5,-1.524
2026-08-26T12:30:00,CRUDEOIL,2026-08-26,HOLDOUT,TREND_UP,FAILED_BREAKOUT,SHORT,1.0,0.4815,0.4074,0.1111,1.117,7680.0,8.0,0.687,8.0,11.6429,True,DOWN,True,0.515,0.222,True,True,True,False,False,False,1,,0.0,0.0,0.0,4B_TRAP,False,False,24.81,0.2,2.701,-1.048,-1.088,11.643,2.914
2026-08-26T13:00:00,CRUDEOIL,2026-08-26,HOLDOUT,TREND_UP,FAILED_BREAKOUT,SHORT,0.9583,0.6818,0.3182,0.0,1.186,7648.0,3.0,0.237,3.0,12.6429,False,UP,False,1.266,0.727,False,False,False,True,True,True,2,1,0.545,0.949,4.0,4B_TRAP,False,True,22.66,,0.794,-1.677,-1.721,12.643,-1.266
2026-08-26T13:15:00,CRUDEOIL,2026-08-26,HOLDOUT,TREND_UP,FAILED_BREAKOUT,SHORT,0.9412,0.2105,0.4211,0.3684,0.301,7644.0,4.0,0.301,4.0,13.2857,False,UP,False,0.452,0.316,True,True,True,False,False,False,1,4,0.0,0.0,0.0,4B_TRAP,False,False,12.57,,1.034,-1.193,-1.273,13.286,-1.204
2026-08-26T13:50:00,CRUDEOIL,2026-08-26,HOLDOUT,TREND_UP,FAILED_BREAKOUT,LONG,0.9828,0.7083,0.2917,0.0,1.227,7672.0,4.0,0.289,4.0,13.8571,False,DOWN,False,1.01,0.583,False,False,False,True,True,True,,1,2.208,3.825,13.25,4B_TRAP,False,True,17.72,1.6,0.0,-3.555,-3.612,13.857,-1.155
2026-08-26T14:00:00,CRUDEOIL,2026-08-26,HOLDOUT,TREND_UP,FAILED_BREAKOUT,SHORT,1.0,0.7381,0.119,0.1429,1.786,7627.0,8.0,0.461,8.0,17.3571,False,UP,False,0.979,0.405,False,False,False,False,True,True,3,1,0.143,0.346,0.75,4B_TRAP,False,True,37.26,,0.376,-1.074,-1.1,17.357,-1.786
2026-08-26T14:15:00,CRUDEOIL,2026-08-26,HOLDOUT,TREND_UP,FAILED_BREAKOUT,SHORT,0.9048,0.3333,0.5556,0.1111,0.343,7644.93,24.93,1.425,24.93,17.5,False,UP,False,0.686,0.667,True,True,True,False,False,False,1,,0.0,0.0,0.0,4B_TRAP,False,False,16.54,0.48,0.907,-1.753,-1.814,17.5,-1.714
2026-08-26T15:00:00,CRUDEOIL,2026-08-26,HOLDOUT,TREND_UP,FAILED_BREAKOUT,SHORT,0.9722,0.6923,0.2692,0.0385,0.955,7635.0,1.0,0.053,1.0,18.8571,False,UP,False,0.53,0.385,False,False,False,False,False,False,2,1,0.0,0.0,0.0,4B_TRAP,False,False,25.78,1.12,0.427,-1.164,-1.202,18.857,-1.167
2026-08-26T15:45:00,CRUDEOIL,2026-08-26,HOLDOUT,TREND_UP,FAILED_BREAKOUT,LONG,0.9136,0.1905,0.0952,0.7143,0.267,7655.0,0.0,0.0,0.0,15.0,False,DOWN,False,1.333,0.952,False,False,False,True,True,True,,1,0.524,0.733,11000000000.0,4A_CONT,False,False,19.63,1.33,4.279,-0.56,2.949,15.0,2.933
2026-08-26T18:20:00,CRUDEOIL,2026-08-26,HOLDOUT,TREND_UP,FAILED_BREAKOUT,LONG,0.9911,1.0,0.0,0.0,2.847,7693.21,0.79,0.062,0.79,12.6429,True,UP,True,1.028,0.361,True,False,False,False,True,True,1,2,0.006,0.017,0.266,4A_CONT,False,False,37.08,0.73,3.263,-0.135,2.973,12.643,2.921
2026-08-26T18:35:00,CRUDEOIL,2026-08-26,HOLDOUT,TREND_UP,FAILED_BREAKDOWN,LONG,0.9913,1.0,0.0,0.0,2.534,7721.0,18.0,1.14,18.0,15.7857,False,DOWN,False,1.014,0.4,True,False,False,False,True,True,1,2,0.375,0.95,0.833,4A_CONT,False,False,41.2,,3.301,-0.801,2.976,15.786,-1.33
2026-08-26T18:45:00,CRUDEOIL,2026-08-26,HOLDOUT,TREND_UP,FAILED_BREAKDOWN,SHORT,0.9402,0.5909,0.4091,0.0,0.755,7719.0,13.0,0.755,13.0,17.2143,True,DOWN,True,0.232,0.182,True,True,False,False,False,True,1,3,0.955,1.22,1.615,4B_TRAP,True,True,22.66,2.25,0.0,-1.5,-1.545,17.214,-2.033
2026-08-26T19:00:00,CRUDEOIL,2026-08-26,HOLDOUT,TREND_UP,FAILED_BREAKDOWN,LONG,0.975,1.0,0.0,0.0,1.689,7739.0,1.0,0.054,1.0,18.3571,True,UP,True,0.436,0.258,True,True,True,False,False,False,1,,0.0,0.0,0.0,4A_CONT,True,False,31.93,,3.194,0.0,2.969,18.357,2.946
2026-08-26T19:15:00,CRUDEOIL,2026-08-26,HOLDOUT,TREND_UP,TRENDING,LONG,0.9675,1.0,0.0,0.0,1.395,7767.0,25.0,1.246,25.0,20.0714,False,DOWN,False,0.897,0.643,True,True,True,False,False,False,1,,0.0,0.0,0.0,4A_CONT,False,False,28.84,,3.121,-0.728,2.965,20.071,-1.096
2026-08-26T20:15:00,CRUDEOIL,2026-08-26,HOLDOUT,TREND_UP,TRENDING,LONG,0.9037,0.35,0.4,0.25,0.508,7815.0,3.0,0.218,3.0,13.7857,False,DOWN,False,0.798,0.55,True,True,True,False,False,False,1,,0.0,0.0,0.0,4A_CONT,False,False,12.6,,3.175,-0.873,2.921,13.786,2.927
2026-08-26T20:40:00,CRUDEOIL,2026-08-26,HOLDOUT,TREND_UP,TRENDING,LONG,0.9143,1.0,0.0,0.0,1.67,7833.0,9.0,0.716,9.0,12.5714,False,DOWN,False,1.193,0.714,True,True,True,False,False,False,1,,0.0,0.0,0.0,4A_CONT,False,False,21.63,,3.236,0.0,2.954,12.571,2.92
2026-08-26T20:55:00,CRUDEOIL,2026-08-26,HOLDOUT,TREND_UP,TRENDING,LONG,0.9021,0.6,0.4,0.0,0.898,7859.0,8.0,0.599,8.0,13.3571,True,UP,True,0.973,0.65,True,True,True,False,False,False,1,,0.0,0.0,0.0,4A_CONT,True,False,12.6,,3.571,-0.952,2.921,13.357,2.925
2026-08-26T21:05:00,CRUDEOIL,2026-08-26,HOLDOUT,TREND_UP,TRENDING,SHORT,0.9172,1.0,0.0,0.0,1.5,7865.0,4.0,0.286,4.0,14.0,False,UP,False,0.786,0.524,True,True,False,False,False,True,1,3,2.238,3.357,11.75,4B_TRAP,False,True,21.63,1.85,0.277,-2.358,-2.404,14.0,-3.714
2026-08-26T21:20:00,CRUDEOIL,2026-08-26,HOLDOUT,TREND_UP,TRENDING,LONG,1.0,1.0,0.0,0.0,2.545,7882.0,30.0,1.736,30.0,17.2857,False,DOWN,False,1.041,0.409,True,True,True,False,False,False,1,,0.0,0.0,0.0,4X_AMBIG,False,False,45.32,,1.103,-0.53,-0.53,17.286,-1.157
2026-08-26T21:45:00,CRUDEOIL,2026-08-26,HOLDOUT,TREND_UP,TRENDING,LONG,0.9739,0.8485,0.1515,0.0,1.457,7925.0,23.0,1.197,23.0,19.2143,True,UP,True,0.52,0.303,True,True,True,False,False,False,1,,0.0,0.0,0.0,4B_TRAP,True,False,28.99,,0.483,-1.138,-1.173,19.214,-1.249
2026-08-26T21:55:00,CRUDEOIL,2026-08-26,HOLDOUT,TREND_UP,TRENDING,SHORT,0.9419,0.8,0.0,0.2,1.049,7944.0,2.0,0.105,2.0,19.0714,False,UP,False,0.734,0.56,False,False,False,True,True,True,4,1,0.32,0.419,4.0,4A_CONT,False,False,20.75,4.19,2.602,-0.482,2.602,19.071,2.831
2026-08-27T11:25:00,CRUDEOIL,2026-08-27,HOLDOUT,TREND_UP,TRENDING,SHORT,1.0,1.0,0.0,0.0,2.486,7793.0,1.0,0.131,1.0,7.6429,False,UP,False,1.178,0.474,False,False,False,True,True,True,2,1,0.263,0.654,5.0,4A_CONT,False,False,19.57,,3.424,-0.358,2.949,7.643,2.869
2026-08-27T12:05:00,CRUDEOIL,2026-08-27,HOLDOUT,TREND_UP,TRENDING,SHORT,1.0,1.0,0.0,0.0,2.11,7783.0,23.0,2.205,23.0,10.4286,False,UP,False,0.575,0.273,True,True,True,False,False,False,1,,0.0,0.0,0.0,4B_TRAP,False,False,22.66,,1.545,-1.28,-1.324,10.429,-1.534
2026-08-27T12:30:00,CRUDEOIL,2026-08-27,HOLDOUT,TREND_UP,TRENDING,SHORT,0.9524,1.0,0.0,0.0,1.605,7755.0,19.0,1.694,19.0,11.2143,True,DOWN,True,0.803,0.5,True,True,True,False,False,False,1,5,0.0,0.0,0.0,4B_TRAP,True,False,18.54,,0.593,-1.51,-1.564,11.214,-2.586
2026-08-27T12:55:00,CRUDEOIL,2026-08-27,HOLDOUT,TREND_UP,TRENDING,LONG,0.9362,0.5625,0.4375,0.0,0.764,7747.0,10.0,0.848,10.0,11.7857,False,DOWN,False,0.848,0.625,True,True,True,False,False,False,1,,0.0,0.0,0.0,4A_CONT,False,False,9.48,8.63,3.376,-0.105,2.895,11.786,2.915
2026-08-27T13:05:00,CRUDEOIL,2026-08-27,HOLDOUT,TREND_UP,TRENDING,LONG,0.9796,1.0,0.0,0.0,1.624,7767.0,13.0,1.006,13.0,12.9286,False,DOWN,False,0.928,0.571,False,False,False,True,True,True,4,1,0.476,0.773,0.769,4B_TRAP,False,True,21.63,2.72,0.0,-1.11,-1.156,12.929,-1.624
2026-08-27T13:25:00,CRUDEOIL,2026-08-27,HOLDOUT,TREND_UP,TRENDING,LONG,1.0,1.0,0.0,0.0,2.082,7780.0,9.0,0.646,9.0,13.9286,False,DOWN,False,0.862,0.414,True,True,True,False,False,False,1,,0.0,0.0,0.0,4A_CONT,False,False,29.87,1.67,3.716,-0.469,2.967,13.929,-1.077
2026-08-27T13:40:00,CRUDEOIL,2026-08-27,HOLDOUT,TREND_UP,FAILED_BREAKOUT,LONG,0.9107,0.0,0.0,1.0,0.0,7788.0,4.0,0.29,4.0,13.7857,False,DOWN,False,1.016,0.824,True,True,True,False,False,False,1,,0.0,0.0,0.0,4A_CONT,False,False,17.51,0.17,3.198,-0.228,2.943,13.786,2.927
2026-08-27T14:15:00,CRUDEOIL,2026-08-27,HOLDOUT,TREND_UP,FAILED_BREAKDOWN,SHORT,0.9524,0.5789,0.0,0.4211,0.737,7805.0,-7.0,-0.469,7.0,14.9286,False,UP,False,1.072,0.842,False,False,False,True,True,True,,1,2.053,2.612,5.571,4B_TRAP,False,True,11.57,0.61,0.778,-1.642,-1.729,14.929,-1.34
2026-08-27T14:40:00,CRUDEOIL,2026-08-27,HOLDOUT,TREND_UP,FAILED_BREAKDOWN,LONG,0.9853,1.0,0.0,0.0,1.453,7852.0,13.0,0.858,13.0,15.1429,True,UP,True,0.594,0.409,True,True,True,False,False,False,1,,0.0,0.0,0.0,4A_CONT,True,False,22.66,,3.089,-0.706,2.956,15.143,-1.123
2026-08-27T14:50:00,CRUDEOIL,2026-08-27,HOLDOUT,TREND_UP,FAILED_BREAKDOWN,SHORT,0.9571,0.8095,0.0,0.1905,1.102,7863.0,8.0,0.519,8.0,15.4286,False,UP,False,0.519,0.381,True,True,True,False,False,False,1,,0.0,0.0,0.0,4B_TRAP,False,False,17.63,2.95,0.34,-1.021,-1.078,15.429,-1.231
2026-08-27T16:10:00,CRUDEOIL,2026-08-27,HOLDOUT,TREND_UP,FAILED_BREAKDOWN,SHORT,0.9884,1.0,0.0,0.0,2.035,7868.0,1.0,0.081,1.0,12.2857,False,UP,False,0.733,0.36,False,False,False,True,True,True,,1,0.76,1.547,19.0,4B_TRAP,False,True,25.75,4.17,0.233,-1.01,-1.049,12.286,-2.116
2026-08-27T16:20:00,CRUDEOIL,2026-08-27,HOLDOUT,TREND_UP,FAILED_BREAKDOWN,LONG,0.9545,0.7619,0.2381,0.0,1.167,7870.0,17.0,1.24,17.0,13.7143,False,DOWN,False,0.656,0.429,True,True,True,False,False,False,1,,0.0,0.0,0.0,4B_TRAP,False,False,16.63,0.48,0.541,-1.263,-1.323,13.714,-1.094
2026-08-27T16:30:00,CRUDEOIL,2026-08-27,HOLDOUT,TREND_UP,FAILED_BREAKDOWN,LONG,0.9222,0.7895,0.2105,0.0,1.01,7892.0,-4.0,-0.269,4.0,14.8571,True,UP,True,0.538,0.421,False,False,False,True,True,True,,1,1.053,1.346,5.0,4B_TRAP,False,True,15.57,0.26,0.257,-1.028,-1.092,14.857,-1.144
2026-08-27T16:40:00,CRUDEOIL,2026-08-27,HOLDOUT,TREND_UP,FAILED_BREAKDOWN,SHORT,0.9239,0.7895,0.2105,0.0,1.082,7873.0,1.0,0.072,1.0,13.8571,False,UP,False,0.433,0.316,False,False,False,True,True,True,,1,0.789,1.082,15.0,4B_TRAP,False,True,19.57,5.93,0.051,-1.073,-1.124,13.857,-1.588
2026-08-27T17:05:00,CRUDEOIL,2026-08-27,HOLDOUT,TREND_UP,FAILED_BREAKDOWN,LONG,0.9794,0.7727,0.2273,0.0,1.107,7896.0,-4.0,-0.26,4.0,15.3571,True,UP,True,0.456,0.318,False,False,False,True,True,True,2,1,0.182,0.26,1.0,4B_TRAP,False,True,17.66,0.23,0.906,-1.359,-1.416,15.357,-1.628
2026-08-27T17:55:00,CRUDEOIL,2026-08-27,HOLDOUT,TREND_UP,FAILED_BREAKDOWN,LONG,0.9907,0.5385,0.0,0.4615,0.951,7886.0,8.0,0.544,8.0,14.7143,False,DOWN,False,0.34,0.192,True,True,True,False,False,False,1,,0.0,0.0,0.0,4B_TRAP,False,False,26.78,0.22,1.942,-1.046,-1.083,14.714,2.932
2026-08-27T18:15:00,CRUDEOIL,2026-08-27,HOLDOUT,TREND_UP,FAILED_BREAKDOWN,LONG,0.9189,0.9,0.1,0.0,1.362,7908.0,-1.0,-0.076,1.0,13.2143,True,UP,True,1.059,0.7,False,False,False,False,True,True,1,2,0.35,0.53,7.0,4B_TRAP,False,True,18.6,0.05,0.86,-1.29,-1.344,13.214,-1.362
2026-08-27T18:30:00,CRUDEOIL,2026-08-27,HOLDOUT,TREND_UP,FAILED_BREAKDOWN,SHORT,0.9825,0.64,0.0,0.36,1.018,7898.0,-6.0,-0.382,6.0,15.7143,True,DOWN,True,1.273,0.8,False,False,False,False,False,True,1,3,0.16,0.255,0.667,4B_TRAP,False,True,16.75,1.25,1.254,-1.075,-1.134,15.714,-1.209
2026-08-27T18:35:00,CRUDEOIL,2026-08-27,HOLDOUT,TREND_UP,FAILED_BREAKDOWN,SHORT,0.913,1.0,0.0,0.0,1.239,7895.0,5.0,0.31,5.0,16.1429,False,UP,False,0.681,0.55,False,False,False,True,True,True,4,1,0.45,0.558,1.8,4B_TRAP,False,True,20.6,0.34,0.34,-1.553,-1.602,16.143,-1.115
2026-08-27T19:00:00,CRUDEOIL,2026-08-27,HOLDOUT,TREND_UP,FAILED_BREAKDOWN,LONG,0.9667,0.9545,0.0,0.0455,1.171,7907.0,15.0,0.837,15.0,17.9286,False,DOWN,False,0.614,0.5,True,True,False,False,False,True,1,3,0.136,0.167,0.2,4B_TRAP,False,True,22.66,0.04,1.059,-1.324,-1.368,17.929,-1.06
2026-08-27T20:15:00,CRUDEOIL,2026-08-27,HOLDOUT,TREND_UP,FAILED_BREAKOUT,LONG,0.9037,0.1579,0.5789,0.2632,0.202,7888.45,-8.45,-0.569,8.45,14.8571,False,DOWN,False,1.144,0.895,False,False,False,True,True,True,,1,2.182,2.79,4.905,4B_TRAP,False,True,8.57,0.99,0.35,-1.634,-1.75,14.857,-2.288
2026-08-27T20:25:00,CRUDEOIL,2026-08-27,HOLDOUT,TREND_UP,FAILED_BREAKOUT,SHORT,0.9197,0.85,0.15,0.0,1.097,7866.0,19.0,1.226,19.0,15.5,True,DOWN,True,0.516,0.4,True,False,False,False,True,True,1,2,0.95,1.226,1.0,4B_TRAP,False,True,20.6,4.47,0.0,-1.456,-1.505,15.5,-2.0
2026-08-27T20:35:00,CRUDEOIL,2026-08-27,HOLDOUT,TREND_UP,FAILED_BREAKOUT,LONG,0.9424,1.0,0.0,0.0,1.349,7859.0,18.0,1.156,18.0,15.5714,True,UP,True,0.771,0.571,True,True,True,False,False,False,1,,0.0,0.0,0.0,4A_CONT,True,False,21.63,0.53,4.716,-0.37,2.954,15.571,2.936
2026-08-27T21:50:00,CRUDEOIL,2026-08-27,HOLDOUT,TREND_UP,FAILED_BREAKDOWN,LONG,0.974,0.8261,0.0,0.1739,1.511,7913.0,0.0,0.0,0.0,12.5714,False,DOWN,False,0.716,0.391,False,False,False,True,True,True,2,1,0.435,0.795,10000000000.0,4A_CONT,False,False,23.69,1.39,3.546,-0.464,2.958,12.571,2.92
2026-08-27T23:10:00,CRUDEOIL,2026-08-27,HOLDOUT,TREND_UP,FAILED_BREAKDOWN,LONG,0.9059,1.0,0.0,0.0,2.015,7931.0,4.0,0.424,4.0,9.4286,True,UP,True,3.076,1.526,True,True,True,False,False,False,1,,0.0,0.0,0.0,4A_CONT,True,False,19.57,0.56,3.168,0.0,2.949,9.429,2.894
2026-08-27T23:20:00,CRUDEOIL,2026-08-27,HOLDOUT,TREND_UP,FAILED_BREAKDOWN,LONG,1.0,1.0,0.0,0.0,3.664,7979.0,18.0,1.178,18.0,15.2857,True,UP,True,3.009,0.821,True,True,True,False,False,False,1,,0.0,0.0,0.0,4X_AMBIG,True,False,57.68,,0.659,-0.139,0.572,15.286,2.159
2026-08-28T10:00:00,CRUDEOIL,2026-08-28,HOLDOUT,CHOP,OPENING_DRIVE,LONG,1.0,0.8889,0.0,0.1111,1.651,7954.0,8.0,1.651,8.0,4.8462,True,UP,True,0.619,0.333,True,True,True,False,False,False,1,,0.0,0.0,0.0,4B_TRAP,True,False,9.27,0.11,1.51,-2.481,-2.589,4.846,-4.952
2026-08-28T10:10:00,CRUDEOIL,2026-08-28,HOLDOUT,CHOP,OPENING_DRIVE,LONG,0.9286,0.625,0.125,0.25,1.061,7965.0,3.0,0.636,3.0,4.7143,True,UP,True,0.636,0.375,True,True,True,False,False,False,1,,0.0,0.0,0.0,4B_TRAP,True,False,7.24,,1.105,-1.381,-1.519,4.714,-2.333
2026-08-28T10:30:00,CRUDEOIL,2026-08-28,HOLDOUT,CHOP,TRENDING,SHORT,1.0,0.5556,0.4444,0.0,1.045,7967.0,0.0,0.0,0.0,4.7857,False,UP,False,1.045,0.556,False,False,False,True,True,True,4,1,0.778,1.463,7000000000.0,4A_CONT,False,False,9.27,1.95,3.02,-0.755,2.892,4.786,-1.672
2026-08-28T11:00:00,CRUDEOIL,2026-08-28,HOLDOUT,CHOP,FAILED_BREAKOUT,SHORT,1.0,1.0,0.0,0.0,3.231,7947.0,8.0,1.231,8.0,6.5,True,DOWN,True,2.308,0.714,True,False,False,False,True,True,1,2,0.905,2.923,2.375,4B_TRAP,False,True,21.63,,0.416,-1.248,-1.294,6.5,-4.308
2026-08-28T11:05:00,CRUDEOIL,2026-08-28,HOLDOUT,CHOP,TRENDING,SHORT,0.96,1.0,0.0,0.0,2.019,7939.0,9.0,1.212,9.0,7.4286,False,UP,False,4.308,2.133,False,False,False,True,True,True,,1,1.8,3.635,3.0,4B_TRAP,False,True,15.45,,0.0,-2.33,-2.395,7.429,-4.981
2026-08-28T11:10:00,CRUDEOIL,2026-08-28,HOLDOUT,CHOP,TRENDING,LONG,1.0,1.0,0.0,0.0,3.42,7945.0,21.0,2.244,21.0,9.3571,True,UP,True,0.855,0.25,True,True,True,False,False,False,1,5,0.0,0.0,0.0,4B_TRAP,True,False,32.96,0.06,0.0,-1.092,-1.123,9.357,-1.389
2026-08-28T11:30:00,CRUDEOIL,2026-08-28,HOLDOUT,CHOP,FAILED_BREAKOUT,LONG,0.9,0.5833,0.4167,0.0,0.636,7966.0,-5.0,-0.455,5.0,11.0,False,DOWN,False,1.455,1.333,False,False,False,True,True,True,,1,2.667,2.909,6.4,4B_TRAP,False,True,7.36,0.68,0.0,-2.174,-2.31,11.0,-1.545
2026-08-28T11:35:00,CRUDEOIL,2026-08-28,HOLDOUT,CHOP,FAILED_BREAKOUT,SHORT,0.9355,1.0,0.0,0.0,1.358,7948.69,3.69,0.313,3.69,11.7857,False,UP,False,0.594,0.438,True,True,True,False,False,False,1,,0.0,0.0,0.0,4B_TRAP,False,False,16.48,0.91,1.578,-1.335,-1.396,11.786,-1.952
2026-08-28T12:35:00,CRUDEOIL,2026-08-28,HOLDOUT,CHOP,TRENDING,LONG,1.0,1.0,0.0,0.0,2.939,7936.0,31.0,2.398,31.0,12.9286,False,DOWN,False,1.702,0.579,True,True,True,False,False,False,1,4,0.0,0.0,0.0,4B_TRAP,False,False,39.14,0.16,0.0,-1.431,-1.456,12.929,-1.779
2026-08-28T12:40:00,CRUDEOIL,2026-08-28,HOLDOUT,CHOP,CHOP,SHORT,0.9545,1.0,0.0,0.0,1.613,7947.93,2.93,0.215,2.93,13.6429,False,UP,False,1.246,0.773,True,False,False,False,True,True,1,2,0.094,0.152,0.706,4B_TRAP,False,True,22.66,1.15,2.383,-1.103,-1.147,13.643,2.927
2026-08-28T12:45:00,CRUDEOIL,2026-08-28,HOLDOUT,CHOP,FAILED_BREAKOUT,SHORT,0.9111,0.2353,0.7647,0.0,0.292,7945.0,2.0,0.146,2.0,13.7143,False,UP,False,0.802,0.647,False,False,False,True,True,True,2,1,0.294,0.365,2.5,4A_CONT,False,False,13.51,1.78,3.701,-0.518,2.926,13.714,2.927
2026-08-28T13:10:00,CRUDEOIL,2026-08-28,HOLDOUT,CHOP,TRENDING,SHORT,0.92,0.6842,0.3158,0.0,0.847,7914.0,0.0,0.0,0.0,15.3571,False,UP,False,0.716,0.579,False,False,False,True,True,True,,1,0.632,0.781,12000000000.0,4B_TRAP,False,True,19.57,0.15,0.102,-1.022,-1.073,15.357,-1.302
2026-08-28T13:45:00,CRUDEOIL,2026-08-28,HOLDOUT,CHOP,TRENDING,LONG,0.9123,0.5882,0.4118,0.0,0.697,7934.0,9.0,0.627,9.0,14.3571,False,DOWN,False,0.975,0.824,False,False,False,True,True,True,2,1,0.941,1.114,1.778,4B_TRAP,False,True,10.51,2.04,0.0,-1.903,-1.998,14.357,-1.463
2026-08-28T14:00:00,CRUDEOIL,2026-08-28,HOLDOUT,CHOP,FAILED_BREAKOUT,SHORT,0.9833,0.8889,0.0,0.1111,2.123,7923.0,5.0,0.332,5.0,15.0714,True,DOWN,True,2.057,0.861,True,True,False,False,False,True,1,3,0.75,1.791,5.4,4B_TRAP,True,True,33.08,0.21,0.816,-1.209,-1.239,15.071,-2.19
2026-08-28T14:05:00,CRUDEOIL,2026-08-28,HOLDOUT,CHOP,TRENDING,SHORT,0.9508,0.9677,0.0,0.0323,1.892,7911.0,17.0,1.072,17.0,15.8571,False,UP,False,1.45,0.742,False,False,False,True,True,True,,1,1.258,2.459,2.294,4B_TRAP,False,True,30.93,,0.097,-1.811,-1.843,15.857,-1.324
2026-08-28T15:10:00,CRUDEOIL,2026-08-28,HOLDOUT,CHOP,FAILED_BREAKDOWN,SHORT,0.9189,1.0,0.0,0.0,1.061,7952.0,12.0,0.606,12.0,19.7857,False,UP,False,1.112,1.048,True,True,True,False,False,False,1,,0.0,0.0,0.0,4B_TRAP,False,False,21.63,0.24,0.878,-1.248,-1.294,19.786,-1.415
2026-08-28T15:30:00,CRUDEOIL,2026-08-28,HOLDOUT,CHOP,FAILED_BREAKOUT,SHORT,0.9487,0.625,0.375,0.0,0.864,7927.73,5.73,0.33,5.73,17.3571,False,UP,False,1.095,0.792,False,False,False,True,True,True,,1,0.803,1.11,3.363,4B_TRAP,False,True,24.72,1.25,0.04,-1.092,-1.133,17.357,-1.095
2026-08-28T17:40:00,CRUDEOIL,2026-08-28,HOLDOUT,CHOP,FAILED_BREAKOUT,SHORT,0.9038,0.65,0.35,0.0,1.213,7920.0,6.0,0.56,6.0,10.7143,False,UP,False,0.84,0.45,True,True,True,False,False,False,1,,0.0,0.0,0.0,4B_TRAP,False,False,20.6,1.12,2.379,-1.165,-1.214,10.714,2.907
2026-08-28T19:00:00,CRUDEOIL,2026-08-28,HOLDOUT,CHOP,TRENDING,LONG,0.9667,0.76,0.24,0.0,1.385,7899.0,-2.0,-0.146,2.0,13.7143,True,UP,True,0.948,0.52,False,False,False,False,False,False,1,4,0.0,0.0,0.0,4B_TRAP,False,False,19.75,0.1,0.759,-1.063,-1.114,13.714,-1.458
2026-08-28T19:40:00,CRUDEOIL,2026-08-28,HOLDOUT,CHOP,TRENDING,LONG,0.9766,1.0,0.0,0.0,1.938,7891.0,37.0,2.312,37.0,16.0,False,DOWN,False,1.062,0.548,True,True,True,False,False,False,1,,0.0,0.0,0.0,4A_CONT,False,False,31.93,1.25,2.631,-0.407,1.848,16.0,2.938
2026-08-28T20:30:00,CRUDEOIL,2026-08-28,HOLDOUT,CHOP,FAILED_BREAKOUT,LONG,0.942,0.8636,0.0,0.1364,1.22,7932.0,15.0,0.963,15.0,15.5714,False,DOWN,False,0.771,0.545,True,True,True,False,False,False,1,,0.0,0.0,0.0,4A_CONT,False,False,22.66,0.18,2.868,-0.662,1.765,15.571,2.936
2026-08-28T20:40:00,CRUDEOIL,2026-08-28,HOLDOUT,CHOP,FAILED_BREAKOUT,LONG,0.9643,0.7778,0.2222,0.0,1.267,7952.0,1.0,0.06,1.0,16.5714,True,UP,True,0.784,0.481,True,True,True,False,False,False,1,,0.0,0.0,0.0,4A_CONT,True,False,21.81,0.69,2.705,-0.779,1.559,16.571,-1.086
2026-08-28T22:35:00,CRUDEOIL,2026-08-28,HOLDOUT,CHOP,FAILED_BREAKDOWN,LONG,0.9448,0.4091,0.5909,0.0,0.712,7996.0,3.0,0.237,3.0,12.6429,False,DOWN,False,0.554,0.318,False,False,False,True,True,True,,1,0.727,1.266,5.333,4B_TRAP,False,True,9.66,,0.0,-1.242,-1.346,12.643,-1.977
2026-09-02T04:30:00Z,CRUDEOIL,2026-09-02,HOLDOUT,CHOP,OPENING_DRIVE,SHORT,1.0,0.4211,0.0,0.5789,0.615,8595.0,3.0,0.231,3.0,13.0,False,UP,False,0.692,0.474,False,False,False,False,False,True,2,1,0.053,0.077,0.333,4B_TRAP,False,True,8.57,,0.117,-1.05,-1.167,13.0,-1.462
2026-09-02T05:00:00Z,CRUDEOIL,2026-09-02,HOLDOUT,CHOP,OPENING_DRIVE,LONG,1.0,0.65,0.2,0.15,1.238,8598.0,8.0,0.762,8.0,10.5,True,UP,True,2.095,1.1,True,True,True,False,False,False,1,4,0.0,0.0,0.0,4B_TRAP,True,False,16.6,0.83,1.084,-1.205,-1.265,10.5,-1.619
2026-09-02T05:05:00Z,CRUDEOIL,2026-09-02,HOLDOUT,CHOP,OPENING_DRIVE,LONG,1.0,0.6364,0.3636,0.0,1.233,8621.0,-5.0,-0.44,5.0,11.3571,False,DOWN,False,1.321,0.682,False,False,False,True,True,True,,1,1.455,2.818,6.4,4B_TRAP,False,True,14.66,0.26,0.273,-1.774,-1.842,11.357,-2.377
2026-09-02T05:15:00Z,CRUDEOIL,2026-09-02,HOLDOUT,CHOP,OPENING_DRIVE,SHORT,0.9524,0.5,0.0,0.5,0.814,8597.57,-2.43,-0.198,2.43,12.2857,True,DOWN,True,1.221,0.75,False,False,False,False,True,True,1,2,0.122,0.198,1.0,4B_TRAP,False,True,10.6,0.23,1.321,-1.509,-1.604,12.286,-1.384
2026-09-02T06:10:00Z,CRUDEOIL,2026-09-02,HOLDOUT,CHOP,FAILED_BREAKDOWN,LONG,0.9688,0.4762,0.0476,0.4762,0.622,8618.0,5.0,0.311,5.0,16.0714,False,DOWN,False,0.809,0.619,False,False,False,True,True,True,3,1,0.381,0.498,1.6,4B_TRAP,False,True,20.63,0.1,0.339,-1.115,-1.163,16.071,-1.493
2026-09-02T06:25:00Z,CRUDEOIL,2026-09-02,HOLDOUT,CHOP,FAILED_BREAKOUT,LONG,1.0,0.6,0.0,0.4,1.145,8625.0,5.0,0.318,5.0,15.7143,False,DOWN,False,1.591,0.833,False,False,False,True,True,True,,1,0.8,1.527,4.8,4B_TRAP,False,True,30.9,,0.162,-1.392,-1.424,15.714,-1.336
2026-09-02T06:35:00Z,CRUDEOIL,2026-09-02,HOLDOUT,CHOP,FAILED_BREAKDOWN,SHORT,0.9459,0.5,0.5,0.0,0.694,8610.0,9.0,0.521,9.0,17.2857,False,UP,False,1.504,1.083,False,False,False,False,True,True,4,1,0.5,0.694,1.333,4A_CONT,False,False,24.72,0.04,3.034,-0.971,2.96,17.286,-1.215
2026-09-02T06:55:00Z,CRUDEOIL,2026-09-02,HOLDOUT,CHOP,FAILED_BREAKDOWN,SHORT,0.9024,0.8261,0.0,0.1739,1.031,8616.0,14.0,0.76,14.0,18.4286,True,DOWN,True,1.574,1.261,True,True,True,False,False,False,1,,0.0,0.0,0.0,4A_CONT,True,False,19.69,0.3,3.098,-0.406,2.949,18.429,2.946
2026-09-02T07:00:00Z,CRUDEOIL,2026-09-02,HOLDOUT,CHOP,FAILED_BREAKOUT,SHORT,0.9762,0.2414,0.3103,0.4483,0.364,8581.0,-13.0,-0.677,13.0,19.2143,True,DOWN,True,2.602,1.724,False,False,False,False,False,False,1,,0.0,0.0,0.0,4A_CONT,False,False,16.87,0.41,3.142,-0.178,2.941,19.214,2.948
2026-09-02T07:05:00Z,CRUDEOIL,2026-09-02,HOLDOUT,CHOP,FAILED_BREAKOUT,SHORT,1.0,0.96,0.0,0.04,2.189,8581.0,32.0,1.459,32.0,21.9286,False,UP,False,0.821,0.36,True,True,True,False,False,False,1,,0.0,0.0,0.0,4B_TRAP,False,False,49.5,,0.465,-1.01,-1.03,21.929,-1.094
2026-09-02T07:20:00Z,CRUDEOIL,2026-09-02,HOLDOUT,CHOP,FAILED_BREAKOUT,SHORT,0.9348,0.3077,0.4231,0.2692,0.357,8549.0,-1.0,-0.045,1.0,22.4286,False,UP,False,0.713,0.615,False,False,False,True,True,True,2,1,0.346,0.401,9.0,4B_TRAP,False,True,19.78,0.46,1.213,-1.112,-1.163,22.429,-1.516
2026-09-02T07:45:00Z,CRUDEOIL,2026-09-02,HOLDOUT,CHOP,TRENDING,LONG,0.9412,0.5,0.0714,0.4286,0.638,8546.0,9.0,0.41,9.0,21.9286,False,DOWN,False,0.593,0.464,True,True,False,False,False,True,1,3,0.321,0.41,1.0,4B_TRAP,False,True,26.84,0.11,1.975,-2.496,-2.534,21.929,-3.101
2026-09-02T08:15:00Z,CRUDEOIL,2026-09-02,HOLDOUT,CHOP,FAILED_BREAKOUT,LONG,0.9825,0.7576,0.0606,0.1818,1.296,8563.0,7.0,0.363,7.0,19.2857,True,UP,True,0.83,0.485,True,False,False,False,False,True,1,2,0.152,0.259,0.714,4B_TRAP,True,True,31.99,1.64,1.188,-2.563,-2.595,19.286,-1.296
2026-09-02T08:25:00Z,CRUDEOIL,2026-09-02,HOLDOUT,CHOP,FAILED_BREAKOUT,SHORT,0.9831,0.4412,0.0588,0.5,0.729,8567.0,4.0,0.194,4.0,20.5714,True,DOWN,True,0.778,0.471,True,True,False,False,False,True,1,3,0.206,0.34,1.75,4B_TRAP,False,True,18.02,1.33,1.054,-1.221,-1.276,20.571,-1.118
2026-09-02T08:40:00Z,CRUDEOIL,2026-09-02,HOLDOUT,CHOP,FAILED_BREAKOUT,LONG,0.9516,0.8125,0.1875,0.0,1.226,8560.0,14.0,0.66,14.0,21.2143,True,UP,True,0.471,0.312,True,True,False,False,False,False,1,3,0.0,0.0,0.0,4B_TRAP,True,False,26.96,0.33,1.261,-3.19,-3.227,21.214,-1.178
2026-09-02T10:10:00Z,CRUDEOIL,2026-09-02,HOLDOUT,CHOP,FAILED_BREAKOUT,SHORT,0.95,1.0,0.0,0.0,1.831,8568.01,8.01,0.473,8.01,16.9286,False,UP,False,0.591,0.323,True,True,False,False,False,True,1,3,0.129,0.236,0.498,4A_CONT,False,False,31.93,0.19,3.226,-0.971,2.969,16.929,-1.359
2026-09-02T11:05:00Z,CRUDEOIL,2026-09-02,HOLDOUT,CHOP,FAILED_BREAKOUT,SHORT,0.9121,0.7778,0.0741,0.1481,1.355,8561.0,9.0,0.581,9.0,15.5,True,DOWN,True,4.194,2.407,True,True,True,False,False,False,1,,0.0,0.0,0.0,4A_CONT,True,False,23.81,1.09,3.99,-0.042,2.958,15.5,2.935
2026-09-02T11:10:00Z,CRUDEOIL,2026-09-02,HOLDOUT,CHOP,FAILED_BREAKOUT,SHORT,1.0,0.8923,0.0,0.1077,3.019,8526.0,31.0,1.613,31.0,19.2143,False,UP,False,1.561,0.462,True,True,True,False,False,False,1,,0.0,0.0,0.0,4B_TRAP,False,False,59.95,,1.568,-1.234,-1.251,19.214,-1.561
2026-09-02T11:50:00Z,CRUDEOIL,2026-09-02,HOLDOUT,CHOP,TRENDING,SHORT,0.98,0.9744,0.0,0.0256,1.647,8481.0,23.0,0.997,23.0,23.0714,True,DOWN,True,0.91,0.538,True,True,True,False,False,False,1,5,0.0,0.0,0.0,4B_TRAP,True,False,39.17,,0.332,-1.021,-1.047,23.071,-1.777
2026-09-02T13:00:00Z,CRUDEOIL,2026-09-02,HOLDOUT,CHOP,FAILED_BREAKOUT,SHORT,0.9825,0.5106,0.0213,0.4681,1.131,8482.0,-9.0,-0.424,9.0,21.2143,True,DOWN,True,0.754,0.34,False,False,False,True,True,True,3,1,0.085,0.189,0.444,4A_CONT,False,False,26.41,0.34,3.256,-0.227,2.962,21.214,2.953
2026-09-02T13:20:00Z,CRUDEOIL,2026-09-02,HOLDOUT,CHOP,TRENDING,SHORT,0.9068,0.75,0.25,0.0,1.007,8472.0,17.0,0.815,17.0,20.8571,False,UP,False,1.295,0.964,True,True,True,False,False,False,1,,0.0,0.0,0.0,4B_TRAP,False,False,28.84,0.35,1.872,-1.283,-1.318,20.857,-1.295
2026-09-02T13:30:00Z,CRUDEOIL,2026-09-02,HOLDOUT,CHOP,TRENDING,SHORT,0.9167,0.2759,0.5517,0.1724,0.375,8472.0,24.0,1.124,24.0,21.3571,False,UP,False,0.702,0.517,True,True,True,False,False,False,1,,0.0,0.0,0.0,4B_TRAP,False,False,24.87,0.52,1.89,-1.327,-1.367,21.357,-1.077
2026-09-02T13:55:00Z,CRUDEOIL,2026-09-02,HOLDOUT,CHOP,TRENDING,SHORT,0.984,0.9149,0.0426,0.0426,1.701,8432.0,25.0,0.989,25.0,25.2857,False,UP,False,0.989,0.532,True,False,False,False,True,True,1,2,0.638,1.186,1.2,4B_TRAP,False,True,46.41,,0.129,-1.185,-1.207,25.286,-2.215
2026-09-02T14:05:00Z,CRUDEOIL,2026-09-02,HOLDOUT,CHOP,TRENDING,LONG,0.9685,1.0,0.0,0.0,1.607,8426.0,36.0,1.286,36.0,28.0,False,DOWN,False,0.893,0.556,True,True,True,False,False,False,1,,0.0,0.0,0.0,4A_CONT,False,False,46.35,0.17,3.258,-0.41,2.978,28.0,2.964
2026-09-02T14:20:00Z,CRUDEOIL,2026-09-02,HOLDOUT,CHOP,TRENDING,LONG,0.9538,0.7632,0.0789,0.1579,1.036,8469.0,9.0,0.321,9.0,28.0,True,UP,True,0.607,0.447,True,True,True,False,False,False,1,,0.0,0.0,0.0,4A_CONT,True,False,36.14,4.01,3.016,-0.083,2.972,28.0,2.964
2026-09-02T14:30:00Z,CRUDEOIL,2026-09-02,HOLDOUT,CHOP,FAILED_BREAKOUT,LONG,0.9015,0.4483,0.2414,0.3103,0.472,8492.0,14.0,0.508,14.0,27.5714,True,UP,True,0.544,0.517,True,True,True,False,False,False,1,,0.0,0.0,0.0,4A_CONT,False,False,22.87,5.11,3.323,-0.612,2.956,27.571,2.964
2026-09-02T15:05:00Z,CRUDEOIL,2026-09-02,HOLDOUT,CHOP,FAILED_BREAKOUT,LONG,0.9496,0.6389,0.0278,0.3333,0.92,8553.0,15.0,0.6,15.0,25.0,False,DOWN,False,1.0,0.694,True,True,True,False,False,False,1,4,0.0,0.0,0.0,4X_AMBIG,False,False,36.08,1.52,1.441,-0.527,0.776,25.0,1.12
2026-09-03T04:30:00Z,CRUDEOIL,2026-09-03,HOLDOUT,CHOP,OPENING_DRIVE,SHORT,0.9167,0.7895,0.0,0.2105,1.048,8560.0,3.0,0.21,3.0,14.3077,True,DOWN,True,0.28,0.211,True,True,True,False,False,False,1,,0.0,0.0,0.0,4A_CONT,True,False,15.57,,3.147,-0.128,2.936,14.308,2.93
2026-09-03T05:15:00Z,CRUDEOIL,2026-09-03,HOLDOUT,CHOP,TRENDING,SHORT,0.9524,0.5714,0.1905,0.2381,1.143,8537.0,8.0,0.762,8.0,10.5,True,DOWN,True,1.619,0.81,True,True,True,False,False,False,1,,0.0,0.0,0.0,4A_CONT,True,False,16.63,,4.149,-0.18,2.94,10.5,2.905
2026-09-03T05:40:00Z,CRUDEOIL,2026-09-03,HOLDOUT,CHOP,TRENDING,LONG,0.9615,0.8519,0.0,0.1481,1.75,8499.0,8.0,0.609,8.0,13.1429,False,DOWN,False,0.913,0.444,True,False,False,False,True,True,1,2,0.407,0.837,1.375,4B_TRAP,False,True,27.81,1.83,0.072,-1.69,-1.726,13.143,-2.054
2026-09-03T06:15:00Z,CRUDEOIL,2026-09-03,HOLDOUT,CHOP,TRENDING,SHORT,0.9697,0.6216,0.0811,0.2973,1.32,8480.0,9.0,0.516,9.0,17.4286,False,UP,False,1.262,0.595,True,False,False,False,True,True,1,2,0.216,0.459,0.889,4B_TRAP,False,True,27.11,,0.516,-1.033,-1.07,17.429,-1.205
2026-09-03T06:45:00Z,CRUDEOIL,2026-09-03,HOLDOUT,CHOP,TRENDING,LONG,0.9231,0.3182,0.0455,0.6364,0.4,8502.0,-1.0,-0.057,1.0,17.5,False,DOWN,False,0.914,0.727,False,False,False,True,True,True,5,1,0.364,0.457,8.0,4B_TRAP,False,True,21.66,0.05,2.862,-2.262,-2.308,17.5,2.943
2026-09-03T07:00:00Z,CRUDEOIL,2026-09-03,HOLDOUT,CHOP,TRENDING,LONG,0.9286,0.1304,0.5217,0.3478,0.18,8506.0,-8.0,-0.481,8.0,16.6429,True,UP,True,0.781,0.565,False,False,False,True,True,True,2,1,0.174,0.24,0.5,4A_CONT,False,False,11.69,0.68,4.021,-0.342,2.914,16.643,2.94
2026-09-03T07:40:00Z,CRUDEOIL,2026-09-03,HOLDOUT,CHOP,FAILED_BREAKOUT,LONG,0.96,0.7407,0.1852,0.0741,1.12,8543.0,2.0,0.112,2.0,17.8571,False,DOWN,False,0.952,0.63,False,False,False,True,True,True,3,1,0.519,0.784,7.0,4B_TRAP,False,True,22.81,0.66,0.789,-1.228,-1.271,17.857,-1.624
2026-09-03T08:00:00Z,CRUDEOIL,2026-09-03,HOLDOUT,CHOP,FAILED_BREAKOUT,SHORT,0.9815,0.3913,0.3043,0.3043,0.903,8528.0,-3.0,-0.151,3.0,19.9286,True,DOWN,True,3.864,1.674,False,False,False,False,False,True,1,3,0.261,0.602,4.0,4B_TRAP,False,True,33.38,0.09,2.367,-1.348,-1.378,19.929,2.95
2026-09-03T08:05:00Z,CRUDEOIL,2026-09-03,HOLDOUT,CHOP,FAILED_BREAKOUT,SHORT,1.0,0.5714,0.0,0.4286,1.755,8457.0,-28.0,-1.117,28.0,25.0714,False,UP,False,1.715,0.558,False,False,False,True,True,True,,1,1.208,3.709,3.321,4B_TRAP,False,True,46.31,0.6,0.108,-1.231,-1.252,25.071,-1.556
2026-09-03T08:20:00Z,CRUDEOIL,2026-09-03,HOLDOUT,CHOP,FAILED_BREAKOUT,LONG,0.9138,0.3704,0.3704,0.2593,0.355,8556.84,-6.84,-0.243,6.84,28.1429,False,DOWN,False,0.782,0.815,False,False,False,True,True,True,3,1,0.476,0.456,1.877,4A_CONT,False,False,17.81,0.38,3.257,-0.618,2.944,28.143,2.964
2026-09-03T08:50:00Z,CRUDEOIL,2026-09-03,HOLDOUT,CHOP,FAILED_BREAKOUT,LONG,0.9219,0.7097,0.2581,0.0323,0.78,8579.72,20.28,0.719,20.28,28.2143,True,UP,True,0.886,0.806,True,True,True,False,False,False,1,,0.0,0.0,0.0,4A_CONT,True,False,23.93,1.46,5.349,-0.293,2.958,28.214,2.965
2026-09-03T09:00:00Z,CRUDEOIL,2026-09-03,HOLDOUT,CHOP,FAILED_BREAKDOWN,LONG,0.9091,0.4,0.3333,0.2667,0.405,8635.0,-4.0,-0.135,4.0,29.6429,False,DOWN,False,0.945,0.933,False,False,False,True,True,True,4,1,0.833,0.843,6.25,4B_TRAP,False,True,20.9,0.19,0.813,-1.675,-1.722,29.643,-1.214
2026-09-03T09:20:00Z,CRUDEOIL,2026-09-03,HOLDOUT,CHOP,FAILED_BREAKDOWN,LONG,0.9,0.8276,0.069,0.1034,1.031,8620.0,19.0,0.816,19.0,23.2857,False,DOWN,False,0.601,0.483,True,True,True,False,False,False,1,,0.0,0.0,0.0,4A_CONT,False,False,27.87,0.32,3.193,-0.61,2.964,23.286,2.957
2026-09-03T09:35:00Z,CRUDEOIL,2026-09-03,HOLDOUT,CHOP,FAILED_BREAKDOWN,LONG,0.9315,0.375,0.5312,0.0938,0.527,8648.0,1.0,0.044,1.0,22.7857,False,DOWN,False,0.746,0.531,False,False,False,True,True,True,2,1,0.125,0.176,4.0,4A_CONT,False,False,15.96,,4.95,-0.689,2.937,22.786,2.956
2026-09-03T09:55:00Z,CRUDEOIL,2026-09-03,HOLDOUT,CHOP,FAILED_BREAKDOWN,LONG,0.974,0.7143,0.2698,0.0159,1.717,8670.0,41.0,1.564,41.0,26.2143,False,DOWN,False,1.106,0.46,True,True,True,False,False,False,1,,0.0,0.0,0.0,4B_TRAP,False,False,47.89,,1.67,-1.378,-1.399,26.214,2.962
2026-09-03T10:05:00Z,CRUDEOIL,2026-09-03,HOLDOUT,CHOP,FAILED_BREAKDOWN,LONG,0.9367,0.6154,0.1795,0.2051,0.889,8728.0,5.0,0.185,5.0,27.0,False,DOWN,False,0.63,0.436,True,True,True,False,False,False,1,,0.0,0.0,0.0,4B_TRAP,False,False,33.17,,1.749,-1.055,-1.085,27.0,-1.148
2026-09-03T10:30:00Z,CRUDEOIL,2026-09-03,HOLDOUT,CHOP,FAILED_BREAKDOWN,LONG,0.9167,0.6765,0.1176,0.2059,0.852,8747.0,20.0,0.741,20.0,27.0,True,UP,True,1.111,0.882,True,True,True,False,False,False,1,,0.0,0.0,0.0,4B_TRAP,True,False,31.02,0.23,0.774,-1.128,-1.161,27.0,-1.333
2026-09-03T11:00:00Z,CRUDEOIL,2026-09-03,HOLDOUT,CHOP,TRENDING,SHORT,0.9222,0.5882,0.0,0.4118,0.704,8756.0,10.0,0.352,10.0,28.4286,True,DOWN,True,1.724,1.441,True,True,True,False,False,False,1,,0.0,0.0,0.0,4B_TRAP,True,False,21.02,13.48,2.284,-1.094,-1.142,28.429,-1.266
2026-09-03T11:05:00Z,CRUDEOIL,2026-09-03,HOLDOUT,CHOP,FAILED_BREAKDOWN,SHORT,0.967,0.8776,0.102,0.0204,1.568,8732.0,28.0,1.021,28.0,27.4286,False,UP,False,0.766,0.429,True,True,True,False,False,False,1,4,0.0,0.0,0.0,4B_TRAP,False,False,49.47,4.88,0.121,-1.273,-1.294,27.429,-1.276
2026-09-03T12:30:00Z,CRUDEOIL,2026-09-03,HOLDOUT,CHOP,FAILED_BREAKDOWN,LONG,0.9352,0.6098,0.1707,0.2195,1.108,8700.0,13.0,0.576,13.0,22.5714,True,UP,True,0.975,0.537,True,True,False,False,False,True,1,3,0.024,0.044,0.077,4B_TRAP,True,True,35.23,1.87,0.568,-1.221,-1.249,22.571,-1.949
2026-09-03T13:15:00Z,CRUDEOIL,2026-09-03,HOLDOUT,CHOP,FAILED_BREAKOUT,LONG,0.9145,0.7143,0.0,0.2857,0.986,8670.0,10.0,0.394,10.0,25.3571,False,DOWN,False,1.499,1.086,False,False,False,True,True,True,5,1,0.429,0.592,1.5,4B_TRAP,False,True,36.05,0.19,0.166,-1.026,-1.054,25.357,-1.301
2026-09-03T13:45:00Z,CRUDEOIL,2026-09-03,HOLDOUT,CHOP,FAILED_BREAKOUT,LONG,0.935,0.8205,0.1026,0.0769,1.103,8684.0,28.0,0.966,28.0,29.0,False,DOWN,False,0.793,0.59,True,False,False,False,True,True,1,2,0.513,0.69,0.714,4B_TRAP,False,True,36.17,2.18,0.055,-1.493,-1.521,29.0,-1.897
2026-09-03T13:55:00Z,CRUDEOIL,2026-09-03,HOLDOUT,CHOP,FAILED_BREAKDOWN,SHORT,0.952,0.7619,0.0952,0.1429,1.087,8691.0,27.0,0.917,27.0,29.4286,False,UP,False,1.495,1.048,False,False,False,True,True,True,3,1,0.286,0.408,0.444,4B_TRAP,False,True,37.26,0.56,0.0,-1.181,-1.208,29.429,-1.529
2026-09-03T14:00:00Z,CRUDEOIL,2026-09-03,HOLDOUT,CHOP,FAILED_BREAKOUT,LONG,0.9603,0.5909,0.1136,0.2955,0.854,8700.0,3.0,0.099,3.0,30.4286,False,DOWN,False,0.69,0.477,False,False,False,False,True,True,4,1,0.273,0.394,4.0,4B_TRAP,False,True,40.32,0.32,0.918,-1.24,-1.265,30.429,-1.117
2026-09-03T15:25:00Z,CRUDEOIL,2026-09-03,HOLDOUT,CHOP,FAILED_BREAKDOWN,SHORT,0.979,0.9038,0.0577,0.0385,1.637,8710.0,20.0,0.697,20.0,28.7143,True,DOWN,True,1.114,0.615,True,True,True,False,False,False,1,,0.0,0.0,0.0,4X_AMBIG,True,False,51.56,0.23,1.649,-0.136,1.222,28.714,2.194
2026-09-03T15:50:00Z,CRUDEOIL,2026-09-03,HOLDOUT,CHOP,FAILED_BREAKOUT,SHORT,0.9797,0.6731,0.1538,0.1731,1.079,8635.0,7.0,0.216,7.0,32.4286,True,DOWN,True,0.74,0.462,True,True,True,False,False,False,1,,0.0,0.0,0.0,4B_TRAP,True,False,44.56,3.71,0.516,-1.459,-1.481,32.429,-1.048
2026-09-04T05:25:00Z,CRUDEOIL,2026-09-04,HOLDOUT,CHOP,OPENING_DRIVE,SHORT,0.9565,0.5294,0.4118,0.0588,0.808,8632.0,5.0,0.449,5.0,11.1429,False,UP,False,1.615,1.059,True,True,False,False,False,True,1,3,0.588,0.897,2.0,4B_TRAP,False,True,16.51,10.6,0.182,-1.211,-1.272,11.143,-1.436
2026-09-04T05:30:00Z,CRUDEOIL,2026-09-04,HOLDOUT,CHOP,OPENING_DRIVE,SHORT,0.9583,0.0556,0.7222,0.2222,0.086,8626.0,-3.0,-0.258,3.0,11.6429,False,UP,False,1.288,0.833,False,False,False,True,True,True,,1,1.333,2.061,8.0,4B_TRAP,False,True,13.54,13.07,0.295,-1.329,-1.403,11.643,-1.632
2026-09-04T05:40:00Z,CRUDEOIL,2026-09-04,HOLDOUT,CHOP,OPENING_DRIVE,LONG,0.9615,0.7,0.25,0.05,1.133,8643.0,-1.0,-0.081,1.0,12.3571,True,UP,True,1.214,0.75,False,False,False,False,False,True,1,2,0.55,0.89,11.0,4B_TRAP,False,True,15.6,0.06,1.154,-1.218,-1.282,12.357,-1.618
2026-09-04T05:55:00Z,CRUDEOIL,2026-09-04,HOLDOUT,CHOP,OPENING_DRIVE,SHORT,0.9655,0.55,0.0,0.45,0.815,8624.0,-8.0,-0.593,8.0,13.5,False,UP,False,1.259,0.85,False,False,False,True,True,True,,1,1.2,1.778,3.0,4B_TRAP,False,True,11.6,0.69,0.0,-1.552,-1.638,13.5,-1.407
2026-09-04T06:05:00Z,CRUDEOIL,2026-09-04,HOLDOUT,CHOP,OPENING_DRIVE,SHORT,0.9677,0.4615,0.2692,0.2692,0.771,8633.0,-5.0,-0.321,5.0,15.5714,False,UP,False,0.45,0.269,False,False,False,True,True,True,2,1,0.115,0.193,0.6,4B_TRAP,False,True,19.78,0.54,0.91,-1.062,-1.112,15.571,-1.413
2026-09-04T06:40:00Z,CRUDEOIL,2026-09-04,HOLDOUT,CHOP,OPENING_DRIVE,SHORT,0.9474,0.72,0.28,0.0,1.161,8625.0,3.0,0.194,3.0,15.5,False,UP,False,0.581,0.36,False,False,False,True,True,True,,1,0.92,1.484,7.667,4B_TRAP,False,True,25.75,6.6,0.0,-1.01,-1.049,15.5,-1.742
2026-09-04T06:55:00Z,CRUDEOIL,2026-09-04,HOLDOUT,CHOP,OPENING_DRIVE,SHORT,0.9268,0.875,0.0833,0.0417,1.342,8629.0,2.0,0.128,2.0,15.6429,False,UP,False,1.151,0.75,False,False,False,True,True,True,,1,0.792,1.215,9.5,4B_TRAP,False,True,23.72,0.2,0.0,-1.012,-1.054,15.643,-1.598
2026-09-04T07:20:00Z,CRUDEOIL,2026-09-04,HOLDOUT,CHOP,OPENING_DRIVE,SHORT,0.913,0.3636,0.3636,0.2727,0.509,8635.0,3.0,0.191,3.0,15.7143,True,DOWN,True,1.464,1.045,True,True,True,False,False,False,1,,0.0,0.0,0.0,4B_TRAP,False,False,16.66,0.58,0.06,-1.321,-1.381,15.714,-1.464
2026-09-04T07:25:00Z,CRUDEOIL,2026-09-04,HOLDOUT,CHOP,OPENING_DRIVE,SHORT,0.9149,0.2174,0.7826,0.0,0.298,8635.0,4.0,0.238,4.0,16.7857,True,DOWN,True,1.251,0.913,True,True,True,False,False,False,1,,0.0,0.0,0.0,4A_CONT,False,False,23.69,0.37,3.081,-0.042,2.958,16.786,2.94
2026-09-04T07:40:00Z,CRUDEOIL,2026-09-04,HOLDOUT,CHOP,OPENING_DRIVE,SHORT,0.98,0.6452,0.0,0.3548,1.022,8604.0,4.0,0.204,4.0,19.5714,True,DOWN,True,1.942,1.226,True,True,True,False,False,False,1,,0.0,0.0,0.0,4A_CONT,True,False,20.93,7.07,3.153,0.0,2.952,19.571,2.949
2026-09-04T07:45:00Z,CRUDEOIL,2026-09-04,HOLDOUT,CHOP,OPENING_DRIVE,SHORT,0.9804,0.8158,0.0,0.1842,1.428,8589.0,21.0,0.967,21.0,21.7143,False,UP,False,0.783,0.447,True,True,True,False,False,False,1,,0.0,0.0,0.0,4B_TRAP,False,False,32.14,3.61,1.12,-1.182,-1.213,21.714,-1.059
2026-09-04T08:05:00Z,CRUDEOIL,2026-09-04,HOLDOUT,CHOP,OPENING_DRIVE,SHORT,0.9455,0.7586,0.2069,0.0345,0.975,8561.0,-1.0,-0.044,1.0,22.5714,True,DOWN,True,0.753,0.586,False,False,False,False,False,False,1,,0.0,0.0,0.0,4B_TRAP,False,False,28.87,0.14,1.039,-1.039,-1.074,22.571,-1.196
2026-09-04T09:15:00Z,CRUDEOIL,2026-09-04,HOLDOUT,CHOP,OPENING_DRIVE,SHORT,0.9275,0.7857,0.0,0.2143,1.092,8580.0,15.0,0.745,15.0,20.1429,False,UP,False,0.745,0.536,True,True,True,False,False,False,1,5,0.0,0.0,0.0,4B_TRAP,False,False,22.84,1.44,0.438,-1.27,-1.313,20.143,-1.092
2026-09-04T10:15:00Z,CRUDEOIL,2026-09-04,HOLDOUT,CHOP,OPENING_DRIVE,SHORT,0.9753,0.9118,0.0,0.0882,1.764,8583.0,28.0,1.593,28.0,17.5714,False,UP,False,1.138,0.588,True,True,True,False,False,False,1,,0.0,0.0,0.0,4A_CONT,False,False,32.02,3.22,4.341,-0.593,2.969,17.571,-1.081
2026-09-04T12:50:00Z,CRUDEOIL,2026-09-04,HOLDOUT,CHOP,OPENING_DRIVE,SHORT,0.9911,0.8077,0.0,0.1923,2.028,8518.0,25.0,1.207,25.0,20.7143,True,DOWN,True,0.917,0.365,True,True,True,False,False,False,1,4,0.0,0.0,0.0,4B_TRAP,True,False,43.56,0.94,2.732,-1.377,-1.4,20.714,-1.159
2026-09-04T13:00:00Z,CRUDEOIL,2026-09-04,HOLDOUT,CHOP,OPENING_DRIVE,LONG,0.9298,0.9286,0.0714,0.0,1.197,8498.0,16.0,0.737,16.0,21.7143,True,UP,True,0.967,0.75,True,True,True,False,False,False,1,,0.0,0.0,0.0,4B_TRAP,True,False,26.84,2.09,0.708,-1.08,-1.118,21.714,-1.382
2026-09-04T13:30:00Z,CRUDEOIL,2026-09-04,HOLDOUT,CHOP,OPENING_DRIVE,SHORT,0.975,1.0,0.0,0.0,1.551,8479.0,13.0,0.504,13.0,25.7857,True,DOWN,True,2.055,1.325,True,True,True,False,False,False,1,,0.0,0.0,0.0,4B_TRAP,True,False,41.2,0.34,2.233,-1.311,-1.335,25.786,2.961
2026-09-04T13:35:00Z,CRUDEOIL,2026-09-04,HOLDOUT,CHOP,TRENDING,SHORT,0.9917,0.9057,0.0377,0.0566,1.672,8452.0,33.0,1.149,33.0,28.7143,False,UP,False,1.184,0.642,True,True,True,False,False,False,1,,0.0,0.0,0.0,4B_TRAP,False,False,51.59,,0.872,-1.163,-1.182,28.714,-1.358
2026-09-04T13:45:00Z,CRUDEOIL,2026-09-04,HOLDOUT,CHOP,TRENDING,SHORT,0.9268,0.5806,0.2258,0.1935,0.636,8479.0,78.0,2.758,78.0,28.2857,True,DOWN,True,0.884,0.806,True,True,True,False,False,False,1,,0.0,0.0,0.0,4B_TRAP,True,False,25.93,0.5,1.041,-2.16,-2.198,28.286,-2.015
2026-09-04T13:55:00Z,CRUDEOIL,2026-09-04,HOLDOUT,CHOP,TRENDING,LONG,0.904,0.6552,0.1034,0.2414,0.63,8402.0,-2.0,-0.066,2.0,30.1429,True,UP,True,1.692,1.759,False,False,False,False,False,False,1,,0.0,0.0,0.0,4A_CONT,False,False,26.87,0.97,3.312,0.0,2.963,30.143,2.967
2026-09-04T14:00:00Z,CRUDEOIL,2026-09-04,HOLDOUT,CHOP,TRENDING,LONG,0.9762,0.8431,0.1569,0.0,1.42,8426.0,23.0,0.759,23.0,30.2857,False,DOWN,False,1.486,0.882,True,False,False,False,True,True,1,2,0.196,0.33,0.435,4B_TRAP,False,True,44.53,4.27,0.0,-1.078,-1.1,30.286,-1.618
2026-09-04T14:05:00Z,CRUDEOIL,2026-09-04,HOLDOUT,CHOP,OPENING_DRIVE,LONG,0.9606,0.3556,0.0,0.6444,0.494,8426.0,4.0,0.124,4.0,32.3571,False,DOWN,False,0.525,0.378,False,False,False,True,True,True,2,1,0.222,0.309,2.5,4A_CONT,False,False,30.35,6.89,4.053,-0.593,2.967,32.357,2.969
2026-09-04T14:40:00Z,CRUDEOIL,2026-09-04,HOLDOUT,CHOP,OPENING_DRIVE,LONG,0.9179,0.7097,0.2903,0.0,0.688,8489.0,22.0,0.688,22.0,32.0,True,UP,True,1.406,1.452,True,True,True,False,False,False,1,,0.0,0.0,0.0,4A_CONT,True,False,22.93,5.58,3.096,-0.131,2.956,32.0,2.969
2026-09-04T14:45:00Z,CRUDEOIL,2026-09-04,HOLDOUT,CHOP,OPENING_DRIVE,LONG,0.963,0.7333,0.1556,0.1111,1.05,8520.0,26.0,0.827,26.0,31.4286,True,UP,True,1.145,0.8,True,True,False,False,False,True,1,3,0.089,0.127,0.154,4B_TRAP,True,True,39.35,2.36,0.915,-1.118,-1.144,31.429,-1.05
2026-09-04T14:50:00Z,CRUDEOIL,2026-09-04,HOLDOUT,CHOP,OPENING_DRIVE,LONG,0.9338,0.5278,0.0278,0.4444,0.602,8553.0,13.0,0.412,13.0,31.5714,True,UP,True,0.507,0.444,True,False,False,False,True,True,1,2,1.028,1.172,2.846,4B_TRAP,False,True,36.08,2.02,0.443,-1.441,-1.469,31.571,-1.679
2026-09-04T15:00:00Z,CRUDEOIL,2026-09-04,HOLDOUT,CHOP,OPENING_DRIVE,SHORT,0.9928,0.8088,0.1618,0.0294,1.638,8560.0,44.0,1.311,44.0,33.5714,False,UP,False,0.834,0.412,True,True,True,False,False,False,1,,0.0,0.0,0.0,4B_TRAP,False,False,68.04,0.56,0.206,-1.044,-1.058,33.571,-1.043
2026-09-04T15:50:00Z,CRUDEOIL,2026-09-04,HOLDOUT,CHOP,OPENING_DRIVE,LONG,0.9257,0.7429,0.0,0.2571,0.958,8571.0,16.0,0.589,16.0,27.1429,False,DOWN,False,0.516,0.4,True,True,False,False,False,True,1,3,0.029,0.037,0.062,4B_TRAP,False,True,36.05,1.44,0.194,-1.47,-1.498,27.143,-1.326
2026-09-04T16:55:00Z,CRUDEOIL,2026-09-04,HOLDOUT,CHOP,OPENING_DRIVE,LONG,0.9068,0.8065,0.0645,0.129,1.186,8580.0,20.0,0.949,20.0,21.0714,True,UP,True,0.854,0.581,True,False,False,False,True,True,1,2,0.613,0.902,0.95,4B_TRAP,False,True,29.93,1.3,0.501,-1.136,-1.169,21.071,-1.661
2026-09-04T17:05:00Z,CRUDEOIL,2026-09-04,HOLDOUT,CHOP,OPENING_DRIVE,SHORT,0.9693,0.8367,0.0408,0.1224,1.834,8597.0,25.0,1.118,25.0,22.3571,True,DOWN,True,0.939,0.429,True,True,True,False,False,False,1,,0.0,0.0,0.0,4X_AMBIG,True,False,44.47,0.45,0.337,-0.472,-0.135,22.357,-0.268
