index,timestamp,direction,outcome,setup_score,passed_checks,chk_structure_aligned,chk_secondary_confirmation,chk_htf_aligned,chk_vwap_aligned,chk_ema_aligned,chk_rsi_not_extreme,chk_adx_trending,chk_volume_above_average,regime,htf_score,structure_type,cisd,fvg,order_block,sweep_kind,level_source,sweep_reaction,sweep_reaction_atr_ratio,bars_to_reclaim,rsi14,macd,adx,atr14,above_vwap,above_ema20,ema20_gt_ema50,volume,volume_ratio,probability,confidence,rr,risk_amount,reward_amount,time_bucket,day_of_week
264,2024-01-04T06:55:00+00:00,BULLISH,TIMEOUT,62.5,5,True,True,False,False,True,True,True,False,RANGE,0.035,CHOCH,False,True,False,LOWER_SWEEP,EQUAL_HIGH,23.1,2.6595438479339606,3,69.13,10.4315,42.35,8.6857,,True,True,0.0,,0.5259,55.3,2.0,25.8686,51.7371,MID,Thursday
301,2024-01-05T03:45:00+00:00,BULLISH,TIMEOUT,50.0,4,True,True,False,False,True,False,True,False,TRANSITION,0.085,CHOCH,False,True,False,LOWER_SWEEP,EQUAL_HIGH,40.125,2.16182579320823,3,86.95,8.3112,76.35,18.5607,,True,True,0.0,,0.4541,52.8,2.0,94.4061,188.8121,OPENING,Friday
319,2024-01-05T05:15:00+00:00,BEARISH,TIMEOUT,62.5,5,True,True,False,False,True,True,True,False,RANGE,0.022,CHOCH,False,True,False,UPPER_SWEEP,EQUAL_HIGH,52.725,3.9273743016759775,2,28.58,10.0143,49.52,13.425,,False,True,0.0,,0.5259,54.9,2.0,56.2425,112.485,MID,Friday
335,2024-01-05T06:35:00+00:00,BULLISH,TIMEOUT,50.0,4,True,True,False,False,True,True,False,False,RANGE,0.024,CHOCH,False,True,False,LOWER_SWEEP,EQUAL_HIGH,14.0,1.2330890642615557,3,54.9,-4.2536,15.02,11.3536,,True,True,0.0,,0.4541,50.8,2.0,20.1354,40.2707,MID,Friday
358,2024-01-05T08:30:00+00:00,BEARISH,WIN,62.5,5,True,True,False,False,True,True,True,False,RANGE,-0.008,BOS,False,False,True,UPPER_SWEEP,EQUAL_HIGH,17.79,1.4789751093227805,1,32.89,-5.4721,69.74,12.0286,,False,False,0.0,,0.5259,54.4,2.0,22.4529,44.9057,MID,Friday
371,2024-01-05T09:35:00+00:00,BULLISH,LOSS,62.5,5,True,True,False,False,True,True,True,False,RANGE,0.032,CHOCH,True,False,False,LOWER_SWEEP,EQUAL_HIGH,9.3667,0.49813333616966965,3,62.08,5.0283,39.72,18.8036,,True,True,0.0,,0.5259,38.5,2.0,17.1804,34.3607,CLOSING,Friday
394,2024-01-08T05:15:00+00:00,BEARISH,WIN,50.0,4,True,True,False,False,True,True,False,False,RANGE,-0.004,CHOCH,False,True,False,UPPER_SWEEP,EQUAL_HIGH,50.9125,2.3415689719402657,3,48.71,-0.6165,5.12,21.7429,,False,True,0.0,,0.4541,50.1,2.0,53.3743,106.7486,MID,Monday
407,2024-01-08T06:20:00+00:00,BEARISH,TIMEOUT,62.5,5,True,True,False,False,True,True,True,False,TRANSITION,-0.083,BOS,False,True,False,UPPER_SWEEP,EQUAL_HIGH,71.275,3.1707935547587485,2,21.83,-20.1429,71.67,22.4786,,False,False,0.0,,0.5259,56.9,2.0,75.1979,150.3957,MID,Monday
433,2024-01-08T08:30:00+00:00,BULLISH,LOSS,50.0,4,True,True,False,False,True,True,False,False,RANGE,-0.029,CHOCH,False,True,False,LOWER_SWEEP,EQUAL_LOW,43.6833,2.7498504944698694,3,56.2,-8.636,3.64,15.8857,,True,False,0.0,,0.4541,51.0,2.0,47.6886,95.3771,MID,Monday
451,2024-01-09T03:45:00+00:00,BULLISH,TIMEOUT,62.5,5,True,True,False,False,True,True,True,False,RANGE,0.034,CHOCH,True,True,True,LOWER_SWEEP,EQUAL_LOW,150.1,4.992034694807419,3,66.79,-9.4565,37.95,30.0679,,True,False,0.0,,0.5259,55.3,2.0,156.6568,313.3136,OPENING,Tuesday
464,2024-01-09T04:50:00+00:00,BULLISH,TIMEOUT,62.5,5,True,True,False,False,True,True,True,False,TRANSITION,0.064,BOS,False,True,False,LOWER_SWEEP,EQUAL_HIGH,53.625,1.6868883555158496,3,79.22,26.944,57.55,31.7893,,True,True,0.0,,0.5259,56.3,2.0,58.4289,116.8579,MID,Tuesday
507,2024-01-09T08:25:00+00:00,BEARISH,WIN,62.5,5,True,True,False,False,True,True,True,False,RANGE,0.021,BOS,False,True,False,UPPER_SWEEP,EQUAL_LOW,22.375,1.8302658486707566,3,30.62,1.1088,58.69,12.225,,False,True,0.0,,0.5259,54.9,2.0,28.1725,56.345,MID,Tuesday
523,2024-01-09T09:45:00+00:00,BEARISH,WIN,62.5,5,True,True,False,False,True,True,True,False,TRANSITION,-0.087,BOS,False,True,False,UPPER_SWEEP,EQUAL_LOW,29.2625,0.9201002402243771,3,23.18,-37.0057,92.53,31.8036,,False,False,0.0,,0.5259,54.4,2.0,51.0804,102.1607,CLOSING,Tuesday
538,2024-01-10T04:45:00+00:00,BULLISH,TIMEOUT,62.5,5,True,True,False,False,True,True,True,False,RANGE,-0.035,BOS,False,True,False,LOWER_SWEEP,EQUAL_HIGH,52.65,1.4786376874275073,2,54.4,-18.5141,20.31,35.6071,,True,False,0.0,,0.5259,55.3,2.0,59.8607,119.7214,MID,Wednesday
554,2024-01-10T06:05:00+00:00,BULLISH,LOSS,50.0,4,True,True,False,False,True,True,False,False,RANGE,-0.038,CHOCH,True,False,True,LOWER_SWEEP,EQUAL_HIGH,7.6,0.447530046342914,0,55.22,-5.5989,9.1,16.9821,,True,False,0.0,,0.4541,32.9,2.0,19.5482,39.0964,MID,Wednesday
567,2024-01-10T07:10:00+00:00,BEARISH,WIN,62.5,5,True,True,False,False,True,True,True,False,TRANSITION,-0.068,CHOCH,True,False,True,UPPER_SWEEP,EQUAL_LOW,22.31,1.36751193738009,1,34.12,-8.3104,39.73,16.3143,,False,False,0.0,,0.5259,56.4,2.0,30.5814,61.1629,MID,Wednesday
586,2024-01-10T08:45:00+00:00,BULLISH,WIN,62.5,5,True,True,False,False,True,True,True,False,RANGE,-0.015,BOS,False,True,False,LOWER_SWEEP,EQUAL_HIGH,29.85,1.668259477222809,2,65.62,1.2854,52.98,17.8929,,True,False,0.0,,0.5259,54.7,2.0,41.2393,82.4786,MID,Wednesday
601,2024-01-11T03:45:00+00:00,BULLISH,TIMEOUT,50.0,4,True,True,False,False,True,False,True,False,TRANSITION,0.121,BOS,False,True,False,LOWER_SWEEP,EQUAL_HIGH,107.04,3.6184043729147017,3,85.6,36.281,80.38,29.5821,,True,True,0.0,,0.4541,54.0,2.0,115.4582,230.9164,OPENING,Thursday
660,2024-01-11T08:40:00+00:00,BEARISH,TIMEOUT,50.0,4,True,True,False,False,True,False,True,False,RANGE,-0.022,BOS,False,True,False,UPPER_SWEEP,EQUAL_LOW,37.05,2.5857376156777354,3,18.43,-5.7006,70.52,14.3286,,False,True,0.0,,0.4541,50.7,2.0,67.9829,135.9657,MID,Thursday
675,2024-01-11T09:55:00+00:00,BULLISH,WIN,62.5,5,True,True,False,False,True,True,True,False,RANGE,0.029,BOS,False,False,True,LOWER_SWEEP,EQUAL_HIGH,26.27,1.5011428571428571,3,77.92,-0.4592,43.86,17.5,,True,True,0.0,,0.5259,55.1,2.0,31.1,62.2,CLOSING,Thursday
710,2024-01-12T06:35:00+00:00,BEARISH,LOSS,37.5,3,True,True,False,False,False,True,False,False,TRANSITION,0.092,CHOCH,True,True,False,UPPER_SWEEP,EQUAL_LOW,23.525,1.9087221095334685,3,38.17,17.7974,2.23,12.325,,True,True,0.0,,0.3843,48.9,2.0,28.5325,57.065,MID,Friday
740,2024-01-12T09:05:00+00:00,BULLISH,LOSS,50.0,4,True,True,False,False,True,False,True,False,TRANSITION,0.141,BOS,False,True,False,LOWER_SWEEP,EQUAL_HIGH,19.175,1.1377391180519296,3,80.48,18.6669,53.77,16.8536,,True,True,0.0,,0.4541,54.7,2.0,51.4854,102.9707,CLOSING,Friday
752,2024-01-15T03:50:00+00:00,BULLISH,TIMEOUT,75.0,6,True,True,True,False,True,True,True,False,BULLISH,0.28,CHOCH,True,True,False,LOWER_SWEEP,PDH,34.55,1.1134888457745433,3,76.55,33.2356,57.67,31.0286,,True,True,0.0,,0.5965,67.7,2.0,183.9529,367.9057,OPENING,Monday
789,2024-01-15T06:55:00+00:00,BULLISH,LOSS,62.5,5,True,True,True,False,True,True,False,False,BULLISH,0.204,CHOCH,True,False,False,LOWER_SWEEP,EQUAL_HIGH,14.3,0.9463492756788237,2,57.45,14.4456,12.94,15.1107,,True,True,0.0,,0.5259,59.2,2.0,16.2111,32.4221,MID,Monday
809,2024-01-15T08:35:00+00:00,BULLISH,TIMEOUT,62.5,5,True,True,True,False,True,True,False,False,BULLISH,0.198,CHOCH,False,True,False,LOWER_SWEEP,EQUAL_HIGH,36.07,2.3641452176363793,3,59.84,5.7892,0.93,15.2571,,True,True,0.0,,0.5259,60.8,2.0,55.3257,110.6514,MID,Monday
827,2024-01-16T03:50:00+00:00,BEARISH,TIMEOUT,50.0,4,True,True,False,False,True,True,False,False,TRANSITION,0.145,CHOCH,False,True,False,UPPER_SWEEP,EQUAL_HIGH,50.38,2.3949761595763395,2,47.32,6.8554,14.39,21.0357,,False,True,0.0,,0.4541,54.8,2.0,61.3536,122.7071,OPENING,Tuesday
842,2024-01-16T05:05:00+00:00,BULLISH,TIMEOUT,75.0,6,True,True,True,False,True,True,True,False,BULLISH,0.18,CHOCH,False,True,False,LOWER_SWEEP,EQUAL_HIGH,22.6167,1.1284145507885586,3,68.11,7.0729,37.61,20.0429,,True,True,0.0,,0.5965,64.3,2.0,29.8543,59.7086,MID,Tuesday
856,2024-01-16T06:15:00+00:00,BEARISH,WIN,62.5,5,True,True,False,False,True,True,True,False,BULLISH,0.155,CHOCH,True,True,False,UPPER_SWEEP,EQUAL_HIGH,9.9333,0.7412910447761193,2,39.01,3.7734,31.48,13.4,,False,True,0.0,,0.5259,50.7,2.0,25.44,50.88,MID,Tuesday
872,2024-01-16T07:35:00+00:00,BEARISH,WIN,62.5,5,True,True,False,False,True,True,True,False,TRANSITION,0.083,BOS,False,True,False,UPPER_SWEEP,EQUAL_HIGH,34.975,2.0682171642806035,3,25.3,-13.338,76.01,16.9107,,False,False,0.0,,0.5259,56.9,2.0,42.6911,85.3821,MID,Tuesday
898,2024-01-16T09:45:00+00:00,BEARISH,WIN,50.0,4,True,True,False,False,True,True,False,False,TRANSITION,0.082,CHOCH,False,True,False,UPPER_SWEEP,EQUAL_HIGH,12.625,0.7530884081053191,3,41.78,-3.5722,7.39,16.7643,,False,False,0.0,,0.4541,44.5,2.0,22.4764,44.9529,CLOSING,Tuesday
955,2024-01-17T08:15:00+00:00,BULLISH,LOSS,50.0,4,True,True,False,False,False,True,True,False,TRANSITION,-0.136,CHOCH,False,True,False,LOWER_SWEEP,EQUAL_LOW,20.125,1.0986521380725955,2,44.9,-20.3867,30.55,18.3179,,False,False,0.0,,0.4541,54.5,2.0,44.1818,88.3636,MID,Wednesday
976,2024-01-18T03:45:00+00:00,BEARISH,WIN,62.5,5,True,True,True,False,True,False,True,False,BEARISH,-0.263,CHOCH,False,True,False,UPPER_SWEEP,PDL,42.65,1.295931110550672,3,18.93,-33.0989,70.69,32.9107,,False,False,0.0,,0.5259,62.9,2.0,149.0911,298.1821,OPENING,Thursday
1008,2024-01-18T06:25:00+00:00,BULLISH,LOSS,50.0,4,True,True,False,False,True,True,False,False,BEARISH,-0.151,CHOCH,False,True,False,LOWER_SWEEP,EQUAL_HIGH,49.45,2.0424853473877254,3,64.91,6.9895,12.0,24.2107,,True,False,0.0,,0.4541,55.0,2.0,67.0711,134.1421,MID,Thursday
1041,2024-01-18T09:10:00+00:00,BULLISH,WIN,62.5,5,True,True,False,False,True,True,True,False,TRANSITION,-0.138,CHOCH,False,True,False,LOWER_SWEEP,EQUAL_HIGH,55.625,2.8546575180773592,2,59.38,-4.0461,21.73,19.4857,,True,False,0.0,,0.5259,58.8,2.0,59.7486,119.4971,CLOSING,Thursday
1066,2024-01-19T05:00:00+00:00,BULLISH,LOSS,50.0,4,True,True,False,False,True,True,False,False,RANGE,0.023,CHOCH,False,True,False,LOWER_SWEEP,EQUAL_HIGH,32.8833,1.3500498827857175,2,54.18,42.811,5.52,24.3571,,True,True,0.0,,0.4541,50.8,2.0,42.5357,85.0714,MID,Friday
1094,2024-01-19T07:20:00+00:00,BULLISH,LOSS,50.0,4,True,True,False,False,True,True,False,False,RANGE,-0.016,CHOCH,False,True,False,LOWER_SWEEP,EQUAL_LOW,14.225,0.9858891368531943,2,68.42,2.3794,10.13,14.4286,,True,True,0.0,,0.4541,50.1,2.0,24.0929,48.1857,MID,Friday
1126,2024-01-20T03:45:00+00:00,BULLISH,LOSS,62.5,5,True,True,False,False,True,True,True,False,TRANSITION,0.053,BOS,True,True,True,LOWER_SWEEP,PDH,53.75,2.1598749482634605,3,79.61,11.7877,53.92,24.8857,,True,True,0.0,,0.5259,55.9,2.0,90.2386,180.4771,OPENING,Saturday
1144,2024-01-20T05:15:00+00:00,BULLISH,LOSS,50.0,4,True,True,False,False,True,True,False,False,RANGE,0.032,CHOCH,False,True,False,LOWER_SWEEP,PDH,13.7,0.623637216119884,2,60.32,11.5885,7.3,21.9679,,True,True,0.0,,0.4541,38.5,2.0,33.9468,67.8936,MID,Saturday
1156,2024-01-20T06:15:00+00:00,BEARISH,WIN,50.0,4,True,True,False,False,True,True,False,False,RANGE,-0.009,CHOCH,True,False,False,UPPER_SWEEP,EQUAL_HIGH,7.0167,0.48909133998773213,3,39.86,1.3165,17.91,14.3464,,False,True,0.0,,0.4541,33.3,2.0,18.4846,36.9693,MID,Saturday
1195,2024-01-20T09:30:00+00:00,BEARISH,LOSS,62.5,5,True,True,False,False,True,True,True,False,TRANSITION,-0.069,BOS,False,True,False,UPPER_SWEEP,PDL,36.95,1.9223365623731885,2,35.85,-12.782,48.28,19.2214,,False,False,0.0,,0.5259,56.5,2.0,43.5721,87.1443,CLOSING,Saturday
1209,2024-01-23T04:25:00+00:00,BEARISH,WIN,50.0,4,True,True,False,False,False,True,True,False,RANGE,0.019,CHOCH,False,False,True,UPPER_SWEEP,PDH,11.2,0.3108339508382803,1,66.27,25.2191,37.37,36.0321,,True,True,0.0,,0.4541,27.7,2.0,61.1032,122.2064,OPENING,Tuesday
1229,2024-01-23T06:05:00+00:00,BEARISH,WIN,62.5,5,True,True,False,False,True,True,True,False,TRANSITION,-0.113,CHOCH,False,True,False,UPPER_SWEEP,PDL,17.7,0.5838135227044089,2,28.14,-28.6086,65.31,30.3179,,False,False,0.0,,0.5259,44.1,2.0,53.3818,106.7636,MID,Tuesday
1246,2024-01-23T07:30:00+00:00,BEARISH,WIN,75.0,6,True,True,True,False,True,True,True,False,BEARISH,-0.194,CHOCH,True,True,False,UPPER_SWEEP,EQUAL_LOW,29.075,0.9752031743156807,3,24.16,-47.3165,41.69,29.8143,,False,False,0.0,,0.5965,64.0,2.0,41.5314,83.0629,MID,Tuesday
1262,2024-01-23T08:50:00+00:00,BEARISH,WIN,75.0,6,True,True,True,False,True,True,True,False,BEARISH,-0.253,BOS,False,True,False,UPPER_SWEEP,EQUAL_LOW,6.3,0.24224154173283446,3,25.22,-39.1035,52.32,26.0071,,False,False,0.0,,0.5965,41.5,2.0,69.4007,138.8014,MID,Tuesday
1276,2024-01-24T03:45:00+00:00,BEARISH,LOSS,75.0,6,True,True,True,False,True,True,True,False,BEARISH,-0.307,BOS,False,True,False,UPPER_SWEEP,PDL,78.65,2.0508474576271185,1,30.87,-40.094,53.67,38.35,,False,False,0.0,,0.5965,68.6,2.0,128.335,256.67,OPENING,Wednesday
1302,2024-01-24T05:55:00+00:00,BEARISH,TIMEOUT,75.0,6,True,True,True,False,True,True,True,False,BEARISH,-0.167,CHOCH,False,True,False,UPPER_SWEEP,EQUAL_LOW,57.45,1.9918246778236586,1,36.48,12.4404,23.88,28.8429,,False,True,0.0,,0.5965,63.9,2.0,94.2843,188.5686,MID,Wednesday
1317,2024-01-24T07:10:00+00:00,BEARISH,LOSS,62.5,5,True,True,True,False,True,True,False,False,BEARISH,-0.204,CHOCH,True,False,False,UPPER_SWEEP,EQUAL_LOW,24.45,0.7126056886044295,2,42.72,-26.8145,18.23,34.3107,,False,False,0.0,,0.5259,51.4,2.0,36.2311,72.4621,MID,Wednesday
1335,2024-01-24T08:40:00+00:00,BULLISH,WIN,50.0,4,True,True,False,False,True,True,False,False,TRANSITION,-0.093,BOS,False,False,True,LOWER_SWEEP,EQUAL_HIGH,41.6167,1.5362781614881151,3,54.75,9.5728,19.56,27.0893,,True,False,0.0,,0.4541,53.1,2.0,49.0089,98.0179,MID,Wednesday
1348,2024-01-24T09:45:00+00:00,BULLISH,LOSS,50.0,4,True,True,False,False,True,False,True,False,RANGE,0.017,BOS,False,True,False,LOWER_SWEEP,EQUAL_HIGH,26.4,1.0095602294455066,3,87.01,40.5434,79.73,26.15,,True,True,0.0,,0.4541,50.6,2.0,75.915,151.83,CLOSING,Wednesday
1363,2024-01-25T04:45:00+00:00,BEARISH,WIN,62.5,5,True,True,False,False,True,True,True,False,TRANSITION,-0.11,BOS,False,False,True,UPPER_SWEEP,EQUAL_LOW,56.8,1.4362875002528674,2,28.93,-4.6419,87.72,39.5464,,False,True,0.0,,0.5259,57.8,2.0,62.9546,125.9093,MID,Thursday
1379,2024-01-25T06:05:00+00:00,BULLISH,LOSS,62.5,5,True,True,False,False,True,True,True,False,TRANSITION,-0.082,CHOCH,True,False,True,LOWER_SWEEP,EQUAL_HIGH,53.1667,1.8152260381777645,0,58.19,-17.0466,35.82,29.2893,,True,False,0.0,,0.5259,56.9,2.0,68.3789,136.7579,MID,Thursday
1416,2024-01-25T09:10:00+00:00,BEARISH,LOSS,50.0,4,True,True,False,False,True,True,False,False,TRANSITION,-0.132,CHOCH,False,True,False,UPPER_SWEEP,EQUAL_LOW,31.25,1.65876651467942,2,41.06,-7.06,3.04,18.8393,,False,False,0.0,,0.4541,54.4,2.0,38.0339,76.0679,CLOSING,Thursday
1428,2024-01-29T03:55:00+00:00,BULLISH,TIMEOUT,50.0,4,True,True,False,False,True,False,True,False,TRANSITION,0.118,CHOCH,False,True,False,LOWER_SWEEP,PDH,91.6,2.6136778670562455,3,89.42,51.0621,87.79,35.0464,,True,True,0.0,,0.4541,53.9,2.0,182.2546,364.5093,OPENING,Monday
1442,2024-01-29T05:05:00+00:00,BULLISH,WIN,62.5,5,True,True,False,False,True,True,True,False,TRANSITION,0.142,BOS,True,False,True,LOWER_SWEEP,EQUAL_HIGH,20.75,0.8084027131163828,3,67.09,65.0735,54.1,25.6679,,True,True,0.0,,0.5259,52.5,2.0,41.5668,83.1336,MID,Monday
1457,2024-01-29T06:20:00+00:00,BULLISH,TIMEOUT,75.0,6,True,True,True,False,True,True,True,False,BULLISH,0.157,BOS,False,True,False,LOWER_SWEEP,EQUAL_HIGH,34.725,1.5090805581751099,3,65.31,39.826,31.88,23.0107,,True,True,0.0,,0.5965,63.6,2.0,44.8511,89.7021,MID,Monday
1494,2024-01-29T09:25:00+00:00,BEARISH,LOSS,50.0,4,True,True,False,False,True,True,False,False,TRANSITION,0.134,BOS,True,False,True,UPPER_SWEEP,EQUAL_LOW,39.65,2.0174420971221556,3,44.86,14.2964,19.28,19.6536,,False,True,0.0,,0.4541,54.5,2.0,45.0654,90.1307,CLOSING,Monday
1510,2024-01-30T04:30:00+00:00,BULLISH,LOSS,50.0,4,True,True,False,False,True,True,False,False,TRANSITION,0.141,CHOCH,False,True,False,LOWER_SWEEP,PDH,56.15,1.4954829224639379,1,53.38,8.6066,19.1,37.5464,,True,True,0.0,,0.4541,54.7,2.0,65.6546,131.3093,MID,Tuesday
1524,2024-01-30T05:40:00+00:00,BEARISH,LOSS,62.5,5,True,True,False,False,True,True,True,False,TRANSITION,0.061,BOS,True,True,False,UPPER_SWEEP,EQUAL_LOW,27.175,1.0644923732597948,2,27.43,-11.9419,69.84,25.5286,,False,True,0.0,,0.5259,56.2,2.0,36.4529,72.9057,MID,Tuesday
1538,2024-01-30T06:50:00+00:00,BEARISH,WIN,62.5,5,True,True,False,False,True,True,True,False,TRANSITION,0.063,CHOCH,True,False,False,UPPER_SWEEP,EQUAL_LOW,12.57,0.67347824456315,2,53.9,-3.4265,31.75,18.6643,,False,True,0.0,,0.5259,45.4,2.0,24.4164,48.8329,MID,Tuesday
1559,2024-01-30T08:35:00+00:00,BEARISH,WIN,62.5,5,True,True,False,False,True,True,True,False,RANGE,0.016,BOS,False,False,True,UPPER_SWEEP,EQUAL_LOW,30.775,1.5450926051441165,3,23.84,-11.7264,67.81,19.9179,,False,False,0.0,,0.5259,54.7,2.0,37.9918,75.9836,MID,Tuesday
1576,2024-01-31T03:45:00+00:00,BEARISH,LOSS,50.0,4,True,True,False,False,True,False,True,False,TRANSITION,-0.106,BOS,True,True,True,UPPER_SWEEP,PDL,33.7,1.0703271643952652,3,18.11,-43.9403,89.28,31.4857,,False,False,0.0,,0.4541,53.5,2.0,59.5986,119.1971,OPENING,Wednesday
1589,2024-01-31T04:50:00+00:00,BULLISH,WIN,62.5,5,True,True,False,False,True,True,True,False,RANGE,0.01,BOS,True,False,False,LOWER_SWEEP,EQUAL_HIGH,23.2,0.6443173707407706,3,67.75,0.6414,21.47,36.0071,,True,False,0.0,,0.5259,42.6,2.0,48.5507,97.1014,MID,Wednesday
1603,2024-01-31T06:00:00+00:00,BULLISH,TIMEOUT,62.5,5,True,True,False,False,True,True,True,False,TRANSITION,0.083,BOS,False,True,False,LOWER_SWEEP,EQUAL_HIGH,55.95,2.3382061633359243,2,70.64,24.4563,48.61,23.9286,,True,True,0.0,,0.5259,56.9,2.0,60.8429,121.6857,MID,Wednesday
1645,2024-01-31T09:30:00+00:00,BULLISH,WIN,62.5,5,True,True,False,False,True,True,True,False,TRANSITION,0.081,CHOCH,True,False,True,LOWER_SWEEP,EQUAL_HIGH,37.85,2.028718289551967,1,61.83,5.0473,27.03,18.6571,,True,True,0.0,,0.5259,56.9,2.0,44.5657,89.1314,CLOSING,Wednesday
1661,2024-02-01T04:35:00+00:00,BULLISH,TIMEOUT,62.5,5,True,True,False,False,True,True,True,False,TRANSITION,0.121,CHOCH,False,False,True,LOWER_SWEEP,EQUAL_HIGH,39.0,1.0247759288017217,1,61.5,17.7082,24.39,38.0571,,True,True,0.0,,0.5259,58.2,2.0,61.2057,122.4114,MID,Thursday
1701,2024-02-01T07:55:00+00:00,BEARISH,TIMEOUT,62.5,5,True,True,False,False,True,True,True,False,RANGE,0.045,CHOCH,False,False,True,UPPER_SWEEP,EQUAL_HIGH,31.3,1.1314220855036996,3,45.65,-7.3891,33.1,27.6643,,False,False,0.0,,0.5259,55.7,2.0,38.2664,76.5329,MID,Thursday
1716,2024-02-01T09:10:00+00:00,BEARISH,LOSS,50.0,4,True,True,False,False,True,True,False,False,RANGE,0.035,CHOCH,False,True,False,UPPER_SWEEP,EQUAL_LOW,28.1071,1.4371813816976955,3,50.76,-5.7186,6.31,19.5571,,False,False,0.0,,0.4541,51.2,2.0,31.3057,62.6114,CLOSING,Thursday
1728,2024-02-02T03:55:00+00:00,BULLISH,TIMEOUT,75.0,6,True,True,True,False,True,True,True,False,BULLISH,0.235,CHOCH,True,True,False,LOWER_SWEEP,PDH,152.85,4.157973052743827,3,79.27,37.9103,59.53,36.7607,,True,True,0.0,,0.5965,66.2,2.0,264.4261,528.8521,OPENING,Friday
1747,2024-02-02T05:30:00+00:00,BULLISH,WIN,62.5,5,True,True,True,False,True,True,False,False,BULLISH,0.216,CHOCH,False,True,False,LOWER_SWEEP,EQUAL_HIGH,22.75,1.5294117647058822,3,53.86,35.8009,0.76,14.875,,True,True,0.0,,0.5259,61.4,2.0,28.5875,57.175,MID,Friday
1764,2024-02-02T06:55:00+00:00,BEARISH,WIN,62.5,5,True,True,False,False,True,True,True,False,BULLISH,0.179,CHOCH,False,True,False,UPPER_SWEEP,EQUAL_HIGH,125.65,4.03648092108222,3,34.41,28.6929,26.92,31.1286,,False,True,0.0,,0.5259,60.1,2.0,133.8629,267.7257,MID,Friday
1794,2024-02-02T09:25:00+00:00,BEARISH,LOSS,50.0,4,True,True,False,False,True,True,False,False,TRANSITION,0.101,CHOCH,False,True,False,UPPER_SWEEP,EQUAL_LOW,44.125,1.71907323933785,3,50.46,-11.9978,14.49,25.6679,,False,False,0.0,,0.4541,53.4,2.0,57.9168,115.8336,CLOSING,Friday
1808,2024-02-05T04:20:00+00:00,BULLISH,LOSS,75.0,6,True,True,True,False,True,True,True,False,BULLISH,0.174,BOS,False,True,False,LOWER_SWEEP,EQUAL_HIGH,89.55,2.5833494402021677,3,68.42,7.6569,65.8,34.6643,,True,False,0.0,,0.5965,64.1,2.0,98.1164,196.2329,OPENING,Monday
1835,2024-02-05T06:35:00+00:00,BEARISH,LOSS,50.0,4,True,True,False,False,True,True,False,False,TRANSITION,0.116,CHOCH,False,True,False,UPPER_SWEEP,EQUAL_HIGH,29.35,1.6416274204915375,2,47.99,5.4631,5.19,17.8786,,False,True,0.0,,0.4541,53.9,2.0,31.6879,63.3757,MID,Monday
1847,2024-02-05T07:35:00+00:00,BULLISH,LOSS,62.5,5,True,True,False,False,True,True,True,False,TRANSITION,0.145,BOS,False,False,True,LOWER_SWEEP,EQUAL_HIGH,18.54,1.0814972962567593,3,54.3,6.3103,24.26,17.1429,,True,True,0.0,,0.5259,59.0,2.0,24.9643,49.9286,MID,Monday
1859,2024-02-05T08:35:00+00:00,BEARISH,WIN,62.5,5,True,True,False,False,True,True,True,False,TRANSITION,0.103,CHOCH,False,True,False,UPPER_SWEEP,EQUAL_LOW,45.14,2.3655677310149303,1,39.24,1.0625,42.51,19.0821,,False,True,0.0,,0.5259,57.6,2.0,49.9082,99.8164,MID,Monday
1880,2024-02-06T04:05:00+00:00,BULLISH,TIMEOUT,62.5,5,True,True,False,False,True,True,True,False,TRANSITION,0.071,BOS,False,True,False,LOWER_SWEEP,EQUAL_LOW,103.475,2.4466281574448665,3,62.92,-21.7283,34.08,42.2929,,True,False,0.0,,0.5259,56.5,2.0,112.5293,225.0586,OPENING,Tuesday
1903,2024-02-06T06:00:00+00:00,BULLISH,TIMEOUT,50.0,4,True,True,False,False,True,True,False,False,TRANSITION,0.11,CHOCH,False,False,True,LOWER_SWEEP,EQUAL_HIGH,32.975,1.4361495947423206,0,61.9,7.5117,8.42,22.9607,,True,False,0.0,,0.4541,53.7,2.0,51.2461,102.4921,MID,Tuesday
1916,2024-02-06T07:05:00+00:00,BULLISH,LOSS,62.5,5,True,True,False,False,True,True,True,False,TRANSITION,0.116,CHOCH,False,True,False,LOWER_SWEEP,EQUAL_HIGH,30.65,1.56121861644959,2,68.35,15.0241,56.07,19.6321,,True,True,0.0,,0.5259,58.0,2.0,37.0632,74.1264,MID,Tuesday
1940,2024-02-06T09:05:00+00:00,BULLISH,LOSS,50.0,4,True,True,False,False,True,True,False,False,TRANSITION,0.14,BOS,False,True,False,LOWER_SWEEP,EQUAL_HIGH,26.675,1.3649458371070824,2,59.83,11.121,1.8,19.5429,,True,True,0.0,,0.4541,54.7,2.0,37.3043,74.6086,CLOSING,Tuesday
1952,2024-02-07T03:50:00+00:00,BULLISH,TIMEOUT,75.0,6,True,True,True,False,True,True,True,False,BULLISH,0.188,CHOCH,False,True,False,LOWER_SWEEP,EQUAL_HIGH,43.0,1.567095370508723,3,73.36,21.0298,41.21,27.4393,,True,True,0.0,,0.5965,64.6,2.0,105.0939,210.1879,OPENING,Wednesday
1968,2024-02-07T05:10:00+00:00,BEARISH,WIN,62.5,5,True,True,False,False,True,True,True,False,TRANSITION,0.131,CHOCH,False,True,False,UPPER_SWEEP,EQUAL_LOW,40.2,1.597272716436413,2,41.17,12.0034,32.7,25.1679,,False,True,0.0,,0.5259,58.5,2.0,46.1168,92.2336,MID,Wednesday
1980,2024-02-07T06:10:00+00:00,BEARISH,TIMEOUT,62.5,5,True,True,False,False,True,True,True,False,TRANSITION,0.074,BOS,True,False,False,UPPER_SWEEP,EQUAL_LOW,43.6714,1.8264375363331062,3,26.22,-17.0709,79.95,23.9107,,False,True,0.0,,0.5259,56.6,2.0,49.1411,98.2821,MID,Wednesday
2004,2024-02-07T08:10:00+00:00,BULLISH,WIN,50.0,4,True,True,False,False,True,True,False,False,TRANSITION,0.105,CHOCH,False,True,False,LOWER_SWEEP,EQUAL_HIGH,43.925,2.384908159996525,2,53.21,-1.2447,7.93,18.4179,,True,False,0.0,,0.4541,53.5,2.0,46.4918,92.9836,MID,Wednesday
2026,2024-02-08T03:45:00+00:00,BULLISH,LOSS,50.0,4,True,True,False,False,True,True,False,False,TRANSITION,0.139,CHOCH,False,True,True,LOWER_SWEEP,EQUAL_HIGH,63.9,2.7035374454744305,2,53.98,7.619,11.86,23.6357,,True,True,0.0,,0.4541,54.6,2.0,74.8636,149.7271,OPENING,Thursday
2038,2024-02-08T04:45:00+00:00,BEARISH,WIN,50.0,4,True,True,False,False,True,True,False,False,TRANSITION,0.066,CHOCH,False,False,True,UPPER_SWEEP,EQUAL_LOW,82.6625,2.614718655798167,2,44.17,0.8989,7.42,31.6143,,False,True,0.0,,0.4541,52.2,2.0,92.5614,185.1229,MID,Thursday
2082,2024-02-08T08:25:00+00:00,BEARISH,WIN,62.5,5,True,True,False,False,True,True,True,False,RANGE,-0.028,CHOCH,True,True,False,UPPER_SWEEP,EQUAL_LOW,17.0125,0.8201601511842607,3,40.2,-10.5624,32.88,20.7429,,False,False,0.0,,0.5259,49.1,2.0,28.0243,56.0486,MID,Thursday
2100,2024-02-08T09:55:00+00:00,BULLISH,LOSS,50.0,4,True,True,False,False,True,True,False,False,RANGE,-0.023,CHOCH,False,True,False,LOWER_SWEEP,EQUAL_LOW,22.5667,0.9196146589348515,2,53.66,-12.5431,0.13,24.5393,,True,False,0.0,,0.4541,48.1,2.0,53.6039,107.2079,CLOSING,Thursday
2123,2024-02-09T05:35:00+00:00,BEARISH,LOSS,62.5,5,True,True,False,False,True,True,True,False,TRANSITION,-0.097,CHOCH,True,True,False,UPPER_SWEEP,PDL,30.7,1.058361573545787,3,44.5,-18.5773,52.85,29.0071,,False,False,0.0,,0.5259,57.4,2.0,43.4007,86.8014,MID,Friday
2181,2024-02-12T04:10:00+00:00,BEARISH,WIN,50.0,4,True,True,False,False,True,True,False,False,RANGE,-0.017,CHOCH,False,True,False,UPPER_SWEEP,EQUAL_LOW,55.95,1.8019323671497585,1,42.85,7.4644,14.97,31.05,,False,True,0.0,,0.4541,50.6,2.0,75.705,151.41,OPENING,Monday
2209,2024-02-12T06:30:00+00:00,BEARISH,WIN,50.0,4,True,True,False,False,True,True,False,False,TRANSITION,-0.083,CHOCH,False,False,True,UPPER_SWEEP,EQUAL_LOW,27.3,1.2504523156269896,3,40.87,-12.0589,2.16,21.8321,,False,False,0.0,,0.4541,52.8,2.0,48.2332,96.4664,MID,Monday
2221,2024-02-12T07:30:00+00:00,BEARISH,TIMEOUT,62.5,5,True,True,False,False,True,True,True,False,TRANSITION,-0.122,BOS,False,True,False,UPPER_SWEEP,EQUAL_LOW,42.975,1.558273443902156,3,28.88,-20.1234,51.99,27.5786,,False,False,0.0,,0.5259,58.2,2.0,79.2579,158.5157,MID,Monday
2235,2024-02-12T08:40:00+00:00,BULLISH,LOSS,62.5,5,True,True,False,False,True,True,True,False,RANGE,-0.039,CHOCH,False,False,True,LOWER_SWEEP,EQUAL_HIGH,77.35,2.8962335858254917,3,69.7,-2.8068,41.75,26.7071,,True,False,0.0,,0.5259,55.5,2.0,83.5207,167.0414,MID,Monday
2248,2024-02-12T09:45:00+00:00,BEARISH,LOSS,50.0,4,True,True,False,False,True,True,False,False,TRANSITION,-0.114,BOS,False,True,False,UPPER_SWEEP,EQUAL_LOW,51.3,1.6159312551974396,3,38.99,-10.461,19.01,31.7464,,False,False,0.0,,0.4541,53.8,2.0,69.3246,138.6493,CLOSING,Monday
2260,2024-02-13T04:30:00+00:00,BULLISH,TIMEOUT,50.0,4,True,True,False,False,True,True,False,False,RANGE,-0.034,CHOCH,True,True,False,LOWER_SWEEP,EQUAL_LOW,72.55,1.5618945102260493,2,54.89,2.4644,13.3,46.45,,True,False,0.0,,0.4541,51.1,2.0,81.445,162.89,MID,Tuesday
2285,2024-02-13T06:35:00+00:00,BEARISH,WIN,62.5,5,True,True,False,False,True,True,True,False,RANGE,-0.026,CHOCH,False,True,False,UPPER_SWEEP,EQUAL_LOW,40.0,1.7404849861413885,2,38.36,6.6291,27.27,22.9821,,False,True,0.0,,0.5259,55.0,2.0,51.0482,102.0964,MID,Tuesday
2302,2024-02-13T08:00:00+00:00,BULLISH,TIMEOUT,62.5,5,True,True,False,False,True,True,True,False,RANGE,0.012,CHOCH,False,True,False,LOWER_SWEEP,EQUAL_LOW,48.575,1.8419575752519775,3,67.4,4.457,46.12,26.3714,,True,True,0.0,,0.5259,54.6,2.0,54.6871,109.3743,MID,Tuesday
2326,2024-02-14T03:45:00+00:00,BEARISH,TIMEOUT,62.5,5,True,True,False,False,True,True,True,False,TRANSITION,-0.114,CHOCH,True,True,True,UPPER_SWEEP,EQUAL_LOW,156.75,4.99488561950921,3,24.29,-3.9533,53.03,31.3821,,False,True,0.0,,0.5259,58.0,2.0,175.5382,351.0764,OPENING,Wednesday
2338,2024-02-14T04:45:00+00:00,BULLISH,TIMEOUT,50.0,4,True,True,False,False,False,True,True,False,TRANSITION,-0.069,BOS,False,True,False,LOWER_SWEEP,EQUAL_LOW,57.0,1.3317757009345794,2,34.28,-28.7829,38.68,42.8,,False,False,0.0,,0.4541,52.3,2.0,63.88,127.76,MID,Wednesday
2364,2024-02-14T06:55:00+00:00,BULLISH,WIN,62.5,5,True,True,False,False,True,True,True,False,RANGE,-0.036,CHOCH,False,False,True,LOWER_SWEEP,EQUAL_LOW,35.8,1.9643347050754456,3,71.84,1.2481,34.16,18.225,,True,False,0.0,,0.5259,55.4,2.0,44.8725,89.745,MID,Wednesday
2378,2024-02-14T08:05:00+00:00,BEARISH,LOSS,50.0,4,True,True,False,False,True,True,False,False,RANGE,-0.042,CHOCH,True,True,False,UPPER_SWEEP,EQUAL_LOW,36.5,2.0273723033171147,3,47.65,10.1739,6.89,18.0036,,False,True,0.0,,0.4541,51.4,2.0,40.2504,80.5007,MID,Wednesday
2390,2024-02-14T09:05:00+00:00,BULLISH,WIN,62.5,5,True,True,False,False,True,True,True,False,TRANSITION,0.081,CHOCH,False,True,False,LOWER_SWEEP,EQUAL_HIGH,62.125,2.2590909090909093,3,76.47,32.7822,55.69,27.5,,True,True,0.0,,0.5259,56.9,2.0,80.85,161.7,CLOSING,Wednesday
2402,2024-02-15T03:50:00+00:00,BULLISH,LOSS,62.5,5,True,True,True,False,True,False,True,False,BULLISH,0.15,BOS,True,True,True,LOWER_SWEEP,PDH,44.35,1.3518415221095434,3,82.77,50.7711,51.66,32.8071,,True,True,0.0,,0.5259,59.2,2.0,81.6807,163.3614,OPENING,Thursday
2437,2024-02-15T06:45:00+00:00,BEARISH,LOSS,50.0,4,True,True,False,False,True,True,False,False,TRANSITION,0.076,CHOCH,True,False,True,UPPER_SWEEP,EQUAL_LOW,18.7,0.961439588688946,3,42.73,2.8903,19.11,19.45,,False,True,0.0,,0.4541,51.2,2.0,22.895,45.79,MID,Thursday
2453,2024-02-15T08:05:00+00:00,BULLISH,TIMEOUT,62.5,5,True,True,False,False,True,True,True,False,TRANSITION,0.13,CHOCH,False,False,True,LOWER_SWEEP,EQUAL_HIGH,63.0167,2.7730121012101208,3,66.37,6.7553,21.04,22.725,,True,True,0.0,,0.5259,58.5,2.0,80.0225,160.045,MID,Thursday
2476,2024-02-16T03:45:00+00:00,BULLISH,TIMEOUT,62.5,5,True,True,True,False,True,False,True,False,BULLISH,0.18,CHOCH,True,True,True,LOWER_SWEEP,PDH,46.35,1.8713738346811801,3,85.17,15.7872,72.38,24.7679,,True,True,0.0,,0.5259,60.2,2.0,100.4268,200.8536,OPENING,Friday
2488,2024-02-16T04:45:00+00:00,BULLISH,TIMEOUT,75.0,6,True,True,True,False,True,True,True,False,BULLISH,0.186,CHOCH,True,False,False,LOWER_SWEEP,EQUAL_HIGH,18.05,0.6678111333920366,2,71.17,31.1875,71.72,27.0286,,True,True,0.0,,0.5965,53.5,2.0,24.4529,48.9057,MID,Friday
2504,2024-02-16T06:05:00+00:00,BEARISH,LOSS,62.5,5,True,True,False,False,True,True,True,False,BULLISH,0.168,CHOCH,False,True,False,UPPER_SWEEP,EQUAL_HIGH,22.8,1.5453855330224489,3,37.98,15.2836,43.82,14.7536,,False,True,0.0,,0.5259,59.8,2.0,27.5754,55.1507,MID,Friday
2520,2024-02-16T07:25:00+00:00,BULLISH,LOSS,75.0,6,True,True,True,False,True,True,True,False,BULLISH,0.189,BOS,False,True,False,LOWER_SWEEP,EQUAL_HIGH,10.95,0.9333367427826219,2,70.38,10.1375,56.68,11.7321,,True,True,0.0,,0.5965,62.4,2.0,25.4732,50.9464,MID,Friday
2550,2024-02-16T09:55:00+00:00,BEARISH,LOSS,50.0,4,True,True,False,False,True,True,False,False,BULLISH,0.15,CHOCH,True,False,False,UPPER_SWEEP,EQUAL_HIGH,8.6,0.4374208446291333,3,45.39,-2.705,12.2,19.6607,,False,True,0.0,,0.4541,36.2,2.0,24.2661,48.5321,CLOSING,Friday
2564,2024-02-19T04:50:00+00:00,BULLISH,TIMEOUT,75.0,6,True,True,True,False,True,True,True,False,BULLISH,0.182,CHOCH,False,True,False,LOWER_SWEEP,PDH,30.1,1.1561048867516526,3,65.1,5.3305,26.18,26.0357,,True,True,0.0,,0.5965,64.4,2.0,57.7536,115.5071,MID,Monday
2576,2024-02-19T05:50:00+00:00,BULLISH,WIN,75.0,6,True,True,True,False,True,True,True,False,BULLISH,0.202,BOS,True,False,True,LOWER_SWEEP,EQUAL_HIGH,2.475,0.13725522817641872,3,72.12,19.0675,71.28,18.0321,,True,True,0.0,,0.5965,36.3,2.0,24.7032,49.4064,MID,Monday
2601,2024-02-19T07:55:00+00:00,BEARISH,LOSS,50.0,4,True,True,False,False,True,True,False,False,BULLISH,0.193,CHOCH,False,False,True,UPPER_SWEEP,EQUAL_HIGH,16.3,1.123309006457304,2,48.54,11.4146,13.19,14.5107,,False,True,0.0,,0.4541,56.4,2.0,30.1011,60.2021,MID,Monday
2613,2024-02-19T08:55:00+00:00,BULLISH,LOSS,62.5,5,True,True,True,False,True,True,False,False,BULLISH,0.22,BOS,False,True,False,LOWER_SWEEP,EQUAL_HIGH,17.8667,1.3702192602363623,3,62.28,9.6567,11.55,13.0393,,True,True,0.0,,0.5259,61.5,2.0,31.1039,62.2079,MID,Monday
2626,2024-02-20T03:45:00+00:00,BEARISH,TIMEOUT,50.0,4,True,True,False,False,True,False,True,False,TRANSITION,0.102,CHOCH,False,True,False,UPPER_SWEEP,EQUAL_HIGH,67.825,2.9402329644224223,3,19.37,-13.4576,77.0,23.0679,,False,False,0.0,,0.4541,53.4,2.0,74.3568,148.7136,OPENING,Tuesday
2638,2024-02-20T04:45:00+00:00,BULLISH,TIMEOUT,62.5,5,True,True,True,False,True,True,False,False,BULLISH,0.156,CHOCH,False,True,False,LOWER_SWEEP,EQUAL_HIGH,64.775,2.268540569315253,3,50.91,-11.9006,7.52,28.5536,,True,False,0.0,,0.5259,59.4,2.0,75.1054,150.2107,MID,Tuesday
2659,2024-02-20T06:30:00+00:00,BULLISH,TIMEOUT,75.0,6,True,True,True,False,True,True,True,False,BULLISH,0.175,BOS,False,True,False,LOWER_SWEEP,EQUAL_HIGH,41.6,2.4740845589765854,2,77.33,8.2747,64.97,16.8143,,True,True,0.0,,0.5965,64.2,2.0,49.5814,99.1629,MID,Tuesday
2673,2024-02-20T07:40:00+00:00,BEARISH,LOSS,50.0,4,True,True,False,False,True,True,False,False,BULLISH,0.157,CHOCH,True,False,True,UPPER_SWEEP,EQUAL_LOW,18.375,1.3121625867634037,3,40.21,8.6404,14.15,14.0036,,False,True,0.0,,0.4541,55.2,2.0,23.4504,46.9007,MID,Tuesday
2695,2024-02-20T09:30:00+00:00,BULLISH,WIN,62.5,5,True,True,True,False,True,True,False,False,BULLISH,0.179,CHOCH,False,False,True,LOWER_SWEEP,EQUAL_HIGH,45.05,2.0221198818597217,3,60.42,1.8599,13.56,22.2786,,True,True,0.0,,0.5259,60.1,2.0,48.3279,96.6557,CLOSING,Tuesday
2712,2024-02-21T04:40:00+00:00,BEARISH,WIN,37.5,3,True,True,False,False,False,True,False,False,BULLISH,0.183,CHOCH,True,False,True,UPPER_SWEEP,PDH,33.8,1.446651515346062,2,54.16,21.066,14.46,23.3643,,True,True,0.0,,0.3843,51.9,2.0,37.8364,75.6729,MID,Wednesday
2743,2024-02-21T07:15:00+00:00,BULLISH,LOSS,75.0,6,True,True,True,False,True,True,True,False,BULLISH,0.182,BOS,True,False,True,LOWER_SWEEP,EQUAL_HIGH,18.7,1.318228920673636,0,61.13,5.4876,35.57,14.1857,,True,True,0.0,,0.5965,64.4,2.0,24.6186,49.2371,MID,Wednesday
2755,2024-02-21T08:15:00+00:00,BEARISH,WIN,62.5,5,True,True,False,False,True,True,True,False,TRANSITION,0.123,CHOCH,False,True,False,UPPER_SWEEP,EQUAL_HIGH,55.825,3.0745548573285384,1,33.98,-3.7839,47.23,18.1571,,False,True,0.0,,0.5259,58.3,2.0,64.2657,128.5314,MID,Wednesday
2771,2024-02-21T09:35:00+00:00,BULLISH,LOSS,50.0,4,True,True,False,False,False,True,True,False,TRANSITION,0.064,CHOCH,False,True,False,LOWER_SWEEP,EQUAL_HIGH,68.4,2.013245033112583,2,36.09,-41.7523,43.58,33.975,,False,False,0.0,,0.4541,52.1,2.0,85.0475,170.095,CLOSING,Wednesday
2784,2024-02-22T04:25:00+00:00,BEARISH,TIMEOUT,50.0,4,True,True,False,False,True,True,False,False,RANGE,-0.045,BOS,False,True,False,UPPER_SWEEP,PDL,69.95,1.5107991360691146,2,38.96,-33.645,9.71,46.3,,False,False,0.0,,0.4541,51.5,2.0,126.38,252.76,OPENING,Thursday
2806,2024-02-22T06:15:00+00:00,BULLISH,TIMEOUT,50.0,4,True,True,False,False,True,True,False,False,RANGE,-0.024,CHOCH,True,True,False,LOWER_SWEEP,EQUAL_HIGH,39.225,1.624701257926761,3,53.51,-17.4659,3.69,24.1429,,True,False,0.0,,0.4541,50.8,2.0,45.9143,91.8286,MID,Thursday
2829,2024-02-22T08:10:00+00:00,BULLISH,WIN,62.5,5,True,True,False,False,True,True,True,False,RANGE,0.044,CHOCH,False,True,False,LOWER_SWEEP,PDL,38.15,2.0798238010347325,3,69.87,8.8602,62.36,18.3429,,True,False,0.0,,0.5259,55.6,2.0,58.6343,117.2686,MID,Thursday
2843,2024-02-22T09:20:00+00:00,BULLISH,WIN,62.5,5,True,True,True,False,True,False,True,False,BULLISH,0.159,BOS,False,True,False,LOWER_SWEEP,EQUAL_LOW,78.125,2.388362217867548,3,82.97,41.4881,74.19,32.7107,,True,True,0.0,,0.5259,59.5,2.0,94.7211,189.4421,CLOSING,Thursday
2863,2024-02-23T04:45:00+00:00,BULLISH,LOSS,75.0,6,True,True,True,False,True,True,True,False,BULLISH,0.214,CHOCH,False,True,False,LOWER_SWEEP,PDH,10.7,0.41187746837781863,3,61.59,43.9566,20.23,25.9786,,True,True,0.0,,0.5965,45.9,2.0,36.7479,73.4957,MID,Friday
2900,2024-02-23T07:50:00+00:00,BEARISH,TIMEOUT,50.0,4,True,True,False,False,True,True,False,False,TRANSITION,0.15,CHOCH,False,False,True,UPPER_SWEEP,EQUAL_LOW,23.5,1.7024544321771133,3,47.38,3.9438,0.7,13.8036,,False,True,0.0,,0.4541,55.0,2.0,34.2304,68.4607,MID,Friday
2915,2024-02-23T09:05:00+00:00,BULLISH,LOSS,75.0,6,True,True,True,False,True,True,True,False,BULLISH,0.158,CHOCH,False,False,True,LOWER_SWEEP,EQUAL_LOW,19.8,0.9841981518945815,2,55.51,-2.9599,30.13,20.1179,,True,True,0.0,,0.5965,63.1,2.0,28.0118,56.0236,CLOSING,Friday
2934,2024-02-26T04:25:00+00:00,BEARISH,TIMEOUT,62.5,5,True,True,False,False,True,True,True,False,RANGE,0.037,CHOCH,False,True,False,UPPER_SWEEP,EQUAL_LOW,66.4,2.33655548087649,2,27.3,-21.6622,57.45,28.4179,,False,False,0.0,,0.5259,55.4,2.0,91.3418,182.6836,OPENING,Monday
2957,2024-02-26T06:20:00+00:00,BEARISH,TIMEOUT,62.5,5,True,True,False,False,True,True,True,False,RANGE,0.025,BOS,True,False,True,UPPER_SWEEP,EQUAL_HIGH,21.975,1.4096207013785098,1,37.27,-17.1205,66.31,15.5893,,False,False,0.0,,0.5259,55.0,2.0,30.8589,61.7179,MID,Monday
2970,2024-02-26T07:25:00+00:00,BULLISH,WIN,50.0,4,True,True,False,False,True,True,False,False,TRANSITION,0.057,CHOCH,False,True,False,LOWER_SWEEP,EQUAL_HIGH,20.3333,1.3178966335247528,1,54.45,-7.9746,10.21,15.4286,,True,False,0.0,,0.4541,51.9,2.0,31.4429,62.8857,MID,Monday
2991,2024-02-26T09:10:00+00:00,BEARISH,WIN,50.0,4,True,True,False,False,True,True,False,False,TRANSITION,0.073,CHOCH,True,False,False,UPPER_SWEEP,EQUAL_LOW,26.05,1.6435331230283912,3,53.29,6.2695,14.71,15.85,,False,True,0.0,,0.4541,52.4,2.0,28.185,56.37,CLOSING,Monday
3027,2024-02-27T05:55:00+00:00,BULLISH,LOSS,62.5,5,True,True,False,False,True,True,True,False,TRANSITION,0.085,BOS,False,True,False,LOWER_SWEEP,EQUAL_HIGH,30.8,2.0315684631976096,1,67.71,6.0015,45.2,15.1607,,True,True,0.0,,0.5259,57.0,2.0,38.2161,76.4321,MID,Tuesday
3043,2024-02-27T07:15:00+00:00,BULLISH,TIMEOUT,50.0,4,True,True,False,False,True,True,False,False,TRANSITION,0.099,CHOCH,False,True,False,LOWER_SWEEP,EQUAL_HIGH,42.69,2.49858068443201,3,57.34,5.0273,7.59,17.0857,,True,True,0.0,,0.4541,53.3,2.0,57.1586,114.3171,MID,Tuesday
3055,2024-02-27T08:15:00+00:00,BEARISH,TIMEOUT,50.0,4,True,True,False,False,True,True,False,False,TRANSITION,0.067,CHOCH,False,True,False,UPPER_SWEEP,EQUAL_HIGH,49.6,2.5775740662789914,3,48.14,9.604,4.21,19.2429,,False,True,0.0,,0.4541,52.2,2.0,58.9243,117.8486,MID,Tuesday
3070,2024-02-27T09:30:00+00:00,BULLISH,TIMEOUT,62.5,5,True,True,False,False,True,True,True,False,TRANSITION,0.118,BOS,False,True,False,LOWER_SWEEP,EQUAL_HIGH,35.75,1.9928313813805445,2,76.78,7.2365,39.86,17.9393,,True,True,0.0,,0.5259,58.1,2.0,44.4439,88.8879,CLOSING,Tuesday
3084,2024-02-28T04:25:00+00:00,BEARISH,LOSS,62.5,5,True,True,False,False,True,True,True,False,TRANSITION,0.076,CHOCH,False,True,False,UPPER_SWEEP,EQUAL_LOW,37.2667,1.9714075625806724,3,34.24,5.1482,38.07,18.9036,,False,True,0.0,,0.5259,56.7,2.0,39.2404,78.4807,OPENING,Wednesday
3096,2024-02-28T05:25:00+00:00,BEARISH,TIMEOUT,62.5,5,True,True,False,False,True,True,True,False,RANGE,-0.017,CHOCH,False,True,False,UPPER_SWEEP,EQUAL_LOW,123.95,4.681775259678942,3,24.29,-13.7584,68.84,26.475,,False,False,0.0,,0.5259,54.7,2.0,143.8975,287.795,MID,Wednesday
3120,2024-02-28T07:25:00+00:00,BEARISH,TIMEOUT,62.5,5,True,True,False,False,True,True,True,False,TRANSITION,-0.071,CHOCH,False,True,False,UPPER_SWEEP,EQUAL_LOW,36.55,1.832080200501253,3,31.11,-26.5441,51.19,19.95,,False,False,0.0,,0.5259,56.5,2.0,77.595,155.19,MID,Wednesday
3134,2024-02-28T08:35:00+00:00,BULLISH,LOSS,62.5,5,True,True,False,False,True,True,True,False,RANGE,-0.007,CHOCH,False,True,False,LOWER_SWEEP,EQUAL_LOW,14.35,0.5493579976570934,3,67.34,-8.0052,30.49,26.1214,,True,False,0.0,,0.5259,39.4,2.0,42.0121,84.0243,MID,Wednesday
3148,2024-02-28T09:45:00+00:00,BEARISH,LOSS,62.5,5,True,True,False,False,True,True,True,False,TRANSITION,-0.095,CHOCH,False,True,False,UPPER_SWEEP,EQUAL_LOW,38.1,1.3870736386837,2,26.05,-19.4863,50.1,27.4679,,False,False,0.0,,0.5259,57.3,2.0,80.5968,161.1936,CLOSING,Wednesday
3160,2024-02-29T04:30:00+00:00,BULLISH,LOSS,50.0,4,True,True,False,False,True,True,False,False,RANGE,-0.023,CHOCH,True,True,False,LOWER_SWEEP,EQUAL_LOW,57.475,1.6798531608128764,2,55.79,-5.4781,9.18,34.2143,,True,False,0.0,,0.4541,50.8,2.0,63.0214,126.0429,MID,Thursday
3174,2024-02-29T05:40:00+00:00,BULLISH,TIMEOUT,62.5,5,True,True,False,False,True,True,True,False,RANGE,-0.039,CHOCH,False,True,False,LOWER_SWEEP,EQUAL_LOW,84.35,2.1741707993525172,2,44.98,-12.6808,23.21,38.7964,,True,False,0.0,,0.5259,55.5,2.0,89.9296,179.8593,MID,Thursday
3192,2024-02-29T07:10:00+00:00,BULLISH,TIMEOUT,50.0,4,True,True,False,False,True,True,False,False,RANGE,-0.036,CHOCH,False,False,True,LOWER_SWEEP,EQUAL_LOW,29.4833,1.245524134609698,3,50.96,1.5474,9.72,23.6714,,True,False,0.0,,0.4541,51.2,2.0,55.5171,111.0343,MID,Thursday
3215,2024-02-29T09:05:00+00:00,BEARISH,LOSS,62.5,5,True,True,False,False,True,True,True,False,TRANSITION,-0.057,BOS,True,True,False,UPPER_SWEEP,EQUAL_LOW,22.96,0.8617680507752534,2,41.36,-4.4514,30.94,26.6429,,False,False,0.0,,0.5259,51.5,2.0,32.5643,65.1286,CLOSING,Thursday
3227,2024-03-01T03:50:00+00:00,BULLISH,TIMEOUT,62.5,5,True,True,False,False,True,True,True,False,TRANSITION,0.1,BOS,False,True,False,LOWER_SWEEP,EQUAL_LOW,85.225,2.195106245975531,3,74.15,32.6951,43.66,38.825,,True,True,0.0,,0.5259,57.5,2.0,107.1825,214.365,OPENING,Friday
3241,2024-03-01T05:00:00+00:00,BULLISH,LOSS,62.5,5,True,True,False,False,True,True,True,False,TRANSITION,0.14,BOS,True,False,False,LOWER_SWEEP,EQUAL_HIGH,5.2,0.2386098224651148,2,74.64,54.1348,78.27,21.7929,,True,True,0.0,,0.5259,33.5,2.0,9.8293,19.6586,MID,Friday
3253,2024-03-01T06:00:00+00:00,BULLISH,WIN,75.0,6,True,True,True,False,True,True,True,False,BULLISH,0.167,CHOCH,True,False,False,LOWER_SWEEP,EQUAL_HIGH,19.125,1.1432516767691259,3,64.36,37.218,33.58,16.7286,,True,True,0.0,,0.5965,63.9,2.0,30.2729,60.5457,MID,Friday
3281,2024-03-01T08:20:00+00:00,BULLISH,WIN,62.5,5,True,True,True,False,True,True,False,False,BULLISH,0.206,BOS,True,False,False,LOWER_SWEEP,EQUAL_HIGH,14.4167,0.9188873945937678,2,56.94,20.1867,16.07,15.6893,,True,True,0.0,,0.5259,58.3,2.0,21.1689,42.3379,MID,Friday
3301,2024-03-02T03:45:00+00:00,BULLISH,TIMEOUT,75.0,6,True,True,True,False,True,True,True,False,BULLISH,0.22,BOS,False,True,False,LOWER_SWEEP,PDH,33.65,1.5077583464394049,1,69.69,13.108,57.97,22.3179,,True,True,0.0,,0.5965,65.7,2.0,63.8818,127.7636,OPENING,Saturday
3322,2024-03-04T03:45:00+00:00,BULLISH,LOSS,75.0,6,True,True,True,False,True,True,True,False,BULLISH,0.216,CHOCH,True,True,True,LOWER_SWEEP,PDH,48.05,3.1768595041322314,1,61.27,10.8472,40.07,15.125,,True,True,0.0,,0.5965,65.5,2.0,53.9125,107.825,OPENING,Monday
3365,2024-03-04T07:20:00+00:00,BEARISH,TIMEOUT,62.5,5,True,True,False,False,True,True,True,False,BULLISH,0.154,CHOCH,False,True,False,UPPER_SWEEP,EQUAL_LOW,32.7,2.1457678502293414,3,33.82,1.0056,29.65,15.2393,,False,True,0.0,,0.5259,59.3,2.0,45.9239,91.8479,MID,Monday
3381,2024-03-04T08:40:00+00:00,BULLISH,TIMEOUT,75.0,6,True,True,True,False,True,True,True,False,BULLISH,0.188,CHOCH,False,True,False,LOWER_SWEEP,EQUAL_HIGH,43.55,3.7154264848908833,2,67.16,2.6482,24.61,11.7214,,True,True,0.0,,0.5965,64.6,2.0,45.1221,90.2443,MID,Monday
3394,2024-03-04T09:45:00+00:00,BEARISH,WIN,62.5,5,True,True,False,False,True,True,True,False,BULLISH,0.151,CHOCH,False,True,False,UPPER_SWEEP,EQUAL_LOW,38.36,2.617161648620805,2,34.79,-0.3086,26.48,14.6571,,False,True,0.0,,0.5259,59.2,2.0,40.4657,80.9314,CLOSING,Monday
3410,2024-03-05T04:50:00+00:00,BEARISH,TIMEOUT,62.5,5,True,True,False,False,True,True,True,False,TRANSITION,0.06,BOS,False,True,False,UPPER_SWEEP,EQUAL_HIGH,44.05,1.7187829222041,3,22.29,-23.2238,91.9,25.6286,,False,False,0.0,,0.5259,56.2,2.0,52.8629,105.7257,MID,Tuesday
3426,2024-03-05T06:10:00+00:00,BULLISH,TIMEOUT,62.5,5,True,True,False,False,True,True,True,False,TRANSITION,0.09,CHOCH,False,True,False,LOWER_SWEEP,EQUAL_LOW,43.275,2.782958199356913,3,64.89,-14.6277,20.51,15.55,,True,False,0.0,,0.5259,57.2,2.0,53.005,106.01,MID,Tuesday
3440,2024-03-05T07:20:00+00:00,BULLISH,TIMEOUT,62.5,5,True,True,False,False,True,True,True,False,TRANSITION,0.138,BOS,False,True,False,LOWER_SWEEP,EQUAL_LOW,57.14,3.3853518656760633,3,71.83,6.091,55.62,16.8786,,True,False,0.0,,0.5259,58.8,2.0,73.3379,146.6757,MID,Tuesday
3452,2024-03-05T08:20:00+00:00,BEARISH,TIMEOUT,62.5,5,True,True,False,False,True,True,True,False,TRANSITION,0.109,CHOCH,False,True,False,UPPER_SWEEP,PDL,48.4,2.441805321521184,3,56.95,12.2099,23.87,19.8214,,False,True,0.0,,0.5259,57.8,2.0,52.1321,104.2643,MID,Tuesday
3472,2024-03-06T03:45:00+00:00,BEARISH,LOSS,62.5,5,True,True,False,False,True,True,True,False,TRANSITION,0.054,CHOCH,True,False,True,UPPER_SWEEP,EQUAL_LOW,47.07,2.2406710112295367,1,28.41,-5.9916,59.91,21.0071,,False,False,0.0,,0.5259,56.0,2.0,61.8007,123.6014,OPENING,Wednesday
3494,2024-03-06T05:35:00+00:00,BEARISH,TIMEOUT,50.0,4,True,True,False,False,True,True,False,False,RANGE,0.032,CHOCH,True,False,False,UPPER_SWEEP,PDL,41.6,1.2637501177171082,1,46.99,-15.5906,2.09,32.9179,,False,False,0.0,,0.4541,51.1,2.0,46.1418,92.2836,MID,Wednesday
3511,2024-03-06T07:00:00+00:00,BULLISH,TIMEOUT,50.0,4,True,True,False,False,True,True,False,False,RANGE,0.043,CHOCH,False,True,False,LOWER_SWEEP,PDL,32.8,1.4096673958543744,3,50.37,-11.4157,5.09,23.2679,,True,False,0.0,,0.4541,51.4,2.0,40.2768,80.5536,MID,Wednesday
3524,2024-03-06T08:05:00+00:00,BULLISH,WIN,62.5,5,True,True,False,False,True,True,True,False,TRANSITION,0.072,CHOCH,False,False,True,LOWER_SWEEP,EQUAL_HIGH,30.225,1.691580991610654,1,64.46,4.1308,46.71,17.8679,,True,False,0.0,,0.5259,56.6,2.0,35.7368,71.4736,MID,Wednesday
3536,2024-03-06T09:05:00+00:00,BULLISH,WIN,62.5,5,True,True,True,False,True,False,True,False,BULLISH,0.186,CHOCH,False,True,False,LOWER_SWEEP,EQUAL_HIGH,41.4625,1.572037914691943,3,95.86,40.6306,91.35,26.375,,True,True,0.0,,0.5259,60.4,2.0,63.3875,126.775,CLOSING,Wednesday
3568,2024-03-07T05:30:00+00:00,BULLISH,TIMEOUT,62.5,5,True,True,True,False,True,True,False,False,BULLISH,0.189,CHOCH,False,False,True,LOWER_SWEEP,EQUAL_HIGH,68.85,2.8400067648672396,3,65.95,9.5326,18.54,24.2429,,True,True,0.0,,0.5259,60.5,2.0,76.9243,153.8486,MID,Thursday
3593,2024-03-07T07:35:00+00:00,BULLISH,WIN,75.0,6,True,True,True,False,True,True,True,False,BULLISH,0.176,CHOCH,True,False,True,LOWER_SWEEP,EQUAL_HIGH,5.35,0.4198416373039104,3,64.14,7.1063,37.99,12.7429,,True,True,0.0,,0.5965,44.9,2.0,17.3243,34.6486,MID,Thursday
3605,2024-03-07T08:35:00+00:00,BEARISH,TIMEOUT,50.0,4,True,True,False,False,True,True,False,False,BULLISH,0.162,CHOCH,False,True,False,UPPER_SWEEP,EQUAL_HIGH,12.75,0.8940655087057438,2,47.52,4.7523,7.68,14.2607,,False,True,0.0,,0.4541,51.9,2.0,29.3761,58.7521,MID,Thursday
3631,2024-03-11T04:30:00+00:00,BEARISH,WIN,50.0,4,True,True,False,False,True,True,False,False,TRANSITION,0.105,BOS,False,True,False,UPPER_SWEEP,EQUAL_LOW,32.7167,1.4311329049416686,2,29.05,-8.6752,14.65,22.8607,,False,False,0.0,,0.4541,53.5,2.0,35.5861,71.1721,MID,Monday
3653,2024-03-11T06:20:00+00:00,BEARISH,TIMEOUT,62.5,5,True,True,False,False,True,True,True,False,TRANSITION,0.059,BOS,False,True,False,UPPER_SWEEP,EQUAL_HIGH,27.65,1.5838827754896287,3,36.23,-15.3238,53.66,17.4571,,False,False,0.0,,0.5259,56.1,2.0,49.0457,98.0914,MID,Monday
3668,2024-03-11T07:35:00+00:00,BEARISH,LOSS,50.0,4,True,True,False,False,True,True,False,False,TRANSITION,0.069,CHOCH,False,True,False,UPPER_SWEEP,EQUAL_HIGH,11.3,0.7023301200176515,2,48.76,-7.4552,2.4,16.0893,,False,False,0.0,,0.4541,42.4,2.0,22.0589,44.1179,MID,Monday
3681,2024-03-11T08:40:00+00:00,BEARISH,WIN,62.5,5,True,True,False,False,True,True,True,False,RANGE,0.049,CHOCH,False,True,False,UPPER_SWEEP,EQUAL_HIGH,36.9,2.6704491999507884,3,37.61,-5.3881,26.54,13.8179,,False,False,0.0,,0.5259,55.8,2.0,45.0818,90.1636,MID,Monday
3693,2024-03-11T09:40:00+00:00,BEARISH,LOSS,62.5,5,True,True,False,False,True,True,True,False,RANGE,0.009,BOS,False,True,False,UPPER_SWEEP,EQUAL_LOW,65.18,2.9545753307918607,2,29.08,-13.6488,57.29,22.0607,,False,False,0.0,,0.5259,54.5,2.0,87.1561,174.3121,CLOSING,Monday
3705,2024-03-12T04:25:00+00:00,BULLISH,LOSS,62.5,5,True,True,False,False,True,True,True,False,TRANSITION,0.092,CHOCH,True,False,False,LOWER_SWEEP,EQUAL_HIGH,25.3667,0.7957281687401581,0,60.7,7.4264,24.58,31.8786,,True,False,0.0,,0.5259,50.4,2.0,29.7879,59.5757,OPENING,Tuesday
3748,2024-03-12T08:00:00+00:00,BULLISH,LOSS,62.5,5,True,True,False,False,True,True,True,False,TRANSITION,0.067,CHOCH,False,True,False,LOWER_SWEEP,EQUAL_LOW,14.6,0.8098243901356733,1,57.12,4.7046,31.71,18.0286,,True,False,0.0,,0.5259,50.1,2.0,18.8029,37.6057,MID,Tuesday
3761,2024-03-12T09:05:00+00:00,BEARISH,LOSS,62.5,5,True,True,False,False,True,True,True,False,RANGE,0.02,CHOCH,True,True,False,UPPER_SWEEP,EQUAL_LOW,32.475,1.7687234146846254,3,21.78,-7.1638,58.47,18.3607,,False,False,0.0,,0.5259,54.8,2.0,44.6861,89.3721,CLOSING,Tuesday
3778,2024-03-13T04:15:00+00:00,BEARISH,WIN,50.0,4,True,True,False,False,True,True,False,False,RANGE,0.011,CHOCH,False,False,True,UPPER_SWEEP,EQUAL_LOW,20.925,0.6145374449339208,3,47.15,-6.6788,9.42,34.05,,False,False,0.0,,0.4541,37.5,2.0,48.005,96.01,OPENING,Wednesday
3792,2024-03-13T05:25:00+00:00,BEARISH,WIN,50.0,4,True,True,False,False,True,True,False,False,RANGE,-0.019,CHOCH,False,True,False,UPPER_SWEEP,EQUAL_LOW,5.99,0.20824424720921422,2,40.06,-14.7544,17.53,28.7643,,False,False,0.0,,0.4541,24.2,2.0,47.6764,95.3529,MID,Wednesday
3863,2024-03-14T05:05:00+00:00,BULLISH,WIN,62.5,5,True,True,False,False,True,True,True,False,TRANSITION,-0.099,BOS,False,True,False,LOWER_SWEEP,EQUAL_HIGH,40.25,1.173226533283198,3,65.19,8.3031,28.18,34.3071,,True,False,0.0,,0.5259,57.5,2.0,59.0807,118.1614,MID,Thursday
3875,2024-03-14T06:05:00+00:00,BULLISH,TIMEOUT,50.0,4,True,True,False,False,True,False,True,False,RANGE,-0.033,BOS,False,True,False,LOWER_SWEEP,EQUAL_HIGH,45.825,1.8437972768532527,2,81.56,26.2044,63.76,24.8536,,True,True,0.0,,0.4541,51.1,2.0,74.1854,148.3707,MID,Thursday
3900,2024-03-14T08:10:00+00:00,BEARISH,TIMEOUT,62.5,5,True,True,False,False,True,True,True,False,TRANSITION,-0.058,BOS,False,True,False,UPPER_SWEEP,EQUAL_HIGH,52.475,2.123573998308425,2,32.29,5.3862,55.37,24.7107,,False,True,0.0,,0.5259,56.1,2.0,55.0711,110.1421,MID,Thursday
3916,2024-03-14T09:30:00+00:00,BULLISH,LOSS,50.0,4,True,True,False,False,True,True,False,False,RANGE,-0.029,BOS,False,True,False,LOWER_SWEEP,EQUAL_HIGH,43.4333,1.7186740742499427,2,61.8,-2.0542,6.33,25.2714,,True,True,0.0,,0.4541,51.0,2.0,53.7771,107.5543,CLOSING,Thursday
3928,2024-03-15T04:15:00+00:00,BEARISH,TIMEOUT,62.5,5,True,True,False,False,True,True,True,False,TRANSITION,-0.135,BOS,False,False,True,UPPER_SWEEP,EQUAL_LOW,78.05,2.1760404149671433,3,29.81,-22.6179,34.85,35.8679,,False,False,0.0,,0.5259,58.7,2.0,110.1368,220.2736,OPENING,Friday
3945,2024-03-15T05:40:00+00:00,BEARISH,TIMEOUT,75.0,6,True,True,True,False,True,True,True,False,BEARISH,-0.17,BOS,True,False,False,UPPER_SWEEP,EQUAL_LOW,14.1,0.5923473760271556,3,35.41,-33.5508,32.47,23.8036,,False,False,0.0,,0.5965,50.4,2.0,46.8304,93.6607,MID,Friday
3973,2024-03-15T08:00:00+00:00,BULLISH,WIN,62.5,5,True,True,False,False,True,True,True,False,TRANSITION,-0.111,CHOCH,False,False,True,LOWER_SWEEP,EQUAL_HIGH,16.05,1.0682196339434276,0,72.57,2.7883,81.48,15.025,,True,False,0.0,,0.5259,57.9,2.0,24.6025,49.205,MID,Friday
3989,2024-03-15T09:20:00+00:00,BULLISH,LOSS,50.0,4,True,True,False,False,True,True,False,False,TRANSITION,-0.081,CHOCH,False,True,False,LOWER_SWEEP,EQUAL_HIGH,47.0167,2.152148637761828,3,54.72,8.2092,8.79,21.8464,,True,True,0.0,,0.4541,52.7,2.0,54.5346,109.0693,CLOSING,Friday
4020,2024-03-18T05:40:00+00:00,BEARISH,LOSS,50.0,4,True,True,False,False,True,True,False,False,TRANSITION,-0.133,BOS,False,True,False,UPPER_SWEEP,EQUAL_LOW,62.6167,2.3160746716378715,2,33.22,-4.5259,14.64,27.0357,,False,False,0.0,,0.4541,54.4,2.0,66.3036,132.6071,MID,Monday
4032,2024-03-18T06:40:00+00:00,BULLISH,WIN,50.0,4,True,True,False,False,True,True,False,False,TRANSITION,-0.056,CHOCH,True,False,False,LOWER_SWEEP,EQUAL_HIGH,43.24,1.7310818060259583,2,60.68,5.9896,0.24,24.9786,,True,True,0.0,,0.4541,51.9,2.0,54.5479,109.0957,MID,Monday
4059,2024-03-18T08:55:00+00:00,BULLISH,LOSS,62.5,5,True,True,False,False,True,True,True,False,RANGE,-0.003,BOS,True,True,False,LOWER_SWEEP,EQUAL_HIGH,37.95,2.314532458344515,3,63.83,14.4745,28.47,16.3964,,True,True,0.0,,0.5259,54.3,2.0,50.8396,101.6793,MID,Monday
4072,2024-03-19T03:45:00+00:00,BEARISH,TIMEOUT,50.0,4,True,True,False,False,True,False,True,False,TRANSITION,-0.12,CHOCH,False,True,False,UPPER_SWEEP,EQUAL_LOW,87.79,3.6085101485494437,3,9.22,-10.186,69.77,24.3286,,False,True,0.0,,0.4541,54.0,2.0,109.5829,219.1657,OPENING,Tuesday
4100,2024-03-19T06:05:00+00:00,BEARISH,TIMEOUT,62.5,5,True,True,True,False,True,True,False,False,BEARISH,-0.204,CHOCH,False,True,False,UPPER_SWEEP,EQUAL_LOW,45.2,2.169728447924117,3,42.52,-30.8217,12.38,20.8321,,False,False,0.0,,0.5259,61.0,2.0,52.0332,104.0664,MID,Tuesday
4129,2024-03-19T08:30:00+00:00,BEARISH,TIMEOUT,75.0,6,True,True,True,False,True,True,True,False,BEARISH,-0.188,CHOCH,False,True,False,UPPER_SWEEP,EQUAL_LOW,28.75,1.8126564401318983,3,33.43,-4.093,56.47,15.8607,,False,False,0.0,,0.5965,64.6,2.0,50.9861,101.9721,MID,Tuesday
4142,2024-03-19T09:35:00+00:00,BEARISH,LOSS,75.0,6,True,True,True,False,True,True,True,False,BEARISH,-0.179,CHOCH,False,True,False,UPPER_SWEEP,EQUAL_LOW,16.45,0.8225,3,41.28,-5.784,29.59,20.0,,False,False,0.0,,0.5965,58.4,2.0,32.9,65.8,CLOSING,Tuesday
4156,2024-03-20T04:30:00+00:00,BEARISH,WIN,62.5,5,True,True,True,False,True,True,False,False,BEARISH,-0.169,CHOCH,False,True,False,UPPER_SWEEP,EQUAL_LOW,66.25,2.0524434145223154,2,46.82,-1.0384,15.21,32.2786,,False,False,0.0,,0.5259,59.8,2.0,73.6279,147.2557,MID,Wednesday
4176,2024-03-20T06:10:00+00:00,BULLISH,TIMEOUT,62.5,5,True,True,False,False,True,True,True,False,TRANSITION,-0.13,BOS,False,True,False,LOWER_SWEEP,EQUAL_LOW,75.79,2.699208650003918,3,66.95,-2.4592,37.31,28.0786,,True,False,0.0,,0.5259,58.5,2.0,86.9579,173.9157,MID,Wednesday
4194,2024-03-20T07:40:00+00:00,BULLISH,LOSS,62.5,5,True,True,False,False,True,True,True,False,TRANSITION,-0.071,BOS,False,True,False,LOWER_SWEEP,EQUAL_HIGH,25.6833,1.3185393200743378,2,76.43,21.5861,49.39,19.4786,,True,True,0.0,,0.5259,56.5,2.0,49.4479,98.8957,MID,Wednesday
4208,2024-03-20T08:50:00+00:00,BEARISH,TIMEOUT,62.5,5,True,True,False,False,True,True,True,False,TRANSITION,-0.129,CHOCH,False,False,True,UPPER_SWEEP,EQUAL_LOW,37.0833,1.550441301284812,1,31.71,1.7036,34.13,23.9179,,False,True,0.0,,0.5259,58.5,2.0,41.6418,83.2836,MID,Wednesday
4222,2024-03-21T03:45:00+00:00,BULLISH,TIMEOUT,50.0,4,True,True,False,False,True,False,True,False,RANGE,0.019,CHOCH,False,True,False,LOWER_SWEEP,EQUAL_LOW,163.225,5.313071669910876,3,82.44,9.0418,71.97,30.7214,,True,True,0.0,,0.4541,50.6,2.0,176.2721,352.5443,OPENING,Thursday
4234,2024-03-21T04:45:00+00:00,BULLISH,TIMEOUT,50.0,4,True,True,False,False,True,False,True,False,TRANSITION,0.056,BOS,True,False,False,LOWER_SWEEP,EQUAL_LOW,50.425,1.4615942028985507,3,84.63,50.7875,82.73,34.5,,True,True,0.0,,0.4541,51.9,2.0,61.15,122.3,MID,Thursday
4252,2024-03-21T06:15:00+00:00,BEARISH,WIN,62.5,5,True,True,False,False,True,True,True,False,RANGE,0.025,CHOCH,True,False,False,UPPER_SWEEP,EQUAL_HIGH,27.45,1.7941176470588234,3,38.34,18.1168,48.97,15.3,,False,True,0.0,,0.5259,55.0,2.0,29.18,58.36,MID,Thursday
4274,2024-03-21T08:05:00+00:00,BULLISH,LOSS,62.5,5,True,True,False,False,True,True,True,False,RANGE,0.008,CHOCH,False,True,False,LOWER_SWEEP,EQUAL_HIGH,25.7333,1.5535398417077693,3,77.84,0.6402,64.94,16.5643,,True,True,0.0,,0.5259,54.4,2.0,32.0064,64.0129,MID,Thursday
4286,2024-03-21T09:05:00+00:00,BULLISH,LOSS,62.5,5,True,True,False,False,True,True,True,False,RANGE,0.007,CHOCH,True,False,False,LOWER_SWEEP,EQUAL_HIGH,14.65,0.7931180094632784,3,57.07,2.4177,28.78,18.4714,,True,True,0.0,,0.5259,47.5,2.0,28.0971,56.1943,CLOSING,Thursday
4298,2024-03-22T03:50:00+00:00,BEARISH,LOSS,62.5,5,True,True,False,False,True,True,True,False,TRANSITION,-0.056,CHOCH,False,True,False,UPPER_SWEEP,EQUAL_LOW,55.65,2.157871675462304,2,33.15,-5.1866,39.51,25.7893,,False,True,0.0,,0.5259,56.0,2.0,89.3289,178.6579,OPENING,Friday
4310,2024-03-22T04:50:00+00:00,BULLISH,TIMEOUT,50.0,4,True,True,False,False,True,True,False,False,RANGE,0.03,BOS,True,True,False,LOWER_SWEEP,EQUAL_LOW,53.575,1.2919631811594028,3,56.87,8.7119,5.01,41.4679,,True,True,0.0,,0.4541,51.0,2.0,72.0468,144.0936,MID,Friday
4325,2024-03-22T06:05:00+00:00,BULLISH,TIMEOUT,62.5,5,True,True,False,False,True,True,True,False,TRANSITION,0.052,BOS,False,True,False,LOWER_SWEEP,PDH,20.95,0.9624263250014929,2,60.69,20.2925,65.25,21.7679,,True,True,0.0,,0.5259,54.6,2.0,31.4768,62.9536,MID,Friday
4341,2024-03-22T07:25:00+00:00,BULLISH,TIMEOUT,50.0,4,True,True,False,False,True,True,False,False,RANGE,0.05,CHOCH,True,True,False,LOWER_SWEEP,PDH,5.65,0.38917474290358806,3,52.27,12.4511,2.67,14.5179,,True,True,0.0,,0.4541,31.3,2.0,22.6518,45.3036,MID,Friday
4358,2024-03-22T08:50:00+00:00,BULLISH,LOSS,62.5,5,True,True,False,False,True,True,True,False,TRANSITION,0.076,CHOCH,False,True,False,LOWER_SWEEP,EQUAL_HIGH,23.4333,1.4452242773354382,3,67.14,10.8721,44.78,16.2143,,True,True,0.0,,0.5259,56.7,2.0,47.9714,95.9429,MID,Friday
4398,2024-03-26T05:55:00+00:00,BULLISH,LOSS,62.5,5,True,True,False,False,True,True,True,False,RANGE,-0.001,CHOCH,False,True,False,LOWER_SWEEP,EQUAL_LOW,18.525,1.1888641453976034,3,67.18,-6.0183,54.58,15.5821,,True,False,0.0,,0.5259,54.2,2.0,25.3082,50.6164,MID,Tuesday
4417,2024-03-26T07:30:00+00:00,BULLISH,LOSS,50.0,4,True,True,False,False,True,True,False,False,RANGE,0.003,CHOCH,True,False,True,LOWER_SWEEP,EQUAL_LOW,8.7,0.6262191479100836,3,51.55,3.0117,10.77,13.8929,,True,False,0.0,,0.4541,37.6,2.0,13.5893,27.1786,MID,Tuesday
4435,2024-03-26T09:00:00+00:00,BEARISH,WIN,62.5,5,True,True,False,False,True,True,True,False,RANGE,-0.019,CHOCH,True,False,True,UPPER_SWEEP,EQUAL_LOW,11.45,0.9028473202387617,1,35.44,-2.8196,37.96,12.6821,,False,False,0.0,,0.5259,51.6,2.0,19.3182,38.6364,CLOSING,Tuesday
4447,2024-03-27T03:45:00+00:00,BULLISH,WIN,62.5,5,True,True,False,False,True,True,True,False,RANGE,0.017,CHOCH,False,True,False,LOWER_SWEEP,EQUAL_HIGH,72.5312,3.5591846348620613,3,58.6,-5.1087,30.5,20.3786,,True,False,0.0,,0.5259,54.7,2.0,76.4879,152.9757,OPENING,Wednesday
4501,2024-03-27T08:15:00+00:00,BULLISH,LOSS,62.5,5,True,True,False,False,True,True,True,False,TRANSITION,0.089,CHOCH,False,True,False,LOWER_SWEEP,EQUAL_HIGH,13.37,1.275507770389521,3,68.94,6.9667,49.01,10.4821,,True,True,0.0,,0.5259,57.1,2.0,25.1482,50.2964,MID,Wednesday
4514,2024-03-27T09:20:00+00:00,BEARISH,WIN,62.5,5,True,True,False,False,True,True,True,False,TRANSITION,0.058,BOS,False,True,False,UPPER_SWEEP,EQUAL_HIGH,13.1833,1.0911430959849693,2,35.51,0.2694,36.8,12.0821,,False,True,0.0,,0.5259,56.1,2.0,23.3082,46.6164,CLOSING,Wednesday
4539,2024-03-28T05:10:00+00:00,BULLISH,TIMEOUT,62.5,5,True,True,True,False,True,False,True,False,BULLISH,0.202,BOS,False,True,False,LOWER_SWEEP,EQUAL_HIGH,43.05,1.6175514666927178,2,83.48,40.6703,75.98,26.6143,,True,True,0.0,,0.5259,60.9,2.0,79.6614,159.3229,MID,Thursday
4555,2024-03-28T06:30:00+00:00,BEARISH,LOSS,37.5,3,True,True,False,False,False,True,False,False,BULLISH,0.166,CHOCH,True,True,False,UPPER_SWEEP,EQUAL_LOW,23.95,1.5898515032228513,2,46.56,22.0562,19.64,15.0643,,True,True,0.0,,0.3843,51.4,2.0,29.9564,59.9129,MID,Thursday
4578,2024-03-28T08:25:00+00:00,BULLISH,WIN,75.0,6,True,True,True,False,True,True,True,False,BULLISH,0.226,CHOCH,False,True,False,LOWER_SWEEP,EQUAL_HIGH,26.4,1.6930782599772973,3,54.87,20.7348,36.3,15.5929,,True,True,0.0,,0.5965,65.9,2.0,28.3593,56.7186,MID,Thursday
4591,2024-03-28T09:30:00+00:00,BEARISH,LOSS,62.5,5,True,True,False,False,True,True,True,False,TRANSITION,0.145,CHOCH,False,True,False,UPPER_SWEEP,EQUAL_HIGH,132.675,4.698239687244373,3,34.43,10.7669,28.82,28.2393,,False,True,0.0,,0.5259,59.0,2.0,151.0739,302.1479,CLOSING,Thursday
4640,2024-04-01T07:20:00+00:00,BEARISH,TIMEOUT,50.0,4,True,True,False,False,True,True,False,False,BULLISH,0.174,CHOCH,False,True,False,UPPER_SWEEP,EQUAL_LOW,19.4,1.817943287666098,2,42.07,-2.3,14.12,10.6714,,False,True,0.0,,0.4541,55.8,2.0,25.5671,51.1343,MID,Monday
4662,2024-04-01T09:10:00+00:00,BEARISH,LOSS,62.5,5,True,True,False,False,True,True,True,False,BULLISH,0.153,CHOCH,False,False,True,UPPER_SWEEP,EQUAL_LOW,16.4333,1.174109056614558,2,38.14,-4.1911,39.24,13.9964,,False,False,0.0,,0.5259,59.3,2.0,31.1996,62.3993,CLOSING,Monday
4674,2024-04-02T03:55:00+00:00,BEARISH,LOSS,62.5,5,True,True,False,False,True,True,True,False,TRANSITION,0.141,CHOCH,True,False,False,UPPER_SWEEP,EQUAL_LOW,24.775,1.3821478382147836,3,47.38,-3.9291,26.36,17.925,,False,False,0.0,,0.5259,58.9,2.0,31.3425,62.685,OPENING,Tuesday
4688,2024-04-02T05:05:00+00:00,BEARISH,TIMEOUT,50.0,4,True,True,False,False,True,True,False,False,TRANSITION,0.116,CHOCH,False,False,True,UPPER_SWEEP,PDL,20.6,0.9797859690844234,3,41.97,-8.7935,12.62,21.025,,False,False,0.0,,0.4541,53.2,2.0,35.2525,70.505,MID,Tuesday
4721,2024-04-02T07:50:00+00:00,BEARISH,LOSS,62.5,5,True,True,False,False,True,True,True,False,TRANSITION,0.106,CHOCH,True,True,True,UPPER_SWEEP,EQUAL_LOW,8.1571,0.7886666215471483,2,40.16,-5.4864,37.57,10.3429,,False,False,0.0,,0.5259,50.7,2.0,13.6343,27.2686,MID,Tuesday
4739,2024-04-02T09:20:00+00:00,BULLISH,WIN,50.0,4,True,True,False,False,True,True,False,False,TRANSITION,0.126,BOS,False,True,False,LOWER_SWEEP,EQUAL_LOW,17.1333,1.6114690418637898,3,66.93,1.4389,6.88,10.6321,,True,False,0.0,,0.4541,54.2,2.0,21.5632,43.1264,CLOSING,Tuesday
4783,2024-04-03T06:45:00+00:00,BULLISH,WIN,62.5,5,True,True,False,False,True,True,True,False,TRANSITION,0.145,BOS,False,True,False,LOWER_SWEEP,EQUAL_HIGH,29.325,2.3621952103622434,2,74.32,10.384,70.4,12.4143,,True,True,0.0,,0.5259,59.0,2.0,33.6914,67.3829,MID,Wednesday
4804,2024-04-03T08:30:00+00:00,BEARISH,WIN,62.5,5,True,True,False,False,True,True,True,False,TRANSITION,0.129,BOS,False,True,False,UPPER_SWEEP,EQUAL_HIGH,20.675,1.529453539381117,2,31.05,4.5049,42.93,13.5179,,False,True,0.0,,0.5259,58.5,2.0,30.5018,61.0036,MID,Wednesday
4822,2024-04-04T03:45:00+00:00,BULLISH,LOSS,75.0,6,True,True,True,False,True,True,True,False,BULLISH,0.206,CHOCH,True,True,True,LOWER_SWEEP,EQUAL_HIGH,103.675,3.800598271172274,2,75.29,0.1206,58.22,27.2786,,True,True,0.0,,0.5965,65.2,2.0,159.8779,319.7557,OPENING,Thursday
4841,2024-04-04T05:20:00+00:00,BEARISH,TIMEOUT,62.5,5,True,True,False,False,True,True,True,False,RANGE,-0.005,CHOCH,False,False,True,UPPER_SWEEP,PDL,90.6,2.1285443434991294,2,30.64,-21.6795,58.92,42.5643,,False,False,0.0,,0.5259,54.3,2.0,123.8564,247.7129,MID,Thursday
4863,2024-04-04T07:10:00+00:00,BULLISH,WIN,62.5,5,True,True,False,False,True,True,True,False,TRANSITION,0.12,CHOCH,False,True,False,LOWER_SWEEP,EQUAL_HIGH,79.5625,3.2732205816407554,3,77.09,1.2139,73.27,24.3071,,True,False,0.0,,0.5259,58.2,2.0,85.7307,171.4614,MID,Thursday
4890,2024-04-04T09:25:00+00:00,BEARISH,WIN,50.0,4,True,True,False,False,True,True,False,False,TRANSITION,0.146,CHOCH,False,True,False,UPPER_SWEEP,PDH,47.0,1.9119603288571765,2,44.17,19.6722,15.33,24.5821,,False,True,0.0,,0.4541,54.9,2.0,55.8582,111.7164,CLOSING,Thursday
4911,2024-04-05T04:55:00+00:00,BULLISH,TIMEOUT,50.0,4,True,True,False,False,True,True,False,False,TRANSITION,0.11,CHOCH,False,True,False,LOWER_SWEEP,EQUAL_LOW,28.2875,0.9663869852483995,2,59.42,-7.5638,10.86,29.2714,,True,False,0.0,,0.4541,52.5,2.0,37.2271,74.4543,MID,Friday
4953,2024-04-05T08:25:00+00:00,BULLISH,TIMEOUT,50.0,4,True,True,False,False,True,True,False,False,TRANSITION,0.114,CHOCH,False,True,False,LOWER_SWEEP,EQUAL_HIGH,20.45,1.7634783208581974,3,55.89,1.0145,10.67,11.5964,,True,True,0.0,,0.4541,53.8,2.0,22.9596,45.9193,MID,Friday
4970,2024-04-05T09:50:00+00:00,BULLISH,WIN,62.5,5,True,True,False,False,True,True,True,False,TRANSITION,0.134,CHOCH,False,False,True,LOWER_SWEEP,EQUAL_HIGH,21.85,1.419817665520849,3,66.63,4.6904,34.36,15.3893,,True,True,0.0,,0.5259,58.6,2.0,40.3389,80.6779,CLOSING,Friday
5000,2024-04-08T06:05:00+00:00,BULLISH,WIN,75.0,6,True,True,True,False,True,True,True,False,BULLISH,0.193,BOS,True,False,True,LOWER_SWEEP,EQUAL_HIGH,8.7375,0.7662054088182679,2,74.61,16.5449,58.14,11.4036,,True,True,0.0,,0.5965,57.0,2.0,18.5904,37.1807,MID,Monday
5047,2024-04-09T03:45:00+00:00,BULLISH,WIN,75.0,6,True,True,True,False,True,True,True,False,BULLISH,0.201,CHOCH,False,True,False,LOWER_SWEEP,PDH,39.45,1.9989156705868045,3,61.57,4.3475,56.7,19.7357,,True,True,0.0,,0.5965,65.0,2.0,51.0736,102.1471,OPENING,Tuesday
5082,2024-04-09T06:40:00+00:00,BEARISH,WIN,62.5,5,True,True,False,False,True,True,True,False,BULLISH,0.186,CHOCH,False,True,False,UPPER_SWEEP,EQUAL_LOW,16.875,1.24934293815845,2,34.51,2.9777,50.98,13.5071,,False,True,0.0,,0.5259,60.4,2.0,30.8507,61.7014,MID,Tuesday
5095,2024-04-09T07:45:00+00:00,BEARISH,WIN,62.5,5,True,True,False,False,True,True,True,False,TRANSITION,0.139,BOS,False,True,False,UPPER_SWEEP,EQUAL_LOW,27.9,1.5490791585002248,3,24.84,-13.5945,72.51,18.0107,,False,False,0.0,,0.5259,58.8,2.0,37.9511,75.9021,MID,Tuesday
5122,2024-04-10T03:45:00+00:00,BULLISH,TIMEOUT,75.0,6,True,True,True,False,True,True,True,False,BULLISH,0.157,CHOCH,False,True,False,LOWER_SWEEP,EQUAL_HIGH,53.625,2.885841750932349,1,62.24,-3.9829,43.5,18.5821,,True,False,0.0,,0.5965,63.6,2.0,60.6082,121.2164,OPENING,Wednesday
5147,2024-04-10T05:50:00+00:00,BEARISH,TIMEOUT,50.0,4,True,True,False,False,True,True,False,False,TRANSITION,0.135,CHOCH,False,True,False,UPPER_SWEEP,EQUAL_LOW,34.7,2.7292104166175095,3,31.33,3.5036,10.67,12.7143,,False,True,0.0,,0.4541,54.5,2.0,44.2214,88.4429,MID,Wednesday
5169,2024-04-10T07:40:00+00:00,BULLISH,WIN,75.0,6,True,True,True,False,True,True,True,False,BULLISH,0.158,CHOCH,False,False,True,LOWER_SWEEP,EQUAL_HIGH,18.32,1.72771511562111,3,60.51,2.8579,28.39,10.6036,,True,True,0.0,,0.5965,63.6,2.0,24.1104,48.2207,MID,Wednesday
5184,2024-04-10T08:55:00+00:00,BULLISH,WIN,75.0,6,True,True,True,False,True,True,True,False,BULLISH,0.177,CHOCH,False,True,False,LOWER_SWEEP,EQUAL_HIGH,23.15,1.5374806569658166,2,62.27,8.8205,29.55,15.0571,,True,True,0.0,,0.5965,64.2,2.0,26.3557,52.7114,MID,Wednesday
5197,2024-04-12T03:45:00+00:00,BEARISH,WIN,62.5,5,True,True,False,False,True,True,True,False,TRANSITION,0.129,CHOCH,True,True,True,UPPER_SWEEP,EQUAL_HIGH,45.48,2.307797697276616,3,38.2,4.1383,39.07,19.7071,,False,True,0.0,,0.5259,58.5,2.0,51.0207,102.0414,OPENING,Friday
5221,2024-04-12T05:45:00+00:00,BULLISH,LOSS,62.5,5,True,True,False,False,True,True,True,False,TRANSITION,0.118,CHOCH,True,False,True,LOWER_SWEEP,EQUAL_LOW,28.475,1.8103963480538638,1,73.25,-8.9066,62.41,15.7286,,True,False,0.0,,0.5259,58.1,2.0,36.9729,73.9457,MID,Friday
5234,2024-04-12T06:50:00+00:00,BEARISH,WIN,62.5,5,True,True,False,False,True,True,True,False,TRANSITION,0.072,CHOCH,True,True,True,UPPER_SWEEP,EQUAL_HIGH,61.9333,3.133023740508602,3,41.86,-4.7378,38.15,19.7679,,False,False,0.0,,0.5259,56.6,2.0,65.9268,131.8536,MID,Friday
5256,2024-04-12T08:40:00+00:00,BEARISH,TIMEOUT,62.5,5,True,True,False,False,True,True,True,False,RANGE,0.011,CHOCH,False,True,False,UPPER_SWEEP,EQUAL_LOW,33.775,1.8467081845669324,3,34.91,-20.3979,51.81,18.2893,,False,False,0.0,,0.5259,54.5,2.0,39.7789,79.5579,MID,Friday
5272,2024-04-15T03:45:00+00:00,BEARISH,TIMEOUT,62.5,5,True,True,True,False,True,False,True,False,BEARISH,-0.159,BOS,False,True,True,UPPER_SWEEP,PDL,20.3,0.6248903363633845,2,13.92,-34.8244,84.45,32.4857,,False,False,0.0,,0.5259,47.0,2.0,202.0986,404.1971,OPENING,Monday
5291,2024-04-15T05:20:00+00:00,BULLISH,LOSS,50.0,4,True,True,False,False,True,False,True,False,TRANSITION,-0.073,BOS,False,True,False,LOWER_SWEEP,EQUAL_HIGH,20.15,0.8696064976652252,3,96.94,-22.9609,70.02,23.1714,,True,False,0.0,,0.4541,48.1,2.0,45.7671,91.5343,MID,Monday
5308,2024-04-15T06:45:00+00:00,BULLISH,LOSS,50.0,4,True,True,False,False,True,True,False,False,TRANSITION,-0.064,CHOCH,True,True,False,LOWER_SWEEP,EQUAL_HIGH,9.7333,0.6138133706667676,2,57.56,-3.1937,7.32,15.8571,,True,False,0.0,,0.4541,39.3,2.0,21.7357,43.4714,MID,Monday
5334,2024-04-15T08:55:00+00:00,BEARISH,WIN,62.5,5,True,True,False,False,True,True,True,False,TRANSITION,-0.119,BOS,False,True,False,UPPER_SWEEP,EQUAL_LOW,27.95,1.7348718553507916,3,28.59,-13.3691,54.36,16.1107,,False,False,0.0,,0.5259,58.1,2.0,44.0111,88.0221,MID,Monday
5347,2024-04-16T03:45:00+00:00,BEARISH,TIMEOUT,62.5,5,True,True,True,False,True,False,True,False,BEARISH,-0.225,BOS,False,True,False,UPPER_SWEEP,PDL,31.75,1.0283400809716599,3,18.71,-30.5788,73.13,30.875,,False,False,0.0,,0.5259,61.7,2.0,146.3375,292.675,OPENING,Tuesday
5378,2024-04-16T06:20:00+00:00,BEARISH,WIN,75.0,6,True,True,True,False,True,True,True,False,BEARISH,-0.179,CHOCH,False,True,False,UPPER_SWEEP,EQUAL_LOW,14.5333,1.1686756676343109,3,40.96,-11.3112,41.3,12.4357,,False,False,0.0,,0.5965,64.3,2.0,27.2936,54.5871,MID,Tuesday
5414,2024-04-16T09:20:00+00:00,BEARISH,LOSS,62.5,5,True,True,True,False,True,True,False,False,BEARISH,-0.189,CHOCH,False,True,False,UPPER_SWEEP,EQUAL_HIGH,4.7,0.3032258064516129,3,48.35,-3.6299,6.18,15.5,,False,False,0.0,,0.5259,37.2,2.0,31.85,63.7,CLOSING,Tuesday
5443,2024-04-18T05:30:00+00:00,BULLISH,WIN,50.0,4,True,True,False,False,True,True,False,False,TRANSITION,-0.088,CHOCH,False,True,False,LOWER_SWEEP,PDH,48.0,1.9861055366829556,2,56.37,6.0361,1.23,24.1679,,True,True,0.0,,0.4541,52.9,2.0,52.1168,104.2336,MID,Thursday
5459,2024-04-18T06:50:00+00:00,BULLISH,TIMEOUT,50.0,4,True,True,False,False,True,True,False,False,RANGE,-0.01,BOS,True,True,False,LOWER_SWEEP,EQUAL_HIGH,10.65,0.6100669641578498,3,64.77,28.1148,17.12,17.4571,,True,True,0.0,,0.4541,37.3,2.0,32.6457,65.2914,MID,Thursday
5486,2024-04-18T09:05:00+00:00,BEARISH,WIN,62.5,5,True,True,True,False,True,True,False,False,BEARISH,-0.188,CHOCH,False,True,False,UPPER_SWEEP,EQUAL_LOW,51.1333,0.9441661388811439,3,43.9,-39.2416,16.95,54.1571,,False,False,0.0,,0.5259,58.6,2.0,77.3657,154.7314,CLOSING,Thursday
5498,2024-04-19T03:50:00+00:00,BEARISH,TIMEOUT,75.0,6,True,True,True,False,True,True,True,False,BEARISH,-0.341,BOS,False,True,True,UPPER_SWEEP,PDL,86.15,1.6005573618207154,2,24.61,-73.1019,73.06,53.825,,False,False,0.0,,0.5965,69.7,2.0,190.9825,381.965,OPENING,Friday
5523,2024-04-19T05:55:00+00:00,BULLISH,WIN,62.5,5,True,True,False,False,True,True,True,False,BEARISH,-0.266,CHOCH,False,True,False,LOWER_SWEEP,EQUAL_HIGH,21.625,0.9536934950385887,3,62.02,-21.1759,53.89,22.675,,True,False,0.0,,0.5259,61.5,2.0,48.3175,96.635,MID,Friday
5535,2024-04-19T06:55:00+00:00,BULLISH,WIN,62.5,5,True,True,False,False,True,True,True,False,BEARISH,-0.201,BOS,True,True,False,LOWER_SWEEP,PDL,48.4,1.8803930176811334,3,73.52,11.8397,73.61,25.7393,,True,False,0.0,,0.5259,60.9,2.0,57.5239,115.0479,MID,Friday
5552,2024-04-19T08:20:00+00:00,BULLISH,TIMEOUT,62.5,5,True,True,False,False,True,True,True,False,TRANSITION,-0.067,CHOCH,False,True,False,LOWER_SWEEP,EQUAL_LOW,98.3667,3.1926149032641256,2,73.24,36.3927,54.1,30.8107,,True,True,0.0,,0.5259,56.4,2.0,125.5311,251.0621,MID,Friday
5567,2024-04-19T09:35:00+00:00,BULLISH,WIN,50.0,4,True,True,False,False,True,True,False,False,RANGE,-0.039,CHOCH,False,False,True,LOWER_SWEEP,EQUAL_HIGH,50.2833,1.5481978903031535,3,57.34,34.5582,13.32,32.4786,,True,True,0.0,,0.4541,51.3,2.0,55.5979,111.1957,CLOSING,Friday
5592,2024-04-22T05:25:00+00:00,BULLISH,TIMEOUT,62.5,5,True,True,False,False,True,True,True,False,RANGE,0.036,CHOCH,False,True,False,LOWER_SWEEP,EQUAL_HIGH,32.45,1.514585764294049,3,76.4,27.8378,69.21,21.425,,True,True,0.0,,0.5259,55.4,2.0,43.7925,87.585,MID,Monday
5618,2024-04-22T07:35:00+00:00,BEARISH,LOSS,62.5,5,True,True,False,False,True,True,True,False,RANGE,0.003,BOS,False,False,True,UPPER_SWEEP,EQUAL_HIGH,17.45,1.3194706994328922,3,27.11,4.4573,92.13,13.225,,False,True,0.0,,0.5259,54.3,2.0,24.6225,49.245,MID,Monday
5633,2024-04-22T08:50:00+00:00,BEARISH,LOSS,62.5,5,True,True,False,False,True,True,True,False,RANGE,0.013,CHOCH,False,False,True,UPPER_SWEEP,EQUAL_LOW,15.4667,1.161974952481838,3,55.82,4.3159,26.06,13.3107,,False,True,0.0,,0.5259,54.6,2.0,20.2811,40.5621,MID,Monday
5646,2024-04-22T09:55:00+00:00,BULLISH,WIN,62.5,5,True,True,False,False,True,True,True,False,TRANSITION,0.078,BOS,False,True,False,LOWER_SWEEP,EQUAL_HIGH,8.9833,0.5555053984194319,3,78.43,18.4849,66.52,16.1714,,True,True,0.0,,0.5259,42.0,2.0,50.9171,101.8343,CLOSING,Monday
5665,2024-04-23T05:15:00+00:00,BEARISH,TIMEOUT,62.5,5,True,True,False,False,True,True,True,False,RANGE,0.047,CHOCH,False,True,False,UPPER_SWEEP,PDH,30.65,1.822853166649816,3,33.8,13.1838,43.99,16.8143,,False,True,0.0,,0.5259,55.7,2.0,51.0314,102.0629,MID,Tuesday
5693,2024-04-23T07:35:00+00:00,BEARISH,TIMEOUT,62.5,5,True,True,False,False,True,True,True,False,TRANSITION,0.05,CHOCH,False,True,False,UPPER_SWEEP,EQUAL_LOW,23.675,2.0045382576815935,3,36.26,3.1612,21.7,11.8107,,False,True,0.0,,0.5259,55.8,2.0,31.4811,62.9621,MID,Tuesday
5716,2024-04-23T09:30:00+00:00,BEARISH,WIN,50.0,4,True,True,False,False,True,True,False,False,RANGE,0.046,CHOCH,False,False,True,UPPER_SWEEP,EQUAL_LOW,25.1375,1.5033131197148564,0,48.32,0.9676,9.06,16.7214,,False,True,0.0,,0.4541,51.5,2.0,28.3221,56.6443,CLOSING,Tuesday
5729,2024-04-24T04:20:00+00:00,BULLISH,WIN,62.5,5,True,True,False,False,True,True,True,False,TRANSITION,0.087,CHOCH,False,True,False,LOWER_SWEEP,EQUAL_HIGH,19.65,0.8847087214720832,2,59.28,8.6638,40.66,22.2107,,True,True,0.0,,0.5259,53.2,2.0,35.0711,70.1421,OPENING,Wednesday
5765,2024-04-24T07:20:00+00:00,BEARISH,WIN,50.0,4,True,True,False,False,True,True,False,False,TRANSITION,0.077,CHOCH,True,False,False,UPPER_SWEEP,EQUAL_LOW,12.175,1.3447689316956792,3,49.2,2.5974,14.19,9.0536,,False,True,0.0,,0.4541,52.6,2.0,13.1054,26.2107,MID,Wednesday
5784,2024-04-24T08:55:00+00:00,BEARISH,WIN,62.5,5,True,True,False,False,True,True,True,False,TRANSITION,0.057,BOS,False,True,False,UPPER_SWEEP,EQUAL_LOW,16.4125,1.8396776290716705,2,24.56,-2.7147,43.71,8.9214,,False,True,0.0,,0.5259,56.1,2.0,21.8921,43.7843,MID,Wednesday
5797,2024-04-25T03:45:00+00:00,BEARISH,LOSS,62.5,5,True,True,False,False,True,True,True,False,RANGE,-0.021,BOS,False,True,False,UPPER_SWEEP,EQUAL_LOW,60.3833,2.6575519114139095,1,22.02,-15.6221,76.54,22.7214,,False,False,0.0,,0.5259,54.9,2.0,76.4721,152.9443,OPENING,Thursday
5809,2024-04-25T04:45:00+00:00,BULLISH,LOSS,50.0,4,True,True,False,False,True,True,False,False,TRANSITION,0.08,CHOCH,False,True,False,LOWER_SWEEP,EQUAL_HIGH,65.6125,2.125837942218032,3,61.19,3.6786,13.69,30.8643,,True,False,0.0,,0.4541,52.7,2.0,69.2364,138.4729,MID,Thursday
5842,2024-04-25T07:30:00+00:00,BULLISH,WIN,62.5,5,True,True,False,False,True,True,True,False,TRANSITION,0.075,CHOCH,False,True,False,LOWER_SWEEP,EQUAL_LOW,64.975,3.182256745306814,3,64.19,2.9818,47.21,20.4179,,True,False,0.0,,0.5259,56.7,2.0,75.6418,151.2836,MID,Thursday
5882,2024-04-26T04:35:00+00:00,BEARISH,TIMEOUT,62.5,5,True,True,False,False,True,True,True,False,TRANSITION,0.093,CHOCH,False,True,False,UPPER_SWEEP,EQUAL_LOW,18.075,0.6500138453848118,3,39.18,8.2716,20.44,27.8071,,False,True,0.0,,0.5259,45.6,2.0,67.4807,134.9614,MID,Friday
5920,2024-04-26T07:45:00+00:00,BEARISH,WIN,62.5,5,True,True,False,False,True,True,True,False,RANGE,0.049,BOS,True,False,True,UPPER_SWEEP,EQUAL_LOW,23.3333,1.3429237410071944,1,30.24,-10.4688,59.19,17.375,,False,False,0.0,,0.5259,55.8,2.0,33.8375,67.675,MID,Friday
5941,2024-04-26T09:30:00+00:00,BEARISH,LOSS,50.0,4,True,True,False,False,True,True,False,False,RANGE,-0.005,CHOCH,False,True,False,UPPER_SWEEP,EQUAL_HIGH,45.2071,2.4976298342541434,2,45.65,-15.1321,10.85,18.1,,False,False,0.0,,0.4541,50.2,2.0,53.11,106.22,CLOSING,Friday
5962,2024-04-29T05:00:00+00:00,BULLISH,TIMEOUT,62.5,5,True,True,False,False,True,True,True,False,TRANSITION,0.095,BOS,False,True,False,LOWER_SWEEP,EQUAL_HIGH,53.75,2.0576998170082765,3,62.65,16.2489,25.72,26.1214,,True,True,0.0,,0.5259,57.3,2.0,62.8621,125.7243,MID,Monday
5979,2024-04-29T06:25:00+00:00,BULLISH,TIMEOUT,62.5,5,True,True,False,False,True,True,True,False,TRANSITION,0.103,CHOCH,False,False,True,LOWER_SWEEP,EQUAL_HIGH,21.7,1.7494920829436613,3,73.84,15.2954,49.03,12.4036,,True,True,0.0,,0.5259,57.6,2.0,27.6904,55.3807,MID,Monday
5997,2024-04-29T07:55:00+00:00,BULLISH,TIMEOUT,62.5,5,True,True,False,False,True,True,True,False,TRANSITION,0.128,BOS,False,True,False,LOWER_SWEEP,EQUAL_LOW,8.425,0.6673267326732674,2,78.05,15.0767,45.12,12.625,,True,True,0.0,,0.5259,47.3,2.0,34.3625,68.725,MID,Monday
6022,2024-04-30T03:45:00+00:00,BULLISH,TIMEOUT,75.0,6,True,True,True,False,True,True,True,False,BULLISH,0.179,CHOCH,True,True,True,LOWER_SWEEP,PDH,29.35,1.4453073063115858,1,71.71,18.8293,43.81,20.3071,,True,True,0.0,,0.5965,64.3,2.0,70.8807,141.7614,OPENING,Tuesday
6069,2024-04-30T07:40:00+00:00,BEARISH,LOSS,62.5,5,True,True,False,False,True,True,True,False,BULLISH,0.153,BOS,False,True,False,UPPER_SWEEP,EQUAL_LOW,22.45,1.863070539419087,3,30.0,1.5203,52.99,12.05,,False,True,0.0,,0.5259,59.3,2.0,32.605,65.21,MID,Tuesday
6081,2024-04-30T08:40:00+00:00,BULLISH,LOSS,75.0,6,True,True,True,False,True,True,True,False,BULLISH,0.192,BOS,False,False,True,LOWER_SWEEP,EQUAL_HIGH,26.725,1.5948463636309385,3,64.06,6.4076,28.5,16.7571,,True,True,0.0,,0.5965,64.7,2.0,40.9757,81.9514,MID,Tuesday
6095,2024-04-30T09:50:00+00:00,BEARISH,LOSS,50.0,4,True,True,False,False,True,False,True,False,RANGE,0.035,CHOCH,False,True,False,UPPER_SWEEP,EQUAL_LOW,22.7833,0.8134830096654062,2,5.43,-38.1669,88.63,28.0071,,False,False,0.0,,0.4541,44.9,2.0,54.5007,109.0014,CLOSING,Tuesday
6120,2024-05-02T05:40:00+00:00,BEARISH,LOSS,62.5,5,True,True,False,False,True,True,True,False,TRANSITION,0.098,CHOCH,False,True,False,UPPER_SWEEP,EQUAL_LOW,32.6,1.664479696921734,3,50.4,-0.3175,21.61,19.5857,,False,False,0.0,,0.5259,57.4,2.0,35.6086,71.2171,MID,Thursday
6147,2024-05-02T07:55:00+00:00,BULLISH,LOSS,62.5,5,True,True,False,False,True,True,True,False,TRANSITION,0.124,CHOCH,False,True,False,LOWER_SWEEP,EQUAL_HIGH,17.59,1.1698823466815644,2,59.14,3.7639,22.86,15.0357,,True,True,0.0,,0.5259,58.3,2.0,24.8036,49.6071,MID,Thursday
6172,2024-05-03T03:45:00+00:00,BULLISH,TIMEOUT,75.0,6,True,True,True,False,True,True,True,False,BULLISH,0.171,CHOCH,False,True,False,LOWER_SWEEP,EQUAL_HIGH,121.825,4.22846373048902,3,75.34,1.1605,61.28,28.8107,,True,False,0.0,,0.5965,64.0,2.0,138.9811,277.9621,OPENING,Friday
6186,2024-05-03T04:55:00+00:00,BEARISH,WIN,50.0,4,True,True,False,False,True,False,True,False,TRANSITION,0.062,CHOCH,True,True,False,UPPER_SWEEP,EQUAL_LOW,52.9167,1.758655070074744,3,18.39,-3.4459,83.69,30.0893,,False,True,0.0,,0.4541,52.1,2.0,74.9589,149.9179,MID,Friday
6198,2024-05-03T05:55:00+00:00,BEARISH,WIN,62.5,5,True,True,False,False,True,True,True,False,RANGE,-0.015,BOS,False,True,False,UPPER_SWEEP,EQUAL_LOW,76.425,2.1840144715070773,3,20.27,-37.2083,58.36,34.9929,,False,False,0.0,,0.5259,54.7,2.0,82.4493,164.8986,MID,Friday
6216,2024-05-03T07:25:00+00:00,BEARISH,TIMEOUT,62.5,5,True,True,False,False,True,True,True,False,TRANSITION,-0.103,CHOCH,False,True,False,UPPER_SWEEP,EQUAL_LOW,76.95,2.607210741911548,3,35.9,-37.5319,22.89,29.5143,,False,False,0.0,,0.5259,57.6,2.0,137.7514,275.5029,MID,Friday
6236,2024-05-03T09:05:00+00:00,BULLISH,WIN,50.0,4,True,True,False,False,True,True,False,False,TRANSITION,-0.06,CHOCH,False,True,False,LOWER_SWEEP,EQUAL_HIGH,48.85,1.7529128495509172,2,50.84,-19.5693,6.3,27.8679,,True,False,0.0,,0.4541,52.0,2.0,60.7368,121.4736,CLOSING,Friday
6248,2024-05-06T03:50:00+00:00,BULLISH,WIN,62.5,5,True,True,False,False,True,True,True,False,RANGE,0.009,BOS,False,True,False,LOWER_SWEEP,EQUAL_HIGH,55.9667,1.821322806766335,2,72.9,15.92,56.7,30.7286,,True,False,0.0,,0.5259,54.5,2.0,66.7729,133.5457,OPENING,Monday
6268,2024-05-06T05:30:00+00:00,BULLISH,LOSS,62.5,5,True,True,False,False,True,True,True,False,RANGE,0.023,CHOCH,False,True,False,LOWER_SWEEP,EQUAL_HIGH,10.4167,0.423320911444258,3,65.22,13.5733,67.7,24.6071,,True,True,0.0,,0.5259,35.7,2.0,34.9107,69.8214,MID,Monday
6295,2024-05-06T07:45:00+00:00,BEARISH,TIMEOUT,50.0,4,True,True,False,False,True,False,True,False,RANGE,-0.04,CHOCH,True,True,False,UPPER_SWEEP,EQUAL_HIGH,28.95,1.5211143278986554,2,14.1,-11.4257,65.58,19.0321,,False,False,0.0,,0.4541,51.3,2.0,34.0532,68.1064,MID,Monday
6310,2024-05-06T09:00:00+00:00,BEARISH,LOSS,62.5,5,True,True,False,False,True,True,True,False,TRANSITION,-0.058,BOS,False,True,False,UPPER_SWEEP,EQUAL_HIGH,34.35,1.6301717019277315,2,43.22,-11.2816,34.22,21.0714,,False,False,0.0,,0.5259,56.1,2.0,51.2071,102.4143,CLOSING,Monday
6328,2024-05-07T04:15:00+00:00,BEARISH,WIN,50.0,4,True,True,False,False,True,True,False,False,RANGE,-0.036,CHOCH,False,False,True,UPPER_SWEEP,EQUAL_LOW,46.6333,1.625057498501554,3,45.64,0.9696,9.68,28.6964,,False,False,0.0,,0.4541,51.2,2.0,59.4696,118.9393,OPENING,Tuesday
6363,2024-05-07T07:10:00+00:00,BEARISH,LOSS,62.5,5,True,True,True,False,True,True,False,False,BEARISH,-0.155,CHOCH,False,True,False,UPPER_SWEEP,EQUAL_HIGH,3.25,0.1366982124079916,3,47.08,-22.1269,11.34,23.775,,False,False,0.0,,0.5259,30.6,2.0,55.5775,111.155,MID,Tuesday
6375,2024-05-07T08:10:00+00:00,BULLISH,LOSS,62.5,5,True,True,False,False,True,True,True,False,TRANSITION,-0.088,CHOCH,False,True,False,LOWER_SWEEP,EQUAL_HIGH,43.25,1.8587839899604175,3,60.9,-3.3959,22.23,23.2679,,True,False,0.0,,0.5259,57.1,2.0,67.0768,134.1536,MID,Tuesday
6397,2024-05-08T03:45:00+00:00,BEARISH,TIMEOUT,75.0,6,True,True,True,False,True,True,True,False,BEARISH,-0.151,CHOCH,False,True,False,UPPER_SWEEP,PDL,82.65,2.8201357350266663,1,39.56,-3.1981,40.72,29.3071,,False,False,0.0,,0.5965,63.4,2.0,93.1807,186.3614,OPENING,Wednesday
6411,2024-05-08T04:55:00+00:00,BEARISH,TIMEOUT,62.5,5,True,True,True,False,True,True,False,False,BEARISH,-0.155,CHOCH,False,True,False,UPPER_SWEEP,PDL,54.65,1.6365754396892753,3,47.13,-13.2269,16.22,33.3929,,False,False,0.0,,0.5259,59.3,2.0,78.3893,156.7786,MID,Wednesday
6432,2024-05-08T06:40:00+00:00,BULLISH,TIMEOUT,62.5,5,True,True,False,False,True,True,True,False,RANGE,-0.046,BOS,False,True,False,LOWER_SWEEP,EQUAL_HIGH,38.0,1.5083614827987248,3,72.55,17.2868,76.09,25.1929,,True,True,0.0,,0.5259,55.7,2.0,45.0693,90.1386,MID,Wednesday
6447,2024-05-08T07:55:00+00:00,BULLISH,LOSS,50.0,4,True,True,False,False,True,True,False,False,RANGE,-0.029,CHOCH,True,False,False,LOWER_SWEEP,EQUAL_LOW,19.0,0.872989253042827,3,52.86,20.397,15.56,21.7643,,True,True,0.0,,0.4541,46.7,2.0,22.3764,44.7529,MID,Wednesday
6480,2024-05-09T04:25:00+00:00,BEARISH,WIN,62.5,5,True,True,False,False,True,True,True,False,TRANSITION,-0.126,BOS,False,False,True,UPPER_SWEEP,EQUAL_LOW,38.15,1.1764306815588708,0,32.69,-17.0235,70.63,32.4286,,False,False,0.0,,0.5259,58.4,2.0,42.9429,85.8857,OPENING,Thursday
6501,2024-05-09T06:10:00+00:00,BULLISH,TIMEOUT,37.5,3,True,True,False,False,False,True,False,False,BEARISH,-0.157,CHOCH,True,True,False,LOWER_SWEEP,EQUAL_HIGH,35.75,1.70064791117623,2,51.52,-23.2229,17.37,21.0214,,False,False,0.0,,0.3843,51.1,2.0,38.8021,77.6043,MID,Thursday
6513,2024-05-09T07:10:00+00:00,BEARISH,WIN,62.5,5,True,True,True,False,True,True,False,False,BEARISH,-0.173,CHOCH,False,True,False,UPPER_SWEEP,EQUAL_LOW,26.35,1.3407212927911425,3,42.52,-10.9923,7.96,19.6536,,False,False,0.0,,0.5259,59.9,2.0,50.4154,100.8307,MID,Thursday
6537,2024-05-09T09:10:00+00:00,BEARISH,TIMEOUT,75.0,6,True,True,True,False,True,True,True,False,BEARISH,-0.278,CHOCH,False,True,False,UPPER_SWEEP,EQUAL_LOW,37.5333,1.3542936318074061,3,31.59,-26.0799,27.03,27.7143,,False,False,0.0,,0.5965,67.6,2.0,93.8214,187.6429,CLOSING,Thursday
6550,2024-05-10T04:00:00+00:00,BULLISH,WIN,50.0,4,True,True,False,False,True,True,False,False,BEARISH,-0.193,CHOCH,True,True,False,LOWER_SWEEP,EQUAL_LOW,75.6167,2.289188395530408,2,53.2,-15.612,8.59,33.0321,,True,False,0.0,,0.4541,56.4,2.0,82.7532,165.5064,OPENING,Friday
6598,2024-05-10T08:00:00+00:00,BULLISH,TIMEOUT,50.0,4,True,True,False,False,True,True,False,False,BEARISH,-0.173,CHOCH,False,True,False,LOWER_SWEEP,EQUAL_HIGH,35.65,1.7417517185446478,3,51.22,-11.0752,11.14,20.4679,,True,False,0.0,,0.4541,55.8,2.0,40.5968,81.1936,MID,Friday
6617,2024-05-10T09:35:00+00:00,BULLISH,LOSS,62.5,5,True,True,False,False,True,True,True,False,TRANSITION,-0.138,CHOCH,False,True,False,LOWER_SWEEP,EQUAL_HIGH,35.95,1.8169688209161166,3,50.05,4.4382,23.21,19.7857,,True,False,0.0,,0.5259,58.8,2.0,40.6786,81.3571,CLOSING,Friday
6638,2024-05-13T05:05:00+00:00,BEARISH,LOSS,75.0,6,True,True,True,False,True,True,True,False,BEARISH,-0.289,CHOCH,False,True,False,UPPER_SWEEP,EQUAL_LOW,41.45,1.2536179504783105,2,31.33,-41.5138,63.22,33.0643,,False,False,0.0,,0.5965,68.0,2.0,53.2564,106.5129,MID,Monday
6650,2024-05-13T06:05:00+00:00,BULLISH,TIMEOUT,62.5,5,True,True,False,False,True,True,True,False,BEARISH,-0.166,CHOCH,False,True,False,LOWER_SWEEP,PDL,27.35,1.059785872879944,3,72.26,4.8945,57.67,25.8071,,True,False,0.0,,0.5259,59.7,2.0,59.4807,118.9614,MID,Monday
6663,2024-05-13T07:10:00+00:00,BULLISH,LOSS,62.5,5,True,True,False,False,True,True,True,False,TRANSITION,-0.124,BOS,True,False,False,LOWER_SWEEP,EQUAL_HIGH,36.9,1.818056404091366,3,63.57,26.8142,48.09,20.2964,,True,True,0.0,,0.5259,58.3,2.0,40.5296,81.0593,MID,Monday
6677,2024-05-13T08:20:00+00:00,BULLISH,TIMEOUT,50.0,4,True,True,False,False,True,True,False,False,TRANSITION,-0.074,CHOCH,False,True,False,LOWER_SWEEP,EQUAL_HIGH,132.725,4.499152542372881,3,60.2,12.5989,6.2,29.5,,True,True,0.0,,0.4541,52.5,2.0,146.1,292.2,MID,Monday
6697,2024-05-14T03:45:00+00:00,BULLISH,LOSS,62.5,5,True,True,False,False,True,True,True,False,RANGE,-0.003,CHOCH,False,False,True,LOWER_SWEEP,EQUAL_HIGH,69.05,2.7513906377010247,3,74.75,28.6674,43.37,25.0964,,True,True,0.0,,0.5259,54.3,2.0,84.2096,168.4193,OPENING,Tuesday
6719,2024-05-14T05:35:00+00:00,BULLISH,TIMEOUT,62.5,5,True,True,False,False,True,True,True,False,RANGE,-0.014,CHOCH,False,True,False,LOWER_SWEEP,EQUAL_HIGH,36.425,1.5295431736393679,3,57.85,14.8047,26.65,23.8143,,True,True,0.0,,0.5259,54.6,2.0,45.1314,90.2629,MID,Tuesday
6777,2024-05-15T04:10:00+00:00,BULLISH,LOSS,62.5,5,True,True,False,False,True,True,True,False,RANGE,0.049,BOS,True,False,True,LOWER_SWEEP,PDH,21.6,0.9863013698630139,2,62.13,10.9145,37.27,21.9,,True,True,0.0,,0.5259,55.3,2.0,37.29,74.58,OPENING,Wednesday
6793,2024-05-15T05:30:00+00:00,BULLISH,TIMEOUT,62.5,5,True,True,False,False,True,True,True,False,RANGE,0.012,CHOCH,False,True,False,LOWER_SWEEP,EQUAL_LOW,57.35,1.8570628292765063,3,38.82,-11.7769,26.53,30.8821,,True,False,0.0,,0.5259,54.6,2.0,86.0382,172.0764,MID,Wednesday
6847,2024-05-16T03:45:00+00:00,BULLISH,TIMEOUT,62.5,5,True,True,False,False,True,True,True,False,TRANSITION,0.052,BOS,True,True,True,LOWER_SWEEP,EQUAL_HIGH,79.325,3.0840078689340396,3,73.75,8.6754,57.55,25.7214,,True,True,0.0,,0.5259,55.9,2.0,106.2721,212.5443,OPENING,Thursday
6860,2024-05-16T04:50:00+00:00,BEARISH,TIMEOUT,50.0,4,True,True,False,False,True,True,False,False,RANGE,-0.045,CHOCH,False,True,False,UPPER_SWEEP,EQUAL_LOW,79.875,2.064716419762341,2,45.08,2.124,9.31,38.6857,,False,True,0.0,,0.4541,51.5,2.0,85.7186,171.4371,MID,Thursday
6881,2024-05-16T06:35:00+00:00,BULLISH,LOSS,62.5,5,True,True,False,False,True,True,True,False,RANGE,0.002,CHOCH,False,False,True,LOWER_SWEEP,EQUAL_HIGH,69.3875,2.075692670348145,3,61.22,-6.7292,35.18,33.4286,,True,False,0.0,,0.5259,54.2,2.0,83.0429,166.0857,MID,Thursday
6893,2024-05-16T07:35:00+00:00,BEARISH,WIN,50.0,4,True,True,False,False,True,True,False,False,TRANSITION,-0.078,CHOCH,True,False,False,UPPER_SWEEP,EQUAL_LOW,52.5833,1.3349640638447497,3,44.65,-12.2949,13.22,39.3893,,False,False,0.0,,0.4541,52.6,2.0,57.2889,114.5779,MID,Thursday
6910,2024-05-16T09:00:00+00:00,BULLISH,WIN,62.5,5,True,True,False,False,True,True,True,False,RANGE,-0.035,CHOCH,False,False,True,LOWER_SWEEP,EQUAL_LOW,111.3625,3.0708575651536085,3,69.38,-8.2305,45.89,36.2643,,True,False,0.0,,0.5259,55.3,2.0,115.4264,230.8529,CLOSING,Thursday
6936,2024-05-17T04:55:00+00:00,BULLISH,TIMEOUT,62.5,5,True,True,False,False,True,True,True,False,TRANSITION,0.139,BOS,False,True,False,LOWER_SWEEP,EQUAL_HIGH,42.975,1.4386670862430284,2,59.97,43.3828,25.38,29.8714,,True,True,0.0,,0.5259,58.8,2.0,49.8371,99.6743,MID,Friday
6951,2024-05-17T06:10:00+00:00,BULLISH,TIMEOUT,75.0,6,True,True,True,False,True,True,True,False,BULLISH,0.167,BOS,False,True,False,LOWER_SWEEP,EQUAL_HIGH,33.9,1.6782178217821782,3,65.01,32.4812,23.56,20.2,,True,True,0.0,,0.5965,63.9,2.0,44.02,88.04,MID,Friday
6967,2024-05-17T07:30:00+00:00,BEARISH,LOSS,62.5,5,True,True,False,False,True,True,True,False,TRANSITION,0.12,CHOCH,False,True,False,UPPER_SWEEP,EQUAL_HIGH,2.15,0.1515226262042525,3,29.32,10.0086,59.5,14.1893,,False,True,0.0,,0.5259,29.9,2.0,25.8689,51.7379,MID,Friday
6991,2024-05-17T09:30:00+00:00,BEARISH,LOSS,62.5,5,True,True,False,False,True,True,True,False,TRANSITION,0.111,BOS,False,True,False,UPPER_SWEEP,EQUAL_LOW,12.75,0.8536593530935945,2,40.61,0.0268,40.77,14.9357,,False,True,0.0,,0.5259,53.0,2.0,23.6936,47.3871,CLOSING,Friday
7014,2024-05-18T06:40:00+00:00,BULLISH,LOSS,50.0,4,True,True,False,False,True,True,False,False,TRANSITION,0.123,CHOCH,True,False,True,LOWER_SWEEP,PDH,14.75,1.2814164212428436,1,44.7,4.12,11.7,11.5107,,True,True,0.0,,0.4541,54.1,2.0,20.5011,41.0021,MID,Saturday
7039,2024-05-21T05:30:00+00:00,BULLISH,WIN,62.5,5,True,True,False,False,True,True,True,False,TRANSITION,0.097,CHOCH,False,True,False,LOWER_SWEEP,EQUAL_LOW,34.625,2.3288426744866455,3,68.71,-1.1391,36.36,14.8679,,True,True,0.0,,0.5259,57.4,2.0,44.9868,89.9736,MID,Tuesday
7051,2024-05-21T06:30:00+00:00,BULLISH,WIN,50.0,4,True,True,False,False,True,False,True,False,TRANSITION,0.117,CHOCH,True,True,True,LOWER_SWEEP,PDH,4.1,0.31827108934102355,2,84.78,13.1766,79.99,12.8821,,True,True,0.0,,0.4541,31.2,2.0,19.9882,39.9764,MID,Tuesday
7086,2024-05-21T09:25:00+00:00,BEARISH,LOSS,62.5,5,True,True,False,False,True,True,True,False,TRANSITION,0.09,BOS,False,True,False,UPPER_SWEEP,PDH,32.0,2.181634726170754,2,32.58,-2.6262,47.62,14.6679,,False,True,0.0,,0.5259,57.2,2.0,37.0668,74.1336,CLOSING,Tuesday
7124,2024-05-22T06:20:00+00:00,BULLISH,TIMEOUT,50.0,4,True,True,False,False,True,True,False,False,TRANSITION,0.11,CHOCH,False,True,False,LOWER_SWEEP,EQUAL_HIGH,21.9125,1.3291822609898276,2,55.87,1.7715,12.95,16.4857,,True,True,0.0,,0.4541,53.7,2.0,34.0486,68.0971,MID,Wednesday
7161,2024-05-22T09:25:00+00:00,BEARISH,LOSS,62.5,5,True,True,False,False,True,True,True,False,TRANSITION,0.089,BOS,False,True,False,UPPER_SWEEP,EQUAL_LOW,32.75,1.8611761496669774,2,40.81,1.3207,22.02,17.5964,,False,True,0.0,,0.5259,57.1,2.0,44.8596,89.7193,CLOSING,Wednesday
7173,2024-05-23T04:10:00+00:00,BULLISH,TIMEOUT,75.0,6,True,True,True,False,True,True,True,False,BULLISH,0.176,BOS,False,True,False,LOWER_SWEEP,PDH,52.05,1.7489507975282839,3,67.5,18.1192,27.35,29.7607,,True,True,0.0,,0.5965,64.2,2.0,105.8261,211.6521,OPENING,Thursday
7197,2024-05-23T06:10:00+00:00,BULLISH,WIN,75.0,6,True,True,True,False,True,True,True,False,BULLISH,0.194,CHOCH,True,False,False,LOWER_SWEEP,EQUAL_HIGH,24.3,1.1179764166785517,3,60.13,21.287,24.93,21.7357,,True,True,0.0,,0.5965,64.8,2.0,28.4236,56.8471,MID,Thursday
7226,2024-05-23T08:35:00+00:00,BULLISH,WIN,75.0,6,True,True,True,False,True,True,True,False,BULLISH,0.282,CHOCH,False,True,False,LOWER_SWEEP,EQUAL_HIGH,15.275,0.6043521266073195,3,60.66,30.5998,32.18,25.275,,True,True,0.0,,0.5965,54.5,2.0,42.1775,84.355,MID,Thursday
7263,2024-05-24T05:25:00+00:00,BULLISH,TIMEOUT,62.5,5,True,True,True,False,True,True,False,False,BULLISH,0.297,CHOCH,False,True,False,LOWER_SWEEP,EQUAL_HIGH,27.075,1.205245656441554,3,53.04,8.9202,19.74,22.4643,,True,True,0.0,,0.5259,64.1,2.0,43.1464,86.2929,MID,Friday
7283,2024-05-24T07:05:00+00:00,BULLISH,WIN,62.5,5,True,True,True,False,True,True,False,False,BULLISH,0.274,CHOCH,False,True,False,LOWER_SWEEP,EQUAL_HIGH,23.275,1.8456548803793604,2,56.12,6.1453,15.15,12.6107,,True,True,0.0,,0.5259,63.3,2.0,27.7611,55.5221,MID,Friday
7306,2024-05-24T09:00:00+00:00,BEARISH,LOSS,50.0,4,True,True,False,False,True,True,False,False,BULLISH,0.249,CHOCH,False,True,False,UPPER_SWEEP,EQUAL_HIGH,45.625,2.906050955414013,2,36.94,3.3116,14.59,15.7,,False,True,0.0,,0.4541,58.3,2.0,55.67,111.34,CLOSING,Friday
7318,2024-05-27T03:45:00+00:00,BULLISH,LOSS,62.5,5,True,True,True,False,True,True,False,False,BULLISH,0.245,CHOCH,False,True,False,LOWER_SWEEP,EQUAL_HIGH,49.2,1.666785238787312,1,48.05,-6.1239,3.65,29.5179,,True,True,0.0,,0.5259,62.3,2.0,60.8518,121.7036,OPENING,Monday
7332,2024-05-27T04:55:00+00:00,BULLISH,TIMEOUT,75.0,6,True,True,True,False,True,True,True,False,BULLISH,0.228,CHOCH,False,True,False,LOWER_SWEEP,EQUAL_HIGH,38.3,1.3794693185133426,1,46.37,-4.31,25.0,27.7643,,True,False,0.0,,0.5965,65.9,2.0,45.3764,90.7529,MID,Monday
7348,2024-05-27T06:15:00+00:00,BULLISH,WIN,75.0,6,True,True,True,False,True,True,True,False,BULLISH,0.255,BOS,False,True,False,LOWER_SWEEP,EQUAL_HIGH,29.0125,2.200300325352465,2,68.75,8.876,41.63,13.1857,,True,True,0.0,,0.5965,66.8,2.0,34.8686,69.7371,MID,Monday
7382,2024-05-27T09:05:00+00:00,BEARISH,WIN,62.5,5,True,True,False,False,True,True,True,False,BULLISH,0.238,BOS,False,True,False,UPPER_SWEEP,EQUAL_LOW,19.525,1.2991895452670241,3,26.48,-1.9233,58.43,15.0286,,False,True,0.0,,0.5259,62.1,2.0,26.5029,53.0057,CLOSING,Monday
7406,2024-05-28T04:50:00+00:00,BULLISH,TIMEOUT,75.0,6,True,True,True,False,True,True,True,False,BULLISH,0.185,CHOCH,False,True,False,LOWER_SWEEP,EQUAL_LOW,57.3625,2.1267898588875624,2,64.49,-11.7042,20.97,26.9714,,True,False,0.0,,0.5965,64.5,2.0,65.3471,130.6943,MID,Tuesday
7419,2024-05-28T05:55:00+00:00,BEARISH,WIN,62.5,5,True,True,False,False,True,True,True,False,BULLISH,0.156,BOS,False,True,False,UPPER_SWEEP,EQUAL_LOW,16.4357,1.2498631178707225,2,35.47,-4.9336,37.98,13.15,,False,False,0.0,,0.5259,59.4,2.0,23.565,47.13,MID,Tuesday
7433,2024-05-28T07:05:00+00:00,BEARISH,LOSS,62.5,5,True,True,False,False,True,True,True,False,TRANSITION,0.107,BOS,False,True,False,UPPER_SWEEP,EQUAL_LOW,48.15,2.8869329560035015,2,25.48,-15.2264,61.81,16.6786,,False,False,0.0,,0.5259,57.7,2.0,51.0679,102.1357,MID,Tuesday
7467,2024-05-28T09:55:00+00:00,BEARISH,WIN,62.5,5,True,True,False,False,True,True,True,False,TRANSITION,0.092,BOS,False,True,False,UPPER_SWEEP,PDL,27.75,1.5128469326006246,3,27.31,-15.1613,84.46,18.3429,,False,False,0.0,,0.5259,57.2,2.0,32.1343,64.2686,CLOSING,Tuesday
7503,2024-05-29T06:40:00+00:00,BULLISH,WIN,50.0,4,True,True,False,False,True,True,False,False,RANGE,0.012,CHOCH,True,False,True,LOWER_SWEEP,EQUAL_HIGH,18.95,1.2262514883263447,3,53.03,-15.1982,1.48,15.4536,,True,False,0.0,,0.4541,50.4,2.0,22.6454,45.2907,MID,Wednesday
7524,2024-05-29T08:25:00+00:00,BEARISH,WIN,50.0,4,True,True,False,False,True,True,False,False,RANGE,0.028,CHOCH,False,True,False,UPPER_SWEEP,EQUAL_LOW,24.625,1.1997563946406822,1,37.53,5.3302,12.61,20.525,,False,False,0.0,,0.4541,50.9,2.0,32.4525,64.905,MID,Wednesday
7543,2024-05-30T03:45:00+00:00,BEARISH,WIN,62.5,5,True,True,False,False,True,True,True,False,RANGE,-0.021,BOS,False,True,True,UPPER_SWEEP,PDL,28.35,1.2407002188183807,1,24.07,-15.2614,92.06,22.85,,False,False,0.0,,0.5259,54.9,2.0,32.085,64.17,OPENING,Thursday
7587,2024-05-30T07:25:00+00:00,BULLISH,LOSS,62.5,5,True,True,False,False,True,True,True,False,TRANSITION,-0.053,CHOCH,False,False,True,LOWER_SWEEP,EQUAL_HIGH,27.3,1.5330963492090235,3,70.17,-2.9576,59.61,17.8071,,True,False,0.0,,0.5259,55.9,2.0,34.3307,68.6614,MID,Thursday
7606,2024-05-30T09:00:00+00:00,BEARISH,WIN,62.5,5,True,True,False,False,True,True,True,False,TRANSITION,-0.125,BOS,False,True,False,UPPER_SWEEP,EQUAL_LOW,15.7833,0.8299181297619611,3,30.13,-15.8872,47.3,19.0179,,False,False,0.0,,0.5259,52.7,2.0,51.7518,103.5036,CLOSING,Thursday
7618,2024-05-31T03:45:00+00:00,BULLISH,TIMEOUT,50.0,4,True,True,False,False,True,True,False,False,RANGE,-0.026,CHOCH,False,True,False,LOWER_SWEEP,EQUAL_HIGH,113.2,3.1295443361329673,3,59.1,-2.1852,16.4,36.1714,,True,False,0.0,,0.4541,50.9,2.0,119.8171,239.6343,OPENING,Friday
7639,2024-05-31T05:30:00+00:00,BEARISH,LOSS,62.5,5,True,True,False,False,True,True,True,False,TRANSITION,-0.088,BOS,False,True,False,UPPER_SWEEP,EQUAL_LOW,35.525,1.253559544519448,3,31.31,-10.1691,28.96,28.3393,,False,False,0.0,,0.5259,57.1,2.0,49.2339,98.4679,MID,Friday
7662,2024-05-31T07:25:00+00:00,BULLISH,WIN,50.0,4,True,True,False,False,True,True,False,False,RANGE,-0.046,CHOCH,False,True,False,LOWER_SWEEP,EQUAL_LOW,36.675,2.3743396519577376,2,56.67,-0.9077,9.75,15.4464,,True,False,0.0,,0.4541,51.5,2.0,41.0946,82.1893,MID,Friday
7676,2024-05-31T08:35:00+00:00,BULLISH,LOSS,62.5,5,True,True,False,False,True,True,True,False,RANGE,0.01,BOS,True,False,True,LOWER_SWEEP,EQUAL_HIGH,15.75,0.7307363967040309,0,75.82,20.7867,46.47,21.5536,,True,True,0.0,,0.5259,45.5,2.0,32.6054,65.2107,MID,Friday
7690,2024-05-31T09:45:00+00:00,BULLISH,WIN,62.5,5,True,True,False,False,True,True,True,False,RANGE,-0.031,CHOCH,False,True,False,LOWER_SWEEP,EQUAL_HIGH,74.6167,1.8096749862364514,2,40.55,-7.851,23.81,41.2321,,True,False,0.0,,0.5259,55.2,2.0,85.1232,170.2464,CLOSING,Friday
7717,2024-06-03T05:45:00+00:00,BULLISH,WIN,75.0,6,True,True,True,False,True,True,True,False,BULLISH,0.392,CHOCH,True,True,False,LOWER_SWEEP,EQUAL_HIGH,26.425,1.057604950031418,3,47.79,83.6976,20.7,24.9857,,True,True,0.0,,0.5965,71.4,2.0,34.5486,69.0971,MID,Monday
7746,2024-06-03T08:10:00+00:00,BEARISH,LOSS,62.5,5,True,True,False,False,True,True,True,False,BULLISH,0.355,CHOCH,True,True,True,UPPER_SWEEP,EQUAL_LOW,36.2667,1.7529205918034927,2,37.39,15.4822,53.48,20.6893,,False,True,0.0,,0.5259,66.0,2.0,38.8689,77.7379,MID,Monday
7758,2024-06-03T09:10:00+00:00,BULLISH,LOSS,62.5,5,True,True,True,False,True,True,False,False,BULLISH,0.386,BOS,False,True,False,LOWER_SWEEP,EQUAL_HIGH,27.5167,1.1210075611902357,2,58.09,13.3747,7.16,24.5464,,True,True,0.0,,0.5259,67.0,2.0,53.0046,106.0093,CLOSING,Monday
7770,2024-06-04T03:55:00+00:00,BEARISH,TIMEOUT,62.5,5,True,True,True,False,True,False,True,False,BEARISH,-0.285,CHOCH,False,True,False,UPPER_SWEEP,EQUAL_LOW,806.5625,8.57068701511363,3,11.58,-105.6883,76.32,94.1071,,False,False,0.0,,0.5259,63.7,2.0,838.2607,1676.5214,OPENING,Tuesday
7785,2024-06-04T05:10:00+00:00,BEARISH,WIN,62.5,5,True,True,True,False,True,True,False,False,BEARISH,-0.198,CHOCH,False,False,True,UPPER_SWEEP,EQUAL_HIGH,247.1833,2.4643512296667316,3,47.99,-113.628,19.48,100.3036,,False,False,0.0,,0.5259,60.8,2.0,258.2804,516.5607,MID,Tuesday
7854,2024-06-05T04:40:00+00:00,BULLISH,WIN,50.0,4,True,True,False,False,True,True,False,False,BEARISH,-0.316,CHOCH,False,True,False,LOWER_SWEEP,EQUAL_HIGH,212.7,1.8948775055679286,3,58.32,2.2273,18.36,112.25,,True,False,0.0,,0.4541,60.5,2.0,235.425,470.85,MID,Wednesday
7866,2024-06-05T05:40:00+00:00,BULLISH,TIMEOUT,50.0,4,True,True,False,False,True,False,True,False,TRANSITION,-0.078,BOS,False,True,False,LOWER_SWEEP,EQUAL_HIGH,17.0,0.25674212368023225,3,83.26,84.0403,72.34,66.2143,,True,True,0.0,,0.4541,27.8,2.0,245.7214,491.4429,MID,Wednesday
7889,2024-06-05T07:35:00+00:00,BULLISH,TIMEOUT,62.5,5,True,True,False,False,True,True,True,False,RANGE,-0.049,CHOCH,False,True,False,LOWER_SWEEP,EQUAL_HIGH,125.425,2.4553610756018256,3,65.52,48.6237,25.81,51.0821,,True,True,0.0,,0.5259,55.8,2.0,157.1582,314.3164,MID,Wednesday
7901,2024-06-05T08:35:00+00:00,BULLISH,TIMEOUT,50.0,4,True,True,False,False,True,False,True,False,TRANSITION,0.058,CHOCH,False,True,False,LOWER_SWEEP,EQUAL_LOW,86.825,2.0713108242540774,3,85.79,62.5503,73.81,41.9179,,True,True,0.0,,0.4541,51.9,2.0,124.1918,248.3836,MID,Wednesday
7918,2024-06-06T03:45:00+00:00,BULLISH,TIMEOUT,75.0,6,True,True,True,False,True,True,True,False,BULLISH,0.174,BOS,False,True,False,LOWER_SWEEP,PDH,115.75,1.9988913276610294,1,74.26,63.7577,62.77,57.9071,,True,True,0.0,,0.5965,64.1,2.0,170.7907,341.5814,OPENING,Thursday
7964,2024-06-06T07:35:00+00:00,BEARISH,LOSS,62.5,5,True,True,False,False,True,True,True,False,TRANSITION,0.052,BOS,False,True,False,UPPER_SWEEP,PDH,104.2,2.0294919063784866,3,33.46,-22.1189,36.51,51.3429,,False,True,0.0,,0.5259,55.9,2.0,123.5843,247.1686,MID,Thursday
7987,2024-06-06T09:30:00+00:00,BULLISH,WIN,62.5,5,True,True,True,False,True,True,False,False,BULLISH,0.169,CHOCH,False,True,False,LOWER_SWEEP,EQUAL_HIGH,88.775,1.9034376587984814,2,59.45,1.068,12.15,46.6393,,True,True,0.0,,0.5259,59.8,2.0,109.7139,219.4279,CLOSING,Thursday
8001,2024-06-07T04:25:00+00:00,BULLISH,WIN,75.0,6,True,True,True,False,True,True,True,False,BULLISH,0.274,BOS,True,False,True,LOWER_SWEEP,PDH,5.8,0.1498154428725303,1,77.58,50.4599,43.7,38.7143,,True,True,0.0,,0.5965,39.1,2.0,78.5714,157.1429,OPENING,Friday
8035,2024-06-07T07:15:00+00:00,BULLISH,LOSS,75.0,6,True,True,True,False,True,True,True,False,BULLISH,0.397,CHOCH,False,True,False,LOWER_SWEEP,EQUAL_HIGH,45.0,1.2597490579876487,2,67.4,57.0896,41.0,35.7214,,True,True,0.0,,0.5965,71.6,2.0,50.6721,101.3443,MID,Friday
8060,2024-06-07T09:20:00+00:00,BULLISH,WIN,75.0,6,True,True,True,False,True,True,True,False,BULLISH,0.423,CHOCH,False,True,False,LOWER_SWEEP,EQUAL_HIGH,15.775,0.45910007654093193,3,68.39,29.2032,28.57,34.3607,,True,True,0.0,,0.5965,54.4,2.0,74.8861,149.7721,CLOSING,Friday
8102,2024-06-10T06:35:00+00:00,BEARISH,TIMEOUT,62.5,5,True,True,False,False,True,True,True,False,BULLISH,0.325,CHOCH,False,False,True,UPPER_SWEEP,PDH,38.45,1.801240490199753,2,38.89,6.929,29.05,21.3464,,False,True,0.0,,0.5259,65.0,2.0,42.4846,84.9693,MID,Monday
8121,2024-06-10T08:10:00+00:00,BULLISH,LOSS,75.0,6,True,True,True,False,True,True,True,False,BULLISH,0.346,CHOCH,False,True,False,LOWER_SWEEP,EQUAL_HIGH,27.5,1.7936225305078886,3,71.07,3.9515,46.53,15.3321,,True,True,0.0,,0.5965,69.9,2.0,34.0332,68.0664,MID,Monday
8140,2024-06-10T09:45:00+00:00,BEARISH,TIMEOUT,62.5,5,True,True,False,False,True,True,True,False,BULLISH,0.252,CHOCH,False,True,False,UPPER_SWEEP,EQUAL_HIGH,48.625,1.6276150627615062,2,24.39,-19.3469,78.87,29.875,,False,False,0.0,,0.5259,62.6,2.0,53.2875,106.575,CLOSING,Monday
8153,2024-06-11T04:35:00+00:00,BULLISH,TIMEOUT,62.5,5,True,True,True,False,True,True,False,False,BULLISH,0.272,CHOCH,False,True,False,LOWER_SWEEP,EQUAL_LOW,41.25,1.4326448534187248,2,59.24,-7.4214,16.5,28.7929,,True,False,0.0,,0.5259,63.2,2.0,48.5293,97.0586,MID,Tuesday
8167,2024-06-11T05:45:00+00:00,BULLISH,TIMEOUT,62.5,5,True,True,True,False,True,True,False,False,BULLISH,0.289,CHOCH,False,True,False,LOWER_SWEEP,EQUAL_LOW,31.05,1.7951712495085685,3,60.52,10.6477,9.99,17.2964,,True,True,0.0,,0.5259,63.8,2.0,35.8796,71.7593,MID,Tuesday
8186,2024-06-11T07:20:00+00:00,BULLISH,WIN,62.5,5,True,True,True,False,True,True,False,False,BULLISH,0.286,CHOCH,False,False,True,LOWER_SWEEP,EQUAL_HIGH,26.525,1.8539746000237642,3,60.65,6.7441,7.81,14.3071,,True,True,0.0,,0.5259,63.7,2.0,36.4807,72.9614,MID,Tuesday
8212,2024-06-11T09:30:00+00:00,BEARISH,LOSS,62.5,5,True,True,False,False,True,True,True,False,BULLISH,0.218,BOS,False,False,True,UPPER_SWEEP,EQUAL_HIGH,50.375,2.1058550084861256,1,24.91,-8.4435,75.83,23.9214,,False,True,0.0,,0.5259,61.4,2.0,65.2421,130.4843,CLOSING,Tuesday
8224,2024-06-12T04:15:00+00:00,BULLISH,WIN,75.0,6,True,True,True,False,True,True,True,False,BULLISH,0.275,CHOCH,False,True,False,LOWER_SWEEP,EQUAL_HIGH,22.9875,0.7947277441659464,3,60.08,7.4491,21.95,28.925,,True,True,0.0,,0.5965,60.7,2.0,36.4425,72.885,OPENING,Wednesday
8236,2024-06-12T05:15:00+00:00,BULLISH,LOSS,75.0,6,True,True,True,False,True,True,True,False,BULLISH,0.304,BOS,True,True,False,LOWER_SWEEP,EQUAL_HIGH,22.375,1.1070868401391343,3,67.8,24.3669,68.06,20.2107,,True,True,0.0,,0.5965,68.5,2.0,29.6711,59.3421,MID,Wednesday
8250,2024-06-12T06:25:00+00:00,BULLISH,LOSS,62.5,5,True,True,True,False,True,True,False,False,BULLISH,0.309,CHOCH,False,True,False,LOWER_SWEEP,EQUAL_HIGH,29.9167,1.4299568862504421,3,54.55,11.2754,3.03,20.9214,,True,True,0.0,,0.5259,64.5,2.0,49.1921,98.3843,MID,Wednesday
8273,2024-06-12T08:20:00+00:00,BEARISH,WIN,62.5,5,True,True,False,False,True,True,True,False,BULLISH,0.246,CHOCH,False,True,False,UPPER_SWEEP,EQUAL_LOW,32.0333,1.9039108469539374,3,37.15,-1.825,56.63,16.825,,False,True,0.0,,0.5259,62.4,2.0,38.5825,77.165,MID,Wednesday
8288,2024-06-12T09:35:00+00:00,BEARISH,LOSS,62.5,5,True,True,False,False,True,True,True,False,BULLISH,0.201,CHOCH,True,True,False,UPPER_SWEEP,EQUAL_HIGH,45.6,1.927824939966855,3,38.2,-13.0071,36.9,23.6536,,False,False,0.0,,0.5259,60.9,2.0,57.0154,114.0307,CLOSING,Wednesday
8316,2024-06-13T05:40:00+00:00,BEARISH,LOSS,62.5,5,True,True,False,False,True,True,True,False,BULLISH,0.208,CHOCH,True,False,False,UPPER_SWEEP,EQUAL_LOW,25.6,1.5119211438628406,1,35.55,-0.722,39.28,16.9321,,False,True,0.0,,0.5259,61.1,2.0,27.9432,55.8864,MID,Thursday
8348,2024-06-13T08:20:00+00:00,BEARISH,WIN,50.0,4,True,True,False,False,True,True,False,False,BULLISH,0.219,CHOCH,True,True,True,UPPER_SWEEP,EQUAL_LOW,17.3125,1.3701259130875219,2,53.4,3.1164,10.66,12.6357,,False,True,0.0,,0.4541,57.3,2.0,20.8136,41.6271,MID,Thursday
8370,2024-06-14T03:55:00+00:00,BEARISH,TIMEOUT,50.0,4,True,True,False,False,True,True,False,False,BULLISH,0.157,CHOCH,True,True,False,UPPER_SWEEP,PDL,115.55,5.302185574200772,2,38.03,-4.973,0.47,21.7929,,False,False,0.0,,0.4541,55.2,2.0,120.2293,240.4586,OPENING,Friday
8412,2024-06-14T07:25:00+00:00,BULLISH,WIN,62.5,5,True,True,True,False,True,True,False,False,BULLISH,0.213,CHOCH,True,False,False,LOWER_SWEEP,EQUAL_HIGH,9.15,0.9869059688935867,3,53.75,3.1871,3.41,9.2714,,True,True,0.0,,0.5259,60.8,2.0,14.3271,28.6543,MID,Friday
8424,2024-06-14T08:25:00+00:00,BEARISH,LOSS,50.0,4,True,True,False,False,True,True,False,False,BULLISH,0.201,BOS,False,True,False,UPPER_SWEEP,EQUAL_HIGH,11.55,1.040878122634368,2,40.04,0.646,17.08,11.0964,,False,True,0.0,,0.4541,56.7,2.0,20.1096,40.2193,MID,Friday
8438,2024-06-14T09:35:00+00:00,BULLISH,LOSS,75.0,6,True,True,True,False,True,True,True,False,BULLISH,0.226,BOS,True,False,True,LOWER_SWEEP,EQUAL_HIGH,10.6667,0.7932755235602095,3,69.85,7.6117,61.6,13.4464,,True,True,0.0,,0.5965,59.0,2.0,15.0446,30.0893,CLOSING,Friday
8481,2024-06-18T06:55:00+00:00,BEARISH,TIMEOUT,62.5,5,True,True,False,False,True,True,True,False,BULLISH,0.225,BOS,False,False,True,UPPER_SWEEP,EQUAL_LOW,13.4167,1.3735500977692239,3,33.39,1.7724,22.21,9.7679,,False,True,0.0,,0.5259,61.7,2.0,22.4268,44.8536,MID,Tuesday
8501,2024-06-18T08:35:00+00:00,BULLISH,LOSS,75.0,6,True,True,True,False,True,True,True,False,BULLISH,0.235,CHOCH,True,True,False,LOWER_SWEEP,EQUAL_HIGH,10.2167,1.0839999999999999,3,64.01,2.4843,35.8,9.425,,True,True,0.0,,0.5965,66.2,2.0,15.4925,30.985,MID,Tuesday
8513,2024-06-18T09:35:00+00:00,BULLISH,WIN,75.0,6,True,True,True,False,True,True,True,False,BULLISH,0.24,CHOCH,False,True,False,LOWER_SWEEP,EQUAL_HIGH,18.93,1.8004051624929855,3,61.76,3.2179,20.55,10.5143,,True,True,0.0,,0.5965,66.3,2.0,23.7014,47.4029,CLOSING,Tuesday
8530,2024-06-19T04:45:00+00:00,BEARISH,WIN,62.5,5,True,True,False,False,True,True,True,False,BULLISH,0.188,CHOCH,True,True,False,UPPER_SWEEP,EQUAL_LOW,57.2357,1.648593376903557,3,41.39,0.9166,28.82,34.7179,,False,True,0.0,,0.5259,60.4,2.0,67.0718,134.1436,MID,Wednesday
8548,2024-06-19T06:15:00+00:00,BULLISH,TIMEOUT,75.0,6,True,True,True,False,True,True,True,False,BULLISH,0.202,CHOCH,True,True,False,LOWER_SWEEP,EQUAL_LOW,42.3143,1.4880695745137276,3,72.56,-2.6076,52.7,28.4357,,True,False,0.0,,0.5965,65.1,2.0,53.9936,107.9871,MID,Wednesday
8564,2024-06-19T07:35:00+00:00,BEARISH,LOSS,50.0,4,True,True,False,False,True,True,False,False,BULLISH,0.182,CHOCH,False,False,True,UPPER_SWEEP,EQUAL_LOW,28.5938,1.511467974775213,3,47.41,7.1039,6.82,18.9179,,False,True,0.0,,0.4541,56.1,2.0,33.9918,67.9836,MID,Wednesday
8580,2024-06-19T08:55:00+00:00,BULLISH,WIN,75.0,6,True,True,True,False,True,True,True,False,BULLISH,0.224,CHOCH,True,True,False,LOWER_SWEEP,PDH,33.2,1.3939096225947711,2,66.41,10.5264,27.94,23.8179,,True,True,0.0,,0.5965,65.8,2.0,40.8818,81.7636,MID,Wednesday
8614,2024-06-20T05:30:00+00:00,BULLISH,TIMEOUT,75.0,6,True,True,True,False,True,True,True,False,BULLISH,0.18,CHOCH,False,True,False,LOWER_SWEEP,EQUAL_HIGH,33.8357,1.175581350909072,2,76.13,2.5443,69.41,28.7821,,True,False,0.0,,0.5965,64.3,2.0,37.2782,74.5564,MID,Thursday
8643,2024-06-20T07:55:00+00:00,BULLISH,LOSS,75.0,6,True,True,True,False,True,True,True,False,BULLISH,0.215,BOS,True,True,True,LOWER_SWEEP,EQUAL_HIGH,55.075,3.0512465373961217,3,70.39,12.0866,35.5,18.05,,True,True,0.0,,0.5965,65.5,2.0,63.755,127.51,MID,Thursday
8674,2024-06-21T04:15:00+00:00,BEARISH,WIN,62.5,5,True,True,False,False,True,True,True,False,BULLISH,0.173,CHOCH,False,True,False,UPPER_SWEEP,EQUAL_HIGH,57.6167,1.8765454213838115,3,55.03,10.0939,36.33,30.7036,,False,True,0.0,,0.5259,59.9,2.0,70.3704,140.7407,OPENING,Friday
8686,2024-06-21T05:15:00+00:00,BEARISH,TIMEOUT,62.5,5,True,True,False,False,True,True,True,False,TRANSITION,0.116,CHOCH,False,True,False,UPPER_SWEEP,EQUAL_LOW,92.7563,3.0066871961102106,3,23.43,-6.3485,68.8,30.85,,False,True,0.0,,0.5259,58.0,2.0,103.485,206.97,MID,Friday
8708,2024-06-21T07:05:00+00:00,BEARISH,TIMEOUT,62.5,5,True,True,False,False,True,True,True,False,TRANSITION,0.094,CHOCH,False,True,False,UPPER_SWEEP,EQUAL_LOW,33.3375,1.5539350039154265,3,32.35,-11.8572,40.24,21.4536,,False,False,0.0,,0.5259,57.3,2.0,61.8454,123.6907,MID,Friday
8724,2024-06-21T08:25:00+00:00,BULLISH,LOSS,62.5,5,True,True,False,False,True,True,True,False,TRANSITION,0.13,CHOCH,False,True,False,LOWER_SWEEP,EQUAL_LOW,50.8125,1.9380842859267904,3,70.09,-7.8332,33.35,26.2179,,True,False,0.0,,0.5259,58.5,2.0,66.9218,133.8436,MID,Friday
8743,2024-06-24T03:45:00+00:00,BEARISH,TIMEOUT,62.5,5,True,True,False,False,True,True,True,False,RANGE,0.029,BOS,False,True,True,UPPER_SWEEP,PDL,91.7,1.917980703064377,2,37.54,-12.933,34.87,47.8107,,False,False,0.0,,0.5259,55.1,2.0,98.7811,197.5621,OPENING,Monday
8756,2024-06-24T04:50:00+00:00,BULLISH,WIN,50.0,4,True,True,False,False,True,True,False,False,TRANSITION,0.081,CHOCH,True,False,False,LOWER_SWEEP,EQUAL_LOW,23.975,0.6871025337532851,3,50.35,-11.5509,17.85,34.8929,,True,False,0.0,,0.4541,42.3,2.0,39.6393,79.2786,MID,Monday
8785,2024-06-24T07:15:00+00:00,BEARISH,TIMEOUT,37.5,3,True,True,False,False,False,True,False,False,TRANSITION,0.129,CHOCH,True,True,False,UPPER_SWEEP,EQUAL_LOW,34.0214,1.8124061071630246,3,50.1,14.0776,5.07,18.7714,,True,True,0.0,,0.3843,50.1,2.0,36.5771,73.1543,MID,Monday
8804,2024-06-24T08:50:00+00:00,BEARISH,WIN,62.5,5,True,True,False,False,True,True,True,False,TRANSITION,0.123,CHOCH,False,False,True,UPPER_SWEEP,EQUAL_LOW,8.3,0.5088684115335332,3,37.4,1.4058,26.71,16.3107,,False,True,0.0,,0.5259,41.9,2.0,15.5311,31.0621,MID,Monday
8818,2024-06-25T03:45:00+00:00,BULLISH,TIMEOUT,75.0,6,True,True,True,False,True,True,True,False,BULLISH,0.169,CHOCH,False,True,True,LOWER_SWEEP,EQUAL_HIGH,55.2,2.5954607648145798,3,73.44,9.2411,55.16,21.2679,,True,True,0.0,,0.5965,64.0,2.0,64.1268,128.2536,OPENING,Tuesday
8842,2024-06-25T05:45:00+00:00,BEARISH,TIMEOUT,50.0,4,True,True,False,False,True,True,False,False,TRANSITION,0.138,CHOCH,False,True,False,UPPER_SWEEP,EQUAL_LOW,32.4,2.314285714285714,3,45.53,6.1312,2.86,14.0,,False,True,0.0,,0.4541,54.6,2.0,42.4,84.8,MID,Tuesday
8857,2024-06-25T07:00:00+00:00,BULLISH,TIMEOUT,75.0,6,True,True,True,False,True,True,True,False,BULLISH,0.193,CHOCH,False,True,False,LOWER_SWEEP,EQUAL_HIGH,34.95,2.1362166655460952,2,73.03,9.3028,72.62,16.3607,,True,True,0.0,,0.5965,64.8,2.0,65.8861,131.7721,MID,Tuesday
8877,2024-06-25T08:40:00+00:00,BULLISH,WIN,75.0,6,True,True,True,False,True,True,True,False,BULLISH,0.221,CHOCH,True,True,False,LOWER_SWEEP,EQUAL_HIGH,20.1,1.1269532454571451,3,67.72,20.8187,63.47,17.8357,,True,True,0.0,,0.5965,65.7,2.0,25.4336,50.8671,MID,Tuesday
8891,2024-06-25T09:50:00+00:00,BULLISH,LOSS,75.0,6,True,True,True,False,True,True,True,False,BULLISH,0.254,CHOCH,False,False,True,LOWER_SWEEP,EQUAL_HIGH,2.15,0.11442682803510508,3,71.62,19.7736,33.81,18.7893,,True,True,0.0,,0.5965,37.3,2.0,42.4289,84.8579,CLOSING,Tuesday
8905,2024-06-26T04:45:00+00:00,BULLISH,WIN,75.0,6,True,True,True,False,True,True,True,False,BULLISH,0.219,CHOCH,False,False,True,LOWER_SWEEP,EQUAL_HIGH,21.35,0.7506266941837858,2,45.6,6.0685,35.85,28.4429,,True,True,0.0,,0.5965,57.3,2.0,49.0443,98.0886,MID,Wednesday
8938,2024-06-26T07:30:00+00:00,BEARISH,LOSS,50.0,4,True,True,False,False,True,True,False,False,BULLISH,0.243,CHOCH,False,True,False,UPPER_SWEEP,EQUAL_HIGH,3.825,0.21078561036899882,2,43.18,18.1517,14.33,18.1464,,False,True,0.0,,0.4541,31.8,2.0,48.0146,96.0293,MID,Wednesday
8953,2024-06-26T08:45:00+00:00,BULLISH,LOSS,75.0,6,True,True,True,False,True,True,True,False,BULLISH,0.288,CHOCH,False,True,False,LOWER_SWEEP,EQUAL_HIGH,8.3167,0.5725783132530121,3,79.92,15.4731,85.43,14.525,,True,True,0.0,,0.5965,53.7,2.0,24.4525,48.905,MID,Wednesday
8970,2024-06-27T03:55:00+00:00,BEARISH,LOSS,62.5,5,True,True,False,False,True,True,True,False,BULLISH,0.215,BOS,False,False,True,UPPER_SWEEP,EQUAL_LOW,40.875,1.607669616519174,2,30.28,-0.2425,67.28,25.425,,False,True,0.0,,0.5259,61.3,2.0,70.2925,140.585,OPENING,Thursday
9003,2024-06-27T06:40:00+00:00,BULLISH,TIMEOUT,75.0,6,True,True,True,False,True,True,True,False,BULLISH,0.329,BOS,False,False,True,LOWER_SWEEP,EQUAL_HIGH,39.3,1.5262135922330096,3,76.15,21.3173,69.9,25.75,,True,True,0.0,,0.5965,69.3,2.0,77.475,154.95,MID,Thursday
9033,2024-06-27T09:10:00+00:00,BULLISH,WIN,62.5,5,True,True,True,False,True,True,False,False,BULLISH,0.295,CHOCH,False,True,False,LOWER_SWEEP,EQUAL_HIGH,55.6333,2.042121066406293,2,60.27,0.2583,15.45,27.2429,,True,True,0.0,,0.5259,64.0,2.0,70.3743,140.7486,CLOSING,Thursday
9046,2024-06-28T04:00:00+00:00,BULLISH,TIMEOUT,75.0,6,True,True,True,False,True,True,True,False,BULLISH,0.36,CHOCH,True,False,False,LOWER_SWEEP,PDH,24.6,0.7233017844384267,3,77.23,41.3598,72.69,34.0107,,True,True,0.0,,0.5965,61.1,2.0,61.4011,122.8021,OPENING,Friday
9080,2024-06-28T06:50:00+00:00,BEARISH,TIMEOUT,62.5,5,True,True,False,False,True,True,True,False,BULLISH,0.275,CHOCH,False,True,False,UPPER_SWEEP,PDH,35.6,1.592335320770583,3,24.68,-4.906,77.29,22.3571,,False,True,0.0,,0.5259,63.3,2.0,67.8857,135.7714,MID,Friday
9101,2024-06-28T08:35:00+00:00,BULLISH,LOSS,62.5,5,True,True,True,False,True,False,True,False,BULLISH,0.321,BOS,False,True,False,LOWER_SWEEP,EQUAL_LOW,31.875,1.45263388157445,3,82.31,4.0778,76.21,21.9429,,True,True,0.0,,0.5259,64.9,2.0,54.0943,108.1886,MID,Friday
9114,2024-06-28T09:40:00+00:00,BEARISH,TIMEOUT,62.5,5,True,True,False,False,True,True,True,False,BULLISH,0.214,BOS,False,False,True,UPPER_SWEEP,EQUAL_HIGH,107.5,3.240040266919038,3,30.39,-13.2217,48.97,33.1786,,False,False,0.0,,0.5259,61.3,2.0,115.6679,231.3357,CLOSING,Friday
9142,2024-07-01T05:45:00+00:00,BULLISH,TIMEOUT,62.5,5,True,True,True,False,True,True,False,False,BULLISH,0.268,BOS,False,False,True,LOWER_SWEEP,EQUAL_HIGH,26.1625,1.5005133146360627,2,52.01,6.5222,11.06,17.4357,,True,True,0.0,,0.5259,63.1,2.0,30.2936,60.5871,MID,Monday
9170,2024-07-01T08:05:00+00:00,BULLISH,TIMEOUT,62.5,5,True,True,True,False,True,True,False,False,BULLISH,0.284,CHOCH,False,True,False,LOWER_SWEEP,EQUAL_HIGH,16.5625,1.3015717092337917,3,61.33,8.6163,5.86,12.725,,True,True,0.0,,0.5259,63.6,2.0,32.0225,64.045,MID,Monday
9193,2024-07-02T03:45:00+00:00,BULLISH,LOSS,75.0,6,True,True,True,False,True,True,True,False,BULLISH,0.302,BOS,False,True,False,LOWER_SWEEP,EQUAL_HIGH,49.9667,2.140552373526854,1,67.03,8.7445,37.75,23.3429,,True,True,0.0,,0.5965,68.4,2.0,85.9343,171.8686,OPENING,Tuesday
9214,2024-07-02T05:30:00+00:00,BULLISH,LOSS,75.0,6,True,True,True,False,True,True,True,False,BULLISH,0.267,CHOCH,False,True,False,LOWER_SWEEP,PDH,28.65,1.5315040813381016,3,75.11,5.357,49.85,18.7071,,True,True,0.0,,0.5965,67.2,2.0,30.5707,61.1414,MID,Tuesday
9233,2024-07-02T07:05:00+00:00,BEARISH,TIMEOUT,62.5,5,True,True,False,False,True,True,True,False,BULLISH,0.211,CHOCH,False,False,True,UPPER_SWEEP,EQUAL_LOW,53.0429,2.3782214530389716,3,28.07,-3.3901,72.13,22.3036,,False,True,0.0,,0.5259,61.2,2.0,55.5304,111.0607,MID,Tuesday
9257,2024-07-02T09:05:00+00:00,BULLISH,WIN,62.5,5,True,True,True,False,True,True,False,False,BULLISH,0.238,CHOCH,False,True,False,LOWER_SWEEP,EQUAL_HIGH,27.5167,1.5274920479841017,3,62.07,0.0087,7.2,18.0143,,True,False,0.0,,0.5259,62.1,2.0,33.3514,66.7029,CLOSING,Tuesday
9269,2024-07-03T03:50:00+00:00,BULLISH,TIMEOUT,62.5,5,True,True,True,False,True,False,True,False,BULLISH,0.306,BOS,True,True,True,LOWER_SWEEP,PDH,125.75,4.557926442497635,2,82.55,18.0974,68.02,27.5893,,True,True,0.0,,0.5259,64.4,2.0,155.1089,310.2179,OPENING,Wednesday
9294,2024-07-03T05:55:00+00:00,BEARISH,TIMEOUT,62.5,5,True,True,False,False,True,True,True,False,BULLISH,0.284,BOS,True,True,True,UPPER_SWEEP,EQUAL_LOW,20.3167,1.2100980981934923,3,37.53,14.216,29.05,16.7893,,False,True,0.0,,0.5259,63.6,2.0,28.6289,57.2579,MID,Wednesday
9306,2024-07-03T06:55:00+00:00,BULLISH,WIN,75.0,6,True,True,True,False,True,True,True,False,BULLISH,0.28,CHOCH,False,True,False,LOWER_SWEEP,EQUAL_LOW,5.95,0.4508805431784426,2,50.97,4.8962,20.76,13.1964,,True,True,0.0,,0.5965,49.4,2.0,18.7696,37.5393,MID,Wednesday
9324,2024-07-03T08:25:00+00:00,BEARISH,WIN,62.5,5,True,True,False,False,True,True,True,False,BULLISH,0.275,CHOCH,False,False,True,UPPER_SWEEP,EQUAL_HIGH,3.4857,0.29865311787788956,2,42.06,4.9506,25.47,11.6714,,False,True,0.0,,0.5259,40.0,2.0,22.6671,45.3343,MID,Wednesday
9337,2024-07-03T09:30:00+00:00,BULLISH,WIN,75.0,6,True,True,True,False,True,True,True,False,BULLISH,0.269,CHOCH,False,False,True,LOWER_SWEEP,EQUAL_LOW,26.2,1.9154006989019345,2,43.36,-4.1373,29.19,13.6786,,True,True,0.0,,0.5965,67.3,2.0,32.5179,65.0357,CLOSING,Wednesday
9398,2024-07-04T08:20:00+00:00,BEARISH,LOSS,62.5,5,True,True,False,False,True,True,True,False,BULLISH,0.25,BOS,True,True,False,UPPER_SWEEP,EQUAL_LOW,15.1,1.3691674373900584,3,28.87,-1.9277,77.33,11.0286,,False,True,0.0,,0.5259,62.5,2.0,19.1529,38.3057,MID,Thursday
9411,2024-07-04T09:25:00+00:00,BEARISH,WIN,62.5,5,True,True,False,False,True,True,True,False,BULLISH,0.231,CHOCH,False,True,False,UPPER_SWEEP,PDH,36.2,2.0123073160156317,2,35.85,-5.4333,46.28,17.9893,,False,False,0.0,,0.5259,61.9,2.0,46.2489,92.4979,CLOSING,Thursday
9433,2024-07-05T05:00:00+00:00,BULLISH,TIMEOUT,75.0,6,True,True,True,False,True,True,True,False,BULLISH,0.17,CHOCH,False,True,False,LOWER_SWEEP,EQUAL_LOW,27.1375,1.1464256444485752,2,61.39,-19.3987,30.39,23.6714,,True,False,0.0,,0.5965,64.0,2.0,30.4671,60.9343,MID,Friday
9446,2024-07-05T06:05:00+00:00,BULLISH,TIMEOUT,75.0,6,True,True,True,False,True,True,True,False,BULLISH,0.193,BOS,False,True,False,LOWER_SWEEP,EQUAL_HIGH,36.8667,2.618633955080761,3,65.9,0.7495,40.45,14.0786,,True,False,0.0,,0.5965,64.8,2.0,44.7079,89.4157,MID,Friday
9465,2024-07-05T07:40:00+00:00,BEARISH,TIMEOUT,62.5,5,True,True,False,False,True,True,True,False,BULLISH,0.172,BOS,False,True,False,UPPER_SWEEP,EQUAL_LOW,19.6286,1.4947038173635594,2,35.65,3.2848,43.65,13.1321,,False,True,0.0,,0.5259,59.9,2.0,30.8632,61.7264,MID,Friday
9481,2024-07-05T09:00:00+00:00,BEARISH,WIN,62.5,5,True,True,False,False,True,True,True,False,BULLISH,0.158,BOS,True,False,False,UPPER_SWEEP,EQUAL_LOW,23.8,1.5735537190082645,3,42.03,-8.2193,43.57,15.125,,False,False,0.0,,0.5259,59.4,2.0,26.7625,53.525,CLOSING,Friday
9498,2024-07-08T04:10:00+00:00,BEARISH,TIMEOUT,50.0,4,True,True,False,False,True,True,False,False,BULLISH,0.167,CHOCH,False,True,False,UPPER_SWEEP,EQUAL_LOW,54.6833,1.6086682807292112,2,58.35,14.8101,11.09,33.9929,,False,True,0.0,,0.4541,55.6,2.0,64.8493,129.6986,OPENING,Monday
9528,2024-07-08T06:40:00+00:00,BEARISH,LOSS,62.5,5,True,True,False,False,True,True,True,False,TRANSITION,0.145,CHOCH,False,True,False,UPPER_SWEEP,EQUAL_LOW,35.815,1.7212874451509341,3,37.71,-4.5866,63.57,20.8071,,False,True,0.0,,0.5259,59.0,2.0,49.2307,98.4614,MID,Monday
9542,2024-07-08T07:50:00+00:00,BULLISH,LOSS,75.0,6,True,True,True,False,True,True,True,False,BULLISH,0.182,BOS,True,False,False,LOWER_SWEEP,EQUAL_HIGH,10.3417,0.7137473860020842,3,74.95,3.6303,97.12,14.4893,,True,True,0.0,,0.5965,54.9,2.0,20.5489,41.0979,MID,Monday
9563,2024-07-08T09:35:00+00:00,BULLISH,WIN,75.0,6,True,True,True,False,True,True,True,False,BULLISH,0.192,BOS,False,True,False,LOWER_SWEEP,EQUAL_LOW,28.2167,1.8129115989797164,3,62.4,5.0216,33.13,15.5643,,True,True,0.0,,0.5965,64.7,2.0,30.5064,61.0129,CLOSING,Monday
9602,2024-07-09T06:35:00+00:00,BEARISH,LOSS,37.5,3,True,True,False,False,False,True,False,False,BULLISH,0.204,CHOCH,False,False,True,UPPER_SWEEP,EQUAL_HIGH,10.2375,0.9674355751693898,2,56.71,9.86,11.21,10.5821,,True,True,0.0,,0.3843,51.5,2.0,15.4082,30.8164,MID,Tuesday
9624,2024-07-09T08:25:00+00:00,BULLISH,TIMEOUT,75.0,6,True,True,True,False,True,True,True,False,BULLISH,0.231,CHOCH,True,False,True,LOWER_SWEEP,EQUAL_HIGH,18.325,1.7311089488649782,1,76.01,9.8346,52.3,10.5857,,True,True,0.0,,0.5965,66.0,2.0,20.3586,40.7171,MID,Tuesday
9637,2024-07-09T09:30:00+00:00,BULLISH,LOSS,75.0,6,True,True,True,False,True,True,True,False,BULLISH,0.232,CHOCH,True,False,True,LOWER_SWEEP,EQUAL_HIGH,14.4333,1.0776829514145554,2,61.96,5.6581,40.57,13.3929,,True,True,0.0,,0.5965,66.1,2.0,25.5393,51.0786,CLOSING,Tuesday
9653,2024-07-10T04:35:00+00:00,BEARISH,WIN,50.0,4,True,True,False,False,True,False,True,False,TRANSITION,0.132,BOS,False,False,True,UPPER_SWEEP,EQUAL_HIGH,61.225,2.303544957221223,3,19.61,-13.8874,34.24,26.5786,,False,False,0.0,,0.4541,54.4,2.0,64.4579,128.9157,MID,Wednesday
9671,2024-07-10T06:05:00+00:00,BULLISH,WIN,50.0,4,True,True,False,False,False,True,True,False,TRANSITION,0.075,CHOCH,False,True,False,LOWER_SWEEP,EQUAL_LOW,26.275,0.8684916836343444,2,50.9,-37.2613,40.83,30.2536,,False,False,0.0,,0.4541,48.1,2.0,35.8754,71.7507,MID,Wednesday
9687,2024-07-10T07:25:00+00:00,BULLISH,LOSS,62.5,5,True,True,False,False,True,True,True,False,TRANSITION,0.112,BOS,True,False,False,LOWER_SWEEP,EQUAL_HIGH,17.45,0.801377726750861,2,63.1,2.1236,46.91,21.775,,True,False,0.0,,0.5259,51.3,2.0,21.6275,43.255,MID,Wednesday
9701,2024-07-10T08:35:00+00:00,BEARISH,LOSS,50.0,4,True,True,False,False,True,False,True,False,TRANSITION,0.068,BOS,False,True,False,UPPER_SWEEP,EQUAL_LOW,22.8,1.3375258119016333,2,18.09,-7.7543,76.56,17.0464,,False,False,0.0,,0.4541,52.3,2.0,45.8546,91.7093,MID,Wednesday
9713,2024-07-10T09:35:00+00:00,BULLISH,WIN,75.0,6,True,True,True,False,True,True,True,False,BULLISH,0.153,BOS,False,True,False,LOWER_SWEEP,EQUAL_HIGH,54.225,2.1000023236540235,3,69.0,12.6427,29.55,25.8214,,True,True,0.0,,0.5965,63.4,2.0,59.2821,118.5643,CLOSING,Wednesday
9730,2024-07-11T04:45:00+00:00,BEARISH,TIMEOUT,50.0,4,True,True,False,False,True,True,False,False,TRANSITION,0.079,CHOCH,False,True,False,UPPER_SWEEP,EQUAL_LOW,95.7714,2.8622055127358363,2,36.73,4.6867,16.91,33.4607,,False,True,0.0,,0.4541,52.6,2.0,109.3961,218.7921,MID,Thursday
9751,2024-07-11T06:30:00+00:00,BEARISH,LOSS,50.0,4,True,True,False,False,True,True,False,False,RANGE,0.046,CHOCH,False,False,True,UPPER_SWEEP,EQUAL_LOW,36.48,1.9341805977508786,1,33.59,-10.9974,19.15,18.8607,,False,False,0.0,,0.4541,51.5,2.0,69.9361,139.8721,MID,Thursday
9774,2024-07-11T08:25:00+00:00,BULLISH,TIMEOUT,50.0,4,True,True,False,False,True,True,False,False,TRANSITION,0.126,CHOCH,True,True,False,LOWER_SWEEP,EQUAL_LOW,27.7667,1.7400843511665653,2,58.53,7.735,16.34,15.9571,,True,True,0.0,,0.4541,54.2,2.0,35.7957,71.5914,MID,Thursday
9786,2024-07-11T09:25:00+00:00,BULLISH,LOSS,62.5,5,True,True,False,False,True,True,True,False,TRANSITION,0.137,BOS,False,True,False,LOWER_SWEEP,EQUAL_HIGH,20.2,1.1456377856296185,1,67.11,8.3857,32.24,17.6321,,True,True,0.0,,0.5259,58.7,2.0,37.9632,75.9264,CLOSING,Thursday
9813,2024-07-12T05:25:00+00:00,BULLISH,TIMEOUT,75.0,6,True,True,True,False,True,True,True,False,BULLISH,0.262,CHOCH,False,True,False,LOWER_SWEEP,EQUAL_HIGH,73.9,2.0316151202749144,3,70.59,27.8825,31.75,36.375,,True,True,0.0,,0.5965,67.1,2.0,163.6375,327.275,MID,Friday
9840,2024-07-12T07:40:00+00:00,BULLISH,WIN,75.0,6,True,True,True,False,True,True,True,False,BULLISH,0.229,CHOCH,False,True,False,LOWER_SWEEP,EQUAL_HIGH,14.075,0.8404791477571297,2,62.05,14.5849,20.06,16.7464,,True,True,0.0,,0.5965,60.6,2.0,25.8746,51.7493,MID,Friday
9860,2024-07-12T09:20:00+00:00,BEARISH,WIN,50.0,4,True,True,False,False,True,True,False,False,BULLISH,0.234,CHOCH,False,True,False,UPPER_SWEEP,EQUAL_HIGH,3.975,0.2358546541985095,2,49.5,12.1671,8.5,16.8536,,False,True,0.0,,0.4541,32.3,2.0,30.7854,61.5707,CLOSING,Friday
9880,2024-07-15T04:45:00+00:00,BULLISH,TIMEOUT,75.0,6,True,True,True,False,True,True,True,False,BULLISH,0.233,CHOCH,False,True,False,LOWER_SWEEP,EQUAL_HIGH,39.1375,1.3890860692102929,3,67.0,7.5425,28.5,28.175,,True,True,0.0,,0.5965,66.1,2.0,51.5675,103.135,MID,Monday
9897,2024-07-15T06:10:00+00:00,BULLISH,LOSS,75.0,6,True,True,True,False,True,True,True,False,BULLISH,0.242,CHOCH,False,True,False,LOWER_SWEEP,EQUAL_HIGH,19.0833,1.409474640491015,2,69.47,10.4113,48.3,13.5393,,True,True,0.0,,0.5965,66.4,2.0,24.3539,48.7079,MID,Monday
9915,2024-07-15T07:40:00+00:00,BULLISH,TIMEOUT,62.5,5,True,True,True,False,True,True,False,False,BULLISH,0.24,CHOCH,False,True,False,LOWER_SWEEP,EQUAL_HIGH,22.075,1.820618556701031,2,64.05,7.2799,15.96,12.125,,True,True,0.0,,0.5259,62.2,2.0,30.4625,60.925,MID,Monday
9928,2024-07-15T08:45:00+00:00,BEARISH,WIN,50.0,4,True,True,False,False,True,True,False,False,BULLISH,0.224,CHOCH,True,True,False,UPPER_SWEEP,EQUAL_HIGH,10.925,0.7886036842409194,3,48.62,4.6854,7.48,13.8536,,False,True,0.0,,0.4541,50.4,2.0,18.6354,37.2707,MID,Monday
9943,2024-07-16T03:45:00+00:00,BULLISH,TIMEOUT,75.0,6,True,True,True,False,True,True,True,False,BULLISH,0.21,CHOCH,False,True,True,LOWER_SWEEP,EQUAL_HIGH,29.675,1.8551048986021856,2,55.13,-2.2611,34.91,15.9964,,True,True,0.0,,0.5965,65.3,2.0,36.3996,72.7993,OPENING,Tuesday
9959,2024-07-16T05:05:00+00:00,BULLISH,TIMEOUT,75.0,6,True,True,True,False,True,True,True,False,BULLISH,0.232,BOS,True,False,False,LOWER_SWEEP,EQUAL_HIGH,20.725,1.2742632637125486,1,63.76,11.3181,31.03,16.2643,,True,True,0.0,,0.5965,66.1,2.0,22.8764,45.7529,MID,Tuesday
9974,2024-07-16T06:20:00+00:00,BEARISH,TIMEOUT,62.5,5,True,True,False,False,True,True,True,False,BULLISH,0.216,BOS,False,True,False,UPPER_SWEEP,PDH,25.75,2.5271608452003576,3,32.45,5.79,49.53,10.1893,,False,True,0.0,,0.5259,61.4,2.0,27.1189,54.2379,MID,Tuesday
9996,2024-07-16T08:10:00+00:00,BEARISH,WIN,50.0,4,True,True,False,False,True,True,False,False,BULLISH,0.194,CHOCH,True,True,False,UPPER_SWEEP,EQUAL_HIGH,13.05,1.1218954445027125,3,48.93,-3.3351,10.87,11.6321,,False,True,0.0,,0.4541,56.5,2.0,15.9632,31.9264,MID,Tuesday
10012,2024-07-16T09:30:00+00:00,BULLISH,LOSS,62.5,5,True,True,True,False,True,True,False,False,BULLISH,0.205,CHOCH,False,False,True,LOWER_SWEEP,EQUAL_HIGH,28.0167,1.6275247904358585,1,51.38,-4.4128,12.27,17.2143,,True,False,0.0,,0.5259,61.0,2.0,30.4714,60.9429,CLOSING,Tuesday
10024,2024-07-18T04:15:00+00:00,BULLISH,TIMEOUT,62.5,5,True,True,True,False,True,True,False,False,BULLISH,0.198,CHOCH,False,True,False,LOWER_SWEEP,EQUAL_LOW,128.0,4.041947839926235,2,55.46,-12.882,10.59,31.6679,,True,False,0.0,,0.5259,60.8,2.0,137.4668,274.9336,OPENING,Thursday
10036,2024-07-18T05:15:00+00:00,BEARISH,WIN,62.5,5,True,True,False,False,True,True,True,False,BULLISH,0.17,CHOCH,False,False,True,UPPER_SWEEP,EQUAL_LOW,31.18,1.1262131714206252,1,67.92,7.492,64.94,27.6857,,False,True,0.0,,0.5259,59.8,2.0,43.8186,87.6371,MID,Thursday
10054,2024-07-18T06:45:00+00:00,BULLISH,WIN,62.5,5,True,True,True,False,True,True,False,False,BULLISH,0.168,CHOCH,False,True,False,LOWER_SWEEP,EQUAL_LOW,67.95,2.3842105263157896,3,53.75,-7.0632,5.1,28.5,,True,False,0.0,,0.5259,59.8,2.0,72.8,145.6,MID,Thursday
10066,2024-07-18T07:45:00+00:00,BULLISH,WIN,62.5,5,True,True,True,False,True,False,True,False,BULLISH,0.234,BOS,True,True,False,LOWER_SWEEP,PDH,49.8,1.6850738996264414,3,81.62,24.1495,86.35,29.5536,,True,True,0.0,,0.5259,62.0,2.0,94.8554,189.7107,MID,Thursday
10094,2024-07-19T03:50:00+00:00,BEARISH,TIMEOUT,50.0,4,True,True,False,False,True,True,False,False,BULLISH,0.221,CHOCH,True,True,False,UPPER_SWEEP,EQUAL_LOW,74.75,2.588421876406751,1,32.77,15.1912,17.97,28.8786,,False,True,0.0,,0.4541,57.4,2.0,111.6379,223.2757,OPENING,Friday
10114,2024-07-19T05:30:00+00:00,BEARISH,TIMEOUT,62.5,5,True,True,False,False,True,True,True,False,BULLISH,0.152,BOS,False,True,False,UPPER_SWEEP,EQUAL_HIGH,33.875,1.5613189284858318,3,27.25,-22.5416,44.25,21.6964,,False,False,0.0,,0.5259,59.2,2.0,39.7196,79.4393,MID,Friday
10132,2024-07-19T07:00:00+00:00,BEARISH,TIMEOUT,50.0,4,True,True,False,False,True,True,False,False,TRANSITION,0.123,BOS,False,False,True,UPPER_SWEEP,EQUAL_LOW,43.3583,2.455573112232473,3,34.32,-17.5758,18.68,17.6571,,False,False,0.0,,0.4541,54.1,2.0,51.6657,103.3314,MID,Friday
10151,2024-07-19T08:35:00+00:00,BEARISH,WIN,62.5,5,True,True,False,False,True,True,True,False,TRANSITION,0.105,CHOCH,False,True,False,UPPER_SWEEP,EQUAL_LOW,43.525,1.9631146431889732,1,43.58,-11.5792,30.53,22.1714,,False,False,0.0,,0.5259,57.7,2.0,49.9671,99.9343,MID,Friday
10164,2024-07-19T09:40:00+00:00,BEARISH,WIN,62.5,5,True,True,False,False,True,True,True,False,TRANSITION,0.067,BOS,True,False,False,UPPER_SWEEP,EQUAL_LOW,32.075,1.2239049723166624,3,29.1,-24.4822,55.95,26.2071,,False,False,0.0,,0.5259,56.4,2.0,37.4707,74.9414,CLOSING,Friday
10193,2024-07-22T05:50:00+00:00,BEARISH,TIMEOUT,62.5,5,True,True,False,False,True,True,True,False,TRANSITION,0.064,CHOCH,True,True,False,UPPER_SWEEP,EQUAL_LOW,31.625,1.4361030633837994,3,40.32,-1.2042,25.18,22.0214,,False,False,0.0,,0.5259,56.3,2.0,43.8521,87.7043,MID,Monday
10207,2024-07-22T07:00:00+00:00,BEARISH,LOSS,62.5,5,True,True,False,False,True,True,True,False,RANGE,0.035,BOS,False,True,False,UPPER_SWEEP,PDL,19.75,1.1576312812487177,3,29.29,-12.206,29.68,17.0607,,False,False,0.0,,0.5259,55.3,2.0,49.1561,98.3121,MID,Monday
10219,2024-07-22T08:00:00+00:00,BULLISH,LOSS,50.0,4,True,True,False,False,True,True,False,False,TRANSITION,0.07,CHOCH,False,True,False,LOWER_SWEEP,EQUAL_LOW,21.4625,1.1381654655275733,3,53.76,-6.533,4.88,18.8571,,True,False,0.0,,0.4541,52.3,2.0,36.8857,73.7714,MID,Monday
10243,2024-07-23T03:45:00+00:00,BULLISH,LOSS,62.5,5,True,True,False,False,True,True,True,False,TRANSITION,0.086,CHOCH,True,True,True,LOWER_SWEEP,EQUAL_HIGH,32.05,1.7682758620689654,2,68.95,3.0693,55.12,18.125,,True,False,0.0,,0.5259,57.0,2.0,44.8625,89.725,OPENING,Tuesday
10255,2024-07-23T04:45:00+00:00,BEARISH,LOSS,62.5,5,True,True,False,False,True,True,True,False,RANGE,0.011,CHOCH,False,True,False,UPPER_SWEEP,EQUAL_LOW,23.45,0.7308551784751461,3,32.1,-14.3308,30.19,32.0857,,False,False,0.0,,0.5259,45.6,2.0,50.7086,101.4171,MID,Tuesday
10279,2024-07-23T06:45:00+00:00,BEARISH,TIMEOUT,50.0,4,True,True,False,False,True,False,True,False,TRANSITION,-0.101,BOS,True,False,True,UPPER_SWEEP,PDL,126.6,2.205302131617866,2,17.71,-21.4176,82.16,57.4071,,False,False,0.0,,0.4541,53.4,2.0,211.4407,422.8814,MID,Tuesday
10299,2024-07-23T08:25:00+00:00,BULLISH,TIMEOUT,62.5,5,True,True,False,False,True,True,True,False,RANGE,0.03,CHOCH,False,True,False,LOWER_SWEEP,EQUAL_LOW,113.475,2.0582383040007546,3,67.47,-9.3339,45.71,55.1321,,True,False,0.0,,0.5259,55.2,2.0,131.9632,263.9264,MID,Tuesday
10322,2024-07-24T04:05:00+00:00,BEARISH,TIMEOUT,62.5,5,True,True,False,False,True,True,True,False,RANGE,-0.002,CHOCH,False,False,True,UPPER_SWEEP,EQUAL_LOW,77.3167,1.888735260420611,0,29.49,7.8442,50.4,40.9357,,False,True,0.0,,0.5259,54.2,2.0,106.1936,212.3871,OPENING,Wednesday
10347,2024-07-24T06:10:00+00:00,BEARISH,WIN,50.0,4,True,True,False,False,True,True,False,False,RANGE,-0.01,CHOCH,True,False,True,UPPER_SWEEP,EQUAL_LOW,36.0167,1.1237659906396258,2,42.14,-7.9326,13.73,32.05,,False,False,0.0,,0.4541,50.3,2.0,53.455,106.91,MID,Wednesday
10380,2024-07-24T08:55:00+00:00,BULLISH,TIMEOUT,50.0,4,True,True,False,False,True,True,False,False,RANGE,0.006,CHOCH,False,True,False,LOWER_SWEEP,EQUAL_LOW,67.475,2.5455444013113464,3,60.53,-6.0516,8.43,26.5071,,True,False,0.0,,0.4541,50.2,2.0,75.9507,151.9014,MID,Wednesday
10393,2024-07-25T03:45:00+00:00,BEARISH,TIMEOUT,62.5,5,True,True,False,False,True,True,True,False,TRANSITION,-0.112,CHOCH,False,True,False,UPPER_SWEEP,PDL,139.15,3.414422284166307,1,33.56,2.9143,29.73,40.7536,,False,True,0.0,,0.5259,57.9,2.0,214.6254,429.2507,OPENING,Thursday
10431,2024-07-25T06:55:00+00:00,BULLISH,WIN,50.0,4,True,True,False,False,True,False,True,False,RANGE,0.003,BOS,True,False,False,LOWER_SWEEP,EQUAL_HIGH,15.6333,0.9517990867579909,3,85.66,13.5789,75.38,16.425,,True,True,0.0,,0.4541,48.5,2.0,23.3425,46.685,MID,Thursday
10445,2024-07-25T08:05:00+00:00,BEARISH,LOSS,50.0,4,True,True,False,False,True,True,False,False,RANGE,0.001,CHOCH,False,True,False,UPPER_SWEEP,EQUAL_HIGH,18.3,1.1977537208906575,2,49.63,11.661,7.7,15.2786,,False,True,0.0,,0.4541,50.0,2.0,29.0279,58.0557,MID,Thursday
10467,2024-07-25T09:55:00+00:00,BULLISH,WIN,62.5,5,True,True,False,False,True,True,True,False,RANGE,0.033,CHOCH,False,True,False,LOWER_SWEEP,EQUAL_LOW,16.6,0.9146005509641875,2,49.5,7.1177,22.76,18.15,,True,True,0.0,,0.5259,52.4,2.0,27.865,55.73,CLOSING,Thursday
10507,2024-07-26T07:00:00+00:00,BULLISH,WIN,75.0,6,True,True,True,False,True,True,True,False,BULLISH,0.2,BOS,False,False,True,LOWER_SWEEP,EQUAL_HIGH,19.1,1.3050281161816655,3,67.39,26.726,44.0,14.6357,,True,True,0.0,,0.5965,65.0,2.0,56.6136,113.2271,MID,Friday
10535,2024-07-26T09:20:00+00:00,BULLISH,WIN,62.5,5,True,True,True,False,True,True,False,False,BULLISH,0.263,CHOCH,False,True,False,LOWER_SWEEP,EQUAL_HIGH,34.125,1.4203954214360042,2,55.97,26.0661,11.6,24.025,,True,True,0.0,,0.5259,62.9,2.0,39.0025,78.005,CLOSING,Friday
10555,2024-07-29T04:45:00+00:00,BEARISH,LOSS,50.0,4,True,True,False,False,False,True,True,False,BULLISH,0.267,CHOCH,True,True,False,UPPER_SWEEP,EQUAL_LOW,30.15,0.9247445067415868,3,61.31,27.3026,37.21,32.6036,,True,True,0.0,,0.4541,56.4,2.0,39.6104,79.2207,MID,Monday
10568,2024-07-29T05:50:00+00:00,BULLISH,WIN,75.0,6,True,True,True,False,True,True,True,False,BULLISH,0.307,CHOCH,False,True,False,LOWER_SWEEP,EQUAL_HIGH,11.825,0.6480730445457733,3,77.21,23.5389,53.12,18.2464,,True,True,0.0,,0.5965,56.8,2.0,32.3746,64.7493,MID,Monday
10580,2024-07-29T06:50:00+00:00,BEARISH,TIMEOUT,62.5,5,True,True,False,False,True,True,True,False,BULLISH,0.187,CHOCH,True,True,True,UPPER_SWEEP,PDH,123.0,3.7020316027088036,3,28.56,-2.6653,55.69,33.225,,False,True,0.0,,0.5259,60.4,2.0,162.5725,325.145,MID,Monday
10600,2024-07-29T08:30:00+00:00,BEARISH,TIMEOUT,62.5,5,True,True,False,False,True,True,True,False,BULLISH,0.177,BOS,False,True,False,UPPER_SWEEP,EQUAL_LOW,56.95,2.3942957323097493,3,40.77,-16.9391,39.21,23.7857,,False,False,0.0,,0.5259,60.1,2.0,65.0786,130.1571,MID,Monday
10623,2024-07-30T04:10:00+00:00,BULLISH,TIMEOUT,62.5,5,True,True,True,False,True,True,False,False,BULLISH,0.202,CHOCH,False,False,True,LOWER_SWEEP,EQUAL_LOW,42.775,1.5494202578322243,3,58.06,2.5654,7.98,27.6071,,True,False,0.0,,0.5259,60.9,2.0,67.7607,135.5214,OPENING,Tuesday
10635,2024-07-30T05:10:00+00:00,BULLISH,WIN,62.5,5,True,True,True,False,True,True,False,False,BULLISH,0.21,CHOCH,False,True,False,LOWER_SWEEP,EQUAL_LOW,37.55,1.5011413471494306,3,56.08,10.5612,1.68,25.0143,,True,True,0.0,,0.5259,61.2,2.0,43.7014,87.4029,MID,Tuesday
10657,2024-07-30T07:00:00+00:00,BULLISH,LOSS,62.5,5,True,True,True,False,True,True,False,False,BULLISH,0.229,CHOCH,True,True,False,LOWER_SWEEP,EQUAL_HIGH,9.55,0.6254953202470543,3,59.13,15.6057,17.46,15.2679,,True,True,0.0,,0.5259,49.3,2.0,20.3268,40.6536,MID,Tuesday
10669,2024-07-30T08:00:00+00:00,BEARISH,LOSS,62.5,5,True,True,False,False,True,True,True,False,BULLISH,0.184,CHOCH,True,False,False,UPPER_SWEEP,EQUAL_LOW,26.35,1.2815711527331268,3,33.8,-4.0229,27.32,20.5607,,False,True,0.0,,0.5259,60.3,2.0,51.7061,103.4121,MID,Tuesday
10682,2024-07-30T09:05:00+00:00,BULLISH,LOSS,62.5,5,True,True,True,False,True,False,True,False,BULLISH,0.232,BOS,False,False,True,LOWER_SWEEP,EQUAL_HIGH,19.05,1.168453593071469,2,81.97,8.141,65.64,16.3036,,True,True,0.0,,0.5259,61.9,2.0,23.7804,47.5607,CLOSING,Tuesday
10703,2024-07-31T04:35:00+00:00,BULLISH,TIMEOUT,75.0,6,True,True,True,False,True,True,True,False,BULLISH,0.194,CHOCH,False,True,False,LOWER_SWEEP,EQUAL_HIGH,54.0625,1.8653755248929513,3,70.49,-0.1877,39.95,28.9821,,True,False,0.0,,0.5965,64.8,2.0,58.8482,117.6964,MID,Wednesday
10732,2024-07-31T07:00:00+00:00,BEARISH,LOSS,50.0,4,True,True,False,False,True,True,False,False,BULLISH,0.175,CHOCH,False,False,True,UPPER_SWEEP,EQUAL_LOW,13.125,0.9074065112034457,0,46.44,3.2215,18.1,14.4643,,False,True,0.0,,0.4541,52.7,2.0,23.8464,47.6929,MID,Wednesday
10756,2024-07-31T09:00:00+00:00,BULLISH,WIN,62.5,5,True,True,True,False,True,True,False,False,BULLISH,0.191,CHOCH,True,True,True,LOWER_SWEEP,EQUAL_HIGH,26.1714,1.6966871961102106,3,54.03,3.4508,11.45,15.425,,True,True,0.0,,0.5259,60.5,2.0,30.1425,60.285,CLOSING,Wednesday
10768,2024-08-01T03:45:00+00:00,BULLISH,TIMEOUT,62.5,5,True,True,True,False,True,False,True,False,BULLISH,0.243,CHOCH,False,True,False,LOWER_SWEEP,PDH,42.85,1.9668865356633023,3,80.02,14.0563,69.25,21.7857,,True,True,0.0,,0.5259,62.3,2.0,114.4786,228.9571,OPENING,Thursday
10807,2024-08-01T07:00:00+00:00,BEARISH,LOSS,62.5,5,True,True,False,False,True,True,True,False,BULLISH,0.172,BOS,True,False,False,UPPER_SWEEP,PDH,17.75,1.1550049128377982,2,32.38,-7.9372,84.51,15.3679,,False,True,0.0,,0.5259,59.9,2.0,21.7868,43.5736,MID,Thursday
10833,2024-08-01T09:10:00+00:00,BULLISH,LOSS,62.5,5,True,True,True,False,True,True,False,False,BULLISH,0.185,CHOCH,True,False,True,LOWER_SWEEP,EQUAL_HIGH,44.7375,3.1481559669826256,2,59.92,-4.072,13.91,14.2107,,True,False,0.0,,0.5259,60.3,2.0,48.6211,97.2421,CLOSING,Thursday
10849,2024-08-02T04:15:00+00:00,BEARISH,TIMEOUT,50.0,4,True,True,False,False,True,False,True,False,RANGE,-0.021,BOS,False,True,False,UPPER_SWEEP,EQUAL_LOW,39.05,0.9139847864248097,3,14.79,-55.6347,72.8,42.725,,False,False,0.0,,0.4541,47.8,2.0,98.6225,197.245,OPENING,Friday
10875,2024-08-02T06:25:00+00:00,BEARISH,WIN,50.0,4,True,True,False,False,True,True,False,False,RANGE,0.035,CHOCH,False,True,False,UPPER_SWEEP,EQUAL_HIGH,7.4667,0.3993656532808455,2,45.15,-9.06,0.24,18.6964,,False,False,0.0,,0.4541,31.1,2.0,39.5696,79.1393,MID,Friday
10895,2024-08-02T08:05:00+00:00,BULLISH,LOSS,62.5,5,True,True,False,False,True,True,True,False,RANGE,0.045,CHOCH,False,False,True,LOWER_SWEEP,EQUAL_HIGH,31.025,2.0757506824385805,3,62.35,-7.2323,31.8,14.9464,,True,False,0.0,,0.5259,55.7,2.0,43.8446,87.6893,MID,Friday
10907,2024-08-02T09:05:00+00:00,BEARISH,WIN,50.0,4,True,True,False,False,True,True,False,False,RANGE,0.003,BOS,False,True,False,UPPER_SWEEP,EQUAL_LOW,40.01,2.045804337043836,3,35.15,-8.794,14.14,19.5571,,False,False,0.0,,0.4541,50.1,2.0,58.5057,117.0114,CLOSING,Friday
10919,2024-08-05T03:50:00+00:00,BEARISH,TIMEOUT,62.5,5,True,True,True,False,True,False,True,False,BEARISH,-0.363,BOS,False,True,False,UPPER_SWEEP,PDL,49.85,0.8769244842241549,3,4.68,-81.4777,97.0,56.8464,,False,False,0.0,,0.5259,62.2,2.0,512.8846,1025.7693,OPENING,Monday
10969,2024-08-05T08:00:00+00:00,BULLISH,TIMEOUT,50.0,4,True,True,False,False,True,True,False,False,BEARISH,-0.341,CHOCH,False,True,False,LOWER_SWEEP,EQUAL_HIGH,57.2,1.5357188882683965,2,56.97,-21.6251,6.93,37.2464,,True,False,0.0,,0.4541,61.4,2.0,73.9746,147.9493,MID,Monday
10993,2024-08-06T03:45:00+00:00,BULLISH,TIMEOUT,50.0,4,True,True,False,False,True,False,True,False,TRANSITION,-0.083,BOS,False,True,True,LOWER_SWEEP,EQUAL_HIGH,73.675,1.4466331295185808,2,81.03,22.0635,56.6,50.9286,,True,False,0.0,,0.4541,52.8,2.0,305.1929,610.3857,OPENING,Tuesday
11007,2024-08-06T04:55:00+00:00,BEARISH,WIN,75.0,6,True,True,True,False,True,True,True,False,BEARISH,-0.168,CHOCH,False,True,False,UPPER_SWEEP,EQUAL_LOW,46.275,1.13647806001783,2,29.48,44.7473,46.0,40.7179,,False,True,0.0,,0.5965,63.9,2.0,83.2218,166.4436,MID,Tuesday
11032,2024-08-06T07:00:00+00:00,BEARISH,TIMEOUT,75.0,6,True,True,True,False,True,True,True,False,BEARISH,-0.187,CHOCH,False,True,False,UPPER_SWEEP,EQUAL_LOW,44.075,2.084979162034694,3,31.24,-2.5643,43.72,21.1393,,False,True,0.0,,0.5965,64.6,2.0,54.5639,109.1279,MID,Tuesday
11046,2024-08-06T08:10:00+00:00,BEARISH,WIN,75.0,6,True,True,True,False,True,True,True,False,BEARISH,-0.26,BOS,False,True,False,UPPER_SWEEP,EQUAL_HIGH,58.775,2.006458903010627,2,27.87,-27.4822,67.25,29.2929,,False,False,0.0,,0.5965,67.0,2.0,95.4793,190.9586,MID,Tuesday
11058,2024-08-06T09:10:00+00:00,BEARISH,LOSS,75.0,6,True,True,True,False,True,True,True,False,BEARISH,-0.323,BOS,False,False,True,UPPER_SWEEP,EQUAL_LOW,93.45,2.2636929807349917,3,25.43,-47.5801,55.16,41.2821,,False,False,0.0,,0.5965,69.1,2.0,102.7282,205.4564,CLOSING,Tuesday
11083,2024-08-07T05:00:00+00:00,BULLISH,TIMEOUT,62.5,5,True,True,False,False,True,True,True,False,TRANSITION,-0.065,CHOCH,False,True,False,LOWER_SWEEP,EQUAL_LOW,70.225,2.2038770661837854,3,54.27,42.2244,25.3,31.8643,,True,True,0.0,,0.5259,56.3,2.0,97.1864,194.3729,MID,Wednesday
11105,2024-08-07T06:50:00+00:00,BULLISH,LOSS,62.5,5,True,True,False,False,True,True,True,False,TRANSITION,-0.079,CHOCH,False,True,False,LOWER_SWEEP,EQUAL_LOW,40.875,1.805488685604237,2,57.26,7.9957,48.64,22.6393,,True,True,0.0,,0.5259,56.8,2.0,47.3139,94.6279,MID,Wednesday
11118,2024-08-07T07:55:00+00:00,BEARISH,LOSS,62.5,5,True,True,False,False,True,True,True,False,TRANSITION,-0.132,BOS,False,True,False,UPPER_SWEEP,EQUAL_LOW,22.69,1.0165133011370255,3,33.64,-5.1649,39.83,22.3214,,False,True,0.0,,0.5259,58.6,2.0,40.8821,81.7643,MID,Wednesday
11130,2024-08-07T08:55:00+00:00,BULLISH,TIMEOUT,62.5,5,True,True,False,False,True,True,True,False,TRANSITION,-0.066,BOS,False,True,False,LOWER_SWEEP,EQUAL_LOW,36.125,1.7329131168930847,3,72.92,9.5282,36.2,20.8464,,True,True,0.0,,0.5259,56.4,2.0,57.9346,115.8693,MID,Wednesday
11143,2024-08-08T03:45:00+00:00,BEARISH,WIN,50.0,4,True,True,False,False,True,True,False,False,TRANSITION,-0.11,CHOCH,False,True,True,UPPER_SWEEP,EQUAL_HIGH,73.375,3.041904698732246,2,39.21,13.235,18.37,24.1214,,False,True,0.0,,0.4541,53.7,2.0,97.5121,195.0243,OPENING,Thursday
11167,2024-08-08T05:45:00+00:00,BULLISH,TIMEOUT,62.5,5,True,True,False,False,True,True,True,False,TRANSITION,-0.094,CHOCH,False,False,True,LOWER_SWEEP,EQUAL_LOW,67.1,1.4045002616431188,3,63.09,-9.4903,32.27,47.775,,True,False,0.0,,0.5259,57.3,2.0,93.2275,186.455,MID,Thursday
11179,2024-08-08T06:45:00+00:00,BULLISH,LOSS,62.5,5,True,True,False,False,True,True,True,False,RANGE,-0.041,BOS,True,True,False,LOWER_SWEEP,EQUAL_HIGH,54.275,1.5294893435947436,2,65.45,15.7273,67.64,35.4857,,True,True,0.0,,0.5259,55.5,2.0,90.2986,180.5971,MID,Thursday
11193,2024-08-08T07:55:00+00:00,BEARISH,LOSS,62.5,5,True,True,True,False,True,False,True,False,BEARISH,-0.185,CHOCH,False,False,True,UPPER_SWEEP,EQUAL_LOW,53.1,1.332617250240925,1,13.09,-21.3383,77.47,39.8464,,False,False,0.0,,0.5259,60.3,2.0,71.4846,142.9693,MID,Thursday
11214,2024-08-08T09:40:00+00:00,BEARISH,LOSS,75.0,6,True,True,True,False,True,True,True,False,BEARISH,-0.173,CHOCH,False,True,False,UPPER_SWEEP,EQUAL_LOW,41.3,1.5545075071797168,2,35.48,-15.5473,22.61,26.5679,,False,False,0.0,,0.5965,64.1,2.0,55.0568,110.1136,CLOSING,Thursday
11231,2024-08-09T04:50:00+00:00,BEARISH,TIMEOUT,50.0,4,True,True,False,False,False,True,True,False,RANGE,-0.001,CHOCH,True,False,False,UPPER_SWEEP,PDH,35.8,0.7442827442827442,2,76.38,47.2829,67.77,48.1,,True,True,0.0,,0.4541,41.5,2.0,44.81,89.62,MID,Friday
11249,2024-08-09T06:20:00+00:00,BULLISH,LOSS,62.5,5,True,True,False,False,True,True,True,False,RANGE,0.015,CHOCH,False,True,False,LOWER_SWEEP,EQUAL_HIGH,19.925,1.3630548847645694,3,72.27,17.3028,52.47,14.6179,,True,True,0.0,,0.5259,54.7,2.0,24.2618,48.5236,MID,Friday
11276,2024-08-09T08:35:00+00:00,BULLISH,LOSS,62.5,5,True,True,False,False,True,True,True,False,RANGE,0.014,BOS,False,True,False,LOWER_SWEEP,EQUAL_HIGH,17.85,1.337790135577723,3,73.33,7.0936,45.31,13.3429,,True,True,0.0,,0.5259,54.6,2.0,25.9343,51.8686,MID,Friday
11293,2024-08-12T03:45:00+00:00,BEARISH,TIMEOUT,62.5,5,True,True,False,False,True,True,True,False,TRANSITION,-0.072,CHOCH,False,True,False,UPPER_SWEEP,PDL,63.2,3.0384615384615383,1,22.26,-5.5048,70.0,20.8,,False,True,0.0,,0.5259,56.6,2.0,107.78,215.56,OPENING,Monday
11314,2024-08-12T05:30:00+00:00,BULLISH,WIN,50.0,4,True,True,False,False,True,False,True,False,RANGE,0.014,CHOCH,True,True,False,LOWER_SWEEP,EQUAL_HIGH,38.675,1.3780853254846905,2,83.51,12.6646,85.7,28.0643,,True,False,0.0,,0.4541,50.5,2.0,45.4564,90.9129,MID,Monday
11361,2024-08-12T09:25:00+00:00,BEARISH,TIMEOUT,62.5,5,True,True,False,False,True,True,True,False,RANGE,-0.024,CHOCH,False,True,False,UPPER_SWEEP,EQUAL_LOW,74.5833,3.4370184331797233,2,22.0,-7.5435,44.01,21.7,,False,True,0.0,,0.5259,55.0,2.0,82.52,165.04,CLOSING,Monday
11381,2024-08-13T04:50:00+00:00,BEARISH,TIMEOUT,62.5,5,True,True,False,False,True,True,True,False,TRANSITION,-0.057,CHOCH,False,True,False,UPPER_SWEEP,EQUAL_LOW,36.48,1.2793580764739094,3,35.71,-18.5667,44.53,28.5143,,False,False,0.0,,0.5259,56.1,2.0,46.5514,93.1029,MID,Tuesday
11394,2024-08-13T05:55:00+00:00,BULLISH,LOSS,50.0,4,True,True,False,False,True,True,False,False,RANGE,-0.033,CHOCH,False,False,True,LOWER_SWEEP,EQUAL_LOW,14.2667,0.8339636759006495,3,56.11,-9.2283,2.93,17.1071,,True,False,0.0,,0.4541,45.6,2.0,34.3607,68.7214,MID,Tuesday
11407,2024-08-13T07:00:00+00:00,BEARISH,WIN,62.5,5,True,True,False,False,True,True,True,False,TRANSITION,-0.079,CHOCH,False,False,True,UPPER_SWEEP,EQUAL_LOW,33.575,1.7313037245589882,3,34.45,-12.5217,57.42,19.3929,,False,False,0.0,,0.5259,56.8,2.0,40.3393,80.6786,MID,Tuesday
11422,2024-08-13T08:15:00+00:00,BEARISH,WIN,62.5,5,True,True,False,False,True,True,True,False,TRANSITION,-0.121,BOS,False,True,False,UPPER_SWEEP,EQUAL_LOW,49.65,2.111481098735663,3,29.25,-21.5183,69.07,23.5143,,False,False,0.0,,0.5259,58.2,2.0,62.5514,125.1029,MID,Tuesday
11463,2024-08-14T05:25:00+00:00,BEARISH,TIMEOUT,50.0,4,True,True,False,False,True,True,False,False,TRANSITION,-0.13,CHOCH,False,True,False,UPPER_SWEEP,EQUAL_LOW,35.4,1.6630883644888352,3,43.17,-2.1842,18.71,21.2857,,False,False,0.0,,0.4541,54.3,2.0,39.3786,78.7571,MID,Wednesday
11479,2024-08-14T06:45:00+00:00,BULLISH,WIN,62.5,5,True,True,False,False,True,True,True,False,TRANSITION,-0.1,BOS,True,False,False,LOWER_SWEEP,EQUAL_HIGH,7.525,0.5343663232046357,3,67.05,2.3557,53.45,14.0821,,True,False,0.0,,0.5259,42.0,2.0,16.1582,32.3164,MID,Wednesday
11507,2024-08-14T09:05:00+00:00,BEARISH,LOSS,62.5,5,True,True,False,False,True,True,True,False,TRANSITION,-0.109,CHOCH,False,False,True,UPPER_SWEEP,EQUAL_LOW,26.2,2.0153846153846153,3,40.33,-0.5511,22.14,13.0,,False,False,0.0,,0.5259,57.8,2.0,32.0,64.0,CLOSING,Wednesday
11519,2024-08-16T03:50:00+00:00,BULLISH,TIMEOUT,50.0,4,True,True,False,False,True,False,True,False,TRANSITION,0.091,CHOCH,False,True,False,LOWER_SWEEP,EQUAL_LOW,244.55,7.234436568886154,2,83.03,27.9831,65.42,33.8036,,True,True,0.0,,0.4541,53.0,2.0,257.3804,514.7607,OPENING,Friday
11533,2024-08-16T05:00:00+00:00,BEARISH,LOSS,50.0,4,True,True,False,False,True,False,True,False,RANGE,-0.043,CHOCH,False,True,False,UPPER_SWEEP,EQUAL_LOW,51.55,1.4719571462020364,3,11.55,17.6463,92.92,35.0214,,False,True,0.0,,0.4541,51.4,2.0,83.3021,166.6043,MID,Friday
11545,2024-08-16T06:00:00+00:00,BULLISH,WIN,50.0,4,True,True,False,False,True,True,False,False,RANGE,0.028,CHOCH,False,True,False,LOWER_SWEEP,EQUAL_HIGH,95.775,3.3263408687558393,3,59.63,8.7628,12.72,28.7929,,True,True,0.0,,0.4541,50.9,2.0,101.0293,202.0586,MID,Friday
11558,2024-08-16T07:05:00+00:00,BULLISH,TIMEOUT,62.5,5,True,True,False,False,True,True,True,False,TRANSITION,0.106,BOS,False,True,False,LOWER_SWEEP,EQUAL_HIGH,47.125,1.7129698626352656,3,76.94,43.4502,63.89,27.5107,,True,True,0.0,,0.5259,57.7,2.0,58.8011,117.6021,MID,Friday
11571,2024-08-16T08:10:00+00:00,BULLISH,WIN,62.5,5,True,True,False,False,True,True,True,False,TRANSITION,0.112,CHOCH,False,True,False,LOWER_SWEEP,EQUAL_HIGH,30.3,1.5283732660781841,3,65.88,31.6138,27.91,19.825,,True,True,0.0,,0.5259,57.9,2.0,40.3325,80.665,MID,Friday
11593,2024-08-19T03:45:00+00:00,BULLISH,TIMEOUT,75.0,6,True,True,True,False,True,True,True,False,BULLISH,0.186,BOS,False,True,False,LOWER_SWEEP,PDH,26.45,1.010780383599754,1,74.29,33.3249,61.94,26.1679,,True,True,0.0,,0.5965,64.5,2.0,77.1668,154.3336,OPENING,Monday
11614,2024-08-19T05:30:00+00:00,BEARISH,LOSS,62.5,5,True,True,False,False,True,True,True,False,TRANSITION,0.112,BOS,False,False,True,UPPER_SWEEP,EQUAL_LOW,31.075,1.3500362761155447,3,33.11,3.4331,37.69,23.0179,,False,True,0.0,,0.5259,57.9,2.0,34.6018,69.2036,MID,Monday
11630,2024-08-19T06:50:00+00:00,BEARISH,LOSS,50.0,4,True,True,False,False,True,True,False,False,TRANSITION,0.12,CHOCH,False,False,True,UPPER_SWEEP,EQUAL_HIGH,18.3,1.044222539229672,3,61.38,5.1158,13.82,17.525,,False,True,0.0,,0.4541,54.0,2.0,20.6525,41.305,MID,Monday
11668,2024-08-20T03:45:00+00:00,BULLISH,WIN,62.5,5,True,True,False,False,True,True,True,False,TRANSITION,0.137,CHOCH,False,True,False,LOWER_SWEEP,EQUAL_HIGH,29.8625,1.63406292749658,3,68.09,5.3425,55.11,18.275,,True,True,0.0,,0.5259,58.7,2.0,59.6275,119.255,OPENING,Tuesday
11709,2024-08-20T07:10:00+00:00,BEARISH,LOSS,50.0,4,True,True,False,False,True,True,False,False,BULLISH,0.159,CHOCH,False,True,False,UPPER_SWEEP,EQUAL_HIGH,6.36,0.51782675601078,2,48.86,8.0382,8.86,12.2821,,False,True,0.0,,0.4541,39.2,2.0,21.5282,43.0564,MID,Tuesday
11739,2024-08-20T09:40:00+00:00,BEARISH,WIN,62.5,5,True,True,False,False,True,True,True,False,TRANSITION,0.14,CHOCH,True,False,False,UPPER_SWEEP,EQUAL_LOW,22.3333,1.7545763084706882,3,37.95,-1.2085,45.17,12.7286,,False,True,0.0,,0.5259,58.8,2.0,28.7229,57.4457,CLOSING,Tuesday
11755,2024-08-21T04:45:00+00:00,BULLISH,LOSS,62.5,5,True,True,False,False,True,True,True,False,TRANSITION,0.141,BOS,False,True,False,LOWER_SWEEP,EQUAL_HIGH,25.6833,1.1691285921731254,3,59.82,-0.4673,26.24,21.9679,,True,True,0.0,,0.5259,58.9,2.0,34.3968,68.7936,MID,Wednesday
11791,2024-08-21T07:45:00+00:00,BEARISH,LOSS,62.5,5,True,True,False,False,True,True,True,False,TRANSITION,0.114,BOS,False,False,True,UPPER_SWEEP,EQUAL_LOW,28.2375,2.1334345746730436,0,36.29,0.9059,35.6,13.2357,,False,True,0.0,,0.5259,58.0,2.0,30.7736,61.5471,MID,Wednesday
11810,2024-08-21T09:20:00+00:00,BULLISH,WIN,50.0,4,True,True,False,False,True,True,False,False,TRANSITION,0.146,CHOCH,False,True,False,LOWER_SWEEP,EQUAL_HIGH,20.15,1.61338105418238,3,66.36,5.8427,19.5,12.4893,,True,True,0.0,,0.4541,54.9,2.0,29.4489,58.8979,CLOSING,Wednesday
11848,2024-08-22T06:15:00+00:00,BULLISH,TIMEOUT,75.0,6,True,True,True,False,True,True,True,False,BULLISH,0.181,CHOCH,True,True,False,LOWER_SWEEP,EQUAL_HIGH,9.1167,0.8424695510747222,3,66.51,10.7751,37.15,10.8214,,True,True,0.0,,0.5965,59.1,2.0,24.6821,49.3643,MID,Thursday
11864,2024-08-22T07:35:00+00:00,BEARISH,TIMEOUT,62.5,5,True,True,False,False,True,True,True,False,TRANSITION,0.14,CHOCH,False,True,False,UPPER_SWEEP,EQUAL_HIGH,6.025,0.6631299734748012,2,20.78,-0.0696,46.67,9.0857,,False,True,0.0,,0.5259,47.6,2.0,30.5586,61.1171,MID,Thursday
11881,2024-08-22T09:00:00+00:00,BEARISH,LOSS,50.0,4,True,True,False,False,True,True,False,False,TRANSITION,0.137,CHOCH,False,True,False,UPPER_SWEEP,EQUAL_LOW,16.0,1.3103261893257554,3,42.07,-1.2422,12.86,12.2107,,False,True,0.0,,0.4541,54.6,2.0,30.3211,60.6421,CLOSING,Thursday
11894,2024-08-23T03:50:00+00:00,BULLISH,LOSS,62.5,5,True,True,False,False,True,True,True,False,TRANSITION,0.141,CHOCH,True,False,True,LOWER_SWEEP,EQUAL_HIGH,33.08,1.8410610032335442,0,67.39,-0.5292,64.71,17.9679,,True,True,0.0,,0.5259,58.9,2.0,43.9968,87.9936,OPENING,Friday
11912,2024-08-23T05:20:00+00:00,BULLISH,TIMEOUT,62.5,5,True,True,False,False,True,True,True,False,TRANSITION,0.141,CHOCH,True,True,False,LOWER_SWEEP,EQUAL_HIGH,22.2333,1.2045933543189342,3,74.87,5.2692,61.3,18.4571,,True,True,0.0,,0.5259,58.9,2.0,25.1957,50.3914,MID,Friday
11924,2024-08-23T06:20:00+00:00,BEARISH,LOSS,50.0,4,True,True,False,False,True,True,False,False,TRANSITION,0.127,CHOCH,False,True,False,UPPER_SWEEP,EQUAL_HIGH,19.97,1.743023976398914,2,45.82,5.546,3.26,11.4571,,False,True,0.0,,0.4541,54.2,2.0,24.4957,48.9914,MID,Friday
11938,2024-08-23T07:30:00+00:00,BEARISH,LOSS,50.0,4,True,True,False,False,True,True,False,False,TRANSITION,0.125,CHOCH,True,False,False,UPPER_SWEEP,EQUAL_LOW,6.925,0.7740543682375033,3,60.06,1.5346,0.5,8.9464,,False,True,0.0,,0.4541,46.6,2.0,8.1446,16.2893,MID,Friday
11968,2024-08-26T03:45:00+00:00,BULLISH,WIN,75.0,6,True,True,True,False,True,True,True,False,BULLISH,0.151,CHOCH,True,True,True,LOWER_SWEEP,PDH,43.35,2.0545023696682465,3,73.92,3.2969,33.25,21.1,,True,True,0.0,,0.5965,63.4,2.0,74.51,149.02,OPENING,Monday
12047,2024-08-27T04:05:00+00:00,BEARISH,LOSS,50.0,4,True,True,False,False,True,True,False,False,BULLISH,0.156,CHOCH,False,True,False,UPPER_SWEEP,EQUAL_LOW,33.9625,2.069080009503908,3,30.32,-4.3007,19.8,16.4143,,False,True,0.0,,0.4541,55.2,2.0,42.3414,84.6829,OPENING,Tuesday
12067,2024-08-27T05:45:00+00:00,BULLISH,TIMEOUT,75.0,6,True,True,True,False,True,True,True,False,BULLISH,0.206,BOS,False,False,True,LOWER_SWEEP,PDH,18.9,1.000947987776783,3,63.66,7.5968,25.09,18.8821,,True,True,0.0,,0.5965,65.2,2.0,38.2382,76.4764,MID,Tuesday
12096,2024-08-27T08:10:00+00:00,BULLISH,LOSS,62.5,5,True,True,True,False,True,True,False,False,BULLISH,0.194,BOS,False,True,False,LOWER_SWEEP,EQUAL_HIGH,11.55,1.0541110330288124,2,62.49,5.3406,5.17,10.9571,,True,True,0.0,,0.5259,60.6,2.0,17.7457,35.4914,MID,Tuesday
12109,2024-08-27T09:15:00+00:00,BEARISH,WIN,62.5,5,True,True,False,False,True,True,True,False,BULLISH,0.162,BOS,False,False,True,UPPER_SWEEP,EQUAL_HIGH,19.05,1.6554996480433821,2,24.13,-2.8208,78.8,11.5071,,False,True,0.0,,0.5259,59.6,2.0,30.1507,60.3014,CLOSING,Tuesday
12121,2024-08-28T04:00:00+00:00,BEARISH,TIMEOUT,62.5,5,True,True,False,False,True,True,True,False,TRANSITION,0.11,CHOCH,False,True,False,UPPER_SWEEP,PDL,74.5,3.3032420544835417,3,33.46,-11.6016,44.02,22.5536,,False,False,0.0,,0.5259,57.8,2.0,79.5054,159.0107,OPENING,Wednesday
12142,2024-08-28T05:45:00+00:00,BULLISH,WIN,75.0,6,True,True,True,False,True,True,True,False,BULLISH,0.178,BOS,False,True,False,LOWER_SWEEP,EQUAL_HIGH,41.0875,2.4204712812960234,2,75.4,5.6587,55.41,16.975,,True,False,0.0,,0.5965,64.3,2.0,46.8475,93.695,MID,Wednesday
12177,2024-08-28T08:40:00+00:00,BULLISH,LOSS,75.0,6,True,True,True,False,True,True,True,False,BULLISH,0.199,BOS,False,True,False,LOWER_SWEEP,EQUAL_HIGH,10.3125,0.8989748417804279,3,69.45,9.9784,20.64,11.4714,,True,True,0.0,,0.5965,61.6,2.0,21.1971,42.3943,MID,Wednesday
12190,2024-08-28T09:45:00+00:00,BEARISH,LOSS,50.0,4,True,True,False,False,True,False,True,False,TRANSITION,0.137,CHOCH,False,True,False,UPPER_SWEEP,EQUAL_HIGH,20.35,1.27243964509251,3,9.8,-12.1981,93.71,15.9929,,False,False,0.0,,0.4541,54.6,2.0,31.2993,62.5986,CLOSING,Wednesday
12202,2024-08-29T04:30:00+00:00,BULLISH,TIMEOUT,75.0,6,True,True,True,False,True,True,True,False,BULLISH,0.169,CHOCH,False,False,True,LOWER_SWEEP,EQUAL_LOW,24.1833,1.1723190134085688,3,65.63,0.8938,32.65,20.6286,,True,False,0.0,,0.5965,64.0,2.0,42.0629,84.1257,MID,Thursday
12224,2024-08-29T06:20:00+00:00,BEARISH,LOSS,62.5,5,True,True,False,False,True,True,True,False,TRANSITION,0.147,BOS,False,False,True,UPPER_SWEEP,EQUAL_LOW,19.6875,1.5804240152202358,3,34.89,0.1388,42.43,12.4571,,False,True,0.0,,0.5259,59.1,2.0,28.5457,57.0914,MID,Thursday
12245,2024-08-29T08:05:00+00:00,BEARISH,WIN,50.0,4,True,True,False,False,True,True,False,False,BULLISH,0.176,CHOCH,True,True,False,UPPER_SWEEP,PDH,37.15,2.1202643624367914,3,44.02,11.5275,2.17,17.5214,,False,True,0.0,,0.4541,55.9,2.0,38.9521,77.9043,MID,Thursday
12261,2024-08-29T09:25:00+00:00,BULLISH,TIMEOUT,62.5,5,True,True,True,False,True,True,False,False,BULLISH,0.208,CHOCH,False,True,False,LOWER_SWEEP,EQUAL_HIGH,159.2333,3.245400423525863,3,53.76,-8.9718,0.17,49.0643,,True,False,0.0,,0.5259,61.1,2.0,177.0064,354.0129,CLOSING,Thursday
12291,2024-08-30T05:40:00+00:00,BULLISH,TIMEOUT,75.0,6,True,True,True,False,True,True,True,False,BULLISH,0.222,BOS,False,False,True,LOWER_SWEEP,EQUAL_HIGH,17.1,1.220495763951837,3,65.65,17.2214,25.8,14.0107,,True,True,0.0,,0.5965,65.7,2.0,26.4511,52.9021,MID,Friday
12331,2024-08-30T09:00:00+00:00,BEARISH,LOSS,50.0,4,True,True,False,False,True,True,False,False,BULLISH,0.196,CHOCH,False,True,False,UPPER_SWEEP,EQUAL_HIGH,32.05,2.8597942375815326,3,37.94,2.0095,14.21,11.2071,,False,True,0.0,,0.4541,56.5,2.0,34.4707,68.9414,CLOSING,Friday
12343,2024-09-02T03:45:00+00:00,BULLISH,TIMEOUT,75.0,6,True,True,True,False,True,True,True,False,BULLISH,0.234,CHOCH,False,True,True,LOWER_SWEEP,PDH,36.1,1.403304178814383,2,71.42,6.4427,43.91,25.725,,True,True,0.0,,0.5965,66.1,2.0,83.2725,166.545,OPENING,Monday
12365,2024-09-02T05:35:00+00:00,BULLISH,LOSS,62.5,5,True,True,True,False,True,True,False,False,BULLISH,0.226,CHOCH,False,False,True,LOWER_SWEEP,EQUAL_HIGH,12.925,1.1291759854626782,0,65.9,12.0497,12.95,11.4464,,True,True,0.0,,0.5259,61.7,2.0,14.9446,29.8893,MID,Monday
12384,2024-09-02T07:10:00+00:00,BEARISH,WIN,62.5,5,True,True,False,False,True,True,True,False,BULLISH,0.188,CHOCH,True,False,True,UPPER_SWEEP,EQUAL_LOW,16.675,1.3652030816338228,1,31.76,-2.5121,62.65,12.2143,,False,True,0.0,,0.5259,60.4,2.0,24.1714,48.3429,MID,Monday
12400,2024-09-02T08:30:00+00:00,BULLISH,TIMEOUT,62.5,5,True,True,True,False,True,True,False,False,BULLISH,0.188,CHOCH,True,False,True,LOWER_SWEEP,PDH,17.8,1.2851985559566788,1,60.03,-7.5265,6.34,13.85,,True,False,0.0,,0.5259,60.4,2.0,28.535,57.07,MID,Monday
12420,2024-09-03T03:55:00+00:00,BEARISH,TIMEOUT,62.5,5,True,True,False,False,True,True,True,False,BULLISH,0.16,CHOCH,True,False,False,UPPER_SWEEP,EQUAL_LOW,38.625,2.0549147709135793,2,46.81,-0.6127,34.65,18.7964,,False,False,0.0,,0.5259,59.5,2.0,56.4296,112.8593,OPENING,Tuesday
12441,2024-09-03T05:40:00+00:00,BEARISH,TIMEOUT,50.0,4,True,True,False,False,True,True,False,False,TRANSITION,0.143,CHOCH,True,False,True,UPPER_SWEEP,EQUAL_LOW,19.7375,1.5749555142394331,1,44.12,-3.6763,19.3,12.5321,,False,False,0.0,,0.4541,54.8,2.0,22.4532,44.9064,MID,Tuesday
12464,2024-09-03T07:35:00+00:00,BULLISH,WIN,62.5,5,True,True,True,False,True,False,True,False,BULLISH,0.162,CHOCH,False,True,False,LOWER_SWEEP,EQUAL_HIGH,14.5,1.6497331983206853,3,87.0,3.5531,76.36,8.7893,,True,True,0.0,,0.5259,59.6,2.0,18.8789,37.7579,MID,Tuesday
12483,2024-09-03T09:10:00+00:00,BULLISH,WIN,62.5,5,True,True,True,False,True,True,False,False,BULLISH,0.166,CHOCH,True,True,False,LOWER_SWEEP,EQUAL_LOW,15.575,1.2792607802874743,3,53.99,3.2153,7.69,12.175,,True,True,0.0,,0.5259,59.7,2.0,18.3675,36.735,CLOSING,Tuesday
12541,2024-09-04T07:45:00+00:00,BULLISH,TIMEOUT,62.5,5,True,True,False,False,True,True,True,False,TRANSITION,0.09,BOS,False,True,False,LOWER_SWEEP,EQUAL_HIGH,13.525,1.1214108633827224,3,73.36,3.2652,56.68,12.0607,,True,False,0.0,,0.5259,57.2,2.0,46.6561,93.3121,MID,Wednesday
12562,2024-09-04T09:30:00+00:00,BULLISH,WIN,50.0,4,True,True,False,False,True,True,False,False,TRANSITION,0.103,CHOCH,False,False,True,LOWER_SWEEP,EQUAL_HIGH,18.575,1.3558394160583942,1,61.82,7.5944,1.04,13.7,,True,True,0.0,,0.4541,53.4,2.0,27.37,54.74,CLOSING,Wednesday
12583,2024-09-05T05:00:00+00:00,BEARISH,TIMEOUT,50.0,4,True,True,False,False,True,False,True,False,TRANSITION,0.071,BOS,False,True,False,UPPER_SWEEP,EQUAL_HIGH,26.525,1.2201404829042333,2,9.88,0.7565,87.68,21.7393,,False,True,0.0,,0.4541,52.4,2.0,48.9739,97.9479,MID,Thursday
12615,2024-09-05T07:40:00+00:00,BEARISH,TIMEOUT,50.0,4,True,True,False,False,True,True,False,False,TRANSITION,0.075,CHOCH,False,True,False,UPPER_SWEEP,EQUAL_LOW,11.8167,1.2022770282644528,3,32.04,-1.6993,14.94,9.8286,,False,False,0.0,,0.4541,52.5,2.0,23.9329,47.8657,MID,Thursday
12630,2024-09-05T08:55:00+00:00,BEARISH,TIMEOUT,62.5,5,True,True,False,False,True,True,True,False,TRANSITION,0.057,CHOCH,False,True,False,UPPER_SWEEP,EQUAL_LOW,29.25,2.5513986898458696,2,28.51,-5.6836,39.26,11.4643,,False,False,0.0,,0.5259,56.1,2.0,31.9464,63.8929,MID,Thursday
12643,2024-09-06T03:45:00+00:00,BEARISH,LOSS,62.5,5,True,True,False,False,True,True,True,False,RANGE,0.01,BOS,False,True,False,UPPER_SWEEP,EQUAL_LOW,74.15,3.4994077199341183,2,27.92,-10.8742,37.65,21.1893,,False,False,0.0,,0.5259,54.5,2.0,76.8689,153.7379,OPENING,Friday
12665,2024-09-06T05:35:00+00:00,BEARISH,TIMEOUT,62.5,5,True,True,False,False,True,True,True,False,TRANSITION,-0.124,BOS,False,True,False,UPPER_SWEEP,EQUAL_LOW,57.65,1.538067504222015,2,29.37,-54.6977,55.2,37.4821,,False,False,0.0,,0.5259,58.3,2.0,63.7982,127.5964,MID,Friday
12678,2024-09-06T06:40:00+00:00,BULLISH,LOSS,62.5,5,True,True,False,False,True,True,True,False,TRANSITION,-0.067,CHOCH,False,True,False,LOWER_SWEEP,EQUAL_HIGH,21.8,1.1861621668679878,2,60.47,-18.5852,22.59,18.3786,,True,False,0.0,,0.5259,56.4,2.0,24.8379,49.6757,MID,Friday
12695,2024-09-06T08:05:00+00:00,BULLISH,LOSS,50.0,4,True,True,False,False,False,True,True,False,TRANSITION,-0.095,CHOCH,True,False,False,LOWER_SWEEP,EQUAL_LOW,39.65,1.610852228176304,2,32.15,-19.2584,54.07,24.6143,,False,False,0.0,,0.4541,53.2,2.0,43.0114,86.0229,MID,Friday
12711,2024-09-06T09:25:00+00:00,BEARISH,LOSS,62.5,5,True,True,False,False,True,True,True,False,TRANSITION,-0.13,BOS,False,False,True,UPPER_SWEEP,EQUAL_LOW,6.325,0.321240470712519,0,24.15,-19.4288,75.38,19.6893,,False,False,0.0,,0.5259,35.9,2.0,30.6189,61.2379,CLOSING,Friday
12735,2024-09-09T05:10:00+00:00,BULLISH,TIMEOUT,62.5,5,True,True,False,False,True,True,True,False,TRANSITION,-0.056,CHOCH,False,True,False,LOWER_SWEEP,EQUAL_LOW,57.0,2.0556393038234893,2,68.29,0.9755,64.6,27.7286,,True,False,0.0,,0.5259,56.0,2.0,69.5729,139.1457,MID,Monday
12752,2024-09-09T06:35:00+00:00,BEARISH,TIMEOUT,62.5,5,True,True,False,False,True,True,True,False,TRANSITION,-0.077,BOS,False,True,False,UPPER_SWEEP,EQUAL_LOW,41.0167,2.5918925750394948,3,35.1,4.5905,46.67,15.825,,False,True,0.0,,0.5259,56.7,2.0,50.3325,100.665,MID,Monday
12767,2024-09-09T07:50:00+00:00,BULLISH,TIMEOUT,62.5,5,True,True,False,False,True,True,True,False,RANGE,-0.032,CHOCH,False,True,False,LOWER_SWEEP,EQUAL_HIGH,28.05,1.729954422947645,2,73.85,6.3828,59.34,16.2143,,True,True,0.0,,0.5259,55.2,2.0,36.3714,72.7429,MID,Monday
12786,2024-09-09T09:25:00+00:00,BULLISH,WIN,62.5,5,True,True,False,False,True,True,True,False,RANGE,-0.019,CHOCH,False,True,False,LOWER_SWEEP,EQUAL_HIGH,5.0,0.2801685493993186,3,64.7,8.5896,40.58,17.8464,,True,True,0.0,,0.5259,30.8,2.0,30.0346,60.0693,CLOSING,Monday
12813,2024-09-10T05:25:00+00:00,BULLISH,WIN,50.0,4,True,True,False,False,True,True,False,False,RANGE,0.012,CHOCH,False,True,False,LOWER_SWEEP,PDH,25.15,1.228969473668779,2,65.05,8.8406,0.84,20.4643,,True,True,0.0,,0.4541,50.4,2.0,39.2964,78.5929,MID,Tuesday
12857,2024-09-10T09:05:00+00:00,BEARISH,WIN,62.5,5,True,True,False,False,True,True,True,False,TRANSITION,0.069,CHOCH,False,True,False,UPPER_SWEEP,EQUAL_LOW,32.275,2.1817899127284033,2,28.8,14.2188,37.49,14.7929,,False,True,0.0,,0.5259,56.5,2.0,45.6793,91.3586,CLOSING,Tuesday
12869,2024-09-11T03:50:00+00:00,BEARISH,LOSS,50.0,4,True,True,False,False,True,False,True,False,RANGE,0.005,BOS,False,True,False,UPPER_SWEEP,EQUAL_LOW,46.6,1.9477533960292581,2,14.65,-13.9283,72.6,23.925,,False,True,0.0,,0.4541,50.2,2.0,65.4925,130.985,OPENING,Wednesday
12885,2024-09-11T05:10:00+00:00,BULLISH,TIMEOUT,62.5,5,True,True,False,False,True,True,True,False,TRANSITION,0.068,BOS,False,True,False,LOWER_SWEEP,EQUAL_HIGH,36.025,1.547086838703582,3,67.66,3.4005,30.35,23.2857,,True,True,0.0,,0.5259,56.4,2.0,57.5786,115.1571,MID,Wednesday
12901,2024-09-11T06:30:00+00:00,BULLISH,LOSS,50.0,4,True,True,False,False,True,True,False,False,TRANSITION,0.068,CHOCH,False,True,False,LOWER_SWEEP,EQUAL_HIGH,29.4667,1.3901747466550922,3,63.45,5.9779,7.52,21.1964,,True,True,0.0,,0.4541,52.3,2.0,42.5196,85.0393,MID,Wednesday
12913,2024-09-11T07:30:00+00:00,BEARISH,WIN,50.0,4,True,True,False,False,True,True,False,False,RANGE,0.043,CHOCH,True,False,False,UPPER_SWEEP,EQUAL_HIGH,19.825,1.0440089945390298,3,49.8,0.8211,8.09,18.9893,,False,True,0.0,,0.4541,51.4,2.0,26.1989,52.3979,MID,Wednesday
12925,2024-09-11T08:30:00+00:00,BEARISH,WIN,50.0,4,True,True,False,False,True,False,True,False,RANGE,-0.024,CHOCH,False,True,False,UPPER_SWEEP,EQUAL_LOW,18.2667,0.9250648219422274,2,17.26,-19.1918,74.63,19.7464,,False,False,0.0,,0.4541,48.3,2.0,64.4246,128.8493,MID,Wednesday
12942,2024-09-11T09:55:00+00:00,BULLISH,WIN,50.0,4,True,True,False,False,True,True,False,False,RANGE,-0.03,CHOCH,False,True,False,LOWER_SWEEP,EQUAL_HIGH,35.25,1.5022821903913604,3,50.81,-27.8754,0.55,23.4643,,True,False,0.0,,0.4541,51.0,2.0,53.4964,106.9929,CLOSING,Wednesday
13000,2024-09-12T08:30:00+00:00,BULLISH,WIN,62.5,5,True,True,False,False,True,True,True,False,TRANSITION,0.105,CHOCH,False,True,False,LOWER_SWEEP,EQUAL_HIGH,135.9333,4.448501330296396,2,76.0,11.8783,76.75,30.5571,,True,True,0.0,,0.5259,57.7,2.0,147.2557,294.5114,MID,Thursday
13057,2024-09-13T07:00:00+00:00,BULLISH,LOSS,62.5,5,True,True,True,False,True,True,False,False,BULLISH,0.202,CHOCH,True,False,False,LOWER_SWEEP,EQUAL_HIGH,7.2333,0.619745703171856,2,57.86,11.7663,0.1,11.6714,,True,True,0.0,,0.5259,48.2,2.0,15.0171,30.0343,MID,Friday
13087,2024-09-13T09:30:00+00:00,BEARISH,LOSS,50.0,4,True,True,False,False,True,True,False,False,BULLISH,0.158,CHOCH,False,False,True,UPPER_SWEEP,EQUAL_LOW,28.9625,1.4953866965442821,3,42.94,-2.1484,14.74,19.3679,,False,True,0.0,,0.4541,55.3,2.0,39.3868,78.7736,CLOSING,Friday
13099,2024-09-16T04:15:00+00:00,BULLISH,LOSS,75.0,6,True,True,True,False,True,True,True,False,BULLISH,0.205,BOS,True,True,False,LOWER_SWEEP,EQUAL_HIGH,35.175,1.502518079339789,3,69.18,14.2761,43.94,23.4107,,True,True,0.0,,0.5965,65.2,2.0,40.0911,80.1821,OPENING,Monday
13115,2024-09-16T05:35:00+00:00,BEARISH,TIMEOUT,62.5,5,True,True,False,False,True,True,True,False,BULLISH,0.155,CHOCH,False,False,True,UPPER_SWEEP,EQUAL_HIGH,18.19,1.1665565738252668,3,28.75,1.339,52.83,15.5929,,False,True,0.0,,0.5259,59.3,2.0,31.2093,62.4186,MID,Monday
13141,2024-09-16T07:45:00+00:00,BULLISH,WIN,75.0,6,True,True,True,False,True,True,True,False,BULLISH,0.15,CHOCH,True,False,False,LOWER_SWEEP,EQUAL_HIGH,9.17,0.7582961903265553,1,74.22,-1.1436,20.55,12.0929,,True,False,0.0,,0.5965,55.3,2.0,19.1093,38.2186,MID,Monday
13169,2024-09-17T03:50:00+00:00,BEARISH,TIMEOUT,50.0,4,True,True,False,False,True,True,False,False,TRANSITION,0.116,CHOCH,False,True,False,UPPER_SWEEP,EQUAL_HIGH,42.08,3.1269738650972347,1,24.19,-4.4126,17.85,13.4571,,False,False,0.0,,0.4541,53.9,2.0,55.1457,110.2914,OPENING,Tuesday
13184,2024-09-17T05:05:00+00:00,BULLISH,WIN,50.0,4,True,True,False,False,True,True,False,False,TRANSITION,0.136,CHOCH,False,True,False,LOWER_SWEEP,EQUAL_HIGH,18.7143,1.2346886937474848,3,58.27,-0.6326,11.12,15.1571,,True,False,0.0,,0.4541,54.5,2.0,25.0657,50.1314,MID,Tuesday
13208,2024-09-17T07:05:00+00:00,BULLISH,WIN,50.0,4,True,True,False,False,True,True,False,False,TRANSITION,0.146,CHOCH,True,True,False,LOWER_SWEEP,EQUAL_HIGH,5.37,0.5695437286553677,2,54.42,6.8335,0.61,9.4286,,True,True,0.0,,0.4541,40.5,2.0,12.2429,24.4857,MID,Tuesday
13242,2024-09-17T09:55:00+00:00,BEARISH,WIN,62.5,5,True,True,False,False,True,True,True,False,TRANSITION,0.128,BOS,True,False,False,UPPER_SWEEP,EQUAL_HIGH,10.58,0.8616617529685794,3,31.15,-2.6013,58.41,12.2786,,False,True,0.0,,0.5259,53.8,2.0,22.7279,45.4557,CLOSING,Tuesday
13260,2024-09-18T05:10:00+00:00,BULLISH,TIMEOUT,75.0,6,True,True,True,False,True,True,True,False,BULLISH,0.157,CHOCH,False,True,False,LOWER_SWEEP,EQUAL_HIGH,35.3833,1.9634046189530225,3,74.95,5.12,59.36,18.0214,,True,True,0.0,,0.5965,63.6,2.0,60.2021,120.4043,MID,Wednesday
13282,2024-09-18T07:00:00+00:00,BULLISH,LOSS,62.5,5,True,True,True,False,True,False,True,False,BULLISH,0.154,CHOCH,False,True,False,LOWER_SWEEP,EQUAL_HIGH,13.7333,1.2921080857309524,2,81.65,8.8057,30.66,10.6286,,True,True,0.0,,0.5259,59.3,2.0,19.1629,38.3257,MID,Wednesday
13294,2024-09-18T08:00:00+00:00,BEARISH,WIN,50.0,4,True,True,False,False,True,False,True,False,TRANSITION,0.064,CHOCH,False,True,False,UPPER_SWEEP,PDL,32.55,1.4909239147860258,2,17.83,-24.0892,77.48,21.8321,,False,False,0.0,,0.4541,52.1,2.0,36.9332,73.8664,MID,Wednesday
13312,2024-09-18T09:30:00+00:00,BULLISH,WIN,62.5,5,True,True,False,False,True,True,True,False,TRANSITION,0.105,CHOCH,False,True,False,LOWER_SWEEP,EQUAL_HIGH,65.05,2.9175113471233023,3,59.69,-10.2052,31.87,22.2964,,True,False,0.0,,0.5259,57.7,2.0,68.2796,136.5593,CLOSING,Wednesday
13344,2024-09-19T05:55:00+00:00,BEARISH,TIMEOUT,62.5,5,True,True,False,False,True,True,True,False,TRANSITION,0.114,BOS,False,True,False,UPPER_SWEEP,EQUAL_HIGH,67.8667,2.961296628399635,3,30.79,2.0469,53.31,22.9179,,False,True,0.0,,0.5259,58.0,2.0,73.5918,147.1836,MID,Thursday
13362,2024-09-19T07:25:00+00:00,BEARISH,TIMEOUT,62.5,5,True,True,False,False,True,True,True,False,TRANSITION,0.1,CHOCH,False,True,False,UPPER_SWEEP,EQUAL_LOW,43.0625,1.5532010820559061,2,53.33,-9.0388,34.97,27.725,,False,False,0.0,,0.5259,57.5,2.0,47.3725,94.745,MID,Thursday
13391,2024-09-19T09:50:00+00:00,BULLISH,WIN,62.5,5,True,True,False,False,True,True,True,False,TRANSITION,0.113,BOS,False,False,True,LOWER_SWEEP,EQUAL_HIGH,40.2357,2.089005072505153,3,64.53,1.0153,27.54,19.2607,,True,False,0.0,,0.5259,57.9,2.0,47.7261,95.4521,CLOSING,Thursday
13410,2024-09-20T05:10:00+00:00,BULLISH,TIMEOUT,62.5,5,True,True,True,False,True,False,True,False,BULLISH,0.262,BOS,False,True,False,LOWER_SWEEP,PDH,51.15,1.1995975543688568,3,82.19,51.5784,57.57,42.6393,,True,True,0.0,,0.5259,62.9,2.0,121.1139,242.2279,MID,Friday
13435,2024-09-20T07:15:00+00:00,BULLISH,LOSS,75.0,6,True,True,True,False,True,True,True,False,BULLISH,0.318,BOS,False,True,False,LOWER_SWEEP,EQUAL_HIGH,37.9,1.3426099771154076,3,78.96,35.3674,73.75,28.2286,,True,True,0.0,,0.5965,68.9,2.0,118.4729,236.9457,MID,Friday
13454,2024-09-20T08:50:00+00:00,BEARISH,LOSS,62.5,5,True,True,False,False,True,True,True,False,BULLISH,0.166,CHOCH,False,False,True,UPPER_SWEEP,EQUAL_HIGH,113.875,1.4380753090520133,1,35.63,-11.2863,40.0,79.1857,,False,True,0.0,,0.5259,59.7,2.0,123.5186,247.0371,MID,Friday
13467,2024-09-20T09:55:00+00:00,BULLISH,WIN,75.0,6,True,True,True,False,True,True,True,False,BULLISH,0.311,CHOCH,True,False,False,LOWER_SWEEP,EQUAL_HIGH,31.9167,0.5151119984118965,3,60.87,31.9864,30.52,61.9607,,True,True,0.0,,0.5965,52.5,2.0,54.1961,108.3921,CLOSING,Friday
13498,2024-09-23T06:15:00+00:00,BEARISH,LOSS,62.5,5,True,True,False,False,True,True,True,False,BULLISH,0.273,BOS,False,False,True,UPPER_SWEEP,PDH,21.3,1.8050847457627117,3,37.53,5.2871,29.88,11.8,,False,True,0.0,,0.5259,63.3,2.0,24.03,48.06,MID,Monday
13514,2024-09-23T07:35:00+00:00,BULLISH,TIMEOUT,62.5,5,True,True,True,False,True,True,False,False,BULLISH,0.281,CHOCH,False,True,False,LOWER_SWEEP,EQUAL_HIGH,11.925,1.1865671641791045,3,58.06,3.8756,11.85,10.05,,True,True,0.0,,0.5259,63.5,2.0,25.705,51.41,MID,Monday
13529,2024-09-23T08:50:00+00:00,BULLISH,TIMEOUT,62.5,5,True,True,True,False,True,False,True,False,BULLISH,0.301,BOS,False,True,False,LOWER_SWEEP,EQUAL_HIGH,15.3,1.3612947425551414,2,90.97,12.2721,64.17,11.2393,,True,True,0.0,,0.5259,64.2,2.0,33.2239,66.4479,MID,Monday
13549,2024-09-24T04:15:00+00:00,BULLISH,TIMEOUT,62.5,5,True,True,True,False,True,True,False,False,BULLISH,0.286,CHOCH,False,True,False,LOWER_SWEEP,PDH,37.2,1.8859315589353611,3,67.47,10.7345,2.45,19.725,,True,True,0.0,,0.5259,63.7,2.0,41.6725,83.345,OPENING,Tuesday
13568,2024-09-24T05:50:00+00:00,BEARISH,TIMEOUT,62.5,5,True,True,False,False,True,True,True,False,BULLISH,0.25,CHOCH,False,True,False,UPPER_SWEEP,EQUAL_LOW,14.5,1.045045045045045,3,33.6,0.5067,48.04,13.875,,False,True,0.0,,0.5259,62.5,2.0,35.7875,71.575,MID,Tuesday
13580,2024-09-24T06:50:00+00:00,BULLISH,WIN,62.5,5,True,True,True,False,True,True,False,False,BULLISH,0.25,CHOCH,False,True,False,LOWER_SWEEP,EQUAL_HIGH,13.525,1.0697703849591471,3,44.83,-4.981,0.96,12.6429,,True,True,0.0,,0.5259,62.5,2.0,25.3143,50.6286,MID,Tuesday
13593,2024-09-24T07:55:00+00:00,BULLISH,LOSS,75.0,6,True,True,True,False,True,True,True,False,BULLISH,0.26,CHOCH,True,False,False,LOWER_SWEEP,PDH,3.2,0.30249749494262,3,79.36,7.34,48.07,10.5786,,True,True,0.0,,0.5965,43.7,2.0,7.9079,15.8157,MID,Tuesday
13612,2024-09-24T09:30:00+00:00,BEARISH,TIMEOUT,50.0,4,True,True,False,False,True,True,False,False,BULLISH,0.234,CHOCH,False,True,False,UPPER_SWEEP,EQUAL_LOW,67.9,3.3371997011756385,2,31.7,0.4015,6.06,20.3464,,False,True,0.0,,0.4541,57.8,2.0,79.8346,159.6693,CLOSING,Tuesday
13629,2024-09-25T04:40:00+00:00,BEARISH,TIMEOUT,62.5,5,True,True,False,False,True,True,True,False,BULLISH,0.194,CHOCH,True,True,False,UPPER_SWEEP,EQUAL_HIGH,38.0,1.7250301880282903,2,35.46,-9.2138,43.86,22.0286,,False,False,0.0,,0.5259,60.6,2.0,41.6029,83.2057,MID,Wednesday
13648,2024-09-25T06:15:00+00:00,BEARISH,TIMEOUT,62.5,5,True,True,False,False,True,True,True,False,BULLISH,0.187,CHOCH,False,True,False,UPPER_SWEEP,EQUAL_LOW,27.7375,2.3830900483706063,2,35.74,-6.5093,26.65,11.6393,,False,False,0.0,,0.5259,60.4,2.0,31.5639,63.1279,MID,Wednesday
13666,2024-09-25T07:45:00+00:00,BULLISH,WIN,62.5,5,True,True,True,False,True,True,False,False,BULLISH,0.183,BOS,False,False,True,LOWER_SWEEP,EQUAL_HIGH,13.95,1.2929476425718072,1,60.38,-5.8302,7.24,10.7893,,True,False,0.0,,0.5259,60.3,2.0,18.6789,37.3579,MID,Wednesday
13687,2024-09-25T09:30:00+00:00,BULLISH,TIMEOUT,75.0,6,True,True,True,False,True,True,True,False,BULLISH,0.245,CHOCH,False,False,True,LOWER_SWEEP,EQUAL_HIGH,58.55,3.4211156751955967,1,71.15,12.3632,49.02,17.1143,,True,True,0.0,,0.5965,66.5,2.0,70.0114,140.0229,CLOSING,Wednesday
13704,2024-09-26T04:40:00+00:00,BULLISH,TIMEOUT,75.0,6,True,True,True,False,True,True,True,False,BULLISH,0.265,BOS,True,True,False,LOWER_SWEEP,EQUAL_HIGH,21.2,0.9520430754583952,3,61.31,29.9752,67.52,22.2679,,True,True,0.0,,0.5965,65.6,2.0,30.0268,60.0536,MID,Thursday
13725,2024-09-26T06:25:00+00:00,BULLISH,WIN,75.0,6,True,True,True,False,True,True,True,False,BULLISH,0.268,CHOCH,True,False,False,LOWER_SWEEP,EQUAL_HIGH,13.1,1.0510016607430823,3,62.13,13.1611,59.49,12.4643,,True,True,0.0,,0.5965,67.3,2.0,14.8964,29.7929,MID,Thursday
13754,2024-09-26T08:50:00+00:00,BULLISH,WIN,62.5,5,True,True,True,False,True,True,False,False,BULLISH,0.267,CHOCH,False,True,False,LOWER_SWEEP,EQUAL_HIGH,45.75,2.140711418063393,3,56.6,3.8026,10.84,21.3714,,True,True,0.0,,0.5259,63.1,2.0,77.3371,154.6743,MID,Thursday
13775,2024-09-27T04:20:00+00:00,BULLISH,TIMEOUT,75.0,6,True,True,True,False,True,True,True,False,BULLISH,0.336,CHOCH,False,True,False,LOWER_SWEEP,PDH,24.6,1.0046680307281393,3,65.19,33.9579,44.94,24.4857,,True,True,0.0,,0.5965,69.5,2.0,41.9986,83.9971,OPENING,Friday
13789,2024-09-27T05:30:00+00:00,BEARISH,WIN,50.0,4,True,True,False,False,False,True,True,False,BULLISH,0.309,CHOCH,False,True,False,UPPER_SWEEP,EQUAL_LOW,22.425,1.806908554714883,1,37.25,18.7437,45.63,12.4107,,True,True,0.0,,0.4541,60.3,2.0,24.5911,49.1821,MID,Friday
13811,2024-09-27T07:20:00+00:00,BEARISH,TIMEOUT,62.5,5,True,True,False,False,True,True,True,False,BULLISH,0.257,CHOCH,False,True,False,UPPER_SWEEP,EQUAL_LOW,20.45,1.4753944605972282,3,35.56,-4.8662,28.07,13.8607,,False,True,0.0,,0.5259,62.7,2.0,35.9361,71.8721,MID,Friday
13838,2024-09-27T09:35:00+00:00,BEARISH,WIN,62.5,5,True,True,False,False,True,True,True,False,BULLISH,0.237,CHOCH,False,False,True,UPPER_SWEEP,EQUAL_LOW,22.8,1.0257056224863463,1,30.47,-6.0622,61.53,22.2286,,False,False,0.0,,0.5259,62.1,2.0,33.7729,67.5457,CLOSING,Friday
13850,2024-09-30T04:20:00+00:00,BEARISH,TIMEOUT,50.0,4,True,True,False,False,True,False,True,False,TRANSITION,0.075,BOS,False,True,False,UPPER_SWEEP,EQUAL_LOW,16.65,0.41958464899791087,3,10.51,-52.6656,100.0,39.6821,,False,False,0.0,,0.4541,33.2,2.0,80.5682,161.1364,OPENING,Monday
13863,2024-09-30T05:25:00+00:00,BEARISH,WIN,62.5,5,True,True,False,False,True,True,True,False,TRANSITION,0.063,BOS,False,True,False,UPPER_SWEEP,EQUAL_HIGH,23.72,0.9138154878626656,2,34.88,-47.8624,35.18,25.9571,,False,False,0.0,,0.5259,53.4,2.0,39.4957,78.9914,MID,Monday
13889,2024-09-30T07:35:00+00:00,BEARISH,WIN,62.5,5,True,True,False,False,True,True,True,False,RANGE,0.038,CHOCH,False,True,False,UPPER_SWEEP,EQUAL_LOW,29.62,2.162043795620438,3,37.37,-20.5166,22.67,13.7,,False,False,0.0,,0.5259,55.4,2.0,36.82,73.64,MID,Monday
13919,2024-10-01T03:50:00+00:00,BULLISH,TIMEOUT,62.5,5,True,True,False,False,True,True,True,False,TRANSITION,0.072,CHOCH,True,True,False,LOWER_SWEEP,EQUAL_LOW,96.05,3.1914115974003536,1,71.1,-2.6408,35.05,30.0964,,True,False,0.0,,0.5259,56.6,2.0,112.0596,224.1193,OPENING,Tuesday
13931,2024-10-01T04:50:00+00:00,BEARISH,WIN,50.0,4,True,True,False,False,True,True,False,False,RANGE,0.018,CHOCH,True,True,False,UPPER_SWEEP,EQUAL_LOW,26.6,0.7835051546391752,3,48.23,-6.5642,10.19,33.95,,False,False,0.0,,0.4541,43.4,2.0,39.745,79.49,MID,Tuesday
13948,2024-10-01T06:15:00+00:00,BULLISH,TIMEOUT,62.5,5,True,True,False,False,True,True,True,False,RANGE,0.026,CHOCH,False,True,False,LOWER_SWEEP,PDL,51.1,2.177117683649037,3,62.67,-12.0612,45.33,23.4714,,True,False,0.0,,0.5259,55.0,2.0,69.2471,138.4943,MID,Tuesday
13973,2024-10-01T08:20:00+00:00,BEARISH,TIMEOUT,62.5,5,True,True,False,False,True,True,True,False,RANGE,0.018,CHOCH,False,True,False,UPPER_SWEEP,EQUAL_LOW,30.5167,1.6627092232586522,2,56.26,0.2327,21.64,18.3536,,False,False,0.0,,0.5259,54.8,2.0,38.3354,76.6707,MID,Tuesday
13993,2024-10-03T03:45:00+00:00,BEARISH,TIMEOUT,75.0,6,True,True,True,False,True,True,True,False,BEARISH,-0.159,CHOCH,False,True,False,UPPER_SWEEP,PDL,77.15,1.8200347729261868,1,21.74,-18.4225,70.59,42.3893,,False,False,0.0,,0.5965,63.6,2.0,290.1389,580.2779,OPENING,Thursday
14068,2024-10-04T03:45:00+00:00,BEARISH,LOSS,75.0,6,True,True,True,False,True,True,True,False,BEARISH,-0.289,CHOCH,False,False,True,UPPER_SWEEP,PDL,57.6,1.9706725604373798,0,29.62,-26.4619,20.61,29.2286,,False,False,0.0,,0.5965,68.0,2.0,124.7229,249.4457,OPENING,Friday
14087,2024-10-04T05:20:00+00:00,BULLISH,TIMEOUT,62.5,5,True,True,False,False,True,True,True,False,BEARISH,-0.152,BOS,False,True,False,LOWER_SWEEP,EQUAL_HIGH,69.8333,1.5558028503510026,3,68.61,8.4564,52.09,44.8857,,True,False,0.0,,0.5259,59.2,2.0,117.5886,235.1771,MID,Friday
14100,2024-10-04T06:25:00+00:00,BULLISH,LOSS,62.5,5,True,True,False,False,True,True,True,False,TRANSITION,-0.086,CHOCH,False,True,False,LOWER_SWEEP,EQUAL_HIGH,108.6,2.6575764175576233,3,71.48,30.3695,30.43,40.8643,,True,True,0.0,,0.5259,57.0,2.0,122.4364,244.8729,MID,Friday
14160,2024-10-07T05:10:00+00:00,BEARISH,WIN,75.0,6,True,True,True,False,True,True,True,False,BEARISH,-0.318,BOS,True,False,False,UPPER_SWEEP,EQUAL_LOW,32.9333,0.9043162840251634,3,28.45,-18.5431,51.56,36.4179,,False,False,0.0,,0.5965,65.7,2.0,84.4418,168.8836,MID,Monday
14175,2024-10-07T06:25:00+00:00,BEARISH,WIN,62.5,5,True,True,True,False,True,True,False,False,BEARISH,-0.351,CHOCH,True,True,False,UPPER_SWEEP,PDL,10.05,0.1898146049589774,2,50.6,-27.279,15.06,52.9464,,False,False,0.0,,0.5259,38.9,2.0,78.1946,156.3893,MID,Monday
14225,2024-10-08T04:20:00+00:00,BULLISH,TIMEOUT,50.0,4,True,True,False,False,True,True,False,False,BEARISH,-0.271,CHOCH,True,True,False,LOWER_SWEEP,EQUAL_HIGH,83.95,1.7700290541993648,2,61.2,9.7063,9.29,47.4286,,True,False,0.0,,0.4541,59.0,2.0,121.8929,243.7857,OPENING,Tuesday
14244,2024-10-08T05:55:00+00:00,BULLISH,LOSS,62.5,5,True,True,False,False,True,True,True,False,BEARISH,-0.192,BOS,False,True,False,LOWER_SWEEP,EQUAL_HIGH,36.625,1.2287340935548914,2,77.26,34.7473,64.85,29.8071,,True,True,0.0,,0.5259,60.6,2.0,53.5307,107.0614,MID,Tuesday
14264,2024-10-08T07:35:00+00:00,BULLISH,TIMEOUT,50.0,4,True,True,False,False,True,True,False,False,BEARISH,-0.184,CHOCH,False,True,False,LOWER_SWEEP,EQUAL_HIGH,73.925,2.781749764816557,2,59.24,8.0393,7.54,26.575,,True,True,0.0,,0.4541,56.1,2.0,88.0575,176.115,MID,Tuesday
14276,2024-10-08T08:35:00+00:00,BULLISH,LOSS,62.5,5,True,True,False,False,True,True,True,False,TRANSITION,-0.142,BOS,False,True,False,LOWER_SWEEP,EQUAL_LOW,25.3667,0.9838880463577444,2,76.57,26.2727,71.74,25.7821,,True,True,0.0,,0.5259,58.4,2.0,40.6782,81.3564,MID,Tuesday
14293,2024-10-09T03:45:00+00:00,BULLISH,WIN,50.0,4,True,True,False,False,True,True,False,False,TRANSITION,-0.114,CHOCH,True,True,True,LOWER_SWEEP,PDH,34.45,1.0355327507898004,2,55.12,15.8479,15.14,33.2679,,True,True,0.0,,0.4541,53.8,2.0,50.0768,100.1536,OPENING,Wednesday
14318,2024-10-09T05:50:00+00:00,BULLISH,LOSS,62.5,5,True,True,False,False,True,True,True,False,RANGE,-0.006,BOS,False,True,False,LOWER_SWEEP,EQUAL_HIGH,23.65,0.8794142691937277,3,63.88,46.0503,39.55,26.8929,,True,True,0.0,,0.5259,50.3,2.0,37.0893,74.1786,MID,Wednesday
14339,2024-10-09T07:35:00+00:00,BEARISH,WIN,50.0,4,True,True,False,False,True,True,False,False,TRANSITION,-0.09,CHOCH,False,True,False,UPPER_SWEEP,EQUAL_HIGH,2.5167,0.11121766260396138,3,48.5,-3.2826,13.86,22.6286,,False,True,0.0,,0.4541,23.4,2.0,43.4629,86.9257,MID,Wednesday
14351,2024-10-09T08:35:00+00:00,BULLISH,LOSS,50.0,4,True,True,False,False,True,True,False,False,TRANSITION,-0.089,CHOCH,True,True,False,LOWER_SWEEP,EQUAL_HIGH,15.775,0.7063822927534804,3,44.64,-6.4026,15.64,22.3321,,True,True,0.0,,0.4541,43.2,2.0,25.7332,51.4664,MID,Wednesday
14363,2024-10-09T09:35:00+00:00,BEARISH,LOSS,75.0,6,True,True,True,False,True,True,True,False,BEARISH,-0.189,BOS,True,True,False,UPPER_SWEEP,EQUAL_HIGH,85.6,2.576652398755019,3,29.73,-31.6118,66.08,33.2214,,False,False,0.0,,0.5965,64.6,2.0,91.9721,183.9443,CLOSING,Wednesday
14376,2024-10-10T04:25:00+00:00,BULLISH,TIMEOUT,62.5,5,True,True,False,False,True,True,True,False,TRANSITION,-0.1,CHOCH,True,False,True,LOWER_SWEEP,EQUAL_HIGH,69.5,2.231397529088434,1,74.85,-11.5508,57.83,31.1464,,True,False,0.0,,0.5259,57.5,2.0,87.9146,175.8293,OPENING,Thursday
14391,2024-10-10T05:40:00+00:00,BEARISH,TIMEOUT,50.0,4,True,True,False,False,True,True,False,False,TRANSITION,-0.141,BOS,False,True,False,UPPER_SWEEP,EQUAL_LOW,43.625,1.5263049251104712,3,40.88,-2.6556,12.37,28.5821,,False,False,0.0,,0.4541,54.7,2.0,56.9082,113.8164,MID,Thursday
14404,2024-10-10T06:45:00+00:00,BULLISH,LOSS,50.0,4,True,True,False,False,True,True,False,False,TRANSITION,-0.125,CHOCH,True,False,False,LOWER_SWEEP,EQUAL_LOW,12.075,0.571789808645746,0,47.24,-5.0935,15.21,21.1179,,True,False,0.0,,0.4541,39.9,2.0,16.8118,33.6236,MID,Thursday
14433,2024-10-10T09:10:00+00:00,BEARISH,WIN,50.0,4,True,True,False,False,True,True,False,False,TRANSITION,-0.146,CHOCH,False,True,False,UPPER_SWEEP,EQUAL_LOW,27.125,1.859239305518428,3,40.36,-4.6778,19.61,14.5893,,False,False,0.0,,0.4541,54.9,2.0,35.8589,71.7179,CLOSING,Thursday
14454,2024-10-11T04:40:00+00:00,BULLISH,LOSS,50.0,4,True,True,False,False,True,True,False,False,TRANSITION,-0.115,CHOCH,False,True,False,LOWER_SWEEP,EQUAL_LOW,30.85,1.0866770226810807,2,54.32,-1.1678,3.72,28.3893,,True,False,0.0,,0.4541,53.8,2.0,38.3389,76.6779,MID,Friday
14468,2024-10-11T05:50:00+00:00,BEARISH,TIMEOUT,62.5,5,True,True,True,False,True,False,True,False,BEARISH,-0.178,BOS,False,True,False,UPPER_SWEEP,EQUAL_LOW,30.7667,1.5252634918746346,1,11.5,-15.7455,84.54,20.1714,,False,False,0.0,,0.5259,60.1,2.0,33.2171,66.4343,MID,Friday
14481,2024-10-11T06:55:00+00:00,BULLISH,TIMEOUT,50.0,4,True,True,False,False,True,True,False,False,TRANSITION,-0.145,CHOCH,True,False,True,LOWER_SWEEP,EQUAL_HIGH,21.9875,1.5798001135228736,3,66.53,-8.7982,16.36,13.9179,,True,False,0.0,,0.4541,54.8,2.0,28.4918,56.9836,MID,Friday
14518,2024-10-14T03:45:00+00:00,BULLISH,TIMEOUT,62.5,5,True,True,False,False,True,True,True,False,TRANSITION,-0.059,BOS,False,True,True,LOWER_SWEEP,EQUAL_HIGH,93.5833,4.416535704341342,3,78.44,10.044,80.9,21.1893,,True,True,0.0,,0.5259,56.1,2.0,99.8189,199.6379,OPENING,Monday
14542,2024-10-14T05:45:00+00:00,BULLISH,WIN,50.0,4,True,True,False,False,True,True,False,False,RANGE,-0.029,CHOCH,False,True,False,LOWER_SWEEP,EQUAL_LOW,25.45,1.3656583868596297,3,50.15,19.5124,14.22,18.6357,,True,True,0.0,,0.4541,51.0,2.0,40.0136,80.0271,MID,Monday
14554,2024-10-14T06:45:00+00:00,BULLISH,LOSS,62.5,5,True,True,False,False,True,True,True,False,RANGE,-0.013,CHOCH,True,False,True,LOWER_SWEEP,EQUAL_HIGH,2.4167,0.1644808036534653,3,75.07,21.8932,63.87,14.6929,,True,True,0.0,,0.5259,26.7,2.0,8.3693,16.7386,MID,Monday
14574,2024-10-14T08:25:00+00:00,BULLISH,TIMEOUT,50.0,4,True,True,False,False,True,True,False,False,RANGE,-0.026,BOS,False,True,False,LOWER_SWEEP,EQUAL_HIGH,13.52,0.9595934503488462,2,50.46,2.3562,1.51,14.0893,,True,True,0.0,,0.4541,49.5,2.0,22.0089,44.0179,MID,Monday
14593,2024-10-15T03:45:00+00:00,BULLISH,LOSS,62.5,5,True,True,False,False,True,True,True,False,RANGE,0.02,CHOCH,False,True,False,LOWER_SWEEP,PDH,39.2,2.1627586206896554,3,75.68,8.4857,53.21,18.125,,True,True,0.0,,0.5259,54.8,2.0,79.7625,159.525,OPENING,Tuesday
14610,2024-10-15T05:10:00+00:00,BULLISH,TIMEOUT,50.0,4,True,True,False,False,False,True,True,False,TRANSITION,-0.059,CHOCH,False,True,False,LOWER_SWEEP,EQUAL_HIGH,67.2,2.185621731324643,2,29.9,-19.2502,45.48,30.7464,,False,False,0.0,,0.4541,52.0,2.0,78.2246,156.4493,MID,Tuesday
14625,2024-10-15T06:25:00+00:00,BULLISH,TIMEOUT,50.0,4,True,True,False,False,True,True,False,False,TRANSITION,-0.063,CHOCH,False,True,False,LOWER_SWEEP,EQUAL_LOW,42.725,2.5079685601413506,3,52.26,-9.8513,11.76,17.0357,,True,False,0.0,,0.4541,52.1,2.0,47.2036,94.4071,MID,Tuesday
14638,2024-10-15T07:30:00+00:00,BEARISH,TIMEOUT,62.5,5,True,True,False,False,True,True,True,False,TRANSITION,-0.097,CHOCH,False,True,False,UPPER_SWEEP,EQUAL_HIGH,41.2,2.713722080608085,3,35.29,-6.6458,37.23,15.1821,,False,False,0.0,,0.5259,57.4,2.0,45.8682,91.7364,MID,Tuesday
14668,2024-10-16T03:45:00+00:00,BEARISH,LOSS,62.5,5,True,True,False,False,True,True,True,False,TRANSITION,-0.099,BOS,False,True,True,UPPER_SWEEP,EQUAL_HIGH,53.2333,2.369684343602961,1,39.88,-1.3487,38.15,22.4643,,False,False,0.0,,0.5259,57.5,2.0,64.2464,128.4929,OPENING,Wednesday
14682,2024-10-16T04:55:00+00:00,BEARISH,WIN,62.5,5,True,True,False,False,True,True,True,False,TRANSITION,-0.083,CHOCH,False,True,False,UPPER_SWEEP,EQUAL_LOW,31.9125,1.4788957578341504,2,57.52,1.3416,24.2,21.5786,,False,False,0.0,,0.5259,56.9,2.0,36.6079,73.2157,MID,Wednesday
14695,2024-10-16T06:00:00+00:00,BEARISH,WIN,50.0,4,True,True,False,False,True,False,True,False,TRANSITION,-0.134,BOS,True,True,False,UPPER_SWEEP,EQUAL_HIGH,41.725,2.0933569468345032,3,15.93,-20.7304,72.38,19.9321,,False,False,0.0,,0.4541,54.5,2.0,53.7932,107.5864,MID,Wednesday
14714,2024-10-16T07:35:00+00:00,BULLISH,WIN,50.0,4,True,True,False,False,True,True,False,False,TRANSITION,-0.118,CHOCH,False,True,False,LOWER_SWEEP,EQUAL_HIGH,19.0875,1.183720930232558,3,54.89,-12.1297,1.53,16.125,,True,False,0.0,,0.4541,53.9,2.0,33.8125,67.625,MID,Wednesday
14726,2024-10-16T08:35:00+00:00,BULLISH,TIMEOUT,62.5,5,True,True,False,False,True,True,True,False,TRANSITION,-0.079,CHOCH,False,True,False,LOWER_SWEEP,EQUAL_LOW,49.45,3.1669687401932847,2,76.95,5.1107,62.86,15.6143,,True,False,0.0,,0.5259,56.8,2.0,60.0114,120.0229,MID,Wednesday
14740,2024-10-16T09:45:00+00:00,BEARISH,LOSS,62.5,5,True,True,False,False,True,True,True,False,TRANSITION,-0.123,CHOCH,False,True,False,UPPER_SWEEP,EQUAL_LOW,37.375,1.9365284974093264,3,30.77,-0.469,29.43,19.3,,False,False,0.0,,0.5259,58.3,2.0,42.38,84.76,CLOSING,Wednesday
14766,2024-10-17T05:40:00+00:00,BEARISH,TIMEOUT,75.0,6,True,True,True,False,True,True,True,False,BEARISH,-0.219,CHOCH,False,True,False,UPPER_SWEEP,EQUAL_LOW,43.725,2.0786092214663645,3,38.1,-30.5884,34.21,21.0357,,False,False,0.0,,0.5965,65.6,2.0,54.6536,109.3071,MID,Thursday
14798,2024-10-17T08:20:00+00:00,BEARISH,TIMEOUT,75.0,6,True,True,True,False,True,True,True,False,BEARISH,-0.22,BOS,False,True,False,UPPER_SWEEP,EQUAL_LOW,23.625,1.6181506849315068,3,37.8,-12.2413,44.89,14.6,,False,False,0.0,,0.5965,65.7,2.0,26.81,53.62,MID,Thursday
14814,2024-10-17T09:40:00+00:00,BULLISH,LOSS,50.0,4,True,True,False,False,True,True,False,False,BEARISH,-0.205,CHOCH,True,True,False,LOWER_SWEEP,EQUAL_LOW,17.125,1.2313854074537467,2,56.73,-7.4804,13.78,13.9071,,True,False,0.0,,0.4541,56.8,2.0,22.3407,44.6814,CLOSING,Thursday
14833,2024-10-18T05:00:00+00:00,BULLISH,TIMEOUT,62.5,5,True,True,False,False,True,True,True,False,BEARISH,-0.186,CHOCH,False,True,False,LOWER_SWEEP,EQUAL_LOW,74.05,1.7436699248138006,2,74.57,-9.9639,64.91,42.4679,,True,False,0.0,,0.5259,60.4,2.0,85.5468,171.0936,MID,Friday
14845,2024-10-18T06:00:00+00:00,BULLISH,WIN,62.5,5,True,True,False,False,True,True,True,False,BEARISH,-0.183,CHOCH,False,True,False,LOWER_SWEEP,EQUAL_LOW,44.6,1.5549767973753668,2,63.75,5.9581,51.61,28.6821,,True,False,0.0,,0.5259,60.3,2.0,53.4682,106.9364,MID,Friday
14857,2024-10-18T07:00:00+00:00,BULLISH,TIMEOUT,50.0,4,True,True,False,False,True,False,True,False,TRANSITION,-0.098,BOS,False,True,False,LOWER_SWEEP,EQUAL_HIGH,30.775,1.2255731620384935,3,85.55,31.8907,78.66,25.1107,,True,True,0.0,,0.4541,53.3,2.0,72.2111,144.4221,MID,Friday
14889,2024-10-18T09:40:00+00:00,BEARISH,LOSS,62.5,5,True,True,False,False,True,True,True,False,TRANSITION,-0.115,CHOCH,False,True,False,UPPER_SWEEP,EQUAL_LOW,37.4,2.1445814912295793,2,42.42,8.531,23.55,17.4393,,False,True,0.0,,0.5259,58.0,2.0,45.0939,90.1879,CLOSING,Friday
14914,2024-10-21T05:30:00+00:00,BULLISH,LOSS,62.5,5,True,True,False,False,True,True,True,False,TRANSITION,-0.111,CHOCH,False,True,False,LOWER_SWEEP,EQUAL_HIGH,6.975,0.18429758180434597,1,69.47,-4.7254,62.21,37.8464,,True,False,0.0,,0.5259,30.7,2.0,28.5846,57.1693,MID,Monday
14928,2024-10-21T06:40:00+00:00,BEARISH,TIMEOUT,75.0,6,True,True,True,False,True,True,True,False,BEARISH,-0.185,BOS,False,False,True,UPPER_SWEEP,EQUAL_LOW,34.8125,1.3988957513752878,3,21.83,-21.0729,89.53,24.8857,,False,False,0.0,,0.5965,64.5,2.0,51.7386,103.4771,MID,Monday
14941,2024-10-21T07:45:00+00:00,BULLISH,TIMEOUT,62.5,5,True,True,False,False,True,True,True,False,TRANSITION,-0.12,BOS,False,True,True,LOWER_SWEEP,EQUAL_LOW,79.375,3.1605499655574714,3,63.69,-7.0155,30.31,25.1143,,True,False,0.0,,0.5259,58.2,2.0,86.3114,172.6229,MID,Monday
14963,2024-10-21T09:35:00+00:00,BEARISH,LOSS,62.5,5,True,True,False,False,True,True,True,False,TRANSITION,-0.139,CHOCH,True,True,False,UPPER_SWEEP,EQUAL_HIGH,31.85,1.1581818181818182,2,32.35,4.426,20.54,27.5,,False,True,0.0,,0.5259,58.8,2.0,50.85,101.7,CLOSING,Monday
14980,2024-10-22T04:45:00+00:00,BEARISH,TIMEOUT,62.5,5,True,True,True,False,True,True,False,False,BEARISH,-0.169,CHOCH,False,True,False,UPPER_SWEEP,EQUAL_LOW,146.48,3.2882567390406408,3,44.16,-3.2332,7.59,44.5464,,False,True,0.0,,0.5259,59.8,2.0,166.7046,333.4093,MID,Tuesday
14996,2024-10-22T06:05:00+00:00,BEARISH,TIMEOUT,62.5,5,True,True,True,False,True,True,False,False,BEARISH,-0.196,CHOCH,True,False,True,UPPER_SWEEP,EQUAL_LOW,49.75,1.4220095639075394,1,56.53,-23.6668,2.27,34.9857,,False,False,0.0,,0.5259,60.7,2.0,58.6986,117.3971,MID,Tuesday
15011,2024-10-22T07:20:00+00:00,BEARISH,TIMEOUT,62.5,5,True,True,True,False,True,True,False,False,BEARISH,-0.231,CHOCH,False,True,False,UPPER_SWEEP,EQUAL_LOW,19.275,0.6007349068276521,3,43.03,-28.0358,2.87,32.0857,,False,False,0.0,,0.5259,48.6,2.0,46.8586,93.7171,MID,Tuesday
15027,2024-10-22T08:40:00+00:00,BULLISH,LOSS,62.5,5,True,True,False,False,True,True,True,False,BEARISH,-0.2,CHOCH,True,False,True,LOWER_SWEEP,EQUAL_LOW,50.575,1.9157196969696972,1,56.61,-15.7831,30.24,26.4,,True,False,0.0,,0.5259,60.8,2.0,53.94,107.88,MID,Tuesday
15065,2024-10-23T05:35:00+00:00,BULLISH,TIMEOUT,62.5,5,True,True,False,False,True,True,True,False,BEARISH,-0.193,CHOCH,True,True,False,LOWER_SWEEP,EQUAL_LOW,52.25,1.3251801991447831,2,60.58,8.5378,24.47,39.4286,,True,False,0.0,,0.5259,60.6,2.0,56.8929,113.7857,MID,Wednesday
15079,2024-10-23T06:45:00+00:00,BEARISH,TIMEOUT,75.0,6,True,True,True,False,True,True,True,False,BEARISH,-0.214,CHOCH,False,True,False,UPPER_SWEEP,EQUAL_HIGH,57.45,2.2428877619142433,3,36.51,8.1203,47.34,25.6143,,False,True,0.0,,0.5965,65.5,2.0,68.1614,136.3229,MID,Wednesday
15102,2024-10-23T08:40:00+00:00,BEARISH,WIN,62.5,5,True,True,True,False,True,False,True,False,BEARISH,-0.239,CHOCH,False,True,False,UPPER_SWEEP,EQUAL_LOW,42.85,2.0844379800652817,1,18.4,-10.6586,39.26,20.5571,,False,False,0.0,,0.5259,62.1,2.0,57.8057,115.6114,MID,Wednesday
15122,2024-10-24T04:05:00+00:00,BEARISH,TIMEOUT,62.5,5,True,True,True,False,True,True,False,False,BEARISH,-0.29,CHOCH,False,True,False,UPPER_SWEEP,PDL,85.6,2.752093005311282,3,28.49,-29.633,3.52,31.1036,,False,False,0.0,,0.5259,63.8,2.0,100.8104,201.6207,OPENING,Thursday
15165,2024-10-24T07:40:00+00:00,BEARISH,LOSS,62.5,5,True,True,True,False,True,True,False,False,BEARISH,-0.24,CHOCH,True,False,False,UPPER_SWEEP,EQUAL_LOW,8.15,0.8086440577064276,3,38.24,-4.7127,1.69,10.0786,,False,False,0.0,,0.5259,55.8,2.0,9.7579,19.5157,MID,Thursday
15184,2024-10-24T09:15:00+00:00,BULLISH,LOSS,50.0,4,True,True,False,False,True,True,False,False,BEARISH,-0.226,CHOCH,False,False,True,LOWER_SWEEP,EQUAL_LOW,15.4,1.0511945392491469,3,56.61,-2.228,7.73,14.65,,True,False,0.0,,0.4541,57.5,2.0,25.615,51.23,CLOSING,Thursday
15196,2024-10-25T04:00:00+00:00,BEARISH,WIN,62.5,5,True,True,True,False,True,True,False,False,BEARISH,-0.226,CHOCH,False,False,True,UPPER_SWEEP,EQUAL_LOW,67.3333,2.470620395103766,1,41.59,1.2488,11.95,27.2536,,False,False,0.0,,0.5259,61.7,2.0,70.4254,140.8507,OPENING,Friday
15255,2024-10-25T08:55:00+00:00,BEARISH,LOSS,75.0,6,True,True,True,False,True,True,True,False,BEARISH,-0.37,CHOCH,True,True,False,UPPER_SWEEP,EQUAL_LOW,27.8875,1.362266381390623,3,39.93,-15.0345,36.24,20.4714,,False,False,0.0,,0.5965,70.7,2.0,39.2471,78.4943,MID,Friday
15267,2024-10-25T09:55:00+00:00,BULLISH,WIN,50.0,4,True,True,False,False,True,False,True,False,BEARISH,-0.27,CHOCH,True,False,False,LOWER_SWEEP,EQUAL_HIGH,20.85,0.8025836650165906,3,84.22,19.4914,77.35,25.9786,,True,False,0.0,,0.4541,52.4,2.0,71.2479,142.4957,CLOSING,Friday
15280,2024-10-28T04:45:00+00:00,BULLISH,TIMEOUT,62.5,5,True,True,False,False,True,True,True,False,TRANSITION,-0.133,BOS,False,True,False,LOWER_SWEEP,EQUAL_HIGH,53.4,0.9777658964776624,2,65.07,41.4658,45.63,54.6143,,True,True,0.0,,0.5259,57.9,2.0,125.1614,250.3229,MID,Monday
15298,2024-10-28T06:15:00+00:00,BULLISH,WIN,50.0,4,True,True,False,False,True,True,False,False,TRANSITION,-0.098,CHOCH,False,True,False,LOWER_SWEEP,EQUAL_HIGH,24.9833,1.1009302469054196,2,54.34,44.2462,9.51,22.6929,,True,True,0.0,,0.4541,53.3,2.0,36.1193,72.2386,MID,Monday
15325,2024-10-28T08:30:00+00:00,BEARISH,WIN,62.5,5,True,True,False,False,True,True,True,False,TRANSITION,-0.148,BOS,False,False,True,UPPER_SWEEP,EQUAL_LOW,59.05,2.2541265212013863,2,39.67,-0.79,24.08,26.1964,,False,True,0.0,,0.5259,59.1,2.0,64.8196,129.6393,MID,Monday
15337,2024-10-28T09:30:00+00:00,BEARISH,WIN,75.0,6,True,True,True,False,True,True,True,False,BEARISH,-0.199,BOS,False,False,True,UPPER_SWEEP,EQUAL_LOW,45.325,1.5664041305377094,2,31.81,-12.2447,51.61,28.9357,,False,True,0.0,,0.5965,65.0,2.0,105.2436,210.4871,CLOSING,Monday
15361,2024-10-29T05:15:00+00:00,BEARISH,LOSS,75.0,6,True,True,True,False,True,True,True,False,BEARISH,-0.284,CHOCH,False,True,False,UPPER_SWEEP,EQUAL_HIGH,58.9,1.6869878531146265,3,37.11,-44.3897,55.97,34.9143,,False,False,0.0,,0.5965,67.8,2.0,70.1914,140.3829,MID,Tuesday
15373,2024-10-29T06:15:00+00:00,BULLISH,WIN,62.5,5,True,True,False,False,True,True,True,False,BEARISH,-0.219,CHOCH,True,False,False,LOWER_SWEEP,EQUAL_HIGH,33.6,1.239687716760873,3,61.97,-12.2224,32.52,27.1036,,True,False,0.0,,0.5259,61.5,2.0,60.8104,121.6207,MID,Tuesday
15386,2024-10-29T07:20:00+00:00,BULLISH,LOSS,62.5,5,True,True,False,False,True,True,True,False,BEARISH,-0.151,BOS,False,False,True,LOWER_SWEEP,EQUAL_HIGH,22.5,0.8979490842914783,3,71.34,20.1592,66.65,25.0571,,True,True,0.0,,0.5259,55.8,2.0,42.9057,85.8114,MID,Tuesday
15400,2024-10-29T08:30:00+00:00,BULLISH,TIMEOUT,50.0,4,True,True,False,False,True,True,False,False,TRANSITION,-0.109,CHOCH,False,True,False,LOWER_SWEEP,EQUAL_LOW,85.625,2.8366080627581933,2,61.22,15.8258,14.22,30.1857,,True,True,0.0,,0.4541,53.6,2.0,97.1686,194.3371,MID,Tuesday
15418,2024-10-30T03:45:00+00:00,BEARISH,TIMEOUT,62.5,5,True,True,False,False,True,True,True,False,TRANSITION,-0.117,CHOCH,False,True,False,UPPER_SWEEP,EQUAL_LOW,98.95,3.4395976070550858,3,36.53,29.7119,43.45,28.7679,,False,True,0.0,,0.5259,58.1,2.0,113.9768,227.9536,OPENING,Wednesday
15437,2024-10-30T05:20:00+00:00,BULLISH,TIMEOUT,50.0,4,True,True,False,False,True,True,False,False,TRANSITION,-0.064,BOS,False,True,False,LOWER_SWEEP,EQUAL_HIGH,42.2,1.7085020242914981,2,60.55,6.0013,6.5,24.7,,True,True,0.0,,0.4541,52.1,2.0,48.77,97.54,MID,Wednesday
15451,2024-10-30T06:30:00+00:00,BEARISH,LOSS,62.5,5,True,True,False,False,True,True,True,False,TRANSITION,-0.079,CHOCH,False,False,True,UPPER_SWEEP,EQUAL_HIGH,15.9875,0.8734620511811885,3,44.73,9.0738,20.25,18.3036,,False,True,0.0,,0.5259,52.6,2.0,27.6304,55.2607,MID,Wednesday
15466,2024-10-30T07:45:00+00:00,BEARISH,TIMEOUT,50.0,4,True,True,False,False,True,True,False,False,TRANSITION,-0.104,CHOCH,False,True,False,UPPER_SWEEP,EQUAL_LOW,78.25,3.5982967295736303,2,40.73,2.2022,9.82,21.7464,,False,True,0.0,,0.4541,53.5,2.0,99.3746,198.7493,MID,Wednesday
15478,2024-10-30T08:45:00+00:00,BEARISH,TIMEOUT,50.0,4,True,True,False,False,True,False,True,False,TRANSITION,-0.149,BOS,True,True,False,UPPER_SWEEP,EQUAL_LOW,33.25,1.202375097636474,2,19.26,-24.3287,74.39,27.6536,,False,False,0.0,,0.4541,55.0,2.0,40.3654,80.7307,MID,Wednesday
15495,2024-10-31T03:55:00+00:00,BEARISH,TIMEOUT,62.5,5,True,True,True,False,True,False,True,False,BEARISH,-0.184,CHOCH,False,True,False,UPPER_SWEEP,EQUAL_HIGH,75.75,3.145489803630082,2,16.57,-22.8213,66.09,24.0821,,False,False,0.0,,0.5259,60.3,2.0,103.6582,207.3164,OPENING,Thursday
15512,2024-10-31T05:20:00+00:00,BEARISH,TIMEOUT,62.5,5,True,True,True,False,True,True,False,False,BEARISH,-0.2,CHOCH,True,True,False,UPPER_SWEEP,EQUAL_LOW,25.825,1.3390750659815305,3,41.87,-24.2072,11.26,19.2857,,False,False,0.0,,0.5259,60.8,2.0,35.5786,71.1571,MID,Thursday
15529,2024-10-31T06:45:00+00:00,BEARISH,WIN,75.0,6,True,True,True,False,True,True,True,False,BEARISH,-0.193,BOS,False,True,False,UPPER_SWEEP,EQUAL_LOW,12.83,1.1108225108225107,3,34.76,-13.3287,67.37,11.55,,False,False,0.0,,0.5965,64.8,2.0,17.105,34.21,MID,Thursday
15547,2024-10-31T08:15:00+00:00,BULLISH,LOSS,50.0,4,True,True,False,False,True,True,False,False,BEARISH,-0.186,BOS,True,True,False,LOWER_SWEEP,EQUAL_LOW,18.775,1.499001996007984,3,52.82,-7.3722,8.75,12.525,,True,False,0.0,,0.4541,56.2,2.0,28.8025,57.605,MID,Thursday
15559,2024-10-31T09:15:00+00:00,BULLISH,WIN,50.0,4,True,True,False,False,True,True,False,False,BEARISH,-0.196,CHOCH,True,True,True,LOWER_SWEEP,EQUAL_HIGH,32.675,2.0935984263572345,2,46.56,-7.2931,7.65,15.6071,,True,False,0.0,,0.4541,56.5,2.0,35.6607,71.3214,CLOSING,Thursday
15580,2024-11-04T03:45:00+00:00,BEARISH,TIMEOUT,75.0,6,True,True,True,False,True,True,True,False,BEARISH,-0.24,CHOCH,False,False,True,UPPER_SWEEP,EQUAL_LOW,138.1125,3.451578560664563,0,36.88,7.7862,24.69,40.0143,,False,True,0.0,,0.5965,66.3,2.0,206.4014,412.8029,OPENING,Monday
15655,2024-11-05T03:45:00+00:00,BULLISH,TIMEOUT,50.0,4,True,True,False,False,True,True,False,False,BEARISH,-0.203,BOS,True,False,True,LOWER_SWEEP,EQUAL_HIGH,101.5,3.203337783290254,0,75.15,26.4362,13.45,31.6857,,True,True,0.0,,0.4541,56.8,2.0,118.3686,236.7371,OPENING,Tuesday
15681,2024-11-05T05:55:00+00:00,BEARISH,WIN,75.0,6,True,True,True,False,True,True,True,False,BEARISH,-0.268,BOS,False,True,False,UPPER_SWEEP,EQUAL_LOW,58.125,1.8959718955804692,2,45.88,-3.0537,20.01,30.6571,,False,True,0.0,,0.5965,67.3,2.0,64.4157,128.8314,MID,Tuesday
15696,2024-11-05T07:10:00+00:00,BULLISH,WIN,62.5,5,True,True,False,False,True,True,True,False,BEARISH,-0.267,CHOCH,False,True,False,LOWER_SWEEP,EQUAL_HIGH,50.9,1.5166548969479183,3,44.26,-17.5118,31.34,33.5607,,True,False,0.0,,0.5259,63.1,2.0,63.2061,126.4121,MID,Tuesday
15725,2024-11-05T09:35:00+00:00,BULLISH,WIN,62.5,5,True,True,False,False,True,True,True,False,RANGE,-0.046,BOS,False,True,False,LOWER_SWEEP,EQUAL_HIGH,38.875,1.5369925947597942,3,77.34,59.9208,61.21,25.2929,,True,True,0.0,,0.5259,55.7,2.0,46.0293,92.0586,CLOSING,Tuesday
15739,2024-11-06T04:30:00+00:00,BULLISH,LOSS,62.5,5,True,True,False,False,True,True,True,False,TRANSITION,0.073,BOS,True,False,False,LOWER_SWEEP,EQUAL_HIGH,29.85,0.6704098820887142,3,77.31,71.0616,50.09,44.525,,True,True,0.0,,0.5259,45.6,2.0,65.1525,130.305,MID,Wednesday
15778,2024-11-06T07:45:00+00:00,BULLISH,WIN,50.0,4,True,True,False,False,True,True,False,False,TRANSITION,0.066,BOS,True,True,False,LOWER_SWEEP,EQUAL_HIGH,24.1,1.2363475932262518,3,56.43,22.2335,11.2,19.4929,,True,True,0.0,,0.4541,52.2,2.0,31.4993,62.9986,MID,Wednesday
15806,2024-11-07T03:50:00+00:00,BEARISH,WIN,62.5,5,True,True,False,False,True,True,True,False,RANGE,-0.006,CHOCH,False,True,False,UPPER_SWEEP,EQUAL_LOW,101.075,3.5296849736517704,1,22.7,-0.1375,57.41,28.6357,,False,True,0.0,,0.5259,54.4,2.0,110.9636,221.9271,OPENING,Thursday
15819,2024-11-07T04:55:00+00:00,BEARISH,LOSS,62.5,5,True,True,True,False,True,False,True,False,BEARISH,-0.152,BOS,False,False,True,UPPER_SWEEP,PDL,33.05,0.8312980574538886,0,13.34,-65.9925,86.1,39.7571,,False,False,0.0,,0.5259,53.6,2.0,45.9257,91.8514,MID,Thursday
15854,2024-11-07T07:50:00+00:00,BEARISH,WIN,50.0,4,True,True,False,False,True,True,False,False,TRANSITION,-0.126,CHOCH,False,True,False,UPPER_SWEEP,EQUAL_LOW,15.775,1.0684556667095628,2,54.34,-8.7365,10.71,14.7643,,False,False,0.0,,0.4541,54.2,2.0,18.1264,36.2529,MID,Thursday
15881,2024-11-08T03:50:00+00:00,BEARISH,LOSS,75.0,6,True,True,True,False,True,True,True,False,BEARISH,-0.193,BOS,True,True,True,UPPER_SWEEP,PDL,44.85,1.801718562320983,1,21.28,-18.2592,70.2,24.8929,,False,False,0.0,,0.5965,64.8,2.0,134.8393,269.6786,OPENING,Friday
15906,2024-11-08T05:55:00+00:00,BEARISH,WIN,62.5,5,True,True,False,False,True,True,True,False,TRANSITION,-0.146,CHOCH,True,False,False,UPPER_SWEEP,EQUAL_LOW,23.85,1.3941579811890972,2,22.8,-9.4577,63.45,17.1071,,False,False,0.0,,0.5259,59.0,2.0,29.0107,58.0214,MID,Friday
15927,2024-11-08T07:40:00+00:00,BULLISH,LOSS,50.0,4,True,True,False,False,True,False,True,False,TRANSITION,-0.117,BOS,False,True,False,LOWER_SWEEP,EQUAL_LOW,16.15,1.1975648279288431,2,80.99,-1.3374,77.62,13.4857,,True,False,0.0,,0.4541,53.9,2.0,36.6986,73.3971,MID,Friday
15940,2024-11-08T08:45:00+00:00,BEARISH,LOSS,50.0,4,True,True,False,False,True,True,False,False,TRANSITION,-0.145,CHOCH,False,True,False,UPPER_SWEEP,EQUAL_LOW,19.825,1.1514180010338078,2,41.79,-1.8373,1.64,17.2179,,False,False,0.0,,0.4541,54.8,2.0,28.3218,56.6436,MID,Friday
15954,2024-11-08T09:55:00+00:00,BEARISH,WIN,75.0,6,True,True,True,False,True,True,True,False,BEARISH,-0.158,CHOCH,False,True,False,UPPER_SWEEP,EQUAL_LOW,33.95,1.7158857154409501,3,43.46,-3.1324,26.82,19.7857,,False,False,0.0,,0.5965,63.6,2.0,54.4786,108.9571,CLOSING,Friday
15969,2024-11-11T04:55:00+00:00,BULLISH,TIMEOUT,62.5,5,True,True,False,False,True,True,True,False,TRANSITION,-0.057,BOS,False,True,False,LOWER_SWEEP,EQUAL_HIGH,97.7,2.4359776697891395,2,74.01,6.4494,51.71,40.1071,,True,False,0.0,,0.5259,56.1,2.0,116.0607,232.1214,MID,Monday
15987,2024-11-11T06:25:00+00:00,BEARISH,WIN,50.0,4,True,True,False,False,False,True,True,False,RANGE,-0.018,CHOCH,False,True,False,UPPER_SWEEP,EQUAL_HIGH,5.375,0.2858495181773703,3,66.37,36.9146,44.58,18.8036,,True,True,0.0,,0.4541,26.8,2.0,50.7304,101.4607,MID,Monday
16008,2024-11-11T08:10:00+00:00,BEARISH,TIMEOUT,62.5,5,True,True,False,False,True,True,True,False,TRANSITION,-0.126,BOS,False,True,False,UPPER_SWEEP,EQUAL_HIGH,44.3,1.8596723954091698,3,25.57,-17.0508,84.06,23.8214,,False,False,0.0,,0.5259,58.4,2.0,74.1821,148.3643,MID,Monday
16020,2024-11-11T09:10:00+00:00,BULLISH,TIMEOUT,50.0,4,True,True,False,False,True,True,False,False,TRANSITION,-0.088,CHOCH,True,True,False,LOWER_SWEEP,EQUAL_LOW,75.7,2.8063021316033363,3,47.08,-17.0509,12.86,26.975,,True,False,0.0,,0.4541,52.9,2.0,87.6975,175.395,CLOSING,Monday
16072,2024-11-12T07:15:00+00:00,BEARISH,TIMEOUT,62.5,5,True,True,True,False,True,False,True,False,BEARISH,-0.216,BOS,False,True,False,UPPER_SWEEP,PDL,116.6,4.357135650412732,2,14.83,-24.6692,76.31,26.7607,,False,False,0.0,,0.5259,61.4,2.0,132.0761,264.1521,MID,Tuesday
16101,2024-11-12T09:40:00+00:00,BEARISH,WIN,75.0,6,True,True,True,False,True,True,True,False,BEARISH,-0.28,CHOCH,False,True,False,UPPER_SWEEP,EQUAL_LOW,40.825,1.2152865635297936,3,33.5,-31.4835,30.16,33.5929,,False,False,0.0,,0.5965,67.7,2.0,84.0593,168.1186,CLOSING,Tuesday
16134,2024-11-13T06:10:00+00:00,BEARISH,TIMEOUT,62.5,5,True,True,True,False,True,True,False,False,BEARISH,-0.358,BOS,True,False,True,UPPER_SWEEP,EQUAL_LOW,40.5,1.3677488205277146,3,37.22,-30.0468,1.16,29.6107,,False,False,0.0,,0.5259,66.1,2.0,43.9611,87.9221,MID,Wednesday
16147,2024-11-13T07:15:00+00:00,BEARISH,WIN,75.0,6,True,True,True,False,True,True,True,False,BEARISH,-0.342,BOS,False,True,False,UPPER_SWEEP,EQUAL_LOW,31.2625,1.388124184109336,3,40.27,-17.9999,40.59,22.5214,,False,False,0.0,,0.5965,69.7,2.0,41.6021,83.2043,MID,Wednesday
16160,2024-11-13T08:20:00+00:00,BULLISH,LOSS,62.5,5,True,True,False,False,True,True,True,False,BEARISH,-0.314,CHOCH,True,True,False,LOWER_SWEEP,EQUAL_LOW,41.8875,1.5139385352701147,3,54.76,-9.0988,20.75,27.6679,,True,False,0.0,,0.5259,64.6,2.0,57.6668,115.3336,MID,Wednesday
16189,2024-11-14T04:30:00+00:00,BULLISH,LOSS,50.0,4,True,True,False,False,True,True,False,False,BEARISH,-0.281,CHOCH,False,True,False,LOWER_SWEEP,EQUAL_LOW,75.275,1.6323569912153064,3,76.7,-6.6748,14.62,46.1143,,True,False,0.0,,0.4541,59.4,2.0,99.4114,198.8229,MID,Thursday
16203,2024-11-14T05:40:00+00:00,BEARISH,LOSS,62.5,5,True,True,True,False,True,False,True,False,BEARISH,-0.395,BOS,False,True,False,UPPER_SWEEP,EQUAL_LOW,58.275,2.0929931867729294,3,16.37,-21.5782,95.71,27.8429,,False,False,0.0,,0.5259,67.3,2.0,75.2843,150.5686,MID,Thursday
16216,2024-11-14T06:45:00+00:00,BULLISH,LOSS,62.5,5,True,True,False,False,True,True,True,False,BEARISH,-0.33,CHOCH,True,True,False,LOWER_SWEEP,EQUAL_LOW,24.275,1.09417327377545,3,58.25,-11.0669,36.72,22.1857,,True,False,0.0,,0.5259,65.2,2.0,30.8686,61.7371,MID,Thursday
16257,2024-11-18T03:55:00+00:00,BEARISH,TIMEOUT,75.0,6,True,True,True,False,True,True,True,False,BEARISH,-0.34,CHOCH,False,True,False,UPPER_SWEEP,PDL,122.65,4.181425809948828,2,28.75,-7.3298,22.68,29.3321,,False,False,0.0,,0.5965,69.7,2.0,137.4332,274.8664,OPENING,Monday
16293,2024-11-18T06:55:00+00:00,BULLISH,LOSS,50.0,4,True,True,False,False,True,False,True,False,BEARISH,-0.249,BOS,False,False,True,LOWER_SWEEP,EQUAL_LOW,72.75,2.835859294601927,3,82.8,17.4494,87.76,25.6536,,True,False,0.0,,0.4541,58.3,2.0,82.0154,164.0307,MID,Monday
16318,2024-11-18T09:00:00+00:00,BEARISH,LOSS,62.5,5,True,True,True,False,True,True,False,False,BEARISH,-0.336,BOS,False,True,False,UPPER_SWEEP,EQUAL_LOW,4.35,0.16530935650957843,3,39.16,-5.217,1.22,26.3143,,False,False,0.0,,0.5259,37.5,2.0,68.1814,136.3629,CLOSING,Monday
16330,2024-11-19T03:45:00+00:00,BULLISH,TIMEOUT,62.5,5,True,True,False,False,True,True,True,False,BEARISH,-0.177,CHOCH,False,True,False,LOWER_SWEEP,EQUAL_HIGH,120.2833,3.7022435078625886,2,71.62,6.2125,54.03,32.4893,,True,True,0.0,,0.5259,60.1,2.0,145.3489,290.6979,OPENING,Tuesday
16344,2024-11-19T04:55:00+00:00,BULLISH,TIMEOUT,50.0,4,True,True,False,False,True,False,True,False,TRANSITION,-0.071,CHOCH,False,True,False,LOWER_SWEEP,EQUAL_HIGH,42.7667,1.3646348195396834,2,80.72,60.27,68.05,31.3393,,True,True,0.0,,0.4541,52.4,2.0,64.1839,128.3679,MID,Tuesday
16356,2024-11-19T05:55:00+00:00,BULLISH,TIMEOUT,62.5,5,True,True,False,False,True,True,True,False,TRANSITION,-0.07,CHOCH,False,True,False,LOWER_SWEEP,EQUAL_HIGH,20.225,1.0001780292165727,1,67.42,41.2466,59.32,20.2214,,True,True,0.0,,0.5259,56.5,2.0,35.1721,70.3443,MID,Tuesday
16388,2024-11-19T08:35:00+00:00,BEARISH,WIN,62.5,5,True,True,False,False,True,True,True,False,TRANSITION,-0.123,CHOCH,False,True,False,UPPER_SWEEP,EQUAL_LOW,46.725,2.980176801500134,2,34.8,3.3199,28.85,15.6786,,False,True,0.0,,0.5259,58.3,2.0,56.7179,113.4357,MID,Tuesday
16402,2024-11-19T09:45:00+00:00,BEARISH,WIN,62.5,5,True,True,True,False,True,False,True,False,BEARISH,-0.281,BOS,True,True,False,UPPER_SWEEP,EQUAL_HIGH,77.4333,2.140306700646238,3,12.25,-56.3036,89.9,36.1786,,False,False,0.0,,0.5259,63.5,2.0,83.5679,167.1357,CLOSING,Tuesday
16438,2024-11-21T06:30:00+00:00,BULLISH,LOSS,62.5,5,True,True,False,False,True,True,True,False,BEARISH,-0.309,CHOCH,False,True,False,LOWER_SWEEP,EQUAL_HIGH,14.0167,0.9878359045196029,2,66.94,-15.028,59.33,14.1893,,True,False,0.0,,0.5259,64.1,2.0,28.2689,56.5379,MID,Thursday
16475,2024-11-21T09:35:00+00:00,BULLISH,WIN,50.0,4,True,True,False,False,True,True,False,False,BEARISH,-0.291,CHOCH,False,False,True,LOWER_SWEEP,EQUAL_HIGH,27.8143,1.7195857805255021,2,55.13,-1.2338,1.16,16.175,,True,False,0.0,,0.4541,59.7,2.0,34.7675,69.535,CLOSING,Thursday
16489,2024-11-22T04:30:00+00:00,BULLISH,TIMEOUT,62.5,5,True,True,False,False,True,True,True,False,TRANSITION,-0.108,CHOCH,False,True,False,LOWER_SWEEP,EQUAL_HIGH,151.625,2.8436050066202316,2,74.28,42.2837,41.6,53.3214,,True,True,0.0,,0.5259,57.8,2.0,159.8821,319.7643,MID,Friday
16509,2024-11-22T06:10:00+00:00,BULLISH,WIN,50.0,4,True,True,False,False,True,True,False,False,TRANSITION,-0.12,CHOCH,True,True,False,LOWER_SWEEP,EQUAL_HIGH,48.5,1.31589300297636,3,51.78,23.2592,16.04,36.8571,,True,True,0.0,,0.4541,54.0,2.0,63.4857,126.9714,MID,Friday
16527,2024-11-22T07:40:00+00:00,BULLISH,WIN,62.5,5,True,True,False,False,True,True,True,False,RANGE,-0.022,BOS,False,False,True,LOWER_SWEEP,EQUAL_LOW,31.2167,0.9688188595157254,3,75.99,43.1761,81.13,32.2214,,True,True,0.0,,0.5259,53.9,2.0,48.4721,96.9443,MID,Friday
16539,2024-11-22T08:40:00+00:00,BULLISH,WIN,62.5,5,True,True,False,False,True,True,True,False,TRANSITION,0.072,BOS,True,True,False,LOWER_SWEEP,EQUAL_HIGH,27.6167,0.8313800691795689,3,76.76,59.379,67.1,33.2179,,True,True,0.0,,0.5259,50.9,2.0,108.0218,216.0436,MID,Friday
16555,2024-11-25T03:45:00+00:00,BULLISH,TIMEOUT,62.5,5,True,True,True,False,True,False,True,False,BULLISH,0.381,BOS,False,True,True,LOWER_SWEEP,PDH,101.2,1.4075809080844104,3,80.23,78.2022,53.7,71.8964,,True,True,0.0,,0.5259,66.9,2.0,440.8896,881.7793,OPENING,Monday
16577,2024-11-25T05:35:00+00:00,BULLISH,LOSS,75.0,6,True,True,True,False,True,True,True,False,BULLISH,0.354,BOS,True,True,False,LOWER_SWEEP,EQUAL_HIGH,25.8,1.293927068653363,2,77.2,79.5194,64.35,19.9393,,True,True,0.0,,0.5965,70.1,2.0,38.2939,76.5879,MID,Monday
16598,2024-11-25T07:20:00+00:00,BEARISH,TIMEOUT,62.5,5,True,True,False,False,True,True,True,False,BULLISH,0.215,BOS,False,True,False,UPPER_SWEEP,EQUAL_LOW,40.925,2.00823412795776,2,22.08,3.0815,56.92,20.3786,,False,True,0.0,,0.5259,61.3,2.0,87.6379,175.2757,MID,Monday
16619,2024-11-25T09:05:00+00:00,BULLISH,LOSS,62.5,5,True,True,True,False,True,True,False,False,BULLISH,0.211,CHOCH,False,False,True,LOWER_SWEEP,EQUAL_HIGH,36.4,1.521421107628004,3,53.99,-6.6369,13.77,23.925,,True,True,0.0,,0.5259,61.2,2.0,46.5425,93.085,CLOSING,Monday
16631,2024-11-26T03:50:00+00:00,BULLISH,LOSS,75.0,6,True,True,True,False,True,True,True,False,BULLISH,0.241,BOS,False,True,False,LOWER_SWEEP,EQUAL_HIGH,66.55,1.8705064280213386,3,68.1,16.2416,39.03,35.5786,,True,True,0.0,,0.5965,66.4,2.0,81.1079,162.2157,OPENING,Tuesday
16643,2024-11-26T04:50:00+00:00,BEARISH,TIMEOUT,62.5,5,True,True,False,False,True,True,True,False,TRANSITION,0.125,CHOCH,False,True,False,UPPER_SWEEP,EQUAL_HIGH,35.85,0.9597468517090723,2,35.82,-8.2656,29.85,37.3536,,False,True,0.0,,0.5259,57.0,2.0,93.8854,187.7707,MID,Tuesday
16663,2024-11-26T06:30:00+00:00,BEARISH,WIN,50.0,4,True,True,False,False,True,True,False,False,TRANSITION,0.123,BOS,False,True,False,UPPER_SWEEP,EQUAL_LOW,37.2,2.1192234071643425,3,36.47,-5.8719,18.72,17.5536,,False,False,0.0,,0.4541,54.1,2.0,40.8054,81.6107,MID,Tuesday
16682,2024-11-26T08:05:00+00:00,BEARISH,LOSS,50.0,4,True,True,False,False,True,True,False,False,TRANSITION,0.088,CHOCH,False,False,True,UPPER_SWEEP,EQUAL_LOW,31.275,1.6582099285816536,3,48.45,-11.4796,8.86,18.8607,,False,False,0.0,,0.4541,52.9,2.0,42.9861,85.9721,MID,Tuesday
16695,2024-11-26T09:10:00+00:00,BULLISH,LOSS,62.5,5,True,True,False,False,True,True,True,False,TRANSITION,0.144,BOS,False,True,False,LOWER_SWEEP,EQUAL_HIGH,43.85,1.9235493323507222,2,67.82,6.7302,44.13,22.7964,,True,False,0.0,,0.5259,59.0,2.0,47.7296,95.4593,CLOSING,Tuesday
16726,2024-11-27T05:30:00+00:00,BULLISH,LOSS,62.5,5,True,True,False,False,True,True,True,False,TRANSITION,0.112,CHOCH,False,True,False,LOWER_SWEEP,EQUAL_HIGH,29.025,1.6531773470561768,2,43.75,0.8871,20.0,17.5571,,True,True,0.0,,0.5259,57.9,2.0,35.2057,70.4114,MID,Wednesday
16738,2024-11-27T06:30:00+00:00,BEARISH,LOSS,50.0,4,True,True,False,False,True,True,False,False,TRANSITION,0.085,CHOCH,False,False,True,UPPER_SWEEP,EQUAL_HIGH,33.225,1.95399797689901,0,49.8,-0.7509,8.96,17.0036,,False,True,0.0,,0.4541,52.8,2.0,38.4004,76.8007,MID,Wednesday
16764,2024-11-27T08:40:00+00:00,BEARISH,TIMEOUT,50.0,4,True,True,False,False,True,True,False,False,BULLISH,0.15,CHOCH,True,False,True,UPPER_SWEEP,EQUAL_HIGH,45.25,2.254451607760296,3,46.23,18.7106,5.97,20.0714,,False,True,0.0,,0.4541,55.0,2.0,56.8571,113.7143,MID,Wednesday
16776,2024-11-27T09:40:00+00:00,BEARISH,LOSS,62.5,5,True,True,False,False,True,True,True,False,TRANSITION,0.135,BOS,True,False,False,UPPER_SWEEP,EQUAL_LOW,18.35,1.05938319073516,3,34.11,-1.776,48.81,17.3214,,False,True,0.0,,0.5259,58.7,2.0,21.7821,43.5643,CLOSING,Wednesday
16790,2024-11-28T04:35:00+00:00,BULLISH,LOSS,62.5,5,True,True,True,False,True,False,True,False,BULLISH,0.166,CHOCH,False,True,False,LOWER_SWEEP,EQUAL_HIGH,50.4,2.2834981016156655,3,89.13,7.3312,76.54,22.0714,,True,True,0.0,,0.5259,59.7,2.0,59.5071,119.0143,MID,Thursday
16820,2024-11-28T07:05:00+00:00,BEARISH,TIMEOUT,50.0,4,True,True,False,False,True,True,False,False,TRANSITION,-0.058,CHOCH,False,True,False,UPPER_SWEEP,EQUAL_LOW,54.35,1.9008215326182374,2,41.78,-35.2569,6.93,28.5929,,False,False,0.0,,0.4541,51.9,2.0,83.1593,166.3186,MID,Thursday
16837,2024-11-28T08:30:00+00:00,BULLISH,LOSS,50.0,4,True,True,False,False,True,True,False,False,RANGE,-0.02,CHOCH,True,True,False,LOWER_SWEEP,EQUAL_LOW,72.3,2.6848777879280763,3,54.54,-19.7657,5.22,26.9286,,True,False,0.0,,0.4541,50.7,2.0,80.0929,160.1857,MID,Thursday
16857,2024-11-29T03:55:00+00:00,BULLISH,TIMEOUT,62.5,5,True,True,False,False,True,True,True,False,RANGE,-0.014,CHOCH,False,False,True,LOWER_SWEEP,EQUAL_HIGH,83.675,2.6951595031952174,2,61.13,-7.3709,27.64,31.0464,,True,False,0.0,,0.5259,54.6,2.0,105.0546,210.1093,OPENING,Friday
16870,2024-11-29T05:00:00+00:00,BULLISH,TIMEOUT,62.5,5,True,True,False,False,True,True,True,False,RANGE,0.044,CHOCH,False,True,False,LOWER_SWEEP,EQUAL_HIGH,128.475,2.570235087234949,3,67.21,16.4978,41.57,49.9857,,True,False,0.0,,0.5259,55.6,2.0,146.3486,292.6971,MID,Friday
16904,2024-11-29T07:50:00+00:00,BULLISH,LOSS,62.5,5,True,True,False,False,True,True,True,False,TRANSITION,0.068,CHOCH,False,True,False,LOWER_SWEEP,EQUAL_LOW,43.1333,2.1570532695885256,3,59.33,12.0704,47.94,19.9964,,True,True,0.0,,0.5259,56.4,2.0,51.0496,102.0993,MID,Friday
16918,2024-11-29T09:00:00+00:00,BULLISH,LOSS,50.0,4,True,True,False,False,True,True,False,False,TRANSITION,0.066,CHOCH,False,True,False,LOWER_SWEEP,EQUAL_LOW,53.1833,2.861517187945571,3,50.59,8.4629,2.04,18.5857,,True,True,0.0,,0.4541,52.2,2.0,57.2086,114.4171,CLOSING,Friday
16930,2024-12-02T03:45:00+00:00,BEARISH,LOSS,62.5,5,True,True,False,False,True,True,True,False,RANGE,-0.027,BOS,False,False,True,UPPER_SWEEP,EQUAL_LOW,112.85,3.89522080396529,0,24.45,-5.9112,34.44,28.9714,,False,True,0.0,,0.5259,55.1,2.0,119.7971,239.5943,OPENING,Monday
16943,2024-12-02T04:50:00+00:00,BULLISH,TIMEOUT,50.0,4,True,True,False,False,True,True,False,False,TRANSITION,0.069,CHOCH,True,True,False,LOWER_SWEEP,EQUAL_HIGH,80.45,1.9465938841383448,2,56.81,6.649,9.77,41.3286,,True,True,0.0,,0.4541,52.3,2.0,90.3829,180.7657,MID,Monday
16969,2024-12-02T07:00:00+00:00,BULLISH,TIMEOUT,62.5,5,True,True,False,False,True,True,True,False,TRANSITION,0.069,CHOCH,True,True,False,LOWER_SWEEP,EQUAL_LOW,29.25,1.4956205163342216,3,60.83,9.7462,48.69,19.5571,,True,True,0.0,,0.5259,56.5,2.0,39.5057,79.0114,MID,Monday
16987,2024-12-02T08:30:00+00:00,BULLISH,TIMEOUT,62.5,5,True,True,False,False,True,True,True,False,TRANSITION,0.118,CHOCH,False,True,False,LOWER_SWEEP,PDH,25.85,1.206934386657889,2,70.88,15.4713,40.47,21.4179,,True,True,0.0,,0.5259,58.1,2.0,89.0418,178.0836,MID,Monday
17005,2024-12-03T03:45:00+00:00,BULLISH,TIMEOUT,62.5,5,True,True,False,False,True,True,True,False,TRANSITION,0.148,BOS,True,True,True,LOWER_SWEEP,EQUAL_HIGH,47.1,1.7977099236641223,2,64.7,24.935,59.51,26.2,,True,True,0.0,,0.5259,59.1,2.0,59.02,118.04,OPENING,Tuesday
17030,2024-12-03T05:50:00+00:00,BULLISH,LOSS,62.5,5,True,True,True,False,True,False,True,False,BULLISH,0.215,BOS,False,True,False,LOWER_SWEEP,EQUAL_HIGH,12.2,0.7465015388945658,2,87.5,35.7312,75.22,16.3429,,True,True,0.0,,0.5259,52.9,2.0,24.1843,48.3686,MID,Tuesday
17045,2024-12-03T07:05:00+00:00,BULLISH,TIMEOUT,62.5,5,True,True,True,False,True,True,False,False,BULLISH,0.193,CHOCH,False,True,False,LOWER_SWEEP,EQUAL_HIGH,41.0833,2.192360440357964,2,50.55,12.5965,13.23,18.7393,,True,True,0.0,,0.5259,60.6,2.0,47.1739,94.3479,MID,Tuesday
17057,2024-12-03T08:05:00+00:00,BULLISH,TIMEOUT,75.0,6,True,True,True,False,True,True,True,False,BULLISH,0.204,BOS,True,True,False,LOWER_SWEEP,EQUAL_HIGH,28.4167,1.7525702620526322,3,70.64,10.7344,48.03,16.2143,,True,True,0.0,,0.5965,65.1,2.0,41.2714,82.5429,MID,Tuesday
17078,2024-12-03T09:50:00+00:00,BEARISH,LOSS,50.0,4,True,True,False,False,True,True,False,False,BULLISH,0.182,CHOCH,False,True,False,UPPER_SWEEP,EQUAL_LOW,27.4,1.827970619041583,2,40.42,5.3939,9.56,14.9893,,False,True,0.0,,0.4541,56.1,2.0,30.7489,61.4979,CLOSING,Tuesday
17113,2024-12-04T06:30:00+00:00,BEARISH,TIMEOUT,50.0,4,True,True,False,False,True,False,True,False,TRANSITION,0.113,CHOCH,False,True,False,UPPER_SWEEP,EQUAL_HIGH,121.1667,4.444152243043101,2,13.18,-11.6439,78.98,27.2643,,False,True,0.0,,0.4541,53.8,2.0,136.8264,273.6529,MID,Wednesday
17132,2024-12-04T08:05:00+00:00,BULLISH,LOSS,62.5,5,True,True,True,False,True,True,False,False,BULLISH,0.195,CHOCH,False,True,False,LOWER_SWEEP,EQUAL_LOW,50.25,1.931897257667037,3,57.7,-0.1049,6.26,26.0107,,True,False,0.0,,0.5259,60.7,2.0,64.2511,128.5021,MID,Wednesday
17161,2024-12-05T04:15:00+00:00,BEARISH,TIMEOUT,50.0,4,True,True,False,False,True,True,False,False,TRANSITION,0.098,CHOCH,False,False,True,UPPER_SWEEP,EQUAL_HIGH,104.2167,3.0412339244599176,3,44.48,-4.1304,18.47,34.2679,,False,False,0.0,,0.4541,53.3,2.0,110.8768,221.7536,OPENING,Thursday
17189,2024-12-05T06:35:00+00:00,BULLISH,TIMEOUT,62.5,5,True,True,True,False,True,False,True,False,BULLISH,0.176,BOS,False,True,False,LOWER_SWEEP,EQUAL_LOW,165.3,5.123309664241902,3,82.66,-4.0702,69.34,32.2643,,True,False,0.0,,0.5259,60.0,2.0,175.5764,351.1529,MID,Thursday
17208,2024-12-05T08:10:00+00:00,BULLISH,WIN,62.5,5,True,True,True,False,True,True,False,False,BULLISH,0.261,BOS,False,True,False,LOWER_SWEEP,EQUAL_HIGH,78.0,2.384803299589386,3,59.95,46.8496,9.15,32.7071,,True,True,0.0,,0.5259,62.9,2.0,82.8707,165.7414,MID,Thursday
17223,2024-12-05T09:25:00+00:00,BEARISH,TIMEOUT,50.0,4,True,True,False,False,True,True,False,False,TRANSITION,0.15,CHOCH,False,True,False,UPPER_SWEEP,EQUAL_HIGH,295.6333,4.740425211218598,3,39.2,34.0296,19.57,62.3643,,False,True,0.0,,0.4541,55.0,2.0,312.2864,624.5729,CLOSING,Thursday
17240,2024-12-06T04:35:00+00:00,BEARISH,TIMEOUT,62.5,5,True,True,False,False,True,True,True,False,BULLISH,0.204,CHOCH,False,False,True,UPPER_SWEEP,EQUAL_HIGH,102.3,2.4036258802134363,1,33.1,5.4761,44.45,42.5607,,False,True,0.0,,0.5259,61.0,2.0,112.0061,224.0121,MID,Friday
17252,2024-12-06T05:35:00+00:00,BULLISH,LOSS,75.0,6,True,True,True,False,True,True,True,False,BULLISH,0.266,CHOCH,False,True,False,LOWER_SWEEP,EQUAL_HIGH,33.6667,0.8000907824880105,3,57.0,8.567,23.53,42.0786,,True,True,0.0,,0.5965,60.5,2.0,45.2079,90.4157,MID,Friday
17282,2024-12-06T08:05:00+00:00,BEARISH,TIMEOUT,62.5,5,True,True,False,False,True,True,True,False,BULLISH,0.201,CHOCH,False,False,True,UPPER_SWEEP,EQUAL_LOW,20.925,1.4651206755309094,3,31.29,-2.6851,38.13,14.2821,,False,True,0.0,,0.5259,60.9,2.0,28.4282,56.8564,MID,Friday
17312,2024-12-09T04:20:00+00:00,BEARISH,TIMEOUT,62.5,5,True,True,False,False,True,True,True,False,TRANSITION,0.14,CHOCH,True,False,True,UPPER_SWEEP,EQUAL_LOW,47.5667,1.5298251369283662,1,32.96,-12.4992,50.79,31.0929,,False,False,0.0,,0.5259,58.8,2.0,52.1093,104.2186,OPENING,Monday
17324,2024-12-09T05:20:00+00:00,BULLISH,WIN,50.0,4,True,True,False,False,True,True,False,False,TRANSITION,0.144,CHOCH,True,True,False,LOWER_SWEEP,EQUAL_LOW,35.0333,1.3931735755416281,3,44.43,-16.0909,11.63,25.1464,,True,False,0.0,,0.4541,54.8,2.0,40.3146,80.6293,MID,Monday
17344,2024-12-09T07:00:00+00:00,BEARISH,TIMEOUT,50.0,4,True,True,False,False,True,True,False,False,TRANSITION,0.144,CHOCH,False,False,True,UPPER_SWEEP,EQUAL_HIGH,22.7,1.495526596655818,3,38.67,4.102,14.86,15.1786,,False,True,0.0,,0.4541,54.8,2.0,36.4179,72.8357,MID,Monday
17364,2024-12-09T08:40:00+00:00,BEARISH,LOSS,62.5,5,True,True,False,False,True,True,True,False,TRANSITION,0.128,BOS,False,False,True,UPPER_SWEEP,PDL,14.2,0.921007400489042,3,46.06,-6.3998,25.03,15.4179,,False,False,0.0,,0.5259,55.8,2.0,20.7418,41.4836,MID,Monday
17382,2024-12-10T03:55:00+00:00,BEARISH,LOSS,62.5,5,True,True,False,False,True,True,True,False,TRANSITION,0.102,CHOCH,False,False,True,UPPER_SWEEP,EQUAL_LOW,53.1667,2.379579195180572,2,42.93,-4.3783,20.58,22.3429,,False,False,0.0,,0.5259,57.6,2.0,61.4343,122.8686,OPENING,Tuesday
17397,2024-12-10T05:10:00+00:00,BEARISH,LOSS,50.0,4,True,True,False,False,True,True,False,False,TRANSITION,0.122,CHOCH,True,True,False,UPPER_SWEEP,EQUAL_HIGH,13.9375,0.7466024566234016,2,48.27,2.3248,13.32,18.6679,,False,True,0.0,,0.4541,45.6,2.0,32.6668,65.3336,MID,Tuesday
17410,2024-12-10T06:15:00+00:00,BEARISH,WIN,50.0,4,True,True,False,False,True,True,False,False,TRANSITION,0.124,CHOCH,False,False,True,UPPER_SWEEP,EQUAL_LOW,19.6,1.5295412156731154,3,55.49,2.1827,18.65,12.8143,,False,True,0.0,,0.4541,54.1,2.0,30.7814,61.5629,MID,Tuesday
17422,2024-12-10T07:15:00+00:00,BEARISH,WIN,50.0,4,True,True,False,False,True,False,True,False,TRANSITION,0.067,BOS,True,False,False,UPPER_SWEEP,EQUAL_LOW,27.4667,1.3424125274306353,3,14.1,-20.4159,68.08,20.4607,,False,False,0.0,,0.4541,52.2,2.0,40.9461,81.8921,MID,Tuesday
17442,2024-12-10T08:55:00+00:00,BULLISH,LOSS,62.5,5,True,True,False,False,True,True,True,False,TRANSITION,0.078,CHOCH,True,False,True,LOWER_SWEEP,EQUAL_LOW,2.825,0.13542210951693856,0,58.55,-13.5724,25.94,20.8607,,True,False,0.0,,0.5259,27.9,2.0,35.9361,71.8721,MID,Tuesday
17469,2024-12-11T04:55:00+00:00,BULLISH,TIMEOUT,50.0,4,True,True,False,False,True,True,False,False,TRANSITION,0.137,CHOCH,False,True,False,LOWER_SWEEP,EQUAL_HIGH,50.8083,2.053449676472847,1,59.54,15.0656,19.77,24.7429,,True,True,0.0,,0.4541,54.6,2.0,54.8243,109.6486,MID,Wednesday
17483,2024-12-11T06:05:00+00:00,BULLISH,LOSS,75.0,6,True,True,True,False,True,True,True,False,BULLISH,0.158,BOS,False,True,False,LOWER_SWEEP,EQUAL_LOW,27.025,1.7443474107494399,1,67.99,16.3153,26.13,15.4929,,True,True,0.0,,0.5965,63.6,2.0,37.1493,74.2986,MID,Wednesday
17496,2024-12-11T07:10:00+00:00,BEARISH,LOSS,62.5,5,True,True,False,False,True,True,True,False,TRANSITION,0.118,BOS,True,False,True,UPPER_SWEEP,EQUAL_HIGH,21.5333,1.2839297852296172,1,28.17,1.3045,21.17,16.7714,,False,True,0.0,,0.5259,58.1,2.0,24.9271,49.8543,MID,Wednesday
17520,2024-12-11T09:10:00+00:00,BEARISH,WIN,62.5,5,True,True,False,False,True,True,True,False,TRANSITION,0.112,BOS,True,False,True,UPPER_SWEEP,EQUAL_HIGH,15.4833,1.1812910559925536,1,33.69,-1.8766,40.54,13.1071,,False,True,0.0,,0.5259,57.9,2.0,25.0107,50.0214,CLOSING,Wednesday
17534,2024-12-12T04:05:00+00:00,BULLISH,LOSS,50.0,4,True,True,False,False,True,True,False,False,TRANSITION,0.121,CHOCH,True,False,False,LOWER_SWEEP,EQUAL_LOW,24.825,1.4502363023501714,3,64.06,1.6619,12.78,17.1179,,True,True,0.0,,0.4541,54.0,2.0,28.5618,57.1236,OPENING,Thursday
17564,2024-12-12T06:35:00+00:00,BEARISH,TIMEOUT,62.5,5,True,True,False,False,True,True,True,False,TRANSITION,0.057,CHOCH,False,True,False,UPPER_SWEEP,EQUAL_LOW,24.75,1.71364476663274,3,30.28,-11.97,71.28,14.4429,,False,False,0.0,,0.5259,56.1,2.0,27.4443,54.8886,MID,Thursday
17597,2024-12-12T09:20:00+00:00,BEARISH,WIN,62.5,5,True,True,False,False,True,True,True,False,RANGE,0.035,CHOCH,False,True,False,UPPER_SWEEP,EQUAL_LOW,14.9875,1.093690709010771,2,28.94,-7.9979,47.71,13.7036,,False,False,0.0,,0.5259,55.3,2.0,29.4704,58.9407,CLOSING,Thursday
17637,2024-12-13T06:25:00+00:00,BULLISH,TIMEOUT,50.0,4,True,True,False,False,True,False,True,False,TRANSITION,0.072,CHOCH,False,True,False,LOWER_SWEEP,EQUAL_LOW,195.25,3.7409302797890134,3,91.1,12.7999,94.32,52.1929,,True,False,0.0,,0.4541,52.4,2.0,217.5193,435.0386,MID,Friday
17649,2024-12-13T07:25:00+00:00,BULLISH,TIMEOUT,62.5,5,True,True,False,False,True,True,True,False,TRANSITION,0.131,BOS,False,True,False,LOWER_SWEEP,EQUAL_LOW,124.925,2.2011819514532998,2,78.72,60.8334,64.54,56.7536,,True,True,0.0,,0.5259,58.5,2.0,142.4754,284.9507,MID,Friday
17683,2024-12-16T04:00:00+00:00,BEARISH,TIMEOUT,50.0,4,True,True,False,False,True,True,False,False,TRANSITION,0.125,CHOCH,False,True,False,UPPER_SWEEP,EQUAL_LOW,74.475,2.653386965180865,3,41.85,18.696,16.53,28.0679,,False,True,0.0,,0.4541,54.2,2.0,89.2568,178.5136,OPENING,Monday
17695,2024-12-16T05:00:00+00:00,BEARISH,WIN,62.5,5,True,True,False,False,True,True,True,False,TRANSITION,0.106,CHOCH,True,True,False,UPPER_SWEEP,EQUAL_HIGH,37.6667,1.270836355784381,3,39.8,-5.8197,32.06,29.6393,,False,True,0.0,,0.5259,57.7,2.0,54.2639,108.5279,MID,Monday
17716,2024-12-16T06:45:00+00:00,BEARISH,LOSS,62.5,5,True,True,False,False,True,True,True,False,TRANSITION,0.061,CHOCH,True,False,False,UPPER_SWEEP,EQUAL_HIGH,17.8167,0.7220547112462006,3,36.29,-20.8081,43.33,24.675,,False,False,0.0,,0.5259,46.9,2.0,22.1675,44.335,MID,Monday
17737,2024-12-16T08:30:00+00:00,BULLISH,TIMEOUT,62.5,5,True,True,False,False,True,True,True,False,TRANSITION,0.104,CHOCH,False,False,True,LOWER_SWEEP,EQUAL_HIGH,39.12,1.9995604238332063,3,59.77,2.2103,23.14,19.5643,,True,False,0.0,,0.5259,57.6,2.0,42.8564,85.7129,MID,Monday
17755,2024-12-17T03:45:00+00:00,BEARISH,WIN,62.5,5,True,True,False,False,True,True,True,False,RANGE,0.037,CHOCH,False,True,True,UPPER_SWEEP,PDL,69.7,3.5025125628140708,3,29.6,-3.8789,39.62,19.9,,False,False,0.0,,0.5259,55.4,2.0,75.09,150.18,OPENING,Tuesday
17768,2024-12-17T04:50:00+00:00,BEARISH,TIMEOUT,50.0,4,True,True,False,False,True,False,True,False,TRANSITION,-0.082,BOS,False,True,False,UPPER_SWEEP,EQUAL_LOW,29.875,0.9126122245743943,2,13.25,-45.9164,79.18,32.7357,,False,False,0.0,,0.4541,49.8,2.0,104.1236,208.2471,MID,Tuesday
17794,2024-12-17T07:00:00+00:00,BULLISH,LOSS,50.0,4,True,True,False,False,True,True,False,False,RANGE,-0.034,CHOCH,False,True,False,LOWER_SWEEP,EQUAL_HIGH,45.475,1.445288787610085,2,51.09,-25.6275,13.67,31.4643,,True,False,0.0,,0.4541,51.1,2.0,103.9464,207.8929,MID,Tuesday
17806,2024-12-17T08:00:00+00:00,BEARISH,LOSS,50.0,4,True,True,False,False,True,True,False,False,TRANSITION,-0.113,CHOCH,False,True,False,UPPER_SWEEP,EQUAL_LOW,14.4333,0.4561307591908453,3,44.03,-25.7624,6.83,31.6429,,False,False,0.0,,0.4541,35.6,2.0,40.8143,81.6286,MID,Tuesday
17825,2024-12-17T09:35:00+00:00,BULLISH,LOSS,50.0,4,True,True,False,False,True,True,False,False,TRANSITION,-0.088,CHOCH,False,True,False,LOWER_SWEEP,EQUAL_HIGH,43.525,1.7530186961810168,2,43.83,-14.5936,0.88,24.8286,,True,False,0.0,,0.4541,52.9,2.0,54.2329,108.4657,CLOSING,Tuesday
17838,2024-12-18T04:25:00+00:00,BEARISH,TIMEOUT,62.5,5,True,True,False,False,True,True,True,False,TRANSITION,-0.14,CHOCH,False,True,False,UPPER_SWEEP,PDL,91.0,2.392935843023409,2,36.14,-7.7833,26.18,38.0286,,False,False,0.0,,0.5259,58.8,2.0,130.7029,261.4057,OPENING,Wednesday
17850,2024-12-18T05:25:00+00:00,BEARISH,TIMEOUT,75.0,6,True,True,True,False,True,True,True,False,BEARISH,-0.161,BOS,False,True,False,UPPER_SWEEP,PDL,10.1,0.27566028826969946,2,26.33,-22.1085,52.79,36.6393,,False,False,0.0,,0.5965,39.6,2.0,91.0139,182.0279,MID,Wednesday
17867,2024-12-18T06:50:00+00:00,BEARISH,WIN,62.5,5,True,True,True,False,True,True,False,False,BEARISH,-0.16,CHOCH,False,True,False,UPPER_SWEEP,EQUAL_LOW,24.325,1.1995404021973903,2,44.02,-18.2059,4.02,20.2786,,False,False,0.0,,0.5259,59.5,2.0,37.0779,74.1557,MID,Wednesday
17905,2024-12-19T03:45:00+00:00,BEARISH,TIMEOUT,62.5,5,True,True,True,False,True,False,True,False,BEARISH,-0.335,CHOCH,False,True,False,UPPER_SWEEP,PDL,65.45,1.6153354443344794,1,17.84,-22.3652,75.18,40.5179,,False,False,0.0,,0.5259,65.3,2.0,299.8018,599.6036,OPENING,Thursday
17954,2024-12-19T07:50:00+00:00,BEARISH,LOSS,75.0,6,True,True,True,False,True,True,True,False,BEARISH,-0.249,BOS,True,True,False,UPPER_SWEEP,EQUAL_LOW,20.375,1.3496595214753186,3,30.36,-6.3575,50.1,15.0964,,False,False,0.0,,0.5965,66.6,2.0,25.1596,50.3193,MID,Thursday
17977,2024-12-19T09:45:00+00:00,BEARISH,LOSS,75.0,6,True,True,True,False,True,True,True,False,BEARISH,-0.245,CHOCH,False,True,False,UPPER_SWEEP,EQUAL_LOW,25.16,1.7524430421185335,2,33.21,-4.592,20.94,14.3571,,False,False,0.0,,0.5965,66.5,2.0,30.5857,61.1714,CLOSING,Thursday
17999,2024-12-20T05:20:00+00:00,BULLISH,LOSS,50.0,4,True,True,False,False,True,True,False,False,BEARISH,-0.178,CHOCH,True,False,False,LOWER_SWEEP,EQUAL_HIGH,61.6375,0.9522981846272693,1,44.24,0.1573,6.88,64.725,,True,False,0.0,,0.4541,54.3,2.0,77.0225,154.045,MID,Friday
18015,2024-12-20T06:40:00+00:00,BEARISH,WIN,75.0,6,True,True,True,False,True,True,True,False,BEARISH,-0.232,BOS,False,True,False,UPPER_SWEEP,EQUAL_LOW,55.15,2.146507400877285,2,32.89,-4.3263,50.21,25.6929,,False,False,0.0,,0.5965,66.1,2.0,58.7193,117.4386,MID,Friday
18055,2024-12-23T03:45:00+00:00,BULLISH,TIMEOUT,50.0,4,True,True,False,False,True,True,False,False,BEARISH,-0.244,CHOCH,False,True,False,LOWER_SWEEP,EQUAL_HIGH,188.7,4.430690337713933,3,55.98,-32.0667,9.82,42.5893,,True,False,0.0,,0.4541,58.1,2.0,235.4089,470.8179,OPENING,Monday
18075,2024-12-23T05:25:00+00:00,BULLISH,TIMEOUT,50.0,4,True,True,False,False,True,True,False,False,BEARISH,-0.196,CHOCH,False,True,False,LOWER_SWEEP,EQUAL_LOW,65.9,1.957354037525358,2,63.36,22.4056,15.14,33.6679,,True,True,0.0,,0.4541,56.5,2.0,71.6668,143.3336,MID,Monday
18088,2024-12-23T06:30:00+00:00,BEARISH,WIN,62.5,5,True,True,True,False,True,True,False,False,BEARISH,-0.222,CHOCH,False,True,False,UPPER_SWEEP,EQUAL_HIGH,56.375,2.2976723712794014,3,46.63,19.7433,5.47,24.5357,,False,True,0.0,,0.5259,61.6,2.0,84.0036,168.0071,MID,Monday
18101,2024-12-23T07:35:00+00:00,BEARISH,TIMEOUT,75.0,6,True,True,True,False,True,True,True,False,BEARISH,-0.29,BOS,False,False,True,UPPER_SWEEP,EQUAL_LOW,23.1333,0.752476181492312,1,26.12,-26.6588,62.22,30.7429,,False,False,0.0,,0.5965,59.7,2.0,46.8243,93.6486,MID,Monday
18115,2024-12-23T08:45:00+00:00,BULLISH,TIMEOUT,62.5,5,True,True,False,False,True,True,True,False,BEARISH,-0.24,CHOCH,False,True,False,LOWER_SWEEP,EQUAL_HIGH,66.9,2.59087423609874,2,62.46,-14.8523,22.93,25.8214,,True,False,0.0,,0.5259,62.2,2.0,76.3321,152.6643,MID,Monday
18134,2024-12-24T04:05:00+00:00,BEARISH,LOSS,62.5,5,True,True,True,False,True,True,False,False,BEARISH,-0.227,CHOCH,True,True,False,UPPER_SWEEP,EQUAL_HIGH,51.55,2.1829992843319515,3,41.94,4.9212,1.28,23.6143,,False,True,0.0,,0.5259,61.7,2.0,61.8114,123.6229,OPENING,Tuesday
18154,2024-12-24T05:45:00+00:00,BULLISH,LOSS,62.5,5,True,True,False,False,True,True,True,False,TRANSITION,-0.136,CHOCH,True,False,False,LOWER_SWEEP,EQUAL_LOW,3.1667,0.1494480704884069,3,57.34,20.9535,27.99,21.1893,,True,True,0.0,,0.5259,30.3,2.0,22.9689,45.9379,MID,Tuesday
18166,2024-12-24T06:45:00+00:00,BEARISH,TIMEOUT,75.0,6,True,True,True,False,True,True,True,False,BEARISH,-0.179,CHOCH,False,True,False,UPPER_SWEEP,EQUAL_HIGH,18.9667,1.295920249800146,3,21.85,-0.8005,61.96,14.6357,,False,True,0.0,,0.5965,64.3,2.0,41.8136,83.6271,MID,Tuesday
18184,2024-12-24T08:15:00+00:00,BEARISH,TIMEOUT,62.5,5,True,True,True,False,True,False,True,False,BEARISH,-0.207,CHOCH,False,True,False,UPPER_SWEEP,EQUAL_LOW,44.3,2.5247344184562075,2,19.36,-11.1836,35.44,17.5464,,False,False,0.0,,0.5259,61.1,2.0,48.9546,97.9093,MID,Tuesday
18205,2024-12-26T03:45:00+00:00,BULLISH,TIMEOUT,62.5,5,True,True,False,False,True,True,True,False,TRANSITION,-0.109,CHOCH,False,True,True,LOWER_SWEEP,EQUAL_LOW,140.9667,5.130726114649681,1,76.79,-2.7064,35.82,27.475,,True,False,0.0,,0.5259,57.8,2.0,152.9975,305.995,OPENING,Thursday
18224,2024-12-26T05:20:00+00:00,BEARISH,LOSS,75.0,6,True,True,True,False,True,True,True,False,BEARISH,-0.2,BOS,True,True,False,UPPER_SWEEP,EQUAL_HIGH,34.725,1.4640840883889383,2,20.24,-12.0786,74.62,23.7179,,False,False,0.0,,0.5965,65.0,2.0,39.3218,78.6436,MID,Thursday
18240,2024-12-26T06:40:00+00:00,BEARISH,TIMEOUT,62.5,5,True,True,True,False,True,True,False,False,BEARISH,-0.177,CHOCH,False,True,False,UPPER_SWEEP,EQUAL_LOW,33.8,2.1054467533761896,2,48.18,-1.6713,0.46,16.0536,,False,False,0.0,,0.5259,60.1,2.0,42.7554,85.5107,MID,Thursday
18280,2024-12-27T03:45:00+00:00,BULLISH,WIN,50.0,4,True,True,False,False,True,False,True,False,TRANSITION,-0.092,CHOCH,False,True,False,LOWER_SWEEP,EQUAL_LOW,74.6,3.8474828900476035,2,80.1,7.879,67.83,19.3893,,True,True,0.0,,0.4541,53.1,2.0,86.0389,172.0779,OPENING,Friday
18305,2024-12-27T05:50:00+00:00,BEARISH,TIMEOUT,62.5,5,True,True,False,False,True,True,True,False,TRANSITION,-0.076,BOS,False,True,False,UPPER_SWEEP,EQUAL_HIGH,39.0,2.2281130738819446,2,28.25,15.8083,32.37,17.5036,,False,True,0.0,,0.5259,56.7,2.0,45.6004,91.2007,MID,Friday
18317,2024-12-27T06:50:00+00:00,BEARISH,LOSS,62.5,5,True,True,False,False,True,True,True,False,TRANSITION,-0.098,BOS,False,True,False,UPPER_SWEEP,EQUAL_HIGH,10.9667,0.7206447670177882,3,27.29,-6.9441,96.86,15.2179,,False,True,0.0,,0.5259,48.1,2.0,27.1218,54.2436,MID,Friday
18346,2024-12-27T09:15:00+00:00,BEARISH,WIN,50.0,4,True,True,False,False,True,True,False,False,TRANSITION,-0.104,CHOCH,True,False,True,UPPER_SWEEP,EQUAL_LOW,18.1125,1.353841209095122,0,34.1,-4.6813,12.75,13.3786,,False,False,0.0,,0.4541,53.5,2.0,21.0379,42.0757,CLOSING,Friday
18358,2024-12-30T04:00:00+00:00,BEARISH,TIMEOUT,75.0,6,True,True,True,False,True,True,True,False,BEARISH,-0.15,BOS,False,True,False,UPPER_SWEEP,EQUAL_HIGH,51.2786,2.159744597332255,3,26.26,-18.5779,53.19,23.7429,,False,False,0.0,,0.5965,63.3,2.0,69.0743,138.1486,OPENING,Monday
18370,2024-12-30T05:00:00+00:00,BULLISH,WIN,50.0,4,True,True,False,False,True,True,False,False,TRANSITION,-0.112,CHOCH,False,True,False,LOWER_SWEEP,EQUAL_HIGH,16.55,0.547107438016529,2,54.91,-9.8167,9.34,30.25,,True,False,0.0,,0.4541,38.6,2.0,38.525,77.05,MID,Monday
18382,2024-12-30T06:00:00+00:00,BULLISH,LOSS,62.5,5,True,True,False,False,True,True,True,False,TRANSITION,-0.06,CHOCH,False,True,False,LOWER_SWEEP,EQUAL_HIGH,75.0333,3.1895132837407014,3,68.8,9.6714,43.44,23.525,,True,False,0.0,,0.5259,56.2,2.0,86.3525,172.705,MID,Monday
18405,2024-12-30T07:55:00+00:00,BEARISH,WIN,62.5,5,True,True,True,False,True,False,True,False,BEARISH,-0.166,CHOCH,False,True,False,UPPER_SWEEP,EQUAL_LOW,54.3143,1.6747080824245117,2,15.58,-20.1714,77.21,32.4321,,False,False,0.0,,0.5259,59.7,2.0,66.9932,133.9864,MID,Monday
18430,2024-12-31T03:45:00+00:00,BEARISH,TIMEOUT,75.0,6,True,True,True,False,True,True,True,False,BEARISH,-0.261,BOS,True,True,False,UPPER_SWEEP,PDL,81.0,2.0498907990271875,1,36.79,-28.7185,26.7,39.5143,,False,False,0.0,,0.5965,67.0,2.0,129.5014,259.0029,OPENING,Tuesday
18453,2024-12-31T05:40:00+00:00,BULLISH,TIMEOUT,62.5,5,True,True,False,False,True,True,True,False,BEARISH,-0.198,CHOCH,False,True,False,LOWER_SWEEP,PDL,43.9,1.198517005836969,2,63.82,-6.2752,47.31,36.6286,,True,False,0.0,,0.5259,60.8,2.0,57.3629,114.7257,MID,Tuesday
18479,2024-12-31T07:50:00+00:00,BULLISH,WIN,62.5,5,True,True,False,False,True,True,True,False,BEARISH,-0.181,CHOCH,True,False,True,LOWER_SWEEP,EQUAL_HIGH,24.25,1.3945357202417579,1,59.5,3.1606,27.14,17.3893,,True,False,0.0,,0.5259,60.2,2.0,32.5889,65.1779,MID,Tuesday
18511,2025-01-01T04:15:00+00:00,BEARISH,LOSS,75.0,6,True,True,True,False,True,True,True,False,BEARISH,-0.199,CHOCH,False,True,False,UPPER_SWEEP,EQUAL_LOW,46.875,1.512970392581523,3,34.8,-6.1058,69.2,30.9821,,False,True,0.0,,0.5965,65.0,2.0,82.4982,164.9964,OPENING,Wednesday
18523,2025-01-01T05:15:00+00:00,BULLISH,TIMEOUT,62.5,5,True,True,False,False,True,True,True,False,TRANSITION,-0.09,CHOCH,False,False,True,LOWER_SWEEP,PDH,51.1,1.6322176119793914,2,66.24,10.0491,51.04,31.3071,,True,True,0.0,,0.5259,57.2,2.0,75.2307,150.4614,MID,Wednesday
18542,2025-01-01T06:50:00+00:00,BULLISH,TIMEOUT,50.0,4,True,True,False,False,True,True,False,False,TRANSITION,-0.06,CHOCH,False,True,False,LOWER_SWEEP,EQUAL_LOW,54.025,2.0234082397003745,3,49.86,16.1306,11.67,26.7,,True,True,0.0,,0.4541,52.0,2.0,56.82,113.64,MID,Wednesday
18562,2025-01-01T08:30:00+00:00,BULLISH,LOSS,62.5,5,True,True,False,False,True,True,True,False,RANGE,-0.024,BOS,False,True,False,LOWER_SWEEP,EQUAL_LOW,55.825,2.996736201324845,2,69.51,16.0605,30.05,18.6286,,True,True,0.0,,0.5259,55.0,2.0,67.9129,135.8257,MID,Wednesday
18585,2025-01-02T04:10:00+00:00,BULLISH,TIMEOUT,62.5,5,True,True,False,False,True,True,True,False,RANGE,-0.011,BOS,False,True,False,LOWER_SWEEP,PDH,71.25,2.697770221917632,2,70.62,11.8207,31.11,26.4107,,True,True,0.0,,0.5259,54.5,2.0,77.7911,155.5821,OPENING,Thursday
18618,2025-01-02T06:55:00+00:00,BULLISH,WIN,62.5,5,True,True,False,False,True,True,True,False,TRANSITION,0.106,CHOCH,False,True,False,LOWER_SWEEP,EQUAL_HIGH,40.8,1.7741907428988883,2,68.79,28.7652,20.58,22.9964,,True,True,0.0,,0.5259,57.7,2.0,90.5496,181.0993,MID,Thursday
18658,2025-01-03T04:00:00+00:00,BEARISH,TIMEOUT,62.5,5,True,True,False,False,True,True,True,False,TRANSITION,0.108,CHOCH,False,True,False,UPPER_SWEEP,EQUAL_HIGH,3.9333,0.1515932846175192,3,27.9,11.1813,54.37,25.9464,,False,True,0.0,,0.5259,29.5,2.0,93.8446,187.6893,OPENING,Friday
18670,2025-01-03T05:00:00+00:00,BEARISH,LOSS,62.5,5,True,True,False,False,True,True,True,False,RANGE,0.043,BOS,False,True,False,UPPER_SWEEP,EQUAL_LOW,41.5,1.221486387049301,2,25.52,-25.4357,43.13,33.975,,False,True,0.0,,0.5259,55.6,2.0,54.3975,108.795,MID,Friday
18710,2025-01-03T08:20:00+00:00,BEARISH,WIN,50.0,4,True,True,False,False,True,True,False,False,TRANSITION,0.06,CHOCH,False,True,False,UPPER_SWEEP,EQUAL_LOW,10.65,0.539631226660316,2,46.67,-2.2363,2.0,19.7357,,False,True,0.0,,0.4541,36.7,2.0,26.5736,53.1471,MID,Friday
18724,2025-01-03T09:30:00+00:00,BEARISH,LOSS,62.5,5,True,True,False,False,True,True,True,False,RANGE,0.011,CHOCH,False,True,False,UPPER_SWEEP,EQUAL_LOW,34.225,1.6062720877078533,3,26.47,-14.293,66.77,21.3071,,False,False,0.0,,0.5259,54.5,2.0,48.7807,97.5614,CLOSING,Friday
18736,2025-01-06T04:15:00+00:00,BEARISH,TIMEOUT,62.5,5,True,True,False,False,True,True,True,False,RANGE,-0.02,CHOCH,True,True,False,UPPER_SWEEP,EQUAL_HIGH,103.35,2.424229629786006,3,36.11,-17.8114,35.42,42.6321,,False,False,0.0,,0.5259,54.8,2.0,113.6632,227.3264,OPENING,Monday
18748,2025-01-06T05:15:00+00:00,BEARISH,WIN,62.5,5,True,True,False,False,True,True,True,False,TRANSITION,-0.088,BOS,False,True,False,UPPER_SWEEP,EQUAL_LOW,53.05,1.2438452520515826,3,29.49,-32.5932,44.2,42.65,,False,False,0.0,,0.5259,57.1,2.0,104.815,209.63,MID,Monday
18760,2025-01-06T06:15:00+00:00,BEARISH,TIMEOUT,62.5,5,True,True,True,False,True,False,True,False,BEARISH,-0.245,BOS,False,True,False,UPPER_SWEEP,EQUAL_LOW,79.7875,1.8228226650278492,3,13.16,-74.4238,80.97,43.7714,,False,False,0.0,,0.5259,62.3,2.0,163.8271,327.6543,MID,Monday
18778,2025-01-06T07:45:00+00:00,BEARISH,TIMEOUT,62.5,5,True,True,True,False,True,True,False,False,BEARISH,-0.185,CHOCH,False,True,False,UPPER_SWEEP,EQUAL_LOW,57.17,1.518745898961026,3,49.86,-24.5036,14.75,37.6429,,False,False,0.0,,0.5259,60.3,2.0,100.3643,200.7286,MID,Monday
18793,2025-01-06T09:00:00+00:00,BEARISH,LOSS,75.0,6,True,True,True,False,True,True,True,False,BEARISH,-0.235,BOS,False,True,False,UPPER_SWEEP,EQUAL_LOW,58.15,1.7625004167563325,2,38.17,-33.0516,64.78,32.9929,,False,False,0.0,,0.5965,66.2,2.0,69.6493,139.2986,CLOSING,Monday
18805,2025-01-07T03:45:00+00:00,BULLISH,TIMEOUT,62.5,5,True,True,False,False,True,True,True,False,TRANSITION,-0.085,CHOCH,False,True,False,LOWER_SWEEP,EQUAL_LOW,141.8167,3.5340555115304295,3,64.15,-6.7894,30.0,40.1286,,True,False,0.0,,0.5259,57.0,2.0,177.8629,355.7257,OPENING,Tuesday
18839,2025-01-07T06:35:00+00:00,BEARISH,TIMEOUT,50.0,4,True,True,False,False,True,True,False,False,TRANSITION,-0.094,CHOCH,True,False,False,UPPER_SWEEP,EQUAL_LOW,29.7,1.4510526238646857,2,52.12,8.549,16.67,20.4679,,False,True,0.0,,0.4541,53.1,2.0,32.2468,64.4936,MID,Tuesday
18857,2025-01-07T08:05:00+00:00,BULLISH,LOSS,62.5,5,True,True,False,False,True,True,True,False,TRANSITION,-0.082,CHOCH,True,True,False,LOWER_SWEEP,EQUAL_HIGH,21.3833,1.2102909796863237,3,58.23,3.1093,39.93,17.6679,,True,True,0.0,,0.5259,56.9,2.0,30.9668,61.9336,MID,Tuesday
18881,2025-01-08T03:50:00+00:00,BEARISH,TIMEOUT,50.0,4,True,True,False,False,True,True,False,False,TRANSITION,-0.133,CHOCH,False,True,False,UPPER_SWEEP,EQUAL_HIGH,80.55,3.282008238635206,1,25.45,-10.2146,7.46,24.5429,,False,False,0.0,,0.4541,54.4,2.0,99.5543,199.1086,OPENING,Wednesday
18894,2025-01-08T04:55:00+00:00,BEARISH,TIMEOUT,75.0,6,True,True,True,False,True,True,True,False,BEARISH,-0.164,BOS,True,True,False,UPPER_SWEEP,EQUAL_LOW,63.575,1.6461081162257194,2,39.13,-19.4838,31.52,38.6214,,False,False,0.0,,0.5965,63.8,2.0,80.4621,160.9243,MID,Wednesday
18919,2025-01-08T07:00:00+00:00,BEARISH,LOSS,75.0,6,True,True,True,False,True,True,True,False,BEARISH,-0.215,BOS,False,True,False,UPPER_SWEEP,EQUAL_LOW,29.7,1.29573237236818,2,40.49,-24.3292,36.96,22.9214,,False,False,0.0,,0.5965,65.5,2.0,51.3421,102.6843,MID,Wednesday
18932,2025-01-08T08:05:00+00:00,BULLISH,WIN,62.5,5,True,True,False,False,True,True,True,False,BEARISH,-0.162,CHOCH,True,False,False,LOWER_SWEEP,EQUAL_HIGH,20.05,0.804875013548395,3,60.3,-2.7709,39.97,24.9107,,True,False,0.0,,0.5259,53.1,2.0,35.5911,71.1821,MID,Wednesday
18956,2025-01-09T03:50:00+00:00,BEARISH,TIMEOUT,62.5,5,True,True,False,False,True,True,True,False,TRANSITION,-0.127,CHOCH,False,True,False,UPPER_SWEEP,EQUAL_LOW,74.275,2.4699548408122003,2,39.04,9.3654,46.97,30.0714,,False,True,0.0,,0.5259,58.4,2.0,88.2571,176.5143,OPENING,Thursday
18968,2025-01-09T04:50:00+00:00,BULLISH,LOSS,50.0,4,True,True,False,False,True,True,False,False,TRANSITION,-0.101,BOS,True,False,False,LOWER_SWEEP,EQUAL_LOW,39.0,1.4471243042671615,3,40.29,-3.9512,16.09,26.95,,True,True,0.0,,0.4541,53.4,2.0,43.395,86.79,MID,Thursday
18986,2025-01-09T06:20:00+00:00,BEARISH,LOSS,75.0,6,True,True,True,False,True,True,True,False,BEARISH,-0.168,CHOCH,True,False,False,UPPER_SWEEP,EQUAL_LOW,21.325,0.9419460849054521,2,28.82,-20.2898,60.33,22.6393,,False,False,0.0,,0.5965,62.0,2.0,30.3139,60.6279,MID,Thursday
18998,2025-01-09T07:20:00+00:00,BEARISH,TIMEOUT,62.5,5,True,True,True,False,True,True,False,False,BEARISH,-0.167,CHOCH,False,True,False,UPPER_SWEEP,EQUAL_LOW,27.85,1.2825649456809567,3,44.73,-11.3669,1.95,21.7143,,False,False,0.0,,0.5259,59.7,2.0,34.2714,68.5429,MID,Thursday
19019,2025-01-09T09:05:00+00:00,BEARISH,LOSS,75.0,6,True,True,True,False,True,True,True,False,BEARISH,-0.17,CHOCH,False,True,False,UPPER_SWEEP,EQUAL_LOW,20.73,1.4226498483330359,3,38.87,-7.823,35.64,14.5714,,False,False,0.0,,0.5965,64.0,2.0,24.2071,48.4143,CLOSING,Thursday
19033,2025-01-10T04:00:00+00:00,BEARISH,TIMEOUT,62.5,5,True,True,True,False,True,True,False,False,BEARISH,-0.2,CHOCH,False,True,False,UPPER_SWEEP,EQUAL_LOW,96.4,3.5955793768905697,2,34.63,-5.5591,19.22,26.8107,,False,False,0.0,,0.5259,60.8,2.0,140.0811,280.1621,OPENING,Friday
19051,2025-01-10T05:30:00+00:00,BULLISH,TIMEOUT,62.5,5,True,True,False,False,True,True,True,False,TRANSITION,-0.144,CHOCH,False,False,True,LOWER_SWEEP,PDL,74.3,1.9259382144504984,3,64.94,-9.0534,42.08,38.5786,,True,False,0.0,,0.5259,59.0,2.0,87.4079,174.8157,MID,Friday
19080,2025-01-10T07:55:00+00:00,BEARISH,WIN,75.0,6,True,True,True,False,True,True,True,False,BEARISH,-0.155,CHOCH,True,False,True,UPPER_SWEEP,EQUAL_LOW,37.7875,1.4483907195670256,0,29.81,1.1595,37.1,26.0893,,False,True,0.0,,0.5965,63.5,2.0,49.2089,98.4179,MID,Friday
19092,2025-01-10T08:55:00+00:00,BEARISH,TIMEOUT,75.0,6,True,True,True,False,True,True,True,False,BEARISH,-0.196,BOS,True,False,True,UPPER_SWEEP,EQUAL_LOW,17.425,0.5915382030138744,3,27.39,-19.2494,81.02,29.4571,,False,False,0.0,,0.5965,51.3,2.0,67.8457,135.6914,MID,Friday
19105,2025-01-13T03:45:00+00:00,BEARISH,TIMEOUT,75.0,6,True,True,True,False,True,True,True,False,BEARISH,-0.318,CHOCH,True,True,True,UPPER_SWEEP,PDL,105.05,2.48723236503716,2,26.96,-31.4772,66.89,42.2357,,False,False,0.0,,0.5965,68.9,2.0,211.9236,423.8471,OPENING,Monday
19120,2025-01-13T05:00:00+00:00,BULLISH,LOSS,62.5,5,True,True,False,False,True,True,True,False,BEARISH,-0.229,BOS,False,True,False,LOWER_SWEEP,EQUAL_HIGH,14.25,0.36893203883495146,3,67.58,-31.3494,81.24,38.625,,True,False,0.0,,0.5259,40.8,2.0,79.4625,158.925,MID,Monday
19132,2025-01-13T06:00:00+00:00,BEARISH,TIMEOUT,75.0,6,True,True,True,False,True,True,True,False,BEARISH,-0.292,BOS,False,True,False,UPPER_SWEEP,EQUAL_HIGH,25.85,0.8662026813747994,3,36.69,-21.2459,26.37,29.8429,,False,False,0.0,,0.5965,63.6,2.0,61.3843,122.7686,MID,Monday
19150,2025-01-13T07:30:00+00:00,BEARISH,WIN,75.0,6,True,True,True,False,True,True,True,False,BEARISH,-0.304,CHOCH,True,True,False,UPPER_SWEEP,EQUAL_LOW,25.3667,1.0972752715428307,3,38.44,-21.4055,70.27,23.1179,,False,False,0.0,,0.5965,68.5,2.0,37.6118,75.2236,MID,Monday
19180,2025-01-14T03:45:00+00:00,BULLISH,TIMEOUT,62.5,5,True,True,False,False,True,True,True,False,BEARISH,-0.226,CHOCH,True,True,True,LOWER_SWEEP,EQUAL_LOW,113.3833,3.3163387375582416,1,66.9,-11.4769,35.95,34.1893,,True,False,0.0,,0.5259,61.7,2.0,131.5689,263.1379,OPENING,Tuesday
19201,2025-01-14T05:30:00+00:00,BULLISH,LOSS,62.5,5,True,True,False,False,True,True,True,False,BEARISH,-0.199,CHOCH,False,True,False,LOWER_SWEEP,EQUAL_HIGH,48.7,2.1671991954217362,3,68.08,18.0299,21.37,22.4714,,True,True,0.0,,0.5259,60.8,2.0,56.6471,113.2943,MID,Tuesday
19225,2025-01-14T07:30:00+00:00,BEARISH,TIMEOUT,75.0,6,True,True,True,False,True,True,True,False,BEARISH,-0.252,CHOCH,False,True,False,UPPER_SWEEP,EQUAL_LOW,44.3167,2.5246502142010754,3,36.39,-6.1401,40.3,17.5536,,False,False,0.0,,0.5965,66.7,2.0,49.9054,99.8107,MID,Tuesday
19240,2025-01-14T08:45:00+00:00,BULLISH,TIMEOUT,62.5,5,True,True,False,False,True,True,True,False,BEARISH,-0.218,CHOCH,False,True,False,LOWER_SWEEP,EQUAL_LOW,27.125,1.8860249893965415,2,68.14,-2.6032,46.99,14.3821,,True,False,0.0,,0.5259,61.4,2.0,43.1882,86.3764,MID,Tuesday
19254,2025-01-14T09:55:00+00:00,BULLISH,WIN,62.5,5,True,True,False,False,True,True,True,False,BEARISH,-0.203,CHOCH,False,True,False,LOWER_SWEEP,EQUAL_HIGH,36.525,2.0548523206751055,3,59.13,4.5885,26.17,17.775,,True,True,0.0,,0.5259,60.9,2.0,44.5775,89.155,CLOSING,Tuesday
19268,2025-01-15T04:50:00+00:00,BULLISH,TIMEOUT,62.5,5,True,True,False,False,True,True,True,False,BEARISH,-0.158,CHOCH,False,True,False,LOWER_SWEEP,EQUAL_HIGH,38.5833,1.2738260705925855,2,58.62,12.7887,22.99,30.2893,,True,True,0.0,,0.5259,59.4,2.0,52.5789,105.1579,MID,Wednesday
19283,2025-01-15T06:05:00+00:00,BEARISH,TIMEOUT,62.5,5,True,True,True,False,True,True,False,False,BEARISH,-0.177,CHOCH,True,True,False,UPPER_SWEEP,EQUAL_HIGH,32.0667,1.5059808668617238,2,46.53,8.0429,14.42,21.2929,,False,True,0.0,,0.5259,60.1,2.0,43.3293,86.6586,MID,Wednesday
19299,2025-01-15T07:25:00+00:00,BULLISH,LOSS,62.5,5,True,True,False,False,True,True,True,False,TRANSITION,-0.149,CHOCH,True,False,False,LOWER_SWEEP,EQUAL_HIGH,11.225,0.7075635231305509,3,59.08,4.8086,21.34,15.8643,,True,True,0.0,,0.5259,49.4,2.0,16.7864,33.5729,MID,Wednesday
19320,2025-01-15T09:10:00+00:00,BULLISH,WIN,62.5,5,True,True,False,False,True,True,True,False,BEARISH,-0.174,BOS,False,True,False,LOWER_SWEEP,EQUAL_LOW,48.2,2.227799424099983,2,66.48,-7.6801,35.76,21.6357,,True,False,0.0,,0.5259,60.0,2.0,54.8136,109.6271,CLOSING,Wednesday
19349,2025-01-16T05:20:00+00:00,BEARISH,TIMEOUT,62.5,5,True,True,False,False,True,True,True,False,TRANSITION,-0.11,CHOCH,False,True,False,UPPER_SWEEP,PDH,24.2,1.4265251145051665,2,28.0,14.9347,50.6,16.9643,,False,True,0.0,,0.5259,57.8,2.0,32.5464,65.0929,MID,Thursday
19370,2025-01-16T07:05:00+00:00,BULLISH,TIMEOUT,62.5,5,True,True,False,False,True,True,True,False,TRANSITION,-0.093,CHOCH,True,True,False,LOWER_SWEEP,EQUAL_LOW,7.85,0.7978209832000244,3,66.38,4.8402,53.6,9.8393,,True,True,0.0,,0.5259,50.5,2.0,20.8339,41.6679,MID,Thursday
19391,2025-01-16T08:50:00+00:00,BEARISH,TIMEOUT,62.5,5,True,True,False,False,True,True,True,False,TRANSITION,-0.107,CHOCH,False,True,False,UPPER_SWEEP,EQUAL_HIGH,20.9375,1.719712525667351,2,34.59,3.9626,29.16,12.175,,False,True,0.0,,0.5259,57.7,2.0,38.1675,76.335,MID,Thursday
19405,2025-01-17T03:45:00+00:00,BEARISH,TIMEOUT,75.0,6,True,True,True,False,True,True,True,False,BEARISH,-0.194,CHOCH,True,True,True,UPPER_SWEEP,EQUAL_HIGH,168.225,6.292148700052738,1,25.5,-7.97,44.45,26.7357,,False,False,0.0,,0.5965,64.8,2.0,174.1736,348.3471,OPENING,Friday
19419,2025-01-17T04:55:00+00:00,BULLISH,LOSS,62.5,5,True,True,False,False,True,True,True,False,TRANSITION,-0.126,CHOCH,False,True,False,LOWER_SWEEP,EQUAL_HIGH,46.05,1.527180834129258,2,68.52,-17.9191,33.0,30.1536,,True,False,0.0,,0.5259,58.4,2.0,69.1654,138.3307,MID,Friday
19439,2025-01-17T06:35:00+00:00,BULLISH,TIMEOUT,62.5,5,True,True,False,False,True,True,True,False,BEARISH,-0.155,CHOCH,False,True,False,LOWER_SWEEP,EQUAL_HIGH,63.7,2.8551322907842427,3,79.08,-11.296,60.92,22.3107,,True,False,0.0,,0.5259,59.3,2.0,69.9811,139.9621,MID,Friday
19453,2025-01-17T07:45:00+00:00,BEARISH,TIMEOUT,62.5,5,True,True,True,False,True,True,False,False,BEARISH,-0.159,CHOCH,False,True,False,UPPER_SWEEP,EQUAL_HIGH,35.65,1.3551474696944932,3,48.52,5.6789,0.69,26.3071,,False,False,0.0,,0.5259,59.5,2.0,40.6807,81.3614,MID,Friday
19467,2025-01-17T08:55:00+00:00,BULLISH,TIMEOUT,50.0,4,True,True,False,False,True,True,False,False,TRANSITION,-0.144,BOS,False,True,False,LOWER_SWEEP,EQUAL_LOW,27.225,1.3974366213087912,3,57.34,0.0961,6.26,19.4821,,True,False,0.0,,0.4541,54.8,2.0,38.3982,76.7964,MID,Friday
19505,2025-01-20T05:50:00+00:00,BULLISH,WIN,50.0,4,True,True,False,False,True,False,True,False,TRANSITION,-0.054,BOS,True,True,True,LOWER_SWEEP,EQUAL_HIGH,54.9,2.64897466827503,2,85.55,22.5123,75.5,20.725,,True,True,0.0,,0.4541,51.8,2.0,60.3225,120.645,MID,Monday
19519,2025-01-20T07:00:00+00:00,BEARISH,LOSS,37.5,3,True,True,False,False,False,True,False,False,TRANSITION,-0.053,CHOCH,False,True,False,UPPER_SWEEP,EQUAL_HIGH,16.0,0.8926080892608089,2,53.95,23.5311,13.57,17.925,,True,True,0.0,,0.3843,44.0,2.0,46.0925,92.185,MID,Monday
19539,2025-01-20T08:40:00+00:00,BULLISH,TIMEOUT,50.0,4,True,True,False,False,True,True,False,False,RANGE,-0.035,CHOCH,False,False,True,LOWER_SWEEP,EQUAL_HIGH,28.8875,1.5468540829986612,2,61.11,6.256,18.8,18.675,,True,True,0.0,,0.4541,51.2,2.0,33.5675,67.135,MID,Monday
19553,2025-01-20T09:50:00+00:00,BEARISH,LOSS,62.5,5,True,True,False,False,True,True,True,False,TRANSITION,-0.059,CHOCH,False,True,False,UPPER_SWEEP,EQUAL_HIGH,4.17,0.29484759137093525,2,37.87,2.3313,24.59,14.1429,,False,True,0.0,,0.5259,32.6,2.0,28.2643,56.5286,CLOSING,Monday
19566,2025-01-21T04:40:00+00:00,BEARISH,WIN,62.5,5,True,True,False,False,True,True,True,False,TRANSITION,-0.11,BOS,True,False,False,UPPER_SWEEP,EQUAL_HIGH,85.925,2.2474569798677027,3,34.89,-16.4597,29.69,38.2321,,False,False,0.0,,0.5259,57.8,2.0,90.1232,180.2464,MID,Tuesday
19585,2025-01-21T06:15:00+00:00,BULLISH,LOSS,62.5,5,True,True,False,False,True,True,True,False,RANGE,-0.016,CHOCH,False,True,False,LOWER_SWEEP,EQUAL_HIGH,226.475,5.137572847028613,3,75.02,-16.2727,56.29,44.0821,,True,False,0.0,,0.5259,54.7,2.0,231.8082,463.6164,MID,Tuesday
19616,2025-01-21T08:50:00+00:00,BEARISH,WIN,75.0,6,True,True,True,False,True,True,True,False,BEARISH,-0.184,CHOCH,False,True,False,UPPER_SWEEP,EQUAL_LOW,75.59,1.4350261034646419,3,37.12,-9.602,36.71,52.675,,False,False,0.0,,0.5965,64.5,2.0,96.3175,192.635,MID,Tuesday
19630,2025-01-22T03:45:00+00:00,BULLISH,TIMEOUT,62.5,5,True,True,False,False,True,True,True,False,BEARISH,-0.183,CHOCH,False,True,False,LOWER_SWEEP,EQUAL_LOW,83.025,2.023765996343693,3,42.68,-39.8903,23.0,41.025,,True,False,0.0,,0.5259,60.3,2.0,90.6025,181.205,OPENING,Wednesday
19654,2025-01-22T05:45:00+00:00,BEARISH,TIMEOUT,75.0,6,True,True,True,False,True,True,True,False,BEARISH,-0.212,CHOCH,False,True,False,UPPER_SWEEP,EQUAL_LOW,31.5833,1.3258372723685425,3,37.62,-6.6865,22.8,23.8214,,False,False,0.0,,0.5965,65.4,2.0,48.3321,96.6643,MID,Wednesday
19683,2025-01-22T08:10:00+00:00,BEARISH,LOSS,62.5,5,True,True,True,False,True,True,False,False,BEARISH,-0.246,CHOCH,False,False,True,UPPER_SWEEP,EQUAL_LOW,34.8667,1.4458931007742295,1,37.9,-13.4876,6.72,24.1143,,False,False,0.0,,0.5259,62.4,2.0,45.7614,91.5229,MID,Wednesday
19695,2025-01-22T09:10:00+00:00,BULLISH,WIN,62.5,5,True,True,False,False,True,True,True,False,TRANSITION,-0.135,BOS,False,True,False,LOWER_SWEEP,EQUAL_HIGH,36.4,1.1299329800740663,2,73.1,23.2088,59.16,32.2143,,True,True,0.0,,0.5259,58.7,2.0,40.9714,81.9429,CLOSING,Wednesday
19710,2025-01-23T04:10:00+00:00,BULLISH,TIMEOUT,62.5,5,True,True,False,False,True,True,True,False,TRANSITION,-0.072,CHOCH,False,True,False,LOWER_SWEEP,EQUAL_LOW,90.35,3.0224568375768155,2,66.97,24.4428,33.2,29.8929,,True,True,0.0,,0.5259,56.6,2.0,97.9393,195.8786,OPENING,Thursday
19742,2025-01-23T06:50:00+00:00,BULLISH,TIMEOUT,62.5,5,True,True,False,False,True,True,True,False,RANGE,-0.044,CHOCH,True,True,False,LOWER_SWEEP,EQUAL_HIGH,23.7,1.5530087086437712,3,62.12,12.4845,24.93,15.2607,,True,True,0.0,,0.5259,55.6,2.0,37.2761,74.5521,MID,Thursday
19760,2025-01-23T08:20:00+00:00,BULLISH,LOSS,62.5,5,True,True,False,False,True,True,True,False,RANGE,-0.049,CHOCH,True,False,False,LOWER_SWEEP,EQUAL_HIGH,15.55,1.2889268337160051,3,47.79,6.9247,32.39,12.0643,,True,True,0.0,,0.5259,55.8,2.0,19.7564,39.5129,MID,Thursday
19772,2025-01-23T09:20:00+00:00,BEARISH,LOSS,62.5,5,True,True,False,False,True,True,True,False,TRANSITION,-0.086,BOS,False,True,False,UPPER_SWEEP,EQUAL_LOW,22.4667,1.4114110529655295,3,24.49,-4.2204,56.79,15.9179,,False,True,0.0,,0.5259,57.0,2.0,38.8418,77.6836,CLOSING,Thursday
19787,2025-01-24T04:20:00+00:00,BEARISH,TIMEOUT,50.0,4,True,True,False,False,True,True,False,False,TRANSITION,-0.119,CHOCH,False,True,False,UPPER_SWEEP,EQUAL_LOW,71.9,2.204311129778435,1,40.67,-9.3867,11.52,32.6179,,False,False,0.0,,0.4541,54.0,2.0,92.9118,185.8236,OPENING,Friday
19802,2025-01-24T05:35:00+00:00,BULLISH,WIN,62.5,5,True,True,False,False,True,True,True,False,TRANSITION,-0.05,BOS,False,True,False,LOWER_SWEEP,EQUAL_HIGH,44.0,1.4604063912694252,3,75.39,5.2339,30.11,30.1286,,True,False,0.0,,0.5259,55.8,2.0,51.3129,102.6257,MID,Friday
19819,2025-01-24T07:00:00+00:00,BEARISH,WIN,50.0,4,True,True,False,False,True,True,False,False,RANGE,-0.037,CHOCH,False,True,False,UPPER_SWEEP,EQUAL_HIGH,26.25,1.2193082690003065,1,50.59,20.5159,6.42,21.5286,,False,True,0.0,,0.4541,51.2,2.0,48.3029,96.6057,MID,Friday
19832,2025-01-24T08:05:00+00:00,BEARISH,LOSS,62.5,5,True,True,False,False,True,True,True,False,TRANSITION,-0.125,BOS,False,True,False,UPPER_SWEEP,EQUAL_LOW,28.525,0.9231391585760518,1,24.1,-24.1845,47.94,30.9,,False,False,0.0,,0.5259,55.8,2.0,43.09,86.18,MID,Friday
19844,2025-01-24T09:05:00+00:00,BEARISH,WIN,75.0,6,True,True,True,False,True,True,True,False,BEARISH,-0.162,CHOCH,True,False,True,UPPER_SWEEP,EQUAL_LOW,45.7667,1.5259178005461294,1,32.16,-26.9203,26.34,29.9929,,False,False,0.0,,0.5965,63.7,2.0,66.4993,132.9986,CLOSING,Friday
19856,2025-01-27T03:50:00+00:00,BEARISH,TIMEOUT,75.0,6,True,True,True,False,True,True,True,False,BEARISH,-0.253,BOS,True,True,True,UPPER_SWEEP,EQUAL_LOW,126.025,2.949926734610757,3,29.59,-46.652,58.0,42.7214,,False,False,0.0,,0.5965,66.8,2.0,145.5221,291.0443,OPENING,Monday
19868,2025-01-27T04:50:00+00:00,BEARISH,TIMEOUT,75.0,6,True,True,True,False,True,True,True,False,BEARISH,-0.286,CHOCH,True,True,False,UPPER_SWEEP,EQUAL_LOW,13.7,0.2993135451395413,3,24.73,-50.0215,55.75,45.7714,,False,False,0.0,,0.5965,44.5,2.0,99.0271,198.0543,MID,Monday
19897,2025-01-27T07:15:00+00:00,BEARISH,TIMEOUT,62.5,5,True,True,True,False,True,True,False,False,BEARISH,-0.284,CHOCH,False,True,False,UPPER_SWEEP,EQUAL_LOW,77.325,2.76725035697798,3,48.74,-10.1781,9.14,27.9429,,False,False,0.0,,0.5259,63.6,2.0,80.7443,161.4886,MID,Monday
19918,2025-01-27T09:00:00+00:00,BEARISH,LOSS,75.0,6,True,True,True,False,True,True,True,False,BEARISH,-0.305,BOS,False,True,False,UPPER_SWEEP,EQUAL_LOW,32.1667,1.1929365865236627,2,36.76,-15.7537,34.63,26.9643,,False,False,0.0,,0.5965,68.5,2.0,48.7964,97.5929,CLOSING,Monday
19930,2025-01-28T03:45:00+00:00,BULLISH,TIMEOUT,62.5,5,True,True,False,False,True,True,True,False,BEARISH,-0.182,CHOCH,False,True,False,LOWER_SWEEP,EQUAL_HIGH,68.275,2.2223922086884063,1,66.34,-2.3706,40.41,30.7214,,True,False,0.0,,0.5259,60.2,2.0,115.0721,230.1443,OPENING,Tuesday
19952,2025-01-28T05:35:00+00:00,BULLISH,WIN,62.5,5,True,True,False,False,True,True,True,False,BEARISH,-0.159,BOS,True,True,False,LOWER_SWEEP,EQUAL_HIGH,55.1,1.6632154694131356,3,62.21,16.7586,56.96,33.1286,,True,True,0.0,,0.5259,59.5,2.0,69.7129,139.4257,MID,Tuesday
19992,2025-01-28T08:55:00+00:00,BULLISH,LOSS,62.5,5,True,True,False,False,True,True,True,False,RANGE,-0.038,BOS,False,False,True,LOWER_SWEEP,EQUAL_HIGH,31.725,1.3274058577405858,3,63.81,19.7584,40.07,23.9,,True,True,0.0,,0.5259,55.4,2.0,75.69,151.38,MID,Tuesday
20018,2025-01-29T04:50:00+00:00,BULLISH,LOSS,62.5,5,True,True,False,False,True,True,True,False,RANGE,-0.042,BOS,True,False,True,LOWER_SWEEP,EQUAL_HIGH,19.4333,0.550574562844936,1,73.49,13.98,50.56,35.2964,,True,True,0.0,,0.5259,40.6,2.0,49.7796,99.5593,MID,Wednesday
20041,2025-01-29T06:45:00+00:00,BULLISH,LOSS,50.0,4,True,True,False,False,True,True,False,False,RANGE,-0.017,BOS,False,True,False,LOWER_SWEEP,PDH,39.9,1.098308219969941,2,55.66,17.2808,5.38,36.3286,,True,True,0.0,,0.4541,50.6,2.0,50.1829,100.3657,MID,Wednesday
20055,2025-01-29T07:55:00+00:00,BULLISH,TIMEOUT,50.0,4,True,True,False,False,True,True,False,False,RANGE,-0.008,CHOCH,False,True,False,LOWER_SWEEP,PDH,29.9,1.2475018670805536,3,58.09,12.5629,3.98,23.9679,,True,True,0.0,,0.4541,50.3,2.0,57.2968,114.5936,MID,Wednesday
20076,2025-01-29T09:40:00+00:00,BULLISH,WIN,50.0,4,True,True,False,False,True,True,False,False,RANGE,-0.021,CHOCH,True,True,False,LOWER_SWEEP,EQUAL_HIGH,18.875,0.8706743055363354,3,48.72,5.6916,4.83,21.6786,,True,True,0.0,,0.4541,46.4,2.0,30.6179,61.2357,CLOSING,Wednesday
20131,2025-01-30T08:00:00+00:00,BEARISH,WIN,62.5,5,True,True,False,False,True,True,True,False,RANGE,-0.005,CHOCH,False,True,False,UPPER_SWEEP,EQUAL_LOW,41.2,2.2866149773281017,3,24.16,-4.9784,41.23,18.0179,,False,True,0.0,,0.5259,54.3,2.0,51.5518,103.1036,MID,Thursday
20149,2025-01-30T09:30:00+00:00,BULLISH,WIN,50.0,4,True,True,False,False,True,True,False,False,RANGE,0.0,CHOCH,False,True,False,LOWER_SWEEP,PDH,34.55,1.1921151331339,2,59.63,-14.2109,6.81,28.9821,,True,False,0.0,,0.4541,50.0,2.0,79.2482,158.4964,CLOSING,Thursday
20161,2025-01-31T04:15:00+00:00,BULLISH,TIMEOUT,50.0,4,True,True,False,False,True,False,True,False,TRANSITION,0.111,BOS,False,True,False,LOWER_SWEEP,EQUAL_HIGH,31.6,1.006484819915659,2,95.48,36.6371,83.85,31.3964,,True,True,0.0,,0.4541,53.7,2.0,85.2896,170.5793,OPENING,Friday
20195,2025-01-31T07:05:00+00:00,BULLISH,WIN,50.0,4,True,True,False,False,True,False,True,False,TRANSITION,0.148,BOS,False,True,False,LOWER_SWEEP,EQUAL_HIGH,21.4167,1.3264071248080067,3,81.04,22.072,53.39,16.1464,,True,True,0.0,,0.4541,54.9,2.0,44.5146,89.0293,MID,Friday
20213,2025-01-31T08:35:00+00:00,BEARISH,TIMEOUT,62.5,5,True,True,False,False,True,True,True,False,TRANSITION,0.107,CHOCH,False,True,False,UPPER_SWEEP,EQUAL_HIGH,60.0333,2.8529005032576307,3,36.58,12.4546,20.86,21.0429,,False,True,0.0,,0.5259,57.7,2.0,70.7543,141.5086,MID,Friday
20259,2025-02-01T06:10:00+00:00,BULLISH,LOSS,62.5,5,True,True,True,False,True,True,False,False,BULLISH,0.209,CHOCH,False,False,True,LOWER_SWEEP,EQUAL_HIGH,26.11,0.8753344105992235,1,64.32,20.107,13.41,29.8286,,True,True,0.0,,0.5259,57.0,2.0,65.4829,130.9657,MID,Saturday
20280,2025-02-01T07:55:00+00:00,BULLISH,TIMEOUT,62.5,5,True,True,False,False,True,True,True,False,TRANSITION,0.065,CHOCH,False,True,False,LOWER_SWEEP,EQUAL_LOW,106.025,1.9638150522418332,3,43.03,-35.3025,23.23,53.9893,,True,False,0.0,,0.5259,56.3,2.0,129.1989,258.3979,MID,Saturday
20292,2025-02-01T08:55:00+00:00,BULLISH,LOSS,50.0,4,True,True,False,False,True,False,True,False,TRANSITION,0.134,BOS,True,True,False,LOWER_SWEEP,EQUAL_LOW,21.325,0.6497285307756525,2,87.01,17.5684,70.38,32.8214,,True,True,0.0,,0.4541,42.8,2.0,26.8821,53.7643,MID,Saturday
20305,2025-02-03T03:45:00+00:00,BEARISH,TIMEOUT,50.0,4,True,True,False,False,True,False,True,False,TRANSITION,-0.088,BOS,False,True,True,UPPER_SWEEP,EQUAL_HIGH,213.9833,5.018028792600879,1,14.91,-15.0869,73.28,42.6429,,False,False,0.0,,0.4541,52.9,2.0,241.0143,482.0286,OPENING,Monday
20350,2025-02-03T07:30:00+00:00,BULLISH,TIMEOUT,62.5,5,True,True,False,False,True,True,True,False,RANGE,-0.008,CHOCH,False,True,False,LOWER_SWEEP,EQUAL_HIGH,68.875,3.4860885453836845,2,67.88,-5.5391,34.58,19.7571,,True,False,0.0,,0.5259,54.4,2.0,72.7757,145.5514,MID,Monday
20371,2025-02-03T09:15:00+00:00,BEARISH,LOSS,50.0,4,True,True,False,False,True,True,False,False,RANGE,-0.005,CHOCH,False,False,True,UPPER_SWEEP,EQUAL_HIGH,23.575,1.2398563186654254,2,47.14,9.4634,11.95,19.0143,,False,True,0.0,,0.4541,50.2,2.0,35.0514,70.1029,CLOSING,Monday
20384,2025-02-04T04:05:00+00:00,BULLISH,LOSS,62.5,5,True,True,True,False,True,False,True,False,BULLISH,0.16,BOS,True,False,True,LOWER_SWEEP,EQUAL_LOW,48.975,1.4831291223267336,1,82.48,48.4777,63.02,33.0214,,True,True,0.0,,0.5259,59.5,2.0,71.2521,142.5043,OPENING,Tuesday
20397,2025-02-04T05:10:00+00:00,BEARISH,LOSS,62.5,5,True,True,False,False,True,True,True,False,TRANSITION,0.078,CHOCH,True,True,True,UPPER_SWEEP,EQUAL_LOW,64.825,2.0694333599361534,3,40.28,21.932,41.16,31.325,,False,True,0.0,,0.5259,56.8,2.0,68.0325,136.065,MID,Tuesday
20410,2025-02-04T06:15:00+00:00,BULLISH,TIMEOUT,62.5,5,True,True,True,False,True,False,True,False,BULLISH,0.18,CHOCH,False,False,True,LOWER_SWEEP,EQUAL_HIGH,69.9,2.3386295430137207,3,81.7,26.961,84.25,29.8893,,True,True,0.0,,0.5259,60.2,2.0,73.2389,146.4779,MID,Tuesday
20428,2025-02-04T07:45:00+00:00,BULLISH,WIN,75.0,6,True,True,True,False,True,True,True,False,BULLISH,0.188,BOS,True,False,False,LOWER_SWEEP,EQUAL_HIGH,51.15,1.9740879250657064,2,75.07,30.2568,48.79,25.9107,,True,True,0.0,,0.5965,64.6,2.0,56.6911,113.3821,MID,Tuesday
20455,2025-02-05T03:45:00+00:00,BULLISH,TIMEOUT,75.0,6,True,True,True,False,True,True,True,False,BULLISH,0.247,BOS,False,True,False,LOWER_SWEEP,PDH,65.7,2.091643930253067,1,78.26,29.828,65.54,31.4107,,True,True,0.0,,0.5965,66.6,2.0,75.3411,150.6821,OPENING,Wednesday
20497,2025-02-05T07:15:00+00:00,BEARISH,LOSS,62.5,5,True,True,False,False,True,True,True,False,BULLISH,0.174,CHOCH,False,True,False,UPPER_SWEEP,EQUAL_LOW,13.475,0.9897681114710267,2,31.39,-3.574,47.19,13.6143,,False,True,0.0,,0.5259,59.6,2.0,23.2614,46.5229,MID,Wednesday
20511,2025-02-05T08:25:00+00:00,BULLISH,LOSS,75.0,6,True,True,True,False,True,True,True,False,BULLISH,0.208,CHOCH,False,True,False,LOWER_SWEEP,PDH,30.55,2.0621966613339815,2,71.85,3.7821,45.91,14.8143,,True,True,0.0,,0.5965,65.3,2.0,39.9814,79.9629,MID,Wednesday
20525,2025-02-05T09:35:00+00:00,BEARISH,LOSS,50.0,4,True,True,False,False,True,False,True,False,TRANSITION,0.145,BOS,False,True,False,UPPER_SWEEP,EQUAL_LOW,21.475,1.570383912248629,2,14.9,-8.1465,80.6,13.675,,False,False,0.0,,0.4541,54.8,2.0,36.5175,73.035,CLOSING,Wednesday
20552,2025-02-06T05:35:00+00:00,BEARISH,TIMEOUT,62.5,5,True,True,False,False,True,True,True,False,TRANSITION,0.073,CHOCH,False,True,False,UPPER_SWEEP,EQUAL_LOW,24.7,1.2038269023633021,1,41.54,-18.2188,29.52,20.5179,,False,False,0.0,,0.5259,56.6,2.0,33.3018,66.6036,MID,Thursday
20585,2025-02-06T08:20:00+00:00,BEARISH,TIMEOUT,62.5,5,True,True,False,False,True,True,True,False,RANGE,0.04,BOS,False,True,False,UPPER_SWEEP,EQUAL_LOW,22.2,1.5901781429297959,3,23.09,-11.1698,49.93,13.9607,,False,False,0.0,,0.5259,55.5,2.0,33.3461,66.6921,MID,Thursday
20599,2025-02-06T09:30:00+00:00,BULLISH,WIN,62.5,5,True,True,False,False,True,True,True,False,TRANSITION,0.071,CHOCH,False,True,False,LOWER_SWEEP,EQUAL_HIGH,31.05,1.9488956258120398,2,68.41,-4.4622,33.83,15.9321,,True,False,0.0,,0.5259,56.5,2.0,38.1432,76.2864,CLOSING,Thursday
20614,2025-02-07T04:30:00+00:00,BEARISH,LOSS,50.0,4,True,True,False,False,True,True,False,False,RANGE,0.043,CHOCH,True,False,True,UPPER_SWEEP,EQUAL_LOW,32.0833,1.1442261397395799,3,42.02,1.1815,19.64,28.0393,,False,False,0.0,,0.4541,51.4,2.0,36.8039,73.6079,MID,Friday
20626,2025-02-07T05:30:00+00:00,BULLISH,WIN,50.0,4,True,True,False,False,True,True,False,False,TRANSITION,0.078,CHOCH,False,True,False,LOWER_SWEEP,EQUAL_HIGH,60.2667,1.415186318412049,3,52.1,-0.8595,19.14,42.5857,,True,False,0.0,,0.4541,52.6,2.0,69.1586,138.3171,MID,Friday
20639,2025-02-07T06:35:00+00:00,BEARISH,TIMEOUT,50.0,4,True,True,False,False,True,True,False,False,TRANSITION,0.064,CHOCH,False,True,False,UPPER_SWEEP,EQUAL_LOW,60.5,2.661434711267327,3,49.51,13.5303,13.1,22.7321,,False,True,0.0,,0.4541,52.1,2.0,65.3732,130.7464,MID,Friday
20660,2025-02-07T08:20:00+00:00,BEARISH,TIMEOUT,62.5,5,True,True,False,False,True,True,True,False,RANGE,-0.017,CHOCH,False,True,False,UPPER_SWEEP,EQUAL_LOW,58.95,2.482847503885372,3,29.06,-15.9175,45.8,23.7429,,False,False,0.0,,0.5259,54.7,2.0,93.9743,187.9486,MID,Friday
20675,2025-02-07T09:35:00+00:00,BULLISH,LOSS,62.5,5,True,True,False,False,True,True,True,False,RANGE,0.037,CHOCH,False,True,False,LOWER_SWEEP,EQUAL_LOW,89.85,3.2146690518783543,3,58.83,-14.8859,21.29,27.95,,True,False,0.0,,0.5259,55.4,2.0,95.095,190.19,CLOSING,Friday
20691,2025-02-10T04:40:00+00:00,BEARISH,TIMEOUT,62.5,5,True,True,False,False,True,True,True,False,TRANSITION,-0.101,BOS,False,True,False,UPPER_SWEEP,PDL,18.2,0.5024154589371981,2,20.52,-32.228,77.97,36.225,,False,False,0.0,,0.5259,40.9,2.0,91.9225,183.845,MID,Monday
20713,2025-02-10T06:30:00+00:00,BEARISH,TIMEOUT,62.5,5,True,True,False,False,True,True,True,False,TRANSITION,-0.092,CHOCH,False,True,False,UPPER_SWEEP,EQUAL_LOW,39.6,2.030394388728235,3,30.66,-17.7742,81.6,19.5036,,False,False,0.0,,0.5259,57.2,2.0,43.2004,86.4007,MID,Monday
20728,2025-02-10T07:45:00+00:00,BEARISH,LOSS,62.5,5,True,True,False,False,True,True,True,False,TRANSITION,-0.102,CHOCH,False,False,True,UPPER_SWEEP,EQUAL_LOW,19.7333,1.1530299223456408,3,43.51,-13.9819,36.21,17.1143,,False,False,0.0,,0.5259,57.6,2.0,25.4114,50.8229,MID,Monday
20756,2025-02-11T03:50:00+00:00,BEARISH,TIMEOUT,50.0,4,True,True,False,False,True,True,False,False,TRANSITION,-0.103,CHOCH,False,True,False,UPPER_SWEEP,PDL,73.75,3.2402342634453247,1,41.79,-0.3083,2.91,22.7607,,False,False,0.0,,0.4541,53.4,2.0,78.7261,157.4521,OPENING,Tuesday
20813,2025-02-11T08:35:00+00:00,BEARISH,LOSS,75.0,6,True,True,True,False,True,True,True,False,BEARISH,-0.294,CHOCH,False,True,False,UPPER_SWEEP,EQUAL_LOW,51.3,1.220806541428891,3,25.73,-57.9092,81.02,42.0214,,False,False,0.0,,0.5965,68.1,2.0,76.5521,153.1043,MID,Tuesday
20831,2025-02-12T03:50:00+00:00,BEARISH,WIN,62.5,5,True,True,True,False,True,True,False,False,BEARISH,-0.259,CHOCH,False,True,False,UPPER_SWEEP,EQUAL_LOW,74.95,2.103859649122807,1,46.95,-17.4915,7.15,35.625,,False,False,0.0,,0.5259,62.8,2.0,101.2125,202.425,OPENING,Wednesday
20860,2025-02-12T06:15:00+00:00,BULLISH,TIMEOUT,62.5,5,True,True,False,False,True,True,True,False,BEARISH,-0.218,CHOCH,True,True,True,LOWER_SWEEP,PDL,90.75,2.017787659811006,2,62.62,4.7699,20.81,44.975,,True,False,0.0,,0.5259,61.4,2.0,113.1975,226.395,MID,Wednesday
20884,2025-02-12T08:15:00+00:00,BEARISH,TIMEOUT,62.5,5,True,True,True,False,True,True,False,False,BEARISH,-0.179,CHOCH,False,True,False,UPPER_SWEEP,EQUAL_HIGH,90.225,2.384879507085253,3,48.8,28.4961,11.04,37.8321,,False,True,0.0,,0.5259,60.1,2.0,106.4332,212.8664,MID,Wednesday
20899,2025-02-12T09:30:00+00:00,BULLISH,WIN,50.0,4,True,True,False,False,True,True,False,False,BEARISH,-0.178,CHOCH,False,True,False,LOWER_SWEEP,EQUAL_LOW,55.0,1.7222105668577798,2,49.85,-12.1144,3.96,31.9357,,True,False,0.0,,0.4541,55.9,2.0,66.1436,132.2871,CLOSING,Wednesday
20911,2025-02-13T04:15:00+00:00,BULLISH,TIMEOUT,62.5,5,True,True,False,False,True,True,True,False,TRANSITION,-0.083,BOS,False,True,False,LOWER_SWEEP,EQUAL_HIGH,90.2167,2.35992686104121,3,75.13,22.1488,58.3,38.2286,,True,True,0.0,,0.5259,56.9,2.0,113.0729,226.1457,OPENING,Thursday
20934,2025-02-13T06:10:00+00:00,BULLISH,LOSS,62.5,5,True,True,False,False,True,True,True,False,RANGE,-0.024,CHOCH,False,False,True,LOWER_SWEEP,EQUAL_HIGH,21.25,1.0103603539351753,3,67.55,26.7832,54.53,21.0321,,True,True,0.0,,0.5259,55.0,2.0,38.8032,77.6064,MID,Thursday
20953,2025-02-13T07:45:00+00:00,BEARISH,WIN,62.5,5,True,True,False,False,True,True,True,False,TRANSITION,-0.073,BOS,True,True,True,UPPER_SWEEP,EQUAL_LOW,20.975,1.096325024435373,3,32.77,-0.6579,58.22,19.1321,,False,True,0.0,,0.5259,56.6,2.0,35.8632,71.7264,MID,Thursday
20969,2025-02-13T09:05:00+00:00,BEARISH,LOSS,75.0,6,True,True,True,False,True,True,True,False,BEARISH,-0.181,BOS,False,True,False,UPPER_SWEEP,EQUAL_LOW,40.2167,1.2180271913113798,3,25.64,-35.5853,74.59,33.0179,,False,False,0.0,,0.5965,64.4,2.0,46.4018,92.8036,CLOSING,Thursday
20981,2025-02-14T03:50:00+00:00,BULLISH,LOSS,50.0,4,True,True,False,False,True,True,False,False,TRANSITION,-0.109,CHOCH,False,True,False,LOWER_SWEEP,EQUAL_HIGH,68.5,2.2427470868843495,2,57.21,-15.4094,17.39,30.5429,,True,False,0.0,,0.4541,53.6,2.0,76.3543,152.7086,OPENING,Friday
20996,2025-02-14T05:05:00+00:00,BEARISH,TIMEOUT,75.0,6,True,True,True,False,True,True,True,False,BEARISH,-0.209,CHOCH,False,True,False,UPPER_SWEEP,EQUAL_LOW,119.1833,2.9610757763975157,2,38.68,-13.214,25.87,40.25,,False,False,0.0,,0.5965,65.3,2.0,134.525,269.05,MID,Friday
21014,2025-02-14T06:35:00+00:00,BEARISH,TIMEOUT,75.0,6,True,True,True,False,True,True,True,False,BEARISH,-0.284,CHOCH,False,True,False,UPPER_SWEEP,EQUAL_LOW,77.675,2.047543606681833,2,38.61,-38.7611,33.36,37.9357,,False,False,0.0,,0.5965,67.8,2.0,101.2936,202.5871,MID,Friday
21026,2025-02-14T07:35:00+00:00,BEARISH,TIMEOUT,75.0,6,True,True,True,False,True,True,True,False,BEARISH,-0.299,BOS,True,False,False,UPPER_SWEEP,EQUAL_LOW,36.6333,1.1394494556765162,3,26.45,-35.6423,48.03,32.15,,False,False,0.0,,0.5965,68.3,2.0,67.765,135.53,MID,Friday
21044,2025-02-14T09:05:00+00:00,BULLISH,LOSS,62.5,5,True,True,False,False,True,True,True,False,BEARISH,-0.19,CHOCH,False,True,False,LOWER_SWEEP,EQUAL_LOW,56.925,1.82598235765838,2,64.2,4.4891,47.04,31.175,,True,False,0.0,,0.5259,60.5,2.0,80.0175,160.035,CLOSING,Friday
21070,2025-02-17T05:00:00+00:00,BULLISH,WIN,50.0,4,True,True,False,False,True,True,False,False,BEARISH,-0.227,CHOCH,True,False,False,LOWER_SWEEP,EQUAL_LOW,65.3167,1.5049930875576036,3,46.97,-17.5177,1.24,43.4,,True,False,0.0,,0.4541,57.6,2.0,78.19,156.38,MID,Monday
21091,2025-02-17T06:45:00+00:00,BEARISH,LOSS,62.5,5,True,True,True,False,True,True,False,False,BEARISH,-0.226,CHOCH,False,True,False,UPPER_SWEEP,EQUAL_LOW,71.7333,2.6320669562920127,3,42.68,-1.2245,12.91,27.2536,,False,False,0.0,,0.5259,61.7,2.0,80.5754,161.1507,MID,Monday
21106,2025-02-17T08:00:00+00:00,BULLISH,TIMEOUT,62.5,5,True,True,False,False,True,True,True,False,TRANSITION,-0.147,BOS,False,False,True,LOWER_SWEEP,EQUAL_LOW,55.625,2.080271360880801,2,73.39,8.8636,62.38,26.7393,,True,True,0.0,,0.5259,59.1,2.0,77.0739,154.1479,MID,Monday
21123,2025-02-17T09:25:00+00:00,BULLISH,WIN,62.5,5,True,True,False,False,True,True,True,False,TRANSITION,-0.124,CHOCH,False,False,True,LOWER_SWEEP,EQUAL_HIGH,27.5,0.9568778641094251,1,54.51,15.1176,20.27,28.7393,,True,True,0.0,,0.5259,56.9,2.0,45.4739,90.9479,CLOSING,Monday
21142,2025-02-18T04:45:00+00:00,BEARISH,TIMEOUT,75.0,6,True,True,True,False,True,True,True,False,BEARISH,-0.171,CHOCH,False,True,False,UPPER_SWEEP,EQUAL_HIGH,74.9667,2.0109848545814493,3,33.3,-2.0116,29.59,37.2786,,False,True,0.0,,0.5965,64.0,2.0,80.7279,161.4557,MID,Tuesday
21183,2025-02-18T08:10:00+00:00,BULLISH,TIMEOUT,62.5,5,True,True,False,False,True,True,True,False,TRANSITION,-0.112,CHOCH,False,False,True,LOWER_SWEEP,EQUAL_HIGH,28.2,1.2075226089339546,3,58.4,10.4006,32.14,23.3536,,True,True,0.0,,0.5259,57.9,2.0,48.6354,97.2707,MID,Tuesday
21205,2025-02-19T03:45:00+00:00,BEARISH,LOSS,75.0,6,True,True,True,False,True,True,True,False,BEARISH,-0.153,CHOCH,True,True,True,UPPER_SWEEP,EQUAL_HIGH,80.1875,3.0452375617592216,3,31.64,4.9629,44.12,26.3321,,False,True,0.0,,0.5965,63.4,2.0,94.7832,189.5664,OPENING,Wednesday
21218,2025-02-19T04:50:00+00:00,BULLISH,LOSS,62.5,5,True,True,False,False,True,True,True,False,RANGE,-0.017,BOS,False,True,False,LOWER_SWEEP,EQUAL_LOW,58.55,1.5571808510638296,2,68.67,25.2785,25.19,37.6,,True,True,0.0,,0.5259,54.7,2.0,85.96,171.92,MID,Wednesday
21237,2025-02-19T06:25:00+00:00,BULLISH,LOSS,50.0,4,True,True,False,False,True,True,False,False,RANGE,-0.049,BOS,False,True,False,LOWER_SWEEP,PDH,39.05,1.4902532476453616,3,51.43,6.6362,14.35,26.2036,,True,True,0.0,,0.4541,51.6,2.0,50.8204,101.6407,MID,Wednesday
21265,2025-02-19T08:45:00+00:00,BEARISH,TIMEOUT,62.5,5,True,True,False,False,True,True,True,False,TRANSITION,-0.14,CHOCH,True,False,True,UPPER_SWEEP,EQUAL_LOW,64.6833,3.3846640887042336,1,38.11,-10.2514,25.43,19.1107,,False,False,0.0,,0.5259,58.8,2.0,68.5111,137.0221,MID,Wednesday
21280,2025-02-20T03:45:00+00:00,BEARISH,TIMEOUT,75.0,6,True,True,True,False,True,True,True,False,BEARISH,-0.15,BOS,True,True,True,UPPER_SWEEP,EQUAL_LOW,67.6,2.6832956904524683,3,43.1,-7.9832,27.37,25.1929,,False,False,0.0,,0.5965,63.3,2.0,85.6193,171.2386,OPENING,Thursday
21302,2025-02-20T05:35:00+00:00,BULLISH,TIMEOUT,62.5,5,True,True,False,False,True,True,True,False,TRANSITION,-0.104,CHOCH,False,True,False,LOWER_SWEEP,EQUAL_HIGH,34.55,1.821844202000601,3,63.76,-0.6498,46.25,18.9643,,True,False,0.0,,0.5259,57.6,2.0,36.7964,73.5929,MID,Thursday
21320,2025-02-20T07:05:00+00:00,BULLISH,LOSS,50.0,4,True,True,False,False,True,True,False,False,TRANSITION,-0.103,CHOCH,False,False,True,LOWER_SWEEP,EQUAL_HIGH,14.38,1.3367915144416247,1,50.93,0.7031,15.76,10.7571,,True,False,0.0,,0.4541,53.4,2.0,19.5757,39.1514,MID,Thursday
21334,2025-02-20T08:15:00+00:00,BULLISH,TIMEOUT,50.0,4,True,True,False,False,True,True,False,False,TRANSITION,-0.098,CHOCH,False,True,False,LOWER_SWEEP,EQUAL_HIGH,24.5083,1.8092113033721136,3,52.66,0.7707,10.58,13.5464,,True,False,0.0,,0.4541,53.3,2.0,28.1046,56.2093,MID,Thursday
21360,2025-02-21T04:10:00+00:00,BEARISH,WIN,50.0,4,True,True,False,False,True,False,True,False,TRANSITION,-0.141,CHOCH,False,True,False,UPPER_SWEEP,EQUAL_LOW,53.75,2.606958031613307,3,19.18,-6.4749,71.39,20.6179,,False,False,0.0,,0.4541,54.7,2.0,65.9618,131.9236,OPENING,Friday
21383,2025-02-21T06:05:00+00:00,BULLISH,TIMEOUT,50.0,4,True,True,False,False,True,True,False,False,BEARISH,-0.156,CHOCH,False,True,False,LOWER_SWEEP,EQUAL_LOW,60.325,2.6143011917659806,2,59.37,-19.5215,17.12,23.075,,True,False,0.0,,0.4541,55.2,2.0,63.2075,126.415,MID,Friday
21395,2025-02-21T07:05:00+00:00,BULLISH,LOSS,62.5,5,True,True,False,False,True,True,True,False,TRANSITION,-0.137,CHOCH,False,True,False,LOWER_SWEEP,EQUAL_HIGH,21.3,1.1696420236454392,3,73.54,0.8804,53.09,18.2107,,True,False,0.0,,0.5259,58.7,2.0,29.3211,58.6421,MID,Friday
21407,2025-02-21T08:05:00+00:00,BEARISH,LOSS,75.0,6,True,True,True,False,True,True,True,False,BEARISH,-0.207,BOS,False,False,True,UPPER_SWEEP,EQUAL_LOW,42.25,2.118548455841427,3,25.09,-12.2833,58.42,19.9429,,False,False,0.0,,0.5965,65.2,2.0,54.2943,108.5886,MID,Friday
21425,2025-02-21T09:35:00+00:00,BULLISH,LOSS,62.5,5,True,True,False,False,True,True,True,False,TRANSITION,-0.137,BOS,False,True,False,LOWER_SWEEP,EQUAL_HIGH,33.65,1.7804232804232805,1,67.69,3.7626,26.18,18.9,,True,False,0.0,,0.5259,58.7,2.0,37.89,75.78,CLOSING,Friday
21459,2025-02-24T06:10:00+00:00,BULLISH,LOSS,62.5,5,True,True,False,False,True,True,True,False,BEARISH,-0.248,BOS,False,True,False,LOWER_SWEEP,EQUAL_HIGH,20.9167,1.3149285539161757,3,62.52,-17.1313,27.72,15.9071,,True,False,0.0,,0.5259,62.4,2.0,47.9407,95.8814,MID,Monday
21476,2025-02-24T07:35:00+00:00,BULLISH,LOSS,50.0,4,True,True,False,False,True,True,False,False,BEARISH,-0.247,CHOCH,True,False,False,LOWER_SWEEP,EQUAL_HIGH,21.825,1.3980795223788811,3,48.11,-5.5697,6.19,15.6107,,True,False,0.0,,0.4541,58.2,2.0,24.3111,48.6221,MID,Monday
21494,2025-02-24T09:05:00+00:00,BULLISH,LOSS,50.0,4,True,True,False,False,True,True,False,False,BEARISH,-0.253,BOS,False,True,False,LOWER_SWEEP,EQUAL_LOW,26.025,1.4856232767626254,2,52.22,-5.9657,1.27,17.5179,,True,False,0.0,,0.4541,58.4,2.0,31.4518,62.9036,CLOSING,Monday
21509,2025-02-25T04:05:00+00:00,BULLISH,TIMEOUT,62.5,5,True,True,False,False,True,True,True,False,BEARISH,-0.197,CHOCH,False,True,False,LOWER_SWEEP,EQUAL_HIGH,61.825,2.608253598609494,2,61.06,3.3222,38.13,23.7036,,True,False,0.0,,0.5259,60.7,2.0,71.4204,142.8407,OPENING,Tuesday
21531,2025-02-25T05:55:00+00:00,BEARISH,LOSS,75.0,6,True,True,True,False,True,True,True,False,BEARISH,-0.23,BOS,False,True,False,UPPER_SWEEP,EQUAL_HIGH,11.35,0.890692071663436,3,33.02,-4.1587,22.18,12.7429,,False,False,0.0,,0.5965,62.4,2.0,17.5243,35.0486,MID,Tuesday
21552,2025-02-25T07:40:00+00:00,BULLISH,TIMEOUT,62.5,5,True,True,False,False,True,True,True,False,BEARISH,-0.187,BOS,True,True,False,LOWER_SWEEP,EQUAL_HIGH,20.0312,1.8210181818181816,3,75.48,4.302,82.51,11.0,,True,True,0.0,,0.5259,60.4,2.0,25.3,50.6,MID,Tuesday
21575,2025-02-25T09:35:00+00:00,BEARISH,WIN,75.0,6,True,True,True,False,True,True,True,False,BEARISH,-0.214,BOS,False,True,False,UPPER_SWEEP,EQUAL_HIGH,23.0,2.317380352644836,3,20.2,-3.2948,68.07,9.925,,False,False,0.0,,0.5965,65.5,2.0,26.5925,53.185,CLOSING,Tuesday
21597,2025-02-27T05:10:00+00:00,BULLISH,TIMEOUT,62.5,5,True,True,False,False,True,True,True,False,BEARISH,-0.189,CHOCH,False,True,False,LOWER_SWEEP,EQUAL_LOW,24.0562,1.4865932110171116,3,46.25,-5.4153,35.55,16.1821,,True,False,0.0,,0.5259,60.5,2.0,28.6182,57.2364,MID,Thursday
21613,2025-02-27T06:30:00+00:00,BEARISH,TIMEOUT,62.5,5,True,True,True,False,True,False,True,False,BEARISH,-0.204,BOS,False,True,False,UPPER_SWEEP,EQUAL_LOW,5.53,0.6223482674409445,2,15.82,-6.9128,45.79,8.8857,,False,False,0.0,,0.5259,48.4,2.0,16.4886,32.9771,MID,Thursday
21631,2025-02-27T08:00:00+00:00,BULLISH,WIN,62.5,5,True,True,False,False,True,True,True,False,BEARISH,-0.187,BOS,False,False,True,LOWER_SWEEP,EQUAL_HIGH,5.525,0.7524275150145039,1,61.68,-0.6156,25.39,7.3429,,True,False,0.0,,0.5259,52.1,2.0,9.4343,18.8686,MID,Thursday
21655,2025-02-28T03:45:00+00:00,BEARISH,TIMEOUT,62.5,5,True,True,True,False,True,False,True,False,BEARISH,-0.338,CHOCH,False,True,False,UPPER_SWEEP,PDL,40.4,1.618310948033792,3,4.19,-18.4587,93.35,24.9643,,False,False,0.0,,0.5259,65.4,2.0,229.2464,458.4929,OPENING,Friday
21685,2025-02-28T06:15:00+00:00,BEARISH,WIN,75.0,6,True,True,True,False,True,True,True,False,BEARISH,-0.377,CHOCH,False,True,False,UPPER_SWEEP,EQUAL_LOW,37.0167,1.9301043871815462,3,29.19,-31.2522,27.94,19.1786,,False,False,0.0,,0.5965,70.9,2.0,55.6179,111.2357,MID,Friday
21697,2025-02-28T07:15:00+00:00,BEARISH,TIMEOUT,75.0,6,True,True,True,False,True,True,True,False,BEARISH,-0.397,BOS,True,False,False,UPPER_SWEEP,EQUAL_LOW,28.5833,1.4519829114534917,3,25.63,-28.4537,50.95,19.6857,,False,False,0.0,,0.5965,71.6,2.0,78.2186,156.4371,MID,Friday
21720,2025-02-28T09:10:00+00:00,BULLISH,LOSS,62.5,5,True,True,False,False,True,True,True,False,BEARISH,-0.368,CHOCH,True,False,True,LOWER_SWEEP,EQUAL_HIGH,27.1,1.2015820090805904,0,65.2,-12.6123,74.32,22.5536,,True,False,0.0,,0.5259,66.4,2.0,50.6054,101.2107,CLOSING,Friday
21736,2025-03-03T04:15:00+00:00,BEARISH,TIMEOUT,62.5,5,True,True,True,False,True,True,False,False,BEARISH,-0.392,CHOCH,False,True,False,UPPER_SWEEP,PDL,84.4,2.021900730423617,1,39.22,-3.4531,8.32,41.7429,,False,False,0.0,,0.5259,67.2,2.0,107.2243,214.4486,OPENING,Monday
21767,2025-03-03T06:50:00+00:00,BULLISH,WIN,62.5,5,True,True,False,False,True,True,True,False,BEARISH,-0.354,CHOCH,False,True,False,LOWER_SWEEP,EQUAL_HIGH,17.825,0.7728394098238403,2,63.79,-7.1999,53.45,23.0643,,True,False,0.0,,0.5259,58.4,2.0,54.6064,109.2129,MID,Monday
21788,2025-03-03T08:35:00+00:00,BEARISH,LOSS,75.0,6,True,True,True,False,True,True,True,False,BEARISH,-0.343,BOS,False,False,True,UPPER_SWEEP,PDL,44.9,1.7458657199849132,3,41.82,8.1875,21.56,25.7179,,False,True,0.0,,0.5965,69.8,2.0,71.1218,142.2436,MID,Monday
21805,2025-03-04T03:45:00+00:00,BEARISH,TIMEOUT,75.0,6,True,True,True,False,True,True,True,False,BEARISH,-0.392,CHOCH,False,True,False,UPPER_SWEEP,PDL,141.85,4.3761549686403844,1,25.65,-6.025,65.04,32.4143,,False,True,0.0,,0.5965,71.4,2.0,164.3914,328.7829,OPENING,Tuesday
21835,2025-03-04T06:15:00+00:00,BEARISH,TIMEOUT,62.5,5,True,True,True,False,True,True,False,False,BEARISH,-0.323,CHOCH,False,True,False,UPPER_SWEEP,EQUAL_LOW,18.8,1.1028721606908205,2,46.77,-1.8871,13.2,17.0464,,False,False,0.0,,0.5259,64.9,2.0,33.2546,66.5093,MID,Tuesday
21863,2025-03-04T08:35:00+00:00,BULLISH,TIMEOUT,50.0,4,True,True,False,False,True,True,False,False,BEARISH,-0.276,CHOCH,False,False,True,LOWER_SWEEP,EQUAL_HIGH,22.68,1.38958667761344,3,64.6,1.3608,16.05,16.3214,,True,False,0.0,,0.4541,59.2,2.0,39.3821,78.7643,MID,Tuesday
21881,2025-03-05T03:50:00+00:00,BULLISH,TIMEOUT,62.5,5,True,True,False,False,True,True,True,False,BEARISH,-0.177,CHOCH,False,True,False,LOWER_SWEEP,EQUAL_HIGH,104.275,4.68201370367377,2,76.31,14.1007,52.59,22.2714,,True,True,0.0,,0.5259,60.1,2.0,114.3271,228.6543,OPENING,Wednesday
21895,2025-03-05T05:00:00+00:00,BULLISH,TIMEOUT,62.5,5,True,True,False,False,True,True,True,False,TRANSITION,-0.115,BOS,False,True,False,LOWER_SWEEP,EQUAL_HIGH,48.5667,1.7672121126114817,2,71.04,40.9063,60.87,27.4821,,True,True,0.0,,0.5259,58.0,2.0,59.2482,118.4964,MID,Wednesday
21908,2025-03-05T06:05:00+00:00,BULLISH,WIN,50.0,4,True,True,False,False,True,False,True,False,TRANSITION,-0.074,BOS,False,True,False,LOWER_SWEEP,EQUAL_HIGH,16.3333,1.0244873893708173,2,80.84,33.9275,67.99,15.9429,,True,True,0.0,,0.4541,52.5,2.0,50.9443,101.8886,MID,Wednesday
21940,2025-03-05T08:45:00+00:00,BEARISH,LOSS,62.5,5,True,True,False,False,True,True,True,False,TRANSITION,-0.124,CHOCH,True,False,True,UPPER_SWEEP,EQUAL_LOW,26.05,1.4149380523282657,3,28.9,-3.5816,53.52,18.4107,,False,True,0.0,,0.5259,58.3,2.0,39.2911,78.5821,MID,Wednesday
21955,2025-03-06T03:45:00+00:00,BULLISH,LOSS,50.0,4,True,True,False,False,True,False,True,False,RANGE,-0.009,BOS,False,True,True,LOWER_SWEEP,PDH,68.55,2.6803519061583576,3,80.98,9.9985,83.5,25.575,,True,True,0.0,,0.4541,50.3,2.0,108.9575,217.915,OPENING,Thursday
21977,2025-03-06T05:35:00+00:00,BULLISH,LOSS,62.5,5,True,True,False,False,True,True,True,False,RANGE,-0.033,BOS,False,True,False,LOWER_SWEEP,PDH,39.35,1.2382546745294003,1,79.45,14.6225,91.64,31.7786,,True,True,0.0,,0.5259,55.3,2.0,60.7279,121.4557,MID,Thursday
22010,2025-03-06T08:20:00+00:00,BULLISH,WIN,62.5,5,True,True,False,False,True,True,True,False,RANGE,0.027,CHOCH,False,True,False,LOWER_SWEEP,EQUAL_HIGH,13.4,0.623566146873095,3,72.92,26.3609,57.67,21.4893,,True,True,0.0,,0.5259,42.5,2.0,36.9489,73.8979,MID,Thursday
22030,2025-03-07T03:45:00+00:00,BULLISH,TIMEOUT,62.5,5,True,True,False,False,True,True,True,False,TRANSITION,0.052,CHOCH,True,False,True,LOWER_SWEEP,PDH,91.7,3.4631740348809985,0,67.45,21.0088,35.92,26.4786,,True,True,0.0,,0.5259,55.9,2.0,98.4479,196.8957,OPENING,Friday
22042,2025-03-07T04:45:00+00:00,BULLISH,TIMEOUT,50.0,4,True,True,False,False,True,True,False,False,TRANSITION,0.086,CHOCH,False,True,False,LOWER_SWEEP,EQUAL_HIGH,17.9,0.4123749340545671,3,59.79,21.3051,14.84,43.4071,,True,True,0.0,,0.4541,33.3,2.0,76.3407,152.6814,MID,Friday
22060,2025-03-07T06:15:00+00:00,BEARISH,TIMEOUT,50.0,4,True,True,False,False,True,True,False,False,RANGE,0.023,CHOCH,False,False,True,UPPER_SWEEP,PDH,55.65,2.3917070298565832,3,38.83,10.6913,14.51,23.2679,,False,True,0.0,,0.4541,50.8,2.0,65.6268,131.2536,MID,Friday
22086,2025-03-07T08:25:00+00:00,BEARISH,LOSS,50.0,4,True,True,False,False,True,True,False,False,RANGE,0.001,CHOCH,False,True,False,UPPER_SWEEP,EQUAL_LOW,26.725,1.4065789473684212,3,43.54,-2.7618,16.59,19.0,,False,True,0.0,,0.4541,50.0,2.0,44.45,88.9,MID,Friday
22110,2025-03-10T04:10:00+00:00,BULLISH,TIMEOUT,62.5,5,True,True,False,False,True,True,True,False,TRANSITION,0.09,CHOCH,False,True,False,LOWER_SWEEP,PDH,58.45,2.103600053264809,3,61.87,13.3188,30.43,27.7857,,True,True,0.0,,0.5259,57.2,2.0,81.2786,162.5571,OPENING,Monday
22133,2025-03-10T06:05:00+00:00,BULLISH,LOSS,62.5,5,True,True,False,False,True,True,True,False,TRANSITION,0.066,CHOCH,False,True,False,LOWER_SWEEP,PDH,27.25,1.821000648209405,2,64.71,5.843,25.32,14.9643,,True,True,0.0,,0.5259,56.4,2.0,34.4464,68.8929,MID,Monday
22151,2025-03-10T07:35:00+00:00,BULLISH,LOSS,62.5,5,True,True,False,False,True,True,True,False,RANGE,0.034,CHOCH,False,True,False,LOWER_SWEEP,EQUAL_LOW,28.5333,1.8558243902439024,3,48.3,-4.4894,28.6,15.375,,True,False,0.0,,0.5259,55.3,2.0,31.9375,63.875,MID,Monday
22166,2025-03-10T08:50:00+00:00,BEARISH,TIMEOUT,50.0,4,True,True,False,False,True,False,True,False,TRANSITION,-0.063,BOS,False,True,False,UPPER_SWEEP,EQUAL_LOW,65.35,3.431725209920758,2,14.31,-22.505,83.41,19.0429,,False,False,0.0,,0.4541,52.1,2.0,75.3543,150.7086,MID,Monday
22180,2025-03-11T03:45:00+00:00,BEARISH,TIMEOUT,75.0,6,True,True,True,False,True,True,True,False,BEARISH,-0.163,BOS,False,True,False,UPPER_SWEEP,PDL,43.5,1.486996472229059,3,22.09,-38.5713,65.77,29.2536,,False,False,0.0,,0.5965,63.8,2.0,131.9254,263.8507,OPENING,Tuesday
22202,2025-03-11T05:35:00+00:00,BULLISH,LOSS,62.5,5,True,True,False,False,True,True,True,False,TRANSITION,-0.052,BOS,True,False,False,LOWER_SWEEP,EQUAL_HIGH,33.05,1.2010364162963016,3,66.97,2.7708,49.66,27.5179,,True,False,0.0,,0.5259,55.9,2.0,50.6518,101.3036,MID,Tuesday
22222,2025-03-11T07:15:00+00:00,BULLISH,WIN,50.0,4,True,True,False,False,True,True,False,False,TRANSITION,-0.06,CHOCH,True,False,True,LOWER_SWEEP,EQUAL_HIGH,3.9667,0.27962666629070115,3,59.14,5.4489,19.25,14.1857,,True,False,0.0,,0.4541,28.0,2.0,5.7186,11.4371,MID,Tuesday
22234,2025-03-11T08:15:00+00:00,BULLISH,WIN,50.0,4,True,True,False,False,True,True,False,False,RANGE,-0.038,BOS,False,True,False,LOWER_SWEEP,EQUAL_HIGH,21.35,1.4584030657203555,3,59.16,7.5002,2.21,14.6393,,True,True,0.0,,0.4541,51.3,2.0,29.7139,59.4279,MID,Tuesday
22254,2025-03-11T09:55:00+00:00,BULLISH,WIN,50.0,4,True,True,False,False,True,True,False,False,RANGE,-0.005,CHOCH,False,False,True,LOWER_SWEEP,EQUAL_HIGH,38.4333,2.0065836187453012,3,56.59,9.8987,3.34,19.1536,,True,True,0.0,,0.4541,50.2,2.0,54.6654,109.3307,CLOSING,Tuesday
22274,2025-03-12T05:20:00+00:00,BEARISH,WIN,62.5,5,True,True,False,False,True,True,True,False,TRANSITION,-0.095,CHOCH,False,True,False,UPPER_SWEEP,EQUAL_LOW,45.4875,1.5982565432333007,3,29.6,-16.8615,57.16,28.4607,,False,False,0.0,,0.5259,57.3,2.0,57.1961,114.3921,MID,Wednesday
22294,2025-03-12T07:00:00+00:00,BULLISH,LOSS,62.5,5,True,True,False,False,True,True,True,False,TRANSITION,-0.1,BOS,False,True,False,LOWER_SWEEP,EQUAL_HIGH,22.275,1.0489411698225157,2,42.16,-19.0789,26.27,21.2357,,True,False,0.0,,0.5259,57.5,2.0,39.9736,79.9471,MID,Wednesday
22316,2025-03-12T08:50:00+00:00,BULLISH,WIN,62.5,5,True,True,False,False,True,True,True,False,RANGE,-0.043,BOS,True,True,False,LOWER_SWEEP,EQUAL_LOW,27.1833,1.308688870273549,3,64.32,14.4348,48.06,20.7714,,True,True,0.0,,0.5259,55.6,2.0,31.7271,63.4543,MID,Wednesday
22356,2025-03-13T05:55:00+00:00,BEARISH,WIN,62.5,5,True,True,False,False,True,True,True,False,RANGE,-0.034,CHOCH,False,True,False,UPPER_SWEEP,EQUAL_LOW,42.4,2.133719818432521,2,23.53,1.9854,64.55,19.8714,,False,True,0.0,,0.5259,55.3,2.0,50.7371,101.4743,MID,Thursday
22377,2025-03-13T07:40:00+00:00,BEARISH,TIMEOUT,50.0,4,True,True,False,False,True,True,False,False,TRANSITION,-0.065,CHOCH,True,True,False,UPPER_SWEEP,EQUAL_LOW,24.2,1.5131714698397414,2,46.79,-9.6372,1.72,15.9929,,False,False,0.0,,0.4541,52.2,2.0,33.8493,67.6986,MID,Thursday
22391,2025-03-13T08:50:00+00:00,BEARISH,WIN,62.5,5,True,True,False,False,True,True,True,False,TRANSITION,-0.078,CHOCH,False,True,False,UPPER_SWEEP,EQUAL_LOW,23.56,1.3914399277112703,3,41.58,-8.3258,42.52,16.9321,,False,False,0.0,,0.5259,56.8,2.0,30.7932,61.5864,MID,Thursday
22405,2025-03-17T03:45:00+00:00,BULLISH,TIMEOUT,62.5,5,True,True,False,False,True,True,True,False,RANGE,0.008,CHOCH,True,False,True,LOWER_SWEEP,EQUAL_HIGH,145.475,5.603662459024602,0,72.35,-2.8977,41.15,25.9607,,True,False,0.0,,0.5259,54.4,2.0,152.0961,304.1921,OPENING,Monday
22434,2025-03-17T06:10:00+00:00,BULLISH,LOSS,62.5,5,True,True,False,False,True,True,True,False,RANGE,0.01,CHOCH,True,True,False,LOWER_SWEEP,EQUAL_HIGH,26.12,1.6682527415677233,3,69.35,7.2243,32.68,15.6571,,True,True,0.0,,0.5259,54.5,2.0,34.1657,68.3314,MID,Monday
22454,2025-03-17T07:50:00+00:00,BULLISH,WIN,62.5,5,True,True,False,False,True,True,True,False,RANGE,-0.02,CHOCH,False,True,False,LOWER_SWEEP,EQUAL_LOW,34.4833,1.9624674186462092,3,41.13,-6.2532,43.57,17.5714,,True,False,0.0,,0.5259,54.8,2.0,40.3071,80.6143,MID,Monday
22480,2025-03-18T03:45:00+00:00,BULLISH,WIN,62.5,5,True,True,False,False,True,True,True,False,TRANSITION,0.078,CHOCH,True,True,True,LOWER_SWEEP,EQUAL_HIGH,70.95,3.024206438853061,2,77.06,13.6524,62.06,23.4607,,True,True,0.0,,0.5259,56.8,2.0,107.5961,215.1921,OPENING,Tuesday
22508,2025-03-18T06:05:00+00:00,BULLISH,LOSS,75.0,6,True,True,True,False,True,True,True,False,BULLISH,0.179,CHOCH,False,True,False,LOWER_SWEEP,EQUAL_HIGH,27.825,1.8344662082424066,3,57.45,34.3001,25.99,15.1679,,True,True,0.0,,0.5965,64.3,2.0,35.0668,70.1336,MID,Tuesday
22528,2025-03-18T07:45:00+00:00,BULLISH,TIMEOUT,62.5,5,True,True,True,False,True,True,False,False,BULLISH,0.162,CHOCH,False,True,False,LOWER_SWEEP,EQUAL_HIGH,43.925,2.237806058506465,3,53.8,6.849,1.92,19.6286,,True,True,0.0,,0.5259,59.6,2.0,46.8629,93.7257,MID,Tuesday
22548,2025-03-18T09:25:00+00:00,BULLISH,WIN,75.0,6,True,True,True,False,True,True,True,False,BULLISH,0.168,CHOCH,False,False,True,LOWER_SWEEP,EQUAL_HIGH,11.55,0.9996884088076445,3,68.12,11.8789,51.37,11.5536,,True,True,0.0,,0.5965,63.9,2.0,19.6054,39.2107,CLOSING,Tuesday
22568,2025-03-19T04:50:00+00:00,BULLISH,TIMEOUT,75.0,6,True,True,True,False,True,True,True,False,BULLISH,0.216,CHOCH,False,True,False,LOWER_SWEEP,EQUAL_HIGH,43.55,1.3306404795805502,2,59.54,23.16,24.7,32.7286,,True,True,0.0,,0.5965,65.5,2.0,71.9229,143.8457,MID,Wednesday
22597,2025-03-19T07:15:00+00:00,BULLISH,LOSS,75.0,6,True,True,True,False,True,True,True,False,BULLISH,0.206,BOS,False,False,True,LOWER_SWEEP,EQUAL_HIGH,10.82,0.7782157139158203,3,66.02,10.0054,24.59,13.9036,,True,True,0.0,,0.5965,57.8,2.0,33.5904,67.1807,MID,Wednesday
22617,2025-03-19T08:55:00+00:00,BULLISH,LOSS,62.5,5,True,True,True,False,True,True,False,False,BULLISH,0.19,CHOCH,False,True,False,LOWER_SWEEP,EQUAL_HIGH,21.6,1.7962577962577964,3,51.24,4.9972,4.25,12.025,,True,True,0.0,,0.5259,60.5,2.0,23.6525,47.305,MID,Wednesday
22630,2025-03-20T03:45:00+00:00,BULLISH,TIMEOUT,75.0,6,True,True,True,False,True,True,True,False,BULLISH,0.242,CHOCH,True,True,True,LOWER_SWEEP,PDH,44.8,2.2143030135280073,2,78.1,8.2383,60.27,20.2321,,True,True,0.0,,0.5965,66.4,2.0,128.1232,256.2464,OPENING,Thursday
22666,2025-03-20T06:45:00+00:00,BULLISH,WIN,75.0,6,True,True,True,False,True,True,True,False,BULLISH,0.25,BOS,False,True,False,LOWER_SWEEP,EQUAL_HIGH,2.325,0.18605358343202844,3,73.16,16.0239,62.67,12.4964,,True,True,0.0,,0.5965,39.5,2.0,20.3996,40.7993,MID,Thursday
22686,2025-03-20T08:25:00+00:00,BULLISH,WIN,62.5,5,True,True,True,False,True,False,True,False,BULLISH,0.322,BOS,False,True,False,LOWER_SWEEP,EQUAL_HIGH,15.45,0.8300070376001246,2,84.45,33.1978,79.85,18.6143,,True,True,0.0,,0.5259,59.2,2.0,24.8114,49.6229,MID,Thursday
22706,2025-03-21T03:50:00+00:00,BEARISH,LOSS,62.5,5,True,True,False,False,True,True,True,False,BULLISH,0.253,CHOCH,False,False,True,UPPER_SWEEP,EQUAL_HIGH,17.05,0.8645430851765088,0,36.21,8.6589,72.82,19.7214,,False,True,0.0,,0.5259,58.1,2.0,38.6221,77.2443,OPENING,Friday
22719,2025-03-21T04:55:00+00:00,BULLISH,WIN,75.0,6,True,True,True,False,True,True,True,False,BULLISH,0.349,CHOCH,False,True,False,LOWER_SWEEP,EQUAL_HIGH,27.95,1.0515979020715913,2,69.38,26.3207,72.94,26.5786,,True,True,0.0,,0.5965,70.0,2.0,54.2079,108.4157,MID,Friday
22743,2025-03-21T06:55:00+00:00,BULLISH,WIN,75.0,6,True,True,True,False,True,True,True,False,BULLISH,0.369,BOS,True,True,True,LOWER_SWEEP,EQUAL_HIGH,6.2,0.3730916662153461,2,64.81,23.8886,43.28,16.6179,,True,True,0.0,,0.5965,49.7,2.0,25.3118,50.6236,MID,Friday
22756,2025-03-21T08:00:00+00:00,BEARISH,WIN,62.5,5,True,True,False,False,True,True,True,False,BULLISH,0.332,CHOCH,True,False,True,UPPER_SWEEP,EQUAL_LOW,36.425,1.833036424207655,1,39.15,11.4685,37.35,19.8714,,False,True,0.0,,0.5259,65.2,2.0,42.1371,84.2743,MID,Friday
22780,2025-03-24T03:45:00+00:00,BULLISH,TIMEOUT,75.0,6,True,True,True,False,True,True,True,False,BULLISH,0.419,CHOCH,False,True,False,LOWER_SWEEP,PDH,63.6,2.282195644451143,3,76.83,14.0652,61.91,27.8679,,True,True,0.0,,0.5965,72.3,2.0,177.7368,355.4736,OPENING,Monday
22827,2025-03-24T07:40:00+00:00,BULLISH,TIMEOUT,75.0,6,True,True,True,False,True,True,True,False,BULLISH,0.452,BOS,False,True,False,LOWER_SWEEP,EQUAL_HIGH,30.85,1.8242887639187026,3,66.9,19.4777,32.12,16.9107,,True,True,0.0,,0.5965,73.4,2.0,43.0911,86.1821,MID,Monday
22855,2025-03-25T03:45:00+00:00,BULLISH,WIN,75.0,6,True,True,True,False,True,True,True,False,BULLISH,0.439,CHOCH,True,True,True,LOWER_SWEEP,PDH,56.85,2.4767356754496026,3,57.64,9.7971,33.82,22.9536,,True,True,0.0,,0.5965,73.0,2.0,77.2954,154.5907,OPENING,Tuesday
22875,2025-03-25T05:25:00+00:00,BEARISH,WIN,62.5,5,True,True,False,False,True,True,True,False,BULLISH,0.399,BOS,False,True,False,UPPER_SWEEP,PDH,59.8,1.3757278359433052,3,34.33,7.0633,59.17,43.4679,,False,True,0.0,,0.5259,67.5,2.0,71.6468,143.2936,MID,Tuesday
22908,2025-03-25T08:10:00+00:00,BULLISH,TIMEOUT,62.5,5,True,True,True,False,True,True,False,False,BULLISH,0.378,CHOCH,True,True,False,LOWER_SWEEP,PDH,45.75,1.8394621935234847,3,60.48,-2.0895,6.9,24.8714,,True,False,0.0,,0.5259,66.8,2.0,51.0871,102.1743,MID,Tuesday
22921,2025-03-25T09:15:00+00:00,BEARISH,WIN,62.5,5,True,True,False,False,True,True,True,False,BULLISH,0.358,CHOCH,False,True,False,UPPER_SWEEP,EQUAL_HIGH,25.9,1.2973157085397433,2,42.29,3.0876,26.44,19.9643,,False,True,0.0,,0.5259,66.1,2.0,36.2964,72.5929,CLOSING,Tuesday
22951,2025-03-26T05:30:00+00:00,BEARISH,TIMEOUT,50.0,4,True,True,False,False,True,True,False,False,BULLISH,0.28,CHOCH,False,True,False,UPPER_SWEEP,EQUAL_HIGH,61.65,2.068049391661383,2,47.36,-3.1986,14.28,29.8107,,False,False,0.0,,0.4541,59.3,2.0,70.6811,141.3621,MID,Wednesday
22963,2025-03-26T06:30:00+00:00,BEARISH,TIMEOUT,50.0,4,True,True,False,False,True,False,True,False,BULLISH,0.229,BOS,False,True,False,UPPER_SWEEP,EQUAL_LOW,42.45,1.895089285714286,3,19.17,-18.1336,70.35,22.4,,False,False,0.0,,0.4541,57.6,2.0,60.84,121.68,MID,Wednesday
22976,2025-03-26T07:35:00+00:00,BEARISH,TIMEOUT,62.5,5,True,True,False,False,True,True,True,False,BULLISH,0.218,CHOCH,False,True,False,UPPER_SWEEP,EQUAL_LOW,62.0,3.165574883716181,3,42.12,-14.4776,28.88,19.5857,,False,False,0.0,,0.5259,61.4,2.0,74.2086,148.4171,MID,Wednesday
22997,2025-03-26T09:20:00+00:00,BEARISH,WIN,62.5,5,True,True,False,False,True,True,True,False,BULLISH,0.165,BOS,False,False,True,UPPER_SWEEP,EQUAL_LOW,5.95,0.2634410268444193,3,41.51,-20.2442,34.48,22.5857,,False,False,0.0,,0.5259,35.1,2.0,55.5086,111.0171,CLOSING,Wednesday
23012,2025-03-27T04:20:00+00:00,BULLISH,TIMEOUT,62.5,5,True,True,True,False,True,True,False,False,BULLISH,0.215,BOS,False,False,True,LOWER_SWEEP,EQUAL_HIGH,54.05,1.3874236018594814,2,64.3,-1.7497,2.41,38.9571,,True,False,0.0,,0.5259,61.3,2.0,62.6957,125.3914,OPENING,Thursday
23035,2025-03-27T06:15:00+00:00,BULLISH,LOSS,75.0,6,True,True,True,False,True,True,True,False,BULLISH,0.25,CHOCH,False,True,False,LOWER_SWEEP,EQUAL_LOW,9.6,0.6342620427201913,3,65.11,12.0807,35.67,15.1357,,True,True,0.0,,0.5965,54.5,2.0,35.3136,70.6271,MID,Thursday
23064,2025-03-27T08:40:00+00:00,BULLISH,LOSS,62.5,5,True,True,True,False,True,True,False,False,BULLISH,0.235,BOS,True,False,True,LOWER_SWEEP,EQUAL_HIGH,7.3667,0.5982232039173969,2,64.05,5.3115,9.11,12.3143,,True,True,0.0,,0.5259,48.6,2.0,9.7814,19.5629,MID,Thursday
23081,2025-03-28T03:50:00+00:00,BEARISH,TIMEOUT,50.0,4,True,True,False,False,True,True,False,False,BULLISH,0.178,CHOCH,True,False,True,UPPER_SWEEP,EQUAL_LOW,69.1643,2.446440572451311,2,33.53,-3.2361,6.22,28.2714,,False,True,0.0,,0.4541,55.9,2.0,83.5771,167.1543,OPENING,Friday
23095,2025-03-28T05:00:00+00:00,BULLISH,TIMEOUT,75.0,6,True,True,True,False,True,True,True,False,BULLISH,0.228,CHOCH,False,True,False,LOWER_SWEEP,EQUAL_HIGH,100.95,3.5148008105454474,3,61.92,-6.869,24.98,28.7214,,True,False,0.0,,0.5965,65.9,2.0,110.6221,221.2443,MID,Friday
23117,2025-03-28T06:50:00+00:00,BEARISH,WIN,62.5,5,True,True,False,False,True,True,True,False,BULLISH,0.153,CHOCH,False,True,False,UPPER_SWEEP,EQUAL_LOW,43.05,2.1652642326514804,2,36.87,-3.6569,27.25,19.8821,,False,False,0.0,,0.5259,59.3,2.0,65.6382,131.2764,MID,Friday
23134,2025-03-28T08:15:00+00:00,BEARISH,LOSS,62.5,5,True,True,False,False,True,True,True,False,TRANSITION,0.099,CHOCH,False,True,False,UPPER_SWEEP,EQUAL_LOW,46.375,1.8608505140160667,2,40.42,-21.2252,29.87,24.9214,,False,False,0.0,,0.5259,57.5,2.0,60.5421,121.0843,MID,Friday
23146,2025-03-28T09:15:00+00:00,BULLISH,LOSS,75.0,6,True,True,True,False,True,True,True,False,BULLISH,0.193,CHOCH,True,True,False,LOWER_SWEEP,EQUAL_LOW,37.2357,1.2110588556709079,3,63.33,11.7908,49.22,30.7464,,True,False,0.0,,0.5965,64.8,2.0,44.8246,89.6493,CLOSING,Friday
23169,2025-04-01T04:55:00+00:00,BEARISH,TIMEOUT,62.5,5,True,True,False,False,True,True,True,False,RANGE,-0.031,BOS,False,True,False,UPPER_SWEEP,PDL,33.5,0.685221510637297,1,36.2,-32.2171,33.03,48.8893,,False,False,0.0,,0.5259,44.7,2.0,181.3889,362.7779,MID,Tuesday
23203,2025-04-01T07:45:00+00:00,BEARISH,TIMEOUT,50.0,4,True,True,False,False,True,True,False,False,TRANSITION,-0.091,CHOCH,True,False,True,UPPER_SWEEP,EQUAL_LOW,22.5667,0.8468948901164886,1,44.77,-30.1425,4.03,26.6464,,False,False,0.0,,0.4541,47.9,2.0,33.7646,67.5293,MID,Tuesday
23230,2025-04-02T03:45:00+00:00,BULLISH,WIN,62.5,5,True,True,False,False,True,True,True,False,RANGE,-0.036,BOS,False,True,False,LOWER_SWEEP,EQUAL_LOW,25.1833,1.2084522992614914,2,71.13,-2.8473,63.64,20.8393,,True,False,0.0,,0.5259,55.4,2.0,53.1339,106.2679,OPENING,Wednesday
23246,2025-04-02T05:05:00+00:00,BULLISH,WIN,50.0,4,True,True,False,False,True,True,False,False,RANGE,0.017,CHOCH,True,False,False,LOWER_SWEEP,EQUAL_HIGH,18.8667,0.6160555102040817,3,54.68,19.906,11.97,30.625,,True,True,0.0,,0.4541,37.8,2.0,39.1625,78.325,MID,Wednesday
23274,2025-04-02T07:25:00+00:00,BEARISH,LOSS,50.0,4,True,True,False,False,True,True,False,False,RANGE,0.005,CHOCH,False,True,False,UPPER_SWEEP,EQUAL_HIGH,47.0833,2.5618545482245656,2,37.92,2.5463,17.12,18.3786,,False,True,0.0,,0.4541,50.2,2.0,50.8379,101.6757,MID,Wednesday
23293,2025-04-02T09:00:00+00:00,BULLISH,WIN,50.0,4,True,True,False,False,True,True,False,False,TRANSITION,0.051,CHOCH,False,True,False,LOWER_SWEEP,EQUAL_HIGH,20.35,1.2795844965919667,3,55.37,6.3451,10.9,15.9036,,True,True,0.0,,0.4541,51.7,2.0,28.8904,57.7807,CLOSING,Wednesday
23305,2025-04-03T03:45:00+00:00,BEARISH,TIMEOUT,62.5,5,True,True,False,False,True,True,True,False,RANGE,-0.023,CHOCH,False,True,False,UPPER_SWEEP,EQUAL_LOW,97.8,3.413183683725605,1,34.19,4.6771,46.93,28.6536,,False,True,0.0,,0.5259,54.9,2.0,125.2154,250.4307,OPENING,Thursday
23319,2025-04-03T04:55:00+00:00,BULLISH,LOSS,62.5,5,True,True,False,False,True,True,True,False,RANGE,0.042,CHOCH,False,True,False,LOWER_SWEEP,EQUAL_HIGH,43.55,1.460360680585083,2,69.61,-2.4848,26.13,29.8214,,True,False,0.0,,0.5259,55.6,2.0,47.8821,95.7643,MID,Thursday
23347,2025-04-03T07:15:00+00:00,BEARISH,LOSS,62.5,5,True,True,False,False,True,True,True,False,RANGE,0.009,CHOCH,False,True,False,UPPER_SWEEP,EQUAL_LOW,18.1667,1.6798775695144392,2,37.53,-3.9586,37.85,10.8143,,False,False,0.0,,0.5259,54.5,2.0,21.2314,42.4629,MID,Thursday
23364,2025-04-03T08:40:00+00:00,BEARISH,TIMEOUT,50.0,4,True,True,False,False,True,True,False,False,RANGE,0.012,CHOCH,True,False,False,UPPER_SWEEP,EQUAL_LOW,17.25,1.5279955355956525,2,45.61,-2.6489,7.2,11.2893,,False,False,0.0,,0.4541,50.4,2.0,18.6289,37.2579,MID,Thursday
23380,2025-04-04T03:45:00+00:00,BEARISH,TIMEOUT,50.0,4,True,True,False,False,True,False,True,False,TRANSITION,-0.11,CHOCH,False,True,False,UPPER_SWEEP,EQUAL_LOW,114.925,4.889676475093177,1,10.62,-17.2193,95.16,23.5036,,False,False,0.0,,0.4541,53.7,2.0,163.6504,327.3007,OPENING,Friday
23427,2025-04-04T07:40:00+00:00,BEARISH,WIN,75.0,6,True,True,True,False,True,True,True,False,BEARISH,-0.176,CHOCH,False,False,True,UPPER_SWEEP,EQUAL_LOW,28.1625,1.4101415023483583,1,43.99,-14.371,21.92,19.9714,,False,False,0.0,,0.5965,64.2,2.0,37.9971,75.9943,MID,Friday
23450,2025-04-04T09:35:00+00:00,BULLISH,LOSS,50.0,4,True,True,False,False,True,True,False,False,BEARISH,-0.167,CHOCH,False,True,False,LOWER_SWEEP,EQUAL_LOW,20.35,1.0044075476168148,2,59.66,-16.0434,3.12,20.2607,,True,False,0.0,,0.4541,55.6,2.0,65.8261,131.6521,CLOSING,Friday
23488,2025-04-07T06:30:00+00:00,BEARISH,WIN,75.0,6,True,True,True,False,True,True,True,False,BEARISH,-0.75,BOS,False,True,False,UPPER_SWEEP,EQUAL_LOW,50.325,1.3458437296920005,2,34.85,-68.5265,30.41,37.3929,,False,False,0.0,,0.5965,83.3,2.0,70.4893,140.9786,MID,Monday
23509,2025-04-07T08:15:00+00:00,BULLISH,WIN,62.5,5,True,True,False,False,True,True,True,False,BEARISH,-0.669,CHOCH,True,True,True,LOWER_SWEEP,EQUAL_LOW,69.325,1.445454299040673,3,64.13,-12.7367,55.27,47.9607,,True,False,0.0,,0.5259,76.5,2.0,94.2961,188.5921,MID,Monday
23524,2025-04-07T09:30:00+00:00,BULLISH,WIN,62.5,5,True,True,False,False,True,True,True,False,BEARISH,-0.528,BOS,False,True,False,LOWER_SWEEP,EQUAL_HIGH,80.525,1.9356971153846154,3,72.57,28.961,64.41,41.6,,True,False,0.0,,0.5259,71.8,2.0,112.51,225.02,CLOSING,Monday
23553,2025-04-08T05:40:00+00:00,BULLISH,LOSS,62.5,5,True,True,False,False,True,True,True,False,BEARISH,-0.239,CHOCH,True,True,False,LOWER_SWEEP,EQUAL_HIGH,80.2,1.4578027894565595,3,55.32,42.8304,24.1,55.0143,,True,True,0.0,,0.5259,62.1,2.0,89.7514,179.5029,MID,Tuesday
23565,2025-04-08T06:40:00+00:00,BULLISH,TIMEOUT,62.5,5,True,True,False,False,True,True,True,False,TRANSITION,-0.138,BOS,False,True,False,LOWER_SWEEP,EQUAL_HIGH,13.65,0.2347954871103298,2,65.77,40.5714,40.5,58.1357,,True,True,0.0,,0.5259,33.3,2.0,139.2636,278.5271,MID,Tuesday
23583,2025-04-08T08:10:00+00:00,BEARISH,WIN,62.5,5,True,True,False,False,True,True,True,False,TRANSITION,-0.134,CHOCH,True,True,True,UPPER_SWEEP,EQUAL_HIGH,28.45,0.5826085710014519,2,42.97,48.285,37.59,48.8321,,False,True,0.0,,0.5259,44.7,2.0,114.8832,229.7664,MID,Tuesday
23605,2025-04-09T03:45:00+00:00,BEARISH,TIMEOUT,62.5,5,True,True,True,False,True,False,True,False,BEARISH,-0.269,CHOCH,True,True,True,UPPER_SWEEP,EQUAL_HIGH,123.25,2.496743598106324,1,18.13,-19.1158,68.03,49.3643,,False,True,0.0,,0.5259,63.1,2.0,150.1364,300.2729,OPENING,Wednesday
23626,2025-04-09T05:30:00+00:00,BEARISH,LOSS,75.0,6,True,True,True,False,True,True,True,False,BEARISH,-0.292,CHOCH,False,True,False,UPPER_SWEEP,EQUAL_LOW,41.25,1.269371376521707,2,40.81,-31.0961,40.87,32.4964,,False,False,0.0,,0.5965,68.1,2.0,46.2496,92.4993,MID,Wednesday
23644,2025-04-09T07:00:00+00:00,BULLISH,LOSS,62.5,5,True,True,False,False,True,True,True,False,BEARISH,-0.219,CHOCH,True,False,True,LOWER_SWEEP,EQUAL_HIGH,18.475,1.2337228714524209,0,70.1,0.7859,56.23,14.975,,True,False,0.0,,0.5259,61.5,2.0,26.8975,53.795,MID,Wednesday
23656,2025-04-09T08:00:00+00:00,BEARISH,TIMEOUT,62.5,5,True,True,True,False,True,True,False,False,BEARISH,-0.243,BOS,False,False,True,UPPER_SWEEP,EQUAL_LOW,22.75,1.3430307037480889,3,42.5,-1.5627,1.49,16.9393,,False,False,0.0,,0.5259,62.3,2.0,27.8439,55.6879,MID,Wednesday
23680,2025-04-11T03:45:00+00:00,BULLISH,TIMEOUT,50.0,4,True,True,False,False,True,False,True,False,TRANSITION,0.071,CHOCH,False,True,False,LOWER_SWEEP,EQUAL_HIGH,274.0167,7.9187338889595305,2,95.55,26.886,90.26,34.6036,,True,True,0.0,,0.4541,52.4,2.0,375.2104,750.4207,OPENING,Friday
23730,2025-04-11T07:55:00+00:00,BEARISH,WIN,62.5,5,True,True,False,False,True,True,True,False,TRANSITION,0.076,CHOCH,False,False,True,UPPER_SWEEP,EQUAL_HIGH,14.575,0.8505634435710242,3,38.97,18.206,26.31,17.1357,,False,True,0.0,,0.5259,51.7,2.0,43.6136,87.2271,MID,Friday
23755,2025-04-15T03:45:00+00:00,BULLISH,TIMEOUT,62.5,5,True,True,True,False,True,False,True,False,BULLISH,0.378,CHOCH,True,True,True,LOWER_SWEEP,PDH,112.95,1.9772428884026259,3,93.4,33.7878,92.89,57.125,,True,True,0.0,,0.5259,66.8,2.0,474.1625,948.325,OPENING,Tuesday
23788,2025-04-15T06:30:00+00:00,BULLISH,WIN,62.5,5,True,True,True,False,True,True,False,False,BULLISH,0.315,CHOCH,False,True,False,LOWER_SWEEP,EQUAL_HIGH,24.525,2.227378822418193,2,58.69,34.3766,6.28,11.0107,,True,True,0.0,,0.5259,64.7,2.0,27.6011,55.2021,MID,Tuesday
23828,2025-04-15T09:50:00+00:00,BULLISH,LOSS,62.5,5,True,True,True,False,True,True,False,False,BULLISH,0.29,CHOCH,False,True,False,LOWER_SWEEP,EQUAL_HIGH,17.0375,1.5838376514116261,2,60.14,1.8234,16.48,10.7571,,True,True,0.0,,0.5259,63.8,2.0,29.8257,59.6514,CLOSING,Tuesday
23853,2025-04-16T05:40:00+00:00,BULLISH,TIMEOUT,75.0,6,True,True,True,False,True,True,True,False,BULLISH,0.227,CHOCH,False,True,False,LOWER_SWEEP,EQUAL_HIGH,42.6,1.8906360259363308,2,36.84,-7.8174,37.81,22.5321,,True,True,0.0,,0.5965,65.9,2.0,48.0532,96.1064,MID,Wednesday
23866,2025-04-16T06:45:00+00:00,BULLISH,TIMEOUT,75.0,6,True,True,True,False,True,True,True,False,BULLISH,0.231,BOS,True,False,False,LOWER_SWEEP,EQUAL_HIGH,7.58,0.5397745479922239,3,69.27,5.9229,32.13,14.0429,,True,True,0.0,,0.5965,50.7,2.0,21.8543,43.7086,MID,Wednesday
23879,2025-04-16T07:50:00+00:00,BEARISH,LOSS,62.5,5,True,True,False,False,True,True,True,False,BULLISH,0.197,CHOCH,False,True,False,UPPER_SWEEP,EQUAL_LOW,46.475,3.311199298930584,1,36.92,1.5409,26.22,14.0357,,False,True,0.0,,0.5259,60.7,2.0,48.9036,97.8071,MID,Wednesday
23905,2025-04-17T03:45:00+00:00,BEARISH,TIMEOUT,62.5,5,True,True,False,False,True,True,True,False,BULLISH,0.189,CHOCH,False,True,False,UPPER_SWEEP,EQUAL_HIGH,84.4833,4.330100918982917,1,35.07,16.5135,49.27,19.5107,,False,True,0.0,,0.5259,60.5,2.0,96.0011,192.0021,OPENING,Thursday
23923,2025-04-17T05:15:00+00:00,BULLISH,LOSS,75.0,6,True,True,True,False,True,True,True,False,BULLISH,0.247,CHOCH,False,True,False,LOWER_SWEEP,EQUAL_HIGH,40.775,1.4027501126672377,3,70.15,7.9515,37.2,29.0679,,True,True,0.0,,0.5965,66.6,2.0,51.0568,102.1136,MID,Thursday
23979,2025-04-17T09:55:00+00:00,BEARISH,LOSS,37.5,3,True,True,False,False,False,True,False,False,BULLISH,0.457,CHOCH,True,False,True,UPPER_SWEEP,EQUAL_LOW,22.375,1.1997319034852547,0,54.86,28.0799,7.13,18.65,,True,True,0.0,,0.3843,61.1,2.0,26.315,52.63,CLOSING,Thursday
24015,2025-04-21T06:40:00+00:00,BULLISH,WIN,75.0,6,True,True,True,False,True,True,True,False,BULLISH,0.564,BOS,False,True,False,LOWER_SWEEP,EQUAL_HIGH,15.5,0.9640142798502356,3,74.71,37.4304,59.72,16.0786,,True,True,0.0,,0.5965,75.9,2.0,26.9079,53.8157,MID,Monday
24033,2025-04-21T08:10:00+00:00,BEARISH,TIMEOUT,62.5,5,True,True,False,False,True,True,True,False,BULLISH,0.511,CHOCH,False,False,True,UPPER_SWEEP,EQUAL_HIGH,32.05,1.7766764785773281,3,28.79,11.4686,70.53,18.0393,,False,True,0.0,,0.5259,71.2,2.0,59.2039,118.4079,MID,Monday
24050,2025-04-21T09:35:00+00:00,BEARISH,LOSS,62.5,5,True,True,False,False,True,True,True,False,BULLISH,0.492,CHOCH,True,True,False,UPPER_SWEEP,EQUAL_HIGH,17.45,0.9752471650766504,3,36.59,-2.8013,41.21,17.8929,,False,True,0.0,,0.5259,69.7,2.0,37.8393,75.6786,CLOSING,Monday
24065,2025-04-22T04:35:00+00:00,BULLISH,TIMEOUT,75.0,6,True,True,True,False,True,True,True,False,BULLISH,0.491,CHOCH,False,True,False,LOWER_SWEEP,EQUAL_HIGH,50.3667,1.370522448979592,2,65.96,11.2812,52.46,36.75,,True,True,0.0,,0.5965,74.7,2.0,58.425,116.85,MID,Tuesday
24129,2025-04-22T09:55:00+00:00,BEARISH,LOSS,62.5,5,True,True,False,False,True,True,True,False,BULLISH,0.386,BOS,True,False,True,UPPER_SWEEP,EQUAL_HIGH,35.7,2.1186943620178043,3,33.57,-7.6996,61.32,16.85,,False,False,0.0,,0.5259,67.0,2.0,41.885,83.77,CLOSING,Tuesday
24141,2025-04-23T04:40:00+00:00,BEARISH,TIMEOUT,50.0,4,True,True,False,False,True,True,False,False,BULLISH,0.379,CHOCH,False,True,False,UPPER_SWEEP,EQUAL_HIGH,127.75,2.523102932724497,3,52.31,19.8591,8.65,50.6321,,False,True,0.0,,0.4541,62.6,2.0,142.8632,285.7264,MID,Wednesday
24159,2025-04-23T06:10:00+00:00,BULLISH,TIMEOUT,62.5,5,True,True,True,False,True,True,False,False,BULLISH,0.414,CHOCH,False,False,True,LOWER_SWEEP,EQUAL_HIGH,39.55,1.3203755141285185,3,58.95,-3.6296,9.43,29.9536,,True,False,0.0,,0.5259,68.0,2.0,61.4454,122.8907,MID,Wednesday
24172,2025-04-23T07:15:00+00:00,BULLISH,WIN,75.0,6,True,True,True,False,True,True,True,False,BULLISH,0.391,CHOCH,False,True,False,LOWER_SWEEP,EQUAL_HIGH,14.4667,0.6522819294274661,1,57.94,4.2565,22.5,22.1786,,True,True,0.0,,0.5965,59.8,2.0,27.2679,54.5357,MID,Wednesday
24198,2025-04-23T09:25:00+00:00,BULLISH,LOSS,75.0,6,True,True,True,False,True,True,True,False,BULLISH,0.442,BOS,False,True,False,LOWER_SWEEP,EQUAL_HIGH,32.05,2.134631651159228,3,77.04,17.987,28.59,15.0143,,True,True,0.0,,0.5965,73.1,2.0,40.6014,81.2029,CLOSING,Wednesday
24231,2025-04-24T05:55:00+00:00,BEARISH,TIMEOUT,62.5,5,True,True,False,False,True,True,True,False,BULLISH,0.344,CHOCH,False,True,False,UPPER_SWEEP,EQUAL_LOW,18.325,1.3574074074074074,3,21.1,-4.4724,45.19,13.5,,False,True,0.0,,0.5259,65.6,2.0,28.85,57.7,MID,Thursday
24270,2025-04-24T09:10:00+00:00,BEARISH,WIN,62.5,5,True,True,False,False,True,True,True,False,BULLISH,0.317,CHOCH,True,False,False,UPPER_SWEEP,EQUAL_LOW,11.5833,1.0540525784171875,3,39.57,-5.2863,33.33,10.9893,,False,False,0.0,,0.5259,64.7,2.0,15.4989,30.9979,CLOSING,Thursday
24284,2025-04-25T04:05:00+00:00,BEARISH,WIN,62.5,5,True,True,False,False,True,True,True,False,BULLISH,0.278,CHOCH,False,True,False,UPPER_SWEEP,EQUAL_LOW,110.25,3.2973737651671717,2,47.77,6.5619,24.28,33.4357,,False,True,0.0,,0.5259,63.4,2.0,118.8936,237.7871,OPENING,Friday
24304,2025-04-25T05:45:00+00:00,BEARISH,LOSS,62.5,5,True,True,False,False,True,True,True,False,RANGE,0.048,BOS,True,False,False,UPPER_SWEEP,EQUAL_LOW,45.55,0.9580820690365963,2,36.42,-73.3595,55.19,47.5429,,False,False,0.0,,0.5259,54.4,2.0,56.0543,112.1086,MID,Friday
24316,2025-04-25T06:45:00+00:00,BULLISH,WIN,50.0,4,True,True,False,False,True,True,False,False,TRANSITION,0.101,CHOCH,False,True,False,LOWER_SWEEP,EQUAL_LOW,45.3,1.4200626959247649,3,52.53,-40.6593,3.2,31.9,,True,False,0.0,,0.4541,53.4,2.0,94.54,189.08,MID,Friday
24336,2025-04-25T08:25:00+00:00,BULLISH,LOSS,62.5,5,True,True,True,False,True,False,True,False,BULLISH,0.256,BOS,False,True,False,LOWER_SWEEP,EQUAL_LOW,60.45,1.8383862344558286,3,85.39,39.3398,77.18,32.8821,,True,True,0.0,,0.5259,62.7,2.0,88.0382,176.0764,MID,Friday
24353,2025-04-25T09:50:00+00:00,BEARISH,LOSS,62.5,5,True,True,False,False,True,True,True,False,TRANSITION,0.143,BOS,False,True,False,UPPER_SWEEP,EQUAL_LOW,51.525,1.6480458542171104,3,33.47,0.2971,32.37,31.2643,,False,True,0.0,,0.5259,58.9,2.0,86.8264,173.6529,CLOSING,Friday
24366,2025-04-28T04:40:00+00:00,BULLISH,TIMEOUT,75.0,6,True,True,True,False,True,True,True,False,BULLISH,0.332,CHOCH,False,True,False,LOWER_SWEEP,EQUAL_LOW,90.8,1.770349761061274,3,73.98,51.172,69.61,51.2893,,True,True,0.0,,0.5965,69.4,2.0,97.9789,195.9579,MID,Monday
24379,2025-04-28T05:45:00+00:00,BEARISH,LOSS,62.5,5,True,True,False,False,True,True,True,False,BULLISH,0.284,CHOCH,False,True,False,UPPER_SWEEP,EQUAL_LOW,47.45,1.7618381039725832,2,39.58,32.5784,37.21,26.9321,,False,True,0.0,,0.5259,63.6,2.0,58.8932,117.7864,MID,Monday
24392,2025-04-28T06:50:00+00:00,BULLISH,TIMEOUT,75.0,6,True,True,True,False,True,True,True,False,BULLISH,0.34,CHOCH,True,True,False,LOWER_SWEEP,EQUAL_HIGH,39.45,1.8224739448591916,3,79.49,27.2944,60.42,21.6464,,True,True,0.0,,0.5965,69.7,2.0,51.3146,102.6293,MID,Monday
24416,2025-04-28T08:50:00+00:00,BEARISH,TIMEOUT,50.0,4,True,True,False,False,True,True,False,False,BULLISH,0.309,CHOCH,False,True,False,UPPER_SWEEP,EQUAL_HIGH,42.1,2.461988304093567,1,35.25,8.5398,19.8,17.1,,False,True,0.0,,0.4541,60.3,2.0,50.71,101.42,MID,Monday
24430,2025-04-29T03:45:00+00:00,BULLISH,LOSS,75.0,6,True,True,True,False,True,True,True,False,BULLISH,0.377,CHOCH,True,True,True,LOWER_SWEEP,EQUAL_HIGH,48.5333,1.7151757820782856,1,74.86,11.0667,41.12,28.2964,,True,True,0.0,,0.5965,70.9,2.0,132.5296,265.0593,OPENING,Tuesday
24452,2025-04-29T05:35:00+00:00,BULLISH,LOSS,62.5,5,True,True,True,False,True,True,False,False,BULLISH,0.312,CHOCH,False,True,False,LOWER_SWEEP,EQUAL_HIGH,28.5375,1.0231098236468779,3,45.47,1.0942,15.33,27.8929,,True,True,0.0,,0.5259,64.6,2.0,41.4393,82.8786,MID,Tuesday
24474,2025-04-29T07:25:00+00:00,BULLISH,TIMEOUT,62.5,5,True,True,True,False,True,True,False,False,BULLISH,0.296,CHOCH,False,True,False,LOWER_SWEEP,EQUAL_HIGH,26.35,1.6929768765700997,2,58.94,1.6717,5.47,15.5643,,True,True,0.0,,0.5259,64.0,2.0,29.9064,59.8129,MID,Tuesday
24493,2025-04-29T09:00:00+00:00,BEARISH,WIN,62.5,5,True,True,False,False,True,True,True,False,BULLISH,0.278,CHOCH,False,True,False,UPPER_SWEEP,EQUAL_HIGH,19.4,1.3428951157381768,3,35.47,2.2806,20.59,14.4464,,False,True,0.0,,0.5259,63.4,2.0,26.2946,52.5893,CLOSING,Tuesday
24511,2025-04-30T04:15:00+00:00,BULLISH,LOSS,75.0,6,True,True,True,False,True,True,True,False,BULLISH,0.283,CHOCH,False,False,True,LOWER_SWEEP,EQUAL_HIGH,57.87,1.7962064566591862,3,59.99,0.8635,23.23,32.2179,,True,True,0.0,,0.5965,67.8,2.0,69.9218,139.8436,OPENING,Wednesday
24529,2025-04-30T05:45:00+00:00,BULLISH,LOSS,62.5,5,True,True,True,False,True,True,False,False,BULLISH,0.26,CHOCH,True,False,True,LOWER_SWEEP,EQUAL_HIGH,29.8,1.4263218605363543,1,47.75,-1.9147,0.45,20.8929,,True,False,0.0,,0.5259,62.8,2.0,32.3393,64.6786,MID,Wednesday
24544,2025-04-30T07:00:00+00:00,BULLISH,LOSS,62.5,5,True,True,True,False,True,True,False,False,BULLISH,0.256,BOS,False,False,True,LOWER_SWEEP,EQUAL_HIGH,15.015,1.190315752756792,3,74.07,3.0744,9.55,12.6143,,True,True,0.0,,0.5259,62.7,2.0,21.6614,43.3229,MID,Wednesday
24568,2025-04-30T09:00:00+00:00,BEARISH,LOSS,62.5,5,True,True,False,False,True,True,True,False,BULLISH,0.228,CHOCH,True,False,True,UPPER_SWEEP,EQUAL_LOW,4.825,0.4737033291771798,3,44.97,-2.0357,27.29,10.1857,,False,False,0.0,,0.5259,44.2,2.0,17.7186,35.4371,CLOSING,Wednesday
24580,2025-05-02T03:45:00+00:00,BULLISH,TIMEOUT,62.5,5,True,True,True,False,True,True,False,False,BULLISH,0.276,CHOCH,True,False,True,LOWER_SWEEP,PDH,197.4,4.881390132865801,1,59.69,-1.8594,6.41,40.4393,,True,False,0.0,,0.5259,63.4,2.0,215.7939,431.5879,OPENING,Friday
24606,2025-05-02T05:55:00+00:00,BEARISH,WIN,50.0,4,True,True,False,False,True,False,True,False,BULLISH,0.241,BOS,True,True,False,UPPER_SWEEP,EQUAL_HIGH,47.2167,1.3576365926172993,2,19.65,-14.0994,88.9,34.7786,,False,True,0.0,,0.4541,58.0,2.0,59.2279,118.4557,MID,Friday
24618,2025-05-02T06:55:00+00:00,BEARISH,LOSS,62.5,5,True,True,False,False,True,True,True,False,TRANSITION,0.13,CHOCH,False,False,True,UPPER_SWEEP,EQUAL_LOW,60.8833,1.9145691823899371,3,21.63,-43.8376,75.05,31.8,,False,False,0.0,,0.5259,58.5,2.0,84.98,169.96,MID,Friday
24631,2025-05-02T08:00:00+00:00,BULLISH,LOSS,75.0,6,True,True,True,False,True,True,True,False,BULLISH,0.25,CHOCH,False,True,False,LOWER_SWEEP,EQUAL_HIGH,74.4,2.287218017375479,3,68.78,-6.3239,27.48,32.5286,,True,False,0.0,,0.5965,66.7,2.0,101.5029,203.0057,MID,Friday
24655,2025-05-05T03:45:00+00:00,BULLISH,TIMEOUT,75.0,6,True,True,True,False,True,True,True,False,BULLISH,0.264,CHOCH,False,True,True,LOWER_SWEEP,EQUAL_HIGH,88.7667,2.425558251631308,1,64.15,3.2935,32.03,36.5964,,True,False,0.0,,0.5965,67.1,2.0,130.7096,261.4193,OPENING,Monday
24683,2025-05-05T06:05:00+00:00,BEARISH,WIN,62.5,5,True,True,False,False,True,True,True,False,BULLISH,0.261,BOS,False,False,True,UPPER_SWEEP,EQUAL_LOW,24.7167,1.0941773317455608,3,43.38,10.8513,23.92,22.5893,,False,True,0.0,,0.5259,62.9,2.0,38.0089,76.0179,MID,Monday
24699,2025-05-05T07:25:00+00:00,BULLISH,LOSS,75.0,6,True,True,True,False,True,True,True,False,BULLISH,0.269,BOS,False,True,False,LOWER_SWEEP,EQUAL_LOW,22.3833,1.2442563079163724,2,66.98,1.9546,22.4,17.9893,,True,True,0.0,,0.5965,67.3,2.0,34.3989,68.7979,MID,Monday
24712,2025-05-05T08:30:00+00:00,BULLISH,LOSS,62.5,5,True,True,True,False,True,True,False,False,BULLISH,0.268,CHOCH,True,False,False,LOWER_SWEEP,EQUAL_HIGH,7.95,0.5518112597261073,3,55.86,6.3264,15.53,14.4071,,True,True,0.0,,0.5259,48.2,2.0,12.0907,24.1814,MID,Monday
24738,2025-05-06T04:25:00+00:00,BEARISH,TIMEOUT,50.0,4,True,True,False,False,True,True,False,False,BULLISH,0.176,BOS,False,True,False,UPPER_SWEEP,EQUAL_HIGH,69.64,2.4738898756660745,3,33.39,-12.2422,17.69,28.15,,False,False,0.0,,0.4541,55.9,2.0,79.915,159.83,OPENING,Tuesday
24760,2025-05-06T06:15:00+00:00,BEARISH,LOSS,50.0,4,True,True,False,False,True,True,False,False,BULLISH,0.16,CHOCH,True,False,False,UPPER_SWEEP,EQUAL_HIGH,5.575,0.44108455373319727,2,35.52,-16.3765,15.9,12.6393,,False,False,0.0,,0.4541,36.7,2.0,11.8139,23.6279,MID,Tuesday
24792,2025-05-06T08:55:00+00:00,BEARISH,LOSS,62.5,5,True,True,False,False,True,True,True,False,BULLISH,0.166,CHOCH,True,True,False,UPPER_SWEEP,EQUAL_LOW,14.8167,1.1089763260906988,3,40.98,-2.1655,35.57,13.3607,,False,False,0.0,,0.5259,59.7,2.0,18.3861,36.7721,MID,Tuesday
24804,2025-05-06T09:55:00+00:00,BEARISH,WIN,62.5,5,True,True,False,False,True,True,True,False,TRANSITION,0.14,CHOCH,False,False,True,UPPER_SWEEP,EQUAL_HIGH,41.525,2.293742681013721,3,33.5,-6.2414,44.93,18.1036,,False,False,0.0,,0.5259,58.8,2.0,66.5604,133.1207,CLOSING,Tuesday
24816,2025-05-07T04:40:00+00:00,BEARISH,TIMEOUT,62.5,5,True,True,False,False,True,True,True,False,TRANSITION,0.104,CHOCH,False,True,False,UPPER_SWEEP,EQUAL_LOW,60.6,1.1832632682668707,3,41.7,-14.2043,55.3,51.2143,,False,False,0.0,,0.5259,57.6,2.0,78.1714,156.3429,MID,Wednesday
24829,2025-05-07T05:45:00+00:00,BULLISH,TIMEOUT,75.0,6,True,True,True,False,True,True,True,False,BULLISH,0.175,CHOCH,False,True,False,LOWER_SWEEP,EQUAL_HIGH,58.4125,2.140208625686534,3,67.47,-0.0198,49.26,27.2929,,True,False,0.0,,0.5965,64.2,2.0,62.5793,125.1586,MID,Wednesday
24862,2025-05-07T08:30:00+00:00,BULLISH,TIMEOUT,62.5,5,True,True,True,False,True,True,False,False,BULLISH,0.169,CHOCH,False,True,False,LOWER_SWEEP,EQUAL_LOW,35.0333,2.649742084801912,3,48.53,-2.0787,10.4,13.2214,,True,False,0.0,,0.5259,59.8,2.0,44.9221,89.8443,MID,Wednesday
24882,2025-05-08T03:55:00+00:00,BEARISH,TIMEOUT,62.5,5,True,True,False,False,True,True,True,False,BULLISH,0.152,CHOCH,False,False,True,UPPER_SWEEP,EQUAL_HIGH,54.0875,2.6283372046689277,2,40.51,6.0106,32.43,20.5786,,False,True,0.0,,0.5259,59.2,2.0,57.0079,114.0157,OPENING,Thursday
24894,2025-05-08T04:55:00+00:00,BULLISH,TIMEOUT,62.5,5,True,True,True,False,True,True,False,False,BULLISH,0.161,CHOCH,False,True,False,LOWER_SWEEP,EQUAL_HIGH,17.6313,0.9991443013872517,2,52.45,1.1137,5.19,17.6464,,True,True,0.0,,0.5259,59.5,2.0,21.8646,43.7293,MID,Thursday
24907,2025-05-08T06:00:00+00:00,BULLISH,TIMEOUT,62.5,5,True,True,True,False,True,True,False,False,BULLISH,0.163,CHOCH,True,False,False,LOWER_SWEEP,EQUAL_HIGH,5.55,0.5167934595364688,3,51.58,3.4483,6.78,10.7393,,True,True,0.0,,0.5259,43.5,2.0,11.4739,22.9479,MID,Thursday
24925,2025-05-08T07:30:00+00:00,BEARISH,WIN,50.0,4,True,True,False,False,True,True,False,False,TRANSITION,0.149,CHOCH,True,False,False,UPPER_SWEEP,EQUAL_LOW,8.35,1.1382690131821094,2,40.38,-0.5969,13.79,7.3357,,False,True,0.0,,0.4541,55.0,2.0,9.9836,19.9671,MID,Thursday
24937,2025-05-08T08:30:00+00:00,BEARISH,WIN,62.5,5,True,True,False,False,True,True,True,False,TRANSITION,0.109,BOS,True,False,False,UPPER_SWEEP,EQUAL_LOW,9.2083,0.48382995045213084,3,29.0,-16.4262,59.35,19.0321,,False,False,0.0,,0.5259,40.6,2.0,25.1032,50.2064,MID,Thursday
24953,2025-05-08T09:50:00+00:00,BEARISH,WIN,62.5,5,True,True,False,False,True,True,True,False,RANGE,0.022,BOS,False,True,False,UPPER_SWEEP,PDL,102.6,3.1962616822429903,3,32.04,-28.0173,53.15,32.1,,False,False,0.0,,0.5259,54.9,2.0,112.06,224.12,CLOSING,Thursday
25004,2025-05-09T07:50:00+00:00,BEARISH,LOSS,62.5,5,True,True,False,False,True,True,True,False,TRANSITION,-0.102,BOS,True,False,True,UPPER_SWEEP,EQUAL_LOW,27.375,1.1268724606778113,1,33.18,-14.1428,49.48,24.2929,,False,False,0.0,,0.5259,57.6,2.0,49.1793,98.3586,MID,Friday
25030,2025-05-12T03:45:00+00:00,BULLISH,TIMEOUT,62.5,5,True,True,True,False,True,False,True,False,BULLISH,0.355,CHOCH,False,True,False,LOWER_SWEEP,EQUAL_HIGH,451.075,7.890851457990389,3,94.59,47.1644,91.5,57.1643,,True,True,0.0,,0.5259,66.0,2.0,569.7664,1139.5329,OPENING,Monday
25068,2025-05-12T06:55:00+00:00,BEARISH,LOSS,37.5,3,True,True,False,False,False,True,False,False,BULLISH,0.364,CHOCH,False,True,False,UPPER_SWEEP,EQUAL_LOW,15.375,0.9775186602749132,2,50.97,39.8584,7.65,15.7286,,True,True,0.0,,0.3843,57.2,2.0,26.7729,53.5457,MID,Monday
25080,2025-05-12T07:55:00+00:00,BULLISH,WIN,75.0,6,True,True,True,False,True,True,True,False,BULLISH,0.431,BOS,False,True,False,LOWER_SWEEP,EQUAL_HIGH,22.225,0.9071428571428573,3,71.33,40.885,62.79,24.5,,True,True,0.0,,0.5965,69.6,2.0,39.5,79.0,MID,Monday
25098,2025-05-12T09:25:00+00:00,BULLISH,LOSS,75.0,6,True,True,True,False,True,True,True,False,BULLISH,0.478,BOS,False,True,False,LOWER_SWEEP,EQUAL_HIGH,50.3,2.317214183377789,3,71.98,34.9158,37.83,21.7071,,True,True,0.0,,0.5965,74.3,2.0,69.0207,138.0414,CLOSING,Monday
25120,2025-05-13T05:00:00+00:00,BEARISH,LOSS,62.5,5,True,True,False,False,True,True,True,False,BULLISH,0.221,CHOCH,True,True,False,UPPER_SWEEP,EQUAL_LOW,124.8,1.7846775139213424,3,39.84,-39.2126,36.8,69.9286,,False,False,0.0,,0.5259,61.5,2.0,141.2929,282.5857,MID,Tuesday
25145,2025-05-13T07:05:00+00:00,BEARISH,WIN,50.0,4,True,True,False,False,True,False,True,False,BULLISH,0.207,BOS,False,True,False,UPPER_SWEEP,EQUAL_LOW,71.3,1.720887910581409,3,19.8,-18.5802,60.8,41.4321,,False,False,0.0,,0.4541,56.9,2.0,79.0432,158.0864,MID,Tuesday
25165,2025-05-13T08:45:00+00:00,BEARISH,LOSS,62.5,5,True,True,False,False,True,True,True,False,TRANSITION,0.137,BOS,False,True,False,UPPER_SWEEP,EQUAL_LOW,29.7,1.1739130434782608,2,34.44,-30.4803,67.85,25.3,,False,False,0.0,,0.5259,58.7,2.0,48.18,96.36,MID,Tuesday
25181,2025-05-14T03:50:00+00:00,BULLISH,TIMEOUT,75.0,6,True,True,True,False,True,True,True,False,BULLISH,0.222,CHOCH,False,True,False,LOWER_SWEEP,EQUAL_LOW,147.3667,4.181884997715619,3,69.03,-0.0528,41.86,35.2393,,True,False,0.0,,0.5965,65.7,2.0,156.0239,312.0479,OPENING,Wednesday
25200,2025-05-14T05:25:00+00:00,BEARISH,TIMEOUT,62.5,5,True,True,False,False,True,True,True,False,BULLISH,0.203,CHOCH,False,True,False,UPPER_SWEEP,EQUAL_LOW,45.2333,1.9143453272728812,2,36.82,18.1683,48.5,23.6286,,False,True,0.0,,0.5259,60.9,2.0,57.8629,115.7257,MID,Wednesday
25220,2025-05-14T07:05:00+00:00,BEARISH,WIN,62.5,5,True,True,False,False,True,True,True,False,TRANSITION,0.147,BOS,False,True,False,UPPER_SWEEP,EQUAL_LOW,45.675,2.2687648084402516,3,23.11,-12.5578,65.76,20.1321,,False,False,0.0,,0.5259,59.1,2.0,60.2632,120.5264,MID,Wednesday
25237,2025-05-14T08:30:00+00:00,BEARISH,LOSS,50.0,4,True,True,False,False,True,True,False,False,TRANSITION,0.134,CHOCH,False,True,False,UPPER_SWEEP,EQUAL_LOW,28.675,1.2514019629663573,1,58.7,-11.8686,11.71,22.9143,,False,False,0.0,,0.4541,54.5,2.0,39.4414,78.8829,MID,Wednesday
25250,2025-05-14T09:35:00+00:00,BULLISH,LOSS,75.0,6,True,True,True,False,True,True,True,False,BULLISH,0.188,CHOCH,False,True,False,LOWER_SWEEP,EQUAL_LOW,40.8833,1.685165720692313,3,64.18,2.0067,34.13,24.2607,,True,False,0.0,,0.5965,64.6,2.0,51.6761,103.3521,CLOSING,Wednesday
25270,2025-05-15T05:00:00+00:00,BULLISH,WIN,50.0,4,True,True,False,False,True,True,False,False,TRANSITION,0.136,BOS,False,False,True,LOWER_SWEEP,EQUAL_HIGH,80.425,1.9803894047627841,2,50.09,-15.3544,10.42,40.6107,,True,False,0.0,,0.4541,54.5,2.0,93.0111,186.0221,MID,Thursday
25290,2025-05-15T06:40:00+00:00,BULLISH,WIN,62.5,5,True,True,True,False,True,True,False,False,BULLISH,0.156,CHOCH,True,True,False,LOWER_SWEEP,EQUAL_HIGH,40.15,0.8776646905548852,2,42.85,6.137,16.1,45.7464,,True,True,0.0,,0.5259,55.3,2.0,49.1746,98.3493,MID,Thursday
25302,2025-05-15T07:40:00+00:00,BULLISH,WIN,75.0,6,True,True,True,False,True,True,True,False,BULLISH,0.321,CHOCH,False,True,False,LOWER_SWEEP,EQUAL_HIGH,166.85,3.032847823202331,3,73.13,36.8957,81.66,55.0143,,True,True,0.0,,0.5965,69.0,2.0,216.4514,432.9029,MID,Thursday
25331,2025-05-16T03:50:00+00:00,BEARISH,LOSS,62.5,5,True,True,False,False,True,True,True,False,BULLISH,0.326,BOS,False,True,False,UPPER_SWEEP,EQUAL_LOW,24.7833,0.7762975724353954,1,25.51,31.964,78.91,31.925,,False,True,0.0,,0.5259,57.6,2.0,66.7425,133.485,OPENING,Friday
25352,2025-05-16T05:35:00+00:00,BEARISH,TIMEOUT,50.0,4,True,True,False,False,True,True,False,False,BULLISH,0.274,CHOCH,False,True,False,UPPER_SWEEP,EQUAL_LOW,23.4333,1.0000512117991986,2,40.22,-6.0605,2.53,23.4321,,False,True,0.0,,0.4541,59.1,2.0,50.4432,100.8864,MID,Friday
25370,2025-05-16T07:05:00+00:00,BULLISH,WIN,75.0,6,True,True,True,False,True,True,True,False,BULLISH,0.288,CHOCH,True,True,False,LOWER_SWEEP,EQUAL_HIGH,20.025,1.4077328646748681,3,63.18,-1.2552,25.78,14.225,,True,True,0.0,,0.5965,67.9,2.0,22.3725,44.745,MID,Friday
25400,2025-05-16T09:35:00+00:00,BULLISH,LOSS,62.5,5,True,True,True,False,True,True,False,False,BULLISH,0.299,CHOCH,False,True,False,LOWER_SWEEP,EQUAL_HIGH,17.1,1.2033186261056812,2,58.68,4.8443,17.74,14.2107,,True,True,0.0,,0.5259,64.1,2.0,29.0211,58.0421,CLOSING,Friday
25433,2025-05-19T06:05:00+00:00,BEARISH,WIN,62.5,5,True,True,False,False,True,True,True,False,BULLISH,0.247,CHOCH,False,True,False,UPPER_SWEEP,EQUAL_HIGH,17.25,1.0545879159508715,3,45.48,0.1099,23.57,16.3571,,False,True,0.0,,0.5259,62.4,2.0,27.9857,55.9714,MID,Monday
25451,2025-05-19T07:35:00+00:00,BEARISH,WIN,62.5,5,True,True,False,False,True,True,True,False,BULLISH,0.214,CHOCH,False,True,False,UPPER_SWEEP,EQUAL_LOW,30.33,2.0215148364392546,3,40.8,-4.7649,40.72,15.0036,,False,False,0.0,,0.5259,61.3,2.0,36.6004,73.2007,MID,Monday
25463,2025-05-19T08:35:00+00:00,BEARISH,TIMEOUT,62.5,5,True,True,False,False,True,True,True,False,BULLISH,0.182,BOS,False,True,False,UPPER_SWEEP,PDL,31.75,1.8109638890948603,3,23.72,-13.0585,63.72,17.5321,,False,False,0.0,,0.5259,60.2,2.0,46.0532,92.1064,MID,Monday
25480,2025-05-20T03:45:00+00:00,BULLISH,LOSS,75.0,6,True,True,True,False,True,True,True,False,BULLISH,0.194,CHOCH,False,True,False,LOWER_SWEEP,EQUAL_LOW,44.9429,2.253578967953507,1,62.66,-7.9906,29.86,19.9429,,True,False,0.0,,0.5965,64.8,2.0,50.6943,101.3886,OPENING,Tuesday
25497,2025-05-20T05:10:00+00:00,BULLISH,LOSS,62.5,5,True,True,True,False,True,True,False,False,BULLISH,0.162,CHOCH,True,True,False,LOWER_SWEEP,EQUAL_LOW,36.6333,1.4917600205235961,3,47.68,-11.3008,12.88,24.5571,,True,False,0.0,,0.5259,59.6,2.0,44.9557,89.9114,MID,Tuesday
25523,2025-05-20T07:20:00+00:00,BEARISH,TIMEOUT,62.5,5,True,True,False,False,True,True,True,False,TRANSITION,0.079,CHOCH,False,True,False,UPPER_SWEEP,EQUAL_LOW,22.65,1.0487859087625715,3,27.09,-19.0651,45.47,21.5964,,False,False,0.0,,0.5259,56.8,2.0,63.2096,126.4193,MID,Tuesday
25559,2025-05-21T04:05:00+00:00,BULLISH,WIN,62.5,5,True,True,False,False,True,True,True,False,TRANSITION,0.103,BOS,False,True,False,LOWER_SWEEP,EQUAL_HIGH,97.175,3.0323218832692596,2,76.58,-3.0141,57.6,32.0464,,True,False,0.0,,0.5259,57.6,2.0,119.3046,238.6093,OPENING,Wednesday
25586,2025-05-21T06:20:00+00:00,BEARISH,WIN,62.5,5,True,True,False,False,True,True,True,False,TRANSITION,0.11,CHOCH,True,True,False,UPPER_SWEEP,EQUAL_LOW,30.55,1.064723328767744,2,28.57,6.163,61.83,28.6929,,False,True,0.0,,0.5259,57.8,2.0,54.8693,109.7386,MID,Wednesday
25604,2025-05-21T07:50:00+00:00,BULLISH,LOSS,62.5,5,True,True,False,False,True,True,True,False,TRANSITION,0.102,CHOCH,True,True,False,LOWER_SWEEP,EQUAL_HIGH,11.675,0.3198945649433917,3,62.68,-7.4616,27.22,36.4964,,True,False,0.0,,0.5259,34.9,2.0,37.5996,75.1993,MID,Wednesday
25625,2025-05-21T09:35:00+00:00,BULLISH,LOSS,50.0,4,True,True,False,False,True,True,False,False,TRANSITION,0.117,BOS,False,True,False,LOWER_SWEEP,EQUAL_HIGH,25.6667,1.1257324561403508,3,64.35,5.7829,15.36,22.8,,True,False,0.0,,0.4541,53.9,2.0,40.53,81.06,CLOSING,Wednesday
25659,2025-05-22T06:10:00+00:00,BEARISH,LOSS,62.5,5,True,True,False,False,True,True,True,False,TRANSITION,-0.064,CHOCH,True,True,False,UPPER_SWEEP,EQUAL_LOW,23.625,1.2436566928470656,3,31.73,-24.8128,44.32,18.9964,,False,False,0.0,,0.5259,56.3,2.0,40.0496,80.0993,MID,Thursday
25673,2025-05-22T07:20:00+00:00,BEARISH,TIMEOUT,50.0,4,True,True,False,False,True,True,False,False,TRANSITION,-0.085,CHOCH,False,True,False,UPPER_SWEEP,EQUAL_LOW,21.1833,1.0725721518987341,2,34.74,-21.6365,17.17,19.75,,False,False,0.0,,0.4541,52.8,2.0,50.725,101.45,MID,Thursday
25690,2025-05-22T08:45:00+00:00,BEARISH,LOSS,62.5,5,True,True,False,False,True,True,True,False,TRANSITION,-0.089,CHOCH,False,False,True,UPPER_SWEEP,EQUAL_LOW,27.475,1.480565390066336,3,43.56,-14.7332,23.11,18.5571,,False,False,0.0,,0.5259,57.1,2.0,49.5557,99.1114,MID,Thursday
25706,2025-05-23T03:50:00+00:00,BULLISH,TIMEOUT,50.0,4,True,True,False,False,True,False,True,False,TRANSITION,0.08,CHOCH,False,False,True,LOWER_SWEEP,EQUAL_LOW,90.4,2.093285508860572,3,81.86,31.4879,88.95,43.1857,,True,True,0.0,,0.4541,52.7,2.0,124.9186,249.8371,OPENING,Friday
25723,2025-05-23T05:15:00+00:00,BULLISH,TIMEOUT,75.0,6,True,True,True,False,True,True,True,False,BULLISH,0.186,BOS,False,True,False,LOWER_SWEEP,EQUAL_LOW,112.175,3.442841314709611,2,73.15,53.7163,54.94,32.5821,,True,True,0.0,,0.5965,64.5,2.0,133.5582,267.1164,MID,Friday
25736,2025-05-23T06:20:00+00:00,BEARISH,LOSS,37.5,3,True,True,False,False,False,True,False,False,TRANSITION,0.148,CHOCH,True,True,True,UPPER_SWEEP,EQUAL_LOW,39.3,1.3033269659344158,3,55.41,33.2862,11.4,30.1536,,True,True,0.0,,0.3843,50.8,2.0,50.6154,101.2307,MID,Friday
25770,2025-05-23T09:10:00+00:00,BEARISH,LOSS,62.5,5,True,True,False,False,True,True,True,False,TRANSITION,0.121,CHOCH,False,True,False,UPPER_SWEEP,EQUAL_HIGH,42.325,2.024083364019378,3,31.04,-0.8954,35.92,20.9107,,False,True,0.0,,0.5259,58.2,2.0,50.5911,101.1821,CLOSING,Friday
25833,2025-05-26T08:10:00+00:00,BULLISH,TIMEOUT,62.5,5,True,True,True,False,True,True,False,False,BULLISH,0.193,CHOCH,False,True,False,LOWER_SWEEP,EQUAL_HIGH,24.35,1.4637195910000782,2,51.37,1.4334,2.23,16.6357,,True,True,0.0,,0.5259,60.6,2.0,35.0136,70.0271,MID,Monday
25855,2025-05-27T03:45:00+00:00,BEARISH,WIN,62.5,5,True,True,False,False,True,True,True,False,TRANSITION,0.079,CHOCH,False,True,False,UPPER_SWEEP,EQUAL_HIGH,117.7,4.975986741975851,3,25.58,-6.1498,55.45,23.6536,,False,True,0.0,,0.5259,56.8,2.0,134.8654,269.7307,OPENING,Tuesday
25877,2025-05-27T05:35:00+00:00,BULLISH,WIN,62.5,5,True,True,False,False,True,True,True,False,TRANSITION,0.091,BOS,True,True,True,LOWER_SWEEP,EQUAL_LOW,97.075,2.4766305068832857,3,77.44,-22.0678,76.38,39.1964,,True,False,0.0,,0.5259,57.2,2.0,113.5196,227.0393,MID,Tuesday
25892,2025-05-27T06:50:00+00:00,BEARISH,WIN,50.0,4,True,True,False,False,True,True,False,False,TRANSITION,0.102,CHOCH,False,True,False,UPPER_SWEEP,PDL,66.95,1.2955072312330442,2,52.6,21.899,7.77,51.6786,,False,True,0.0,,0.4541,53.4,2.0,77.6679,155.3357,MID,Tuesday
25911,2025-05-27T08:25:00+00:00,BEARISH,TIMEOUT,62.5,5,True,True,False,False,True,True,True,False,RANGE,0.011,CHOCH,False,True,False,UPPER_SWEEP,EQUAL_HIGH,76.7,2.5496890177215024,2,27.05,-21.5161,27.58,30.0821,,False,False,0.0,,0.5259,54.5,2.0,110.5082,221.0164,MID,Tuesday
25969,2025-05-28T07:00:00+00:00,BULLISH,WIN,62.5,5,True,True,False,False,True,True,True,False,RANGE,0.047,CHOCH,False,True,False,LOWER_SWEEP,EQUAL_HIGH,27.025,2.12914306423276,3,67.6,-0.4083,38.99,12.6929,,True,False,0.0,,0.5259,55.7,2.0,34.4693,68.9386,MID,Wednesday
25999,2025-05-28T09:30:00+00:00,BEARISH,LOSS,50.0,4,True,True,False,False,True,True,False,False,RANGE,0.024,CHOCH,False,False,True,UPPER_SWEEP,EQUAL_LOW,19.5,1.4334440883295598,3,40.75,-3.1463,6.6,13.6036,,False,False,0.0,,0.4541,50.8,2.0,30.9104,61.8207,CLOSING,Wednesday
26020,2025-05-29T05:00:00+00:00,BEARISH,TIMEOUT,62.5,5,True,True,False,False,True,True,True,False,RANGE,0.025,CHOCH,False,True,False,UPPER_SWEEP,EQUAL_LOW,39.55,1.6180567772236516,3,32.82,0.08,32.5,24.4429,,False,True,0.0,,0.5259,55.0,2.0,50.6443,101.2886,MID,Thursday
26046,2025-05-29T07:10:00+00:00,BEARISH,LOSS,62.5,5,True,True,False,False,True,True,True,False,RANGE,-0.01,CHOCH,True,True,True,UPPER_SWEEP,EQUAL_LOW,48.7333,2.704190573429367,3,37.77,-11.5062,28.01,18.0214,,False,False,0.0,,0.5259,54.5,2.0,58.9521,117.9043,MID,Thursday
26074,2025-05-29T09:30:00+00:00,BULLISH,WIN,62.5,5,True,True,False,False,True,True,True,False,TRANSITION,0.064,BOS,False,True,False,LOWER_SWEEP,EQUAL_HIGH,58.6571,3.010820188788683,3,67.23,5.8175,40.1,19.4821,,True,True,0.0,,0.5259,56.3,2.0,61.3482,122.6964,CLOSING,Thursday
26093,2025-05-30T04:50:00+00:00,BEARISH,TIMEOUT,62.5,5,True,True,False,False,True,True,True,False,RANGE,0.016,BOS,False,True,False,UPPER_SWEEP,EQUAL_HIGH,57.5333,1.7489238944078986,3,24.78,-0.2096,72.61,32.8964,,False,True,0.0,,0.5259,54.7,2.0,60.9396,121.8793,MID,Friday
26107,2025-05-30T06:00:00+00:00,BULLISH,LOSS,50.0,4,True,True,False,False,True,True,False,False,RANGE,0.034,CHOCH,True,False,False,LOWER_SWEEP,EQUAL_HIGH,13.9,0.7853107344632769,3,60.83,-5.6003,4.63,17.7,,True,False,0.0,,0.4541,44.0,2.0,21.57,43.14,MID,Friday
26126,2025-05-30T07:35:00+00:00,BULLISH,WIN,50.0,4,True,True,False,False,True,True,False,False,RANGE,0.027,CHOCH,True,False,True,LOWER_SWEEP,EQUAL_HIGH,9.25,0.6813996316758748,3,52.16,-2.6151,17.8,13.575,,True,False,0.0,,0.4541,40.3,2.0,17.3575,34.715,MID,Friday
26139,2025-05-30T08:40:00+00:00,BEARISH,TIMEOUT,50.0,4,True,True,False,False,True,True,False,False,RANGE,0.023,CHOCH,False,True,False,UPPER_SWEEP,EQUAL_LOW,37.3125,2.4432926909124246,3,44.77,3.5814,8.84,15.2714,,False,True,0.0,,0.4541,50.8,2.0,49.6271,99.2543,MID,Friday
26155,2025-06-02T03:45:00+00:00,BEARISH,TIMEOUT,50.0,4,True,True,False,False,True,False,True,False,TRANSITION,-0.113,BOS,False,True,False,UPPER_SWEEP,EQUAL_LOW,48.1833,1.653754672103296,3,13.17,-19.6165,82.09,29.1357,,False,False,0.0,,0.4541,53.8,2.0,191.5136,383.0271,OPENING,Monday
26194,2025-06-02T07:00:00+00:00,BULLISH,TIMEOUT,62.5,5,True,True,False,False,True,True,True,False,RANGE,0.021,CHOCH,True,False,True,LOWER_SWEEP,PDL,51.65,3.0375920393328473,3,77.79,14.2995,63.59,17.0036,,True,False,0.0,,0.5259,54.9,2.0,55.7504,111.5007,MID,Monday
26214,2025-06-02T08:40:00+00:00,BEARISH,WIN,50.0,4,True,True,False,False,True,True,False,False,RANGE,0.002,CHOCH,True,True,False,UPPER_SWEEP,EQUAL_LOW,15.225,0.9435599323239773,3,46.01,8.052,12.61,16.1357,,False,True,0.0,,0.4541,48.2,2.0,26.5636,53.1271,MID,Monday
26233,2025-06-03T04:00:00+00:00,BEARISH,TIMEOUT,62.5,5,True,True,False,False,True,True,True,False,RANGE,-0.046,CHOCH,False,True,False,UPPER_SWEEP,EQUAL_LOW,164.9,4.276374650875114,3,40.63,-8.1594,27.08,38.5607,,False,False,0.0,,0.5259,55.7,2.0,221.9061,443.8121,OPENING,Tuesday
26254,2025-06-03T05:45:00+00:00,BEARISH,LOSS,50.0,4,True,True,False,False,True,True,False,False,TRANSITION,-0.055,BOS,True,True,False,UPPER_SWEEP,EQUAL_LOW,38.8,0.9839699128375106,3,43.67,-17.2144,19.1,39.4321,,False,False,0.0,,0.4541,51.3,2.0,44.2432,88.4864,MID,Tuesday
26273,2025-06-03T07:20:00+00:00,BEARISH,TIMEOUT,62.5,5,True,True,False,False,True,True,True,False,TRANSITION,-0.107,CHOCH,False,True,False,UPPER_SWEEP,EQUAL_LOW,71.8167,2.5189385037898053,3,36.49,-16.4618,35.69,28.5107,,False,False,0.0,,0.5259,57.7,2.0,124.9011,249.8021,MID,Tuesday
26294,2025-06-03T09:05:00+00:00,BULLISH,LOSS,62.5,5,True,True,False,False,True,True,True,False,RANGE,-0.049,BOS,False,True,False,LOWER_SWEEP,EQUAL_LOW,17.1833,0.8881910846462391,3,66.45,-2.9312,38.95,19.3464,,True,False,0.0,,0.5259,52.1,2.0,32.3846,64.7693,CLOSING,Tuesday
26306,2025-06-04T03:50:00+00:00,BULLISH,TIMEOUT,62.5,5,True,True,False,False,True,True,True,False,RANGE,-0.042,CHOCH,False,True,False,LOWER_SWEEP,EQUAL_LOW,52.6833,2.286671036012379,3,57.16,-4.6108,29.73,23.0393,,True,False,0.0,,0.5259,55.6,2.0,62.0039,124.0079,OPENING,Wednesday
26339,2025-06-04T06:35:00+00:00,BULLISH,LOSS,62.5,5,True,True,False,False,True,True,True,False,RANGE,-0.023,BOS,False,False,True,LOWER_SWEEP,EQUAL_HIGH,6.9667,0.7333368421052632,2,60.55,5.2776,32.92,9.5,,True,True,0.0,,0.5259,46.0,2.0,19.7,39.4,MID,Wednesday
26351,2025-06-04T07:35:00+00:00,BULLISH,LOSS,62.5,5,True,True,False,False,True,True,True,False,RANGE,-0.019,CHOCH,True,True,False,LOWER_SWEEP,EQUAL_HIGH,13.6286,1.2349556439555263,3,59.33,5.3208,29.17,11.0357,,True,True,0.0,,0.5259,54.8,2.0,15.7036,31.4071,MID,Wednesday
26363,2025-06-04T08:35:00+00:00,BULLISH,LOSS,62.5,5,True,True,False,False,True,True,True,False,RANGE,-0.005,CHOCH,False,False,True,LOWER_SWEEP,EQUAL_LOW,10.0667,0.8753652173913045,3,67.12,7.0493,40.09,11.5,,True,True,0.0,,0.5259,50.2,2.0,17.6,35.2,MID,Wednesday
26377,2025-06-04T09:45:00+00:00,BEARISH,LOSS,50.0,4,True,True,False,False,True,True,False,False,RANGE,-0.018,CHOCH,False,True,False,UPPER_SWEEP,EQUAL_LOW,23.4833,1.9961493671531667,3,41.42,4.2144,14.68,11.7643,,False,True,0.0,,0.4541,50.6,2.0,34.9264,69.8529,CLOSING,Wednesday
26413,2025-06-05T06:30:00+00:00,BULLISH,WIN,50.0,4,True,True,False,False,True,False,True,False,TRANSITION,0.103,BOS,False,True,False,LOWER_SWEEP,EQUAL_HIGH,45.3375,2.604002136617138,3,83.89,15.9615,75.48,17.4107,,True,True,0.0,,0.4541,53.4,2.0,86.8911,173.7821,MID,Thursday
26432,2025-06-05T08:05:00+00:00,BEARISH,WIN,62.5,5,True,True,False,False,True,True,True,False,TRANSITION,0.054,CHOCH,True,True,False,UPPER_SWEEP,EQUAL_HIGH,27.4625,1.0345093873368894,2,25.89,0.8166,51.8,26.5464,,False,True,0.0,,0.5259,56.0,2.0,44.0046,88.0093,MID,Thursday
26458,2025-06-06T04:00:00+00:00,BEARISH,LOSS,50.0,4,True,True,False,False,True,True,False,False,RANGE,0.015,BOS,False,True,False,UPPER_SWEEP,EQUAL_LOW,47.8125,2.0327233923150834,3,38.87,-3.9258,10.28,23.5214,,False,True,0.0,,0.4541,50.5,2.0,57.2521,114.5043,OPENING,Friday
26470,2025-06-06T05:00:00+00:00,BULLISH,WIN,62.5,5,True,True,False,False,True,True,True,False,TRANSITION,0.125,CHOCH,False,True,False,LOWER_SWEEP,EQUAL_HIGH,42.275,1.0410740978794348,3,65.21,17.3845,46.85,40.6071,,True,True,0.0,,0.5259,58.3,2.0,128.8607,257.7214,MID,Friday
26516,2025-06-06T08:50:00+00:00,BULLISH,TIMEOUT,75.0,6,True,True,True,False,True,True,True,False,BULLISH,0.19,CHOCH,False,True,False,LOWER_SWEEP,EQUAL_HIGH,19.12,1.2493792310306073,2,69.67,11.3053,35.05,15.3036,,True,True,0.0,,0.5965,64.7,2.0,42.9804,85.9607,MID,Friday
26530,2025-06-09T03:45:00+00:00,BULLISH,TIMEOUT,75.0,6,True,True,True,False,True,True,True,False,BULLISH,0.233,CHOCH,False,True,False,LOWER_SWEEP,PDH,36.85,1.4846060254457847,1,73.77,15.0511,74.45,24.8214,,True,True,0.0,,0.5965,66.1,2.0,118.4321,236.8643,OPENING,Monday
26548,2025-06-09T05:15:00+00:00,BULLISH,LOSS,75.0,6,True,True,True,False,True,True,True,False,BULLISH,0.239,BOS,False,True,False,LOWER_SWEEP,EQUAL_HIGH,1.875,0.11410592681397996,2,72.9,29.0108,43.67,16.4321,,True,True,0.0,,0.5965,36.8,2.0,21.0932,42.1864,MID,Monday
26570,2025-06-09T07:05:00+00:00,BULLISH,LOSS,62.5,5,True,True,True,False,True,True,False,False,BULLISH,0.206,CHOCH,True,True,False,LOWER_SWEEP,EQUAL_HIGH,16.825,1.5920854663651245,3,60.21,5.0987,1.76,10.5679,,True,True,0.0,,0.5259,61.0,2.0,18.5568,37.1136,MID,Monday
26590,2025-06-09T08:45:00+00:00,BEARISH,TIMEOUT,62.5,5,True,True,False,False,True,True,True,False,BULLISH,0.178,CHOCH,True,True,True,UPPER_SWEEP,EQUAL_LOW,9.6167,0.96167,3,37.99,-2.6115,43.89,10.0,,False,True,0.0,,0.5259,58.8,2.0,15.55,31.1,MID,Monday
26603,2025-06-09T09:50:00+00:00,BULLISH,WIN,75.0,6,True,True,True,False,True,True,True,False,BULLISH,0.182,CHOCH,True,False,False,LOWER_SWEEP,EQUAL_LOW,10.45,1.1172169004447485,3,66.31,-0.9162,34.72,9.3536,,True,True,0.0,,0.5965,64.4,2.0,11.4854,22.9707,CLOSING,Monday
26624,2025-06-10T05:20:00+00:00,BEARISH,TIMEOUT,50.0,4,True,True,False,False,True,True,False,False,BULLISH,0.162,CHOCH,False,True,False,UPPER_SWEEP,EQUAL_HIGH,40.2167,2.3902942050520064,2,51.76,7.1268,7.42,16.825,,False,True,0.0,,0.4541,55.4,2.0,42.0325,84.065,MID,Tuesday
26669,2025-06-10T09:05:00+00:00,BEARISH,WIN,50.0,4,True,True,False,False,True,True,False,False,BULLISH,0.151,CHOCH,False,False,True,UPPER_SWEEP,EQUAL_LOW,5.8875,0.6439422940204969,2,41.07,-2.4437,13.71,9.1429,,False,False,0.0,,0.4541,43.2,2.0,7.8643,15.7286,CLOSING,Tuesday
26682,2025-06-11T03:55:00+00:00,BULLISH,TIMEOUT,50.0,4,True,True,False,False,True,True,False,False,TRANSITION,0.148,CHOCH,True,False,False,LOWER_SWEEP,EQUAL_HIGH,45.08,2.353604544315429,2,54.9,-2.3214,15.63,19.1536,,True,False,0.0,,0.4541,54.9,2.0,57.2654,114.5307,OPENING,Wednesday
26697,2025-06-11T05:10:00+00:00,BULLISH,TIMEOUT,75.0,6,True,True,True,False,True,True,True,False,BULLISH,0.171,BOS,False,False,True,LOWER_SWEEP,EQUAL_HIGH,22.35,1.5079547141295695,3,63.27,8.8874,55.12,14.8214,,True,True,0.0,,0.5965,64.0,2.0,42.8321,85.6643,MID,Wednesday
26712,2025-06-11T06:25:00+00:00,BULLISH,TIMEOUT,75.0,6,True,True,True,False,True,True,True,False,BULLISH,0.193,BOS,True,True,False,LOWER_SWEEP,PDH,14.75,1.276658357568204,2,73.86,16.9652,66.64,11.5536,,True,True,0.0,,0.5965,64.8,2.0,27.1554,54.3107,MID,Wednesday
26731,2025-06-11T08:00:00+00:00,BEARISH,WIN,62.5,5,True,True,False,False,True,True,True,False,TRANSITION,0.145,CHOCH,False,True,False,UPPER_SWEEP,EQUAL_LOW,28.775,2.1152489047016965,3,29.4,1.3194,49.55,13.6036,,False,True,0.0,,0.5259,59.0,2.0,51.3604,102.7207,MID,Wednesday
26753,2025-06-11T09:50:00+00:00,BEARISH,LOSS,62.5,5,True,True,False,False,True,True,True,False,TRANSITION,0.119,CHOCH,False,True,False,UPPER_SWEEP,EQUAL_HIGH,9.3,0.8029631932033051,2,50.71,-8.5023,20.28,11.5821,,False,False,0.0,,0.5259,51.6,2.0,22.3082,44.6164,CLOSING,Wednesday
26772,2025-06-12T05:10:00+00:00,BEARISH,TIMEOUT,62.5,5,True,True,False,False,True,True,True,False,RANGE,0.049,CHOCH,False,False,True,UPPER_SWEEP,EQUAL_LOW,55.625,1.9166890639321328,2,21.52,-18.9422,66.07,29.0214,,False,False,0.0,,0.5259,55.8,2.0,74.0021,148.0043,MID,Thursday
26784,2025-06-12T06:10:00+00:00,BEARISH,TIMEOUT,62.5,5,True,True,False,False,True,True,True,False,RANGE,0.046,BOS,True,True,False,UPPER_SWEEP,EQUAL_LOW,53.2,2.428824485472708,3,31.43,-19.8066,52.54,21.9036,,False,False,0.0,,0.5259,55.7,2.0,59.3404,118.6807,MID,Thursday
26798,2025-06-12T07:20:00+00:00,BULLISH,LOSS,62.5,5,True,True,False,False,True,True,True,False,TRANSITION,0.069,CHOCH,True,True,False,LOWER_SWEEP,EQUAL_LOW,23.375,1.434365872217177,3,60.47,-6.1936,27.38,16.2964,,True,False,0.0,,0.5259,56.5,2.0,27.8796,55.7593,MID,Thursday
26830,2025-06-13T03:45:00+00:00,BEARISH,TIMEOUT,75.0,6,True,True,True,False,True,True,True,False,BEARISH,-0.24,CHOCH,True,True,True,UPPER_SWEEP,PDL,61.45,1.1952764696843265,3,21.48,-45.3586,74.63,51.4107,,False,False,0.0,,0.5965,66.3,2.0,291.3411,582.6821,OPENING,Friday
26844,2025-06-13T04:55:00+00:00,BULLISH,TIMEOUT,37.5,3,True,True,False,False,False,True,False,False,BEARISH,-0.168,CHOCH,False,True,False,LOWER_SWEEP,EQUAL_HIGH,26.0,0.7721686653955583,3,61.8,-61.0276,16.52,33.6714,,False,False,0.0,,0.3843,43.8,2.0,51.4671,102.9343,MID,Friday
26867,2025-06-13T06:50:00+00:00,BULLISH,LOSS,62.5,5,True,True,False,False,True,True,True,False,TRANSITION,-0.111,BOS,True,True,False,LOWER_SWEEP,EQUAL_HIGH,9.55,0.5964761066037089,2,72.97,-0.1858,63.9,16.0107,,True,False,0.0,,0.5259,44.4,2.0,28.6011,57.2021,MID,Friday
26882,2025-06-13T08:05:00+00:00,BULLISH,TIMEOUT,50.0,4,True,True,False,False,True,True,False,False,TRANSITION,-0.089,CHOCH,False,True,False,LOWER_SWEEP,EQUAL_HIGH,8.3,0.6396917148362236,3,61.53,3.6955,14.92,12.975,,True,False,0.0,,0.4541,41.0,2.0,43.5475,87.095,MID,Friday
26896,2025-06-13T09:15:00+00:00,BEARISH,LOSS,62.5,5,True,True,False,False,True,True,True,False,TRANSITION,-0.12,CHOCH,False,True,False,UPPER_SWEEP,EQUAL_HIGH,32.0,1.9023386876240977,3,28.3,-0.3437,28.56,16.8214,,False,False,0.0,,0.5259,58.2,2.0,48.5821,97.1643,CLOSING,Friday
26927,2025-06-16T05:35:00+00:00,BULLISH,TIMEOUT,50.0,4,True,True,False,False,True,False,True,False,TRANSITION,0.069,BOS,False,True,False,LOWER_SWEEP,EQUAL_HIGH,56.2333,2.3813240282371275,3,96.15,44.6631,93.88,23.6143,,True,True,0.0,,0.4541,52.3,2.0,68.6114,137.2229,MID,Monday
26944,2025-06-16T07:00:00+00:00,BULLISH,TIMEOUT,62.5,5,True,True,False,False,True,True,True,False,TRANSITION,0.071,CHOCH,False,False,True,LOWER_SWEEP,EQUAL_HIGH,36.2,1.9313980227179361,1,69.06,24.5654,68.9,18.7429,,True,True,0.0,,0.5259,56.5,2.0,47.7743,95.5486,MID,Monday
26980,2025-06-17T03:45:00+00:00,BEARISH,TIMEOUT,62.5,5,True,True,False,False,True,True,True,False,RANGE,0.021,CHOCH,False,False,True,UPPER_SWEEP,EQUAL_HIGH,65.7625,3.5809968253622517,0,27.04,0.6205,57.18,18.3643,,False,True,0.0,,0.5259,54.9,2.0,87.4864,174.9729,OPENING,Tuesday
27013,2025-06-17T06:30:00+00:00,BEARISH,WIN,62.5,5,True,True,False,False,True,True,True,False,RANGE,-0.001,CHOCH,False,True,False,UPPER_SWEEP,EQUAL_LOW,28.9167,2.5646740576496674,3,41.81,-5.0901,27.89,11.275,,False,False,0.0,,0.5259,54.2,2.0,34.4275,68.855,MID,Tuesday
27035,2025-06-17T08:20:00+00:00,BULLISH,WIN,50.0,4,True,True,False,False,True,True,False,False,RANGE,-0.005,CHOCH,True,False,True,LOWER_SWEEP,EQUAL_LOW,7.075,0.6101031354558312,1,55.49,-5.7026,12.96,11.5964,,True,False,0.0,,0.4541,37.2,2.0,14.4096,28.8193,MID,Tuesday
27057,2025-06-18T03:55:00+00:00,BULLISH,TIMEOUT,50.0,4,True,True,False,False,True,True,False,False,RANGE,0.029,CHOCH,False,True,False,LOWER_SWEEP,EQUAL_HIGH,118.375,4.750600973597294,2,60.67,3.2123,9.96,24.9179,,True,False,0.0,,0.4541,51.0,2.0,122.7918,245.5836,OPENING,Wednesday
27074,2025-06-18T05:20:00+00:00,BEARISH,WIN,62.5,5,True,True,False,False,True,True,True,False,RANGE,-0.022,CHOCH,False,True,False,UPPER_SWEEP,EQUAL_LOW,42.4625,1.9276077462934547,2,22.39,-4.3833,63.27,22.0286,,False,True,0.0,,0.5259,54.9,2.0,50.5029,101.0057,MID,Wednesday
27116,2025-06-18T08:50:00+00:00,BEARISH,LOSS,62.5,5,True,True,False,False,True,True,True,False,TRANSITION,-0.065,CHOCH,False,True,False,UPPER_SWEEP,EQUAL_LOW,18.3667,1.392165482949162,2,23.73,-10.9808,52.42,13.1929,,False,False,0.0,,0.5259,56.3,2.0,30.6193,61.2386,MID,Wednesday
27145,2025-06-19T05:00:00+00:00,BEARISH,TIMEOUT,62.5,5,True,True,False,False,True,True,True,False,RANGE,-0.028,CHOCH,True,False,True,UPPER_SWEEP,EQUAL_LOW,26.175,1.184196239526593,3,46.54,6.3855,29.11,22.1036,,False,True,0.0,,0.5259,55.1,2.0,41.6604,83.3207,MID,Thursday
27171,2025-06-19T07:10:00+00:00,BEARISH,WIN,62.5,5,True,True,False,False,True,True,True,False,RANGE,-0.029,CHOCH,False,True,False,UPPER_SWEEP,EQUAL_LOW,14.025,1.296043025856174,3,33.53,-3.2797,34.41,10.8214,,False,False,0.0,,0.5259,55.1,2.0,19.4821,38.9643,MID,Thursday
27187,2025-06-19T08:30:00+00:00,BULLISH,TIMEOUT,62.5,5,True,True,False,False,True,True,True,False,RANGE,-0.001,CHOCH,False,True,False,LOWER_SWEEP,EQUAL_HIGH,33.2857,2.3387764279340364,3,70.73,0.7904,75.96,14.2321,,True,False,0.0,,0.5259,54.2,2.0,42.0232,84.0464,MID,Thursday
27204,2025-06-19T09:55:00+00:00,BEARISH,LOSS,50.0,4,True,True,False,False,True,False,True,False,TRANSITION,-0.061,CHOCH,False,True,False,UPPER_SWEEP,PDL,56.15,2.8065036911896275,3,12.87,-8.0294,75.38,20.0071,,False,False,0.0,,0.4541,52.0,2.0,63.9007,127.8014,CLOSING,Thursday
27216,2025-06-20T04:40:00+00:00,BULLISH,WIN,62.5,5,True,True,False,False,True,True,True,False,TRANSITION,0.07,BOS,False,True,False,LOWER_SWEEP,EQUAL_HIGH,49.8333,1.2960546163849154,3,69.65,22.8145,40.53,38.45,,True,True,0.0,,0.5259,56.5,2.0,69.895,139.79,MID,Friday
27241,2025-06-20T06:45:00+00:00,BEARISH,WIN,50.0,4,True,True,False,False,False,True,True,False,TRANSITION,0.12,CHOCH,True,False,True,UPPER_SWEEP,EQUAL_HIGH,20.975,1.32423781353974,1,52.53,28.4046,35.83,15.8393,,True,True,0.0,,0.4541,54.0,2.0,25.1839,50.3679,MID,Friday
27253,2025-06-20T07:45:00+00:00,BULLISH,TIMEOUT,62.5,5,True,True,True,False,True,True,False,False,BULLISH,0.154,CHOCH,False,False,True,LOWER_SWEEP,EQUAL_HIGH,24.7833,1.1902801924942608,3,60.82,17.8567,18.77,20.8214,,True,True,0.0,,0.5259,59.3,2.0,59.3821,118.7643,MID,Friday
27275,2025-06-20T09:35:00+00:00,BULLISH,LOSS,75.0,6,True,True,True,False,True,True,True,False,BULLISH,0.173,CHOCH,False,True,False,LOWER_SWEEP,EQUAL_HIGH,29.325,1.5396610383064517,2,76.16,14.3836,54.85,19.0464,,True,True,0.0,,0.5965,64.1,2.0,89.8546,179.7093,CLOSING,Friday
27305,2025-06-23T05:50:00+00:00,BULLISH,TIMEOUT,62.5,5,True,True,False,False,True,True,True,False,RANGE,0.039,CHOCH,False,False,True,LOWER_SWEEP,EQUAL_HIGH,31.35,1.7265973090416422,3,79.17,-8.4133,59.65,18.1571,,True,False,0.0,,0.5259,55.5,2.0,42.7157,85.4314,MID,Monday
27328,2025-06-23T07:45:00+00:00,BULLISH,WIN,62.5,5,True,True,False,False,True,True,True,False,TRANSITION,0.061,BOS,False,True,False,LOWER_SWEEP,EQUAL_HIGH,14.625,1.2118927070989982,2,66.41,6.5111,68.58,12.0679,,True,False,0.0,,0.5259,56.2,2.0,32.0568,64.1136,MID,Monday
27340,2025-06-23T08:45:00+00:00,BEARISH,TIMEOUT,50.0,4,True,True,False,False,False,True,True,False,TRANSITION,0.075,CHOCH,False,True,False,UPPER_SWEEP,EQUAL_LOW,39.2167,1.855788113817368,2,65.01,19.4988,52.73,21.1321,,True,True,0.0,,0.4541,52.5,2.0,57.0132,114.0264,MID,Monday
27353,2025-06-23T09:50:00+00:00,BEARISH,LOSS,62.5,5,True,True,False,False,True,True,True,False,RANGE,0.047,BOS,False,True,False,UPPER_SWEEP,EQUAL_LOW,21.425,1.5477248264453258,3,21.2,-2.3661,79.24,13.8429,,False,True,0.0,,0.5259,55.7,2.0,25.0343,50.0686,CLOSING,Monday
27377,2025-06-24T05:35:00+00:00,BULLISH,TIMEOUT,62.5,5,True,True,True,False,True,True,False,False,BULLISH,0.235,CHOCH,False,True,False,LOWER_SWEEP,EQUAL_HIGH,85.0,2.8915105250983113,3,70.44,41.6239,19.26,29.3964,,True,True,0.0,,0.5259,62.0,2.0,99.9896,199.9793,MID,Tuesday
27407,2025-06-24T08:05:00+00:00,BEARISH,TIMEOUT,62.5,5,True,True,False,False,True,True,True,False,TRANSITION,0.057,BOS,False,True,False,UPPER_SWEEP,EQUAL_HIGH,130.8833,2.4943740780691956,3,25.65,-35.4256,80.34,52.4714,,False,True,0.0,,0.5259,56.1,2.0,138.6971,277.3943,MID,Tuesday
27428,2025-06-24T09:50:00+00:00,BULLISH,WIN,50.0,4,True,True,False,False,True,True,False,False,TRANSITION,0.072,CHOCH,False,True,False,LOWER_SWEEP,EQUAL_HIGH,34.9167,1.4107757575757576,3,60.06,-26.0621,8.56,24.75,,True,False,0.0,,0.4541,52.4,2.0,47.075,94.15,CLOSING,Tuesday
27476,2025-06-25T07:35:00+00:00,BULLISH,WIN,62.5,5,True,True,True,False,True,True,False,False,BULLISH,0.153,BOS,False,True,False,LOWER_SWEEP,EQUAL_HIGH,27.5167,1.908509561031773,3,54.75,6.048,1.59,14.4179,,True,True,0.0,,0.5259,59.3,2.0,36.6918,73.3836,MID,Wednesday
27488,2025-06-25T08:35:00+00:00,BEARISH,LOSS,50.0,4,True,True,False,False,False,True,True,False,BULLISH,0.163,CHOCH,True,False,True,UPPER_SWEEP,EQUAL_HIGH,2.9,0.19123863284160825,3,62.93,10.9833,43.76,15.1643,,True,True,0.0,,0.4541,28.5,2.0,12.5664,25.1329,MID,Wednesday
27505,2025-06-26T03:45:00+00:00,BULLISH,WIN,62.5,5,True,True,True,False,True,True,False,False,BULLISH,0.173,BOS,True,True,True,LOWER_SWEEP,EQUAL_HIGH,48.9,2.6050267960834033,1,58.38,6.7589,14.09,18.7714,,True,True,0.0,,0.5259,59.9,2.0,50.8771,101.7543,OPENING,Thursday
27539,2025-06-26T06:35:00+00:00,BULLISH,TIMEOUT,75.0,6,True,True,True,False,True,True,True,False,BULLISH,0.214,CHOCH,True,True,False,LOWER_SWEEP,EQUAL_HIGH,29.425,1.06337229052379,3,63.01,9.3713,49.36,27.6714,,True,True,0.0,,0.5965,65.5,2.0,45.6171,91.2343,MID,Thursday
27559,2025-06-26T08:15:00+00:00,BULLISH,TIMEOUT,75.0,6,True,True,True,False,True,True,True,False,BULLISH,0.263,BOS,False,True,False,LOWER_SWEEP,EQUAL_HIGH,21.75,0.7699115044247787,3,61.73,20.4185,27.7,28.25,,True,True,0.0,,0.5965,59.4,2.0,70.275,140.55,MID,Thursday
27573,2025-06-26T09:25:00+00:00,BULLISH,WIN,75.0,6,True,True,True,False,True,True,True,False,BULLISH,0.31,BOS,False,True,False,LOWER_SWEEP,EQUAL_HIGH,48.15,1.8094225255254464,1,68.52,31.9577,25.55,26.6107,,True,True,0.0,,0.5965,68.7,2.0,66.5111,133.0221,CLOSING,Thursday
27592,2025-06-27T04:45:00+00:00,BULLISH,WIN,62.5,5,True,True,True,False,True,True,False,False,BULLISH,0.284,CHOCH,False,True,False,LOWER_SWEEP,EQUAL_HIGH,25.5,0.8345988688730624,3,53.65,19.452,15.2,30.5536,,True,True,0.0,,0.5259,58.1,2.0,34.7554,69.5107,MID,Friday
27617,2025-06-27T06:50:00+00:00,BULLISH,WIN,75.0,6,True,True,True,False,True,True,True,False,BULLISH,0.286,BOS,True,True,True,LOWER_SWEEP,EQUAL_HIGH,5.75,0.5098150479669462,3,56.63,14.7497,56.18,11.2786,,True,True,0.0,,0.5965,51.5,2.0,9.3779,18.7557,MID,Friday
27641,2025-06-27T08:50:00+00:00,BEARISH,LOSS,50.0,4,True,True,False,False,True,True,False,False,BULLISH,0.268,CHOCH,False,True,False,UPPER_SWEEP,EQUAL_HIGH,24.8,2.1164201776768876,3,48.34,3.8209,4.5,11.7179,,False,True,0.0,,0.4541,58.9,2.0,26.7718,53.5436,MID,Friday
27661,2025-06-30T04:15:00+00:00,BEARISH,TIMEOUT,62.5,5,True,True,False,False,True,True,True,False,BULLISH,0.202,CHOCH,False,True,False,UPPER_SWEEP,EQUAL_LOW,36.65,1.4138896818844662,3,32.61,-7.7602,40.18,25.9214,,False,True,0.0,,0.5259,60.9,2.0,65.1421,130.2843,OPENING,Monday
27673,2025-06-30T05:15:00+00:00,BEARISH,TIMEOUT,62.5,5,True,True,False,False,True,True,True,False,BULLISH,0.182,BOS,False,True,False,UPPER_SWEEP,EQUAL_LOW,28.25,1.3637921629019565,2,31.92,-18.5001,42.52,20.7143,,False,False,0.0,,0.5259,60.2,2.0,30.8714,61.7429,MID,Monday
27686,2025-06-30T06:20:00+00:00,BULLISH,WIN,75.0,6,True,True,True,False,True,True,True,False,BULLISH,0.205,BOS,False,True,False,LOWER_SWEEP,EQUAL_HIGH,11.58,0.975453611200027,2,67.43,-6.7332,49.28,11.8714,,True,False,0.0,,0.5965,64.3,2.0,20.1871,40.3743,MID,Monday
27700,2025-06-30T07:30:00+00:00,BEARISH,TIMEOUT,62.5,5,True,True,False,False,True,True,True,False,BULLISH,0.153,CHOCH,False,True,False,UPPER_SWEEP,PDL,31.8,2.095551894563427,3,28.46,-10.8367,42.86,15.175,,False,False,0.0,,0.5259,59.3,2.0,44.8175,89.635,MID,Monday
27722,2025-06-30T09:20:00+00:00,BULLISH,WIN,62.5,5,True,True,True,False,True,True,False,False,BULLISH,0.152,CHOCH,False,True,False,LOWER_SWEEP,EQUAL_HIGH,23.15,1.4131277430854405,3,50.87,-10.3728,5.37,16.3821,,True,False,0.0,,0.5259,59.2,2.0,29.5882,59.1764,CLOSING,Monday
27735,2025-07-01T04:10:00+00:00,BULLISH,LOSS,75.0,6,True,True,True,False,True,True,True,False,BULLISH,0.188,BOS,True,False,False,LOWER_SWEEP,EQUAL_HIGH,10.13,0.5118927905484277,3,79.52,16.6366,66.69,19.7893,,True,True,0.0,,0.5965,48.3,2.0,25.4289,50.8579,OPENING,Tuesday
27750,2025-07-01T05:25:00+00:00,BEARISH,TIMEOUT,62.5,5,True,True,False,False,True,True,True,False,TRANSITION,0.144,CHOCH,False,True,False,UPPER_SWEEP,EQUAL_HIGH,29.4,1.624946802336828,3,25.7,0.3765,63.23,18.0929,,False,True,0.0,,0.5259,59.0,2.0,34.7093,69.4186,MID,Tuesday
27766,2025-07-01T06:45:00+00:00,BULLISH,TIMEOUT,62.5,5,True,True,True,False,True,True,False,False,BULLISH,0.15,CHOCH,False,True,False,LOWER_SWEEP,EQUAL_HIGH,22.875,2.009099133123128,3,59.45,-3.2112,16.3,11.3857,,True,False,0.0,,0.5259,59.2,2.0,25.6886,51.3771,MID,Tuesday
27788,2025-07-01T08:35:00+00:00,BULLISH,TIMEOUT,62.5,5,True,True,True,False,True,True,False,False,BULLISH,0.152,CHOCH,False,True,False,LOWER_SWEEP,EQUAL_HIGH,25.75,2.7613941018766757,2,56.16,0.4792,11.23,9.325,,True,False,0.0,,0.5259,59.2,2.0,30.6325,61.265,MID,Tuesday
27805,2025-07-02T03:45:00+00:00,BULLISH,LOSS,75.0,6,True,True,True,False,True,True,True,False,BULLISH,0.173,BOS,True,True,True,LOWER_SWEEP,EQUAL_HIGH,40.7375,2.359638097113697,1,70.78,5.7257,49.52,17.2643,,True,True,0.0,,0.5965,64.1,2.0,65.5264,131.0529,OPENING,Wednesday
27817,2025-07-02T04:45:00+00:00,BEARISH,WIN,50.0,4,True,True,False,False,True,True,False,False,TRANSITION,0.113,CHOCH,False,False,True,UPPER_SWEEP,EQUAL_LOW,22.5333,0.94422631294444,3,42.11,-4.6002,13.33,23.8643,,False,False,0.0,,0.4541,51.9,2.0,30.2364,60.4729,MID,Wednesday
27849,2025-07-02T07:25:00+00:00,BEARISH,WIN,62.5,5,True,True,False,False,True,True,True,False,TRANSITION,0.09,CHOCH,False,True,False,UPPER_SWEEP,EQUAL_LOW,16.1,1.4393377258463933,2,29.79,-5.9648,46.68,11.1857,,False,False,0.0,,0.5259,57.2,2.0,22.0686,44.1371,MID,Wednesday
27873,2025-07-02T09:25:00+00:00,BULLISH,WIN,50.0,4,True,True,False,False,True,True,False,False,TRANSITION,0.067,CHOCH,False,False,True,LOWER_SWEEP,EQUAL_HIGH,42.625,2.705730753605525,3,63.49,-13.256,14.65,15.7536,,True,False,0.0,,0.4541,52.2,2.0,53.0254,106.0507,CLOSING,Wednesday
27888,2025-07-03T04:25:00+00:00,BULLISH,TIMEOUT,62.5,5,True,True,False,False,True,True,True,False,TRANSITION,0.142,CHOCH,False,True,False,LOWER_SWEEP,EQUAL_LOW,85.95,2.5300694113283524,3,63.79,22.4501,34.32,33.9714,,True,True,0.0,,0.5259,58.9,2.0,94.8971,189.7943,OPENING,Thursday
27905,2025-07-03T05:50:00+00:00,BULLISH,LOSS,75.0,6,True,True,True,False,True,True,True,False,BULLISH,0.152,CHOCH,True,False,False,LOWER_SWEEP,EQUAL_HIGH,13.0583,0.8030589089030608,3,63.15,20.8752,25.81,16.2607,,True,True,0.0,,0.5965,56.8,2.0,25.2761,50.5521,MID,Thursday
27932,2025-07-03T08:05:00+00:00,BULLISH,LOSS,62.5,5,True,True,False,False,True,True,True,False,TRANSITION,0.147,CHOCH,False,True,False,LOWER_SWEEP,EQUAL_HIGH,61.44,3.37052763240183,3,73.41,1.8159,43.93,18.2286,,True,True,0.0,,0.5259,59.1,2.0,77.4229,154.8457,MID,Thursday
27944,2025-07-03T09:05:00+00:00,BEARISH,TIMEOUT,62.5,5,True,True,False,False,True,True,True,False,RANGE,0.028,CHOCH,False,True,False,UPPER_SWEEP,EQUAL_HIGH,64.225,2.13549459684123,3,29.63,-20.3368,40.08,30.075,,False,False,0.0,,0.5259,55.1,2.0,86.7075,173.415,CLOSING,Thursday
27959,2025-07-04T04:05:00+00:00,BEARISH,TIMEOUT,62.5,5,True,True,False,False,True,True,True,False,RANGE,0.017,CHOCH,False,True,False,UPPER_SWEEP,PDL,58.6,2.0453752181500873,2,43.52,-22.2781,33.18,28.65,,False,False,0.0,,0.5259,54.7,2.0,61.515,123.03,OPENING,Friday
27984,2025-07-04T06:10:00+00:00,BEARISH,TIMEOUT,62.5,5,True,True,False,False,True,True,True,False,RANGE,0.006,CHOCH,False,True,False,UPPER_SWEEP,EQUAL_LOW,30.4,2.125874125874126,2,33.66,-9.9306,68.02,14.3,,False,False,0.0,,0.5259,54.4,2.0,45.83,91.66,MID,Friday
28002,2025-07-04T07:40:00+00:00,BULLISH,TIMEOUT,62.5,5,True,True,False,False,True,True,True,False,RANGE,0.022,BOS,False,False,True,LOWER_SWEEP,EQUAL_HIGH,11.85,0.9963928057916909,3,78.24,-8.3953,63.28,11.8929,,True,False,0.0,,0.5259,54.8,2.0,18.4893,36.9786,MID,Friday
28019,2025-07-04T09:05:00+00:00,BULLISH,TIMEOUT,50.0,4,True,True,False,False,True,False,True,False,TRANSITION,0.07,BOS,False,True,False,LOWER_SWEEP,EQUAL_HIGH,49.5083,3.2532938184637827,3,88.15,8.4246,76.03,15.2179,,True,False,0.0,,0.4541,52.3,2.0,61.4718,122.9436,CLOSING,Friday
28040,2025-07-07T04:35:00+00:00,BEARISH,LOSS,62.5,5,True,True,False,False,True,True,True,False,TRANSITION,0.051,CHOCH,False,True,False,UPPER_SWEEP,EQUAL_HIGH,50.2917,1.9642433095345966,2,38.96,10.7568,31.6,25.6036,,False,True,0.0,,0.5259,55.9,2.0,53.8604,107.7207,MID,Monday
28060,2025-07-07T06:15:00+00:00,BEARISH,TIMEOUT,50.0,4,True,True,False,False,True,True,False,False,TRANSITION,0.06,CHOCH,False,False,True,UPPER_SWEEP,EQUAL_LOW,8.2,0.6307692307692307,1,50.99,2.1974,6.33,13.0,,False,True,0.0,,0.4541,39.7,2.0,19.5,39.0,MID,Monday
28078,2025-07-07T07:45:00+00:00,BULLISH,TIMEOUT,50.0,4,True,True,False,False,True,True,False,False,TRANSITION,0.074,CHOCH,False,True,False,LOWER_SWEEP,EQUAL_HIGH,36.3,2.844671530558668,3,63.84,0.0855,12.68,12.7607,,True,True,0.0,,0.4541,52.5,2.0,41.6261,83.2521,MID,Monday
28094,2025-07-07T09:05:00+00:00,BEARISH,LOSS,62.5,5,True,True,False,False,True,True,True,False,TRANSITION,0.053,CHOCH,False,True,False,UPPER_SWEEP,EQUAL_LOW,21.3571,1.5753442845446297,3,39.51,-0.2928,44.29,13.5571,,False,True,0.0,,0.5259,55.9,2.0,36.7557,73.5114,CLOSING,Monday
28107,2025-07-08T03:55:00+00:00,BULLISH,TIMEOUT,62.5,5,True,True,False,False,True,True,True,False,TRANSITION,0.079,BOS,True,True,False,LOWER_SWEEP,EQUAL_HIGH,44.13,2.598067786432116,2,65.64,6.1455,31.94,16.9857,,True,True,0.0,,0.5259,56.8,2.0,51.9486,103.8971,OPENING,Tuesday
28127,2025-07-08T05:35:00+00:00,BEARISH,LOSS,62.5,5,True,True,False,False,True,True,True,False,RANGE,0.047,BOS,False,True,False,UPPER_SWEEP,EQUAL_LOW,11.3562,0.9061689581155592,1,35.16,-4.7081,43.33,12.5321,,False,False,0.0,,0.5259,52.6,2.0,24.3532,48.7064,MID,Tuesday
28143,2025-07-08T06:55:00+00:00,BULLISH,LOSS,62.5,5,True,True,False,False,True,True,True,False,TRANSITION,0.071,BOS,False,True,False,LOWER_SWEEP,EQUAL_HIGH,6.5273,0.6515637009752544,1,68.63,2.4177,63.76,10.0179,,True,True,0.0,,0.5259,44.9,2.0,17.7518,35.5036,MID,Tuesday
28156,2025-07-08T08:00:00+00:00,BEARISH,TIMEOUT,62.5,5,True,True,False,False,True,True,True,False,TRANSITION,0.065,CHOCH,False,False,True,UPPER_SWEEP,EQUAL_LOW,15.5,1.244979919678715,2,51.67,5.0671,35.34,12.45,,False,True,0.0,,0.5259,56.3,2.0,18.895,37.79,MID,Tuesday
28173,2025-07-08T09:25:00+00:00,BULLISH,WIN,50.0,4,True,True,False,False,True,True,False,False,TRANSITION,0.081,CHOCH,False,True,False,LOWER_SWEEP,EQUAL_HIGH,30.3438,2.6844368165894053,2,57.56,0.7913,0.15,11.3036,,True,True,0.0,,0.4541,52.7,2.0,32.6804,65.3607,CLOSING,Tuesday
28189,2025-07-09T04:30:00+00:00,BULLISH,WIN,50.0,4,True,True,False,False,True,True,False,False,TRANSITION,0.084,CHOCH,True,True,False,LOWER_SWEEP,EQUAL_HIGH,18.25,0.9648784253184098,3,40.91,6.8589,0.33,18.9143,,True,True,0.0,,0.4541,51.6,2.0,28.8914,57.7829,MID,Wednesday
28204,2025-07-09T05:45:00+00:00,BULLISH,LOSS,62.5,5,True,True,False,False,True,True,True,False,TRANSITION,0.105,CHOCH,False,True,False,LOWER_SWEEP,EQUAL_HIGH,18.775,1.6361655773420478,3,68.86,10.0994,32.37,11.475,,True,True,0.0,,0.5259,57.7,2.0,24.6975,49.395,MID,Wednesday
28225,2025-07-09T07:30:00+00:00,BEARISH,TIMEOUT,62.5,5,True,True,False,False,True,True,True,False,TRANSITION,0.064,CHOCH,False,True,False,UPPER_SWEEP,EQUAL_HIGH,41.5,3.6255940732457366,2,36.49,0.3486,39.32,11.4464,,False,True,0.0,,0.5259,56.3,2.0,48.0446,96.0893,MID,Wednesday
28241,2025-07-09T08:50:00+00:00,BEARISH,WIN,62.5,5,True,True,False,False,True,True,True,False,TRANSITION,0.076,CHOCH,False,True,False,UPPER_SWEEP,EQUAL_LOW,23.7,2.3267914821759916,1,35.79,-1.819,23.24,10.1857,,False,True,0.0,,0.5259,56.7,2.0,25.6186,51.2371,MID,Wednesday
28262,2025-07-10T04:20:00+00:00,BEARISH,TIMEOUT,50.0,4,True,True,False,False,True,True,False,False,RANGE,0.011,CHOCH,True,False,True,UPPER_SWEEP,PDL,32.8,1.655971848478576,3,33.65,-18.1347,1.48,19.8071,,False,False,0.0,,0.4541,50.4,2.0,40.5807,81.1614,OPENING,Thursday
28274,2025-07-10T05:20:00+00:00,BEARISH,TIMEOUT,62.5,5,True,True,False,False,True,True,True,False,RANGE,-0.006,BOS,False,True,False,UPPER_SWEEP,EQUAL_LOW,18.9167,1.0878356230555573,3,27.94,-19.079,51.54,17.3893,,False,False,0.0,,0.5259,54.4,2.0,37.5389,75.0779,MID,Thursday
28292,2025-07-10T06:50:00+00:00,BULLISH,TIMEOUT,50.0,4,True,True,False,False,True,True,False,False,RANGE,0.008,CHOCH,False,True,False,LOWER_SWEEP,EQUAL_LOW,3.25,0.23285639566958752,3,49.69,-12.6308,0.06,13.9571,,True,False,0.0,,0.4541,24.7,2.0,40.5457,81.0914,MID,Thursday
28309,2025-07-10T08:15:00+00:00,BEARISH,LOSS,62.5,5,True,True,False,False,True,True,True,False,RANGE,-0.001,BOS,True,True,True,UPPER_SWEEP,EQUAL_LOW,19.7667,1.3906207129440071,3,36.89,-4.1562,36.2,14.2143,,False,False,0.0,,0.5259,54.2,2.0,22.6714,45.3429,MID,Thursday
28330,2025-07-11T03:45:00+00:00,BEARISH,TIMEOUT,50.0,4,True,True,False,False,True,False,True,False,TRANSITION,-0.058,BOS,True,True,True,UPPER_SWEEP,PDL,34.25,1.265673097887342,3,19.79,-14.9425,79.0,27.0607,,False,False,0.0,,0.4541,51.9,2.0,88.4561,176.9121,OPENING,Friday
28363,2025-07-11T06:30:00+00:00,BEARISH,LOSS,62.5,5,True,True,False,False,True,True,True,False,TRANSITION,-0.126,CHOCH,False,True,False,UPPER_SWEEP,EQUAL_LOW,28.25,1.3928537971906263,2,32.93,-31.1739,20.23,20.2821,,False,False,0.0,,0.5259,58.4,2.0,31.5282,63.0564,MID,Friday
28376,2025-07-11T07:35:00+00:00,BEARISH,TIMEOUT,50.0,4,True,True,False,False,True,True,False,False,TRANSITION,-0.124,CHOCH,True,False,True,UPPER_SWEEP,EQUAL_LOW,38.55,2.388046757397989,3,40.05,-14.5306,13.09,16.1429,,False,False,0.0,,0.4541,54.1,2.0,42.6143,85.2286,MID,Friday
28402,2025-07-11T09:45:00+00:00,BEARISH,WIN,50.0,4,True,True,False,False,True,True,False,False,TRANSITION,-0.113,CHOCH,False,True,False,UPPER_SWEEP,EQUAL_LOW,29.425,2.179048550016292,3,41.36,-3.8614,3.08,13.5036,,False,False,0.0,,0.4541,53.8,2.0,34.8004,69.6007,CLOSING,Friday
28451,2025-07-14T07:35:00+00:00,BEARISH,LOSS,62.5,5,True,True,True,False,True,True,False,False,BEARISH,-0.152,CHOCH,False,False,True,UPPER_SWEEP,EQUAL_LOW,29.7833,1.990290224066612,3,43.86,-9.5248,19.59,14.9643,,False,False,0.0,,0.5259,59.2,2.0,34.8964,69.7929,MID,Monday
28467,2025-07-14T08:55:00+00:00,BULLISH,WIN,50.0,4,True,True,False,False,True,True,False,False,TRANSITION,-0.119,CHOCH,False,True,False,LOWER_SWEEP,EQUAL_HIGH,18.9833,1.431157317008813,3,62.54,-0.9708,7.95,13.2643,,True,False,0.0,,0.4541,54.0,2.0,27.1764,54.3529,MID,Monday
28481,2025-07-15T03:50:00+00:00,BULLISH,TIMEOUT,62.5,5,True,True,False,False,True,True,True,False,RANGE,-0.045,BOS,False,True,False,LOWER_SWEEP,EQUAL_LOW,63.825,3.0595809344844613,3,73.69,18.5351,72.56,20.8607,,True,True,0.0,,0.5259,55.7,2.0,71.0361,142.0721,OPENING,Tuesday
28495,2025-07-15T05:00:00+00:00,BULLISH,WIN,50.0,4,True,True,False,False,True,True,False,False,RANGE,-0.048,CHOCH,False,True,False,LOWER_SWEEP,EQUAL_LOW,41.825,2.008056230375541,3,48.56,14.3517,7.56,20.8286,,True,True,0.0,,0.4541,51.6,2.0,45.1329,90.2657,MID,Tuesday
28516,2025-07-15T06:45:00+00:00,BEARISH,LOSS,62.5,5,True,True,False,False,True,True,True,False,RANGE,-0.018,BOS,True,False,False,UPPER_SWEEP,EQUAL_LOW,10.9167,0.753062829392125,3,31.31,17.4504,26.04,14.4964,,False,True,0.0,,0.5259,46.5,2.0,21.1496,42.2993,MID,Tuesday
28528,2025-07-15T07:45:00+00:00,BEARISH,WIN,50.0,4,True,True,False,False,True,True,False,False,RANGE,-0.018,CHOCH,False,True,False,UPPER_SWEEP,EQUAL_LOW,16.8125,1.5001650739263501,3,45.81,7.8853,17.74,11.2071,,False,True,0.0,,0.4541,50.6,2.0,23.6707,47.3414,MID,Tuesday
28551,2025-07-15T09:40:00+00:00,BULLISH,LOSS,50.0,4,True,True,False,False,True,True,False,False,RANGE,-0.016,CHOCH,False,True,False,LOWER_SWEEP,EQUAL_HIGH,38.2625,2.463446668512307,3,59.42,-2.8781,3.53,15.5321,,True,True,0.0,,0.4541,50.5,2.0,47.4032,94.8064,CLOSING,Tuesday
28574,2025-07-16T05:20:00+00:00,BEARISH,LOSS,62.5,5,True,True,False,False,True,True,True,False,TRANSITION,-0.065,BOS,True,False,False,UPPER_SWEEP,EQUAL_LOW,7.2,0.5129776213512686,3,28.61,-12.3437,29.95,14.0357,,False,False,0.0,,0.5259,40.1,2.0,9.6036,19.2071,MID,Wednesday
28586,2025-07-16T06:20:00+00:00,BULLISH,TIMEOUT,50.0,4,True,True,False,False,True,False,True,False,RANGE,-0.008,CHOCH,False,True,False,LOWER_SWEEP,EQUAL_LOW,57.3875,4.252059808541538,3,86.1,3.3712,73.5,13.4964,,True,False,0.0,,0.4541,50.3,2.0,64.8496,129.6993,MID,Wednesday
28606,2025-07-16T08:00:00+00:00,BEARISH,LOSS,62.5,5,True,True,False,False,True,True,True,False,RANGE,-0.021,CHOCH,False,True,False,UPPER_SWEEP,EQUAL_HIGH,22.7875,1.6937845632395792,3,60.36,11.2508,26.42,13.4536,,False,True,0.0,,0.5259,54.9,2.0,27.5454,55.0907,MID,Wednesday
28624,2025-07-16T09:30:00+00:00,BEARISH,WIN,50.0,4,True,True,False,False,True,True,False,False,RANGE,-0.011,CHOCH,False,False,True,UPPER_SWEEP,EQUAL_HIGH,22.2333,1.6416941718538867,3,49.83,6.9997,6.86,13.5429,,False,True,0.0,,0.4541,50.4,2.0,26.9043,53.8086,CLOSING,Wednesday
28641,2025-07-17T04:40:00+00:00,BEARISH,LOSS,62.5,5,True,True,False,False,True,True,True,False,RANGE,-0.048,CHOCH,False,True,False,UPPER_SWEEP,EQUAL_HIGH,24.4167,1.2662884229414846,3,28.4,-10.5219,29.36,19.2821,,False,False,0.0,,0.5259,55.8,2.0,38.1282,76.2564,MID,Thursday
28653,2025-07-17T05:40:00+00:00,BULLISH,TIMEOUT,50.0,4,True,True,False,False,True,True,False,False,RANGE,-0.033,CHOCH,True,False,True,LOWER_SWEEP,EQUAL_LOW,23.53,1.5028325807461154,0,46.07,-10.2932,6.54,15.6571,,True,False,0.0,,0.4541,51.1,2.0,29.5157,59.0314,MID,Thursday
28677,2025-07-17T07:40:00+00:00,BEARISH,LOSS,50.0,4,True,True,False,False,True,True,False,False,RANGE,-0.04,CHOCH,False,True,False,UPPER_SWEEP,EQUAL_HIGH,14.7,1.1591140268567508,2,34.72,-2.3118,1.41,12.6821,,False,False,0.0,,0.4541,51.3,2.0,16.9182,33.8364,MID,Thursday
28690,2025-07-17T08:45:00+00:00,BEARISH,WIN,50.0,4,True,True,False,False,True,True,False,False,TRANSITION,-0.054,CHOCH,False,True,False,UPPER_SWEEP,EQUAL_HIGH,28.8,2.2093174896630026,3,36.22,-5.1437,17.74,13.0357,,False,False,0.0,,0.4541,51.8,2.0,36.9536,73.9071,MID,Thursday
28706,2025-07-18T03:50:00+00:00,BEARISH,WIN,62.5,5,True,True,False,False,True,True,True,False,TRANSITION,-0.091,BOS,False,True,False,UPPER_SWEEP,EQUAL_LOW,47.5833,2.4233055098621388,1,26.21,-18.8414,61.37,19.6357,,False,False,0.0,,0.5259,57.2,2.0,65.4636,130.9271,OPENING,Friday
28734,2025-07-18T06:10:00+00:00,BEARISH,TIMEOUT,75.0,6,True,True,True,False,True,True,True,False,BEARISH,-0.185,BOS,False,True,False,UPPER_SWEEP,EQUAL_LOW,48.225,2.9469638175785096,3,41.78,-28.4181,36.15,16.3643,,False,False,0.0,,0.5965,64.5,2.0,56.1864,112.3729,MID,Friday
28768,2025-07-18T09:00:00+00:00,BULLISH,LOSS,50.0,4,True,True,False,False,True,False,True,False,TRANSITION,-0.101,BOS,False,True,False,LOWER_SWEEP,EQUAL_HIGH,34.625,2.2364537110598692,3,80.52,7.9039,73.99,15.4821,,True,False,0.0,,0.4541,53.4,2.0,48.0482,96.0964,CLOSING,Friday
28781,2025-07-21T03:50:00+00:00,BEARISH,LOSS,50.0,4,True,True,False,False,True,True,False,False,TRANSITION,-0.144,BOS,False,True,False,UPPER_SWEEP,EQUAL_LOW,103.725,4.560062251609045,1,28.81,-2.0674,14.01,22.7464,,False,False,0.0,,0.4541,54.8,2.0,114.0746,228.1493,OPENING,Monday
28809,2025-07-21T06:10:00+00:00,BEARISH,TIMEOUT,62.5,5,True,True,False,False,True,True,True,False,TRANSITION,-0.079,CHOCH,False,True,False,UPPER_SWEEP,EQUAL_LOW,34.0333,2.0155101654062313,1,32.75,13.2752,38.87,16.8857,,False,True,0.0,,0.5259,56.8,2.0,49.3386,98.6771,MID,Monday
28822,2025-07-21T07:15:00+00:00,BULLISH,TIMEOUT,62.5,5,True,True,False,False,True,True,True,False,TRANSITION,-0.051,CHOCH,False,True,False,LOWER_SWEEP,EQUAL_LOW,21.5625,1.2718537655719138,3,54.35,4.6101,30.85,16.9536,,True,True,0.0,,0.5259,55.9,2.0,46.3954,92.7907,MID,Monday
28835,2025-07-21T08:20:00+00:00,BEARISH,WIN,62.5,5,True,True,False,False,True,True,True,False,TRANSITION,-0.076,BOS,False,True,False,UPPER_SWEEP,EQUAL_LOW,20.38,1.7376327950480022,3,37.83,-0.4015,26.97,11.7286,,False,True,0.0,,0.5259,56.7,2.0,32.5729,65.1457,MID,Monday
28848,2025-07-21T09:25:00+00:00,BULLISH,WIN,62.5,5,True,True,False,False,True,True,True,False,TRANSITION,-0.054,CHOCH,False,True,False,LOWER_SWEEP,EQUAL_HIGH,27.05,1.8067782572104147,3,58.33,-0.3751,27.03,14.9714,,True,True,0.0,,0.5259,56.0,2.0,37.4471,74.8943,CLOSING,Monday
28877,2025-07-22T05:35:00+00:00,BEARISH,TIMEOUT,62.5,5,True,True,False,False,True,True,True,False,TRANSITION,-0.055,BOS,False,True,False,UPPER_SWEEP,EQUAL_HIGH,33.1333,2.196862505884459,3,31.62,-0.94,55.26,15.0821,,False,True,0.0,,0.5259,56.0,2.0,45.6582,91.3164,MID,Tuesday
28892,2025-07-22T06:50:00+00:00,BULLISH,TIMEOUT,50.0,4,True,True,False,False,True,True,False,False,RANGE,-0.022,CHOCH,False,True,False,LOWER_SWEEP,EQUAL_LOW,24.1,1.6256323777403037,1,62.67,0.0435,1.89,14.825,,True,True,0.0,,0.4541,50.7,2.0,30.5325,61.065,MID,Tuesday
28916,2025-07-22T08:50:00+00:00,BEARISH,TIMEOUT,50.0,4,True,True,False,False,True,True,False,False,RANGE,-0.049,CHOCH,False,True,False,UPPER_SWEEP,EQUAL_LOW,39.0833,3.008050550685374,2,37.24,-1.7119,14.64,12.9929,,False,True,0.0,,0.4541,51.6,2.0,41.3493,82.6986,MID,Tuesday
28930,2025-07-23T03:45:00+00:00,BULLISH,TIMEOUT,62.5,5,True,True,False,False,True,True,True,False,RANGE,0.004,CHOCH,False,True,False,LOWER_SWEEP,EQUAL_HIGH,69.525,3.775598312181294,3,74.45,-0.7063,34.06,18.4143,,True,False,0.0,,0.5259,54.3,2.0,79.4914,158.9829,OPENING,Wednesday
28948,2025-07-23T05:15:00+00:00,BULLISH,WIN,50.0,4,True,True,False,False,True,True,False,False,RANGE,-0.011,CHOCH,False,True,False,LOWER_SWEEP,EQUAL_HIGH,5.85,0.4085794704530692,3,52.55,6.6979,0.41,14.3179,,True,True,0.0,,0.4541,30.7,2.0,15.4318,30.8636,MID,Wednesday
28963,2025-07-23T06:30:00+00:00,BULLISH,WIN,62.5,5,True,True,False,False,True,True,True,False,RANGE,0.011,BOS,False,True,False,LOWER_SWEEP,EQUAL_HIGH,22.575,1.769103575822643,3,63.96,9.2748,21.74,12.7607,,True,True,0.0,,0.5259,54.5,2.0,30.1761,60.3521,MID,Wednesday
28978,2025-07-23T07:45:00+00:00,BEARISH,WIN,37.5,3,True,True,False,False,False,True,False,False,RANGE,0.014,BOS,True,False,False,UPPER_SWEEP,EQUAL_LOW,18.125,1.294975850933097,3,52.02,11.2712,1.15,13.9964,,True,True,0.0,,0.3843,46.3,2.0,21.2496,42.4993,MID,Wednesday
29012,2025-07-24T04:20:00+00:00,BEARISH,TIMEOUT,50.0,4,True,True,False,False,True,True,False,False,RANGE,0.005,CHOCH,False,True,False,UPPER_SWEEP,EQUAL_HIGH,14.0,0.8166646250051041,3,25.9,-2.337,14.48,17.1429,,False,True,0.0,,0.4541,44.1,2.0,29.9143,59.8286,OPENING,Thursday
29029,2025-07-24T05:45:00+00:00,BEARISH,WIN,62.5,5,True,True,False,False,True,True,True,False,RANGE,-0.015,CHOCH,False,True,False,UPPER_SWEEP,EQUAL_HIGH,23.525,2.120725869700439,3,37.67,-9.4938,24.18,11.0929,,False,False,0.0,,0.5259,54.7,2.0,28.3593,56.7186,MID,Thursday
29058,2025-07-24T08:10:00+00:00,BULLISH,TIMEOUT,50.0,4,True,True,False,False,True,True,False,False,RANGE,-0.05,CHOCH,False,False,True,LOWER_SWEEP,EQUAL_HIGH,24.025,1.4768347481850759,3,47.91,-13.1421,1.22,16.2679,,True,False,0.0,,0.4541,51.7,2.0,27.2768,54.5536,MID,Thursday
29071,2025-07-24T09:15:00+00:00,BEARISH,WIN,62.5,5,True,True,False,False,True,True,True,False,TRANSITION,-0.057,CHOCH,False,True,False,UPPER_SWEEP,EQUAL_LOW,18.5833,0.910468528761875,2,52.28,-2.2132,23.9,20.4107,,False,False,0.0,,0.5259,53.1,2.0,31.4911,62.9821,CLOSING,Thursday
29092,2025-07-25T04:45:00+00:00,BEARISH,TIMEOUT,75.0,6,True,True,True,False,True,True,True,False,BEARISH,-0.183,CHOCH,False,True,False,UPPER_SWEEP,EQUAL_LOW,30.675,0.7939548138120961,3,23.98,-45.0526,56.47,38.6357,,False,False,0.0,,0.5965,57.6,2.0,80.9136,161.8271,MID,Friday
29110,2025-07-25T06:15:00+00:00,BEARISH,TIMEOUT,62.5,5,True,True,True,False,True,True,False,False,BEARISH,-0.188,CHOCH,False,False,True,UPPER_SWEEP,EQUAL_LOW,67.225,3.295343137254902,3,45.14,-26.0129,7.29,20.4,,False,False,0.0,,0.5259,60.4,2.0,80.64,161.28,MID,Friday
29143,2025-07-25T09:00:00+00:00,BEARISH,WIN,75.0,6,True,True,True,False,True,True,True,False,BEARISH,-0.168,CHOCH,False,True,False,UPPER_SWEEP,EQUAL_LOW,20.975,0.9619971013960998,2,38.92,-6.4846,54.09,21.8036,,False,False,0.0,,0.5965,62.7,2.0,27.5304,55.0607,CLOSING,Friday
29155,2025-07-28T03:45:00+00:00,BEARISH,LOSS,75.0,6,True,True,True,False,True,True,True,False,BEARISH,-0.177,BOS,False,True,True,UPPER_SWEEP,PDL,39.05,1.6703309864577005,3,30.76,-9.1093,73.88,23.3786,,False,False,0.0,,0.5965,64.2,2.0,58.3879,116.7757,OPENING,Monday
29167,2025-07-28T04:45:00+00:00,BULLISH,LOSS,50.0,4,True,True,False,False,True,True,False,False,TRANSITION,-0.115,BOS,False,True,False,LOWER_SWEEP,EQUAL_LOW,59.325,1.7036937055948356,3,54.93,-1.3247,6.27,34.8214,,True,False,0.0,,0.4541,53.8,2.0,67.5321,135.0643,MID,Monday
29197,2025-07-28T07:15:00+00:00,BEARISH,WIN,75.0,6,True,True,True,False,True,True,True,False,BEARISH,-0.19,BOS,False,True,False,UPPER_SWEEP,EQUAL_LOW,21.3125,1.2683294056035612,2,23.05,-13.5142,63.13,16.8036,,False,False,0.0,,0.5965,64.7,2.0,55.2804,110.5607,MID,Monday
29220,2025-07-28T09:10:00+00:00,BULLISH,LOSS,50.0,4,True,True,False,False,True,True,False,False,BEARISH,-0.202,CHOCH,False,True,False,LOWER_SWEEP,EQUAL_HIGH,26.05,1.360569088705971,2,62.27,-17.5079,7.57,19.1464,,True,False,0.0,,0.4541,56.7,2.0,35.4646,70.9293,CLOSING,Monday
29232,2025-07-29T03:55:00+00:00,BULLISH,TIMEOUT,62.5,5,True,True,False,False,True,True,True,False,BEARISH,-0.172,CHOCH,False,False,True,LOWER_SWEEP,EQUAL_HIGH,101.925,3.8613219984543345,2,58.56,-7.9684,38.53,26.3964,,True,False,0.0,,0.5259,59.9,2.0,114.4396,228.8793,OPENING,Tuesday
29248,2025-07-29T05:15:00+00:00,BEARISH,LOSS,75.0,6,True,True,True,False,True,True,True,False,BEARISH,-0.229,CHOCH,False,False,True,UPPER_SWEEP,PDL,3.2,0.1408140814081408,2,34.07,-16.6443,46.36,22.725,,False,False,0.0,,0.5965,37.3,2.0,30.6725,61.345,MID,Tuesday
29276,2025-07-29T07:35:00+00:00,BULLISH,WIN,62.5,5,True,True,False,False,True,True,True,False,TRANSITION,-0.136,CHOCH,True,False,True,LOWER_SWEEP,EQUAL_HIGH,13.8167,0.8897582525147147,3,75.17,10.6043,49.33,15.5286,,True,True,0.0,,0.5259,55.0,2.0,31.4029,62.8057,MID,Tuesday
29303,2025-07-29T09:50:00+00:00,BULLISH,WIN,62.5,5,True,True,False,False,True,True,True,False,TRANSITION,-0.059,CHOCH,False,True,False,LOWER_SWEEP,EQUAL_LOW,23.975,1.13895486935867,2,63.29,22.1789,27.41,21.05,,True,True,0.0,,0.5259,56.1,2.0,32.955,65.91,CLOSING,Tuesday
29329,2025-07-30T05:45:00+00:00,BULLISH,TIMEOUT,50.0,4,True,True,False,False,True,True,False,False,RANGE,-0.032,CHOCH,False,True,False,LOWER_SWEEP,EQUAL_HIGH,68.3167,3.182272136538739,2,61.7,6.3981,15.4,21.4679,,True,True,0.0,,0.4541,51.1,2.0,71.3968,142.7936,MID,Wednesday
29353,2025-07-30T07:45:00+00:00,BEARISH,LOSS,62.5,5,True,True,False,False,True,True,True,False,TRANSITION,-0.06,CHOCH,False,True,False,UPPER_SWEEP,EQUAL_HIGH,22.5,1.5328437316910333,3,43.12,2.6324,42.97,14.6786,,False,True,0.0,,0.5259,56.2,2.0,24.2679,48.5357,MID,Wednesday
29368,2025-07-30T09:00:00+00:00,BULLISH,LOSS,62.5,5,True,True,False,False,True,True,True,False,RANGE,-0.035,CHOCH,False,True,False,LOWER_SWEEP,EQUAL_HIGH,24.2,1.6202789290090185,2,79.17,4.4515,44.25,14.9357,,True,True,0.0,,0.5259,55.3,2.0,36.0936,72.1871,CLOSING,Wednesday
29380,2025-07-31T03:45:00+00:00,BEARISH,TIMEOUT,62.5,5,True,True,True,False,True,False,True,False,BEARISH,-0.18,CHOCH,True,True,True,UPPER_SWEEP,EQUAL_LOW,175.775,6.38517759711718,3,16.0,-16.3687,78.28,27.5286,,False,False,0.0,,0.5259,60.2,2.0,182.9029,365.8057,OPENING,Thursday
29398,2025-07-31T05:15:00+00:00,BULLISH,WIN,50.0,4,True,True,False,False,True,True,False,False,TRANSITION,-0.141,CHOCH,False,True,False,LOWER_SWEEP,EQUAL_HIGH,46.825,2.1204957861797564,2,58.66,-32.2624,5.62,22.0821,,True,False,0.0,,0.4541,54.7,2.0,58.7582,117.5164,MID,Thursday
29416,2025-07-31T06:45:00+00:00,BULLISH,WIN,62.5,5,True,True,False,False,True,True,True,False,RANGE,-0.048,BOS,False,True,False,LOWER_SWEEP,EQUAL_LOW,79.45,3.0131333932546776,2,66.96,18.4397,38.13,26.3679,,True,True,0.0,,0.5259,55.8,2.0,87.2868,174.5736,MID,Thursday
29431,2025-07-31T08:00:00+00:00,BULLISH,LOSS,62.5,5,True,True,False,False,True,True,True,False,RANGE,0.012,BOS,False,True,False,LOWER_SWEEP,PDH,12.2,0.5150004432380864,1,72.77,37.212,63.94,23.6893,,True,True,0.0,,0.5259,38.4,2.0,45.2689,90.5379,MID,Thursday
29443,2025-07-31T09:00:00+00:00,BEARISH,WIN,50.0,4,True,True,False,False,True,True,False,False,RANGE,-0.036,CHOCH,True,True,True,UPPER_SWEEP,EQUAL_HIGH,49.25,1.8301270498351958,3,43.8,13.9435,14.72,26.9107,,False,True,0.0,,0.4541,51.2,2.0,56.3911,112.7821,CLOSING,Thursday
29467,2025-08-01T04:45:00+00:00,BULLISH,LOSS,50.0,4,True,True,False,False,True,True,False,False,TRANSITION,-0.106,CHOCH,False,True,False,LOWER_SWEEP,EQUAL_HIGH,48.275,1.5121378230227094,3,49.08,-29.1833,8.32,31.925,,True,False,0.0,,0.4541,53.5,2.0,69.8925,139.785,MID,Friday
29479,2025-08-01T05:45:00+00:00,BEARISH,TIMEOUT,50.0,4,True,True,False,False,True,True,False,False,TRANSITION,-0.148,CHOCH,False,True,False,UPPER_SWEEP,EQUAL_HIGH,61.21,2.508236489698241,3,40.29,-15.4691,8.85,24.4036,,False,False,0.0,,0.4541,54.9,2.0,84.5404,169.0807,MID,Friday
29496,2025-08-01T07:10:00+00:00,BEARISH,TIMEOUT,75.0,6,True,True,True,False,True,True,True,False,BEARISH,-0.174,CHOCH,False,True,False,UPPER_SWEEP,EQUAL_LOW,54.625,2.5542769233646783,2,36.12,-23.3743,29.65,21.3857,,False,False,0.0,,0.5965,64.1,2.0,64.3886,128.7771,MID,Friday
29517,2025-08-01T08:55:00+00:00,BEARISH,WIN,75.0,6,True,True,True,False,True,True,True,False,BEARISH,-0.17,CHOCH,False,True,False,UPPER_SWEEP,PDL,28.95,1.310589289837161,3,43.19,-10.3295,38.25,22.0893,,False,False,0.0,,0.5965,64.0,2.0,37.7089,75.4179,MID,Friday
29533,2025-08-04T04:00:00+00:00,BULLISH,LOSS,50.0,4,True,True,False,False,True,True,False,False,TRANSITION,-0.123,CHOCH,True,False,False,LOWER_SWEEP,EQUAL_LOW,87.5,3.116252234798031,3,55.79,-4.9577,15.46,28.0786,,True,False,0.0,,0.4541,54.1,2.0,96.5079,193.0157,OPENING,Monday
29551,2025-08-04T05:30:00+00:00,BULLISH,TIMEOUT,62.5,5,True,True,False,False,True,True,True,False,TRANSITION,-0.113,CHOCH,False,False,True,LOWER_SWEEP,EQUAL_HIGH,52.5375,2.2390397327003146,2,64.17,3.882,23.35,23.4643,,True,False,0.0,,0.5259,57.9,2.0,60.1964,120.3929,MID,Monday
29568,2025-08-04T06:55:00+00:00,BULLISH,LOSS,50.0,4,True,True,False,False,True,True,False,False,TRANSITION,-0.085,BOS,False,False,True,LOWER_SWEEP,EQUAL_HIGH,21.2125,1.2607726597325408,1,61.04,11.9538,9.11,16.825,,True,True,0.0,,0.4541,52.8,2.0,28.9825,57.965,MID,Monday
29580,2025-08-04T07:55:00+00:00,BEARISH,LOSS,50.0,4,True,True,False,False,True,True,False,False,TRANSITION,-0.105,CHOCH,False,True,False,UPPER_SWEEP,EQUAL_HIGH,41.1667,2.0772483461920785,3,47.01,8.6887,8.1,19.8179,,False,True,0.0,,0.4541,53.5,2.0,45.2318,90.4636,MID,Monday
29606,2025-08-05T03:50:00+00:00,BEARISH,WIN,62.5,5,True,True,False,False,True,True,True,False,TRANSITION,-0.094,CHOCH,False,True,False,UPPER_SWEEP,EQUAL_LOW,49.9625,2.4646793018735753,2,35.91,1.5531,50.71,20.2714,,False,True,0.0,,0.5259,57.3,2.0,58.2271,116.4543,OPENING,Tuesday
29641,2025-08-05T06:45:00+00:00,BULLISH,LOSS,62.5,5,True,True,False,False,True,True,True,False,TRANSITION,-0.095,CHOCH,False,True,False,LOWER_SWEEP,EQUAL_HIGH,31.04,1.957914921532018,3,71.67,-0.7317,39.09,15.8536,,True,False,0.0,,0.5259,57.3,2.0,41.7354,83.4707,MID,Tuesday
29655,2025-08-05T07:55:00+00:00,BEARISH,TIMEOUT,62.5,5,True,True,False,False,True,True,True,False,TRANSITION,-0.134,CHOCH,True,True,False,UPPER_SWEEP,EQUAL_LOW,19.275,1.2752823485043965,3,20.84,-6.7515,83.06,15.1143,,False,False,0.0,,0.5259,58.6,2.0,30.9114,61.8229,MID,Tuesday
29675,2025-08-05T09:35:00+00:00,BULLISH,TIMEOUT,50.0,4,True,True,False,False,True,True,False,False,TRANSITION,-0.091,CHOCH,False,True,False,LOWER_SWEEP,EQUAL_HIGH,50.86,2.3009826453609366,2,60.17,0.4207,5.04,22.1036,,True,False,0.0,,0.4541,53.0,2.0,63.7104,127.4207,CLOSING,Tuesday
29687,2025-08-06T04:20:00+00:00,BEARISH,WIN,50.0,4,True,True,False,False,True,True,False,False,TRANSITION,-0.104,CHOCH,True,False,True,UPPER_SWEEP,EQUAL_HIGH,13.75,0.5902199481464948,3,54.91,0.3179,11.27,23.2964,,False,False,0.0,,0.4541,39.8,2.0,19.5796,39.1593,OPENING,Wednesday
29716,2025-08-06T06:45:00+00:00,BULLISH,TIMEOUT,62.5,5,True,True,False,False,True,True,True,False,TRANSITION,-0.106,CHOCH,True,False,True,LOWER_SWEEP,EQUAL_LOW,20.2444,1.1976383728909816,3,72.13,-1.3728,43.97,16.9036,,True,False,0.0,,0.5259,57.7,2.0,31.6404,63.2807,MID,Wednesday
29739,2025-08-06T08:40:00+00:00,BEARISH,WIN,62.5,5,True,True,False,False,True,True,True,False,TRANSITION,-0.122,CHOCH,False,False,True,UPPER_SWEEP,EQUAL_LOW,22.2625,1.4750313061108202,3,35.8,-0.7625,51.63,15.0929,,False,False,0.0,,0.5259,58.2,2.0,24.4093,48.8186,MID,Wednesday
29755,2025-08-07T03:45:00+00:00,BEARISH,TIMEOUT,75.0,6,True,True,True,False,True,True,True,False,BEARISH,-0.154,CHOCH,False,True,True,UPPER_SWEEP,PDL,46.55,2.0639720488081723,2,26.3,-10.4758,66.05,22.5536,,False,False,0.0,,0.5965,63.5,2.0,68.5554,137.1107,OPENING,Thursday
29770,2025-08-07T05:00:00+00:00,BEARISH,WIN,75.0,6,True,True,True,False,True,True,True,False,BEARISH,-0.205,BOS,False,True,False,UPPER_SWEEP,EQUAL_LOW,22.625,1.1119903275272285,2,26.57,-30.4594,65.18,20.3464,,False,False,0.0,,0.5965,65.2,2.0,49.3846,98.7693,MID,Thursday
29783,2025-08-07T06:05:00+00:00,BULLISH,TIMEOUT,50.0,4,True,True,False,False,False,True,True,False,BEARISH,-0.194,CHOCH,True,False,True,LOWER_SWEEP,EQUAL_LOW,6.725,0.3951721422737235,1,46.04,-25.1366,35.25,17.0179,,False,False,0.0,,0.4541,36.3,2.0,30.8018,61.6036,MID,Thursday
29802,2025-08-07T07:40:00+00:00,BEARISH,WIN,75.0,6,True,True,True,False,True,True,True,False,BEARISH,-0.206,CHOCH,False,True,False,UPPER_SWEEP,EQUAL_LOW,23.6,1.4664852201902703,3,35.49,-8.7758,34.93,16.0929,,False,False,0.0,,0.5965,65.2,2.0,37.2093,74.4186,MID,Thursday
29814,2025-08-07T08:40:00+00:00,BULLISH,WIN,50.0,4,True,True,False,False,True,True,False,False,BEARISH,-0.18,CHOCH,False,True,False,LOWER_SWEEP,EQUAL_LOW,35.8,1.560395590792794,3,47.84,-8.3478,5.76,22.9429,,True,False,0.0,,0.4541,56.0,2.0,50.5443,101.0886,MID,Thursday
29826,2025-08-07T09:40:00+00:00,BULLISH,LOSS,50.0,4,True,True,False,False,True,False,True,False,TRANSITION,-0.061,CHOCH,False,True,False,LOWER_SWEEP,EQUAL_HIGH,68.275,2.229387755102041,3,93.76,41.9577,86.81,30.625,,True,True,0.0,,0.4541,52.0,2.0,77.6625,155.325,CLOSING,Thursday
29846,2025-08-08T05:05:00+00:00,BEARISH,TIMEOUT,75.0,6,True,True,True,False,True,True,True,False,BEARISH,-0.173,CHOCH,False,True,False,UPPER_SWEEP,EQUAL_HIGH,31.9,1.5026897675777018,2,20.86,-14.6731,40.32,21.2286,,False,False,0.0,,0.5965,64.1,2.0,48.8729,97.7457,MID,Friday
29864,2025-08-08T06:35:00+00:00,BEARISH,LOSS,62.5,5,True,True,True,False,True,True,False,False,BEARISH,-0.176,CHOCH,True,False,False,UPPER_SWEEP,EQUAL_LOW,22.75,1.30238895345176,3,47.18,-13.5899,13.08,17.4679,,False,False,0.0,,0.5259,60.0,2.0,32.7468,65.4936,MID,Friday
29900,2025-08-08T09:35:00+00:00,BEARISH,LOSS,75.0,6,True,True,True,False,True,True,True,False,BEARISH,-0.196,BOS,False,True,False,UPPER_SWEEP,EQUAL_LOW,29.0167,1.4211402739752865,3,32.44,-11.6352,44.21,20.4179,,False,False,0.0,,0.5965,64.9,2.0,41.4918,82.9836,CLOSING,Friday
29919,2025-08-11T04:55:00+00:00,BULLISH,TIMEOUT,50.0,4,True,True,False,False,True,True,False,False,TRANSITION,-0.126,CHOCH,False,True,False,LOWER_SWEEP,EQUAL_HIGH,49.1,1.7985347985347986,3,59.86,4.9823,9.17,27.3,,True,False,0.0,,0.4541,54.2,2.0,62.08,124.16,MID,Monday
29934,2025-08-11T06:10:00+00:00,BEARISH,TIMEOUT,62.5,5,True,True,False,False,True,True,True,False,TRANSITION,-0.145,CHOCH,False,True,False,UPPER_SWEEP,EQUAL_HIGH,54.175,2.9655844404666105,3,40.12,7.5268,28.82,18.2679,,False,True,0.0,,0.5259,59.0,2.0,58.8768,117.7536,MID,Monday
29946,2025-08-11T07:10:00+00:00,BULLISH,WIN,50.0,4,True,True,False,False,True,True,False,False,TRANSITION,-0.108,CHOCH,False,True,False,LOWER_SWEEP,EQUAL_HIGH,19.1625,1.1450073794343827,2,56.21,5.2497,0.6,16.7357,,True,True,0.0,,0.4541,53.6,2.0,33.2736,66.5471,MID,Monday
29961,2025-08-11T08:25:00+00:00,BULLISH,WIN,50.0,4,True,True,False,False,True,False,True,False,TRANSITION,-0.067,BOS,False,False,True,LOWER_SWEEP,EQUAL_HIGH,15.55,0.8810198300283287,1,80.17,18.9384,64.13,17.65,,True,True,0.0,,0.4541,48.3,2.0,27.415,54.83,MID,Monday
29975,2025-08-11T09:35:00+00:00,BULLISH,LOSS,50.0,4,True,True,False,False,True,False,True,False,RANGE,-0.018,BOS,False,True,False,LOWER_SWEEP,PDH,14.8,0.87759349632063,3,84.55,29.7215,73.69,16.8643,,True,True,0.0,,0.4541,46.5,2.0,28.5364,57.0729,CLOSING,Monday
30002,2025-08-12T05:35:00+00:00,BEARISH,TIMEOUT,50.0,4,True,True,False,False,True,False,True,False,TRANSITION,-0.071,CHOCH,False,True,False,UPPER_SWEEP,EQUAL_HIGH,59.85,2.034973666046711,2,14.31,-7.1611,69.33,29.4107,,False,True,0.0,,0.4541,52.4,2.0,67.1411,134.2821,MID,Tuesday
30016,2025-08-12T06:45:00+00:00,BULLISH,TIMEOUT,62.5,5,True,True,False,False,True,True,True,False,RANGE,-0.028,CHOCH,False,False,True,LOWER_SWEEP,EQUAL_HIGH,35.75,1.771995043370508,2,67.61,-6.6811,34.7,20.175,,True,True,0.0,,0.5259,55.1,2.0,48.6675,97.335,MID,Tuesday
30028,2025-08-12T07:45:00+00:00,BEARISH,WIN,50.0,4,True,True,False,False,True,True,False,False,RANGE,-0.048,CHOCH,False,True,False,UPPER_SWEEP,EQUAL_HIGH,31.25,1.4013452914798206,3,52.84,4.3223,16.09,22.3,,False,True,0.0,,0.4541,51.6,2.0,45.18,90.36,MID,Tuesday
30040,2025-08-12T08:45:00+00:00,BEARISH,TIMEOUT,62.5,5,True,True,False,False,True,True,True,False,TRANSITION,-0.081,CHOCH,False,True,False,UPPER_SWEEP,EQUAL_LOW,52.2,2.4852882363023485,3,28.31,-10.6675,48.31,21.0036,,False,False,0.0,,0.5259,56.9,2.0,75.1004,150.2007,MID,Tuesday
30055,2025-08-13T03:45:00+00:00,BULLISH,TIMEOUT,62.5,5,True,True,False,False,True,True,True,False,RANGE,-0.044,CHOCH,False,True,False,LOWER_SWEEP,EQUAL_HIGH,88.275,3.037231242452081,1,55.94,-16.6713,25.83,29.0643,,True,False,0.0,,0.5259,55.6,2.0,91.4564,182.9129,OPENING,Wednesday
30087,2025-08-13T06:25:00+00:00,BEARISH,LOSS,50.0,4,True,True,False,False,True,True,False,False,TRANSITION,-0.059,CHOCH,True,False,True,UPPER_SWEEP,EQUAL_LOW,29.1,1.9113300492610839,1,43.09,0.6237,4.36,15.225,,False,True,0.0,,0.4541,52.0,2.0,32.3725,64.745,MID,Wednesday
30102,2025-08-13T07:40:00+00:00,BULLISH,WIN,50.0,4,True,True,False,False,True,False,True,False,RANGE,-0.01,CHOCH,True,False,False,LOWER_SWEEP,EQUAL_HIGH,2.0,0.12733095224452637,3,81.84,14.7982,74.85,15.7071,,True,True,0.0,,0.4541,21.2,2.0,8.3707,16.7414,MID,Wednesday
30127,2025-08-13T09:45:00+00:00,BEARISH,LOSS,62.5,5,True,True,False,False,True,True,True,False,RANGE,-0.021,BOS,True,False,False,UPPER_SWEEP,EQUAL_HIGH,5.9,0.38652280156967567,3,32.37,1.4611,60.73,15.2643,,False,True,0.0,,0.5259,34.4,2.0,29.1764,58.3529,CLOSING,Wednesday
30159,2025-08-14T06:10:00+00:00,BEARISH,LOSS,62.5,5,True,True,False,False,True,True,True,False,RANGE,-0.025,BOS,False,False,True,UPPER_SWEEP,EQUAL_LOW,17.725,1.0782089261708225,1,25.82,-1.8328,73.66,16.4393,,False,True,0.0,,0.5259,55.0,2.0,24.1939,48.3879,MID,Thursday
30174,2025-08-14T07:25:00+00:00,BULLISH,LOSS,62.5,5,True,True,False,False,True,True,True,False,RANGE,0.006,BOS,False,True,False,LOWER_SWEEP,EQUAL_HIGH,26.3429,1.7351288688653086,2,75.62,3.2443,70.84,15.1821,,True,True,0.0,,0.5259,54.4,2.0,32.1682,64.3364,MID,Thursday
30191,2025-08-14T08:50:00+00:00,BEARISH,LOSS,50.0,4,True,True,False,False,True,True,False,False,RANGE,-0.027,BOS,False,True,False,UPPER_SWEEP,EQUAL_LOW,29.1917,1.8790077048346712,3,33.7,-2.5962,16.89,15.5357,,False,True,0.0,,0.4541,50.9,2.0,30.7536,61.5071,MID,Thursday
30205,2025-08-18T03:45:00+00:00,BULLISH,TIMEOUT,62.5,5,True,True,True,False,True,False,True,False,BULLISH,0.209,CHOCH,True,True,True,LOWER_SWEEP,PDH,66.4,1.6229044612763754,1,89.53,21.3973,72.31,40.9143,,True,True,0.0,,0.5259,61.1,2.0,340.1414,680.2829,OPENING,Monday
30274,2025-08-18T09:30:00+00:00,BEARISH,LOSS,62.5,5,True,True,False,False,True,True,True,False,TRANSITION,0.095,CHOCH,False,False,True,UPPER_SWEEP,EQUAL_LOW,26.125,1.5104299160518952,2,25.9,-4.3189,43.08,17.2964,,False,True,0.0,,0.5259,57.3,2.0,40.7796,81.5593,CLOSING,Monday
30308,2025-08-19T06:05:00+00:00,BULLISH,WIN,62.5,5,True,True,False,False,True,True,True,False,TRANSITION,0.13,BOS,False,True,False,LOWER_SWEEP,EQUAL_HIGH,28.275,2.0977697980502423,2,75.43,9.1434,46.57,13.4786,,True,True,0.0,,0.5259,58.5,2.0,30.6479,61.2957,MID,Tuesday
30331,2025-08-19T08:00:00+00:00,BEARISH,WIN,50.0,4,True,True,False,False,True,True,False,False,TRANSITION,0.124,CHOCH,False,False,True,UPPER_SWEEP,EQUAL_HIGH,31.275,2.2254084362725566,3,38.49,9.5636,14.65,14.0536,,False,True,0.0,,0.4541,54.1,2.0,35.2554,70.5107,MID,Tuesday
30353,2025-08-19T09:50:00+00:00,BULLISH,LOSS,62.5,5,True,True,False,False,True,True,True,False,TRANSITION,0.134,CHOCH,False,True,False,LOWER_SWEEP,EQUAL_HIGH,6.2667,0.39079678467419576,3,78.7,4.4171,26.66,16.0357,,True,True,0.0,,0.5259,38.3,2.0,25.0036,50.0071,CLOSING,Tuesday
30368,2025-08-20T04:50:00+00:00,BULLISH,WIN,50.0,4,True,True,False,False,True,True,False,False,TRANSITION,0.122,CHOCH,True,False,False,LOWER_SWEEP,EQUAL_HIGH,20.3643,0.938909969431932,2,52.49,6.9265,1.97,21.6893,,True,True,0.0,,0.4541,52.0,2.0,23.6189,47.2379,MID,Wednesday
30387,2025-08-20T06:25:00+00:00,BULLISH,WIN,62.5,5,True,True,False,False,True,True,True,False,TRANSITION,0.143,CHOCH,False,False,True,LOWER_SWEEP,EQUAL_HIGH,12.075,0.871841155234657,3,56.58,10.5957,26.19,13.85,,True,True,0.0,,0.5259,54.7,2.0,22.035,44.07,MID,Wednesday
30427,2025-08-20T09:45:00+00:00,BEARISH,LOSS,62.5,5,True,True,False,False,True,True,True,False,TRANSITION,0.124,CHOCH,False,True,False,UPPER_SWEEP,EQUAL_LOW,29.325,2.2576274318092584,3,26.47,1.8828,35.62,12.9893,,False,True,0.0,,0.5259,58.3,2.0,34.4989,68.9979,CLOSING,Wednesday
30439,2025-08-21T04:30:00+00:00,BULLISH,TIMEOUT,75.0,6,True,True,True,False,True,True,True,False,BULLISH,0.171,CHOCH,False,True,False,LOWER_SWEEP,PDH,30.2,1.2090349339034212,3,72.68,11.7894,64.77,24.9786,,True,True,0.0,,0.5965,64.0,2.0,71.7979,143.5957,MID,Thursday
30461,2025-08-21T06:20:00+00:00,BEARISH,TIMEOUT,62.5,5,True,True,False,False,True,True,True,False,TRANSITION,0.149,BOS,False,True,False,UPPER_SWEEP,EQUAL_LOW,15.6125,1.4384628141814697,2,31.75,6.2473,49.83,10.8536,,False,True,0.0,,0.5259,59.1,2.0,23.8354,47.6707,MID,Thursday
30480,2025-08-21T07:55:00+00:00,BEARISH,WIN,62.5,5,True,True,False,False,True,True,True,False,TRANSITION,0.132,CHOCH,False,True,False,UPPER_SWEEP,EQUAL_LOW,6.9625,0.5198650030986568,2,49.12,-0.2193,28.9,13.3929,,False,True,0.0,,0.5259,42.6,2.0,22.5393,45.0786,MID,Thursday
30499,2025-08-21T09:30:00+00:00,BEARISH,WIN,50.0,4,True,True,False,False,True,True,False,False,TRANSITION,0.116,CHOCH,True,False,True,UPPER_SWEEP,EQUAL_HIGH,31.3667,2.025056006404421,3,34.53,-3.4044,16.88,15.4893,,False,True,0.0,,0.4541,53.9,2.0,35.2489,70.4979,CLOSING,Thursday
30518,2025-08-22T04:50:00+00:00,BEARISH,TIMEOUT,50.0,4,True,True,False,False,True,False,True,False,RANGE,-0.007,BOS,False,True,False,UPPER_SWEEP,EQUAL_HIGH,48.625,2.028755126648559,2,12.79,-40.7504,75.91,23.9679,,False,False,0.0,,0.4541,50.2,2.0,52.5968,105.1936,MID,Friday
30555,2025-08-22T07:55:00+00:00,BULLISH,WIN,62.5,5,True,True,False,False,True,True,True,False,RANGE,0.016,CHOCH,True,True,False,LOWER_SWEEP,EQUAL_HIGH,13.2,1.3097057130950727,3,65.82,-4.652,39.33,10.0786,,True,False,0.0,,0.5259,54.7,2.0,16.6079,33.2157,MID,Friday
30567,2025-08-22T08:55:00+00:00,BEARISH,WIN,62.5,5,True,True,False,False,True,True,True,False,RANGE,-0.0,CHOCH,True,False,True,UPPER_SWEEP,EQUAL_LOW,17.0625,1.3756086942500563,3,40.68,-6.1291,28.4,12.4036,,False,False,0.0,,0.5259,54.2,2.0,28.3404,56.6807,MID,Friday
30580,2025-08-25T03:45:00+00:00,BULLISH,TIMEOUT,62.5,5,True,True,False,False,True,True,True,False,RANGE,0.019,CHOCH,False,True,True,LOWER_SWEEP,EQUAL_LOW,56.5875,2.9494623599868652,1,58.08,-11.0718,21.63,19.1857,,True,False,0.0,,0.5259,54.8,2.0,66.5686,133.1371,OPENING,Monday
30617,2025-08-25T06:50:00+00:00,BULLISH,WIN,62.5,5,True,True,False,False,True,True,True,False,TRANSITION,0.057,BOS,True,False,False,LOWER_SWEEP,EQUAL_HIGH,9.9,0.8870411354126534,2,72.07,11.3881,69.0,11.1607,,True,True,0.0,,0.5259,52.3,2.0,16.2661,32.5321,MID,Monday
30641,2025-08-25T08:50:00+00:00,BEARISH,TIMEOUT,50.0,4,True,True,False,False,True,True,False,False,TRANSITION,0.057,CHOCH,False,False,True,UPPER_SWEEP,EQUAL_HIGH,13.375,1.1780404453213078,1,38.45,7.3584,4.74,11.3536,,False,True,0.0,,0.4541,51.9,2.0,38.1854,76.3707,MID,Monday
30655,2025-08-26T03:45:00+00:00,BEARISH,TIMEOUT,62.5,5,True,True,False,False,True,True,True,False,RANGE,-0.047,CHOCH,True,True,True,UPPER_SWEEP,EQUAL_LOW,122.075,5.343292597520835,1,22.29,-13.2996,58.76,22.8464,,False,False,0.0,,0.5259,55.7,2.0,137.0346,274.0693,OPENING,Tuesday
30682,2025-08-26T06:00:00+00:00,BULLISH,WIN,62.5,5,True,True,False,False,True,True,True,False,RANGE,-0.049,CHOCH,True,True,False,LOWER_SWEEP,EQUAL_HIGH,3.5,0.24007792243425294,2,56.48,-13.8782,34.07,14.5786,,True,False,0.0,,0.5259,30.5,2.0,15.1579,30.3157,MID,Tuesday
30694,2025-08-26T07:00:00+00:00,BEARISH,LOSS,50.0,4,True,True,False,False,True,True,False,False,TRANSITION,-0.067,BOS,False,True,False,UPPER_SWEEP,EQUAL_LOW,14.725,1.1339396412977352,1,34.24,-7.3777,19.17,12.9857,,False,False,0.0,,0.4541,52.2,2.0,26.6986,53.3971,MID,Tuesday
30715,2025-08-26T08:45:00+00:00,BEARISH,WIN,62.5,5,True,True,False,False,True,True,True,False,TRANSITION,-0.079,CHOCH,False,True,False,UPPER_SWEEP,EQUAL_LOW,50.725,3.1916767864895648,2,26.76,-5.977,47.22,15.8929,,False,False,0.0,,0.5259,56.8,2.0,53.0393,106.0786,MID,Tuesday
30730,2025-08-28T03:45:00+00:00,BEARISH,TIMEOUT,75.0,6,True,True,True,False,True,True,True,False,BEARISH,-0.197,BOS,True,False,True,UPPER_SWEEP,PDL,28.1,0.8692962103634957,1,20.02,-35.7197,70.03,32.325,,False,False,0.0,,0.5965,60.5,2.0,143.6825,287.365,OPENING,Thursday
30761,2025-08-28T06:20:00+00:00,BEARISH,WIN,62.5,5,True,True,False,False,True,True,True,False,TRANSITION,-0.13,CHOCH,False,False,True,UPPER_SWEEP,EQUAL_LOW,28.95,1.4431201304042232,3,59.43,3.3191,44.41,20.0607,,False,False,0.0,,0.5259,58.5,2.0,40.2061,80.4121,MID,Thursday
30774,2025-08-28T07:25:00+00:00,BEARISH,WIN,62.5,5,True,True,True,False,True,False,True,False,BEARISH,-0.161,CHOCH,True,False,True,UPPER_SWEEP,EQUAL_LOW,14.325,0.892918362640171,2,17.7,-14.7641,71.82,16.0429,,False,False,0.0,,0.5259,56.0,2.0,19.9043,39.8086,MID,Thursday
30796,2025-08-28T09:15:00+00:00,BEARISH,TIMEOUT,75.0,6,True,True,True,False,True,True,True,False,BEARISH,-0.202,CHOCH,False,True,False,UPPER_SWEEP,EQUAL_LOW,33.0167,1.3837272167203811,3,35.04,-15.1574,20.12,23.8607,,False,False,0.0,,0.5965,65.1,2.0,71.0361,142.0721,CLOSING,Thursday
30814,2025-08-29T04:30:00+00:00,BEARISH,LOSS,75.0,6,True,True,True,False,True,True,True,False,BEARISH,-0.192,CHOCH,True,False,False,UPPER_SWEEP,PDL,30.8,0.9354593773728171,3,46.81,-16.2444,39.23,32.925,,False,False,0.0,,0.5965,62.6,2.0,42.0425,84.085,MID,Friday
30828,2025-08-29T05:40:00+00:00,BULLISH,TIMEOUT,62.5,5,True,True,False,False,True,True,True,False,TRANSITION,-0.125,CHOCH,False,False,True,LOWER_SWEEP,EQUAL_LOW,27.125,1.4276315789473684,2,73.68,6.8247,56.37,19.0,,True,False,0.0,,0.5259,58.3,2.0,36.3,72.6,MID,Friday
30843,2025-08-29T06:55:00+00:00,BEARISH,WIN,62.5,5,True,True,False,False,True,True,True,False,TRANSITION,-0.14,BOS,False,True,False,UPPER_SWEEP,EQUAL_LOW,25.375,1.7910205464465447,3,39.21,2.9128,31.58,14.1679,,False,True,0.0,,0.5259,58.8,2.0,30.4668,60.9336,MID,Friday
30862,2025-08-29T08:30:00+00:00,BEARISH,LOSS,75.0,6,True,True,True,False,True,True,True,False,BEARISH,-0.163,BOS,False,True,False,UPPER_SWEEP,EQUAL_LOW,31.3167,2.0540389862524924,2,25.54,-11.7132,50.63,15.2464,,False,False,0.0,,0.5965,63.8,2.0,35.0746,70.1493,MID,Friday
30875,2025-08-29T09:35:00+00:00,BEARISH,LOSS,62.5,5,True,True,True,False,True,True,False,False,BEARISH,-0.197,BOS,False,True,False,UPPER_SWEEP,EQUAL_LOW,25.475,0.9760536398467433,2,36.95,-18.3673,8.68,26.1,,False,False,0.0,,0.5259,59.9,2.0,64.26,128.52,CLOSING,Friday
30887,2025-09-01T04:20:00+00:00,BULLISH,LOSS,62.5,5,True,True,False,False,True,True,True,False,TRANSITION,-0.083,CHOCH,True,False,False,LOWER_SWEEP,EQUAL_HIGH,30.23,1.072529687039882,2,64.75,13.8993,37.81,28.1857,,True,False,0.0,,0.5259,56.9,2.0,38.4686,76.9371,OPENING,Monday
30911,2025-09-01T06:20:00+00:00,BEARISH,LOSS,50.0,4,True,True,False,False,True,True,False,False,TRANSITION,-0.109,CHOCH,True,True,False,UPPER_SWEEP,EQUAL_LOW,18.85,1.428798823609669,3,46.67,5.2848,9.83,13.1929,,False,True,0.0,,0.4541,53.6,2.0,26.0193,52.0386,MID,Monday
30926,2025-09-01T07:35:00+00:00,BULLISH,TIMEOUT,50.0,4,True,True,False,False,True,False,True,False,TRANSITION,-0.057,BOS,False,True,False,LOWER_SWEEP,EQUAL_LOW,25.175,1.7913559514999717,2,90.44,12.7331,80.69,14.0536,,True,True,0.0,,0.4541,51.9,2.0,34.2054,68.4107,MID,Monday
30939,2025-09-01T08:40:00+00:00,BULLISH,TIMEOUT,62.5,5,True,True,False,False,True,True,True,False,RANGE,-0.039,BOS,False,True,False,LOWER_SWEEP,EQUAL_HIGH,16.45,1.4224812569718877,3,78.87,15.6133,56.58,11.5643,,True,True,0.0,,0.5259,55.5,2.0,24.3564,48.7129,MID,Monday
30955,2025-09-02T03:45:00+00:00,BULLISH,WIN,62.5,5,True,True,False,False,True,True,True,False,RANGE,-0.005,BOS,True,True,True,LOWER_SWEEP,EQUAL_LOW,24.6,1.6376635999307656,1,74.93,14.3294,65.57,15.0214,,True,True,0.0,,0.5259,54.3,2.0,44.5521,89.1043,OPENING,Tuesday
30994,2025-09-02T07:00:00+00:00,BULLISH,LOSS,50.0,4,True,True,False,False,True,True,False,False,RANGE,0.032,CHOCH,False,True,False,LOWER_SWEEP,EQUAL_HIGH,32.67,2.494578662838643,3,65.7,8.0213,17.98,13.0964,,True,True,0.0,,0.4541,51.1,2.0,34.0096,68.0193,MID,Tuesday
31006,2025-09-02T08:00:00+00:00,BEARISH,WIN,62.5,5,True,True,False,False,True,True,True,False,RANGE,-0.006,CHOCH,True,False,True,UPPER_SWEEP,EQUAL_LOW,13.175,0.7614022515545898,3,35.94,-5.7453,33.89,17.3036,,False,True,0.0,,0.5259,46.4,2.0,31.3804,62.7607,MID,Tuesday
31030,2025-09-03T03:45:00+00:00,BEARISH,TIMEOUT,62.5,5,True,True,False,False,True,True,True,False,TRANSITION,-0.102,CHOCH,False,False,True,UPPER_SWEEP,EQUAL_HIGH,75.6,2.3478260869565215,0,46.33,-24.9586,24.58,32.2,,False,False,0.0,,0.5259,57.6,2.0,92.92,185.84,OPENING,Wednesday
31063,2025-09-03T06:30:00+00:00,BULLISH,WIN,62.5,5,True,True,False,False,True,True,True,False,RANGE,-0.047,CHOCH,False,True,False,LOWER_SWEEP,EQUAL_HIGH,22.35,1.3628048780487807,2,70.04,2.4231,30.95,16.4,,True,False,0.0,,0.5259,55.7,2.0,32.49,64.98,MID,Wednesday
31086,2025-09-03T08:25:00+00:00,BULLISH,TIMEOUT,62.5,5,True,True,False,False,True,True,True,False,RANGE,-0.012,BOS,False,True,False,LOWER_SWEEP,EQUAL_HIGH,44.35,2.8892508143322475,3,66.33,9.6735,37.54,15.35,,True,True,0.0,,0.5259,54.6,2.0,50.085,100.17,MID,Wednesday
31098,2025-09-03T09:25:00+00:00,BULLISH,WIN,62.5,5,True,True,False,False,True,True,True,False,RANGE,0.006,BOS,True,False,False,LOWER_SWEEP,EQUAL_HIGH,23.6833,1.698592114983253,3,72.77,16.6983,59.01,13.9429,,True,True,0.0,,0.5259,54.4,2.0,26.1943,52.3886,CLOSING,Wednesday
31141,2025-09-04T06:45:00+00:00,BEARISH,TIMEOUT,50.0,4,True,True,False,False,True,True,False,False,RANGE,0.048,CHOCH,False,True,False,UPPER_SWEEP,EQUAL_LOW,34.3,1.9029126213592233,2,36.05,-3.1139,19.3,18.025,,False,True,0.0,,0.4541,51.6,2.0,54.8525,109.705,MID,Thursday
31158,2025-09-04T08:10:00+00:00,BEARISH,WIN,50.0,4,True,True,False,False,True,True,False,False,RANGE,0.045,CHOCH,False,True,False,UPPER_SWEEP,EQUAL_LOW,20.5125,1.0906785203460396,2,49.83,-1.4627,2.43,18.8071,,False,True,0.0,,0.4541,51.5,2.0,37.5307,75.0614,MID,Thursday
31180,2025-09-05T03:45:00+00:00,BULLISH,LOSS,62.5,5,True,True,False,False,True,True,True,False,TRANSITION,0.074,CHOCH,False,True,False,LOWER_SWEEP,EQUAL_LOW,95.2375,2.912782446997223,3,68.67,-7.5412,51.08,32.6964,,True,False,0.0,,0.5259,56.6,2.0,122.5696,245.1393,OPENING,Friday
31192,2025-09-05T04:45:00+00:00,BEARISH,TIMEOUT,50.0,4,True,True,False,False,True,True,False,False,TRANSITION,-0.057,CHOCH,False,True,False,UPPER_SWEEP,EQUAL_HIGH,113.1667,3.387504452646294,3,36.8,-14.2512,16.57,33.4071,,False,False,0.0,,0.4541,51.9,2.0,145.9407,291.8814,MID,Friday
31210,2025-09-05T06:15:00+00:00,BEARISH,TIMEOUT,62.5,5,True,True,False,False,True,True,True,False,RANGE,-0.042,CHOCH,False,True,False,UPPER_SWEEP,EQUAL_LOW,31.675,1.6427152644162202,3,36.03,-17.0694,29.41,19.2821,,False,False,0.0,,0.5259,55.6,2.0,45.1782,90.3564,MID,Friday
31223,2025-09-05T07:20:00+00:00,BEARISH,LOSS,62.5,5,True,True,False,False,True,True,True,False,TRANSITION,-0.059,BOS,True,False,False,UPPER_SWEEP,EQUAL_LOW,6.825,0.4619289340101523,2,30.87,-19.9827,67.29,14.775,,False,False,0.0,,0.5259,38.2,2.0,11.1275,22.255,MID,Friday
31235,2025-09-05T08:20:00+00:00,BULLISH,TIMEOUT,50.0,4,True,True,False,False,True,False,True,False,RANGE,0.031,CHOCH,False,True,False,LOWER_SWEEP,EQUAL_HIGH,52.75,2.704628889025616,3,87.28,13.2048,81.51,19.5036,,True,False,0.0,,0.4541,51.0,2.0,68.6504,137.3007,MID,Friday
31255,2025-09-08T03:45:00+00:00,BULLISH,WIN,62.5,5,True,True,False,False,True,True,True,False,RANGE,0.05,CHOCH,False,True,False,LOWER_SWEEP,EQUAL_HIGH,44.575,1.9686082613092846,3,59.14,13.211,41.01,22.6429,,True,True,0.0,,0.5259,55.8,2.0,56.1643,112.3286,OPENING,Monday
31270,2025-09-08T05:00:00+00:00,BEARISH,LOSS,50.0,4,True,True,False,False,True,True,False,False,RANGE,0.04,CHOCH,False,True,False,UPPER_SWEEP,EQUAL_LOW,12.51,0.5590162029796324,3,54.99,14.6795,4.93,22.3786,,False,True,0.0,,0.4541,36.6,2.0,34.8379,69.6757,MID,Monday
31283,2025-09-08T06:05:00+00:00,BULLISH,WIN,62.5,5,True,True,False,False,True,True,True,False,TRANSITION,0.061,CHOCH,True,False,False,LOWER_SWEEP,EQUAL_HIGH,10.075,0.6099443633875976,2,62.18,10.2533,20.79,16.5179,,True,True,0.0,,0.5259,43.2,2.0,20.6018,41.2036,MID,Monday
31296,2025-09-08T07:10:00+00:00,BULLISH,TIMEOUT,62.5,5,True,True,False,False,True,True,True,False,TRANSITION,0.082,BOS,False,True,False,LOWER_SWEEP,EQUAL_HIGH,26.275,2.181783457472868,2,68.73,13.3098,40.6,12.0429,,True,True,0.0,,0.5259,56.9,2.0,33.7543,67.5086,MID,Monday
31315,2025-09-08T08:45:00+00:00,BULLISH,LOSS,50.0,4,True,True,False,False,True,True,False,False,TRANSITION,0.082,CHOCH,False,True,False,LOWER_SWEEP,EQUAL_HIGH,21.5167,1.5483650441841053,2,50.54,6.3311,6.77,13.8964,,True,True,0.0,,0.4541,52.7,2.0,37.5896,75.1793,MID,Monday
31342,2025-09-09T04:45:00+00:00,BEARISH,TIMEOUT,62.5,5,True,True,False,False,True,True,True,False,RANGE,0.045,CHOCH,False,True,False,UPPER_SWEEP,EQUAL_LOW,23.975,1.0220786030668754,3,62.77,1.8092,33.77,23.4571,,False,True,0.0,,0.5259,55.7,2.0,29.2957,58.5914,MID,Tuesday
31355,2025-09-09T05:50:00+00:00,BULLISH,LOSS,62.5,5,True,True,False,False,True,True,True,False,TRANSITION,0.065,BOS,True,False,True,LOWER_SWEEP,EQUAL_HIGH,19.95,1.5195832000365612,2,69.47,2.3504,29.91,13.1286,,True,True,0.0,,0.5259,56.3,2.0,24.7129,49.4257,MID,Tuesday
31367,2025-09-09T06:50:00+00:00,BULLISH,TIMEOUT,50.0,4,True,True,False,False,True,True,False,False,TRANSITION,0.059,CHOCH,False,True,False,LOWER_SWEEP,EQUAL_HIGH,36.5833,2.6998745387453873,3,55.25,2.5959,18.43,13.55,,True,True,0.0,,0.4541,52.0,2.0,38.755,77.51,MID,Tuesday
31395,2025-09-09T09:10:00+00:00,BEARISH,LOSS,62.5,5,True,True,False,False,True,True,True,False,RANGE,0.046,CHOCH,False,True,False,UPPER_SWEEP,EQUAL_LOW,42.8333,2.2022262210796915,3,34.02,2.4501,32.61,19.45,,False,True,0.0,,0.5259,55.7,2.0,53.795,107.59,CLOSING,Tuesday
31420,2025-09-10T05:00:00+00:00,BULLISH,LOSS,75.0,6,True,True,True,False,True,True,True,False,BULLISH,0.156,CHOCH,True,True,False,LOWER_SWEEP,EQUAL_HIGH,13.575,0.8467387304220907,3,72.33,35.794,86.91,16.0321,,True,True,0.0,,0.5965,58.4,2.0,17.8532,35.7064,MID,Wednesday
31449,2025-09-10T07:25:00+00:00,BEARISH,WIN,50.0,4,True,True,False,False,True,True,False,False,TRANSITION,0.109,CHOCH,True,False,False,UPPER_SWEEP,EQUAL_LOW,1.4667,0.12388401341295516,2,48.51,-1.4144,7.82,11.8393,,False,True,0.0,,0.4541,24.4,2.0,14.1339,28.2679,MID,Wednesday
31463,2025-09-10T08:35:00+00:00,BULLISH,LOSS,50.0,4,True,True,False,False,True,True,False,False,TRANSITION,0.1,CHOCH,True,False,True,LOWER_SWEEP,EQUAL_LOW,15.3,1.2633456365032576,2,46.61,-5.774,6.96,12.1107,,True,True,0.0,,0.4541,53.3,2.0,17.8611,35.7221,MID,Wednesday
31477,2025-09-10T09:45:00+00:00,BULLISH,TIMEOUT,62.5,5,True,True,False,False,True,True,True,False,TRANSITION,0.107,CHOCH,False,True,False,LOWER_SWEEP,EQUAL_HIGH,34.225,1.8897668229278823,3,53.49,0.1796,24.06,18.1107,,True,False,0.0,,0.5259,57.7,2.0,43.1611,86.3221,CLOSING,Wednesday
31490,2025-09-11T04:35:00+00:00,BEARISH,TIMEOUT,62.5,5,True,True,False,False,True,True,True,False,TRANSITION,0.077,CHOCH,False,True,False,UPPER_SWEEP,EQUAL_LOW,23.2833,1.213120476842999,3,39.96,2.4661,60.02,19.1929,,False,True,0.0,,0.5259,56.7,2.0,35.7193,71.4386,MID,Thursday
31509,2025-09-11T06:10:00+00:00,BEARISH,LOSS,62.5,5,True,True,False,False,True,True,True,False,TRANSITION,0.078,CHOCH,True,True,False,UPPER_SWEEP,EQUAL_LOW,15.525,1.4841263012991484,3,33.42,-1.0965,56.36,10.4607,,False,True,0.0,,0.5259,56.8,2.0,22.2961,44.5921,MID,Thursday
31555,2025-09-12T03:45:00+00:00,BULLISH,TIMEOUT,62.5,5,True,True,False,False,True,True,True,False,TRANSITION,0.121,BOS,False,True,True,LOWER_SWEEP,PDH,44.5,1.7701367977628655,2,65.43,3.9885,20.2,25.1393,,True,True,0.0,,0.5259,58.2,2.0,63.0139,126.0279,OPENING,Friday
31572,2025-09-12T05:10:00+00:00,BULLISH,WIN,62.5,5,True,True,False,False,True,True,True,False,TRANSITION,0.141,CHOCH,False,True,False,LOWER_SWEEP,EQUAL_HIGH,16.45,1.3753375638549583,3,73.44,15.976,43.35,11.9607,,True,True,0.0,,0.5259,58.9,2.0,21.6961,43.3921,MID,Friday
31598,2025-09-12T07:20:00+00:00,BEARISH,LOSS,62.5,5,True,True,False,False,True,True,True,False,TRANSITION,0.135,BOS,False,True,False,UPPER_SWEEP,EQUAL_LOW,7.2333,0.8902523076923077,2,23.54,7.6262,72.61,8.125,,False,True,0.0,,0.5259,55.0,2.0,18.8125,37.625,MID,Friday
31612,2025-09-12T08:30:00+00:00,BULLISH,TIMEOUT,50.0,4,True,True,False,False,True,True,False,False,TRANSITION,0.145,CHOCH,False,True,False,LOWER_SWEEP,EQUAL_HIGH,26.5333,2.7929789473684212,2,67.95,3.3481,13.66,9.5,,True,True,0.0,,0.4541,54.8,2.0,30.9,61.8,MID,Friday
31631,2025-09-15T03:50:00+00:00,BEARISH,TIMEOUT,50.0,4,True,True,False,False,True,True,False,False,TRANSITION,0.108,BOS,True,True,True,UPPER_SWEEP,EQUAL_LOW,36.4625,2.9136667652205874,1,34.43,-3.0026,2.44,12.5143,,False,True,0.0,,0.4541,53.6,2.0,41.9514,83.9029,OPENING,Monday
31661,2025-09-15T06:20:00+00:00,BULLISH,TIMEOUT,62.5,5,True,True,False,False,True,True,True,False,TRANSITION,0.11,BOS,False,True,False,LOWER_SWEEP,EQUAL_LOW,20.4875,1.882056275664404,2,67.92,-0.5432,29.21,10.8857,,True,False,0.0,,0.5259,57.8,2.0,22.3886,44.7771,MID,Monday
31684,2025-09-15T08:15:00+00:00,BEARISH,TIMEOUT,62.5,5,True,True,False,False,True,True,True,False,TRANSITION,0.084,CHOCH,True,True,True,UPPER_SWEEP,EQUAL_LOW,30.0875,1.891023022242893,3,36.54,-1.6631,63.3,15.9107,,False,True,0.0,,0.5259,57.0,2.0,37.1411,74.2821,MID,Monday
31706,2025-09-16T03:50:00+00:00,BULLISH,WIN,62.5,5,True,True,False,False,True,True,True,False,TRANSITION,0.106,CHOCH,False,True,False,LOWER_SWEEP,EQUAL_LOW,52.67,3.6288350109891625,3,69.27,0.1296,56.64,14.5143,,True,False,0.0,,0.5259,57.7,2.0,56.8014,113.6029,OPENING,Tuesday
31742,2025-09-16T06:50:00+00:00,BULLISH,TIMEOUT,62.5,5,True,True,False,False,True,True,True,False,TRANSITION,0.144,BOS,False,True,False,LOWER_SWEEP,EQUAL_HIGH,10.55,1.090845172363877,3,70.64,9.846,38.69,9.6714,,True,True,0.0,,0.5259,59.0,2.0,24.9671,49.9343,MID,Tuesday
31763,2025-09-16T08:35:00+00:00,BEARISH,LOSS,62.5,5,True,True,False,False,True,True,True,False,TRANSITION,0.116,CHOCH,True,False,True,UPPER_SWEEP,EQUAL_LOW,21.325,1.8853828675501956,1,26.51,-0.6388,57.79,11.3107,,False,True,0.0,,0.5259,58.0,2.0,24.3311,48.6621,MID,Tuesday
31775,2025-09-16T09:35:00+00:00,BULLISH,WIN,75.0,6,True,True,True,False,True,True,True,False,BULLISH,0.166,BOS,False,True,False,LOWER_SWEEP,EQUAL_HIGH,11.775,0.5445993321431545,3,69.42,12.0559,40.93,21.6214,,True,True,0.0,,0.5965,48.7,2.0,48.1621,96.3243,CLOSING,Tuesday
31792,2025-09-17T04:45:00+00:00,BEARISH,LOSS,50.0,4,True,True,False,False,False,True,True,False,BULLISH,0.193,CHOCH,False,True,False,UPPER_SWEEP,EQUAL_HIGH,2.3,0.11380110535508418,2,65.7,28.7313,35.81,20.2107,,True,True,0.0,,0.4541,26.9,2.0,22.3711,44.7421,MID,Wednesday
31833,2025-09-17T08:10:00+00:00,BEARISH,WIN,62.5,5,True,True,False,False,True,True,True,False,BULLISH,0.174,CHOCH,False,True,False,UPPER_SWEEP,EQUAL_LOW,17.975,2.00757237312366,3,28.79,2.4433,29.11,8.9536,,False,True,0.0,,0.5259,60.0,2.0,22.0454,44.0907,MID,Wednesday
31848,2025-09-17T09:25:00+00:00,BULLISH,WIN,75.0,6,True,True,True,False,True,True,True,False,BULLISH,0.177,CHOCH,False,True,False,LOWER_SWEEP,EQUAL_HIGH,19.9167,1.4610148106307905,3,56.79,-2.1191,22.12,13.6321,,True,True,0.0,,0.5965,64.2,2.0,24.6632,49.3264,CLOSING,Wednesday
31886,2025-09-18T06:20:00+00:00,BEARISH,WIN,50.0,4,True,True,False,False,True,True,False,False,BULLISH,0.206,CHOCH,True,False,False,UPPER_SWEEP,EQUAL_HIGH,4.2375,0.44404740697272316,3,35.07,7.4906,9.46,9.5429,,False,True,0.0,,0.4541,38.3,2.0,21.0543,42.1086,MID,Thursday
31918,2025-09-18T09:00:00+00:00,BEARISH,LOSS,62.5,5,True,True,False,False,True,True,True,False,TRANSITION,0.141,BOS,False,False,True,UPPER_SWEEP,EQUAL_LOW,23.925,1.3679792787590126,3,37.52,-12.5787,22.05,17.4893,,False,False,0.0,,0.5259,58.9,2.0,28.8489,57.6979,CLOSING,Thursday
31939,2025-09-19T04:30:00+00:00,BEARISH,TIMEOUT,50.0,4,True,True,False,False,True,False,True,False,TRANSITION,0.103,CHOCH,False,True,False,UPPER_SWEEP,EQUAL_HIGH,23.9333,1.042195930204709,2,15.18,-15.7774,89.75,22.9643,,False,False,0.0,,0.4541,53.4,2.0,34.9464,69.8929,MID,Friday
31951,2025-09-19T05:30:00+00:00,BEARISH,LOSS,62.5,5,True,True,False,False,True,True,True,False,TRANSITION,0.102,CHOCH,False,True,False,UPPER_SWEEP,EQUAL_LOW,12.3429,0.8742730859405435,1,36.32,-14.4364,49.64,14.1179,,False,False,0.0,,0.5259,53.4,2.0,16.5618,33.1236,MID,Friday
31963,2025-09-19T06:30:00+00:00,BEARISH,LOSS,50.0,4,True,True,False,False,True,True,False,False,TRANSITION,0.087,CHOCH,True,False,False,UPPER_SWEEP,EQUAL_LOW,7.49,0.6038569447579735,3,26.85,-12.539,15.67,12.4036,,False,False,0.0,,0.4541,39.7,2.0,19.6904,39.3807,MID,Friday
31976,2025-09-19T07:35:00+00:00,BULLISH,WIN,62.5,5,True,True,False,False,True,True,True,False,TRANSITION,0.113,CHOCH,True,True,False,LOWER_SWEEP,EQUAL_HIGH,27.1833,2.1494891826923075,3,62.95,-2.3606,56.38,12.6464,,True,False,0.0,,0.5259,57.9,2.0,36.3646,72.7293,MID,Friday
32000,2025-09-19T09:35:00+00:00,BEARISH,WIN,50.0,4,True,True,False,False,True,True,False,False,TRANSITION,0.103,CHOCH,False,True,False,UPPER_SWEEP,EQUAL_LOW,48.0429,3.2135719063545154,1,36.37,1.7228,13.24,14.95,,False,True,0.0,,0.4541,53.4,2.0,50.495,100.99,CLOSING,Friday
32027,2025-09-22T05:35:00+00:00,BEARISH,WIN,62.5,5,True,True,False,False,True,True,True,False,TRANSITION,0.084,CHOCH,False,True,False,UPPER_SWEEP,EQUAL_LOW,13.5375,1.2383256647853569,1,33.22,-4.1554,46.26,10.9321,,False,False,0.0,,0.5259,57.0,2.0,17.6932,35.3864,MID,Monday
32046,2025-09-22T07:10:00+00:00,BULLISH,LOSS,62.5,5,True,True,False,False,True,True,True,False,TRANSITION,0.09,CHOCH,False,True,False,LOWER_SWEEP,EQUAL_LOW,16.4,1.3004829232318587,3,78.18,-2.4417,41.04,12.6107,,True,False,0.0,,0.5259,57.2,2.0,22.7111,45.4221,MID,Monday
32062,2025-09-22T08:30:00+00:00,BEARISH,WIN,62.5,5,True,True,False,False,True,True,True,False,TRANSITION,0.059,BOS,True,True,False,UPPER_SWEEP,EQUAL_LOW,18.3833,1.3297142857142856,2,27.7,-8.4664,60.39,13.825,,False,False,0.0,,0.5259,56.1,2.0,32.4825,64.965,MID,Monday
32085,2025-09-23T04:10:00+00:00,BEARISH,TIMEOUT,50.0,4,True,True,False,False,True,True,False,False,RANGE,-0.016,CHOCH,False,False,True,UPPER_SWEEP,PDL,70.95,2.7128196500672948,3,41.19,-23.2686,1.42,26.1536,,False,False,0.0,,0.4541,50.5,2.0,79.6654,159.3307,OPENING,Tuesday
32104,2025-09-23T05:45:00+00:00,BEARISH,LOSS,62.5,5,True,True,False,False,True,True,True,False,RANGE,-0.046,CHOCH,False,True,False,UPPER_SWEEP,EQUAL_LOW,26.7333,1.5201726402702196,3,23.76,-23.4859,66.43,17.5857,,False,False,0.0,,0.5259,55.7,2.0,54.0586,108.1171,MID,Tuesday
32116,2025-09-23T06:45:00+00:00,BULLISH,WIN,62.5,5,True,True,False,False,True,True,True,False,RANGE,0.001,CHOCH,True,False,False,LOWER_SWEEP,EQUAL_HIGH,27.575,1.8010280392144056,3,58.15,-6.3206,21.22,15.3107,,True,False,0.0,,0.5259,54.2,2.0,30.6811,61.3621,MID,Tuesday
32131,2025-09-23T08:00:00+00:00,BULLISH,LOSS,62.5,5,True,True,False,False,True,True,True,False,TRANSITION,0.071,CHOCH,False,True,False,LOWER_SWEEP,EQUAL_HIGH,24.85,1.0657048876614104,3,76.27,20.9847,82.65,23.3179,,True,True,0.0,,0.5259,56.5,2.0,48.2818,96.5636,MID,Tuesday
32149,2025-09-23T09:30:00+00:00,BEARISH,WIN,62.5,5,True,True,False,False,True,True,True,False,RANGE,0.027,BOS,True,False,False,UPPER_SWEEP,EQUAL_LOW,47.475,1.5240770465489568,3,38.26,0.9466,23.06,31.15,,False,True,0.0,,0.5259,55.1,2.0,51.415,102.83,CLOSING,Tuesday
32191,2025-09-24T06:45:00+00:00,BULLISH,WIN,50.0,4,True,True,False,False,True,False,True,False,RANGE,-0.015,BOS,False,True,False,LOWER_SWEEP,EQUAL_LOW,26.075,1.9684593549945646,2,83.38,-4.6524,67.56,13.2464,,True,False,0.0,,0.4541,50.5,2.0,38.2246,76.4493,MID,Wednesday
32203,2025-09-24T07:45:00+00:00,BULLISH,LOSS,62.5,5,True,True,False,False,True,True,True,False,RANGE,0.015,CHOCH,False,True,False,LOWER_SWEEP,EQUAL_LOW,3.4667,0.25577706292055247,3,79.89,10.5917,70.0,13.5536,,True,False,0.0,,0.5259,29.9,2.0,27.3554,54.7107,MID,Wednesday
32215,2025-09-24T08:45:00+00:00,BEARISH,WIN,50.0,4,True,True,False,False,True,True,False,False,RANGE,-0.005,CHOCH,True,False,True,UPPER_SWEEP,EQUAL_HIGH,8.3333,0.5748530669683507,3,44.32,3.4839,4.56,14.4964,,False,True,0.0,,0.4541,36.0,2.0,15.2996,30.5993,MID,Wednesday
32247,2025-09-25T05:10:00+00:00,BEARISH,TIMEOUT,62.5,5,True,True,False,False,True,True,True,False,TRANSITION,-0.064,CHOCH,False,True,False,UPPER_SWEEP,PDL,26.35,1.3191489361702127,2,26.12,-14.6938,46.3,19.975,,False,False,0.0,,0.5259,56.3,2.0,47.6475,95.295,MID,Thursday
32259,2025-09-25T06:10:00+00:00,BEARISH,TIMEOUT,62.5,5,True,True,False,False,True,True,True,False,TRANSITION,-0.072,BOS,False,True,False,UPPER_SWEEP,EQUAL_LOW,35.25,2.0946483961826887,3,29.9,-11.7056,36.61,16.8286,,False,False,0.0,,0.5259,56.6,2.0,48.8829,97.7657,MID,Thursday
32271,2025-09-25T07:10:00+00:00,BEARISH,LOSS,62.5,5,True,True,False,False,True,True,True,False,TRANSITION,-0.083,CHOCH,False,False,True,UPPER_SWEEP,EQUAL_LOW,24.025,1.3456669803288972,3,25.42,-15.5203,51.96,17.8536,,False,False,0.0,,0.5259,56.9,2.0,33.0354,66.0707,MID,Thursday
32295,2025-09-25T09:10:00+00:00,BEARISH,WIN,62.5,5,True,True,False,False,True,True,True,False,TRANSITION,-0.087,BOS,False,False,True,UPPER_SWEEP,EQUAL_LOW,30.45,1.5409373149736598,3,32.67,-11.1283,32.98,19.7607,,False,False,0.0,,0.5259,57.1,2.0,42.3261,84.6521,CLOSING,Thursday
32330,2025-09-26T05:50:00+00:00,BEARISH,TIMEOUT,62.5,5,True,True,True,False,True,True,False,False,BEARISH,-0.182,CHOCH,True,True,False,UPPER_SWEEP,EQUAL_LOW,20.675,1.3171810096582657,3,41.66,-25.2779,14.98,15.6964,,False,False,0.0,,0.5259,60.2,2.0,26.1196,52.2393,MID,Friday
32348,2025-09-26T07:20:00+00:00,BULLISH,LOSS,62.5,5,True,True,False,False,True,True,True,False,TRANSITION,-0.144,BOS,False,True,False,LOWER_SWEEP,EQUAL_HIGH,25.825,1.6169528031356049,3,65.42,-4.9829,33.61,15.9714,,True,False,0.0,,0.5259,59.0,2.0,36.4971,72.9943,MID,Friday
32385,2025-09-29T04:10:00+00:00,BULLISH,TIMEOUT,62.5,5,True,True,False,False,True,True,True,False,TRANSITION,-0.126,BOS,False,True,False,LOWER_SWEEP,EQUAL_LOW,58.5,2.223125828921917,3,76.19,7.6657,73.85,26.3143,,True,False,0.0,,0.5259,58.4,2.0,68.6314,137.2629,OPENING,Monday
32421,2025-09-29T07:10:00+00:00,BEARISH,LOSS,75.0,6,True,True,True,False,True,True,True,False,BEARISH,-0.208,BOS,False,True,False,UPPER_SWEEP,PDL,34.9,1.4701360191749546,3,23.65,-26.0084,59.4,23.7393,,False,False,0.0,,0.5965,65.3,2.0,53.2239,106.4479,MID,Monday
32437,2025-09-29T08:30:00+00:00,BULLISH,LOSS,62.5,5,True,True,False,False,True,True,True,False,TRANSITION,-0.114,BOS,False,True,False,LOWER_SWEEP,EQUAL_HIGH,39.05,1.3572506030293972,3,72.15,9.6384,47.5,28.7714,,True,False,0.0,,0.5259,58.0,2.0,52.7271,105.4543,MID,Monday
32449,2025-09-29T09:30:00+00:00,BEARISH,LOSS,75.0,6,True,True,True,False,True,True,True,False,BEARISH,-0.196,CHOCH,True,False,True,UPPER_SWEEP,PDL,65.0,2.7563278927661234,3,30.41,-4.701,47.52,23.5821,,False,False,0.0,,0.5965,64.9,2.0,80.1082,160.2164,CLOSING,Monday
32470,2025-09-30T05:00:00+00:00,BEARISH,WIN,75.0,6,True,True,True,False,True,True,True,False,BEARISH,-0.169,BOS,True,True,False,UPPER_SWEEP,EQUAL_LOW,29.3833,1.2897537979378546,2,26.7,-12.6524,58.25,22.7821,,False,False,0.0,,0.5965,64.0,2.0,32.0282,64.0564,MID,Tuesday
32487,2025-09-30T06:25:00+00:00,BEARISH,LOSS,75.0,6,True,True,True,False,True,True,True,False,BEARISH,-0.161,CHOCH,False,True,False,UPPER_SWEEP,EQUAL_LOW,22.375,1.3940809968847352,3,59.49,-3.8781,38.43,16.05,,False,False,0.0,,0.5965,63.7,2.0,24.955,49.91,MID,Tuesday
32505,2025-09-30T07:55:00+00:00,BEARISH,WIN,50.0,4,True,True,False,False,True,True,False,False,TRANSITION,-0.142,CHOCH,False,True,False,UPPER_SWEEP,EQUAL_LOW,35.75,2.120315289400796,2,38.24,0.7526,0.81,16.8607,,False,False,0.0,,0.4541,54.7,2.0,37.4861,74.9721,MID,Tuesday
32533,2025-10-01T04:00:00+00:00,BULLISH,TIMEOUT,50.0,4,True,True,False,False,True,True,False,False,TRANSITION,-0.108,BOS,False,True,False,LOWER_SWEEP,EQUAL_HIGH,45.5125,2.0087522233648616,2,61.01,1.2172,5.18,22.6571,,True,False,0.0,,0.4541,53.6,2.0,59.9657,119.9314,OPENING,Wednesday
32554,2025-10-01T05:45:00+00:00,BULLISH,WIN,62.5,5,True,True,False,False,True,True,True,False,TRANSITION,-0.066,BOS,False,True,False,LOWER_SWEEP,EQUAL_LOW,33.9,1.7587548638132295,3,76.52,14.398,58.95,19.275,,True,True,0.0,,0.5259,56.4,2.0,48.5275,97.055,MID,Wednesday
32588,2025-10-01T08:35:00+00:00,BULLISH,WIN,62.5,5,True,True,False,False,True,True,True,False,RANGE,-0.014,BOS,False,True,False,LOWER_SWEEP,EQUAL_HIGH,23.9,1.503485065801062,3,79.04,12.6976,46.47,15.8964,,True,True,0.0,,0.5259,54.6,2.0,47.3896,94.7793,MID,Wednesday
32606,2025-10-03T03:50:00+00:00,BEARISH,TIMEOUT,62.5,5,True,True,False,False,True,True,True,False,RANGE,-0.039,CHOCH,False,True,False,UPPER_SWEEP,EQUAL_HIGH,67.2,2.529710927824185,1,38.73,7.9693,40.53,26.5643,,False,True,0.0,,0.5259,55.5,2.0,73.8564,147.7129,OPENING,Friday
32629,2025-10-03T05:45:00+00:00,BULLISH,TIMEOUT,50.0,4,True,True,False,False,True,True,False,False,RANGE,-0.015,CHOCH,False,True,False,LOWER_SWEEP,EQUAL_LOW,29.4,1.6339778468173558,3,56.57,0.8156,1.38,17.9929,,True,True,0.0,,0.4541,50.5,2.0,36.3493,72.6986,MID,Friday
32644,2025-10-03T07:00:00+00:00,BEARISH,LOSS,50.0,4,True,True,False,False,True,True,False,False,RANGE,-0.032,CHOCH,True,False,True,UPPER_SWEEP,EQUAL_LOW,25.5375,1.569124423963134,3,44.08,3.4274,13.92,16.275,,False,True,0.0,,0.4541,51.1,2.0,38.7275,77.455,MID,Friday
32669,2025-10-03T09:05:00+00:00,BULLISH,WIN,62.5,5,True,True,False,False,True,True,True,False,RANGE,0.011,CHOCH,False,True,False,LOWER_SWEEP,EQUAL_HIGH,36.85,2.2528443305964996,3,64.76,4.2472,35.38,16.3571,,True,True,0.0,,0.5259,54.5,2.0,54.7857,109.5714,CLOSING,Friday
32681,2025-10-06T03:50:00+00:00,BULLISH,WIN,62.5,5,True,True,False,False,True,True,True,False,RANGE,0.041,BOS,False,False,True,LOWER_SWEEP,PDH,25.3,1.3890185184168482,3,78.14,21.8907,67.33,18.2143,,True,True,0.0,,0.5259,55.5,2.0,40.3214,80.6429,OPENING,Monday
32722,2025-10-06T07:15:00+00:00,BULLISH,WIN,62.5,5,True,True,False,False,True,True,True,False,TRANSITION,0.088,CHOCH,False,True,False,LOWER_SWEEP,EQUAL_HIGH,16.9833,1.4595855857404367,3,59.22,12.5352,23.01,11.6357,,True,True,0.0,,0.5259,57.1,2.0,21.0636,42.1271,MID,Monday
32756,2025-10-07T03:50:00+00:00,BULLISH,WIN,62.5,5,True,True,False,False,True,True,True,False,TRANSITION,0.124,BOS,True,False,True,LOWER_SWEEP,PDH,31.35,1.372207437495623,2,73.5,12.349,35.55,22.8464,,True,True,0.0,,0.5259,58.3,2.0,48.8346,97.6693,OPENING,Tuesday
32801,2025-10-07T07:35:00+00:00,BULLISH,TIMEOUT,62.5,5,True,True,False,False,True,True,True,False,TRANSITION,0.148,CHOCH,False,True,False,LOWER_SWEEP,EQUAL_LOW,2.45,0.14051629702277513,2,78.72,11.2996,80.36,17.4357,,True,True,0.0,,0.5259,30.5,2.0,36.3936,72.7871,MID,Tuesday
32818,2025-10-07T09:00:00+00:00,BEARISH,WIN,62.5,5,True,True,False,False,True,True,True,False,TRANSITION,0.117,CHOCH,True,True,False,UPPER_SWEEP,EQUAL_LOW,59.6833,2.8478797161821054,3,38.34,4.1314,42.61,20.9571,,False,True,0.0,,0.5259,58.1,2.0,64.6957,129.3914,CLOSING,Tuesday
32831,2025-10-08T03:50:00+00:00,BULLISH,TIMEOUT,50.0,4,True,True,False,False,True,True,False,False,TRANSITION,0.119,CHOCH,False,True,False,LOWER_SWEEP,EQUAL_HIGH,93.275,3.247974259956334,1,55.01,-11.8909,5.4,28.7179,,True,False,0.0,,0.4541,54.0,2.0,99.5718,199.1436,OPENING,Wednesday
32844,2025-10-08T04:55:00+00:00,BEARISH,WIN,50.0,4,True,True,False,False,True,True,False,False,TRANSITION,0.085,CHOCH,True,False,False,UPPER_SWEEP,EQUAL_LOW,27.5833,1.1628023641100442,3,46.2,-4.4814,7.43,23.7214,,False,False,0.0,,0.4541,52.8,2.0,38.2721,76.5443,MID,Wednesday
32868,2025-10-08T06:55:00+00:00,BEARISH,LOSS,50.0,4,True,True,False,False,True,True,False,False,RANGE,0.01,BOS,True,True,True,UPPER_SWEEP,EQUAL_LOW,23.33,1.2871724137931033,2,46.52,-22.6027,1.92,18.125,,False,False,0.0,,0.4541,50.3,2.0,28.2125,56.425,MID,Wednesday
32881,2025-10-08T08:00:00+00:00,BULLISH,LOSS,50.0,4,True,True,False,False,True,False,True,False,TRANSITION,0.078,CHOCH,True,False,True,LOWER_SWEEP,EQUAL_LOW,38.5,1.8972152821922939,3,86.42,8.8389,56.55,20.2929,,True,False,0.0,,0.4541,52.6,2.0,40.9293,81.8586,MID,Wednesday
32902,2025-10-08T09:45:00+00:00,BEARISH,LOSS,62.5,5,True,True,False,False,True,True,True,False,RANGE,0.024,BOS,True,True,False,UPPER_SWEEP,EQUAL_LOW,16.06,0.7398500951301648,3,43.49,-9.704,71.29,21.7071,,False,False,0.0,,0.5259,46.3,2.0,24.0207,48.0414,CLOSING,Wednesday
32926,2025-10-09T05:30:00+00:00,BULLISH,WIN,62.5,5,True,True,False,False,True,True,True,False,TRANSITION,0.076,CHOCH,False,True,False,LOWER_SWEEP,EQUAL_LOW,40.75,2.004219928093999,2,72.66,9.3886,36.97,20.3321,,True,True,0.0,,0.5259,56.7,2.0,44.0832,88.1664,MID,Thursday
32962,2025-10-09T08:30:00+00:00,BULLISH,LOSS,50.0,4,True,True,False,False,True,True,False,False,TRANSITION,0.103,BOS,False,True,False,LOWER_SWEEP,EQUAL_HIGH,28.65,1.7898307625990963,2,68.84,8.2174,13.97,16.0071,,True,True,0.0,,0.4541,53.4,2.0,31.6007,63.2014,MID,Thursday
32974,2025-10-09T09:30:00+00:00,BULLISH,WIN,50.0,4,True,True,False,False,True,True,False,False,TRANSITION,0.106,CHOCH,False,True,False,LOWER_SWEEP,EQUAL_HIGH,46.25,2.0985240003085397,2,56.82,6.3017,7.96,22.0393,,True,True,0.0,,0.4541,53.5,2.0,58.0539,116.1079,CLOSING,Thursday
33021,2025-10-10T07:10:00+00:00,BULLISH,TIMEOUT,75.0,6,True,True,True,False,True,True,True,False,BULLISH,0.156,CHOCH,True,False,True,LOWER_SWEEP,EQUAL_HIGH,24.0167,1.4769782358693044,1,57.54,6.849,35.5,16.2607,,True,True,0.0,,0.5965,63.5,2.0,30.3761,60.7521,MID,Friday
33046,2025-10-10T09:15:00+00:00,BEARISH,WIN,62.5,5,True,True,False,False,True,True,True,False,TRANSITION,0.137,CHOCH,False,False,True,UPPER_SWEEP,EQUAL_LOW,17.65,1.1416041964464738,3,31.0,1.2096,72.87,15.4607,,False,True,0.0,,0.5259,58.7,2.0,19.8461,39.6921,CLOSING,Friday
33058,2025-10-13T04:00:00+00:00,BEARISH,TIMEOUT,50.0,4,True,True,False,False,True,False,True,False,RANGE,0.03,BOS,False,True,False,UPPER_SWEEP,EQUAL_HIGH,70.625,2.6244207694337196,3,13.46,-25.8069,89.08,26.9107,,False,False,0.0,,0.4541,51.0,2.0,81.2911,162.5821,OPENING,Monday
33080,2025-10-13T05:50:00+00:00,BEARISH,LOSS,50.0,4,True,True,False,False,True,True,False,False,RANGE,0.035,CHOCH,False,True,False,UPPER_SWEEP,EQUAL_LOW,24.6375,1.519154761097306,3,32.21,-16.8792,18.76,16.2179,,False,False,0.0,,0.4541,51.2,2.0,37.9718,75.9436,MID,Monday
33100,2025-10-13T07:30:00+00:00,BEARISH,LOSS,50.0,4,True,True,False,False,True,True,False,False,RANGE,0.039,CHOCH,True,False,True,UPPER_SWEEP,EQUAL_LOW,35.0417,1.8189967971844292,1,43.91,-3.6622,6.13,19.2643,,False,False,0.0,,0.4541,51.3,2.0,41.4264,82.8529,MID,Monday
33113,2025-10-13T08:35:00+00:00,BULLISH,WIN,50.0,4,True,True,False,False,True,True,False,False,TRANSITION,0.074,CHOCH,False,True,False,LOWER_SWEEP,EQUAL_HIGH,27.3,1.2228443449048152,2,52.74,3.7084,10.22,22.325,,True,False,0.0,,0.4541,52.5,2.0,44.3325,88.665,MID,Monday
33130,2025-10-14T03:45:00+00:00,BULLISH,LOSS,62.5,5,True,True,False,False,True,True,True,False,TRANSITION,0.116,CHOCH,False,True,False,LOWER_SWEEP,EQUAL_LOW,62.05,2.8388944553486053,3,68.54,12.3207,44.72,21.8571,,True,True,0.0,,0.5259,58.0,2.0,75.3357,150.6714,OPENING,Tuesday
33142,2025-10-14T04:45:00+00:00,BEARISH,LOSS,62.5,5,True,True,False,False,True,True,True,False,RANGE,0.035,CHOCH,True,False,False,UPPER_SWEEP,EQUAL_HIGH,47.6,1.7080583754068301,3,35.93,-8.1675,22.47,27.8679,,False,True,0.0,,0.5259,55.3,2.0,50.6368,101.2736,MID,Tuesday
33154,2025-10-14T05:45:00+00:00,BEARISH,TIMEOUT,62.5,5,True,True,False,False,True,True,True,False,RANGE,0.007,CHOCH,False,False,True,UPPER_SWEEP,PDL,50.75,2.236037433249326,3,30.32,-15.2871,36.57,22.6964,,False,False,0.0,,0.5259,54.4,2.0,64.5196,129.0393,MID,Tuesday
33168,2025-10-14T06:55:00+00:00,BEARISH,TIMEOUT,62.5,5,True,True,False,False,True,True,True,False,RANGE,-0.027,CHOCH,True,False,True,UPPER_SWEEP,EQUAL_LOW,6.4643,0.30071546863660886,1,32.4,-23.7326,35.33,21.4964,,False,False,0.0,,0.5259,31.8,2.0,40.2996,80.5993,MID,Tuesday
33181,2025-10-14T08:00:00+00:00,BULLISH,TIMEOUT,50.0,4,True,True,False,False,True,True,False,False,RANGE,0.009,CHOCH,False,True,False,LOWER_SWEEP,EQUAL_LOW,42.4857,1.7715587875957486,2,50.78,-15.6989,12.76,23.9821,,True,False,0.0,,0.4541,50.3,2.0,52.2982,104.5964,MID,Tuesday
33194,2025-10-14T09:05:00+00:00,BULLISH,WIN,62.5,5,True,True,False,False,True,True,True,False,RANGE,0.04,CHOCH,False,True,False,LOWER_SWEEP,EQUAL_LOW,55.95,2.0494505494505497,3,69.19,7.9723,42.83,27.3,,True,False,0.0,,0.5259,55.5,2.0,68.93,137.86,CLOSING,Tuesday
33206,2025-10-15T03:50:00+00:00,BULLISH,TIMEOUT,62.5,5,True,True,False,False,True,True,True,False,TRANSITION,0.092,CHOCH,False,True,False,LOWER_SWEEP,EQUAL_HIGH,121.3333,3.633505924912182,2,70.67,16.8412,44.76,33.3929,,True,True,0.0,,0.5259,57.2,2.0,133.1893,266.3786,OPENING,Wednesday
33219,2025-10-15T04:55:00+00:00,BULLISH,WIN,62.5,5,True,True,False,False,True,True,True,False,TRANSITION,0.11,BOS,True,True,False,LOWER_SWEEP,EQUAL_LOW,42.6833,2.339272404419502,3,64.86,28.2583,25.1,18.2464,,True,True,0.0,,0.5259,57.8,2.0,46.1746,92.3493,MID,Wednesday
33249,2025-10-15T07:25:00+00:00,BULLISH,WIN,62.5,5,True,True,False,False,True,True,True,False,TRANSITION,0.134,CHOCH,False,True,False,LOWER_SWEEP,EQUAL_HIGH,13.4214,0.8780363346133968,2,65.42,14.2706,40.27,15.2857,,True,True,0.0,,0.5259,54.6,2.0,25.5786,51.1571,MID,Wednesday
33271,2025-10-15T09:15:00+00:00,BEARISH,LOSS,62.5,5,True,True,False,False,True,True,True,False,TRANSITION,0.101,BOS,False,False,True,UPPER_SWEEP,EQUAL_HIGH,33.0333,1.9641750753661273,2,23.7,1.2844,83.57,16.8179,,False,True,0.0,,0.5259,57.5,2.0,40.7818,81.5636,CLOSING,Wednesday
33315,2025-10-16T06:40:00+00:00,BULLISH,WIN,75.0,6,True,True,True,False,True,True,True,False,BULLISH,0.188,CHOCH,False,False,True,LOWER_SWEEP,EQUAL_HIGH,22.25,1.8492200031582184,3,56.64,11.0751,33.33,12.0321,,True,True,0.0,,0.5965,64.6,2.0,29.9032,59.8064,MID,Thursday
33365,2025-10-17T04:35:00+00:00,BULLISH,TIMEOUT,62.5,5,True,True,True,False,True,True,False,False,BULLISH,0.264,CHOCH,False,True,False,LOWER_SWEEP,PDH,62.85,2.220565581763451,3,70.99,18.0541,10.42,28.3036,,True,True,0.0,,0.5259,63.0,2.0,100.5304,201.0607,MID,Friday
33430,2025-10-20T03:45:00+00:00,BULLISH,TIMEOUT,75.0,6,True,True,True,False,True,True,True,False,BULLISH,0.362,CHOCH,False,True,False,LOWER_SWEEP,PDH,85.5,2.316847136864696,1,79.0,18.9917,54.83,36.9036,,True,True,0.0,,0.5965,70.4,2.0,210.4904,420.9807,OPENING,Monday
33471,2025-10-20T07:10:00+00:00,BULLISH,WIN,62.5,5,True,True,True,False,True,True,False,False,BULLISH,0.298,BOS,False,False,True,LOWER_SWEEP,EQUAL_HIGH,27.4333,1.6056292689207934,3,62.89,6.7284,4.66,17.0857,,True,True,0.0,,0.5259,64.1,2.0,36.5586,73.1171,MID,Monday
33485,2025-10-20T08:20:00+00:00,BEARISH,WIN,62.5,5,True,True,False,False,True,True,True,False,BULLISH,0.281,CHOCH,True,True,True,UPPER_SWEEP,EQUAL_HIGH,27.4667,1.446430358149063,2,44.17,5.3995,25.61,18.9893,,False,True,0.0,,0.5259,63.5,2.0,34.1489,68.2979,MID,Monday
33505,2025-10-21T08:15:00+00:00,BULLISH,LOSS,75.0,6,True,True,True,False,True,True,True,False,BULLISH,0.284,CHOCH,False,True,False,LOWER_SWEEP,EQUAL_HIGH,51.4167,1.8576336953458628,2,70.11,1.3732,51.07,27.6786,,True,True,0.0,,0.5965,67.8,2.0,66.4679,132.9357,MID,Tuesday
33517,2025-10-23T03:45:00+00:00,BULLISH,TIMEOUT,75.0,6,True,True,True,False,True,True,True,False,BULLISH,0.328,CHOCH,False,True,False,LOWER_SWEEP,PDH,108.05,2.7894164814370206,1,75.25,13.0426,54.13,38.7357,,True,True,0.0,,0.5965,69.3,2.0,181.3236,362.6471,OPENING,Thursday
33548,2025-10-23T06:20:00+00:00,BULLISH,WIN,62.5,5,True,True,True,False,True,True,False,False,BULLISH,0.349,CHOCH,False,True,False,LOWER_SWEEP,EQUAL_HIGH,17.85,1.2002904904716436,2,51.17,14.6067,0.79,14.8714,,True,True,0.0,,0.5259,65.8,2.0,27.4871,54.9743,MID,Thursday
33562,2025-10-23T07:30:00+00:00,BEARISH,WIN,50.0,4,True,True,False,False,True,True,False,False,BULLISH,0.306,CHOCH,False,True,False,UPPER_SWEEP,EQUAL_HIGH,38.7,2.226428337197462,3,36.44,6.5524,12.73,17.3821,,False,True,0.0,,0.4541,60.2,2.0,57.4882,114.9764,MID,Thursday
33586,2025-10-23T09:30:00+00:00,BEARISH,TIMEOUT,62.5,5,True,True,False,False,True,True,True,False,BULLISH,0.204,BOS,False,True,False,UPPER_SWEEP,EQUAL_HIGH,87.675,3.096098227622811,3,22.93,-26.9873,53.9,28.3179,,False,False,0.0,,0.5259,61.0,2.0,92.1318,184.2636,CLOSING,Thursday
33604,2025-10-24T04:45:00+00:00,BEARISH,TIMEOUT,50.0,4,True,True,False,False,True,True,False,False,TRANSITION,0.139,CHOCH,False,True,False,UPPER_SWEEP,EQUAL_LOW,64.025,1.8458615510138188,1,42.92,-25.2759,16.94,34.6857,,False,False,0.0,,0.4541,54.6,2.0,72.5186,145.0371,MID,Friday
33629,2025-10-24T06:50:00+00:00,BULLISH,LOSS,75.0,6,True,True,True,False,True,True,True,False,BULLISH,0.168,BOS,True,False,True,LOWER_SWEEP,EQUAL_LOW,44.275,2.0734208751685896,3,62.11,-4.2764,24.89,21.3536,,True,False,0.0,,0.5965,63.9,2.0,49.4854,98.9707,MID,Friday
33642,2025-10-24T07:55:00+00:00,BEARISH,TIMEOUT,62.5,5,True,True,False,False,True,True,True,False,TRANSITION,0.103,BOS,False,True,False,UPPER_SWEEP,EQUAL_LOW,41.75,1.9325482789905386,2,32.48,-12.8887,45.61,21.6036,,False,False,0.0,,0.5259,57.6,2.0,61.7604,123.5207,MID,Friday
33661,2025-10-24T09:30:00+00:00,BULLISH,WIN,62.5,5,True,True,False,False,True,True,True,False,TRANSITION,0.13,BOS,False,False,True,LOWER_SWEEP,EQUAL_LOW,51.4,2.3401610795700294,2,71.72,-10.9139,53.51,21.9643,,True,False,0.0,,0.5259,58.5,2.0,58.2964,116.5929,CLOSING,Friday
33675,2025-10-27T04:25:00+00:00,BULLISH,WIN,62.5,5,True,True,True,False,True,False,True,False,BULLISH,0.216,BOS,True,False,False,LOWER_SWEEP,EQUAL_HIGH,10.525,0.45247993396587377,3,88.49,42.7422,82.9,23.2607,,True,True,0.0,,0.5259,43.1,2.0,18.4261,36.8521,OPENING,Monday
33699,2025-10-27T06:25:00+00:00,BULLISH,TIMEOUT,62.5,5,True,True,True,False,True,True,False,False,BULLISH,0.245,CHOCH,False,True,False,LOWER_SWEEP,EQUAL_HIGH,36.65,2.3574589615602326,2,68.55,20.2954,19.87,15.5464,,True,True,0.0,,0.5259,62.3,2.0,51.3046,102.6093,MID,Monday
33715,2025-10-27T07:45:00+00:00,BEARISH,LOSS,62.5,5,True,True,False,False,True,True,True,False,BULLISH,0.19,BOS,False,False,True,UPPER_SWEEP,PDH,33.5,2.159298195858015,3,26.64,2.1829,87.57,15.5143,,False,True,0.0,,0.5259,60.5,2.0,39.2014,78.4029,MID,Monday
33727,2025-10-27T08:45:00+00:00,BULLISH,LOSS,62.5,5,True,True,True,False,True,True,False,False,BULLISH,0.218,CHOCH,False,False,True,LOWER_SWEEP,EQUAL_HIGH,36.375,1.8447704877294235,1,55.46,-0.8968,14.61,19.7179,,True,True,0.0,,0.5259,61.4,2.0,49.0218,98.0436,MID,Monday
33746,2025-10-28T04:05:00+00:00,BULLISH,LOSS,62.5,5,True,True,True,False,True,True,False,False,BULLISH,0.222,BOS,True,True,False,LOWER_SWEEP,PDH,53.35,1.8607392732827837,3,65.62,11.7131,1.66,28.6714,,True,True,0.0,,0.5259,61.6,2.0,74.6671,149.3343,OPENING,Tuesday
33762,2025-10-28T05:25:00+00:00,BEARISH,TIMEOUT,50.0,4,True,True,False,False,True,False,True,False,TRANSITION,0.109,BOS,True,True,False,UPPER_SWEEP,EQUAL_LOW,40.4833,1.4669775767853779,2,13.74,-26.969,76.61,27.5964,,False,False,0.0,,0.4541,53.6,2.0,44.6096,89.2193,MID,Tuesday
33783,2025-10-28T07:10:00+00:00,BULLISH,TIMEOUT,62.5,5,True,True,True,False,True,True,False,False,BULLISH,0.159,CHOCH,False,True,False,LOWER_SWEEP,EQUAL_LOW,69.4667,3.114107167673073,2,66.08,-3.7144,17.67,22.3071,,True,False,0.0,,0.5259,59.5,2.0,76.9807,153.9614,MID,Tuesday
33795,2025-10-28T08:10:00+00:00,BEARISH,TIMEOUT,50.0,4,True,True,False,False,True,True,False,False,TRANSITION,0.122,CHOCH,False,True,False,UPPER_SWEEP,EQUAL_HIGH,53.75,1.9132948182636893,3,51.23,9.274,2.59,28.0929,,False,True,0.0,,0.4541,54.1,2.0,79.2093,158.4186,MID,Tuesday
33811,2025-10-28T09:30:00+00:00,BULLISH,TIMEOUT,75.0,6,True,True,True,False,True,True,True,False,BULLISH,0.156,CHOCH,False,True,False,LOWER_SWEEP,EQUAL_HIGH,87.15,2.5455883770450143,2,60.95,-11.0024,26.98,34.2357,,True,False,0.0,,0.5965,63.5,2.0,108.9736,217.9471,CLOSING,Tuesday
33831,2025-10-29T04:55:00+00:00,BULLISH,TIMEOUT,75.0,6,True,True,True,False,True,True,True,False,BULLISH,0.217,BOS,False,True,False,LOWER_SWEEP,PDH,54.05,2.2652311122473354,2,66.42,29.4725,49.0,23.8607,,True,True,0.0,,0.5965,65.6,2.0,57.2361,114.4721,MID,Wednesday
33851,2025-10-29T06:35:00+00:00,BULLISH,TIMEOUT,62.5,5,True,True,True,False,True,True,False,False,BULLISH,0.21,CHOCH,False,True,False,LOWER_SWEEP,EQUAL_HIGH,23.7667,1.4258964836602093,2,57.24,16.2597,15.94,16.6679,,True,True,0.0,,0.5259,61.2,2.0,34.8668,69.7336,MID,Wednesday
33868,2025-10-29T08:00:00+00:00,BULLISH,LOSS,75.0,6,True,True,True,False,True,True,True,False,BULLISH,0.224,BOS,True,False,True,LOWER_SWEEP,EQUAL_HIGH,20.825,1.3373877750234404,0,64.76,14.0183,35.0,15.5714,,True,True,0.0,,0.5965,65.8,2.0,26.9571,53.9143,MID,Wednesday
33884,2025-10-29T09:20:00+00:00,BEARISH,LOSS,62.5,5,True,True,False,False,True,True,True,False,BULLISH,0.185,BOS,True,False,True,UPPER_SWEEP,PDH,21.4,1.0910407202908081,2,40.97,-3.8602,36.22,19.6143,,False,True,0.0,,0.5259,60.3,2.0,26.4114,52.8229,CLOSING,Wednesday
33896,2025-10-30T04:05:00+00:00,BEARISH,TIMEOUT,62.5,5,True,True,False,False,True,True,True,False,TRANSITION,0.094,CHOCH,True,True,False,UPPER_SWEEP,EQUAL_LOW,50.7875,1.9175441842201641,2,25.56,-24.6457,69.44,26.4857,,False,False,0.0,,0.5259,57.3,2.0,55.4486,110.8971,OPENING,Thursday
33917,2025-10-30T05:50:00+00:00,BULLISH,LOSS,50.0,4,True,True,False,False,True,True,False,False,TRANSITION,0.123,CHOCH,False,False,True,LOWER_SWEEP,EQUAL_HIGH,34.5667,1.6812024882421317,3,53.3,-10.6166,9.78,20.5607,,True,False,0.0,,0.4541,54.1,2.0,44.2061,88.4121,MID,Thursday
33942,2025-10-30T07:55:00+00:00,BEARISH,TIMEOUT,50.0,4,True,True,False,False,True,True,False,False,TRANSITION,0.074,CHOCH,False,True,False,UPPER_SWEEP,EQUAL_HIGH,31.0167,1.9205386996904026,1,48.7,-7.7274,16.62,16.15,,False,False,0.0,,0.4541,52.5,2.0,37.065,74.13,MID,Thursday
33954,2025-10-30T08:55:00+00:00,BULLISH,LOSS,50.0,4,True,True,False,False,True,True,False,False,TRANSITION,0.078,CHOCH,False,True,False,LOWER_SWEEP,EQUAL_LOW,19.25,0.9339808934194375,2,39.9,-8.746,12.96,20.6107,,True,False,0.0,,0.4541,50.4,2.0,25.2611,50.5221,MID,Thursday
33968,2025-10-31T03:50:00+00:00,BULLISH,TIMEOUT,62.5,5,True,True,False,False,True,True,True,False,TRANSITION,0.073,CHOCH,False,False,True,LOWER_SWEEP,EQUAL_LOW,69.8,2.5111165474665786,1,49.85,-5.0523,36.47,27.7964,,True,False,0.0,,0.5259,56.6,2.0,75.9796,151.9593,OPENING,Friday
33982,2025-10-31T05:00:00+00:00,BEARISH,TIMEOUT,62.5,5,True,True,False,False,True,True,True,False,RANGE,0.016,CHOCH,False,False,True,UPPER_SWEEP,EQUAL_LOW,61.2167,2.3166206244087038,3,30.0,-14.5783,39.48,26.425,,False,False,0.0,,0.5259,54.7,2.0,68.8425,137.685,MID,Friday
34017,2025-10-31T07:55:00+00:00,BEARISH,TIMEOUT,50.0,4,True,True,False,False,True,True,False,False,RANGE,0.007,CHOCH,False,True,False,UPPER_SWEEP,EQUAL_LOW,27.65,1.7942079204708417,3,35.82,-6.8419,17.79,15.4107,,False,False,0.0,,0.4541,50.2,2.0,35.8411,71.6821,MID,Friday
34036,2025-10-31T09:30:00+00:00,BEARISH,WIN,62.5,5,True,True,False,False,True,True,True,False,RANGE,-0.022,BOS,False,False,True,UPPER_SWEEP,EQUAL_LOW,24.925,1.2258940296378633,3,34.53,-12.4414,36.28,20.3321,,False,False,0.0,,0.5259,54.9,2.0,50.5332,101.0664,CLOSING,Friday
34048,2025-11-03T04:15:00+00:00,BULLISH,TIMEOUT,50.0,4,True,True,False,False,True,True,False,False,RANGE,0.001,CHOCH,False,True,False,LOWER_SWEEP,EQUAL_LOW,102.525,3.5436418372672573,3,51.97,-17.1814,11.87,28.9321,,True,False,0.0,,0.4541,50.0,2.0,108.8432,217.6864,OPENING,Monday
34071,2025-11-03T06:10:00+00:00,BEARISH,TIMEOUT,50.0,4,True,True,False,False,True,True,False,False,RANGE,-0.011,CHOCH,False,True,False,UPPER_SWEEP,EQUAL_LOW,19.35,1.2986577181208054,3,48.21,1.7446,0.1,14.9,,False,False,0.0,,0.4541,50.4,2.0,34.29,68.58,MID,Monday
34084,2025-11-03T07:15:00+00:00,BULLISH,TIMEOUT,50.0,4,True,True,False,False,True,True,False,False,RANGE,0.006,CHOCH,False,True,False,LOWER_SWEEP,EQUAL_LOW,42.55,2.585510205321715,3,53.27,-3.8188,12.68,16.4571,,True,False,0.0,,0.4541,50.2,2.0,46.8957,93.7914,MID,Monday
34096,2025-11-03T08:15:00+00:00,BEARISH,LOSS,62.5,5,True,True,False,False,True,True,True,False,RANGE,0.002,CHOCH,False,False,True,UPPER_SWEEP,EQUAL_HIGH,34.15,2.0750922094415176,1,57.29,4.8421,24.54,16.4571,,False,True,0.0,,0.5259,54.2,2.0,36.7457,73.4914,MID,Monday
34120,2025-11-04T04:00:00+00:00,BEARISH,TIMEOUT,62.5,5,True,True,False,False,True,True,True,False,RANGE,-0.022,CHOCH,False,True,False,UPPER_SWEEP,EQUAL_LOW,52.8,2.4726509815675106,3,24.89,-5.0699,49.28,21.3536,,False,True,0.0,,0.5259,54.9,2.0,86.1354,172.2707,OPENING,Tuesday
34140,2025-11-04T05:40:00+00:00,BEARISH,TIMEOUT,62.5,5,True,True,False,False,True,True,True,False,RANGE,-0.029,CHOCH,False,True,False,UPPER_SWEEP,EQUAL_LOW,25.4875,1.618623939440126,2,36.79,-12.4615,20.82,15.7464,,False,False,0.0,,0.5259,55.1,2.0,37.4246,74.8493,MID,Tuesday
34176,2025-11-04T08:40:00+00:00,BEARISH,TIMEOUT,62.5,5,True,True,False,False,True,True,True,False,TRANSITION,-0.063,BOS,False,False,True,UPPER_SWEEP,PDL,20.1,1.201535095584807,3,28.32,-10.1453,48.58,16.7286,,False,False,0.0,,0.5259,56.3,2.0,50.2229,100.4457,MID,Tuesday
34192,2025-11-06T03:45:00+00:00,BULLISH,LOSS,62.5,5,True,True,False,False,True,True,True,False,RANGE,-0.014,CHOCH,False,False,True,LOWER_SWEEP,EQUAL_LOW,82.575,3.586880033360265,1,66.05,-12.0232,28.06,23.0214,,True,False,0.0,,0.5259,54.6,2.0,90.6021,181.2043,OPENING,Thursday
34204,2025-11-06T04:45:00+00:00,BEARISH,TIMEOUT,50.0,4,True,True,False,False,True,True,False,False,TRANSITION,-0.102,CHOCH,False,True,False,UPPER_SWEEP,PDL,61.3,1.9824458142257466,3,39.66,-16.9159,19.23,30.9214,,False,False,0.0,,0.4541,53.4,2.0,106.0421,212.0843,MID,Thursday
34234,2025-11-06T07:15:00+00:00,BULLISH,TIMEOUT,62.5,5,True,True,False,False,True,True,True,False,RANGE,-0.043,BOS,True,False,True,LOWER_SWEEP,EQUAL_LOW,56.525,3.073196722648413,3,74.92,0.5964,51.73,18.3929,,True,False,0.0,,0.5259,55.6,2.0,60.3893,120.7786,MID,Thursday
34247,2025-11-06T08:20:00+00:00,BEARISH,TIMEOUT,50.0,4,True,True,False,False,True,True,False,False,TRANSITION,-0.097,CHOCH,False,True,False,UPPER_SWEEP,EQUAL_LOW,72.6167,2.854912583494851,3,39.95,-3.1138,18.7,25.4357,,False,False,0.0,,0.4541,53.2,2.0,81.6436,163.2871,MID,Thursday
34261,2025-11-06T09:30:00+00:00,BEARISH,WIN,50.0,4,True,True,False,False,True,True,False,False,TRANSITION,-0.093,CHOCH,True,False,True,UPPER_SWEEP,EQUAL_LOW,44.025,1.9850215973956877,1,48.88,-7.8067,0.21,22.1786,,False,False,0.0,,0.4541,53.1,2.0,51.7179,103.4357,CLOSING,Thursday
34291,2025-11-07T05:45:00+00:00,BULLISH,TIMEOUT,50.0,4,True,True,False,False,True,False,True,False,TRANSITION,-0.131,CHOCH,False,True,False,LOWER_SWEEP,EQUAL_HIGH,34.45,1.8672086720867211,2,82.83,-13.1776,54.74,18.45,,True,False,0.0,,0.4541,54.4,2.0,63.395,126.79,MID,Friday
34317,2025-11-07T07:55:00+00:00,BULLISH,LOSS,50.0,4,True,True,False,False,True,False,True,False,RANGE,-0.039,BOS,False,False,True,LOWER_SWEEP,EQUAL_LOW,42.825,2.355791975179607,3,81.68,21.1109,76.81,18.1786,,True,True,0.0,,0.4541,51.3,2.0,55.8679,111.7357,MID,Friday
34354,2025-11-10T04:45:00+00:00,BULLISH,TIMEOUT,62.5,5,True,True,False,False,True,True,True,False,RANGE,0.013,BOS,False,True,False,LOWER_SWEEP,EQUAL_HIGH,44.4667,1.4857594408024433,2,68.55,22.6127,60.53,29.9286,,True,True,0.0,,0.5259,54.6,2.0,53.3929,106.7857,MID,Monday
34367,2025-11-10T05:50:00+00:00,BULLISH,TIMEOUT,62.5,5,True,True,False,False,True,True,True,False,RANGE,0.037,BOS,False,True,False,LOWER_SWEEP,EQUAL_HIGH,20.075,1.340245416794627,2,77.76,25.6937,52.63,14.9786,,True,True,0.0,,0.5259,55.4,2.0,28.1479,56.2957,MID,Monday
34386,2025-11-10T07:25:00+00:00,BULLISH,LOSS,62.5,5,True,True,False,False,True,True,True,False,RANGE,0.033,CHOCH,True,False,False,LOWER_SWEEP,EQUAL_HIGH,3.9167,0.36838442076353684,3,68.37,12.234,31.29,10.6321,,True,True,0.0,,0.5259,34.2,2.0,12.5632,25.1264,MID,Monday
34412,2025-11-10T09:35:00+00:00,BEARISH,LOSS,50.0,4,True,True,False,False,True,True,False,False,RANGE,-0.022,CHOCH,False,True,False,UPPER_SWEEP,EQUAL_LOW,31.75,1.8386717551062954,2,40.56,-8.1878,12.64,17.2679,,False,True,0.0,,0.4541,50.7,2.0,38.5768,77.1536,CLOSING,Monday
34433,2025-11-11T05:05:00+00:00,BEARISH,TIMEOUT,62.5,5,True,True,False,False,True,True,True,False,TRANSITION,-0.099,CHOCH,False,True,False,UPPER_SWEEP,EQUAL_LOW,36.5333,1.5398651211801895,3,33.84,-29.5404,32.32,23.725,,False,False,0.0,,0.5259,57.5,2.0,55.9225,111.845,MID,Tuesday
34446,2025-11-11T06:10:00+00:00,BULLISH,WIN,62.5,5,True,True,False,False,True,True,True,False,TRANSITION,-0.066,CHOCH,False,True,False,LOWER_SWEEP,EQUAL_LOW,18.2833,1.262161994242598,3,62.97,-14.8185,23.28,14.4857,,True,False,0.0,,0.5259,56.4,2.0,31.8986,63.7971,MID,Tuesday
34465,2025-11-11T07:45:00+00:00,BULLISH,WIN,62.5,5,True,True,False,False,True,True,True,False,RANGE,0.014,CHOCH,False,True,False,LOWER_SWEEP,EQUAL_HIGH,37.925,2.2802291953511578,3,76.87,20.4401,58.83,16.6321,,True,True,0.0,,0.5259,54.6,2.0,49.2132,98.4264,MID,Tuesday
34477,2025-11-11T08:45:00+00:00,BULLISH,TIMEOUT,62.5,5,True,True,False,False,True,True,True,False,TRANSITION,0.06,BOS,False,False,True,LOWER_SWEEP,PDH,23.3,0.9705462134118656,3,70.92,31.3089,51.52,24.0071,,True,True,0.0,,0.5259,55.2,2.0,51.7507,103.5014,MID,Tuesday
34491,2025-11-11T09:55:00+00:00,BULLISH,WIN,62.5,5,True,True,False,False,True,True,True,False,TRANSITION,0.072,BOS,False,True,False,LOWER_SWEEP,EQUAL_HIGH,30.725,1.5610630979417848,3,59.09,25.267,29.19,19.6821,,True,True,0.0,,0.5259,56.6,2.0,36.9182,73.8364,CLOSING,Tuesday
34532,2025-11-12T07:05:00+00:00,BULLISH,TIMEOUT,75.0,6,True,True,True,False,True,True,True,False,BULLISH,0.172,CHOCH,False,True,False,LOWER_SWEEP,EQUAL_HIGH,17.375,1.6660913257771897,3,69.87,18.9774,68.18,10.4286,,True,True,0.0,,0.5965,64.1,2.0,30.5429,61.0857,MID,Wednesday
34550,2025-11-12T08:35:00+00:00,BEARISH,TIMEOUT,62.5,5,True,True,False,False,True,True,True,False,TRANSITION,0.134,CHOCH,False,True,False,UPPER_SWEEP,EQUAL_LOW,23.475,1.7664587299556787,3,34.23,6.432,26.21,13.2893,,False,True,0.0,,0.5259,58.6,2.0,41.7789,83.5579,MID,Wednesday
34565,2025-11-12T09:50:00+00:00,BEARISH,LOSS,62.5,5,True,True,False,False,True,True,True,False,TRANSITION,0.11,BOS,False,True,False,UPPER_SWEEP,EQUAL_LOW,30.725,2.2138400126813944,3,32.39,-6.8486,41.33,13.8786,,False,True,0.0,,0.5259,57.8,2.0,39.9879,79.9757,CLOSING,Wednesday
34578,2025-11-13T04:40:00+00:00,BULLISH,WIN,62.5,5,True,True,False,False,True,True,True,False,TRANSITION,0.124,CHOCH,False,True,False,LOWER_SWEEP,EQUAL_HIGH,24.4,0.8833730368482408,3,56.59,-1.7127,35.85,27.6214,,True,True,0.0,,0.5259,54.4,2.0,42.4621,84.9243,MID,Thursday
34607,2025-11-13T07:05:00+00:00,BEARISH,LOSS,62.5,5,True,True,False,False,True,True,True,False,TRANSITION,0.14,CHOCH,False,True,False,UPPER_SWEEP,EQUAL_HIGH,6.9167,0.5388642613959503,3,41.36,12.413,44.1,12.8357,,False,True,0.0,,0.5259,43.5,2.0,39.0336,78.0671,MID,Thursday
34619,2025-11-13T08:05:00+00:00,BULLISH,LOSS,62.5,5,True,True,True,False,True,True,False,False,BULLISH,0.165,CHOCH,True,False,True,LOWER_SWEEP,EQUAL_HIGH,16.625,1.0379013478670736,3,55.31,9.2265,1.9,16.0179,,True,True,0.0,,0.5259,59.7,2.0,22.5018,45.0036,MID,Thursday
34635,2025-11-13T09:25:00+00:00,BEARISH,WIN,62.5,5,True,True,False,False,True,True,True,False,TRANSITION,0.083,CHOCH,False,True,False,UPPER_SWEEP,EQUAL_LOW,57.85,2.2026096259942203,3,23.32,-16.5263,51.16,26.2643,,False,False,0.0,,0.5259,56.9,2.0,63.8764,127.7529,CLOSING,Thursday
34661,2025-11-14T05:20:00+00:00,BULLISH,TIMEOUT,62.5,5,True,True,False,False,True,True,True,False,TRANSITION,0.053,CHOCH,False,True,False,LOWER_SWEEP,EQUAL_LOW,79.225,2.853854549777203,2,46.38,-24.7975,20.99,27.7607,,True,False,0.0,,0.5259,55.9,2.0,88.4761,176.9521,MID,Friday
34678,2025-11-14T06:45:00+00:00,BULLISH,LOSS,50.0,4,True,True,False,False,True,True,False,False,RANGE,0.046,CHOCH,False,True,False,LOWER_SWEEP,PDL,19.6,1.0596656646698817,3,40.89,-5.6848,15.49,18.4964,,True,False,0.0,,0.4541,51.5,2.0,39.1996,78.3993,MID,Friday
34695,2025-11-14T08:10:00+00:00,BEARISH,TIMEOUT,62.5,5,True,True,False,False,True,True,True,False,RANGE,0.004,CHOCH,False,True,False,UPPER_SWEEP,EQUAL_LOW,54.6,3.082255578826146,3,31.76,-8.5352,43.18,17.7143,,False,False,0.0,,0.5259,54.3,2.0,59.5214,119.0429,MID,Friday
34711,2025-11-14T09:30:00+00:00,BULLISH,TIMEOUT,50.0,4,True,True,False,False,True,False,True,False,TRANSITION,0.096,BOS,True,False,True,LOWER_SWEEP,EQUAL_LOW,123.0,4.630274466106767,1,83.02,3.0378,64.59,26.5643,,True,False,0.0,,0.4541,53.2,2.0,129.8064,259.6129,CLOSING,Friday
34727,2025-11-17T04:35:00+00:00,BEARISH,TIMEOUT,37.5,3,True,True,False,False,False,True,False,False,TRANSITION,0.121,CHOCH,False,True,False,UPPER_SWEEP,EQUAL_LOW,15.325,0.6829535680703052,2,56.38,38.8177,16.44,22.4393,,True,True,0.0,,0.3843,39.3,2.0,33.3439,66.6879,MID,Monday
34743,2025-11-17T05:55:00+00:00,BEARISH,LOSS,62.5,5,True,True,False,False,True,True,True,False,TRANSITION,0.102,CHOCH,False,False,True,UPPER_SWEEP,EQUAL_HIGH,21.0833,1.5576069209571726,2,32.1,9.421,45.74,13.5357,,False,True,0.0,,0.5259,57.6,2.0,23.9036,47.8071,MID,Monday
34756,2025-11-17T07:00:00+00:00,BULLISH,WIN,62.5,5,True,True,False,False,True,True,True,False,TRANSITION,0.128,CHOCH,True,False,False,LOWER_SWEEP,EQUAL_HIGH,14.21,1.0088245525603983,0,67.7,12.1527,32.84,14.0857,,True,True,0.0,,0.5259,58.4,2.0,17.0586,34.1171,MID,Monday
34775,2025-11-17T08:35:00+00:00,BULLISH,LOSS,50.0,4,True,True,False,False,True,True,False,False,TRANSITION,0.143,CHOCH,True,True,False,LOWER_SWEEP,EQUAL_HIGH,2.9625,0.2280091434552717,3,60.71,12.3119,8.62,12.9929,,True,True,0.0,,0.4541,29.0,2.0,25.2993,50.5986,MID,Monday
34787,2025-11-17T09:35:00+00:00,BULLISH,LOSS,50.0,4,True,True,False,False,True,True,False,False,TRANSITION,0.139,CHOCH,False,True,False,LOWER_SWEEP,EQUAL_HIGH,22.05,1.3939903527016861,3,55.67,6.8706,5.38,15.8179,,True,True,0.0,,0.4541,54.6,2.0,26.6818,53.3636,CLOSING,Monday
34799,2025-11-18T04:20:00+00:00,BEARISH,TIMEOUT,62.5,5,True,True,False,False,True,True,True,False,TRANSITION,0.059,BOS,False,True,False,UPPER_SWEEP,EQUAL_LOW,32.275,1.4649080205699865,3,27.5,-14.6628,53.59,22.0321,,False,False,0.0,,0.5259,56.1,2.0,49.7032,99.4064,OPENING,Tuesday
34812,2025-11-18T05:25:00+00:00,BULLISH,WIN,50.0,4,True,True,False,False,True,True,False,False,TRANSITION,0.066,CHOCH,False,False,True,LOWER_SWEEP,EQUAL_LOW,22.5333,1.288139759559593,3,48.26,-18.0441,16.95,17.4929,,True,False,0.0,,0.4541,52.2,2.0,37.0493,74.0986,MID,Tuesday
34824,2025-11-18T06:25:00+00:00,BULLISH,LOSS,62.5,5,True,True,False,False,True,True,True,False,TRANSITION,0.103,BOS,True,False,False,LOWER_SWEEP,EQUAL_LOW,20.175,1.4440213579168875,3,76.45,7.5402,62.76,13.9714,,True,False,0.0,,0.5259,57.6,2.0,31.8971,63.7943,MID,Tuesday
34837,2025-11-18T07:30:00+00:00,BULLISH,TIMEOUT,62.5,5,True,True,False,False,True,True,True,False,TRANSITION,0.088,CHOCH,False,False,True,LOWER_SWEEP,EQUAL_HIGH,25.7375,1.9424528301886792,2,41.96,1.6199,42.02,13.25,,True,False,0.0,,0.5259,57.1,2.0,33.875,67.75,MID,Tuesday
34851,2025-11-18T08:40:00+00:00,BULLISH,LOSS,62.5,5,True,True,False,False,True,True,True,False,TRANSITION,0.106,BOS,False,False,True,LOWER_SWEEP,EQUAL_HIGH,9.26,0.6503128665032691,3,64.17,8.8432,32.06,14.2393,,True,True,0.0,,0.5259,46.0,2.0,22.3739,44.7479,MID,Tuesday
34865,2025-11-18T09:50:00+00:00,BEARISH,LOSS,50.0,4,True,True,False,False,True,False,True,False,RANGE,0.042,CHOCH,True,False,False,UPPER_SWEEP,PDL,24.0,1.1626273440262753,3,15.43,-16.0451,92.24,20.6429,,False,False,0.0,,0.4541,51.4,2.0,33.5643,67.1286,CLOSING,Tuesday
34877,2025-11-19T04:35:00+00:00,BULLISH,TIMEOUT,50.0,4,True,True,False,False,True,True,False,False,TRANSITION,0.064,CHOCH,False,True,False,LOWER_SWEEP,EQUAL_LOW,48.1667,1.8462243141824424,3,59.04,-7.5208,11.11,26.0893,,True,False,0.0,,0.4541,52.1,2.0,51.9589,103.9179,MID,Wednesday
34890,2025-11-19T05:40:00+00:00,BEARISH,LOSS,50.0,4,True,True,False,False,True,True,False,False,TRANSITION,0.058,CHOCH,False,True,False,UPPER_SWEEP,EQUAL_LOW,37.6333,2.3002255404719842,3,49.95,4.0572,2.22,16.3607,,False,True,0.0,,0.4541,51.9,2.0,44.2361,88.4721,MID,Wednesday
34906,2025-11-19T07:00:00+00:00,BULLISH,TIMEOUT,50.0,4,True,True,False,False,True,False,True,False,TRANSITION,0.121,CHOCH,False,True,False,LOWER_SWEEP,EQUAL_HIGH,7.3833,0.6283659574468086,3,97.18,18.4463,96.69,11.75,,True,True,0.0,,0.4541,41.6,2.0,33.025,66.05,MID,Wednesday
34918,2025-11-19T08:00:00+00:00,BEARISH,LOSS,62.5,5,True,True,False,False,True,True,True,False,TRANSITION,0.101,CHOCH,False,True,False,UPPER_SWEEP,EQUAL_HIGH,1.5875,0.11645307766228241,3,48.75,12.495,39.01,13.6321,,False,True,0.0,,0.5259,28.1,2.0,29.8132,59.6264,MID,Wednesday
34942,2025-11-20T03:45:00+00:00,BULLISH,TIMEOUT,75.0,6,True,True,True,False,True,True,True,False,BULLISH,0.151,BOS,False,True,True,LOWER_SWEEP,PDH,33.5,2.061995272798897,1,75.54,15.0382,69.18,16.2464,,True,True,0.0,,0.5965,63.4,2.0,60.1746,120.3493,OPENING,Thursday
34969,2025-11-20T06:00:00+00:00,BULLISH,TIMEOUT,75.0,6,True,True,True,False,True,True,True,False,BULLISH,0.172,CHOCH,False,False,True,LOWER_SWEEP,EQUAL_HIGH,13.8833,1.2795668202764978,2,76.32,17.486,50.51,10.85,,True,True,0.0,,0.5965,64.1,2.0,21.585,43.17,MID,Thursday
34981,2025-11-20T07:00:00+00:00,BULLISH,WIN,75.0,6,True,True,True,False,True,True,True,False,BULLISH,0.173,BOS,False,True,False,LOWER_SWEEP,EQUAL_HIGH,7.3625,0.6931760408232437,3,68.7,13.5038,33.93,10.6214,,True,True,0.0,,0.5965,53.9,2.0,30.3621,60.7243,MID,Thursday
34993,2025-11-20T08:00:00+00:00,BULLISH,WIN,62.5,5,True,True,True,False,True,False,True,False,BULLISH,0.191,BOS,True,True,False,LOWER_SWEEP,EQUAL_HIGH,8.25,0.7946369231658336,2,81.79,17.1338,92.77,10.3821,,True,True,0.0,,0.5259,53.7,2.0,28.1882,56.3764,MID,Thursday
35017,2025-11-21T03:45:00+00:00,BEARISH,WIN,62.5,5,True,True,False,False,True,True,True,False,TRANSITION,0.121,BOS,False,True,False,UPPER_SWEEP,EQUAL_HIGH,62.5375,2.0012,3,29.44,-2.8659,81.98,31.25,,False,True,0.0,,0.5259,58.2,2.0,69.625,139.25,OPENING,Friday
35037,2025-11-21T05:25:00+00:00,BULLISH,TIMEOUT,50.0,4,True,True,False,False,False,True,True,False,TRANSITION,0.092,CHOCH,False,False,True,LOWER_SWEEP,EQUAL_HIGH,12.95,0.7311963953993913,2,39.04,-25.8507,42.68,17.7107,,False,False,0.0,,0.4541,44.1,2.0,31.4711,62.9421,MID,Friday
35052,2025-11-21T06:40:00+00:00,BULLISH,WIN,50.0,4,True,True,False,False,True,True,False,False,TRANSITION,0.112,BOS,False,True,False,LOWER_SWEEP,EQUAL_HIGH,25.125,1.5905522777341672,2,65.16,-2.688,5.87,15.7964,,True,False,0.0,,0.4541,53.7,2.0,39.3796,78.7593,MID,Friday
35065,2025-11-21T07:45:00+00:00,BEARISH,TIMEOUT,50.0,4,True,True,False,False,True,True,False,False,TRANSITION,0.103,CHOCH,False,True,False,UPPER_SWEEP,EQUAL_LOW,40.61,2.431736526946108,3,52.68,10.0169,12.83,16.7,,False,True,0.0,,0.4541,53.4,2.0,56.37,112.74,MID,Friday
35083,2025-11-21T09:15:00+00:00,BEARISH,TIMEOUT,50.0,4,True,True,False,False,True,True,False,False,TRANSITION,0.096,CHOCH,False,True,False,UPPER_SWEEP,EQUAL_HIGH,50.475,3.2594587264379395,2,45.17,1.3163,13.52,15.4857,,False,True,0.0,,0.4541,53.2,2.0,56.6486,113.2971,CLOSING,Friday
35109,2025-11-24T05:10:00+00:00,BULLISH,LOSS,62.5,5,True,True,False,False,True,True,True,False,TRANSITION,0.108,CHOCH,True,False,False,LOWER_SWEEP,EQUAL_LOW,11.8083,0.7116477529545769,2,62.99,6.8968,25.08,16.5929,,True,False,0.0,,0.5259,48.2,2.0,15.6093,31.2186,MID,Monday
35123,2025-11-24T06:20:00+00:00,BEARISH,TIMEOUT,62.5,5,True,True,False,False,True,True,True,False,TRANSITION,0.065,BOS,False,True,False,UPPER_SWEEP,EQUAL_HIGH,52.6833,3.856559327120865,3,24.86,-2.8649,49.26,13.6607,,False,False,0.0,,0.5259,56.3,2.0,62.4661,124.9321,MID,Monday
35149,2025-11-24T08:30:00+00:00,BEARISH,WIN,62.5,5,True,True,False,False,True,True,True,False,TRANSITION,0.053,CHOCH,False,True,False,UPPER_SWEEP,PDL,37.85,2.367208070397078,3,39.58,-6.0039,53.8,15.9893,,False,False,0.0,,0.5259,55.9,2.0,40.8989,81.7979,MID,Monday
35161,2025-11-24T09:30:00+00:00,BEARISH,TIMEOUT,62.5,5,True,True,False,False,True,True,True,False,RANGE,0.005,BOS,False,False,True,UPPER_SWEEP,EQUAL_LOW,67.4,3.026302791921478,0,24.23,-18.7425,72.52,22.2714,,False,False,0.0,,0.5259,54.3,2.0,82.7771,165.5543,CLOSING,Monday
35213,2025-11-25T07:35:00+00:00,BULLISH,TIMEOUT,50.0,4,True,True,False,False,True,True,False,False,RANGE,0.039,CHOCH,True,False,True,LOWER_SWEEP,EQUAL_HIGH,30.45,1.803685560445679,1,55.03,3.3978,18.13,16.8821,,True,False,0.0,,0.4541,51.3,2.0,33.5882,67.1764,MID,Tuesday
35229,2025-11-25T08:55:00+00:00,BEARISH,WIN,62.5,5,True,True,False,False,True,True,True,False,RANGE,0.02,CHOCH,False,True,False,UPPER_SWEEP,EQUAL_LOW,47.325,2.627604701649575,2,43.32,4.1871,33.27,18.0107,,False,True,0.0,,0.5259,54.8,2.0,60.7511,121.5021,MID,Tuesday
35248,2025-11-26T04:15:00+00:00,BULLISH,WIN,62.5,5,True,True,False,False,True,True,True,False,TRANSITION,0.083,CHOCH,False,True,False,LOWER_SWEEP,EQUAL_LOW,61.05,1.999299180958681,3,73.15,11.541,40.32,30.5357,,True,False,0.0,,0.5259,56.9,2.0,72.6536,145.3071,OPENING,Wednesday
35260,2025-11-26T05:15:00+00:00,BULLISH,TIMEOUT,50.0,4,True,True,False,False,True,False,True,False,TRANSITION,0.129,BOS,False,True,False,LOWER_SWEEP,EQUAL_LOW,35.85,1.7861235389658918,3,84.45,35.6277,62.03,20.0714,,True,True,0.0,,0.4541,54.3,2.0,58.7571,117.5143,MID,Wednesday
35276,2025-11-26T06:35:00+00:00,BULLISH,WIN,50.0,4,True,True,False,False,True,False,True,False,TRANSITION,0.142,BOS,False,True,False,LOWER_SWEEP,EQUAL_HIGH,19.925,1.6540211183424094,3,80.88,27.4207,68.47,12.0464,,True,True,0.0,,0.4541,54.7,2.0,30.6546,61.3093,MID,Wednesday
35299,2025-11-26T08:30:00+00:00,BULLISH,LOSS,75.0,6,True,True,True,False,True,True,True,False,BULLISH,0.158,CHOCH,False,True,False,LOWER_SWEEP,EQUAL_HIGH,22.075,1.2076964318930332,2,65.69,14.874,23.01,18.2786,,True,True,0.0,,0.5965,63.6,2.0,40.5779,81.1557,MID,Wednesday
35311,2025-11-26T09:30:00+00:00,BULLISH,WIN,62.5,5,True,True,True,False,True,True,False,False,BULLISH,0.152,CHOCH,False,True,False,LOWER_SWEEP,EQUAL_HIGH,37.15,1.9327416317229755,2,58.0,8.3256,1.78,19.2214,,True,True,0.0,,0.5259,59.2,2.0,42.2721,84.5443,CLOSING,Wednesday
35342,2025-11-27T05:50:00+00:00,BEARISH,WIN,37.5,3,True,True,False,False,False,True,False,False,BULLISH,0.179,CHOCH,False,True,False,UPPER_SWEEP,EQUAL_HIGH,2.1667,0.15869074822757367,3,50.63,15.5988,16.62,13.6536,,True,True,0.0,,0.3843,23.8,2.0,22.2654,44.5307,MID,Thursday
35355,2025-11-27T06:55:00+00:00,BEARISH,LOSS,62.5,5,True,True,False,False,True,True,True,False,TRANSITION,0.132,BOS,True,True,False,UPPER_SWEEP,EQUAL_LOW,19.1,1.2083177812501977,2,21.61,-8.8713,65.76,15.8071,,False,True,0.0,,0.5259,58.6,2.0,22.2307,44.4614,MID,Thursday
35367,2025-11-27T07:55:00+00:00,BEARISH,TIMEOUT,62.5,5,True,True,False,False,True,True,True,False,TRANSITION,0.078,CHOCH,False,True,False,UPPER_SWEEP,EQUAL_LOW,68.0125,3.5148578811369506,3,24.46,-22.4989,59.16,19.35,,False,False,0.0,,0.5259,56.8,2.0,72.685,145.37,MID,Thursday
35402,2025-11-28T04:35:00+00:00,BULLISH,LOSS,50.0,4,True,True,False,False,True,True,False,False,TRANSITION,0.141,BOS,False,True,False,LOWER_SWEEP,EQUAL_HIGH,5.4875,0.189878892733564,1,62.62,13.3629,17.27,28.9,,True,True,0.0,,0.4541,27.7,2.0,17.34,34.68,MID,Friday
35435,2025-11-28T07:20:00+00:00,BEARISH,TIMEOUT,62.5,5,True,True,False,False,True,True,True,False,TRANSITION,0.101,BOS,True,True,False,UPPER_SWEEP,EQUAL_LOW,21.325,1.5294522660278709,3,36.0,-6.421,47.94,13.9429,,False,False,0.0,,0.5259,57.5,2.0,24.5443,49.0886,MID,Friday
35467,2025-12-01T03:45:00+00:00,BULLISH,TIMEOUT,50.0,4,True,True,False,False,True,False,True,False,TRANSITION,0.14,CHOCH,True,True,True,LOWER_SWEEP,PDH,88.85,4.410217210022634,2,82.14,1.6515,72.26,20.1464,,True,False,0.0,,0.4541,54.7,2.0,95.4146,190.8293,OPENING,Monday
35484,2025-12-01T05:10:00+00:00,BEARISH,WIN,62.5,5,True,True,False,False,True,True,True,False,TRANSITION,0.117,CHOCH,False,True,False,UPPER_SWEEP,EQUAL_LOW,23.4333,1.3459137197240778,2,34.03,9.9424,37.51,17.4107,,False,True,0.0,,0.5259,58.1,2.0,32.6911,65.3821,MID,Monday
35497,2025-12-01T06:15:00+00:00,BEARISH,TIMEOUT,62.5,5,True,True,False,False,True,True,True,False,TRANSITION,0.069,BOS,False,True,False,UPPER_SWEEP,EQUAL_HIGH,65.7,3.6814147391070473,3,28.9,-8.1911,60.17,17.8464,,False,False,0.0,,0.5259,56.5,2.0,73.0346,146.0693,MID,Monday
35515,2025-12-01T07:45:00+00:00,BULLISH,LOSS,50.0,4,True,True,False,False,True,True,False,False,TRANSITION,0.073,CHOCH,False,True,False,LOWER_SWEEP,EQUAL_HIGH,25.9417,1.490902298850575,3,58.53,-12.6723,7.3,17.4,,True,False,0.0,,0.4541,52.4,2.0,29.19,58.38,MID,Monday
35532,2025-12-01T09:10:00+00:00,BEARISH,WIN,50.0,4,True,True,False,False,True,True,False,False,TRANSITION,0.059,CHOCH,False,True,False,UPPER_SWEEP,EQUAL_LOW,36.3286,2.067896561341993,3,52.5,-1.2918,13.32,17.5679,,False,False,0.0,,0.4541,52.0,2.0,41.7068,83.4136,CLOSING,Monday
35548,2025-12-02T04:15:00+00:00,BEARISH,TIMEOUT,62.5,5,True,True,False,False,True,True,True,False,RANGE,-0.013,BOS,False,True,False,UPPER_SWEEP,PDL,9.05,0.3533679282487398,3,28.89,-25.1591,59.02,25.6107,,False,False,0.0,,0.5259,33.0,2.0,64.9611,129.9221,OPENING,Tuesday
35568,2025-12-02T05:55:00+00:00,BEARISH,TIMEOUT,50.0,4,True,True,False,False,True,True,False,False,RANGE,-0.006,CHOCH,True,False,True,UPPER_SWEEP,EQUAL_LOW,23.55,1.6744523367675606,3,53.16,-12.993,10.49,14.0643,,False,False,0.0,,0.4541,50.2,2.0,30.1064,60.2129,MID,Tuesday
35589,2025-12-02T07:40:00+00:00,BEARISH,LOSS,50.0,4,True,True,False,False,True,True,False,False,RANGE,-0.018,BOS,True,False,True,UPPER_SWEEP,EQUAL_LOW,8.85,0.688142947117964,1,40.37,-10.9512,3.33,12.8607,,False,False,0.0,,0.4541,40.2,2.0,18.1361,36.2721,MID,Tuesday
35607,2025-12-02T09:10:00+00:00,BEARISH,LOSS,62.5,5,True,True,False,False,True,True,True,False,RANGE,-0.031,CHOCH,False,True,False,UPPER_SWEEP,EQUAL_LOW,12.34,0.7472311875162738,3,35.61,-9.1041,41.6,16.5143,,False,False,0.0,,0.5259,46.8,2.0,37.5014,75.0029,CLOSING,Tuesday
35620,2025-12-03T04:00:00+00:00,BEARISH,TIMEOUT,62.5,5,True,True,False,False,True,True,True,False,TRANSITION,-0.08,CHOCH,False,True,False,UPPER_SWEEP,PDL,68.6,2.9258223010782034,3,29.22,-15.7743,39.72,23.4464,,False,False,0.0,,0.5259,56.8,2.0,135.2446,270.4893,OPENING,Wednesday
35645,2025-12-03T06:05:00+00:00,BULLISH,TIMEOUT,50.0,4,True,True,False,False,True,True,False,False,TRANSITION,-0.059,CHOCH,False,True,False,LOWER_SWEEP,EQUAL_LOW,5.2,0.31950844854070665,3,57.31,-14.2359,13.23,16.275,,True,False,0.0,,0.4541,29.3,2.0,53.9275,107.855,MID,Wednesday
35658,2025-12-03T07:10:00+00:00,BEARISH,TIMEOUT,50.0,4,True,True,False,False,True,True,False,False,TRANSITION,-0.066,CHOCH,False,True,False,UPPER_SWEEP,EQUAL_HIGH,16.8,1.106303957012189,3,51.01,-0.7338,9.92,15.1857,,False,False,0.0,,0.4541,52.2,2.0,41.3686,82.7371,MID,Wednesday
35671,2025-12-03T08:15:00+00:00,BEARISH,LOSS,62.5,5,True,True,False,False,True,True,True,False,TRANSITION,-0.071,CHOCH,False,True,False,UPPER_SWEEP,EQUAL_LOW,32.075,2.3702899032670466,2,40.26,-2.4452,33.83,13.5321,,False,False,0.0,,0.5259,56.5,2.0,44.7532,89.5064,MID,Wednesday
35684,2025-12-03T09:20:00+00:00,BULLISH,WIN,50.0,4,True,True,False,False,True,True,False,False,RANGE,-0.031,BOS,False,True,False,LOWER_SWEEP,EQUAL_HIGH,30.75,1.589442997146756,3,61.7,3.2849,16.14,19.3464,,True,False,0.0,,0.4541,51.0,2.0,41.1346,82.2693,CLOSING,Wednesday
35696,2025-12-04T04:05:00+00:00,BULLISH,WIN,62.5,5,True,True,False,False,True,True,True,False,RANGE,0.005,CHOCH,False,True,False,LOWER_SWEEP,EQUAL_HIGH,54.225,2.388766519823789,3,71.89,16.1476,30.3,22.7,,True,True,0.0,,0.5259,54.3,2.0,69.82,139.64,OPENING,Thursday
35708,2025-12-04T05:05:00+00:00,BULLISH,LOSS,50.0,4,True,True,False,False,True,False,True,False,TRANSITION,0.055,BOS,False,True,False,LOWER_SWEEP,EQUAL_LOW,27.45,1.4953342303522887,3,87.72,30.1069,91.13,18.3571,,True,True,0.0,,0.4541,51.8,2.0,45.3357,90.6714,MID,Thursday
35723,2025-12-04T06:20:00+00:00,BEARISH,TIMEOUT,50.0,4,True,True,False,False,True,False,True,False,RANGE,0.0,CHOCH,False,False,True,UPPER_SWEEP,EQUAL_LOW,35.4625,2.4767947813576012,3,12.78,3.7186,96.56,14.3179,,False,True,0.0,,0.4541,50.0,2.0,48.0318,96.0636,MID,Thursday
35735,2025-12-04T07:20:00+00:00,BEARISH,TIMEOUT,62.5,5,True,True,False,False,True,True,True,False,RANGE,-0.016,BOS,False,True,False,UPPER_SWEEP,EQUAL_HIGH,30.575,2.199640287769784,3,29.65,-9.749,48.04,13.9,,False,True,0.0,,0.5259,54.7,2.0,39.24,78.48,MID,Thursday
35760,2025-12-04T09:25:00+00:00,BULLISH,LOSS,62.5,5,True,True,False,False,True,True,True,False,RANGE,0.021,CHOCH,False,True,False,LOWER_SWEEP,EQUAL_LOW,53.35,2.9959959791319197,2,76.52,2.8871,52.13,17.8071,,True,False,0.0,,0.5259,54.9,2.0,55.8807,111.7614,CLOSING,Thursday
35776,2025-12-05T04:30:00+00:00,BULLISH,TIMEOUT,50.0,4,True,True,False,False,True,True,False,False,RANGE,0.048,CHOCH,True,False,True,LOWER_SWEEP,EQUAL_LOW,66.9,2.2642352367801157,0,58.8,10.6145,6.88,29.5464,,True,True,0.0,,0.4541,51.6,2.0,81.4546,162.9093,MID,Friday
35805,2025-12-05T06:55:00+00:00,BULLISH,TIMEOUT,50.0,4,True,True,False,False,True,True,False,False,TRANSITION,0.093,CHOCH,False,True,False,LOWER_SWEEP,EQUAL_HIGH,24.825,1.5964630225080385,2,62.76,18.6965,17.44,15.55,,True,True,0.0,,0.4541,53.1,2.0,40.605,81.21,MID,Friday
35822,2025-12-05T08:20:00+00:00,BEARISH,WIN,50.0,4,True,True,False,False,True,True,False,False,TRANSITION,0.089,BOS,False,True,False,UPPER_SWEEP,EQUAL_LOW,22.275,1.5862108253993121,3,37.67,13.6834,11.35,14.0429,,False,True,0.0,,0.4541,53.0,2.0,28.6543,57.3086,MID,Friday
35834,2025-12-05T09:20:00+00:00,BEARISH,LOSS,62.5,5,True,True,False,False,True,True,True,False,TRANSITION,0.067,BOS,True,False,False,UPPER_SWEEP,EQUAL_HIGH,4.775,0.25795891025190837,2,27.5,-3.6966,57.74,18.5107,,False,True,0.0,,0.5259,31.7,2.0,11.9011,23.8021,CLOSING,Friday
35846,2025-12-08T04:05:00+00:00,BEARISH,TIMEOUT,62.5,5,True,True,False,False,True,True,True,False,RANGE,0.037,CHOCH,False,True,False,UPPER_SWEEP,EQUAL_LOW,53.95,2.347479125058198,3,41.12,-5.9697,27.79,22.9821,,False,True,0.0,,0.5259,55.4,2.0,60.9982,121.9964,OPENING,Monday
35863,2025-12-08T05:30:00+00:00,BEARISH,TIMEOUT,62.5,5,True,True,False,False,True,True,True,False,RANGE,-0.002,BOS,False,True,False,UPPER_SWEEP,EQUAL_HIGH,39.1125,2.140218878248974,3,42.58,-19.0955,25.73,18.275,,False,False,0.0,,0.5259,54.2,2.0,42.1775,84.355,MID,Monday
35878,2025-12-08T06:45:00+00:00,BEARISH,WIN,62.5,5,True,True,False,False,True,True,True,False,RANGE,-0.013,BOS,True,False,True,UPPER_SWEEP,EQUAL_LOW,12.25,0.8062976785208881,3,39.02,-16.5254,37.67,15.1929,,False,False,0.0,,0.5259,48.1,2.0,19.3193,38.6386,MID,Monday
35890,2025-12-08T07:45:00+00:00,BEARISH,WIN,62.5,5,True,True,False,False,True,True,True,False,RANGE,-0.035,BOS,False,False,True,UPPER_SWEEP,EQUAL_LOW,33.27,1.9187625798042598,1,31.14,-16.959,30.36,17.3393,,False,False,0.0,,0.5259,55.3,2.0,38.3339,76.6679,MID,Monday
35908,2025-12-08T09:15:00+00:00,BULLISH,LOSS,37.5,3,True,True,False,False,False,True,False,False,TRANSITION,-0.066,BOS,False,True,False,LOWER_SWEEP,EQUAL_HIGH,38.3167,1.959933503836317,2,62.02,-24.1086,9.01,19.55,,False,False,0.0,,0.3843,48.0,2.0,43.205,86.41,CLOSING,Monday
35954,2025-12-09T06:50:00+00:00,BULLISH,LOSS,62.5,5,True,True,False,False,True,True,True,False,RANGE,-0.044,CHOCH,False,False,True,LOWER_SWEEP,PDL,19.15,0.8521943448116271,3,65.16,14.849,37.47,22.4714,,True,False,0.0,,0.5259,50.7,2.0,50.6971,101.3943,MID,Tuesday
35978,2025-12-09T08:50:00+00:00,BEARISH,TIMEOUT,62.5,5,True,True,False,False,True,True,True,False,TRANSITION,-0.108,CHOCH,False,True,False,UPPER_SWEEP,EQUAL_LOW,45.525,2.1383981624571966,2,31.67,-1.7521,53.03,21.2893,,False,False,0.0,,0.5259,57.8,2.0,73.2289,146.4579,MID,Tuesday
35995,2025-12-10T04:00:00+00:00,BULLISH,TIMEOUT,62.5,5,True,True,False,False,True,True,True,False,RANGE,-0.041,BOS,False,True,False,LOWER_SWEEP,EQUAL_LOW,66.9,2.7591724957107036,3,73.16,3.3518,60.63,24.2464,,True,False,0.0,,0.5259,55.5,2.0,71.7246,143.4493,OPENING,Wednesday
36011,2025-12-10T05:20:00+00:00,BEARISH,TIMEOUT,62.5,5,True,True,False,False,True,True,True,False,TRANSITION,-0.071,CHOCH,False,True,False,UPPER_SWEEP,EQUAL_LOW,67.45,3.1450499850790807,3,37.67,9.3,29.46,21.4464,,False,True,0.0,,0.5259,56.5,2.0,81.5446,163.0893,MID,Wednesday
36031,2025-12-10T07:00:00+00:00,BEARISH,TIMEOUT,50.0,4,True,True,False,False,True,False,True,False,TRANSITION,-0.108,BOS,False,True,False,UPPER_SWEEP,EQUAL_LOW,32.775,1.9546275920061544,2,14.74,-17.0214,55.35,16.7679,,False,False,0.0,,0.4541,53.6,2.0,49.3268,98.6536,MID,Wednesday
36049,2025-12-10T08:30:00+00:00,BEARISH,TIMEOUT,50.0,4,True,True,False,False,True,True,False,False,TRANSITION,-0.121,CHOCH,False,True,False,UPPER_SWEEP,EQUAL_LOW,55.975,3.149723713382176,3,39.73,-9.3039,11.21,17.7714,,False,False,0.0,,0.4541,54.0,2.0,67.0771,134.1543,MID,Wednesday
36070,2025-12-11T04:00:00+00:00,BULLISH,LOSS,62.5,5,True,True,False,False,True,True,True,False,TRANSITION,-0.086,CHOCH,True,False,False,LOWER_SWEEP,EQUAL_HIGH,55.65,2.201162087010177,3,59.0,-5.005,48.59,25.2821,,True,False,0.0,,0.5259,57.0,2.0,63.8782,127.7564,OPENING,Thursday
36083,2025-12-11T05:05:00+00:00,BULLISH,LOSS,50.0,4,True,True,False,False,True,True,False,False,TRANSITION,-0.053,CHOCH,True,True,False,LOWER_SWEEP,EQUAL_LOW,30.15,0.9191064395371239,3,56.1,12.6596,7.94,32.8036,,True,False,0.0,,0.4541,49.1,2.0,44.8804,89.7607,MID,Thursday
36100,2025-12-11T06:30:00+00:00,BULLISH,TIMEOUT,50.0,4,True,True,False,False,True,True,False,False,RANGE,-0.015,CHOCH,False,True,False,LOWER_SWEEP,EQUAL_HIGH,58.675,2.6897493845780063,3,67.31,18.6469,17.24,21.8143,,True,True,0.0,,0.4541,50.5,2.0,64.4314,128.8629,MID,Thursday
36113,2025-12-11T07:35:00+00:00,BEARISH,LOSS,50.0,4,True,True,False,False,True,True,False,False,RANGE,-0.041,CHOCH,False,True,False,UPPER_SWEEP,EQUAL_HIGH,42.7,2.093506697260301,3,51.11,16.7289,6.76,20.3964,,False,True,0.0,,0.4541,51.4,2.0,49.5896,99.1793,MID,Thursday
36129,2025-12-11T08:55:00+00:00,BULLISH,LOSS,62.5,5,True,True,False,False,True,True,True,False,RANGE,0.003,CHOCH,False,True,False,LOWER_SWEEP,EQUAL_LOW,44.35,2.3563603132604376,3,69.23,9.4802,43.35,18.8214,,True,True,0.0,,0.5259,54.3,2.0,57.7821,115.5643,MID,Thursday
36142,2025-12-12T03:45:00+00:00,BULLISH,TIMEOUT,62.5,5,True,True,False,False,True,True,True,False,TRANSITION,0.061,CHOCH,True,True,True,LOWER_SWEEP,EQUAL_HIGH,52.65,2.1235918347591447,1,71.84,15.7693,39.13,24.7929,,True,True,0.0,,0.5259,56.2,2.0,113.9793,227.9586,OPENING,Friday
36200,2025-12-12T08:35:00+00:00,BULLISH,LOSS,62.5,5,True,True,False,False,True,True,True,False,TRANSITION,0.067,CHOCH,False,True,False,LOWER_SWEEP,EQUAL_HIGH,16.275,1.35383565974013,3,66.81,8.3571,28.17,12.0214,,True,True,0.0,,0.5259,56.4,2.0,33.8521,67.7043,MID,Friday
36217,2025-12-15T03:45:00+00:00,BEARISH,TIMEOUT,62.5,5,True,True,False,False,True,True,True,False,RANGE,-0.012,CHOCH,False,True,True,UPPER_SWEEP,EQUAL_LOW,47.64,2.370149253731343,3,25.38,-1.0434,64.19,20.1,,False,True,0.0,,0.5259,54.6,2.0,103.21,206.42,OPENING,Monday
36236,2025-12-15T05:20:00+00:00,BULLISH,TIMEOUT,50.0,4,True,True,False,False,True,True,False,False,RANGE,0.018,CHOCH,False,True,False,LOWER_SWEEP,EQUAL_HIGH,35.425,1.8378728923476004,2,79.68,-4.9784,12.42,19.275,,True,False,0.0,,0.4541,50.6,2.0,47.3275,94.655,MID,Monday
36248,2025-12-15T06:20:00+00:00,BULLISH,TIMEOUT,62.5,5,True,True,False,False,True,True,True,False,RANGE,0.028,CHOCH,False,True,False,LOWER_SWEEP,EQUAL_LOW,45.31,2.878122836326217,3,65.45,2.3523,43.74,15.7429,,True,False,0.0,,0.5259,55.1,2.0,47.5743,95.1486,MID,Monday
36264,2025-12-15T07:40:00+00:00,BULLISH,LOSS,62.5,5,True,True,False,False,True,True,True,False,RANGE,0.048,CHOCH,False,True,False,LOWER_SWEEP,EQUAL_HIGH,27.9833,2.317457556935818,3,68.35,11.2184,36.74,12.075,,True,True,0.0,,0.5259,55.8,2.0,36.6075,73.215,MID,Monday
36282,2025-12-15T09:10:00+00:00,BULLISH,LOSS,50.0,4,True,True,False,False,True,True,False,False,RANGE,0.04,CHOCH,True,False,True,LOWER_SWEEP,EQUAL_HIGH,17.6833,1.2576400890425083,1,52.07,1.9066,8.11,14.0607,,True,True,0.0,,0.4541,51.3,2.0,28.5561,57.1121,CLOSING,Monday
36295,2025-12-16T04:00:00+00:00,BEARISH,TIMEOUT,62.5,5,True,True,False,False,True,True,True,False,RANGE,-0.045,CHOCH,False,True,False,UPPER_SWEEP,EQUAL_HIGH,59.75,3.0351981387504634,3,22.09,-20.7214,54.45,19.6857,,False,False,0.0,,0.5259,55.7,2.0,66.0186,132.0371,OPENING,Tuesday
36319,2025-12-16T06:00:00+00:00,BEARISH,LOSS,62.5,5,True,True,False,False,True,True,True,False,TRANSITION,-0.055,CHOCH,False,False,True,UPPER_SWEEP,EQUAL_HIGH,15.325,1.1378908367302993,2,32.71,-15.9362,23.69,13.4679,,False,False,0.0,,0.5259,56.0,2.0,22.2468,44.4936,MID,Tuesday
36344,2025-12-16T08:05:00+00:00,BULLISH,LOSS,50.0,4,True,True,False,False,True,True,False,False,RANGE,-0.034,CHOCH,False,True,False,LOWER_SWEEP,EQUAL_LOW,24.9,1.55625,2,50.9,-2.4412,7.17,16.0,,True,False,0.0,,0.4541,51.1,2.0,27.05,54.1,MID,Tuesday
36356,2025-12-16T09:05:00+00:00,BEARISH,LOSS,50.0,4,True,True,False,False,True,True,False,False,TRANSITION,-0.065,CHOCH,True,False,False,UPPER_SWEEP,EQUAL_LOW,6.05,0.31533902854730345,2,42.21,-9.003,7.04,19.1857,,False,False,0.0,,0.4541,29.3,2.0,14.2186,28.4371,CLOSING,Tuesday
36368,2025-12-17T03:50:00+00:00,BULLISH,LOSS,62.5,5,True,True,False,False,True,True,True,False,RANGE,-0.015,CHOCH,True,True,True,LOWER_SWEEP,EQUAL_HIGH,76.8875,3.1795212161061284,3,63.71,-3.7698,38.86,24.1821,,True,False,0.0,,0.5259,54.7,2.0,87.7682,175.5364,OPENING,Wednesday
36382,2025-12-17T05:00:00+00:00,BEARISH,TIMEOUT,62.5,5,True,True,False,False,True,True,True,False,TRANSITION,-0.08,BOS,True,False,False,UPPER_SWEEP,EQUAL_LOW,22.6,0.9982640806031989,3,23.2,-14.6196,61.93,22.6393,,False,False,0.0,,0.5259,56.8,2.0,32.1639,64.3279,MID,Wednesday
36400,2025-12-17T06:30:00+00:00,BEARISH,TIMEOUT,50.0,4,True,True,False,False,True,True,False,False,TRANSITION,-0.088,CHOCH,False,True,False,UPPER_SWEEP,EQUAL_LOW,45.4333,2.615935144721009,2,42.14,-9.5486,11.51,17.3679,,False,False,0.0,,0.4541,52.9,2.0,55.4368,110.8736,MID,Wednesday
36431,2025-12-17T09:05:00+00:00,BEARISH,LOSS,50.0,4,True,True,False,False,True,True,False,False,TRANSITION,-0.094,CHOCH,False,False,True,UPPER_SWEEP,EQUAL_LOW,49.65,2.7083640172157035,3,39.28,-3.1331,14.51,18.3321,,False,False,0.0,,0.4541,53.1,2.0,58.3332,116.6664,CLOSING,Wednesday
36443,2025-12-18T03:50:00+00:00,BEARISH,WIN,50.0,4,True,True,False,False,True,True,False,False,TRANSITION,-0.072,CHOCH,False,True,False,UPPER_SWEEP,EQUAL_LOW,29.05,1.2896781354051055,2,51.27,0.7511,7.12,22.525,,False,False,0.0,,0.4541,52.4,2.0,41.4525,82.905,OPENING,Thursday
36457,2025-12-18T05:00:00+00:00,BULLISH,TIMEOUT,62.5,5,True,True,False,False,True,True,True,False,RANGE,-0.027,CHOCH,False,False,True,LOWER_SWEEP,EQUAL_HIGH,65.6167,2.7405493904247185,3,64.75,6.9167,34.42,23.9429,,True,False,0.0,,0.5259,55.1,2.0,72.1443,144.2886,MID,Thursday
36474,2025-12-18T06:25:00+00:00,BULLISH,WIN,50.0,4,True,True,False,False,True,True,False,False,RANGE,-0.021,CHOCH,True,True,False,LOWER_SWEEP,EQUAL_HIGH,11.425,0.7916380845476404,2,59.07,15.0779,14.72,14.4321,,True,True,0.0,,0.4541,43.8,2.0,26.2432,52.4864,MID,Thursday
36491,2025-12-18T07:50:00+00:00,BEARISH,WIN,50.0,4,True,True,False,False,True,True,False,False,RANGE,-0.02,CHOCH,True,True,False,UPPER_SWEEP,EQUAL_LOW,9.95,0.7628671537771508,3,44.71,9.3008,7.57,13.0429,,False,True,0.0,,0.4541,42.8,2.0,17.5543,35.1086,MID,Thursday
36503,2025-12-18T08:50:00+00:00,BEARISH,LOSS,50.0,4,True,True,False,False,True,False,True,False,TRANSITION,-0.083,BOS,False,False,True,UPPER_SWEEP,EQUAL_LOW,47.95,2.71067820659947,3,17.47,-15.355,73.46,17.6893,,False,False,0.0,,0.4541,52.8,2.0,51.4189,102.8379,MID,Thursday
36517,2025-12-19T03:45:00+00:00,BULLISH,TIMEOUT,50.0,4,True,True,False,False,True,False,True,False,RANGE,0.026,CHOCH,True,True,True,LOWER_SWEEP,EQUAL_HIGH,108.2625,3.9003534230881467,1,82.73,1.2859,71.73,27.7571,,True,False,0.0,,0.4541,50.9,2.0,121.1757,242.3514,OPENING,Friday
36544,2025-12-19T06:00:00+00:00,BEARISH,TIMEOUT,50.0,4,True,True,False,False,True,True,False,False,RANGE,0.016,CHOCH,False,True,False,UPPER_SWEEP,EQUAL_LOW,24.1167,1.753036613821227,2,40.61,10.501,12.31,13.7571,,False,True,0.0,,0.4541,50.5,2.0,32.0257,64.0514,MID,Friday
36557,2025-12-19T07:05:00+00:00,BULLISH,LOSS,50.0,4,True,True,False,False,True,True,False,False,RANGE,0.035,CHOCH,False,True,False,LOWER_SWEEP,EQUAL_LOW,5.05,0.31022323787057854,2,61.66,4.4809,11.32,16.2786,,True,True,0.0,,0.4541,28.2,2.0,31.7279,63.4557,MID,Friday
36569,2025-12-19T08:05:00+00:00,BULLISH,WIN,50.0,4,True,True,False,False,True,True,False,False,RANGE,0.039,CHOCH,False,True,False,LOWER_SWEEP,EQUAL_HIGH,13.77,0.9487195386618713,2,66.39,6.8822,18.93,14.5143,,True,True,0.0,,0.4541,49.6,2.0,22.7014,45.4029,MID,Friday
36585,2025-12-19T09:25:00+00:00,BEARISH,LOSS,62.5,5,True,True,False,False,True,True,True,False,RANGE,0.027,CHOCH,False,True,False,UPPER_SWEEP,EQUAL_HIGH,20.93,1.5703074591479975,2,40.0,4.8113,21.86,13.3286,,False,True,0.0,,0.5259,55.1,2.0,25.6329,51.2657,CLOSING,Friday
36601,2025-12-22T04:30:00+00:00,BULLISH,TIMEOUT,50.0,4,True,True,False,False,True,False,True,False,TRANSITION,0.139,BOS,False,True,False,LOWER_SWEEP,EQUAL_HIGH,25.025,0.997011952191235,2,86.03,45.072,79.46,25.1,,True,True,0.0,,0.4541,54.5,2.0,29.46,58.92,MID,Monday
36623,2025-12-22T06:20:00+00:00,BULLISH,LOSS,62.5,5,True,True,False,False,True,True,True,False,TRANSITION,0.128,CHOCH,False,True,False,LOWER_SWEEP,EQUAL_HIGH,11.19,1.170857268418244,2,62.64,15.6682,35.86,9.5571,,True,True,0.0,,0.5259,58.4,2.0,13.3057,26.6114,MID,Monday
36650,2025-12-22T08:35:00+00:00,BEARISH,LOSS,50.0,4,True,True,False,False,True,True,False,False,TRANSITION,0.101,CHOCH,False,False,True,UPPER_SWEEP,EQUAL_LOW,19.1333,2.081312752232701,1,43.75,3.4395,5.47,9.1929,,False,True,0.0,,0.4541,53.4,2.0,22.5193,45.0386,MID,Monday
36692,2025-12-23T05:50:00+00:00,BULLISH,LOSS,50.0,4,True,True,False,False,True,True,False,False,TRANSITION,0.12,CHOCH,True,False,False,LOWER_SWEEP,EQUAL_HIGH,6.6,0.6011695480298034,3,57.49,8.7145,0.39,10.9786,,True,True,0.0,,0.4541,40.7,2.0,19.4979,38.9957,MID,Tuesday
36724,2025-12-23T08:30:00+00:00,BULLISH,WIN,62.5,5,True,True,False,False,True,True,True,False,TRANSITION,0.11,CHOCH,True,False,True,LOWER_SWEEP,EQUAL_HIGH,17.4857,1.5757993583504561,2,62.53,4.142,23.32,11.0964,,True,True,0.0,,0.5259,57.8,2.0,19.5596,39.1193,MID,Tuesday
36763,2025-12-24T05:30:00+00:00,BEARISH,WIN,50.0,4,True,True,False,False,True,True,False,False,TRANSITION,0.096,CHOCH,False,False,True,UPPER_SWEEP,EQUAL_LOW,20.725,1.5692317011304526,3,38.47,3.2986,7.89,13.2071,,False,True,0.0,,0.4541,53.2,2.0,23.0707,46.1414,MID,Wednesday
36792,2025-12-24T07:55:00+00:00,BEARISH,WIN,62.5,5,True,True,False,False,True,True,True,False,TRANSITION,0.068,BOS,True,False,False,UPPER_SWEEP,EQUAL_LOW,6.1125,0.5626225343556418,3,26.57,-7.4622,55.32,10.8643,,False,False,0.0,,0.5259,41.9,2.0,14.5864,29.1729,MID,Wednesday
36804,2025-12-24T08:55:00+00:00,BEARISH,TIMEOUT,62.5,5,True,True,False,False,True,True,True,False,RANGE,0.047,BOS,False,True,False,UPPER_SWEEP,EQUAL_HIGH,26.575,1.8546822439038009,3,24.95,-12.0026,56.24,14.3286,,False,False,0.0,,0.5259,55.7,2.0,31.4829,62.9657,MID,Wednesday
36821,2025-12-26T04:05:00+00:00,BEARISH,TIMEOUT,62.5,5,True,True,False,False,True,True,True,False,RANGE,0.015,BOS,False,True,False,UPPER_SWEEP,EQUAL_LOW,21.675,1.0281233842928361,2,30.5,-13.2622,54.52,21.0821,,False,False,0.0,,0.5259,54.7,2.0,47.2582,94.5164,OPENING,Friday
36840,2025-12-26T05:40:00+00:00,BEARISH,WIN,62.5,5,True,True,False,False,True,True,True,False,RANGE,0.005,CHOCH,False,True,False,UPPER_SWEEP,EQUAL_LOW,20.05,1.8788537586446015,3,28.45,-12.4949,44.7,10.6714,,False,False,0.0,,0.5259,54.3,2.0,23.3171,46.6343,MID,Friday
36856,2025-12-26T07:00:00+00:00,BEARISH,TIMEOUT,62.5,5,True,True,False,False,True,True,True,False,RANGE,-0.008,CHOCH,False,False,True,UPPER_SWEEP,EQUAL_LOW,17.875,1.71875,3,35.73,-10.8899,35.42,10.4,,False,False,0.0,,0.5259,54.4,2.0,22.24,44.48,MID,Friday
36875,2025-12-26T08:35:00+00:00,BEARISH,WIN,50.0,4,True,True,False,False,True,True,False,False,RANGE,-0.006,CHOCH,True,False,True,UPPER_SWEEP,EQUAL_LOW,4.425,0.49050036579688294,1,52.66,-4.3526,0.88,9.0214,,False,False,0.0,,0.4541,33.2,2.0,13.8021,27.6043,MID,Friday
36908,2025-12-29T05:05:00+00:00,BEARISH,WIN,62.5,5,True,True,False,False,True,True,True,False,RANGE,-0.015,CHOCH,False,True,False,UPPER_SWEEP,EQUAL_LOW,3.3167,0.22828765331828255,2,35.87,-5.7373,45.26,14.5286,,False,False,0.0,,0.5259,28.9,2.0,20.8529,41.7057,MID,Monday
36931,2025-12-29T07:00:00+00:00,BEARISH,TIMEOUT,50.0,4,True,True,False,False,True,True,False,False,RANGE,-0.047,CHOCH,False,False,True,UPPER_SWEEP,EQUAL_LOW,15.1,1.3073593073593073,3,43.4,-13.1193,15.72,11.55,,False,False,0.0,,0.4541,51.6,2.0,23.955,47.91,MID,Monday
36952,2025-12-29T08:45:00+00:00,BEARISH,LOSS,62.5,5,True,True,False,False,True,True,True,False,TRANSITION,-0.062,BOS,False,True,False,UPPER_SWEEP,EQUAL_LOW,26.425,1.9589600646438288,1,31.58,-9.3806,54.45,13.4893,,False,False,0.0,,0.5259,56.2,2.0,35.0989,70.1979,MID,Monday
36968,2025-12-30T03:50:00+00:00,BEARISH,LOSS,62.5,5,True,True,False,False,True,True,True,False,TRANSITION,-0.083,BOS,False,True,False,UPPER_SWEEP,PDL,35.85,1.9363410985022391,1,22.48,-10.2853,69.49,18.5143,,False,False,0.0,,0.5259,56.9,2.0,73.2014,146.4029,OPENING,Tuesday
36980,2025-12-30T04:50:00+00:00,BULLISH,LOSS,50.0,4,True,True,False,False,True,True,False,False,RANGE,-0.021,BOS,False,True,False,LOWER_SWEEP,EQUAL_LOW,36.425,1.4954571767574958,3,54.07,1.448,9.52,24.3571,,True,False,0.0,,0.4541,50.7,2.0,49.0357,98.0714,MID,Tuesday
36995,2025-12-30T06:05:00+00:00,BEARISH,TIMEOUT,50.0,4,True,True,False,False,True,False,True,False,TRANSITION,-0.067,CHOCH,False,True,False,UPPER_SWEEP,EQUAL_LOW,19.725,1.4898823955949334,3,14.13,-8.8836,83.86,13.2393,,False,False,0.0,,0.4541,52.2,2.0,31.8239,63.6479,MID,Tuesday
37009,2025-12-30T07:15:00+00:00,BULLISH,LOSS,50.0,4,True,True,False,False,True,True,False,False,TRANSITION,-0.051,CHOCH,False,False,True,LOWER_SWEEP,EQUAL_HIGH,26.925,2.0034525607732547,3,57.04,-7.9392,14.72,13.4393,,True,False,0.0,,0.4541,51.7,2.0,28.4939,56.9879,MID,Tuesday
37021,2025-12-30T08:15:00+00:00,BULLISH,TIMEOUT,62.5,5,True,True,False,False,True,True,True,False,RANGE,-0.018,BOS,False,True,False,LOWER_SWEEP,EQUAL_HIGH,51.2167,3.360036475998662,3,73.03,4.4401,61.98,15.2429,,True,False,0.0,,0.5259,54.8,2.0,57.7243,115.4486,MID,Tuesday
37042,2025-12-31T03:45:00+00:00,BULLISH,TIMEOUT,62.5,5,True,True,False,False,True,True,True,False,RANGE,0.025,BOS,False,True,False,LOWER_SWEEP,EQUAL_LOW,66.5,2.8823565106582176,2,74.67,13.6387,46.69,23.0714,,True,True,0.0,,0.5259,55.0,2.0,79.3571,158.7143,OPENING,Wednesday
37054,2025-12-31T04:45:00+00:00,BULLISH,WIN,62.5,5,True,True,False,False,True,True,True,False,RANGE,0.018,CHOCH,False,True,False,LOWER_SWEEP,EQUAL_LOW,31.35,1.3062500000000001,2,66.15,15.3969,24.3,24.0,,True,True,0.0,,0.5259,54.8,2.0,38.1,76.2,MID,Wednesday
37071,2025-12-31T06:10:00+00:00,BULLISH,WIN,62.5,5,True,True,False,False,True,True,True,False,TRANSITION,0.055,BOS,False,True,False,LOWER_SWEEP,EQUAL_HIGH,16.3167,1.280102617209565,2,68.61,20.712,61.15,12.7464,,True,True,0.0,,0.5259,56.0,2.0,29.4746,58.9493,MID,Wednesday
37083,2025-12-31T07:10:00+00:00,BULLISH,WIN,50.0,4,True,True,False,False,True,False,True,False,TRANSITION,0.086,BOS,False,True,False,LOWER_SWEEP,EQUAL_HIGH,11.725,0.9672975068886432,3,89.8,24.697,88.72,12.1214,,True,True,0.0,,0.4541,51.8,2.0,34.6121,69.2243,MID,Wednesday
37108,2025-12-31T09:15:00+00:00,BULLISH,LOSS,62.5,5,True,True,False,False,True,True,True,False,TRANSITION,0.111,CHOCH,True,True,False,LOWER_SWEEP,EQUAL_HIGH,13.825,0.9832369654426877,2,70.22,17.4078,44.73,14.0607,,True,True,0.0,,0.5259,57.3,2.0,27.7061,55.4121,CLOSING,Wednesday
37129,2026-01-01T04:45:00+00:00,BEARISH,LOSS,50.0,4,True,True,False,False,True,True,False,False,TRANSITION,0.061,CHOCH,False,True,False,UPPER_SWEEP,EQUAL_LOW,38.2,1.4944817630190097,2,51.15,2.3434,8.68,25.5607,,False,True,0.0,,0.4541,52.0,2.0,49.5061,99.0121,MID,Thursday
37146,2026-01-01T06:10:00+00:00,BEARISH,TIMEOUT,50.0,4,True,True,False,False,True,True,False,False,TRANSITION,0.065,CHOCH,False,False,True,UPPER_SWEEP,EQUAL_LOW,24.1625,1.6135225375626046,3,35.91,-0.0557,16.92,14.975,,False,True,0.0,,0.4541,52.2,2.0,34.3975,68.795,MID,Thursday
37174,2026-01-01T08:30:00+00:00,BULLISH,LOSS,50.0,4,True,True,False,False,True,True,False,False,TRANSITION,0.074,BOS,False,False,True,LOWER_SWEEP,EQUAL_HIGH,22.51,1.4579676539739497,3,57.69,1.5655,7.26,15.4393,,True,True,0.0,,0.4541,52.5,2.0,30.2939,60.5879,MID,Thursday
37189,2026-01-01T09:45:00+00:00,BEARISH,LOSS,62.5,5,True,True,False,False,True,True,True,False,TRANSITION,0.055,CHOCH,True,True,True,UPPER_SWEEP,EQUAL_LOW,19.7667,1.3519020066477903,2,37.18,-0.9823,70.4,14.6214,,False,True,0.0,,0.5259,56.0,2.0,26.4621,52.9243,CLOSING,Thursday
37219,2026-01-02T06:00:00+00:00,BULLISH,TIMEOUT,62.5,5,True,True,False,False,True,True,True,False,TRANSITION,0.135,BOS,False,True,False,LOWER_SWEEP,EQUAL_HIGH,16.2167,1.3014276886531255,3,69.14,17.8941,32.45,12.4607,,True,True,0.0,,0.5259,58.7,2.0,33.0461,66.0921,MID,Friday
37256,2026-01-02T09:05:00+00:00,BEARISH,LOSS,62.5,5,True,True,False,False,True,True,True,False,TRANSITION,0.108,CHOCH,False,True,False,UPPER_SWEEP,EQUAL_LOW,35.4667,3.250634698048705,3,29.44,1.738,39.73,10.9107,,False,True,0.0,,0.5259,57.8,2.0,42.4911,84.9821,CLOSING,Friday
37280,2026-01-05T04:50:00+00:00,BULLISH,TIMEOUT,62.5,5,True,True,True,False,True,True,False,False,BULLISH,0.153,BOS,False,True,False,LOWER_SWEEP,PDH,54.9,1.8252179290259518,3,57.09,11.6193,6.47,30.0786,,True,True,0.0,,0.5259,59.3,2.0,85.6079,171.2157,MID,Monday
37292,2026-01-05T05:50:00+00:00,BEARISH,TIMEOUT,50.0,4,True,True,False,False,True,True,False,False,TRANSITION,0.115,CHOCH,False,True,False,UPPER_SWEEP,PDH,23.55,1.365217391304348,3,43.83,9.0565,9.0,17.25,,False,True,0.0,,0.4541,53.8,2.0,44.525,89.05,MID,Monday
37313,2026-01-05T07:35:00+00:00,BEARISH,WIN,50.0,4,True,True,False,False,True,True,False,False,TRANSITION,0.106,CHOCH,False,True,False,UPPER_SWEEP,EQUAL_LOW,19.175,1.6074811796857973,3,41.88,-0.5219,16.8,11.9286,,False,True,0.0,,0.4541,53.5,2.0,30.0929,60.1857,MID,Monday
37325,2026-01-05T08:35:00+00:00,BEARISH,LOSS,50.0,4,True,True,False,False,True,False,True,False,RANGE,0.038,CHOCH,False,True,False,UPPER_SWEEP,EQUAL_LOW,31.15,1.8809591382006798,2,11.96,-24.4032,81.84,16.5607,,False,False,0.0,,0.4541,51.3,2.0,52.8561,105.7121,MID,Monday
37343,2026-01-06T03:50:00+00:00,BEARISH,LOSS,62.5,5,True,True,False,False,True,True,True,False,RANGE,0.016,CHOCH,True,True,False,UPPER_SWEEP,EQUAL_HIGH,54.3333,2.4087005865115643,2,40.29,-17.5887,43.68,22.5571,,False,False,0.0,,0.5259,54.7,2.0,56.7557,113.5114,OPENING,Tuesday
37358,2026-01-06T05:05:00+00:00,BEARISH,WIN,62.5,5,True,True,False,False,True,True,True,False,RANGE,0.031,CHOCH,True,False,False,UPPER_SWEEP,PDL,28.45,1.2379199463930624,1,59.57,-7.1325,30.82,22.9821,,False,False,0.0,,0.5259,55.2,2.0,31.0482,62.0964,MID,Tuesday
37400,2026-01-06T08:35:00+00:00,BEARISH,LOSS,50.0,4,True,True,False,False,True,True,False,False,RANGE,-0.006,BOS,False,False,True,UPPER_SWEEP,EQUAL_LOW,32.1417,1.9831863812773414,3,27.5,-8.65,2.0,16.2071,,False,False,0.0,,0.4541,50.2,2.0,42.1707,84.3414,MID,Tuesday
37427,2026-01-07T04:35:00+00:00,BULLISH,TIMEOUT,62.5,5,True,True,False,False,True,True,True,False,RANGE,0.014,CHOCH,False,True,False,LOWER_SWEEP,EQUAL_LOW,50.9083,1.8397442847127359,3,47.45,-6.2758,36.46,27.6714,,True,False,0.0,,0.5259,54.6,2.0,69.0171,138.0343,MID,Wednesday
37448,2026-01-07T06:20:00+00:00,BEARISH,TIMEOUT,50.0,4,True,True,False,False,True,True,False,False,RANGE,-0.013,CHOCH,False,True,False,UPPER_SWEEP,PDL,41.7,2.2105246417836866,3,42.8,-3.4194,8.94,18.8643,,False,False,0.0,,0.4541,50.4,2.0,46.8864,93.7729,MID,Wednesday
37460,2026-01-07T07:20:00+00:00,BEARISH,LOSS,50.0,4,True,True,False,False,True,False,True,False,RANGE,-0.034,BOS,True,False,False,UPPER_SWEEP,EQUAL_LOW,9.3167,0.687579335793358,3,17.13,-15.7087,95.43,13.55,,False,False,0.0,,0.4541,40.7,2.0,23.405,46.81,MID,Wednesday
37484,2026-01-07T09:20:00+00:00,BULLISH,WIN,62.5,5,True,True,False,False,True,True,True,False,RANGE,-0.004,CHOCH,False,False,True,LOWER_SWEEP,EQUAL_HIGH,23.325,1.5859686817931473,3,69.34,-0.1799,45.34,14.7071,,True,False,0.0,,0.5259,54.3,2.0,33.9707,67.9414,CLOSING,Wednesday
37505,2026-01-08T04:50:00+00:00,BEARISH,WIN,62.5,5,True,True,False,False,True,True,True,False,TRANSITION,-0.061,BOS,False,True,False,UPPER_SWEEP,PDL,4.15,0.15051829069252923,3,24.53,-15.9436,62.74,27.5714,,False,False,0.0,,0.5259,27.9,2.0,40.0071,80.0143,MID,Thursday
37562,2026-01-08T09:35:00+00:00,BEARISH,LOSS,62.5,5,True,True,False,False,True,True,True,False,TRANSITION,-0.135,BOS,True,True,False,UPPER_SWEEP,EQUAL_LOW,48.125,2.229113496037389,3,31.75,-11.2025,47.26,21.5893,,False,False,0.0,,0.5259,58.7,2.0,63.7089,127.4179,CLOSING,Thursday
37587,2026-01-09T05:25:00+00:00,BEARISH,WIN,75.0,6,True,True,True,False,True,True,True,False,BEARISH,-0.15,BOS,False,True,False,UPPER_SWEEP,EQUAL_LOW,23.95,0.8693284936479129,2,31.1,-14.6946,32.59,27.55,,False,False,0.0,,0.5965,59.0,2.0,49.505,99.01,MID,Friday
37630,2026-01-09T09:00:00+00:00,BEARISH,WIN,75.0,6,True,True,True,False,True,True,True,False,BEARISH,-0.217,BOS,True,False,False,UPPER_SWEEP,EQUAL_LOW,10.85,0.500329710362128,3,35.63,-21.5566,46.65,21.6857,,False,False,0.0,,0.5965,48.9,2.0,16.7686,33.5371,CLOSING,Friday
37642,2026-01-12T03:45:00+00:00,BEARISH,TIMEOUT,75.0,6,True,True,True,False,True,True,True,False,BEARISH,-0.229,CHOCH,True,False,True,UPPER_SWEEP,PDL,80.7,3.218344965104686,1,38.14,-9.4314,36.04,25.075,,False,False,0.0,,0.5965,66.0,2.0,94.2575,188.515,OPENING,Monday
37666,2026-01-12T05:45:00+00:00,BEARISH,WIN,75.0,6,True,True,True,False,True,True,True,False,BEARISH,-0.273,BOS,False,True,False,UPPER_SWEEP,EQUAL_LOW,17.575,0.7862268269987832,3,26.6,-25.6149,66.77,22.3536,,False,False,0.0,,0.5965,60.3,2.0,38.7854,77.5707,MID,Monday
37678,2026-01-12T06:45:00+00:00,BULLISH,WIN,62.5,5,True,True,False,False,True,True,True,False,BEARISH,-0.193,CHOCH,False,True,False,LOWER_SWEEP,EQUAL_HIGH,105.0833,4.1623082894987,3,65.13,-9.9946,33.98,25.2464,,True,False,0.0,,0.5259,60.6,2.0,107.6246,215.2493,MID,Monday
37693,2026-01-12T08:00:00+00:00,BULLISH,TIMEOUT,62.5,5,True,True,False,False,True,True,True,False,TRANSITION,-0.094,CHOCH,False,False,True,LOWER_SWEEP,EQUAL_HIGH,47.15,1.4973340150463808,1,67.78,41.3978,38.08,31.4893,,True,True,0.0,,0.5259,57.3,2.0,61.1489,122.2979,MID,Monday
37709,2026-01-12T09:20:00+00:00,BULLISH,WIN,50.0,4,True,True,False,False,True,True,False,False,TRANSITION,-0.068,CHOCH,False,True,False,LOWER_SWEEP,EQUAL_HIGH,61.675,2.590222043031074,3,66.2,28.7099,12.19,23.8107,,True,True,0.0,,0.4541,52.3,2.0,85.5811,171.1621,CLOSING,Monday
37721,2026-01-13T04:05:00+00:00,BEARISH,TIMEOUT,50.0,4,True,True,False,False,True,True,False,False,TRANSITION,-0.102,CHOCH,False,True,False,UPPER_SWEEP,EQUAL_HIGH,99.45,3.004531722054381,3,45.32,16.4684,13.35,33.1,,False,True,0.0,,0.4541,53.4,2.0,119.66,239.32,OPENING,Tuesday
37751,2026-01-13T06:35:00+00:00,BEARISH,WIN,62.5,5,True,True,False,False,True,True,True,False,TRANSITION,-0.097,CHOCH,True,True,False,UPPER_SWEEP,EQUAL_HIGH,32.8,1.4568518674797795,3,37.2,-2.0454,37.23,22.5143,,False,True,0.0,,0.5259,57.4,2.0,45.4514,90.9029,MID,Tuesday
37763,2026-01-13T07:35:00+00:00,BEARISH,LOSS,75.0,6,True,True,True,False,True,True,True,False,BEARISH,-0.159,BOS,True,True,False,UPPER_SWEEP,EQUAL_LOW,16.2,0.6760055582679234,3,25.04,-30.4273,94.45,23.9643,,False,False,0.0,,0.5965,52.8,2.0,37.6464,75.2929,MID,Tuesday
37776,2026-01-13T08:40:00+00:00,BEARISH,LOSS,62.5,5,True,True,True,False,True,True,False,False,BEARISH,-0.163,CHOCH,False,False,True,UPPER_SWEEP,EQUAL_LOW,4.65,0.21739841883558605,3,48.07,-20.7886,17.42,21.3893,,False,False,0.0,,0.5259,33.5,2.0,37.9389,75.8779,MID,Tuesday
37812,2026-01-14T05:25:00+00:00,BULLISH,TIMEOUT,62.5,5,True,True,False,False,True,True,True,False,TRANSITION,-0.087,CHOCH,False,True,False,LOWER_SWEEP,EQUAL_HIGH,59.1667,1.9724600285367577,2,59.84,-0.2001,21.09,29.9964,,True,False,0.0,,0.5259,57.1,2.0,69.7996,139.5993,MID,Wednesday
37825,2026-01-14T06:30:00+00:00,BULLISH,LOSS,62.5,5,True,True,False,False,True,True,True,False,RANGE,-0.046,BOS,True,False,False,LOWER_SWEEP,EQUAL_HIGH,5.3167,0.23906777641382598,3,77.26,20.9344,100.0,22.2393,,True,True,0.0,,0.5259,30.3,2.0,29.7739,59.5479,MID,Wednesday
37841,2026-01-14T07:50:00+00:00,BEARISH,WIN,62.5,5,True,True,False,False,True,True,True,False,TRANSITION,-0.097,CHOCH,False,True,False,UPPER_SWEEP,EQUAL_LOW,40.9,2.257884654665099,2,40.66,-0.299,46.08,18.1143,,False,True,0.0,,0.5259,57.4,2.0,46.1614,92.3229,MID,Wednesday
37854,2026-01-14T08:55:00+00:00,BEARISH,LOSS,75.0,6,True,True,True,False,True,True,True,False,BEARISH,-0.157,BOS,True,True,False,UPPER_SWEEP,EQUAL_LOW,42.55,1.6930539031756198,2,21.11,-30.414,73.43,25.1321,,False,False,0.0,,0.5965,63.6,2.0,47.9632,95.9264,MID,Wednesday
37867,2026-01-16T03:45:00+00:00,BULLISH,WIN,62.5,5,True,True,False,False,True,True,True,False,TRANSITION,-0.068,CHOCH,False,True,True,LOWER_SWEEP,EQUAL_HIGH,75.275,2.5088656027943315,3,75.68,-2.3544,53.56,30.0036,,True,False,0.0,,0.5259,56.4,2.0,85.1504,170.3007,OPENING,Friday
37879,2026-01-16T04:45:00+00:00,BULLISH,TIMEOUT,62.5,5,True,True,False,False,True,True,True,False,RANGE,0.004,BOS,False,True,False,LOWER_SWEEP,EQUAL_HIGH,79.425,2.4416974600812824,3,76.57,28.2237,83.08,32.5286,,True,True,0.0,,0.5259,54.3,2.0,103.5529,207.1057,MID,Friday
37898,2026-01-16T06:20:00+00:00,BEARISH,LOSS,62.5,5,True,True,False,False,True,True,True,False,RANGE,-0.036,CHOCH,True,False,False,UPPER_SWEEP,EQUAL_HIGH,19.4375,1.0263050904732487,3,24.32,10.4573,64.96,18.9393,,False,True,0.0,,0.5259,55.4,2.0,24.5439,49.0879,MID,Friday
37913,2026-01-16T07:35:00+00:00,BEARISH,WIN,62.5,5,True,True,False,False,True,True,True,False,TRANSITION,-0.08,BOS,True,True,False,UPPER_SWEEP,EQUAL_LOW,31.5625,1.3335572653256098,2,38.49,-14.153,47.33,23.6679,,False,True,0.0,,0.5259,56.8,2.0,42.0668,84.1336,MID,Friday
37942,2026-01-19T03:45:00+00:00,BEARISH,TIMEOUT,75.0,6,True,True,True,False,True,True,True,False,BEARISH,-0.156,CHOCH,True,True,True,UPPER_SWEEP,EQUAL_LOW,107.125,3.548442660147801,1,22.63,-15.6264,70.86,30.1893,,False,False,0.0,,0.5965,63.5,2.0,116.3689,232.7379,OPENING,Monday
37963,2026-01-19T05:30:00+00:00,BULLISH,LOSS,50.0,4,True,True,False,False,True,True,False,False,BEARISH,-0.167,CHOCH,False,True,False,LOWER_SWEEP,EQUAL_LOW,18.425,0.7736947968237572,3,52.54,-30.286,13.07,23.8143,,True,False,0.0,,0.4541,48.0,2.0,47.0814,94.1629,MID,Monday
37996,2026-01-19T08:15:00+00:00,BULLISH,WIN,62.5,5,True,True,False,False,True,True,True,False,TRANSITION,-0.135,CHOCH,False,False,True,LOWER_SWEEP,EQUAL_HIGH,35.275,1.794516993859725,3,69.94,3.9835,36.95,19.6571,,True,False,0.0,,0.5259,58.7,2.0,48.5657,97.1314,MID,Monday
38014,2026-01-19T09:45:00+00:00,BEARISH,WIN,62.5,5,True,True,False,False,True,True,True,False,TRANSITION,-0.137,CHOCH,False,True,False,UPPER_SWEEP,EQUAL_HIGH,43.05,2.192837241049098,3,35.33,10.0079,45.85,19.6321,,False,True,0.0,,0.5259,58.7,2.0,63.9632,127.9264,CLOSING,Monday
38037,2026-01-20T05:25:00+00:00,BEARISH,TIMEOUT,62.5,5,True,True,True,False,True,True,False,False,BEARISH,-0.188,CHOCH,False,True,False,UPPER_SWEEP,PDL,6.7,0.27714581178903824,3,51.11,-19.1098,12.11,24.175,,False,False,0.0,,0.5259,36.3,2.0,37.2675,74.535,MID,Tuesday
38051,2026-01-20T06:35:00+00:00,BEARISH,TIMEOUT,62.5,5,True,True,True,False,True,True,False,False,BEARISH,-0.197,CHOCH,False,True,False,UPPER_SWEEP,EQUAL_LOW,54.275,3.0694883526277987,3,36.61,-11.4832,0.46,17.6821,,False,False,0.0,,0.5259,60.7,2.0,61.5682,123.1364,MID,Tuesday
38069,2026-01-20T08:05:00+00:00,BEARISH,TIMEOUT,75.0,6,True,True,True,False,True,True,True,False,BEARISH,-0.23,CHOCH,False,True,False,UPPER_SWEEP,EQUAL_LOW,28.325,1.7585412644113465,3,23.9,-17.3039,53.26,16.1071,,False,False,0.0,,0.5965,66.0,2.0,62.1607,124.3214,MID,Tuesday
38082,2026-01-20T09:10:00+00:00,BEARISH,WIN,75.0,6,True,True,True,False,True,True,True,False,BEARISH,-0.245,CHOCH,False,True,False,UPPER_SWEEP,EQUAL_HIGH,2.45,0.11027144779659645,2,33.22,-19.1681,42.34,22.2179,,False,False,0.0,,0.5965,36.8,2.0,52.1718,104.3436,CLOSING,Tuesday
38106,2026-01-21T04:55:00+00:00,BEARISH,WIN,75.0,6,True,True,True,False,True,True,True,False,BEARISH,-0.368,BOS,False,True,False,UPPER_SWEEP,PDL,7.6,0.1820516260084702,3,21.2,-53.9067,72.49,41.7464,,False,False,0.0,,0.5965,43.3,2.0,86.7246,173.4493,MID,Wednesday
38129,2026-01-21T06:50:00+00:00,BULLISH,WIN,62.5,5,True,True,False,False,True,True,True,False,BEARISH,-0.259,CHOCH,False,True,False,LOWER_SWEEP,PDL,68.05,2.0088560885608855,3,78.05,2.6989,75.73,33.875,,True,False,0.0,,0.5259,62.8,2.0,85.9375,171.875,MID,Wednesday
38167,2026-01-22T03:45:00+00:00,BULLISH,TIMEOUT,62.5,5,True,True,False,False,True,True,True,False,TRANSITION,-0.128,CHOCH,False,True,True,LOWER_SWEEP,PDH,160.4,4.236985928663315,2,74.48,9.2615,67.13,37.8571,,True,True,0.0,,0.5259,58.4,2.0,181.2357,362.4714,OPENING,Thursday
38180,2026-01-22T04:50:00+00:00,BEARISH,WIN,50.0,4,True,True,False,False,False,True,True,False,TRANSITION,-0.116,CHOCH,False,True,False,UPPER_SWEEP,EQUAL_HIGH,7.4,0.1562829989440338,2,73.82,47.9954,58.25,47.35,,True,True,0.0,,0.4541,25.7,2.0,55.985,111.97,MID,Thursday
38215,2026-01-22T07:45:00+00:00,BEARISH,WIN,75.0,6,True,True,True,False,True,True,True,False,BEARISH,-0.207,CHOCH,True,False,False,UPPER_SWEEP,EQUAL_LOW,15.875,0.5453995760484556,2,39.61,-12.4859,26.8,29.1071,,False,False,0.0,,0.5965,50.1,2.0,23.8607,47.7214,MID,Thursday
38230,2026-01-22T09:00:00+00:00,BULLISH,TIMEOUT,62.5,5,True,True,False,False,True,True,True,False,BEARISH,-0.151,CHOCH,False,True,False,LOWER_SWEEP,EQUAL_HIGH,98.4,3.135185769315325,3,64.51,-0.9574,40.34,31.3857,,True,False,0.0,,0.5259,59.2,2.0,110.8386,221.6771,CLOSING,Thursday
38243,2026-01-23T03:50:00+00:00,BULLISH,TIMEOUT,50.0,4,True,True,False,False,True,True,False,False,TRANSITION,-0.11,BOS,False,False,True,LOWER_SWEEP,EQUAL_HIGH,29.5,0.7432059637869745,1,64.72,21.725,7.54,39.6929,,True,True,0.0,,0.4541,45.1,2.0,74.9693,149.9386,OPENING,Friday
38270,2026-01-23T06:05:00+00:00,BEARISH,TIMEOUT,75.0,6,True,True,True,False,True,True,True,False,BEARISH,-0.178,BOS,False,True,False,UPPER_SWEEP,EQUAL_HIGH,46.45,2.1089670828603864,1,29.27,-6.7495,39.5,22.025,,False,True,0.0,,0.5965,64.3,2.0,52.5525,105.105,MID,Friday
38290,2026-01-23T07:45:00+00:00,BEARISH,WIN,62.5,5,True,True,True,False,True,True,False,False,BEARISH,-0.223,CHOCH,False,False,True,UPPER_SWEEP,PDL,44.8,1.7434348780373903,3,40.01,-18.2041,17.31,25.6964,,False,False,0.0,,0.5259,61.6,2.0,66.9196,133.8393,MID,Friday
38312,2026-01-23T09:35:00+00:00,BEARISH,LOSS,62.5,5,True,True,True,False,True,True,False,False,BEARISH,-0.29,CHOCH,False,True,False,UPPER_SWEEP,EQUAL_LOW,63.725,2.0250795254847005,2,45.19,-26.2005,0.35,31.4679,,False,False,0.0,,0.5259,63.8,2.0,79.3468,158.6936,CLOSING,Friday
38324,2026-01-27T04:20:00+00:00,BULLISH,TIMEOUT,62.5,5,True,True,False,False,True,True,True,False,BEARISH,-0.185,CHOCH,True,False,False,LOWER_SWEEP,EQUAL_LOW,145.0333,2.7552285079778795,3,55.2,-0.2222,38.6,52.6393,,True,False,0.0,,0.5259,60.3,2.0,164.7139,329.4279,OPENING,Tuesday
38336,2026-01-27T05:20:00+00:00,BEARISH,LOSS,75.0,6,True,True,True,False,True,True,True,False,BEARISH,-0.284,CHOCH,False,False,True,UPPER_SWEEP,EQUAL_LOW,106.675,2.3837988826815644,3,31.07,-6.814,49.89,44.75,,False,False,0.0,,0.5965,67.8,2.0,141.325,282.65,MID,Tuesday
38368,2026-01-27T08:00:00+00:00,BULLISH,LOSS,50.0,4,True,True,False,False,True,True,False,False,BEARISH,-0.188,CHOCH,True,False,False,LOWER_SWEEP,EQUAL_HIGH,19.3667,0.7248586153851913,3,44.03,5.395,9.22,26.7179,,True,True,0.0,,0.4541,47.1,2.0,28.3718,56.7436,MID,Tuesday
38381,2026-01-27T09:05:00+00:00,BULLISH,WIN,50.0,4,True,True,False,False,True,True,False,False,BEARISH,-0.194,CHOCH,False,True,False,LOWER_SWEEP,EQUAL_LOW,75.625,2.20504192859892,3,44.77,-10.1859,18.72,34.2964,,True,False,0.0,,0.4541,56.5,2.0,87.9796,175.9593,CLOSING,Tuesday
38393,2026-01-28T03:50:00+00:00,BULLISH,TIMEOUT,50.0,4,True,True,False,False,True,False,True,False,RANGE,0.004,CHOCH,False,True,False,LOWER_SWEEP,EQUAL_HIGH,156.0,3.901043529144046,3,94.92,59.1239,91.18,39.9893,,True,True,0.0,,0.4541,50.1,2.0,172.0989,344.1979,OPENING,Wednesday
38414,2026-01-28T05:35:00+00:00,BULLISH,TIMEOUT,50.0,4,True,True,False,False,True,True,False,False,RANGE,-0.039,CHOCH,False,True,False,LOWER_SWEEP,EQUAL_HIGH,35.4125,1.2282317278311328,3,53.86,29.2866,17.27,28.8321,,True,True,0.0,,0.4541,51.3,2.0,43.4332,86.8664,MID,Wednesday
38430,2026-01-28T06:55:00+00:00,BEARISH,WIN,62.5,5,True,True,False,False,True,True,True,False,TRANSITION,-0.081,CHOCH,False,True,False,UPPER_SWEEP,EQUAL_HIGH,40.2167,2.038135829435286,3,34.09,7.5046,25.24,19.7321,,False,True,0.0,,0.5259,56.9,2.0,49.5232,99.0464,MID,Wednesday
38442,2026-01-28T07:55:00+00:00,BEARISH,TIMEOUT,62.5,5,True,True,False,False,True,True,True,False,TRANSITION,-0.107,BOS,False,True,False,UPPER_SWEEP,EQUAL_HIGH,46.9,2.1297465192948675,2,24.91,-10.3267,59.99,22.0214,,False,True,0.0,,0.5259,57.7,2.0,54.8521,109.7043,MID,Wednesday
38458,2026-01-28T09:15:00+00:00,BULLISH,WIN,50.0,4,True,True,False,False,True,True,False,False,TRANSITION,-0.077,CHOCH,False,True,False,LOWER_SWEEP,EQUAL_LOW,47.7833,1.9868316008316007,2,61.77,-5.1033,19.33,24.05,,True,False,0.0,,0.4541,52.6,2.0,63.955,127.91,CLOSING,Wednesday
38471,2026-01-29T04:05:00+00:00,BEARISH,TIMEOUT,50.0,4,True,True,False,False,True,True,False,False,TRANSITION,-0.116,CHOCH,False,False,True,UPPER_SWEEP,EQUAL_LOW,69.4167,2.0785683486842896,2,44.86,4.5651,7.3,33.3964,,False,True,0.0,,0.4541,53.9,2.0,82.2396,164.4793,OPENING,Thursday
38486,2026-01-29T05:20:00+00:00,BULLISH,WIN,50.0,4,True,True,False,False,True,True,False,False,TRANSITION,-0.114,CHOCH,False,False,True,LOWER_SWEEP,EQUAL_LOW,20.375,0.5854885057471265,2,53.08,-18.0165,15.53,34.8,,True,False,0.0,,0.4541,40.0,2.0,51.88,103.76,MID,Thursday
38504,2026-01-29T06:50:00+00:00,BULLISH,WIN,62.5,5,True,True,False,False,True,True,True,False,TRANSITION,-0.068,CHOCH,True,False,False,LOWER_SWEEP,EQUAL_HIGH,24.15,0.996463894172646,0,59.01,10.8966,50.11,24.2357,,True,True,0.0,,0.5259,56.3,2.0,28.6736,57.3471,MID,Thursday
38518,2026-01-29T08:00:00+00:00,BULLISH,WIN,62.5,5,True,True,False,False,True,True,True,False,RANGE,-0.012,BOS,False,False,True,LOWER_SWEEP,PDH,43.8,1.8417212945871053,1,72.39,26.2606,62.83,23.7821,,True,True,0.0,,0.5259,54.6,2.0,48.1282,96.2564,MID,Thursday
38542,2026-01-30T03:45:00+00:00,BEARISH,TIMEOUT,62.5,5,True,True,False,False,True,True,True,False,TRANSITION,-0.11,CHOCH,False,True,False,UPPER_SWEEP,EQUAL_LOW,166.125,4.8778375140572745,3,24.91,3.3919,56.81,34.0571,,False,True,0.0,,0.5259,57.8,2.0,175.7557,351.5114,OPENING,Friday
38565,2026-01-30T05:40:00+00:00,BEARISH,TIMEOUT,62.5,5,True,True,False,False,True,True,True,False,TRANSITION,-0.109,CHOCH,False,True,False,UPPER_SWEEP,EQUAL_LOW,42.5875,2.0303933253873656,2,39.13,-17.5553,21.57,20.975,,False,False,0.0,,0.5259,57.8,2.0,55.8475,111.695,MID,Friday
38577,2026-01-30T06:40:00+00:00,BULLISH,LOSS,50.0,4,True,True,False,False,True,True,False,False,TRANSITION,-0.077,BOS,False,True,False,LOWER_SWEEP,EQUAL_HIGH,40.175,1.6518374764610588,2,48.62,-10.1014,6.14,24.3214,,True,False,0.0,,0.4541,52.6,2.0,48.2821,96.5643,MID,Friday
38589,2026-01-30T07:40:00+00:00,BEARISH,LOSS,50.0,4,True,True,False,False,True,True,False,False,TRANSITION,-0.111,CHOCH,True,True,False,UPPER_SWEEP,EQUAL_LOW,54.67,2.3186279083575783,2,46.97,-5.6879,3.7,23.5786,,False,False,0.0,,0.4541,53.7,2.0,61.4579,122.9157,MID,Friday
38617,2026-02-01T03:45:00+00:00,BEARISH,LOSS,62.5,5,True,True,False,False,True,True,True,False,TRANSITION,-0.082,BOS,False,False,True,UPPER_SWEEP,EQUAL_HIGH,54.875,1.6443721270309306,3,35.38,1.8126,45.48,33.3714,,False,True,0.0,,0.5259,56.9,2.0,64.4371,128.8743,OPENING,Sunday
38629,2026-02-01T04:45:00+00:00,BULLISH,WIN,50.0,4,True,True,False,False,True,True,False,False,RANGE,-0.037,BOS,True,True,False,LOWER_SWEEP,EQUAL_HIGH,28.525,0.8569746167273034,3,60.49,6.3974,15.3,33.2857,,True,True,0.0,,0.4541,46.5,2.0,34.2786,68.5571,MID,Sunday
38646,2026-02-01T06:10:00+00:00,BEARISH,WIN,62.5,5,True,True,False,False,True,True,True,False,TRANSITION,-0.067,CHOCH,False,True,False,UPPER_SWEEP,EQUAL_HIGH,87.72,2.7059124742811838,3,36.35,7.2832,23.99,32.4179,,False,True,0.0,,0.5259,56.4,2.0,94.4418,188.8836,MID,Sunday
38684,2026-02-01T09:20:00+00:00,BEARISH,WIN,75.0,6,True,True,True,False,True,True,True,False,BEARISH,-0.303,CHOCH,False,True,False,UPPER_SWEEP,EQUAL_LOW,107.125,2.357353954083036,3,29.6,-38.3979,42.41,45.4429,,False,False,0.0,,0.5965,68.4,2.0,164.7943,329.5886,CLOSING,Sunday
38728,2026-02-02T06:45:00+00:00,BULLISH,WIN,62.5,5,True,True,False,False,True,True,True,False,BEARISH,-0.235,CHOCH,True,True,False,LOWER_SWEEP,EQUAL_HIGH,24.1,0.5801734742761675,1,76.06,10.7249,69.96,41.5393,,True,False,0.0,,0.5259,48.0,2.0,41.5539,83.1079,MID,Monday
38745,2026-02-02T08:10:00+00:00,BULLISH,TIMEOUT,62.5,5,True,True,False,False,True,True,True,False,BEARISH,-0.177,CHOCH,False,True,False,LOWER_SWEEP,EQUAL_HIGH,59.625,1.6969919483602147,3,63.77,18.2256,22.43,35.1357,,True,True,0.0,,0.5259,60.1,2.0,104.4136,208.8271,MID,Monday
38758,2026-02-02T09:15:00+00:00,BULLISH,WIN,62.5,5,True,True,False,False,True,True,True,False,BEARISH,-0.155,CHOCH,False,False,True,LOWER_SWEEP,EQUAL_LOW,53.225,1.5845819948614588,2,66.04,20.4997,43.27,33.5893,,True,True,0.0,,0.5259,59.3,2.0,66.1089,132.2179,CLOSING,Monday
38794,2026-02-03T06:00:00+00:00,BULLISH,TIMEOUT,75.0,6,True,True,True,False,True,True,True,False,BULLISH,0.384,CHOCH,False,True,False,LOWER_SWEEP,EQUAL_HIGH,42.175,1.3720221345313652,3,65.77,97.8347,34.73,30.7393,,True,True,0.0,,0.5965,71.1,2.0,87.5739,175.1479,MID,Tuesday
38806,2026-02-03T07:00:00+00:00,BEARISH,WIN,50.0,4,True,True,False,False,True,True,False,False,BULLISH,0.3,CHOCH,True,True,True,UPPER_SWEEP,EQUAL_HIGH,22.525,0.8960074465080571,3,49.14,43.0318,4.12,25.1393,,False,True,0.0,,0.4541,56.5,2.0,46.0639,92.1279,MID,Tuesday
38818,2026-02-03T08:00:00+00:00,BEARISH,LOSS,62.5,5,True,True,False,False,True,True,True,False,BULLISH,0.254,CHOCH,False,True,False,UPPER_SWEEP,EQUAL_LOW,33.925,1.585806505896816,3,30.17,7.8834,63.51,21.3929,,False,True,0.0,,0.5259,62.6,2.0,43.2893,86.5786,MID,Tuesday
38836,2026-02-03T09:30:00+00:00,BEARISH,WIN,62.5,5,True,True,False,False,True,True,True,False,BULLISH,0.201,CHOCH,True,False,True,UPPER_SWEEP,EQUAL_LOW,53.7167,2.0062259570494865,1,28.83,-7.67,59.49,26.775,,False,True,0.0,,0.5259,60.9,2.0,73.3775,146.755,CLOSING,Tuesday
38848,2026-02-04T04:15:00+00:00,BULLISH,LOSS,75.0,6,True,True,True,False,True,True,True,False,BULLISH,0.227,CHOCH,False,True,False,LOWER_SWEEP,EQUAL_LOW,55.05,1.1359720350717177,2,53.96,-1.2718,38.72,48.4607,,True,True,0.0,,0.5965,65.9,2.0,63.0961,126.1921,OPENING,Wednesday
38866,2026-02-04T05:45:00+00:00,BEARISH,TIMEOUT,62.5,5,True,True,False,False,True,True,True,False,BULLISH,0.157,BOS,False,True,False,UPPER_SWEEP,EQUAL_LOW,25.625,1.099785407725322,3,21.22,-8.5958,48.09,23.3,,False,True,0.0,,0.5259,59.4,2.0,53.53,107.06,MID,Wednesday
38885,2026-02-04T07:20:00+00:00,BEARISH,LOSS,50.0,4,True,True,False,False,True,True,False,False,BULLISH,0.152,CHOCH,False,True,False,UPPER_SWEEP,EQUAL_LOW,35.8833,1.9003871391423621,2,51.27,-1.7365,6.49,18.8821,,False,False,0.0,,0.4541,55.1,2.0,44.4382,88.8764,MID,Wednesday
38897,2026-02-04T08:20:00+00:00,BULLISH,LOSS,75.0,6,True,True,True,False,True,True,True,False,BULLISH,0.195,CHOCH,True,False,True,LOWER_SWEEP,EQUAL_LOW,25.8,1.7037687629185956,3,67.92,10.8794,24.04,15.1429,,True,True,0.0,,0.5965,64.8,2.0,30.3143,60.6286,MID,Wednesday
38915,2026-02-04T09:50:00+00:00,BEARISH,WIN,50.0,4,True,True,False,False,True,True,False,False,BULLISH,0.164,BOS,False,True,False,UPPER_SWEEP,EQUAL_LOW,35.575,2.0407753512198763,3,35.01,5.3459,14.08,17.4321,,False,True,0.0,,0.4541,55.5,2.0,38.5932,77.1864,CLOSING,Wednesday
38939,2026-02-05T05:35:00+00:00,BULLISH,TIMEOUT,50.0,4,True,True,False,False,True,True,False,False,TRANSITION,0.085,CHOCH,False,True,False,LOWER_SWEEP,EQUAL_LOW,6.625,0.2687234318720187,1,56.23,-21.7008,13.43,24.6536,,True,False,0.0,,0.4541,28.5,2.0,53.7154,107.4307,MID,Thursday
38953,2026-02-05T06:45:00+00:00,BEARISH,TIMEOUT,50.0,4,True,True,False,False,True,True,False,False,RANGE,0.048,BOS,False,True,False,UPPER_SWEEP,EQUAL_LOW,41.6833,2.0730637436527397,2,35.65,-12.3953,15.36,20.1071,,False,False,0.0,,0.4541,51.6,2.0,44.6607,89.3214,MID,Thursday
38976,2026-02-05T08:40:00+00:00,BEARISH,LOSS,62.5,5,True,True,False,False,True,True,True,False,RANGE,0.037,BOS,True,True,False,UPPER_SWEEP,EQUAL_LOW,32.76,1.7475355268211494,2,37.36,-8.1109,48.42,18.7464,,False,False,0.0,,0.5259,55.4,2.0,46.9246,93.8493,MID,Thursday
38993,2026-02-06T03:50:00+00:00,BEARISH,WIN,62.5,5,True,True,False,False,True,True,True,False,RANGE,0.025,CHOCH,False,True,False,UPPER_SWEEP,EQUAL_LOW,36.1917,1.4123590243902437,2,43.51,-3.1902,26.46,25.625,,False,False,0.0,,0.5259,55.0,2.0,60.1125,120.225,OPENING,Friday
39014,2026-02-06T05:35:00+00:00,BULLISH,WIN,50.0,4,True,True,False,False,True,True,False,False,RANGE,0.016,CHOCH,False,True,False,LOWER_SWEEP,EQUAL_LOW,66.85,2.489424136801025,2,51.54,-17.8338,3.15,26.8536,,True,False,0.0,,0.4541,50.5,2.0,69.8854,139.7707,MID,Friday
39044,2026-02-06T08:05:00+00:00,BULLISH,WIN,50.0,4,True,True,False,False,True,True,False,False,RANGE,0.036,CHOCH,True,False,True,LOWER_SWEEP,PDL,30.4,1.3476909709138143,1,54.53,-2.28,13.68,22.5571,,True,False,0.0,,0.4541,51.2,2.0,39.0057,78.0114,MID,Friday
39056,2026-02-06T09:05:00+00:00,BULLISH,WIN,62.5,5,True,True,False,False,True,True,True,False,TRANSITION,0.067,CHOCH,False,True,False,LOWER_SWEEP,EQUAL_LOW,23.8333,1.1044877795593782,3,71.2,13.3577,45.14,21.5786,,True,True,0.0,,0.5259,56.4,2.0,29.9579,59.9157,CLOSING,Friday
39068,2026-02-09T03:50:00+00:00,BULLISH,TIMEOUT,62.5,5,True,True,True,False,True,False,True,False,BULLISH,0.19,BOS,True,True,False,LOWER_SWEEP,EQUAL_HIGH,155.175,4.22655477565962,2,84.84,45.0444,80.79,36.7143,,True,True,0.0,,0.5259,60.5,2.0,163.5714,327.1429,OPENING,Monday
39084,2026-02-09T05:10:00+00:00,BULLISH,TIMEOUT,75.0,6,True,True,True,False,True,True,True,False,BULLISH,0.198,CHOCH,False,True,False,LOWER_SWEEP,EQUAL_HIGH,22.0833,1.1581401203069033,2,66.98,41.911,39.15,19.0679,,True,True,0.0,,0.5965,64.9,2.0,44.1568,88.3136,MID,Monday
39098,2026-02-09T06:20:00+00:00,BEARISH,TIMEOUT,50.0,4,True,True,False,False,True,True,False,False,BULLISH,0.172,BOS,False,True,False,UPPER_SWEEP,EQUAL_LOW,19.675,1.393275454275072,2,39.59,21.271,5.42,14.1214,,False,True,0.0,,0.4541,55.7,2.0,35.7621,71.5243,MID,Monday
39136,2026-02-09T09:30:00+00:00,BULLISH,WIN,62.5,5,True,True,True,False,True,True,False,False,BULLISH,0.169,BOS,False,True,False,LOWER_SWEEP,EQUAL_HIGH,27.4562,2.212942589323855,2,65.77,4.1757,15.92,12.4071,,True,True,0.0,,0.5259,59.8,2.0,33.8407,67.6814,CLOSING,Monday
39157,2026-02-10T05:00:00+00:00,BULLISH,TIMEOUT,75.0,6,True,True,True,False,True,True,True,False,BULLISH,0.216,BOS,True,False,False,LOWER_SWEEP,EQUAL_HIGH,24.925,1.4363014014383182,3,74.19,26.8718,53.17,17.3536,,True,True,0.0,,0.5965,65.5,2.0,36.3354,72.6707,MID,Tuesday
39184,2026-02-10T07:15:00+00:00,BULLISH,LOSS,75.0,6,True,True,True,False,True,True,True,False,BULLISH,0.2,BOS,False,True,False,LOWER_SWEEP,EQUAL_HIGH,17.0,1.5183451823800507,2,68.75,6.811,43.07,11.1964,,True,True,0.0,,0.5965,65.0,2.0,34.4196,68.8393,MID,Tuesday
39199,2026-02-10T08:30:00+00:00,BEARISH,LOSS,62.5,5,True,True,False,False,True,True,True,False,TRANSITION,0.136,BOS,False,True,False,UPPER_SWEEP,PDH,13.8,0.7350199733688416,2,23.86,-11.26,76.91,18.775,,False,True,0.0,,0.5259,49.9,2.0,36.2275,72.455,MID,Tuesday
39211,2026-02-10T09:30:00+00:00,BULLISH,LOSS,75.0,6,True,True,True,False,True,True,True,False,BULLISH,0.169,CHOCH,False,True,False,LOWER_SWEEP,EQUAL_LOW,37.4875,1.991748754077805,3,55.83,-2.621,31.93,18.8214,,True,False,0.0,,0.5965,64.0,2.0,42.0821,84.1643,CLOSING,Tuesday
39230,2026-02-11T04:50:00+00:00,BULLISH,TIMEOUT,75.0,6,True,True,True,False,True,True,True,False,BULLISH,0.16,CHOCH,False,True,False,LOWER_SWEEP,EQUAL_LOW,37.15,1.376838719002598,2,59.04,1.0577,26.26,26.9821,,True,True,0.0,,0.5965,63.7,2.0,54.4982,108.9964,MID,Wednesday
39244,2026-02-11T06:00:00+00:00,BULLISH,LOSS,62.5,5,True,True,True,False,True,True,False,False,BULLISH,0.163,CHOCH,False,False,True,LOWER_SWEEP,EQUAL_HIGH,9.25,0.5713650374012466,3,54.63,5.0014,14.47,16.1893,,True,True,0.0,,0.5259,45.3,2.0,20.2689,40.5379,MID,Wednesday
39256,2026-02-11T07:00:00+00:00,BEARISH,TIMEOUT,62.5,5,True,True,False,False,True,True,True,False,TRANSITION,0.124,BOS,False,False,True,UPPER_SWEEP,EQUAL_HIGH,26.85,1.7322580645161292,3,35.76,-4.1375,31.69,15.5,,False,True,0.0,,0.5259,58.3,2.0,30.75,61.5,MID,Wednesday
39268,2026-02-11T08:00:00+00:00,BULLISH,TIMEOUT,50.0,4,True,True,False,False,True,True,False,False,TRANSITION,0.14,CHOCH,False,True,False,LOWER_SWEEP,EQUAL_LOW,25.55,1.5901268989724855,3,55.8,-3.4103,5.64,16.0679,,True,False,0.0,,0.4541,54.7,2.0,30.7068,61.4136,MID,Wednesday
39292,2026-02-12T03:45:00+00:00,BEARISH,TIMEOUT,50.0,4,True,True,False,False,True,False,True,False,TRANSITION,0.059,CHOCH,False,True,False,UPPER_SWEEP,EQUAL_HIGH,94.9438,5.175064317795317,3,18.34,-5.1475,63.41,18.3464,,False,False,0.0,,0.4541,52.0,2.0,105.2346,210.4693,OPENING,Thursday
39317,2026-02-12T05:50:00+00:00,BEARISH,TIMEOUT,50.0,4,True,True,False,False,True,False,True,False,TRANSITION,0.051,BOS,False,True,False,UPPER_SWEEP,EQUAL_LOW,24.4,1.7397504456327983,3,13.99,-14.6889,82.9,14.025,,False,False,0.0,,0.4541,51.7,2.0,29.7025,59.405,MID,Thursday
39329,2026-02-12T06:50:00+00:00,BULLISH,WIN,50.0,4,True,True,False,False,False,True,True,False,TRANSITION,0.055,CHOCH,True,False,False,LOWER_SWEEP,EQUAL_LOW,3.19,0.21732317795975092,2,43.73,-11.5152,46.25,14.6786,,False,False,0.0,,0.4541,25.7,2.0,14.7179,29.4357,MID,Thursday
39347,2026-02-12T08:20:00+00:00,BEARISH,WIN,50.0,4,True,True,False,False,True,True,False,False,RANGE,0.047,CHOCH,True,True,False,UPPER_SWEEP,EQUAL_LOW,35.56,1.8527684716744213,2,40.48,-2.6716,14.79,19.1929,,False,False,0.0,,0.4541,51.6,2.0,42.2693,84.5386,MID,Thursday
39359,2026-02-12T09:20:00+00:00,BEARISH,LOSS,62.5,5,True,True,False,False,True,True,True,False,RANGE,0.018,BOS,True,True,False,UPPER_SWEEP,EQUAL_LOW,22.5375,1.1329419038953596,3,28.77,-14.9712,67.19,19.8929,,False,False,0.0,,0.5259,54.8,2.0,56.2393,112.4786,CLOSING,Thursday
39389,2026-02-13T05:35:00+00:00,BEARISH,TIMEOUT,50.0,4,True,True,False,False,True,True,False,False,TRANSITION,-0.123,CHOCH,False,True,False,UPPER_SWEEP,EQUAL_LOW,36.875,2.04902091529417,2,50.71,-39.7847,8.28,17.9964,,False,False,0.0,,0.4541,54.1,2.0,39.9996,79.9993,MID,Friday
39405,2026-02-13T06:55:00+00:00,BULLISH,LOSS,62.5,5,True,True,False,False,True,True,True,False,TRANSITION,-0.076,CHOCH,False,True,False,LOWER_SWEEP,EQUAL_HIGH,21.75,1.333774858803834,2,77.92,-5.5616,72.5,16.3071,,True,False,0.0,,0.5259,56.7,2.0,29.2307,58.4614,MID,Friday
39421,2026-02-13T08:15:00+00:00,BEARISH,TIMEOUT,62.5,5,True,True,False,False,True,True,True,False,TRANSITION,-0.119,CHOCH,False,True,False,UPPER_SWEEP,EQUAL_LOW,32.15,1.5380125911326277,1,26.73,-10.4821,52.56,20.9036,,False,False,0.0,,0.5259,58.1,2.0,45.5904,91.1807,MID,Friday
39436,2026-02-13T09:30:00+00:00,BEARISH,WIN,62.5,5,True,True,False,False,True,True,True,False,TRANSITION,-0.117,BOS,True,False,True,UPPER_SWEEP,EQUAL_LOW,28.675,1.5038362903098925,1,40.57,-12.6879,26.25,19.0679,,False,False,0.0,,0.5259,58.1,2.0,33.7568,67.5136,CLOSING,Friday
39454,2026-02-16T04:45:00+00:00,BULLISH,TIMEOUT,50.0,4,True,True,False,False,True,True,False,False,TRANSITION,-0.06,BOS,False,True,False,LOWER_SWEEP,EQUAL_LOW,37.575,0.9981962069872408,3,65.24,2.9696,5.59,37.6429,,True,False,0.0,,0.4541,51.9,2.0,56.4143,112.8286,MID,Monday
39473,2026-02-16T06:20:00+00:00,BEARISH,LOSS,62.5,5,True,True,False,False,True,True,True,False,TRANSITION,-0.084,CHOCH,False,True,False,UPPER_SWEEP,EQUAL_LOW,10.45,0.5989774394717534,2,40.97,1.6316,40.13,17.4464,,False,False,0.0,,0.5259,43.6,2.0,24.1946,48.3893,MID,Monday
39505,2026-02-16T09:00:00+00:00,BULLISH,TIMEOUT,62.5,5,True,True,False,False,True,True,True,False,RANGE,0.018,BOS,False,True,False,LOWER_SWEEP,PDH,56.35,2.850580992416999,3,71.44,14.8721,37.51,19.7679,,True,True,0.0,,0.5259,54.8,2.0,77.0268,154.0536,CLOSING,Monday
39530,2026-02-17T04:50:00+00:00,BULLISH,LOSS,50.0,4,True,True,False,False,True,True,False,False,RANGE,0.041,CHOCH,False,True,False,LOWER_SWEEP,EQUAL_HIGH,15.9,0.5183374083129584,3,52.74,17.4724,1.84,30.675,,True,True,0.0,,0.4541,35.3,2.0,40.7675,81.535,MID,Tuesday
39545,2026-02-17T06:05:00+00:00,BULLISH,TIMEOUT,50.0,4,True,True,False,False,True,True,False,False,TRANSITION,0.062,BOS,False,True,False,LOWER_SWEEP,PDH,17.95,0.8760670203472056,3,52.12,16.0065,12.07,20.4893,,True,True,0.0,,0.4541,47.9,2.0,53.5489,107.0979,MID,Tuesday
39587,2026-02-17T09:35:00+00:00,BULLISH,TIMEOUT,50.0,4,True,True,False,False,True,True,False,False,TRANSITION,0.057,CHOCH,True,False,True,LOWER_SWEEP,EQUAL_HIGH,41.4167,1.4858008968609866,2,59.41,-0.8445,18.45,27.875,,True,True,0.0,,0.4541,51.9,2.0,53.4875,106.975,CLOSING,Tuesday
39600,2026-02-18T04:25:00+00:00,BEARISH,TIMEOUT,62.5,5,True,True,False,False,True,True,True,False,RANGE,-0.002,CHOCH,False,True,False,UPPER_SWEEP,EQUAL_HIGH,73.8,2.543257782265429,3,40.92,-3.3789,35.73,29.0179,,False,True,0.0,,0.5259,54.2,2.0,84.1018,168.2036,OPENING,Wednesday
39612,2026-02-18T05:25:00+00:00,BULLISH,TIMEOUT,62.5,5,True,True,False,False,True,True,True,False,RANGE,0.026,BOS,False,True,False,LOWER_SWEEP,EQUAL_LOW,40.5167,1.7987436182019978,3,43.76,-8.7611,23.39,22.525,,True,False,0.0,,0.5259,55.0,2.0,50.7525,101.505,MID,Wednesday
39633,2026-02-18T07:10:00+00:00,BULLISH,WIN,50.0,4,True,True,False,False,True,True,False,False,RANGE,0.04,BOS,True,False,False,LOWER_SWEEP,EQUAL_LOW,15.7,1.1240057560549546,3,56.23,7.8687,17.08,13.9679,,True,True,0.0,,0.4541,51.3,2.0,24.0968,48.1936,MID,Wednesday
39647,2026-02-18T08:20:00+00:00,BEARISH,LOSS,62.5,5,True,True,False,False,True,True,True,False,RANGE,0.019,CHOCH,True,False,True,UPPER_SWEEP,EQUAL_HIGH,33.375,1.9196811172400305,0,39.66,4.1039,23.35,17.3857,,False,True,0.0,,0.5259,54.8,2.0,47.8886,95.7771,MID,Wednesday
39667,2026-02-19T03:45:00+00:00,BULLISH,LOSS,62.5,5,True,True,False,False,True,True,True,False,TRANSITION,0.112,CHOCH,False,True,False,LOWER_SWEEP,PDH,23.0,1.2155548743750464,1,74.62,25.4359,62.48,18.9214,,True,True,0.0,,0.5259,57.9,2.0,50.7421,101.4843,OPENING,Thursday
39679,2026-02-19T04:45:00+00:00,BEARISH,WIN,50.0,4,True,True,False,False,True,True,False,False,RANGE,0.041,CHOCH,False,True,False,UPPER_SWEEP,EQUAL_HIGH,32.1625,1.0785040273092477,2,37.6,-1.0605,16.17,29.8214,,False,True,0.0,,0.4541,51.4,2.0,40.0321,80.0643,MID,Thursday
39691,2026-02-19T05:45:00+00:00,BEARISH,WIN,62.5,5,True,True,False,False,True,True,True,False,RANGE,0.005,BOS,False,True,False,UPPER_SWEEP,EQUAL_HIGH,33.225,1.5089994958647281,3,22.33,-17.3067,82.15,22.0179,,False,False,0.0,,0.5259,54.3,2.0,42.5518,85.1036,MID,Thursday
39703,2026-02-19T06:45:00+00:00,BEARISH,TIMEOUT,50.0,4,True,True,False,False,True,False,True,False,TRANSITION,-0.056,BOS,True,True,True,UPPER_SWEEP,PDL,16.45,0.826928200513751,3,9.38,-35.0202,99.1,19.8929,,False,False,0.0,,0.4541,46.1,2.0,52.1893,104.3786,MID,Thursday
39723,2026-02-19T08:25:00+00:00,BEARISH,WIN,50.0,4,True,True,False,False,True,True,False,False,TRANSITION,-0.083,CHOCH,False,True,False,UPPER_SWEEP,EQUAL_LOW,43.175,1.7336850897059057,3,43.87,-22.6358,7.76,24.9036,,False,False,0.0,,0.4541,52.8,2.0,48.9404,97.8807,MID,Thursday
39748,2026-02-20T04:15:00+00:00,BULLISH,TIMEOUT,50.0,4,True,True,False,False,True,True,False,False,TRANSITION,-0.088,CHOCH,False,True,False,LOWER_SWEEP,PDL,7.0,0.14421303974305358,3,47.98,-29.6433,2.09,48.5393,,True,False,0.0,,0.4541,24.4,2.0,131.0039,262.0079,OPENING,Friday
39760,2026-02-20T05:15:00+00:00,BULLISH,TIMEOUT,62.5,5,True,True,False,False,True,True,True,False,RANGE,-0.027,BOS,True,True,False,LOWER_SWEEP,EQUAL_LOW,20.35,0.6516462473501855,3,75.5,17.6526,67.15,31.2286,,True,False,0.0,,0.5259,43.5,2.0,40.9229,81.8457,MID,Friday
39778,2026-02-20T06:45:00+00:00,BULLISH,LOSS,62.5,5,True,True,False,False,True,True,True,False,RANGE,0.007,BOS,False,True,False,LOWER_SWEEP,EQUAL_HIGH,29.4,1.2959705894021343,3,70.51,18.984,83.28,22.6857,,True,True,0.0,,0.5259,54.4,2.0,56.6186,113.2371,MID,Friday
39790,2026-02-20T07:45:00+00:00,BEARISH,LOSS,62.5,5,True,True,False,False,True,True,True,False,TRANSITION,-0.056,CHOCH,False,True,False,UPPER_SWEEP,EQUAL_LOW,45.5,1.855522115376773,3,36.99,-1.2386,32.13,24.5214,,False,True,0.0,,0.5259,56.0,2.0,65.9021,131.8043,MID,Friday
39808,2026-02-20T09:15:00+00:00,BULLISH,LOSS,62.5,5,True,True,False,False,True,True,True,False,RANGE,0.017,BOS,False,True,False,LOWER_SWEEP,EQUAL_HIGH,50.8,2.110072689511942,3,68.82,10.4081,41.47,24.075,,True,True,0.0,,0.5259,54.7,2.0,66.3575,132.715,CLOSING,Friday
39820,2026-02-23T04:00:00+00:00,BULLISH,TIMEOUT,62.5,5,True,True,False,False,True,True,True,False,TRANSITION,0.081,CHOCH,True,False,False,LOWER_SWEEP,EQUAL_HIGH,110.4375,2.927986446753398,3,67.49,30.0122,40.38,37.7179,,True,True,0.0,,0.5259,56.9,2.0,117.6718,235.3436,OPENING,Monday
39832,2026-02-23T05:00:00+00:00,BEARISH,WIN,50.0,4,True,True,False,False,False,True,True,False,RANGE,0.046,CHOCH,False,True,False,UPPER_SWEEP,EQUAL_LOW,22.77,0.8814614375137909,3,37.93,25.9007,29.9,25.8321,,True,True,0.0,,0.4541,47.6,2.0,36.1832,72.3664,MID,Monday
39858,2026-02-23T07:10:00+00:00,BULLISH,LOSS,50.0,4,True,True,False,False,True,True,False,False,RANGE,0.033,CHOCH,False,True,False,LOWER_SWEEP,EQUAL_LOW,42.35,2.1103354112787085,2,61.44,-2.563,3.14,20.0679,,True,True,0.0,,0.4541,51.1,2.0,50.6068,101.2136,MID,Monday
39874,2026-02-23T08:30:00+00:00,BEARISH,LOSS,50.0,4,True,True,False,False,True,True,False,False,RANGE,-0.011,CHOCH,False,True,False,UPPER_SWEEP,EQUAL_LOW,37.47,1.834516523867809,3,39.13,-6.0492,13.09,20.425,,False,False,0.0,,0.4541,50.4,2.0,47.7925,95.585,MID,Monday
39886,2026-02-23T09:30:00+00:00,BULLISH,LOSS,62.5,5,True,True,False,False,True,True,True,False,TRANSITION,0.054,BOS,True,False,True,LOWER_SWEEP,EQUAL_LOW,45.9,1.7478589679635348,3,64.9,10.1331,35.64,26.2607,,True,True,0.0,,0.5259,56.0,2.0,52.7761,105.5521,CLOSING,Monday
39898,2026-02-24T04:15:00+00:00,BEARISH,WIN,62.5,5,True,True,False,False,True,True,True,False,TRANSITION,-0.083,CHOCH,True,False,False,UPPER_SWEEP,EQUAL_HIGH,19.7,0.5873075971368008,3,25.35,-38.9087,53.3,33.5429,,False,False,0.0,,0.5259,43.2,2.0,27.7543,55.5086,OPENING,Tuesday
39911,2026-02-24T05:20:00+00:00,BEARISH,LOSS,50.0,4,True,True,False,False,True,True,False,False,TRANSITION,-0.118,BOS,False,True,False,UPPER_SWEEP,EQUAL_LOW,41.6,1.8544853134570551,2,39.48,-39.2644,16.29,22.4321,,False,False,0.0,,0.4541,53.9,2.0,50.1432,100.2864,MID,Tuesday
39928,2026-02-24T06:45:00+00:00,BEARISH,WIN,62.5,5,True,True,False,False,True,True,True,False,TRANSITION,-0.118,CHOCH,False,False,True,UPPER_SWEEP,EQUAL_LOW,11.325,0.6045771696713129,2,33.65,-20.8817,45.57,18.7321,,False,False,0.0,,0.5259,44.9,2.0,31.7232,63.4464,MID,Tuesday
39942,2026-02-24T07:55:00+00:00,BEARISH,LOSS,75.0,6,True,True,True,False,True,True,True,False,BEARISH,-0.157,BOS,False,True,False,UPPER_SWEEP,EQUAL_LOW,49.775,2.4949874686716793,3,28.02,-26.0531,42.83,19.95,,False,False,0.0,,0.5965,63.6,2.0,57.345,114.69,MID,Tuesday
39967,2026-02-25T03:45:00+00:00,BULLISH,TIMEOUT,62.5,5,True,True,False,False,True,True,True,False,RANGE,-0.006,BOS,False,True,False,LOWER_SWEEP,EQUAL_LOW,144.425,4.418112348689021,3,77.27,15.5944,60.72,32.6893,,True,False,0.0,,0.5259,54.4,2.0,148.4189,296.8379,OPENING,Wednesday
39996,2026-02-25T06:10:00+00:00,BEARISH,LOSS,62.5,5,True,True,False,False,True,True,True,False,RANGE,-0.001,BOS,False,False,True,UPPER_SWEEP,EQUAL_HIGH,16.775,1.0284659763222914,3,21.84,15.8918,64.48,16.3107,,False,True,0.0,,0.5259,54.2,2.0,31.1311,62.2621,MID,Wednesday
40008,2026-02-25T07:10:00+00:00,BEARISH,TIMEOUT,62.5,5,True,True,False,False,True,True,True,False,TRANSITION,-0.062,CHOCH,False,True,False,UPPER_SWEEP,EQUAL_HIGH,80.625,3.4666832924139293,3,26.59,-10.814,68.21,23.2571,,False,True,0.0,,0.5259,56.2,2.0,97.8757,195.7514,MID,Wednesday
40025,2026-02-25T08:35:00+00:00,BEARISH,LOSS,62.5,5,True,True,False,False,True,True,True,False,TRANSITION,-0.103,CHOCH,False,True,False,UPPER_SWEEP,EQUAL_HIGH,35.9167,1.6663898374285502,3,33.82,-28.6018,47.11,21.5536,,False,False,0.0,,0.5259,57.6,2.0,41.3054,82.6107,MID,Wednesday
40037,2026-02-25T09:35:00+00:00,BULLISH,WIN,50.0,4,True,True,False,False,True,True,False,False,TRANSITION,-0.065,CHOCH,True,True,False,LOWER_SWEEP,EQUAL_HIGH,40.9167,1.5338969072164947,3,52.01,-8.0905,3.59,26.675,,True,False,0.0,,0.4541,52.2,2.0,46.0675,92.135,CLOSING,Wednesday
40071,2026-02-26T06:10:00+00:00,BEARISH,TIMEOUT,62.5,5,True,True,False,False,True,True,True,False,TRANSITION,-0.076,CHOCH,False,True,False,UPPER_SWEEP,EQUAL_LOW,99.2167,4.050256364200454,3,30.29,-3.7406,31.25,24.4964,,False,True,0.0,,0.5259,56.7,2.0,111.9496,223.8993,MID,Thursday
40106,2026-02-26T09:05:00+00:00,BULLISH,WIN,50.0,4,True,True,False,False,True,True,False,False,TRANSITION,-0.054,BOS,False,True,False,LOWER_SWEEP,EQUAL_LOW,40.0833,1.7176814923057806,2,60.37,-1.5675,1.4,23.3357,,True,False,0.0,,0.4541,51.8,2.0,46.5836,93.1671,CLOSING,Thursday
40118,2026-02-27T03:50:00+00:00,BEARISH,WIN,62.5,5,True,True,False,False,True,True,True,False,TRANSITION,-0.103,CHOCH,True,True,False,UPPER_SWEEP,PDL,102.3,3.0790067720090293,3,41.57,-2.0418,32.59,33.225,,False,False,0.0,,0.5259,57.6,2.0,106.9225,213.845,OPENING,Friday
40144,2026-02-27T06:00:00+00:00,BEARISH,TIMEOUT,62.5,5,True,True,True,False,True,True,False,False,BEARISH,-0.168,CHOCH,False,True,False,UPPER_SWEEP,EQUAL_LOW,43.325,2.3698043441398964,3,39.92,-22.9698,4.36,18.2821,,False,False,0.0,,0.5259,59.8,2.0,59.0282,118.0564,MID,Friday
40172,2026-02-27T08:20:00+00:00,BULLISH,TIMEOUT,62.5,5,True,True,False,False,True,True,True,False,TRANSITION,-0.128,BOS,True,False,False,LOWER_SWEEP,EQUAL_HIGH,7.7,0.5186442504580235,3,70.6,-0.0782,63.52,14.8464,,True,False,0.0,,0.5259,42.4,2.0,33.0346,66.0693,MID,Friday
40186,2026-02-27T09:30:00+00:00,BEARISH,WIN,75.0,6,True,True,True,False,True,True,True,False,BEARISH,-0.22,CHOCH,False,False,True,UPPER_SWEEP,EQUAL_LOW,44.6333,1.7206825164904218,1,22.22,-10.1616,52.09,25.9393,,False,False,0.0,,0.5965,65.7,2.0,133.8939,267.7879,CLOSING,Friday
40264,2026-03-02T09:45:00+00:00,BULLISH,LOSS,62.5,5,True,True,False,False,True,True,True,False,BEARISH,-0.265,BOS,False,True,False,LOWER_SWEEP,EQUAL_HIGH,72.7,1.4295939717148836,3,70.72,42.2059,43.43,50.8536,,True,True,0.0,,0.5259,63.0,2.0,99.9354,199.8707,CLOSING,Monday
40289,2026-03-04T05:35:00+00:00,BULLISH,LOSS,62.5,5,True,True,False,False,True,True,True,False,BEARISH,-0.51,CHOCH,False,True,False,LOWER_SWEEP,EQUAL_HIGH,43.6,1.2566145190855538,2,74.62,-50.5448,57.19,34.6964,,True,False,0.0,,0.5259,71.2,2.0,78.6696,157.3393,MID,Wednesday
40312,2026-03-04T07:30:00+00:00,BULLISH,WIN,62.5,5,True,True,False,False,True,True,True,False,BEARISH,-0.477,CHOCH,False,True,False,LOWER_SWEEP,EQUAL_HIGH,39.35,2.0820105820105823,3,72.63,-7.3398,41.44,18.9,,True,False,0.0,,0.5259,70.1,2.0,44.09,88.18,MID,Wednesday
40325,2026-03-04T08:35:00+00:00,BULLISH,WIN,62.5,5,True,True,False,False,True,True,True,False,BEARISH,-0.414,CHOCH,False,True,False,LOWER_SWEEP,EQUAL_HIGH,49.875,1.8223904647415403,2,66.71,14.0511,39.49,27.3679,,True,False,0.0,,0.5259,68.0,2.0,81.5868,163.1736,MID,Wednesday
40343,2026-03-05T03:50:00+00:00,BULLISH,TIMEOUT,62.5,5,True,True,False,False,True,True,True,False,BEARISH,-0.291,CHOCH,False,True,False,LOWER_SWEEP,PDH,148.8,3.1312208815396856,3,62.38,20.1082,35.95,47.5214,,True,True,0.0,,0.5259,63.9,2.0,158.3021,316.6043,OPENING,Thursday
40395,2026-03-05T08:10:00+00:00,BEARISH,WIN,75.0,6,True,True,True,False,True,True,True,False,BEARISH,-0.275,CHOCH,True,False,False,UPPER_SWEEP,EQUAL_LOW,50.725,2.0813330379050856,2,39.99,4.9662,23.92,24.3714,,False,True,0.0,,0.5965,67.5,2.0,53.9371,107.8743,MID,Thursday
40407,2026-03-05T09:10:00+00:00,BULLISH,TIMEOUT,62.5,5,True,True,False,False,True,True,True,False,BEARISH,-0.195,CHOCH,False,True,False,LOWER_SWEEP,EQUAL_LOW,144.075,3.522616136919315,2,61.47,5.6022,30.28,40.9,,True,True,0.0,,0.5259,60.7,2.0,154.44,308.88,CLOSING,Thursday
40425,2026-03-06T04:25:00+00:00,BEARISH,TIMEOUT,75.0,6,True,True,True,False,True,True,True,False,BEARISH,-0.258,CHOCH,False,True,False,UPPER_SWEEP,EQUAL_LOW,45.65,0.9855056194329187,2,31.43,-3.3146,59.83,46.3214,,False,True,0.0,,0.5965,66.5,2.0,67.5821,135.1643,OPENING,Friday
40456,2026-03-06T07:00:00+00:00,BEARISH,TIMEOUT,62.5,5,True,True,True,False,True,True,False,False,BEARISH,-0.265,CHOCH,True,True,False,UPPER_SWEEP,EQUAL_HIGH,23.35,1.0790552374614708,3,48.65,-10.581,2.42,21.6393,,False,False,0.0,,0.5259,63.0,2.0,30.4639,60.9279,MID,Friday
40468,2026-03-06T08:00:00+00:00,BEARISH,LOSS,75.0,6,True,True,True,False,True,True,True,False,BEARISH,-0.27,CHOCH,True,False,True,UPPER_SWEEP,EQUAL_LOW,19.2125,1.0347158267763181,2,41.24,-6.6583,29.59,18.5679,,False,False,0.0,,0.5965,67.3,2.0,32.5068,65.0136,MID,Friday
40483,2026-03-06T09:15:00+00:00,BEARISH,WIN,75.0,6,True,True,True,False,True,True,True,False,BEARISH,-0.335,BOS,False,True,False,UPPER_SWEEP,PDL,72.9,2.3770783131547972,3,25.64,-15.7067,71.79,30.6679,,False,False,0.0,,0.5965,69.5,2.0,116.5668,233.1336,CLOSING,Friday
40507,2026-03-09T05:00:00+00:00,BEARISH,LOSS,62.5,5,True,True,True,False,True,True,False,False,BEARISH,-0.758,CHOCH,True,False,False,UPPER_SWEEP,EQUAL_LOW,51.75,1.2493541985543706,3,55.99,-169.4059,8.61,41.4214,,False,False,0.0,,0.5259,79.4,2.0,56.8421,113.6843,MID,Monday
40558,2026-03-09T09:15:00+00:00,BULLISH,WIN,62.5,5,True,True,False,False,True,True,True,False,BEARISH,-0.508,CHOCH,False,True,False,LOWER_SWEEP,EQUAL_HIGH,39.175,1.2152675449889407,3,67.89,14.8225,45.9,32.2357,,True,False,0.0,,0.5259,71.1,2.0,88.6736,177.3471,CLOSING,Monday
40595,2026-03-10T06:05:00+00:00,BULLISH,LOSS,62.5,5,True,True,False,False,True,True,True,False,BEARISH,-0.265,BOS,False,True,False,LOWER_SWEEP,EQUAL_HIGH,32.25,1.254863813229572,3,72.95,42.3842,49.41,25.7,,True,True,0.0,,0.5259,63.0,2.0,48.52,97.04,MID,Tuesday
40619,2026-03-10T08:05:00+00:00,BULLISH,TIMEOUT,62.5,5,True,True,False,False,True,True,True,False,BEARISH,-0.26,BOS,False,True,False,LOWER_SWEEP,EQUAL_HIGH,59.0,2.1623047970182183,3,73.88,13.0819,52.55,27.2857,,True,True,0.0,,0.5259,62.8,2.0,64.4786,128.9571,MID,Tuesday
40642,2026-03-11T03:45:00+00:00,BULLISH,LOSS,62.5,5,True,True,False,False,True,True,True,False,BEARISH,-0.218,CHOCH,False,False,True,LOWER_SWEEP,EQUAL_HIGH,30.9,0.8665000967451564,0,65.77,16.6811,23.67,35.6607,,True,True,0.0,,0.5259,57.0,2.0,70.9661,141.9321,OPENING,Wednesday
40654,2026-03-11T04:45:00+00:00,BEARISH,WIN,62.5,5,True,True,True,False,True,False,True,False,BEARISH,-0.335,CHOCH,True,False,False,UPPER_SWEEP,EQUAL_LOW,18.95,0.5097511768661735,3,13.42,-30.0296,74.03,37.175,,False,False,0.0,,0.5259,49.0,2.0,41.4175,82.835,MID,Wednesday
40666,2026-03-11T05:45:00+00:00,BEARISH,TIMEOUT,75.0,6,True,True,True,False,True,True,True,False,BEARISH,-0.39,BOS,False,True,False,UPPER_SWEEP,PDL,34.15,1.2571647345965107,3,29.34,-37.4461,52.06,27.1643,,False,False,0.0,,0.5965,71.3,2.0,74.7164,149.4329,MID,Wednesday
40689,2026-03-11T07:40:00+00:00,BEARISH,LOSS,75.0,6,True,True,True,False,True,True,True,False,BEARISH,-0.44,BOS,False,False,True,UPPER_SWEEP,EQUAL_HIGH,58.975,2.207916677586136,2,28.63,-32.0642,74.72,26.7107,,False,False,0.0,,0.5965,73.0,2.0,66.7711,133.5421,MID,Wednesday
40702,2026-03-11T08:45:00+00:00,BEARISH,LOSS,75.0,6,True,True,True,False,True,True,True,False,BEARISH,-0.44,CHOCH,False,False,True,UPPER_SWEEP,EQUAL_HIGH,26.125,0.9373407866128002,3,35.02,-23.097,28.56,27.8714,,False,False,0.0,,0.5965,70.9,2.0,48.3871,96.7743,MID,Wednesday
40717,2026-03-12T03:45:00+00:00,BEARISH,TIMEOUT,62.5,5,True,True,True,False,True,False,True,False,BEARISH,-0.647,CHOCH,False,True,False,UPPER_SWEEP,EQUAL_LOW,129.225,2.3840667409544753,3,19.94,-54.6234,76.38,54.2036,,False,False,0.0,,0.5259,75.7,2.0,321.8704,643.7407,OPENING,Thursday
40738,2026-03-12T05:30:00+00:00,BULLISH,LOSS,62.5,5,True,True,False,False,True,True,True,False,BEARISH,-0.46,BOS,False,True,False,LOWER_SWEEP,EQUAL_LOW,81.075,1.943913626217119,2,67.51,-18.1574,32.45,41.7071,,True,False,0.0,,0.5259,69.5,2.0,103.6207,207.2414,MID,Thursday
40783,2026-03-12T09:15:00+00:00,BEARISH,WIN,75.0,6,True,True,True,False,True,True,True,False,BEARISH,-0.492,CHOCH,False,True,False,UPPER_SWEEP,EQUAL_LOW,37.7833,1.0627137617568965,2,24.81,-9.0794,69.79,35.5536,,False,False,0.0,,0.5965,74.7,2.0,76.1554,152.3107,CLOSING,Thursday
40830,2026-03-13T06:55:00+00:00,BEARISH,WIN,75.0,6,True,True,True,False,True,True,True,False,BEARISH,-0.619,CHOCH,True,True,False,UPPER_SWEEP,EQUAL_LOW,34.3167,1.2021375725135217,3,40.41,-31.245,20.49,28.5464,,False,False,0.0,,0.5965,79.0,2.0,66.7046,133.4093,MID,Friday
40879,2026-03-16T04:45:00+00:00,BEARISH,WIN,62.5,5,True,True,True,False,True,True,False,False,BEARISH,-0.612,CHOCH,False,True,False,UPPER_SWEEP,PDL,98.5,1.7889347574585868,2,43.36,-9.0475,12.12,55.0607,,False,False,0.0,,0.5259,74.6,2.0,116.0061,232.0121,MID,Monday
40891,2026-03-16T05:45:00+00:00,BULLISH,TIMEOUT,50.0,4,True,True,False,False,True,True,False,False,BEARISH,-0.546,CHOCH,False,True,False,LOWER_SWEEP,EQUAL_LOW,117.85,2.3928934010152285,3,50.35,-23.4731,19.97,49.25,,True,False,0.0,,0.4541,68.2,2.0,179.725,359.45,MID,Monday
40910,2026-03-16T07:20:00+00:00,BEARISH,TIMEOUT,75.0,6,True,True,True,False,True,True,True,False,BEARISH,-0.553,CHOCH,True,True,False,UPPER_SWEEP,EQUAL_LOW,42.85,1.3218006101567343,2,43.87,0.9979,22.55,32.4179,,False,False,0.0,,0.5965,76.8,2.0,53.3918,106.7836,MID,Monday
40926,2026-03-16T08:40:00+00:00,BULLISH,WIN,50.0,4,True,True,False,False,True,True,False,False,BEARISH,-0.523,CHOCH,False,True,False,LOWER_SWEEP,EQUAL_LOW,14.8,0.4489215266971812,1,59.07,-1.5413,14.29,32.9679,,True,False,0.0,,0.4541,49.1,2.0,42.5968,85.1936,MID,Monday
40951,2026-03-17T04:30:00+00:00,BULLISH,TIMEOUT,62.5,5,True,True,False,False,True,True,True,False,BEARISH,-0.263,BOS,False,True,False,LOWER_SWEEP,PDH,70.3,1.413573929112183,3,61.77,58.9964,47.17,49.7321,,True,True,0.0,,0.5259,62.9,2.0,86.7232,173.4464,MID,Tuesday
40966,2026-03-17T05:45:00+00:00,BEARISH,TIMEOUT,75.0,6,True,True,True,False,True,True,True,False,BEARISH,-0.333,CHOCH,False,True,False,UPPER_SWEEP,EQUAL_HIGH,32.2833,0.8475687397773127,3,36.11,24.5787,34.58,38.0893,,False,True,0.0,,0.5965,64.4,2.0,93.4089,186.8179,MID,Tuesday
40984,2026-03-17T07:15:00+00:00,BULLISH,TIMEOUT,62.5,5,True,True,False,False,True,True,True,False,BEARISH,-0.288,BOS,False,True,False,LOWER_SWEEP,EQUAL_HIGH,74.775,2.209943934956274,3,73.05,0.4529,40.39,33.8357,,True,True,0.0,,0.5259,63.8,2.0,111.1836,222.3671,MID,Tuesday
41017,2026-03-18T03:45:00+00:00,BULLISH,TIMEOUT,62.5,5,True,True,False,False,True,True,True,False,TRANSITION,-0.111,CHOCH,False,True,False,LOWER_SWEEP,EQUAL_LOW,159.25,3.3400729048252256,3,71.91,27.4318,42.82,47.6786,,True,True,0.0,,0.5259,57.9,2.0,180.1179,360.2357,OPENING,Wednesday
41081,2026-03-18T09:05:00+00:00,BEARISH,WIN,62.5,5,True,True,False,False,True,True,True,False,TRANSITION,-0.113,CHOCH,True,True,False,UPPER_SWEEP,EQUAL_LOW,47.925,1.8807319647909708,2,43.27,8.8935,22.85,25.4821,,False,True,0.0,,0.5259,57.9,2.0,63.6482,127.2964,CLOSING,Wednesday
41093,2026-03-19T03:50:00+00:00,BEARISH,TIMEOUT,62.5,5,True,True,True,False,True,False,True,False,BEARISH,-0.451,BOS,False,True,False,UPPER_SWEEP,EQUAL_LOW,391.85,5.638997658632337,2,15.77,-73.9311,97.83,69.4893,,False,False,0.0,,0.5259,69.2,2.0,431.8489,863.6979,OPENING,Thursday
41128,2026-03-19T06:45:00+00:00,BULLISH,LOSS,50.0,4,True,True,False,False,True,True,False,False,BEARISH,-0.426,CHOCH,False,True,False,LOWER_SWEEP,EQUAL_HIGH,47.125,1.9691126144383486,2,61.57,-32.0242,14.74,23.9321,,True,False,0.0,,0.4541,64.2,2.0,61.2932,122.5864,MID,Thursday
41140,2026-03-19T07:45:00+00:00,BEARISH,WIN,62.5,5,True,True,True,False,True,True,False,False,BEARISH,-0.471,CHOCH,True,True,False,UPPER_SWEEP,EQUAL_LOW,59.8,2.1101438638216186,3,42.58,-20.2916,16.04,28.3393,,False,False,0.0,,0.5259,69.9,2.0,67.5339,135.0679,MID,Thursday
41158,2026-03-19T09:15:00+00:00,BEARISH,WIN,75.0,6,True,True,True,False,True,True,True,False,BEARISH,-0.554,CHOCH,False,False,True,UPPER_SWEEP,EQUAL_LOW,36.5375,1.185181941443984,2,22.45,-39.9441,59.9,30.8286,,False,False,0.0,,0.5965,76.8,2.0,66.6329,133.2657,CLOSING,Thursday
41171,2026-03-20T04:05:00+00:00,BULLISH,LOSS,62.5,5,True,True,False,False,True,True,True,False,BEARISH,-0.332,CHOCH,True,False,False,LOWER_SWEEP,EQUAL_HIGH,41.725,0.63778824665935,3,62.32,26.9137,33.86,65.4214,,True,False,0.0,,0.5259,53.2,2.0,54.0921,108.1843,OPENING,Friday
41192,2026-03-20T05:50:00+00:00,BULLISH,LOSS,62.5,5,True,True,False,False,True,True,True,False,BEARISH,-0.286,CHOCH,False,True,False,LOWER_SWEEP,EQUAL_HIGH,53.3667,1.792332493702771,3,68.7,32.0382,29.42,29.775,,True,True,0.0,,0.5259,63.7,2.0,65.4275,130.855,MID,Friday
41204,2026-03-20T06:50:00+00:00,BEARISH,LOSS,75.0,6,True,True,True,False,True,True,True,False,BEARISH,-0.407,CHOCH,False,True,False,UPPER_SWEEP,EQUAL_LOW,63.45,2.141258972533165,3,23.93,-12.2328,43.5,29.6321,,False,True,0.0,,0.5965,71.9,2.0,87.9132,175.8264,MID,Friday
41223,2026-03-20T08:25:00+00:00,BEARISH,WIN,62.5,5,True,True,True,False,True,True,False,False,BEARISH,-0.373,CHOCH,False,False,True,UPPER_SWEEP,EQUAL_LOW,66.8375,2.2131622516556293,3,44.55,-4.3156,9.5,30.2,,False,False,0.0,,0.5259,66.6,2.0,80.12,160.24,MID,Friday
41242,2026-03-23T03:45:00+00:00,BEARISH,TIMEOUT,62.5,5,True,True,True,False,True,False,True,False,BEARISH,-0.686,CHOCH,True,True,True,UPPER_SWEEP,PDL,72.2,0.9766655393980386,1,15.73,-61.9256,68.79,73.925,,False,False,0.0,,0.5259,76.3,2.0,459.7425,919.485,OPENING,Monday
41279,2026-03-23T06:50:00+00:00,BEARISH,TIMEOUT,75.0,6,True,True,True,False,True,True,True,False,BEARISH,-0.682,CHOCH,False,True,False,UPPER_SWEEP,EQUAL_LOW,56.125,1.9043886615498415,2,32.8,-45.0571,23.92,29.4714,,False,False,0.0,,0.5965,81.1,2.0,82.3471,164.6943,MID,Monday
41296,2026-03-23T08:15:00+00:00,BULLISH,TIMEOUT,62.5,5,True,True,False,False,True,True,True,False,BEARISH,-0.588,CHOCH,False,True,False,LOWER_SWEEP,EQUAL_HIGH,89.4,2.8938688177542415,3,66.21,-7.9119,41.74,30.8929,,True,False,0.0,,0.5259,73.8,2.0,114.8893,229.7786,MID,Monday
41311,2026-03-23T09:30:00+00:00,BEARISH,LOSS,75.0,6,True,True,True,False,True,True,True,False,BEARISH,-0.621,BOS,True,False,True,UPPER_SWEEP,EQUAL_LOW,137.3167,2.621798568019093,2,38.22,5.9275,30.68,52.375,,False,False,0.0,,0.5965,79.0,2.0,147.8875,295.775,CLOSING,Monday
41333,2026-03-24T05:05:00+00:00,BEARISH,TIMEOUT,75.0,6,True,True,True,False,True,True,True,False,BEARISH,-0.524,BOS,False,True,False,UPPER_SWEEP,EQUAL_HIGH,115.3,2.4363444268357104,3,25.95,22.0415,47.65,47.325,,False,True,0.0,,0.5965,75.8,2.0,139.7325,279.465,MID,Tuesday
41350,2026-03-24T06:30:00+00:00,BULLISH,WIN,62.5,5,True,True,False,False,True,True,True,False,BEARISH,-0.387,CHOCH,True,False,False,LOWER_SWEEP,EQUAL_HIGH,24.375,0.6627495336962256,3,72.86,31.14,54.92,36.7786,,True,True,0.0,,0.5259,55.8,2.0,54.3779,108.7557,MID,Tuesday
41381,2026-03-24T09:05:00+00:00,BEARISH,LOSS,75.0,6,True,True,True,False,True,True,True,False,BEARISH,-0.338,BOS,False,False,True,UPPER_SWEEP,EQUAL_LOW,80.775,1.8201340285633167,3,24.15,16.9225,40.43,44.3786,,False,True,0.0,,0.5965,69.6,2.0,104.9379,209.8757,CLOSING,Tuesday
41393,2026-03-25T03:50:00+00:00,BULLISH,TIMEOUT,62.5,5,True,True,False,False,True,True,True,False,TRANSITION,-0.087,CHOCH,False,True,False,LOWER_SWEEP,EQUAL_HIGH,223.375,4.542450432130147,3,77.37,35.2352,49.77,49.175,,True,True,0.0,,0.5259,57.1,2.0,278.3675,556.735,OPENING,Wednesday
41410,2026-03-25T05:15:00+00:00,BULLISH,WIN,50.0,4,True,True,False,False,True,False,True,False,RANGE,0.012,CHOCH,True,True,False,LOWER_SWEEP,EQUAL_HIGH,18.85,0.5821117222169038,3,84.14,86.6396,61.67,32.3821,,True,True,0.0,,0.4541,36.5,2.0,63.8382,127.6764,MID,Wednesday
41453,2026-03-25T08:50:00+00:00,BEARISH,TIMEOUT,50.0,4,True,True,False,False,True,True,False,False,TRANSITION,-0.087,CHOCH,False,True,False,UPPER_SWEEP,EQUAL_LOW,77.275,2.3834566058220807,3,34.37,-1.0486,18.31,32.4214,,False,True,0.0,,0.4541,52.9,2.0,129.7421,259.4843,MID,Wednesday
41467,2026-03-27T03:45:00+00:00,BEARISH,TIMEOUT,62.5,5,True,True,True,False,True,False,True,False,BEARISH,-0.3,BOS,True,True,True,UPPER_SWEEP,PDL,248.2,4.882741417332748,3,18.28,-45.6387,76.6,50.8321,,False,False,0.0,,0.5259,64.2,2.0,274.6832,549.3664,OPENING,Friday
41486,2026-03-27T05:20:00+00:00,BEARISH,TIMEOUT,75.0,6,True,True,True,False,True,True,True,False,BEARISH,-0.35,BOS,False,True,False,UPPER_SWEEP,EQUAL_LOW,47.525,1.5622226459005832,3,30.46,-71.4985,29.14,30.4214,,False,False,0.0,,0.5965,70.0,2.0,71.3421,142.6843,MID,Friday
41508,2026-03-27T07:10:00+00:00,BULLISH,LOSS,50.0,4,True,True,False,False,True,True,False,False,BEARISH,-0.312,CHOCH,True,False,False,LOWER_SWEEP,EQUAL_LOW,25.3,1.0552659019812305,3,58.79,-22.3181,13.99,23.975,,True,False,0.0,,0.4541,60.4,2.0,43.0475,86.095,MID,Friday
41531,2026-03-27T09:05:00+00:00,BEARISH,WIN,62.5,5,True,True,True,False,True,False,True,False,BEARISH,-0.394,BOS,False,True,False,UPPER_SWEEP,EQUAL_LOW,25.5833,0.9689322668121014,3,17.19,-25.1467,67.98,26.4036,,False,False,0.0,,0.5259,66.3,2.0,70.9904,141.9807,CLOSING,Friday
41543,2026-03-30T03:50:00+00:00,BEARISH,TIMEOUT,62.5,5,True,True,True,False,True,False,True,False,BEARISH,-0.591,BOS,False,True,False,UPPER_SWEEP,EQUAL_LOW,212.7,4.111280991655665,2,11.95,-70.2865,88.12,51.7357,,False,False,0.0,,0.5259,73.9,2.0,315.3736,630.7471,OPENING,Monday
41596,2026-03-30T08:15:00+00:00,BEARISH,WIN,62.5,5,True,True,True,False,True,False,True,False,BEARISH,-0.552,BOS,False,True,False,UPPER_SWEEP,EQUAL_LOW,46.875,1.7047686242562663,2,15.69,-20.2242,58.64,27.4964,,False,False,0.0,,0.5259,72.6,2.0,56.8496,113.6993,MID,Monday
41617,2026-04-01T03:45:00+00:00,BULLISH,TIMEOUT,50.0,4,True,True,False,False,True,False,True,False,TRANSITION,-0.124,CHOCH,True,True,True,LOWER_SWEEP,EQUAL_LOW,554.6167,7.961687149282163,3,85.44,10.6558,68.53,69.6607,,True,False,0.0,,0.4541,54.1,2.0,568.8161,1137.6321,OPENING,Wednesday
41631,2026-04-01T04:55:00+00:00,BEARISH,TIMEOUT,62.5,5,True,True,True,False,False,True,True,False,BEARISH,-0.215,CHOCH,False,True,False,UPPER_SWEEP,EQUAL_LOW,79.7,1.8285813925209415,3,39.3,101.6156,26.01,43.5857,,True,True,0.0,,0.5259,61.3,2.0,115.3086,230.6171,MID,Wednesday
41650,2026-04-01T06:30:00+00:00,BULLISH,TIMEOUT,50.0,4,True,True,False,False,True,True,False,False,BEARISH,-0.185,CHOCH,False,True,False,LOWER_SWEEP,EQUAL_LOW,91.15,2.8382994491550493,1,58.74,17.9911,17.75,32.1143,,True,True,0.0,,0.4541,56.2,2.0,105.3614,210.7229,MID,Wednesday
41667,2026-04-01T07:55:00+00:00,BEARISH,WIN,62.5,5,True,True,True,False,True,True,False,False,BEARISH,-0.218,CHOCH,False,True,False,UPPER_SWEEP,EQUAL_LOW,77.6,2.8488250432279827,2,41.68,14.5617,15.64,27.2393,,False,True,0.0,,0.5259,61.4,2.0,92.7239,185.4479,MID,Wednesday
41681,2026-04-01T09:05:00+00:00,BEARISH,WIN,75.0,6,True,True,True,False,True,True,True,False,BEARISH,-0.327,CHOCH,False,True,False,UPPER_SWEEP,PDH,29.0,0.7219066300900641,3,28.52,-27.6554,63.69,40.1714,,False,False,0.0,,0.5965,60.0,2.0,79.3671,158.7343,CLOSING,Wednesday
41693,2026-04-02T03:50:00+00:00,BEARISH,TIMEOUT,62.5,5,True,True,True,False,True,False,True,False,BEARISH,-0.626,CHOCH,False,True,False,UPPER_SWEEP,EQUAL_LOW,251.075,3.8595096966194027,2,15.29,-84.0118,81.0,65.0536,,False,False,0.0,,0.5259,75.0,2.0,460.6554,921.3107,OPENING,Thursday
41731,2026-04-02T07:00:00+00:00,BULLISH,WIN,62.5,5,True,True,False,False,True,True,True,False,BEARISH,-0.487,BOS,False,True,False,LOWER_SWEEP,EQUAL_HIGH,64.425,2.407124415732898,2,79.85,-4.5193,49.68,26.7643,,True,False,0.0,,0.5259,70.4,2.0,87.9764,175.9529,MID,Thursday
41743,2026-04-02T08:00:00+00:00,BULLISH,WIN,50.0,4,True,True,False,False,True,False,True,False,BEARISH,-0.343,BOS,False,True,False,LOWER_SWEEP,EQUAL_LOW,94.925,2.2581995779777664,3,86.23,46.1157,70.4,42.0357,,True,True,0.0,,0.4541,61.4,2.0,135.7036,271.4071,MID,Thursday
41762,2026-04-02T09:35:00+00:00,BULLISH,LOSS,62.5,5,True,True,False,False,True,True,True,False,BEARISH,-0.156,BOS,False,True,False,LOWER_SWEEP,EQUAL_LOW,127.525,2.5008383520058675,3,74.09,75.8319,52.48,50.9929,,True,True,0.0,,0.5259,59.4,2.0,141.8493,283.6986,CLOSING,Thursday
41775,2026-04-06T04:25:00+00:00,BEARISH,TIMEOUT,75.0,6,True,True,True,False,True,True,True,False,BEARISH,-0.284,CHOCH,False,True,False,UPPER_SWEEP,EQUAL_LOW,120.25,1.7829897587440637,3,37.25,13.4818,25.28,67.4429,,False,True,0.0,,0.5965,67.8,2.0,151.7943,303.5886,OPENING,Monday
41789,2026-04-06T05:35:00+00:00,BEARISH,LOSS,62.5,5,True,True,True,False,True,True,False,False,BEARISH,-0.275,CHOCH,False,True,False,UPPER_SWEEP,EQUAL_LOW,76.0333,1.828510344595391,3,53.81,0.4425,0.6,41.5821,,False,True,0.0,,0.5259,63.3,2.0,84.8082,169.6164,MID,Monday
41805,2026-04-06T06:55:00+00:00,BULLISH,LOSS,62.5,5,True,True,False,False,True,True,True,False,BEARISH,-0.176,BOS,False,True,False,LOWER_SWEEP,EQUAL_HIGH,53.8167,1.5477288806317835,2,77.41,18.4105,84.65,34.7714,,True,True,0.0,,0.5259,60.0,2.0,63.7771,127.5543,MID,Monday
41817,2026-04-06T07:55:00+00:00,BULLISH,WIN,62.5,5,True,True,False,False,True,True,True,False,TRANSITION,-0.072,CHOCH,True,False,False,LOWER_SWEEP,EQUAL_HIGH,15.25,0.33023954818898793,3,73.09,58.5618,50.3,46.1786,,True,True,0.0,,0.5259,34.2,2.0,58.6179,117.2357,MID,Monday
41837,2026-04-06T09:35:00+00:00,BULLISH,LOSS,62.5,5,True,True,False,False,True,True,True,False,RANGE,-0.011,BOS,False,True,False,LOWER_SWEEP,EQUAL_HIGH,49.7167,1.5314268288550807,2,73.53,45.2323,39.2,32.4643,,True,True,0.0,,0.5259,54.5,2.0,92.2964,184.5929,CLOSING,Monday
41851,2026-04-07T04:30:00+00:00,BULLISH,TIMEOUT,62.5,5,True,True,False,False,True,True,True,False,TRANSITION,-0.066,CHOCH,False,True,False,LOWER_SWEEP,EQUAL_HIGH,96.375,1.5851151315789473,3,44.39,-0.6833,30.51,60.8,,True,True,0.0,,0.5259,56.4,2.0,116.73,233.46,MID,Tuesday
41863,2026-04-07T05:30:00+00:00,BEARISH,LOSS,50.0,4,True,True,False,False,True,True,False,False,TRANSITION,-0.121,CHOCH,True,False,False,UPPER_SWEEP,EQUAL_LOW,75.85,1.7515864731800588,3,51.25,1.6725,3.65,43.3036,,False,True,0.0,,0.4541,54.0,2.0,114.7304,229.4607,MID,Tuesday
41890,2026-04-07T07:45:00+00:00,BULLISH,WIN,50.0,4,True,True,False,False,True,True,False,False,RANGE,-0.044,CHOCH,False,True,False,LOWER_SWEEP,EQUAL_HIGH,59.775,2.080679183809862,1,54.53,7.4303,7.11,28.7286,,True,True,0.0,,0.4541,51.5,2.0,64.0229,128.0457,MID,Tuesday
41905,2026-04-07T09:00:00+00:00,BULLISH,WIN,62.5,5,True,True,False,False,True,True,True,False,RANGE,-0.001,CHOCH,False,True,False,LOWER_SWEEP,PDH,16.2,0.38574734977283764,2,63.93,21.3788,27.29,41.9964,,True,True,0.0,,0.5259,33.7,2.0,56.2496,112.4993,CLOSING,Tuesday
41917,2026-04-08T03:45:00+00:00,BULLISH,TIMEOUT,62.5,5,True,True,True,False,True,False,True,False,BULLISH,0.659,BOS,False,True,True,LOWER_SWEEP,PDH,47.75,0.5286881116589293,3,94.44,103.0981,94.59,90.3179,,True,True,0.0,,0.5259,60.4,2.0,802.8818,1605.7636,OPENING,Wednesday
41968,2026-04-08T08:00:00+00:00,BULLISH,LOSS,62.5,5,True,True,True,False,True,True,False,False,BULLISH,0.517,BOS,True,False,False,LOWER_SWEEP,EQUAL_HIGH,11.675,0.47911391625868466,3,56.57,25.2552,8.94,24.3679,,True,True,0.0,,0.5259,54.0,2.0,31.3868,62.7736,MID,Wednesday
41999,2026-04-09T04:20:00+00:00,BEARISH,TIMEOUT,62.5,5,True,True,False,False,True,True,True,False,BULLISH,0.275,BOS,False,True,False,UPPER_SWEEP,PDL,100.85,2.0581632653061224,3,21.3,-32.5777,64.73,49.0,,False,True,0.0,,0.5259,63.3,2.0,129.2,258.4,OPENING,Thursday
42023,2026-04-09T06:20:00+00:00,BULLISH,LOSS,75.0,6,True,True,True,False,True,True,True,False,BULLISH,0.32,BOS,True,False,False,LOWER_SWEEP,EQUAL_HIGH,26.1875,0.9353881213298852,2,76.24,-4.9058,45.59,27.9964,,True,False,0.0,,0.5965,66.8,2.0,40.4996,80.9993,MID,Thursday
42041,2026-04-09T07:50:00+00:00,BEARISH,WIN,50.0,4,True,True,False,False,True,False,True,False,BULLISH,0.218,BOS,False,True,False,UPPER_SWEEP,EQUAL_LOW,34.325,1.3804933177286312,3,18.43,-16.9566,94.45,24.8643,,False,False,0.0,,0.4541,57.3,2.0,52.2364,104.4729,MID,Thursday
42067,2026-04-10T03:45:00+00:00,BULLISH,TIMEOUT,75.0,6,True,True,True,False,True,True,True,False,BULLISH,0.338,CHOCH,False,True,True,LOWER_SWEEP,EQUAL_LOW,190.8,4.123176661264182,1,79.82,9.5957,69.04,46.275,,True,False,0.0,,0.5965,69.6,2.0,211.9275,423.855,OPENING,Friday
42079,2026-04-10T04:45:00+00:00,BULLISH,TIMEOUT,75.0,6,True,True,True,False,True,True,True,False,BULLISH,0.361,BOS,False,True,False,LOWER_SWEEP,EQUAL_HIGH,93.15,2.0262598050092016,2,77.32,55.9641,55.86,45.9714,,True,True,0.0,,0.5965,70.4,2.0,102.4471,204.8943,MID,Friday
42101,2026-04-10T06:35:00+00:00,BULLISH,TIMEOUT,62.5,5,True,True,True,False,True,True,False,False,BULLISH,0.326,CHOCH,False,True,False,LOWER_SWEEP,EQUAL_HIGH,44.8875,1.9721493627173154,3,54.4,16.7037,10.98,22.7607,,True,True,0.0,,0.5259,65.0,2.0,53.2761,106.5521,MID,Friday
42137,2026-04-10T09:35:00+00:00,BULLISH,LOSS,62.5,5,True,True,True,False,True,True,False,False,BULLISH,0.335,BOS,False,True,False,LOWER_SWEEP,EQUAL_HIGH,43.2,1.2729956947992824,3,54.54,4.6568,12.1,33.9357,,True,True,0.0,,0.5259,65.3,2.0,72.5936,145.1871,CLOSING,Friday
42173,2026-04-13T06:20:00+00:00,BULLISH,TIMEOUT,62.5,5,True,True,False,False,True,True,True,False,TRANSITION,0.13,BOS,False,True,False,LOWER_SWEEP,EQUAL_HIGH,22.1,1.0554316524430138,3,78.63,-1.6771,53.05,20.9393,,True,False,0.0,,0.5259,58.5,2.0,62.1439,124.2879,MID,Monday
42193,2026-04-13T08:00:00+00:00,BULLISH,WIN,62.5,5,True,True,True,False,True,True,False,False,BULLISH,0.162,CHOCH,True,False,False,LOWER_SWEEP,EQUAL_LOW,11.2667,0.41933682945075723,3,60.44,14.4601,12.38,26.8679,,True,True,0.0,,0.5259,40.2,2.0,43.4368,86.8736,MID,Monday
42211,2026-04-13T09:30:00+00:00,BEARISH,LOSS,50.0,4,True,True,False,False,True,True,False,False,BULLISH,0.15,CHOCH,False,False,True,UPPER_SWEEP,EQUAL_HIGH,47.3167,1.7192693685640992,1,35.69,13.2975,18.68,27.5214,,False,True,0.0,,0.4541,55.0,2.0,61.3521,122.7043,CLOSING,Monday
42266,2026-04-15T07:50:00+00:00,BEARISH,LOSS,62.5,5,True,True,False,False,True,True,True,False,BULLISH,0.328,CHOCH,True,False,True,UPPER_SWEEP,EQUAL_LOW,38.25,1.9186685192895157,0,37.84,7.1347,29.78,19.9357,,False,True,0.0,,0.5259,65.1,2.0,42.7936,85.5871,MID,Wednesday
42279,2026-04-15T08:55:00+00:00,BULLISH,WIN,75.0,6,True,True,True,False,True,True,True,False,BULLISH,0.345,CHOCH,True,False,False,LOWER_SWEEP,EQUAL_HIGH,9.85,0.44620611551528877,0,49.85,5.4577,29.07,22.075,,True,True,0.0,,0.5965,51.4,2.0,21.1575,42.315,MID,Wednesday
42291,2026-04-15T09:55:00+00:00,BEARISH,LOSS,50.0,4,True,True,False,False,True,True,False,False,BULLISH,0.319,CHOCH,False,False,True,UPPER_SWEEP,EQUAL_HIGH,18.25,0.97817988862149,3,44.44,3.4717,2.46,18.6571,,False,True,0.0,,0.4541,59.9,2.0,32.4657,64.9314,CLOSING,Wednesday
42321,2026-04-16T06:10:00+00:00,BEARISH,WIN,62.5,5,True,True,False,False,True,True,True,False,BULLISH,0.295,CHOCH,False,True,False,UPPER_SWEEP,EQUAL_HIGH,34.8,1.508361001066255,2,28.69,-0.9287,41.07,23.0714,,False,True,0.0,,0.5259,64.0,2.0,51.8571,103.7143,MID,Thursday
42336,2026-04-16T07:25:00+00:00,BEARISH,WIN,62.5,5,True,True,False,False,True,True,True,False,BULLISH,0.2,BOS,True,False,False,UPPER_SWEEP,PDL,23.45,0.8035747941375021,3,28.97,-39.9555,67.76,29.1821,,False,False,0.0,,0.5259,54.3,2.0,27.6182,55.2364,MID,Thursday
42348,2026-04-16T08:25:00+00:00,BULLISH,TIMEOUT,75.0,6,True,True,True,False,True,True,True,False,BULLISH,0.232,CHOCH,True,True,False,LOWER_SWEEP,EQUAL_LOW,27.325,1.1136833267442952,3,62.39,-16.3803,30.87,24.5357,,True,False,0.0,,0.5965,66.1,2.0,63.5536,127.1071,MID,Thursday
42360,2026-04-16T09:25:00+00:00,BULLISH,LOSS,75.0,6,True,True,True,False,True,True,True,False,BULLISH,0.268,BOS,True,False,False,LOWER_SWEEP,EQUAL_HIGH,11.75,0.47896429575943356,3,71.16,15.0395,43.89,24.5321,,True,False,0.0,,0.5965,49.9,2.0,20.0032,40.0064,CLOSING,Thursday
42377,2026-04-17T04:35:00+00:00,BULLISH,TIMEOUT,75.0,6,True,True,True,False,True,True,True,False,BULLISH,0.263,CHOCH,False,True,False,LOWER_SWEEP,EQUAL_HIGH,33.55,0.8431915112856974,1,66.77,15.0405,21.16,39.7893,,True,True,0.0,,0.5965,61.9,2.0,61.8789,123.7579,MID,Friday
42398,2026-04-17T06:20:00+00:00,BULLISH,LOSS,75.0,6,True,True,True,False,True,True,True,False,BULLISH,0.295,CHOCH,False,False,True,LOWER_SWEEP,EQUAL_LOW,18.85,1.201180151533496,1,73.02,17.801,33.64,15.6929,,True,True,0.0,,0.5965,68.2,2.0,39.5693,79.1386,MID,Friday
42414,2026-04-17T07:40:00+00:00,BULLISH,WIN,75.0,6,True,True,True,False,True,True,True,False,BULLISH,0.255,CHOCH,False,True,False,LOWER_SWEEP,EQUAL_HIGH,19.525,1.4050401542845627,3,63.88,3.8549,24.29,13.8964,,True,True,0.0,,0.5965,66.8,2.0,26.5396,53.0793,MID,Friday
42432,2026-04-17T09:10:00+00:00,BULLISH,LOSS,75.0,6,True,True,True,False,True,True,True,False,BULLISH,0.291,BOS,False,True,False,LOWER_SWEEP,EQUAL_HIGH,25.75,1.8463546148109906,2,72.65,13.1482,60.03,13.9464,,True,True,0.0,,0.5965,68.0,2.0,37.0946,74.1893,CLOSING,Friday
42467,2026-04-20T05:50:00+00:00,BULLISH,TIMEOUT,75.0,6,True,True,True,False,True,True,True,False,BULLISH,0.329,CHOCH,False,True,False,LOWER_SWEEP,EQUAL_HIGH,48.4,1.9496475327291036,2,74.3,23.0426,39.94,24.825,,True,True,0.0,,0.5965,69.3,2.0,61.7325,123.465,MID,Monday
42490,2026-04-20T07:45:00+00:00,BEARISH,WIN,62.5,5,True,True,False,False,True,True,True,False,BULLISH,0.272,CHOCH,True,False,True,UPPER_SWEEP,EQUAL_LOW,46.825,2.2252161061450657,3,37.07,2.0366,45.85,21.0429,,False,True,0.0,,0.5259,63.2,2.0,50.4043,100.8086,MID,Monday
42504,2026-04-20T08:55:00+00:00,BULLISH,LOSS,62.5,5,True,True,True,False,True,True,False,False,BULLISH,0.283,CHOCH,False,True,False,LOWER_SWEEP,EQUAL_LOW,36.275,1.5342872490261346,3,54.85,-6.8145,1.93,23.6429,,True,True,0.0,,0.5259,63.6,2.0,53.5643,107.1286,MID,Monday
42516,2026-04-20T09:55:00+00:00,BEARISH,LOSS,62.5,5,True,True,False,False,True,True,True,False,BULLISH,0.205,BOS,True,False,False,UPPER_SWEEP,EQUAL_LOW,32.5,1.335684137415184,3,31.76,-18.7004,37.19,24.3321,,False,False,0.0,,0.5259,61.0,2.0,68.5832,137.1664,CLOSING,Monday
42536,2026-04-21T05:20:00+00:00,BULLISH,LOSS,75.0,6,True,True,True,False,True,True,True,False,BULLISH,0.336,BOS,True,False,False,LOWER_SWEEP,EQUAL_HIGH,14.15,0.7041062080770686,2,74.99,29.2843,55.16,20.0964,,True,True,0.0,,0.5965,59.7,2.0,28.5096,57.0193,MID,Tuesday
42552,2026-04-21T06:40:00+00:00,BULLISH,TIMEOUT,62.5,5,True,True,True,False,True,True,False,False,BULLISH,0.326,CHOCH,False,True,False,LOWER_SWEEP,EQUAL_HIGH,5.05,0.3197639445573644,3,53.61,14.7638,15.04,15.7929,,True,True,0.0,,0.5259,42.4,2.0,35.6293,71.2586,MID,Tuesday
42568,2026-04-21T08:00:00+00:00,BULLISH,LOSS,62.5,5,True,True,True,False,True,True,False,False,BULLISH,0.325,CHOCH,False,True,False,LOWER_SWEEP,EQUAL_HIGH,31.925,1.86735219110456,2,55.31,6.8733,9.45,17.0964,,True,True,0.0,,0.5259,65.0,2.0,33.9096,67.8193,MID,Tuesday
42592,2026-04-22T03:45:00+00:00,BEARISH,WIN,62.5,5,True,True,False,False,True,True,True,False,BULLISH,0.217,CHOCH,False,True,False,UPPER_SWEEP,EQUAL_LOW,80.425,2.5310778914240757,3,27.35,1.3107,43.9,31.775,,False,True,0.0,,0.5259,61.4,2.0,125.5775,251.155,OPENING,Wednesday
42609,2026-04-22T05:10:00+00:00,BULLISH,TIMEOUT,62.5,5,True,True,True,False,False,True,True,False,BULLISH,0.178,CHOCH,False,True,False,LOWER_SWEEP,EQUAL_LOW,52.275,2.343424290920828,3,37.4,-36.7247,34.82,22.3071,,False,False,0.0,,0.5259,60.1,2.0,54.5307,109.0614,MID,Wednesday
42622,2026-04-22T06:15:00+00:00,BEARISH,TIMEOUT,50.0,4,True,True,False,False,True,True,False,False,BULLISH,0.172,CHOCH,False,True,False,UPPER_SWEEP,EQUAL_LOW,33.7167,1.853655720670944,3,51.65,-8.5769,3.99,18.1893,,False,False,0.0,,0.4541,55.7,2.0,44.7689,89.5379,MID,Wednesday
42637,2026-04-22T07:30:00+00:00,BULLISH,LOSS,62.5,5,True,True,True,False,True,True,False,False,BULLISH,0.185,CHOCH,True,False,False,LOWER_SWEEP,EQUAL_HIGH,17.2667,1.1015438596491227,2,57.03,-3.3309,4.51,15.675,,True,False,0.0,,0.5259,60.3,2.0,26.5175,53.035,MID,Wednesday
42652,2026-04-22T08:45:00+00:00,BEARISH,TIMEOUT,62.5,5,True,True,False,False,True,True,True,False,BULLISH,0.166,CHOCH,False,True,False,UPPER_SWEEP,EQUAL_LOW,43.2375,2.057880032554841,3,41.7,-1.6006,34.72,21.0107,,False,False,0.0,,0.5259,59.7,2.0,57.0011,114.0021,MID,Wednesday
42666,2026-04-22T09:55:00+00:00,BEARISH,WIN,62.5,5,True,True,False,False,True,True,True,False,TRANSITION,0.14,BOS,False,True,False,UPPER_SWEEP,EQUAL_LOW,20.5875,1.311005119845131,2,32.57,-12.3746,34.54,15.7036,,False,False,0.0,,0.5259,58.8,2.0,26.5704,53.1407,CLOSING,Wednesday
42682,2026-04-23T05:00:00+00:00,BEARISH,WIN,62.5,5,True,True,False,False,True,True,True,False,RANGE,0.048,BOS,False,True,False,UPPER_SWEEP,EQUAL_LOW,28.325,0.9059854210713177,2,57.82,-28.9471,22.39,31.2643,,False,False,0.0,,0.5259,52.6,2.0,50.4264,100.8529,MID,Thursday
42705,2026-04-23T06:55:00+00:00,BEARISH,LOSS,50.0,4,True,True,False,False,True,True,False,False,RANGE,0.017,CHOCH,False,False,True,UPPER_SWEEP,EQUAL_LOW,40.925,2.186001046930251,1,46.6,-15.0221,9.58,18.7214,,False,False,0.0,,0.4541,50.6,2.0,53.2721,106.5443,MID,Thursday
42717,2026-04-23T07:55:00+00:00,BULLISH,LOSS,62.5,5,True,True,False,False,True,True,True,False,TRANSITION,0.092,BOS,True,True,False,LOWER_SWEEP,EQUAL_LOW,55.125,2.564800468992086,2,66.37,6.1705,29.37,21.4929,,True,False,0.0,,0.5259,57.2,2.0,65.3993,130.7986,MID,Thursday
42731,2026-04-23T09:05:00+00:00,BEARISH,WIN,50.0,4,True,True,False,False,True,False,True,False,RANGE,0.025,CHOCH,False,True,False,UPPER_SWEEP,EQUAL_LOW,28.3833,1.4483935824947438,3,18.41,-9.3368,54.85,19.5964,,False,False,0.0,,0.4541,50.8,2.0,44.2096,88.4193,CLOSING,Thursday
42743,2026-04-24T03:50:00+00:00,BEARISH,WIN,50.0,4,True,True,False,False,True,False,True,False,RANGE,-0.035,CHOCH,False,True,True,UPPER_SWEEP,PDL,71.2,2.396733440827277,1,19.8,-22.6805,48.09,29.7071,,False,False,0.0,,0.4541,51.2,2.0,117.8707,235.7414,OPENING,Friday
42760,2026-04-24T05:15:00+00:00,BEARISH,TIMEOUT,62.5,5,True,True,False,False,True,True,True,False,TRANSITION,-0.142,BOS,False,True,False,UPPER_SWEEP,EQUAL_LOW,30.525,1.1907223130244151,3,30.48,-55.0564,49.49,25.6357,,False,False,0.0,,0.5259,58.9,2.0,53.5636,107.1271,MID,Friday
42773,2026-04-24T06:20:00+00:00,BEARISH,TIMEOUT,62.5,5,True,True,False,False,True,True,True,False,TRANSITION,-0.143,CHOCH,False,True,False,UPPER_SWEEP,EQUAL_LOW,33.575,1.7406023028311033,3,36.65,-33.5237,27.21,19.2893,,False,False,0.0,,0.5259,58.9,2.0,45.3789,90.7579,MID,Friday
42788,2026-04-24T07:35:00+00:00,BEARISH,WIN,50.0,4,True,True,False,False,True,True,False,False,TRANSITION,-0.136,CHOCH,False,True,False,UPPER_SWEEP,EQUAL_LOW,20.725,1.0109756097560976,2,43.67,-20.6515,15.12,20.5,,False,False,0.0,,0.4541,54.5,2.0,46.3,92.6,MID,Friday
42805,2026-04-24T09:00:00+00:00,BULLISH,WIN,50.0,4,True,True,False,False,True,True,False,False,TRANSITION,-0.097,CHOCH,False,True,False,LOWER_SWEEP,EQUAL_LOW,58.175,2.6209205096321924,3,61.63,-8.757,8.81,22.1964,,True,False,0.0,,0.4541,53.2,2.0,68.9196,137.8393,CLOSING,Friday
42817,2026-04-27T03:45:00+00:00,BULLISH,TIMEOUT,62.5,5,True,True,False,False,True,True,True,False,RANGE,0.003,CHOCH,True,True,True,LOWER_SWEEP,EQUAL_HIGH,46.175,1.4139344889778944,3,76.03,15.2804,57.58,32.6571,,True,False,0.0,,0.5259,54.3,2.0,129.1157,258.2314,OPENING,Monday
42844,2026-04-27T06:00:00+00:00,BEARISH,TIMEOUT,62.5,5,True,True,False,False,True,True,True,False,RANGE,-0.009,CHOCH,False,True,False,UPPER_SWEEP,EQUAL_HIGH,5.0,0.175241219538695,3,39.97,12.5208,32.3,28.5321,,False,True,0.0,,0.5259,27.0,2.0,66.2032,132.4064,MID,Monday
42857,2026-04-27T07:05:00+00:00,BULLISH,TIMEOUT,62.5,5,True,True,False,False,True,True,True,False,RANGE,0.04,CHOCH,False,True,False,LOWER_SWEEP,EQUAL_HIGH,41.3,1.8812404343706723,3,65.81,10.0798,22.91,21.9536,,True,True,0.0,,0.5259,55.5,2.0,49.6454,99.2907,MID,Monday
42880,2026-04-27T09:00:00+00:00,BEARISH,LOSS,50.0,4,True,True,False,False,True,True,False,False,RANGE,0.038,CHOCH,False,False,True,UPPER_SWEEP,EQUAL_HIGH,33.1,2.1837950531434114,3,34.34,11.4578,17.89,15.1571,,False,True,0.0,,0.4541,51.3,2.0,42.0157,84.0314,CLOSING,Monday
42894,2026-04-28T03:55:00+00:00,BULLISH,TIMEOUT,62.5,5,True,True,False,False,True,True,True,False,TRANSITION,0.057,CHOCH,False,False,True,LOWER_SWEEP,EQUAL_HIGH,108.5833,3.6350254758732428,2,58.92,1.8887,20.07,29.8714,,True,True,0.0,,0.5259,56.1,2.0,119.0871,238.1743,OPENING,Tuesday
42908,2026-04-28T05:05:00+00:00,BEARISH,WIN,50.0,4,True,True,False,False,False,True,True,False,TRANSITION,0.069,CHOCH,False,True,False,UPPER_SWEEP,EQUAL_LOW,19.275,0.8950254693369614,2,58.01,15.0154,25.92,21.5357,,True,True,0.0,,0.4541,48.8,2.0,44.1536,88.3071,MID,Tuesday
42925,2026-04-28T06:30:00+00:00,BEARISH,TIMEOUT,50.0,4,True,True,False,False,True,False,True,False,RANGE,-0.006,BOS,False,True,False,UPPER_SWEEP,EQUAL_LOW,30.225,1.342909570757672,3,18.68,-19.3747,62.76,22.5071,,False,False,0.0,,0.4541,50.2,2.0,56.5507,113.1014,MID,Tuesday
42943,2026-04-28T08:00:00+00:00,BEARISH,TIMEOUT,50.0,4,True,True,False,False,True,True,False,False,RANGE,-0.03,CHOCH,False,True,False,UPPER_SWEEP,EQUAL_LOW,19.8833,0.9199141309225836,1,44.45,-18.5305,14.64,21.6143,,False,False,0.0,,0.4541,48.3,2.0,52.2614,104.5229,MID,Tuesday
42960,2026-04-28T09:25:00+00:00,BULLISH,LOSS,62.5,5,True,True,False,False,True,True,True,False,RANGE,0.006,CHOCH,True,False,False,LOWER_SWEEP,EQUAL_HIGH,23.5333,1.0126509834633572,3,68.13,-0.7301,47.39,23.2393,,True,False,0.0,,0.5259,54.4,2.0,29.3739,58.7479,CLOSING,Tuesday
42973,2026-04-29T04:15:00+00:00,BULLISH,WIN,62.5,5,True,True,False,False,True,True,True,False,TRANSITION,0.102,CHOCH,False,True,False,LOWER_SWEEP,EQUAL_HIGH,38.23,1.0034120734908136,2,67.88,29.3013,44.11,38.1,,True,True,0.0,,0.5259,57.6,2.0,81.21,162.42,OPENING,Wednesday
43003,2026-04-29T06:45:00+00:00,BULLISH,TIMEOUT,62.5,5,True,True,True,False,True,True,False,False,BULLISH,0.175,CHOCH,False,True,False,LOWER_SWEEP,EQUAL_HIGH,25.1333,1.5222431514109032,2,54.47,26.6717,0.56,16.5107,,True,True,0.0,,0.5259,60.0,2.0,35.6511,71.3021,MID,Wednesday
43019,2026-04-29T08:05:00+00:00,BEARISH,WIN,62.5,5,True,True,False,False,True,True,True,False,BULLISH,0.151,CHOCH,False,False,True,UPPER_SWEEP,EQUAL_HIGH,33.1667,2.0582153739225406,3,37.84,12.5016,20.79,16.1143,,False,True,0.0,,0.5259,59.2,2.0,42.4614,84.9229,MID,Wednesday
43038,2026-04-29T09:40:00+00:00,BEARISH,WIN,62.5,5,True,True,False,False,True,True,True,False,TRANSITION,0.063,CHOCH,True,False,False,UPPER_SWEEP,EQUAL_HIGH,38.2,1.5947498497094383,2,42.36,-23.9813,46.21,23.9536,,False,False,0.0,,0.5259,56.3,2.0,42.0454,84.0907,CLOSING,Wednesday
43051,2026-04-30T04:30:00+00:00,BEARISH,TIMEOUT,62.5,5,True,True,True,False,True,False,True,False,BEARISH,-0.166,BOS,False,True,False,UPPER_SWEEP,EQUAL_LOW,92.525,1.9654806160382368,3,15.38,-94.3354,76.22,47.075,,False,False,0.0,,0.5259,59.7,2.0,111.5575,223.115,MID,Thursday
43077,2026-04-30T06:40:00+00:00,BULLISH,TIMEOUT,62.5,5,True,True,False,False,True,True,True,False,TRANSITION,-0.093,BOS,False,True,False,LOWER_SWEEP,EQUAL_HIGH,21.7167,0.9600068961249082,2,72.82,-17.342,63.21,22.6214,,True,False,0.0,,0.5259,55.9,2.0,71.6621,143.3243,MID,Thursday
43091,2026-04-30T07:50:00+00:00,BULLISH,WIN,62.5,5,True,True,False,False,True,True,True,False,RANGE,-0.036,BOS,False,False,True,LOWER_SWEEP,EQUAL_LOW,51.1,2.173811316580948,3,71.03,19.3829,36.33,23.5071,,True,False,0.0,,0.5259,55.4,2.0,62.3007,124.6014,MID,Thursday
43106,2026-04-30T09:05:00+00:00,BULLISH,LOSS,62.5,5,True,True,False,False,True,True,True,False,RANGE,0.034,BOS,False,True,False,LOWER_SWEEP,PDL,75.5,2.531127843747276,2,69.24,31.7098,32.92,29.8286,,True,True,0.0,,0.5259,55.3,2.0,81.9329,163.8657,CLOSING,Thursday
43118,2026-05-04T03:50:00+00:00,BULLISH,TIMEOUT,62.5,5,True,True,False,False,True,True,True,False,TRANSITION,0.12,CHOCH,False,True,False,LOWER_SWEEP,EQUAL_HIGH,185.0,3.8708678485716494,3,69.98,33.881,54.49,47.7929,,True,True,0.0,,0.5259,58.2,2.0,197.8293,395.6586,OPENING,Monday
43152,2026-05-04T06:40:00+00:00,BEARISH,TIMEOUT,62.5,5,True,True,False,False,True,True,True,False,RANGE,0.043,CHOCH,False,True,False,UPPER_SWEEP,EQUAL_HIGH,51.675,2.1372205173169663,2,27.48,5.3204,42.5,24.1786,,False,True,0.0,,0.5259,55.6,2.0,115.3179,230.6357,MID,Monday
43166,2026-05-04T07:50:00+00:00,BEARISH,WIN,62.5,5,True,True,False,False,True,True,True,False,RANGE,0.009,CHOCH,False,True,False,UPPER_SWEEP,EQUAL_LOW,34.275,1.2768739592219915,2,37.86,-25.7373,64.05,26.8429,,False,False,0.0,,0.5259,54.5,2.0,53.2843,106.5686,MID,Monday
43178,2026-05-04T08:50:00+00:00,BULLISH,TIMEOUT,50.0,4,True,True,False,False,True,True,False,False,TRANSITION,0.053,CHOCH,True,True,False,LOWER_SWEEP,EQUAL_HIGH,62.4,1.7566875179469277,3,53.19,-9.7966,3.23,35.5214,,True,False,0.0,,0.4541,51.8,2.0,70.0521,140.1043,MID,Monday
43193,2026-05-05T03:50:00+00:00,BEARISH,TIMEOUT,62.5,5,True,True,False,False,True,True,True,False,RANGE,-0.028,CHOCH,True,True,False,UPPER_SWEEP,EQUAL_HIGH,101.375,2.62047733400197,3,29.17,-7.9822,66.16,38.6857,,False,False,0.0,,0.5259,55.1,2.0,111.9186,223.8371,OPENING,Tuesday
43207,2026-05-05T05:00:00+00:00,BEARISH,TIMEOUT,62.5,5,True,True,False,False,True,True,True,False,TRANSITION,-0.084,BOS,False,True,False,UPPER_SWEEP,EQUAL_LOW,41.225,1.2036496350364965,2,33.41,-34.6605,42.33,34.25,,False,False,0.0,,0.5259,57.0,2.0,56.525,113.05,MID,Tuesday
43222,2026-05-05T06:15:00+00:00,BEARISH,LOSS,50.0,4,True,True,False,False,True,True,False,False,TRANSITION,-0.103,CHOCH,False,True,False,UPPER_SWEEP,EQUAL_LOW,55.95,2.388106843772142,2,39.08,-28.3067,9.17,23.4286,,False,False,0.0,,0.4541,53.4,2.0,64.6929,129.3857,MID,Tuesday
43234,2026-05-05T07:15:00+00:00,BULLISH,WIN,50.0,4,True,True,False,False,True,True,False,False,RANGE,-0.037,BOS,False,False,True,LOWER_SWEEP,EQUAL_HIGH,38.55,1.5321513312427715,3,59.24,-3.1395,17.54,25.1607,,True,False,0.0,,0.4541,51.2,2.0,46.8161,93.6321,MID,Tuesday
43268,2026-05-06T03:50:00+00:00,BULLISH,TIMEOUT,62.5,5,True,True,False,False,True,True,True,False,TRANSITION,0.117,CHOCH,False,True,False,LOWER_SWEEP,EQUAL_LOW,143.5,3.6633870630102576,2,75.02,27.8012,62.33,39.1714,,True,True,0.0,,0.5259,58.1,2.0,152.0671,304.1343,OPENING,Wednesday
43287,2026-05-06T05:25:00+00:00,BEARISH,TIMEOUT,50.0,4,True,True,False,False,True,True,False,False,RANGE,0.039,CHOCH,True,True,False,UPPER_SWEEP,EQUAL_LOW,48.65,2.04903360583585,3,38.44,10.6379,15.98,23.7429,,False,True,0.0,,0.4541,51.3,2.0,56.7743,113.5486,MID,Wednesday
43304,2026-05-06T06:50:00+00:00,BEARISH,TIMEOUT,62.5,5,True,True,False,False,True,True,True,False,RANGE,-0.004,BOS,False,True,False,UPPER_SWEEP,EQUAL_HIGH,31.05,1.4614240530160403,3,35.54,-8.502,52.5,21.2464,,False,True,0.0,,0.5259,54.3,2.0,49.2746,98.5493,MID,Wednesday
43327,2026-05-06T08:45:00+00:00,BULLISH,WIN,50.0,4,True,True,False,False,True,False,True,False,TRANSITION,0.069,BOS,False,True,False,LOWER_SWEEP,EQUAL_HIGH,18.7625,0.9999040731602031,3,89.68,15.3722,91.37,18.7643,,True,True,0.0,,0.4541,52.3,2.0,46.6264,93.2529,MID,Wednesday
43353,2026-05-07T04:40:00+00:00,BEARISH,TIMEOUT,50.0,4,True,True,False,False,False,True,True,False,BULLISH,0.161,CHOCH,False,True,False,UPPER_SWEEP,PDH,22.2,0.5472306922468256,2,48.68,33.5411,40.89,40.5679,,True,True,0.0,,0.4541,40.3,2.0,59.1068,118.2136,MID,Thursday
43367,2026-05-07T05:50:00+00:00,BEARISH,LOSS,50.0,4,True,True,False,False,True,True,False,False,TRANSITION,0.141,CHOCH,False,False,True,UPPER_SWEEP,EQUAL_LOW,16.75,0.875327267881499,3,44.0,5.561,12.98,19.1357,,False,True,0.0,,0.4541,50.5,2.0,29.2636,58.5271,MID,Thursday
43382,2026-05-07T07:05:00+00:00,BULLISH,LOSS,75.0,6,True,True,True,False,True,True,True,False,BULLISH,0.224,CHOCH,True,False,True,LOWER_SWEEP,EQUAL_HIGH,46.1,1.5395970330195137,1,74.78,16.1059,50.07,29.9429,,True,True,0.0,,0.5965,65.8,2.0,111.6943,223.3886,MID,Thursday
43408,2026-05-07T09:15:00+00:00,BEARISH,WIN,62.5,5,True,True,False,False,True,True,True,False,TRANSITION,0.13,CHOCH,False,True,False,UPPER_SWEEP,EQUAL_LOW,52.35,2.0341393472880083,3,48.74,-4.1975,37.82,25.7357,,False,True,0.0,,0.5259,58.5,2.0,57.6236,115.2471,CLOSING,Thursday
43468,2026-05-08T08:00:00+00:00,BULLISH,LOSS,50.0,4,True,True,False,False,True,True,False,False,RANGE,0.025,CHOCH,True,True,True,LOWER_SWEEP,EQUAL_LOW,15.675,0.9016030415801493,3,49.48,-9.1009,1.69,17.3857,,True,False,0.0,,0.4541,47.6,2.0,29.2386,58.4771,MID,Friday
43480,2026-05-08T09:00:00+00:00,BULLISH,LOSS,62.5,5,True,True,False,False,True,True,True,False,RANGE,0.037,CHOCH,False,True,False,LOWER_SWEEP,EQUAL_LOW,47.975,1.77263036546299,2,56.63,-6.0682,23.5,27.0643,,True,False,0.0,,0.5259,55.4,2.0,56.4064,112.8129,CLOSING,Friday
43492,2026-05-11T03:45:00+00:00,BEARISH,TIMEOUT,75.0,6,True,True,True,False,True,True,True,False,BEARISH,-0.172,CHOCH,False,True,True,UPPER_SWEEP,EQUAL_LOW,197.47,4.791716714348458,3,23.79,-20.8619,56.98,41.2107,,False,False,0.0,,0.5965,64.1,2.0,282.2711,564.5421,OPENING,Monday
43533,2026-05-11T07:10:00+00:00,BULLISH,TIMEOUT,50.0,4,True,True,False,False,True,True,False,False,TRANSITION,-0.101,BOS,True,False,True,LOWER_SWEEP,EQUAL_HIGH,41.5333,1.908953858740365,1,57.3,-1.8989,8.99,21.7571,,True,False,0.0,,0.4541,53.4,2.0,50.0757,100.1514,MID,Monday
43547,2026-05-11T08:20:00+00:00,BULLISH,LOSS,62.5,5,True,True,False,False,True,True,True,False,TRANSITION,-0.062,BOS,False,True,False,LOWER_SWEEP,EQUAL_HIGH,10.7833,0.5062582159624414,2,63.85,10.4905,28.77,21.3,,True,False,0.0,,0.5259,39.8,2.0,49.73,99.46,MID,Monday
43559,2026-05-11T09:20:00+00:00,BEARISH,WIN,62.5,5,True,True,False,False,True,True,True,False,TRANSITION,-0.132,CHOCH,True,False,False,UPPER_SWEEP,EQUAL_LOW,55.275,2.287124657086466,3,30.51,-9.0382,49.32,24.1679,,False,False,0.0,,0.5259,58.6,2.0,66.1168,132.2336,CLOSING,Monday
43579,2026-05-12T04:45:00+00:00,BULLISH,LOSS,50.0,4,True,True,False,False,False,True,True,False,BEARISH,-0.255,CHOCH,False,True,False,LOWER_SWEEP,EQUAL_HIGH,41.475,1.1654962527082506,2,24.31,-66.2586,56.85,35.5857,,False,False,0.0,,0.4541,58.5,2.0,58.2586,116.5171,MID,Tuesday
43601,2026-05-12T06:35:00+00:00,BEARISH,TIMEOUT,75.0,6,True,True,True,False,True,True,True,False,BEARISH,-0.297,CHOCH,False,True,False,UPPER_SWEEP,EQUAL_LOW,34.6,1.641755634638197,2,28.61,-28.5607,41.75,21.075,,False,False,0.0,,0.5965,68.2,2.0,56.8575,113.715,MID,Tuesday
43622,2026-05-12T08:20:00+00:00,BEARISH,WIN,62.5,5,True,True,True,False,True,True,False,False,BEARISH,-0.323,BOS,False,False,True,UPPER_SWEEP,EQUAL_LOW,28.125,1.2249191008984919,3,39.92,-22.4594,5.18,22.9607,,False,False,0.0,,0.5259,64.9,2.0,41.7461,83.4921,MID,Tuesday
43646,2026-05-13T04:05:00+00:00,BEARISH,LOSS,75.0,6,True,True,True,False,True,True,True,False,BEARISH,-0.427,CHOCH,False,True,False,UPPER_SWEEP,PDL,92.75,1.8576527280957207,3,26.84,-41.7588,27.07,49.9286,,False,False,0.0,,0.5965,72.6,2.0,169.6429,339.2857,OPENING,Wednesday
43662,2026-05-13T05:25:00+00:00,BEARISH,LOSS,75.0,6,True,True,True,False,True,True,True,False,BEARISH,-0.338,CHOCH,False,True,False,UPPER_SWEEP,EQUAL_LOW,43.425,1.0864017772707484,2,60.18,2.3844,21.96,39.9714,,False,False,0.0,,0.5965,69.6,2.0,101.6471,203.2943,MID,Wednesday
43677,2026-05-13T06:40:00+00:00,BULLISH,LOSS,62.5,5,True,True,False,False,True,True,True,False,BEARISH,-0.209,BOS,False,True,False,LOWER_SWEEP,EQUAL_LOW,41.725,1.6168031278214137,2,77.66,21.1884,79.99,25.8071,,True,True,0.0,,0.5259,61.1,2.0,49.8807,99.7614,MID,Wednesday
43707,2026-05-13T09:10:00+00:00,BEARISH,WIN,75.0,6,True,True,True,False,True,True,True,False,BEARISH,-0.242,BOS,True,False,True,UPPER_SWEEP,EQUAL_LOW,48.725,1.8404154863078375,3,33.08,0.0065,71.72,26.475,,False,True,0.0,,0.5965,66.4,2.0,51.4975,102.995,CLOSING,Wednesday
43720,2026-05-14T04:00:00+00:00,BULLISH,LOSS,50.0,4,True,True,False,False,True,True,False,False,TRANSITION,-0.139,CHOCH,True,False,False,LOWER_SWEEP,EQUAL_HIGH,28.0,0.7550079949953755,3,59.11,11.6326,18.06,37.0857,,True,True,0.0,,0.4541,46.5,2.0,52.4086,104.8171,OPENING,Thursday
43735,2026-05-14T05:15:00+00:00,BEARISH,LOSS,75.0,6,True,True,True,False,True,True,True,False,BEARISH,-0.233,CHOCH,False,True,False,UPPER_SWEEP,EQUAL_LOW,90.4333,2.71425570038928,2,32.92,-0.0616,43.79,33.3179,,False,True,0.0,,0.5965,66.1,2.0,103.6318,207.2636,MID,Thursday
43747,2026-05-14T06:15:00+00:00,BULLISH,TIMEOUT,62.5,5,True,True,False,False,True,True,True,False,RANGE,-0.046,CHOCH,False,True,False,LOWER_SWEEP,EQUAL_HIGH,88.425,2.1057131086445566,3,67.75,39.1223,42.09,41.9929,,True,True,0.0,,0.5259,55.7,2.0,118.8493,237.6986,MID,Thursday
43763,2026-05-14T07:35:00+00:00,BULLISH,TIMEOUT,62.5,5,True,True,False,False,True,True,True,False,RANGE,-0.024,BOS,True,True,False,LOWER_SWEEP,EQUAL_HIGH,32.1333,1.0933673139543985,3,58.42,44.847,34.61,29.3893,,True,True,0.0,,0.5259,55.0,2.0,49.8889,99.7779,MID,Thursday
43784,2026-05-14T09:20:00+00:00,BEARISH,LOSS,62.5,5,True,True,False,False,True,True,True,False,TRANSITION,-0.053,CHOCH,True,True,False,UPPER_SWEEP,EQUAL_HIGH,53.1167,2.063072895628127,3,35.11,12.0837,26.41,25.7464,,False,True,0.0,,0.5259,55.9,2.0,61.2246,122.4493,CLOSING,Thursday
43814,2026-05-15T05:35:00+00:00,BEARISH,TIMEOUT,62.5,5,True,True,False,False,True,True,True,False,RANGE,-0.037,CHOCH,False,True,False,UPPER_SWEEP,EQUAL_HIGH,73.1,2.824727767344447,3,32.45,13.126,47.24,25.8786,,False,True,0.0,,0.5259,55.4,2.0,99.0879,198.1757,MID,Friday
43834,2026-05-15T07:15:00+00:00,BULLISH,LOSS,62.5,5,True,True,False,False,True,True,True,False,RANGE,-0.005,CHOCH,False,True,False,LOWER_SWEEP,PDH,61.65,2.9741516552010263,3,69.24,-1.8433,40.62,20.7286,,True,True,0.0,,0.5259,54.3,2.0,70.1229,140.2457,MID,Friday
43847,2026-05-15T08:20:00+00:00,BEARISH,WIN,62.5,5,True,True,False,False,True,True,True,False,TRANSITION,-0.051,CHOCH,True,False,True,UPPER_SWEEP,EQUAL_LOW,40.775,1.9022005346221489,3,35.3,-5.0571,48.13,21.4357,,False,True,0.0,,0.5259,55.9,2.0,44.2436,88.4871,MID,Friday
43859,2026-05-15T09:20:00+00:00,BEARISH,WIN,62.5,5,True,True,False,False,True,True,True,False,TRANSITION,-0.134,BOS,False,True,False,UPPER_SWEEP,EQUAL_LOW,38.9833,1.4170231946115512,2,21.4,-26.9055,81.64,27.5107,,False,False,0.0,,0.5259,58.6,2.0,89.3511,178.7021,CLOSING,Friday
43874,2026-05-18T04:20:00+00:00,BEARISH,LOSS,62.5,5,True,True,True,False,True,False,True,False,BEARISH,-0.336,CHOCH,False,True,False,UPPER_SWEEP,EQUAL_LOW,29.55,0.5873922368810764,3,17.09,-99.0489,81.5,50.3071,,False,False,0.0,,0.5259,51.6,2.0,74.7807,149.5614,OPENING,Monday
43886,2026-05-18T05:20:00+00:00,BULLISH,WIN,62.5,5,True,True,False,False,True,True,True,False,BEARISH,-0.227,BOS,True,False,True,LOWER_SWEEP,EQUAL_LOW,35.725,1.2827648114901256,1,65.41,-43.342,39.62,27.85,,True,False,0.0,,0.5259,61.7,2.0,56.885,113.77,MID,Monday
43906,2026-05-18T07:00:00+00:00,BULLISH,TIMEOUT,62.5,5,True,True,False,False,True,True,True,False,TRANSITION,-0.093,BOS,False,True,False,LOWER_SWEEP,EQUAL_HIGH,72.925,2.5075561943601046,3,63.02,20.6343,47.57,29.0821,,True,False,0.0,,0.5259,57.3,2.0,83.7082,167.4164,MID,Monday
43923,2026-05-18T08:25:00+00:00,BULLISH,LOSS,62.5,5,True,True,False,False,True,True,True,False,TRANSITION,-0.061,CHOCH,True,True,False,LOWER_SWEEP,EQUAL_LOW,14.25,0.5345667758308293,3,66.85,29.6764,26.9,26.6571,,True,True,0.0,,0.5259,40.7,2.0,44.4157,88.8314,MID,Monday
43936,2026-05-18T09:30:00+00:00,BULLISH,TIMEOUT,62.5,5,True,True,False,False,True,True,True,False,RANGE,-0.047,CHOCH,False,False,True,LOWER_SWEEP,EQUAL_HIGH,78.65,2.531266695417651,1,54.25,8.8178,33.23,31.0714,,True,True,0.0,,0.5259,55.7,2.0,83.8571,167.7143,CLOSING,Monday
